trial_id,condition,seed,time_s,sensor_time_s,sample_age_s,true_distance_m,raw_distance_m,filtered_distance_m,expected_state,state,command,valid,event_label,invalid_reason,noise_sigma_m,delay_ms
C1_n0.01_d000_r04,C1,202611,0.0,0.0,0.0,0.6,0.5911970786246751,0.5911970786246751,FAR,FAR,0.0,1,,,0.01,0
C1_n0.01_d000_r04,C1,202611,0.02,0.02,0.0,0.6,0.6034101865502493,0.5942503556060686,FAR,FAR,0.0,1,,,0.01,0
C1_n0.01_d000_r04,C1,202611,0.04,0.04,0.0,0.6,0.6086099787015918,0.5978402613799494,FAR,FAR,0.0,1,,,0.01,0
C1_n0.01_d000_r04,C1,202611,0.06,0.06,0.0,0.6,0.6078980158324767,0.6003546999930812,FAR,FAR,0.0,1,,,0.01,0
C1_n0.01_d000_r04,C1,202611,0.08,0.08,0.0,0.6,0.6107045678055807,0.6029421669462061,FAR,FAR,0.0,1,,,0.01,0
C1_n0.01_d000_r04,C1,202611,0.1,0.1,0.0,0.6,0.6032762035621401,0.6030256761001895,FAR,FAR,0.0,1,,,0.01,0
C1_n0.01_d000_r04,C1,202611,0.12,0.12,0.0,0.6,0.6138762411855521,0.6057383173715302,FAR,FAR,0.0,1,,,0.01,0
C1_n0.01_d000_r04,C1,202611,0.14,0.14,0.0,0.6,0.5916904493362963,0.6022263503627218,FAR,FAR,0.0,1,,,0.01,0
C1_n0.01_d000_r04,C1,202611,0.16,0.16,0.0,0.6,0.5898145825941504,0.5991234084205789,FAR,FAR,0.0,1,,,0.01,0
C1_n0.01_d000_r04,C1,202611,0.18,0.18,0.0,0.6,0.5953155688970225,0.5981714485396898,FAR,FAR,0.0,1,,,0.01,0
C1_n0.01_d000_r04,C1,202611,0.2,0.2,0.0,0.6,0.5963492907550182,0.5977159090935219,FAR,FAR,0.0,1,,,0.01,0
C1_n0.01_d000_r04,C1,202611,0.22,0.22,0.0,0.6,0.6154800797429522,0.6021569517558795,FAR,FAR,0.0,1,,,0.01,0
C1_n0.01_d000_r04,C1,202611,0.24,0.24,0.0,0.6,0.6080079918238611,0.6036197117728749,FAR,FAR,0.0,1,,,0.01,0
C1_n0.01_d000_r04,C1,202611,0.26,0.26,0.0,0.6,0.6107175670792159,0.6053941755994601,FAR,FAR,0.0,1,,,0.01,0
C1_n0.01_d000_r04,C1,202611,0.28,0.28,0.0,0.6,0.603398162336308,0.6048951722836721,FAR,FAR,0.0,1,,,0.01,0
C1_n0.01_d000_r04,C1,202611,0.3,0.3,0.0,0.6,0.597882469076525,0.6031419964818853,FAR,FAR,0.0,1,,,0.01,0
C1_n0.01_d000_r04,C1,202611,0.32,0.32,0.0,0.6,0.5939640390620474,0.6008475071269258,FAR,FAR,0.0,1,,,0.01,0
C1_n0.01_d000_r04,C1,202611,0.34,0.34,0.0,0.6,0.6031913400519382,0.601433465358179,FAR,FAR,0.0,1,,,0.01,0
C1_n0.01_d000_r04,C1,202611,0.36,0.36,0.0,0.6,0.5989268729191534,0.6008068172484226,FAR,FAR,0.0,1,,,0.01,0
C1_n0.01_d000_r04,C1,202611,0.38,0.38,0.0,0.6,0.600694405896005,0.6007787144103182,FAR,FAR,0.0,1,,,0.01,0
C1_n0.01_d000_r04,C1,202611,0.4,0.4,0.0,0.6,0.5897524042653591,0.5980221368740785,FAR,FAR,0.0,1,,,0.01,0
C1_n0.01_d000_r04,C1,202611,0.42,0.42,0.0,0.6,0.6001897327066257,0.5985640358322153,FAR,FAR,0.0,1,,,0.01,0
C1_n0.01_d000_r04,C1,202611,0.44,0.44,0.0,0.6,0.600226199514856,0.5989795767528755,FAR,FAR,0.0,1,,,0.01,0
C1_n0.01_d000_r04,C1,202611,0.46,0.46,0.0,0.6,0.6113166126638059,0.6020638357306081,FAR,FAR,0.0,1,,,0.01,0
C1_n0.01_d000_r04,C1,202611,0.48,0.48,0.0,0.6,0.6014915756002105,0.6019207706980086,FAR,FAR,0.0,1,,,0.01,0
C1_n0.01_d000_r04,C1,202611,0.5,0.5,0.0,0.6,0.599948117911744,0.6014276075014424,FAR,FAR,0.0,1,,,0.01,0
C1_n0.01_d000_r04,C1,202611,0.52,0.52,0.0,0.6,0.5944531199755231,0.5996839856199626,FAR,FAR,0.0,1,,,0.01,0
C1_n0.01_d000_r04,C1,202611,0.54,0.54,0.0,0.6,0.5997899829280237,0.5997104849469779,FAR,FAR,0.0,1,,,0.01,0
C1_n0.01_d000_r04,C1,202611,0.56,0.56,0.0,0.6,0.5884344436763733,0.5968914746293268,FAR,FAR,0.0,1,,,0.01,0
C1_n0.01_d000_r04,C1,202611,0.58,0.58,0.0,0.6,0.6106980274173732,0.6003431128263383,FAR,FAR,0.0,1,,,0.01,0
C1_n0.01_d000_r04,C1,202611,0.6,0.6,0.0,0.6,0.5871913296392118,0.5970551670295567,FAR,FAR,0.0,1,,,0.01,0
C1_n0.01_d000_r04,C1,202611,0.62,0.62,0.0,0.6,0.5982503549128553,0.5973539640003813,FAR,FAR,0.0,1,,,0.01,0
C1_n0.01_d000_r04,C1,202611,0.64,0.64,0.0,0.6,0.604821064394174,0.5992207390988296,FAR,FAR,0.0,1,,,0.01,0
C1_n0.01_d000_r04,C1,202611,0.66,0.66,0.0,0.6,0.620004239659787,0.6044166142390689,FAR,FAR,0.0,1,,,0.01,0
C1_n0.01_d000_r04,C1,202611,0.68,0.68,0.0,0.6,0.6017883173823594,0.6037595400248915,FAR,FAR,0.0,1,,,0.01,0
C1_n0.01_d000_r04,C1,202611,0.7,0.7,0.0,0.6,0.5749310117585386,0.5965524079583032,FAR,FAR,0.0,1,,,0.01,0
C1_n0.01_d000_r04,C1,202611,0.72,0.72,0.0,0.6,0.6109482145691186,0.6001513596110071,FAR,FAR,0.0,1,,,0.01,0
C1_n0.01_d000_r04,C1,202611,0.74,0.74,0.0,0.6,0.5947932903711004,0.5988118423010305,FAR,FAR,0.0,1,,,0.01,0
C1_n0.01_d000_r04,C1,202611,0.76,0.76,0.0,0.6,0.6156213653485672,0.6030142230629146,FAR,FAR,0.0,1,,,0.01,0
C1_n0.01_d000_r04,C1,202611,0.78,0.78,0.0,0.6,0.5756377631609546,0.5961701080874247,FAR,FAR,0.0,1,,,0.01,0
C1_n0.01_d000_r04,C1,202611,0.8,0.8,0.0,0.6,0.591681110989246,0.59504785881288,FAR,FAR,0.0,1,,,0.01,0
C1_n0.01_d000_r04,C1,202611,0.82,0.82,0.0,0.6,0.6130891509432536,0.5995581818454734,FAR,FAR,0.0,1,,,0.01,0
C1_n0.01_d000_r04,C1,202611,0.84,0.84,0.0,0.6,0.6028242706790646,0.6003747040538712,FAR,FAR,0.0,1,,,0.01,0
C1_n0.01_d000_r04,C1,202611,0.86,0.86,0.0,0.6,0.6195890394417974,0.6051782879008527,FAR,FAR,0.0,1,,,0.01,0
C1_n0.01_d000_r04,C1,202611,0.88,0.88,0.0,0.6,0.6041984320931499,0.604933323948927,FAR,FAR,0.0,1,,,0.01,0
C1_n0.01_d000_r04,C1,202611,0.9,0.9,0.0,0.6,0.5923326694692023,0.6017831603289958,FAR,FAR,0.0,1,,,0.01,0
C1_n0.01_d000_r04,C1,202611,0.92,0.92,0.0,0.6,0.6109075021941951,0.6040642457952956,FAR,FAR,0.0,1,,,0.01,0
C1_n0.01_d000_r04,C1,202611,0.94,0.94,0.0,0.6,0.6105483555645103,0.6056852732375992,FAR,FAR,0.0,1,,,0.01,0
C1_n0.01_d000_r04,C1,202611,0.96,0.96,0.0,0.6,0.6119102825532782,0.607241525566519,FAR,FAR,0.0,1,,,0.01,0
C1_n0.01_d000_r04,C1,202611,0.98,0.98,0.0,0.6,0.5939807885840609,0.6039263413209045,FAR,FAR,0.0,1,,,0.01,0
C1_n0.01_d000_r04,C1,202611,1.0,1.0,0.0,0.6,0.5905114830305086,0.6005726267483056,FAR,FAR,0.0,1,,,0.01,0
C1_n0.01_d000_r04,C1,202611,1.02,1.02,0.0,0.6,0.5891606444090578,0.5977196311634936,FAR,FAR,0.0,1,,,0.01,0
C1_n0.01_d000_r04,C1,202611,1.04,1.04,0.0,0.6,0.6113255093041282,0.6011211006986522,FAR,FAR,0.0,1,,,0.01,0
C1_n0.01_d000_r04,C1,202611,1.06,1.06,0.0,0.6,0.6127065682667019,0.6040174675906647,FAR,FAR,0.0,1,,,0.01,0
C1_n0.01_d000_r04,C1,202611,1.08,1.08,0.0,0.6,0.6027986586533323,0.6037127653563316,FAR,FAR,0.0,1,,,0.01,0
C1_n0.01_d000_r04,C1,202611,1.1,1.1,0.0,0.6,0.5984030086307977,0.6023853261749481,FAR,FAR,0.0,1,,,0.01,0
C1_n0.01_d000_r04,C1,202611,1.12,1.12,0.0,0.6,0.6255947952232748,0.6081876934370298,FAR,FAR,0.0,1,,,0.01,0
C1_n0.01_d000_r04,C1,202611,1.14,1.14,0.0,0.6,0.5928429887378078,0.6043515172622244,FAR,FAR,0.0,1,,,0.01,0
C1_n0.01_d000_r04,C1,202611,1.16,1.16,0.0,0.6,0.5914542612540397,0.6011272032601782,FAR,FAR,0.0,1,,,0.01,0
C1_n0.01_d000_r04,C1,202611,1.18,1.18,0.0,0.6,0.5904117749971625,0.5984483461944243,FAR,FAR,0.0,1,,,0.01,0
C1_n0.01_d000_r04,C1,202611,1.2,1.2,0.0,0.6,0.6051808438104369,0.6001314705984275,FAR,FAR,0.0,1,,,0.01,0
C1_n0.01_d000_r04,C1,202611,1.22,1.22,0.0,0.6,0.6005337686253117,0.6002320451051486,FAR,FAR,0.0,1,,,0.01,0
C1_n0.01_d000_r04,C1,202611,1.24,1.24,0.0,0.6,0.5986109163439508,0.5998267629148492,FAR,FAR,0.0,1,,,0.01,0
C1_n0.01_d000_r04,C1,202611,1.26,1.26,0.0,0.6,0.5984239681553404,0.5994760642249719,FAR,FAR,0.0,1,,,0.01,0
C1_n0.01_d000_r04,C1,202611,1.28,1.28,0.0,0.6,0.5925295827665028,0.5977394438603546,FAR,FAR,0.0,1,,,0.01,0
C1_n0.01_d000_r04,C1,202611,1.3,1.3,0.0,0.6,0.5786304865822202,0.592962204540821,FAR,FAR,0.0,1,,,0.01,0
C1_n0.01_d000_r04,C1,202611,1.32,1.32,0.0,0.6,0.6177546505159438,0.5991603160346017,FAR,FAR,0.0,1,,,0.01,0
C1_n0.01_d000_r04,C1,202611,1.34,1.34,0.0,0.6,0.5942465002968239,0.5979318621001573,FAR,FAR,0.0,1,,,0.01,0
C1_n0.01_d000_r04,C1,202611,1.36,1.36,0.0,0.6,0.6032608733769625,0.5992641149193586,FAR,FAR,0.0,1,,,0.01,0
C1_n0.01_d000_r04,C1,202611,1.38,1.38,0.0,0.6,0.5981072035518756,0.5989748870774878,FAR,FAR,0.0,1,,,0.01,0
C1_n0.01_d000_r04,C1,202611,1.4,1.4,0.0,0.6,0.6050101918573668,0.6004837132724575,FAR,FAR,0.0,1,,,0.01,0
C1_n0.01_d000_r04,C1,202611,1.42,1.42,0.0,0.6,0.6045596971756313,0.601502709248251,FAR,FAR,0.0,1,,,0.01,0
C1_n0.01_d000_r04,C1,202611,1.44,1.44,0.0,0.6,0.595819479195863,0.600081901735154,FAR,FAR,0.0,1,,,0.01,0
C1_n0.01_d000_r04,C1,202611,1.46,1.46,0.0,0.6,0.602839437119821,0.6007712855813208,FAR,FAR,0.0,1,,,0.01,0
C1_n0.01_d000_r04,C1,202611,1.48,1.48,0.0,0.6,0.5818963280918253,0.5960525462089469,FAR,FAR,0.0,1,,,0.01,0
C1_n0.01_d000_r04,C1,202611,1.5,1.5,0.0,0.6,0.611161803715847,0.599829860585672,FAR,FAR,0.0,1,,,0.01,0
C1_n0.01_d000_r04,C1,202611,1.52,1.52,0.0,0.6,0.594649978505233,0.5985348900655623,FAR,FAR,0.0,1,,,0.01,0
C1_n0.01_d000_r04,C1,202611,1.54,1.54,0.0,0.6,0.6089204313465507,0.6011312753858093,FAR,FAR,0.0,1,,,0.01,0
C1_n0.01_d000_r04,C1,202611,1.56,1.56,0.0,0.6,0.5855626812375044,0.5972391268487331,FAR,FAR,0.0,1,,,0.01,0
C1_n0.01_d000_r04,C1,202611,1.58,1.58,0.0,0.6,0.5862380107417354,0.5944888478219837,FAR,FAR,0.0,1,,,0.01,0
C1_n0.01_d000_r04,C1,202611,1.6,1.6,0.0,0.6,0.6141963365869951,0.5994157200132366,FAR,FAR,0.0,1,,,0.01,0
C1_n0.01_d000_r04,C1,202611,1.62,1.62,0.0,0.6,0.6174787952215055,0.6039314888153038,FAR,FAR,0.0,1,,,0.01,0
C1_n0.01_d000_r04,C1,202611,1.64,1.64,0.0,0.6,0.581211198478996,0.5982514162312269,FAR,FAR,0.0,1,,,0.01,0
C1_n0.01_d000_r04,C1,202611,1.66,1.66,0.0,0.6,0.5810128951359208,0.5939417859574003,FAR,FAR,0.0,1,,,0.01,0
C1_n0.01_d000_r04,C1,202611,1.68,1.68,0.0,0.6,0.5863309244269889,0.5920390705747974,FAR,FAR,0.0,1,,,0.01,0
C1_n0.01_d000_r04,C1,202611,1.7,1.7,0.0,0.6,0.602363991011323,0.5946203006839288,FAR,FAR,0.0,1,,,0.01,0
C1_n0.01_d000_r04,C1,202611,1.72,1.72,0.0,0.6,0.6059729379745945,0.5974584600065952,FAR,FAR,0.0,1,,,0.01,0
C1_n0.01_d000_r04,C1,202611,1.74,1.74,0.0,0.6,0.5888149729978243,0.5952975882544025,FAR,FAR,0.0,1,,,0.01,0
C1_n0.01_d000_r04,C1,202611,1.76,1.76,0.0,0.6,0.6106814477131922,0.5991435531191,FAR,FAR,0.0,1,,,0.01,0
C1_n0.01_d000_r04,C1,202611,1.78,1.78,0.0,0.6,0.6059340071931232,0.6008411666376057,FAR,FAR,0.0,1,,,0.01,0
C1_n0.01_d000_r04,C1,202611,1.8,1.8,0.0,0.6,0.5900942695955594,0.5981544423770941,FAR,FAR,0.0,1,,,0.01,0
C1_n0.01_d000_r04,C1,202611,1.82,1.82,0.0,0.6,0.5791481152535679,0.5934028605962126,FAR,FAR,0.0,1,,,0.01,0
C1_n0.01_d000_r04,C1,202611,1.84,1.84,0.0,0.6,0.6072317121464228,0.5968600734837651,FAR,FAR,0.0,1,,,0.01,0
C1_n0.01_d000_r04,C1,202611,1.86,1.86,0.0,0.6,0.6059342896402983,0.5991286275228984,FAR,FAR,0.0,1,,,0.01,0
C1_n0.01_d000_r04,C1,202611,1.88,1.88,0.0,0.6,0.6107190729744614,0.6020262388857891,FAR,FAR,0.0,1,,,0.01,0
C1_n0.01_d000_r04,C1,202611,1.9,1.9,0.0,0.6,0.5951824261268829,0.6003152856960625,FAR,FAR,0.0,1,,,0.01,0
C1_n0.01_d000_r04,C1,202611,1.92,1.92,0.0,0.6,0.6067995208409042,0.601936344482273,FAR,FAR,0.0,1,,,0.01,0
C1_n0.01_d000_r04,C1,202611,1.94,1.94,0.0,0.6,0.6093276673202174,0.6037841751917591,FAR,FAR,0.0,1,,,0.01,0
C1_n0.01_d000_r04,C1,202611,1.96,1.96,0.0,0.6,0.6000846132842451,0.6028592847148806,FAR,FAR,0.0,1,,,0.01,0
C1_n0.01_d000_r04,C1,202611,1.98,1.98,0.0,0.6,0.5883026863789902,0.599220135130908,FAR,FAR,0.0,1,,,0.01,0
C1_n0.01_d000_r04,C1,202611,2.0,2.0,0.0,0.6,0.5891703466997579,0.5967076880231205,FAR,FAR,0.0,1,,,0.01,0
C1_n0.01_d000_r04,C1,202611,2.02,2.02,0.0,0.6,0.6085471105899071,0.5996675436648171,FAR,FAR,0.0,1,,,0.01,0
C1_n0.01_d000_r04,C1,202611,2.04,2.04,0.0,0.6,0.5888610785364293,0.5969659273827201,FAR,FAR,0.0,1,,,0.01,0
C1_n0.01_d000_r04,C1,202611,2.06,2.06,0.0,0.6,0.6072110870967915,0.599527217311238,FAR,FAR,0.0,1,,,0.01,0
C1_n0.01_d000_r04,C1,202611,2.08,2.08,0.0,0.6,0.5924065594059073,0.5977470528349054,FAR,FAR,0.0,1,,,0.01,0
C1_n0.01_d000_r04,C1,202611,2.1,2.1,0.0,0.6,0.5989498873806968,0.5980477614713532,FAR,FAR,0.0,1,,,0.01,0
C1_n0.01_d000_r04,C1,202611,2.12,2.12,0.0,0.6,0.5947302523979127,0.597218384202993,FAR,FAR,0.0,1,,,0.01,0
C1_n0.01_d000_r04,C1,202611,2.14,2.14,0.0,0.6,0.6106706824441456,0.6005814587632812,FAR,FAR,0.0,1,,,0.01,0
C1_n0.01_d000_r04,C1,202611,2.16,2.16,0.0,0.6,0.611663890216124,0.6033520666264919,FAR,FAR,0.0,1,,,0.01,0
C1_n0.01_d000_r04,C1,202611,2.18,2.18,0.0,0.6,0.6092214704423512,0.6048194175804567,FAR,FAR,0.0,1,,,0.01,0
C1_n0.01_d000_r04,C1,202611,2.2,2.2,0.0,0.6,0.6121318601542793,0.6066475282239123,FAR,FAR,0.0,1,,,0.01,0
C1_n0.01_d000_r04,C1,202611,2.22,2.22,0.0,0.6,0.5941993321523901,0.6035354792060318,FAR,FAR,0.0,1,,,0.01,0
C1_n0.01_d000_r04,C1,202611,2.24,2.24,0.0,0.6,0.5954666330547972,0.6015182676682231,FAR,FAR,0.0,1,,,0.01,0
C1_n0.01_d000_r04,C1,202611,2.26,2.26,0.0,0.6,0.595797132193904,0.6000879837996433,FAR,FAR,0.0,1,,,0.01,0
C1_n0.01_d000_r04,C1,202611,2.28,2.28,0.0,0.6,0.6207995193288635,0.6052658676819483,FAR,FAR,0.0,1,,,0.01,0
C1_n0.01_d000_r04,C1,202611,2.3,2.3,0.0,0.6,0.6143977908473331,0.6075488484732946,FAR,FAR,0.0,1,,,0.01,0
C1_n0.01_d000_r04,C1,202611,2.32,2.32,0.0,0.6,0.6159273616149126,0.6096434767586991,FAR,FAR,0.0,1,,,0.01,0
C1_n0.01_d000_r04,C1,202611,2.34,2.34,0.0,0.6,0.5996411601517159,0.6071428976069533,FAR,FAR,0.0,1,,,0.01,0
C1_n0.01_d000_r04,C1,202611,2.36,2.36,0.0,0.6,0.6094040830067382,0.6077081939568996,FAR,FAR,0.0,1,,,0.01,0
C1_n0.01_d000_r04,C1,202611,2.38,2.38,0.0,0.6,0.5945041170661004,0.6044071747341998,FAR,FAR,0.0,1,,,0.01,0
C1_n0.01_d000_r04,C1,202611,2.4,2.4,0.0,0.6,0.6051324913259443,0.6045885038821359,FAR,FAR,0.0,1,,,0.01,0
C1_n0.01_d000_r04,C1,202611,2.42,2.42,0.0,0.6,0.5914994819965386,0.6013162484107366,FAR,FAR,0.0,1,,,0.01,0
C1_n0.01_d000_r04,C1,202611,2.44,2.44,0.0,0.6,0.5916832394814168,0.5989079961784066,FAR,FAR,0.0,1,,,0.01,0
C1_n0.01_d000_r04,C1,202611,2.46,2.46,0.0,0.6,0.6093704083006051,0.6015235992089563,FAR,FAR,0.0,1,,,0.01,0
C1_n0.01_d000_r04,C1,202611,2.48,2.48,0.0,0.6,0.6189892033744047,0.6058900002503184,FAR,FAR,0.0,1,,,0.01,0
C1_n0.01_d000_r04,C1,202611,2.5,2.5,0.0,0.6,0.5931819033587774,0.6027129760274331,FAR,FAR,0.0,1,,,0.01,0
C1_n0.01_d000_r04,C1,202611,2.52,2.52,0.0,0.6,0.6022177517725052,0.6025891699637012,FAR,FAR,0.0,1,,,0.01,0
C1_n0.01_d000_r04,C1,202611,2.54,2.54,0.0,0.6,0.5886970898914028,0.5991161499456266,FAR,FAR,0.0,1,,,0.01,0
C1_n0.01_d000_r04,C1,202611,2.56,2.56,0.0,0.6,0.5807858347312328,0.5945335711420281,FAR,FAR,0.0,1,,,0.01,0
C1_n0.01_d000_r04,C1,202611,2.58,2.58,0.0,0.6,0.6074635931360851,0.5977660766405424,FAR,FAR,0.0,1,,,0.01,0
C1_n0.01_d000_r04,C1,202611,2.6,2.6,0.0,0.6,0.59491411779067,0.5970530869280744,FAR,FAR,0.0,1,,,0.01,0
C1_n0.01_d000_r04,C1,202611,2.62,2.62,0.0,0.6,0.616060481399113,0.601804935545834,FAR,FAR,0.0,1,,,0.01,0
C1_n0.01_d000_r04,C1,202611,2.64,2.64,0.0,0.6,0.606335544842325,0.6029375878699568,FAR,FAR,0.0,1,,,0.01,0
C1_n0.01_d000_r04,C1,202611,2.66,2.66,0.0,0.6,0.6110377905795342,0.6049626385473511,FAR,FAR,0.0,1,,,0.01,0
C1_n0.01_d000_r04,C1,202611,2.68,2.68,0.0,0.6,0.5935875816793343,0.6021188743303469,FAR,FAR,0.0,1,,,0.01,0
C1_n0.01_d000_r04,C1,202611,2.7,2.7,0.0,0.6,0.607354960666998,0.6034278959145097,FAR,FAR,0.0,1,,,0.01,0
C1_n0.01_d000_r04,C1,202611,2.72,2.72,0.0,0.6,0.5787399101834606,0.5972558994817475,FAR,FAR,0.0,1,,,0.01,0
C1_n0.01_d000_r04,C1,202611,2.74,2.74,0.0,0.6,0.5978312856389596,0.5973997460210505,FAR,FAR,0.0,1,,,0.01,0
C1_n0.01_d000_r04,C1,202611,2.76,2.76,0.0,0.6,0.5913290257481495,0.5958820659528252,FAR,FAR,0.0,1,,,0.01,0
C1_n0.01_d000_r04,C1,202611,2.78,2.78,0.0,0.6,0.5964613610178234,0.5960268897190748,FAR,FAR,0.0,1,,,0.01,0
C1_n0.01_d000_r04,C1,202611,2.8,2.8,0.0,0.6,0.5978243427833152,0.5964762529851348,FAR,FAR,0.0,1,,,0.01,0
C1_n0.01_d000_r04,C1,202611,2.82,2.82,0.0,0.6,0.6165780210385113,0.6015016949984789,FAR,FAR,0.0,1,,,0.01,0
C1_n0.01_d000_r04,C1,202611,2.84,2.84,0.0,0.6,0.5938518294222375,0.5995892286044185,FAR,FAR,0.0,1,,,0.01,0
C1_n0.01_d000_r04,C1,202611,2.86,2.86,0.0,0.6,0.6004747648679467,0.5998106126703007,FAR,FAR,0.0,1,,,0.01,0
C1_n0.01_d000_r04,C1,202611,2.88,2.88,0.0,0.6,0.609580522877739,0.6022530902221602,FAR,FAR,0.0,1,,,0.01,0
C1_n0.01_d000_r04,C1,202611,2.9,2.9,0.0,0.6,0.6047861570188495,0.6028863569213325,FAR,FAR,0.0,1,,,0.01,0
C1_n0.01_d000_r04,C1,202611,2.92,2.92,0.0,0.6,0.5702526483764926,0.5947279297851226,FAR,FAR,0.0,1,,,0.01,0
C1_n0.01_d000_r04,C1,202611,2.94,2.94,0.0,0.6,0.5875863968994101,0.5929425465636945,FAR,FAR,0.0,1,,,0.01,0
C1_n0.01_d000_r04,C1,202611,2.96,2.96,0.0,0.6,0.5947798461549443,0.5934018714615069,FAR,FAR,0.0,1,,,0.01,0
C1_n0.01_d000_r04,C1,202611,2.98,2.98,0.0,0.6,0.5958793473729744,0.5940212404393738,FAR,FAR,0.0,1,,,0.01,0
C1_n0.01_d000_r04,C1,202611,3.0,3.0,0.0,0.6,0.5920121897481547,0.593518977766569,FAR,FAR,0.0,1,,,0.01,0
C1_n0.01_d000_r04,C1,202611,3.02,3.02,0.0,0.6,0.6023109678668855,0.5957169752916481,FAR,FAR,0.0,1,,,0.01,0
C1_n0.01_d000_r04,C1,202611,3.04,3.04,0.0,0.6,0.596687911359856,0.5959597093087001,FAR,FAR,0.0,1,,,0.01,0
C1_n0.01_d000_r04,C1,202611,3.06,3.06,0.0,0.6,0.5917244756851417,0.5949009009028106,FAR,FAR,0.0,1,,,0.01,0
C1_n0.01_d000_r04,C1,202611,3.08,3.08,0.0,0.6,0.6056791803732903,0.5975954707704305,FAR,FAR,0.0,1,,,0.01,0
C1_n0.01_d000_r04,C1,202611,3.1,3.1,0.0,0.6,0.5817918817351585,0.5936445735116125,FAR,FAR,0.0,1,,,0.01,0
C1_n0.01_d000_r04,C1,202611,3.12,3.12,0.0,0.6,0.5956096207245853,0.5941358353148557,FAR,FAR,0.0,1,,,0.01,0
C1_n0.01_d000_r04,C1,202611,3.14,3.14,0.0,0.6,0.6008415759593785,0.5958122704759864,FAR,FAR,0.0,1,,,0.01,0
C1_n0.01_d000_r04,C1,202611,3.16,3.16,0.0,0.6,0.6133789365163325,0.6002039369860729,FAR,FAR,0.0,1,,,0.01,0
C1_n0.01_d000_r04,C1,202611,3.18,3.18,0.0,0.6,0.6037868179976903,0.6010996572389773,FAR,FAR,0.0,1,,,0.01,0
C1_n0.01_d000_r04,C1,202611,3.2,3.2,0.0,0.6,0.6079778678427482,0.60281920988992,FAR,FAR,0.0,1,,,0.01,0
C1_n0.01_d000_r04,C1,202611,3.22,3.22,0.0,0.6,0.5790626503243825,0.5968800699985357,FAR,FAR,0.0,1,,,0.01,0
C1_n0.01_d000_r04,C1,202611,3.24,3.24,0.0,0.6,0.6015908368779255,0.5980577617183831,FAR,FAR,0.0,1,,,0.01,0
C1_n0.01_d000_r04,C1,202611,3.26,3.26,0.0,0.6,0.5977613513038201,0.5979836591147424,FAR,FAR,0.0,1,,,0.01,0
C1_n0.01_d000_r04,C1,202611,3.28,3.28,0.0,0.6,0.5958613922879566,0.5974530924080459,FAR,FAR,0.0,1,,,0.01,0
C1_n0.01_d000_r04,C1,202611,3.3,3.3,0.0,0.6,0.6155714145157246,0.6019826729349655,FAR,FAR,0.0,1,,,0.01,0
C1_n0.01_d000_r04,C1,202611,3.32,3.32,0.0,0.6,0.5895464333380939,0.5988736130357476,FAR,FAR,0.0,1,,,0.01,0
C1_n0.01_d000_r04,C1,202611,3.34,3.34,0.0,0.6,0.5944647359684433,0.5977713937689215,FAR,FAR,0.0,1,,,0.01,0
C1_n0.01_d000_r04,C1,202611,3.36,3.36,0.0,0.6,0.6064845370778431,0.5999496795961519,FAR,FAR,0.0,1,,,0.01,0
C1_n0.01_d000_r04,C1,202611,3.38,3.38,0.0,0.6,0.6061162315013806,0.601491317572459,FAR,FAR,0.0,1,,,0.01,0
C1_n0.01_d000_r04,C1,202611,3.4,3.4,0.0,0.6,0.601927645684648,0.6016003996005063,FAR,FAR,0.0,1,,,0.01,0
C1_n0.01_d000_r04,C1,202611,3.42,3.42,0.0,0.6,0.6025904769618243,0.6018479189408358,FAR,FAR,0.0,1,,,0.01,0
C1_n0.01_d000_r04,C1,202611,3.44,3.44,0.0,0.6,0.5932059294609324,0.59968742157086,FAR,FAR,0.0,1,,,0.01,0
C1_n0.01_d000_r04,C1,202611,3.46,3.46,0.0,0.6,0.5750532539638389,0.5935288796691047,FAR,FAR,0.0,1,,,0.01,0
C1_n0.01_d000_r04,C1,202611,3.48,3.48,0.0,0.6,0.5904807650618716,0.5927668510172964,FAR,FAR,0.0,1,,,0.01,0
C1_n0.01_d000_r04,C1,202611,3.5,3.5,0.0,0.6,0.6121685279984375,0.5976172702625817,FAR,FAR,0.0,1,,,0.01,0
C1_n0.01_d000_r04,C1,202611,3.52,3.52,0.0,0.6,0.581568030195282,0.5936049602457568,FAR,FAR,0.0,1,,,0.01,0
C1_n0.01_d000_r04,C1,202611,3.54,3.54,0.0,0.6,0.5996712329819123,0.5951215284297957,FAR,FAR,0.0,1,,,0.01,0
C1_n0.01_d000_r04,C1,202611,3.56,3.56,0.0,0.6,0.5981264841552331,0.595872767361155,FAR,FAR,0.0,1,,,0.01,0
C1_n0.01_d000_r04,C1,202611,3.58,3.58,0.0,0.6,0.5958818137222945,0.5958750289514398,FAR,FAR,0.0,1,,,0.01,0
C1_n0.01_d000_r04,C1,202611,3.6,3.6,0.0,0.6,0.6069025102558742,0.5986318992775485,FAR,FAR,0.0,1,,,0.01,0
C1_n0.01_d000_r04,C1,202611,3.62,3.62,0.0,0.6,0.5933546851328443,0.5973125957413724,FAR,FAR,0.0,1,,,0.01,0
C1_n0.01_d000_r04,C1,202611,3.64,3.64,0.0,0.6,0.5920689256193699,0.5960016782108718,FAR,FAR,0.0,1,,,0.01,0
C1_n0.01_d000_r04,C1,202611,3.66,3.66,0.0,0.6,0.5996276219741814,0.5969081641516992,FAR,FAR,0.0,1,,,0.01,0
C1_n0.01_d000_r04,C1,202611,3.68,3.68,0.0,0.6,0.595115723189242,0.5964600539110849,FAR,FAR,0.0,1,,,0.01,0
C1_n0.01_d000_r04,C1,202611,3.7,3.7,0.0,0.6,0.5912843962492058,0.5951661394956151,FAR,FAR,0.0,1,,,0.01,0
C1_n0.01_d000_r04,C1,202611,3.72,3.72,0.0,0.6,0.605552412332651,0.5977627077048742,FAR,FAR,0.0,1,,,0.01,0
C1_n0.01_d000_r04,C1,202611,3.74,3.74,0.0,0.6,0.6117663676729986,0.6012636226969053,FAR,FAR,0.0,1,,,0.01,0
C1_n0.01_d000_r04,C1,202611,3.76,3.76,0.0,0.6,0.6007012492607923,0.601123029337877,FAR,FAR,0.0,1,,,0.01,0
C1_n0.01_d000_r04,C1,202611,3.78,3.78,0.0,0.6,0.6024891476673983,0.6014645589202573,FAR,FAR,0.0,1,,,0.01,0
C1_n0.01_d000_r04,C1,202611,3.8,3.8,0.0,0.6,0.5954804107451405,0.5999685218764781,FAR,FAR,0.0,1,,,0.01,0
C1_n0.01_d000_r04,C1,202611,3.82,3.82,0.0,0.6,0.5870127858349083,0.5967295878660857,FAR,FAR,0.0,1,,,0.01,0
C1_n0.01_d000_r04,C1,202611,3.84,3.84,0.0,0.6,0.5814291190049161,0.5929044706507933,FAR,FAR,0.0,1,,,0.01,0
C1_n0.01_d000_r04,C1,202611,3.86,3.86,0.0,0.6,0.5982736873930344,0.5942467748363536,FAR,FAR,0.0,1,,,0.01,0
C1_n0.01_d000_r04,C1,202611,3.88,3.88,0.0,0.6,0.5957215241485838,0.5946154621644111,FAR,FAR,0.0,1,,,0.01,0
C1_n0.01_d000_r04,C1,202611,3.9,3.9,0.0,0.6,0.5977105191855961,0.5953892264197074,FAR,FAR,0.0,1,,,0.01,0
C1_n0.01_d000_r04,C1,202611,3.92,3.92,0.0,0.6,0.6001340801121043,0.5965754398428066,FAR,FAR,0.0,1,,,0.01,0
C1_n0.01_d000_r04,C1,202611,3.94,3.94,0.0,0.6,0.6097232138876737,0.5998623833540233,FAR,FAR,0.0,1,,,0.01,0
C1_n0.01_d000_r04,C1,202611,3.96,3.96,0.0,0.6,0.6024710662278459,0.600514554072479,FAR,FAR,0.0,1,,,0.01,0
C1_n0.01_d000_r04,C1,202611,3.98,3.98,0.0,0.6,0.5995728138989996,0.6002791190291091,FAR,FAR,0.0,1,,,0.01,0
C1_n0.01_d000_r04,C1,202611,4.0,4.0,0.0,0.6,0.6029781383026186,0.6009538738474864,FAR,FAR,0.0,1,,,0.01,0
C1_n0.01_d000_r04,C1,202611,4.02,4.02,0.0,0.5982500000000001,0.604143073176527,0.6017511736797466,FAR,FAR,0.0,1,,,0.01,0
C1_n0.01_d000_r04,C1,202611,4.04,4.04,0.0,0.5965,0.6060669389218443,0.6028301149902711,FAR,FAR,0.0,1,,,0.01,0
C1_n0.01_d000_r04,C1,202611,4.06,4.06,0.0,0.59475,0.5965011069026088,0.6012478629683555,FAR,FAR,0.0,1,,,0.01,0
C1_n0.01_d000_r04,C1,202611,4.08,4.08,0.0,0.593,0.5911881564281674,0.5987329363333085,FAR,FAR,0.0,1,,,0.01,0
C1_n0.01_d000_r04,C1,202611,4.1,4.1,0.0,0.59125,0.5896127197281609,0.5964528821820216,FAR,FAR,0.0,1,,,0.01,0
C1_n0.01_d000_r04,C1,202611,4.12,4.12,0.0,0.5894999999999999,0.5746146706295885,0.5909933292939133,FAR,FAR,0.0,1,,,0.01,0
C1_n0.01_d000_r04,C1,202611,4.14,4.14,0.0,0.58775,0.5860013267598335,0.5897453286603934,FAR,FAR,0.0,1,,,0.01,0
C1_n0.01_d000_r04,C1,202611,4.16,4.16,0.0,0.586,0.5821664998727379,0.5878506214634796,FAR,FAR,0.0,1,,,0.01,0
C1_n0.01_d000_r04,C1,202611,4.18,4.18,0.0,0.58425,0.5800101171485481,0.5858904953847467,FAR,FAR,0.0,1,,,0.01,0
C1_n0.01_d000_r04,C1,202611,4.2,4.2,0.0,0.5825,0.5772744607546829,0.5837364867272308,FAR,FAR,0.0,1,,,0.01,0
C1_n0.01_d000_r04,C1,202611,4.22,4.22,0.0,0.58075,0.5945958658026947,0.5864513314960967,FAR,FAR,0.0,1,,,0.01,0
C1_n0.01_d000_r04,C1,202611,4.24,4.24,0.0,0.579,0.5864460506788848,0.5864500112917937,FAR,FAR,0.0,1,,,0.01,0
C1_n0.01_d000_r04,C1,202611,4.26,4.26,0.0,0.57725,0.587471056370706,0.5867052725615218,FAR,FAR,0.0,1,,,0.01,0
C1_n0.01_d000_r04,C1,202611,4.28,4.28,0.0,0.5754999999999999,0.5723120512424273,0.5831069672317482,FAR,FAR,0.0,1,,,0.01,0
C1_n0.01_d000_r04,C1,202611,4.3,4.3,0.0,0.57375,0.5665247399977863,0.5789614104232577,FAR,FAR,0.0,1,,,0.01,0
C1_n0.01_d000_r04,C1,202611,4.32,4.32,0.0,0.572,0.5487929706426075,0.5714193004780951,FAR,FAR,0.0,1,,,0.01,0
C1_n0.01_d000_r04,C1,202611,4.34,4.34,0.0,0.57025,0.5777684236107365,0.5730065812612555,FAR,FAR,0.0,1,,,0.01,0
C1_n0.01_d000_r04,C1,202611,4.36,4.36,0.0,0.5685,0.5665382364834404,0.5713894950668017,FAR,FAR,0.0,1,,,0.01,0
C1_n0.01_d000_r04,C1,202611,4.38,4.38,0.0,0.56675,0.5551585282456186,0.5673317533615059,FAR,FAR,0.0,1,,,0.01,0
C1_n0.01_d000_r04,C1,202611,4.4,4.4,0.0,0.565,0.562382910216703,0.5660945425753051,FAR,FAR,0.0,1,,,0.01,0
C1_n0.01_d000_r04,C1,202611,4.42,4.42,0.0,0.56325,0.5488117254200636,0.5617738382864947,FAR,FAR,0.0,1,,,0.01,0
C1_n0.01_d000_r04,C1,202611,4.44,4.44,0.0,0.5614999999999999,0.562810823149394,0.5620330845022196,FAR,FAR,0.0,1,,,0.01,0
C1_n0.01_d000_r04,C1,202611,4.46,4.46,0.0,0.55975,0.5700778686949686,0.5640442805504069,FAR,FAR,0.0,1,,,0.01,0
C1_n0.01_d000_r04,C1,202611,4.48,4.48,0.0,0.5579999999999999,0.5765974486484409,0.5671825725749153,FAR,FAR,0.0,1,,,0.01,0
C1_n0.01_d000_r04,C1,202611,4.5,4.5,0.0,0.55625,0.5644662255057216,0.5665034858076169,FAR,FAR,0.0,1,,,0.01,0
C1_n0.01_d000_r04,C1,202611,4.52,4.52,0.0,0.5545,0.5533192580996524,0.5632074288806258,FAR,FAR,0.0,1,,,0.01,0
C1_n0.01_d000_r04,C1,202611,4.54,4.54,0.0,0.55275,0.5572561292376923,0.5617196039698924,FAR,FAR,0.0,1,,,0.01,0
C1_n0.01_d000_r04,C1,202611,4.56,4.56,0.0,0.551,0.5323088517756754,0.5543669159213381,FAR,FAR,0.0,1,,,0.01,0
C1_n0.01_d000_r04,C1,202611,4.58,4.58,0.0,0.54925,0.5461647988118498,0.552316386643966,FAR,FAR,0.0,1,,,0.01,0
C1_n0.01_d000_r04,C1,202611,4.6,4.6,0.0,0.5475,0.5547495507361047,0.5529246776670007,FAR,FAR,0.0,1,,,0.01,0
C1_n0.01_d000_r04,C1,202611,4.62,4.62,0.0,0.54575,0.5503493054308478,0.5522808346079625,FAR,FAR,0.0,1,,,0.01,0
C1_n0.01_d000_r04,C1,202611,4.64,4.64,0.0,0.544,0.5360897816236745,0.5482330713618906,FAR,FAR,0.0,1,,,0.01,0
C1_n0.01_d000_r04,C1,202611,4.66,4.66,0.0,0.54225,0.5443858308414783,0.5472712612317875,FAR,FAR,0.0,1,,,0.01,0
C1_n0.01_d000_r04,C1,202611,4.68,4.68,0.0,0.5405,0.5415015166062846,0.5458288250754117,FAR,FAR,0.0,1,,,0.01,0
C1_n0.01_d000_r04,C1,202611,4.7,4.7,0.0,0.53875,0.5507481571076116,0.5470586580834618,FAR,FAR,0.0,1,,,0.01,0
C1_n0.01_d000_r04,C1,202611,4.72,4.72,0.0,0.537,0.5316384151496979,0.5432035973500208,FAR,FAR,0.0,1,,,0.01,0
C1_n0.01_d000_r04,C1,202611,4.74,4.74,0.0,0.53525,0.530934155554892,0.5401362369012386,FAR,FAR,0.0,1,,,0.01,0
C1_n0.01_d000_r04,C1,202611,4.76,4.76,0.0,0.5335,0.5314688681030749,0.5379693947016977,FAR,FAR,0.0,1,,,0.01,0
C1_n0.01_d000_r04,C1,202611,4.78,4.78,0.0,0.53175,0.5139136728316619,0.5319554642341887,FAR,FAR,0.0,1,,,0.01,0
C1_n0.01_d000_r04,C1,202611,4.8,4.8,0.0,0.53,0.5372805867776056,0.5332867448700429,FAR,FAR,0.0,1,,,0.01,0
C1_n0.01_d000_r04,C1,202611,4.82,4.82,0.0,0.52825,0.5239155545699726,0.5309439472950254,FAR,FAR,0.0,1,,,0.01,0
C1_n0.01_d000_r04,C1,202611,4.84,4.84,0.0,0.5265,0.5456374508078072,0.5346173231732209,FAR,FAR,0.0,1,,,0.01,0
C1_n0.01_d000_r04,C1,202611,4.86,4.86,0.0,0.5247499999999999,0.5450582273986639,0.5372275492295816,FAR,FAR,0.0,1,,,0.01,0
C1_n0.01_d000_r04,C1,202611,4.88,4.88,0.0,0.523,0.5220813186545058,0.5334409915858127,FAR,FAR,0.0,1,,,0.01,0
C1_n0.01_d000_r04,C1,202611,4.9,4.9,0.0,0.52125,0.5168388741111957,0.5292904622171585,FAR,FAR,0.0,1,,,0.01,0
C1_n0.01_d000_r04,C1,202611,4.92,4.92,0.0,0.5195,0.5193497266494052,0.5268052783252202,FAR,FAR,0.0,1,,,0.01,0
C1_n0.01_d000_r04,C1,202611,4.94,4.94,0.0,0.5177499999999999,0.5281646525299523,0.5271451218764032,FAR,FAR,0.0,1,,,0.01,0
C1_n0.01_d000_r04,C1,202611,4.96,4.96,0.0,0.516,0.5103892886875098,0.5229561635791798,FAR,FAR,0.0,1,,,0.01,0
C1_n0.01_d000_r04,C1,202611,4.98,4.98,0.0,0.51425,0.5064078136926956,0.5188190761075588,FAR,FAR,0.0,1,,,0.01,0
C1_n0.01_d000_r04,C1,202611,5.0,5.0,0.0,0.5125,0.5109715521778948,0.5168571951251428,FAR,FAR,0.0,1,,,0.01,0
C1_n0.01_d000_r04,C1,202611,5.02,5.02,0.0,0.51075,0.5195621407931421,0.5175334315421427,FAR,FAR,0.0,1,,,0.01,0
C1_n0.01_d000_r04,C1,202611,5.04,5.04,0.0,0.509,0.5132807458032208,0.5164702601074123,FAR,FAR,0.0,1,,,0.01,0
C1_n0.01_d000_r04,C1,202611,5.06,5.06,0.0,0.50725,0.49138820295652136,0.5101997458196895,FAR,FAR,0.0,1,,,0.01,0
C1_n0.01_d000_r04,C1,202611,5.08,5.08,0.0,0.5055,0.511368910618915,0.5104920370194959,FAR,FAR,0.0,1,,,0.01,0
C1_n0.01_d000_r04,C1,202611,5.1,5.1,0.0,0.50375,0.5076776604200779,0.5097884428696413,FAR,FAR,0.0,1,,,0.01,0
C1_n0.01_d000_r04,C1,202611,5.12,5.12,0.0,0.502,0.4920089972695054,0.5053435814696073,FAR,FAR,0.0,1,,,0.01,0
C1_n0.01_d000_r04,C1,202611,5.14,5.14,0.0,0.50025,0.4958065784555191,0.5029593307160852,FAR,FAR,0.0,1,,,0.01,0
C1_n0.01_d000_r04,C1,202611,5.16,5.16,0.0,0.49849999999999994,0.4931110638510021,0.5004972639998144,FAR,FAR,0.0,1,,,0.01,0
C1_n0.01_d000_r04,C1,202611,5.18,5.18,0.0,0.49675,0.47994924319336413,0.49536025879820184,FAR,FAR,0.0,1,,,0.01,0
C1_n0.01_d000_r04,C1,202611,5.2,5.2,0.0,0.495,0.49282385203969953,0.49472615710857626,FAR,FAR,0.0,1,,,0.01,0
C1_n0.01_d000_r04,C1,202611,5.22,5.22,0.0,0.49325,0.48127968214731287,0.4913645383682604,FAR,FAR,0.0,1,,,0.01,0
C1_n0.01_d000_r04,C1,202611,5.24,5.24,0.0,0.49149999999999994,0.49617226492298916,0.4925664700069426,FAR,FAR,0.0,1,,,0.01,0
C1_n0.01_d000_r04,C1,202611,5.26,5.26,0.0,0.48975,0.5015189316979165,0.4948045854296861,FAR,FAR,0.0,1,,,0.01,0
C1_n0.01_d000_r04,C1,202611,5.28,5.28,0.0,0.488,0.48885960191164546,0.4933183395501759,FAR,FAR,0.0,1,,,0.01,0
C1_n0.01_d000_r04,C1,202611,5.3,5.3,0.0,0.48625,0.4925191386846558,0.4931185393337959,FAR,FAR,0.0,1,,,0.01,0
C1_n0.01_d000_r04,C1,202611,5.32,5.32,0.0,0.48449999999999993,0.4976661442247528,0.49425544055653514,FAR,FAR,0.0,1,,,0.01,0
C1_n0.01_d000_r04,C1,202611,5.34,5.34,0.0,0.48275,0.46384851815583766,0.48665370995636076,FAR,FAR,0.0,1,,,0.01,0
C1_n0.01_d000_r04,C1,202611,5.36,5.36,0.0,0.481,0.45691572027016836,0.47921921253481264,FAR,FAR,0.0,1,,,0.01,0
C1_n0.01_d000_r04,C1,202611,5.38,5.38,0.0,0.47925,0.48989621857290905,0.4818884640443367,FAR,FAR,0.0,1,,,0.01,0
C1_n0.01_d000_r04,C1,202611,5.4,5.4,0.0,0.4774999999999999,0.4705502494595002,0.47905391039812756,FAR,FAR,0.0,1,,,0.01,0
C1_n0.01_d000_r04,C1,202611,5.42,5.42,0.0,0.47575,0.47174772597931236,0.4772273642934238,FAR,FAR,0.0,1,,,0.01,0
C1_n0.01_d000_r04,C1,202611,5.44,5.44,0.0,0.474,0.4612491792864436,0.4732328180416787,FAR,FAR,0.0,1,,,0.01,0
C1_n0.01_d000_r04,C1,202611,5.46,5.46,0.0,0.47224999999999995,0.4740998165640655,0.4734495676722754,FAR,FAR,0.0,1,,,0.01,0
C1_n0.01_d000_r04,C1,202611,5.48,5.48,0.0,0.4704999999999999,0.4610471652291861,0.4703489670615031,FAR,FAR,0.0,1,,,0.01,0
C1_n0.01_d000_r04,C1,202611,5.5,5.5,0.0,0.46875,0.4681675984268782,0.4698036249028469,FAR,FAR,0.0,1,,,0.01,0
C1_n0.01_d000_r04,C1,202611,5.52,5.52,0.0,0.467,0.46699381854117145,0.469101173312428,FAR,FAR,0.0,1,,,0.01,0
C1_n0.01_d000_r04,C1,202611,5.54,5.54,0.0,0.46525,0.4667704550757658,0.4685184937532625,FAR,FAR,0.0,1,,,0.01,0
C1_n0.01_d000_r04,C1,202611,5.56,5.56,0.0,0.4635,0.4741725352368222,0.4699320041241524,FAR,FAR,0.0,1,,,0.01,0
C1_n0.01_d000_r04,C1,202611,5.58,5.58,0.0,0.46175,0.4570906258152765,0.46672165954693345,FAR,FAR,0.0,1,,,0.01,0
C1_n0.01_d000_r04,C1,202611,5.6,5.6,0.0,0.46,0.467435171121032,0.4669000374404581,FAR,FAR,0.0,1,,,0.01,0
C1_n0.01_d000_r04,C1,202611,5.62,5.62,0.0,0.45825,0.474094274256836,0.46869859664455255,FAR,FAR,0.0,1,,,0.01,0
C1_n0.01_d000_r04,C1,202611,5.64,5.64,0.0,0.4565,0.45689090808751415,0.46574667450529295,FAR,FAR,0.0,1,,,0.01,0
C1_n0.01_d000_r04,C1,202611,5.66,5.66,0.0,0.45475,0.45899289295347734,0.46405822911733907,FAR,FAR,0.0,1,,,0.01,0
C1_n0.01_d000_r04,C1,202611,5.68,5.68,0.0,0.453,0.4421745316573807,0.4585873047523495,FAR,FAR,0.0,1,,,0.01,0
C1_n0.01_d000_r04,C1,202611,5.7,5.7,0.0,0.45125,0.4701348706578648,0.4614741962287283,FAR,FAR,0.0,1,,,0.01,0
C1_n0.01_d000_r04,C1,202611,5.72,5.72,0.0,0.4495,0.4541827998455157,0.45965134713292516,FAR,FAR,0.0,1,,,0.01,0
C1_n0.01_d000_r04,C1,202611,5.74,5.74,0.0,0.44775,0.44356709238772224,0.45563028344662443,FAR,FAR,0.0,1,,,0.01,0
C1_n0.01_d000_r04,C1,202611,5.76,5.76,0.0,0.446,0.44540564936412963,0.45307412492600074,FAR,FAR,0.0,1,,,0.01,0
C1_n0.01_d000_r04,C1,202611,5.78,5.78,0.0,0.44425,0.4401084636570505,0.4498327096087632,FAR,FAR,0.0,1,,,0.01,0
C1_n0.01_d000_r04,C1,202611,5.8,5.8,0.0,0.4425,0.4464174246326159,0.44897888836472644,FAR,FAR,0.0,1,,,0.01,0
C1_n0.01_d000_r04,C1,202611,5.82,5.82,0.0,0.44075,0.4390994156907804,0.4465090201962399,FAR,FAR,0.0,1,,,0.01,0
C1_n0.01_d000_r04,C1,202611,5.84,5.84,0.0,0.439,0.4288377868096546,0.4420912118495936,FAR,FAR,0.0,1,,,0.01,0
C1_n0.01_d000_r04,C1,202611,5.86,5.86,0.0,0.43724999999999997,0.41091333552915144,0.43429674276948305,FAR,FAR,0.0,1,,,0.01,0
C1_n0.01_d000_r04,C1,202611,5.88,5.88,0.0,0.4355,0.44382927077129636,0.43667987476993636,FAR,FAR,0.0,1,,,0.01,0
C1_n0.01_d000_r04,C1,202611,5.9,5.9,0.0,0.43374999999999997,0.43845759818565294,0.4371243056238655,FAR,FAR,0.0,1,,,0.01,0
C1_n0.01_d000_r04,C1,202611,5.92,5.92,0.0,0.432,0.4343087194097546,0.43642040907033774,FAR,FAR,0.0,1,,,0.01,0
C1_n0.01_d000_r04,C1,202611,5.94,5.94,0.0,0.43024999999999997,0.4376617708502612,0.43673074951531865,FAR,FAR,0.0,1,,,0.01,0
C1_n0.01_d000_r04,C1,202611,5.96,5.96,0.0,0.4285,0.4330382757075688,0.4358076310633812,FAR,FAR,0.0,1,,,0.01,0
C1_n0.01_d000_r04,C1,202611,5.98,5.98,0.0,0.42674999999999996,0.4225549339583396,0.43249445678712084,FAR,FAR,0.0,1,,,0.01,0
C1_n0.01_d000_r04,C1,202611,6.0,6.0,0.0,0.425,0.4151383262555852,0.42815542415423696,FAR,FAR,0.0,1,,,0.01,0
C1_n0.01_d000_r04,C1,202611,6.02,6.02,0.0,0.42325,0.4235232335681001,0.42699737650770275,FAR,FAR,0.0,1,,,0.01,0
C1_n0.01_d000_r04,C1,202611,6.04,6.04,0.0,0.4215,0.4312234860674886,0.4280539038976492,FAR,FAR,0.0,1,,,0.01,0
C1_n0.01_d000_r04,C1,202611,6.06,6.06,0.0,0.41975,0.4126466784241157,0.4242020975292658,FAR,FAR,0.0,1,,,0.01,0
C1_n0.01_d000_r04,C1,202611,6.08,6.08,0.0,0.418,0.4189708476719071,0.42289428506492616,FAR,FAR,0.0,1,,,0.01,0
C1_n0.01_d000_r04,C1,202611,6.1,6.1,0.0,0.41625,0.412751390341057,0.4203585613839589,FAR,FAR,0.0,1,,,0.01,0
C1_n0.01_d000_r04,C1,202611,6.12,6.12,0.0,0.4145,0.43603497715379524,0.424277665326418,FAR,FAR,0.0,1,,,0.01,0
C1_n0.01_d000_r04,C1,202611,6.14,6.14,0.0,0.41275,0.42474075140576384,0.4243934368462544,FAR,FAR,0.0,1,,,0.01,0
C1_n0.01_d000_r04,C1,202611,6.16,6.16,0.0,0.411,0.42491126513184896,0.424522893917653,FAR,FAR,0.0,1,,,0.01,0
C1_n0.01_d000_r04,C1,202611,6.18,6.18,0.0,0.40925,0.41176699150451385,0.4213339183143682,FAR,FAR,0.0,1,,,0.01,0
C1_n0.01_d000_r04,C1,202611,6.2,6.2,0.0,0.4075,0.4156142247058268,0.41990399491223285,FAR,FAR,0.0,1,,,0.01,0
C1_n0.01_d000_r04,C1,202611,6.22,6.22,0.0,0.40575,0.385670376849746,0.41134559039661117,FAR,FAR,0.0,1,,,0.01,0
C1_n0.01_d000_r04,C1,202611,6.24,6.24,0.0,0.40399999999999997,0.39362880855830845,0.40691639493703546,FAR,FAR,0.0,1,,,0.01,0
C1_n0.01_d000_r04,C1,202611,6.26,6.26,0.0,0.40225,0.4144711269364502,0.4088050779368892,FAR,FAR,0.0,1,,,0.01,0
C1_n0.01_d000_r04,C1,202611,6.28,6.28,0.0,0.40049999999999997,0.4011274409815925,0.406885668698065,FAR,FAR,0.0,1,,,0.01,0
C1_n0.01_d000_r04,C1,202611,6.3,6.3,0.0,0.39875,0.4150441501170698,0.4089252890528162,FAR,FAR,0.0,1,,,0.01,0
C1_n0.01_d000_r04,C1,202611,6.32,6.32,0.0,0.39699999999999996,0.39222787283869803,0.40475093499928666,FAR,FAR,0.0,1,,,0.01,0
C1_n0.01_d000_r04,C1,202611,6.34,6.34,0.0,0.39525,0.3875024029662406,0.40043880199102516,FAR,FAR,0.0,1,,,0.01,0
C1_n0.01_d000_r04,C1,202611,6.36,6.36,0.0,0.39349999999999996,0.3879661976076721,0.39732065089518687,FAR,FAR,0.0,1,,,0.01,0
C1_n0.01_d000_r04,C1,202611,6.38,6.38,0.0,0.39175,0.38725772530994,0.3948049194988752,FAR,FAR,0.0,1,,,0.01,0
C1_n0.01_d000_r04,C1,202611,6.4,6.4,0.0,0.38999999999999996,0.39605305035814037,0.3951169522136915,FAR,FAR,0.0,1,,,0.01,0
C1_n0.01_d000_r04,C1,202611,6.42,6.42,0.0,0.38825,0.40574927727618326,0.3977750334793144,FAR,FAR,0.0,1,,,0.01,0
C1_n0.01_d000_r04,C1,202611,6.44,6.44,0.0,0.38649999999999995,0.39169986351321623,0.3962562409877899,FAR,FAR,0.0,1,,,0.01,0
C1_n0.01_d000_r04,C1,202611,6.46,6.46,0.0,0.38475,0.39813365255116606,0.39672559387863393,FAR,FAR,0.0,1,,,0.01,0
C1_n0.01_d000_r04,C1,202611,6.48,6.48,0.0,0.38299999999999995,0.39119472743419287,0.3953428772675237,FAR,FAR,0.0,1,,,0.01,0
C1_n0.01_d000_r04,C1,202611,6.5,6.5,0.0,0.38125,0.3638339882794291,0.3874656550205,FAR,FAR,0.0,1,,,0.01,0
C1_n0.01_d000_r04,C1,202611,6.52,6.52,0.0,0.37950000000000006,0.36165853990038943,0.38101387624047234,FAR,FAR,0.0,1,,,0.01,0
C1_n0.01_d000_r04,C1,202611,6.54,6.54,0.0,0.37775000000000003,0.37474391972319926,0.379446387111154,FAR,FAR,0.0,1,,,0.01,0
C1_n0.01_d000_r04,C1,202611,6.56,6.56,0.0,0.376,0.3777314967731591,0.3790176645266553,FAR,FAR,0.0,1,,,0.01,0
C1_n0.01_d000_r04,C1,202611,6.58,6.58,0.0,0.37424999999999997,0.36268707142100437,0.3749350162502426,FAR,FAR,0.0,1,,,0.01,0
C1_n0.01_d000_r04,C1,202611,6.6,6.6,0.0,0.37250000000000005,0.33992619533617485,0.3661828110217257,FAR,NEAR,0.6,1,ENTER_NEAR,,0.01,0
C1_n0.01_d000_r04,C1,202611,6.62,6.62,0.0,0.37075,0.3721917192123544,0.3676850380693829,FAR,FAR,0.0,1,EXIT_NEAR,,0.01,0
C1_n0.01_d000_r04,C1,202611,6.64,6.64,0.0,0.369,0.3588412826751976,0.36547409922083657,FAR,FAR,0.0,1,,,0.01,0
C1_n0.01_d000_r04,C1,202611,6.66,6.66,0.0,0.36724999999999997,0.37706667507760955,0.3683722431850298,FAR,FAR,0.0,1,,,0.01,0
C1_n0.01_d000_r04,C1,202611,6.68,6.68,0.0,0.36550000000000005,0.37566413929321857,0.370195217212077,FAR,FAR,0.0,1,,,0.01,0
C1_n0.01_d000_r04,C1,202611,6.7,6.7,0.0,0.36375,0.3606392564469359,0.3678062270207917,FAR,FAR,0.0,1,,,0.01,0
C1_n0.01_d000_r04,C1,202611,6.72,6.72,0.0,0.362,0.3729825256898058,0.3691003016880452,FAR,FAR,0.0,1,,,0.01,0
C1_n0.01_d000_r04,C1,202611,6.74,6.74,0.0,0.36024999999999996,0.3344191790029729,0.3604300210167771,FAR,NEAR,0.6,1,ENTER_NEAR,,0.01,0
C1_n0.01_d000_r04,C1,202611,6.76,6.76,0.0,0.35850000000000004,0.3732065474411417,0.36362415262286824,FAR,FAR,0.0,1,EXIT_NEAR,,0.01,0
C1_n0.01_d000_r04,C1,202611,6.78,6.78,0.0,0.35675,0.35143867489401326,0.3605777831906545,FAR,FAR,0.0,1,,,0.01,0
C1_n0.01_d000_r04,C1,202611,6.8,6.8,0.0,0.355,0.35067641761518953,0.35810244179678824,FAR,FAR,0.0,1,,,0.01,0
C1_n0.01_d000_r04,C1,202611,6.82,6.82,0.0,0.35324999999999995,0.3405056600234236,0.3537032463534471,FAR,NEAR,0.6,1,ENTER_NEAR,,0.01,0
C1_n0.01_d000_r04,C1,202611,6.84,6.84,0.0,0.35150000000000003,0.36025866809389767,0.35534210178855974,FAR,FAR,0.0,1,EXIT_NEAR,,0.01,0
C1_n0.01_d000_r04,C1,202611,6.86,6.86,0.0,0.34974999999999995,0.3475115000818305,0.35338445136187746,NEAR,NEAR,0.6,1,ENTER_NEAR,,0.01,0
C1_n0.01_d000_r04,C1,202611,6.88,6.88,0.0,0.348,0.3544791446262309,0.35365812467796587,NEAR,FAR,0.0,1,EXIT_NEAR,,0.01,0
C1_n0.01_d000_r04,C1,202611,6.9,6.9,0.0,0.34624999999999995,0.3559392294147138,0.3542284008621528,NEAR,FAR,0.0,1,,,0.01,0
C1_n0.01_d000_r04,C1,202611,6.92,6.92,0.0,0.3445,0.34297363947071535,0.3514147105142934,NEAR,NEAR,0.6,1,ENTER_NEAR,,0.01,0
C1_n0.01_d000_r04,C1,202611,6.94,6.94,0.0,0.34274999999999994,0.3512647538731738,0.3513772213540135,NEAR,FAR,0.0,1,EXIT_NEAR,,0.01,0
C1_n0.01_d000_r04,C1,202611,6.96,6.96,0.0,0.34099999999999997,0.34146143120998584,0.34889827381800653,NEAR,NEAR,0.6,1,ENTER_NEAR,,0.01,0
C1_n0.01_d000_r04,C1,202611,6.98,6.98,0.0,0.33924999999999994,0.33263004226818704,0.34483121593055166,NEAR,NEAR,0.6,1,,,0.01,0
C1_n0.01_d000_r04,C1,202611,7.0,7.0,0.0,0.3375,0.33079864971024786,0.3413230743754757,NEAR,NEAR,0.6,1,,,0.01,0
C1_n0.01_d000_r04,C1,202611,7.02,7.02,0.0,0.33575000000000005,0.34180026357246124,0.34144237167472213,NEAR,NEAR,0.6,1,,,0.01,0
C1_n0.01_d000_r04,C1,202611,7.04,7.04,0.0,0.334,0.33733282340139775,0.340414984606391,NEAR,NEAR,0.6,1,,,0.01,0
C1_n0.01_d000_r04,C1,202611,7.06,7.06,0.0,0.33225000000000005,0.33623451949968275,0.33936986832971394,NEAR,NEAR,0.6,1,,,0.01,0
C1_n0.01_d000_r04,C1,202611,7.08,7.08,0.0,0.3305,0.3134211906289315,0.3328826989045183,NEAR,NEAR,0.6,1,,,0.01,0
C1_n0.01_d000_r04,C1,202611,7.1,7.1,0.0,0.32875000000000004,0.35392691298072315,0.33814375242356953,NEAR,FAR,0.0,1,EXIT_NEAR,,0.01,0
C1_n0.01_d000_r04,C1,202611,7.12,7.12,0.0,0.327,0.33435830270337175,0.3371973899935201,NEAR,NEAR,0.6,1,ENTER_NEAR,,0.01,0
C1_n0.01_d000_r04,C1,202611,7.14,7.14,0.0,0.32525000000000004,0.3283754462950054,0.33499190406889146,NEAR,NEAR,0.6,1,,,0.01,0
C1_n0.01_d000_r04,C1,202611,7.16,7.16,0.0,0.3235,0.30410624820574766,0.32727049010310555,NEAR,NEAR,0.6,1,,,0.01,0
C1_n0.01_d000_r04,C1,202611,7.18,7.18,0.0,0.32175000000000004,0.310522849593121,0.3230835799756094,NEAR,NEAR,0.6,1,,,0.01,0
C1_n0.01_d000_r04,C1,202611,7.2,7.2,0.0,0.32,0.3058085961884363,0.3187648340288161,NEAR,NEAR,0.6,1,,,0.01,0
C1_n0.01_d000_r04,C1,202611,7.22,7.22,0.0,0.31825000000000003,0.30587534718589227,0.31554246231808514,NEAR,NEAR,0.6,1,,,0.01,0
C1_n0.01_d000_r04,C1,202611,7.24,7.24,0.0,0.3165,0.30822150023070793,0.3137122217962408,NEAR,NEAR,0.6,1,,,0.01,0
C1_n0.01_d000_r04,C1,202611,7.26,7.26,0.0,0.31475000000000003,0.3089607329453983,0.31252434958353015,NEAR,NEAR,0.6,1,,,0.01,0
C1_n0.01_d000_r04,C1,202611,7.28,7.28,0.0,0.313,0.30339795902552125,0.31024275194402795,NEAR,NEAR,0.6,1,,,0.01,0
C1_n0.01_d000_r04,C1,202611,7.3,7.3,0.0,0.31125,0.33081165602313856,0.3153849779638056,NEAR,NEAR,0.6,1,,,0.01,0
C1_n0.01_d000_r04,C1,202611,7.32,7.32,0.0,0.3095,0.311056548354378,0.3143028705614487,NEAR,NEAR,0.6,1,,,0.01,0
C1_n0.01_d000_r04,C1,202611,7.34,7.34,0.0,0.30775,0.3244870267170654,0.31684890960035283,NEAR,NEAR,0.6,1,,,0.01,0
C1_n0.01_d000_r04,C1,202611,7.36,7.36,0.0,0.306,0.31885154485391803,0.3173495684137441,NEAR,NEAR,0.6,1,,,0.01,0
C1_n0.01_d000_r04,C1,202611,7.38,7.38,0.0,0.30425,0.2924068850663198,0.311113897576888,NEAR,NEAR,0.6,1,,,0.01,0
C1_n0.01_d000_r04,C1,202611,7.4,7.4,0.0,0.3025,0.3167566352334956,0.31252458199103994,NEAR,NEAR,0.6,1,,,0.01,0
C1_n0.01_d000_r04,C1,202611,7.42,7.42,0.0,0.30075,0.3009074849090537,0.3096203077205434,NEAR,NEAR,0.6,1,,,0.01,0
C1_n0.01_d000_r04,C1,202611,7.44,7.44,0.0,0.299,0.29037130068636385,0.3048080559619985,NEAR,NEAR,0.6,1,,,0.01,0
C1_n0.01_d000_r04,C1,202611,7.46,7.46,0.0,0.29725,0.3110712641729654,0.3063738580147402,NEAR,NEAR,0.6,1,,,0.01,0
C1_n0.01_d000_r04,C1,202611,7.48,7.48,0.0,0.2955,0.30907200563191034,0.30704839491903274,NEAR,NEAR,0.6,1,,,0.01,0
C1_n0.01_d000_r04,C1,202611,7.5,7.5,0.0,0.29375,0.29928681631781034,0.30510800026872714,NEAR,NEAR,0.6,1,,,0.01,0
C1_n0.01_d000_r04,C1,202611,7.52,7.52,0.0,0.29200000000000004,0.28401668299790916,0.29983517095102263,NEAR,NEAR,0.6,1,,,0.01,0
C1_n0.01_d000_r04,C1,202611,7.54,7.54,0.0,0.29025,0.28039010426334826,0.294973904279104,NEAR,NEAR,0.6,1,,,0.01,0
C1_n0.01_d000_r04,C1,202611,7.56,7.56,0.0,0.28850000000000003,0.30013057885015193,0.29626307292186604,NEAR,NEAR,0.6,1,,,0.01,0
C1_n0.01_d000_r04,C1,202611,7.58,7.58,0.0,0.28675,0.27690931800618834,0.2914246341929466,NEAR,NEAR,0.6,1,,,0.01,0
C1_n0.01_d000_r04,C1,202611,7.6,7.6,0.0,0.28500000000000003,0.29518023657774,0.29236353478914495,NEAR,NEAR,0.6,1,,,0.01,0
C1_n0.01_d000_r04,C1,202611,7.62,7.62,0.0,0.28325,0.2840156273155272,0.29027655792074053,NEAR,NEAR,0.6,1,,,0.01,0
C1_n0.01_d000_r04,C1,202611,7.64,7.64,0.0,0.28150000000000003,0.2768254250300732,0.2869137746980737,NEAR,NEAR,0.6,1,,,0.01,0
C1_n0.01_d000_r04,C1,202611,7.66,7.66,0.0,0.27975,0.27338375081285554,0.2835312687267692,NEAR,NEAR,0.6,1,,,0.01,0
C1_n0.01_d000_r04,C1,202611,7.68,7.68,0.0,0.278,0.27334317729249985,0.28098424586820187,NEAR,NEAR,0.6,1,,,0.01,0
C1_n0.01_d000_r04,C1,202611,7.7,7.7,0.0,0.27625,0.2806827851989953,0.2809088807009002,NEAR,NEAR,0.6,1,,,0.01,0
C1_n0.01_d000_r04,C1,202611,7.72,7.72,0.0,0.2745,0.2760846547915005,0.2797028242235503,NEAR,NEAR,0.6,1,,,0.01,0
C1_n0.01_d000_r04,C1,202611,7.74,7.74,0.0,0.27275,0.2779306856562307,0.2792597895817204,NEAR,NEAR,0.6,1,,,0.01,0
C1_n0.01_d000_r04,C1,202611,7.76,7.76,0.0,0.271,0.2546162497984402,0.27309890463590036,NEAR,NEAR,0.6,1,,,0.01,0
C1_n0.01_d000_r04,C1,202611,7.78,7.78,0.0,0.26925,0.25879427699576213,0.2695227477258658,NEAR,NEAR,0.6,1,,,0.01,0
C1_n0.01_d000_r04,C1,202611,7.8,7.8,0.0,0.2675,0.26906005643012415,0.2694070749019304,NEAR,NEAR,0.6,1,,,0.01,0
C1_n0.01_d000_r04,C1,202611,7.82,7.82,0.0,0.26575,0.2774341802505615,0.2714138512390882,NEAR,NEAR,0.6,1,,,0.01,0
C1_n0.01_d000_r04,C1,202611,7.84,7.84,0.0,0.264,0.2641123378823055,0.2695884728998925,NEAR,NEAR,0.6,1,,,0.01,0
C1_n0.01_d000_r04,C1,202611,7.86,7.86,0.0,0.26225,0.2561207606696897,0.26622154484234184,NEAR,NEAR,0.6,1,,,0.01,0
C1_n0.01_d000_r04,C1,202611,7.88,7.88,0.0,0.2605,0.28031750941344186,0.26974553598511686,NEAR,NEAR,0.6,1,,,0.01,0
C1_n0.01_d000_r04,C1,202611,7.9,7.9,0.0,0.25875,0.265996575704254,0.26880829591490113,NEAR,NEAR,0.6,1,,,0.01,0
C1_n0.01_d000_r04,C1,202611,7.92,7.92,0.0,0.257,0.26122743205604976,0.26691307995018826,NEAR,NEAR,0.6,1,,,0.01,0
C1_n0.01_d000_r04,C1,202611,7.94,7.94,0.0,0.25525,0.25321675482550887,0.2634889986690184,NEAR,NEAR,0.6,1,,,0.01,0
C1_n0.01_d000_r04,C1,202611,7.96,7.96,0.0,0.2535,0.24500243612327532,0.25886735803258265,NEAR,NEAR,0.6,1,,,0.01,0
C1_n0.01_d000_r04,C1,202611,7.98,7.98,0.0,0.25175,0.26348204824809396,0.2600210305864605,NEAR,NEAR,0.6,1,,,0.01,0
C1_n0.01_d000_r04,C1,202611,8.0,8.0,0.0,0.25,0.2675760790905015,0.2619097927124707,NEAR,NEAR,0.6,1,,,0.01,0
C1_n0.01_d000_r04,C1,202611,8.02,8.02,0.0,0.2522533838368113,0.2657915628714946,0.2628802352522267,NEAR,NEAR,0.6,1,,,0.01,0
C1_n0.01_d000_r04,C1,202611,8.04,8.04,0.0,0.25445562372365543,0.2514797804786071,0.26003012155882177,NEAR,NEAR,0.6,1,,,0.01,0
C1_n0.01_d000_r04,C1,202611,8.06,8.06,0.0,0.25655673649976407,0.26192541040839984,0.2605039437712163,NEAR,NEAR,0.6,1,,,0.01,0
C1_n0.01_d000_r04,C1,202611,8.08,8.08,0.0,0.25850903423690136,0.26172354537189085,0.26080884417138495,NEAR,NEAR,0.6,1,,,0.01,0
C1_n0.01_d000_r04,C1,202611,8.1,8.1,0.0,0.2602682065889303,0.26692600787249493,0.26233813509666243,NEAR,NEAR,0.6,1,,,0.01,0
C1_n0.01_d000_r04,C1,202611,8.12,8.12,0.0,0.26179432648204926,0.25114715620561384,0.25954039037390025,NEAR,NEAR,0.6,1,,,0.01,0
C1_n0.01_d000_r04,C1,202611,8.14,8.14,0.0,0.26305275632004294,0.27619578898068653,0.26370424002559684,NEAR,NEAR,0.6,1,,,0.01,0
C1_n0.01_d000_r04,C1,202611,8.16,8.16,0.0,0.2640149341368492,0.2728591559300906,0.26599296900172026,NEAR,NEAR,0.6,1,,,0.01,0
C1_n0.01_d000_r04,C1,202611,8.18,8.18,0.0,0.2646590218535229,0.2689495219489424,0.2667321072385258,NEAR,NEAR,0.6,1,,,0.01,0
C1_n0.01_d000_r04,C1,202611,8.2,8.2,0.0,0.26497040092642404,0.2827901531942498,0.2707466187274568,NEAR,NEAR,0.6,1,,,0.01,0
C1_n0.01_d000_r04,C1,202611,8.22,8.22,0.0,0.2649420041371476,0.24851862076080078,0.2651896192357928,NEAR,NEAR,0.6,1,,,0.01,0
C1_n0.01_d000_r04,C1,202611,8.24,8.24,0.0,0.2645744759937201,0.2530407157872182,0.26215239337364915,NEAR,NEAR,0.6,1,,,0.01,0
C1_n0.01_d000_r04,C1,202611,8.26,8.26,0.0,0.26387615810251686,0.26008548075457893,0.2616356652188816,NEAR,NEAR,0.6,1,,,0.01,0
C1_n0.01_d000_r04,C1,202611,8.28,8.28,0.0,0.26286289984290484,0.25694919788024073,0.2604640483842214,NEAR,NEAR,0.6,1,,,0.01,0
C1_n0.01_d000_r04,C1,202611,8.3,8.3,0.0,0.2615576986416368,0.251460316268449,0.2582131153552783,NEAR,NEAR,0.6,1,,,0.01,0
C1_n0.01_d000_r04,C1,202611,8.32,8.32,0.0,0.25999017801151375,0.2646318438437217,0.25981779747738915,NEAR,NEAR,0.6,1,,,0.01,0
C1_n0.01_d000_r04,C1,202611,8.34,8.34,0.0,0.25819591520101404,0.2555336602176373,0.25874676316245115,NEAR,NEAR,0.6,1,,,0.01,0
C1_n0.01_d000_r04,C1,202611,8.36,8.36,0.0,0.2562156337148993,0.25803363022155434,0.258568479927227,NEAR,NEAR,0.6,1,,,0.01,0
C1_n0.01_d000_r04,C1,202611,8.38,8.38,0.0,0.2540942790327598,0.2624115461137146,0.2595292464738489,NEAR,NEAR,0.6,1,,,0.01,0
C1_n0.01_d000_r04,C1,202611,8.4,8.4,0.0,0.25187999850346454,0.24282817490713005,0.2553539785821692,NEAR,NEAR,0.6,1,,,0.01,0
C1_n0.01_d000_r04,C1,202611,8.42,8.42,0.0,0.24962304856834994,0.2561787219259482,0.2555601644181139,NEAR,NEAR,0.6,1,,,0.01,0
C1_n0.01_d000_r04,C1,202611,8.44,8.44,0.0,0.2473746541153709,0.25341777270704713,0.2550245664903472,NEAR,NEAR,0.6,1,,,0.01,0
C1_n0.01_d000_r04,C1,202611,8.46,8.46,0.0,0.24518584585289177,0.2576937392337205,0.25569185967619057,NEAR,NEAR,0.6,1,,,0.01,0
C1_n0.01_d000_r04,C1,202611,8.48,8.48,0.0,0.24310630209067763,0.23655145569834413,0.25090675868172896,NEAR,NEAR,0.6,1,,,0.01,0
C1_n0.01_d000_r04,C1,202611,8.5,8.5,0.0,0.24118322121561292,0.23767144316471012,0.24759792980247425,NEAR,NEAR,0.6,1,,,0.01,0
C1_n0.01_d000_r04,C1,202611,8.52,8.52,0.0,0.2394602504530173,0.2566773696865525,0.24986778977349383,NEAR,NEAR,0.6,1,,,0.01,0
C1_n0.01_d000_r04,C1,202611,8.54,8.54,0.0,0.23797649522693692,0.24412661249857634,0.24843249545476448,NEAR,NEAR,0.6,1,,,0.01,0
C1_n0.01_d000_r04,C1,202611,8.56,8.56,0.0,0.23676563160347566,0.24177114921793116,0.24676715889555614,NEAR,NEAR,0.6,1,,,0.01,0
C1_n0.01_d000_r04,C1,202611,8.58,8.58,0.0,0.23585514196160703,0.23675701063287613,0.24426462182988615,NEAR,NEAR,0.6,1,,,0.01,0
C1_n0.01_d000_r04,C1,202611,8.6,8.6,0.0,0.23526569123906968,0.2648411532521589,0.24940875468545431,NEAR,NEAR,0.6,1,,,0.01,0
C1_n0.01_d000_r04,C1,202611,8.62,8.62,0.0,0.23501065791039116,0.22121951763629225,0.2423614454231638,NEAR,NEAR,0.6,1,,,0.01,0
C1_n0.01_d000_r04,C1,202611,8.64,8.64,0.0,0.23509583034219989,0.23114821925618748,0.23955813888141972,NEAR,NEAR,0.6,1,,,0.01,0
C1_n0.01_d000_r04,C1,202611,8.66,8.66,0.0,0.2355192754175009,0.2368363031245404,0.23887767994219988,NEAR,NEAR,0.6,1,,,0.01,0
C1_n0.01_d000_r04,C1,202611,8.68,8.68,0.0,0.23627138241068624,0.22891873827252748,0.2363879445247818,NEAR,NEAR,0.6,1,,,0.01,0
C1_n0.01_d000_r04,C1,202611,8.7,8.7,0.0,0.23733508111746973,0.2550208088946618,0.24104616061725176,NEAR,NEAR,0.6,1,,,0.01,0
C1_n0.01_d000_r04,C1,202611,8.72,8.72,0.0,0.2386862292889585,0.2313228548238391,0.23861533416889857,NEAR,NEAR,0.6,1,,,0.01,0
C1_n0.01_d000_r04,C1,202611,8.74,8.74,0.0,0.24029416057645836,0.24037982988092585,0.2390564580969054,NEAR,NEAR,0.6,1,,,0.01,0
C1_n0.01_d000_r04,C1,202611,8.76,8.76,0.0,0.24212238055058052,0.23386295741555493,0.23775808292656778,NEAR,NEAR,0.6,1,,,0.01,0
C1_n0.01_d000_r04,C1,202611,8.78,8.78,0.0,0.24412939499744188,0.2362293938540056,0.23737591065842722,NEAR,NEAR,0.6,1,,,0.01,0
C1_n0.01_d000_r04,C1,202611,8.8,8.8,0.0,0.24626965169252724,0.2410949319762682,0.23830566598788747,NEAR,NEAR,0.6,1,,,0.01,0
C1_n0.01_d000_r04,C1,202611,8.82,8.82,0.0,0.2484945742772318,0.25055154250494305,0.24136713511715135,NEAR,NEAR,0.6,1,,,0.01,0
C1_n0.01_d000_r04,C1,202611,8.84,8.84,0.0,0.2507536647726965,0.24586253705677516,0.2424909856020573,NEAR,NEAR,0.6,1,,,0.01,0
C1_n0.01_d000_r04,C1,202611,8.86,8.86,0.0,0.25299564970771604,0.2351543372327584,0.24065682350973258,NEAR,NEAR,0.6,1,,,0.01,0
C1_n0.01_d000_r04,C1,202611,8.88,8.88,0.0,0.2551696438476178,0.25543999602091083,0.24435261663752714,NEAR,NEAR,0.6,1,,,0.01,0
C1_n0.01_d000_r04,C1,202611,8.9,8.9,0.0,0.2572263051115258,0.2537600381914158,0.2467044720259993,NEAR,NEAR,0.6,1,,,0.01,0
C1_n0.01_d000_r04,C1,202611,8.92,8.92,0.0,0.25911895446541905,0.25313325687416177,0.2483116682380399,NEAR,NEAR,0.6,1,,,0.01,0
C1_n0.01_d000_r04,C1,202611,8.94,8.94,0.0,0.26080463537331855,0.2582191966124058,0.2507885503316314,NEAR,NEAR,0.6,1,,,0.01,0
C1_n0.01_d000_r04,C1,202611,8.96,8.96,0.0,0.2622450887607578,0.25420080248375604,0.25164161336966256,NEAR,NEAR,0.6,1,,,0.01,0
C1_n0.01_d000_r04,C1,202611,8.98,8.98,0.0,0.263407621362269,0.25464567827860435,0.252392629596898,NEAR,NEAR,0.6,1,,,0.01,0
C1_n0.01_d000_r04,C1,202611,9.0,9.0,0.0,0.2642658477444273,0.2588182026025684,0.2539990228483156,NEAR,NEAR,0.6,1,,,0.01,0
C1_n0.01_d000_r04,C1,202611,9.02,9.02,0.0,0.264800289163118,0.27601950910815154,0.25950414441327463,NEAR,NEAR,0.6,1,,,0.01,0
C1_n0.01_d000_r04,C1,202611,9.04,9.04,0.0,0.2649988156630572,0.26626448616110854,0.2611942298502331,NEAR,NEAR,0.6,1,,,0.01,0
C1_n0.01_d000_r04,C1,202611,9.06,9.06,0.0,0.26485692138544975,0.2584715142783907,0.2605135509572725,NEAR,NEAR,0.6,1,,,0.01,0
C1_n0.01_d000_r04,C1,202611,9.08,9.08,0.0,0.2643778268352606,0.268676867563908,0.2625543801089314,NEAR,NEAR,0.6,1,,,0.01,0
C1_n0.01_d000_r04,C1,202611,9.1,9.1,0.0,0.2635724057869903,0.2702586224732641,0.2644804407000146,NEAR,NEAR,0.6,1,,,0.01,0
C1_n0.01_d000_r04,C1,202611,9.12,9.12,0.0,0.2624589384879372,0.2692722450631913,0.26567839179080877,NEAR,NEAR,0.6,1,,,0.01,0
C1_n0.01_d000_r04,C1,202611,9.14,9.14,0.0,0.2610626967603726,0.2737746873541812,0.2677024656816519,NEAR,NEAR,0.6,1,,,0.01,0
C1_n0.01_d000_r04,C1,202611,9.16,9.16,0.0,0.25941537041936047,0.26813452699764834,0.267810481010651,NEAR,NEAR,0.6,1,,,0.01,0
C1_n0.01_d000_r04,C1,202611,9.18,9.18,0.0,0.2575543480245365,0.25333388237637383,0.2641913313520817,NEAR,NEAR,0.6,1,,,0.01,0
C1_n0.01_d000_r04,C1,202611,9.2,9.2,0.0,0.25552186829027024,0.2504126397331496,0.2607466584473487,NEAR,NEAR,0.6,1,,,0.01,0
C1_n0.01_d000_r04,C1,202611,9.22,9.22,0.0,0.25336406141424067,0.2559356521441159,0.2595439068715405,NEAR,NEAR,0.6,1,,,0.01,0
C1_n0.01_d000_r04,C1,202611,9.24,9.24,0.0,0.25112990208291897,0.23030700202491178,0.2522346806598833,NEAR,NEAR,0.6,1,,,0.01,0
C1_n0.01_d000_r04,C1,202611,9.26,9.26,0.0,0.24887009791708103,0.24777315150663567,0.2511192983715714,NEAR,NEAR,0.6,1,,,0.01,0
C1_n0.01_d000_r04,C1,202611,9.28,9.28,0.0,0.24663593858575936,0.23601293348023972,0.24734270714873846,NEAR,NEAR,0.6,1,,,0.01,0
C1_n0.01_d000_r04,C1,202611,9.3,9.3,0.0,0.24447813170972976,0.2365830893601719,0.24465280270159684,NEAR,NEAR,0.6,1,,,0.01,0
C1_n0.01_d000_r04,C1,202611,9.32,9.32,0.0,0.24244565197546356,0.2472803267052432,0.24530968370250844,NEAR,NEAR,0.6,1,,,0.01,0
C1_n0.01_d000_r04,C1,202611,9.34,9.34,0.0,0.2405846295806395,0.25901285713073896,0.24873547705956608,NEAR,NEAR,0.6,1,,,0.01,0
C1_n0.01_d000_r04,C1,202611,9.36,9.36,0.0,0.23893730323962742,0.23671350322002543,0.2457299835996809,NEAR,NEAR,0.6,1,,,0.01,0
C1_n0.01_d000_r04,C1,202611,9.38,9.38,0.0,0.23754106151206275,0.22206884749966624,0.23981469957467724,NEAR,NEAR,0.6,1,,,0.01,0
C1_n0.01_d000_r04,C1,202611,9.4,9.4,0.0,0.23642759421300968,0.22840625881813512,0.2369625893855417,NEAR,NEAR,0.6,1,,,0.01,0
C1_n0.01_d000_r04,C1,202611,9.42,9.42,0.0,0.23562217316473935,0.24002311060347403,0.2377277196900248,NEAR,NEAR,0.6,1,,,0.01,0
C1_n0.01_d000_r04,C1,202611,9.44,9.44,0.0,0.23514307861455025,0.21080452467413863,0.23099692093605323,NEAR,NEAR,0.6,1,,,0.01,0
C1_n0.01_d000_r04,C1,202611,9.46,9.46,0.0,0.23500118433694275,0.2428276255978451,0.2339545971015012,NEAR,NEAR,0.6,1,,,0.01,0
C1_n0.01_d000_r04,C1,202611,9.48,9.48,0.0,0.235199710836882,0.23023494005517456,0.23302468283991953,NEAR,NEAR,0.6,1,,,0.01,0
C1_n0.01_d000_r04,C1,202611,9.5,9.5,0.0,0.2357341522555727,0.23123497386769803,0.23257725559686415,NEAR,NEAR,0.6,1,,,0.01,0
C1_n0.01_d000_r04,C1,202611,9.52,9.52,0.0,0.23659237863773103,0.24247918730150764,0.23505273852302502,NEAR,NEAR,0.6,1,,,0.01,0
C1_n0.01_d000_r04,C1,202611,9.54,9.54,0.0,0.2377549112392422,0.2534801929581813,0.2396596021318141,NEAR,NEAR,0.6,1,,,0.01,0
C1_n0.01_d000_r04,C1,202611,9.56,9.56,0.0,0.23919536462668142,0.22690668836152098,0.23647137368924082,NEAR,NEAR,0.6,1,,,0.01,0
C1_n0.01_d000_r04,C1,202611,9.58,9.58,0.0,0.24088104553458092,0.24868810790267637,0.23952555724259972,NEAR,NEAR,0.6,1,,,0.01,0
C1_n0.01_d000_r04,C1,202611,9.6,9.6,0.0,0.24277369488847422,0.22888234767848198,0.23686475485157027,NEAR,NEAR,0.6,1,,,0.01,0
C1_n0.01_d000_r04,C1,202611,9.62,9.62,0.0,0.24483035615238213,0.25692878936548,0.2418807634800477,NEAR,NEAR,0.6,1,,,0.01,0
C1_n0.01_d000_r04,C1,202611,9.64,9.64,0.0,0.24700435029228393,0.25166041894223484,0.24432567734559446,NEAR,NEAR,0.6,1,,,0.01,0
C1_n0.01_d000_r04,C1,202611,9.66,9.66,0.0,0.24924633522730347,0.252224612449775,0.2463004111216396,NEAR,NEAR,0.6,1,,,0.01,0
C1_n0.01_d000_r04,C1,202611,9.68,9.68,0.0,0.2515054257227682,0.22342521061816087,0.24058161099576994,NEAR,NEAR,0.6,1,,,0.01,0
C1_n0.01_d000_r04,C1,202611,9.7,9.7,0.0,0.25373034830747276,0.2336508850387115,0.23884892950650533,NEAR,NEAR,0.6,1,,,0.01,0
C1_n0.01_d000_r04,C1,202611,9.72,9.72,0.0,0.2558706050025581,0.26313707902781364,0.2449209668868324,NEAR,NEAR,0.6,1,,,0.01,0
C1_n0.01_d000_r04,C1,202611,9.74,9.74,0.0,0.25787761944941945,0.2708996318144071,0.25141563311872606,NEAR,NEAR,0.6,1,,,0.01,0
C1_n0.01_d000_r04,C1,202611,9.76,9.76,0.0,0.25970583942354164,0.2492048396602565,0.25086293475410865,NEAR,NEAR,0.6,1,,,0.01,0
C1_n0.01_d000_r04,C1,202611,9.78,9.78,0.0,0.2613137707110415,0.26589675263368767,0.2546213892240034,NEAR,NEAR,0.6,1,,,0.01,0
C1_n0.01_d000_r04,C1,202611,9.8,9.8,0.0,0.26266491888253024,0.2603948246394883,0.2560647480778746,NEAR,NEAR,0.6,1,,,0.01,0
C1_n0.01_d000_r04,C1,202611,9.82,9.82,0.0,0.26372861758931376,0.2600406088066752,0.25705871326007473,NEAR,NEAR,0.6,1,,,0.01,0
C1_n0.01_d000_r04,C1,202611,9.84,9.84,0.0,0.2644807245824991,0.26432322590179474,0.2588748414205047,NEAR,NEAR,0.6,1,,,0.01,0
C1_n0.01_d000_r04,C1,202611,9.86,9.86,0.0,0.2649041696578001,0.26206549283843555,0.25967250427498745,NEAR,NEAR,0.6,1,,,0.01,0
C1_n0.01_d000_r04,C1,202611,9.88,9.88,0.0,0.26498934208960884,0.27101699418519415,0.2625086267525391,NEAR,NEAR,0.6,1,,,0.01,0
C1_n0.01_d000_r04,C1,202611,9.9,9.9,0.0,0.26473430876093035,0.2551933903420077,0.2606798176499062,NEAR,NEAR,0.6,1,,,0.01,0
C1_n0.01_d000_r04,C1,202611,9.92,9.92,0.0,0.264144858038393,0.27065264429558017,0.2631730243113247,NEAR,NEAR,0.6,1,,,0.01,0
C1_n0.01_d000_r04,C1,202611,9.94,9.94,0.0,0.2632343683965243,0.25536314386756614,0.2612205542003851,NEAR,NEAR,0.6,1,,,0.01,0
C1_n0.01_d000_r04,C1,202611,9.96,9.96,0.0,0.2620235047730631,0.2705248152668017,0.2635466194669892,NEAR,NEAR,0.6,1,,,0.01,0
C1_n0.01_d000_r04,C1,202611,9.98,9.98,0.0,0.2605397495469827,0.24427555576233512,0.2587288535408257,NEAR,NEAR,0.6,1,,,0.01,0
C1_n0.01_d000_r04,C1,202611,10.0,10.0,0.0,0.2588167787843871,0.25797715597460685,0.258540929149271,NEAR,NEAR,0.6,1,,,0.01,0
C1_n0.01_d000_r04,C1,202611,10.02,10.02,0.0,0.25689369790932237,0.25842157707579044,0.25851109113090087,NEAR,NEAR,0.6,1,,,0.01,0
C1_n0.01_d000_r04,C1,202611,10.04,10.04,0.0,0.25481415414710823,0.25288246677073134,0.2571039350408585,NEAR,NEAR,0.6,1,,,0.01,0
C1_n0.01_d000_r04,C1,202611,10.06,10.06,0.0,0.2526253458846291,0.2566593805074518,0.25699279640750683,NEAR,NEAR,0.6,1,,,0.01,0
C1_n0.01_d000_r04,C1,202611,10.08,10.08,0.0,0.25037695143165006,0.24466108830583747,0.2539098693820895,NEAR,NEAR,0.6,1,,,0.01,0
C1_n0.01_d000_r04,C1,202611,10.1,10.1,0.0,0.24812000149653549,0.2625515281708185,0.25607028407927174,NEAR,NEAR,0.6,1,,,0.01,0
C1_n0.01_d000_r04,C1,202611,10.12,10.12,0.0,0.24590572096724023,0.24831756615672906,0.2541321045986361,NEAR,NEAR,0.6,1,,,0.01,0
C1_n0.01_d000_r04,C1,202611,10.14,10.14,0.0,0.24378436628510067,0.2257501751696082,0.24703662224137912,NEAR,NEAR,0.6,1,,,0.01,0
C1_n0.01_d000_r04,C1,202611,10.16,10.16,0.0,0.24180408479898596,0.23022280056528768,0.24283316682235626,NEAR,NEAR,0.6,1,,,0.01,0
C1_n0.01_d000_r04,C1,202611,10.18,10.18,0.0,0.24000982198848625,0.24025274325524779,0.24218806093057915,NEAR,NEAR,0.6,1,,,0.01,0
C1_n0.01_d000_r04,C1,202611,10.2,10.2,0.0,0.23844230135836322,0.23826560452717768,0.2412074468297288,NEAR,NEAR,0.6,1,,,0.01,0
C1_n0.01_d000_r04,C1,202611,10.22,10.22,0.0,0.2371371001570952,0.23527943140208102,0.23972544297281684,NEAR,NEAR,0.6,1,,,0.01,0
C1_n0.01_d000_r04,C1,202611,10.24,10.24,0.0,0.23612384189748312,0.23095137282625433,0.2375319254361762,NEAR,NEAR,0.6,1,,,0.01,0
C1_n0.01_d000_r04,C1,202611,10.26,10.26,0.0,0.2354255240062799,0.2336564006825537,0.23656304424777058,NEAR,NEAR,0.6,1,,,0.01,0
C1_n0.01_d000_r04,C1,202611,10.28,10.28,0.0,0.23505799586285242,0.23830734153738914,0.2369991185701752,NEAR,NEAR,0.6,1,,,0.01,0
C1_n0.01_d000_r04,C1,202611,10.3,10.3,0.0,0.23502959907357593,0.2391168492766473,0.23752855124679323,NEAR,NEAR,0.6,1,,,0.01,0
C1_n0.01_d000_r04,C1,202611,10.32,10.32,0.0,0.23534097814647711,0.23027499038444402,0.2357151610312059,NEAR,NEAR,0.6,1,,,0.01,0
C1_n0.01_d000_r04,C1,202611,10.34,10.34,0.0,0.23598506586315082,0.22146668736877242,0.23215304261559752,NEAR,NEAR,0.6,1,,,0.01,0
C1_n0.01_d000_r04,C1,202611,10.36,10.36,0.0,0.23694724367995706,0.24820145782570013,0.23616514641812317,NEAR,NEAR,0.6,1,,,0.01,0
C1_n0.01_d000_r04,C1,202611,10.38,10.38,0.0,0.23820567351795077,0.24456167999568,0.2382642798125124,NEAR,NEAR,0.6,1,,,0.01,0
C1_n0.01_d000_r04,C1,202611,10.4,10.4,0.0,0.2397317934110697,0.2328845813834813,0.23691935520525462,NEAR,NEAR,0.6,1,,,0.01,0
C1_n0.01_d000_r04,C1,202611,10.42,10.42,0.0,0.24149096576309861,0.23300468026499618,0.23594068647019,NEAR,NEAR,0.6,1,,,0.01,0
C1_n0.01_d000_r04,C1,202611,10.44,10.44,0.0,0.24344326350023596,0.23476098736301576,0.23564576169339643,NEAR,NEAR,0.6,1,,,0.01,0
C1_n0.01_d000_r04,C1,202611,10.46,10.46,0.0,0.2455443762763446,0.25916290062552083,0.24152504642642753,NEAR,NEAR,0.6,1,,,0.01,0
C1_n0.01_d000_r04,C1,202611,10.48,10.48,0.0,0.24774661616318866,0.25682386183875106,0.2453497502795084,NEAR,NEAR,0.6,1,,,0.01,0
C1_n0.01_d000_r04,C1,202611,10.5,10.5,0.0,0.25,0.25958120807720614,0.24890761472893286,NEAR,NEAR,0.6,1,,,0.01,0
C1_n0.01_d000_r04,C1,202611,10.52,10.52,0.0,0.2522533838368113,0.25547444564487026,0.2505493224579172,NEAR,NEAR,0.6,1,,,0.01,0
C1_n0.01_d000_r04,C1,202611,10.54,10.54,0.0,0.2544556237236554,0.26167363277393213,0.253330400036921,NEAR,NEAR,0.6,1,,,0.01,0
C1_n0.01_d000_r04,C1,202611,10.56,10.56,0.0,0.256556736499764,0.2679289914085883,0.2569800478798378,NEAR,NEAR,0.6,1,,,0.01,0
C1_n0.01_d000_r04,C1,202611,10.58,10.58,0.0,0.25850903423690136,0.2584811874149808,0.25735533276362355,NEAR,NEAR,0.6,1,,,0.01,0
C1_n0.01_d000_r04,C1,202611,10.6,10.6,0.0,0.2602682065889303,0.2617422026962583,0.25845205024678225,NEAR,NEAR,0.6,1,,,0.01,0
C1_n0.01_d000_r04,C1,202611,10.62,10.62,0.0,0.2617943264820492,0.26123434419410385,0.25914762373361266,NEAR,NEAR,0.6,1,,,0.01,0
C1_n0.01_d000_r04,C1,202611,10.64,10.64,0.0,0.26305275632004294,0.2559145417314445,0.2583393532330706,NEAR,NEAR,0.6,1,,,0.01,0
C1_n0.01_d000_r04,C1,202611,10.66,10.66,0.0,0.2640149341368492,0.2484539494470717,0.25586800228657086,NEAR,NEAR,0.6,1,,,0.01,0
C1_n0.01_d000_r04,C1,202611,10.68,10.68,0.0,0.2646590218535229,0.2546185878617966,0.2555556486803773,NEAR,NEAR,0.6,1,,,0.01,0
C1_n0.01_d000_r04,C1,202611,10.7,10.7,0.0,0.26497040092642404,0.26389727384795597,0.25764105497227197,NEAR,NEAR,0.6,1,,,0.01,0
C1_n0.01_d000_r04,C1,202611,10.72,10.72,0.0,0.2649420041371476,0.26511546512695755,0.25950965751094335,NEAR,NEAR,0.6,1,,,0.01,0
C1_n0.01_d000_r04,C1,202611,10.74,10.74,0.0,0.2645744759937201,0.24383332400078786,0.25559057413340447,NEAR,NEAR,0.6,1,,,0.01,0
C1_n0.01_d000_r04,C1,202611,10.76,10.76,0.0,0.26387615810251686,0.27032325370350474,0.2592737440259295,NEAR,NEAR,0.6,1,,,0.01,0
C1_n0.01_d000_r04,C1,202611,10.78,10.78,0.0,0.26286289984290484,0.25727200243247955,0.25877330862756703,NEAR,NEAR,0.6,1,,,0.01,0
C1_n0.01_d000_r04,C1,202611,10.8,10.8,0.0,0.2615576986416368,0.23122554905494072,0.25188636873441045,NEAR,NEAR,0.6,1,,,0.01,0
C1_n0.01_d000_r04,C1,202611,10.82,10.82,0.0,0.25999017801151375,0.24703414749198166,0.2506733134238033,NEAR,NEAR,0.6,1,,,0.01,0
C1_n0.01_d000_r04,C1,202611,10.84,10.84,0.0,0.25819591520101404,0.261032696308818,0.2532631591450569,NEAR,NEAR,0.6,1,,,0.01,0
C1_n0.01_d000_r04,C1,202611,10.86,10.86,0.0,0.25621563371489936,0.248883268146933,0.25216818639552596,NEAR,NEAR,0.6,1,,,0.01,0
C1_n0.01_d000_r04,C1,202611,10.88,10.88,0.0,0.2540942790327598,0.241880168780427,0.2495961819917512,NEAR,NEAR,0.6,1,,,0.01,0
C1_n0.01_d000_r04,C1,202611,10.9,10.9,0.0,0.2518799985034645,0.2518976395703523,0.2501715463864015,NEAR,NEAR,0.6,1,,,0.01,0
C1_n0.01_d000_r04,C1,202611,10.92,10.92,0.0,0.24962304856834996,0.24091770167158066,0.24785808520769628,NEAR,NEAR,0.6,1,,,0.01,0
C1_n0.01_d000_r04,C1,202611,10.94,10.94,0.0,0.24737465411537093,0.23911428281734723,0.24567213461010903,NEAR,NEAR,0.6,1,,,0.01,0
C1_n0.01_d000_r04,C1,202611,10.96,10.96,0.0,0.24518584585289174,0.2405383746469132,0.24438869461931007,NEAR,NEAR,0.6,1,,,0.01,0
C1_n0.01_d000_r04,C1,202611,10.98,10.98,0.0,0.24310630209067766,0.23769933077376204,0.24271635365792305,NEAR,NEAR,0.6,1,,,0.01,0
C1_n0.01_d000_r04,C1,202611,11.0,11.0,0.0,0.24118322121561292,0.23538929871183362,0.24088458992140066,NEAR,NEAR,0.6,1,,,0.01,0
C1_n0.01_d000_r04,C1,202611,11.02,11.02,0.0,0.2394602504530173,0.23675305468962282,0.2398517061134562,NEAR,NEAR,0.6,1,,,0.01,0
C1_n0.01_d000_r04,C1,202611,11.04,11.04,0.0,0.23797649522693692,0.24530504846112872,0.24121504170037433,NEAR,NEAR,0.6,1,,,0.01,0
C1_n0.01_d000_r04,C1,202611,11.06,11.06,0.0,0.2367656316034757,0.21530905013715462,0.2347385438095694,NEAR,NEAR,0.6,1,,,0.01,0
C1_n0.01_d000_r04,C1,202611,11.08,11.08,0.0,0.23585514196160703,0.2144415297305533,0.2296642902898154,NEAR,NEAR,0.6,1,,,0.01,0
C1_n0.01_d000_r04,C1,202611,11.1,11.1,0.0,0.23526569123906968,0.2422021202995663,0.23279874779225312,NEAR,NEAR,0.6,1,,,0.01,0
C1_n0.01_d000_r04,C1,202611,11.12,11.12,0.0,0.23501065791039116,0.24430512518720887,0.23567534214099206,NEAR,NEAR,0.6,1,,,0.01,0
C1_n0.01_d000_r04,C1,202611,11.14,11.14,0.0,0.23509583034219989,0.23200712030599255,0.2347582866822422,NEAR,NEAR,0.6,1,,,0.01,0
C1_n0.01_d000_r04,C1,202611,11.16,11.16,0.0,0.2355192754175009,0.23963433324940198,0.23597729832403214,NEAR,NEAR,0.6,1,,,0.01,0
C1_n0.01_d000_r04,C1,202611,11.18,11.18,0.0,0.2362713824106862,0.23524282001054658,0.23579367874566076,NEAR,NEAR,0.6,1,,,0.01,0
C1_n0.01_d000_r04,C1,202611,11.2,11.2,0.0,0.23733508111746973,0.22233983534923085,0.2324302178965533,NEAR,NEAR,0.6,1,,,0.01,0
C1_n0.01_d000_r04,C1,202611,11.22,11.22,0.0,0.23868622928895847,0.2409032728410272,0.23454848163267178,NEAR,NEAR,0.6,1,,,0.01,0
C1_n0.01_d000_r04,C1,202611,11.24,11.24,0.0,0.24029416057645833,0.2486933693624991,0.23808470356512862,NEAR,NEAR,0.6,1,,,0.01,0
C1_n0.01_d000_r04,C1,202611,11.26,11.26,0.0,0.24212238055058055,0.2402152288335719,0.23861733488223946,NEAR,NEAR,0.6,1,,,0.01,0
C1_n0.01_d000_r04,C1,202611,11.28,11.28,0.0,0.2441293949974419,0.2428353190308522,0.23967183091939265,NEAR,NEAR,0.6,1,,,0.01,0
C1_n0.01_d000_r04,C1,202611,11.3,11.3,0.0,0.24626965169252724,0.243367998770182,0.24059587288209,NEAR,NEAR,0.6,1,,,0.01,0
C1_n0.01_d000_r04,C1,202611,11.32,11.32,0.0,0.2484945742772318,0.25114543773162545,0.24323326409447385,NEAR,NEAR,0.6,1,,,0.01,0
C1_n0.01_d000_r04,C1,202611,11.34,11.34,0.0,0.25075366477269656,0.24132958873024113,0.24275734525341566,NEAR,NEAR,0.6,1,,,0.01,0
C1_n0.01_d000_r04,C1,202611,11.36,11.36,0.0,0.252995649707716,0.27238848129879545,0.25016512926476064,NEAR,NEAR,0.6,1,,,0.01,0
C1_n0.01_d000_r04,C1,202611,11.38,11.38,0.0,0.2551696438476178,0.2558929945213754,0.25159709557891435,NEAR,NEAR,0.6,1,,,0.01,0
C1_n0.01_d000_r04,C1,202611,11.4,11.4,0.0,0.2572263051115258,0.255257430950379,0.2525121794217805,NEAR,NEAR,0.6,1,,,0.01,0
C1_n0.01_d000_r04,C1,202611,11.42,11.42,0.0,0.25911895446541905,0.25220766987434773,0.2524360520349223,NEAR,NEAR,0.6,1,,,0.01,0
C1_n0.01_d000_r04,C1,202611,11.44,11.44,0.0,0.26080463537331855,0.27435764763917153,0.25791645093598464,NEAR,NEAR,0.6,1,,,0.01,0
C1_n0.01_d000_r04,C1,202611,11.46,11.46,0.0,0.2622450887607578,0.26384960426762094,0.2593997392688937,NEAR,NEAR,0.6,1,,,0.01,0
C1_n0.01_d000_r04,C1,202611,11.48,11.48,0.0,0.263407621362269,0.25840364714532144,0.2591507162380006,NEAR,NEAR,0.6,1,,,0.01,0
C1_n0.01_d000_r04,C1,202611,11.5,11.5,0.0,0.2642658477444273,0.26147607866851036,0.25973205684562806,NEAR,NEAR,0.6,1,,,0.01,0
C1_n0.01_d000_r04,C1,202611,11.52,11.52,0.0,0.264800289163118,0.2807198747436259,0.2649790113201275,NEAR,NEAR,0.6,1,,,0.01,0
C1_n0.01_d000_r04,C1,202611,11.54,11.54,0.0,0.2649988156630572,0.25144263440150677,0.26159491709047233,NEAR,NEAR,0.6,1,,,0.01,0
C1_n0.01_d000_r04,C1,202611,11.56,11.56,0.0,0.26485692138544975,0.2715612697336185,0.2640865052512589,NEAR,NEAR,0.6,1,,,0.01,0
C1_n0.01_d000_r04,C1,202611,11.58,11.58,0.0,0.2643778268352606,0.2716489019424052,0.26597710442404543,NEAR,NEAR,0.6,1,,,0.01,0
C1_n0.01_d000_r04,C1,202611,11.6,11.6,0.0,0.2635724057869903,0.27318930502132094,0.2677801545733643,NEAR,NEAR,0.6,1,,,0.01,0
C1_n0.01_d000_r04,C1,202611,11.62,11.62,0.0,0.2624589384879373,0.2491273661148414,0.2631169574587336,NEAR,NEAR,0.6,1,,,0.01,0
C1_n0.01_d000_r04,C1,202611,11.64,11.64,0.0,0.2610626967603726,0.267722989122817,0.26426846537475446,NEAR,NEAR,0.6,1,,,0.01,0
C1_n0.01_d000_r04,C1,202611,11.66,11.66,0.0,0.2594153704193605,0.2767682502520421,0.26739341159407637,NEAR,NEAR,0.6,1,,,0.01,0
C1_n0.01_d000_r04,C1,202611,11.68,11.68,0.0,0.2575543480245365,0.24972075111220698,0.26297524647360904,NEAR,NEAR,0.6,1,,,0.01,0
C1_n0.01_d000_r04,C1,202611,11.7,11.7,0.0,0.25552186829027024,0.25857990967363725,0.2618764122736161,NEAR,NEAR,0.6,1,,,0.01,0
C1_n0.01_d000_r04,C1,202611,11.72,11.72,0.0,0.25336406141424067,0.25528908628209684,0.26022958077573627,NEAR,NEAR,0.6,1,,,0.01,0
C1_n0.01_d000_r04,C1,202611,11.74,11.74,0.0,0.25112990208291897,0.2604614836772801,0.26028755650112223,NEAR,NEAR,0.6,1,,,0.01,0
C1_n0.01_d000_r04,C1,202611,11.76,11.76,0.0,0.24887009791708103,0.2350929880457283,0.2539889143872738,NEAR,NEAR,0.6,1,,,0.01,0
C1_n0.01_d000_r04,C1,202611,11.78,11.78,0.0,0.24663593858575936,0.2607218329299461,0.25567214402294186,NEAR,NEAR,0.6,1,,,0.01,0
C1_n0.01_d000_r04,C1,202611,11.8,11.8,0.0,0.2444781317097298,0.24039640217403696,0.25185320856071564,NEAR,NEAR,0.6,1,,,0.01,0
C1_n0.01_d000_r04,C1,202611,11.82,11.82,0.0,0.24244565197546356,0.2422792276112045,0.24945971332333783,NEAR,NEAR,0.6,1,,,0.01,0
C1_n0.01_d000_r04,C1,202611,11.84,11.84,0.0,0.2405846295806395,0.23371294462111936,0.2455230211477832,NEAR,NEAR,0.6,1,,,0.01,0
C1_n0.01_d000_r04,C1,202611,11.86,11.86,0.0,0.23893730323962745,0.24025725137799883,0.2442065787053371,NEAR,NEAR,0.6,1,,,0.01,0
C1_n0.01_d000_r04,C1,202611,11.88,11.88,0.0,0.23754106151206278,0.22947934218955013,0.24052476957639035,NEAR,NEAR,0.6,1,,,0.01,0
C1_n0.01_d000_r04,C1,202611,11.9,11.9,0.0,0.23642759421300968,0.22572894930480256,0.2368258145084934,NEAR,NEAR,0.6,1,,,0.01,0
C1_n0.01_d000_r04,C1,202611,11.92,11.92,0.0,0.23562217316473938,0.24084272561185605,0.23783004228433408,NEAR,NEAR,0.6,1,,,0.01,0
C1_n0.01_d000_r04,C1,202611,11.94,11.94,0.0,0.23514307861455025,0.23171220220721214,0.2363005822650536,NEAR,NEAR,0.6,1,,,0.01,0
C1_n0.01_d000_r04,C1,202611,11.96,11.96,0.0,0.23500118433694275,0.23170261332995046,0.23515109003127782,NEAR,NEAR,0.6,1,,,0.01,0
C1_n0.01_d000_r04,C1,202611,11.98,11.98,0.0,0.235199710836882,0.22576668593958774,0.23280498900835528,NEAR,NEAR,0.6,1,,,0.01,0
C1_n0.01_d000_r04,C1,202611,12.0,12.0,0.0,0.25,0.24711878804952012,0.2363834387686465,NEAR,NEAR,0.6,1,,,0.01,0
C1_n0.01_d000_r04,C1,202611,12.02,12.02,0.0,0.25175,0.25755523392524665,0.24167638755779652,NEAR,NEAR,0.6,1,,,0.01,0
C1_n0.01_d000_r04,C1,202611,12.04,12.04,0.0,0.25349999999999995,0.2698747950050703,0.24872598941961496,NEAR,NEAR,0.6,1,,,0.01,0
C1_n0.01_d000_r04,C1,202611,12.06,12.06,0.0,0.25525000000000003,0.2524728237775096,0.24966269800908863,NEAR,NEAR,0.6,1,,,0.01,0
C1_n0.01_d000_r04,C1,202611,12.08,12.08,0.0,0.257,0.25513595580227666,0.2510310124573857,NEAR,NEAR,0.6,1,,,0.01,0
C1_n0.01_d000_r04,C1,202611,12.1,12.1,0.0,0.25875,0.2595550992102465,0.2531620341456009,NEAR,NEAR,0.6,1,,,0.01,0
C1_n0.01_d000_r04,C1,202611,12.12,12.12,0.0,0.26049999999999995,0.28263581736650956,0.26053047995082806,NEAR,NEAR,0.6,1,,,0.01,0
C1_n0.01_d000_r04,C1,202611,12.14,12.14,0.0,0.26225000000000004,0.27063896808670534,0.2630576019847974,NEAR,NEAR,0.6,1,,,0.01,0
C1_n0.01_d000_r04,C1,202611,12.16,12.16,0.0,0.264,0.27160037264987347,0.2651932946510664,NEAR,NEAR,0.6,1,,,0.01,0
C1_n0.01_d000_r04,C1,202611,12.18,12.18,0.0,0.26575,0.26726067320283736,0.2657101392890091,NEAR,NEAR,0.6,1,,,0.01,0
C1_n0.01_d000_r04,C1,202611,12.2,12.2,0.0,0.26749999999999996,0.28283581191482127,0.26999155744546216,NEAR,NEAR,0.6,1,,,0.01,0
C1_n0.01_d000_r04,C1,202611,12.22,12.22,0.0,0.26925000000000004,0.2831705287966719,0.2732863002832646,NEAR,NEAR,0.6,1,,,0.01,0
C1_n0.01_d000_r04,C1,202611,12.24,12.24,0.0,0.271,0.2828103947931982,0.275667323910748,NEAR,NEAR,0.6,1,,,0.01,0
C1_n0.01_d000_r04,C1,202611,12.26,12.26,0.0,0.27275,0.2810338464875048,0.2770089545549372,NEAR,NEAR,0.6,1,,,0.01,0
C1_n0.01_d000_r04,C1,202611,12.28,12.28,0.0,0.27449999999999997,0.2757677746623323,0.27669865958178597,NEAR,NEAR,0.6,1,,,0.01,0
C1_n0.01_d000_r04,C1,202611,12.3,12.3,0.0,0.27625000000000005,0.293110842143399,0.2808017052221892,NEAR,NEAR,0.6,1,,,0.01,0
C1_n0.01_d000_r04,C1,202611,12.32,12.32,0.0,0.278,0.28492498294272744,0.2818325246523238,NEAR,NEAR,0.6,1,,,0.01,0
C1_n0.01_d000_r04,C1,202611,12.34,12.34,0.0,0.27975,0.25130267677682094,0.2742000626834481,NEAR,NEAR,0.6,1,,,0.01,0
C1_n0.01_d000_r04,C1,202611,12.36,12.36,0.0,0.2815,0.27325518093518314,0.2739638422463819,NEAR,NEAR,0.6,1,,,0.01,0
C1_n0.01_d000_r04,C1,202611,12.38,12.38,0.0,0.28325000000000006,0.2998986117632008,0.2804475346255866,NEAR,NEAR,0.6,1,,,0.01,0
C1_n0.01_d000_r04,C1,202611,12.4,12.4,0.0,0.28500000000000003,0.2891717291238994,0.28262858325016477,NEAR,NEAR,0.6,1,,,0.01,0
C1_n0.01_d000_r04,C1,202611,12.42,12.42,0.0,0.28675,0.296715055011984,0.28615020119061957,NEAR,NEAR,0.6,1,,,0.01,0
C1_n0.01_d000_r04,C1,202611,12.44,12.44,0.0,0.2885,0.2956392475238899,0.2885224627739371,NEAR,NEAR,0.6,1,,,0.01,0
C1_n0.01_d000_r04,C1,202611,12.46,12.46,0.0,0.29025000000000006,0.3029326540831784,0.2921250106012474,NEAR,NEAR,0.6,1,,,0.01,0
C1_n0.01_d000_r04,C1,202611,12.48,12.48,0.0,0.29200000000000004,0.2879920477600685,0.29109176989095265,NEAR,NEAR,0.6,1,,,0.01,0
C1_n0.01_d000_r04,C1,202611,12.5,12.5,0.0,0.29375,0.2889912408917994,0.2905666376411643,NEAR,NEAR,0.6,1,,,0.01,0
C1_n0.01_d000_r04,C1,202611,12.52,12.52,0.0,0.2955,0.29577952876915303,0.2918698604231615,NEAR,NEAR,0.6,1,,,0.01,0
C1_n0.01_d000_r04,C1,202611,12.54,12.54,0.0,0.2972499999999999,0.2884737179834003,0.29102082481322117,NEAR,NEAR,0.6,1,,,0.01,0
C1_n0.01_d000_r04,C1,202611,12.56,12.56,0.0,0.29900000000000004,0.2926780513080289,0.2914351314369231,NEAR,NEAR,0.6,1,,,0.01,0
C1_n0.01_d000_r04,C1,202611,12.58,12.58,0.0,0.30075,0.30239138916858366,0.2941741958698383,NEAR,NEAR,0.6,1,,,0.01,0
C1_n0.01_d000_r04,C1,202611,12.6,12.6,0.0,0.3025,0.30213629333698716,0.2961647202366255,NEAR,NEAR,0.6,1,,,0.01,0
C1_n0.01_d000_r04,C1,202611,12.62,12.62,0.0,0.3042499999999999,0.2967412929534001,0.29630886341581913,NEAR,NEAR,0.6,1,,,0.01,0
C1_n0.01_d000_r04,C1,202611,12.64,12.64,0.0,0.30600000000000005,0.28924005402877695,0.2945416610690586,NEAR,NEAR,0.6,1,,,0.01,0
C1_n0.01_d000_r04,C1,202611,12.66,12.66,0.0,0.30775,0.3080492197907986,0.2979185507494936,NEAR,NEAR,0.6,1,,,0.01,0
C1_n0.01_d000_r04,C1,202611,12.68,12.68,0.0,0.3095,0.33087377652874017,0.30615735719430526,NEAR,NEAR,0.6,1,,,0.01,0
C1_n0.01_d000_r04,C1,202611,12.7,12.7,0.0,0.3112499999999999,0.3213446653783787,0.3099541842403236,NEAR,NEAR,0.6,1,,,0.01,0
C1_n0.01_d000_r04,C1,202611,12.72,12.72,0.0,0.31300000000000006,0.29870309387320637,0.3071414116485443,NEAR,NEAR,0.6,1,,,0.01,0
C1_n0.01_d000_r04,C1,202611,12.74,12.74,0.0,0.31475000000000003,0.32734963759953495,0.312193468136292,NEAR,NEAR,0.6,1,,,0.01,0
C1_n0.01_d000_r04,C1,202611,12.76,12.76,0.0,0.3165,0.31180883410794646,0.3120973096292056,NEAR,NEAR,0.6,1,,,0.01,0
C1_n0.01_d000_r04,C1,202611,12.78,12.78,0.0,0.3182499999999999,0.30934866633221314,0.3114101488049575,NEAR,NEAR,0.6,1,,,0.01,0
C1_n0.01_d000_r04,C1,202611,12.8,12.8,0.0,0.32000000000000006,0.32445380447231975,0.31467106272179807,NEAR,NEAR,0.6,1,,,0.01,0
C1_n0.01_d000_r04,C1,202611,12.82,12.82,0.0,0.32175000000000004,0.31318789719568774,0.3143002713402705,NEAR,NEAR,0.6,1,,,0.01,0
C1_n0.01_d000_r04,C1,202611,12.84,12.84,0.0,0.3235,0.3311370913040766,0.318509476331222,NEAR,NEAR,0.6,1,,,0.01,0
C1_n0.01_d000_r04,C1,202611,12.86,12.86,0.0,0.32524999999999993,0.3264495153043067,0.3204944860744932,NEAR,NEAR,0.6,1,,,0.01,0
C1_n0.01_d000_r04,C1,202611,12.88,12.88,0.0,0.32700000000000007,0.3389604748802254,0.32511098327592625,NEAR,NEAR,0.6,1,,,0.01,0
C1_n0.01_d000_r04,C1,202611,12.9,12.9,0.0,0.32875000000000004,0.3261337416072797,0.32536667285876464,NEAR,NEAR,0.6,1,,,0.01,0
C1_n0.01_d000_r04,C1,202611,12.92,12.92,0.0,0.3305,0.33335901608869545,0.32736475866624737,NEAR,NEAR,0.6,1,,,0.01,0
C1_n0.01_d000_r04,C1,202611,12.94,12.94,0.0,0.33224999999999993,0.3342400916390236,0.3290835919094414,NEAR,NEAR,0.6,1,,,0.01,0
C1_n0.01_d000_r04,C1,202611,12.96,12.96,0.0,0.3340000000000001,0.33782338736176026,0.3312685407725211,NEAR,NEAR,0.6,1,,,0.01,0
C1_n0.01_d000_r04,C1,202611,12.98,12.98,0.0,0.33575000000000005,0.33023450090408374,0.33101003080541175,NEAR,NEAR,0.6,1,,,0.01,0
C1_n0.01_d000_r04,C1,202611,13.0,13.0,0.0,0.3375,0.33515354477611137,0.33204590929808664,NEAR,NEAR,0.6,1,,,0.01,0
C1_n0.01_d000_r04,C1,202611,13.02,13.02,0.0,0.33924999999999994,0.34328464180080703,0.3348555924237667,NEAR,NEAR,0.6,1,,,0.01,0
C1_n0.01_d000_r04,C1,202611,13.04,13.04,0.0,0.3409999999999999,0.33511156203751546,0.33491958482720396,NEAR,NEAR,0.6,1,,,0.01,0
C1_n0.01_d000_r04,C1,202611,13.06,13.06,0.0,0.34275000000000005,0.3476836304444557,0.3381105962315169,NEAR,NEAR,0.6,1,,,0.01,0
C1_n0.01_d000_r04,C1,202611,13.08,13.08,0.0,0.34450000000000003,0.34942813825869146,0.3409399817383105,NEAR,NEAR,0.6,1,,,0.01,0
C1_n0.01_d000_r04,C1,202611,13.1,13.1,0.0,0.34624999999999995,0.3482925838368813,0.34277813226295323,NEAR,NEAR,0.6,1,,,0.01,0
C1_n0.01_d000_r04,C1,202611,13.12,13.12,0.0,0.3479999999999999,0.34234842052422915,0.3426707043282722,NEAR,NEAR,0.6,1,,,0.01,0
C1_n0.01_d000_r04,C1,202611,13.14,13.14,0.0,0.34975000000000006,0.3465877296197394,0.34364996065113895,NEAR,NEAR,0.6,1,,,0.01,0
C1_n0.01_d000_r04,C1,202611,13.16,13.16,0.0,0.35150000000000003,0.34406827545392654,0.34375453935183586,FAR,NEAR,0.6,1,,,0.01,0
C1_n0.01_d000_r04,C1,202611,13.18,13.18,0.0,0.35324999999999995,0.3566638944251283,0.346981878120159,FAR,FAR,0.0,1,EXIT_NEAR,,0.01,0
C1_n0.01_d000_r04,C1,202611,13.2,13.2,0.0,0.3549999999999999,0.34864663700362863,0.34739806784102645,FAR,NEAR,0.6,1,ENTER_NEAR,,0.01,0
C1_n0.01_d000_r04,C1,202611,13.22,13.22,0.0,0.35675000000000007,0.35273522010132563,0.34873235590610124,FAR,FAR,0.0,1,EXIT_NEAR,,0.01,0
C1_n0.01_d000_r04,C1,202611,13.24,13.24,0.0,0.35850000000000004,0.3436833525663886,0.34747010507117304,FAR,NEAR,0.6,1,ENTER_NEAR,,0.01,0
C1_n0.01_d000_r04,C1,202611,13.26,13.26,0.0,0.36024999999999996,0.36264465949315505,0.35126374367666857,FAR,FAR,0.0,1,EXIT_NEAR,,0.01,0
C1_n0.01_d000_r04,C1,202611,13.28,13.28,0.0,0.36199999999999993,0.37086804520556144,0.3561648190588918,FAR,FAR,0.0,1,,,0.01,0
C1_n0.01_d000_r04,C1,202611,13.3,13.3,0.0,0.3637500000000001,0.37695420092405496,0.3613621645251826,FAR,FAR,0.0,1,,,0.01,0
C1_n0.01_d000_r04,C1,202611,13.32,13.32,0.0,0.36550000000000005,0.3589470917784841,0.360758396338508,FAR,FAR,0.0,1,,,0.01,0
C1_n0.01_d000_r04,C1,202611,13.34,13.34,0.0,0.36724999999999997,0.3644273936043009,0.36167564565495625,FAR,FAR,0.0,1,,,0.01,0
C1_n0.01_d000_r04,C1,202611,13.36,13.36,0.0,0.36899999999999994,0.37660671987221794,0.3654084142092717,FAR,FAR,0.0,1,,,0.01,0
C1_n0.01_d000_r04,C1,202611,13.38,13.38,0.0,0.3707500000000001,0.37057841721708656,0.3667009149612254,FAR,FAR,0.0,1,,,0.01,0
C1_n0.01_d000_r04,C1,202611,13.4,13.4,0.0,0.37250000000000005,0.37179849504031853,0.3679753099809987,FAR,FAR,0.0,1,,,0.01,0
C1_n0.01_d000_r04,C1,202611,13.42,13.42,0.0,0.37424999999999997,0.35853235978318126,0.3656145724315444,FAR,FAR,0.0,1,,,0.01,0
C1_n0.01_d000_r04,C1,202611,13.44,13.44,0.0,0.37599999999999995,0.37316360080843447,0.36750182952576693,FAR,FAR,0.0,1,,,0.01,0
C1_n0.01_d000_r04,C1,202611,13.46,13.46,0.0,0.37775000000000003,0.37328914229842486,0.36894865771893137,FAR,FAR,0.0,1,,,0.01,0
C1_n0.01_d000_r04,C1,202611,13.48,13.48,0.0,0.37950000000000006,0.3807022241043673,0.3718870493152904,FAR,FAR,0.0,1,,,0.01,0
C1_n0.01_d000_r04,C1,202611,13.5,13.5,0.0,0.38125,0.37532017891057423,0.37274533171411134,FAR,FAR,0.0,1,,,0.01,0
C1_n0.01_d000_r04,C1,202611,13.52,13.52,0.0,0.38299999999999995,0.38922120933696436,0.3768643011198246,FAR,FAR,0.0,1,,,0.01,0
C1_n0.01_d000_r04,C1,202611,13.54,13.54,0.0,0.3847499999999999,0.38199956121257833,0.3781481161430131,FAR,FAR,0.0,1,,,0.01,0
C1_n0.01_d000_r04,C1,202611,13.56,13.56,0.0,0.38650000000000007,0.3980964100962618,0.38313518963132526,FAR,FAR,0.0,1,,,0.01,0
C1_n0.01_d000_r04,C1,202611,13.58,13.58,0.0,0.38825,0.39022164912610097,0.3849068045050192,FAR,FAR,0.0,1,,,0.01,0
C1_n0.01_d000_r04,C1,202611,13.6,13.6,0.0,0.38999999999999996,0.36570721579770465,0.3801069073281905,FAR,FAR,0.0,1,,,0.01,0
C1_n0.01_d000_r04,C1,202611,13.62,13.62,0.0,0.39174999999999993,0.38269186120073545,0.3807531457963268,FAR,FAR,0.0,1,,,0.01,0
C1_n0.01_d000_r04,C1,202611,13.64,13.64,0.0,0.39350000000000007,0.4044889960796326,0.38668710836715325,FAR,FAR,0.0,1,,,0.01,0
C1_n0.01_d000_r04,C1,202611,13.66,13.66,0.0,0.39525,0.40642429098572586,0.3916214040217964,FAR,FAR,0.0,1,,,0.01,0
C1_n0.01_d000_r04,C1,202611,13.68,13.68,0.0,0.39699999999999996,0.4034175708949789,0.39457044574009204,FAR,FAR,0.0,1,,,0.01,0
C1_n0.01_d000_r04,C1,202611,13.7,13.7,0.0,0.39874999999999994,0.385589209789246,0.3923251367523805,FAR,FAR,0.0,1,,,0.01,0
C1_n0.01_d000_r04,C1,202611,13.72,13.72,0.0,0.4005000000000001,0.38582765190626467,0.39070076554085154,FAR,FAR,0.0,1,,,0.01,0
C1_n0.01_d000_r04,C1,202611,13.74,13.74,0.0,0.40225,0.4010998871122503,0.39330054593370123,FAR,FAR,0.0,1,,,0.01,0
C1_n0.01_d000_r04,C1,202611,13.76,13.76,0.0,0.40399999999999997,0.41866221025347133,0.39964096201364374,FAR,FAR,0.0,1,,,0.01,0
C1_n0.01_d000_r04,C1,202611,13.78,13.78,0.0,0.40574999999999994,0.4051353341793576,0.4010145550550722,FAR,FAR,0.0,1,,,0.01,0
C1_n0.01_d000_r04,C1,202611,13.8,13.8,0.0,0.4075000000000001,0.4170933794743601,0.4050342611598942,FAR,FAR,0.0,1,,,0.01,0
C1_n0.01_d000_r04,C1,202611,13.82,13.82,0.0,0.40925,0.4031975647342724,0.40457508705348877,FAR,FAR,0.0,1,,,0.01,0
C1_n0.01_d000_r04,C1,202611,13.84,13.84,0.0,0.411,0.40779610844698383,0.40538034240186255,FAR,FAR,0.0,1,,,0.01,0
C1_n0.01_d000_r04,C1,202611,13.86,13.86,0.0,0.41274999999999995,0.41281903852625773,0.40724001643296137,FAR,FAR,0.0,1,,,0.01,0
C1_n0.01_d000_r04,C1,202611,13.88,13.88,0.0,0.4145000000000001,0.4206202010858289,0.4105850625961782,FAR,FAR,0.0,1,,,0.01,0
C1_n0.01_d000_r04,C1,202611,13.9,13.9,0.0,0.41625,0.4116197360844976,0.41084373096825805,FAR,FAR,0.0,1,,,0.01,0
C1_n0.01_d000_r04,C1,202611,13.92,13.92,0.0,0.418,0.426433343259914,0.4147411340411721,FAR,FAR,0.0,1,,,0.01,0
C1_n0.01_d000_r04,C1,202611,13.94,13.94,0.0,0.41974999999999996,0.412664988513972,0.414222097659372,FAR,FAR,0.0,1,,,0.01,0
C1_n0.01_d000_r04,C1,202611,13.96,13.96,0.0,0.4215000000000001,0.42453730376937365,0.4168008991868724,FAR,FAR,0.0,1,,,0.01,0
C1_n0.01_d000_r04,C1,202611,13.98,13.98,0.0,0.42325,0.41660876093432875,0.4167528646237365,FAR,FAR,0.0,1,,,0.01,0
C1_n0.01_d000_r04,C1,202611,14.0,14.0,0.0,0.425,0.42671475540305054,0.41924333731856506,FAR,FAR,0.0,1,,,0.01,0
C1_n0.01_d000_r04,C1,202611,14.02,14.02,0.0,0.42674999999999996,0.42618713469710234,0.4209792866631994,FAR,FAR,0.0,1,,,0.01,0
C1_n0.01_d000_r04,C1,202611,14.04,14.04,0.0,0.4284999999999999,0.4358111114407955,0.4246872428575984,FAR,FAR,0.0,1,,,0.01,0
C1_n0.01_d000_r04,C1,202611,14.06,14.06,0.0,0.43025,0.436029588345915,0.42752282922967755,FAR,FAR,0.0,1,,,0.01,0
C1_n0.01_d000_r04,C1,202611,14.08,14.08,0.0,0.432,0.44650280359350447,0.43226782282063425,FAR,FAR,0.0,1,,,0.01,0
C1_n0.01_d000_r04,C1,202611,14.1,14.1,0.0,0.43374999999999997,0.4469381678141795,0.43593540906902056,FAR,FAR,0.0,1,,,0.01,0
C1_n0.01_d000_r04,C1,202611,14.12,14.12,0.0,0.4354999999999999,0.4417823096732184,0.43739713422007,FAR,FAR,0.0,1,,,0.01,0
C1_n0.01_d000_r04,C1,202611,14.14,14.14,0.0,0.43725,0.42970090585921034,0.43547307712985506,FAR,FAR,0.0,1,,,0.01,0
C1_n0.01_d000_r04,C1,202611,14.16,14.16,0.0,0.439,0.44069479345972523,0.4367785062123226,FAR,FAR,0.0,1,,,0.01,0
C1_n0.01_d000_r04,C1,202611,14.18,14.18,0.0,0.44075,0.44685800426473943,0.4392983807254268,FAR,FAR,0.0,1,,,0.01,0
C1_n0.01_d000_r04,C1,202611,14.2,14.2,0.0,0.4424999999999999,0.42373037616582454,0.4354063795855263,FAR,FAR,0.0,1,,,0.01,0
C1_n0.01_d000_r04,C1,202611,14.22,14.22,0.0,0.44425000000000003,0.4521801843349721,0.4395998307728878,FAR,FAR,0.0,1,,,0.01,0
C1_n0.01_d000_r04,C1,202611,14.24,14.24,0.0,0.446,0.4433621915427802,0.44054042096536095,FAR,FAR,0.0,1,,,0.01,0
C1_n0.01_d000_r04,C1,202611,14.26,14.26,0.0,0.44775,0.44114296115919505,0.44069105601381947,FAR,FAR,0.0,1,,,0.01,0
C1_n0.01_d000_r04,C1,202611,14.28,14.28,0.0,0.4494999999999999,0.44791162894981085,0.4424961992478173,FAR,FAR,0.0,1,,,0.01,0
C1_n0.01_d000_r04,C1,202611,14.3,14.3,0.0,0.45125000000000004,0.44471600641871684,0.44305115104054216,FAR,FAR,0.0,1,,,0.01,0
C1_n0.01_d000_r04,C1,202611,14.32,14.32,0.0,0.453,0.4571364835615098,0.4465724841707841,FAR,FAR,0.0,1,,,0.01,0
C1_n0.01_d000_r04,C1,202611,14.34,14.34,0.0,0.45475,0.4602652123546738,0.4499956662167565,FAR,FAR,0.0,1,,,0.01,0
C1_n0.01_d000_r04,C1,202611,14.36,14.36,0.0,0.4564999999999999,0.4443103879504513,0.4485743466501802,FAR,FAR,0.0,1,,,0.01,0
C1_n0.01_d000_r04,C1,202611,14.38,14.38,0.0,0.45825000000000005,0.47176508212063795,0.4543720305177946,FAR,FAR,0.0,1,,,0.01,0
C1_n0.01_d000_r04,C1,202611,14.4,14.4,0.0,0.46,0.4592630973472523,0.455594797225159,FAR,FAR,0.0,1,,,0.01,0
C1_n0.01_d000_r04,C1,202611,14.42,14.42,0.0,0.46175,0.48100616878265745,0.4619476401145336,FAR,FAR,0.0,1,,,0.01,0
C1_n0.01_d000_r04,C1,202611,14.44,14.44,0.0,0.4634999999999999,0.4568681252209783,0.46067776139114475,FAR,FAR,0.0,1,,,0.01,0
C1_n0.01_d000_r04,C1,202611,14.46,14.46,0.0,0.46525000000000005,0.47566915627162637,0.46442561011126515,FAR,FAR,0.0,1,,,0.01,0
C1_n0.01_d000_r04,C1,202611,14.48,14.48,0.0,0.467,0.4565885895182098,0.4624663549630013,FAR,FAR,0.0,1,,,0.01,0
C1_n0.01_d000_r04,C1,202611,14.5,14.5,0.0,0.46875,0.48420574854291176,0.4679012033579789,FAR,FAR,0.0,1,,,0.01,0
C1_n0.01_d000_r04,C1,202611,14.52,14.52,0.0,0.4704999999999999,0.48093979670439935,0.47116085169458405,FAR,FAR,0.0,1,,,0.01,0
C1_n0.01_d000_r04,C1,202611,14.54,14.54,0.0,0.47224999999999995,0.43907875308186645,0.4631403270414047,FAR,FAR,0.0,1,,,0.01,0
C1_n0.01_d000_r04,C1,202611,14.56,14.56,0.0,0.47400000000000003,0.48016091347019646,0.4673954736486026,FAR,FAR,0.0,1,,,0.01,0
C1_n0.01_d000_r04,C1,202611,14.58,14.58,0.0,0.47575,0.4621797307492871,0.4660915379237738,FAR,FAR,0.0,1,,,0.01,0
C1_n0.01_d000_r04,C1,202611,14.6,14.6,0.0,0.4774999999999999,0.48142065062739053,0.469923816099678,FAR,FAR,0.0,1,,,0.01,0
C1_n0.01_d000_r04,C1,202611,14.62,14.62,0.0,0.47924999999999995,0.487947440710727,0.47442972225244023,FAR,FAR,0.0,1,,,0.01,0
C1_n0.01_d000_r04,C1,202611,14.64,14.64,0.0,0.48100000000000004,0.48747744692796496,0.4776916534213214,FAR,FAR,0.0,1,,,0.01,0
C1_n0.01_d000_r04,C1,202611,14.66,14.66,0.0,0.48275,0.4861561436313143,0.47980777597381963,FAR,FAR,0.0,1,,,0.01,0
C1_n0.01_d000_r04,C1,202611,14.68,14.68,0.0,0.48449999999999993,0.48095174572213706,0.480093768410899,FAR,FAR,0.0,1,,,0.01,0
C1_n0.01_d000_r04,C1,202611,14.7,14.7,0.0,0.48624999999999996,0.4911682002265538,0.4828623763648127,FAR,FAR,0.0,1,,,0.01,0
C1_n0.01_d000_r04,C1,202611,14.72,14.72,0.0,0.48800000000000004,0.4960858693505052,0.48616824961123584,FAR,FAR,0.0,1,,,0.01,0
C1_n0.01_d000_r04,C1,202611,14.74,14.74,0.0,0.48975,0.5009262869037729,0.4898577589343701,FAR,FAR,0.0,1,,,0.01,0
C1_n0.01_d000_r04,C1,202611,14.76,14.76,0.0,0.49149999999999994,0.5151831284907249,0.4961891013234588,FAR,FAR,0.0,1,,,0.01,0
C1_n0.01_d000_r04,C1,202611,14.78,14.78,0.0,0.49324999999999997,0.49368424688147045,0.4955628877129617,FAR,FAR,0.0,1,,,0.01,0
C1_n0.01_d000_r04,C1,202611,14.8,14.8,0.0,0.49500000000000005,0.511615851984537,0.49957612878085556,FAR,FAR,0.0,1,,,0.01,0
C1_n0.01_d000_r04,C1,202611,14.82,14.82,0.0,0.49675,0.4977029696326172,0.49910783899379596,FAR,FAR,0.0,1,,,0.01,0
C1_n0.01_d000_r04,C1,202611,14.84,14.84,0.0,0.49849999999999994,0.5102333173276443,0.501889208577258,FAR,FAR,0.0,1,,,0.01,0
C1_n0.01_d000_r04,C1,202611,14.86,14.86,0.0,0.5002499999999999,0.49442084707724765,0.5000221182022555,FAR,FAR,0.0,1,,,0.01,0
C1_n0.01_d000_r04,C1,202611,14.88,14.88,0.0,0.502,0.49308983388805727,0.4982890471237059,FAR,FAR,0.0,1,,,0.01,0
C1_n0.01_d000_r04,C1,202611,14.9,14.9,0.0,0.50375,0.5012766876338385,0.49903595725123906,FAR,FAR,0.0,1,,,0.01,0
C1_n0.01_d000_r04,C1,202611,14.92,14.92,0.0,0.5055000000000001,0.5239253520031644,0.5052583059392204,FAR,FAR,0.0,1,,,0.01,0
C1_n0.01_d000_r04,C1,202611,14.94,14.94,0.0,0.50725,0.5117112876519238,0.5068715513673963,FAR,FAR,0.0,1,,,0.01,0
C1_n0.01_d000_r04,C1,202611,14.96,14.96,0.0,0.5090000000000001,0.5096827954462744,0.5075743623871158,FAR,FAR,0.0,1,,,0.01,0
C1_n0.01_d000_r04,C1,202611,14.98,14.98,0.0,0.51075,0.5129486707690009,0.5089179394825871,FAR,FAR,0.0,1,,,0.01,0
C1_n0.01_d000_r04,C1,202611,15.0,15.0,0.0,0.5125,0.5000304078589768,0.5066960565766845,FAR,FAR,0.0,1,,,0.01,0
C1_n0.01_d000_r04,C1,202611,15.02,15.02,0.0,0.5142499999999999,0.5194756080349323,0.5098909444412465,FAR,FAR,0.0,1,,,0.01,0
C1_n0.01_d000_r04,C1,202611,15.04,15.04,0.0,0.5159999999999999,0.5104277146666165,0.510025136997589,FAR,FAR,0.0,1,,,0.01,0
C1_n0.01_d000_r04,C1,202611,15.06,15.06,0.0,0.51775,0.5216468159311588,0.5129305567309814,FAR,FAR,0.0,1,,,0.01,0
C1_n0.01_d000_r04,C1,202611,15.08,15.08,0.0,0.5195,0.5202654081301976,0.5147642695807855,FAR,FAR,0.0,1,,,0.01,0
C1_n0.01_d000_r04,C1,202611,15.1,15.1,0.0,0.52125,0.5263867331428259,0.5176698854712956,FAR,FAR,0.0,1,,,0.01,0
C1_n0.01_d000_r04,C1,202611,15.12,15.12,0.0,0.5229999999999999,0.5112012340414418,0.5160527226138321,FAR,FAR,0.0,1,,,0.01,0
C1_n0.01_d000_r04,C1,202611,15.14,15.14,0.0,0.52475,0.5244253984991929,0.5181458915851722,FAR,FAR,0.0,1,,,0.01,0
C1_n0.01_d000_r04,C1,202611,15.16,15.16,0.0,0.5265,0.5245606774499166,0.5197495880513583,FAR,FAR,0.0,1,,,0.01,0
C1_n0.01_d000_r04,C1,202611,15.18,15.18,0.0,0.5282499999999999,0.5399585051471574,0.5248018173253081,FAR,FAR,0.0,1,,,0.01,0
C1_n0.01_d000_r04,C1,202611,15.2,15.2,0.0,0.5299999999999999,0.5197057805149805,0.5235278081227261,FAR,FAR,0.0,1,,,0.01,0
C1_n0.01_d000_r04,C1,202611,15.22,15.22,0.0,0.5317500000000001,0.5215311506876593,0.5230286437639594,FAR,FAR,0.0,1,,,0.01,0
C1_n0.01_d000_r04,C1,202611,15.24,15.24,0.0,0.5335,0.5295857186287595,0.5246679124801594,FAR,FAR,0.0,1,,,0.01,0
C1_n0.01_d000_r04,C1,202611,15.26,15.26,0.0,0.53525,0.5469505085396145,0.5302385614950231,FAR,FAR,0.0,1,,,0.01,0
C1_n0.01_d000_r04,C1,202611,15.28,15.28,0.0,0.5369999999999999,0.535615186596815,0.5315827177704711,FAR,FAR,0.0,1,,,0.01,0
C1_n0.01_d000_r04,C1,202611,15.3,15.3,0.0,0.5387500000000001,0.5419906985356467,0.534184712961765,FAR,FAR,0.0,1,,,0.01,0
C1_n0.01_d000_r04,C1,202611,15.32,15.32,0.0,0.5405,0.540408912996177,0.535740762970368,FAR,FAR,0.0,1,,,0.01,0
C1_n0.01_d000_r04,C1,202611,15.34,15.34,0.0,0.5422499999999999,0.547153188067888,0.5385938692447481,FAR,FAR,0.0,1,,,0.01,0
C1_n0.01_d000_r04,C1,202611,15.36,15.36,0.0,0.5439999999999999,0.5493729187816938,0.5412886316289844,FAR,FAR,0.0,1,,,0.01,0
C1_n0.01_d000_r04,C1,202611,15.38,15.38,0.0,0.5457500000000001,0.5479541972963193,0.5429550230458182,FAR,FAR,0.0,1,,,0.01,0
C1_n0.01_d000_r04,C1,202611,15.4,15.4,0.0,0.5475,0.5445664725048719,0.5433578854105816,FAR,FAR,0.0,1,,,0.01,0
C1_n0.01_d000_r04,C1,202611,15.42,15.42,0.0,0.54925,0.5550012205953783,0.5462687192067808,FAR,FAR,0.0,1,,,0.01,0
C1_n0.01_d000_r04,C1,202611,15.44,15.44,0.0,0.5509999999999999,0.5481195536169816,0.5467314278093309,FAR,FAR,0.0,1,,,0.01,0
C1_n0.01_d000_r04,C1,202611,15.46,15.46,0.0,0.5527500000000001,0.5499570439421528,0.5475378318425363,FAR,FAR,0.0,1,,,0.01,0
C1_n0.01_d000_r04,C1,202611,15.48,15.48,0.0,0.5545,0.5611918881392746,0.5509513459167209,FAR,FAR,0.0,1,,,0.01,0
C1_n0.01_d000_r04,C1,202611,15.5,15.5,0.0,0.5562499999999999,0.5755155200516969,0.5570923894504649,FAR,FAR,0.0,1,,,0.01,0
C1_n0.01_d000_r04,C1,202611,15.52,15.52,0.0,0.5579999999999999,0.5506556243394446,0.5554831981727099,FAR,FAR,0.0,1,,,0.01,0
C1_n0.01_d000_r04,C1,202611,15.54,15.54,0.0,0.55975,0.5609182728247232,0.5568419668357132,FAR,FAR,0.0,1,,,0.01,0
C1_n0.01_d000_r04,C1,202611,15.56,15.56,0.0,0.5615,0.5388984453340497,0.5523560864602973,FAR,FAR,0.0,1,,,0.01,0
C1_n0.01_d000_r04,C1,202611,15.58,15.58,0.0,0.56325,0.5633920076306905,0.5551150667528957,FAR,FAR,0.0,1,,,0.01,0
C1_n0.01_d000_r04,C1,202611,15.6,15.6,0.0,0.565,0.5705495008207023,0.5589736752698473,FAR,FAR,0.0,1,,,0.01,0
C1_n0.01_d000_r04,C1,202611,15.62,15.62,0.0,0.5667499999999999,0.5568813393413197,0.5584505912877153,FAR,FAR,0.0,1,,,0.01,0
C1_n0.01_d000_r04,C1,202611,15.64,15.64,0.0,0.5685,0.590187512067544,0.5663848214826726,FAR,FAR,0.0,1,,,0.01,0
C1_n0.01_d000_r04,C1,202611,15.66,15.66,0.0,0.5702499999999999,0.5659117515286752,0.5662665539941732,FAR,FAR,0.0,1,,,0.01,0
C1_n0.01_d000_r04,C1,202611,15.68,15.68,0.0,0.572,0.5668063697788757,0.5664015079403488,FAR,FAR,0.0,1,,,0.01,0
C1_n0.01_d000_r04,C1,202611,15.7,15.7,0.0,0.57375,0.581734395799038,0.5702347299050211,FAR,FAR,0.0,1,,,0.01,0
C1_n0.01_d000_r04,C1,202611,15.72,15.72,0.0,0.5755,0.5762880364627259,0.5717480565444473,FAR,FAR,0.0,1,,,0.01,0
C1_n0.01_d000_r04,C1,202611,15.74,15.74,0.0,0.57725,0.5770404133157498,0.5730711457372729,FAR,FAR,0.0,1,,,0.01,0
C1_n0.01_d000_r04,C1,202611,15.76,15.76,0.0,0.579,0.5713675037892962,0.5726452352502787,FAR,FAR,0.0,1,,,0.01,0
C1_n0.01_d000_r04,C1,202611,15.78,15.78,0.0,0.5807499999999999,0.5733292957717683,0.5728162503806511,FAR,FAR,0.0,1,,,0.01,0
C1_n0.01_d000_r04,C1,202611,15.8,15.8,0.0,0.5825,0.6018619140301323,0.5800776662930214,FAR,FAR,0.0,1,,,0.01,0
C1_n0.01_d000_r04,C1,202611,15.82,15.82,0.0,0.5842499999999999,0.5723912516844775,0.5781560626408854,FAR,FAR,0.0,1,,,0.01,0
C1_n0.01_d000_r04,C1,202611,15.84,15.84,0.0,0.586,0.5714582870558523,0.5764816187446271,FAR,FAR,0.0,1,,,0.01,0
C1_n0.01_d000_r04,C1,202611,15.86,15.86,0.0,0.58775,0.5700027331761491,0.5748618973525076,FAR,FAR,0.0,1,,,0.01,0
C1_n0.01_d000_r04,C1,202611,15.88,15.88,0.0,0.5895,0.59034246494679,0.5787320392510782,FAR,FAR,0.0,1,,,0.01,0
C1_n0.01_d000_r04,C1,202611,15.9,15.9,0.0,0.59125,0.5831766996455179,0.5798432043496882,FAR,FAR,0.0,1,,,0.01,0
C1_n0.01_d000_r04,C1,202611,15.92,15.92,0.0,0.593,0.5884651858796026,0.5819986997321668,FAR,FAR,0.0,1,,,0.01,0
C1_n0.01_d000_r04,C1,202611,15.94,15.94,0.0,0.5947499999999999,0.5899551934964299,0.5839878231732325,FAR,FAR,0.0,1,,,0.01,0
C1_n0.01_d000_r04,C1,202611,15.96,15.96,0.0,0.5965,0.6150432827222005,0.5917516880604745,FAR,FAR,0.0,1,,,0.01,0
C1_n0.01_d000_r04,C1,202611,15.98,15.98,0.0,0.59825,0.5983644992320749,0.5934048908533747,FAR,FAR,0.0,1,,,0.01,0
C1_n0.01_d000_r04,C1,202611,16.0,16.0,0.0,0.6,0.6037229635085141,0.5959844090171595,FAR,FAR,0.0,1,,,0.01,0
C1_n0.01_d000_r04,C1,202611,16.02,16.02,0.0,0.6,0.5849269792941366,0.5932200515864038,FAR,FAR,0.0,1,,,0.01,0
C1_n0.01_d000_r04,C1,202611,16.04,16.04,0.0,0.6,0.597800329073553,0.594365120958191,FAR,FAR,0.0,1,,,0.01,0
C1_n0.01_d000_r04,C1,202611,16.06,16.06,0.0,0.6,0.588940849126093,0.5930090530001666,FAR,FAR,0.0,1,,,0.01,0
C1_n0.01_d000_r04,C1,202611,16.08,16.08,0.0,0.6,0.6069142482573348,0.5964853518144586,FAR,FAR,0.0,1,,,0.01,0
C1_n0.01_d000_r04,C1,202611,16.1,16.1,0.0,0.6,0.5721140332384885,0.5903925221704661,FAR,FAR,0.0,1,,,0.01,0
C1_n0.01_d000_r04,C1,202611,16.12,16.12,0.0,0.6,0.6024125166988911,0.5933975208025724,FAR,FAR,0.0,1,,,0.01,0
C1_n0.01_d000_r04,C1,202611,16.14,16.14,0.0,0.6,0.5763787836172927,0.5891428365062524,FAR,FAR,0.0,1,,,0.01,0
C1_n0.01_d000_r04,C1,202611,16.16,16.16,0.0,0.6,0.5895476437307309,0.589244038312372,FAR,FAR,0.0,1,,,0.01,0
C1_n0.01_d000_r04,C1,202611,16.18,16.18,0.0,0.6,0.6173272184751131,0.5962648333530574,FAR,FAR,0.0,1,,,0.01,0
C1_n0.01_d000_r04,C1,202611,16.2,16.2,0.0,0.6,0.6161000083518283,0.6012236271027501,FAR,FAR,0.0,1,,,0.01,0
C1_n0.01_d000_r04,C1,202611,16.22,16.22,0.0,0.6,0.6099695661635987,0.6034101118679622,FAR,FAR,0.0,1,,,0.01,0
C1_n0.01_d000_r04,C1,202611,16.24,16.24,0.0,0.6,0.6063172084815895,0.6041368860213691,FAR,FAR,0.0,1,,,0.01,0
C1_n0.01_d000_r04,C1,202611,16.26,16.26,0.0,0.6,0.6030376700500001,0.6038620820285268,FAR,FAR,0.0,1,,,0.01,0
C1_n0.01_d000_r04,C1,202611,16.28,16.28,0.0,0.6,0.6132402418368919,0.606206621980618,FAR,FAR,0.0,1,,,0.01,0
C1_n0.01_d000_r04,C1,202611,16.3,16.3,0.0,0.6,0.5990005578687795,0.6044051059526584,FAR,FAR,0.0,1,,,0.01,0
C1_n0.01_d000_r04,C1,202611,16.32,16.32,0.0,0.6,0.5977534179716926,0.602742183957417,FAR,FAR,0.0,1,,,0.01,0
C1_n0.01_d000_r04,C1,202611,16.34,16.34,0.0,0.6,0.6049612939796942,0.6032969614629863,FAR,FAR,0.0,1,,,0.01,0
C1_n0.01_d000_r04,C1,202611,16.36,16.36,0.0,0.6,0.5982481933572596,0.6020347694365547,FAR,FAR,0.0,1,,,0.01,0
C1_n0.01_d000_r04,C1,202611,16.38,16.38,0.0,0.6,0.5894258245485302,0.5988825332145485,FAR,FAR,0.0,1,,,0.01,0
C1_n0.01_d000_r04,C1,202611,16.4,16.4,0.0,0.6,0.599406749040999,0.5990135871711612,FAR,FAR,0.0,1,,,0.01,0
C1_n0.01_d000_r04,C1,202611,16.42,16.42,0.0,0.6,0.5882753690601343,0.5963290326434044,FAR,FAR,0.0,1,,,0.01,0
C1_n0.01_d000_r04,C1,202611,16.44,16.44,0.0,0.6,0.5914525312991155,0.5951099073073323,FAR,FAR,0.0,1,,,0.01,0
C1_n0.01_d000_r04,C1,202611,16.46,16.46,0.0,0.6,0.5830672483001417,0.5920992425555346,FAR,FAR,0.0,1,,,0.01,0
C1_n0.01_d000_r04,C1,202611,16.48,16.48,0.0,0.6,0.5984785347659305,0.5936940656081335,FAR,FAR,0.0,1,,,0.01,0
C1_n0.01_d000_r04,C1,202611,16.5,16.5,0.0,0.6,0.6255290815571541,0.6016528195953887,FAR,FAR,0.0,1,,,0.01,0
C1_n0.01_d000_r04,C1,202611,16.52,16.52,0.0,0.6,0.5924903946464574,0.5993622133581559,FAR,FAR,0.0,1,,,0.01,0
C1_n0.01_d000_r04,C1,202611,16.54,16.54,0.0,0.6,0.5850838604730293,0.5957926251368743,FAR,FAR,0.0,1,,,0.01,0
C1_n0.01_d000_r04,C1,202611,16.56,16.56,0.0,0.6,0.6227942833692626,0.6025430396949714,FAR,FAR,0.0,1,,,0.01,0
C1_n0.01_d000_r04,C1,202611,16.58,16.58,0.0,0.6,0.6046295675873905,0.6030646716680761,FAR,FAR,0.0,1,,,0.01,0
C1_n0.01_d000_r04,C1,202611,16.6,16.6,0.0,0.6,0.6014178325242246,0.6026529618821133,FAR,FAR,0.0,1,,,0.01,0
C1_n0.01_d000_r04,C1,202611,16.62,16.62,0.0,0.6,0.6037204430468519,0.6029198321732979,FAR,FAR,0.0,1,,,0.01,0
C1_n0.01_d000_r04,C1,202611,16.64,16.64,0.0,0.6,0.5855744796119182,0.5985834940329531,FAR,FAR,0.0,1,,,0.01,0
C1_n0.01_d000_r04,C1,202611,16.66,16.66,0.0,0.6,0.6045104409928542,0.6000652307729284,FAR,FAR,0.0,1,,,0.01,0
C1_n0.01_d000_r04,C1,202611,16.68,16.68,0.0,0.6,0.6094455204883205,0.6024103032017765,FAR,FAR,0.0,1,,,0.01,0
C1_n0.01_d000_r04,C1,202611,16.7,16.7,0.0,0.6,0.594794842273795,0.6005064379697811,FAR,FAR,0.0,1,,,0.01,0
C1_n0.01_d000_r04,C1,202611,16.72,16.72,0.0,0.6,0.5825229674731031,0.5960105703456116,FAR,FAR,0.0,1,,,0.01,0
C1_n0.01_d000_r04,C1,202611,16.74,16.74,0.0,0.6,0.6069255470174403,0.5987393145135688,FAR,FAR,0.0,1,,,0.01,0
C1_n0.01_d000_r04,C1,202611,16.76,16.76,0.0,0.6,0.5828552950028876,0.5947683096358984,FAR,FAR,0.0,1,,,0.01,0
C1_n0.01_d000_r04,C1,202611,16.78,16.78,0.0,0.6,0.589068727052279,0.5933434139899936,FAR,FAR,0.0,1,,,0.01,0
C1_n0.01_d000_r04,C1,202611,16.8,16.8,0.0,0.6,0.5968353206371729,0.5942163906517884,FAR,FAR,0.0,1,,,0.01,0
C1_n0.01_d000_r04,C1,202611,16.82,16.82,0.0,0.6,0.6147680878440094,0.5993543149498437,FAR,FAR,0.0,1,,,0.01,0
C1_n0.01_d000_r04,C1,202611,16.84,16.84,0.0,0.6,0.5954080529820766,0.5983677494579019,FAR,FAR,0.0,1,,,0.01,0
C1_n0.01_d000_r04,C1,202611,16.86,16.86,0.0,0.6,0.5877124738127903,0.5957039305466241,FAR,FAR,0.0,1,,,0.01,0
C1_n0.01_d000_r04,C1,202611,16.88,16.88,0.0,0.6,0.5984050443715343,0.5963792090028517,FAR,FAR,0.0,1,,,0.01,0
C1_n0.01_d000_r04,C1,202611,16.9,16.9,0.0,0.6,0.5997806995514409,0.597229581639999,FAR,FAR,0.0,1,,,0.01,0
C1_n0.01_d000_r04,C1,202611,16.92,16.92,0.0,0.6,0.6111632310288893,0.6007129939872216,FAR,FAR,0.0,1,,,0.01,0
C1_n0.01_d000_r04,C1,202611,16.94,16.94,0.0,0.6,0.6086750797975955,0.602703515439815,FAR,FAR,0.0,1,,,0.01,0
C1_n0.01_d000_r04,C1,202611,16.96,16.96,0.0,0.6,0.5710494489833087,0.5947899988256884,FAR,FAR,0.0,1,,,0.01,0
C1_n0.01_d000_r04,C1,202611,16.98,16.98,0.0,0.6,0.6064692046616507,0.597709800284679,FAR,FAR,0.0,1,,,0.01,0
C1_n0.01_d000_r04,C1,202611,17.0,17.0,0.0,0.6,0.5905300819000346,0.5959148706885179,FAR,FAR,0.0,1,,,0.01,0
C1_n0.01_d000_r04,C1,202611,17.02,17.02,0.0,0.6,0.6144073287098181,0.6005379851938429,FAR,FAR,0.0,1,,,0.01,0
C1_n0.01_d000_r04,C1,202611,17.04,17.04,0.0,0.6,0.6009205144648628,0.6006336175115978,FAR,FAR,0.0,1,,,0.01,0
C1_n0.01_d000_r04,C1,202611,17.06,17.06,0.0,0.6,0.6104182727313583,0.6030797813165379,FAR,FAR,0.0,1,,,0.01,0
C1_n0.01_d000_r04,C1,202611,17.08,17.08,0.0,0.6,0.6085966041392169,0.6044589870222077,FAR,FAR,0.0,1,,,0.01,0
C1_n0.01_d000_r04,C1,202611,17.1,17.1,0.0,0.6,0.6002429955268165,0.6034049891483599,FAR,FAR,0.0,1,,,0.01,0
C1_n0.01_d000_r04,C1,202611,17.12,17.12,0.0,0.6,0.6109834143855949,0.6052995954576686,FAR,FAR,0.0,1,,,0.01,0
C1_n0.01_d000_r04,C1,202611,17.14,17.14,0.0,0.6,0.6035900700970929,0.6048722141175247,FAR,FAR,0.0,1,,,0.01,0
C1_n0.01_d000_r04,C1,202611,17.16,17.16,0.0,0.6,0.6002985553694927,0.6037287994305167,FAR,FAR,0.0,1,,,0.01,0
C1_n0.01_d000_r04,C1,202611,17.18,17.18,0.0,0.6,0.5962276490303884,0.6018535118304846,FAR,FAR,0.0,1,,,0.01,0
C1_n0.01_d000_r04,C1,202611,17.2,17.2,0.0,0.6,0.6150382701701004,0.6051497014153886,FAR,FAR,0.0,1,,,0.01,0
C1_n0.01_d000_r04,C1,202611,17.22,17.22,0.0,0.6,0.6004559240020525,0.6039762570620546,FAR,FAR,0.0,1,,,0.01,0
C1_n0.01_d000_r04,C1,202611,17.24,17.24,0.0,0.6,0.6051625383137875,0.6042728273749878,FAR,FAR,0.0,1,,,0.01,0
C1_n0.01_d000_r04,C1,202611,17.26,17.26,0.0,0.6,0.5979079151200039,0.6026815993112418,FAR,FAR,0.0,1,,,0.01,0
C1_n0.01_d000_r04,C1,202611,17.28,17.28,0.0,0.6,0.5858586491613588,0.598475861773771,FAR,FAR,0.0,1,,,0.01,0
C1_n0.01_d000_r04,C1,202611,17.3,17.3,0.0,0.6,0.6088337595259653,0.6010653362118196,FAR,FAR,0.0,1,,,0.01,0
C1_n0.01_d000_r04,C1,202611,17.32,17.32,0.0,0.6,0.6026837252449171,0.6014699334700939,FAR,FAR,0.0,1,,,0.01,0
C1_n0.01_d000_r04,C1,202611,17.34,17.34,0.0,0.6,0.5870440006302446,0.5978634502601317,FAR,FAR,0.0,1,,,0.01,0
C1_n0.01_d000_r04,C1,202611,17.36,17.36,0.0,0.6,0.5928983559455409,0.596622176681484,FAR,FAR,0.0,1,,,0.01,0
C1_n0.01_d000_r04,C1,202611,17.38,17.38,0.0,0.6,0.5943959697537833,0.5960656249495588,FAR,FAR,0.0,1,,,0.01,0
C1_n0.01_d000_r04,C1,202611,17.4,17.4,0.0,0.6,0.6047432117690809,0.5982350216544393,FAR,FAR,0.0,1,,,0.01,0
C1_n0.01_d000_r04,C1,202611,17.42,17.42,0.0,0.6,0.6081388327341597,0.6007109744243694,FAR,FAR,0.0,1,,,0.01,0
C1_n0.01_d000_r04,C1,202611,17.44,17.44,0.0,0.6,0.5751085327092045,0.5943103639955781,FAR,FAR,0.0,1,,,0.01,0
C1_n0.01_d000_r04,C1,202611,17.46,17.46,0.0,0.6,0.5946707502155154,0.5944004605505624,FAR,FAR,0.0,1,,,0.01,0
C1_n0.01_d000_r04,C1,202611,17.48,17.48,0.0,0.6,0.5968144208533327,0.595003950626255,FAR,FAR,0.0,1,,,0.01,0
C1_n0.01_d000_r04,C1,202611,17.5,17.5,0.0,0.6,0.6157848826920381,0.6001991836427008,FAR,FAR,0.0,1,,,0.01,0
C1_n0.01_d000_r04,C1,202611,17.52,17.52,0.0,0.6,0.5903750830259024,0.5977431584885011,FAR,FAR,0.0,1,,,0.01,0
C1_n0.01_d000_r04,C1,202611,17.54,17.54,0.0,0.6,0.5946908036315433,0.5969800697742617,FAR,FAR,0.0,1,,,0.01,0
C1_n0.01_d000_r04,C1,202611,17.56,17.56,0.0,0.6,0.6113362824343821,0.6005691229392918,FAR,FAR,0.0,1,,,0.01,0
C1_n0.01_d000_r04,C1,202611,17.58,17.58,0.0,0.6,0.5880044044128361,0.5974279433076779,FAR,FAR,0.0,1,,,0.01,0
C1_n0.01_d000_r04,C1,202611,17.6,17.6,0.0,0.6,0.6005790920197344,0.598215730485692,FAR,FAR,0.0,1,,,0.01,0
C1_n0.01_d000_r04,C1,202611,17.62,17.62,0.0,0.6,0.6113344546078133,0.6014954115162223,FAR,FAR,0.0,1,,,0.01,0
C1_n0.01_d000_r04,C1,202611,17.64,17.64,0.0,0.6,0.6017812882409111,0.6015668806973945,FAR,FAR,0.0,1,,,0.01,0
C1_n0.01_d000_r04,C1,202611,17.66,17.66,0.0,0.6,0.6037743941402184,0.6021187590581004,FAR,FAR,0.0,1,,,0.01,0
C1_n0.01_d000_r04,C1,202611,17.68,17.68,0.0,0.6,0.6041877385156106,0.602636003922478,FAR,FAR,0.0,1,,,0.01,0
C1_n0.01_d000_r04,C1,202611,17.7,17.7,0.0,0.6,0.6148648583250639,0.6056932175231244,FAR,FAR,0.0,1,,,0.01,0
C1_n0.01_d000_r04,C1,202611,17.72,17.72,0.0,0.6,0.6177848948420187,0.608716136852848,FAR,FAR,0.0,1,,,0.01,0
C1_n0.01_d000_r04,C1,202611,17.74,17.74,0.0,0.6,0.6071274766571516,0.6083189718039239,FAR,FAR,0.0,1,,,0.01,0
C1_n0.01_d000_r04,C1,202611,17.76,17.76,0.0,0.6,0.6019173487266312,0.6067185660346007,FAR,FAR,0.0,1,,,0.01,0
C1_n0.01_d000_r04,C1,202611,17.78,17.78,0.0,0.6,0.5933956341849579,0.60338783307219,FAR,FAR,0.0,1,,,0.01,0
C1_n0.01_d000_r04,C1,202611,17.8,17.8,0.0,0.6,0.5885714111798995,0.5996837275991174,FAR,FAR,0.0,1,,,0.01,0
C1_n0.01_d000_r04,C1,202611,17.82,17.82,0.0,0.6,0.6014512763986376,0.6001256147989974,FAR,FAR,0.0,1,,,0.01,0
C1_n0.01_d000_r04,C1,202611,17.84,17.84,0.0,0.6,0.6118570469625149,0.6030584728398768,FAR,FAR,0.0,1,,,0.01,0
C1_n0.01_d000_r04,C1,202611,17.86,17.86,0.0,0.6,0.5999521131137212,0.6022818829083378,FAR,FAR,0.0,1,,,0.01,0
C1_n0.01_d000_r04,C1,202611,17.88,17.88,0.0,0.6,0.595550143209902,0.6005989479837288,FAR,FAR,0.0,1,,,0.01,0
C1_n0.01_d000_r04,C1,202611,17.9,17.9,0.0,0.6,0.5771631955647413,0.5947400098789819,FAR,FAR,0.0,1,,,0.01,0
C1_n0.01_d000_r04,C1,202611,17.92,17.92,0.0,0.6,0.6165862798576555,0.6002015773736503,FAR,FAR,0.0,1,,,0.01,0
C1_n0.01_d000_r04,C1,202611,17.94,17.94,0.0,0.6,0.5948976763193226,0.5988756021100683,FAR,FAR,0.0,1,,,0.01,0
C1_n0.01_d000_r04,C1,202611,17.96,17.96,0.0,0.6,0.6019556766041341,0.5996456207335847,FAR,FAR,0.0,1,,,0.01,0
C1_n0.01_d000_r04,C1,202611,17.98,17.98,0.0,0.6,0.5901300787956063,0.5972667352490901,FAR,FAR,0.0,1,,,0.01,0
C1_n0.01_d000_r04,C1,202611,18.0,18.0,0.0,0.6,0.59890620373011,0.5976766023693452,FAR,FAR,0.0,1,,,0.01,0
C1_n0.01_d000_r04,C1,202611,18.02,18.02,0.0,0.6,0.5825509289736415,0.5938951840204192,FAR,FAR,0.0,1,,,0.01,0
C1_n0.01_d000_r04,C1,202611,18.04,18.04,0.0,0.6,0.6110043896417294,0.5981724854257467,FAR,FAR,0.0,1,,,0.01,0
C1_n0.01_d000_r04,C1,202611,18.06,18.06,0.0,0.6,0.6020438650954638,0.599140330343176,FAR,FAR,0.0,1,,,0.01,0
C1_n0.01_d000_r04,C1,202611,18.08,18.08,0.0,0.6,0.6058019451602191,0.6008057340474368,FAR,FAR,0.0,1,,,0.01,0
C1_n0.01_d000_r04,C1,202611,18.1,18.1,0.0,0.6,0.594264598874051,0.5991704502540903,FAR,FAR,0.0,1,,,0.01,0
C1_n0.01_d000_r04,C1,202611,18.12,18.12,0.0,0.6,0.604549316682286,0.6005151668611393,FAR,FAR,0.0,1,,,0.01,0
C1_n0.01_d000_r04,C1,202611,18.14,18.14,0.0,0.6,0.5970534272623201,0.5996497319614345,FAR,FAR,0.0,1,,,0.01,0
C1_n0.01_d000_r04,C1,202611,18.16,18.16,0.0,0.6,0.5926519854303677,0.5979002953286677,FAR,FAR,0.0,1,,,0.01,0
C1_n0.01_d000_r04,C1,202611,18.18,18.18,0.0,0.6,0.5997951659282307,0.5983740129785584,FAR,FAR,0.0,1,,,0.01,0
C1_n0.01_d000_r04,C1,202611,18.2,18.2,0.0,0.6,0.5946888142687358,0.5974527133011027,FAR,FAR,0.0,1,,,0.01,0
C1_n0.01_d000_r04,C1,202611,18.22,18.22,0.0,0.6,0.6087489526834677,0.600276773146694,FAR,FAR,0.0,1,,,0.01,0
C1_n0.01_d000_r04,C1,202611,18.24,18.24,0.0,0.6,0.5897425760127106,0.5976432238631981,FAR,FAR,0.0,1,,,0.01,0
C1_n0.01_d000_r04,C1,202611,18.26,18.26,0.0,0.6,0.5901954753632803,0.5957812867382186,FAR,FAR,0.0,1,,,0.01,0
C1_n0.01_d000_r04,C1,202611,18.28,18.28,0.0,0.6,0.5845897462616003,0.592983401619064,FAR,FAR,0.0,1,,,0.01,0
C1_n0.01_d000_r04,C1,202611,18.3,18.3,0.0,0.6,0.6130256173724637,0.597993955557414,FAR,FAR,0.0,1,,,0.01,0
C1_n0.01_d000_r04,C1,202611,18.32,18.32,0.0,0.6,0.5907245198588028,0.5961765966327612,FAR,FAR,0.0,1,,,0.01,0
C1_n0.01_d000_r04,C1,202611,18.34,18.34,0.0,0.6,0.5957484854376223,0.5960695688339765,FAR,FAR,0.0,1,,,0.01,0
C1_n0.01_d000_r04,C1,202611,18.36,18.36,0.0,0.6,0.5906239948426887,0.5947081753361546,FAR,FAR,0.0,1,,,0.01,0
C1_n0.01_d000_r04,C1,202611,18.38,18.38,0.0,0.6,0.5994437879851148,0.5958920784983947,FAR,FAR,0.0,1,,,0.01,0
C1_n0.01_d000_r04,C1,202611,18.4,18.4,0.0,0.6,0.606919939071771,0.5986490436417388,FAR,FAR,0.0,1,,,0.01,0
C1_n0.01_d000_r04,C1,202611,18.42,18.42,0.0,0.6,0.6079265126132066,0.6009684108846057,FAR,FAR,0.0,1,,,0.01,0
C1_n0.01_d000_r04,C1,202611,18.44,18.44,0.0,0.6,0.601767494712998,0.6011681818417037,FAR,FAR,0.0,1,,,0.01,0
C1_n0.01_d000_r04,C1,202611,18.46,18.46,0.0,0.6,0.5966667195767436,0.6000428162754636,FAR,FAR,0.0,1,,,0.01,0
C1_n0.01_d000_r04,C1,202611,18.48,18.48,0.0,0.6,0.599925652034963,0.6000135252153385,FAR,FAR,0.0,1,,,0.01,0
C1_n0.01_d000_r04,C1,202611,18.5,18.5,0.0,0.6,0.603656671664648,0.6009243118276658,FAR,FAR,0.0,1,,,0.01,0
C1_n0.01_d000_r04,C1,202611,18.52,18.52,0.0,0.6,0.6072421997291243,0.6025037838030304,FAR,FAR,0.0,1,,,0.01,0
C1_n0.01_d000_r04,C1,202611,18.54,18.54,0.0,0.6,0.6045489088704474,0.6030150650698847,FAR,FAR,0.0,1,,,0.01,0
C1_n0.01_d000_r04,C1,202611,18.56,18.56,0.0,0.6,0.6043473228438844,0.6033481295133846,FAR,FAR,0.0,1,,,0.01,0
C1_n0.01_d000_r04,C1,202611,18.58,18.58,0.0,0.6,0.593896290670563,0.6009851698026792,FAR,FAR,0.0,1,,,0.01,0
C1_n0.01_d000_r04,C1,202611,18.6,18.6,0.0,0.6,0.598200043303184,0.6002888881778055,FAR,FAR,0.0,1,,,0.01,0
C1_n0.01_d000_r04,C1,202611,18.62,18.62,0.0,0.6,0.6025134307128709,0.6008450238115718,FAR,FAR,0.0,1,,,0.01,0
C1_n0.01_d000_r04,C1,202611,18.64,18.64,0.0,0.6,0.5888455573752197,0.5978451572024838,FAR,FAR,0.0,1,,,0.01,0
C1_n0.01_d000_r04,C1,202611,18.66,18.66,0.0,0.6,0.6015915584622725,0.5987817575174309,FAR,FAR,0.0,1,,,0.01,0
C1_n0.01_d000_r04,C1,202611,18.68,18.68,0.0,0.6,0.593969753600632,0.5975787565382312,FAR,FAR,0.0,1,,,0.01,0
C1_n0.01_d000_r04,C1,202611,18.7,18.7,0.0,0.6,0.6109477907893232,0.6009210151010043,FAR,FAR,0.0,1,,,0.01,0
C1_n0.01_d000_r04,C1,202611,18.72,18.72,0.0,0.6,0.6132195927087807,0.6039956595029483,FAR,FAR,0.0,1,,,0.01,0
C1_n0.01_d000_r04,C1,202611,18.74,18.74,0.0,0.6,0.5973222087087657,0.6023272968044027,FAR,FAR,0.0,1,,,0.01,0
C1_n0.01_d000_r04,C1,202611,18.76,18.76,0.0,0.6,0.6037886479429108,0.6026926345890297,FAR,FAR,0.0,1,,,0.01,0
C1_n0.01_d000_r04,C1,202611,18.78,18.78,0.0,0.6,0.6028457660135459,0.6027309174451587,FAR,FAR,0.0,1,,,0.01,0
C1_n0.01_d000_r04,C1,202611,18.8,18.8,0.0,0.6,0.5901665921213735,0.5995898361142125,FAR,FAR,0.0,1,,,0.01,0
C1_n0.01_d000_r04,C1,202611,18.82,18.82,0.0,0.6,0.5870368341623371,0.5964515856262436,FAR,FAR,0.0,1,,,0.01,0
C1_n0.01_d000_r04,C1,202611,18.84,18.84,0.0,0.6,0.6129624537970098,0.6005793026689351,FAR,FAR,0.0,1,,,0.01,0
C1_n0.01_d000_r04,C1,202611,18.86,18.86,0.0,0.6,0.6108037910463007,0.6031354247632765,FAR,FAR,0.0,1,,,0.01,0
C1_n0.01_d000_r04,C1,202611,18.88,18.88,0.0,0.6,0.6101995092440556,0.6049014458834713,FAR,FAR,0.0,1,,,0.01,0
C1_n0.01_d000_r04,C1,202611,18.9,18.9,0.0,0.6,0.6054315204656314,0.6050339645290113,FAR,FAR,0.0,1,,,0.01,0
C1_n0.01_d000_r04,C1,202611,18.92,18.92,0.0,0.6,0.6083819487491398,0.6058709605840433,FAR,FAR,0.0,1,,,0.01,0
C1_n0.01_d000_r04,C1,202611,18.94,18.94,0.0,0.6,0.5917341144459586,0.6023367490495222,FAR,FAR,0.0,1,,,0.01,0
C1_n0.01_d000_r04,C1,202611,18.96,18.96,0.0,0.6,0.5932623629519247,0.6000681525251228,FAR,FAR,0.0,1,,,0.01,0
C1_n0.01_d000_r04,C1,202611,18.98,18.98,0.0,0.6,0.6049692156582402,0.6012934183084022,FAR,FAR,0.0,1,,,0.01,0
C1_n0.01_d000_r04,C1,202611,19.0,19.0,0.0,0.6,0.6109522516736736,0.6037081266497201,FAR,FAR,0.0,1,,,0.01,0
C1_n0.01_d000_r04,C1,202611,19.02,19.02,0.0,0.6,0.6115306105511661,0.6056637476250816,FAR,FAR,0.0,1,,,0.01,0
C1_n0.01_d000_r04,C1,202611,19.04,19.04,0.0,0.6,0.604899568096688,0.6054727027429831,FAR,FAR,0.0,1,,,0.01,0
C1_n0.01_d000_r04,C1,202611,19.06,19.06,0.0,0.6,0.578268421512322,0.5986716324353178,FAR,FAR,0.0,1,,,0.01,0
C1_n0.01_d000_r04,C1,202611,19.08,19.08,0.0,0.6,0.6054827185483767,0.6003744039635825,FAR,FAR,0.0,1,,,0.01,0
C1_n0.01_d000_r04,C1,202611,19.1,19.1,0.0,0.6,0.5989733940855286,0.6000241514940691,FAR,FAR,0.0,1,,,0.01,0
C1_n0.01_d000_r04,C1,202611,19.12,19.12,0.0,0.6,0.5996235589900737,0.5999240033680702,FAR,FAR,0.0,1,,,0.01,0
C1_n0.01_d000_r04,C1,202611,19.14,19.14,0.0,0.6,0.6033521143858537,0.600781031122516,FAR,FAR,0.0,1,,,0.01,0
C1_n0.01_d000_r04,C1,202611,19.16,19.16,0.0,0.6,0.5936110799370728,0.5989885433261553,FAR,FAR,0.0,1,,,0.01,0
C1_n0.01_d000_r04,C1,202611,19.18,19.18,0.0,0.6,0.6047454394611996,0.6004277673599163,FAR,FAR,0.0,1,,,0.01,0
C1_n0.01_d000_r04,C1,202611,19.2,19.2,0.0,0.6,0.6052502850213864,0.6016333967752838,FAR,FAR,0.0,1,,,0.01,0
C1_n0.01_d000_r04,C1,202611,19.22,19.22,0.0,0.6,0.6252819316786853,0.6075455305011341,FAR,FAR,0.0,1,,,0.01,0
C1_n0.01_d000_r04,C1,202611,19.24,19.24,0.0,0.6,0.6041895565850774,0.60670653702212,FAR,FAR,0.0,1,,,0.01,0
C1_n0.01_d000_r04,C1,202611,19.26,19.26,0.0,0.6,0.61611124661286,0.6090577144198049,FAR,FAR,0.0,1,,,0.01,0
C1_n0.01_d000_r04,C1,202611,19.28,19.28,0.0,0.6,0.6010267621703319,0.6070499763574366,FAR,FAR,0.0,1,,,0.01,0
C1_n0.01_d000_r04,C1,202611,19.3,19.3,0.0,0.6,0.6077649982833253,0.6072287318389088,FAR,FAR,0.0,1,,,0.01,0
C1_n0.01_d000_r04,C1,202611,19.32,19.32,0.0,0.6,0.6182154940051678,0.6099754223804736,FAR,FAR,0.0,1,,,0.01,0
C1_n0.01_d000_r04,C1,202611,19.34,19.34,0.0,0.6,0.6011782994383911,0.607776141644953,FAR,FAR,0.0,1,,,0.01,0
C1_n0.01_d000_r04,C1,202611,19.36,19.36,0.0,0.6,0.5960392183054332,0.604841910810073,FAR,FAR,0.0,1,,,0.01,0
C1_n0.01_d000_r04,C1,202611,19.38,19.38,0.0,0.6,0.6006932615938606,0.6038047485060198,FAR,FAR,0.0,1,,,0.01,0
C1_n0.01_d000_r04,C1,202611,19.4,19.4,0.0,0.6,0.5972845135130785,0.6021746897577845,FAR,FAR,0.0,1,,,0.01,0
C1_n0.01_d000_r04,C1,202611,19.42,19.42,0.0,0.6,0.6148436934188267,0.6053419406730451,FAR,FAR,0.0,1,,,0.01,0
C1_n0.01_d000_r04,C1,202611,19.44,19.44,0.0,0.6,0.6027956079198664,0.6047053574847505,FAR,FAR,0.0,1,,,0.01,0
C1_n0.01_d000_r04,C1,202611,19.46,19.46,0.0,0.6,0.5936112452227028,0.6019318294192386,FAR,FAR,0.0,1,,,0.01,0
C1_n0.01_d000_r04,C1,202611,19.48,19.48,0.0,0.6,0.5976770841320774,0.6008681430974483,FAR,FAR,0.0,1,,,0.01,0
C1_n0.01_d000_r04,C1,202611,19.5,19.5,0.0,0.6,0.5888229266071172,0.5978568389748655,FAR,FAR,0.0,1,,,0.01,0
C1_n0.01_d000_r04,C1,202611,19.52,19.52,0.0,0.6,0.6097732352758513,0.6008359380501119,FAR,FAR,0.0,1,,,0.01,0
C1_n0.01_d000_r04,C1,202611,19.54,19.54,0.0,0.6,0.6125498291102206,0.6037644108151391,FAR,FAR,0.0,1,,,0.01,0
C1_n0.01_d000_r04,C1,202611,19.56,19.56,0.0,0.6,0.6063404754558436,0.6044084269753152,FAR,FAR,0.0,1,,,0.01,0
C1_n0.01_d000_r04,C1,202611,19.58,19.58,0.0,0.6,0.5944929135249422,0.6019295486127219,FAR,FAR,0.0,1,,,0.01,0
C1_n0.01_d000_r04,C1,202611,19.6,19.6,0.0,0.6,0.5839363520409068,0.5974312494697681,FAR,FAR,0.0,1,,,0.01,0
C1_n0.01_d000_r04,C1,202611,19.62,19.62,0.0,0.6,0.5988676770163266,0.5977903563564078,FAR,FAR,0.0,1,,,0.01,0
C1_n0.01_d000_r04,C1,202611,19.64,19.64,0.0,0.6,0.6117563143718745,0.6012818458602744,FAR,FAR,0.0,1,,,0.01,0
C1_n0.01_d000_r04,C1,202611,19.66,19.66,0.0,0.6,0.6056028765973885,0.602362103544553,FAR,FAR,0.0,1,,,0.01,0
C1_n0.01_d000_r04,C1,202611,19.68,19.68,0.0,0.6,0.5994569592255191,0.6016358174647946,FAR,FAR,0.0,1,,,0.01,0
C1_n0.01_d000_r04,C1,202611,19.7,19.7,0.0,0.6,0.5901021581368393,0.5987524026328057,FAR,FAR,0.0,1,,,0.01,0
C1_n0.01_d000_r04,C1,202611,19.72,19.72,0.0,0.6,0.6020744696492426,0.5995829193869149,FAR,FAR,0.0,1,,,0.01,0
C1_n0.01_d000_r04,C1,202611,19.74,19.74,0.0,0.6,0.6080206421583078,0.6016923500797631,FAR,FAR,0.0,1,,,0.01,0
C1_n0.01_d000_r04,C1,202611,19.76,19.76,0.0,0.6,0.5934721211550802,0.5996372928485924,FAR,FAR,0.0,1,,,0.01,0
C1_n0.01_d000_r04,C1,202611,19.78,19.78,0.0,0.6,0.5893374966695241,0.5970623438038253,FAR,FAR,0.0,1,,,0.01,0
C1_n0.01_d000_r04,C1,202611,19.8,19.8,0.0,0.6,0.595239653949266,0.5966066713401855,FAR,FAR,0.0,1,,,0.01,0
C1_n0.01_d000_r04,C1,202611,19.82,19.82,0.0,0.6,0.5978198692118908,0.5969099708081118,FAR,FAR,0.0,1,,,0.01,0
C1_n0.01_d000_r04,C1,202611,19.84,19.84,0.0,0.6,0.6107978714556797,0.6003819459700037,FAR,FAR,0.0,1,,,0.01,0
C1_n0.01_d000_r04,C1,202611,19.86,19.86,0.0,0.6,0.5958575044755229,0.5992508355963835,FAR,FAR,0.0,1,,,0.01,0
C1_n0.01_d000_r04,C1,202611,19.88,19.88,0.0,0.6,0.6181943931073478,0.6039867249741245,FAR,FAR,0.0,1,,,0.01,0
C1_n0.01_d000_r04,C1,202611,19.9,19.9,0.0,0.6,0.5977495151384703,0.602427422515211,FAR,FAR,0.0,1,,,0.01,0
C1_n0.01_d000_r04,C1,202611,19.92,19.92,0.0,0.6,0.5869009870287589,0.5985458136435979,FAR,FAR,0.0,1,,,0.01,0
C1_n0.01_d000_r04,C1,202611,19.94,19.94,0.0,0.6,0.6106144039031771,0.6015629612084927,FAR,FAR,0.0,1,,,0.01,0
C1_n0.01_d000_r04,C1,202611,19.96,19.96,0.0,0.6,0.6184294740268115,0.6057795894130724,FAR,FAR,0.0,1,,,0.01,0
C1_n0.01_d000_r04,C1,202611,19.98,19.98,0.0,0.6,0.5964039574998677,0.6034356814347712,FAR,FAR,0.0,1,,,0.01,0
C1_n0.01_d000_r04,C1,202611,20.0,20.0,0.0,0.6,0.6118652680306643,0.6055430780837445,FAR,FAR,0.0,1,,,0.01,0
