trial_id,condition,seed,time_s,sensor_time_s,sample_age_s,true_distance_m,raw_distance_m,filtered_distance_m,expected_state,state,command,valid,event_label,invalid_reason,noise_sigma_m,delay_ms
C1_n0.01_d000_r03,C1,202610,0.0,0.0,0.0,0.6,0.5999488379347943,0.5999488379347943,FAR,FAR,0.0,1,,,0.01,0
C1_n0.01_d000_r03,C1,202610,0.02,0.02,0.0,0.6,0.6043272514197646,0.6010434413060368,FAR,FAR,0.0,1,,,0.01,0
C1_n0.01_d000_r03,C1,202610,0.04,0.04,0.0,0.6,0.60262229392091,0.6014381544597551,FAR,FAR,0.0,1,,,0.01,0
C1_n0.01_d000_r03,C1,202610,0.06,0.06,0.0,0.6,0.6000642491912318,0.6010946781426243,FAR,FAR,0.0,1,,,0.01,0
C1_n0.01_d000_r03,C1,202610,0.08,0.08,0.0,0.6,0.592889143269595,0.599043294424367,FAR,FAR,0.0,1,,,0.01,0
C1_n0.01_d000_r03,C1,202610,0.1,0.1,0.0,0.6,0.5954232001846782,0.5981382708644447,FAR,FAR,0.0,1,,,0.01,0
C1_n0.01_d000_r03,C1,202610,0.12,0.12,0.0,0.6,0.6026929555814958,0.5992769420437075,FAR,FAR,0.0,1,,,0.01,0
C1_n0.01_d000_r03,C1,202610,0.14,0.14,0.0,0.6,0.6113457242261141,0.6022941375893092,FAR,FAR,0.0,1,,,0.01,0
C1_n0.01_d000_r03,C1,202610,0.16,0.16,0.0,0.6,0.603129707927601,0.6025030301738821,FAR,FAR,0.0,1,,,0.01,0
C1_n0.01_d000_r03,C1,202610,0.18,0.18,0.0,0.6,0.6033927590464051,0.6027254623920129,FAR,FAR,0.0,1,,,0.01,0
C1_n0.01_d000_r03,C1,202610,0.2,0.2,0.0,0.6,0.6176158748727928,0.6064480655122079,FAR,FAR,0.0,1,,,0.01,0
C1_n0.01_d000_r03,C1,202610,0.22,0.22,0.0,0.6,0.6077942714091595,0.6067846169864457,FAR,FAR,0.0,1,,,0.01,0
C1_n0.01_d000_r03,C1,202610,0.24,0.24,0.0,0.6,0.5983798881360983,0.6046834347738589,FAR,FAR,0.0,1,,,0.01,0
C1_n0.01_d000_r03,C1,202610,0.26,0.26,0.0,0.6,0.60510119770286,0.6047878755061091,FAR,FAR,0.0,1,,,0.01,0
C1_n0.01_d000_r03,C1,202610,0.28,0.28,0.0,0.6,0.5992334927717035,0.6033992798225077,FAR,FAR,0.0,1,,,0.01,0
C1_n0.01_d000_r03,C1,202610,0.3,0.3,0.0,0.6,0.600565053291126,0.6026907231896623,FAR,FAR,0.0,1,,,0.01,0
C1_n0.01_d000_r03,C1,202610,0.32,0.32,0.0,0.6,0.6106209371986577,0.6046732766919112,FAR,FAR,0.0,1,,,0.01,0
C1_n0.01_d000_r03,C1,202610,0.34,0.34,0.0,0.6,0.5972073137004115,0.6028067859440362,FAR,FAR,0.0,1,,,0.01,0
C1_n0.01_d000_r03,C1,202610,0.36,0.36,0.0,0.6,0.5923296934561246,0.6001875128220584,FAR,FAR,0.0,1,,,0.01,0
C1_n0.01_d000_r03,C1,202610,0.38,0.38,0.0,0.6,0.610362821189592,0.6027313399139418,FAR,FAR,0.0,1,,,0.01,0
C1_n0.01_d000_r03,C1,202610,0.4,0.4,0.0,0.6,0.6020305422151517,0.6025561404892443,FAR,FAR,0.0,1,,,0.01,0
C1_n0.01_d000_r03,C1,202610,0.42,0.42,0.0,0.6,0.5970723462954094,0.6011851919407856,FAR,FAR,0.0,1,,,0.01,0
C1_n0.01_d000_r03,C1,202610,0.44,0.44,0.0,0.6,0.6040908397818165,0.6019116039010433,FAR,FAR,0.0,1,,,0.01,0
C1_n0.01_d000_r03,C1,202610,0.46,0.46,0.0,0.6,0.5765198337176987,0.5955636613552071,FAR,FAR,0.0,1,,,0.01,0
C1_n0.01_d000_r03,C1,202610,0.48,0.48,0.0,0.6,0.600285891332319,0.5967442188494851,FAR,FAR,0.0,1,,,0.01,0
C1_n0.01_d000_r03,C1,202610,0.5,0.5,0.0,0.6,0.6041968366931296,0.5986073733103963,FAR,FAR,0.0,1,,,0.01,0
C1_n0.01_d000_r03,C1,202610,0.52,0.52,0.0,0.6,0.6051693821458931,0.6002478755192705,FAR,FAR,0.0,1,,,0.01,0
C1_n0.01_d000_r03,C1,202610,0.54,0.54,0.0,0.6,0.5919430375036651,0.5981716660153692,FAR,FAR,0.0,1,,,0.01,0
C1_n0.01_d000_r03,C1,202610,0.56,0.56,0.0,0.6,0.6120647085237442,0.6016449266424629,FAR,FAR,0.0,1,,,0.01,0
C1_n0.01_d000_r03,C1,202610,0.58,0.58,0.0,0.6,0.5991072034832067,0.6010104958526489,FAR,FAR,0.0,1,,,0.01,0
C1_n0.01_d000_r03,C1,202610,0.6,0.6,0.0,0.6,0.6132307705636894,0.604065564530409,FAR,FAR,0.0,1,,,0.01,0
C1_n0.01_d000_r03,C1,202610,0.62,0.62,0.0,0.6,0.6137121605737983,0.6064772135412564,FAR,FAR,0.0,1,,,0.01,0
C1_n0.01_d000_r03,C1,202610,0.64,0.64,0.0,0.6,0.6071192762400269,0.606637729215949,FAR,FAR,0.0,1,,,0.01,0
C1_n0.01_d000_r03,C1,202610,0.66,0.66,0.0,0.6,0.5902485544106225,0.6025404355146174,FAR,FAR,0.0,1,,,0.01,0
C1_n0.01_d000_r03,C1,202610,0.68,0.68,0.0,0.6,0.5978900747865262,0.6013778453325946,FAR,FAR,0.0,1,,,0.01,0
C1_n0.01_d000_r03,C1,202610,0.7,0.7,0.0,0.6,0.5985796354203317,0.6006782928545289,FAR,FAR,0.0,1,,,0.01,0
C1_n0.01_d000_r03,C1,202610,0.72,0.72,0.0,0.6,0.6095236947143895,0.602889643319494,FAR,FAR,0.0,1,,,0.01,0
C1_n0.01_d000_r03,C1,202610,0.74,0.74,0.0,0.6,0.6131483356854583,0.6054543164109851,FAR,FAR,0.0,1,,,0.01,0
C1_n0.01_d000_r03,C1,202610,0.76,0.76,0.0,0.6,0.6020559984292757,0.6046047369155578,FAR,FAR,0.0,1,,,0.01,0
C1_n0.01_d000_r03,C1,202610,0.78,0.78,0.0,0.6,0.6078453116688228,0.605414880603874,FAR,FAR,0.0,1,,,0.01,0
C1_n0.01_d000_r03,C1,202610,0.8,0.8,0.0,0.6,0.5941115383522959,0.6025890450409795,FAR,FAR,0.0,1,,,0.01,0
C1_n0.01_d000_r03,C1,202610,0.82,0.82,0.0,0.6,0.591247607637639,0.5997536856901444,FAR,FAR,0.0,1,,,0.01,0
C1_n0.01_d000_r03,C1,202610,0.84,0.84,0.0,0.6,0.5904297232021085,0.5974226950681354,FAR,FAR,0.0,1,,,0.01,0
C1_n0.01_d000_r03,C1,202610,0.86,0.86,0.0,0.6,0.5939635474621439,0.5965579081666375,FAR,FAR,0.0,1,,,0.01,0
C1_n0.01_d000_r03,C1,202610,0.88,0.88,0.0,0.6,0.5954013124884108,0.5962687592470808,FAR,FAR,0.0,1,,,0.01,0
C1_n0.01_d000_r03,C1,202610,0.9,0.9,0.0,0.6,0.6082562197820899,0.5992656243808331,FAR,FAR,0.0,1,,,0.01,0
C1_n0.01_d000_r03,C1,202610,0.92,0.92,0.0,0.6,0.5939141907941019,0.5979277659841502,FAR,FAR,0.0,1,,,0.01,0
C1_n0.01_d000_r03,C1,202610,0.94,0.94,0.0,0.6,0.6010838510869344,0.5987167872598462,FAR,FAR,0.0,1,,,0.01,0
C1_n0.01_d000_r03,C1,202610,0.96,0.96,0.0,0.6,0.5852278394276593,0.5953445503017996,FAR,FAR,0.0,1,,,0.01,0
C1_n0.01_d000_r03,C1,202610,0.98,0.98,0.0,0.6,0.6109647151088101,0.5992495915035522,FAR,FAR,0.0,1,,,0.01,0
C1_n0.01_d000_r03,C1,202610,1.0,1.0,0.0,0.6,0.5933564620393424,0.5977763091374997,FAR,FAR,0.0,1,,,0.01,0
C1_n0.01_d000_r03,C1,202610,1.02,1.02,0.0,0.6,0.5906730904239923,0.5960005044591228,FAR,FAR,0.0,1,,,0.01,0
C1_n0.01_d000_r03,C1,202610,1.04,1.04,0.0,0.6,0.580584761694686,0.5921465687680136,FAR,FAR,0.0,1,,,0.01,0
C1_n0.01_d000_r03,C1,202610,1.06,1.06,0.0,0.6,0.5908746881037479,0.5918285986019471,FAR,FAR,0.0,1,,,0.01,0
C1_n0.01_d000_r03,C1,202610,1.08,1.08,0.0,0.6,0.5903962366969809,0.5914705081257056,FAR,FAR,0.0,1,,,0.01,0
C1_n0.01_d000_r03,C1,202610,1.1,1.1,0.0,0.6,0.6080650725765548,0.5956191492384179,FAR,FAR,0.0,1,,,0.01,0
C1_n0.01_d000_r03,C1,202610,1.12,1.12,0.0,0.6,0.5812010308479469,0.5920146196408002,FAR,FAR,0.0,1,,,0.01,0
C1_n0.01_d000_r03,C1,202610,1.14,1.14,0.0,0.6,0.5952462132109648,0.5928225180333413,FAR,FAR,0.0,1,,,0.01,0
C1_n0.01_d000_r03,C1,202610,1.16,1.16,0.0,0.6,0.6013051895849789,0.5949431859212507,FAR,FAR,0.0,1,,,0.01,0
C1_n0.01_d000_r03,C1,202610,1.18,1.18,0.0,0.6,0.5867224539789216,0.5928880029356685,FAR,FAR,0.0,1,,,0.01,0
C1_n0.01_d000_r03,C1,202610,1.2,1.2,0.0,0.6,0.6115280161689701,0.5975480062439938,FAR,FAR,0.0,1,,,0.01,0
C1_n0.01_d000_r03,C1,202610,1.22,1.22,0.0,0.6,0.6138708912925696,0.6016287275061377,FAR,FAR,0.0,1,,,0.01,0
C1_n0.01_d000_r03,C1,202610,1.24,1.24,0.0,0.6,0.593992504745937,0.5997196718160875,FAR,FAR,0.0,1,,,0.01,0
C1_n0.01_d000_r03,C1,202610,1.26,1.26,0.0,0.6,0.6003182939334554,0.5998693273454295,FAR,FAR,0.0,1,,,0.01,0
C1_n0.01_d000_r03,C1,202610,1.28,1.28,0.0,0.6,0.6011062821384986,0.6001785660436968,FAR,FAR,0.0,1,,,0.01,0
C1_n0.01_d000_r03,C1,202610,1.3,1.3,0.0,0.6,0.5908042450319367,0.5978349857907568,FAR,FAR,0.0,1,,,0.01,0
C1_n0.01_d000_r03,C1,202610,1.32,1.32,0.0,0.6,0.5986278317739505,0.5980331972865552,FAR,FAR,0.0,1,,,0.01,0
C1_n0.01_d000_r03,C1,202610,1.34,1.34,0.0,0.6,0.6085148358027348,0.6006536069156001,FAR,FAR,0.0,1,,,0.01,0
C1_n0.01_d000_r03,C1,202610,1.36,1.36,0.0,0.6,0.6102022507499498,0.6030407678741876,FAR,FAR,0.0,1,,,0.01,0
C1_n0.01_d000_r03,C1,202610,1.38,1.38,0.0,0.6,0.5866312287531648,0.5989383830939319,FAR,FAR,0.0,1,,,0.01,0
C1_n0.01_d000_r03,C1,202610,1.4,1.4,0.0,0.6,0.5943368876186553,0.5977880092251128,FAR,FAR,0.0,1,,,0.01,0
C1_n0.01_d000_r03,C1,202610,1.42,1.42,0.0,0.6,0.6020667972475873,0.5988577062307314,FAR,FAR,0.0,1,,,0.01,0
C1_n0.01_d000_r03,C1,202610,1.44,1.44,0.0,0.6,0.5863720214295016,0.595736285030424,FAR,FAR,0.0,1,,,0.01,0
C1_n0.01_d000_r03,C1,202610,1.46,1.46,0.0,0.6,0.6128059684361307,0.6000037058818506,FAR,FAR,0.0,1,,,0.01,0
C1_n0.01_d000_r03,C1,202610,1.48,1.48,0.0,0.6,0.6221826794189788,0.6055484492661326,FAR,FAR,0.0,1,,,0.01,0
C1_n0.01_d000_r03,C1,202610,1.5,1.5,0.0,0.6,0.5909160570964316,0.6018903512237074,FAR,FAR,0.0,1,,,0.01,0
C1_n0.01_d000_r03,C1,202610,1.52,1.52,0.0,0.6,0.6107998814160522,0.6041177337717936,FAR,FAR,0.0,1,,,0.01,0
C1_n0.01_d000_r03,C1,202610,1.54,1.54,0.0,0.6,0.6084040907407056,0.6051893230140215,FAR,FAR,0.0,1,,,0.01,0
C1_n0.01_d000_r03,C1,202610,1.56,1.56,0.0,0.6,0.5997794595399276,0.6038368571454981,FAR,FAR,0.0,1,,,0.01,0
C1_n0.01_d000_r03,C1,202610,1.58,1.58,0.0,0.6,0.5974020693540799,0.6022281601976436,FAR,FAR,0.0,1,,,0.01,0
C1_n0.01_d000_r03,C1,202610,1.6,1.6,0.0,0.6,0.5897085534564143,0.5990982585123362,FAR,FAR,0.0,1,,,0.01,0
C1_n0.01_d000_r03,C1,202610,1.62,1.62,0.0,0.6,0.5908702839345072,0.597041264867879,FAR,FAR,0.0,1,,,0.01,0
C1_n0.01_d000_r03,C1,202610,1.64,1.64,0.0,0.6,0.5967358916255546,0.5969649215572979,FAR,FAR,0.0,1,,,0.01,0
C1_n0.01_d000_r03,C1,202610,1.66,1.66,0.0,0.6,0.5876522933186167,0.5946367644976276,FAR,FAR,0.0,1,,,0.01,0
C1_n0.01_d000_r03,C1,202610,1.68,1.68,0.0,0.6,0.5931769632169686,0.5942718141774628,FAR,FAR,0.0,1,,,0.01,0
C1_n0.01_d000_r03,C1,202610,1.7,1.7,0.0,0.6,0.5957200964618375,0.5946338847485565,FAR,FAR,0.0,1,,,0.01,0
C1_n0.01_d000_r03,C1,202610,1.72,1.72,0.0,0.6,0.6001466327709601,0.5960120717541574,FAR,FAR,0.0,1,,,0.01,0
C1_n0.01_d000_r03,C1,202610,1.74,1.74,0.0,0.6,0.602867878686902,0.5977260234873436,FAR,FAR,0.0,1,,,0.01,0
C1_n0.01_d000_r03,C1,202610,1.76,1.76,0.0,0.6,0.5999129745330622,0.5982727612487733,FAR,FAR,0.0,1,,,0.01,0
C1_n0.01_d000_r03,C1,202610,1.78,1.78,0.0,0.6,0.599485951045542,0.5985760586979655,FAR,FAR,0.0,1,,,0.01,0
C1_n0.01_d000_r03,C1,202610,1.8,1.8,0.0,0.6,0.5982448152971647,0.5984932478477653,FAR,FAR,0.0,1,,,0.01,0
C1_n0.01_d000_r03,C1,202610,1.82,1.82,0.0,0.6,0.6040712179275392,0.5998877403677088,FAR,FAR,0.0,1,,,0.01,0
C1_n0.01_d000_r03,C1,202610,1.84,1.84,0.0,0.6,0.603300682147019,0.6007409758125364,FAR,FAR,0.0,1,,,0.01,0
C1_n0.01_d000_r03,C1,202610,1.86,1.86,0.0,0.6,0.588436927774866,0.5976649638031188,FAR,FAR,0.0,1,,,0.01,0
C1_n0.01_d000_r03,C1,202610,1.88,1.88,0.0,0.6,0.5895223147095062,0.5956293015297157,FAR,FAR,0.0,1,,,0.01,0
C1_n0.01_d000_r03,C1,202610,1.9,1.9,0.0,0.6,0.617967366889327,0.6012138178696186,FAR,FAR,0.0,1,,,0.01,0
C1_n0.01_d000_r03,C1,202610,1.92,1.92,0.0,0.6,0.606483442167453,0.6025312239440772,FAR,FAR,0.0,1,,,0.01,0
C1_n0.01_d000_r03,C1,202610,1.94,1.94,0.0,0.6,0.6038774803806649,0.6028677880532242,FAR,FAR,0.0,1,,,0.01,0
C1_n0.01_d000_r03,C1,202610,1.96,1.96,0.0,0.6,0.6015075519227886,0.6025277290206152,FAR,FAR,0.0,1,,,0.01,0
C1_n0.01_d000_r03,C1,202610,1.98,1.98,0.0,0.6,0.5871550239604614,0.5986845527555767,FAR,FAR,0.0,1,,,0.01,0
C1_n0.01_d000_r03,C1,202610,2.0,2.0,0.0,0.6,0.610227773214074,0.601570357870201,FAR,FAR,0.0,1,,,0.01,0
C1_n0.01_d000_r03,C1,202610,2.02,2.02,0.0,0.6,0.5991615253456906,0.6009681497390733,FAR,FAR,0.0,1,,,0.01,0
C1_n0.01_d000_r03,C1,202610,2.04,2.04,0.0,0.6,0.597667972683051,0.6001431054750678,FAR,FAR,0.0,1,,,0.01,0
C1_n0.01_d000_r03,C1,202610,2.06,2.06,0.0,0.6,0.5993256134365715,0.5999387324654437,FAR,FAR,0.0,1,,,0.01,0
C1_n0.01_d000_r03,C1,202610,2.08,2.08,0.0,0.6,0.6122085705795978,0.6030061919939822,FAR,FAR,0.0,1,,,0.01,0
C1_n0.01_d000_r03,C1,202610,2.1,2.1,0.0,0.6,0.601939153471255,0.6027394323633004,FAR,FAR,0.0,1,,,0.01,0
C1_n0.01_d000_r03,C1,202610,2.12,2.12,0.0,0.6,0.6004486100458358,0.6021667267839342,FAR,FAR,0.0,1,,,0.01,0
C1_n0.01_d000_r03,C1,202610,2.14,2.14,0.0,0.6,0.6083723039470215,0.603718121074706,FAR,FAR,0.0,1,,,0.01,0
C1_n0.01_d000_r03,C1,202610,2.16,2.16,0.0,0.6,0.6051247837890021,0.60406978675328,FAR,FAR,0.0,1,,,0.01,0
C1_n0.01_d000_r03,C1,202610,2.18,2.18,0.0,0.6,0.5901570886729333,0.6005916122331934,FAR,FAR,0.0,1,,,0.01,0
C1_n0.01_d000_r03,C1,202610,2.2,2.2,0.0,0.6,0.603390679480133,0.6012913790449282,FAR,FAR,0.0,1,,,0.01,0
C1_n0.01_d000_r03,C1,202610,2.22,2.22,0.0,0.6,0.5725410314692199,0.5941037921510012,FAR,FAR,0.0,1,,,0.01,0
C1_n0.01_d000_r03,C1,202610,2.24,2.24,0.0,0.6,0.611426051943892,0.5984343570992239,FAR,FAR,0.0,1,,,0.01,0
C1_n0.01_d000_r03,C1,202610,2.26,2.26,0.0,0.6,0.6178264732171455,0.6032823861287042,FAR,FAR,0.0,1,,,0.01,0
C1_n0.01_d000_r03,C1,202610,2.28,2.28,0.0,0.6,0.5894966548779451,0.5998359533160145,FAR,FAR,0.0,1,,,0.01,0
C1_n0.01_d000_r03,C1,202610,2.3,2.3,0.0,0.6,0.6135474283431568,0.6032638220728,FAR,FAR,0.0,1,,,0.01,0
C1_n0.01_d000_r03,C1,202610,2.32,2.32,0.0,0.6,0.5980461448823193,0.6019594027751798,FAR,FAR,0.0,1,,,0.01,0
C1_n0.01_d000_r03,C1,202610,2.34,2.34,0.0,0.6,0.5765701178097851,0.595612081533831,FAR,FAR,0.0,1,,,0.01,0
C1_n0.01_d000_r03,C1,202610,2.36,2.36,0.0,0.6,0.590215186114974,0.5942628576791168,FAR,FAR,0.0,1,,,0.01,0
C1_n0.01_d000_r03,C1,202610,2.38,2.38,0.0,0.6,0.593966221642137,0.5941886986698719,FAR,FAR,0.0,1,,,0.01,0
C1_n0.01_d000_r03,C1,202610,2.4,2.4,0.0,0.6,0.6133327138919917,0.5989747024754019,FAR,FAR,0.0,1,,,0.01,0
C1_n0.01_d000_r03,C1,202610,2.42,2.42,0.0,0.6,0.6062839340762848,0.6008020103756225,FAR,FAR,0.0,1,,,0.01,0
C1_n0.01_d000_r03,C1,202610,2.44,2.44,0.0,0.6,0.6125064696209298,0.6037281251869494,FAR,FAR,0.0,1,,,0.01,0
C1_n0.01_d000_r03,C1,202610,2.46,2.46,0.0,0.6,0.5791748012621338,0.5975897942057455,FAR,FAR,0.0,1,,,0.01,0
C1_n0.01_d000_r03,C1,202610,2.48,2.48,0.0,0.6,0.6081277308433828,0.6002242783651548,FAR,FAR,0.0,1,,,0.01,0
C1_n0.01_d000_r03,C1,202610,2.5,2.5,0.0,0.6,0.6083314731717339,0.6022510770667996,FAR,FAR,0.0,1,,,0.01,0
C1_n0.01_d000_r03,C1,202610,2.52,2.52,0.0,0.6,0.6050674124797568,0.602955160920039,FAR,FAR,0.0,1,,,0.01,0
C1_n0.01_d000_r03,C1,202610,2.54,2.54,0.0,0.6,0.6029911733618357,0.6029641640304881,FAR,FAR,0.0,1,,,0.01,0
C1_n0.01_d000_r03,C1,202610,2.56,2.56,0.0,0.6,0.6088447586601343,0.6044343126878997,FAR,FAR,0.0,1,,,0.01,0
C1_n0.01_d000_r03,C1,202610,2.58,2.58,0.0,0.6,0.6099358584922586,0.6058096991389894,FAR,FAR,0.0,1,,,0.01,0
C1_n0.01_d000_r03,C1,202610,2.6,2.6,0.0,0.6,0.6033961875744268,0.6052063212478488,FAR,FAR,0.0,1,,,0.01,0
C1_n0.01_d000_r03,C1,202610,2.62,2.62,0.0,0.6,0.5918154700195373,0.6018586084407709,FAR,FAR,0.0,1,,,0.01,0
C1_n0.01_d000_r03,C1,202610,2.64,2.64,0.0,0.6,0.5962455785259977,0.6004553509620776,FAR,FAR,0.0,1,,,0.01,0
C1_n0.01_d000_r03,C1,202610,2.66,2.66,0.0,0.6,0.5968863939670188,0.5995631117133129,FAR,FAR,0.0,1,,,0.01,0
C1_n0.01_d000_r03,C1,202610,2.68,2.68,0.0,0.6,0.6200517288032338,0.6046852659857931,FAR,FAR,0.0,1,,,0.01,0
C1_n0.01_d000_r03,C1,202610,2.7,2.7,0.0,0.6,0.6037370946073741,0.6044482231411883,FAR,FAR,0.0,1,,,0.01,0
C1_n0.01_d000_r03,C1,202610,2.72,2.72,0.0,0.6,0.5907691383585344,0.6010284519455248,FAR,FAR,0.0,1,,,0.01,0
C1_n0.01_d000_r03,C1,202610,2.74,2.74,0.0,0.6,0.6049859844569578,0.602017835073383,FAR,FAR,0.0,1,,,0.01,0
C1_n0.01_d000_r03,C1,202610,2.76,2.76,0.0,0.6,0.594924279910004,0.6002444462825383,FAR,FAR,0.0,1,,,0.01,0
C1_n0.01_d000_r03,C1,202610,2.78,2.78,0.0,0.6,0.6060694673656566,0.6017007015533178,FAR,FAR,0.0,1,,,0.01,0
C1_n0.01_d000_r03,C1,202610,2.8,2.8,0.0,0.6,0.5889746229157368,0.5985191818939225,FAR,FAR,0.0,1,,,0.01,0
C1_n0.01_d000_r03,C1,202610,2.82,2.82,0.0,0.6,0.5900477840902459,0.5964013324430033,FAR,FAR,0.0,1,,,0.01,0
C1_n0.01_d000_r03,C1,202610,2.84,2.84,0.0,0.6,0.6232385191106237,0.6031106291099084,FAR,FAR,0.0,1,,,0.01,0
C1_n0.01_d000_r03,C1,202610,2.86,2.86,0.0,0.6,0.5996393394891608,0.6022428067047215,FAR,FAR,0.0,1,,,0.01,0
C1_n0.01_d000_r03,C1,202610,2.88,2.88,0.0,0.6,0.6084786322121063,0.6038017630815677,FAR,FAR,0.0,1,,,0.01,0
C1_n0.01_d000_r03,C1,202610,2.9,2.9,0.0,0.6,0.5952095735403747,0.6016537156962695,FAR,FAR,0.0,1,,,0.01,0
C1_n0.01_d000_r03,C1,202610,2.92,2.92,0.0,0.6,0.6297005466991696,0.6086654234469945,FAR,FAR,0.0,1,,,0.01,0
C1_n0.01_d000_r03,C1,202610,2.94,2.94,0.0,0.6,0.5976948364252308,0.6059227766915536,FAR,FAR,0.0,1,,,0.01,0
C1_n0.01_d000_r03,C1,202610,2.96,2.96,0.0,0.6,0.6034166944413408,0.6052962561290004,FAR,FAR,0.0,1,,,0.01,0
C1_n0.01_d000_r03,C1,202610,2.98,2.98,0.0,0.6,0.5954143323356627,0.602825775180666,FAR,FAR,0.0,1,,,0.01,0
C1_n0.01_d000_r03,C1,202610,3.0,3.0,0.0,0.6,0.5847895849995289,0.5983167276353818,FAR,FAR,0.0,1,,,0.01,0
C1_n0.01_d000_r03,C1,202610,3.02,3.02,0.0,0.6,0.5978662448726578,0.5982041069447008,FAR,FAR,0.0,1,,,0.01,0
C1_n0.01_d000_r03,C1,202610,3.04,3.04,0.0,0.6,0.5848904689038319,0.5948756974344835,FAR,FAR,0.0,1,,,0.01,0
C1_n0.01_d000_r03,C1,202610,3.06,3.06,0.0,0.6,0.6029341298711076,0.5968903055436395,FAR,FAR,0.0,1,,,0.01,0
C1_n0.01_d000_r03,C1,202610,3.08,3.08,0.0,0.6,0.6073382342583294,0.5995022877223121,FAR,FAR,0.0,1,,,0.01,0
C1_n0.01_d000_r03,C1,202610,3.1,3.1,0.0,0.6,0.5972232954518845,0.5989325396547052,FAR,FAR,0.0,1,,,0.01,0
C1_n0.01_d000_r03,C1,202610,3.12,3.12,0.0,0.6,0.5971255605863856,0.5984807948876253,FAR,FAR,0.0,1,,,0.01,0
C1_n0.01_d000_r03,C1,202610,3.14,3.14,0.0,0.6,0.60717680914764,0.6006547984526289,FAR,FAR,0.0,1,,,0.01,0
C1_n0.01_d000_r03,C1,202610,3.16,3.16,0.0,0.6,0.6129918274889822,0.6037390557117173,FAR,FAR,0.0,1,,,0.01,0
C1_n0.01_d000_r03,C1,202610,3.18,3.18,0.0,0.6,0.607368406121704,0.6046463933142139,FAR,FAR,0.0,1,,,0.01,0
C1_n0.01_d000_r03,C1,202610,3.2,3.2,0.0,0.6,0.5766394022595402,0.5976446455505455,FAR,FAR,0.0,1,,,0.01,0
C1_n0.01_d000_r03,C1,202610,3.22,3.22,0.0,0.6,0.6025648304283735,0.5988746917700025,FAR,FAR,0.0,1,,,0.01,0
C1_n0.01_d000_r03,C1,202610,3.24,3.24,0.0,0.6,0.6054415428196939,0.6005164045324254,FAR,FAR,0.0,1,,,0.01,0
C1_n0.01_d000_r03,C1,202610,3.26,3.26,0.0,0.6,0.5970268154536085,0.5996440072627212,FAR,FAR,0.0,1,,,0.01,0
C1_n0.01_d000_r03,C1,202610,3.28,3.28,0.0,0.6,0.5813827283615457,0.5950786875374273,FAR,FAR,0.0,1,,,0.01,0
C1_n0.01_d000_r03,C1,202610,3.3,3.3,0.0,0.6,0.6115796708572255,0.5992039333673769,FAR,FAR,0.0,1,,,0.01,0
C1_n0.01_d000_r03,C1,202610,3.32,3.32,0.0,0.6,0.6107614737727275,0.6020933184687145,FAR,FAR,0.0,1,,,0.01,0
C1_n0.01_d000_r03,C1,202610,3.34,3.34,0.0,0.6,0.5897477060369266,0.5990069153607676,FAR,FAR,0.0,1,,,0.01,0
C1_n0.01_d000_r03,C1,202610,3.36,3.36,0.0,0.6,0.5762943498194393,0.5933287739754355,FAR,FAR,0.0,1,,,0.01,0
C1_n0.01_d000_r03,C1,202610,3.38,3.38,0.0,0.6,0.6019370020287109,0.5954808309887544,FAR,FAR,0.0,1,,,0.01,0
C1_n0.01_d000_r03,C1,202610,3.4,3.4,0.0,0.6,0.5920188013722772,0.5946153235846351,FAR,FAR,0.0,1,,,0.01,0
C1_n0.01_d000_r03,C1,202610,3.42,3.42,0.0,0.6,0.5901499141096767,0.5934989712158955,FAR,FAR,0.0,1,,,0.01,0
C1_n0.01_d000_r03,C1,202610,3.44,3.44,0.0,0.6,0.6014678243632862,0.5954911845027431,FAR,FAR,0.0,1,,,0.01,0
C1_n0.01_d000_r03,C1,202610,3.46,3.46,0.0,0.6,0.6137753209197123,0.6000622186069854,FAR,FAR,0.0,1,,,0.01,0
C1_n0.01_d000_r03,C1,202610,3.48,3.48,0.0,0.6,0.6036507891463536,0.6009593612418275,FAR,FAR,0.0,1,,,0.01,0
C1_n0.01_d000_r03,C1,202610,3.5,3.5,0.0,0.6,0.5921479027348783,0.5987564966150901,FAR,FAR,0.0,1,,,0.01,0
C1_n0.01_d000_r03,C1,202610,3.52,3.52,0.0,0.6,0.6031409153553905,0.5998526013001652,FAR,FAR,0.0,1,,,0.01,0
C1_n0.01_d000_r03,C1,202610,3.54,3.54,0.0,0.6,0.5969593788931665,0.5991292956984156,FAR,FAR,0.0,1,,,0.01,0
C1_n0.01_d000_r03,C1,202610,3.56,3.56,0.0,0.6,0.5881918801796675,0.5963949418187285,FAR,FAR,0.0,1,,,0.01,0
C1_n0.01_d000_r03,C1,202610,3.58,3.58,0.0,0.6,0.6043092156751716,0.5983735102828394,FAR,FAR,0.0,1,,,0.01,0
C1_n0.01_d000_r03,C1,202610,3.6,3.6,0.0,0.6,0.6110441731198257,0.6015411759920859,FAR,FAR,0.0,1,,,0.01,0
C1_n0.01_d000_r03,C1,202610,3.62,3.62,0.0,0.6,0.5846943594101616,0.5973294718466048,FAR,FAR,0.0,1,,,0.01,0
C1_n0.01_d000_r03,C1,202610,3.64,3.64,0.0,0.6,0.6006846805725412,0.5981682740280889,FAR,FAR,0.0,1,,,0.01,0
C1_n0.01_d000_r03,C1,202610,3.66,3.66,0.0,0.6,0.5959485782128194,0.5976133500742715,FAR,FAR,0.0,1,,,0.01,0
C1_n0.01_d000_r03,C1,202610,3.68,3.68,0.0,0.6,0.592889596908852,0.5964324117829166,FAR,FAR,0.0,1,,,0.01,0
C1_n0.01_d000_r03,C1,202610,3.7,3.7,0.0,0.6,0.6007526082092213,0.5975124608894927,FAR,FAR,0.0,1,,,0.01,0
C1_n0.01_d000_r03,C1,202610,3.72,3.72,0.0,0.6,0.585995950061471,0.5946333331824872,FAR,FAR,0.0,1,,,0.01,0
C1_n0.01_d000_r03,C1,202610,3.74,3.74,0.0,0.6,0.6042814876148406,0.5970453717905755,FAR,FAR,0.0,1,,,0.01,0
C1_n0.01_d000_r03,C1,202610,3.76,3.76,0.0,0.6,0.5940292370506383,0.5962913381055912,FAR,FAR,0.0,1,,,0.01,0
C1_n0.01_d000_r03,C1,202610,3.78,3.78,0.0,0.6,0.5886075064941985,0.594370380202743,FAR,FAR,0.0,1,,,0.01,0
C1_n0.01_d000_r03,C1,202610,3.8,3.8,0.0,0.6,0.5871568595390055,0.5925670000368086,FAR,FAR,0.0,1,,,0.01,0
C1_n0.01_d000_r03,C1,202610,3.82,3.82,0.0,0.6,0.6109707811544549,0.5971679453162202,FAR,FAR,0.0,1,,,0.01,0
C1_n0.01_d000_r03,C1,202610,3.84,3.84,0.0,0.6,0.5934856742711712,0.5962473775549579,FAR,FAR,0.0,1,,,0.01,0
C1_n0.01_d000_r03,C1,202610,3.86,3.86,0.0,0.6,0.6006564049157437,0.5973496343951543,FAR,FAR,0.0,1,,,0.01,0
C1_n0.01_d000_r03,C1,202610,3.88,3.88,0.0,0.6,0.604596349175724,0.5991613130902967,FAR,FAR,0.0,1,,,0.01,0
C1_n0.01_d000_r03,C1,202610,3.9,3.9,0.0,0.6,0.6099814587365637,0.6018663495018635,FAR,FAR,0.0,1,,,0.01,0
C1_n0.01_d000_r03,C1,202610,3.92,3.92,0.0,0.6,0.5956853147474817,0.600321090813268,FAR,FAR,0.0,1,,,0.01,0
C1_n0.01_d000_r03,C1,202610,3.94,3.94,0.0,0.6,0.6119442874535413,0.6032268899733363,FAR,FAR,0.0,1,,,0.01,0
C1_n0.01_d000_r03,C1,202610,3.96,3.96,0.0,0.6,0.6146516337736077,0.6060830759234042,FAR,FAR,0.0,1,,,0.01,0
C1_n0.01_d000_r03,C1,202610,3.98,3.98,0.0,0.6,0.605465292378451,0.6059286300371659,FAR,FAR,0.0,1,,,0.01,0
C1_n0.01_d000_r03,C1,202610,4.0,4.0,0.0,0.6,0.6145333529979655,0.6080798107773657,FAR,FAR,0.0,1,,,0.01,0
C1_n0.01_d000_r03,C1,202610,4.02,4.02,0.0,0.5982500000000001,0.5911279186016007,0.6038418377334245,FAR,FAR,0.0,1,,,0.01,0
C1_n0.01_d000_r03,C1,202610,4.04,4.04,0.0,0.5965,0.5961804129141167,0.6019264815285975,FAR,FAR,0.0,1,,,0.01,0
C1_n0.01_d000_r03,C1,202610,4.06,4.06,0.0,0.59475,0.5955922113470578,0.6003429139832126,FAR,FAR,0.0,1,,,0.01,0
C1_n0.01_d000_r03,C1,202610,4.08,4.08,0.0,0.593,0.6073194847255294,0.6020870566687918,FAR,FAR,0.0,1,,,0.01,0
C1_n0.01_d000_r03,C1,202610,4.1,4.1,0.0,0.59125,0.5943252692731247,0.600146609819875,FAR,FAR,0.0,1,,,0.01,0
C1_n0.01_d000_r03,C1,202610,4.12,4.12,0.0,0.5894999999999999,0.5741963434107769,0.5936590432176004,FAR,FAR,0.0,1,,,0.01,0
C1_n0.01_d000_r03,C1,202610,4.14,4.14,0.0,0.58775,0.5857698226948079,0.5916867380869023,FAR,FAR,0.0,1,,,0.01,0
C1_n0.01_d000_r03,C1,202610,4.16,4.16,0.0,0.586,0.5711534931382822,0.5865534268497472,FAR,FAR,0.0,1,,,0.01,0
C1_n0.01_d000_r03,C1,202610,4.18,4.18,0.0,0.58425,0.5827012571509016,0.5855903844250359,FAR,FAR,0.0,1,,,0.01,0
C1_n0.01_d000_r03,C1,202610,4.2,4.2,0.0,0.5825,0.5830810699135162,0.5849630557971559,FAR,FAR,0.0,1,,,0.01,0
C1_n0.01_d000_r03,C1,202610,4.22,4.22,0.0,0.58075,0.5787480005817964,0.583409291993316,FAR,FAR,0.0,1,,,0.01,0
C1_n0.01_d000_r03,C1,202610,4.24,4.24,0.0,0.579,0.5758717855429437,0.5815249153807229,FAR,FAR,0.0,1,,,0.01,0
C1_n0.01_d000_r03,C1,202610,4.26,4.26,0.0,0.57725,0.5855994564536944,0.5825435506489658,FAR,FAR,0.0,1,,,0.01,0
C1_n0.01_d000_r03,C1,202610,4.28,4.28,0.0,0.5754999999999999,0.5684817837811407,0.5790281089320095,FAR,FAR,0.0,1,,,0.01,0
C1_n0.01_d000_r03,C1,202610,4.3,4.3,0.0,0.57375,0.5433775436184537,0.5701154676036205,FAR,FAR,0.0,1,,,0.01,0
C1_n0.01_d000_r03,C1,202610,4.32,4.32,0.0,0.572,0.5845572929241973,0.5737259239337646,FAR,FAR,0.0,1,,,0.01,0
C1_n0.01_d000_r03,C1,202610,4.34,4.34,0.0,0.57025,0.5681908625127708,0.5723421585785162,FAR,FAR,0.0,1,,,0.01,0
C1_n0.01_d000_r03,C1,202610,4.36,4.36,0.0,0.5685,0.5671691473989084,0.5710489057836143,FAR,FAR,0.0,1,,,0.01,0
C1_n0.01_d000_r03,C1,202610,4.38,4.38,0.0,0.56675,0.582695428635884,0.5739605364966818,FAR,FAR,0.0,1,,,0.01,0
C1_n0.01_d000_r03,C1,202610,4.4,4.4,0.0,0.565,0.5470260623846868,0.5672269179686831,FAR,FAR,0.0,1,,,0.01,0
C1_n0.01_d000_r03,C1,202610,4.42,4.42,0.0,0.56325,0.5651431819691096,0.5667059839687897,FAR,FAR,0.0,1,,,0.01,0
C1_n0.01_d000_r03,C1,202610,4.44,4.44,0.0,0.5614999999999999,0.5587090993545398,0.5647067628152271,FAR,FAR,0.0,1,,,0.01,0
C1_n0.01_d000_r03,C1,202610,4.46,4.46,0.0,0.55975,0.558394266495765,0.5631286387353616,FAR,FAR,0.0,1,,,0.01,0
C1_n0.01_d000_r03,C1,202610,4.48,4.48,0.0,0.5579999999999999,0.5747759440729093,0.5660404650697485,FAR,FAR,0.0,1,,,0.01,0
C1_n0.01_d000_r03,C1,202610,4.5,4.5,0.0,0.55625,0.5754074947633705,0.568382222493154,FAR,FAR,0.0,1,,,0.01,0
C1_n0.01_d000_r03,C1,202610,4.52,4.52,0.0,0.5545,0.5429983974500522,0.5620362662323786,FAR,FAR,0.0,1,,,0.01,0
C1_n0.01_d000_r03,C1,202610,4.54,4.54,0.0,0.55275,0.5584375559060175,0.5611365886507883,FAR,FAR,0.0,1,,,0.01,0
C1_n0.01_d000_r03,C1,202610,4.56,4.56,0.0,0.551,0.5337411284305685,0.5542877235957333,FAR,FAR,0.0,1,,,0.01,0
C1_n0.01_d000_r03,C1,202610,4.58,4.58,0.0,0.54925,0.5562037359636424,0.5547667266877105,FAR,FAR,0.0,1,,,0.01,0
C1_n0.01_d000_r03,C1,202610,4.6,4.6,0.0,0.5475,0.5328415304679414,0.5492854276327682,FAR,FAR,0.0,1,,,0.01,0
C1_n0.01_d000_r03,C1,202610,4.62,4.62,0.0,0.54575,0.545472640281354,0.5483322307949147,FAR,FAR,0.0,1,,,0.01,0
C1_n0.01_d000_r03,C1,202610,4.64,4.64,0.0,0.544,0.5418885199779061,0.5467213030906626,FAR,FAR,0.0,1,,,0.01,0
C1_n0.01_d000_r03,C1,202610,4.66,4.66,0.0,0.54225,0.5411131465531205,0.5453192639562771,FAR,FAR,0.0,1,,,0.01,0
C1_n0.01_d000_r03,C1,202610,4.68,4.68,0.0,0.5405,0.5240433350715175,0.5400002817350872,FAR,FAR,0.0,1,,,0.01,0
C1_n0.01_d000_r03,C1,202610,4.7,4.7,0.0,0.53875,0.5382574641228509,0.5395645773320281,FAR,FAR,0.0,1,,,0.01,0
C1_n0.01_d000_r03,C1,202610,4.72,4.72,0.0,0.537,0.5368013515985438,0.5388737708986571,FAR,FAR,0.0,1,,,0.01,0
C1_n0.01_d000_r03,C1,202610,4.74,4.74,0.0,0.53525,0.5238462607102234,0.5351168933515487,FAR,FAR,0.0,1,,,0.01,0
C1_n0.01_d000_r03,C1,202610,4.76,4.76,0.0,0.5335,0.5231249736832244,0.5321189134344676,FAR,FAR,0.0,1,,,0.01,0
C1_n0.01_d000_r03,C1,202610,4.78,4.78,0.0,0.53175,0.5165654880686222,0.5282305570930063,FAR,FAR,0.0,1,,,0.01,0
C1_n0.01_d000_r03,C1,202610,4.8,4.8,0.0,0.53,0.5370895347691621,0.5304453015120453,FAR,FAR,0.0,1,,,0.01,0
C1_n0.01_d000_r03,C1,202610,4.82,4.82,0.0,0.52825,0.5157770727006368,0.5267782443091931,FAR,FAR,0.0,1,,,0.01,0
C1_n0.01_d000_r03,C1,202610,4.84,4.84,0.0,0.5265,0.5120364130047321,0.5230927864830779,FAR,FAR,0.0,1,,,0.01,0
C1_n0.01_d000_r03,C1,202610,4.86,4.86,0.0,0.5247499999999999,0.5253751373517671,0.5236633742002502,FAR,FAR,0.0,1,,,0.01,0
C1_n0.01_d000_r03,C1,202610,4.88,4.88,0.0,0.523,0.5307915833688086,0.5254454264923898,FAR,FAR,0.0,1,,,0.01,0
C1_n0.01_d000_r03,C1,202610,4.9,4.9,0.0,0.52125,0.5132474884939756,0.5223959419927863,FAR,FAR,0.0,1,,,0.01,0
C1_n0.01_d000_r03,C1,202610,4.92,4.92,0.0,0.5195,0.5163888593173713,0.5208941713239326,FAR,FAR,0.0,1,,,0.01,0
C1_n0.01_d000_r03,C1,202610,4.94,4.94,0.0,0.5177499999999999,0.5198935236740091,0.5206440094114517,FAR,FAR,0.0,1,,,0.01,0
C1_n0.01_d000_r03,C1,202610,4.96,4.96,0.0,0.516,0.4996428818230914,0.5153937275143616,FAR,FAR,0.0,1,,,0.01,0
C1_n0.01_d000_r03,C1,202610,4.98,4.98,0.0,0.51425,0.5385429043934792,0.521181021734141,FAR,FAR,0.0,1,,,0.01,0
C1_n0.01_d000_r03,C1,202610,5.0,5.0,0.0,0.5125,0.5040166423014688,0.516889926875973,FAR,FAR,0.0,1,,,0.01,0
C1_n0.01_d000_r03,C1,202610,5.02,5.02,0.0,0.51075,0.5144012217346707,0.5162677505906474,FAR,FAR,0.0,1,,,0.01,0
C1_n0.01_d000_r03,C1,202610,5.04,5.04,0.0,0.509,0.5206646890748323,0.5173669852116937,FAR,FAR,0.0,1,,,0.01,0
C1_n0.01_d000_r03,C1,202610,5.06,5.06,0.0,0.50725,0.5021449597836627,0.513561478854686,FAR,FAR,0.0,1,,,0.01,0
C1_n0.01_d000_r03,C1,202610,5.08,5.08,0.0,0.5055,0.5130723000482572,0.5134391841530788,FAR,FAR,0.0,1,,,0.01,0
C1_n0.01_d000_r03,C1,202610,5.1,5.1,0.0,0.50375,0.523144750925424,0.5158655758461651,FAR,FAR,0.0,1,,,0.01,0
C1_n0.01_d000_r03,C1,202610,5.12,5.12,0.0,0.502,0.49916641713016646,0.5116907861671655,FAR,FAR,0.0,1,,,0.01,0
C1_n0.01_d000_r03,C1,202610,5.14,5.14,0.0,0.50025,0.5206804882870325,0.5139382116971323,FAR,FAR,0.0,1,,,0.01,0
C1_n0.01_d000_r03,C1,202610,5.16,5.16,0.0,0.49849999999999994,0.491681033868205,0.5083739172399004,FAR,FAR,0.0,1,,,0.01,0
C1_n0.01_d000_r03,C1,202610,5.18,5.18,0.0,0.49675,0.49871409085920104,0.5059589606447256,FAR,FAR,0.0,1,,,0.01,0
C1_n0.01_d000_r03,C1,202610,5.2,5.2,0.0,0.495,0.49393503284786383,0.5029529786955101,FAR,FAR,0.0,1,,,0.01,0
C1_n0.01_d000_r03,C1,202610,5.22,5.22,0.0,0.49325,0.5024082318833548,0.5028167919924713,FAR,FAR,0.0,1,,,0.01,0
C1_n0.01_d000_r03,C1,202610,5.24,5.24,0.0,0.49149999999999994,0.482180388823486,0.49765769120022496,FAR,FAR,0.0,1,,,0.01,0
C1_n0.01_d000_r03,C1,202610,5.26,5.26,0.0,0.48975,0.4854189092204131,0.494597995705272,FAR,FAR,0.0,1,,,0.01,0
C1_n0.01_d000_r03,C1,202610,5.28,5.28,0.0,0.488,0.4882728096736319,0.493016699197362,FAR,FAR,0.0,1,,,0.01,0
C1_n0.01_d000_r03,C1,202610,5.3,5.3,0.0,0.48625,0.4925646409712845,0.4929036846408426,FAR,FAR,0.0,1,,,0.01,0
C1_n0.01_d000_r03,C1,202610,5.32,5.32,0.0,0.48449999999999993,0.47687398598759473,0.48889625997753067,FAR,FAR,0.0,1,,,0.01,0
C1_n0.01_d000_r03,C1,202610,5.34,5.34,0.0,0.48275,0.4886027583185053,0.48882288456277434,FAR,FAR,0.0,1,,,0.01,0
C1_n0.01_d000_r03,C1,202610,5.36,5.36,0.0,0.481,0.4788020911197861,0.48631768620202726,FAR,FAR,0.0,1,,,0.01,0
C1_n0.01_d000_r03,C1,202610,5.38,5.38,0.0,0.47925,0.4967684066677513,0.48893036631845826,FAR,FAR,0.0,1,,,0.01,0
C1_n0.01_d000_r03,C1,202610,5.4,5.4,0.0,0.4774999999999999,0.45849431703628907,0.481321353997916,FAR,FAR,0.0,1,,,0.01,0
C1_n0.01_d000_r03,C1,202610,5.42,5.42,0.0,0.47575,0.47749123280099026,0.4803638236986846,FAR,FAR,0.0,1,,,0.01,0
C1_n0.01_d000_r03,C1,202610,5.44,5.44,0.0,0.474,0.45501420304102824,0.4740264185342705,FAR,FAR,0.0,1,,,0.01,0
C1_n0.01_d000_r03,C1,202610,5.46,5.46,0.0,0.47224999999999995,0.47297672527427187,0.4737639952192708,FAR,FAR,0.0,1,,,0.01,0
C1_n0.01_d000_r03,C1,202610,5.48,5.48,0.0,0.4704999999999999,0.460580548003587,0.4704681334153498,FAR,FAR,0.0,1,,,0.01,0
C1_n0.01_d000_r03,C1,202610,5.5,5.5,0.0,0.46875,0.4721200550420247,0.4708811138220186,FAR,FAR,0.0,1,,,0.01,0
C1_n0.01_d000_r03,C1,202610,5.52,5.52,0.0,0.467,0.4832991159452667,0.4739856143528306,FAR,FAR,0.0,1,,,0.01,0
C1_n0.01_d000_r03,C1,202610,5.54,5.54,0.0,0.46525,0.44950698408047207,0.46786595678474097,FAR,FAR,0.0,1,,,0.01,0
C1_n0.01_d000_r03,C1,202610,5.56,5.56,0.0,0.4635,0.45037032291778323,0.4634920483180015,FAR,FAR,0.0,1,,,0.01,0
C1_n0.01_d000_r03,C1,202610,5.58,5.58,0.0,0.46175,0.46792113321909423,0.46459931954327466,FAR,FAR,0.0,1,,,0.01,0
C1_n0.01_d000_r03,C1,202610,5.6,5.6,0.0,0.46,0.45549555222028876,0.4623233777125282,FAR,FAR,0.0,1,,,0.01,0
C1_n0.01_d000_r03,C1,202610,5.62,5.62,0.0,0.45825,0.45497520053992857,0.4604863334193783,FAR,FAR,0.0,1,,,0.01,0
C1_n0.01_d000_r03,C1,202610,5.64,5.64,0.0,0.4565,0.4690876552852621,0.46263666388584923,FAR,FAR,0.0,1,,,0.01,0
C1_n0.01_d000_r03,C1,202610,5.66,5.66,0.0,0.45475,0.4558689400652069,0.46094473293068866,FAR,FAR,0.0,1,,,0.01,0
C1_n0.01_d000_r03,C1,202610,5.68,5.68,0.0,0.453,0.44563688252982253,0.45711777033047213,FAR,FAR,0.0,1,,,0.01,0
C1_n0.01_d000_r03,C1,202610,5.7,5.7,0.0,0.45125,0.43868731996463384,0.4525101577390126,FAR,FAR,0.0,1,,,0.01,0
C1_n0.01_d000_r03,C1,202610,5.72,5.72,0.0,0.4495,0.4510275610299487,0.45213950856174656,FAR,FAR,0.0,1,,,0.01,0
C1_n0.01_d000_r03,C1,202610,5.74,5.74,0.0,0.44775,0.4283572570749055,0.4461939456900363,FAR,FAR,0.0,1,,,0.01,0
C1_n0.01_d000_r03,C1,202610,5.76,5.76,0.0,0.446,0.439328797590616,0.4444776586651812,FAR,FAR,0.0,1,,,0.01,0
C1_n0.01_d000_r03,C1,202610,5.78,5.78,0.0,0.44425,0.4411813968037243,0.443653593199817,FAR,FAR,0.0,1,,,0.01,0
C1_n0.01_d000_r03,C1,202610,5.8,5.8,0.0,0.4425,0.43664663502313444,0.4419018536556463,FAR,FAR,0.0,1,,,0.01,0
C1_n0.01_d000_r03,C1,202610,5.82,5.82,0.0,0.44075,0.438991017124029,0.441174144522742,FAR,FAR,0.0,1,,,0.01,0
C1_n0.01_d000_r03,C1,202610,5.84,5.84,0.0,0.439,0.42103040770472,0.4361382103182365,FAR,FAR,0.0,1,,,0.01,0
C1_n0.01_d000_r03,C1,202610,5.86,5.86,0.0,0.43724999999999997,0.44740713294258766,0.4389554409743243,FAR,FAR,0.0,1,,,0.01,0
C1_n0.01_d000_r03,C1,202610,5.88,5.88,0.0,0.4355,0.4307705095630429,0.43690920812150397,FAR,FAR,0.0,1,,,0.01,0
C1_n0.01_d000_r03,C1,202610,5.9,5.9,0.0,0.43374999999999997,0.4390585255124357,0.4374465374692369,FAR,FAR,0.0,1,,,0.01,0
C1_n0.01_d000_r03,C1,202610,5.92,5.92,0.0,0.432,0.4182876857290395,0.4326568245341875,FAR,FAR,0.0,1,,,0.01,0
C1_n0.01_d000_r03,C1,202610,5.94,5.94,0.0,0.43024999999999997,0.4501584762550282,0.4370322374643977,FAR,FAR,0.0,1,,,0.01,0
C1_n0.01_d000_r03,C1,202610,5.96,5.96,0.0,0.4285,0.42912468861204445,0.43505535025130937,FAR,FAR,0.0,1,,,0.01,0
C1_n0.01_d000_r03,C1,202610,5.98,5.98,0.0,0.42674999999999996,0.42384966163318843,0.4322539280967791,FAR,FAR,0.0,1,,,0.01,0
C1_n0.01_d000_r03,C1,202610,6.0,6.0,0.0,0.425,0.43167280504574884,0.4321086473340215,FAR,FAR,0.0,1,,,0.01,0
C1_n0.01_d000_r03,C1,202610,6.02,6.02,0.0,0.42325,0.43757283441326855,0.43347469410383327,FAR,FAR,0.0,1,,,0.01,0
C1_n0.01_d000_r03,C1,202610,6.04,6.04,0.0,0.4215,0.41137423184386374,0.4279495785388409,FAR,FAR,0.0,1,,,0.01,0
C1_n0.01_d000_r03,C1,202610,6.06,6.06,0.0,0.41975,0.4309989037335233,0.4287119098375115,FAR,FAR,0.0,1,,,0.01,0
C1_n0.01_d000_r03,C1,202610,6.08,6.08,0.0,0.418,0.4250221768776155,0.4277894765975375,FAR,FAR,0.0,1,,,0.01,0
C1_n0.01_d000_r03,C1,202610,6.1,6.1,0.0,0.41625,0.4180723756361612,0.42536020135719343,FAR,FAR,0.0,1,,,0.01,0
C1_n0.01_d000_r03,C1,202610,6.12,6.12,0.0,0.4145,0.4229920484484771,0.4247681631300143,FAR,FAR,0.0,1,,,0.01,0
C1_n0.01_d000_r03,C1,202610,6.14,6.14,0.0,0.41275,0.4284569095285425,0.42569034972964637,FAR,FAR,0.0,1,,,0.01,0
C1_n0.01_d000_r03,C1,202610,6.16,6.16,0.0,0.411,0.40795026238548027,0.4212553278936048,FAR,FAR,0.0,1,,,0.01,0
C1_n0.01_d000_r03,C1,202610,6.18,6.18,0.0,0.40925,0.38754320352467014,0.41282729680137115,FAR,FAR,0.0,1,,,0.01,0
C1_n0.01_d000_r03,C1,202610,6.2,6.2,0.0,0.4075,0.3981419724356312,0.4091559657099362,FAR,FAR,0.0,1,,,0.01,0
C1_n0.01_d000_r03,C1,202610,6.22,6.22,0.0,0.40575,0.3956620697926143,0.4057824917306057,FAR,FAR,0.0,1,,,0.01,0
C1_n0.01_d000_r03,C1,202610,6.24,6.24,0.0,0.40399999999999997,0.41034751704502526,0.4069237480592106,FAR,FAR,0.0,1,,,0.01,0
C1_n0.01_d000_r03,C1,202610,6.26,6.26,0.0,0.40225,0.4092836724464039,0.407513729156009,FAR,FAR,0.0,1,,,0.01,0
C1_n0.01_d000_r03,C1,202610,6.28,6.28,0.0,0.40049999999999997,0.3866499538256421,0.40229778532341726,FAR,FAR,0.0,1,,,0.01,0
C1_n0.01_d000_r03,C1,202610,6.3,6.3,0.0,0.39875,0.38285460155258455,0.39743698938070904,FAR,FAR,0.0,1,,,0.01,0
C1_n0.01_d000_r03,C1,202610,6.32,6.32,0.0,0.39699999999999996,0.38094724890945325,0.3933145542628951,FAR,FAR,0.0,1,,,0.01,0
C1_n0.01_d000_r03,C1,202610,6.34,6.34,0.0,0.39525,0.3842731184707735,0.3910541953148647,FAR,FAR,0.0,1,,,0.01,0
C1_n0.01_d000_r03,C1,202610,6.36,6.36,0.0,0.39349999999999996,0.37945199955135694,0.38815364637398775,FAR,FAR,0.0,1,,,0.01,0
C1_n0.01_d000_r03,C1,202610,6.38,6.38,0.0,0.39175,0.39982922946564153,0.39107254214690124,FAR,FAR,0.0,1,,,0.01,0
C1_n0.01_d000_r03,C1,202610,6.4,6.4,0.0,0.38999999999999996,0.3876874384412105,0.39022626622047857,FAR,FAR,0.0,1,,,0.01,0
C1_n0.01_d000_r03,C1,202610,6.42,6.42,0.0,0.38825,0.38821897211256384,0.38972444269349993,FAR,FAR,0.0,1,,,0.01,0
C1_n0.01_d000_r03,C1,202610,6.44,6.44,0.0,0.38649999999999995,0.37886317708161044,0.3870091262905276,FAR,FAR,0.0,1,,,0.01,0
C1_n0.01_d000_r03,C1,202610,6.46,6.46,0.0,0.38475,0.37443320643623845,0.38386514632695534,FAR,FAR,0.0,1,,,0.01,0
C1_n0.01_d000_r03,C1,202610,6.48,6.48,0.0,0.38299999999999995,0.39274480074906526,0.3860850599324828,FAR,FAR,0.0,1,,,0.01,0
C1_n0.01_d000_r03,C1,202610,6.5,6.5,0.0,0.38125,0.37593203570435146,0.38354680387545,FAR,FAR,0.0,1,,,0.01,0
C1_n0.01_d000_r03,C1,202610,6.52,6.52,0.0,0.37950000000000006,0.3641353616302416,0.3786939433141479,FAR,FAR,0.0,1,,,0.01,0
C1_n0.01_d000_r03,C1,202610,6.54,6.54,0.0,0.37775000000000003,0.373318506502338,0.3773500841111954,FAR,FAR,0.0,1,,,0.01,0
C1_n0.01_d000_r03,C1,202610,6.56,6.56,0.0,0.376,0.36218109920058517,0.37355783788354285,FAR,FAR,0.0,1,,,0.01,0
C1_n0.01_d000_r03,C1,202610,6.58,6.58,0.0,0.37424999999999997,0.36642595868091654,0.3717748680828863,FAR,FAR,0.0,1,,,0.01,0
C1_n0.01_d000_r03,C1,202610,6.6,6.6,0.0,0.37250000000000005,0.38200605013450145,0.3743326635957901,FAR,FAR,0.0,1,,,0.01,0
C1_n0.01_d000_r03,C1,202610,6.62,6.62,0.0,0.37075,0.37743596049225125,0.37510848781990536,FAR,FAR,0.0,1,,,0.01,0
C1_n0.01_d000_r03,C1,202610,6.64,6.64,0.0,0.369,0.36467933176729095,0.37250119880675175,FAR,FAR,0.0,1,,,0.01,0
C1_n0.01_d000_r03,C1,202610,6.66,6.66,0.0,0.36724999999999997,0.3780706216493052,0.37389355451739015,FAR,FAR,0.0,1,,,0.01,0
C1_n0.01_d000_r03,C1,202610,6.68,6.68,0.0,0.36550000000000005,0.3595733836577364,0.37031351180247674,FAR,FAR,0.0,1,,,0.01,0
C1_n0.01_d000_r03,C1,202610,6.7,6.7,0.0,0.36375,0.3622147248985564,0.36828881507649663,FAR,FAR,0.0,1,,,0.01,0
C1_n0.01_d000_r03,C1,202610,6.72,6.72,0.0,0.362,0.3534341499930585,0.3645751488056371,FAR,FAR,0.0,1,,,0.01,0
C1_n0.01_d000_r03,C1,202610,6.74,6.74,0.0,0.36024999999999996,0.3659871574573077,0.36492815096855474,FAR,FAR,0.0,1,,,0.01,0
C1_n0.01_d000_r03,C1,202610,6.76,6.76,0.0,0.35850000000000004,0.3708694525207227,0.3664134763565967,FAR,FAR,0.0,1,,,0.01,0
C1_n0.01_d000_r03,C1,202610,6.78,6.78,0.0,0.35675,0.3614175763276425,0.3651645013493582,FAR,FAR,0.0,1,,,0.01,0
C1_n0.01_d000_r03,C1,202610,6.8,6.8,0.0,0.355,0.3355639315232522,0.3577643588928317,FAR,NEAR,0.6,1,ENTER_NEAR,,0.01,0
C1_n0.01_d000_r03,C1,202610,6.82,6.82,0.0,0.35324999999999995,0.35316512102476494,0.35661454942581505,FAR,FAR,0.0,1,EXIT_NEAR,,0.01,0
C1_n0.01_d000_r03,C1,202610,6.84,6.84,0.0,0.35150000000000003,0.3552535095317834,0.35627428945230716,FAR,FAR,0.0,1,,,0.01,0
C1_n0.01_d000_r03,C1,202610,6.86,6.86,0.0,0.34974999999999995,0.3542842882855906,0.355776789160628,NEAR,FAR,0.0,1,,,0.01,0
C1_n0.01_d000_r03,C1,202610,6.88,6.88,0.0,0.348,0.34901438354704056,0.3540861877572311,NEAR,NEAR,0.6,1,ENTER_NEAR,,0.01,0
C1_n0.01_d000_r03,C1,202610,6.9,6.9,0.0,0.34624999999999995,0.36222673295491364,0.3561213240566517,NEAR,FAR,0.0,1,EXIT_NEAR,,0.01,0
C1_n0.01_d000_r03,C1,202610,6.92,6.92,0.0,0.3445,0.3444205430560015,0.35319612880648915,NEAR,NEAR,0.6,1,ENTER_NEAR,,0.01,0
C1_n0.01_d000_r03,C1,202610,6.94,6.94,0.0,0.34274999999999994,0.35409326577358646,0.3534204130482635,NEAR,FAR,0.0,1,EXIT_NEAR,,0.01,0
C1_n0.01_d000_r03,C1,202610,6.96,6.96,0.0,0.34099999999999997,0.33539116738479663,0.3489131016323968,NEAR,NEAR,0.6,1,ENTER_NEAR,,0.01,0
C1_n0.01_d000_r03,C1,202610,6.98,6.98,0.0,0.33924999999999994,0.3447593970236573,0.34787467548021195,NEAR,NEAR,0.6,1,,,0.01,0
C1_n0.01_d000_r03,C1,202610,7.0,7.0,0.0,0.3375,0.34039139349190506,0.34600385498313524,NEAR,NEAR,0.6,1,,,0.01,0
C1_n0.01_d000_r03,C1,202610,7.02,7.02,0.0,0.33575000000000005,0.32943971199024025,0.34186281923491146,NEAR,NEAR,0.6,1,,,0.01,0
C1_n0.01_d000_r03,C1,202610,7.04,7.04,0.0,0.334,0.33380529342280196,0.3398484377818841,NEAR,NEAR,0.6,1,,,0.01,0
C1_n0.01_d000_r03,C1,202610,7.06,7.06,0.0,0.33225000000000005,0.3448429562797796,0.34109706740635803,NEAR,NEAR,0.6,1,,,0.01,0
C1_n0.01_d000_r03,C1,202610,7.08,7.08,0.0,0.3305,0.33394835947600193,0.339309890423769,NEAR,NEAR,0.6,1,,,0.01,0
C1_n0.01_d000_r03,C1,202610,7.1,7.1,0.0,0.32875000000000004,0.3235137473715244,0.33536085466070786,NEAR,NEAR,0.6,1,,,0.01,0
C1_n0.01_d000_r03,C1,202610,7.12,7.12,0.0,0.327,0.3363565907159572,0.3356097886745202,NEAR,NEAR,0.6,1,,,0.01,0
C1_n0.01_d000_r03,C1,202610,7.14,7.14,0.0,0.32525000000000004,0.32993373233371054,0.3341907745893178,NEAR,NEAR,0.6,1,,,0.01,0
C1_n0.01_d000_r03,C1,202610,7.16,7.16,0.0,0.3235,0.3269954247902279,0.3323919371395453,NEAR,NEAR,0.6,1,,,0.01,0
C1_n0.01_d000_r03,C1,202610,7.18,7.18,0.0,0.32175000000000004,0.3164395343690064,0.32840383644691057,NEAR,NEAR,0.6,1,,,0.01,0
C1_n0.01_d000_r03,C1,202610,7.2,7.2,0.0,0.32,0.30877412648226454,0.32349640895574905,NEAR,NEAR,0.6,1,,,0.01,0
C1_n0.01_d000_r03,C1,202610,7.22,7.22,0.0,0.31825000000000003,0.322061665552701,0.323137723104987,NEAR,NEAR,0.6,1,,,0.01,0
C1_n0.01_d000_r03,C1,202610,7.24,7.24,0.0,0.3165,0.3060011354188469,0.318853576183452,NEAR,NEAR,0.6,1,,,0.01,0
C1_n0.01_d000_r03,C1,202610,7.26,7.26,0.0,0.31475000000000003,0.3091523300804152,0.3164282646576928,NEAR,NEAR,0.6,1,,,0.01,0
C1_n0.01_d000_r03,C1,202610,7.28,7.28,0.0,0.313,0.3154135947349663,0.3161745971770112,NEAR,NEAR,0.6,1,,,0.01,0
C1_n0.01_d000_r03,C1,202610,7.3,7.3,0.0,0.31125,0.31687422320454744,0.31634950368389525,NEAR,NEAR,0.6,1,,,0.01,0
C1_n0.01_d000_r03,C1,202610,7.32,7.32,0.0,0.3095,0.2965373767983952,0.31139647196252024,NEAR,NEAR,0.6,1,,,0.01,0
C1_n0.01_d000_r03,C1,202610,7.34,7.34,0.0,0.30775,0.3107133527316409,0.31122569215480045,NEAR,NEAR,0.6,1,,,0.01,0
C1_n0.01_d000_r03,C1,202610,7.36,7.36,0.0,0.306,0.3009228606451169,0.30864998427737955,NEAR,NEAR,0.6,1,,,0.01,0
C1_n0.01_d000_r03,C1,202610,7.38,7.38,0.0,0.30425,0.314528609621899,0.3101196406135094,NEAR,NEAR,0.6,1,,,0.01,0
C1_n0.01_d000_r03,C1,202610,7.4,7.4,0.0,0.3025,0.3032754934019733,0.30840860381062535,NEAR,NEAR,0.6,1,,,0.01,0
C1_n0.01_d000_r03,C1,202610,7.42,7.42,0.0,0.30075,0.3105926957339635,0.3089546267914599,NEAR,NEAR,0.6,1,,,0.01,0
C1_n0.01_d000_r03,C1,202610,7.44,7.44,0.0,0.299,0.29645373428087307,0.30582940366381317,NEAR,NEAR,0.6,1,,,0.01,0
C1_n0.01_d000_r03,C1,202610,7.46,7.46,0.0,0.29725,0.2997929020989022,0.30432027827258545,NEAR,NEAR,0.6,1,,,0.01,0
C1_n0.01_d000_r03,C1,202610,7.48,7.48,0.0,0.2955,0.2869441139096414,0.29997623718184946,NEAR,NEAR,0.6,1,,,0.01,0
C1_n0.01_d000_r03,C1,202610,7.5,7.5,0.0,0.29375,0.2993987125109577,0.2998318560141265,NEAR,NEAR,0.6,1,,,0.01,0
C1_n0.01_d000_r03,C1,202610,7.52,7.52,0.0,0.29200000000000004,0.28624130488103816,0.2964342182308544,NEAR,NEAR,0.6,1,,,0.01,0
C1_n0.01_d000_r03,C1,202610,7.54,7.54,0.0,0.29025,0.265483559998037,0.28869655367265007,NEAR,NEAR,0.6,1,,,0.01,0
C1_n0.01_d000_r03,C1,202610,7.56,7.56,0.0,0.28850000000000003,0.2837754995265341,0.28746629013612107,NEAR,NEAR,0.6,1,,,0.01,0
C1_n0.01_d000_r03,C1,202610,7.58,7.58,0.0,0.28675,0.2770354980486573,0.2848585921142551,NEAR,NEAR,0.6,1,,,0.01,0
C1_n0.01_d000_r03,C1,202610,7.6,7.6,0.0,0.28500000000000003,0.2831337699048267,0.28442738656189803,NEAR,NEAR,0.6,1,,,0.01,0
C1_n0.01_d000_r03,C1,202610,7.62,7.62,0.0,0.28325,0.2933112670788087,0.2866483566911257,NEAR,NEAR,0.6,1,,,0.01,0
C1_n0.01_d000_r03,C1,202610,7.64,7.64,0.0,0.28150000000000003,0.2746988647821661,0.2836609837138858,NEAR,NEAR,0.6,1,,,0.01,0
C1_n0.01_d000_r03,C1,202610,7.66,7.66,0.0,0.27975,0.28770056483626966,0.2846708789944818,NEAR,NEAR,0.6,1,,,0.01,0
C1_n0.01_d000_r03,C1,202610,7.68,7.68,0.0,0.278,0.25870475774450524,0.2781793486819876,NEAR,NEAR,0.6,1,,,0.01,0
C1_n0.01_d000_r03,C1,202610,7.7,7.7,0.0,0.27625,0.2853218501285812,0.279964974043636,NEAR,NEAR,0.6,1,,,0.01,0
C1_n0.01_d000_r03,C1,202610,7.72,7.72,0.0,0.2745,0.27741893745798596,0.2793284648972235,NEAR,NEAR,0.6,1,,,0.01,0
C1_n0.01_d000_r03,C1,202610,7.74,7.74,0.0,0.27275,0.2637190918729957,0.27542612164116653,NEAR,NEAR,0.6,1,,,0.01,0
C1_n0.01_d000_r03,C1,202610,7.76,7.76,0.0,0.271,0.2636756146179777,0.2724884948853693,NEAR,NEAR,0.6,1,,,0.01,0
C1_n0.01_d000_r03,C1,202610,7.78,7.78,0.0,0.26925,0.27452860400072476,0.27299852216420817,NEAR,NEAR,0.6,1,,,0.01,0
C1_n0.01_d000_r03,C1,202610,7.8,7.8,0.0,0.2675,0.2855586382096382,0.2761385511755657,NEAR,NEAR,0.6,1,,,0.01,0
C1_n0.01_d000_r03,C1,202610,7.82,7.82,0.0,0.26575,0.25716889385973624,0.27139613684660835,NEAR,NEAR,0.6,1,,,0.01,0
C1_n0.01_d000_r03,C1,202610,7.84,7.84,0.0,0.264,0.26174993233399474,0.26898458571845496,NEAR,NEAR,0.6,1,,,0.01,0
C1_n0.01_d000_r03,C1,202610,7.86,7.86,0.0,0.26225,0.2598502455907621,0.26670100068653174,NEAR,NEAR,0.6,1,,,0.01,0
C1_n0.01_d000_r03,C1,202610,7.88,7.88,0.0,0.2605,0.25702591866044194,0.2642822301800093,NEAR,NEAR,0.6,1,,,0.01,0
C1_n0.01_d000_r03,C1,202610,7.9,7.9,0.0,0.25875,0.2693981981826771,0.26556122218067624,NEAR,NEAR,0.6,1,,,0.01,0
C1_n0.01_d000_r03,C1,202610,7.92,7.92,0.0,0.257,0.27589510664377004,0.2681446932964497,NEAR,NEAR,0.6,1,,,0.01,0
C1_n0.01_d000_r03,C1,202610,7.94,7.94,0.0,0.25525,0.2607747660335948,0.26630221148073596,NEAR,NEAR,0.6,1,,,0.01,0
C1_n0.01_d000_r03,C1,202610,7.96,7.96,0.0,0.2535,0.2352982316173364,0.25855121651488605,NEAR,NEAR,0.6,1,,,0.01,0
C1_n0.01_d000_r03,C1,202610,7.98,7.98,0.0,0.25175,0.24616107670748197,0.25545368156303505,NEAR,NEAR,0.6,1,,,0.01,0
C1_n0.01_d000_r03,C1,202610,8.0,8.0,0.0,0.25,0.2678299095076929,0.25854773854919955,NEAR,NEAR,0.6,1,,,0.01,0
C1_n0.01_d000_r03,C1,202610,8.02,8.02,0.0,0.2522533838368113,0.25412864922213824,0.25744296621743423,NEAR,NEAR,0.6,1,,,0.01,0
C1_n0.01_d000_r03,C1,202610,8.04,8.04,0.0,0.25445562372365543,0.2592541151304426,0.2578957534456863,NEAR,NEAR,0.6,1,,,0.01,0
C1_n0.01_d000_r03,C1,202610,8.06,8.06,0.0,0.25655673649976407,0.2751777459212297,0.2622162515645722,NEAR,NEAR,0.6,1,,,0.01,0
C1_n0.01_d000_r03,C1,202610,8.08,8.08,0.0,0.25850903423690136,0.2549783061661877,0.2604067652149761,NEAR,NEAR,0.6,1,,,0.01,0
C1_n0.01_d000_r03,C1,202610,8.1,8.1,0.0,0.2602682065889303,0.23981169515893186,0.255257997700965,NEAR,NEAR,0.6,1,,,0.01,0
C1_n0.01_d000_r03,C1,202610,8.12,8.12,0.0,0.26179432648204926,0.2646236739899711,0.2575994167732165,NEAR,NEAR,0.6,1,,,0.01,0
C1_n0.01_d000_r03,C1,202610,8.14,8.14,0.0,0.26305275632004294,0.2552818011359194,0.25702001286389226,NEAR,NEAR,0.6,1,,,0.01,0
C1_n0.01_d000_r03,C1,202610,8.16,8.16,0.0,0.2640149341368492,0.28094299854285687,0.2630007592836334,NEAR,NEAR,0.6,1,,,0.01,0
C1_n0.01_d000_r03,C1,202610,8.18,8.18,0.0,0.2646590218535229,0.2723063148338225,0.2653271481711807,NEAR,NEAR,0.6,1,,,0.01,0
C1_n0.01_d000_r03,C1,202610,8.2,8.2,0.0,0.26497040092642404,0.25686327059908903,0.26321117877815775,NEAR,NEAR,0.6,1,,,0.01,0
C1_n0.01_d000_r03,C1,202610,8.22,8.22,0.0,0.2649420041371476,0.2624899165278522,0.2630308632155814,NEAR,NEAR,0.6,1,,,0.01,0
C1_n0.01_d000_r03,C1,202610,8.24,8.24,0.0,0.2645744759937201,0.2719432647757662,0.2652589636056276,NEAR,NEAR,0.6,1,,,0.01,0
C1_n0.01_d000_r03,C1,202610,8.26,8.26,0.0,0.26387615810251686,0.2603277432089683,0.26402615850646277,NEAR,NEAR,0.6,1,,,0.01,0
C1_n0.01_d000_r03,C1,202610,8.28,8.28,0.0,0.26286289984290484,0.27520021937653727,0.2668196737239814,NEAR,NEAR,0.6,1,,,0.01,0
C1_n0.01_d000_r03,C1,202610,8.3,8.3,0.0,0.2615576986416368,0.254749220734347,0.26380206047657284,NEAR,NEAR,0.6,1,,,0.01,0
C1_n0.01_d000_r03,C1,202610,8.32,8.32,0.0,0.25999017801151375,0.2569035219036898,0.2620774258333521,NEAR,NEAR,0.6,1,,,0.01,0
C1_n0.01_d000_r03,C1,202610,8.34,8.34,0.0,0.25819591520101404,0.2534061849219287,0.25990961560549625,NEAR,NEAR,0.6,1,,,0.01,0
C1_n0.01_d000_r03,C1,202610,8.36,8.36,0.0,0.2562156337148993,0.2382397198025067,0.25449214165474887,NEAR,NEAR,0.6,1,,,0.01,0
C1_n0.01_d000_r03,C1,202610,8.38,8.38,0.0,0.2540942790327598,0.24503718145095701,0.2521284016038009,NEAR,NEAR,0.6,1,,,0.01,0
C1_n0.01_d000_r03,C1,202610,8.4,8.4,0.0,0.25187999850346454,0.24526257040346097,0.2504119438037159,NEAR,NEAR,0.6,1,,,0.01,0
C1_n0.01_d000_r03,C1,202610,8.42,8.42,0.0,0.24962304856834994,0.2428018597275828,0.24850942278468263,NEAR,NEAR,0.6,1,,,0.01,0
C1_n0.01_d000_r03,C1,202610,8.44,8.44,0.0,0.2473746541153709,0.23785437431577916,0.24584566066745675,NEAR,NEAR,0.6,1,,,0.01,0
C1_n0.01_d000_r03,C1,202610,8.46,8.46,0.0,0.24518584585289177,0.2426371533405585,0.24504353383573219,NEAR,NEAR,0.6,1,,,0.01,0
C1_n0.01_d000_r03,C1,202610,8.48,8.48,0.0,0.24310630209067763,0.24372864627613253,0.24471481194583228,NEAR,NEAR,0.6,1,,,0.01,0
C1_n0.01_d000_r03,C1,202610,8.5,8.5,0.0,0.24118322121561292,0.23801536194320422,0.24303994944517526,NEAR,NEAR,0.6,1,,,0.01,0
C1_n0.01_d000_r03,C1,202610,8.52,8.52,0.0,0.2394602504530173,0.2514374364272297,0.24513932119068887,NEAR,NEAR,0.6,1,,,0.01,0
C1_n0.01_d000_r03,C1,202610,8.54,8.54,0.0,0.23797649522693692,0.21712384482141556,0.23813545209837053,NEAR,NEAR,0.6,1,,,0.01,0
C1_n0.01_d000_r03,C1,202610,8.56,8.56,0.0,0.23676563160347566,0.24245337061635672,0.2392149317278671,NEAR,NEAR,0.6,1,,,0.01,0
C1_n0.01_d000_r03,C1,202610,8.58,8.58,0.0,0.23585514196160703,0.23434717733992583,0.23799799313088177,NEAR,NEAR,0.6,1,,,0.01,0
C1_n0.01_d000_r03,C1,202610,8.6,8.6,0.0,0.23526569123906968,0.2327555927503963,0.23668739303576042,NEAR,NEAR,0.6,1,,,0.01,0
C1_n0.01_d000_r03,C1,202610,8.62,8.62,0.0,0.23501065791039116,0.23245909841589815,0.23563031938079484,NEAR,NEAR,0.6,1,,,0.01,0
C1_n0.01_d000_r03,C1,202610,8.64,8.64,0.0,0.23509583034219989,0.2264668690027185,0.23333945678627577,NEAR,NEAR,0.6,1,,,0.01,0
C1_n0.01_d000_r03,C1,202610,8.66,8.66,0.0,0.2355192754175009,0.24121939402398068,0.235309441095702,NEAR,NEAR,0.6,1,,,0.01,0
C1_n0.01_d000_r03,C1,202610,8.68,8.68,0.0,0.23627138241068624,0.22687541225128904,0.23320093388459878,NEAR,NEAR,0.6,1,,,0.01,0
C1_n0.01_d000_r03,C1,202610,8.7,8.7,0.0,0.23733508111746973,0.23628147227518181,0.23397106848224453,NEAR,NEAR,0.6,1,,,0.01,0
C1_n0.01_d000_r03,C1,202610,8.72,8.72,0.0,0.2386862292889585,0.23859400194829222,0.23512680184875645,NEAR,NEAR,0.6,1,,,0.01,0
C1_n0.01_d000_r03,C1,202610,8.74,8.74,0.0,0.24029416057645836,0.24571788478460901,0.23777457258271958,NEAR,NEAR,0.6,1,,,0.01,0
C1_n0.01_d000_r03,C1,202610,8.76,8.76,0.0,0.24212238055058052,0.24567140286352038,0.23974878015291978,NEAR,NEAR,0.6,1,,,0.01,0
C1_n0.01_d000_r03,C1,202610,8.78,8.78,0.0,0.24412939499744188,0.26425607112475635,0.24587560289587893,NEAR,NEAR,0.6,1,,,0.01,0
C1_n0.01_d000_r03,C1,202610,8.8,8.8,0.0,0.24626965169252724,0.2584650739279635,0.24902297065390006,NEAR,NEAR,0.6,1,,,0.01,0
C1_n0.01_d000_r03,C1,202610,8.82,8.82,0.0,0.2484945742772318,0.22953506745594524,0.24415099485441136,NEAR,NEAR,0.6,1,,,0.01,0
C1_n0.01_d000_r03,C1,202610,8.84,8.84,0.0,0.2507536647726965,0.2620216868607919,0.2486186678560065,NEAR,NEAR,0.6,1,,,0.01,0
C1_n0.01_d000_r03,C1,202610,8.86,8.86,0.0,0.25299564970771604,0.2515463357942963,0.24935058484057895,NEAR,NEAR,0.6,1,,,0.01,0
C1_n0.01_d000_r03,C1,202610,8.88,8.88,0.0,0.2551696438476178,0.2521091087284281,0.25004021581254127,NEAR,NEAR,0.6,1,,,0.01,0
C1_n0.01_d000_r03,C1,202610,8.9,8.9,0.0,0.2572263051115258,0.2743674266769026,0.2561220185286316,NEAR,NEAR,0.6,1,,,0.01,0
C1_n0.01_d000_r03,C1,202610,8.92,8.92,0.0,0.25911895446541905,0.25896577618589595,0.2568329579429477,NEAR,NEAR,0.6,1,,,0.01,0
C1_n0.01_d000_r03,C1,202610,8.94,8.94,0.0,0.26080463537331855,0.24946348101721774,0.2549905887115152,NEAR,NEAR,0.6,1,,,0.01,0
C1_n0.01_d000_r03,C1,202610,8.96,8.96,0.0,0.2622450887607578,0.2700010371058121,0.25874320081008945,NEAR,NEAR,0.6,1,,,0.01,0
C1_n0.01_d000_r03,C1,202610,8.98,8.98,0.0,0.263407621362269,0.25301664694454035,0.25731156234370217,NEAR,NEAR,0.6,1,,,0.01,0
C1_n0.01_d000_r03,C1,202610,9.0,9.0,0.0,0.2642658477444273,0.25802503652560294,0.2574899308891774,NEAR,NEAR,0.6,1,,,0.01,0
C1_n0.01_d000_r03,C1,202610,9.02,9.02,0.0,0.264800289163118,0.25945656918276444,0.25798159046257413,NEAR,NEAR,0.6,1,,,0.01,0
C1_n0.01_d000_r03,C1,202610,9.04,9.04,0.0,0.2649988156630572,0.25988993035194935,0.2584586754349179,NEAR,NEAR,0.6,1,,,0.01,0
C1_n0.01_d000_r03,C1,202610,9.06,9.06,0.0,0.26485692138544975,0.26700619939927334,0.2605955564260068,NEAR,NEAR,0.6,1,,,0.01,0
C1_n0.01_d000_r03,C1,202610,9.08,9.08,0.0,0.2643778268352606,0.2638082153251595,0.261398721150795,NEAR,NEAR,0.6,1,,,0.01,0
C1_n0.01_d000_r03,C1,202610,9.1,9.1,0.0,0.2635724057869903,0.2630561991503598,0.2618130906506862,NEAR,NEAR,0.6,1,,,0.01,0
C1_n0.01_d000_r03,C1,202610,9.12,9.12,0.0,0.2624589384879372,0.2711641392242975,0.264150852794089,NEAR,NEAR,0.6,1,,,0.01,0
C1_n0.01_d000_r03,C1,202610,9.14,9.14,0.0,0.2610626967603726,0.24296654051763814,0.2588547747249763,NEAR,NEAR,0.6,1,,,0.01,0
C1_n0.01_d000_r03,C1,202610,9.16,9.16,0.0,0.25941537041936047,0.24952839482336858,0.2565231797495744,NEAR,NEAR,0.6,1,,,0.01,0
C1_n0.01_d000_r03,C1,202610,9.18,9.18,0.0,0.2575543480245365,0.2615112559666436,0.25777019880384167,NEAR,NEAR,0.6,1,,,0.01,0
C1_n0.01_d000_r03,C1,202610,9.2,9.2,0.0,0.25552186829027024,0.2602542596075717,0.25839121400477416,NEAR,NEAR,0.6,1,,,0.01,0
C1_n0.01_d000_r03,C1,202610,9.22,9.22,0.0,0.25336406141424067,0.2255562221796135,0.250182466048484,NEAR,NEAR,0.6,1,,,0.01,0
C1_n0.01_d000_r03,C1,202610,9.24,9.24,0.0,0.25112990208291897,0.2587510861329827,0.2523246210696087,NEAR,NEAR,0.6,1,,,0.01,0
C1_n0.01_d000_r03,C1,202610,9.26,9.26,0.0,0.24887009791708103,0.2450044828638665,0.25049458651817313,NEAR,NEAR,0.6,1,,,0.01,0
C1_n0.01_d000_r03,C1,202610,9.28,9.28,0.0,0.24663593858575936,0.26373345623370553,0.2538043039470562,NEAR,NEAR,0.6,1,,,0.01,0
C1_n0.01_d000_r03,C1,202610,9.3,9.3,0.0,0.24447813170972976,0.2547829685959874,0.254048970109289,NEAR,NEAR,0.6,1,,,0.01,0
C1_n0.01_d000_r03,C1,202610,9.32,9.32,0.0,0.24244565197546356,0.25516182435475454,0.25432718367065543,NEAR,NEAR,0.6,1,,,0.01,0
C1_n0.01_d000_r03,C1,202610,9.34,9.34,0.0,0.2405846295806395,0.23437745511362937,0.24933975153139892,NEAR,NEAR,0.6,1,,,0.01,0
C1_n0.01_d000_r03,C1,202610,9.36,9.36,0.0,0.23893730323962742,0.21898748664781897,0.24175168531050395,NEAR,NEAR,0.6,1,,,0.01,0
C1_n0.01_d000_r03,C1,202610,9.38,9.38,0.0,0.23754106151206275,0.2378057698145512,0.24076520643651578,NEAR,NEAR,0.6,1,,,0.01,0
C1_n0.01_d000_r03,C1,202610,9.4,9.4,0.0,0.23642759421300968,0.23177420180541242,0.23851745527873994,NEAR,NEAR,0.6,1,,,0.01,0
C1_n0.01_d000_r03,C1,202610,9.42,9.42,0.0,0.23562217316473935,0.24885240006219417,0.24110119147460352,NEAR,NEAR,0.6,1,,,0.01,0
C1_n0.01_d000_r03,C1,202610,9.44,9.44,0.0,0.23514307861455025,0.25304508282987903,0.2440871643134224,NEAR,NEAR,0.6,1,,,0.01,0
C1_n0.01_d000_r03,C1,202610,9.46,9.46,0.0,0.23500118433694275,0.22302714084495914,0.23882215844630658,NEAR,NEAR,0.6,1,,,0.01,0
C1_n0.01_d000_r03,C1,202610,9.48,9.48,0.0,0.235199710836882,0.23688214488753162,0.23833715505661285,NEAR,NEAR,0.6,1,,,0.01,0
C1_n0.01_d000_r03,C1,202610,9.5,9.5,0.0,0.2357341522555727,0.23979070019324816,0.23870054134077168,NEAR,NEAR,0.6,1,,,0.01,0
C1_n0.01_d000_r03,C1,202610,9.52,9.52,0.0,0.23659237863773103,0.24810571748856808,0.2410518353777208,NEAR,NEAR,0.6,1,,,0.01,0
C1_n0.01_d000_r03,C1,202610,9.54,9.54,0.0,0.2377549112392422,0.24434982878308611,0.24187633372906212,NEAR,NEAR,0.6,1,,,0.01,0
C1_n0.01_d000_r03,C1,202610,9.56,9.56,0.0,0.23919536462668142,0.22328958468330742,0.23722964646762343,NEAR,NEAR,0.6,1,,,0.01,0
C1_n0.01_d000_r03,C1,202610,9.58,9.58,0.0,0.24088104553458092,0.23793791822139712,0.23740671440606684,NEAR,NEAR,0.6,1,,,0.01,0
C1_n0.01_d000_r03,C1,202610,9.6,9.6,0.0,0.24277369488847422,0.24634177956055262,0.23964048069468827,NEAR,NEAR,0.6,1,,,0.01,0
C1_n0.01_d000_r03,C1,202610,9.62,9.62,0.0,0.24483035615238213,0.2563028431680244,0.2438060713130223,NEAR,NEAR,0.6,1,,,0.01,0
C1_n0.01_d000_r03,C1,202610,9.64,9.64,0.0,0.24700435029228393,0.25089192670826077,0.2455775351618319,NEAR,NEAR,0.6,1,,,0.01,0
C1_n0.01_d000_r03,C1,202610,9.66,9.66,0.0,0.24924633522730347,0.24816457478683632,0.246224295068083,NEAR,NEAR,0.6,1,,,0.01,0
C1_n0.01_d000_r03,C1,202610,9.68,9.68,0.0,0.2515054257227682,0.2600913580624957,0.24969106081668618,NEAR,NEAR,0.6,1,,,0.01,0
C1_n0.01_d000_r03,C1,202610,9.7,9.7,0.0,0.25373034830747276,0.2657802531016477,0.25371335888792657,NEAR,NEAR,0.6,1,,,0.01,0
C1_n0.01_d000_r03,C1,202610,9.72,9.72,0.0,0.2558706050025581,0.2517333503715398,0.25321835675882987,NEAR,NEAR,0.6,1,,,0.01,0
C1_n0.01_d000_r03,C1,202610,9.74,9.74,0.0,0.25787761944941945,0.2543751800122368,0.2535075625721816,NEAR,NEAR,0.6,1,,,0.01,0
C1_n0.01_d000_r03,C1,202610,9.76,9.76,0.0,0.25970583942354164,0.25452140530487316,0.2537610232553545,NEAR,NEAR,0.6,1,,,0.01,0
C1_n0.01_d000_r03,C1,202610,9.78,9.78,0.0,0.2613137707110415,0.25423934205896953,0.25388060295625825,NEAR,NEAR,0.6,1,,,0.01,0
C1_n0.01_d000_r03,C1,202610,9.8,9.8,0.0,0.26266491888253024,0.26685372282247954,0.2571238829228136,NEAR,NEAR,0.6,1,,,0.01,0
C1_n0.01_d000_r03,C1,202610,9.82,9.82,0.0,0.26372861758931376,0.26008157070555865,0.25786330486849984,NEAR,NEAR,0.6,1,,,0.01,0
C1_n0.01_d000_r03,C1,202610,9.84,9.84,0.0,0.2644807245824991,0.273261439530605,0.26171283853402616,NEAR,NEAR,0.6,1,,,0.01,0
C1_n0.01_d000_r03,C1,202610,9.86,9.86,0.0,0.2649041696578001,0.26114375242382026,0.2615705670064747,NEAR,NEAR,0.6,1,,,0.01,0
C1_n0.01_d000_r03,C1,202610,9.88,9.88,0.0,0.26498934208960884,0.27377005468079896,0.2646204389250557,NEAR,NEAR,0.6,1,,,0.01,0
C1_n0.01_d000_r03,C1,202610,9.9,9.9,0.0,0.26473430876093035,0.2658010385761969,0.264915588837841,NEAR,NEAR,0.6,1,,,0.01,0
C1_n0.01_d000_r03,C1,202610,9.92,9.92,0.0,0.264144858038393,0.2540321411397372,0.2621947269133151,NEAR,NEAR,0.6,1,,,0.01,0
C1_n0.01_d000_r03,C1,202610,9.94,9.94,0.0,0.2632343683965243,0.2644226363796248,0.2627517042798925,NEAR,NEAR,0.6,1,,,0.01,0
C1_n0.01_d000_r03,C1,202610,9.96,9.96,0.0,0.2620235047730631,0.25572247454050356,0.2609943968450452,NEAR,NEAR,0.6,1,,,0.01,0
C1_n0.01_d000_r03,C1,202610,9.98,9.98,0.0,0.2605397495469827,0.25163949383019635,0.25865567109133303,NEAR,NEAR,0.6,1,,,0.01,0
C1_n0.01_d000_r03,C1,202610,10.0,10.0,0.0,0.2588167787843871,0.27208019253094523,0.2620118014512361,NEAR,NEAR,0.6,1,,,0.01,0
C1_n0.01_d000_r03,C1,202610,10.02,10.02,0.0,0.25689369790932237,0.265243723753179,0.26281978202672185,NEAR,NEAR,0.6,1,,,0.01,0
C1_n0.01_d000_r03,C1,202610,10.04,10.04,0.0,0.25481415414710823,0.2621095248161435,0.26264221772407725,NEAR,NEAR,0.6,1,,,0.01,0
C1_n0.01_d000_r03,C1,202610,10.06,10.06,0.0,0.2526253458846291,0.2527674393517701,0.26017352313100045,NEAR,NEAR,0.6,1,,,0.01,0
C1_n0.01_d000_r03,C1,202610,10.08,10.08,0.0,0.25037695143165006,0.25351402101821285,0.25850864760280357,NEAR,NEAR,0.6,1,,,0.01,0
C1_n0.01_d000_r03,C1,202610,10.1,10.1,0.0,0.24812000149653549,0.24960510641500766,0.25628276230585456,NEAR,NEAR,0.6,1,,,0.01,0
C1_n0.01_d000_r03,C1,202610,10.12,10.12,0.0,0.24590572096724023,0.2558780115119134,0.2561815746073693,NEAR,NEAR,0.6,1,,,0.01,0
C1_n0.01_d000_r03,C1,202610,10.14,10.14,0.0,0.24378436628510067,0.23137562555298777,0.24998008734377392,NEAR,NEAR,0.6,1,,,0.01,0
C1_n0.01_d000_r03,C1,202610,10.16,10.16,0.0,0.24180408479898596,0.23397423439680384,0.24597862410703142,NEAR,NEAR,0.6,1,,,0.01,0
C1_n0.01_d000_r03,C1,202610,10.18,10.18,0.0,0.24000982198848625,0.2350907589439337,0.243256657816257,NEAR,NEAR,0.6,1,,,0.01,0
C1_n0.01_d000_r03,C1,202610,10.2,10.2,0.0,0.23844230135836322,0.2359865057382027,0.24143911979674343,NEAR,NEAR,0.6,1,,,0.01,0
C1_n0.01_d000_r03,C1,202610,10.22,10.22,0.0,0.2371371001570952,0.2417360542777369,0.24151335341699182,NEAR,NEAR,0.6,1,,,0.01,0
C1_n0.01_d000_r03,C1,202610,10.24,10.24,0.0,0.23612384189748312,0.24235063519919484,0.2417226738625426,NEAR,NEAR,0.6,1,,,0.01,0
C1_n0.01_d000_r03,C1,202610,10.26,10.26,0.0,0.2354255240062799,0.23538402017849744,0.2401380104415313,NEAR,NEAR,0.6,1,,,0.01,0
C1_n0.01_d000_r03,C1,202610,10.28,10.28,0.0,0.23505799586285242,0.237205700200832,0.23940493288135647,NEAR,NEAR,0.6,1,,,0.01,0
C1_n0.01_d000_r03,C1,202610,10.3,10.3,0.0,0.23502959907357593,0.2371474463031722,0.2388405612368104,NEAR,NEAR,0.6,1,,,0.01,0
C1_n0.01_d000_r03,C1,202610,10.32,10.32,0.0,0.23534097814647711,0.21666150409202006,0.2332957969506128,NEAR,NEAR,0.6,1,,,0.01,0
C1_n0.01_d000_r03,C1,202610,10.34,10.34,0.0,0.23598506586315082,0.23577463534794277,0.23391550654994528,NEAR,NEAR,0.6,1,,,0.01,0
C1_n0.01_d000_r03,C1,202610,10.36,10.36,0.0,0.23694724367995706,0.23422567522778673,0.23399304871940563,NEAR,NEAR,0.6,1,,,0.01,0
C1_n0.01_d000_r03,C1,202610,10.38,10.38,0.0,0.23820567351795077,0.23007110925707586,0.23301256385382318,NEAR,NEAR,0.6,1,,,0.01,0
C1_n0.01_d000_r03,C1,202610,10.4,10.4,0.0,0.2397317934110697,0.23653346586380677,0.23389278935631908,NEAR,NEAR,0.6,1,,,0.01,0
C1_n0.01_d000_r03,C1,202610,10.42,10.42,0.0,0.24149096576309861,0.25164708214487835,0.23833136255345888,NEAR,NEAR,0.6,1,,,0.01,0
C1_n0.01_d000_r03,C1,202610,10.44,10.44,0.0,0.24344326350023596,0.2205418551478421,0.23388398570205468,NEAR,NEAR,0.6,1,,,0.01,0
C1_n0.01_d000_r03,C1,202610,10.46,10.46,0.0,0.2455443762763446,0.24891740578841348,0.23764234072364437,NEAR,NEAR,0.6,1,,,0.01,0
C1_n0.01_d000_r03,C1,202610,10.48,10.48,0.0,0.24774661616318866,0.24386705048977902,0.23919851816517806,NEAR,NEAR,0.6,1,,,0.01,0
C1_n0.01_d000_r03,C1,202610,10.5,10.5,0.0,0.25,0.23932737153306907,0.2392307315071508,NEAR,NEAR,0.6,1,,,0.01,0
C1_n0.01_d000_r03,C1,202610,10.52,10.52,0.0,0.2522533838368113,0.25047484865957564,0.24204176079525702,NEAR,NEAR,0.6,1,,,0.01,0
C1_n0.01_d000_r03,C1,202610,10.54,10.54,0.0,0.2544556237236554,0.23816114473630084,0.24107160678051798,NEAR,NEAR,0.6,1,,,0.01,0
C1_n0.01_d000_r03,C1,202610,10.56,10.56,0.0,0.256556736499764,0.2556991500164736,0.24472849258950688,NEAR,NEAR,0.6,1,,,0.01,0
C1_n0.01_d000_r03,C1,202610,10.58,10.58,0.0,0.25850903423690136,0.2565628695338323,0.2476870868255882,NEAR,NEAR,0.6,1,,,0.01,0
C1_n0.01_d000_r03,C1,202610,10.6,10.6,0.0,0.2602682065889303,0.26344363369298485,0.25162622354243736,NEAR,NEAR,0.6,1,,,0.01,0
C1_n0.01_d000_r03,C1,202610,10.62,10.62,0.0,0.2617943264820492,0.25238561049941954,0.2518160702816829,NEAR,NEAR,0.6,1,,,0.01,0
C1_n0.01_d000_r03,C1,202610,10.64,10.64,0.0,0.26305275632004294,0.2568580694004503,0.25307657006137474,NEAR,NEAR,0.6,1,,,0.01,0
C1_n0.01_d000_r03,C1,202610,10.66,10.66,0.0,0.2640149341368492,0.26526958107148685,0.25612482281390275,NEAR,NEAR,0.6,1,,,0.01,0
C1_n0.01_d000_r03,C1,202610,10.68,10.68,0.0,0.2646590218535229,0.2551306219632541,0.2558762726012406,NEAR,NEAR,0.6,1,,,0.01,0
C1_n0.01_d000_r03,C1,202610,10.7,10.7,0.0,0.26497040092642404,0.2614464142841707,0.2572688080219731,NEAR,NEAR,0.6,1,,,0.01,0
C1_n0.01_d000_r03,C1,202610,10.72,10.72,0.0,0.2649420041371476,0.25412838295475,0.2564837017551673,NEAR,NEAR,0.6,1,,,0.01,0
C1_n0.01_d000_r03,C1,202610,10.74,10.74,0.0,0.2645744759937201,0.26999737552662295,0.25986212019803123,NEAR,NEAR,0.6,1,,,0.01,0
C1_n0.01_d000_r03,C1,202610,10.76,10.76,0.0,0.26387615810251686,0.2520597903558186,0.2579115377374781,NEAR,NEAR,0.6,1,,,0.01,0
C1_n0.01_d000_r03,C1,202610,10.78,10.78,0.0,0.26286289984290484,0.2660293482738839,0.2599409903715796,NEAR,NEAR,0.6,1,,,0.01,0
C1_n0.01_d000_r03,C1,202610,10.8,10.8,0.0,0.2615576986416368,0.28470777738267744,0.26613268712435406,NEAR,NEAR,0.6,1,,,0.01,0
C1_n0.01_d000_r03,C1,202610,10.82,10.82,0.0,0.25999017801151375,0.26346351072818985,0.265465393025313,NEAR,NEAR,0.6,1,,,0.01,0
C1_n0.01_d000_r03,C1,202610,10.84,10.84,0.0,0.25819591520101404,0.26642678215320725,0.26570574030728655,NEAR,NEAR,0.6,1,,,0.01,0
C1_n0.01_d000_r03,C1,202610,10.86,10.86,0.0,0.25621563371489936,0.2579832112938715,0.2637751080539328,NEAR,NEAR,0.6,1,,,0.01,0
C1_n0.01_d000_r03,C1,202610,10.88,10.88,0.0,0.2540942790327598,0.2658208467660064,0.2642865427319512,NEAR,NEAR,0.6,1,,,0.01,0
C1_n0.01_d000_r03,C1,202610,10.9,10.9,0.0,0.2518799985034645,0.24282168579746272,0.2589203284983291,NEAR,NEAR,0.6,1,,,0.01,0
C1_n0.01_d000_r03,C1,202610,10.92,10.92,0.0,0.24962304856834996,0.25434463627096926,0.25777640544148916,NEAR,NEAR,0.6,1,,,0.01,0
C1_n0.01_d000_r03,C1,202610,10.94,10.94,0.0,0.24737465411537093,0.241182102728181,0.2536278297631621,NEAR,NEAR,0.6,1,,,0.01,0
C1_n0.01_d000_r03,C1,202610,10.96,10.96,0.0,0.24518584585289174,0.24994393804704101,0.25270685683413185,NEAR,NEAR,0.6,1,,,0.01,0
C1_n0.01_d000_r03,C1,202610,10.98,10.98,0.0,0.24310630209067766,0.2645868169949525,0.255676846874337,NEAR,NEAR,0.6,1,,,0.01,0
C1_n0.01_d000_r03,C1,202610,11.0,11.0,0.0,0.24118322121561292,0.2459127727405557,0.2532358283408917,NEAR,NEAR,0.6,1,,,0.01,0
C1_n0.01_d000_r03,C1,202610,11.02,11.02,0.0,0.2394602504530173,0.25184983966110996,0.25288933117094625,NEAR,NEAR,0.6,1,,,0.01,0
C1_n0.01_d000_r03,C1,202610,11.04,11.04,0.0,0.23797649522693692,0.2380843827355341,0.24918809406209322,NEAR,NEAR,0.6,1,,,0.01,0
C1_n0.01_d000_r03,C1,202610,11.06,11.06,0.0,0.2367656316034757,0.2351440786436585,0.24567709020748454,NEAR,NEAR,0.6,1,,,0.01,0
C1_n0.01_d000_r03,C1,202610,11.08,11.08,0.0,0.23585514196160703,0.2271428687736103,0.241043534849016,NEAR,NEAR,0.6,1,,,0.01,0
C1_n0.01_d000_r03,C1,202610,11.1,11.1,0.0,0.23526569123906968,0.23301041192579708,0.23903525411821128,NEAR,NEAR,0.6,1,,,0.01,0
C1_n0.01_d000_r03,C1,202610,11.12,11.12,0.0,0.23501065791039116,0.23270912587328557,0.23745372205697984,NEAR,NEAR,0.6,1,,,0.01,0
C1_n0.01_d000_r03,C1,202610,11.14,11.14,0.0,0.23509583034219989,0.23157429203862867,0.23598386455239204,NEAR,NEAR,0.6,1,,,0.01,0
C1_n0.01_d000_r03,C1,202610,11.16,11.16,0.0,0.2355192754175009,0.23179965605758704,0.23493781242869077,NEAR,NEAR,0.6,1,,,0.01,0
C1_n0.01_d000_r03,C1,202610,11.18,11.18,0.0,0.2362713824106862,0.24262579845033128,0.2368598089341009,NEAR,NEAR,0.6,1,,,0.01,0
C1_n0.01_d000_r03,C1,202610,11.2,11.2,0.0,0.23733508111746973,0.2519532082199014,0.24063315875555102,NEAR,NEAR,0.6,1,,,0.01,0
C1_n0.01_d000_r03,C1,202610,11.22,11.22,0.0,0.23868622928895847,0.2512589237904191,0.24328960001426803,NEAR,NEAR,0.6,1,,,0.01,0
C1_n0.01_d000_r03,C1,202610,11.24,11.24,0.0,0.24029416057645833,0.24123863188887165,0.24277685798291893,NEAR,NEAR,0.6,1,,,0.01,0
C1_n0.01_d000_r03,C1,202610,11.26,11.26,0.0,0.24212238055058055,0.2501020548110073,0.244608157189941,NEAR,NEAR,0.6,1,,,0.01,0
C1_n0.01_d000_r03,C1,202610,11.28,11.28,0.0,0.2441293949974419,0.25169513999974136,0.2463799028923911,NEAR,NEAR,0.6,1,,,0.01,0
C1_n0.01_d000_r03,C1,202610,11.3,11.3,0.0,0.24626965169252724,0.24191142974620777,0.24526278460584527,NEAR,NEAR,0.6,1,,,0.01,0
C1_n0.01_d000_r03,C1,202610,11.32,11.32,0.0,0.2484945742772318,0.2650795926927516,0.25021698662757186,NEAR,NEAR,0.6,1,,,0.01,0
C1_n0.01_d000_r03,C1,202610,11.34,11.34,0.0,0.25075366477269656,0.2556266184483639,0.25156939458276983,NEAR,NEAR,0.6,1,,,0.01,0
C1_n0.01_d000_r03,C1,202610,11.36,11.36,0.0,0.252995649707716,0.2583884258106079,0.25327415238972933,NEAR,NEAR,0.6,1,,,0.01,0
C1_n0.01_d000_r03,C1,202610,11.38,11.38,0.0,0.2551696438476178,0.2545163013395602,0.25358468962718705,NEAR,NEAR,0.6,1,,,0.01,0
C1_n0.01_d000_r03,C1,202610,11.4,11.4,0.0,0.2572263051115258,0.25290090790027786,0.25341374419545976,NEAR,NEAR,0.6,1,,,0.01,0
C1_n0.01_d000_r03,C1,202610,11.42,11.42,0.0,0.25911895446541905,0.24933641072923685,0.252394410828904,NEAR,NEAR,0.6,1,,,0.01,0
C1_n0.01_d000_r03,C1,202610,11.44,11.44,0.0,0.26080463537331855,0.26958768798040855,0.2566927301167802,NEAR,NEAR,0.6,1,,,0.01,0
C1_n0.01_d000_r03,C1,202610,11.46,11.46,0.0,0.2622450887607578,0.2654407900850889,0.25887974510885736,NEAR,NEAR,0.6,1,,,0.01,0
C1_n0.01_d000_r03,C1,202610,11.48,11.48,0.0,0.263407621362269,0.25138106180662967,0.25700507428330044,NEAR,NEAR,0.6,1,,,0.01,0
C1_n0.01_d000_r03,C1,202610,11.5,11.5,0.0,0.2642658477444273,0.2595800530502734,0.25764881897504366,NEAR,NEAR,0.6,1,,,0.01,0
C1_n0.01_d000_r03,C1,202610,11.52,11.52,0.0,0.264800289163118,0.28189900930783257,0.2637113665582409,NEAR,NEAR,0.6,1,,,0.01,0
C1_n0.01_d000_r03,C1,202610,11.54,11.54,0.0,0.2649988156630572,0.26649800968867055,0.26440802734084834,NEAR,NEAR,0.6,1,,,0.01,0
C1_n0.01_d000_r03,C1,202610,11.56,11.56,0.0,0.26485692138544975,0.25532239435557813,0.2621366190945308,NEAR,NEAR,0.6,1,,,0.01,0
C1_n0.01_d000_r03,C1,202610,11.58,11.58,0.0,0.2643778268352606,0.26343620872668,0.2624615165025681,NEAR,NEAR,0.6,1,,,0.01,0
C1_n0.01_d000_r03,C1,202610,11.6,11.6,0.0,0.2635724057869903,0.255877000355217,0.2608153874657303,NEAR,NEAR,0.6,1,,,0.01,0
C1_n0.01_d000_r03,C1,202610,11.62,11.62,0.0,0.2624589384879373,0.2506200906163627,0.25826656325338837,NEAR,NEAR,0.6,1,,,0.01,0
C1_n0.01_d000_r03,C1,202610,11.64,11.64,0.0,0.2610626967603726,0.2687180677868412,0.26087943938675157,NEAR,NEAR,0.6,1,,,0.01,0
C1_n0.01_d000_r03,C1,202610,11.66,11.66,0.0,0.2594153704193605,0.2651812569028593,0.2619548937657785,NEAR,NEAR,0.6,1,,,0.01,0
C1_n0.01_d000_r03,C1,202610,11.68,11.68,0.0,0.2575543480245365,0.25003447753501995,0.25897478970808885,NEAR,NEAR,0.6,1,,,0.01,0
C1_n0.01_d000_r03,C1,202610,11.7,11.7,0.0,0.25552186829027024,0.23407784343077204,0.25275055313875966,NEAR,NEAR,0.6,1,,,0.01,0
C1_n0.01_d000_r03,C1,202610,11.72,11.72,0.0,0.25336406141424067,0.24173994635555238,0.24999790144295783,NEAR,NEAR,0.6,1,,,0.01,0
C1_n0.01_d000_r03,C1,202610,11.74,11.74,0.0,0.25112990208291897,0.25389293197852425,0.25097165907684943,NEAR,NEAR,0.6,1,,,0.01,0
C1_n0.01_d000_r03,C1,202610,11.76,11.76,0.0,0.24887009791708103,0.24837106158529323,0.2503215097039604,NEAR,NEAR,0.6,1,,,0.01,0
C1_n0.01_d000_r03,C1,202610,11.78,11.78,0.0,0.24663593858575936,0.2488427181334467,0.24995181181133197,NEAR,NEAR,0.6,1,,,0.01,0
C1_n0.01_d000_r03,C1,202610,11.8,11.8,0.0,0.2444781317097298,0.25040674461394,0.25006554501198397,NEAR,NEAR,0.6,1,,,0.01,0
C1_n0.01_d000_r03,C1,202610,11.82,11.82,0.0,0.24244565197546356,0.2385990774431482,0.24719892811977504,NEAR,NEAR,0.6,1,,,0.01,0
C1_n0.01_d000_r03,C1,202610,11.84,11.84,0.0,0.2405846295806395,0.23193353727633859,0.24338258040891592,NEAR,NEAR,0.6,1,,,0.01,0
C1_n0.01_d000_r03,C1,202610,11.86,11.86,0.0,0.23893730323962745,0.25519503194192583,0.2463356932921684,NEAR,NEAR,0.6,1,,,0.01,0
C1_n0.01_d000_r03,C1,202610,11.88,11.88,0.0,0.23754106151206278,0.23746292159226123,0.2441175003671916,NEAR,NEAR,0.6,1,,,0.01,0
C1_n0.01_d000_r03,C1,202610,11.9,11.9,0.0,0.23642759421300968,0.23615463159574027,0.24212678317432876,NEAR,NEAR,0.6,1,,,0.01,0
C1_n0.01_d000_r03,C1,202610,11.92,11.92,0.0,0.23562217316473938,0.24052311237520266,0.24172586547454722,NEAR,NEAR,0.6,1,,,0.01,0
C1_n0.01_d000_r03,C1,202610,11.94,11.94,0.0,0.23514307861455025,0.2468940537680404,0.24301791254792052,NEAR,NEAR,0.6,1,,,0.01,0
C1_n0.01_d000_r03,C1,202610,11.96,11.96,0.0,0.23500118433694275,0.2264581907218799,0.23887798209141037,NEAR,NEAR,0.6,1,,,0.01,0
C1_n0.01_d000_r03,C1,202610,11.98,11.98,0.0,0.235199710836882,0.2343660886083397,0.2377500087206427,NEAR,NEAR,0.6,1,,,0.01,0
C1_n0.01_d000_r03,C1,202610,12.0,12.0,0.0,0.25,0.24703317682818035,0.24007080074752712,NEAR,NEAR,0.6,1,,,0.01,0
C1_n0.01_d000_r03,C1,202610,12.02,12.02,0.0,0.25175,0.26986561043921214,0.24751950317044835,NEAR,NEAR,0.6,1,,,0.01,0
C1_n0.01_d000_r03,C1,202610,12.04,12.04,0.0,0.25349999999999995,0.2432549637018334,0.24645336830329462,NEAR,NEAR,0.6,1,,,0.01,0
C1_n0.01_d000_r03,C1,202610,12.06,12.06,0.0,0.25525000000000003,0.2579338775478047,0.24932349561442216,NEAR,NEAR,0.6,1,,,0.01,0
C1_n0.01_d000_r03,C1,202610,12.08,12.08,0.0,0.257,0.2641799123112905,0.25303759978863927,NEAR,NEAR,0.6,1,,,0.01,0
C1_n0.01_d000_r03,C1,202610,12.1,12.1,0.0,0.25875,0.26700924411453925,0.25653051087011425,NEAR,NEAR,0.6,1,,,0.01,0
C1_n0.01_d000_r03,C1,202610,12.12,12.12,0.0,0.26049999999999995,0.26002547311351953,0.25740425143096557,NEAR,NEAR,0.6,1,,,0.01,0
C1_n0.01_d000_r03,C1,202610,12.14,12.14,0.0,0.26225000000000004,0.27286661406474166,0.2612698420894096,NEAR,NEAR,0.6,1,,,0.01,0
C1_n0.01_d000_r03,C1,202610,12.16,12.16,0.0,0.264,0.25178300407784926,0.2588981325865195,NEAR,NEAR,0.6,1,,,0.01,0
C1_n0.01_d000_r03,C1,202610,12.18,12.18,0.0,0.26575,0.2646790992273614,0.26034337424673,NEAR,NEAR,0.6,1,,,0.01,0
C1_n0.01_d000_r03,C1,202610,12.2,12.2,0.0,0.26749999999999996,0.27299910979461395,0.26350730813370093,NEAR,NEAR,0.6,1,,,0.01,0
C1_n0.01_d000_r03,C1,202610,12.22,12.22,0.0,0.26925000000000004,0.27230173229344673,0.26570591417363737,NEAR,NEAR,0.6,1,,,0.01,0
C1_n0.01_d000_r03,C1,202610,12.24,12.24,0.0,0.271,0.27554704636333843,0.26816619722106266,NEAR,NEAR,0.6,1,,,0.01,0
C1_n0.01_d000_r03,C1,202610,12.26,12.26,0.0,0.27275,0.2618806762709408,0.26659481698353216,NEAR,NEAR,0.6,1,,,0.01,0
C1_n0.01_d000_r03,C1,202610,12.28,12.28,0.0,0.27449999999999997,0.28920160970730546,0.2722465151644755,NEAR,NEAR,0.6,1,,,0.01,0
C1_n0.01_d000_r03,C1,202610,12.3,12.3,0.0,0.27625000000000005,0.27050154358927747,0.271810272270676,NEAR,NEAR,0.6,1,,,0.01,0
C1_n0.01_d000_r03,C1,202610,12.32,12.32,0.0,0.278,0.27268397189603055,0.2720286971770146,NEAR,NEAR,0.6,1,,,0.01,0
C1_n0.01_d000_r03,C1,202610,12.34,12.34,0.0,0.27975,0.27360982309488013,0.272423978656481,NEAR,NEAR,0.6,1,,,0.01,0
C1_n0.01_d000_r03,C1,202610,12.36,12.36,0.0,0.2815,0.2856857186457556,0.2757394136537996,NEAR,NEAR,0.6,1,,,0.01,0
C1_n0.01_d000_r03,C1,202610,12.38,12.38,0.0,0.28325000000000006,0.2864418675622294,0.27841502713090704,NEAR,NEAR,0.6,1,,,0.01,0
C1_n0.01_d000_r03,C1,202610,12.4,12.4,0.0,0.28500000000000003,0.2787669989117917,0.2785030200761282,NEAR,NEAR,0.6,1,,,0.01,0
C1_n0.01_d000_r03,C1,202610,12.42,12.42,0.0,0.28675,0.2745317723567831,0.2775102081462919,NEAR,NEAR,0.6,1,,,0.01,0
C1_n0.01_d000_r03,C1,202610,12.44,12.44,0.0,0.2885,0.2894647087598401,0.28049883329967895,NEAR,NEAR,0.6,1,,,0.01,0
C1_n0.01_d000_r03,C1,202610,12.46,12.46,0.0,0.29025000000000006,0.28536695276988316,0.28171586316723,NEAR,NEAR,0.6,1,,,0.01,0
C1_n0.01_d000_r03,C1,202610,12.48,12.48,0.0,0.29200000000000004,0.2874296855566277,0.2831443187645794,NEAR,NEAR,0.6,1,,,0.01,0
C1_n0.01_d000_r03,C1,202610,12.5,12.5,0.0,0.29375,0.28114968692556713,0.28264566080482634,NEAR,NEAR,0.6,1,,,0.01,0
C1_n0.01_d000_r03,C1,202610,12.52,12.52,0.0,0.2955,0.2868294890377877,0.2836916178630667,NEAR,NEAR,0.6,1,,,0.01,0
C1_n0.01_d000_r03,C1,202610,12.54,12.54,0.0,0.2972499999999999,0.29492341371817826,0.2864995668268446,NEAR,NEAR,0.6,1,,,0.01,0
C1_n0.01_d000_r03,C1,202610,12.56,12.56,0.0,0.29900000000000004,0.3111366737964041,0.29265884356923444,NEAR,NEAR,0.6,1,,,0.01,0
C1_n0.01_d000_r03,C1,202610,12.58,12.58,0.0,0.30075,0.3085232545015523,0.2966249463023139,NEAR,NEAR,0.6,1,,,0.01,0
C1_n0.01_d000_r03,C1,202610,12.6,12.6,0.0,0.3025,0.2997651247984797,0.29740999092635534,NEAR,NEAR,0.6,1,,,0.01,0
C1_n0.01_d000_r03,C1,202610,12.62,12.62,0.0,0.3042499999999999,0.314031817753182,0.30156544763306203,NEAR,NEAR,0.6,1,,,0.01,0
C1_n0.01_d000_r03,C1,202610,12.64,12.64,0.0,0.30600000000000005,0.28846917127458477,0.29829137854344273,NEAR,NEAR,0.6,1,,,0.01,0
C1_n0.01_d000_r03,C1,202610,12.66,12.66,0.0,0.30775,0.3081216096874633,0.3007489363294479,NEAR,NEAR,0.6,1,,,0.01,0
C1_n0.01_d000_r03,C1,202610,12.68,12.68,0.0,0.3095,0.31085197607168336,0.30327469626500675,NEAR,NEAR,0.6,1,,,0.01,0
C1_n0.01_d000_r03,C1,202610,12.7,12.7,0.0,0.3112499999999999,0.2992404509579858,0.3022661349382515,NEAR,NEAR,0.6,1,,,0.01,0
C1_n0.01_d000_r03,C1,202610,12.72,12.72,0.0,0.31300000000000006,0.3105269249830665,0.30433133244945526,NEAR,NEAR,0.6,1,,,0.01,0
C1_n0.01_d000_r03,C1,202610,12.74,12.74,0.0,0.31475000000000003,0.31078248110679446,0.3059441196137901,NEAR,NEAR,0.6,1,,,0.01,0
C1_n0.01_d000_r03,C1,202610,12.76,12.76,0.0,0.3165,0.32598344981529637,0.31095395216416666,NEAR,NEAR,0.6,1,,,0.01,0
C1_n0.01_d000_r03,C1,202610,12.78,12.78,0.0,0.3182499999999999,0.3100151901453288,0.3107192616594572,NEAR,NEAR,0.6,1,,,0.01,0
C1_n0.01_d000_r03,C1,202610,12.8,12.8,0.0,0.32000000000000006,0.294291098572552,0.3066122208877309,NEAR,NEAR,0.6,1,,,0.01,0
C1_n0.01_d000_r03,C1,202610,12.82,12.82,0.0,0.32175000000000004,0.3181739792046152,0.30950266046695196,NEAR,NEAR,0.6,1,,,0.01,0
C1_n0.01_d000_r03,C1,202610,12.84,12.84,0.0,0.3235,0.31783447682714583,0.3115856145570004,NEAR,NEAR,0.6,1,,,0.01,0
C1_n0.01_d000_r03,C1,202610,12.86,12.86,0.0,0.32524999999999993,0.3360828857996244,0.31770993236765643,NEAR,NEAR,0.6,1,,,0.01,0
C1_n0.01_d000_r03,C1,202610,12.88,12.88,0.0,0.32700000000000007,0.3253645460960069,0.31962358579974404,NEAR,NEAR,0.6,1,,,0.01,0
C1_n0.01_d000_r03,C1,202610,12.9,12.9,0.0,0.32875000000000004,0.3185020684900849,0.3193432064723293,NEAR,NEAR,0.6,1,,,0.01,0
C1_n0.01_d000_r03,C1,202610,12.92,12.92,0.0,0.3305,0.35195898264319986,0.3274971505150469,NEAR,FAR,0.0,1,EXIT_NEAR,,0.01,0
C1_n0.01_d000_r03,C1,202610,12.94,12.94,0.0,0.33224999999999993,0.34002396269014146,0.33062885355882055,NEAR,NEAR,0.6,1,ENTER_NEAR,,0.01,0
C1_n0.01_d000_r03,C1,202610,12.96,12.96,0.0,0.3340000000000001,0.32314639446093685,0.3287582387843496,NEAR,NEAR,0.6,1,,,0.01,0
C1_n0.01_d000_r03,C1,202610,12.98,12.98,0.0,0.33575000000000005,0.34127862709776063,0.3318883358627024,NEAR,NEAR,0.6,1,,,0.01,0
C1_n0.01_d000_r03,C1,202610,13.0,13.0,0.0,0.3375,0.326975191541997,0.33066004978252606,NEAR,NEAR,0.6,1,,,0.01,0
C1_n0.01_d000_r03,C1,202610,13.02,13.02,0.0,0.33924999999999994,0.3324949886715902,0.3311187845047921,NEAR,NEAR,0.6,1,,,0.01,0
C1_n0.01_d000_r03,C1,202610,13.04,13.04,0.0,0.3409999999999999,0.34268450499902925,0.3340102146283514,NEAR,NEAR,0.6,1,,,0.01,0
C1_n0.01_d000_r03,C1,202610,13.06,13.06,0.0,0.34275000000000005,0.3470839482088605,0.3372786480234787,NEAR,NEAR,0.6,1,,,0.01,0
C1_n0.01_d000_r03,C1,202610,13.08,13.08,0.0,0.34450000000000003,0.35246170273963634,0.3410744117025181,NEAR,FAR,0.0,1,EXIT_NEAR,,0.01,0
C1_n0.01_d000_r03,C1,202610,13.1,13.1,0.0,0.34624999999999995,0.3506152827548691,0.3434596294656058,NEAR,FAR,0.0,1,,,0.01,0
C1_n0.01_d000_r03,C1,202610,13.12,13.12,0.0,0.3479999999999999,0.35004317319277944,0.3451055153973992,NEAR,FAR,0.0,1,,,0.01,0
C1_n0.01_d000_r03,C1,202610,13.14,13.14,0.0,0.34975000000000006,0.34670818715464313,0.3455061833367102,NEAR,NEAR,0.6,1,ENTER_NEAR,,0.01,0
C1_n0.01_d000_r03,C1,202610,13.16,13.16,0.0,0.35150000000000003,0.3566321456423903,0.3482876739131302,FAR,FAR,0.0,1,EXIT_NEAR,,0.01,0
C1_n0.01_d000_r03,C1,202610,13.18,13.18,0.0,0.35324999999999995,0.3669091637969836,0.3529430463840936,FAR,FAR,0.0,1,,,0.01,0
C1_n0.01_d000_r03,C1,202610,13.2,13.2,0.0,0.3549999999999999,0.3733537652505025,0.3580457261006958,FAR,FAR,0.0,1,,,0.01,0
C1_n0.01_d000_r03,C1,202610,13.22,13.22,0.0,0.35675000000000007,0.3553337244488544,0.35736772568773545,FAR,FAR,0.0,1,,,0.01,0
C1_n0.01_d000_r03,C1,202610,13.24,13.24,0.0,0.35850000000000004,0.3567044724957064,0.3572019123897282,FAR,FAR,0.0,1,,,0.01,0
C1_n0.01_d000_r03,C1,202610,13.26,13.26,0.0,0.36024999999999996,0.32748616748227266,0.34977297616286435,FAR,NEAR,0.6,1,ENTER_NEAR,,0.01,0
C1_n0.01_d000_r03,C1,202610,13.28,13.28,0.0,0.36199999999999993,0.3786538766024653,0.35699320127276457,FAR,FAR,0.0,1,EXIT_NEAR,,0.01,0
C1_n0.01_d000_r03,C1,202610,13.3,13.3,0.0,0.3637500000000001,0.3580010515779797,0.35724516384906835,FAR,FAR,0.0,1,,,0.01,0
C1_n0.01_d000_r03,C1,202610,13.32,13.32,0.0,0.36550000000000005,0.36330142981604496,0.3587592303408125,FAR,FAR,0.0,1,,,0.01,0
C1_n0.01_d000_r03,C1,202610,13.34,13.34,0.0,0.36724999999999997,0.36887041143204474,0.3612870256136205,FAR,FAR,0.0,1,,,0.01,0
C1_n0.01_d000_r03,C1,202610,13.36,13.36,0.0,0.36899999999999994,0.3693921941071099,0.3633133177369929,FAR,FAR,0.0,1,,,0.01,0
C1_n0.01_d000_r03,C1,202610,13.38,13.38,0.0,0.3707500000000001,0.37399864727931137,0.3659846501225725,FAR,FAR,0.0,1,,,0.01,0
C1_n0.01_d000_r03,C1,202610,13.4,13.4,0.0,0.37250000000000005,0.35760262916269364,0.36388914488260277,FAR,FAR,0.0,1,,,0.01,0
C1_n0.01_d000_r03,C1,202610,13.42,13.42,0.0,0.37424999999999997,0.3815551619579269,0.3683056491514338,FAR,FAR,0.0,1,,,0.01,0
C1_n0.01_d000_r03,C1,202610,13.44,13.44,0.0,0.37599999999999995,0.39305655224930897,0.3744933749259026,FAR,FAR,0.0,1,,,0.01,0
C1_n0.01_d000_r03,C1,202610,13.46,13.46,0.0,0.37775000000000003,0.37343048675032725,0.3742276528820088,FAR,FAR,0.0,1,,,0.01,0
C1_n0.01_d000_r03,C1,202610,13.48,13.48,0.0,0.37950000000000006,0.36758914101805285,0.3725680249160198,FAR,FAR,0.0,1,,,0.01,0
C1_n0.01_d000_r03,C1,202610,13.5,13.5,0.0,0.38125,0.37794750200203064,0.37391289418752255,FAR,FAR,0.0,1,,,0.01,0
C1_n0.01_d000_r03,C1,202610,13.52,13.52,0.0,0.38299999999999995,0.38528317986305377,0.3767554656064054,FAR,FAR,0.0,1,,,0.01,0
C1_n0.01_d000_r03,C1,202610,13.54,13.54,0.0,0.3847499999999999,0.3762147747501508,0.3766202928923417,FAR,FAR,0.0,1,,,0.01,0
C1_n0.01_d000_r03,C1,202610,13.56,13.56,0.0,0.38650000000000007,0.39581783113049607,0.3814196774518803,FAR,FAR,0.0,1,,,0.01,0
C1_n0.01_d000_r03,C1,202610,13.58,13.58,0.0,0.38825,0.38610361616985545,0.3825906621313741,FAR,FAR,0.0,1,,,0.01,0
C1_n0.01_d000_r03,C1,202610,13.6,13.6,0.0,0.38999999999999996,0.3862289778359864,0.38350024105752717,FAR,FAR,0.0,1,,,0.01,0
C1_n0.01_d000_r03,C1,202610,13.62,13.62,0.0,0.39174999999999993,0.3935137261045147,0.38600361231927405,FAR,FAR,0.0,1,,,0.01,0
C1_n0.01_d000_r03,C1,202610,13.64,13.64,0.0,0.39350000000000007,0.38916454122891553,0.3867938445466844,FAR,FAR,0.0,1,,,0.01,0
C1_n0.01_d000_r03,C1,202610,13.66,13.66,0.0,0.39525,0.39691559051939124,0.3893242810398611,FAR,FAR,0.0,1,,,0.01,0
C1_n0.01_d000_r03,C1,202610,13.68,13.68,0.0,0.39699999999999996,0.39813547265457916,0.3915270789435406,FAR,FAR,0.0,1,,,0.01,0
C1_n0.01_d000_r03,C1,202610,13.7,13.7,0.0,0.39874999999999994,0.4103254748042925,0.39622667790872856,FAR,FAR,0.0,1,,,0.01,0
C1_n0.01_d000_r03,C1,202610,13.72,13.72,0.0,0.4005000000000001,0.39095409773908707,0.39490853286631816,FAR,FAR,0.0,1,,,0.01,0
C1_n0.01_d000_r03,C1,202610,13.74,13.74,0.0,0.40225,0.38445353738665117,0.3922947839964014,FAR,FAR,0.0,1,,,0.01,0
C1_n0.01_d000_r03,C1,202610,13.76,13.76,0.0,0.40399999999999997,0.4072443956649835,0.3960321869135469,FAR,FAR,0.0,1,,,0.01,0
C1_n0.01_d000_r03,C1,202610,13.78,13.78,0.0,0.40574999999999994,0.3991140951643444,0.3968026639762463,FAR,FAR,0.0,1,,,0.01,0
C1_n0.01_d000_r03,C1,202610,13.8,13.8,0.0,0.4075000000000001,0.40728413848834244,0.39942303260427037,FAR,FAR,0.0,1,,,0.01,0
C1_n0.01_d000_r03,C1,202610,13.82,13.82,0.0,0.40925,0.4237844418471772,0.40551338491499705,FAR,FAR,0.0,1,,,0.01,0
C1_n0.01_d000_r03,C1,202610,13.84,13.84,0.0,0.411,0.42830278355915835,0.4112107345760374,FAR,FAR,0.0,1,,,0.01,0
C1_n0.01_d000_r03,C1,202610,13.86,13.86,0.0,0.41274999999999995,0.4201159471569756,0.41343703772127194,FAR,FAR,0.0,1,,,0.01,0
C1_n0.01_d000_r03,C1,202610,13.88,13.88,0.0,0.4145000000000001,0.41005942849911636,0.41259263541573304,FAR,FAR,0.0,1,,,0.01,0
C1_n0.01_d000_r03,C1,202610,13.9,13.9,0.0,0.41625,0.40720995953468236,0.4112469664454704,FAR,FAR,0.0,1,,,0.01,0
C1_n0.01_d000_r03,C1,202610,13.92,13.92,0.0,0.418,0.4196043672466552,0.4133363166457666,FAR,FAR,0.0,1,,,0.01,0
C1_n0.01_d000_r03,C1,202610,13.94,13.94,0.0,0.41974999999999996,0.42329376425839893,0.41582567854892466,FAR,FAR,0.0,1,,,0.01,0
C1_n0.01_d000_r03,C1,202610,13.96,13.96,0.0,0.4215000000000001,0.4474835597022179,0.423740148837248,FAR,FAR,0.0,1,,,0.01,0
C1_n0.01_d000_r03,C1,202610,13.98,13.98,0.0,0.42325,0.4195931724517797,0.4227034047408809,FAR,FAR,0.0,1,,,0.01,0
C1_n0.01_d000_r03,C1,202610,14.0,14.0,0.0,0.425,0.41605438556427404,0.4210411499467292,FAR,FAR,0.0,1,,,0.01,0
C1_n0.01_d000_r03,C1,202610,14.02,14.02,0.0,0.42674999999999996,0.42980775533572896,0.4232328012939791,FAR,FAR,0.0,1,,,0.01,0
C1_n0.01_d000_r03,C1,202610,14.04,14.04,0.0,0.4284999999999999,0.4307216817034668,0.425105021396351,FAR,FAR,0.0,1,,,0.01,0
C1_n0.01_d000_r03,C1,202610,14.06,14.06,0.0,0.43025,0.4354607941134892,0.4276939645756355,FAR,FAR,0.0,1,,,0.01,0
C1_n0.01_d000_r03,C1,202610,14.08,14.08,0.0,0.432,0.4372012049113453,0.430070774659563,FAR,FAR,0.0,1,,,0.01,0
C1_n0.01_d000_r03,C1,202610,14.1,14.1,0.0,0.43374999999999997,0.4273757653279503,0.4293970223266599,FAR,FAR,0.0,1,,,0.01,0
C1_n0.01_d000_r03,C1,202610,14.12,14.12,0.0,0.4354999999999999,0.4359438025291565,0.431033717377284,FAR,FAR,0.0,1,,,0.01,0
C1_n0.01_d000_r03,C1,202610,14.14,14.14,0.0,0.43725,0.44974834114579043,0.4357123733194106,FAR,FAR,0.0,1,,,0.01,0
C1_n0.01_d000_r03,C1,202610,14.16,14.16,0.0,0.439,0.4391152306116419,0.43656308764246843,FAR,FAR,0.0,1,,,0.01,0
C1_n0.01_d000_r03,C1,202610,14.18,14.18,0.0,0.44075,0.45379132545172235,0.4408701470947819,FAR,FAR,0.0,1,,,0.01,0
C1_n0.01_d000_r03,C1,202610,14.2,14.2,0.0,0.4424999999999999,0.42717968273176954,0.4374475310040288,FAR,FAR,0.0,1,,,0.01,0
C1_n0.01_d000_r03,C1,202610,14.22,14.22,0.0,0.44425000000000003,0.44419213088564785,0.4391336809744335,FAR,FAR,0.0,1,,,0.01,0
C1_n0.01_d000_r03,C1,202610,14.24,14.24,0.0,0.446,0.43242702029262253,0.4374570158039808,FAR,FAR,0.0,1,,,0.01,0
C1_n0.01_d000_r03,C1,202610,14.26,14.26,0.0,0.44775,0.4476164438145559,0.4399968728066246,FAR,FAR,0.0,1,,,0.01,0
C1_n0.01_d000_r03,C1,202610,14.28,14.28,0.0,0.4494999999999999,0.45211992237838977,0.4430276351995659,FAR,FAR,0.0,1,,,0.01,0
C1_n0.01_d000_r03,C1,202610,14.3,14.3,0.0,0.45125000000000004,0.44537839194983575,0.44361532438713336,FAR,FAR,0.0,1,,,0.01,0
C1_n0.01_d000_r03,C1,202610,14.32,14.32,0.0,0.453,0.45878108633739323,0.4474067648746983,FAR,FAR,0.0,1,,,0.01,0
C1_n0.01_d000_r03,C1,202610,14.34,14.34,0.0,0.45475,0.44578303015695236,0.44700083119526185,FAR,FAR,0.0,1,,,0.01,0
C1_n0.01_d000_r03,C1,202610,14.36,14.36,0.0,0.4564999999999999,0.44643862193207406,0.4468602788794649,FAR,FAR,0.0,1,,,0.01,0
C1_n0.01_d000_r03,C1,202610,14.38,14.38,0.0,0.45825000000000005,0.4576285923283914,0.4495523572416965,FAR,FAR,0.0,1,,,0.01,0
C1_n0.01_d000_r03,C1,202610,14.4,14.4,0.0,0.46,0.45816509850183307,0.4517055425567307,FAR,FAR,0.0,1,,,0.01,0
C1_n0.01_d000_r03,C1,202610,14.42,14.42,0.0,0.46175,0.45163245969358584,0.4516872718409445,FAR,FAR,0.0,1,,,0.01,0
C1_n0.01_d000_r03,C1,202610,14.44,14.44,0.0,0.4634999999999999,0.4555241528978805,0.4526464921051785,FAR,FAR,0.0,1,,,0.01,0
C1_n0.01_d000_r03,C1,202610,14.46,14.46,0.0,0.46525000000000005,0.46411303924125136,0.4555131288891967,FAR,FAR,0.0,1,,,0.01,0
C1_n0.01_d000_r03,C1,202610,14.48,14.48,0.0,0.467,0.4749466378236128,0.46037150612280076,FAR,FAR,0.0,1,,,0.01,0
C1_n0.01_d000_r03,C1,202610,14.5,14.5,0.0,0.46875,0.4822088013942389,0.4658308299406603,FAR,FAR,0.0,1,,,0.01,0
C1_n0.01_d000_r03,C1,202610,14.52,14.52,0.0,0.4704999999999999,0.491105805297188,0.4721495737797922,FAR,FAR,0.0,1,,,0.01,0
C1_n0.01_d000_r03,C1,202610,14.54,14.54,0.0,0.47224999999999995,0.4943892144563235,0.47770948394892504,FAR,FAR,0.0,1,,,0.01,0
C1_n0.01_d000_r03,C1,202610,14.56,14.56,0.0,0.47400000000000003,0.4798857995598774,0.4782535628516631,FAR,FAR,0.0,1,,,0.01,0
C1_n0.01_d000_r03,C1,202610,14.58,14.58,0.0,0.47575,0.48742332482684836,0.4805460033454594,FAR,FAR,0.0,1,,,0.01,0
C1_n0.01_d000_r03,C1,202610,14.6,14.6,0.0,0.4774999999999999,0.4625634310995033,0.47605036028397035,FAR,FAR,0.0,1,,,0.01,0
C1_n0.01_d000_r03,C1,202610,14.62,14.62,0.0,0.47924999999999995,0.4703566653704929,0.474626936555601,FAR,FAR,0.0,1,,,0.01,0
C1_n0.01_d000_r03,C1,202610,14.64,14.64,0.0,0.48100000000000004,0.4755958333578004,0.4748691607561508,FAR,FAR,0.0,1,,,0.01,0
C1_n0.01_d000_r03,C1,202610,14.66,14.66,0.0,0.48275,0.4735792306229179,0.4745466782228426,FAR,FAR,0.0,1,,,0.01,0
C1_n0.01_d000_r03,C1,202610,14.68,14.68,0.0,0.48449999999999993,0.47647861222447446,0.47502966172325056,FAR,FAR,0.0,1,,,0.01,0
C1_n0.01_d000_r03,C1,202610,14.7,14.7,0.0,0.48624999999999996,0.4877935983162339,0.4782206458714964,FAR,FAR,0.0,1,,,0.01,0
C1_n0.01_d000_r03,C1,202610,14.72,14.72,0.0,0.48800000000000004,0.4796014372884961,0.4785658437257463,FAR,FAR,0.0,1,,,0.01,0
C1_n0.01_d000_r03,C1,202610,14.74,14.74,0.0,0.48975,0.509098626753223,0.48619903948261545,FAR,FAR,0.0,1,,,0.01,0
C1_n0.01_d000_r03,C1,202610,14.76,14.76,0.0,0.49149999999999994,0.4854544203418309,0.4860128846974193,FAR,FAR,0.0,1,,,0.01,0
C1_n0.01_d000_r03,C1,202610,14.78,14.78,0.0,0.49324999999999997,0.4907484972275342,0.487196787829948,FAR,FAR,0.0,1,,,0.01,0
C1_n0.01_d000_r03,C1,202610,14.8,14.8,0.0,0.49500000000000005,0.5194307070411649,0.4952552676327523,FAR,FAR,0.0,1,,,0.01,0
C1_n0.01_d000_r03,C1,202610,14.82,14.82,0.0,0.49675,0.47779692833430804,0.49089068280814124,FAR,FAR,0.0,1,,,0.01,0
C1_n0.01_d000_r03,C1,202610,14.84,14.84,0.0,0.49849999999999994,0.4865936437235917,0.4898164230370039,FAR,FAR,0.0,1,,,0.01,0
C1_n0.01_d000_r03,C1,202610,14.86,14.86,0.0,0.5002499999999999,0.4951759987907765,0.49115631697544704,FAR,FAR,0.0,1,,,0.01,0
C1_n0.01_d000_r03,C1,202610,14.88,14.88,0.0,0.502,0.49917640116096035,0.4931613380218254,FAR,FAR,0.0,1,,,0.01,0
C1_n0.01_d000_r03,C1,202610,14.9,14.9,0.0,0.50375,0.5130484825155801,0.49813312414526406,FAR,FAR,0.0,1,,,0.01,0
C1_n0.01_d000_r03,C1,202610,14.92,14.92,0.0,0.5055000000000001,0.502801807946527,0.4993002950955798,FAR,FAR,0.0,1,,,0.01,0
C1_n0.01_d000_r03,C1,202610,14.94,14.94,0.0,0.50725,0.5028849511267938,0.5001964591033833,FAR,FAR,0.0,1,,,0.01,0
C1_n0.01_d000_r03,C1,202610,14.96,14.96,0.0,0.5090000000000001,0.5159900174543801,0.5041448486911325,FAR,FAR,0.0,1,,,0.01,0
C1_n0.01_d000_r03,C1,202610,14.98,14.98,0.0,0.51075,0.5155326755001157,0.5069918053933783,FAR,FAR,0.0,1,,,0.01,0
C1_n0.01_d000_r03,C1,202610,15.0,15.0,0.0,0.5125,0.5136507521715099,0.5086565420879112,FAR,FAR,0.0,1,,,0.01,0
C1_n0.01_d000_r03,C1,202610,15.02,15.02,0.0,0.5142499999999999,0.5182360124111987,0.5110514096687331,FAR,FAR,0.0,1,,,0.01,0
C1_n0.01_d000_r03,C1,202610,15.04,15.04,0.0,0.5159999999999999,0.5203608330856515,0.5133787655229627,FAR,FAR,0.0,1,,,0.01,0
C1_n0.01_d000_r03,C1,202610,15.06,15.06,0.0,0.51775,0.4934380443688857,0.5083935852344434,FAR,FAR,0.0,1,,,0.01,0
C1_n0.01_d000_r03,C1,202610,15.08,15.08,0.0,0.5195,0.5131616993756086,0.5095856137697348,FAR,FAR,0.0,1,,,0.01,0
C1_n0.01_d000_r03,C1,202610,15.1,15.1,0.0,0.52125,0.5258523052746179,0.5136522866459555,FAR,FAR,0.0,1,,,0.01,0
C1_n0.01_d000_r03,C1,202610,15.12,15.12,0.0,0.5229999999999999,0.5231751547820594,0.5160330036799815,FAR,FAR,0.0,1,,,0.01,0
C1_n0.01_d000_r03,C1,202610,15.14,15.14,0.0,0.52475,0.5236937077636756,0.5179481797009051,FAR,FAR,0.0,1,,,0.01,0
C1_n0.01_d000_r03,C1,202610,15.16,15.16,0.0,0.5265,0.5360086487896139,0.5224632969730822,FAR,FAR,0.0,1,,,0.01,0
C1_n0.01_d000_r03,C1,202610,15.18,15.18,0.0,0.5282499999999999,0.5396916142819697,0.5267703763003041,FAR,FAR,0.0,1,,,0.01,0
C1_n0.01_d000_r03,C1,202610,15.2,15.2,0.0,0.5299999999999999,0.5374009449625373,0.5294280184658624,FAR,FAR,0.0,1,,,0.01,0
C1_n0.01_d000_r03,C1,202610,15.22,15.22,0.0,0.5317500000000001,0.5429344953722467,0.5328046376924584,FAR,FAR,0.0,1,,,0.01,0
C1_n0.01_d000_r03,C1,202610,15.24,15.24,0.0,0.5335,0.5330652359365121,0.5328697872534719,FAR,FAR,0.0,1,,,0.01,0
C1_n0.01_d000_r03,C1,202610,15.26,15.26,0.0,0.53525,0.5512838997885933,0.5374733153872522,FAR,FAR,0.0,1,,,0.01,0
C1_n0.01_d000_r03,C1,202610,15.28,15.28,0.0,0.5369999999999999,0.5388777285162294,0.5378244186694965,FAR,FAR,0.0,1,,,0.01,0
C1_n0.01_d000_r03,C1,202610,15.3,15.3,0.0,0.5387500000000001,0.5400265909627998,0.5383749617428223,FAR,FAR,0.0,1,,,0.01,0
C1_n0.01_d000_r03,C1,202610,15.32,15.32,0.0,0.5405,0.5451417217165381,0.5400666517362512,FAR,FAR,0.0,1,,,0.01,0
C1_n0.01_d000_r03,C1,202610,15.34,15.34,0.0,0.5422499999999999,0.5480905866616422,0.542072635467599,FAR,FAR,0.0,1,,,0.01,0
C1_n0.01_d000_r03,C1,202610,15.36,15.36,0.0,0.5439999999999999,0.547539256089832,0.5434392906231572,FAR,FAR,0.0,1,,,0.01,0
C1_n0.01_d000_r03,C1,202610,15.38,15.38,0.0,0.5457500000000001,0.5278354058760404,0.539538319436378,FAR,FAR,0.0,1,,,0.01,0
C1_n0.01_d000_r03,C1,202610,15.4,15.4,0.0,0.5475,0.5436000687268505,0.5405537567589961,FAR,FAR,0.0,1,,,0.01,0
C1_n0.01_d000_r03,C1,202610,15.42,15.42,0.0,0.54925,0.5427598052458508,0.5411052688807098,FAR,FAR,0.0,1,,,0.01,0
C1_n0.01_d000_r03,C1,202610,15.44,15.44,0.0,0.5509999999999999,0.5495374506369409,0.5432133143197676,FAR,FAR,0.0,1,,,0.01,0
C1_n0.01_d000_r03,C1,202610,15.46,15.46,0.0,0.5527500000000001,0.5455357713506781,0.5437939285774952,FAR,FAR,0.0,1,,,0.01,0
C1_n0.01_d000_r03,C1,202610,15.48,15.48,0.0,0.5545,0.5532140729073011,0.5461489646599467,FAR,FAR,0.0,1,,,0.01,0
C1_n0.01_d000_r03,C1,202610,15.5,15.5,0.0,0.5562499999999999,0.5705869840503235,0.5522584695075409,FAR,FAR,0.0,1,,,0.01,0
C1_n0.01_d000_r03,C1,202610,15.52,15.52,0.0,0.5579999999999999,0.5641951954094926,0.5552426509830288,FAR,FAR,0.0,1,,,0.01,0
C1_n0.01_d000_r03,C1,202610,15.54,15.54,0.0,0.55975,0.575507447622054,0.5603088501427851,FAR,FAR,0.0,1,,,0.01,0
C1_n0.01_d000_r03,C1,202610,15.56,15.56,0.0,0.5615,0.5730064489266221,0.5634832498387443,FAR,FAR,0.0,1,,,0.01,0
C1_n0.01_d000_r03,C1,202610,15.58,15.58,0.0,0.56325,0.5833282482574879,0.5684444994434302,FAR,FAR,0.0,1,,,0.01,0
C1_n0.01_d000_r03,C1,202610,15.6,15.6,0.0,0.565,0.5788908433981774,0.571056085432117,FAR,FAR,0.0,1,,,0.01,0
C1_n0.01_d000_r03,C1,202610,15.62,15.62,0.0,0.5667499999999999,0.5510880969896038,0.5660640883214888,FAR,FAR,0.0,1,,,0.01,0
C1_n0.01_d000_r03,C1,202610,15.64,15.64,0.0,0.5685,0.5705331813711051,0.5671813615838929,FAR,FAR,0.0,1,,,0.01,0
C1_n0.01_d000_r03,C1,202610,15.66,15.66,0.0,0.5702499999999999,0.5634719647183375,0.5662540123675041,FAR,FAR,0.0,1,,,0.01,0
C1_n0.01_d000_r03,C1,202610,15.68,15.68,0.0,0.572,0.560359061589484,0.5647802746729991,FAR,FAR,0.0,1,,,0.01,0
C1_n0.01_d000_r03,C1,202610,15.7,15.7,0.0,0.57375,0.5557150550271263,0.5625139697615309,FAR,FAR,0.0,1,,,0.01,0
C1_n0.01_d000_r03,C1,202610,15.72,15.72,0.0,0.5755,0.5739180168617771,0.5653649815365924,FAR,FAR,0.0,1,,,0.01,0
C1_n0.01_d000_r03,C1,202610,15.74,15.74,0.0,0.57725,0.5774514806384777,0.5683866063120637,FAR,FAR,0.0,1,,,0.01,0
C1_n0.01_d000_r03,C1,202610,15.76,15.76,0.0,0.579,0.582066387129339,0.5718065515163826,FAR,FAR,0.0,1,,,0.01,0
C1_n0.01_d000_r03,C1,202610,15.78,15.78,0.0,0.5807499999999999,0.5788278336130936,0.5735618720405604,FAR,FAR,0.0,1,,,0.01,0
C1_n0.01_d000_r03,C1,202610,15.8,15.8,0.0,0.5825,0.5792221133841812,0.5749769323764656,FAR,FAR,0.0,1,,,0.01,0
C1_n0.01_d000_r03,C1,202610,15.82,15.82,0.0,0.5842499999999999,0.5953904295399276,0.5800803066673311,FAR,FAR,0.0,1,,,0.01,0
C1_n0.01_d000_r03,C1,202610,15.84,15.84,0.0,0.586,0.5720069908083897,0.5780619777025957,FAR,FAR,0.0,1,,,0.01,0
C1_n0.01_d000_r03,C1,202610,15.86,15.86,0.0,0.58775,0.5964170670715521,0.5826507500448348,FAR,FAR,0.0,1,,,0.01,0
C1_n0.01_d000_r03,C1,202610,15.88,15.88,0.0,0.5895,0.6026263520639416,0.5876446505496115,FAR,FAR,0.0,1,,,0.01,0
C1_n0.01_d000_r03,C1,202610,15.9,15.9,0.0,0.59125,0.587705178817149,0.5876597826164958,FAR,FAR,0.0,1,,,0.01,0
C1_n0.01_d000_r03,C1,202610,15.92,15.92,0.0,0.593,0.5857196567238514,0.5871747511433347,FAR,FAR,0.0,1,,,0.01,0
C1_n0.01_d000_r03,C1,202610,15.94,15.94,0.0,0.5947499999999999,0.6013579928146562,0.590720561561165,FAR,FAR,0.0,1,,,0.01,0
C1_n0.01_d000_r03,C1,202610,15.96,15.96,0.0,0.5965,0.6019196599823289,0.593520336166456,FAR,FAR,0.0,1,,,0.01,0
C1_n0.01_d000_r03,C1,202610,15.98,15.98,0.0,0.59825,0.6004569823681176,0.5952544977168714,FAR,FAR,0.0,1,,,0.01,0
C1_n0.01_d000_r03,C1,202610,16.0,16.0,0.0,0.6,0.6050947831369788,0.5977145690718983,FAR,FAR,0.0,1,,,0.01,0
C1_n0.01_d000_r03,C1,202610,16.02,16.02,0.0,0.6,0.5775942813225027,0.5926844971345494,FAR,FAR,0.0,1,,,0.01,0
C1_n0.01_d000_r03,C1,202610,16.04,16.04,0.0,0.6,0.5980985454506884,0.5940380092135842,FAR,FAR,0.0,1,,,0.01,0
C1_n0.01_d000_r03,C1,202610,16.06,16.06,0.0,0.6,0.5816785523875648,0.5909481450070794,FAR,FAR,0.0,1,,,0.01,0
C1_n0.01_d000_r03,C1,202610,16.08,16.08,0.0,0.6,0.5979166706831828,0.5926902764261053,FAR,FAR,0.0,1,,,0.01,0
C1_n0.01_d000_r03,C1,202610,16.1,16.1,0.0,0.6,0.5977298786695493,0.5939501769869663,FAR,FAR,0.0,1,,,0.01,0
C1_n0.01_d000_r03,C1,202610,16.12,16.12,0.0,0.6,0.6000486835462392,0.5954748036267845,FAR,FAR,0.0,1,,,0.01,0
C1_n0.01_d000_r03,C1,202610,16.14,16.14,0.0,0.6,0.5999805630339049,0.5966012434785646,FAR,FAR,0.0,1,,,0.01,0
C1_n0.01_d000_r03,C1,202610,16.16,16.16,0.0,0.6,0.5887406854363518,0.5946361039680114,FAR,FAR,0.0,1,,,0.01,0
C1_n0.01_d000_r03,C1,202610,16.18,16.18,0.0,0.6,0.5887033874901976,0.5931529248485579,FAR,FAR,0.0,1,,,0.01,0
C1_n0.01_d000_r03,C1,202610,16.2,16.2,0.0,0.6,0.6012695271911764,0.5951820754342125,FAR,FAR,0.0,1,,,0.01,0
C1_n0.01_d000_r03,C1,202610,16.22,16.22,0.0,0.6,0.6169254892574813,0.6006179288900297,FAR,FAR,0.0,1,,,0.01,0
C1_n0.01_d000_r03,C1,202610,16.24,16.24,0.0,0.6,0.598374408061942,0.6000570486830078,FAR,FAR,0.0,1,,,0.01,0
C1_n0.01_d000_r03,C1,202610,16.26,16.26,0.0,0.6,0.6045291730167722,0.6011750797664489,FAR,FAR,0.0,1,,,0.01,0
C1_n0.01_d000_r03,C1,202610,16.28,16.28,0.0,0.6,0.602155299593586,0.6014201347232332,FAR,FAR,0.0,1,,,0.01,0
C1_n0.01_d000_r03,C1,202610,16.3,16.3,0.0,0.6,0.5960712888216464,0.6000829232478365,FAR,FAR,0.0,1,,,0.01,0
C1_n0.01_d000_r03,C1,202610,16.32,16.32,0.0,0.6,0.5984989380808082,0.5996869269560795,FAR,FAR,0.0,1,,,0.01,0
C1_n0.01_d000_r03,C1,202610,16.34,16.34,0.0,0.6,0.606927878333722,0.6014971648004901,FAR,FAR,0.0,1,,,0.01,0
C1_n0.01_d000_r03,C1,202610,16.36,16.36,0.0,0.6,0.60224691495933,0.6016846023402,FAR,FAR,0.0,1,,,0.01,0
C1_n0.01_d000_r03,C1,202610,16.38,16.38,0.0,0.6,0.5957231424692679,0.600194237372467,FAR,FAR,0.0,1,,,0.01,0
C1_n0.01_d000_r03,C1,202610,16.4,16.4,0.0,0.6,0.6143355235753,0.6037295589231753,FAR,FAR,0.0,1,,,0.01,0
C1_n0.01_d000_r03,C1,202610,16.42,16.42,0.0,0.6,0.5982624660033242,0.6023627856932126,FAR,FAR,0.0,1,,,0.01,0
C1_n0.01_d000_r03,C1,202610,16.44,16.44,0.0,0.6,0.5742029804294231,0.5953228343772652,FAR,FAR,0.0,1,,,0.01,0
C1_n0.01_d000_r03,C1,202610,16.46,16.46,0.0,0.6,0.6028074021968024,0.5971939763321494,FAR,FAR,0.0,1,,,0.01,0
C1_n0.01_d000_r03,C1,202610,16.48,16.48,0.0,0.6,0.5951295426867514,0.5966778679207999,FAR,FAR,0.0,1,,,0.01,0
C1_n0.01_d000_r03,C1,202610,16.5,16.5,0.0,0.6,0.5861883167222055,0.5940554801211513,FAR,FAR,0.0,1,,,0.01,0
C1_n0.01_d000_r03,C1,202610,16.52,16.52,0.0,0.6,0.5905165162739239,0.5931707391593444,FAR,FAR,0.0,1,,,0.01,0
C1_n0.01_d000_r03,C1,202610,16.54,16.54,0.0,0.6,0.5937226796859033,0.5933087242909841,FAR,FAR,0.0,1,,,0.01,0
C1_n0.01_d000_r03,C1,202610,16.56,16.56,0.0,0.6,0.5907049896452212,0.5926577906295434,FAR,FAR,0.0,1,,,0.01,0
C1_n0.01_d000_r03,C1,202610,16.58,16.58,0.0,0.6,0.5855713857837458,0.590886189418094,FAR,FAR,0.0,1,,,0.01,0
C1_n0.01_d000_r03,C1,202610,16.6,16.6,0.0,0.6,0.5784279850737699,0.5877716383320131,FAR,FAR,0.0,1,,,0.01,0
C1_n0.01_d000_r03,C1,202610,16.62,16.62,0.0,0.6,0.601931045372327,0.5913114900920915,FAR,FAR,0.0,1,,,0.01,0
C1_n0.01_d000_r03,C1,202610,16.64,16.64,0.0,0.6,0.5935085809172287,0.5918607627983759,FAR,FAR,0.0,1,,,0.01,0
C1_n0.01_d000_r03,C1,202610,16.66,16.66,0.0,0.6,0.6004647404107335,0.5940117572014653,FAR,FAR,0.0,1,,,0.01,0
C1_n0.01_d000_r03,C1,202610,16.68,16.68,0.0,0.6,0.6216503502377908,0.6009214054605467,FAR,FAR,0.0,1,,,0.01,0
C1_n0.01_d000_r03,C1,202610,16.7,16.7,0.0,0.6,0.6079483939577651,0.6026781525848514,FAR,FAR,0.0,1,,,0.01,0
C1_n0.01_d000_r03,C1,202610,16.72,16.72,0.0,0.6,0.5959314748735276,0.6009914831570204,FAR,FAR,0.0,1,,,0.01,0
C1_n0.01_d000_r03,C1,202610,16.74,16.74,0.0,0.6,0.5958107529817653,0.5996963006132067,FAR,FAR,0.0,1,,,0.01,0
C1_n0.01_d000_r03,C1,202610,16.76,16.76,0.0,0.6,0.6163120315092395,0.6038502333372149,FAR,FAR,0.0,1,,,0.01,0
C1_n0.01_d000_r03,C1,202610,16.78,16.78,0.0,0.6,0.6088073955837561,0.6050895238988502,FAR,FAR,0.0,1,,,0.01,0
C1_n0.01_d000_r03,C1,202610,16.8,16.8,0.0,0.6,0.6023235764887562,0.6043980370463267,FAR,FAR,0.0,1,,,0.01,0
C1_n0.01_d000_r03,C1,202610,16.82,16.82,0.0,0.6,0.6032743684430861,0.6041171198955165,FAR,FAR,0.0,1,,,0.01,0
C1_n0.01_d000_r03,C1,202610,16.84,16.84,0.0,0.6,0.6001574539704978,0.6031272034142618,FAR,FAR,0.0,1,,,0.01,0
C1_n0.01_d000_r03,C1,202610,16.86,16.86,0.0,0.6,0.5845674550914287,0.5984872663335535,FAR,FAR,0.0,1,,,0.01,0
C1_n0.01_d000_r03,C1,202610,16.88,16.88,0.0,0.6,0.5890197512929906,0.5961203875734128,FAR,FAR,0.0,1,,,0.01,0
C1_n0.01_d000_r03,C1,202610,16.9,16.9,0.0,0.6,0.5913905193351603,0.5949379205138496,FAR,FAR,0.0,1,,,0.01,0
C1_n0.01_d000_r03,C1,202610,16.92,16.92,0.0,0.6,0.5891064497745846,0.5934800528290334,FAR,FAR,0.0,1,,,0.01,0
C1_n0.01_d000_r03,C1,202610,16.94,16.94,0.0,0.6,0.6127699836703357,0.598302535539359,FAR,FAR,0.0,1,,,0.01,0
C1_n0.01_d000_r03,C1,202610,16.96,16.96,0.0,0.6,0.6073198079387401,0.6005568536392043,FAR,FAR,0.0,1,,,0.01,0
C1_n0.01_d000_r03,C1,202610,16.98,16.98,0.0,0.6,0.5992380893616689,0.6002271625698204,FAR,FAR,0.0,1,,,0.01,0
C1_n0.01_d000_r03,C1,202610,17.0,17.0,0.0,0.6,0.5755149395303027,0.5940491068099409,FAR,FAR,0.0,1,,,0.01,0
C1_n0.01_d000_r03,C1,202610,17.02,17.02,0.0,0.6,0.6101047167714672,0.5980630093003225,FAR,FAR,0.0,1,,,0.01,0
C1_n0.01_d000_r03,C1,202610,17.04,17.04,0.0,0.6,0.5987268894367862,0.5982289793344384,FAR,FAR,0.0,1,,,0.01,0
C1_n0.01_d000_r03,C1,202610,17.06,17.06,0.0,0.6,0.5968742865261734,0.5978903061323722,FAR,FAR,0.0,1,,,0.01,0
C1_n0.01_d000_r03,C1,202610,17.08,17.08,0.0,0.6,0.5914867274755973,0.5962894114681785,FAR,FAR,0.0,1,,,0.01,0
C1_n0.01_d000_r03,C1,202610,17.1,17.1,0.0,0.6,0.605275004577799,0.5985358097455836,FAR,FAR,0.0,1,,,0.01,0
C1_n0.01_d000_r03,C1,202610,17.12,17.12,0.0,0.6,0.6068877500932801,0.6006237948325077,FAR,FAR,0.0,1,,,0.01,0
C1_n0.01_d000_r03,C1,202610,17.14,17.14,0.0,0.6,0.615783364754579,0.6044136873130255,FAR,FAR,0.0,1,,,0.01,0
C1_n0.01_d000_r03,C1,202610,17.16,17.16,0.0,0.6,0.6014356100216528,0.6036691679901823,FAR,FAR,0.0,1,,,0.01,0
C1_n0.01_d000_r03,C1,202610,17.18,17.18,0.0,0.6,0.5936104750307508,0.6011544947503245,FAR,FAR,0.0,1,,,0.01,0
C1_n0.01_d000_r03,C1,202610,17.2,17.2,0.0,0.6,0.5791355329460813,0.5956497542992637,FAR,FAR,0.0,1,,,0.01,0
C1_n0.01_d000_r03,C1,202610,17.22,17.22,0.0,0.6,0.6046322977709556,0.5978953901671866,FAR,FAR,0.0,1,,,0.01,0
C1_n0.01_d000_r03,C1,202610,17.24,17.24,0.0,0.6,0.6145800179314722,0.602066547108258,FAR,FAR,0.0,1,,,0.01,0
C1_n0.01_d000_r03,C1,202610,17.26,17.26,0.0,0.6,0.6034075834366646,0.6024018061903597,FAR,FAR,0.0,1,,,0.01,0
C1_n0.01_d000_r03,C1,202610,17.28,17.28,0.0,0.6,0.602272594173824,0.6023695031862257,FAR,FAR,0.0,1,,,0.01,0
C1_n0.01_d000_r03,C1,202610,17.3,17.3,0.0,0.6,0.6033656592548147,0.602618542203373,FAR,FAR,0.0,1,,,0.01,0
C1_n0.01_d000_r03,C1,202610,17.32,17.32,0.0,0.6,0.6073515290757712,0.6038017889214725,FAR,FAR,0.0,1,,,0.01,0
C1_n0.01_d000_r03,C1,202610,17.34,17.34,0.0,0.6,0.6169486816557007,0.6070885121050296,FAR,FAR,0.0,1,,,0.01,0
C1_n0.01_d000_r03,C1,202610,17.36,17.36,0.0,0.6,0.5926084556637115,0.6034684979947,FAR,FAR,0.0,1,,,0.01,0
C1_n0.01_d000_r03,C1,202610,17.38,17.38,0.0,0.6,0.5863331069380325,0.5991846502305331,FAR,FAR,0.0,1,,,0.01,0
C1_n0.01_d000_r03,C1,202610,17.4,17.4,0.0,0.6,0.5955576334775144,0.5982778960422784,FAR,FAR,0.0,1,,,0.01,0
C1_n0.01_d000_r03,C1,202610,17.42,17.42,0.0,0.6,0.5939345957324306,0.5971920709648164,FAR,FAR,0.0,1,,,0.01,0
C1_n0.01_d000_r03,C1,202610,17.44,17.44,0.0,0.6,0.595432296969986,0.5967521274661088,FAR,FAR,0.0,1,,,0.01,0
C1_n0.01_d000_r03,C1,202610,17.46,17.46,0.0,0.6,0.6054207303497696,0.5989192781870241,FAR,FAR,0.0,1,,,0.01,0
C1_n0.01_d000_r03,C1,202610,17.48,17.48,0.0,0.6,0.6209571121650197,0.604428736681523,FAR,FAR,0.0,1,,,0.01,0
C1_n0.01_d000_r03,C1,202610,17.5,17.5,0.0,0.6,0.6009767400605767,0.6035657375262864,FAR,FAR,0.0,1,,,0.01,0
C1_n0.01_d000_r03,C1,202610,17.52,17.52,0.0,0.6,0.590556207795805,0.600313355093666,FAR,FAR,0.0,1,,,0.01,0
C1_n0.01_d000_r03,C1,202610,17.54,17.54,0.0,0.6,0.5867820699123241,0.5969305337983306,FAR,FAR,0.0,1,,,0.01,0
C1_n0.01_d000_r03,C1,202610,17.56,17.56,0.0,0.6,0.5836021518736952,0.5935984383171717,FAR,FAR,0.0,1,,,0.01,0
C1_n0.01_d000_r03,C1,202610,17.58,17.58,0.0,0.6,0.6023503632540039,0.5957864195513798,FAR,FAR,0.0,1,,,0.01,0
C1_n0.01_d000_r03,C1,202610,17.6,17.6,0.0,0.6,0.6110712722848206,0.5996076327347399,FAR,FAR,0.0,1,,,0.01,0
C1_n0.01_d000_r03,C1,202610,17.62,17.62,0.0,0.6,0.6068201640098065,0.6014107655535066,FAR,FAR,0.0,1,,,0.01,0
C1_n0.01_d000_r03,C1,202610,17.64,17.64,0.0,0.6,0.5884637515711086,0.5981740120579071,FAR,FAR,0.0,1,,,0.01,0
C1_n0.01_d000_r03,C1,202610,17.66,17.66,0.0,0.6,0.5948320204186269,0.597338514148087,FAR,FAR,0.0,1,,,0.01,0
C1_n0.01_d000_r03,C1,202610,17.68,17.68,0.0,0.6,0.5889006883126081,0.5952290576892173,FAR,FAR,0.0,1,,,0.01,0
C1_n0.01_d000_r03,C1,202610,17.7,17.7,0.0,0.6,0.592431797667964,0.594529742683904,FAR,FAR,0.0,1,,,0.01,0
C1_n0.01_d000_r03,C1,202610,17.72,17.72,0.0,0.6,0.5950955754687681,0.59467120088012,FAR,FAR,0.0,1,,,0.01,0
C1_n0.01_d000_r03,C1,202610,17.74,17.74,0.0,0.6,0.5965289943591279,0.5951356492498721,FAR,FAR,0.0,1,,,0.01,0
C1_n0.01_d000_r03,C1,202610,17.76,17.76,0.0,0.6,0.6106598165512848,0.5990166910752253,FAR,FAR,0.0,1,,,0.01,0
C1_n0.01_d000_r03,C1,202610,17.78,17.78,0.0,0.6,0.5948365509396233,0.5979716560413247,FAR,FAR,0.0,1,,,0.01,0
C1_n0.01_d000_r03,C1,202610,17.8,17.8,0.0,0.6,0.6148607105234047,0.6021939196618448,FAR,FAR,0.0,1,,,0.01,0
C1_n0.01_d000_r03,C1,202610,17.82,17.82,0.0,0.6,0.611085425958583,0.6044167962360294,FAR,FAR,0.0,1,,,0.01,0
C1_n0.01_d000_r03,C1,202610,17.84,17.84,0.0,0.6,0.5936538613506592,0.6017260625146869,FAR,FAR,0.0,1,,,0.01,0
C1_n0.01_d000_r03,C1,202610,17.86,17.86,0.0,0.6,0.5791631919598074,0.596085344875967,FAR,FAR,0.0,1,,,0.01,0
C1_n0.01_d000_r03,C1,202610,17.88,17.88,0.0,0.6,0.5903259405051637,0.5946454937832661,FAR,FAR,0.0,1,,,0.01,0
C1_n0.01_d000_r03,C1,202610,17.9,17.9,0.0,0.6,0.6118173597380591,0.5989384602719644,FAR,FAR,0.0,1,,,0.01,0
C1_n0.01_d000_r03,C1,202610,17.92,17.92,0.0,0.6,0.5923439974430638,0.5972898445647392,FAR,FAR,0.0,1,,,0.01,0
C1_n0.01_d000_r03,C1,202610,17.94,17.94,0.0,0.6,0.5999741910626061,0.5979609311892059,FAR,FAR,0.0,1,,,0.01,0
C1_n0.01_d000_r03,C1,202610,17.96,17.96,0.0,0.6,0.5876905150038234,0.5953933271428603,FAR,FAR,0.0,1,,,0.01,0
C1_n0.01_d000_r03,C1,202610,17.98,17.98,0.0,0.6,0.5873187902175896,0.5933746929115427,FAR,FAR,0.0,1,,,0.01,0
C1_n0.01_d000_r03,C1,202610,18.0,18.0,0.0,0.6,0.6175884080564973,0.5994281216977813,FAR,FAR,0.0,1,,,0.01,0
C1_n0.01_d000_r03,C1,202610,18.02,18.02,0.0,0.6,0.6130415785050197,0.6028314858995909,FAR,FAR,0.0,1,,,0.01,0
C1_n0.01_d000_r03,C1,202610,18.04,18.04,0.0,0.6,0.5842791445585384,0.5981934005643278,FAR,FAR,0.0,1,,,0.01,0
C1_n0.01_d000_r03,C1,202610,18.06,18.06,0.0,0.6,0.5908496608481935,0.5963574656352942,FAR,FAR,0.0,1,,,0.01,0
C1_n0.01_d000_r03,C1,202610,18.08,18.08,0.0,0.6,0.5844311679816939,0.5933758912218942,FAR,FAR,0.0,1,,,0.01,0
C1_n0.01_d000_r03,C1,202610,18.1,18.1,0.0,0.6,0.601393341879722,0.5953802538863512,FAR,FAR,0.0,1,,,0.01,0
C1_n0.01_d000_r03,C1,202610,18.12,18.12,0.0,0.6,0.6101691468021092,0.5990774771152907,FAR,FAR,0.0,1,,,0.01,0
C1_n0.01_d000_r03,C1,202610,18.14,18.14,0.0,0.6,0.6004930850795769,0.5994313791063622,FAR,FAR,0.0,1,,,0.01,0
C1_n0.01_d000_r03,C1,202610,18.16,18.16,0.0,0.6,0.6144878380958483,0.6031954938537337,FAR,FAR,0.0,1,,,0.01,0
C1_n0.01_d000_r03,C1,202610,18.18,18.18,0.0,0.6,0.5904741027355854,0.6000151460741966,FAR,FAR,0.0,1,,,0.01,0
C1_n0.01_d000_r03,C1,202610,18.2,18.2,0.0,0.6,0.603735903999251,0.6009453355554601,FAR,FAR,0.0,1,,,0.01,0
C1_n0.01_d000_r03,C1,202610,18.22,18.22,0.0,0.6,0.6097537155975647,0.6031474305659863,FAR,FAR,0.0,1,,,0.01,0
C1_n0.01_d000_r03,C1,202610,18.24,18.24,0.0,0.6,0.6002328671738982,0.6024187897179643,FAR,FAR,0.0,1,,,0.01,0
C1_n0.01_d000_r03,C1,202610,18.26,18.26,0.0,0.6,0.6194072217010798,0.6066658977137431,FAR,FAR,0.0,1,,,0.01,0
C1_n0.01_d000_r03,C1,202610,18.28,18.28,0.0,0.6,0.5926260142422609,0.6031559268458726,FAR,FAR,0.0,1,,,0.01,0
C1_n0.01_d000_r03,C1,202610,18.3,18.3,0.0,0.6,0.6038678942755601,0.6033339187032944,FAR,FAR,0.0,1,,,0.01,0
C1_n0.01_d000_r03,C1,202610,18.32,18.32,0.0,0.6,0.5948351594584614,0.6012092288920862,FAR,FAR,0.0,1,,,0.01,0
C1_n0.01_d000_r03,C1,202610,18.34,18.34,0.0,0.6,0.5885055870916773,0.5980333184419839,FAR,FAR,0.0,1,,,0.01,0
C1_n0.01_d000_r03,C1,202610,18.36,18.36,0.0,0.6,0.6292708093502289,0.6058426911690452,FAR,FAR,0.0,1,,,0.01,0
C1_n0.01_d000_r03,C1,202610,18.38,18.38,0.0,0.6,0.6025517855016296,0.6050199647521913,FAR,FAR,0.0,1,,,0.01,0
C1_n0.01_d000_r03,C1,202610,18.4,18.4,0.0,0.6,0.5921899667287998,0.6018124652463435,FAR,FAR,0.0,1,,,0.01,0
C1_n0.01_d000_r03,C1,202610,18.42,18.42,0.0,0.6,0.5918803093179608,0.5993294262642478,FAR,FAR,0.0,1,,,0.01,0
C1_n0.01_d000_r03,C1,202610,18.44,18.44,0.0,0.6,0.5841710816411101,0.5955398401084633,FAR,FAR,0.0,1,,,0.01,0
C1_n0.01_d000_r03,C1,202610,18.46,18.46,0.0,0.6,0.6058997684893064,0.598129822203674,FAR,FAR,0.0,1,,,0.01,0
C1_n0.01_d000_r03,C1,202610,18.48,18.48,0.0,0.6,0.5932973701907219,0.596921709200436,FAR,FAR,0.0,1,,,0.01,0
C1_n0.01_d000_r03,C1,202610,18.5,18.5,0.0,0.6,0.6023119926711813,0.5982692800681223,FAR,FAR,0.0,1,,,0.01,0
C1_n0.01_d000_r03,C1,202610,18.52,18.52,0.0,0.6,0.5998302441348778,0.5986595210848112,FAR,FAR,0.0,1,,,0.01,0
C1_n0.01_d000_r03,C1,202610,18.54,18.54,0.0,0.6,0.6088085852030767,0.6011967871143775,FAR,FAR,0.0,1,,,0.01,0
C1_n0.01_d000_r03,C1,202610,18.56,18.56,0.0,0.6,0.6110997222895505,0.6036725209081708,FAR,FAR,0.0,1,,,0.01,0
C1_n0.01_d000_r03,C1,202610,18.58,18.58,0.0,0.6,0.6048920001106651,0.6039773907087944,FAR,FAR,0.0,1,,,0.01,0
C1_n0.01_d000_r03,C1,202610,18.6,18.6,0.0,0.6,0.5970332079599635,0.6022413450215867,FAR,FAR,0.0,1,,,0.01,0
C1_n0.01_d000_r03,C1,202610,18.62,18.62,0.0,0.6,0.6107164270956872,0.6043601155401118,FAR,FAR,0.0,1,,,0.01,0
C1_n0.01_d000_r03,C1,202610,18.64,18.64,0.0,0.6,0.6113160845347343,0.6060991077887674,FAR,FAR,0.0,1,,,0.01,0
C1_n0.01_d000_r03,C1,202610,18.66,18.66,0.0,0.6,0.5986806529513761,0.6042444940794196,FAR,FAR,0.0,1,,,0.01,0
C1_n0.01_d000_r03,C1,202610,18.68,18.68,0.0,0.6,0.5926018659807851,0.601333837054761,FAR,FAR,0.0,1,,,0.01,0
C1_n0.01_d000_r03,C1,202610,18.7,18.7,0.0,0.6,0.5974931810645933,0.600373673057219,FAR,FAR,0.0,1,,,0.01,0
C1_n0.01_d000_r03,C1,202610,18.72,18.72,0.0,0.6,0.603611240893278,0.6011830650162338,FAR,FAR,0.0,1,,,0.01,0
C1_n0.01_d000_r03,C1,202610,18.74,18.74,0.0,0.6,0.6115262747931076,0.6037688674604522,FAR,FAR,0.0,1,,,0.01,0
C1_n0.01_d000_r03,C1,202610,18.76,18.76,0.0,0.6,0.6061668715956104,0.6043683684942418,FAR,FAR,0.0,1,,,0.01,0
C1_n0.01_d000_r03,C1,202610,18.78,18.78,0.0,0.6,0.5976057526227649,0.6026777145263726,FAR,FAR,0.0,1,,,0.01,0
C1_n0.01_d000_r03,C1,202610,18.8,18.8,0.0,0.6,0.601800887015469,0.6024585076486467,FAR,FAR,0.0,1,,,0.01,0
C1_n0.01_d000_r03,C1,202610,18.82,18.82,0.0,0.6,0.6098314629688184,0.6043017464786897,FAR,FAR,0.0,1,,,0.01,0
C1_n0.01_d000_r03,C1,202610,18.84,18.84,0.0,0.6,0.6055268750405033,0.6046080286191431,FAR,FAR,0.0,1,,,0.01,0
C1_n0.01_d000_r03,C1,202610,18.86,18.86,0.0,0.6,0.5959912436589774,0.6024538323791017,FAR,FAR,0.0,1,,,0.01,0
C1_n0.01_d000_r03,C1,202610,18.88,18.88,0.0,0.6,0.5846902471249111,0.598012936065554,FAR,FAR,0.0,1,,,0.01,0
C1_n0.01_d000_r03,C1,202610,18.9,18.9,0.0,0.6,0.5900260947962978,0.5960162257482399,FAR,FAR,0.0,1,,,0.01,0
C1_n0.01_d000_r03,C1,202610,18.92,18.92,0.0,0.6,0.6072408200666014,0.5988223743278303,FAR,FAR,0.0,1,,,0.01,0
C1_n0.01_d000_r03,C1,202610,18.94,18.94,0.0,0.6,0.6129017255221406,0.6023422121264078,FAR,FAR,0.0,1,,,0.01,0
C1_n0.01_d000_r03,C1,202610,18.96,18.96,0.0,0.6,0.584195259399522,0.5978054739446864,FAR,FAR,0.0,1,,,0.01,0
C1_n0.01_d000_r03,C1,202610,18.98,18.98,0.0,0.6,0.6187774840995988,0.6030484764834145,FAR,FAR,0.0,1,,,0.01,0
C1_n0.01_d000_r03,C1,202610,19.0,19.0,0.0,0.6,0.6074529537587204,0.604149595802241,FAR,FAR,0.0,1,,,0.01,0
C1_n0.01_d000_r03,C1,202610,19.02,19.02,0.0,0.6,0.5980457552125876,0.6026236356548277,FAR,FAR,0.0,1,,,0.01,0
C1_n0.01_d000_r03,C1,202610,19.04,19.04,0.0,0.6,0.5899122824969846,0.5994457973653669,FAR,FAR,0.0,1,,,0.01,0
C1_n0.01_d000_r03,C1,202610,19.06,19.06,0.0,0.6,0.5872466302506295,0.5963960055866825,FAR,FAR,0.0,1,,,0.01,0
C1_n0.01_d000_r03,C1,202610,19.08,19.08,0.0,0.6,0.5864143374016786,0.5939005885404315,FAR,FAR,0.0,1,,,0.01,0
C1_n0.01_d000_r03,C1,202610,19.1,19.1,0.0,0.6,0.585499849499198,0.5918004037801231,FAR,FAR,0.0,1,,,0.01,0
C1_n0.01_d000_r03,C1,202610,19.12,19.12,0.0,0.6,0.5977501899963793,0.5932878503341872,FAR,FAR,0.0,1,,,0.01,0
C1_n0.01_d000_r03,C1,202610,19.14,19.14,0.0,0.6,0.5845950556413342,0.591114651660974,FAR,FAR,0.0,1,,,0.01,0
C1_n0.01_d000_r03,C1,202610,19.16,19.16,0.0,0.6,0.5824124789535953,0.5889391084841293,FAR,FAR,0.0,1,,,0.01,0
C1_n0.01_d000_r03,C1,202610,19.18,19.18,0.0,0.6,0.5938755031165298,0.5901732071422294,FAR,FAR,0.0,1,,,0.01,0
C1_n0.01_d000_r03,C1,202610,19.2,19.2,0.0,0.6,0.591067276644953,0.5903967245179103,FAR,FAR,0.0,1,,,0.01,0
C1_n0.01_d000_r03,C1,202610,19.22,19.22,0.0,0.6,0.599260426498548,0.5926126500130697,FAR,FAR,0.0,1,,,0.01,0
C1_n0.01_d000_r03,C1,202610,19.24,19.24,0.0,0.6,0.6088686649388098,0.5966766537445047,FAR,FAR,0.0,1,,,0.01,0
C1_n0.01_d000_r03,C1,202610,19.26,19.26,0.0,0.6,0.5872865809816918,0.5943291355538015,FAR,FAR,0.0,1,,,0.01,0
C1_n0.01_d000_r03,C1,202610,19.28,19.28,0.0,0.6,0.6003708981306827,0.5958395761980217,FAR,FAR,0.0,1,,,0.01,0
C1_n0.01_d000_r03,C1,202610,19.3,19.3,0.0,0.6,0.5923212931989141,0.5949600054482449,FAR,FAR,0.0,1,,,0.01,0
C1_n0.01_d000_r03,C1,202610,19.32,19.32,0.0,0.6,0.6089102943273274,0.5984475776680155,FAR,FAR,0.0,1,,,0.01,0
C1_n0.01_d000_r03,C1,202610,19.34,19.34,0.0,0.6,0.6069381789788927,0.6005702279957348,FAR,FAR,0.0,1,,,0.01,0
C1_n0.01_d000_r03,C1,202610,19.36,19.36,0.0,0.6,0.58721574348047,0.5972316068669186,FAR,FAR,0.0,1,,,0.01,0
C1_n0.01_d000_r03,C1,202610,19.38,19.38,0.0,0.6,0.6194214164503374,0.6027790592627733,FAR,FAR,0.0,1,,,0.01,0
C1_n0.01_d000_r03,C1,202610,19.4,19.4,0.0,0.6,0.5954416726968209,0.6009447126212852,FAR,FAR,0.0,1,,,0.01,0
C1_n0.01_d000_r03,C1,202610,19.42,19.42,0.0,0.6,0.6056766482542063,0.6021276965295155,FAR,FAR,0.0,1,,,0.01,0
C1_n0.01_d000_r03,C1,202610,19.44,19.44,0.0,0.6,0.5887728184798172,0.5987889770170909,FAR,FAR,0.0,1,,,0.01,0
C1_n0.01_d000_r03,C1,202610,19.46,19.46,0.0,0.6,0.5944010347644467,0.5976919914539298,FAR,FAR,0.0,1,,,0.01,0
C1_n0.01_d000_r03,C1,202610,19.48,19.48,0.0,0.6,0.5965636071360225,0.597409895374453,FAR,FAR,0.0,1,,,0.01,0
C1_n0.01_d000_r03,C1,202610,19.5,19.5,0.0,0.6,0.5962433129448079,0.5971182497670418,FAR,FAR,0.0,1,,,0.01,0
C1_n0.01_d000_r03,C1,202610,19.52,19.52,0.0,0.6,0.5948305572484487,0.5965463266373935,FAR,FAR,0.0,1,,,0.01,0
C1_n0.01_d000_r03,C1,202610,19.54,19.54,0.0,0.6,0.5996523924805456,0.5973228430981815,FAR,FAR,0.0,1,,,0.01,0
C1_n0.01_d000_r03,C1,202610,19.56,19.56,0.0,0.6,0.5943895418133724,0.5965895177769792,FAR,FAR,0.0,1,,,0.01,0
C1_n0.01_d000_r03,C1,202610,19.58,19.58,0.0,0.6,0.5798861857337985,0.5924136847661841,FAR,FAR,0.0,1,,,0.01,0
C1_n0.01_d000_r03,C1,202610,19.6,19.6,0.0,0.6,0.596086801857074,0.5933319640389065,FAR,FAR,0.0,1,,,0.01,0
C1_n0.01_d000_r03,C1,202610,19.62,19.62,0.0,0.6,0.6083724969861607,0.5970920972757201,FAR,FAR,0.0,1,,,0.01,0
C1_n0.01_d000_r03,C1,202610,19.64,19.64,0.0,0.6,0.624617329058275,0.6039734052213588,FAR,FAR,0.0,1,,,0.01,0
C1_n0.01_d000_r03,C1,202610,19.66,19.66,0.0,0.6,0.6076629977754987,0.6048958033598938,FAR,FAR,0.0,1,,,0.01,0
C1_n0.01_d000_r03,C1,202610,19.68,19.68,0.0,0.6,0.6163844777597077,0.6077679719598473,FAR,FAR,0.0,1,,,0.01,0
C1_n0.01_d000_r03,C1,202610,19.7,19.7,0.0,0.6,0.6234109012675,0.6116787042867605,FAR,FAR,0.0,1,,,0.01,0
C1_n0.01_d000_r03,C1,202610,19.72,19.72,0.0,0.6,0.5974308520376501,0.608116741224483,FAR,FAR,0.0,1,,,0.01,0
C1_n0.01_d000_r03,C1,202610,19.74,19.74,0.0,0.6,0.6009614861390471,0.606327927453124,FAR,FAR,0.0,1,,,0.01,0
C1_n0.01_d000_r03,C1,202610,19.76,19.76,0.0,0.6,0.5902575376313667,0.6023103299976847,FAR,FAR,0.0,1,,,0.01,0
C1_n0.01_d000_r03,C1,202610,19.78,19.78,0.0,0.6,0.5949366580033292,0.6004669119990959,FAR,FAR,0.0,1,,,0.01,0
C1_n0.01_d000_r03,C1,202610,19.8,19.8,0.0,0.6,0.600044498306753,0.6003613085760102,FAR,FAR,0.0,1,,,0.01,0
C1_n0.01_d000_r03,C1,202610,19.82,19.82,0.0,0.6,0.5909268114655959,0.5980026842984066,FAR,FAR,0.0,1,,,0.01,0
C1_n0.01_d000_r03,C1,202610,19.84,19.84,0.0,0.6,0.5974049472473731,0.5978532500356483,FAR,FAR,0.0,1,,,0.01,0
C1_n0.01_d000_r03,C1,202610,19.86,19.86,0.0,0.6,0.6104545816330911,0.6010035829350089,FAR,FAR,0.0,1,,,0.01,0
C1_n0.01_d000_r03,C1,202610,19.88,19.88,0.0,0.6,0.5984880612061861,0.6003747025028032,FAR,FAR,0.0,1,,,0.01,0
C1_n0.01_d000_r03,C1,202610,19.9,19.9,0.0,0.6,0.6097901177598596,0.6027285563170673,FAR,FAR,0.0,1,,,0.01,0
C1_n0.01_d000_r03,C1,202610,19.92,19.92,0.0,0.6,0.5928812014652327,0.6002667176041087,FAR,FAR,0.0,1,,,0.01,0
C1_n0.01_d000_r03,C1,202610,19.94,19.94,0.0,0.6,0.6063089261857687,0.6017772697495237,FAR,FAR,0.0,1,,,0.01,0
C1_n0.01_d000_r03,C1,202610,19.96,19.96,0.0,0.6,0.5968257576084116,0.6005393917142456,FAR,FAR,0.0,1,,,0.01,0
C1_n0.01_d000_r03,C1,202610,19.98,19.98,0.0,0.6,0.5757052207140092,0.5943308489641865,FAR,FAR,0.0,1,,,0.01,0
C1_n0.01_d000_r03,C1,202610,20.0,20.0,0.0,0.6,0.5996994156981196,0.5956729906476698,FAR,FAR,0.0,1,,,0.01,0
