trial_id,condition,seed,time_s,sensor_time_s,sample_age_s,true_distance_m,raw_distance_m,filtered_distance_m,expected_state,state,command,valid,event_label,invalid_reason,noise_sigma_m,delay_ms
C1_n0.01_d000_r01,C1,202608,0.0,0.0,0.0,0.6,0.6148427342749978,0.6148427342749978,FAR,FAR,0.0,1,,,0.01,0
C1_n0.01_d000_r01,C1,202608,0.02,0.02,0.0,0.6,0.5992214626920266,0.610937416379255,FAR,FAR,0.0,1,,,0.01,0
C1_n0.01_d000_r01,C1,202608,0.04,0.04,0.0,0.6,0.6151692451050658,0.6119953735607078,FAR,FAR,0.0,1,,,0.01,0
C1_n0.01_d000_r01,C1,202608,0.06,0.06,0.0,0.6,0.5969540045520597,0.6082350313085457,FAR,FAR,0.0,1,,,0.01,0
C1_n0.01_d000_r01,C1,202608,0.08,0.08,0.0,0.6,0.6153105775183699,0.6100039178610018,FAR,FAR,0.0,1,,,0.01,0
C1_n0.01_d000_r01,C1,202608,0.1,0.1,0.0,0.6,0.578347497202231,0.6020898126963091,FAR,FAR,0.0,1,,,0.01,0
C1_n0.01_d000_r01,C1,202608,0.12,0.12,0.0,0.6,0.5945497932918873,0.6002048078452036,FAR,FAR,0.0,1,,,0.01,0
C1_n0.01_d000_r01,C1,202608,0.14,0.14,0.0,0.6,0.6184257039191675,0.6047600318636945,FAR,FAR,0.0,1,,,0.01,0
C1_n0.01_d000_r01,C1,202608,0.16,0.16,0.0,0.6,0.5915299517587534,0.6014525118374593,FAR,FAR,0.0,1,,,0.01,0
C1_n0.01_d000_r01,C1,202608,0.18,0.18,0.0,0.6,0.6010739365744234,0.6013578680217003,FAR,FAR,0.0,1,,,0.01,0
C1_n0.01_d000_r01,C1,202608,0.2,0.2,0.0,0.6,0.6077298309711101,0.6029508587590527,FAR,FAR,0.0,1,,,0.01,0
C1_n0.01_d000_r01,C1,202608,0.22,0.22,0.0,0.6,0.5970732469953571,0.6014814558181288,FAR,FAR,0.0,1,,,0.01,0
C1_n0.01_d000_r01,C1,202608,0.24,0.24,0.0,0.6,0.5970423898587434,0.6003716893282824,FAR,FAR,0.0,1,,,0.01,0
C1_n0.01_d000_r01,C1,202608,0.26,0.26,0.0,0.6,0.6043463739223671,0.6013653604768037,FAR,FAR,0.0,1,,,0.01,0
C1_n0.01_d000_r01,C1,202608,0.28,0.28,0.0,0.6,0.5993977057192522,0.6008734467874158,FAR,FAR,0.0,1,,,0.01,0
C1_n0.01_d000_r01,C1,202608,0.3,0.3,0.0,0.6,0.5760832221899234,0.5946758906380427,FAR,FAR,0.0,1,,,0.01,0
C1_n0.01_d000_r01,C1,202608,0.32,0.32,0.0,0.6,0.6010187135006598,0.596261596353697,FAR,FAR,0.0,1,,,0.01,0
C1_n0.01_d000_r01,C1,202608,0.34,0.34,0.0,0.6,0.5930588007138485,0.5954608974437349,FAR,FAR,0.0,1,,,0.01,0
C1_n0.01_d000_r01,C1,202608,0.36,0.36,0.0,0.6,0.5688242401198228,0.5888017331127569,FAR,FAR,0.0,1,,,0.01,0
C1_n0.01_d000_r01,C1,202608,0.38,0.38,0.0,0.6,0.5911199139645097,0.5893812783256951,FAR,FAR,0.0,1,,,0.01,0
C1_n0.01_d000_r01,C1,202608,0.4,0.4,0.0,0.6,0.6075541439845358,0.5939244947404052,FAR,FAR,0.0,1,,,0.01,0
C1_n0.01_d000_r01,C1,202608,0.42,0.42,0.0,0.6,0.6057245325465526,0.5968745041919421,FAR,FAR,0.0,1,,,0.01,0
C1_n0.01_d000_r01,C1,202608,0.44,0.44,0.0,0.6,0.6026787568312284,0.5983255673517637,FAR,FAR,0.0,1,,,0.01,0
C1_n0.01_d000_r01,C1,202608,0.46,0.46,0.0,0.6,0.595326022079841,0.597575681033783,FAR,FAR,0.0,1,,,0.01,0
C1_n0.01_d000_r01,C1,202608,0.48,0.48,0.0,0.6,0.5992272981721882,0.5979885853183843,FAR,FAR,0.0,1,,,0.01,0
C1_n0.01_d000_r01,C1,202608,0.5,0.5,0.0,0.6,0.6021852359231639,0.5990377479695792,FAR,FAR,0.0,1,,,0.01,0
C1_n0.01_d000_r01,C1,202608,0.52,0.52,0.0,0.6,0.5964112784192513,0.5983811305819973,FAR,FAR,0.0,1,,,0.01,0
C1_n0.01_d000_r01,C1,202608,0.54,0.54,0.0,0.6,0.5968797641008887,0.5980057889617201,FAR,FAR,0.0,1,,,0.01,0
C1_n0.01_d000_r01,C1,202608,0.56,0.56,0.0,0.6,0.6055922972513419,0.5999024160341255,FAR,FAR,0.0,1,,,0.01,0
C1_n0.01_d000_r01,C1,202608,0.58,0.58,0.0,0.6,0.5941983022391099,0.5984763875853716,FAR,FAR,0.0,1,,,0.01,0
C1_n0.01_d000_r01,C1,202608,0.6,0.6,0.0,0.6,0.5791678643579959,0.5936492567785276,FAR,FAR,0.0,1,,,0.01,0
C1_n0.01_d000_r01,C1,202608,0.62,0.62,0.0,0.6,0.5986019582778581,0.5948874321533603,FAR,FAR,0.0,1,,,0.01,0
C1_n0.01_d000_r01,C1,202608,0.64,0.64,0.0,0.6,0.6113965647405851,0.5990147153001665,FAR,FAR,0.0,1,,,0.01,0
C1_n0.01_d000_r01,C1,202608,0.66,0.66,0.0,0.6,0.6080335801762433,0.6012694315191857,FAR,FAR,0.0,1,,,0.01,0
C1_n0.01_d000_r01,C1,202608,0.68,0.68,0.0,0.6,0.5949473726526903,0.5996889168025619,FAR,FAR,0.0,1,,,0.01,0
C1_n0.01_d000_r01,C1,202608,0.7,0.7,0.0,0.6,0.5911973715824291,0.5975660304975287,FAR,FAR,0.0,1,,,0.01,0
C1_n0.01_d000_r01,C1,202608,0.72,0.72,0.0,0.6,0.5892949934385195,0.5954982712327764,FAR,FAR,0.0,1,,,0.01,0
C1_n0.01_d000_r01,C1,202608,0.74,0.74,0.0,0.6,0.5995260167997107,0.5965052076245101,FAR,FAR,0.0,1,,,0.01,0
C1_n0.01_d000_r01,C1,202608,0.76,0.76,0.0,0.6,0.6131810236795583,0.6006741616382721,FAR,FAR,0.0,1,,,0.01,0
C1_n0.01_d000_r01,C1,202608,0.78,0.78,0.0,0.6,0.5981298376201448,0.6000380806337403,FAR,FAR,0.0,1,,,0.01,0
C1_n0.01_d000_r01,C1,202608,0.8,0.8,0.0,0.6,0.6080130277946524,0.6020318174239684,FAR,FAR,0.0,1,,,0.01,0
C1_n0.01_d000_r01,C1,202608,0.82,0.82,0.0,0.6,0.5994175784401046,0.6013782576780025,FAR,FAR,0.0,1,,,0.01,0
C1_n0.01_d000_r01,C1,202608,0.84,0.84,0.0,0.6,0.5850072213215358,0.5972854985888858,FAR,FAR,0.0,1,,,0.01,0
C1_n0.01_d000_r01,C1,202608,0.86,0.86,0.0,0.6,0.5996851684361832,0.5978854160507101,FAR,FAR,0.0,1,,,0.01,0
C1_n0.01_d000_r01,C1,202608,0.88,0.88,0.0,0.6,0.5848554678185487,0.5946279289926697,FAR,FAR,0.0,1,,,0.01,0
C1_n0.01_d000_r01,C1,202608,0.9,0.9,0.0,0.6,0.6125777471321544,0.5991153835275409,FAR,FAR,0.0,1,,,0.01,0
C1_n0.01_d000_r01,C1,202608,0.92,0.92,0.0,0.6,0.5968529473916107,0.5985497744935584,FAR,FAR,0.0,1,,,0.01,0
C1_n0.01_d000_r01,C1,202608,0.94,0.94,0.0,0.6,0.594561565863139,0.5975527223359536,FAR,FAR,0.0,1,,,0.01,0
C1_n0.01_d000_r01,C1,202608,0.96,0.96,0.0,0.6,0.6179303204593983,0.6026471218668148,FAR,FAR,0.0,1,,,0.01,0
C1_n0.01_d000_r01,C1,202608,0.98,0.98,0.0,0.6,0.5853402215117791,0.5983203967780559,FAR,FAR,0.0,1,,,0.01,0
C1_n0.01_d000_r01,C1,202608,1.0,1.0,0.0,0.6,0.602746448688431,0.5994269097556497,FAR,FAR,0.0,1,,,0.01,0
C1_n0.01_d000_r01,C1,202608,1.02,1.02,0.0,0.6,0.5867825543432513,0.5962658209025501,FAR,FAR,0.0,1,,,0.01,0
C1_n0.01_d000_r01,C1,202608,1.04,1.04,0.0,0.6,0.5979281954588059,0.596681414541614,FAR,FAR,0.0,1,,,0.01,0
C1_n0.01_d000_r01,C1,202608,1.06,1.06,0.0,0.6,0.5910115128411417,0.595263939116496,FAR,FAR,0.0,1,,,0.01,0
C1_n0.01_d000_r01,C1,202608,1.08,1.08,0.0,0.6,0.6035202545279238,0.597328017969353,FAR,FAR,0.0,1,,,0.01,0
C1_n0.01_d000_r01,C1,202608,1.1,1.1,0.0,0.6,0.5930972859347067,0.5962703349606914,FAR,FAR,0.0,1,,,0.01,0
C1_n0.01_d000_r01,C1,202608,1.12,1.12,0.0,0.6,0.5978772769217799,0.5966720704509636,FAR,FAR,0.0,1,,,0.01,0
C1_n0.01_d000_r01,C1,202608,1.14,1.14,0.0,0.6,0.5994917832108887,0.5973769986409448,FAR,FAR,0.0,1,,,0.01,0
C1_n0.01_d000_r01,C1,202608,1.16,1.16,0.0,0.6,0.6044740473687283,0.5991512608228907,FAR,FAR,0.0,1,,,0.01,0
C1_n0.01_d000_r01,C1,202608,1.18,1.18,0.0,0.6,0.6138695595591883,0.6028308355069651,FAR,FAR,0.0,1,,,0.01,0
C1_n0.01_d000_r01,C1,202608,1.2,1.2,0.0,0.6,0.6039018300142647,0.60309858413379,FAR,FAR,0.0,1,,,0.01,0
C1_n0.01_d000_r01,C1,202608,1.22,1.22,0.0,0.6,0.5965829168804423,0.6014696673204531,FAR,FAR,0.0,1,,,0.01,0
C1_n0.01_d000_r01,C1,202608,1.24,1.24,0.0,0.6,0.5911492224203945,0.5988895560954385,FAR,FAR,0.0,1,,,0.01,0
C1_n0.01_d000_r01,C1,202608,1.26,1.26,0.0,0.6,0.5895300222604745,0.5965496726366974,FAR,FAR,0.0,1,,,0.01,0
C1_n0.01_d000_r01,C1,202608,1.28,1.28,0.0,0.6,0.5880415011608203,0.5944226297677282,FAR,FAR,0.0,1,,,0.01,0
C1_n0.01_d000_r01,C1,202608,1.3,1.3,0.0,0.6,0.6071031934737989,0.5975927706942459,FAR,FAR,0.0,1,,,0.01,0
C1_n0.01_d000_r01,C1,202608,1.32,1.32,0.0,0.6,0.5880666004212268,0.5952112281259911,FAR,FAR,0.0,1,,,0.01,0
C1_n0.01_d000_r01,C1,202608,1.34,1.34,0.0,0.6,0.5971505028144505,0.595696046798106,FAR,FAR,0.0,1,,,0.01,0
C1_n0.01_d000_r01,C1,202608,1.36,1.36,0.0,0.6,0.5880721000212984,0.593790060103904,FAR,FAR,0.0,1,,,0.01,0
C1_n0.01_d000_r01,C1,202608,1.38,1.38,0.0,0.6,0.6132783411614546,0.5986621303682917,FAR,FAR,0.0,1,,,0.01,0
C1_n0.01_d000_r01,C1,202608,1.4,1.4,0.0,0.6,0.6024431553936977,0.5996073866246432,FAR,FAR,0.0,1,,,0.01,0
C1_n0.01_d000_r01,C1,202608,1.42,1.42,0.0,0.6,0.6037565489188884,0.6006446771982045,FAR,FAR,0.0,1,,,0.01,0
C1_n0.01_d000_r01,C1,202608,1.44,1.44,0.0,0.6,0.6230153921328733,0.6062373559318717,FAR,FAR,0.0,1,,,0.01,0
C1_n0.01_d000_r01,C1,202608,1.46,1.46,0.0,0.6,0.6040437492744626,0.6056889542675195,FAR,FAR,0.0,1,,,0.01,0
C1_n0.01_d000_r01,C1,202608,1.48,1.48,0.0,0.6,0.6073594198191077,0.6061065706554165,FAR,FAR,0.0,1,,,0.01,0
C1_n0.01_d000_r01,C1,202608,1.5,1.5,0.0,0.6,0.6055267259346235,0.6059616094752183,FAR,FAR,0.0,1,,,0.01,0
C1_n0.01_d000_r01,C1,202608,1.52,1.52,0.0,0.6,0.6094049847176721,0.6068224532858317,FAR,FAR,0.0,1,,,0.01,0
C1_n0.01_d000_r01,C1,202608,1.54,1.54,0.0,0.6,0.6107352743515794,0.6078006585522686,FAR,FAR,0.0,1,,,0.01,0
C1_n0.01_d000_r01,C1,202608,1.56,1.56,0.0,0.6,0.6057078704204084,0.6072774615193035,FAR,FAR,0.0,1,,,0.01,0
C1_n0.01_d000_r01,C1,202608,1.58,1.58,0.0,0.6,0.5855132911057818,0.6018364189159231,FAR,FAR,0.0,1,,,0.01,0
C1_n0.01_d000_r01,C1,202608,1.6,1.6,0.0,0.6,0.595637668257873,0.6002867312514106,FAR,FAR,0.0,1,,,0.01,0
C1_n0.01_d000_r01,C1,202608,1.62,1.62,0.0,0.6,0.5970552556213171,0.5994788623438873,FAR,FAR,0.0,1,,,0.01,0
C1_n0.01_d000_r01,C1,202608,1.64,1.64,0.0,0.6,0.6051463452371908,0.6008957330672131,FAR,FAR,0.0,1,,,0.01,0
C1_n0.01_d000_r01,C1,202608,1.66,1.66,0.0,0.6,0.5926136481308744,0.5988252118331284,FAR,FAR,0.0,1,,,0.01,0
C1_n0.01_d000_r01,C1,202608,1.68,1.68,0.0,0.6,0.6017046378624088,0.5995450683404485,FAR,FAR,0.0,1,,,0.01,0
C1_n0.01_d000_r01,C1,202608,1.7,1.7,0.0,0.6,0.5958357540530077,0.5986177397685883,FAR,FAR,0.0,1,,,0.01,0
C1_n0.01_d000_r01,C1,202608,1.72,1.72,0.0,0.6,0.6032990938879512,0.5997880782984291,FAR,FAR,0.0,1,,,0.01,0
C1_n0.01_d000_r01,C1,202608,1.74,1.74,0.0,0.6,0.5994849897699401,0.5997123061663068,FAR,FAR,0.0,1,,,0.01,0
C1_n0.01_d000_r01,C1,202608,1.76,1.76,0.0,0.6,0.5944134322374766,0.5983875876840992,FAR,FAR,0.0,1,,,0.01,0
C1_n0.01_d000_r01,C1,202608,1.78,1.78,0.0,0.6,0.6158790865797407,0.6027604624080095,FAR,FAR,0.0,1,,,0.01,0
C1_n0.01_d000_r01,C1,202608,1.8,1.8,0.0,0.6,0.5859387334841181,0.5985550301770366,FAR,FAR,0.0,1,,,0.01,0
C1_n0.01_d000_r01,C1,202608,1.82,1.82,0.0,0.6,0.5927969629026733,0.5971155133584458,FAR,FAR,0.0,1,,,0.01,0
C1_n0.01_d000_r01,C1,202608,1.84,1.84,0.0,0.6,0.6054146045919747,0.599190286166828,FAR,FAR,0.0,1,,,0.01,0
C1_n0.01_d000_r01,C1,202608,1.86,1.86,0.0,0.6,0.6012336739173544,0.5997011331044596,FAR,FAR,0.0,1,,,0.01,0
C1_n0.01_d000_r01,C1,202608,1.88,1.88,0.0,0.6,0.6114570419989775,0.6026401103280892,FAR,FAR,0.0,1,,,0.01,0
C1_n0.01_d000_r01,C1,202608,1.9,1.9,0.0,0.6,0.5973258614324393,0.6013115481041766,FAR,FAR,0.0,1,,,0.01,0
C1_n0.01_d000_r01,C1,202608,1.92,1.92,0.0,0.6,0.5936918454709612,0.5994066224458727,FAR,FAR,0.0,1,,,0.01,0
C1_n0.01_d000_r01,C1,202608,1.94,1.94,0.0,0.6,0.5935572516956902,0.5979442797583271,FAR,FAR,0.0,1,,,0.01,0
C1_n0.01_d000_r01,C1,202608,1.96,1.96,0.0,0.6,0.593408434395313,0.5968103184175735,FAR,FAR,0.0,1,,,0.01,0
C1_n0.01_d000_r01,C1,202608,1.98,1.98,0.0,0.6,0.5740180095518451,0.5911122412011414,FAR,FAR,0.0,1,,,0.01,0
C1_n0.01_d000_r01,C1,202608,2.0,2.0,0.0,0.6,0.596122884879504,0.592364902120732,FAR,FAR,0.0,1,,,0.01,0
C1_n0.01_d000_r01,C1,202608,2.02,2.02,0.0,0.6,0.5963910738572252,0.5933714450548553,FAR,FAR,0.0,1,,,0.01,0
C1_n0.01_d000_r01,C1,202608,2.04,2.04,0.0,0.6,0.6057772058591483,0.5964728852559286,FAR,FAR,0.0,1,,,0.01,0
C1_n0.01_d000_r01,C1,202608,2.06,2.06,0.0,0.6,0.6228023941294278,0.6030552624743034,FAR,FAR,0.0,1,,,0.01,0
C1_n0.01_d000_r01,C1,202608,2.08,2.08,0.0,0.6,0.5816921365395588,0.5977144809906172,FAR,FAR,0.0,1,,,0.01,0
C1_n0.01_d000_r01,C1,202608,2.1,2.1,0.0,0.6,0.6119211321377862,0.6012661437774094,FAR,FAR,0.0,1,,,0.01,0
C1_n0.01_d000_r01,C1,202608,2.12,2.12,0.0,0.6,0.594066157404283,0.5994661471841278,FAR,FAR,0.0,1,,,0.01,0
C1_n0.01_d000_r01,C1,202608,2.14,2.14,0.0,0.6,0.5973950527698215,0.5989483735805512,FAR,FAR,0.0,1,,,0.01,0
C1_n0.01_d000_r01,C1,202608,2.16,2.16,0.0,0.6,0.5948845808972687,0.5979324254097306,FAR,FAR,0.0,1,,,0.01,0
C1_n0.01_d000_r01,C1,202608,2.18,2.18,0.0,0.6,0.5850104841024563,0.594701940082912,FAR,FAR,0.0,1,,,0.01,0
C1_n0.01_d000_r01,C1,202608,2.2,2.2,0.0,0.6,0.5974255175804927,0.5953828344573071,FAR,FAR,0.0,1,,,0.01,0
C1_n0.01_d000_r01,C1,202608,2.22,2.22,0.0,0.6,0.6070393502558513,0.5982969634069432,FAR,FAR,0.0,1,,,0.01,0
C1_n0.01_d000_r01,C1,202608,2.24,2.24,0.0,0.6,0.6071103009757395,0.6005002977991423,FAR,FAR,0.0,1,,,0.01,0
C1_n0.01_d000_r01,C1,202608,2.26,2.26,0.0,0.6,0.6099491275682712,0.6028625052414245,FAR,FAR,0.0,1,,,0.01,0
C1_n0.01_d000_r01,C1,202608,2.28,2.28,0.0,0.6,0.5833909926477959,0.5979946270930173,FAR,FAR,0.0,1,,,0.01,0
C1_n0.01_d000_r01,C1,202608,2.3,2.3,0.0,0.6,0.595013420181145,0.5972493253650493,FAR,FAR,0.0,1,,,0.01,0
C1_n0.01_d000_r01,C1,202608,2.32,2.32,0.0,0.6,0.605091835399186,0.5992099528735835,FAR,FAR,0.0,1,,,0.01,0
C1_n0.01_d000_r01,C1,202608,2.34,2.34,0.0,0.6,0.5935765171324913,0.5978015939383104,FAR,FAR,0.0,1,,,0.01,0
C1_n0.01_d000_r01,C1,202608,2.36,2.36,0.0,0.6,0.6243450486276364,0.6044374576106419,FAR,FAR,0.0,1,,,0.01,0
C1_n0.01_d000_r01,C1,202608,2.38,2.38,0.0,0.6,0.58548325357694,0.5996989066022165,FAR,FAR,0.0,1,,,0.01,0
C1_n0.01_d000_r01,C1,202608,2.4,2.4,0.0,0.6,0.5919144199376449,0.5977527849360735,FAR,FAR,0.0,1,,,0.01,0
C1_n0.01_d000_r01,C1,202608,2.42,2.42,0.0,0.6,0.6023692472925237,0.5989069005251861,FAR,FAR,0.0,1,,,0.01,0
C1_n0.01_d000_r01,C1,202608,2.44,2.44,0.0,0.6,0.6023632352655232,0.5997709842102704,FAR,FAR,0.0,1,,,0.01,0
C1_n0.01_d000_r01,C1,202608,2.46,2.46,0.0,0.6,0.6050614924922072,0.6010936112807546,FAR,FAR,0.0,1,,,0.01,0
C1_n0.01_d000_r01,C1,202608,2.48,2.48,0.0,0.6,0.621901363795823,0.6062955494095217,FAR,FAR,0.0,1,,,0.01,0
C1_n0.01_d000_r01,C1,202608,2.5,2.5,0.0,0.6,0.5962319509275968,0.6037796497890404,FAR,FAR,0.0,1,,,0.01,0
C1_n0.01_d000_r01,C1,202608,2.52,2.52,0.0,0.6,0.6002210203247987,0.60288999242298,FAR,FAR,0.0,1,,,0.01,0
C1_n0.01_d000_r01,C1,202608,2.54,2.54,0.0,0.6,0.6183465173074636,0.606754123644101,FAR,FAR,0.0,1,,,0.01,0
C1_n0.01_d000_r01,C1,202608,2.56,2.56,0.0,0.6,0.5894617912835132,0.602431040553954,FAR,FAR,0.0,1,,,0.01,0
C1_n0.01_d000_r01,C1,202608,2.58,2.58,0.0,0.6,0.6046150369374957,0.6029770396498394,FAR,FAR,0.0,1,,,0.01,0
C1_n0.01_d000_r01,C1,202608,2.6,2.6,0.0,0.6,0.6106283612391814,0.6048898700471749,FAR,FAR,0.0,1,,,0.01,0
C1_n0.01_d000_r01,C1,202608,2.62,2.62,0.0,0.6,0.593091901281361,0.6019403778557214,FAR,FAR,0.0,1,,,0.01,0
C1_n0.01_d000_r01,C1,202608,2.64,2.64,0.0,0.6,0.6060177319164906,0.6029597163709137,FAR,FAR,0.0,1,,,0.01,0
C1_n0.01_d000_r01,C1,202608,2.66,2.66,0.0,0.6,0.5966202546803662,0.6013748509482768,FAR,FAR,0.0,1,,,0.01,0
C1_n0.01_d000_r01,C1,202608,2.68,2.68,0.0,0.6,0.5809694200640492,0.5962734932272199,FAR,FAR,0.0,1,,,0.01,0
C1_n0.01_d000_r01,C1,202608,2.7,2.7,0.0,0.6,0.6049708092052408,0.5984478222217251,FAR,FAR,0.0,1,,,0.01,0
C1_n0.01_d000_r01,C1,202608,2.72,2.72,0.0,0.6,0.583825334443017,0.594792200277048,FAR,FAR,0.0,1,,,0.01,0
C1_n0.01_d000_r01,C1,202608,2.74,2.74,0.0,0.6,0.598290486023973,0.5956667717137792,FAR,FAR,0.0,1,,,0.01,0
C1_n0.01_d000_r01,C1,202608,2.76,2.76,0.0,0.6,0.5841346596111783,0.592783743688129,FAR,FAR,0.0,1,,,0.01,0
C1_n0.01_d000_r01,C1,202608,2.78,2.78,0.0,0.6,0.5850752471651472,0.5908566195573836,FAR,FAR,0.0,1,,,0.01,0
C1_n0.01_d000_r01,C1,202608,2.8,2.8,0.0,0.6,0.603687696456973,0.5940643887822808,FAR,FAR,0.0,1,,,0.01,0
C1_n0.01_d000_r01,C1,202608,2.82,2.82,0.0,0.6,0.6012303587503347,0.5958558812742942,FAR,FAR,0.0,1,,,0.01,0
C1_n0.01_d000_r01,C1,202608,2.84,2.84,0.0,0.6,0.5950918824796032,0.5956648815756215,FAR,FAR,0.0,1,,,0.01,0
C1_n0.01_d000_r01,C1,202608,2.86,2.86,0.0,0.6,0.6069143487018996,0.598477248357191,FAR,FAR,0.0,1,,,0.01,0
C1_n0.01_d000_r01,C1,202608,2.88,2.88,0.0,0.6,0.6064756817223332,0.6004768566984765,FAR,FAR,0.0,1,,,0.01,0
C1_n0.01_d000_r01,C1,202608,2.9,2.9,0.0,0.6,0.589959003705276,0.5978473934501763,FAR,FAR,0.0,1,,,0.01,0
C1_n0.01_d000_r01,C1,202608,2.92,2.92,0.0,0.6,0.5947181748936565,0.5970650888110465,FAR,FAR,0.0,1,,,0.01,0
C1_n0.01_d000_r01,C1,202608,2.94,2.94,0.0,0.6,0.5821966580364742,0.5933479811174034,FAR,FAR,0.0,1,,,0.01,0
C1_n0.01_d000_r01,C1,202608,2.96,2.96,0.0,0.6,0.6158432806252895,0.5989718059943749,FAR,FAR,0.0,1,,,0.01,0
C1_n0.01_d000_r01,C1,202608,2.98,2.98,0.0,0.6,0.5876436300190728,0.5961397620005494,FAR,FAR,0.0,1,,,0.01,0
C1_n0.01_d000_r01,C1,202608,3.0,3.0,0.0,0.6,0.5993199212951063,0.5969348018241887,FAR,FAR,0.0,1,,,0.01,0
C1_n0.01_d000_r01,C1,202608,3.02,3.02,0.0,0.6,0.6020767532150236,0.5982202896718974,FAR,FAR,0.0,1,,,0.01,0
C1_n0.01_d000_r01,C1,202608,3.04,3.04,0.0,0.6,0.6014055811098981,0.5990166125313976,FAR,FAR,0.0,1,,,0.01,0
C1_n0.01_d000_r01,C1,202608,3.06,3.06,0.0,0.6,0.6114351938837779,0.6021212578694927,FAR,FAR,0.0,1,,,0.01,0
C1_n0.01_d000_r01,C1,202608,3.08,3.08,0.0,0.6,0.5997372775697521,0.6015252627945575,FAR,FAR,0.0,1,,,0.01,0
C1_n0.01_d000_r01,C1,202608,3.1,3.1,0.0,0.6,0.5843078060243299,0.5972208986020007,FAR,FAR,0.0,1,,,0.01,0
C1_n0.01_d000_r01,C1,202608,3.12,3.12,0.0,0.6,0.5906570718691659,0.5955799419187919,FAR,FAR,0.0,1,,,0.01,0
C1_n0.01_d000_r01,C1,202608,3.14,3.14,0.0,0.6,0.5864300432525656,0.5932924672522354,FAR,FAR,0.0,1,,,0.01,0
C1_n0.01_d000_r01,C1,202608,3.16,3.16,0.0,0.6,0.607925051925633,0.5969506134205848,FAR,FAR,0.0,1,,,0.01,0
C1_n0.01_d000_r01,C1,202608,3.18,3.18,0.0,0.6,0.60223440538774,0.5982715614123736,FAR,FAR,0.0,1,,,0.01,0
C1_n0.01_d000_r01,C1,202608,3.2,3.2,0.0,0.6,0.5998370849312783,0.5986629422920998,FAR,FAR,0.0,1,,,0.01,0
C1_n0.01_d000_r01,C1,202608,3.22,3.22,0.0,0.6,0.6023867671899438,0.5995938985165608,FAR,FAR,0.0,1,,,0.01,0
C1_n0.01_d000_r01,C1,202608,3.24,3.24,0.0,0.6,0.6133270501590623,0.6030271864271861,FAR,FAR,0.0,1,,,0.01,0
C1_n0.01_d000_r01,C1,202608,3.26,3.26,0.0,0.6,0.6006401145437964,0.6024304184563387,FAR,FAR,0.0,1,,,0.01,0
C1_n0.01_d000_r01,C1,202608,3.28,3.28,0.0,0.6,0.5941544246549312,0.6003614200059868,FAR,FAR,0.0,1,,,0.01,0
C1_n0.01_d000_r01,C1,202608,3.3,3.3,0.0,0.6,0.5954027291406779,0.5991217472896596,FAR,FAR,0.0,1,,,0.01,0
C1_n0.01_d000_r01,C1,202608,3.32,3.32,0.0,0.6,0.6175361207795271,0.6037253406621265,FAR,FAR,0.0,1,,,0.01,0
C1_n0.01_d000_r01,C1,202608,3.34,3.34,0.0,0.6,0.5907722353517956,0.6004870643345438,FAR,FAR,0.0,1,,,0.01,0
C1_n0.01_d000_r01,C1,202608,3.36,3.36,0.0,0.6,0.607289781580332,0.6021877436459908,FAR,FAR,0.0,1,,,0.01,0
C1_n0.01_d000_r01,C1,202608,3.38,3.38,0.0,0.6,0.5818650453394083,0.5971070690693452,FAR,FAR,0.0,1,,,0.01,0
C1_n0.01_d000_r01,C1,202608,3.4,3.4,0.0,0.6,0.6055232392730516,0.5992111116202719,FAR,FAR,0.0,1,,,0.01,0
C1_n0.01_d000_r01,C1,202608,3.42,3.42,0.0,0.6,0.5884954401688824,0.5965321937574245,FAR,FAR,0.0,1,,,0.01,0
C1_n0.01_d000_r01,C1,202608,3.44,3.44,0.0,0.6,0.5966956945968527,0.5965730689672815,FAR,FAR,0.0,1,,,0.01,0
C1_n0.01_d000_r01,C1,202608,3.46,3.46,0.0,0.6,0.5986251414053365,0.5970860870767952,FAR,FAR,0.0,1,,,0.01,0
C1_n0.01_d000_r01,C1,202608,3.48,3.48,0.0,0.6,0.5994351437665826,0.597673351249242,FAR,FAR,0.0,1,,,0.01,0
C1_n0.01_d000_r01,C1,202608,3.5,3.5,0.0,0.6,0.5890706972467347,0.5955226877486152,FAR,FAR,0.0,1,,,0.01,0
C1_n0.01_d000_r01,C1,202608,3.52,3.52,0.0,0.6,0.5802353052890031,0.5917008421337121,FAR,FAR,0.0,1,,,0.01,0
C1_n0.01_d000_r01,C1,202608,3.54,3.54,0.0,0.6,0.5777423400644593,0.588211216616399,FAR,FAR,0.0,1,,,0.01,0
C1_n0.01_d000_r01,C1,202608,3.56,3.56,0.0,0.6,0.6138068286557897,0.5946101196262467,FAR,FAR,0.0,1,,,0.01,0
C1_n0.01_d000_r01,C1,202608,3.58,3.58,0.0,0.6,0.5897456780541764,0.5933940092332292,FAR,FAR,0.0,1,,,0.01,0
C1_n0.01_d000_r01,C1,202608,3.6,3.6,0.0,0.6,0.5933694496835951,0.5933878693458206,FAR,FAR,0.0,1,,,0.01,0
C1_n0.01_d000_r01,C1,202608,3.62,3.62,0.0,0.6,0.5969459925819292,0.5942774001548476,FAR,FAR,0.0,1,,,0.01,0
C1_n0.01_d000_r01,C1,202608,3.64,3.64,0.0,0.6,0.5867129545444983,0.5923862887522603,FAR,FAR,0.0,1,,,0.01,0
C1_n0.01_d000_r01,C1,202608,3.66,3.66,0.0,0.6,0.5860782100650512,0.590809269080458,FAR,FAR,0.0,1,,,0.01,0
C1_n0.01_d000_r01,C1,202608,3.68,3.68,0.0,0.6,0.6021466065353146,0.5936436034441722,FAR,FAR,0.0,1,,,0.01,0
C1_n0.01_d000_r01,C1,202608,3.7,3.7,0.0,0.6,0.5922523364323757,0.5932957866912232,FAR,FAR,0.0,1,,,0.01,0
C1_n0.01_d000_r01,C1,202608,3.72,3.72,0.0,0.6,0.5924549279555182,0.593085572007297,FAR,FAR,0.0,1,,,0.01,0
C1_n0.01_d000_r01,C1,202608,3.74,3.74,0.0,0.6,0.5895478564588397,0.5922011431201826,FAR,FAR,0.0,1,,,0.01,0
C1_n0.01_d000_r01,C1,202608,3.76,3.76,0.0,0.6,0.5830520963239233,0.5899138814211178,FAR,FAR,0.0,1,,,0.01,0
C1_n0.01_d000_r01,C1,202608,3.78,3.78,0.0,0.6,0.5982925774384843,0.5920085554254594,FAR,FAR,0.0,1,,,0.01,0
C1_n0.01_d000_r01,C1,202608,3.8,3.8,0.0,0.6,0.6009408964973436,0.5942416406934304,FAR,FAR,0.0,1,,,0.01,0
C1_n0.01_d000_r01,C1,202608,3.82,3.82,0.0,0.6,0.6021428071979061,0.5962169323195493,FAR,FAR,0.0,1,,,0.01,0
C1_n0.01_d000_r01,C1,202608,3.84,3.84,0.0,0.6,0.5895157363954134,0.5945416333385154,FAR,FAR,0.0,1,,,0.01,0
C1_n0.01_d000_r01,C1,202608,3.86,3.86,0.0,0.6,0.5784229866595139,0.590511971668765,FAR,FAR,0.0,1,,,0.01,0
C1_n0.01_d000_r01,C1,202608,3.88,3.88,0.0,0.6,0.5814737364666659,0.5882524128682403,FAR,FAR,0.0,1,,,0.01,0
C1_n0.01_d000_r01,C1,202608,3.9,3.9,0.0,0.6,0.6048129168889331,0.5923925388734135,FAR,FAR,0.0,1,,,0.01,0
C1_n0.01_d000_r01,C1,202608,3.92,3.92,0.0,0.6,0.605875309134752,0.5957632314387481,FAR,FAR,0.0,1,,,0.01,0
C1_n0.01_d000_r01,C1,202608,3.94,3.94,0.0,0.6,0.6053826095905641,0.5981680759767021,FAR,FAR,0.0,1,,,0.01,0
C1_n0.01_d000_r01,C1,202608,3.96,3.96,0.0,0.6,0.5987698592467597,0.5983185217942165,FAR,FAR,0.0,1,,,0.01,0
C1_n0.01_d000_r01,C1,202608,3.98,3.98,0.0,0.6,0.601378848642286,0.5990836035062339,FAR,FAR,0.0,1,,,0.01,0
C1_n0.01_d000_r01,C1,202608,4.0,4.0,0.0,0.6,0.5996792110671512,0.5992325053964632,FAR,FAR,0.0,1,,,0.01,0
C1_n0.01_d000_r01,C1,202608,4.02,4.02,0.0,0.5982500000000001,0.6015208806518124,0.5998045992103005,FAR,FAR,0.0,1,,,0.01,0
C1_n0.01_d000_r01,C1,202608,4.04,4.04,0.0,0.5965,0.6032286470724172,0.6006606111758297,FAR,FAR,0.0,1,,,0.01,0
C1_n0.01_d000_r01,C1,202608,4.06,4.06,0.0,0.59475,0.5932864867080879,0.5988170800588942,FAR,FAR,0.0,1,,,0.01,0
C1_n0.01_d000_r01,C1,202608,4.08,4.08,0.0,0.593,0.5967638417704643,0.5983037704867867,FAR,FAR,0.0,1,,,0.01,0
C1_n0.01_d000_r01,C1,202608,4.1,4.1,0.0,0.59125,0.5811792261909863,0.5940226344128365,FAR,FAR,0.0,1,,,0.01,0
C1_n0.01_d000_r01,C1,202608,4.12,4.12,0.0,0.5894999999999999,0.6156013202605654,0.5994173058747687,FAR,FAR,0.0,1,,,0.01,0
C1_n0.01_d000_r01,C1,202608,4.14,4.14,0.0,0.58775,0.6032492272762382,0.6003752862251361,FAR,FAR,0.0,1,,,0.01,0
C1_n0.01_d000_r01,C1,202608,4.16,4.16,0.0,0.586,0.598305885238599,0.5998579359785019,FAR,FAR,0.0,1,,,0.01,0
C1_n0.01_d000_r01,C1,202608,4.18,4.18,0.0,0.58425,0.5997280124326655,0.5998254550920428,FAR,FAR,0.0,1,,,0.01,0
C1_n0.01_d000_r01,C1,202608,4.2,4.2,0.0,0.5825,0.6055973428387063,0.6012684270287086,FAR,FAR,0.0,1,,,0.01,0
C1_n0.01_d000_r01,C1,202608,4.22,4.22,0.0,0.58075,0.586503825819392,0.5975772767263795,FAR,FAR,0.0,1,,,0.01,0
C1_n0.01_d000_r01,C1,202608,4.24,4.24,0.0,0.579,0.5662500387420646,0.5897454672303009,FAR,FAR,0.0,1,,,0.01,0
C1_n0.01_d000_r01,C1,202608,4.26,4.26,0.0,0.57725,0.5809114784727801,0.5875369700409206,FAR,FAR,0.0,1,,,0.01,0
C1_n0.01_d000_r01,C1,202608,4.28,4.28,0.0,0.5754999999999999,0.5702629935734371,0.5832184759240497,FAR,FAR,0.0,1,,,0.01,0
C1_n0.01_d000_r01,C1,202608,4.3,4.3,0.0,0.57375,0.5771992535648297,0.5817136703342447,FAR,FAR,0.0,1,,,0.01,0
C1_n0.01_d000_r01,C1,202608,4.32,4.32,0.0,0.572,0.5748961199602889,0.5800092827407557,FAR,FAR,0.0,1,,,0.01,0
C1_n0.01_d000_r01,C1,202608,4.34,4.34,0.0,0.57025,0.5582398290772944,0.5745669193248903,FAR,FAR,0.0,1,,,0.01,0
C1_n0.01_d000_r01,C1,202608,4.36,4.36,0.0,0.5685,0.5534438936464743,0.5692861629052863,FAR,FAR,0.0,1,,,0.01,0
C1_n0.01_d000_r01,C1,202608,4.38,4.38,0.0,0.56675,0.5654436528223841,0.5683255353845608,FAR,FAR,0.0,1,,,0.01,0
C1_n0.01_d000_r01,C1,202608,4.4,4.4,0.0,0.565,0.5652973719473685,0.5675684945252627,FAR,FAR,0.0,1,,,0.01,0
C1_n0.01_d000_r01,C1,202608,4.42,4.42,0.0,0.56325,0.5628729116224365,0.5663945987995562,FAR,FAR,0.0,1,,,0.01,0
C1_n0.01_d000_r01,C1,202608,4.44,4.44,0.0,0.5614999999999999,0.5524005870123763,0.5628960958527612,FAR,FAR,0.0,1,,,0.01,0
C1_n0.01_d000_r01,C1,202608,4.46,4.46,0.0,0.55975,0.5725993768441471,0.5653219161006078,FAR,FAR,0.0,1,,,0.01,0
C1_n0.01_d000_r01,C1,202608,4.48,4.48,0.0,0.5579999999999999,0.5827163422565071,0.5696705226395826,FAR,FAR,0.0,1,,,0.01,0
C1_n0.01_d000_r01,C1,202608,4.5,4.5,0.0,0.55625,0.5517264043552859,0.5651844930685084,FAR,FAR,0.0,1,,,0.01,0
C1_n0.01_d000_r01,C1,202608,4.52,4.52,0.0,0.5545,0.5572701291052234,0.5632059020776872,FAR,FAR,0.0,1,,,0.01,0
C1_n0.01_d000_r01,C1,202608,4.54,4.54,0.0,0.55275,0.5496765349813485,0.5598235603036025,FAR,FAR,0.0,1,,,0.01,0
C1_n0.01_d000_r01,C1,202608,4.56,4.56,0.0,0.551,0.5505377334212415,0.5575021035830122,FAR,FAR,0.0,1,,,0.01,0
C1_n0.01_d000_r01,C1,202608,4.58,4.58,0.0,0.54925,0.5331667926560639,0.5514182758512751,FAR,FAR,0.0,1,,,0.01,0
C1_n0.01_d000_r01,C1,202608,4.6,4.6,0.0,0.5475,0.5589593013076679,0.5533035322153733,FAR,FAR,0.0,1,,,0.01,0
C1_n0.01_d000_r01,C1,202608,4.62,4.62,0.0,0.54575,0.5340056574273352,0.5484790635183638,FAR,FAR,0.0,1,,,0.01,0
C1_n0.01_d000_r01,C1,202608,4.64,4.64,0.0,0.544,0.5309649843148381,0.5441005437174824,FAR,FAR,0.0,1,,,0.01,0
C1_n0.01_d000_r01,C1,202608,4.66,4.66,0.0,0.54225,0.5385008692135336,0.5427006250914952,FAR,FAR,0.0,1,,,0.01,0
C1_n0.01_d000_r01,C1,202608,4.68,4.68,0.0,0.5405,0.544901899424791,0.5432509436748192,FAR,FAR,0.0,1,,,0.01,0
C1_n0.01_d000_r01,C1,202608,4.7,4.7,0.0,0.53875,0.5392250201218053,0.5422444627865657,FAR,FAR,0.0,1,,,0.01,0
C1_n0.01_d000_r01,C1,202608,4.72,4.72,0.0,0.537,0.5212649015607732,0.5369995724801175,FAR,FAR,0.0,1,,,0.01,0
C1_n0.01_d000_r01,C1,202608,4.74,4.74,0.0,0.53525,0.531215426221647,0.5355535359154999,FAR,FAR,0.0,1,,,0.01,0
C1_n0.01_d000_r01,C1,202608,4.76,4.76,0.0,0.5335,0.5319269706567908,0.5346468946008227,FAR,FAR,0.0,1,,,0.01,0
C1_n0.01_d000_r01,C1,202608,4.78,4.78,0.0,0.53175,0.5278034939294634,0.5329360444329829,FAR,FAR,0.0,1,,,0.01,0
C1_n0.01_d000_r01,C1,202608,4.8,4.8,0.0,0.53,0.5367693454317518,0.5338943696826751,FAR,FAR,0.0,1,,,0.01,0
C1_n0.01_d000_r01,C1,202608,4.82,4.82,0.0,0.52825,0.5227267536990802,0.5311024656867763,FAR,FAR,0.0,1,,,0.01,0
C1_n0.01_d000_r01,C1,202608,4.84,4.84,0.0,0.5265,0.5289698437549987,0.5305693102038319,FAR,FAR,0.0,1,,,0.01,0
C1_n0.01_d000_r01,C1,202608,4.86,4.86,0.0,0.5247499999999999,0.5291831329896938,0.5302227659002974,FAR,FAR,0.0,1,,,0.01,0
C1_n0.01_d000_r01,C1,202608,4.88,4.88,0.0,0.523,0.5106282731533756,0.5253241427135669,FAR,FAR,0.0,1,,,0.01,0
C1_n0.01_d000_r01,C1,202608,4.9,4.9,0.0,0.52125,0.4993108779987794,0.5188208265348699,FAR,FAR,0.0,1,,,0.01,0
C1_n0.01_d000_r01,C1,202608,4.92,4.92,0.0,0.5195,0.5222912199869445,0.5196884248978886,FAR,FAR,0.0,1,,,0.01,0
C1_n0.01_d000_r01,C1,202608,4.94,4.94,0.0,0.5177499999999999,0.502982060012947,0.5155118336766532,FAR,FAR,0.0,1,,,0.01,0
C1_n0.01_d000_r01,C1,202608,4.96,4.96,0.0,0.516,0.5216865797418302,0.5170555201929474,FAR,FAR,0.0,1,,,0.01,0
C1_n0.01_d000_r01,C1,202608,4.98,4.98,0.0,0.51425,0.4997726593553681,0.5127348049835526,FAR,FAR,0.0,1,,,0.01,0
C1_n0.01_d000_r01,C1,202608,5.0,5.0,0.0,0.5125,0.5258967022415214,0.5160252792980448,FAR,FAR,0.0,1,,,0.01,0
C1_n0.01_d000_r01,C1,202608,5.02,5.02,0.0,0.51075,0.5138249354120921,0.5154751933265567,FAR,FAR,0.0,1,,,0.01,0
C1_n0.01_d000_r01,C1,202608,5.04,5.04,0.0,0.509,0.49385766490184474,0.5100708112203787,FAR,FAR,0.0,1,,,0.01,0
C1_n0.01_d000_r01,C1,202608,5.06,5.06,0.0,0.50725,0.5265872121893759,0.514199911462628,FAR,FAR,0.0,1,,,0.01,0
C1_n0.01_d000_r01,C1,202608,5.08,5.08,0.0,0.5055,0.5107581692998345,0.5133394759219296,FAR,FAR,0.0,1,,,0.01,0
C1_n0.01_d000_r01,C1,202608,5.1,5.1,0.0,0.50375,0.5077342588912467,0.5119381716642589,FAR,FAR,0.0,1,,,0.01,0
C1_n0.01_d000_r01,C1,202608,5.12,5.12,0.0,0.502,0.5055768585383844,0.5103478433827903,FAR,FAR,0.0,1,,,0.01,0
C1_n0.01_d000_r01,C1,202608,5.14,5.14,0.0,0.50025,0.5021817074207405,0.5083063093922778,FAR,FAR,0.0,1,,,0.01,0
C1_n0.01_d000_r01,C1,202608,5.16,5.16,0.0,0.49849999999999994,0.5117402908424842,0.5091648047548294,FAR,FAR,0.0,1,,,0.01,0
C1_n0.01_d000_r01,C1,202608,5.18,5.18,0.0,0.49675,0.4931739553524309,0.5051670924042297,FAR,FAR,0.0,1,,,0.01,0
C1_n0.01_d000_r01,C1,202608,5.2,5.2,0.0,0.495,0.4876624529440633,0.5007909325391882,FAR,FAR,0.0,1,,,0.01,0
C1_n0.01_d000_r01,C1,202608,5.22,5.22,0.0,0.49325,0.4893102658190874,0.49792076585916295,FAR,FAR,0.0,1,,,0.01,0
C1_n0.01_d000_r01,C1,202608,5.24,5.24,0.0,0.49149999999999994,0.48755505603947086,0.4953293384042399,FAR,FAR,0.0,1,,,0.01,0
C1_n0.01_d000_r01,C1,202608,5.26,5.26,0.0,0.48975,0.4816141111044296,0.49190053157928737,FAR,FAR,0.0,1,,,0.01,0
C1_n0.01_d000_r01,C1,202608,5.28,5.28,0.0,0.488,0.48798920021236797,0.4909226987375575,FAR,FAR,0.0,1,,,0.01,0
C1_n0.01_d000_r01,C1,202608,5.3,5.3,0.0,0.48625,0.48735848627250516,0.4900316456212944,FAR,FAR,0.0,1,,,0.01,0
C1_n0.01_d000_r01,C1,202608,5.32,5.32,0.0,0.48449999999999993,0.4887245373541376,0.48970486855450523,FAR,FAR,0.0,1,,,0.01,0
C1_n0.01_d000_r01,C1,202608,5.34,5.34,0.0,0.48275,0.467935936285022,0.4842626354871344,FAR,FAR,0.0,1,,,0.01,0
C1_n0.01_d000_r01,C1,202608,5.36,5.36,0.0,0.481,0.4665086075962512,0.4798241285144136,FAR,FAR,0.0,1,,,0.01,0
C1_n0.01_d000_r01,C1,202608,5.38,5.38,0.0,0.47925,0.4800451172146021,0.4798793756894607,FAR,FAR,0.0,1,,,0.01,0
C1_n0.01_d000_r01,C1,202608,5.4,5.4,0.0,0.4774999999999999,0.4682847569495439,0.47698072100448147,FAR,FAR,0.0,1,,,0.01,0
C1_n0.01_d000_r01,C1,202608,5.42,5.42,0.0,0.47575,0.47895672767647435,0.4774747226724797,FAR,FAR,0.0,1,,,0.01,0
C1_n0.01_d000_r01,C1,202608,5.44,5.44,0.0,0.474,0.4736232552093263,0.47651185580669136,FAR,FAR,0.0,1,,,0.01,0
C1_n0.01_d000_r01,C1,202608,5.46,5.46,0.0,0.47224999999999995,0.4769593008068992,0.47662371705674333,FAR,FAR,0.0,1,,,0.01,0
C1_n0.01_d000_r01,C1,202608,5.48,5.48,0.0,0.4704999999999999,0.4814638301234439,0.4778337453234185,FAR,FAR,0.0,1,,,0.01,0
C1_n0.01_d000_r01,C1,202608,5.5,5.5,0.0,0.46875,0.4524931714711649,0.4714986018603551,FAR,FAR,0.0,1,,,0.01,0
C1_n0.01_d000_r01,C1,202608,5.52,5.52,0.0,0.467,0.46970786139349213,0.47105091674363936,FAR,FAR,0.0,1,,,0.01,0
C1_n0.01_d000_r01,C1,202608,5.54,5.54,0.0,0.46525,0.4663303133098291,0.4698707658851868,FAR,FAR,0.0,1,,,0.01,0
C1_n0.01_d000_r01,C1,202608,5.56,5.56,0.0,0.4635,0.45103439823308317,0.46516167397216085,FAR,FAR,0.0,1,,,0.01,0
C1_n0.01_d000_r01,C1,202608,5.58,5.58,0.0,0.46175,0.46099007440331063,0.4641187740799483,FAR,FAR,0.0,1,,,0.01,0
C1_n0.01_d000_r01,C1,202608,5.6,5.6,0.0,0.46,0.4475644725964627,0.4599801987090769,FAR,FAR,0.0,1,,,0.01,0
C1_n0.01_d000_r01,C1,202608,5.62,5.62,0.0,0.45825,0.465182898489304,0.46128087365413367,FAR,FAR,0.0,1,,,0.01,0
C1_n0.01_d000_r01,C1,202608,5.64,5.64,0.0,0.4565,0.4542066536345355,0.45951231864923414,FAR,FAR,0.0,1,,,0.01,0
C1_n0.01_d000_r01,C1,202608,5.66,5.66,0.0,0.45475,0.4654583936256254,0.4609988373933319,FAR,FAR,0.0,1,,,0.01,0
C1_n0.01_d000_r01,C1,202608,5.68,5.68,0.0,0.453,0.43445159601577704,0.4543620270489432,FAR,FAR,0.0,1,,,0.01,0
C1_n0.01_d000_r01,C1,202608,5.7,5.7,0.0,0.45125,0.44914296360321,0.4530572611875099,FAR,FAR,0.0,1,,,0.01,0
C1_n0.01_d000_r01,C1,202608,5.72,5.72,0.0,0.4495,0.457780518492623,0.45423807551378814,FAR,FAR,0.0,1,,,0.01,0
C1_n0.01_d000_r01,C1,202608,5.74,5.74,0.0,0.44775,0.43551116192637807,0.4495563471169356,FAR,FAR,0.0,1,,,0.01,0
C1_n0.01_d000_r01,C1,202608,5.76,5.76,0.0,0.446,0.4531224040696233,0.45044786135510756,FAR,FAR,0.0,1,,,0.01,0
C1_n0.01_d000_r01,C1,202608,5.78,5.78,0.0,0.44425,0.45699333373438383,0.45208422944992666,FAR,FAR,0.0,1,,,0.01,0
C1_n0.01_d000_r01,C1,202608,5.8,5.8,0.0,0.4425,0.4508652362052452,0.45177948113875627,FAR,FAR,0.0,1,,,0.01,0
C1_n0.01_d000_r01,C1,202608,5.82,5.82,0.0,0.44075,0.4427230914435143,0.44951538371494576,FAR,FAR,0.0,1,,,0.01,0
C1_n0.01_d000_r01,C1,202608,5.84,5.84,0.0,0.439,0.42889657185890523,0.44436068075093565,FAR,FAR,0.0,1,,,0.01,0
C1_n0.01_d000_r01,C1,202608,5.86,5.86,0.0,0.43724999999999997,0.4389723670661873,0.44301360232974857,FAR,FAR,0.0,1,,,0.01,0
C1_n0.01_d000_r01,C1,202608,5.88,5.88,0.0,0.4355,0.4232471598285543,0.43807199170445,FAR,FAR,0.0,1,,,0.01,0
C1_n0.01_d000_r01,C1,202608,5.9,5.9,0.0,0.43374999999999997,0.40795874593069875,0.4305436802610122,FAR,FAR,0.0,1,,,0.01,0
C1_n0.01_d000_r01,C1,202608,5.92,5.92,0.0,0.432,0.43475131787874916,0.4315955896654465,FAR,FAR,0.0,1,,,0.01,0
C1_n0.01_d000_r01,C1,202608,5.94,5.94,0.0,0.43024999999999997,0.4298756211204279,0.4311655975291918,FAR,FAR,0.0,1,,,0.01,0
C1_n0.01_d000_r01,C1,202608,5.96,5.96,0.0,0.4285,0.4346716630566277,0.43204211391105074,FAR,FAR,0.0,1,,,0.01,0
C1_n0.01_d000_r01,C1,202608,5.98,5.98,0.0,0.42674999999999996,0.44143175501372406,0.43438952418671906,FAR,FAR,0.0,1,,,0.01,0
C1_n0.01_d000_r01,C1,202608,6.0,6.0,0.0,0.425,0.43337410868164417,0.4341356703104503,FAR,FAR,0.0,1,,,0.01,0
C1_n0.01_d000_r01,C1,202608,6.02,6.02,0.0,0.42325,0.4104198607891651,0.42820671793012904,FAR,FAR,0.0,1,,,0.01,0
C1_n0.01_d000_r01,C1,202608,6.04,6.04,0.0,0.4215,0.40974785468844155,0.42359200211970716,FAR,FAR,0.0,1,,,0.01,0
C1_n0.01_d000_r01,C1,202608,6.06,6.06,0.0,0.41975,0.43054682541049727,0.4253307079424047,FAR,FAR,0.0,1,,,0.01,0
C1_n0.01_d000_r01,C1,202608,6.08,6.08,0.0,0.418,0.42762428988607454,0.42590410342832213,FAR,FAR,0.0,1,,,0.01,0
C1_n0.01_d000_r01,C1,202608,6.1,6.1,0.0,0.41625,0.4138898868857935,0.42290054929268994,FAR,FAR,0.0,1,,,0.01,0
C1_n0.01_d000_r01,C1,202608,6.12,6.12,0.0,0.4145,0.41602896446023313,0.42118265308457575,FAR,FAR,0.0,1,,,0.01,0
C1_n0.01_d000_r01,C1,202608,6.14,6.14,0.0,0.41275,0.4174223120499329,0.42024256782591507,FAR,FAR,0.0,1,,,0.01,0
C1_n0.01_d000_r01,C1,202608,6.16,6.16,0.0,0.411,0.43116791954476263,0.42297390575562693,FAR,FAR,0.0,1,,,0.01,0
C1_n0.01_d000_r01,C1,202608,6.18,6.18,0.0,0.40925,0.40673216661341827,0.41891347097007475,FAR,FAR,0.0,1,,,0.01,0
C1_n0.01_d000_r01,C1,202608,6.2,6.2,0.0,0.4075,0.41810294306336065,0.41871083899339623,FAR,FAR,0.0,1,,,0.01,0
C1_n0.01_d000_r01,C1,202608,6.22,6.22,0.0,0.40575,0.392632927905257,0.4121913612213614,FAR,FAR,0.0,1,,,0.01,0
C1_n0.01_d000_r01,C1,202608,6.24,6.24,0.0,0.40399999999999997,0.39473000568798994,0.4078260223380185,FAR,FAR,0.0,1,,,0.01,0
C1_n0.01_d000_r01,C1,202608,6.26,6.26,0.0,0.40225,0.3892522009517802,0.40318256699145893,FAR,FAR,0.0,1,,,0.01,0
C1_n0.01_d000_r01,C1,202608,6.28,6.28,0.0,0.40049999999999997,0.41784527539868477,0.4068482440932654,FAR,FAR,0.0,1,,,0.01,0
C1_n0.01_d000_r01,C1,202608,6.3,6.3,0.0,0.39875,0.42117130541578424,0.4104290094238951,FAR,FAR,0.0,1,,,0.01,0
C1_n0.01_d000_r01,C1,202608,6.32,6.32,0.0,0.39699999999999996,0.39826822366190434,0.4073888129833974,FAR,FAR,0.0,1,,,0.01,0
C1_n0.01_d000_r01,C1,202608,6.34,6.34,0.0,0.39525,0.379952070941528,0.4005296274729301,FAR,FAR,0.0,1,,,0.01,0
C1_n0.01_d000_r01,C1,202608,6.36,6.36,0.0,0.39349999999999996,0.39142235740808434,0.39825280995671863,FAR,FAR,0.0,1,,,0.01,0
C1_n0.01_d000_r01,C1,202608,6.38,6.38,0.0,0.39175,0.4019156716966466,0.3991685253917006,FAR,FAR,0.0,1,,,0.01,0
C1_n0.01_d000_r01,C1,202608,6.4,6.4,0.0,0.38999999999999996,0.4020416991249098,0.39988681882500293,FAR,FAR,0.0,1,,,0.01,0
C1_n0.01_d000_r01,C1,202608,6.42,6.42,0.0,0.38825,0.37528994267500293,0.39373759978750295,FAR,FAR,0.0,1,,,0.01,0
C1_n0.01_d000_r01,C1,202608,6.44,6.44,0.0,0.38649999999999995,0.39639301010785,0.3944014523675897,FAR,FAR,0.0,1,,,0.01,0
C1_n0.01_d000_r01,C1,202608,6.46,6.46,0.0,0.38475,0.3990711385347619,0.3955688739093827,FAR,FAR,0.0,1,,,0.01,0
C1_n0.01_d000_r01,C1,202608,6.48,6.48,0.0,0.38299999999999995,0.37537145824823365,0.39051951999409545,FAR,FAR,0.0,1,,,0.01,0
C1_n0.01_d000_r01,C1,202608,6.5,6.5,0.0,0.38125,0.3677254069621352,0.3848209917361054,FAR,FAR,0.0,1,,,0.01,0
C1_n0.01_d000_r01,C1,202608,6.52,6.52,0.0,0.37950000000000006,0.37177136500192787,0.381558585052561,FAR,FAR,0.0,1,,,0.01,0
C1_n0.01_d000_r01,C1,202608,6.54,6.54,0.0,0.37775000000000003,0.38942893028649395,0.3835261713610442,FAR,FAR,0.0,1,,,0.01,0
C1_n0.01_d000_r01,C1,202608,6.56,6.56,0.0,0.376,0.3725094295798583,0.38077198591574773,FAR,FAR,0.0,1,,,0.01,0
C1_n0.01_d000_r01,C1,202608,6.58,6.58,0.0,0.37424999999999997,0.3732143177277482,0.3788825688687479,FAR,FAR,0.0,1,,,0.01,0
C1_n0.01_d000_r01,C1,202608,6.6,6.6,0.0,0.37250000000000005,0.37458614169826593,0.3778084620761274,FAR,FAR,0.0,1,,,0.01,0
C1_n0.01_d000_r01,C1,202608,6.62,6.62,0.0,0.37075,0.3793269972766852,0.3781880958762668,FAR,FAR,0.0,1,,,0.01,0
C1_n0.01_d000_r01,C1,202608,6.64,6.64,0.0,0.369,0.38045596441317464,0.3787550630104938,FAR,FAR,0.0,1,,,0.01,0
C1_n0.01_d000_r01,C1,202608,6.66,6.66,0.0,0.36724999999999997,0.3605203557022734,0.3741963861834387,FAR,FAR,0.0,1,,,0.01,0
C1_n0.01_d000_r01,C1,202608,6.68,6.68,0.0,0.36550000000000005,0.3436620084616478,0.36656279175299095,FAR,NEAR,0.6,1,ENTER_NEAR,,0.01,0
C1_n0.01_d000_r01,C1,202608,6.7,6.7,0.0,0.36375,0.35661127584244173,0.36407491277535364,FAR,FAR,0.0,1,EXIT_NEAR,,0.01,0
C1_n0.01_d000_r01,C1,202608,6.72,6.72,0.0,0.362,0.37665816459458445,0.3672207257301614,FAR,FAR,0.0,1,,,0.01,0
C1_n0.01_d000_r01,C1,202608,6.74,6.74,0.0,0.36024999999999996,0.3654470919801283,0.3667773172926531,FAR,FAR,0.0,1,,,0.01,0
C1_n0.01_d000_r01,C1,202608,6.76,6.76,0.0,0.35850000000000004,0.3647709418454065,0.36627572343084147,FAR,FAR,0.0,1,,,0.01,0
C1_n0.01_d000_r01,C1,202608,6.78,6.78,0.0,0.35675,0.34479549334391224,0.3609056659091092,FAR,NEAR,0.6,1,ENTER_NEAR,,0.01,0
C1_n0.01_d000_r01,C1,202608,6.8,6.8,0.0,0.355,0.3541453221919962,0.35921557997983095,FAR,FAR,0.0,1,EXIT_NEAR,,0.01,0
C1_n0.01_d000_r01,C1,202608,6.82,6.82,0.0,0.35324999999999995,0.33866171962699576,0.3540771148916222,FAR,NEAR,0.6,1,ENTER_NEAR,,0.01,0
C1_n0.01_d000_r01,C1,202608,6.84,6.84,0.0,0.35150000000000003,0.35180950331553423,0.3535102119976002,FAR,FAR,0.0,1,EXIT_NEAR,,0.01,0
C1_n0.01_d000_r01,C1,202608,6.86,6.86,0.0,0.34974999999999995,0.3448788965503217,0.3513523831357806,NEAR,NEAR,0.6,1,ENTER_NEAR,,0.01,0
C1_n0.01_d000_r01,C1,202608,6.88,6.88,0.0,0.348,0.3458860649388046,0.34998580358653664,NEAR,NEAR,0.6,1,,,0.01,0
C1_n0.01_d000_r01,C1,202608,6.9,6.9,0.0,0.34624999999999995,0.33584074002378494,0.34644953769584874,NEAR,NEAR,0.6,1,,,0.01,0
C1_n0.01_d000_r01,C1,202608,6.92,6.92,0.0,0.3445,0.3543270728069431,0.3484189214736223,NEAR,FAR,0.0,1,EXIT_NEAR,,0.01,0
C1_n0.01_d000_r01,C1,202608,6.94,6.94,0.0,0.34274999999999994,0.33725539700944407,0.3456280403575777,NEAR,NEAR,0.6,1,ENTER_NEAR,,0.01,0
C1_n0.01_d000_r01,C1,202608,6.96,6.96,0.0,0.34099999999999997,0.3403921940836826,0.34431907878910395,NEAR,NEAR,0.6,1,,,0.01,0
C1_n0.01_d000_r01,C1,202608,6.98,6.98,0.0,0.33924999999999994,0.3388059590919811,0.3429407988648232,NEAR,NEAR,0.6,1,,,0.01,0
C1_n0.01_d000_r01,C1,202608,7.0,7.0,0.0,0.3375,0.3346377047303929,0.34086502533121565,NEAR,NEAR,0.6,1,,,0.01,0
C1_n0.01_d000_r01,C1,202608,7.02,7.02,0.0,0.33575000000000005,0.33653520747592175,0.33978257086739216,NEAR,NEAR,0.6,1,,,0.01,0
C1_n0.01_d000_r01,C1,202608,7.04,7.04,0.0,0.334,0.3360052004291615,0.3388382282578345,NEAR,NEAR,0.6,1,,,0.01,0
C1_n0.01_d000_r01,C1,202608,7.06,7.06,0.0,0.33225000000000005,0.33815345951798254,0.3386670360728715,NEAR,NEAR,0.6,1,,,0.01,0
C1_n0.01_d000_r01,C1,202608,7.08,7.08,0.0,0.3305,0.3216747083106769,0.3344189541323229,NEAR,NEAR,0.6,1,,,0.01,0
C1_n0.01_d000_r01,C1,202608,7.1,7.1,0.0,0.32875000000000004,0.32892140355018384,0.33304456648678815,NEAR,NEAR,0.6,1,,,0.01,0
C1_n0.01_d000_r01,C1,202608,7.12,7.12,0.0,0.327,0.3328421386142977,0.3329939595186655,NEAR,NEAR,0.6,1,,,0.01,0
C1_n0.01_d000_r01,C1,202608,7.14,7.14,0.0,0.32525000000000004,0.32279346234356804,0.3304438352248911,NEAR,NEAR,0.6,1,,,0.01,0
C1_n0.01_d000_r01,C1,202608,7.16,7.16,0.0,0.3235,0.330467961016976,0.3304498666729124,NEAR,NEAR,0.6,1,,,0.01,0
C1_n0.01_d000_r01,C1,202608,7.18,7.18,0.0,0.32175000000000004,0.3245564760726054,0.32897651902283565,NEAR,NEAR,0.6,1,,,0.01,0
C1_n0.01_d000_r01,C1,202608,7.2,7.2,0.0,0.32,0.3108925820087721,0.32445553476931976,NEAR,NEAR,0.6,1,,,0.01,0
C1_n0.01_d000_r01,C1,202608,7.22,7.22,0.0,0.31825000000000003,0.30705324656994015,0.32010496271947486,NEAR,NEAR,0.6,1,,,0.01,0
C1_n0.01_d000_r01,C1,202608,7.24,7.24,0.0,0.3165,0.3127910690517209,0.3182764893025364,NEAR,NEAR,0.6,1,,,0.01,0
C1_n0.01_d000_r01,C1,202608,7.26,7.26,0.0,0.31475000000000003,0.3130324305581566,0.3169654746164414,NEAR,NEAR,0.6,1,,,0.01,0
C1_n0.01_d000_r01,C1,202608,7.28,7.28,0.0,0.313,0.3105169733600087,0.3153533493023333,NEAR,NEAR,0.6,1,,,0.01,0
C1_n0.01_d000_r01,C1,202608,7.3,7.3,0.0,0.31125,0.3155027130953371,0.31539069025058425,NEAR,NEAR,0.6,1,,,0.01,0
C1_n0.01_d000_r01,C1,202608,7.32,7.32,0.0,0.3095,0.31438619022152275,0.3151395652433189,NEAR,NEAR,0.6,1,,,0.01,0
C1_n0.01_d000_r01,C1,202608,7.34,7.34,0.0,0.30775,0.31728637449769376,0.3156762675569126,NEAR,NEAR,0.6,1,,,0.01,0
C1_n0.01_d000_r01,C1,202608,7.36,7.36,0.0,0.306,0.29135808943868396,0.3095967230273554,NEAR,NEAR,0.6,1,,,0.01,0
C1_n0.01_d000_r01,C1,202608,7.38,7.38,0.0,0.30425,0.31307366618552673,0.31046595881689826,NEAR,NEAR,0.6,1,,,0.01,0
C1_n0.01_d000_r01,C1,202608,7.4,7.4,0.0,0.3025,0.28866799725931946,0.3050164684275035,NEAR,NEAR,0.6,1,,,0.01,0
C1_n0.01_d000_r01,C1,202608,7.42,7.42,0.0,0.30075,0.30787995147779207,0.30573233919007564,NEAR,NEAR,0.6,1,,,0.01,0
C1_n0.01_d000_r01,C1,202608,7.44,7.44,0.0,0.299,0.2864608699017189,0.3009144718679864,NEAR,NEAR,0.6,1,,,0.01,0
C1_n0.01_d000_r01,C1,202608,7.46,7.46,0.0,0.29725,0.29606966379697935,0.29970326985023465,NEAR,NEAR,0.6,1,,,0.01,0
C1_n0.01_d000_r01,C1,202608,7.48,7.48,0.0,0.2955,0.30776563926617406,0.3017188622042195,NEAR,NEAR,0.6,1,,,0.01,0
C1_n0.01_d000_r01,C1,202608,7.5,7.5,0.0,0.29375,0.30288402140909737,0.30201015200543896,NEAR,NEAR,0.6,1,,,0.01,0
C1_n0.01_d000_r01,C1,202608,7.52,7.52,0.0,0.29200000000000004,0.29797505437051325,0.30100137759670753,NEAR,NEAR,0.6,1,,,0.01,0
C1_n0.01_d000_r01,C1,202608,7.54,7.54,0.0,0.29025,0.2808599597173242,0.2959660231268617,NEAR,NEAR,0.6,1,,,0.01,0
C1_n0.01_d000_r01,C1,202608,7.56,7.56,0.0,0.28850000000000003,0.2792503200390479,0.29178709735490826,NEAR,NEAR,0.6,1,,,0.01,0
C1_n0.01_d000_r01,C1,202608,7.58,7.58,0.0,0.28675,0.2890630328432609,0.29110608122699644,NEAR,NEAR,0.6,1,,,0.01,0
C1_n0.01_d000_r01,C1,202608,7.6,7.6,0.0,0.28500000000000003,0.29255545947913125,0.29146842579003013,NEAR,NEAR,0.6,1,,,0.01,0
C1_n0.01_d000_r01,C1,202608,7.62,7.62,0.0,0.28325,0.26598198949468005,0.2850968167161926,NEAR,NEAR,0.6,1,,,0.01,0
C1_n0.01_d000_r01,C1,202608,7.64,7.64,0.0,0.28150000000000003,0.2859789367500356,0.28531734672465336,NEAR,NEAR,0.6,1,,,0.01,0
C1_n0.01_d000_r01,C1,202608,7.66,7.66,0.0,0.27975,0.2846549774486421,0.28515175440565055,NEAR,NEAR,0.6,1,,,0.01,0
C1_n0.01_d000_r01,C1,202608,7.68,7.68,0.0,0.278,0.2626277105988711,0.27952074345395567,NEAR,NEAR,0.6,1,,,0.01,0
C1_n0.01_d000_r01,C1,202608,7.7,7.7,0.0,0.27625,0.28428861895807844,0.28071271232998635,NEAR,NEAR,0.6,1,,,0.01,0
C1_n0.01_d000_r01,C1,202608,7.72,7.72,0.0,0.2745,0.26866741016965695,0.27770138678990397,NEAR,NEAR,0.6,1,,,0.01,0
C1_n0.01_d000_r01,C1,202608,7.74,7.74,0.0,0.27275,0.28449010380975753,0.27939856604486735,NEAR,NEAR,0.6,1,,,0.01,0
C1_n0.01_d000_r01,C1,202608,7.76,7.76,0.0,0.271,0.28077245231361747,0.27974203761205485,NEAR,NEAR,0.6,1,,,0.01,0
C1_n0.01_d000_r01,C1,202608,7.78,7.78,0.0,0.26925,0.2507006029378786,0.2724816789435108,NEAR,NEAR,0.6,1,,,0.01,0
C1_n0.01_d000_r01,C1,202608,7.8,7.8,0.0,0.2675,0.27143301663690717,0.2722195133668599,NEAR,NEAR,0.6,1,,,0.01,0
C1_n0.01_d000_r01,C1,202608,7.82,7.82,0.0,0.26575,0.26492907582424885,0.27039690398120714,NEAR,NEAR,0.6,1,,,0.01,0
C1_n0.01_d000_r01,C1,202608,7.84,7.84,0.0,0.264,0.2746132175356626,0.271450982369821,NEAR,NEAR,0.6,1,,,0.01,0
C1_n0.01_d000_r01,C1,202608,7.86,7.86,0.0,0.26225,0.26266746729296875,0.26925510360060795,NEAR,NEAR,0.6,1,,,0.01,0
C1_n0.01_d000_r01,C1,202608,7.88,7.88,0.0,0.2605,0.25495708233764625,0.26568059828486756,NEAR,NEAR,0.6,1,,,0.01,0
C1_n0.01_d000_r01,C1,202608,7.9,7.9,0.0,0.25875,0.2568313812596269,0.2634682940285574,NEAR,NEAR,0.6,1,,,0.01,0
C1_n0.01_d000_r01,C1,202608,7.92,7.92,0.0,0.257,0.24826532552823485,0.2596675519034768,NEAR,NEAR,0.6,1,,,0.01,0
C1_n0.01_d000_r01,C1,202608,7.94,7.94,0.0,0.25525,0.26390114825202554,0.26072595099061396,NEAR,NEAR,0.6,1,,,0.01,0
C1_n0.01_d000_r01,C1,202608,7.96,7.96,0.0,0.2535,0.22218178574241954,0.25108990967856537,NEAR,NEAR,0.6,1,,,0.01,0
C1_n0.01_d000_r01,C1,202608,7.98,7.98,0.0,0.25175,0.2552485546380694,0.25212957091844135,NEAR,NEAR,0.6,1,,,0.01,0
C1_n0.01_d000_r01,C1,202608,8.0,8.0,0.0,0.25,0.25476019740334505,0.25278722753966726,NEAR,NEAR,0.6,1,,,0.01,0
C1_n0.01_d000_r01,C1,202608,8.02,8.02,0.0,0.2522533838368113,0.256803283360483,0.2537912414948712,NEAR,NEAR,0.6,1,,,0.01,0
C1_n0.01_d000_r01,C1,202608,8.04,8.04,0.0,0.25445562372365543,0.2698549741589222,0.25780717466088393,NEAR,NEAR,0.6,1,,,0.01,0
C1_n0.01_d000_r01,C1,202608,8.06,8.06,0.0,0.25655673649976407,0.2722913899107964,0.26142822847336206,NEAR,NEAR,0.6,1,,,0.01,0
C1_n0.01_d000_r01,C1,202608,8.08,8.08,0.0,0.25850903423690136,0.27276818595547786,0.264263217843891,NEAR,NEAR,0.6,1,,,0.01,0
C1_n0.01_d000_r01,C1,202608,8.1,8.1,0.0,0.2602682065889303,0.2508278408508882,0.2609043735956403,NEAR,NEAR,0.6,1,,,0.01,0
C1_n0.01_d000_r01,C1,202608,8.12,8.12,0.0,0.26179432648204926,0.2513944551644071,0.258526893987832,NEAR,NEAR,0.6,1,,,0.01,0
C1_n0.01_d000_r01,C1,202608,8.14,8.14,0.0,0.26305275632004294,0.27524090785574845,0.26270539745481114,NEAR,NEAR,0.6,1,,,0.01,0
C1_n0.01_d000_r01,C1,202608,8.16,8.16,0.0,0.2640149341368492,0.26907724738607,0.26429835993762585,NEAR,NEAR,0.6,1,,,0.01,0
C1_n0.01_d000_r01,C1,202608,8.18,8.18,0.0,0.2646590218535229,0.2684129489661749,0.2653270071947631,NEAR,NEAR,0.6,1,,,0.01,0
C1_n0.01_d000_r01,C1,202608,8.2,8.2,0.0,0.26497040092642404,0.27415130823632267,0.267533082455153,NEAR,NEAR,0.6,1,,,0.01,0
C1_n0.01_d000_r01,C1,202608,8.22,8.22,0.0,0.2649420041371476,0.26884227134904876,0.26786037967862697,NEAR,NEAR,0.6,1,,,0.01,0
C1_n0.01_d000_r01,C1,202608,8.24,8.24,0.0,0.2645744759937201,0.2550607020391083,0.2646604602687473,NEAR,NEAR,0.6,1,,,0.01,0
C1_n0.01_d000_r01,C1,202608,8.26,8.26,0.0,0.26387615810251686,0.2776709827070797,0.2679130908783304,NEAR,NEAR,0.6,1,,,0.01,0
C1_n0.01_d000_r01,C1,202608,8.28,8.28,0.0,0.26286289984290484,0.2591793304600908,0.2657296507737705,NEAR,NEAR,0.6,1,,,0.01,0
C1_n0.01_d000_r01,C1,202608,8.3,8.3,0.0,0.2615576986416368,0.24864417589524182,0.2614582820541383,NEAR,NEAR,0.6,1,,,0.01,0
C1_n0.01_d000_r01,C1,202608,8.32,8.32,0.0,0.25999017801151375,0.22679159418466613,0.25279161008677026,NEAR,NEAR,0.6,1,,,0.01,0
C1_n0.01_d000_r01,C1,202608,8.34,8.34,0.0,0.25819591520101404,0.2618706091951518,0.2550613598638657,NEAR,NEAR,0.6,1,,,0.01,0
C1_n0.01_d000_r01,C1,202608,8.36,8.36,0.0,0.2562156337148993,0.25143807509475347,0.25415553867158763,NEAR,NEAR,0.6,1,,,0.01,0
C1_n0.01_d000_r01,C1,202608,8.38,8.38,0.0,0.2540942790327598,0.2480565519534809,0.25263079199206095,NEAR,NEAR,0.6,1,,,0.01,0
C1_n0.01_d000_r01,C1,202608,8.4,8.4,0.0,0.25187999850346454,0.2518973556582139,0.25244743290859917,NEAR,NEAR,0.6,1,,,0.01,0
C1_n0.01_d000_r01,C1,202608,8.42,8.42,0.0,0.24962304856834994,0.24680606926134163,0.2510370919967848,NEAR,NEAR,0.6,1,,,0.01,0
C1_n0.01_d000_r01,C1,202608,8.44,8.44,0.0,0.2473746541153709,0.24354072817367128,0.24916300104100642,NEAR,NEAR,0.6,1,,,0.01,0
C1_n0.01_d000_r01,C1,202608,8.46,8.46,0.0,0.24518584585289177,0.23516561559950874,0.245663654680632,NEAR,NEAR,0.6,1,,,0.01,0
C1_n0.01_d000_r01,C1,202608,8.48,8.48,0.0,0.24310630209067763,0.25328894373784655,0.24756997694493565,NEAR,NEAR,0.6,1,,,0.01,0
C1_n0.01_d000_r01,C1,202608,8.5,8.5,0.0,0.24118322121561292,0.2517134091668041,0.2486058350004028,NEAR,NEAR,0.6,1,,,0.01,0
C1_n0.01_d000_r01,C1,202608,8.52,8.52,0.0,0.2394602504530173,0.2285851114924666,0.24360065412341875,NEAR,NEAR,0.6,1,,,0.01,0
C1_n0.01_d000_r01,C1,202608,8.54,8.54,0.0,0.23797649522693692,0.2142729372104825,0.23626872489518466,NEAR,NEAR,0.6,1,,,0.01,0
C1_n0.01_d000_r01,C1,202608,8.56,8.56,0.0,0.23676563160347566,0.2515902545726791,0.24009910731455825,NEAR,NEAR,0.6,1,,,0.01,0
C1_n0.01_d000_r01,C1,202608,8.58,8.58,0.0,0.23585514196160703,0.23686678975712652,0.23929102792520032,NEAR,NEAR,0.6,1,,,0.01,0
C1_n0.01_d000_r01,C1,202608,8.6,8.6,0.0,0.23526569123906968,0.22138386918705005,0.23481423824066278,NEAR,NEAR,0.6,1,,,0.01,0
C1_n0.01_d000_r01,C1,202608,8.62,8.62,0.0,0.23501065791039116,0.24367015425895439,0.23702821724523565,NEAR,NEAR,0.6,1,,,0.01,0
C1_n0.01_d000_r01,C1,202608,8.64,8.64,0.0,0.23509583034219989,0.24123157785790264,0.2380790573984024,NEAR,NEAR,0.6,1,,,0.01,0
C1_n0.01_d000_r01,C1,202608,8.66,8.66,0.0,0.2355192754175009,0.2417337770652053,0.23899273731510312,NEAR,NEAR,0.6,1,,,0.01,0
C1_n0.01_d000_r01,C1,202608,8.68,8.68,0.0,0.23627138241068624,0.24870844667919634,0.24142166465612644,NEAR,NEAR,0.6,1,,,0.01,0
C1_n0.01_d000_r01,C1,202608,8.7,8.7,0.0,0.23733508111746973,0.23194022999437777,0.23905130599068927,NEAR,NEAR,0.6,1,,,0.01,0
C1_n0.01_d000_r01,C1,202608,8.72,8.72,0.0,0.2386862292889585,0.24838139973518011,0.241383829426812,NEAR,NEAR,0.6,1,,,0.01,0
C1_n0.01_d000_r01,C1,202608,8.74,8.74,0.0,0.24029416057645836,0.23055491055164765,0.2386765997080209,NEAR,NEAR,0.6,1,,,0.01,0
C1_n0.01_d000_r01,C1,202608,8.76,8.76,0.0,0.24212238055058052,0.2472116694142639,0.24081036713458165,NEAR,NEAR,0.6,1,,,0.01,0
C1_n0.01_d000_r01,C1,202608,8.78,8.78,0.0,0.24412939499744188,0.2477423038457688,0.24254335131237845,NEAR,NEAR,0.6,1,,,0.01,0
C1_n0.01_d000_r01,C1,202608,8.8,8.8,0.0,0.24626965169252724,0.24159863635806172,0.24230717257379925,NEAR,NEAR,0.6,1,,,0.01,0
C1_n0.01_d000_r01,C1,202608,8.82,8.82,0.0,0.2484945742772318,0.2567395362810014,0.24591526350059978,NEAR,NEAR,0.6,1,,,0.01,0
C1_n0.01_d000_r01,C1,202608,8.84,8.84,0.0,0.2507536647726965,0.25114865172365325,0.24722361055636316,NEAR,NEAR,0.6,1,,,0.01,0
C1_n0.01_d000_r01,C1,202608,8.86,8.86,0.0,0.25299564970771604,0.23647408711529166,0.2445362296960953,NEAR,NEAR,0.6,1,,,0.01,0
C1_n0.01_d000_r01,C1,202608,8.88,8.88,0.0,0.2551696438476178,0.26113992122868035,0.24868715257924154,NEAR,NEAR,0.6,1,,,0.01,0
C1_n0.01_d000_r01,C1,202608,8.9,8.9,0.0,0.2572263051115258,0.24498194097587647,0.24776084967840026,NEAR,NEAR,0.6,1,,,0.01,0
C1_n0.01_d000_r01,C1,202608,8.92,8.92,0.0,0.25911895446541905,0.24498918901979644,0.2470679345137493,NEAR,NEAR,0.6,1,,,0.01,0
C1_n0.01_d000_r01,C1,202608,8.94,8.94,0.0,0.26080463537331855,0.2751197009193766,0.2540808761151561,NEAR,NEAR,0.6,1,,,0.01,0
C1_n0.01_d000_r01,C1,202608,8.96,8.96,0.0,0.2622450887607578,0.27641502313540234,0.2596644128702177,NEAR,NEAR,0.6,1,,,0.01,0
C1_n0.01_d000_r01,C1,202608,8.98,8.98,0.0,0.263407621362269,0.24831017728723398,0.2568258539744718,NEAR,NEAR,0.6,1,,,0.01,0
C1_n0.01_d000_r01,C1,202608,9.0,9.0,0.0,0.2642658477444273,0.28188671511914387,0.2630910692606398,NEAR,NEAR,0.6,1,,,0.01,0
C1_n0.01_d000_r01,C1,202608,9.02,9.02,0.0,0.264800289163118,0.2643077261352461,0.2633952334792914,NEAR,NEAR,0.6,1,,,0.01,0
C1_n0.01_d000_r01,C1,202608,9.04,9.04,0.0,0.2649988156630572,0.258391263784235,0.2621442410555273,NEAR,NEAR,0.6,1,,,0.01,0
C1_n0.01_d000_r01,C1,202608,9.06,9.06,0.0,0.26485692138544975,0.2582797231595462,0.26117811158153204,NEAR,NEAR,0.6,1,,,0.01,0
C1_n0.01_d000_r01,C1,202608,9.08,9.08,0.0,0.2643778268352606,0.24960990020413165,0.2582860587371819,NEAR,NEAR,0.6,1,,,0.01,0
C1_n0.01_d000_r01,C1,202608,9.1,9.1,0.0,0.2635724057869903,0.2458927284610017,0.25518772616813684,NEAR,NEAR,0.6,1,,,0.01,0
C1_n0.01_d000_r01,C1,202608,9.12,9.12,0.0,0.2624589384879372,0.25884597905926,0.2561022893909176,NEAR,NEAR,0.6,1,,,0.01,0
C1_n0.01_d000_r01,C1,202608,9.14,9.14,0.0,0.2610626967603726,0.2665725982693453,0.25871986661052454,NEAR,NEAR,0.6,1,,,0.01,0
C1_n0.01_d000_r01,C1,202608,9.16,9.16,0.0,0.25941537041936047,0.2646176045195199,0.26019430108777336,NEAR,NEAR,0.6,1,,,0.01,0
C1_n0.01_d000_r01,C1,202608,9.18,9.18,0.0,0.2575543480245365,0.2531232568428396,0.2584265400265399,NEAR,NEAR,0.6,1,,,0.01,0
C1_n0.01_d000_r01,C1,202608,9.2,9.2,0.0,0.25552186829027024,0.2673273145255722,0.26065173365129796,NEAR,NEAR,0.6,1,,,0.01,0
C1_n0.01_d000_r01,C1,202608,9.22,9.22,0.0,0.25336406141424067,0.2427718811557559,0.2561817705274125,NEAR,NEAR,0.6,1,,,0.01,0
C1_n0.01_d000_r01,C1,202608,9.24,9.24,0.0,0.25112990208291897,0.2611776660071902,0.2574307443973569,NEAR,NEAR,0.6,1,,,0.01,0
C1_n0.01_d000_r01,C1,202608,9.26,9.26,0.0,0.24887009791708103,0.24348170048023093,0.25394348341807543,NEAR,NEAR,0.6,1,,,0.01,0
C1_n0.01_d000_r01,C1,202608,9.28,9.28,0.0,0.24663593858575936,0.2628833349715876,0.2561784463064535,NEAR,NEAR,0.6,1,,,0.01,0
C1_n0.01_d000_r01,C1,202608,9.3,9.3,0.0,0.24447813170972976,0.23232601598614747,0.25021533872637697,NEAR,NEAR,0.6,1,,,0.01,0
C1_n0.01_d000_r01,C1,202608,9.32,9.32,0.0,0.24244565197546356,0.22944761329972296,0.24502340736971345,NEAR,NEAR,0.6,1,,,0.01,0
C1_n0.01_d000_r01,C1,202608,9.34,9.34,0.0,0.2405846295806395,0.22117547508179158,0.23906142429773297,NEAR,NEAR,0.6,1,,,0.01,0
C1_n0.01_d000_r01,C1,202608,9.36,9.36,0.0,0.23893730323962742,0.22806091000356846,0.23631129572419185,NEAR,NEAR,0.6,1,,,0.01,0
C1_n0.01_d000_r01,C1,202608,9.38,9.38,0.0,0.23754106151206275,0.23231182609723333,0.23531142831745222,NEAR,NEAR,0.6,1,,,0.01,0
C1_n0.01_d000_r01,C1,202608,9.4,9.4,0.0,0.23642759421300968,0.2435209051716372,0.23736379753099845,NEAR,NEAR,0.6,1,,,0.01,0
C1_n0.01_d000_r01,C1,202608,9.42,9.42,0.0,0.23562217316473935,0.2299303771558393,0.23550544243720867,NEAR,NEAR,0.6,1,,,0.01,0
C1_n0.01_d000_r01,C1,202608,9.44,9.44,0.0,0.23514307861455025,0.22060190800660306,0.23177955882955725,NEAR,NEAR,0.6,1,,,0.01,0
C1_n0.01_d000_r01,C1,202608,9.46,9.46,0.0,0.23500118433694275,0.2486803275631507,0.23600475101295562,NEAR,NEAR,0.6,1,,,0.01,0
C1_n0.01_d000_r01,C1,202608,9.48,9.48,0.0,0.235199710836882,0.24675081859401257,0.23869126790821987,NEAR,NEAR,0.6,1,,,0.01,0
C1_n0.01_d000_r01,C1,202608,9.5,9.5,0.0,0.2357341522555727,0.2281748749573312,0.2360621696704977,NEAR,NEAR,0.6,1,,,0.01,0
C1_n0.01_d000_r01,C1,202608,9.52,9.52,0.0,0.23659237863773103,0.23298925384399813,0.23529394071387283,NEAR,NEAR,0.6,1,,,0.01,0
C1_n0.01_d000_r01,C1,202608,9.54,9.54,0.0,0.2377549112392422,0.238970757049101,0.23621314479767988,NEAR,NEAR,0.6,1,,,0.01,0
C1_n0.01_d000_r01,C1,202608,9.56,9.56,0.0,0.23919536462668142,0.2366739408079759,0.2363283438002539,NEAR,NEAR,0.6,1,,,0.01,0
C1_n0.01_d000_r01,C1,202608,9.58,9.58,0.0,0.24088104553458092,0.24502403562370004,0.2385022667561154,NEAR,NEAR,0.6,1,,,0.01,0
C1_n0.01_d000_r01,C1,202608,9.6,9.6,0.0,0.24277369488847422,0.2437781363390534,0.23982123415184992,NEAR,NEAR,0.6,1,,,0.01,0
C1_n0.01_d000_r01,C1,202608,9.62,9.62,0.0,0.24483035615238213,0.24932730503964975,0.24219775187379985,NEAR,NEAR,0.6,1,,,0.01,0
C1_n0.01_d000_r01,C1,202608,9.64,9.64,0.0,0.24700435029228393,0.25453465368025885,0.2452819773254146,NEAR,NEAR,0.6,1,,,0.01,0
C1_n0.01_d000_r01,C1,202608,9.66,9.66,0.0,0.24924633522730347,0.25882781624198337,0.2486684370545568,NEAR,NEAR,0.6,1,,,0.01,0
C1_n0.01_d000_r01,C1,202608,9.68,9.68,0.0,0.2515054257227682,0.24820635621067538,0.24855291684358644,NEAR,NEAR,0.6,1,,,0.01,0
C1_n0.01_d000_r01,C1,202608,9.7,9.7,0.0,0.25373034830747276,0.2607461967993338,0.2516012368325233,NEAR,NEAR,0.6,1,,,0.01,0
C1_n0.01_d000_r01,C1,202608,9.72,9.72,0.0,0.2558706050025581,0.2656719789838462,0.255118922370354,NEAR,NEAR,0.6,1,,,0.01,0
C1_n0.01_d000_r01,C1,202608,9.74,9.74,0.0,0.25787761944941945,0.26335229412719624,0.25717726530956453,NEAR,NEAR,0.6,1,,,0.01,0
C1_n0.01_d000_r01,C1,202608,9.76,9.76,0.0,0.25970583942354164,0.2616742016504021,0.2583014993947739,NEAR,NEAR,0.6,1,,,0.01,0
C1_n0.01_d000_r01,C1,202608,9.78,9.78,0.0,0.2613137707110415,0.2528201905144217,0.25693117217468586,NEAR,NEAR,0.6,1,,,0.01,0
C1_n0.01_d000_r01,C1,202608,9.8,9.8,0.0,0.26266491888253024,0.2688674563340747,0.2599152432145331,NEAR,NEAR,0.6,1,,,0.01,0
C1_n0.01_d000_r01,C1,202608,9.82,9.82,0.0,0.26372861758931376,0.2560789968231472,0.2589561816166866,NEAR,NEAR,0.6,1,,,0.01,0
C1_n0.01_d000_r01,C1,202608,9.84,9.84,0.0,0.2644807245824991,0.27593815895311324,0.26320167595079325,NEAR,NEAR,0.6,1,,,0.01,0
C1_n0.01_d000_r01,C1,202608,9.86,9.86,0.0,0.2649041696578001,0.2556677582263037,0.26131819651967086,NEAR,NEAR,0.6,1,,,0.01,0
C1_n0.01_d000_r01,C1,202608,9.88,9.88,0.0,0.26498934208960884,0.26209517282759676,0.26151244059665235,NEAR,NEAR,0.6,1,,,0.01,0
C1_n0.01_d000_r01,C1,202608,9.9,9.9,0.0,0.26473430876093035,0.2635210199153392,0.26201458542632405,NEAR,NEAR,0.6,1,,,0.01,0
C1_n0.01_d000_r01,C1,202608,9.92,9.92,0.0,0.264144858038393,0.2553909335112045,0.2603586724475442,NEAR,NEAR,0.6,1,,,0.01,0
C1_n0.01_d000_r01,C1,202608,9.94,9.94,0.0,0.2632343683965243,0.2661396412561902,0.2618039146497057,NEAR,NEAR,0.6,1,,,0.01,0
C1_n0.01_d000_r01,C1,202608,9.96,9.96,0.0,0.2620235047730631,0.2524530086005238,0.2594661881374102,NEAR,NEAR,0.6,1,,,0.01,0
C1_n0.01_d000_r01,C1,202608,9.98,9.98,0.0,0.2605397495469827,0.25542464524170017,0.25845580241348265,NEAR,NEAR,0.6,1,,,0.01,0
C1_n0.01_d000_r01,C1,202608,10.0,10.0,0.0,0.2588167787843871,0.2587778076657124,0.2585363037265401,NEAR,NEAR,0.6,1,,,0.01,0
C1_n0.01_d000_r01,C1,202608,10.02,10.02,0.0,0.25689369790932237,0.2590818861530324,0.25867269933316317,NEAR,NEAR,0.6,1,,,0.01,0
C1_n0.01_d000_r01,C1,202608,10.04,10.04,0.0,0.25481415414710823,0.24274326805027124,0.2546903415124402,NEAR,NEAR,0.6,1,,,0.01,0
C1_n0.01_d000_r01,C1,202608,10.06,10.06,0.0,0.2526253458846291,0.2507959307884268,0.25371673883143686,NEAR,NEAR,0.6,1,,,0.01,0
C1_n0.01_d000_r01,C1,202608,10.08,10.08,0.0,0.25037695143165006,0.26057995410508533,0.255432542649849,NEAR,NEAR,0.6,1,,,0.01,0
C1_n0.01_d000_r01,C1,202608,10.1,10.1,0.0,0.24812000149653549,0.26237087603905535,0.2571671259971506,NEAR,NEAR,0.6,1,,,0.01,0
C1_n0.01_d000_r01,C1,202608,10.12,10.12,0.0,0.24590572096724023,0.2490599806976488,0.2551403396722751,NEAR,NEAR,0.6,1,,,0.01,0
C1_n0.01_d000_r01,C1,202608,10.14,10.14,0.0,0.24378436628510067,0.24754665000720258,0.253241917256007,NEAR,NEAR,0.6,1,,,0.01,0
C1_n0.01_d000_r01,C1,202608,10.16,10.16,0.0,0.24180408479898596,0.2391631738842575,0.2497222314130696,NEAR,NEAR,0.6,1,,,0.01,0
C1_n0.01_d000_r01,C1,202608,10.18,10.18,0.0,0.24000982198848625,0.25006454045325166,0.2498078086731151,NEAR,NEAR,0.6,1,,,0.01,0
C1_n0.01_d000_r01,C1,202608,10.2,10.2,0.0,0.23844230135836322,0.24885487943947174,0.24956957636470425,NEAR,NEAR,0.6,1,,,0.01,0
C1_n0.01_d000_r01,C1,202608,10.22,10.22,0.0,0.2371371001570952,0.23211398223296217,0.24520567783176875,NEAR,NEAR,0.6,1,,,0.01,0
C1_n0.01_d000_r01,C1,202608,10.24,10.24,0.0,0.23612384189748312,0.227478602130639,0.2407739089064863,NEAR,NEAR,0.6,1,,,0.01,0
C1_n0.01_d000_r01,C1,202608,10.26,10.26,0.0,0.2354255240062799,0.22423911314828665,0.2366402099669364,NEAR,NEAR,0.6,1,,,0.01,0
C1_n0.01_d000_r01,C1,202608,10.28,10.28,0.0,0.23505799586285242,0.2457151945257994,0.23890895610665214,NEAR,NEAR,0.6,1,,,0.01,0
C1_n0.01_d000_r01,C1,202608,10.3,10.3,0.0,0.23502959907357593,0.23919901517655573,0.23898147087412802,NEAR,NEAR,0.6,1,,,0.01,0
C1_n0.01_d000_r01,C1,202608,10.32,10.32,0.0,0.23534097814647711,0.23072575621005725,0.23691754220811034,NEAR,NEAR,0.6,1,,,0.01,0
C1_n0.01_d000_r01,C1,202608,10.34,10.34,0.0,0.23598506586315082,0.23578253811221922,0.23663379118413758,NEAR,NEAR,0.6,1,,,0.01,0
C1_n0.01_d000_r01,C1,202608,10.36,10.36,0.0,0.23694724367995706,0.23065079294877885,0.2351380416252979,NEAR,NEAR,0.6,1,,,0.01,0
C1_n0.01_d000_r01,C1,202608,10.38,10.38,0.0,0.23820567351795077,0.23809559731959584,0.23587743054887236,NEAR,NEAR,0.6,1,,,0.01,0
C1_n0.01_d000_r01,C1,202608,10.4,10.4,0.0,0.2397317934110697,0.24630246741563416,0.23848368976556283,NEAR,NEAR,0.6,1,,,0.01,0
C1_n0.01_d000_r01,C1,202608,10.42,10.42,0.0,0.24149096576309861,0.24648172092230408,0.24048319755474812,NEAR,NEAR,0.6,1,,,0.01,0
C1_n0.01_d000_r01,C1,202608,10.44,10.44,0.0,0.24344326350023596,0.2377100256228814,0.23978990457178145,NEAR,NEAR,0.6,1,,,0.01,0
C1_n0.01_d000_r01,C1,202608,10.46,10.46,0.0,0.2455443762763446,0.24240900970707427,0.24044468085560464,NEAR,NEAR,0.6,1,,,0.01,0
C1_n0.01_d000_r01,C1,202608,10.48,10.48,0.0,0.24774661616318866,0.23064686426039566,0.2379952267068024,NEAR,NEAR,0.6,1,,,0.01,0
C1_n0.01_d000_r01,C1,202608,10.5,10.5,0.0,0.25,0.24983744054029863,0.24095578016517646,NEAR,NEAR,0.6,1,,,0.01,0
C1_n0.01_d000_r01,C1,202608,10.52,10.52,0.0,0.2522533838368113,0.2499380908079355,0.24320135782586622,NEAR,NEAR,0.6,1,,,0.01,0
C1_n0.01_d000_r01,C1,202608,10.54,10.54,0.0,0.2544556237236554,0.25668742119962173,0.24657287366930508,NEAR,NEAR,0.6,1,,,0.01,0
C1_n0.01_d000_r01,C1,202608,10.56,10.56,0.0,0.256556736499764,0.24969696101240887,0.24735389550508102,NEAR,NEAR,0.6,1,,,0.01,0
C1_n0.01_d000_r01,C1,202608,10.58,10.58,0.0,0.25850903423690136,0.26494985988981473,0.25175288660126444,NEAR,NEAR,0.6,1,,,0.01,0
C1_n0.01_d000_r01,C1,202608,10.6,10.6,0.0,0.2602682065889303,0.24744406819494746,0.2506756819996852,NEAR,NEAR,0.6,1,,,0.01,0
C1_n0.01_d000_r01,C1,202608,10.62,10.62,0.0,0.2617943264820492,0.27326541430841134,0.2563231150768668,NEAR,NEAR,0.6,1,,,0.01,0
C1_n0.01_d000_r01,C1,202608,10.64,10.64,0.0,0.26305275632004294,0.25714734170790604,0.2565291717346266,NEAR,NEAR,0.6,1,,,0.01,0
C1_n0.01_d000_r01,C1,202608,10.66,10.66,0.0,0.2640149341368492,0.2593843107081163,0.257242956477999,NEAR,NEAR,0.6,1,,,0.01,0
C1_n0.01_d000_r01,C1,202608,10.68,10.68,0.0,0.2646590218535229,0.25809875105207897,0.257456905121519,NEAR,NEAR,0.6,1,,,0.01,0
C1_n0.01_d000_r01,C1,202608,10.7,10.7,0.0,0.26497040092642404,0.2803998868332532,0.2631926505494525,NEAR,NEAR,0.6,1,,,0.01,0
C1_n0.01_d000_r01,C1,202608,10.72,10.72,0.0,0.2649420041371476,0.2773350931413641,0.2667282611974304,NEAR,NEAR,0.6,1,,,0.01,0
C1_n0.01_d000_r01,C1,202608,10.74,10.74,0.0,0.2645744759937201,0.262596854979677,0.2656954096429921,NEAR,NEAR,0.6,1,,,0.01,0
C1_n0.01_d000_r01,C1,202608,10.76,10.76,0.0,0.26387615810251686,0.2500218171950225,0.2617770115309997,NEAR,NEAR,0.6,1,,,0.01,0
C1_n0.01_d000_r01,C1,202608,10.78,10.78,0.0,0.26286289984290484,0.25240641974281636,0.2594343635839539,NEAR,NEAR,0.6,1,,,0.01,0
C1_n0.01_d000_r01,C1,202608,10.8,10.8,0.0,0.2615576986416368,0.257826296717069,0.25903234686723264,NEAR,NEAR,0.6,1,,,0.01,0
C1_n0.01_d000_r01,C1,202608,10.82,10.82,0.0,0.25999017801151375,0.24118066083265094,0.25456942535858723,NEAR,NEAR,0.6,1,,,0.01,0
C1_n0.01_d000_r01,C1,202608,10.84,10.84,0.0,0.25819591520101404,0.27008406578134564,0.25844808546427683,NEAR,NEAR,0.6,1,,,0.01,0
C1_n0.01_d000_r01,C1,202608,10.86,10.86,0.0,0.25621563371489936,0.25898072786835313,0.2585812460652959,NEAR,NEAR,0.6,1,,,0.01,0
C1_n0.01_d000_r01,C1,202608,10.88,10.88,0.0,0.2540942790327598,0.2622406482533448,0.25949609661230816,NEAR,NEAR,0.6,1,,,0.01,0
C1_n0.01_d000_r01,C1,202608,10.9,10.9,0.0,0.2518799985034645,0.2555377685024412,0.2585065145848414,NEAR,NEAR,0.6,1,,,0.01,0
C1_n0.01_d000_r01,C1,202608,10.92,10.92,0.0,0.24962304856834996,0.26507989086538886,0.2601498586549783,NEAR,NEAR,0.6,1,,,0.01,0
C1_n0.01_d000_r01,C1,202608,10.94,10.94,0.0,0.24737465411537093,0.24965700920128994,0.2575266462915562,NEAR,NEAR,0.6,1,,,0.01,0
C1_n0.01_d000_r01,C1,202608,10.96,10.96,0.0,0.24518584585289174,0.23111290545260857,0.2509232110818193,NEAR,NEAR,0.6,1,,,0.01,0
C1_n0.01_d000_r01,C1,202608,10.98,10.98,0.0,0.24310630209067766,0.23060107528488405,0.24584267713258548,NEAR,NEAR,0.6,1,,,0.01,0
C1_n0.01_d000_r01,C1,202608,11.0,11.0,0.0,0.24118322121561292,0.2414481356859926,0.24474404177093728,NEAR,NEAR,0.6,1,,,0.01,0
C1_n0.01_d000_r01,C1,202608,11.02,11.02,0.0,0.2394602504530173,0.23602717783297927,0.24256482578644778,NEAR,NEAR,0.6,1,,,0.01,0
C1_n0.01_d000_r01,C1,202608,11.04,11.04,0.0,0.23797649522693692,0.24110385055686775,0.24219958197905278,NEAR,NEAR,0.6,1,,,0.01,0
C1_n0.01_d000_r01,C1,202608,11.06,11.06,0.0,0.2367656316034757,0.24241480809357915,0.24225338850768438,NEAR,NEAR,0.6,1,,,0.01,0
C1_n0.01_d000_r01,C1,202608,11.08,11.08,0.0,0.23585514196160703,0.2286551218774386,0.23885382185012294,NEAR,NEAR,0.6,1,,,0.01,0
C1_n0.01_d000_r01,C1,202608,11.1,11.1,0.0,0.23526569123906968,0.23696459879458312,0.23838151608623798,NEAR,NEAR,0.6,1,,,0.01,0
C1_n0.01_d000_r01,C1,202608,11.12,11.12,0.0,0.23501065791039116,0.24320918554313753,0.23958843345046288,NEAR,NEAR,0.6,1,,,0.01,0
C1_n0.01_d000_r01,C1,202608,11.14,11.14,0.0,0.23509583034219989,0.24983955297080312,0.24215121333054795,NEAR,NEAR,0.6,1,,,0.01,0
C1_n0.01_d000_r01,C1,202608,11.16,11.16,0.0,0.2355192754175009,0.2185551150191395,0.23625218875269585,NEAR,NEAR,0.6,1,,,0.01,0
C1_n0.01_d000_r01,C1,202608,11.18,11.18,0.0,0.2362713824106862,0.22548928155488573,0.23356146195324334,NEAR,NEAR,0.6,1,,,0.01,0
C1_n0.01_d000_r01,C1,202608,11.2,11.2,0.0,0.23733508111746973,0.241344946183608,0.2355073330108345,NEAR,NEAR,0.6,1,,,0.01,0
C1_n0.01_d000_r01,C1,202608,11.22,11.22,0.0,0.23868622928895847,0.2351244451412708,0.2354116110434436,NEAR,NEAR,0.6,1,,,0.01,0
C1_n0.01_d000_r01,C1,202608,11.24,11.24,0.0,0.24029416057645833,0.23554782274907796,0.23544566396985217,NEAR,NEAR,0.6,1,,,0.01,0
C1_n0.01_d000_r01,C1,202608,11.26,11.26,0.0,0.24212238055058055,0.2478472351801336,0.23854605677242255,NEAR,NEAR,0.6,1,,,0.01,0
C1_n0.01_d000_r01,C1,202608,11.28,11.28,0.0,0.2441293949974419,0.23509615277518262,0.23768358077311255,NEAR,NEAR,0.6,1,,,0.01,0
C1_n0.01_d000_r01,C1,202608,11.3,11.3,0.0,0.24626965169252724,0.26469094034905444,0.244435420667098,NEAR,NEAR,0.6,1,,,0.01,0
C1_n0.01_d000_r01,C1,202608,11.32,11.32,0.0,0.2484945742772318,0.2263476350039896,0.2399134742513209,NEAR,NEAR,0.6,1,,,0.01,0
C1_n0.01_d000_r01,C1,202608,11.34,11.34,0.0,0.25075366477269656,0.2760082269256683,0.24893716241990774,NEAR,NEAR,0.6,1,,,0.01,0
C1_n0.01_d000_r01,C1,202608,11.36,11.36,0.0,0.252995649707716,0.2635744524519804,0.2525964849279259,NEAR,NEAR,0.6,1,,,0.01,0
C1_n0.01_d000_r01,C1,202608,11.38,11.38,0.0,0.2551696438476178,0.24606834393215882,0.2509644496789841,NEAR,NEAR,0.6,1,,,0.01,0
C1_n0.01_d000_r01,C1,202608,11.4,11.4,0.0,0.2572263051115258,0.25265681843035015,0.25138754186682566,NEAR,NEAR,0.6,1,,,0.01,0
C1_n0.01_d000_r01,C1,202608,11.42,11.42,0.0,0.25911895446541905,0.2548197248833417,0.25224558762095467,NEAR,NEAR,0.6,1,,,0.01,0
C1_n0.01_d000_r01,C1,202608,11.44,11.44,0.0,0.26080463537331855,0.26178461022744903,0.2546303432725783,NEAR,NEAR,0.6,1,,,0.01,0
C1_n0.01_d000_r01,C1,202608,11.46,11.46,0.0,0.2622450887607578,0.2749487452025176,0.2597099437550631,NEAR,NEAR,0.6,1,,,0.01,0
C1_n0.01_d000_r01,C1,202608,11.48,11.48,0.0,0.263407621362269,0.26246446313909666,0.2603985736010715,NEAR,NEAR,0.6,1,,,0.01,0
C1_n0.01_d000_r01,C1,202608,11.5,11.5,0.0,0.2642658477444273,0.2574684478357675,0.25966604215974554,NEAR,NEAR,0.6,1,,,0.01,0
C1_n0.01_d000_r01,C1,202608,11.52,11.52,0.0,0.264800289163118,0.266907518713025,0.2614764112980654,NEAR,NEAR,0.6,1,,,0.01,0
C1_n0.01_d000_r01,C1,202608,11.54,11.54,0.0,0.2649988156630572,0.2606114449604805,0.26126016971366917,NEAR,NEAR,0.6,1,,,0.01,0
C1_n0.01_d000_r01,C1,202608,11.56,11.56,0.0,0.26485692138544975,0.24594456040827567,0.2574312673873208,NEAR,NEAR,0.6,1,,,0.01,0
C1_n0.01_d000_r01,C1,202608,11.58,11.58,0.0,0.2643778268352606,0.2720319249524987,0.2610814317786153,NEAR,NEAR,0.6,1,,,0.01,0
C1_n0.01_d000_r01,C1,202608,11.6,11.6,0.0,0.2635724057869903,0.2734735842873012,0.2641794699057868,NEAR,NEAR,0.6,1,,,0.01,0
C1_n0.01_d000_r01,C1,202608,11.62,11.62,0.0,0.2624589384879373,0.2673197780815463,0.26496454694972665,NEAR,NEAR,0.6,1,,,0.01,0
C1_n0.01_d000_r01,C1,202608,11.64,11.64,0.0,0.2610626967603726,0.26631129954097166,0.2653012350975379,NEAR,NEAR,0.6,1,,,0.01,0
C1_n0.01_d000_r01,C1,202608,11.66,11.66,0.0,0.2594153704193605,0.24942033390475196,0.26133100979934143,NEAR,NEAR,0.6,1,,,0.01,0
C1_n0.01_d000_r01,C1,202608,11.68,11.68,0.0,0.2575543480245365,0.25777786738249375,0.2604427241951295,NEAR,NEAR,0.6,1,,,0.01,0
C1_n0.01_d000_r01,C1,202608,11.7,11.7,0.0,0.25552186829027024,0.24238194441517913,0.2559275292501419,NEAR,NEAR,0.6,1,,,0.01,0
C1_n0.01_d000_r01,C1,202608,11.72,11.72,0.0,0.25336406141424067,0.24167062963362512,0.2523633043460127,NEAR,NEAR,0.6,1,,,0.01,0
C1_n0.01_d000_r01,C1,202608,11.74,11.74,0.0,0.25112990208291897,0.26804663015360997,0.256284135797912,NEAR,NEAR,0.6,1,,,0.01,0
C1_n0.01_d000_r01,C1,202608,11.76,11.76,0.0,0.24887009791708103,0.26352896443641294,0.2580953429575372,NEAR,NEAR,0.6,1,,,0.01,0
C1_n0.01_d000_r01,C1,202608,11.78,11.78,0.0,0.24663593858575936,0.24609933610640863,0.25509634124475505,NEAR,NEAR,0.6,1,,,0.01,0
C1_n0.01_d000_r01,C1,202608,11.8,11.8,0.0,0.2444781317097298,0.2307468679455906,0.24900897291996393,NEAR,NEAR,0.6,1,,,0.01,0
C1_n0.01_d000_r01,C1,202608,11.82,11.82,0.0,0.24244565197546356,0.23245375991781125,0.24487016966942576,NEAR,NEAR,0.6,1,,,0.01,0
C1_n0.01_d000_r01,C1,202608,11.84,11.84,0.0,0.2405846295806395,0.23238802560772082,0.24174963365399954,NEAR,NEAR,0.6,1,,,0.01,0
C1_n0.01_d000_r01,C1,202608,11.86,11.86,0.0,0.23893730323962745,0.22700478262795565,0.23806342089748858,NEAR,NEAR,0.6,1,,,0.01,0
C1_n0.01_d000_r01,C1,202608,11.88,11.88,0.0,0.23754106151206278,0.23971975044275634,0.23847750328380551,NEAR,NEAR,0.6,1,,,0.01,0
C1_n0.01_d000_r01,C1,202608,11.9,11.9,0.0,0.23642759421300968,0.23757249178550777,0.23825125040923106,NEAR,NEAR,0.6,1,,,0.01,0
C1_n0.01_d000_r01,C1,202608,11.92,11.92,0.0,0.23562217316473938,0.24167185324594553,0.23910640111840967,NEAR,NEAR,0.6,1,,,0.01,0
C1_n0.01_d000_r01,C1,202608,11.94,11.94,0.0,0.23514307861455025,0.21396882936809916,0.23282200818083204,NEAR,NEAR,0.6,1,,,0.01,0
C1_n0.01_d000_r01,C1,202608,11.96,11.96,0.0,0.23500118433694275,0.21608579145356582,0.2286379539990155,NEAR,NEAR,0.6,1,,,0.01,0
C1_n0.01_d000_r01,C1,202608,11.98,11.98,0.0,0.235199710836882,0.23356878844491785,0.22987066261049105,NEAR,NEAR,0.6,1,,,0.01,0
C1_n0.01_d000_r01,C1,202608,12.0,12.0,0.0,0.25,0.24627699521348367,0.2339722457612392,NEAR,NEAR,0.6,1,,,0.01,0
C1_n0.01_d000_r01,C1,202608,12.02,12.02,0.0,0.25175,0.25679625788777205,0.23967824879287242,NEAR,NEAR,0.6,1,,,0.01,0
C1_n0.01_d000_r01,C1,202608,12.04,12.04,0.0,0.25349999999999995,0.2542775464162597,0.24332807319871924,NEAR,NEAR,0.6,1,,,0.01,0
C1_n0.01_d000_r01,C1,202608,12.06,12.06,0.0,0.25525000000000003,0.2573745178009608,0.2468396843492796,NEAR,NEAR,0.6,1,,,0.01,0
C1_n0.01_d000_r01,C1,202608,12.08,12.08,0.0,0.257,0.25823479856040277,0.2496884629020604,NEAR,NEAR,0.6,1,,,0.01,0
C1_n0.01_d000_r01,C1,202608,12.1,12.1,0.0,0.25875,0.2516660376311659,0.2501828565843368,NEAR,NEAR,0.6,1,,,0.01,0
C1_n0.01_d000_r01,C1,202608,12.12,12.12,0.0,0.26049999999999995,0.26653251853633425,0.25427027207233616,NEAR,NEAR,0.6,1,,,0.01,0
C1_n0.01_d000_r01,C1,202608,12.14,12.14,0.0,0.26225000000000004,0.2495957327178403,0.25310163723371215,NEAR,NEAR,0.6,1,,,0.01,0
C1_n0.01_d000_r01,C1,202608,12.16,12.16,0.0,0.264,0.2788504973873478,0.25953885227212103,NEAR,NEAR,0.6,1,,,0.01,0
C1_n0.01_d000_r01,C1,202608,12.18,12.18,0.0,0.26575,0.27634126661224473,0.26373945585715197,NEAR,NEAR,0.6,1,,,0.01,0
C1_n0.01_d000_r01,C1,202608,12.2,12.2,0.0,0.26749999999999996,0.2679760917941676,0.2647986148414059,NEAR,NEAR,0.6,1,,,0.01,0
C1_n0.01_d000_r01,C1,202608,12.22,12.22,0.0,0.26925000000000004,0.2695901752153182,0.26599650493488397,NEAR,NEAR,0.6,1,,,0.01,0
C1_n0.01_d000_r01,C1,202608,12.24,12.24,0.0,0.271,0.2751884780902871,0.26829449822373475,NEAR,NEAR,0.6,1,,,0.01,0
C1_n0.01_d000_r01,C1,202608,12.26,12.26,0.0,0.27275,0.25953494321492326,0.26610460947153186,NEAR,NEAR,0.6,1,,,0.01,0
C1_n0.01_d000_r01,C1,202608,12.28,12.28,0.0,0.27449999999999997,0.2738529111205085,0.26804168488377605,NEAR,NEAR,0.6,1,,,0.01,0
C1_n0.01_d000_r01,C1,202608,12.3,12.3,0.0,0.27625000000000005,0.2819988911648364,0.2715309864540411,NEAR,NEAR,0.6,1,,,0.01,0
C1_n0.01_d000_r01,C1,202608,12.32,12.32,0.0,0.278,0.2740099312274456,0.2721507226473922,NEAR,NEAR,0.6,1,,,0.01,0
C1_n0.01_d000_r01,C1,202608,12.34,12.34,0.0,0.27975,0.2659621155644175,0.27060357087664855,NEAR,NEAR,0.6,1,,,0.01,0
C1_n0.01_d000_r01,C1,202608,12.36,12.36,0.0,0.2815,0.2787686596438557,0.2726448430684503,NEAR,NEAR,0.6,1,,,0.01,0
C1_n0.01_d000_r01,C1,202608,12.38,12.38,0.0,0.28325000000000006,0.2873006256542556,0.27630878871490167,NEAR,NEAR,0.6,1,,,0.01,0
C1_n0.01_d000_r01,C1,202608,12.4,12.4,0.0,0.28500000000000003,0.27311934483309247,0.27551142774444937,NEAR,NEAR,0.6,1,,,0.01,0
C1_n0.01_d000_r01,C1,202608,12.42,12.42,0.0,0.28675,0.2848798028789313,0.27785352152806986,NEAR,NEAR,0.6,1,,,0.01,0
C1_n0.01_d000_r01,C1,202608,12.44,12.44,0.0,0.2885,0.2917732218384043,0.28133344660565346,NEAR,NEAR,0.6,1,,,0.01,0
C1_n0.01_d000_r01,C1,202608,12.46,12.46,0.0,0.29025000000000006,0.2944966999263129,0.2846242599358183,NEAR,NEAR,0.6,1,,,0.01,0
C1_n0.01_d000_r01,C1,202608,12.48,12.48,0.0,0.29200000000000004,0.2843695838932039,0.2845605909251647,NEAR,NEAR,0.6,1,,,0.01,0
C1_n0.01_d000_r01,C1,202608,12.5,12.5,0.0,0.29375,0.28405587909935726,0.28443441296871286,NEAR,NEAR,0.6,1,,,0.01,0
C1_n0.01_d000_r01,C1,202608,12.52,12.52,0.0,0.2955,0.28478132878711926,0.28452114192331446,NEAR,NEAR,0.6,1,,,0.01,0
C1_n0.01_d000_r01,C1,202608,12.54,12.54,0.0,0.2972499999999999,0.3037012609490306,0.2893161716797435,NEAR,NEAR,0.6,1,,,0.01,0
C1_n0.01_d000_r01,C1,202608,12.56,12.56,0.0,0.29900000000000004,0.3136278162231158,0.2953940828155866,NEAR,NEAR,0.6,1,,,0.01,0
C1_n0.01_d000_r01,C1,202608,12.58,12.58,0.0,0.30075,0.30122443166785906,0.29685167002865476,NEAR,NEAR,0.6,1,,,0.01,0
C1_n0.01_d000_r01,C1,202608,12.6,12.6,0.0,0.3025,0.3009220081133047,0.2978692545498173,NEAR,NEAR,0.6,1,,,0.01,0
C1_n0.01_d000_r01,C1,202608,12.62,12.62,0.0,0.3042499999999999,0.30959174350192264,0.3007998767878436,NEAR,NEAR,0.6,1,,,0.01,0
C1_n0.01_d000_r01,C1,202608,12.64,12.64,0.0,0.30600000000000005,0.32493073969733305,0.30683259251521594,NEAR,NEAR,0.6,1,,,0.01,0
C1_n0.01_d000_r01,C1,202608,12.66,12.66,0.0,0.30775,0.3202539768646094,0.3101879386025643,NEAR,NEAR,0.6,1,,,0.01,0
C1_n0.01_d000_r01,C1,202608,12.68,12.68,0.0,0.3095,0.3200920292955059,0.31266396127579965,NEAR,NEAR,0.6,1,,,0.01,0
C1_n0.01_d000_r01,C1,202608,12.7,12.7,0.0,0.3112499999999999,0.32175227198633,0.31493603895343225,NEAR,NEAR,0.6,1,,,0.01,0
C1_n0.01_d000_r01,C1,202608,12.72,12.72,0.0,0.31300000000000006,0.3133265321853596,0.3145336622614141,NEAR,NEAR,0.6,1,,,0.01,0
C1_n0.01_d000_r01,C1,202608,12.74,12.74,0.0,0.31475000000000003,0.3038075804293935,0.3118521418034089,NEAR,NEAR,0.6,1,,,0.01,0
C1_n0.01_d000_r01,C1,202608,12.76,12.76,0.0,0.3165,0.3075624001453986,0.31077970638890634,NEAR,NEAR,0.6,1,,,0.01,0
C1_n0.01_d000_r01,C1,202608,12.78,12.78,0.0,0.3182499999999999,0.3192701236368101,0.31290231070088226,NEAR,NEAR,0.6,1,,,0.01,0
C1_n0.01_d000_r01,C1,202608,12.8,12.8,0.0,0.32000000000000006,0.31950288651456343,0.31455245465430254,NEAR,NEAR,0.6,1,,,0.01,0
C1_n0.01_d000_r01,C1,202608,12.82,12.82,0.0,0.32175000000000004,0.30093871066397365,0.3111490186567203,NEAR,NEAR,0.6,1,,,0.01,0
C1_n0.01_d000_r01,C1,202608,12.84,12.84,0.0,0.3235,0.3241862545763292,0.3144083276366225,NEAR,NEAR,0.6,1,,,0.01,0
C1_n0.01_d000_r01,C1,202608,12.86,12.86,0.0,0.32524999999999993,0.32241257490925057,0.31640938945477953,NEAR,NEAR,0.6,1,,,0.01,0
C1_n0.01_d000_r01,C1,202608,12.88,12.88,0.0,0.32700000000000007,0.31178017107175593,0.3152520848590237,NEAR,NEAR,0.6,1,,,0.01,0
C1_n0.01_d000_r01,C1,202608,12.9,12.9,0.0,0.32875000000000004,0.3189159904637742,0.3161680612602113,NEAR,NEAR,0.6,1,,,0.01,0
C1_n0.01_d000_r01,C1,202608,12.92,12.92,0.0,0.3305,0.32198038403719376,0.3176211419544569,NEAR,NEAR,0.6,1,,,0.01,0
C1_n0.01_d000_r01,C1,202608,12.94,12.94,0.0,0.33224999999999993,0.3408687013971171,0.32343303181512195,NEAR,NEAR,0.6,1,,,0.01,0
C1_n0.01_d000_r01,C1,202608,12.96,12.96,0.0,0.3340000000000001,0.33797336232901976,0.3270681144435964,NEAR,NEAR,0.6,1,,,0.01,0
C1_n0.01_d000_r01,C1,202608,12.98,12.98,0.0,0.33575000000000005,0.3414785500194923,0.33067072333757036,NEAR,NEAR,0.6,1,,,0.01,0
C1_n0.01_d000_r01,C1,202608,13.0,13.0,0.0,0.3375,0.31388954767507715,0.32647542942194707,NEAR,NEAR,0.6,1,,,0.01,0
C1_n0.01_d000_r01,C1,202608,13.02,13.02,0.0,0.33924999999999994,0.3313994385206723,0.3277064316966284,NEAR,NEAR,0.6,1,,,0.01,0
C1_n0.01_d000_r01,C1,202608,13.04,13.04,0.0,0.3409999999999999,0.33585152046709044,0.32974270388924387,NEAR,NEAR,0.6,1,,,0.01,0
C1_n0.01_d000_r01,C1,202608,13.06,13.06,0.0,0.34275000000000005,0.3523650161126051,0.3353982819450842,NEAR,FAR,0.0,1,EXIT_NEAR,,0.01,0
C1_n0.01_d000_r01,C1,202608,13.08,13.08,0.0,0.34450000000000003,0.3288224057240575,0.3337543128898275,NEAR,NEAR,0.6,1,ENTER_NEAR,,0.01,0
C1_n0.01_d000_r01,C1,202608,13.1,13.1,0.0,0.34624999999999995,0.3372143277429314,0.33461931660310346,NEAR,NEAR,0.6,1,,,0.01,0
C1_n0.01_d000_r01,C1,202608,13.12,13.12,0.0,0.3479999999999999,0.3504240468905513,0.3385704991749654,NEAR,FAR,0.0,1,EXIT_NEAR,,0.01,0
C1_n0.01_d000_r01,C1,202608,13.14,13.14,0.0,0.34975000000000006,0.3445094485893258,0.3400552365285555,NEAR,NEAR,0.6,1,ENTER_NEAR,,0.01,0
C1_n0.01_d000_r01,C1,202608,13.16,13.16,0.0,0.35150000000000003,0.35651223099465434,0.3441694851450803,FAR,FAR,0.0,1,EXIT_NEAR,,0.01,0
C1_n0.01_d000_r01,C1,202608,13.18,13.18,0.0,0.35324999999999995,0.36478658921278945,0.3493237611620076,FAR,FAR,0.0,1,,,0.01,0
C1_n0.01_d000_r01,C1,202608,13.2,13.2,0.0,0.3549999999999999,0.36053033752787067,0.35212540525347336,FAR,FAR,0.0,1,,,0.01,0
C1_n0.01_d000_r01,C1,202608,13.22,13.22,0.0,0.35675000000000007,0.3535334176521171,0.35247740835313424,FAR,FAR,0.0,1,,,0.01,0
C1_n0.01_d000_r01,C1,202608,13.24,13.24,0.0,0.35850000000000004,0.3675013598303757,0.35623339622244454,FAR,FAR,0.0,1,,,0.01,0
C1_n0.01_d000_r01,C1,202608,13.26,13.26,0.0,0.36024999999999996,0.3415742193430217,0.35256860200258877,FAR,NEAR,0.6,1,ENTER_NEAR,,0.01,0
C1_n0.01_d000_r01,C1,202608,13.28,13.28,0.0,0.36199999999999993,0.36493531987118344,0.3556602814697374,FAR,FAR,0.0,1,EXIT_NEAR,,0.01,0
C1_n0.01_d000_r01,C1,202608,13.3,13.3,0.0,0.3637500000000001,0.3623309460661431,0.3573279476188388,FAR,FAR,0.0,1,,,0.01,0
C1_n0.01_d000_r01,C1,202608,13.32,13.32,0.0,0.36550000000000005,0.3647904448794089,0.3591935719339814,FAR,FAR,0.0,1,,,0.01,0
C1_n0.01_d000_r01,C1,202608,13.34,13.34,0.0,0.36724999999999997,0.37679088188320764,0.3635928994212879,FAR,FAR,0.0,1,,,0.01,0
C1_n0.01_d000_r01,C1,202608,13.36,13.36,0.0,0.36899999999999994,0.36605994537776515,0.36420966091040724,FAR,FAR,0.0,1,,,0.01,0
C1_n0.01_d000_r01,C1,202608,13.38,13.38,0.0,0.3707500000000001,0.3823427442493828,0.3687429317451511,FAR,FAR,0.0,1,,,0.01,0
C1_n0.01_d000_r01,C1,202608,13.4,13.4,0.0,0.37250000000000005,0.36671009912547453,0.36823472359023196,FAR,FAR,0.0,1,,,0.01,0
C1_n0.01_d000_r01,C1,202608,13.42,13.42,0.0,0.37424999999999997,0.37362384474398547,0.36958200387867035,FAR,FAR,0.0,1,,,0.01,0
C1_n0.01_d000_r01,C1,202608,13.44,13.44,0.0,0.37599999999999995,0.37360721813298986,0.37058830744225024,FAR,FAR,0.0,1,,,0.01,0
C1_n0.01_d000_r01,C1,202608,13.46,13.46,0.0,0.37775000000000003,0.3823174139160203,0.3735205840606928,FAR,FAR,0.0,1,,,0.01,0
C1_n0.01_d000_r01,C1,202608,13.48,13.48,0.0,0.37950000000000006,0.3842740752747117,0.37620895686419753,FAR,FAR,0.0,1,,,0.01,0
C1_n0.01_d000_r01,C1,202608,13.5,13.5,0.0,0.38125,0.38268778365451767,0.3778286635617776,FAR,FAR,0.0,1,,,0.01,0
C1_n0.01_d000_r01,C1,202608,13.52,13.52,0.0,0.38299999999999995,0.39443418973881816,0.3819800451060377,FAR,FAR,0.0,1,,,0.01,0
C1_n0.01_d000_r01,C1,202608,13.54,13.54,0.0,0.3847499999999999,0.36767620558704295,0.378404085226289,FAR,FAR,0.0,1,,,0.01,0
C1_n0.01_d000_r01,C1,202608,13.56,13.56,0.0,0.38650000000000007,0.3963263688288864,0.38288465612693834,FAR,FAR,0.0,1,,,0.01,0
C1_n0.01_d000_r01,C1,202608,13.58,13.58,0.0,0.38825,0.41089065173020733,0.3898861550277556,FAR,FAR,0.0,1,,,0.01,0
C1_n0.01_d000_r01,C1,202608,13.6,13.6,0.0,0.38999999999999996,0.39755376654163527,0.3918030579062255,FAR,FAR,0.0,1,,,0.01,0
C1_n0.01_d000_r01,C1,202608,13.62,13.62,0.0,0.39174999999999993,0.39266313773164885,0.39201807786258136,FAR,FAR,0.0,1,,,0.01,0
C1_n0.01_d000_r01,C1,202608,13.64,13.64,0.0,0.39350000000000007,0.40672186891415774,0.3956940256254754,FAR,FAR,0.0,1,,,0.01,0
C1_n0.01_d000_r01,C1,202608,13.66,13.66,0.0,0.39525,0.4037718648492195,0.39771348543141144,FAR,FAR,0.0,1,,,0.01,0
C1_n0.01_d000_r01,C1,202608,13.68,13.68,0.0,0.39699999999999996,0.3804784073965782,0.3934047159227031,FAR,FAR,0.0,1,,,0.01,0
C1_n0.01_d000_r01,C1,202608,13.7,13.7,0.0,0.39874999999999994,0.38890605572186643,0.3922800508724939,FAR,FAR,0.0,1,,,0.01,0
C1_n0.01_d000_r01,C1,202608,13.72,13.72,0.0,0.4005000000000001,0.41296706286820706,0.3974518038714222,FAR,FAR,0.0,1,,,0.01,0
C1_n0.01_d000_r01,C1,202608,13.74,13.74,0.0,0.40225,0.39685757233790936,0.397303245988044,FAR,FAR,0.0,1,,,0.01,0
C1_n0.01_d000_r01,C1,202608,13.76,13.76,0.0,0.40399999999999997,0.39202199803157456,0.3959829339989266,FAR,FAR,0.0,1,,,0.01,0
C1_n0.01_d000_r01,C1,202608,13.78,13.78,0.0,0.40574999999999994,0.4186096076761841,0.4016396024182409,FAR,FAR,0.0,1,,,0.01,0
C1_n0.01_d000_r01,C1,202608,13.8,13.8,0.0,0.4075000000000001,0.40469918077837586,0.40240449700827463,FAR,FAR,0.0,1,,,0.01,0
C1_n0.01_d000_r01,C1,202608,13.82,13.82,0.0,0.40925,0.4197945332453862,0.40675200606755246,FAR,FAR,0.0,1,,,0.01,0
C1_n0.01_d000_r01,C1,202608,13.84,13.84,0.0,0.411,0.41922615005600916,0.40987054206466667,FAR,FAR,0.0,1,,,0.01,0
C1_n0.01_d000_r01,C1,202608,13.86,13.86,0.0,0.41274999999999995,0.4124131878874479,0.410506203520362,FAR,FAR,0.0,1,,,0.01,0
C1_n0.01_d000_r01,C1,202608,13.88,13.88,0.0,0.4145000000000001,0.4360269715199454,0.41688639552025786,FAR,FAR,0.0,1,,,0.01,0
C1_n0.01_d000_r01,C1,202608,13.9,13.9,0.0,0.41625,0.4101927569006513,0.41521298586535627,FAR,FAR,0.0,1,,,0.01,0
C1_n0.01_d000_r01,C1,202608,13.92,13.92,0.0,0.418,0.4287018338891685,0.4185851978713093,FAR,FAR,0.0,1,,,0.01,0
C1_n0.01_d000_r01,C1,202608,13.94,13.94,0.0,0.41974999999999996,0.4192629048132285,0.41875462460678914,FAR,FAR,0.0,1,,,0.01,0
C1_n0.01_d000_r01,C1,202608,13.96,13.96,0.0,0.4215000000000001,0.4282330421761747,0.4211242289991355,FAR,FAR,0.0,1,,,0.01,0
C1_n0.01_d000_r01,C1,202608,13.98,13.98,0.0,0.42325,0.4098514729548432,0.41830603998806243,FAR,FAR,0.0,1,,,0.01,0
C1_n0.01_d000_r01,C1,202608,14.0,14.0,0.0,0.425,0.433328099139927,0.4220615547760286,FAR,FAR,0.0,1,,,0.01,0
C1_n0.01_d000_r01,C1,202608,14.02,14.02,0.0,0.42674999999999996,0.4299140775175154,0.4240246854614003,FAR,FAR,0.0,1,,,0.01,0
C1_n0.01_d000_r01,C1,202608,14.04,14.04,0.0,0.4284999999999999,0.41493884409919835,0.42175322512084984,FAR,FAR,0.0,1,,,0.01,0
C1_n0.01_d000_r01,C1,202608,14.06,14.06,0.0,0.43025,0.41735012733757393,0.4206524506750309,FAR,FAR,0.0,1,,,0.01,0
C1_n0.01_d000_r01,C1,202608,14.08,14.08,0.0,0.432,0.4364409540171708,0.42459957651056585,FAR,FAR,0.0,1,,,0.01,0
C1_n0.01_d000_r01,C1,202608,14.1,14.1,0.0,0.43374999999999997,0.4335705625993786,0.42684232303276903,FAR,FAR,0.0,1,,,0.01,0
C1_n0.01_d000_r01,C1,202608,14.12,14.12,0.0,0.4354999999999999,0.4430422279229655,0.43089229925531813,FAR,FAR,0.0,1,,,0.01,0
C1_n0.01_d000_r01,C1,202608,14.14,14.14,0.0,0.43725,0.4271501414794711,0.4299567598113564,FAR,FAR,0.0,1,,,0.01,0
C1_n0.01_d000_r01,C1,202608,14.16,14.16,0.0,0.439,0.4520594669549954,0.43548243659726615,FAR,FAR,0.0,1,,,0.01,0
C1_n0.01_d000_r01,C1,202608,14.18,14.18,0.0,0.44075,0.4420198115981392,0.43711678034748436,FAR,FAR,0.0,1,,,0.01,0
C1_n0.01_d000_r01,C1,202608,14.2,14.2,0.0,0.4424999999999999,0.43288937521921544,0.43605992906541713,FAR,FAR,0.0,1,,,0.01,0
C1_n0.01_d000_r01,C1,202608,14.22,14.22,0.0,0.44425000000000003,0.44728274081742514,0.4388656320034191,FAR,FAR,0.0,1,,,0.01,0
C1_n0.01_d000_r01,C1,202608,14.24,14.24,0.0,0.446,0.4625499490382888,0.4447867112621365,FAR,FAR,0.0,1,,,0.01,0
C1_n0.01_d000_r01,C1,202608,14.26,14.26,0.0,0.44775,0.4558614777581242,0.44755540288613344,FAR,FAR,0.0,1,,,0.01,0
C1_n0.01_d000_r01,C1,202608,14.28,14.28,0.0,0.4494999999999999,0.44779397721995273,0.4476150464695883,FAR,FAR,0.0,1,,,0.01,0
C1_n0.01_d000_r01,C1,202608,14.3,14.3,0.0,0.45125000000000004,0.428833369009314,0.4429196271045197,FAR,FAR,0.0,1,,,0.01,0
C1_n0.01_d000_r01,C1,202608,14.32,14.32,0.0,0.453,0.4499241520442369,0.444670758339449,FAR,FAR,0.0,1,,,0.01,0
C1_n0.01_d000_r01,C1,202608,14.34,14.34,0.0,0.45475,0.46391686121967146,0.44948228405950463,FAR,FAR,0.0,1,,,0.01,0
C1_n0.01_d000_r01,C1,202608,14.36,14.36,0.0,0.4564999999999999,0.4500012658502205,0.4496120295071836,FAR,FAR,0.0,1,,,0.01,0
C1_n0.01_d000_r01,C1,202608,14.38,14.38,0.0,0.45825000000000005,0.44585757399419834,0.4486734156289373,FAR,FAR,0.0,1,,,0.01,0
C1_n0.01_d000_r01,C1,202608,14.4,14.4,0.0,0.46,0.4576018333018464,0.45090552004716455,FAR,FAR,0.0,1,,,0.01,0
C1_n0.01_d000_r01,C1,202608,14.42,14.42,0.0,0.46175,0.4500614350858306,0.45069449880683105,FAR,FAR,0.0,1,,,0.01,0
C1_n0.01_d000_r01,C1,202608,14.44,14.44,0.0,0.4634999999999999,0.47119099138362786,0.45581862195103023,FAR,FAR,0.0,1,,,0.01,0
C1_n0.01_d000_r01,C1,202608,14.46,14.46,0.0,0.46525000000000005,0.4571004256512754,0.4561390728760915,FAR,FAR,0.0,1,,,0.01,0
C1_n0.01_d000_r01,C1,202608,14.48,14.48,0.0,0.467,0.47806592994594743,0.4616207871435555,FAR,FAR,0.0,1,,,0.01,0
C1_n0.01_d000_r01,C1,202608,14.5,14.5,0.0,0.46875,0.4671888190625647,0.46301279512330773,FAR,FAR,0.0,1,,,0.01,0
C1_n0.01_d000_r01,C1,202608,14.52,14.52,0.0,0.4704999999999999,0.48551846113807534,0.4686392116269997,FAR,FAR,0.0,1,,,0.01,0
C1_n0.01_d000_r01,C1,202608,14.54,14.54,0.0,0.47224999999999995,0.4639448815602021,0.46746562911030026,FAR,FAR,0.0,1,,,0.01,0
C1_n0.01_d000_r01,C1,202608,14.56,14.56,0.0,0.47400000000000003,0.474608596679561,0.46925137100261544,FAR,FAR,0.0,1,,,0.01,0
C1_n0.01_d000_r01,C1,202608,14.58,14.58,0.0,0.47575,0.46123426697759684,0.4672470949963608,FAR,FAR,0.0,1,,,0.01,0
C1_n0.01_d000_r01,C1,202608,14.6,14.6,0.0,0.4774999999999999,0.4854197500432307,0.4717902587580783,FAR,FAR,0.0,1,,,0.01,0
C1_n0.01_d000_r01,C1,202608,14.62,14.62,0.0,0.47924999999999995,0.47832586278585115,0.4734241597650215,FAR,FAR,0.0,1,,,0.01,0
C1_n0.01_d000_r01,C1,202608,14.64,14.64,0.0,0.48100000000000004,0.4733556389184401,0.47340702955337616,FAR,FAR,0.0,1,,,0.01,0
C1_n0.01_d000_r01,C1,202608,14.66,14.66,0.0,0.48275,0.49212780364402636,0.47808722307603874,FAR,FAR,0.0,1,,,0.01,0
C1_n0.01_d000_r01,C1,202608,14.68,14.68,0.0,0.48449999999999993,0.4918063512346274,0.4815170051156859,FAR,FAR,0.0,1,,,0.01,0
C1_n0.01_d000_r01,C1,202608,14.7,14.7,0.0,0.48624999999999996,0.48342966747692073,0.4819951707059946,FAR,FAR,0.0,1,,,0.01,0
C1_n0.01_d000_r01,C1,202608,14.72,14.72,0.0,0.48800000000000004,0.49412272072969565,0.4850270582119199,FAR,FAR,0.0,1,,,0.01,0
C1_n0.01_d000_r01,C1,202608,14.74,14.74,0.0,0.48975,0.4837464047185395,0.4847068948385748,FAR,FAR,0.0,1,,,0.01,0
C1_n0.01_d000_r01,C1,202608,14.76,14.76,0.0,0.49149999999999994,0.4586906858940673,0.47820284260244794,FAR,FAR,0.0,1,,,0.01,0
C1_n0.01_d000_r01,C1,202608,14.78,14.78,0.0,0.49324999999999997,0.505233204990506,0.48496043319946247,FAR,FAR,0.0,1,,,0.01,0
C1_n0.01_d000_r01,C1,202608,14.8,14.8,0.0,0.49500000000000005,0.5226770525294775,0.4943895880319662,FAR,FAR,0.0,1,,,0.01,0
C1_n0.01_d000_r01,C1,202608,14.82,14.82,0.0,0.49675,0.49385131365984847,0.4942550194389368,FAR,FAR,0.0,1,,,0.01,0
C1_n0.01_d000_r01,C1,202608,14.84,14.84,0.0,0.49849999999999994,0.495018249843536,0.4944458270400866,FAR,FAR,0.0,1,,,0.01,0
C1_n0.01_d000_r01,C1,202608,14.86,14.86,0.0,0.5002499999999999,0.5045910900060651,0.4969821427815812,FAR,FAR,0.0,1,,,0.01,0
C1_n0.01_d000_r01,C1,202608,14.88,14.88,0.0,0.502,0.5035279283101967,0.498618589163735,FAR,FAR,0.0,1,,,0.01,0
C1_n0.01_d000_r01,C1,202608,14.9,14.9,0.0,0.50375,0.48662079699842437,0.49561914112240735,FAR,FAR,0.0,1,,,0.01,0
C1_n0.01_d000_r01,C1,202608,14.92,14.92,0.0,0.5055000000000001,0.5170181517210886,0.5009688937720777,FAR,FAR,0.0,1,,,0.01,0
C1_n0.01_d000_r01,C1,202608,14.94,14.94,0.0,0.50725,0.4836570157360511,0.49664092426307105,FAR,FAR,0.0,1,,,0.01,0
C1_n0.01_d000_r01,C1,202608,14.96,14.96,0.0,0.5090000000000001,0.5030769887361639,0.49824994038134424,FAR,FAR,0.0,1,,,0.01,0
C1_n0.01_d000_r01,C1,202608,14.98,14.98,0.0,0.51075,0.5165324151409253,0.5028205590712395,FAR,FAR,0.0,1,,,0.01,0
C1_n0.01_d000_r01,C1,202608,15.0,15.0,0.0,0.5125,0.5332027605157624,0.5104161094323703,FAR,FAR,0.0,1,,,0.01,0
C1_n0.01_d000_r01,C1,202608,15.02,15.02,0.0,0.5142499999999999,0.5158935987383695,0.5117854817588701,FAR,FAR,0.0,1,,,0.01,0
C1_n0.01_d000_r01,C1,202608,15.04,15.04,0.0,0.5159999999999999,0.5141308023982216,0.512371811918708,FAR,FAR,0.0,1,,,0.01,0
C1_n0.01_d000_r01,C1,202608,15.06,15.06,0.0,0.51775,0.5003446063199762,0.509365010519025,FAR,FAR,0.0,1,,,0.01,0
C1_n0.01_d000_r01,C1,202608,15.08,15.08,0.0,0.5195,0.5321750866051489,0.515067529540556,FAR,FAR,0.0,1,,,0.01,0
C1_n0.01_d000_r01,C1,202608,15.1,15.1,0.0,0.52125,0.5156391234116056,0.5152104280083184,FAR,FAR,0.0,1,,,0.01,0
C1_n0.01_d000_r01,C1,202608,15.12,15.12,0.0,0.5229999999999999,0.5248298050619102,0.5176152722717164,FAR,FAR,0.0,1,,,0.01,0
C1_n0.01_d000_r01,C1,202608,15.14,15.14,0.0,0.52475,0.5210009119238156,0.5184616821847412,FAR,FAR,0.0,1,,,0.01,0
C1_n0.01_d000_r01,C1,202608,15.16,15.16,0.0,0.5265,0.5322551491380954,0.5219100489230797,FAR,FAR,0.0,1,,,0.01,0
C1_n0.01_d000_r01,C1,202608,15.18,15.18,0.0,0.5282499999999999,0.5197578635651096,0.5213720025835872,FAR,FAR,0.0,1,,,0.01,0
C1_n0.01_d000_r01,C1,202608,15.2,15.2,0.0,0.5299999999999999,0.5289398895124807,0.5232639743158106,FAR,FAR,0.0,1,,,0.01,0
C1_n0.01_d000_r01,C1,202608,15.22,15.22,0.0,0.5317500000000001,0.5376811556295369,0.5268682696442422,FAR,FAR,0.0,1,,,0.01,0
C1_n0.01_d000_r01,C1,202608,15.24,15.24,0.0,0.5335,0.5482158521895468,0.5322051652805684,FAR,FAR,0.0,1,,,0.01,0
C1_n0.01_d000_r01,C1,202608,15.26,15.26,0.0,0.53525,0.5339667763851629,0.532645568056717,FAR,FAR,0.0,1,,,0.01,0
C1_n0.01_d000_r01,C1,202608,15.28,15.28,0.0,0.5369999999999999,0.5415006312327825,0.5348593338507334,FAR,FAR,0.0,1,,,0.01,0
C1_n0.01_d000_r01,C1,202608,15.3,15.3,0.0,0.5387500000000001,0.5384803034127992,0.5357645762412498,FAR,FAR,0.0,1,,,0.01,0
C1_n0.01_d000_r01,C1,202608,15.32,15.32,0.0,0.5405,0.562086118519822,0.5423449618108929,FAR,FAR,0.0,1,,,0.01,0
C1_n0.01_d000_r01,C1,202608,15.34,15.34,0.0,0.5422499999999999,0.5501582519477379,0.5442982843451041,FAR,FAR,0.0,1,,,0.01,0
C1_n0.01_d000_r01,C1,202608,15.36,15.36,0.0,0.5439999999999999,0.546485717169537,0.5448451425512123,FAR,FAR,0.0,1,,,0.01,0
C1_n0.01_d000_r01,C1,202608,15.38,15.38,0.0,0.5457500000000001,0.5521414751639135,0.5466692257043877,FAR,FAR,0.0,1,,,0.01,0
C1_n0.01_d000_r01,C1,202608,15.4,15.4,0.0,0.5475,0.553986356785101,0.548498508474566,FAR,FAR,0.0,1,,,0.01,0
C1_n0.01_d000_r01,C1,202608,15.42,15.42,0.0,0.54925,0.5521886240615885,0.5494210373713218,FAR,FAR,0.0,1,,,0.01,0
C1_n0.01_d000_r01,C1,202608,15.44,15.44,0.0,0.5509999999999999,0.5357110919589558,0.5459935510182303,FAR,FAR,0.0,1,,,0.01,0
C1_n0.01_d000_r01,C1,202608,15.46,15.46,0.0,0.5527500000000001,0.5647448012328209,0.5506813635718779,FAR,FAR,0.0,1,,,0.01,0
C1_n0.01_d000_r01,C1,202608,15.48,15.48,0.0,0.5545,0.52973281601953,0.5454442266837909,FAR,FAR,0.0,1,,,0.01,0
C1_n0.01_d000_r01,C1,202608,15.5,15.5,0.0,0.5562499999999999,0.5658979016584571,0.5505576454274574,FAR,FAR,0.0,1,,,0.01,0
C1_n0.01_d000_r01,C1,202608,15.52,15.52,0.0,0.5579999999999999,0.5600664245689253,0.5529348402128245,FAR,FAR,0.0,1,,,0.01,0
C1_n0.01_d000_r01,C1,202608,15.54,15.54,0.0,0.55975,0.5728386639461085,0.5579107961461455,FAR,FAR,0.0,1,,,0.01,0
C1_n0.01_d000_r01,C1,202608,15.56,15.56,0.0,0.5615,0.5669136060043528,0.5601614986106973,FAR,FAR,0.0,1,,,0.01,0
C1_n0.01_d000_r01,C1,202608,15.58,15.58,0.0,0.56325,0.5792491853721519,0.564933420301061,FAR,FAR,0.0,1,,,0.01,0
C1_n0.01_d000_r01,C1,202608,15.6,15.6,0.0,0.565,0.5547203889951093,0.562380162474573,FAR,FAR,0.0,1,,,0.01,0
C1_n0.01_d000_r01,C1,202608,15.62,15.62,0.0,0.5667499999999999,0.5848306701093496,0.5679927893832671,FAR,FAR,0.0,1,,,0.01,0
C1_n0.01_d000_r01,C1,202608,15.64,15.64,0.0,0.5685,0.5737729143525344,0.569437820625584,FAR,FAR,0.0,1,,,0.01,0
C1_n0.01_d000_r01,C1,202608,15.66,15.66,0.0,0.5702499999999999,0.5777712045902633,0.5715211666167538,FAR,FAR,0.0,1,,,0.01,0
C1_n0.01_d000_r01,C1,202608,15.68,15.68,0.0,0.572,0.5860386285825624,0.5751505321082059,FAR,FAR,0.0,1,,,0.01,0
C1_n0.01_d000_r01,C1,202608,15.7,15.7,0.0,0.57375,0.5866096770052268,0.5780153183324611,FAR,FAR,0.0,1,,,0.01,0
C1_n0.01_d000_r01,C1,202608,15.72,15.72,0.0,0.5755,0.574778953015287,0.5772062270031676,FAR,FAR,0.0,1,,,0.01,0
C1_n0.01_d000_r01,C1,202608,15.74,15.74,0.0,0.57725,0.5721596424253191,0.5759445808587055,FAR,FAR,0.0,1,,,0.01,0
C1_n0.01_d000_r01,C1,202608,15.76,15.76,0.0,0.579,0.5849116212469295,0.5781863409557615,FAR,FAR,0.0,1,,,0.01,0
C1_n0.01_d000_r01,C1,202608,15.78,15.78,0.0,0.5807499999999999,0.5801550712058637,0.5786785235182871,FAR,FAR,0.0,1,,,0.01,0
C1_n0.01_d000_r01,C1,202608,15.8,15.8,0.0,0.5825,0.5747676333252459,0.5777008009700269,FAR,FAR,0.0,1,,,0.01,0
C1_n0.01_d000_r01,C1,202608,15.82,15.82,0.0,0.5842499999999999,0.5782719920363716,0.5778435987366131,FAR,FAR,0.0,1,,,0.01,0
C1_n0.01_d000_r01,C1,202608,15.84,15.84,0.0,0.586,0.5723069346937578,0.5764594327258993,FAR,FAR,0.0,1,,,0.01,0
C1_n0.01_d000_r01,C1,202608,15.86,15.86,0.0,0.58775,0.5953028032783803,0.5811702753640196,FAR,FAR,0.0,1,,,0.01,0
C1_n0.01_d000_r01,C1,202608,15.88,15.88,0.0,0.5895,0.5931043511078777,0.5841537942999842,FAR,FAR,0.0,1,,,0.01,0
C1_n0.01_d000_r01,C1,202608,15.9,15.9,0.0,0.59125,0.5977851026057021,0.5875616213764137,FAR,FAR,0.0,1,,,0.01,0
C1_n0.01_d000_r01,C1,202608,15.92,15.92,0.0,0.593,0.5830733501083818,0.5864395535594057,FAR,FAR,0.0,1,,,0.01,0
C1_n0.01_d000_r01,C1,202608,15.94,15.94,0.0,0.5947499999999999,0.5990550812741124,0.5895934354880823,FAR,FAR,0.0,1,,,0.01,0
C1_n0.01_d000_r01,C1,202608,15.96,15.96,0.0,0.5965,0.6017968700948271,0.5926442941397685,FAR,FAR,0.0,1,,,0.01,0
C1_n0.01_d000_r01,C1,202608,15.98,15.98,0.0,0.59825,0.6051459391033043,0.5957697053806524,FAR,FAR,0.0,1,,,0.01,0
C1_n0.01_d000_r01,C1,202608,16.0,16.0,0.0,0.6,0.6083119040417256,0.5989052550459207,FAR,FAR,0.0,1,,,0.01,0
C1_n0.01_d000_r01,C1,202608,16.02,16.02,0.0,0.6,0.6136496427700102,0.6025913519769431,FAR,FAR,0.0,1,,,0.01,0
C1_n0.01_d000_r01,C1,202608,16.04,16.04,0.0,0.6,0.5922403545176638,0.6000036026121234,FAR,FAR,0.0,1,,,0.01,0
C1_n0.01_d000_r01,C1,202608,16.06,16.06,0.0,0.6,0.6212107066282152,0.6053053786161463,FAR,FAR,0.0,1,,,0.01,0
C1_n0.01_d000_r01,C1,202608,16.08,16.08,0.0,0.6,0.6008780679152944,0.6041985509409333,FAR,FAR,0.0,1,,,0.01,0
C1_n0.01_d000_r01,C1,202608,16.1,16.1,0.0,0.6,0.6272297508149112,0.6099563509094278,FAR,FAR,0.0,1,,,0.01,0
C1_n0.01_d000_r01,C1,202608,16.12,16.12,0.0,0.6,0.5906952197747944,0.6051410681257695,FAR,FAR,0.0,1,,,0.01,0
C1_n0.01_d000_r01,C1,202608,16.14,16.14,0.0,0.6,0.5923350378087386,0.6019395605465118,FAR,FAR,0.0,1,,,0.01,0
C1_n0.01_d000_r01,C1,202608,16.16,16.16,0.0,0.6,0.6014067634866418,0.6018063612815443,FAR,FAR,0.0,1,,,0.01,0
C1_n0.01_d000_r01,C1,202608,16.18,16.18,0.0,0.6,0.5980984798682951,0.600879390928232,FAR,FAR,0.0,1,,,0.01,0
C1_n0.01_d000_r01,C1,202608,16.2,16.2,0.0,0.6,0.5937593868031796,0.5990993898969689,FAR,FAR,0.0,1,,,0.01,0
C1_n0.01_d000_r01,C1,202608,16.22,16.22,0.0,0.6,0.5949978985314425,0.5980740170555873,FAR,FAR,0.0,1,,,0.01,0
C1_n0.01_d000_r01,C1,202608,16.24,16.24,0.0,0.6,0.5967186303750887,0.5977351703854626,FAR,FAR,0.0,1,,,0.01,0
C1_n0.01_d000_r01,C1,202608,16.26,16.26,0.0,0.6,0.6081617251187853,0.6003418090687933,FAR,FAR,0.0,1,,,0.01,0
C1_n0.01_d000_r01,C1,202608,16.28,16.28,0.0,0.6,0.5970007708891661,0.5995065495238865,FAR,FAR,0.0,1,,,0.01,0
C1_n0.01_d000_r01,C1,202608,16.3,16.3,0.0,0.6,0.5863049565552164,0.5962061512817189,FAR,FAR,0.0,1,,,0.01,0
C1_n0.01_d000_r01,C1,202608,16.32,16.32,0.0,0.6,0.6039501431246922,0.5981421492424622,FAR,FAR,0.0,1,,,0.01,0
C1_n0.01_d000_r01,C1,202608,16.34,16.34,0.0,0.6,0.6010974186995368,0.598880966606731,FAR,FAR,0.0,1,,,0.01,0
C1_n0.01_d000_r01,C1,202608,16.36,16.36,0.0,0.6,0.5835082634660137,0.5950377908215516,FAR,FAR,0.0,1,,,0.01,0
C1_n0.01_d000_r01,C1,202608,16.38,16.38,0.0,0.6,0.5954194943716237,0.5951332167090696,FAR,FAR,0.0,1,,,0.01,0
C1_n0.01_d000_r01,C1,202608,16.4,16.4,0.0,0.6,0.61324091463779,0.5996601411912497,FAR,FAR,0.0,1,,,0.01,0
C1_n0.01_d000_r01,C1,202608,16.42,16.42,0.0,0.6,0.6077101190141767,0.6016726356469815,FAR,FAR,0.0,1,,,0.01,0
C1_n0.01_d000_r01,C1,202608,16.44,16.44,0.0,0.6,0.6150054949057135,0.6050058504616644,FAR,FAR,0.0,1,,,0.01,0
C1_n0.01_d000_r01,C1,202608,16.46,16.46,0.0,0.6,0.5903548144185883,0.6013430914508954,FAR,FAR,0.0,1,,,0.01,0
C1_n0.01_d000_r01,C1,202608,16.48,16.48,0.0,0.6,0.6180531296781656,0.605520601007713,FAR,FAR,0.0,1,,,0.01,0
C1_n0.01_d000_r01,C1,202608,16.5,16.5,0.0,0.6,0.5928080262154859,0.6023424573096562,FAR,FAR,0.0,1,,,0.01,0
C1_n0.01_d000_r01,C1,202608,16.52,16.52,0.0,0.6,0.5934683332431195,0.600123926293022,FAR,FAR,0.0,1,,,0.01,0
C1_n0.01_d000_r01,C1,202608,16.54,16.54,0.0,0.6,0.5910897578811831,0.5978653841900623,FAR,FAR,0.0,1,,,0.01,0
C1_n0.01_d000_r01,C1,202608,16.56,16.56,0.0,0.6,0.6021645499239304,0.5989401756235293,FAR,FAR,0.0,1,,,0.01,0
C1_n0.01_d000_r01,C1,202608,16.58,16.58,0.0,0.6,0.5919148843534793,0.5971838528060168,FAR,FAR,0.0,1,,,0.01,0
C1_n0.01_d000_r01,C1,202608,16.6,16.6,0.0,0.6,0.6045362557861841,0.5990219535510587,FAR,FAR,0.0,1,,,0.01,0
C1_n0.01_d000_r01,C1,202608,16.62,16.62,0.0,0.6,0.5945021219193458,0.5978919956431306,FAR,FAR,0.0,1,,,0.01,0
C1_n0.01_d000_r01,C1,202608,16.64,16.64,0.0,0.6,0.6076371449499114,0.6003282829698258,FAR,FAR,0.0,1,,,0.01,0
C1_n0.01_d000_r01,C1,202608,16.66,16.66,0.0,0.6,0.5819092783688379,0.5957235318195788,FAR,FAR,0.0,1,,,0.01,0
C1_n0.01_d000_r01,C1,202608,16.68,16.68,0.0,0.6,0.5879528369174704,0.5937808580940517,FAR,FAR,0.0,1,,,0.01,0
C1_n0.01_d000_r01,C1,202608,16.7,16.7,0.0,0.6,0.605919367064301,0.5968154853366141,FAR,FAR,0.0,1,,,0.01,0
C1_n0.01_d000_r01,C1,202608,16.72,16.72,0.0,0.6,0.6000245182500795,0.5976177435649804,FAR,FAR,0.0,1,,,0.01,0
C1_n0.01_d000_r01,C1,202608,16.74,16.74,0.0,0.6,0.5924270375471841,0.5963200670605313,FAR,FAR,0.0,1,,,0.01,0
C1_n0.01_d000_r01,C1,202608,16.76,16.76,0.0,0.6,0.6019600252929579,0.597730056618638,FAR,FAR,0.0,1,,,0.01,0
C1_n0.01_d000_r01,C1,202608,16.78,16.78,0.0,0.6,0.5965220567954437,0.5974280566628394,FAR,FAR,0.0,1,,,0.01,0
C1_n0.01_d000_r01,C1,202608,16.8,16.8,0.0,0.6,0.6059773593377583,0.5995653823315691,FAR,FAR,0.0,1,,,0.01,0
C1_n0.01_d000_r01,C1,202608,16.82,16.82,0.0,0.6,0.5855066639048743,0.5960507027248954,FAR,FAR,0.0,1,,,0.01,0
C1_n0.01_d000_r01,C1,202608,16.84,16.84,0.0,0.6,0.5777857742220487,0.5914844705991837,FAR,FAR,0.0,1,,,0.01,0
C1_n0.01_d000_r01,C1,202608,16.86,16.86,0.0,0.6,0.5894742399081828,0.5909819129264335,FAR,FAR,0.0,1,,,0.01,0
C1_n0.01_d000_r01,C1,202608,16.88,16.88,0.0,0.6,0.6124015710514054,0.5963368274576765,FAR,FAR,0.0,1,,,0.01,0
C1_n0.01_d000_r01,C1,202608,16.9,16.9,0.0,0.6,0.5940600639507113,0.5957676365809351,FAR,FAR,0.0,1,,,0.01,0
C1_n0.01_d000_r01,C1,202608,16.92,16.92,0.0,0.6,0.6111210796993088,0.5996059973605286,FAR,FAR,0.0,1,,,0.01,0
C1_n0.01_d000_r01,C1,202608,16.94,16.94,0.0,0.6,0.6010059415932358,0.5999559834187054,FAR,FAR,0.0,1,,,0.01,0
C1_n0.01_d000_r01,C1,202608,16.96,16.96,0.0,0.6,0.6013587941996252,0.6003066861139353,FAR,FAR,0.0,1,,,0.01,0
C1_n0.01_d000_r01,C1,202608,16.98,16.98,0.0,0.6,0.6047382140508,0.6014145680981515,FAR,FAR,0.0,1,,,0.01,0
C1_n0.01_d000_r01,C1,202608,17.0,17.0,0.0,0.6,0.6067989554291644,0.6027606649309047,FAR,FAR,0.0,1,,,0.01,0
C1_n0.01_d000_r01,C1,202608,17.02,17.02,0.0,0.6,0.604689873877413,0.6032429671675318,FAR,FAR,0.0,1,,,0.01,0
C1_n0.01_d000_r01,C1,202608,17.04,17.04,0.0,0.6,0.5946930058825284,0.6011054768462809,FAR,FAR,0.0,1,,,0.01,0
C1_n0.01_d000_r01,C1,202608,17.06,17.06,0.0,0.6,0.5845206279992338,0.5969592646345191,FAR,FAR,0.0,1,,,0.01,0
C1_n0.01_d000_r01,C1,202608,17.08,17.08,0.0,0.6,0.6118413364173733,0.6006797825802326,FAR,FAR,0.0,1,,,0.01,0
C1_n0.01_d000_r01,C1,202608,17.1,17.1,0.0,0.6,0.6133717242490531,0.6038527679974377,FAR,FAR,0.0,1,,,0.01,0
C1_n0.01_d000_r01,C1,202608,17.12,17.12,0.0,0.6,0.5997450234512636,0.6028258318608941,FAR,FAR,0.0,1,,,0.01,0
C1_n0.01_d000_r01,C1,202608,17.14,17.14,0.0,0.6,0.5944369960079638,0.6007286228976616,FAR,FAR,0.0,1,,,0.01,0
C1_n0.01_d000_r01,C1,202608,17.16,17.16,0.0,0.6,0.5941241371009635,0.599077501448487,FAR,FAR,0.0,1,,,0.01,0
C1_n0.01_d000_r01,C1,202608,17.18,17.18,0.0,0.6,0.5991575331121927,0.5990975093644134,FAR,FAR,0.0,1,,,0.01,0
C1_n0.01_d000_r01,C1,202608,17.2,17.2,0.0,0.6,0.5860770890129718,0.5958424042765531,FAR,FAR,0.0,1,,,0.01,0
C1_n0.01_d000_r01,C1,202608,17.22,17.22,0.0,0.6,0.6033161229909646,0.597710833955156,FAR,FAR,0.0,1,,,0.01,0
C1_n0.01_d000_r01,C1,202608,17.24,17.24,0.0,0.6,0.5911075440324932,0.5960600114744903,FAR,FAR,0.0,1,,,0.01,0
C1_n0.01_d000_r01,C1,202608,17.26,17.26,0.0,0.6,0.6076027623857839,0.5989456992023137,FAR,FAR,0.0,1,,,0.01,0
C1_n0.01_d000_r01,C1,202608,17.28,17.28,0.0,0.6,0.6090682139558636,0.6014763278907012,FAR,FAR,0.0,1,,,0.01,0
C1_n0.01_d000_r01,C1,202608,17.3,17.3,0.0,0.6,0.5975569470022546,0.6004964826685895,FAR,FAR,0.0,1,,,0.01,0
C1_n0.01_d000_r01,C1,202608,17.32,17.32,0.0,0.6,0.590443136009007,0.5979831460036938,FAR,FAR,0.0,1,,,0.01,0
C1_n0.01_d000_r01,C1,202608,17.34,17.34,0.0,0.6,0.6186325103846069,0.6031454870989221,FAR,FAR,0.0,1,,,0.01,0
C1_n0.01_d000_r01,C1,202608,17.36,17.36,0.0,0.6,0.5987824882221187,0.6020547373797213,FAR,FAR,0.0,1,,,0.01,0
C1_n0.01_d000_r01,C1,202608,17.38,17.38,0.0,0.6,0.6085923492682944,0.6036891403518646,FAR,FAR,0.0,1,,,0.01,0
C1_n0.01_d000_r01,C1,202608,17.4,17.4,0.0,0.6,0.6055402004904387,0.6041519053865081,FAR,FAR,0.0,1,,,0.01,0
C1_n0.01_d000_r01,C1,202608,17.42,17.42,0.0,0.6,0.5851723188581266,0.5994070087544128,FAR,FAR,0.0,1,,,0.01,0
C1_n0.01_d000_r01,C1,202608,17.44,17.44,0.0,0.6,0.5972830322699105,0.5988760146332872,FAR,FAR,0.0,1,,,0.01,0
C1_n0.01_d000_r01,C1,202608,17.46,17.46,0.0,0.6,0.5966180812155328,0.5983115312788486,FAR,FAR,0.0,1,,,0.01,0
C1_n0.01_d000_r01,C1,202608,17.48,17.48,0.0,0.6,0.5955443991778905,0.5976197482536091,FAR,FAR,0.0,1,,,0.01,0
C1_n0.01_d000_r01,C1,202608,17.5,17.5,0.0,0.6,0.6005094759775796,0.5983421801846017,FAR,FAR,0.0,1,,,0.01,0
C1_n0.01_d000_r01,C1,202608,17.52,17.52,0.0,0.6,0.5975665087977776,0.5981482623378958,FAR,FAR,0.0,1,,,0.01,0
C1_n0.01_d000_r01,C1,202608,17.54,17.54,0.0,0.6,0.6014938709898894,0.5989846645008942,FAR,FAR,0.0,1,,,0.01,0
C1_n0.01_d000_r01,C1,202608,17.56,17.56,0.0,0.6,0.6049744785446921,0.6004821180118437,FAR,FAR,0.0,1,,,0.01,0
C1_n0.01_d000_r01,C1,202608,17.58,17.58,0.0,0.6,0.5973817470832271,0.5997070252796896,FAR,FAR,0.0,1,,,0.01,0
C1_n0.01_d000_r01,C1,202608,17.6,17.6,0.0,0.6,0.6129230070349265,0.6030110207184989,FAR,FAR,0.0,1,,,0.01,0
C1_n0.01_d000_r01,C1,202608,17.62,17.62,0.0,0.6,0.6048296394281588,0.6034656753959139,FAR,FAR,0.0,1,,,0.01,0
C1_n0.01_d000_r01,C1,202608,17.64,17.64,0.0,0.6,0.5838184190462261,0.598553861308492,FAR,FAR,0.0,1,,,0.01,0
C1_n0.01_d000_r01,C1,202608,17.66,17.66,0.0,0.6,0.6080379762815885,0.6009248900517661,FAR,FAR,0.0,1,,,0.01,0
C1_n0.01_d000_r01,C1,202608,17.68,17.68,0.0,0.6,0.5871083073072625,0.5974707443656402,FAR,FAR,0.0,1,,,0.01,0
C1_n0.01_d000_r01,C1,202608,17.7,17.7,0.0,0.6,0.6051059272499627,0.5993795400867208,FAR,FAR,0.0,1,,,0.01,0
C1_n0.01_d000_r01,C1,202608,17.72,17.72,0.0,0.6,0.6047327130916209,0.6007178333379458,FAR,FAR,0.0,1,,,0.01,0
C1_n0.01_d000_r01,C1,202608,17.74,17.74,0.0,0.6,0.606107906604089,0.6020653516544816,FAR,FAR,0.0,1,,,0.01,0
C1_n0.01_d000_r01,C1,202608,17.76,17.76,0.0,0.6,0.5992583775191747,0.6013636081206548,FAR,FAR,0.0,1,,,0.01,0
C1_n0.01_d000_r01,C1,202608,17.78,17.78,0.0,0.6,0.6049341348938684,0.6022562398139581,FAR,FAR,0.0,1,,,0.01,0
C1_n0.01_d000_r01,C1,202608,17.8,17.8,0.0,0.6,0.5972989035216986,0.6010169057408933,FAR,FAR,0.0,1,,,0.01,0
C1_n0.01_d000_r01,C1,202608,17.82,17.82,0.0,0.6,0.5944561016548162,0.599376704719374,FAR,FAR,0.0,1,,,0.01,0
C1_n0.01_d000_r01,C1,202608,17.84,17.84,0.0,0.6,0.595398399768401,0.5983821284816307,FAR,FAR,0.0,1,,,0.01,0
C1_n0.01_d000_r01,C1,202608,17.86,17.86,0.0,0.6,0.5880189526216472,0.5957913345166349,FAR,FAR,0.0,1,,,0.01,0
C1_n0.01_d000_r01,C1,202608,17.88,17.88,0.0,0.6,0.6137412811402967,0.6002788211725503,FAR,FAR,0.0,1,,,0.01,0
C1_n0.01_d000_r01,C1,202608,17.9,17.9,0.0,0.6,0.6106990294376459,0.6028838732388242,FAR,FAR,0.0,1,,,0.01,0
C1_n0.01_d000_r01,C1,202608,17.92,17.92,0.0,0.6,0.6049242652008592,0.6033939712293329,FAR,FAR,0.0,1,,,0.01,0
C1_n0.01_d000_r01,C1,202608,17.94,17.94,0.0,0.6,0.59258275430668,0.6006911669986696,FAR,FAR,0.0,1,,,0.01,0
C1_n0.01_d000_r01,C1,202608,17.96,17.96,0.0,0.6,0.6068224675584267,0.6022239921386089,FAR,FAR,0.0,1,,,0.01,0
C1_n0.01_d000_r01,C1,202608,17.98,17.98,0.0,0.6,0.6073161160363051,0.6034970231130329,FAR,FAR,0.0,1,,,0.01,0
C1_n0.01_d000_r01,C1,202608,18.0,18.0,0.0,0.6,0.5814125956311631,0.5979759162425655,FAR,FAR,0.0,1,,,0.01,0
C1_n0.01_d000_r01,C1,202608,18.02,18.02,0.0,0.6,0.5827549593611793,0.5941706770222189,FAR,FAR,0.0,1,,,0.01,0
C1_n0.01_d000_r01,C1,202608,18.04,18.04,0.0,0.6,0.5897262685355438,0.5930595749005502,FAR,FAR,0.0,1,,,0.01,0
C1_n0.01_d000_r01,C1,202608,18.06,18.06,0.0,0.6,0.6140133426720749,0.5982980168434313,FAR,FAR,0.0,1,,,0.01,0
C1_n0.01_d000_r01,C1,202608,18.08,18.08,0.0,0.6,0.5889996114411714,0.5959734154928663,FAR,FAR,0.0,1,,,0.01,0
C1_n0.01_d000_r01,C1,202608,18.1,18.1,0.0,0.6,0.5876460386051147,0.5938915712709284,FAR,FAR,0.0,1,,,0.01,0
C1_n0.01_d000_r01,C1,202608,18.12,18.12,0.0,0.6,0.603043951554357,0.5961796663417855,FAR,FAR,0.0,1,,,0.01,0
C1_n0.01_d000_r01,C1,202608,18.14,18.14,0.0,0.6,0.5828085440809649,0.5928368857765804,FAR,FAR,0.0,1,,,0.01,0
C1_n0.01_d000_r01,C1,202608,18.16,18.16,0.0,0.6,0.6119989222496044,0.5976273948948364,FAR,FAR,0.0,1,,,0.01,0
C1_n0.01_d000_r01,C1,202608,18.18,18.18,0.0,0.6,0.5930068497215221,0.5964722586015078,FAR,FAR,0.0,1,,,0.01,0
C1_n0.01_d000_r01,C1,202608,18.2,18.2,0.0,0.6,0.5958780999008186,0.5963237189263355,FAR,FAR,0.0,1,,,0.01,0
C1_n0.01_d000_r01,C1,202608,18.22,18.22,0.0,0.6,0.6125197149686888,0.6003727179369238,FAR,FAR,0.0,1,,,0.01,0
C1_n0.01_d000_r01,C1,202608,18.24,18.24,0.0,0.6,0.623838009524192,0.6062390408337408,FAR,FAR,0.0,1,,,0.01,0
C1_n0.01_d000_r01,C1,202608,18.26,18.26,0.0,0.6,0.6084385828257446,0.6067889263317418,FAR,FAR,0.0,1,,,0.01,0
C1_n0.01_d000_r01,C1,202608,18.28,18.28,0.0,0.6,0.5959475041305088,0.6040785707814335,FAR,FAR,0.0,1,,,0.01,0
C1_n0.01_d000_r01,C1,202608,18.3,18.3,0.0,0.6,0.607506256739118,0.6049354922708545,FAR,FAR,0.0,1,,,0.01,0
C1_n0.01_d000_r01,C1,202608,18.32,18.32,0.0,0.6,0.6009480833273008,0.6039386400349661,FAR,FAR,0.0,1,,,0.01,0
C1_n0.01_d000_r01,C1,202608,18.34,18.34,0.0,0.6,0.5876397563826445,0.5998639191218857,FAR,FAR,0.0,1,,,0.01,0
C1_n0.01_d000_r01,C1,202608,18.36,18.36,0.0,0.6,0.5978233171906933,0.5993537686390876,FAR,FAR,0.0,1,,,0.01,0
C1_n0.01_d000_r01,C1,202608,18.38,18.38,0.0,0.6,0.6143299214476482,0.6030978068412277,FAR,FAR,0.0,1,,,0.01,0
C1_n0.01_d000_r01,C1,202608,18.4,18.4,0.0,0.6,0.6016351261977737,0.6027321366803642,FAR,FAR,0.0,1,,,0.01,0
C1_n0.01_d000_r01,C1,202608,18.42,18.42,0.0,0.6,0.6051753213264068,0.6033429328418749,FAR,FAR,0.0,1,,,0.01,0
C1_n0.01_d000_r01,C1,202608,18.44,18.44,0.0,0.6,0.6163147827356038,0.6065858953153072,FAR,FAR,0.0,1,,,0.01,0
C1_n0.01_d000_r01,C1,202608,18.46,18.46,0.0,0.6,0.6084571440879551,0.6070537075084692,FAR,FAR,0.0,1,,,0.01,0
C1_n0.01_d000_r01,C1,202608,18.48,18.48,0.0,0.6,0.6054172891866451,0.6066446029280131,FAR,FAR,0.0,1,,,0.01,0
C1_n0.01_d000_r01,C1,202608,18.5,18.5,0.0,0.6,0.5860485108492057,0.6014955799083113,FAR,FAR,0.0,1,,,0.01,0
C1_n0.01_d000_r01,C1,202608,18.52,18.52,0.0,0.6,0.5756294629409506,0.595029050666471,FAR,FAR,0.0,1,,,0.01,0
C1_n0.01_d000_r01,C1,202608,18.54,18.54,0.0,0.6,0.5899578418681306,0.5937612484668859,FAR,FAR,0.0,1,,,0.01,0
C1_n0.01_d000_r01,C1,202608,18.56,18.56,0.0,0.6,0.6058667470903113,0.5967876231227423,FAR,FAR,0.0,1,,,0.01,0
C1_n0.01_d000_r01,C1,202608,18.58,18.58,0.0,0.6,0.6093723175247158,0.5999337967232357,FAR,FAR,0.0,1,,,0.01,0
C1_n0.01_d000_r01,C1,202608,18.6,18.6,0.0,0.6,0.5959775847917111,0.5989447437403546,FAR,FAR,0.0,1,,,0.01,0
C1_n0.01_d000_r01,C1,202608,18.62,18.62,0.0,0.6,0.5832979416249235,0.5950330432114967,FAR,FAR,0.0,1,,,0.01,0
C1_n0.01_d000_r01,C1,202608,18.64,18.64,0.0,0.6,0.6103949424811812,0.5988735180289179,FAR,FAR,0.0,1,,,0.01,0
C1_n0.01_d000_r01,C1,202608,18.66,18.66,0.0,0.6,0.6057678001481852,0.6005970885587347,FAR,FAR,0.0,1,,,0.01,0
C1_n0.01_d000_r01,C1,202608,18.68,18.68,0.0,0.6,0.6030902638792607,0.6012203823888662,FAR,FAR,0.0,1,,,0.01,0
C1_n0.01_d000_r01,C1,202608,18.7,18.7,0.0,0.6,0.5994018234374785,0.6007657426510193,FAR,FAR,0.0,1,,,0.01,0
C1_n0.01_d000_r01,C1,202608,18.72,18.72,0.0,0.6,0.6005540642397641,0.6007128230482055,FAR,FAR,0.0,1,,,0.01,0
C1_n0.01_d000_r01,C1,202608,18.74,18.74,0.0,0.6,0.6017400283544259,0.6009696243747606,FAR,FAR,0.0,1,,,0.01,0
C1_n0.01_d000_r01,C1,202608,18.76,18.76,0.0,0.6,0.6054069062260394,0.6020789448375803,FAR,FAR,0.0,1,,,0.01,0
C1_n0.01_d000_r01,C1,202608,18.78,18.78,0.0,0.6,0.5795143962436318,0.5964378076890932,FAR,FAR,0.0,1,,,0.01,0
C1_n0.01_d000_r01,C1,202608,18.8,18.8,0.0,0.6,0.6080903811311933,0.5993509510496182,FAR,FAR,0.0,1,,,0.01,0
C1_n0.01_d000_r01,C1,202608,18.82,18.82,0.0,0.6,0.6095522405249886,0.6019012734184608,FAR,FAR,0.0,1,,,0.01,0
C1_n0.01_d000_r01,C1,202608,18.84,18.84,0.0,0.6,0.5977182318223795,0.6008555130194404,FAR,FAR,0.0,1,,,0.01,0
C1_n0.01_d000_r01,C1,202608,18.86,18.86,0.0,0.6,0.6125807753061279,0.6037868285911123,FAR,FAR,0.0,1,,,0.01,0
C1_n0.01_d000_r01,C1,202608,18.88,18.88,0.0,0.6,0.6009899904147088,0.6030876190470115,FAR,FAR,0.0,1,,,0.01,0
C1_n0.01_d000_r01,C1,202608,18.9,18.9,0.0,0.6,0.6052876706894346,0.6036376319576173,FAR,FAR,0.0,1,,,0.01,0
C1_n0.01_d000_r01,C1,202608,18.92,18.92,0.0,0.6,0.5994351762894029,0.6025870180405637,FAR,FAR,0.0,1,,,0.01,0
C1_n0.01_d000_r01,C1,202608,18.94,18.94,0.0,0.6,0.6030815239941718,0.6027106445289657,FAR,FAR,0.0,1,,,0.01,0
C1_n0.01_d000_r01,C1,202608,18.96,18.96,0.0,0.6,0.5878856239089565,0.5990043893739634,FAR,FAR,0.0,1,,,0.01,0
C1_n0.01_d000_r01,C1,202608,18.98,18.98,0.0,0.6,0.59965282520453,0.5991664983316051,FAR,FAR,0.0,1,,,0.01,0
C1_n0.01_d000_r01,C1,202608,19.0,19.0,0.0,0.6,0.5861169353765149,0.5959041075928325,FAR,FAR,0.0,1,,,0.01,0
C1_n0.01_d000_r01,C1,202608,19.02,19.02,0.0,0.6,0.5978994029795243,0.5964029314395055,FAR,FAR,0.0,1,,,0.01,0
C1_n0.01_d000_r01,C1,202608,19.04,19.04,0.0,0.6,0.584474597015992,0.5934208478336271,FAR,FAR,0.0,1,,,0.01,0
C1_n0.01_d000_r01,C1,202608,19.06,19.06,0.0,0.6,0.5895828966642204,0.5924613600412755,FAR,FAR,0.0,1,,,0.01,0
C1_n0.01_d000_r01,C1,202608,19.08,19.08,0.0,0.6,0.5997918223183935,0.594293975610555,FAR,FAR,0.0,1,,,0.01,0
C1_n0.01_d000_r01,C1,202608,19.1,19.1,0.0,0.6,0.6158320916747466,0.5996785046266029,FAR,FAR,0.0,1,,,0.01,0
C1_n0.01_d000_r01,C1,202608,19.12,19.12,0.0,0.6,0.6215640719553974,0.6051498964588016,FAR,FAR,0.0,1,,,0.01,0
C1_n0.01_d000_r01,C1,202608,19.14,19.14,0.0,0.6,0.5965275294090425,0.6029943046963618,FAR,FAR,0.0,1,,,0.01,0
C1_n0.01_d000_r01,C1,202608,19.16,19.16,0.0,0.6,0.5977901098837836,0.6016932559932173,FAR,FAR,0.0,1,,,0.01,0
C1_n0.01_d000_r01,C1,202608,19.18,19.18,0.0,0.6,0.6040368256244395,0.6022791484010228,FAR,FAR,0.0,1,,,0.01,0
C1_n0.01_d000_r01,C1,202608,19.2,19.2,0.0,0.6,0.6099663745085898,0.6042009549279146,FAR,FAR,0.0,1,,,0.01,0
C1_n0.01_d000_r01,C1,202608,19.22,19.22,0.0,0.6,0.6000711489972563,0.6031685034452501,FAR,FAR,0.0,1,,,0.01,0
C1_n0.01_d000_r01,C1,202608,19.24,19.24,0.0,0.6,0.6079879246767915,0.6043733587531355,FAR,FAR,0.0,1,,,0.01,0
C1_n0.01_d000_r01,C1,202608,19.26,19.26,0.0,0.6,0.5954756994457158,0.6021489439262806,FAR,FAR,0.0,1,,,0.01,0
C1_n0.01_d000_r01,C1,202608,19.28,19.28,0.0,0.6,0.5995707677385721,0.6015043998793534,FAR,FAR,0.0,1,,,0.01,0
C1_n0.01_d000_r01,C1,202608,19.3,19.3,0.0,0.6,0.5956971211790321,0.6000525802042731,FAR,FAR,0.0,1,,,0.01,0
C1_n0.01_d000_r01,C1,202608,19.32,19.32,0.0,0.6,0.6040974865888009,0.601063806800405,FAR,FAR,0.0,1,,,0.01,0
C1_n0.01_d000_r01,C1,202608,19.34,19.34,0.0,0.6,0.6051471024666942,0.6020846307169774,FAR,FAR,0.0,1,,,0.01,0
C1_n0.01_d000_r01,C1,202608,19.36,19.36,0.0,0.6,0.605095418453642,0.6028373276511435,FAR,FAR,0.0,1,,,0.01,0
C1_n0.01_d000_r01,C1,202608,19.38,19.38,0.0,0.6,0.5912708923439316,0.5999457188243404,FAR,FAR,0.0,1,,,0.01,0
C1_n0.01_d000_r01,C1,202608,19.4,19.4,0.0,0.6,0.5933100697745547,0.598286806561894,FAR,FAR,0.0,1,,,0.01,0
C1_n0.01_d000_r01,C1,202608,19.42,19.42,0.0,0.6,0.6035847109361554,0.5996112826554594,FAR,FAR,0.0,1,,,0.01,0
C1_n0.01_d000_r01,C1,202608,19.44,19.44,0.0,0.6,0.5909080072843996,0.5974354638126944,FAR,FAR,0.0,1,,,0.01,0
C1_n0.01_d000_r01,C1,202608,19.46,19.46,0.0,0.6,0.5987572072913877,0.5977658996823677,FAR,FAR,0.0,1,,,0.01,0
C1_n0.01_d000_r01,C1,202608,19.48,19.48,0.0,0.6,0.5968963190002643,0.5975485045118418,FAR,FAR,0.0,1,,,0.01,0
C1_n0.01_d000_r01,C1,202608,19.5,19.5,0.0,0.6,0.6128327205821635,0.6013695585294223,FAR,FAR,0.0,1,,,0.01,0
C1_n0.01_d000_r01,C1,202608,19.52,19.52,0.0,0.6,0.6042369836287979,0.6020864148042662,FAR,FAR,0.0,1,,,0.01,0
C1_n0.01_d000_r01,C1,202608,19.54,19.54,0.0,0.6,0.5929037064115699,0.599790737706092,FAR,FAR,0.0,1,,,0.01,0
C1_n0.01_d000_r01,C1,202608,19.56,19.56,0.0,0.6,0.586780337998057,0.5965381377790833,FAR,FAR,0.0,1,,,0.01,0
C1_n0.01_d000_r01,C1,202608,19.58,19.58,0.0,0.6,0.6053952373237517,0.5987524126652504,FAR,FAR,0.0,1,,,0.01,0
C1_n0.01_d000_r01,C1,202608,19.6,19.6,0.0,0.6,0.6126301413323192,0.6022218448320176,FAR,FAR,0.0,1,,,0.01,0
C1_n0.01_d000_r01,C1,202608,19.62,19.62,0.0,0.6,0.5994323815963871,0.60152447902311,FAR,FAR,0.0,1,,,0.01,0
C1_n0.01_d000_r01,C1,202608,19.64,19.64,0.0,0.6,0.6210073055939024,0.6063951856658081,FAR,FAR,0.0,1,,,0.01,0
C1_n0.01_d000_r01,C1,202608,19.66,19.66,0.0,0.6,0.5960655082011691,0.6038127662996483,FAR,FAR,0.0,1,,,0.01,0
C1_n0.01_d000_r01,C1,202608,19.68,19.68,0.0,0.6,0.6107471949444774,0.6055463734608556,FAR,FAR,0.0,1,,,0.01,0
C1_n0.01_d000_r01,C1,202608,19.7,19.7,0.0,0.6,0.6077497813355375,0.606097225429526,FAR,FAR,0.0,1,,,0.01,0
C1_n0.01_d000_r01,C1,202608,19.72,19.72,0.0,0.6,0.5864660302053817,0.60118942662349,FAR,FAR,0.0,1,,,0.01,0
C1_n0.01_d000_r01,C1,202608,19.74,19.74,0.0,0.6,0.6020984170135584,0.601416674221007,FAR,FAR,0.0,1,,,0.01,0
C1_n0.01_d000_r01,C1,202608,19.76,19.76,0.0,0.6,0.595858628548489,0.6000271628028775,FAR,FAR,0.0,1,,,0.01,0
C1_n0.01_d000_r01,C1,202608,19.78,19.78,0.0,0.6,0.6106596492955795,0.602685284426053,FAR,FAR,0.0,1,,,0.01,0
C1_n0.01_d000_r01,C1,202608,19.8,19.8,0.0,0.6,0.5966421927579726,0.6011745115090328,FAR,FAR,0.0,1,,,0.01,0
C1_n0.01_d000_r01,C1,202608,19.82,19.82,0.0,0.6,0.6015406026301799,0.6012660342893196,FAR,FAR,0.0,1,,,0.01,0
C1_n0.01_d000_r01,C1,202608,19.84,19.84,0.0,0.6,0.5794202208793413,0.595804580936825,FAR,FAR,0.0,1,,,0.01,0
C1_n0.01_d000_r01,C1,202608,19.86,19.86,0.0,0.6,0.5968609505307074,0.5960686733352956,FAR,FAR,0.0,1,,,0.01,0
C1_n0.01_d000_r01,C1,202608,19.88,19.88,0.0,0.6,0.6050533676431465,0.5983148469122583,FAR,FAR,0.0,1,,,0.01,0
C1_n0.01_d000_r01,C1,202608,19.9,19.9,0.0,0.6,0.5888260820983499,0.5959426557087812,FAR,FAR,0.0,1,,,0.01,0
C1_n0.01_d000_r01,C1,202608,19.92,19.92,0.0,0.6,0.6180333033123643,0.601465317609677,FAR,FAR,0.0,1,,,0.01,0
C1_n0.01_d000_r01,C1,202608,19.94,19.94,0.0,0.6,0.6121801964204002,0.6041440373123579,FAR,FAR,0.0,1,,,0.01,0
C1_n0.01_d000_r01,C1,202608,19.96,19.96,0.0,0.6,0.6016143578431424,0.603511617445054,FAR,FAR,0.0,1,,,0.01,0
C1_n0.01_d000_r01,C1,202608,19.98,19.98,0.0,0.6,0.602337002158507,0.6032179636234173,FAR,FAR,0.0,1,,,0.01,0
C1_n0.01_d000_r01,C1,202608,20.0,20.0,0.0,0.6,0.6007474732054412,0.6026003410189232,FAR,FAR,0.0,1,,,0.01,0
