trial_id,condition,seed,time_s,sensor_time_s,sample_age_s,true_distance_m,raw_distance_m,filtered_distance_m,expected_state,state,command,valid,event_label,invalid_reason,noise_sigma_m,delay_ms
C1_n0.01_d000_r02,C1,202609,0.0,0.0,0.0,0.6,0.5983064938375089,0.5983064938375089,FAR,FAR,0.0,1,,,0.01,0
C1_n0.01_d000_r02,C1,202609,0.02,0.02,0.0,0.6,0.6066701442177622,0.6003974064325722,FAR,FAR,0.0,1,,,0.01,0
C1_n0.01_d000_r02,C1,202609,0.04,0.04,0.0,0.6,0.5792034788410844,0.5950989245347003,FAR,FAR,0.0,1,,,0.01,0
C1_n0.01_d000_r02,C1,202609,0.06,0.06,0.0,0.6,0.6074285023143041,0.5981813189796013,FAR,FAR,0.0,1,,,0.01,0
C1_n0.01_d000_r02,C1,202609,0.08,0.08,0.0,0.6,0.6055507272921608,0.6000236710577411,FAR,FAR,0.0,1,,,0.01,0
C1_n0.01_d000_r02,C1,202609,0.1,0.1,0.0,0.6,0.5970493147735334,0.5992800819866893,FAR,FAR,0.0,1,,,0.01,0
C1_n0.01_d000_r02,C1,202609,0.12,0.12,0.0,0.6,0.5968997487880502,0.5986849986870295,FAR,FAR,0.0,1,,,0.01,0
C1_n0.01_d000_r02,C1,202609,0.14,0.14,0.0,0.6,0.5925738447170081,0.5971572101945242,FAR,FAR,0.0,1,,,0.01,0
C1_n0.01_d000_r02,C1,202609,0.16,0.16,0.0,0.6,0.5748789610108378,0.5915876478986026,FAR,FAR,0.0,1,,,0.01,0
C1_n0.01_d000_r02,C1,202609,0.18,0.18,0.0,0.6,0.6086709849584806,0.5958584821635722,FAR,FAR,0.0,1,,,0.01,0
C1_n0.01_d000_r02,C1,202609,0.2,0.2,0.0,0.6,0.5899448090828434,0.59438006389339,FAR,FAR,0.0,1,,,0.01,0
C1_n0.01_d000_r02,C1,202609,0.22,0.22,0.0,0.6,0.5938030103304746,0.5942358005026611,FAR,FAR,0.0,1,,,0.01,0
C1_n0.01_d000_r02,C1,202609,0.24,0.24,0.0,0.6,0.5926151203939878,0.5938306304754928,FAR,FAR,0.0,1,,,0.01,0
C1_n0.01_d000_r02,C1,202609,0.26,0.26,0.0,0.6,0.5935990268262678,0.5937727295631865,FAR,FAR,0.0,1,,,0.01,0
C1_n0.01_d000_r02,C1,202609,0.28,0.28,0.0,0.6,0.6034897103731611,0.5962019747656802,FAR,FAR,0.0,1,,,0.01,0
C1_n0.01_d000_r02,C1,202609,0.3,0.3,0.0,0.6,0.5899696031836814,0.5946438818701805,FAR,FAR,0.0,1,,,0.01,0
C1_n0.01_d000_r02,C1,202609,0.32,0.32,0.0,0.6,0.5989695834436173,0.5957253072635397,FAR,FAR,0.0,1,,,0.01,0
C1_n0.01_d000_r02,C1,202609,0.34,0.34,0.0,0.6,0.6038643727297985,0.5977600736301043,FAR,FAR,0.0,1,,,0.01,0
C1_n0.01_d000_r02,C1,202609,0.36,0.36,0.0,0.6,0.6134222116776249,0.6016756081419845,FAR,FAR,0.0,1,,,0.01,0
C1_n0.01_d000_r02,C1,202609,0.38,0.38,0.0,0.6,0.5986599629311652,0.6009216968392797,FAR,FAR,0.0,1,,,0.01,0
C1_n0.01_d000_r02,C1,202609,0.4,0.4,0.0,0.6,0.5832945716329293,0.5965149155376921,FAR,FAR,0.0,1,,,0.01,0
C1_n0.01_d000_r02,C1,202609,0.42,0.42,0.0,0.6,0.5970745948339118,0.596654835361747,FAR,FAR,0.0,1,,,0.01,0
C1_n0.01_d000_r02,C1,202609,0.44,0.44,0.0,0.6,0.590689814829373,0.5951635802286536,FAR,FAR,0.0,1,,,0.01,0
C1_n0.01_d000_r02,C1,202609,0.46,0.46,0.0,0.6,0.607020610820159,0.59812783787653,FAR,FAR,0.0,1,,,0.01,0
C1_n0.01_d000_r02,C1,202609,0.48,0.48,0.0,0.6,0.6144544389766021,0.6022094881515481,FAR,FAR,0.0,1,,,0.01,0
C1_n0.01_d000_r02,C1,202609,0.5,0.5,0.0,0.6,0.6151193380717797,0.605436950631606,FAR,FAR,0.0,1,,,0.01,0
C1_n0.01_d000_r02,C1,202609,0.52,0.52,0.0,0.6,0.5858833111739715,0.6005485407671973,FAR,FAR,0.0,1,,,0.01,0
C1_n0.01_d000_r02,C1,202609,0.54,0.54,0.0,0.6,0.5871409032326179,0.5971966313835525,FAR,FAR,0.0,1,,,0.01,0
C1_n0.01_d000_r02,C1,202609,0.56,0.56,0.0,0.6,0.6028777428975832,0.5986169092620602,FAR,FAR,0.0,1,,,0.01,0
C1_n0.01_d000_r02,C1,202609,0.58,0.58,0.0,0.6,0.612127019717509,0.6019944368759225,FAR,FAR,0.0,1,,,0.01,0
C1_n0.01_d000_r02,C1,202609,0.6,0.6,0.0,0.6,0.5983765636763546,0.6010899685760305,FAR,FAR,0.0,1,,,0.01,0
C1_n0.01_d000_r02,C1,202609,0.62,0.62,0.0,0.6,0.5938878646614025,0.5992894425973735,FAR,FAR,0.0,1,,,0.01,0
C1_n0.01_d000_r02,C1,202609,0.64,0.64,0.0,0.6,0.6017098501668741,0.5998945444897485,FAR,FAR,0.0,1,,,0.01,0
C1_n0.01_d000_r02,C1,202609,0.66,0.66,0.0,0.6,0.6057976267168206,0.6013703150465166,FAR,FAR,0.0,1,,,0.01,0
C1_n0.01_d000_r02,C1,202609,0.68,0.68,0.0,0.6,0.6090245714116193,0.6032838791377922,FAR,FAR,0.0,1,,,0.01,0
C1_n0.01_d000_r02,C1,202609,0.7,0.7,0.0,0.6,0.6141359303419356,0.6059968919388281,FAR,FAR,0.0,1,,,0.01,0
C1_n0.01_d000_r02,C1,202609,0.72,0.72,0.0,0.6,0.607973125996381,0.6064909504532163,FAR,FAR,0.0,1,,,0.01,0
C1_n0.01_d000_r02,C1,202609,0.74,0.74,0.0,0.6,0.6278226016577755,0.6118238632543561,FAR,FAR,0.0,1,,,0.01,0
C1_n0.01_d000_r02,C1,202609,0.76,0.76,0.0,0.6,0.6069359006585068,0.6106018726053938,FAR,FAR,0.0,1,,,0.01,0
C1_n0.01_d000_r02,C1,202609,0.78,0.78,0.0,0.6,0.6087417737393033,0.6101368478888711,FAR,FAR,0.0,1,,,0.01,0
C1_n0.01_d000_r02,C1,202609,0.8,0.8,0.0,0.6,0.5972489140198761,0.6069148644216223,FAR,FAR,0.0,1,,,0.01,0
C1_n0.01_d000_r02,C1,202609,0.82,0.82,0.0,0.6,0.6049255064069495,0.6064175249179541,FAR,FAR,0.0,1,,,0.01,0
C1_n0.01_d000_r02,C1,202609,0.84,0.84,0.0,0.6,0.6135070727332046,0.6081899118717667,FAR,FAR,0.0,1,,,0.01,0
C1_n0.01_d000_r02,C1,202609,0.86,0.86,0.0,0.6,0.603372080437668,0.606985454013242,FAR,FAR,0.0,1,,,0.01,0
C1_n0.01_d000_r02,C1,202609,0.88,0.88,0.0,0.6,0.6107582278203748,0.6079286474650252,FAR,FAR,0.0,1,,,0.01,0
C1_n0.01_d000_r02,C1,202609,0.9,0.9,0.0,0.6,0.6037570448207028,0.6068857468039446,FAR,FAR,0.0,1,,,0.01,0
C1_n0.01_d000_r02,C1,202609,0.92,0.92,0.0,0.6,0.6032346744017532,0.6059729787033967,FAR,FAR,0.0,1,,,0.01,0
C1_n0.01_d000_r02,C1,202609,0.94,0.94,0.0,0.6,0.5952195383045338,0.603284618603681,FAR,FAR,0.0,1,,,0.01,0
C1_n0.01_d000_r02,C1,202609,0.96,0.96,0.0,0.6,0.6217262724993555,0.6078950320775995,FAR,FAR,0.0,1,,,0.01,0
C1_n0.01_d000_r02,C1,202609,0.98,0.98,0.0,0.6,0.5823216910303196,0.6015016968157796,FAR,FAR,0.0,1,,,0.01,0
C1_n0.01_d000_r02,C1,202609,1.0,1.0,0.0,0.6,0.6038471785154733,0.602088067240703,FAR,FAR,0.0,1,,,0.01,0
C1_n0.01_d000_r02,C1,202609,1.02,1.02,0.0,0.6,0.6100473394275041,0.6040778852874032,FAR,FAR,0.0,1,,,0.01,0
C1_n0.01_d000_r02,C1,202609,1.04,1.04,0.0,0.6,0.5934804421003703,0.601428524490645,FAR,FAR,0.0,1,,,0.01,0
C1_n0.01_d000_r02,C1,202609,1.06,1.06,0.0,0.6,0.6024236445505209,0.601677304505614,FAR,FAR,0.0,1,,,0.01,0
C1_n0.01_d000_r02,C1,202609,1.08,1.08,0.0,0.6,0.5921163499920875,0.5992870658772323,FAR,FAR,0.0,1,,,0.01,0
C1_n0.01_d000_r02,C1,202609,1.1,1.1,0.0,0.6,0.6050412270391905,0.6007256061677219,FAR,FAR,0.0,1,,,0.01,0
C1_n0.01_d000_r02,C1,202609,1.12,1.12,0.0,0.6,0.6101517235267613,0.6030821355074817,FAR,FAR,0.0,1,,,0.01,0
C1_n0.01_d000_r02,C1,202609,1.14,1.14,0.0,0.6,0.6005344649110652,0.6024452178583776,FAR,FAR,0.0,1,,,0.01,0
C1_n0.01_d000_r02,C1,202609,1.16,1.16,0.0,0.6,0.5927069752854575,0.6000106572151476,FAR,FAR,0.0,1,,,0.01,0
C1_n0.01_d000_r02,C1,202609,1.18,1.18,0.0,0.6,0.5894600858846148,0.5973730143825144,FAR,FAR,0.0,1,,,0.01,0
C1_n0.01_d000_r02,C1,202609,1.2,1.2,0.0,0.6,0.5962739884376548,0.5970982578962996,FAR,FAR,0.0,1,,,0.01,0
C1_n0.01_d000_r02,C1,202609,1.22,1.22,0.0,0.6,0.610556663008617,0.6004628591743789,FAR,FAR,0.0,1,,,0.01,0
C1_n0.01_d000_r02,C1,202609,1.24,1.24,0.0,0.6,0.5985935574322185,0.5999955337388387,FAR,FAR,0.0,1,,,0.01,0
C1_n0.01_d000_r02,C1,202609,1.26,1.26,0.0,0.6,0.6137644376440051,0.6034377597151304,FAR,FAR,0.0,1,,,0.01,0
C1_n0.01_d000_r02,C1,202609,1.28,1.28,0.0,0.6,0.5893257376468595,0.5999097541980627,FAR,FAR,0.0,1,,,0.01,0
C1_n0.01_d000_r02,C1,202609,1.3,1.3,0.0,0.6,0.6024590773746459,0.6005470849922085,FAR,FAR,0.0,1,,,0.01,0
C1_n0.01_d000_r02,C1,202609,1.32,1.32,0.0,0.6,0.6099908052097947,0.6029080150466051,FAR,FAR,0.0,1,,,0.01,0
C1_n0.01_d000_r02,C1,202609,1.34,1.34,0.0,0.6,0.595000161928086,0.6009310517669753,FAR,FAR,0.0,1,,,0.01,0
C1_n0.01_d000_r02,C1,202609,1.36,1.36,0.0,0.6,0.5968407942250855,0.5999084873815028,FAR,FAR,0.0,1,,,0.01,0
C1_n0.01_d000_r02,C1,202609,1.38,1.38,0.0,0.6,0.5823168210168347,0.5955105707903358,FAR,FAR,0.0,1,,,0.01,0
C1_n0.01_d000_r02,C1,202609,1.4,1.4,0.0,0.6,0.574592814554151,0.5902811317312895,FAR,FAR,0.0,1,,,0.01,0
C1_n0.01_d000_r02,C1,202609,1.42,1.42,0.0,0.6,0.6044793236201639,0.5938306797035081,FAR,FAR,0.0,1,,,0.01,0
C1_n0.01_d000_r02,C1,202609,1.44,1.44,0.0,0.6,0.5997886838861506,0.5953201807491687,FAR,FAR,0.0,1,,,0.01,0
C1_n0.01_d000_r02,C1,202609,1.46,1.46,0.0,0.6,0.5991635173289767,0.5962810148941207,FAR,FAR,0.0,1,,,0.01,0
C1_n0.01_d000_r02,C1,202609,1.48,1.48,0.0,0.6,0.6071762724048242,0.5990048292717965,FAR,FAR,0.0,1,,,0.01,0
C1_n0.01_d000_r02,C1,202609,1.5,1.5,0.0,0.6,0.5959663505563041,0.5982452095929235,FAR,FAR,0.0,1,,,0.01,0
C1_n0.01_d000_r02,C1,202609,1.52,1.52,0.0,0.6,0.5925161648677275,0.5968129484116245,FAR,FAR,0.0,1,,,0.01,0
C1_n0.01_d000_r02,C1,202609,1.54,1.54,0.0,0.6,0.6044911552209109,0.5987325001139461,FAR,FAR,0.0,1,,,0.01,0
C1_n0.01_d000_r02,C1,202609,1.56,1.56,0.0,0.6,0.6004748958998524,0.5991680990604227,FAR,FAR,0.0,1,,,0.01,0
C1_n0.01_d000_r02,C1,202609,1.58,1.58,0.0,0.6,0.6011661150431503,0.5996676030561046,FAR,FAR,0.0,1,,,0.01,0
C1_n0.01_d000_r02,C1,202609,1.6,1.6,0.0,0.6,0.6059811960138051,0.6012460012955296,FAR,FAR,0.0,1,,,0.01,0
C1_n0.01_d000_r02,C1,202609,1.62,1.62,0.0,0.6,0.6065058271138954,0.6025609577501211,FAR,FAR,0.0,1,,,0.01,0
C1_n0.01_d000_r02,C1,202609,1.64,1.64,0.0,0.6,0.5988442895511356,0.6016317907003748,FAR,FAR,0.0,1,,,0.01,0
C1_n0.01_d000_r02,C1,202609,1.66,1.66,0.0,0.6,0.5999093727543594,0.6012011862138709,FAR,FAR,0.0,1,,,0.01,0
C1_n0.01_d000_r02,C1,202609,1.68,1.68,0.0,0.6,0.589710555976328,0.5983285286544852,FAR,FAR,0.0,1,,,0.01,0
C1_n0.01_d000_r02,C1,202609,1.7,1.7,0.0,0.6,0.6167094308806897,0.6029237542110364,FAR,FAR,0.0,1,,,0.01,0
C1_n0.01_d000_r02,C1,202609,1.72,1.72,0.0,0.6,0.6016078880041318,0.6025947876593103,FAR,FAR,0.0,1,,,0.01,0
C1_n0.01_d000_r02,C1,202609,1.74,1.74,0.0,0.6,0.6001841880094461,0.6019921377468442,FAR,FAR,0.0,1,,,0.01,0
C1_n0.01_d000_r02,C1,202609,1.76,1.76,0.0,0.6,0.617558536711785,0.6058837374880794,FAR,FAR,0.0,1,,,0.01,0
C1_n0.01_d000_r02,C1,202609,1.78,1.78,0.0,0.6,0.5982594762839436,0.6039776721870455,FAR,FAR,0.0,1,,,0.01,0
C1_n0.01_d000_r02,C1,202609,1.8,1.8,0.0,0.6,0.6050349814054468,0.6042419994916457,FAR,FAR,0.0,1,,,0.01,0
C1_n0.01_d000_r02,C1,202609,1.82,1.82,0.0,0.6,0.5915388163708811,0.6010662037114546,FAR,FAR,0.0,1,,,0.01,0
C1_n0.01_d000_r02,C1,202609,1.84,1.84,0.0,0.6,0.6102784204352594,0.6033692578924057,FAR,FAR,0.0,1,,,0.01,0
C1_n0.01_d000_r02,C1,202609,1.86,1.86,0.0,0.6,0.5954448479928386,0.6013881554175139,FAR,FAR,0.0,1,,,0.01,0
C1_n0.01_d000_r02,C1,202609,1.88,1.88,0.0,0.6,0.6104268027786489,0.6036478172577976,FAR,FAR,0.0,1,,,0.01,0
C1_n0.01_d000_r02,C1,202609,1.9,1.9,0.0,0.6,0.5962469769848873,0.6017976071895701,FAR,FAR,0.0,1,,,0.01,0
C1_n0.01_d000_r02,C1,202609,1.92,1.92,0.0,0.6,0.6006488605780663,0.6015104205366941,FAR,FAR,0.0,1,,,0.01,0
C1_n0.01_d000_r02,C1,202609,1.94,1.94,0.0,0.6,0.5999497202698605,0.6011202454699858,FAR,FAR,0.0,1,,,0.01,0
C1_n0.01_d000_r02,C1,202609,1.96,1.96,0.0,0.6,0.5898307419328919,0.5982978695857123,FAR,FAR,0.0,1,,,0.01,0
C1_n0.01_d000_r02,C1,202609,1.98,1.98,0.0,0.6,0.5970845906453589,0.597994549850624,FAR,FAR,0.0,1,,,0.01,0
C1_n0.01_d000_r02,C1,202609,2.0,2.0,0.0,0.6,0.593830816322374,0.5969536164685614,FAR,FAR,0.0,1,,,0.01,0
C1_n0.01_d000_r02,C1,202609,2.02,2.02,0.0,0.6,0.6092632845465736,0.6000310334880644,FAR,FAR,0.0,1,,,0.01,0
C1_n0.01_d000_r02,C1,202609,2.04,2.04,0.0,0.6,0.6071974994447118,0.6018226499772263,FAR,FAR,0.0,1,,,0.01,0
C1_n0.01_d000_r02,C1,202609,2.06,2.06,0.0,0.6,0.6050008800471807,0.6026172074947149,FAR,FAR,0.0,1,,,0.01,0
C1_n0.01_d000_r02,C1,202609,2.08,2.08,0.0,0.6,0.6045785698322652,0.6031075480791025,FAR,FAR,0.0,1,,,0.01,0
C1_n0.01_d000_r02,C1,202609,2.1,2.1,0.0,0.6,0.6004263651553917,0.6024372523481748,FAR,FAR,0.0,1,,,0.01,0
C1_n0.01_d000_r02,C1,202609,2.12,2.12,0.0,0.6,0.5955497347802301,0.6007153729561886,FAR,FAR,0.0,1,,,0.01,0
C1_n0.01_d000_r02,C1,202609,2.14,2.14,0.0,0.6,0.601054246759634,0.6008000914070499,FAR,FAR,0.0,1,,,0.01,0
C1_n0.01_d000_r02,C1,202609,2.16,2.16,0.0,0.6,0.6045525493762514,0.6017382058993503,FAR,FAR,0.0,1,,,0.01,0
C1_n0.01_d000_r02,C1,202609,2.18,2.18,0.0,0.6,0.5911172550604464,0.5990829681896244,FAR,FAR,0.0,1,,,0.01,0
C1_n0.01_d000_r02,C1,202609,2.2,2.2,0.0,0.6,0.598953267445583,0.599050543003614,FAR,FAR,0.0,1,,,0.01,0
C1_n0.01_d000_r02,C1,202609,2.22,2.22,0.0,0.6,0.6002090701957749,0.5993401748016542,FAR,FAR,0.0,1,,,0.01,0
C1_n0.01_d000_r02,C1,202609,2.24,2.24,0.0,0.6,0.596023455554314,0.5985109949898192,FAR,FAR,0.0,1,,,0.01,0
C1_n0.01_d000_r02,C1,202609,2.26,2.26,0.0,0.6,0.5879847246742115,0.5958794274109173,FAR,FAR,0.0,1,,,0.01,0
C1_n0.01_d000_r02,C1,202609,2.28,2.28,0.0,0.6,0.5989804114094793,0.5966546734105578,FAR,FAR,0.0,1,,,0.01,0
C1_n0.01_d000_r02,C1,202609,2.3,2.3,0.0,0.6,0.5969084041580387,0.596718106097428,FAR,FAR,0.0,1,,,0.01,0
C1_n0.01_d000_r02,C1,202609,2.32,2.32,0.0,0.6,0.5979963848903346,0.5970376757956547,FAR,FAR,0.0,1,,,0.01,0
C1_n0.01_d000_r02,C1,202609,2.34,2.34,0.0,0.6,0.6021997752638634,0.5983282006627069,FAR,FAR,0.0,1,,,0.01,0
C1_n0.01_d000_r02,C1,202609,2.36,2.36,0.0,0.6,0.6068987130126955,0.6004708287502041,FAR,FAR,0.0,1,,,0.01,0
C1_n0.01_d000_r02,C1,202609,2.38,2.38,0.0,0.6,0.6121752067217419,0.6033969232430885,FAR,FAR,0.0,1,,,0.01,0
C1_n0.01_d000_r02,C1,202609,2.4,2.4,0.0,0.6,0.6018439118405323,0.6030086703924494,FAR,FAR,0.0,1,,,0.01,0
C1_n0.01_d000_r02,C1,202609,2.42,2.42,0.0,0.6,0.601800156427357,0.6027065419011763,FAR,FAR,0.0,1,,,0.01,0
C1_n0.01_d000_r02,C1,202609,2.44,2.44,0.0,0.6,0.6106265573633298,0.6046865457667148,FAR,FAR,0.0,1,,,0.01,0
C1_n0.01_d000_r02,C1,202609,2.46,2.46,0.0,0.6,0.6153360672925118,0.607348926148164,FAR,FAR,0.0,1,,,0.01,0
C1_n0.01_d000_r02,C1,202609,2.48,2.48,0.0,0.6,0.5806590600606387,0.6006764596262828,FAR,FAR,0.0,1,,,0.01,0
C1_n0.01_d000_r02,C1,202609,2.5,2.5,0.0,0.6,0.6094950804270641,0.6028811148264781,FAR,FAR,0.0,1,,,0.01,0
C1_n0.01_d000_r02,C1,202609,2.52,2.52,0.0,0.6,0.5943273942441784,0.6007426846809032,FAR,FAR,0.0,1,,,0.01,0
C1_n0.01_d000_r02,C1,202609,2.54,2.54,0.0,0.6,0.6045401178983747,0.601692042985271,FAR,FAR,0.0,1,,,0.01,0
C1_n0.01_d000_r02,C1,202609,2.56,2.56,0.0,0.6,0.5832842003822652,0.5970900823345195,FAR,FAR,0.0,1,,,0.01,0
C1_n0.01_d000_r02,C1,202609,2.58,2.58,0.0,0.6,0.5950506403723821,0.5965802218439852,FAR,FAR,0.0,1,,,0.01,0
C1_n0.01_d000_r02,C1,202609,2.6,2.6,0.0,0.6,0.6023491245295645,0.5980224475153799,FAR,FAR,0.0,1,,,0.01,0
C1_n0.01_d000_r02,C1,202609,2.62,2.62,0.0,0.6,0.6124446950945769,0.6016280094101791,FAR,FAR,0.0,1,,,0.01,0
C1_n0.01_d000_r02,C1,202609,2.64,2.64,0.0,0.6,0.588292953352992,0.5982942453958824,FAR,FAR,0.0,1,,,0.01,0
C1_n0.01_d000_r02,C1,202609,2.66,2.66,0.0,0.6,0.613203478724735,0.6020215537280955,FAR,FAR,0.0,1,,,0.01,0
C1_n0.01_d000_r02,C1,202609,2.68,2.68,0.0,0.6,0.5963352552234212,0.600599979101927,FAR,FAR,0.0,1,,,0.01,0
C1_n0.01_d000_r02,C1,202609,2.7,2.7,0.0,0.6,0.6021811234734141,0.6009952651947987,FAR,FAR,0.0,1,,,0.01,0
C1_n0.01_d000_r02,C1,202609,2.72,2.72,0.0,0.6,0.6025857071719606,0.6013928756890892,FAR,FAR,0.0,1,,,0.01,0
C1_n0.01_d000_r02,C1,202609,2.74,2.74,0.0,0.6,0.6026005874091404,0.601694803619102,FAR,FAR,0.0,1,,,0.01,0
C1_n0.01_d000_r02,C1,202609,2.76,2.76,0.0,0.6,0.594635700646643,0.5999300278759871,FAR,FAR,0.0,1,,,0.01,0
C1_n0.01_d000_r02,C1,202609,2.78,2.78,0.0,0.6,0.5931591751379333,0.5982373146914737,FAR,FAR,0.0,1,,,0.01,0
C1_n0.01_d000_r02,C1,202609,2.8,2.8,0.0,0.6,0.598638425914601,0.5983375924972555,FAR,FAR,0.0,1,,,0.01,0
C1_n0.01_d000_r02,C1,202609,2.82,2.82,0.0,0.6,0.6187243568181027,0.6034342835774673,FAR,FAR,0.0,1,,,0.01,0
C1_n0.01_d000_r02,C1,202609,2.84,2.84,0.0,0.6,0.5988204279875708,0.6022808196799931,FAR,FAR,0.0,1,,,0.01,0
C1_n0.01_d000_r02,C1,202609,2.86,2.86,0.0,0.6,0.6017821735500671,0.6021561581475117,FAR,FAR,0.0,1,,,0.01,0
C1_n0.01_d000_r02,C1,202609,2.88,2.88,0.0,0.6,0.5899320867861143,0.5991001403071623,FAR,FAR,0.0,1,,,0.01,0
C1_n0.01_d000_r02,C1,202609,2.9,2.9,0.0,0.6,0.606475995287162,0.6009441040521623,FAR,FAR,0.0,1,,,0.01,0
C1_n0.01_d000_r02,C1,202609,2.92,2.92,0.0,0.6,0.6157304392585861,0.6046406878537682,FAR,FAR,0.0,1,,,0.01,0
C1_n0.01_d000_r02,C1,202609,2.94,2.94,0.0,0.6,0.5820473344274761,0.5989923494971952,FAR,FAR,0.0,1,,,0.01,0
C1_n0.01_d000_r02,C1,202609,2.96,2.96,0.0,0.6,0.6003731491044028,0.5993375493989971,FAR,FAR,0.0,1,,,0.01,0
C1_n0.01_d000_r02,C1,202609,2.98,2.98,0.0,0.6,0.5942755857672533,0.598072058491061,FAR,FAR,0.0,1,,,0.01,0
C1_n0.01_d000_r02,C1,202609,3.0,3.0,0.0,0.6,0.6148888028996339,0.6022762445932043,FAR,FAR,0.0,1,,,0.01,0
C1_n0.01_d000_r02,C1,202609,3.02,3.02,0.0,0.6,0.5829661244718342,0.5974487145628617,FAR,FAR,0.0,1,,,0.01,0
C1_n0.01_d000_r02,C1,202609,3.04,3.04,0.0,0.6,0.6128477064719354,0.6012984625401302,FAR,FAR,0.0,1,,,0.01,0
C1_n0.01_d000_r02,C1,202609,3.06,3.06,0.0,0.6,0.5958901557568269,0.5999463858443044,FAR,FAR,0.0,1,,,0.01,0
C1_n0.01_d000_r02,C1,202609,3.08,3.08,0.0,0.6,0.5921374819022377,0.5979941598587877,FAR,FAR,0.0,1,,,0.01,0
C1_n0.01_d000_r02,C1,202609,3.1,3.1,0.0,0.6,0.5948361472177524,0.5972046566985288,FAR,FAR,0.0,1,,,0.01,0
C1_n0.01_d000_r02,C1,202609,3.12,3.12,0.0,0.6,0.604547025974171,0.5990402490174394,FAR,FAR,0.0,1,,,0.01,0
C1_n0.01_d000_r02,C1,202609,3.14,3.14,0.0,0.6,0.5743310080055365,0.5928629387644636,FAR,FAR,0.0,1,,,0.01,0
C1_n0.01_d000_r02,C1,202609,3.16,3.16,0.0,0.6,0.6021277809470298,0.5951791493101051,FAR,FAR,0.0,1,,,0.01,0
C1_n0.01_d000_r02,C1,202609,3.18,3.18,0.0,0.6,0.5960571514549955,0.5953986498463277,FAR,FAR,0.0,1,,,0.01,0
C1_n0.01_d000_r02,C1,202609,3.2,3.2,0.0,0.6,0.6031690660947976,0.5973412539084452,FAR,FAR,0.0,1,,,0.01,0
C1_n0.01_d000_r02,C1,202609,3.22,3.22,0.0,0.6,0.6318032605493135,0.6059567555686622,FAR,FAR,0.0,1,,,0.01,0
C1_n0.01_d000_r02,C1,202609,3.24,3.24,0.0,0.6,0.5969650688095742,0.6037088338788903,FAR,FAR,0.0,1,,,0.01,0
C1_n0.01_d000_r02,C1,202609,3.26,3.26,0.0,0.6,0.5890550082527175,0.6000453774723471,FAR,FAR,0.0,1,,,0.01,0
C1_n0.01_d000_r02,C1,202609,3.28,3.28,0.0,0.6,0.6078537136734211,0.6019974615226156,FAR,FAR,0.0,1,,,0.01,0
C1_n0.01_d000_r02,C1,202609,3.3,3.3,0.0,0.6,0.6016341749976638,0.6019066398913776,FAR,FAR,0.0,1,,,0.01,0
C1_n0.01_d000_r02,C1,202609,3.32,3.32,0.0,0.6,0.5986919752092236,0.6011029737208391,FAR,FAR,0.0,1,,,0.01,0
C1_n0.01_d000_r02,C1,202609,3.34,3.34,0.0,0.6,0.5932510956149674,0.5991400041943712,FAR,FAR,0.0,1,,,0.01,0
C1_n0.01_d000_r02,C1,202609,3.36,3.36,0.0,0.6,0.6154771293660153,0.6032242854872822,FAR,FAR,0.0,1,,,0.01,0
C1_n0.01_d000_r02,C1,202609,3.38,3.38,0.0,0.6,0.5926794216228312,0.6005880695211695,FAR,FAR,0.0,1,,,0.01,0
C1_n0.01_d000_r02,C1,202609,3.4,3.4,0.0,0.6,0.5920148267378424,0.5984447588253378,FAR,FAR,0.0,1,,,0.01,0
C1_n0.01_d000_r02,C1,202609,3.42,3.42,0.0,0.6,0.6095299110336669,0.60121604687742,FAR,FAR,0.0,1,,,0.01,0
C1_n0.01_d000_r02,C1,202609,3.44,3.44,0.0,0.6,0.6037339026178113,0.6018455108125178,FAR,FAR,0.0,1,,,0.01,0
C1_n0.01_d000_r02,C1,202609,3.46,3.46,0.0,0.6,0.6039220658357625,0.602364649568329,FAR,FAR,0.0,1,,,0.01,0
C1_n0.01_d000_r02,C1,202609,3.48,3.48,0.0,0.6,0.586644657419273,0.598434651531065,FAR,FAR,0.0,1,,,0.01,0
C1_n0.01_d000_r02,C1,202609,3.5,3.5,0.0,0.6,0.6187886422963311,0.6035231492223816,FAR,FAR,0.0,1,,,0.01,0
C1_n0.01_d000_r02,C1,202609,3.52,3.52,0.0,0.6,0.587671800645458,0.5995603120781507,FAR,FAR,0.0,1,,,0.01,0
C1_n0.01_d000_r02,C1,202609,3.54,3.54,0.0,0.6,0.5937294416523764,0.5981025944717071,FAR,FAR,0.0,1,,,0.01,0
C1_n0.01_d000_r02,C1,202609,3.56,3.56,0.0,0.6,0.5907021775320556,0.5962524902367943,FAR,FAR,0.0,1,,,0.01,0
C1_n0.01_d000_r02,C1,202609,3.58,3.58,0.0,0.6,0.6043450578615915,0.5982756321429936,FAR,FAR,0.0,1,,,0.01,0
C1_n0.01_d000_r02,C1,202609,3.6,3.6,0.0,0.6,0.5937491171169219,0.5971440033864757,FAR,FAR,0.0,1,,,0.01,0
C1_n0.01_d000_r02,C1,202609,3.62,3.62,0.0,0.6,0.5977586379678259,0.5972976620318132,FAR,FAR,0.0,1,,,0.01,0
C1_n0.01_d000_r02,C1,202609,3.64,3.64,0.0,0.6,0.5848006691777218,0.5941734138182904,FAR,FAR,0.0,1,,,0.01,0
C1_n0.01_d000_r02,C1,202609,3.66,3.66,0.0,0.6,0.5940881113711483,0.5941520882065048,FAR,FAR,0.0,1,,,0.01,0
C1_n0.01_d000_r02,C1,202609,3.68,3.68,0.0,0.6,0.5933486947936938,0.593951239853302,FAR,FAR,0.0,1,,,0.01,0
C1_n0.01_d000_r02,C1,202609,3.7,3.7,0.0,0.6,0.59487892286916,0.5941831606072665,FAR,FAR,0.0,1,,,0.01,0
C1_n0.01_d000_r02,C1,202609,3.72,3.72,0.0,0.6,0.5986836971460654,0.5953082947419662,FAR,FAR,0.0,1,,,0.01,0
C1_n0.01_d000_r02,C1,202609,3.74,3.74,0.0,0.6,0.5852223991158373,0.592786820835434,FAR,FAR,0.0,1,,,0.01,0
C1_n0.01_d000_r02,C1,202609,3.76,3.76,0.0,0.6,0.5980465715443722,0.5941017585126686,FAR,FAR,0.0,1,,,0.01,0
C1_n0.01_d000_r02,C1,202609,3.78,3.78,0.0,0.6,0.6030094973834663,0.596328693230368,FAR,FAR,0.0,1,,,0.01,0
C1_n0.01_d000_r02,C1,202609,3.8,3.8,0.0,0.6,0.5996369140497048,0.5971557484352021,FAR,FAR,0.0,1,,,0.01,0
C1_n0.01_d000_r02,C1,202609,3.82,3.82,0.0,0.6,0.598240966892162,0.5974270530494421,FAR,FAR,0.0,1,,,0.01,0
C1_n0.01_d000_r02,C1,202609,3.84,3.84,0.0,0.6,0.5857294785448925,0.5945026594233047,FAR,FAR,0.0,1,,,0.01,0
C1_n0.01_d000_r02,C1,202609,3.86,3.86,0.0,0.6,0.5927250097723061,0.5940582470105551,FAR,FAR,0.0,1,,,0.01,0
C1_n0.01_d000_r02,C1,202609,3.88,3.88,0.0,0.6,0.5844931587918896,0.5916669749558887,FAR,FAR,0.0,1,,,0.01,0
C1_n0.01_d000_r02,C1,202609,3.9,3.9,0.0,0.6,0.6140435064302971,0.5972611078244908,FAR,FAR,0.0,1,,,0.01,0
C1_n0.01_d000_r02,C1,202609,3.92,3.92,0.0,0.6,0.5963987907616358,0.5970455285587771,FAR,FAR,0.0,1,,,0.01,0
C1_n0.01_d000_r02,C1,202609,3.94,3.94,0.0,0.6,0.601423390807727,0.5981399941210146,FAR,FAR,0.0,1,,,0.01,0
C1_n0.01_d000_r02,C1,202609,3.96,3.96,0.0,0.6,0.6048749272922199,0.599823727413816,FAR,FAR,0.0,1,,,0.01,0
C1_n0.01_d000_r02,C1,202609,3.98,3.98,0.0,0.6,0.5966353536279494,0.5990266339673493,FAR,FAR,0.0,1,,,0.01,0
C1_n0.01_d000_r02,C1,202609,4.0,4.0,0.0,0.6,0.601475037240111,0.5996387347855398,FAR,FAR,0.0,1,,,0.01,0
C1_n0.01_d000_r02,C1,202609,4.02,4.02,0.0,0.5982500000000001,0.6237776482072208,0.60567346314096,FAR,FAR,0.0,1,,,0.01,0
C1_n0.01_d000_r02,C1,202609,4.04,4.04,0.0,0.5965,0.5964044031598219,0.6033561981456754,FAR,FAR,0.0,1,,,0.01,0
C1_n0.01_d000_r02,C1,202609,4.06,4.06,0.0,0.59475,0.6079582733534439,0.6045067169476175,FAR,FAR,0.0,1,,,0.01,0
C1_n0.01_d000_r02,C1,202609,4.08,4.08,0.0,0.593,0.5871218457661357,0.600160499152247,FAR,FAR,0.0,1,,,0.01,0
C1_n0.01_d000_r02,C1,202609,4.1,4.1,0.0,0.59125,0.5941688103605658,0.5986625769543268,FAR,FAR,0.0,1,,,0.01,0
C1_n0.01_d000_r02,C1,202609,4.12,4.12,0.0,0.5894999999999999,0.5794919678022515,0.593869924666308,FAR,FAR,0.0,1,,,0.01,0
C1_n0.01_d000_r02,C1,202609,4.14,4.14,0.0,0.58775,0.5947751570964053,0.5940962327738323,FAR,FAR,0.0,1,,,0.01,0
C1_n0.01_d000_r02,C1,202609,4.16,4.16,0.0,0.586,0.5852068598376483,0.5918738895397864,FAR,FAR,0.0,1,,,0.01,0
C1_n0.01_d000_r02,C1,202609,4.18,4.18,0.0,0.58425,0.5859106123168881,0.5903830702340618,FAR,FAR,0.0,1,,,0.01,0
C1_n0.01_d000_r02,C1,202609,4.2,4.2,0.0,0.5825,0.5843575656500395,0.5888766940880562,FAR,FAR,0.0,1,,,0.01,0
C1_n0.01_d000_r02,C1,202609,4.22,4.22,0.0,0.58075,0.5764050374205724,0.5857587799211852,FAR,FAR,0.0,1,,,0.01,0
C1_n0.01_d000_r02,C1,202609,4.24,4.24,0.0,0.579,0.5857043401711987,0.5857451699836885,FAR,FAR,0.0,1,,,0.01,0
C1_n0.01_d000_r02,C1,202609,4.26,4.26,0.0,0.57725,0.5886665428695472,0.5864755132051531,FAR,FAR,0.0,1,,,0.01,0
C1_n0.01_d000_r02,C1,202609,4.28,4.28,0.0,0.5754999999999999,0.58027219899217,0.5849246846519074,FAR,FAR,0.0,1,,,0.01,0
C1_n0.01_d000_r02,C1,202609,4.3,4.3,0.0,0.57375,0.5808185033960103,0.5838981393379331,FAR,FAR,0.0,1,,,0.01,0
C1_n0.01_d000_r02,C1,202609,4.32,4.32,0.0,0.572,0.5671278994394353,0.5797055793633086,FAR,FAR,0.0,1,,,0.01,0
C1_n0.01_d000_r02,C1,202609,4.34,4.34,0.0,0.57025,0.5792001269535938,0.5795792162608799,FAR,FAR,0.0,1,,,0.01,0
C1_n0.01_d000_r02,C1,202609,4.36,4.36,0.0,0.5685,0.5729100974756384,0.5779119365645695,FAR,FAR,0.0,1,,,0.01,0
C1_n0.01_d000_r02,C1,202609,4.38,4.38,0.0,0.56675,0.5709762231863859,0.5761780082200236,FAR,FAR,0.0,1,,,0.01,0
C1_n0.01_d000_r02,C1,202609,4.4,4.4,0.0,0.565,0.5783794286309845,0.5767283633227638,FAR,FAR,0.0,1,,,0.01,0
C1_n0.01_d000_r02,C1,202609,4.42,4.42,0.0,0.56325,0.5699032557969365,0.5750220864413069,FAR,FAR,0.0,1,,,0.01,0
C1_n0.01_d000_r02,C1,202609,4.44,4.44,0.0,0.5614999999999999,0.5704972812116601,0.5738908851338952,FAR,FAR,0.0,1,,,0.01,0
C1_n0.01_d000_r02,C1,202609,4.46,4.46,0.0,0.55975,0.5557214922039007,0.5693485369013966,FAR,FAR,0.0,1,,,0.01,0
C1_n0.01_d000_r02,C1,202609,4.48,4.48,0.0,0.5579999999999999,0.5615513681377925,0.5673992447104956,FAR,FAR,0.0,1,,,0.01,0
C1_n0.01_d000_r02,C1,202609,4.5,4.5,0.0,0.55625,0.5521044102415407,0.5635755360932568,FAR,FAR,0.0,1,,,0.01,0
C1_n0.01_d000_r02,C1,202609,4.52,4.52,0.0,0.5545,0.5470948480060411,0.5594553640714529,FAR,FAR,0.0,1,,,0.01,0
C1_n0.01_d000_r02,C1,202609,4.54,4.54,0.0,0.55275,0.5485092720994837,0.5567188410784607,FAR,FAR,0.0,1,,,0.01,0
C1_n0.01_d000_r02,C1,202609,4.56,4.56,0.0,0.551,0.552617824243014,0.555693586869599,FAR,FAR,0.0,1,,,0.01,0
C1_n0.01_d000_r02,C1,202609,4.58,4.58,0.0,0.54925,0.5569337214988909,0.556003620526922,FAR,FAR,0.0,1,,,0.01,0
C1_n0.01_d000_r02,C1,202609,4.6,4.6,0.0,0.5475,0.5379810817227731,0.5514979858258848,FAR,FAR,0.0,1,,,0.01,0
C1_n0.01_d000_r02,C1,202609,4.62,4.62,0.0,0.54575,0.555401290370842,0.5524738119621241,FAR,FAR,0.0,1,,,0.01,0
C1_n0.01_d000_r02,C1,202609,4.64,4.64,0.0,0.544,0.5491439950043293,0.5516413577226753,FAR,FAR,0.0,1,,,0.01,0
C1_n0.01_d000_r02,C1,202609,4.66,4.66,0.0,0.54225,0.5382531174518946,0.5482942976549802,FAR,FAR,0.0,1,,,0.01,0
C1_n0.01_d000_r02,C1,202609,4.68,4.68,0.0,0.5405,0.5525167181705117,0.5493499027838631,FAR,FAR,0.0,1,,,0.01,0
C1_n0.01_d000_r02,C1,202609,4.7,4.7,0.0,0.53875,0.5422540146454818,0.5475759307492678,FAR,FAR,0.0,1,,,0.01,0
C1_n0.01_d000_r02,C1,202609,4.72,4.72,0.0,0.537,0.5357850370640431,0.5446282073279616,FAR,FAR,0.0,1,,,0.01,0
C1_n0.01_d000_r02,C1,202609,4.74,4.74,0.0,0.53525,0.544631766343655,0.5446290970818849,FAR,FAR,0.0,1,,,0.01,0
C1_n0.01_d000_r02,C1,202609,4.76,4.76,0.0,0.5335,0.5224130814879728,0.539075093183407,FAR,FAR,0.0,1,,,0.01,0
C1_n0.01_d000_r02,C1,202609,4.78,4.78,0.0,0.53175,0.5335747083096424,0.5376999969649658,FAR,FAR,0.0,1,,,0.01,0
C1_n0.01_d000_r02,C1,202609,4.8,4.8,0.0,0.53,0.5331106902185324,0.5365526702783575,FAR,FAR,0.0,1,,,0.01,0
C1_n0.01_d000_r02,C1,202609,4.82,4.82,0.0,0.52825,0.5206913011380266,0.5325873279932748,FAR,FAR,0.0,1,,,0.01,0
C1_n0.01_d000_r02,C1,202609,4.84,4.84,0.0,0.5265,0.5367552970111534,0.5336293202477445,FAR,FAR,0.0,1,,,0.01,0
C1_n0.01_d000_r02,C1,202609,4.86,4.86,0.0,0.5247499999999999,0.5174363466499998,0.5295810768483082,FAR,FAR,0.0,1,,,0.01,0
C1_n0.01_d000_r02,C1,202609,4.88,4.88,0.0,0.523,0.5267045631640525,0.5288619484272443,FAR,FAR,0.0,1,,,0.01,0
C1_n0.01_d000_r02,C1,202609,4.9,4.9,0.0,0.52125,0.5141794189323832,0.5251913160535291,FAR,FAR,0.0,1,,,0.01,0
C1_n0.01_d000_r02,C1,202609,4.92,4.92,0.0,0.5195,0.511729587843888,0.5218258840011188,FAR,FAR,0.0,1,,,0.01,0
C1_n0.01_d000_r02,C1,202609,4.94,4.94,0.0,0.5177499999999999,0.5111089086069747,0.5191466401525828,FAR,FAR,0.0,1,,,0.01,0
C1_n0.01_d000_r02,C1,202609,4.96,4.96,0.0,0.516,0.5158421319615802,0.5183205131048322,FAR,FAR,0.0,1,,,0.01,0
C1_n0.01_d000_r02,C1,202609,4.98,4.98,0.0,0.51425,0.5377063754230451,0.5231669786843854,FAR,FAR,0.0,1,,,0.01,0
C1_n0.01_d000_r02,C1,202609,5.0,5.0,0.0,0.5125,0.5145229867282902,0.5210059806953616,FAR,FAR,0.0,1,,,0.01,0
C1_n0.01_d000_r02,C1,202609,5.02,5.02,0.0,0.51075,0.5137700375756333,0.5191969949154296,FAR,FAR,0.0,1,,,0.01,0
C1_n0.01_d000_r02,C1,202609,5.04,5.04,0.0,0.509,0.5082859319165983,0.5164692291657218,FAR,FAR,0.0,1,,,0.01,0
C1_n0.01_d000_r02,C1,202609,5.06,5.06,0.0,0.50725,0.5005572577784573,0.5124912363189057,FAR,FAR,0.0,1,,,0.01,0
C1_n0.01_d000_r02,C1,202609,5.08,5.08,0.0,0.5055,0.5019806197852344,0.5098635821854879,FAR,FAR,0.0,1,,,0.01,0
C1_n0.01_d000_r02,C1,202609,5.1,5.1,0.0,0.50375,0.49400096642817987,0.5058979282461609,FAR,FAR,0.0,1,,,0.01,0
C1_n0.01_d000_r02,C1,202609,5.12,5.12,0.0,0.502,0.4914328598471692,0.5022816611464129,FAR,FAR,0.0,1,,,0.01,0
C1_n0.01_d000_r02,C1,202609,5.14,5.14,0.0,0.50025,0.49096659892728955,0.4994528955916321,FAR,FAR,0.0,1,,,0.01,0
C1_n0.01_d000_r02,C1,202609,5.16,5.16,0.0,0.49849999999999994,0.5061435720023192,0.5011255646943038,FAR,FAR,0.0,1,,,0.01,0
C1_n0.01_d000_r02,C1,202609,5.18,5.18,0.0,0.49675,0.48392531522313453,0.49682550232651146,FAR,FAR,0.0,1,,,0.01,0
C1_n0.01_d000_r02,C1,202609,5.2,5.2,0.0,0.495,0.48784097142876764,0.49457936960207555,FAR,FAR,0.0,1,,,0.01,0
C1_n0.01_d000_r02,C1,202609,5.22,5.22,0.0,0.49325,0.49103515456634644,0.4936933158431433,FAR,FAR,0.0,1,,,0.01,0
C1_n0.01_d000_r02,C1,202609,5.24,5.24,0.0,0.49149999999999994,0.5031932087754054,0.4960682890762088,FAR,FAR,0.0,1,,,0.01,0
C1_n0.01_d000_r02,C1,202609,5.26,5.26,0.0,0.48975,0.49982712578955074,0.4970079982545443,FAR,FAR,0.0,1,,,0.01,0
C1_n0.01_d000_r02,C1,202609,5.28,5.28,0.0,0.488,0.4946910473342127,0.4964287605244614,FAR,FAR,0.0,1,,,0.01,0
C1_n0.01_d000_r02,C1,202609,5.3,5.3,0.0,0.48625,0.4810112802313057,0.49257439045117246,FAR,FAR,0.0,1,,,0.01,0
C1_n0.01_d000_r02,C1,202609,5.32,5.32,0.0,0.48449999999999993,0.47925755184869245,0.48924518080055246,FAR,FAR,0.0,1,,,0.01,0
C1_n0.01_d000_r02,C1,202609,5.34,5.34,0.0,0.48275,0.4814396286385347,0.48729379276004803,FAR,FAR,0.0,1,,,0.01,0
C1_n0.01_d000_r02,C1,202609,5.36,5.36,0.0,0.481,0.4882990409423052,0.4875451048056123,FAR,FAR,0.0,1,,,0.01,0
C1_n0.01_d000_r02,C1,202609,5.38,5.38,0.0,0.47925,0.4787601468016955,0.4853488653046331,FAR,FAR,0.0,1,,,0.01,0
C1_n0.01_d000_r02,C1,202609,5.4,5.4,0.0,0.4774999999999999,0.485593558032835,0.48541003848668357,FAR,FAR,0.0,1,,,0.01,0
C1_n0.01_d000_r02,C1,202609,5.42,5.42,0.0,0.47575,0.47717475127102665,0.48335121668276937,FAR,FAR,0.0,1,,,0.01,0
C1_n0.01_d000_r02,C1,202609,5.44,5.44,0.0,0.474,0.47123108849217354,0.4803211846351204,FAR,FAR,0.0,1,,,0.01,0
C1_n0.01_d000_r02,C1,202609,5.46,5.46,0.0,0.47224999999999995,0.49058392215448676,0.482886869014962,FAR,FAR,0.0,1,,,0.01,0
C1_n0.01_d000_r02,C1,202609,5.48,5.48,0.0,0.4704999999999999,0.48371581313665857,0.48309410504538614,FAR,FAR,0.0,1,,,0.01,0
C1_n0.01_d000_r02,C1,202609,5.5,5.5,0.0,0.46875,0.45405883712170275,0.4758352880644653,FAR,FAR,0.0,1,,,0.01,0
C1_n0.01_d000_r02,C1,202609,5.52,5.52,0.0,0.467,0.4684866310151557,0.4739981238021379,FAR,FAR,0.0,1,,,0.01,0
C1_n0.01_d000_r02,C1,202609,5.54,5.54,0.0,0.46525,0.4746702641880964,0.47416615889862757,FAR,FAR,0.0,1,,,0.01,0
C1_n0.01_d000_r02,C1,202609,5.56,5.56,0.0,0.4635,0.460482962462775,0.4707453597896645,FAR,FAR,0.0,1,,,0.01,0
C1_n0.01_d000_r02,C1,202609,5.58,5.58,0.0,0.46175,0.46054070512370376,0.4681941961231743,FAR,FAR,0.0,1,,,0.01,0
C1_n0.01_d000_r02,C1,202609,5.6,5.6,0.0,0.46,0.4626964431581065,0.4668197578819073,FAR,FAR,0.0,1,,,0.01,0
C1_n0.01_d000_r02,C1,202609,5.62,5.62,0.0,0.45825,0.483869672420353,0.47108223651651876,FAR,FAR,0.0,1,,,0.01,0
C1_n0.01_d000_r02,C1,202609,5.64,5.64,0.0,0.4565,0.4399513372988347,0.4632995117120977,FAR,FAR,0.0,1,,,0.01,0
C1_n0.01_d000_r02,C1,202609,5.66,5.66,0.0,0.45475,0.45746329206687897,0.461840456800793,FAR,FAR,0.0,1,,,0.01,0
C1_n0.01_d000_r02,C1,202609,5.68,5.68,0.0,0.453,0.4784029575408817,0.46598108198581517,FAR,FAR,0.0,1,,,0.01,0
C1_n0.01_d000_r02,C1,202609,5.7,5.7,0.0,0.45125,0.4518033684898219,0.46243665361181685,FAR,FAR,0.0,1,,,0.01,0
C1_n0.01_d000_r02,C1,202609,5.72,5.72,0.0,0.4495,0.4376864462715554,0.4562491017767515,FAR,FAR,0.0,1,,,0.01,0
C1_n0.01_d000_r02,C1,202609,5.74,5.74,0.0,0.44775,0.4492974475014523,0.4545111882079267,FAR,FAR,0.0,1,,,0.01,0
C1_n0.01_d000_r02,C1,202609,5.76,5.76,0.0,0.446,0.4290589793210154,0.44814813598619885,FAR,FAR,0.0,1,,,0.01,0
C1_n0.01_d000_r02,C1,202609,5.78,5.78,0.0,0.44425,0.45668058684611523,0.4502812487011779,FAR,FAR,0.0,1,,,0.01,0
C1_n0.01_d000_r02,C1,202609,5.8,5.8,0.0,0.4425,0.4343808099202647,0.4463061390059496,FAR,FAR,0.0,1,,,0.01,0
C1_n0.01_d000_r02,C1,202609,5.82,5.82,0.0,0.44075,0.44277318002950594,0.44542289926183865,FAR,FAR,0.0,1,,,0.01,0
C1_n0.01_d000_r02,C1,202609,5.84,5.84,0.0,0.439,0.43378125119933564,0.44251248724621295,FAR,FAR,0.0,1,,,0.01,0
C1_n0.01_d000_r02,C1,202609,5.86,5.86,0.0,0.43724999999999997,0.44356682021141725,0.442776070487514,FAR,FAR,0.0,1,,,0.01,0
C1_n0.01_d000_r02,C1,202609,5.88,5.88,0.0,0.4355,0.4324035826372469,0.4401829485249472,FAR,FAR,0.0,1,,,0.01,0
C1_n0.01_d000_r02,C1,202609,5.9,5.9,0.0,0.43374999999999997,0.42097092381396967,0.43537994234720284,FAR,FAR,0.0,1,,,0.01,0
C1_n0.01_d000_r02,C1,202609,5.92,5.92,0.0,0.432,0.43301535336322644,0.4347887951012087,FAR,FAR,0.0,1,,,0.01,0
C1_n0.01_d000_r02,C1,202609,5.94,5.94,0.0,0.43024999999999997,0.4369388842283042,0.4353263173829826,FAR,FAR,0.0,1,,,0.01,0
C1_n0.01_d000_r02,C1,202609,5.96,5.96,0.0,0.4285,0.4300492340109442,0.434007046539973,FAR,FAR,0.0,1,,,0.01,0
C1_n0.01_d000_r02,C1,202609,5.98,5.98,0.0,0.42674999999999996,0.4423206838444926,0.4360854558661029,FAR,FAR,0.0,1,,,0.01,0
C1_n0.01_d000_r02,C1,202609,6.0,6.0,0.0,0.425,0.43080035895663227,0.43476418163873526,FAR,FAR,0.0,1,,,0.01,0
C1_n0.01_d000_r02,C1,202609,6.02,6.02,0.0,0.42325,0.41543780898745397,0.4299325884759149,FAR,FAR,0.0,1,,,0.01,0
C1_n0.01_d000_r02,C1,202609,6.04,6.04,0.0,0.4215,0.42673507943562655,0.42913321121584286,FAR,FAR,0.0,1,,,0.01,0
C1_n0.01_d000_r02,C1,202609,6.06,6.06,0.0,0.41975,0.43992368532438697,0.4318308297429789,FAR,FAR,0.0,1,,,0.01,0
C1_n0.01_d000_r02,C1,202609,6.08,6.08,0.0,0.418,0.40978580688864213,0.42631957402939474,FAR,FAR,0.0,1,,,0.01,0
C1_n0.01_d000_r02,C1,202609,6.1,6.1,0.0,0.41625,0.4125587729779179,0.4228793737665255,FAR,FAR,0.0,1,,,0.01,0
C1_n0.01_d000_r02,C1,202609,6.12,6.12,0.0,0.4145,0.40835658946393855,0.41924867769087876,FAR,FAR,0.0,1,,,0.01,0
C1_n0.01_d000_r02,C1,202609,6.14,6.14,0.0,0.41275,0.4076375087890043,0.4163458854654101,FAR,FAR,0.0,1,,,0.01,0
C1_n0.01_d000_r02,C1,202609,6.16,6.16,0.0,0.411,0.4072484776211285,0.41407153350433973,FAR,FAR,0.0,1,,,0.01,0
C1_n0.01_d000_r02,C1,202609,6.18,6.18,0.0,0.40925,0.3975178102160633,0.4099331026822706,FAR,FAR,0.0,1,,,0.01,0
C1_n0.01_d000_r02,C1,202609,6.2,6.2,0.0,0.4075,0.39637574979772516,0.40654376446113427,FAR,FAR,0.0,1,,,0.01,0
C1_n0.01_d000_r02,C1,202609,6.22,6.22,0.0,0.40575,0.39853064307888336,0.40454048411557153,FAR,FAR,0.0,1,,,0.01,0
C1_n0.01_d000_r02,C1,202609,6.24,6.24,0.0,0.40399999999999997,0.3876507164379047,0.40031804219615486,FAR,FAR,0.0,1,,,0.01,0
C1_n0.01_d000_r02,C1,202609,6.26,6.26,0.0,0.40225,0.40484194659462164,0.4014490182957715,FAR,FAR,0.0,1,,,0.01,0
C1_n0.01_d000_r02,C1,202609,6.28,6.28,0.0,0.40049999999999997,0.3780358012329644,0.3955957140300697,FAR,FAR,0.0,1,,,0.01,0
C1_n0.01_d000_r02,C1,202609,6.3,6.3,0.0,0.39875,0.39547206917773997,0.3955648028169873,FAR,FAR,0.0,1,,,0.01,0
C1_n0.01_d000_r02,C1,202609,6.32,6.32,0.0,0.39699999999999996,0.4213928358865072,0.4020218110843673,FAR,FAR,0.0,1,,,0.01,0
C1_n0.01_d000_r02,C1,202609,6.34,6.34,0.0,0.39525,0.39620463242207776,0.40056751641879496,FAR,FAR,0.0,1,,,0.01,0
C1_n0.01_d000_r02,C1,202609,6.36,6.36,0.0,0.39349999999999996,0.3979302026818235,0.3999081879845521,FAR,FAR,0.0,1,,,0.01,0
C1_n0.01_d000_r02,C1,202609,6.38,6.38,0.0,0.39175,0.3986771792418256,0.39960043579887045,FAR,FAR,0.0,1,,,0.01,0
C1_n0.01_d000_r02,C1,202609,6.4,6.4,0.0,0.38999999999999996,0.3958315554345705,0.39865821570779547,FAR,FAR,0.0,1,,,0.01,0
C1_n0.01_d000_r02,C1,202609,6.42,6.42,0.0,0.38825,0.4024580008133752,0.3996081619841904,FAR,FAR,0.0,1,,,0.01,0
C1_n0.01_d000_r02,C1,202609,6.44,6.44,0.0,0.38649999999999995,0.3955195905178444,0.3985860191176039,FAR,FAR,0.0,1,,,0.01,0
C1_n0.01_d000_r02,C1,202609,6.46,6.46,0.0,0.38475,0.3662049181163566,0.3904907438672921,FAR,FAR,0.0,1,,,0.01,0
C1_n0.01_d000_r02,C1,202609,6.48,6.48,0.0,0.38299999999999995,0.38581219561730273,0.3893211068047948,FAR,FAR,0.0,1,,,0.01,0
C1_n0.01_d000_r02,C1,202609,6.5,6.5,0.0,0.38125,0.37669231192712,0.3861639080853761,FAR,FAR,0.0,1,,,0.01,0
C1_n0.01_d000_r02,C1,202609,6.52,6.52,0.0,0.37950000000000006,0.3721115556117582,0.38265081996697164,FAR,FAR,0.0,1,,,0.01,0
C1_n0.01_d000_r02,C1,202609,6.54,6.54,0.0,0.37775000000000003,0.37316840098112897,0.380280215220511,FAR,FAR,0.0,1,,,0.01,0
C1_n0.01_d000_r02,C1,202609,6.56,6.56,0.0,0.376,0.36981909313823486,0.37766493469994195,FAR,FAR,0.0,1,,,0.01,0
C1_n0.01_d000_r02,C1,202609,6.58,6.58,0.0,0.37424999999999997,0.3765514606067552,0.3773865661766453,FAR,FAR,0.0,1,,,0.01,0
C1_n0.01_d000_r02,C1,202609,6.6,6.6,0.0,0.37250000000000005,0.38817789927847085,0.38008439945210165,FAR,FAR,0.0,1,,,0.01,0
C1_n0.01_d000_r02,C1,202609,6.62,6.62,0.0,0.37075,0.35176592955336194,0.3730047819774167,FAR,FAR,0.0,1,,,0.01,0
C1_n0.01_d000_r02,C1,202609,6.64,6.64,0.0,0.369,0.38153455276277104,0.3751372246737553,FAR,FAR,0.0,1,,,0.01,0
C1_n0.01_d000_r02,C1,202609,6.66,6.66,0.0,0.36724999999999997,0.3840782751416384,0.37737248729072614,FAR,FAR,0.0,1,,,0.01,0
C1_n0.01_d000_r02,C1,202609,6.68,6.68,0.0,0.36550000000000005,0.3738707781881319,0.37649706001507754,FAR,FAR,0.0,1,,,0.01,0
C1_n0.01_d000_r02,C1,202609,6.7,6.7,0.0,0.36375,0.3596951780528084,0.3722965895245103,FAR,FAR,0.0,1,,,0.01,0
C1_n0.01_d000_r02,C1,202609,6.72,6.72,0.0,0.362,0.36992417777515213,0.37170348658717073,FAR,FAR,0.0,1,,,0.01,0
C1_n0.01_d000_r02,C1,202609,6.74,6.74,0.0,0.36024999999999996,0.3597047289092034,0.3687037971676789,FAR,FAR,0.0,1,,,0.01,0
C1_n0.01_d000_r02,C1,202609,6.76,6.76,0.0,0.35850000000000004,0.35099194984726156,0.36427583533757457,FAR,FAR,0.0,1,,,0.01,0
C1_n0.01_d000_r02,C1,202609,6.78,6.78,0.0,0.35675,0.34722046414583574,0.3600119925396399,FAR,NEAR,0.6,1,ENTER_NEAR,,0.01,0
C1_n0.01_d000_r02,C1,202609,6.8,6.8,0.0,0.355,0.33617507076064695,0.35405276209489167,FAR,NEAR,0.6,1,,,0.01,0
C1_n0.01_d000_r02,C1,202609,6.82,6.82,0.0,0.35324999999999995,0.3627990949306296,0.35623934530382617,FAR,FAR,0.0,1,EXIT_NEAR,,0.01,0
C1_n0.01_d000_r02,C1,202609,6.84,6.84,0.0,0.35150000000000003,0.34907077260182523,0.3544472021283259,FAR,NEAR,0.6,1,ENTER_NEAR,,0.01,0
C1_n0.01_d000_r02,C1,202609,6.86,6.86,0.0,0.34974999999999995,0.3471819715823145,0.35263089449182305,NEAR,NEAR,0.6,1,,,0.01,0
C1_n0.01_d000_r02,C1,202609,6.88,6.88,0.0,0.348,0.34132090728608305,0.34980339769038804,NEAR,NEAR,0.6,1,,,0.01,0
C1_n0.01_d000_r02,C1,202609,6.9,6.9,0.0,0.34624999999999995,0.3474645684075805,0.34921869036968617,NEAR,NEAR,0.6,1,,,0.01,0
C1_n0.01_d000_r02,C1,202609,6.92,6.92,0.0,0.3445,0.34175492945046326,0.34735275013988043,NEAR,NEAR,0.6,1,,,0.01,0
C1_n0.01_d000_r02,C1,202609,6.94,6.94,0.0,0.34274999999999994,0.3303406837198856,0.34309973353488177,NEAR,NEAR,0.6,1,,,0.01,0
C1_n0.01_d000_r02,C1,202609,6.96,6.96,0.0,0.34099999999999997,0.3498152259887793,0.34477860664835613,NEAR,NEAR,0.6,1,,,0.01,0
C1_n0.01_d000_r02,C1,202609,6.98,6.98,0.0,0.33924999999999994,0.35413018591564493,0.3471165014651783,NEAR,FAR,0.0,1,EXIT_NEAR,,0.01,0
C1_n0.01_d000_r02,C1,202609,7.0,7.0,0.0,0.3375,0.3429970669948076,0.3460866428475856,NEAR,NEAR,0.6,1,ENTER_NEAR,,0.01,0
C1_n0.01_d000_r02,C1,202609,7.02,7.02,0.0,0.33575000000000005,0.32576218249779293,0.3410055277601375,NEAR,NEAR,0.6,1,,,0.01,0
C1_n0.01_d000_r02,C1,202609,7.04,7.04,0.0,0.334,0.34434796545520185,0.34184113718390363,NEAR,NEAR,0.6,1,,,0.01,0
C1_n0.01_d000_r02,C1,202609,7.06,7.06,0.0,0.33225000000000005,0.32757854194441827,0.3382754883740323,NEAR,NEAR,0.6,1,,,0.01,0
C1_n0.01_d000_r02,C1,202609,7.08,7.08,0.0,0.3305,0.3459668197195106,0.34019832121040194,NEAR,NEAR,0.6,1,,,0.01,0
C1_n0.01_d000_r02,C1,202609,7.1,7.1,0.0,0.32875000000000004,0.3327574987971698,0.3383381156070939,NEAR,NEAR,0.6,1,,,0.01,0
C1_n0.01_d000_r02,C1,202609,7.12,7.12,0.0,0.327,0.3164150594669583,0.33285735157206003,NEAR,NEAR,0.6,1,,,0.01,0
C1_n0.01_d000_r02,C1,202609,7.14,7.14,0.0,0.32525000000000004,0.32405988524538154,0.3306579849903904,NEAR,NEAR,0.6,1,,,0.01,0
C1_n0.01_d000_r02,C1,202609,7.16,7.16,0.0,0.3235,0.31462193814152567,0.3266489732781742,NEAR,NEAR,0.6,1,,,0.01,0
C1_n0.01_d000_r02,C1,202609,7.18,7.18,0.0,0.32175000000000004,0.31817484785966926,0.32453044192354796,NEAR,NEAR,0.6,1,,,0.01,0
C1_n0.01_d000_r02,C1,202609,7.2,7.2,0.0,0.32,0.33190626240777316,0.32637439704460425,NEAR,NEAR,0.6,1,,,0.01,0
C1_n0.01_d000_r02,C1,202609,7.22,7.22,0.0,0.31825000000000003,0.3202634133346801,0.3248466511171232,NEAR,NEAR,0.6,1,,,0.01,0
C1_n0.01_d000_r02,C1,202609,7.24,7.24,0.0,0.3165,0.3036153416428541,0.3195388237485559,NEAR,NEAR,0.6,1,,,0.01,0
C1_n0.01_d000_r02,C1,202609,7.26,7.26,0.0,0.31475000000000003,0.2966888227700462,0.3138263235039285,NEAR,NEAR,0.6,1,,,0.01,0
C1_n0.01_d000_r02,C1,202609,7.28,7.28,0.0,0.313,0.31667306894288305,0.3145380098636671,NEAR,NEAR,0.6,1,,,0.01,0
C1_n0.01_d000_r02,C1,202609,7.3,7.3,0.0,0.31125,0.32779502394686305,0.3178522633844661,NEAR,NEAR,0.6,1,,,0.01,0
C1_n0.01_d000_r02,C1,202609,7.32,7.32,0.0,0.3095,0.31375662311277924,0.3168283533165444,NEAR,NEAR,0.6,1,,,0.01,0
C1_n0.01_d000_r02,C1,202609,7.34,7.34,0.0,0.30775,0.2890820633444574,0.30989178082352264,NEAR,NEAR,0.6,1,,,0.01,0
C1_n0.01_d000_r02,C1,202609,7.36,7.36,0.0,0.306,0.287281033246896,0.304239093929366,NEAR,NEAR,0.6,1,,,0.01,0
C1_n0.01_d000_r02,C1,202609,7.38,7.38,0.0,0.30425,0.31423286361035274,0.30673753634961265,NEAR,NEAR,0.6,1,,,0.01,0
C1_n0.01_d000_r02,C1,202609,7.4,7.4,0.0,0.3025,0.3040467124599811,0.3060648303772048,NEAR,NEAR,0.6,1,,,0.01,0
C1_n0.01_d000_r02,C1,202609,7.42,7.42,0.0,0.30075,0.29911110968376203,0.3043264002038441,NEAR,NEAR,0.6,1,,,0.01,0
C1_n0.01_d000_r02,C1,202609,7.44,7.44,0.0,0.299,0.2924059853406773,0.3013462964880524,NEAR,NEAR,0.6,1,,,0.01,0
C1_n0.01_d000_r02,C1,202609,7.46,7.46,0.0,0.29725,0.30020882135891136,0.3010619277057671,NEAR,NEAR,0.6,1,,,0.01,0
C1_n0.01_d000_r02,C1,202609,7.48,7.48,0.0,0.2955,0.2881143899154288,0.29782504325818254,NEAR,NEAR,0.6,1,,,0.01,0
C1_n0.01_d000_r02,C1,202609,7.5,7.5,0.0,0.29375,0.2983639601813787,0.29795977248898153,NEAR,NEAR,0.6,1,,,0.01,0
C1_n0.01_d000_r02,C1,202609,7.52,7.52,0.0,0.29200000000000004,0.3085327995152388,0.3006030292455458,NEAR,NEAR,0.6,1,,,0.01,0
C1_n0.01_d000_r02,C1,202609,7.54,7.54,0.0,0.29025,0.29174679235335327,0.2983889700224977,NEAR,NEAR,0.6,1,,,0.01,0
C1_n0.01_d000_r02,C1,202609,7.56,7.56,0.0,0.28850000000000003,0.2777833310012613,0.2932375602671886,NEAR,NEAR,0.6,1,,,0.01,0
C1_n0.01_d000_r02,C1,202609,7.58,7.58,0.0,0.28675,0.28065613440470244,0.2900922038015671,NEAR,NEAR,0.6,1,,,0.01,0
C1_n0.01_d000_r02,C1,202609,7.6,7.6,0.0,0.28500000000000003,0.2923826371268333,0.29066481213288364,NEAR,NEAR,0.6,1,,,0.01,0
C1_n0.01_d000_r02,C1,202609,7.62,7.62,0.0,0.28325,0.2935052266667672,0.29137491576635455,NEAR,NEAR,0.6,1,,,0.01,0
C1_n0.01_d000_r02,C1,202609,7.64,7.64,0.0,0.28150000000000003,0.2718200908728758,0.28648620954298487,NEAR,NEAR,0.6,1,,,0.01,0
C1_n0.01_d000_r02,C1,202609,7.66,7.66,0.0,0.27975,0.2787365407463118,0.2845487923438166,NEAR,NEAR,0.6,1,,,0.01,0
C1_n0.01_d000_r02,C1,202609,7.68,7.68,0.0,0.278,0.28282622372022825,0.2841181501879195,NEAR,NEAR,0.6,1,,,0.01,0
C1_n0.01_d000_r02,C1,202609,7.7,7.7,0.0,0.27625,0.28376453150569303,0.28402974551736293,NEAR,NEAR,0.6,1,,,0.01,0
C1_n0.01_d000_r02,C1,202609,7.72,7.72,0.0,0.2745,0.2696882070304633,0.280444360895638,NEAR,NEAR,0.6,1,,,0.01,0
C1_n0.01_d000_r02,C1,202609,7.74,7.74,0.0,0.27275,0.28953653630309834,0.2827174047475031,NEAR,NEAR,0.6,1,,,0.01,0
C1_n0.01_d000_r02,C1,202609,7.76,7.76,0.0,0.271,0.27508606142617364,0.28080956891717074,NEAR,NEAR,0.6,1,,,0.01,0
C1_n0.01_d000_r02,C1,202609,7.78,7.78,0.0,0.26925,0.2640008776938053,0.27660739611132934,NEAR,NEAR,0.6,1,,,0.01,0
C1_n0.01_d000_r02,C1,202609,7.8,7.8,0.0,0.2675,0.2646224021691134,0.2736111476257754,NEAR,NEAR,0.6,1,,,0.01,0
C1_n0.01_d000_r02,C1,202609,7.82,7.82,0.0,0.26575,0.2686977642953576,0.2723828017931709,NEAR,NEAR,0.6,1,,,0.01,0
C1_n0.01_d000_r02,C1,202609,7.84,7.84,0.0,0.264,0.2570280160724838,0.26854410536299916,NEAR,NEAR,0.6,1,,,0.01,0
C1_n0.01_d000_r02,C1,202609,7.86,7.86,0.0,0.26225,0.252613891338594,0.2645615518568979,NEAR,NEAR,0.6,1,,,0.01,0
C1_n0.01_d000_r02,C1,202609,7.88,7.88,0.0,0.2605,0.26891296533191417,0.26564940522565195,NEAR,NEAR,0.6,1,,,0.01,0
C1_n0.01_d000_r02,C1,202609,7.9,7.9,0.0,0.25875,0.2662010551068259,0.26578731769594544,NEAR,NEAR,0.6,1,,,0.01,0
C1_n0.01_d000_r02,C1,202609,7.92,7.92,0.0,0.257,0.2496130092320482,0.26174374057997113,NEAR,NEAR,0.6,1,,,0.01,0
C1_n0.01_d000_r02,C1,202609,7.94,7.94,0.0,0.25525,0.25140304912254613,0.25915856771561485,NEAR,NEAR,0.6,1,,,0.01,0
C1_n0.01_d000_r02,C1,202609,7.96,7.96,0.0,0.2535,0.2624352577571319,0.2599777402259941,NEAR,NEAR,0.6,1,,,0.01,0
C1_n0.01_d000_r02,C1,202609,7.98,7.98,0.0,0.25175,0.24534576091689342,0.25631974539871893,NEAR,NEAR,0.6,1,,,0.01,0
C1_n0.01_d000_r02,C1,202609,8.0,8.0,0.0,0.25,0.2441926567591078,0.25328797323881613,NEAR,NEAR,0.6,1,,,0.01,0
C1_n0.01_d000_r02,C1,202609,8.02,8.02,0.0,0.2522533838368113,0.2478847398832878,0.25193716489993406,NEAR,NEAR,0.6,1,,,0.01,0
C1_n0.01_d000_r02,C1,202609,8.04,8.04,0.0,0.25445562372365543,0.24798907491898517,0.2509501424046969,NEAR,NEAR,0.6,1,,,0.01,0
C1_n0.01_d000_r02,C1,202609,8.06,8.06,0.0,0.25655673649976407,0.24282941025851298,0.2489199593681509,NEAR,NEAR,0.6,1,,,0.01,0
C1_n0.01_d000_r02,C1,202609,8.08,8.08,0.0,0.25850903423690136,0.24939398765822982,0.24903846644067062,NEAR,NEAR,0.6,1,,,0.01,0
C1_n0.01_d000_r02,C1,202609,8.1,8.1,0.0,0.2602682065889303,0.2753760245524792,0.2556228559686228,NEAR,NEAR,0.6,1,,,0.01,0
C1_n0.01_d000_r02,C1,202609,8.12,8.12,0.0,0.26179432648204926,0.26093005204850067,0.25694965498859224,NEAR,NEAR,0.6,1,,,0.01,0
C1_n0.01_d000_r02,C1,202609,8.14,8.14,0.0,0.26305275632004294,0.24776797318563912,0.25465423453785396,NEAR,NEAR,0.6,1,,,0.01,0
C1_n0.01_d000_r02,C1,202609,8.16,8.16,0.0,0.2640149341368492,0.23580059454102453,0.2499408245386466,NEAR,NEAR,0.6,1,,,0.01,0
C1_n0.01_d000_r02,C1,202609,8.18,8.18,0.0,0.2646590218535229,0.25039581353866813,0.250054571788652,NEAR,NEAR,0.6,1,,,0.01,0
C1_n0.01_d000_r02,C1,202609,8.2,8.2,0.0,0.26497040092642404,0.2528924662671115,0.25076404540826686,NEAR,NEAR,0.6,1,,,0.01,0
C1_n0.01_d000_r02,C1,202609,8.22,8.22,0.0,0.2649420041371476,0.27351073828736977,0.2564507186280426,NEAR,NEAR,0.6,1,,,0.01,0
C1_n0.01_d000_r02,C1,202609,8.24,8.24,0.0,0.2645744759937201,0.25293185256238504,0.2555710021116282,NEAR,NEAR,0.6,1,,,0.01,0
C1_n0.01_d000_r02,C1,202609,8.26,8.26,0.0,0.26387615810251686,0.26682250899239174,0.25838387883181907,NEAR,NEAR,0.6,1,,,0.01,0
C1_n0.01_d000_r02,C1,202609,8.28,8.28,0.0,0.26286289984290484,0.2569659068522625,0.2580293858369299,NEAR,NEAR,0.6,1,,,0.01,0
C1_n0.01_d000_r02,C1,202609,8.3,8.3,0.0,0.2615576986416368,0.26081728983202923,0.25872636183570474,NEAR,NEAR,0.6,1,,,0.01,0
C1_n0.01_d000_r02,C1,202609,8.32,8.32,0.0,0.25999017801151375,0.25772817572140316,0.25847681530712935,NEAR,NEAR,0.6,1,,,0.01,0
C1_n0.01_d000_r02,C1,202609,8.34,8.34,0.0,0.25819591520101404,0.2501752587486617,0.25640142616751244,NEAR,NEAR,0.6,1,,,0.01,0
C1_n0.01_d000_r02,C1,202609,8.36,8.36,0.0,0.2562156337148993,0.25484544901001455,0.25601243187813794,NEAR,NEAR,0.6,1,,,0.01,0
C1_n0.01_d000_r02,C1,202609,8.38,8.38,0.0,0.2540942790327598,0.2574507730529438,0.2563720171718394,NEAR,NEAR,0.6,1,,,0.01,0
C1_n0.01_d000_r02,C1,202609,8.4,8.4,0.0,0.25187999850346454,0.26726146626425884,0.2590943794449443,NEAR,NEAR,0.6,1,,,0.01,0
C1_n0.01_d000_r02,C1,202609,8.42,8.42,0.0,0.24962304856834994,0.23443448618691543,0.2529294061304371,NEAR,NEAR,0.6,1,,,0.01,0
C1_n0.01_d000_r02,C1,202609,8.44,8.44,0.0,0.2473746541153709,0.25593836751445737,0.25368164647644215,NEAR,NEAR,0.6,1,,,0.01,0
C1_n0.01_d000_r02,C1,202609,8.46,8.46,0.0,0.24518584585289177,0.2458213258734086,0.25171656632568373,NEAR,NEAR,0.6,1,,,0.01,0
C1_n0.01_d000_r02,C1,202609,8.48,8.48,0.0,0.24310630209067763,0.2496649795598715,0.2512036696342307,NEAR,NEAR,0.6,1,,,0.01,0
C1_n0.01_d000_r02,C1,202609,8.5,8.5,0.0,0.24118322121561292,0.2593624897524961,0.25324337466379704,NEAR,NEAR,0.6,1,,,0.01,0
C1_n0.01_d000_r02,C1,202609,8.52,8.52,0.0,0.2394602504530173,0.2501586339880954,0.25247218949487166,NEAR,NEAR,0.6,1,,,0.01,0
C1_n0.01_d000_r02,C1,202609,8.54,8.54,0.0,0.23797649522693692,0.2419563120894325,0.24984322014351187,NEAR,NEAR,0.6,1,,,0.01,0
C1_n0.01_d000_r02,C1,202609,8.56,8.56,0.0,0.23676563160347566,0.2358849642346857,0.24635365616630533,NEAR,NEAR,0.6,1,,,0.01,0
C1_n0.01_d000_r02,C1,202609,8.58,8.58,0.0,0.23585514196160703,0.24383577988716826,0.24572418709652105,NEAR,NEAR,0.6,1,,,0.01,0
C1_n0.01_d000_r02,C1,202609,8.6,8.6,0.0,0.23526569123906968,0.23215983360734177,0.24233309872422626,NEAR,NEAR,0.6,1,,,0.01,0
C1_n0.01_d000_r02,C1,202609,8.62,8.62,0.0,0.23501065791039116,0.22888311286327634,0.23897060225898878,NEAR,NEAR,0.6,1,,,0.01,0
C1_n0.01_d000_r02,C1,202609,8.64,8.64,0.0,0.23509583034219989,0.24004689589413256,0.2392396756677747,NEAR,NEAR,0.6,1,,,0.01,0
C1_n0.01_d000_r02,C1,202609,8.66,8.66,0.0,0.2355192754175009,0.23235615440476268,0.2375187953520217,NEAR,NEAR,0.6,1,,,0.01,0
C1_n0.01_d000_r02,C1,202609,8.68,8.68,0.0,0.23627138241068624,0.23243175335612876,0.23624703485304846,NEAR,NEAR,0.6,1,,,0.01,0
C1_n0.01_d000_r02,C1,202609,8.7,8.7,0.0,0.23733508111746973,0.2304895632065586,0.23480766694142602,NEAR,NEAR,0.6,1,,,0.01,0
C1_n0.01_d000_r02,C1,202609,8.72,8.72,0.0,0.2386862292889585,0.227740456481514,0.233040864326448,NEAR,NEAR,0.6,1,,,0.01,0
C1_n0.01_d000_r02,C1,202609,8.74,8.74,0.0,0.24029416057645836,0.23927701289332948,0.23459990146816836,NEAR,NEAR,0.6,1,,,0.01,0
C1_n0.01_d000_r02,C1,202609,8.76,8.76,0.0,0.24212238055058052,0.23479864552932478,0.2346495874834575,NEAR,NEAR,0.6,1,,,0.01,0
C1_n0.01_d000_r02,C1,202609,8.78,8.78,0.0,0.24412939499744188,0.2592096774657728,0.2407896099790363,NEAR,NEAR,0.6,1,,,0.01,0
C1_n0.01_d000_r02,C1,202609,8.8,8.8,0.0,0.24626965169252724,0.24531293480828278,0.24192044118634792,NEAR,NEAR,0.6,1,,,0.01,0
C1_n0.01_d000_r02,C1,202609,8.82,8.82,0.0,0.2484945742772318,0.2659789737144038,0.2479350743183619,NEAR,NEAR,0.6,1,,,0.01,0
C1_n0.01_d000_r02,C1,202609,8.84,8.84,0.0,0.2507536647726965,0.2569788891190636,0.2501960280185373,NEAR,NEAR,0.6,1,,,0.01,0
C1_n0.01_d000_r02,C1,202609,8.86,8.86,0.0,0.25299564970771604,0.2622365042727927,0.25320614708210115,NEAR,NEAR,0.6,1,,,0.01,0
C1_n0.01_d000_r02,C1,202609,8.88,8.88,0.0,0.2551696438476178,0.2556240676023594,0.2538106272121657,NEAR,NEAR,0.6,1,,,0.01,0
C1_n0.01_d000_r02,C1,202609,8.9,8.9,0.0,0.2572263051115258,0.2643705253087873,0.2564506017363211,NEAR,NEAR,0.6,1,,,0.01,0
C1_n0.01_d000_r02,C1,202609,8.92,8.92,0.0,0.25911895446541905,0.2565751353777494,0.2564817351466782,NEAR,NEAR,0.6,1,,,0.01,0
C1_n0.01_d000_r02,C1,202609,8.94,8.94,0.0,0.26080463537331855,0.2669969036629465,0.2591105272757453,NEAR,NEAR,0.6,1,,,0.01,0
C1_n0.01_d000_r02,C1,202609,8.96,8.96,0.0,0.2622450887607578,0.2695233076121296,0.26171372235984136,NEAR,NEAR,0.6,1,,,0.01,0
C1_n0.01_d000_r02,C1,202609,8.98,8.98,0.0,0.263407621362269,0.26312362654168303,0.26206619840530176,NEAR,NEAR,0.6,1,,,0.01,0
C1_n0.01_d000_r02,C1,202609,9.0,9.0,0.0,0.2642658477444273,0.2627487782274921,0.26223684336084935,NEAR,NEAR,0.6,1,,,0.01,0
C1_n0.01_d000_r02,C1,202609,9.02,9.02,0.0,0.264800289163118,0.24507384344319455,0.25794609338143565,NEAR,NEAR,0.6,1,,,0.01,0
C1_n0.01_d000_r02,C1,202609,9.04,9.04,0.0,0.2649988156630572,0.2901657173515755,0.2660009993739706,NEAR,NEAR,0.6,1,,,0.01,0
C1_n0.01_d000_r02,C1,202609,9.06,9.06,0.0,0.26485692138544975,0.24524592910761314,0.2608122318073812,NEAR,NEAR,0.6,1,,,0.01,0
C1_n0.01_d000_r02,C1,202609,9.08,9.08,0.0,0.2643778268352606,0.2453144023266117,0.25693777443718885,NEAR,NEAR,0.6,1,,,0.01,0
C1_n0.01_d000_r02,C1,202609,9.1,9.1,0.0,0.2635724057869903,0.26590067979413434,0.25917850077642524,NEAR,NEAR,0.6,1,,,0.01,0
C1_n0.01_d000_r02,C1,202609,9.12,9.12,0.0,0.2624589384879372,0.26822383921818577,0.2614398353868654,NEAR,NEAR,0.6,1,,,0.01,0
C1_n0.01_d000_r02,C1,202609,9.14,9.14,0.0,0.2610626967603726,0.25161938426597164,0.25898472260664196,NEAR,NEAR,0.6,1,,,0.01,0
C1_n0.01_d000_r02,C1,202609,9.16,9.16,0.0,0.25941537041936047,0.2472865536556198,0.25606018036888645,NEAR,NEAR,0.6,1,,,0.01,0
C1_n0.01_d000_r02,C1,202609,9.18,9.18,0.0,0.2575543480245365,0.24485169482734748,0.25325805898350173,NEAR,NEAR,0.6,1,,,0.01,0
C1_n0.01_d000_r02,C1,202609,9.2,9.2,0.0,0.25552186829027024,0.2710643699049535,0.25770963671386465,NEAR,NEAR,0.6,1,,,0.01,0
C1_n0.01_d000_r02,C1,202609,9.22,9.22,0.0,0.25336406141424067,0.2556935923060221,0.257205625611904,NEAR,NEAR,0.6,1,,,0.01,0
C1_n0.01_d000_r02,C1,202609,9.24,9.24,0.0,0.25112990208291897,0.24963401950589442,0.2553127240854016,NEAR,NEAR,0.6,1,,,0.01,0
C1_n0.01_d000_r02,C1,202609,9.26,9.26,0.0,0.24887009791708103,0.2598307356196388,0.2564422269689609,NEAR,NEAR,0.6,1,,,0.01,0
C1_n0.01_d000_r02,C1,202609,9.28,9.28,0.0,0.24663593858575936,0.25581829048475313,0.25628624284790896,NEAR,NEAR,0.6,1,,,0.01,0
C1_n0.01_d000_r02,C1,202609,9.3,9.3,0.0,0.24447813170972976,0.2569635846708551,0.2564555783036455,NEAR,NEAR,0.6,1,,,0.01,0
C1_n0.01_d000_r02,C1,202609,9.32,9.32,0.0,0.24244565197546356,0.2460083273699081,0.25384376557021116,NEAR,NEAR,0.6,1,,,0.01,0
C1_n0.01_d000_r02,C1,202609,9.34,9.34,0.0,0.2405846295806395,0.24932831928592386,0.2527149039991393,NEAR,NEAR,0.6,1,,,0.01,0
C1_n0.01_d000_r02,C1,202609,9.36,9.36,0.0,0.23893730323962742,0.23977709070692854,0.24948045067608662,NEAR,NEAR,0.6,1,,,0.01,0
C1_n0.01_d000_r02,C1,202609,9.38,9.38,0.0,0.23754106151206275,0.22923478390671848,0.2444190339837446,NEAR,NEAR,0.6,1,,,0.01,0
C1_n0.01_d000_r02,C1,202609,9.4,9.4,0.0,0.23642759421300968,0.235529383180082,0.24219662128282893,NEAR,NEAR,0.6,1,,,0.01,0
C1_n0.01_d000_r02,C1,202609,9.42,9.42,0.0,0.23562217316473935,0.23478990109494655,0.24034494123585834,NEAR,NEAR,0.6,1,,,0.01,0
C1_n0.01_d000_r02,C1,202609,9.44,9.44,0.0,0.23514307861455025,0.23449819962716528,0.23888325583368508,NEAR,NEAR,0.6,1,,,0.01,0
C1_n0.01_d000_r02,C1,202609,9.46,9.46,0.0,0.23500118433694275,0.2319030134370931,0.23713819523453708,NEAR,NEAR,0.6,1,,,0.01,0
C1_n0.01_d000_r02,C1,202609,9.48,9.48,0.0,0.235199710836882,0.24061970225111318,0.2380085719886811,NEAR,NEAR,0.6,1,,,0.01,0
C1_n0.01_d000_r02,C1,202609,9.5,9.5,0.0,0.2357341522555727,0.21508523846565417,0.2322777386079244,NEAR,NEAR,0.6,1,,,0.01,0
C1_n0.01_d000_r02,C1,202609,9.52,9.52,0.0,0.23659237863773103,0.25473534708866874,0.23789214072811046,NEAR,NEAR,0.6,1,,,0.01,0
C1_n0.01_d000_r02,C1,202609,9.54,9.54,0.0,0.2377549112392422,0.23990149281250656,0.2383944787492095,NEAR,NEAR,0.6,1,,,0.01,0
C1_n0.01_d000_r02,C1,202609,9.56,9.56,0.0,0.23919536462668142,0.2383440105304671,0.2383818616945239,NEAR,NEAR,0.6,1,,,0.01,0
C1_n0.01_d000_r02,C1,202609,9.58,9.58,0.0,0.24088104553458092,0.25005113857012606,0.24129918091342445,NEAR,NEAR,0.6,1,,,0.01,0
C1_n0.01_d000_r02,C1,202609,9.6,9.6,0.0,0.24277369488847422,0.23084966675744326,0.23868680237442916,NEAR,NEAR,0.6,1,,,0.01,0
C1_n0.01_d000_r02,C1,202609,9.62,9.62,0.0,0.24483035615238213,0.23967834864039053,0.2389346889409195,NEAR,NEAR,0.6,1,,,0.01,0
C1_n0.01_d000_r02,C1,202609,9.64,9.64,0.0,0.24700435029228393,0.23356106791806544,0.23759128368520596,NEAR,NEAR,0.6,1,,,0.01,0
C1_n0.01_d000_r02,C1,202609,9.66,9.66,0.0,0.24924633522730347,0.22027530648851948,0.23326228938603433,NEAR,NEAR,0.6,1,,,0.01,0
C1_n0.01_d000_r02,C1,202609,9.68,9.68,0.0,0.2515054257227682,0.24110831409831712,0.23522379556410503,NEAR,NEAR,0.6,1,,,0.01,0
C1_n0.01_d000_r02,C1,202609,9.7,9.7,0.0,0.25373034830747276,0.2639403210179081,0.2424029269275558,NEAR,NEAR,0.6,1,,,0.01,0
C1_n0.01_d000_r02,C1,202609,9.72,9.72,0.0,0.2558706050025581,0.24726934636168132,0.24361953178608717,NEAR,NEAR,0.6,1,,,0.01,0
C1_n0.01_d000_r02,C1,202609,9.74,9.74,0.0,0.25787761944941945,0.25980650081080253,0.247666274042266,NEAR,NEAR,0.6,1,,,0.01,0
C1_n0.01_d000_r02,C1,202609,9.76,9.76,0.0,0.25970583942354164,0.2787835062593637,0.25544558209654045,NEAR,NEAR,0.6,1,,,0.01,0
C1_n0.01_d000_r02,C1,202609,9.78,9.78,0.0,0.2613137707110415,0.26295492399456577,0.25732291757104675,NEAR,NEAR,0.6,1,,,0.01,0
C1_n0.01_d000_r02,C1,202609,9.8,9.8,0.0,0.26266491888253024,0.27929318859662655,0.2628154853274417,NEAR,NEAR,0.6,1,,,0.01,0
C1_n0.01_d000_r02,C1,202609,9.82,9.82,0.0,0.26372861758931376,0.24715659762099643,0.2589007634008304,NEAR,NEAR,0.6,1,,,0.01,0
C1_n0.01_d000_r02,C1,202609,9.84,9.84,0.0,0.2644807245824991,0.27978817552902263,0.26412261643287843,NEAR,NEAR,0.6,1,,,0.01,0
C1_n0.01_d000_r02,C1,202609,9.86,9.86,0.0,0.2649041696578001,0.26190101578127245,0.2635672162699769,NEAR,NEAR,0.6,1,,,0.01,0
C1_n0.01_d000_r02,C1,202609,9.88,9.88,0.0,0.26498934208960884,0.2687526523564266,0.2648635752915893,NEAR,NEAR,0.6,1,,,0.01,0
C1_n0.01_d000_r02,C1,202609,9.9,9.9,0.0,0.26473430876093035,0.2761124578372698,0.26767579592800944,NEAR,NEAR,0.6,1,,,0.01,0
C1_n0.01_d000_r02,C1,202609,9.92,9.92,0.0,0.264144858038393,0.2618635039166577,0.2662227229251715,NEAR,NEAR,0.6,1,,,0.01,0
C1_n0.01_d000_r02,C1,202609,9.94,9.94,0.0,0.2632343683965243,0.25259374253711514,0.26281547782815745,NEAR,NEAR,0.6,1,,,0.01,0
C1_n0.01_d000_r02,C1,202609,9.96,9.96,0.0,0.2620235047730631,0.2715447695625563,0.26499780076175716,NEAR,NEAR,0.6,1,,,0.01,0
C1_n0.01_d000_r02,C1,202609,9.98,9.98,0.0,0.2605397495469827,0.25711134508198435,0.26302618684181395,NEAR,NEAR,0.6,1,,,0.01,0
C1_n0.01_d000_r02,C1,202609,10.0,10.0,0.0,0.2588167787843871,0.2685349355325971,0.26440337401450975,NEAR,NEAR,0.6,1,,,0.01,0
C1_n0.01_d000_r02,C1,202609,10.02,10.02,0.0,0.25689369790932237,0.2666982434604903,0.2649770913760049,NEAR,NEAR,0.6,1,,,0.01,0
C1_n0.01_d000_r02,C1,202609,10.04,10.04,0.0,0.25481415414710823,0.2610310612881448,0.26399058385403984,NEAR,NEAR,0.6,1,,,0.01,0
C1_n0.01_d000_r02,C1,202609,10.06,10.06,0.0,0.2526253458846291,0.26449372121637943,0.26411636819462475,NEAR,NEAR,0.6,1,,,0.01,0
C1_n0.01_d000_r02,C1,202609,10.08,10.08,0.0,0.25037695143165006,0.25812702783935554,0.2626190331058074,NEAR,NEAR,0.6,1,,,0.01,0
C1_n0.01_d000_r02,C1,202609,10.1,10.1,0.0,0.24812000149653549,0.2483277313677148,0.2590462076712843,NEAR,NEAR,0.6,1,,,0.01,0
C1_n0.01_d000_r02,C1,202609,10.12,10.12,0.0,0.24590572096724023,0.24406046022944936,0.25529977081082555,NEAR,NEAR,0.6,1,,,0.01,0
C1_n0.01_d000_r02,C1,202609,10.14,10.14,0.0,0.24378436628510067,0.2519255895495828,0.25445622549551483,NEAR,NEAR,0.6,1,,,0.01,0
C1_n0.01_d000_r02,C1,202609,10.16,10.16,0.0,0.24180408479898596,0.25079270961227723,0.2535403465247054,NEAR,NEAR,0.6,1,,,0.01,0
C1_n0.01_d000_r02,C1,202609,10.18,10.18,0.0,0.24000982198848625,0.24262621978811666,0.2508118148405582,NEAR,NEAR,0.6,1,,,0.01,0
C1_n0.01_d000_r02,C1,202609,10.2,10.2,0.0,0.23844230135836322,0.24565210469434767,0.24952188730400554,NEAR,NEAR,0.6,1,,,0.01,0
C1_n0.01_d000_r02,C1,202609,10.22,10.22,0.0,0.2371371001570952,0.23549329545903722,0.24601473934276347,NEAR,NEAR,0.6,1,,,0.01,0
C1_n0.01_d000_r02,C1,202609,10.24,10.24,0.0,0.23612384189748312,0.2597122316283415,0.249439112414158,NEAR,NEAR,0.6,1,,,0.01,0
C1_n0.01_d000_r02,C1,202609,10.26,10.26,0.0,0.2354255240062799,0.2310860530683445,0.24485084757770464,NEAR,NEAR,0.6,1,,,0.01,0
C1_n0.01_d000_r02,C1,202609,10.28,10.28,0.0,0.23505799586285242,0.22533292550986594,0.23997136706074496,NEAR,NEAR,0.6,1,,,0.01,0
C1_n0.01_d000_r02,C1,202609,10.3,10.3,0.0,0.23502959907357593,0.22554553145893833,0.2363649081602933,NEAR,NEAR,0.6,1,,,0.01,0
C1_n0.01_d000_r02,C1,202609,10.32,10.32,0.0,0.23534097814647711,0.23689179362733384,0.23649662952705341,NEAR,NEAR,0.6,1,,,0.01,0
C1_n0.01_d000_r02,C1,202609,10.34,10.34,0.0,0.23598506586315082,0.22397294668243195,0.23336570881589805,NEAR,NEAR,0.6,1,,,0.01,0
C1_n0.01_d000_r02,C1,202609,10.36,10.36,0.0,0.23694724367995706,0.23530309983368816,0.23385005657034558,NEAR,NEAR,0.6,1,,,0.01,0
C1_n0.01_d000_r02,C1,202609,10.38,10.38,0.0,0.23820567351795077,0.24373455242304257,0.2363211805335198,NEAR,NEAR,0.6,1,,,0.01,0
C1_n0.01_d000_r02,C1,202609,10.4,10.4,0.0,0.2397317934110697,0.2384560756822444,0.23685490432070094,NEAR,NEAR,0.6,1,,,0.01,0
C1_n0.01_d000_r02,C1,202609,10.42,10.42,0.0,0.24149096576309861,0.2417058614263268,0.23806764359710741,NEAR,NEAR,0.6,1,,,0.01,0
C1_n0.01_d000_r02,C1,202609,10.44,10.44,0.0,0.24344326350023596,0.23799276670394148,0.23804892437381592,NEAR,NEAR,0.6,1,,,0.01,0
C1_n0.01_d000_r02,C1,202609,10.46,10.46,0.0,0.2455443762763446,0.24058261439263423,0.23868234687852047,NEAR,NEAR,0.6,1,,,0.01,0
C1_n0.01_d000_r02,C1,202609,10.48,10.48,0.0,0.24774661616318866,0.2397642093061214,0.23895281248542072,NEAR,NEAR,0.6,1,,,0.01,0
C1_n0.01_d000_r02,C1,202609,10.5,10.5,0.0,0.25,0.253068493061329,0.24248173262939776,NEAR,NEAR,0.6,1,,,0.01,0
C1_n0.01_d000_r02,C1,202609,10.52,10.52,0.0,0.2522533838368113,0.24319352687851079,0.24265968119167602,NEAR,NEAR,0.6,1,,,0.01,0
C1_n0.01_d000_r02,C1,202609,10.54,10.54,0.0,0.2544556237236554,0.24084586148906395,0.242206226266023,NEAR,NEAR,0.6,1,,,0.01,0
C1_n0.01_d000_r02,C1,202609,10.56,10.56,0.0,0.256556736499764,0.25176152455793605,0.2445950508390013,NEAR,NEAR,0.6,1,,,0.01,0
C1_n0.01_d000_r02,C1,202609,10.58,10.58,0.0,0.25850903423690136,0.2602028102948883,0.24849699070297304,NEAR,NEAR,0.6,1,,,0.01,0
C1_n0.01_d000_r02,C1,202609,10.6,10.6,0.0,0.2602682065889303,0.2556036258854012,0.2502736494985801,NEAR,NEAR,0.6,1,,,0.01,0
C1_n0.01_d000_r02,C1,202609,10.62,10.62,0.0,0.2617943264820492,0.27623686690509364,0.2567644538502085,NEAR,NEAR,0.6,1,,,0.01,0
C1_n0.01_d000_r02,C1,202609,10.64,10.64,0.0,0.26305275632004294,0.2804824616554684,0.2626939558015235,NEAR,NEAR,0.6,1,,,0.01,0
C1_n0.01_d000_r02,C1,202609,10.66,10.66,0.0,0.2640149341368492,0.26241020340888593,0.2626230177033641,NEAR,NEAR,0.6,1,,,0.01,0
C1_n0.01_d000_r02,C1,202609,10.68,10.68,0.0,0.2646590218535229,0.27277865333514784,0.26516192661131,NEAR,NEAR,0.6,1,,,0.01,0
C1_n0.01_d000_r02,C1,202609,10.7,10.7,0.0,0.26497040092642404,0.2560184178361529,0.26287604941752074,NEAR,NEAR,0.6,1,,,0.01,0
C1_n0.01_d000_r02,C1,202609,10.72,10.72,0.0,0.2649420041371476,0.25884093158233934,0.2618672699587254,NEAR,NEAR,0.6,1,,,0.01,0
C1_n0.01_d000_r02,C1,202609,10.74,10.74,0.0,0.2645744759937201,0.2606209081589972,0.2615556795087933,NEAR,NEAR,0.6,1,,,0.01,0
C1_n0.01_d000_r02,C1,202609,10.76,10.76,0.0,0.26387615810251686,0.26674552872013135,0.26285314181162783,NEAR,NEAR,0.6,1,,,0.01,0
C1_n0.01_d000_r02,C1,202609,10.78,10.78,0.0,0.26286289984290484,0.24994768591558258,0.25962677783761656,NEAR,NEAR,0.6,1,,,0.01,0
C1_n0.01_d000_r02,C1,202609,10.8,10.8,0.0,0.2615576986416368,0.26927314683428394,0.26203837008678343,NEAR,NEAR,0.6,1,,,0.01,0
C1_n0.01_d000_r02,C1,202609,10.82,10.82,0.0,0.25999017801151375,0.262798900730723,0.2622285027477683,NEAR,NEAR,0.6,1,,,0.01,0
C1_n0.01_d000_r02,C1,202609,10.84,10.84,0.0,0.25819591520101404,0.2604203906235144,0.26177647471670484,NEAR,NEAR,0.6,1,,,0.01,0
C1_n0.01_d000_r02,C1,202609,10.86,10.86,0.0,0.25621563371489936,0.24635676725927075,0.25792154785234633,NEAR,NEAR,0.6,1,,,0.01,0
C1_n0.01_d000_r02,C1,202609,10.88,10.88,0.0,0.2540942790327598,0.26060105986251614,0.2585914258548888,NEAR,NEAR,0.6,1,,,0.01,0
C1_n0.01_d000_r02,C1,202609,10.9,10.9,0.0,0.2518799985034645,0.24653131205015852,0.25557639740370625,NEAR,NEAR,0.6,1,,,0.01,0
C1_n0.01_d000_r02,C1,202609,10.92,10.92,0.0,0.24962304856834996,0.26596583606135316,0.25817375706811796,NEAR,NEAR,0.6,1,,,0.01,0
C1_n0.01_d000_r02,C1,202609,10.94,10.94,0.0,0.24737465411537093,0.24532976811591256,0.2549627598300666,NEAR,NEAR,0.6,1,,,0.01,0
C1_n0.01_d000_r02,C1,202609,10.96,10.96,0.0,0.24518584585289174,0.23062065761315795,0.24887723427583947,NEAR,NEAR,0.6,1,,,0.01,0
C1_n0.01_d000_r02,C1,202609,10.98,10.98,0.0,0.24310630209067766,0.24454422471520246,0.24779398188568022,NEAR,NEAR,0.6,1,,,0.01,0
C1_n0.01_d000_r02,C1,202609,11.0,11.0,0.0,0.24118322121561292,0.2536563745589776,0.24925958005400456,NEAR,NEAR,0.6,1,,,0.01,0
C1_n0.01_d000_r02,C1,202609,11.02,11.02,0.0,0.2394602504530173,0.2380452053958287,0.24645598638946062,NEAR,NEAR,0.6,1,,,0.01,0
C1_n0.01_d000_r02,C1,202609,11.04,11.04,0.0,0.23797649522693692,0.23443062349441357,0.24344964566569885,NEAR,NEAR,0.6,1,,,0.01,0
C1_n0.01_d000_r02,C1,202609,11.06,11.06,0.0,0.2367656316034757,0.2509262770874098,0.2453188035211266,NEAR,NEAR,0.6,1,,,0.01,0
C1_n0.01_d000_r02,C1,202609,11.08,11.08,0.0,0.23585514196160703,0.25636764118363425,0.2480810129367535,NEAR,NEAR,0.6,1,,,0.01,0
C1_n0.01_d000_r02,C1,202609,11.1,11.1,0.0,0.23526569123906968,0.2390975066271159,0.24583513635934412,NEAR,NEAR,0.6,1,,,0.01,0
C1_n0.01_d000_r02,C1,202609,11.12,11.12,0.0,0.23501065791039116,0.23143931205602905,0.24223618028351537,NEAR,NEAR,0.6,1,,,0.01,0
C1_n0.01_d000_r02,C1,202609,11.14,11.14,0.0,0.23509583034219989,0.25549348232686797,0.24555050579435353,NEAR,NEAR,0.6,1,,,0.01,0
C1_n0.01_d000_r02,C1,202609,11.16,11.16,0.0,0.2355192754175009,0.24110529493820565,0.24443920308031655,NEAR,NEAR,0.6,1,,,0.01,0
C1_n0.01_d000_r02,C1,202609,11.18,11.18,0.0,0.2362713824106862,0.2233716739874935,0.2391723208071108,NEAR,NEAR,0.6,1,,,0.01,0
C1_n0.01_d000_r02,C1,202609,11.2,11.2,0.0,0.23733508111746973,0.24193902259394,0.2398639962538181,NEAR,NEAR,0.6,1,,,0.01,0
C1_n0.01_d000_r02,C1,202609,11.22,11.22,0.0,0.23868622928895847,0.23986905827073732,0.23986526175804793,NEAR,NEAR,0.6,1,,,0.01,0
C1_n0.01_d000_r02,C1,202609,11.24,11.24,0.0,0.24029416057645833,0.23635961382447976,0.2389888497746559,NEAR,NEAR,0.6,1,,,0.01,0
C1_n0.01_d000_r02,C1,202609,11.26,11.26,0.0,0.24212238055058055,0.24348271001175467,0.24011231483393058,NEAR,NEAR,0.6,1,,,0.01,0
C1_n0.01_d000_r02,C1,202609,11.28,11.28,0.0,0.2441293949974419,0.23420941621849908,0.23863659018007272,NEAR,NEAR,0.6,1,,,0.01,0
C1_n0.01_d000_r02,C1,202609,11.3,11.3,0.0,0.24626965169252724,0.23570480434533242,0.23790364372138767,NEAR,NEAR,0.6,1,,,0.01,0
C1_n0.01_d000_r02,C1,202609,11.32,11.32,0.0,0.2484945742772318,0.2604789772658815,0.24354747710751112,NEAR,NEAR,0.6,1,,,0.01,0
C1_n0.01_d000_r02,C1,202609,11.34,11.34,0.0,0.25075366477269656,0.24586433672928829,0.24412669201295542,NEAR,NEAR,0.6,1,,,0.01,0
C1_n0.01_d000_r02,C1,202609,11.36,11.36,0.0,0.252995649707716,0.2640729040075974,0.2491132450116159,NEAR,NEAR,0.6,1,,,0.01,0
C1_n0.01_d000_r02,C1,202609,11.38,11.38,0.0,0.2551696438476178,0.255556140246665,0.2507239688203782,NEAR,NEAR,0.6,1,,,0.01,0
C1_n0.01_d000_r02,C1,202609,11.4,11.4,0.0,0.2572263051115258,0.2556312723023447,0.2519507946908698,NEAR,NEAR,0.6,1,,,0.01,0
C1_n0.01_d000_r02,C1,202609,11.42,11.42,0.0,0.25911895446541905,0.2573224030290413,0.2532936967754127,NEAR,NEAR,0.6,1,,,0.01,0
C1_n0.01_d000_r02,C1,202609,11.44,11.44,0.0,0.26080463537331855,0.2638717064168472,0.2559381991857713,NEAR,NEAR,0.6,1,,,0.01,0
C1_n0.01_d000_r02,C1,202609,11.46,11.46,0.0,0.2622450887607578,0.28025752609158683,0.2620180309122252,NEAR,NEAR,0.6,1,,,0.01,0
C1_n0.01_d000_r02,C1,202609,11.48,11.48,0.0,0.263407621362269,0.27449553761580797,0.2651374075881209,NEAR,NEAR,0.6,1,,,0.01,0
C1_n0.01_d000_r02,C1,202609,11.5,11.5,0.0,0.2642658477444273,0.25864019520251735,0.26351310449172,NEAR,NEAR,0.6,1,,,0.01,0
C1_n0.01_d000_r02,C1,202609,11.52,11.52,0.0,0.264800289163118,0.25764685777759383,0.26204654281318845,NEAR,NEAR,0.6,1,,,0.01,0
C1_n0.01_d000_r02,C1,202609,11.54,11.54,0.0,0.2649988156630572,0.277883704233462,0.2660058331682569,NEAR,NEAR,0.6,1,,,0.01,0
C1_n0.01_d000_r02,C1,202609,11.56,11.56,0.0,0.26485692138544975,0.2698009913080583,0.26695462270320724,NEAR,NEAR,0.6,1,,,0.01,0
C1_n0.01_d000_r02,C1,202609,11.58,11.58,0.0,0.2643778268352606,0.2516364059749476,0.2631250685211423,NEAR,NEAR,0.6,1,,,0.01,0
C1_n0.01_d000_r02,C1,202609,11.6,11.6,0.0,0.2635724057869903,0.2726450506827513,0.26550506406154456,NEAR,NEAR,0.6,1,,,0.01,0
C1_n0.01_d000_r02,C1,202609,11.62,11.62,0.0,0.2624589384879373,0.2525032137491151,0.26225460148343716,NEAR,NEAR,0.6,1,,,0.01,0
C1_n0.01_d000_r02,C1,202609,11.64,11.64,0.0,0.2610626967603726,0.26907609123242615,0.2639599739206844,NEAR,NEAR,0.6,1,,,0.01,0
C1_n0.01_d000_r02,C1,202609,11.66,11.66,0.0,0.2594153704193605,0.2728228621036746,0.2661756959664319,NEAR,NEAR,0.6,1,,,0.01,0
C1_n0.01_d000_r02,C1,202609,11.68,11.68,0.0,0.2575543480245365,0.2344937191235045,0.2582552017557001,NEAR,NEAR,0.6,1,,,0.01,0
C1_n0.01_d000_r02,C1,202609,11.7,11.7,0.0,0.25552186829027024,0.2608291261168976,0.2588986828459995,NEAR,NEAR,0.6,1,,,0.01,0
C1_n0.01_d000_r02,C1,202609,11.72,11.72,0.0,0.25336406141424067,0.276104315965989,0.26320009112599685,NEAR,NEAR,0.6,1,,,0.01,0
C1_n0.01_d000_r02,C1,202609,11.74,11.74,0.0,0.25112990208291897,0.23989404035709616,0.2573735784337717,NEAR,NEAR,0.6,1,,,0.01,0
C1_n0.01_d000_r02,C1,202609,11.76,11.76,0.0,0.24887009791708103,0.23240919581127484,0.2511324827781475,NEAR,NEAR,0.6,1,,,0.01,0
C1_n0.01_d000_r02,C1,202609,11.78,11.78,0.0,0.24663593858575936,0.24309632189146757,0.2491234425564775,NEAR,NEAR,0.6,1,,,0.01,0
C1_n0.01_d000_r02,C1,202609,11.8,11.8,0.0,0.2444781317097298,0.24382389266990548,0.2477985550848345,NEAR,NEAR,0.6,1,,,0.01,0
C1_n0.01_d000_r02,C1,202609,11.82,11.82,0.0,0.24244565197546356,0.23400222518137528,0.2443494726089697,NEAR,NEAR,0.6,1,,,0.01,0
C1_n0.01_d000_r02,C1,202609,11.84,11.84,0.0,0.2405846295806395,0.25212013898887153,0.24629213920394516,NEAR,NEAR,0.6,1,,,0.01,0
C1_n0.01_d000_r02,C1,202609,11.86,11.86,0.0,0.23893730323962745,0.23279435176150928,0.24291769234333618,NEAR,NEAR,0.6,1,,,0.01,0
C1_n0.01_d000_r02,C1,202609,11.88,11.88,0.0,0.23754106151206278,0.24276409920383915,0.24287929405846193,NEAR,NEAR,0.6,1,,,0.01,0
C1_n0.01_d000_r02,C1,202609,11.9,11.9,0.0,0.23642759421300968,0.23046501555917476,0.23977572443364015,NEAR,NEAR,0.6,1,,,0.01,0
C1_n0.01_d000_r02,C1,202609,11.92,11.92,0.0,0.23562217316473938,0.2424710858778268,0.24044956479468682,NEAR,NEAR,0.6,1,,,0.01,0
C1_n0.01_d000_r02,C1,202609,11.94,11.94,0.0,0.23514307861455025,0.2223833002917094,0.23593299866894246,NEAR,NEAR,0.6,1,,,0.01,0
C1_n0.01_d000_r02,C1,202609,11.96,11.96,0.0,0.23500118433694275,0.21861915665294968,0.23160453816494425,NEAR,NEAR,0.6,1,,,0.01,0
C1_n0.01_d000_r02,C1,202609,11.98,11.98,0.0,0.235199710836882,0.241137265708971,0.23398772005095092,NEAR,NEAR,0.6,1,,,0.01,0
C1_n0.01_d000_r02,C1,202609,12.0,12.0,0.0,0.25,0.24311456058981767,0.2362694301856676,NEAR,NEAR,0.6,1,,,0.01,0
C1_n0.01_d000_r02,C1,202609,12.02,12.02,0.0,0.25175,0.27227485920568295,0.24527078744067143,NEAR,NEAR,0.6,1,,,0.01,0
C1_n0.01_d000_r02,C1,202609,12.04,12.04,0.0,0.25349999999999995,0.25696147591184326,0.2481934595584644,NEAR,NEAR,0.6,1,,,0.01,0
C1_n0.01_d000_r02,C1,202609,12.06,12.06,0.0,0.25525000000000003,0.24843174034888685,0.24825302975607,NEAR,NEAR,0.6,1,,,0.01,0
C1_n0.01_d000_r02,C1,202609,12.08,12.08,0.0,0.257,0.2716397283397354,0.25409970440198637,NEAR,NEAR,0.6,1,,,0.01,0
C1_n0.01_d000_r02,C1,202609,12.1,12.1,0.0,0.25875,0.25500998615556947,0.25432727484038214,NEAR,NEAR,0.6,1,,,0.01,0
C1_n0.01_d000_r02,C1,202609,12.12,12.12,0.0,0.26049999999999995,0.24916992515428069,0.2530379374188568,NEAR,NEAR,0.6,1,,,0.01,0
C1_n0.01_d000_r02,C1,202609,12.14,12.14,0.0,0.26225000000000004,0.2635394306098433,0.2556633107166034,NEAR,NEAR,0.6,1,,,0.01,0
C1_n0.01_d000_r02,C1,202609,12.16,12.16,0.0,0.264,0.26686648959057385,0.258464105435096,NEAR,NEAR,0.6,1,,,0.01,0
C1_n0.01_d000_r02,C1,202609,12.18,12.18,0.0,0.26575,0.24645399380148164,0.2554615775266924,NEAR,NEAR,0.6,1,,,0.01,0
C1_n0.01_d000_r02,C1,202609,12.2,12.2,0.0,0.26749999999999996,0.29516490135752216,0.26538740848439984,NEAR,NEAR,0.6,1,,,0.01,0
C1_n0.01_d000_r02,C1,202609,12.22,12.22,0.0,0.26925000000000004,0.2746867481239884,0.267712243394297,NEAR,NEAR,0.6,1,,,0.01,0
C1_n0.01_d000_r02,C1,202609,12.24,12.24,0.0,0.271,0.2784245499652973,0.2703903200370471,NEAR,NEAR,0.6,1,,,0.01,0
C1_n0.01_d000_r02,C1,202609,12.26,12.26,0.0,0.27275,0.26556542541329187,0.2691840963811083,NEAR,NEAR,0.6,1,,,0.01,0
C1_n0.01_d000_r02,C1,202609,12.28,12.28,0.0,0.27449999999999997,0.2730247977757417,0.2701442717297666,NEAR,NEAR,0.6,1,,,0.01,0
C1_n0.01_d000_r02,C1,202609,12.3,12.3,0.0,0.27625000000000005,0.28381161575804636,0.27356110773683656,NEAR,NEAR,0.6,1,,,0.01,0
C1_n0.01_d000_r02,C1,202609,12.32,12.32,0.0,0.278,0.27774973793626595,0.2746082652866939,NEAR,NEAR,0.6,1,,,0.01,0
C1_n0.01_d000_r02,C1,202609,12.34,12.34,0.0,0.27975,0.2743548145076997,0.27454490259194536,NEAR,NEAR,0.6,1,,,0.01,0
C1_n0.01_d000_r02,C1,202609,12.36,12.36,0.0,0.2815,0.27736757015104285,0.2752505694817198,NEAR,NEAR,0.6,1,,,0.01,0
C1_n0.01_d000_r02,C1,202609,12.38,12.38,0.0,0.28325000000000006,0.28189635050608647,0.27691201473781146,NEAR,NEAR,0.6,1,,,0.01,0
C1_n0.01_d000_r02,C1,202609,12.4,12.4,0.0,0.28500000000000003,0.28775267337631943,0.27962217939743844,NEAR,NEAR,0.6,1,,,0.01,0
C1_n0.01_d000_r02,C1,202609,12.42,12.42,0.0,0.28675,0.2879326489378123,0.2816997967825319,NEAR,NEAR,0.6,1,,,0.01,0
C1_n0.01_d000_r02,C1,202609,12.44,12.44,0.0,0.2885,0.29591981632918174,0.28525480166919437,NEAR,NEAR,0.6,1,,,0.01,0
C1_n0.01_d000_r02,C1,202609,12.46,12.46,0.0,0.29025000000000006,0.2954611216341767,0.2878063816604399,NEAR,NEAR,0.6,1,,,0.01,0
C1_n0.01_d000_r02,C1,202609,12.48,12.48,0.0,0.29200000000000004,0.3014760469677943,0.2912237979872785,NEAR,NEAR,0.6,1,,,0.01,0
C1_n0.01_d000_r02,C1,202609,12.5,12.5,0.0,0.29375,0.286133629497237,0.2899512558647681,NEAR,NEAR,0.6,1,,,0.01,0
C1_n0.01_d000_r02,C1,202609,12.52,12.52,0.0,0.2955,0.2975192320575953,0.2918432499129749,NEAR,NEAR,0.6,1,,,0.01,0
C1_n0.01_d000_r02,C1,202609,12.54,12.54,0.0,0.2972499999999999,0.2857045452455331,0.29030857374611446,NEAR,NEAR,0.6,1,,,0.01,0
C1_n0.01_d000_r02,C1,202609,12.56,12.56,0.0,0.29900000000000004,0.2993658616008841,0.2925728957098069,NEAR,NEAR,0.6,1,,,0.01,0
C1_n0.01_d000_r02,C1,202609,12.58,12.58,0.0,0.30075,0.27829897074607207,0.2890044144688732,NEAR,NEAR,0.6,1,,,0.01,0
C1_n0.01_d000_r02,C1,202609,12.6,12.6,0.0,0.3025,0.2993212286408489,0.2915836180118671,NEAR,NEAR,0.6,1,,,0.01,0
C1_n0.01_d000_r02,C1,202609,12.62,12.62,0.0,0.3042499999999999,0.30282314783628045,0.2943935004679704,NEAR,NEAR,0.6,1,,,0.01,0
C1_n0.01_d000_r02,C1,202609,12.64,12.64,0.0,0.30600000000000005,0.3095847188693698,0.29819130506832026,NEAR,NEAR,0.6,1,,,0.01,0
C1_n0.01_d000_r02,C1,202609,12.66,12.66,0.0,0.30775,0.29081429242920287,0.29634705190854094,NEAR,NEAR,0.6,1,,,0.01,0
C1_n0.01_d000_r02,C1,202609,12.68,12.68,0.0,0.3095,0.306090181733034,0.2987828343646642,NEAR,NEAR,0.6,1,,,0.01,0
C1_n0.01_d000_r02,C1,202609,12.7,12.7,0.0,0.3112499999999999,0.335336005763801,0.3079211272144484,NEAR,NEAR,0.6,1,,,0.01,0
C1_n0.01_d000_r02,C1,202609,12.72,12.72,0.0,0.31300000000000006,0.31094947839381365,0.3086782150092897,NEAR,NEAR,0.6,1,,,0.01,0
C1_n0.01_d000_r02,C1,202609,12.74,12.74,0.0,0.31475000000000003,0.3162085120768001,0.3105607892761673,NEAR,NEAR,0.6,1,,,0.01,0
C1_n0.01_d000_r02,C1,202609,12.76,12.76,0.0,0.3165,0.3148704512703773,0.3116382047747198,NEAR,NEAR,0.6,1,,,0.01,0
C1_n0.01_d000_r02,C1,202609,12.78,12.78,0.0,0.3182499999999999,0.31787628612732644,0.3131977251128715,NEAR,NEAR,0.6,1,,,0.01,0
C1_n0.01_d000_r02,C1,202609,12.8,12.8,0.0,0.32000000000000006,0.3178973901273568,0.3143726413664928,NEAR,NEAR,0.6,1,,,0.01,0
C1_n0.01_d000_r02,C1,202609,12.82,12.82,0.0,0.32175000000000004,0.3207314513216953,0.3159623438552934,NEAR,NEAR,0.6,1,,,0.01,0
C1_n0.01_d000_r02,C1,202609,12.84,12.84,0.0,0.3235,0.3147694410370619,0.31566411815073553,NEAR,NEAR,0.6,1,,,0.01,0
C1_n0.01_d000_r02,C1,202609,12.86,12.86,0.0,0.32524999999999993,0.33075608686712027,0.3194371103298317,NEAR,NEAR,0.6,1,,,0.01,0
C1_n0.01_d000_r02,C1,202609,12.88,12.88,0.0,0.32700000000000007,0.32314576511208476,0.32036427402539497,NEAR,NEAR,0.6,1,,,0.01,0
C1_n0.01_d000_r02,C1,202609,12.9,12.9,0.0,0.32875000000000004,0.3321936319965453,0.32332161351818256,NEAR,NEAR,0.6,1,,,0.01,0
C1_n0.01_d000_r02,C1,202609,12.92,12.92,0.0,0.3305,0.32489011609943264,0.3237137391634951,NEAR,NEAR,0.6,1,,,0.01,0
C1_n0.01_d000_r02,C1,202609,12.94,12.94,0.0,0.33224999999999993,0.3371001553827873,0.3270603432183182,NEAR,NEAR,0.6,1,,,0.01,0
C1_n0.01_d000_r02,C1,202609,12.96,12.96,0.0,0.3340000000000001,0.34289276058237106,0.3310184475593314,NEAR,NEAR,0.6,1,,,0.01,0
C1_n0.01_d000_r02,C1,202609,12.98,12.98,0.0,0.33575000000000005,0.33292991820688983,0.331496315221221,NEAR,NEAR,0.6,1,,,0.01,0
C1_n0.01_d000_r02,C1,202609,13.0,13.0,0.0,0.3375,0.3487482274000838,0.3358092932659367,NEAR,NEAR,0.6,1,,,0.01,0
C1_n0.01_d000_r02,C1,202609,13.02,13.02,0.0,0.33924999999999994,0.3303702874564321,0.33444954181356057,NEAR,NEAR,0.6,1,,,0.01,0
C1_n0.01_d000_r02,C1,202609,13.04,13.04,0.0,0.3409999999999999,0.3473969404306338,0.3376863914678289,NEAR,NEAR,0.6,1,,,0.01,0
C1_n0.01_d000_r02,C1,202609,13.06,13.06,0.0,0.34275000000000005,0.36104270093843494,0.3435254688354804,NEAR,FAR,0.0,1,EXIT_NEAR,,0.01,0
C1_n0.01_d000_r02,C1,202609,13.08,13.08,0.0,0.34450000000000003,0.3471235800280576,0.34442499663362475,NEAR,NEAR,0.6,1,ENTER_NEAR,,0.01,0
C1_n0.01_d000_r02,C1,202609,13.1,13.1,0.0,0.34624999999999995,0.3585438302246416,0.34795470503137893,NEAR,FAR,0.0,1,EXIT_NEAR,,0.01,0
C1_n0.01_d000_r02,C1,202609,13.12,13.12,0.0,0.3479999999999999,0.34202750821050454,0.3464729058261603,NEAR,NEAR,0.6,1,ENTER_NEAR,,0.01,0
C1_n0.01_d000_r02,C1,202609,13.14,13.14,0.0,0.34975000000000006,0.35128964638521737,0.3476770909659246,NEAR,FAR,0.0,1,EXIT_NEAR,,0.01,0
C1_n0.01_d000_r02,C1,202609,13.16,13.16,0.0,0.35150000000000003,0.33925317280733086,0.34557111142627617,FAR,NEAR,0.6,1,ENTER_NEAR,,0.01,0
C1_n0.01_d000_r02,C1,202609,13.18,13.18,0.0,0.35324999999999995,0.35047016497402333,0.34679587481321295,FAR,FAR,0.0,1,EXIT_NEAR,,0.01,0
C1_n0.01_d000_r02,C1,202609,13.2,13.2,0.0,0.3549999999999999,0.37162672332920477,0.3530035869422109,FAR,FAR,0.0,1,,,0.01,0
C1_n0.01_d000_r02,C1,202609,13.22,13.22,0.0,0.35675000000000007,0.3547550273180305,0.35344144703616576,FAR,FAR,0.0,1,,,0.01,0
C1_n0.01_d000_r02,C1,202609,13.24,13.24,0.0,0.35850000000000004,0.3597083488584857,0.35500817249174577,FAR,FAR,0.0,1,,,0.01,0
C1_n0.01_d000_r02,C1,202609,13.26,13.26,0.0,0.36024999999999996,0.356168299315492,0.3552982041976823,FAR,FAR,0.0,1,,,0.01,0
C1_n0.01_d000_r02,C1,202609,13.28,13.28,0.0,0.36199999999999993,0.3754227854458722,0.36032934950972983,FAR,FAR,0.0,1,,,0.01,0
C1_n0.01_d000_r02,C1,202609,13.3,13.3,0.0,0.3637500000000001,0.3594214804943409,0.36010238225588265,FAR,FAR,0.0,1,,,0.01,0
C1_n0.01_d000_r02,C1,202609,13.32,13.32,0.0,0.36550000000000005,0.37308789849766666,0.36334876131632865,FAR,FAR,0.0,1,,,0.01,0
C1_n0.01_d000_r02,C1,202609,13.34,13.34,0.0,0.36724999999999997,0.3820197268815013,0.3680165027076218,FAR,FAR,0.0,1,,,0.01,0
C1_n0.01_d000_r02,C1,202609,13.36,13.36,0.0,0.36899999999999994,0.36901744730883784,0.3682667388579258,FAR,FAR,0.0,1,,,0.01,0
C1_n0.01_d000_r02,C1,202609,13.38,13.38,0.0,0.3707500000000001,0.3812536891536816,0.3715134764318648,FAR,FAR,0.0,1,,,0.01,0
C1_n0.01_d000_r02,C1,202609,13.4,13.4,0.0,0.37250000000000005,0.3775163504930119,0.37301419494715155,FAR,FAR,0.0,1,,,0.01,0
C1_n0.01_d000_r02,C1,202609,13.42,13.42,0.0,0.37424999999999997,0.3820791492019647,0.3752804335108548,FAR,FAR,0.0,1,,,0.01,0
C1_n0.01_d000_r02,C1,202609,13.44,13.44,0.0,0.37599999999999995,0.3714101269703142,0.3743128568757197,FAR,FAR,0.0,1,,,0.01,0
C1_n0.01_d000_r02,C1,202609,13.46,13.46,0.0,0.37775000000000003,0.3888856987775276,0.37795606735117165,FAR,FAR,0.0,1,,,0.01,0
C1_n0.01_d000_r02,C1,202609,13.48,13.48,0.0,0.37950000000000006,0.3903403833903972,0.38105214636097806,FAR,FAR,0.0,1,,,0.01,0
C1_n0.01_d000_r02,C1,202609,13.5,13.5,0.0,0.38125,0.385514124741809,0.38216764095618583,FAR,FAR,0.0,1,,,0.01,0
C1_n0.01_d000_r02,C1,202609,13.52,13.52,0.0,0.38299999999999995,0.37902985820934965,0.3813831952694768,FAR,FAR,0.0,1,,,0.01,0
C1_n0.01_d000_r02,C1,202609,13.54,13.54,0.0,0.3847499999999999,0.3886476235595044,0.3831993023419837,FAR,FAR,0.0,1,,,0.01,0
C1_n0.01_d000_r02,C1,202609,13.56,13.56,0.0,0.38650000000000007,0.36824603102658326,0.3794609845131336,FAR,FAR,0.0,1,,,0.01,0
C1_n0.01_d000_r02,C1,202609,13.58,13.58,0.0,0.38825,0.39413264151500405,0.38312889876360123,FAR,FAR,0.0,1,,,0.01,0
C1_n0.01_d000_r02,C1,202609,13.6,13.6,0.0,0.38999999999999996,0.40960733473407673,0.3897485077562201,FAR,FAR,0.0,1,,,0.01,0
C1_n0.01_d000_r02,C1,202609,13.62,13.62,0.0,0.39174999999999993,0.4023889305087239,0.392908613444346,FAR,FAR,0.0,1,,,0.01,0
C1_n0.01_d000_r02,C1,202609,13.64,13.64,0.0,0.39350000000000007,0.40058677068735266,0.3948281527550977,FAR,FAR,0.0,1,,,0.01,0
C1_n0.01_d000_r02,C1,202609,13.66,13.66,0.0,0.39525,0.3947006995080261,0.3947962894433298,FAR,FAR,0.0,1,,,0.01,0
C1_n0.01_d000_r02,C1,202609,13.68,13.68,0.0,0.39699999999999996,0.40214631517918703,0.39663379587729414,FAR,FAR,0.0,1,,,0.01,0
C1_n0.01_d000_r02,C1,202609,13.7,13.7,0.0,0.39874999999999994,0.4091476895246949,0.3997622692891443,FAR,FAR,0.0,1,,,0.01,0
C1_n0.01_d000_r02,C1,202609,13.72,13.72,0.0,0.4005000000000001,0.40319757531771644,0.40062109579628735,FAR,FAR,0.0,1,,,0.01,0
C1_n0.01_d000_r02,C1,202609,13.74,13.74,0.0,0.40225,0.41796009950974833,0.40495584672465257,FAR,FAR,0.0,1,,,0.01,0
C1_n0.01_d000_r02,C1,202609,13.76,13.76,0.0,0.40399999999999997,0.39725879259740343,0.40303158319284027,FAR,FAR,0.0,1,,,0.01,0
C1_n0.01_d000_r02,C1,202609,13.78,13.78,0.0,0.40574999999999994,0.42112515888748087,0.40755497711650046,FAR,FAR,0.0,1,,,0.01,0
C1_n0.01_d000_r02,C1,202609,13.8,13.8,0.0,0.4075000000000001,0.39021885005531115,0.4032209453512032,FAR,FAR,0.0,1,,,0.01,0
C1_n0.01_d000_r02,C1,202609,13.82,13.82,0.0,0.40925,0.3971434518318446,0.4017015719713635,FAR,FAR,0.0,1,,,0.01,0
C1_n0.01_d000_r02,C1,202609,13.84,13.84,0.0,0.411,0.41503895371723765,0.40503591740783207,FAR,FAR,0.0,1,,,0.01,0
C1_n0.01_d000_r02,C1,202609,13.86,13.86,0.0,0.41274999999999995,0.40345794036695226,0.4046414231476121,FAR,FAR,0.0,1,,,0.01,0
C1_n0.01_d000_r02,C1,202609,13.88,13.88,0.0,0.4145000000000001,0.4092479538320682,0.4057930558187261,FAR,FAR,0.0,1,,,0.01,0
C1_n0.01_d000_r02,C1,202609,13.9,13.9,0.0,0.41625,0.39973947509296753,0.40427966063728643,FAR,FAR,0.0,1,,,0.01,0
C1_n0.01_d000_r02,C1,202609,13.92,13.92,0.0,0.418,0.44122888547069716,0.4135169668456391,FAR,FAR,0.0,1,,,0.01,0
C1_n0.01_d000_r02,C1,202609,13.94,13.94,0.0,0.41974999999999996,0.4193683392619692,0.4149798099497216,FAR,FAR,0.0,1,,,0.01,0
C1_n0.01_d000_r02,C1,202609,13.96,13.96,0.0,0.4215000000000001,0.41913717445192317,0.416019151075272,FAR,FAR,0.0,1,,,0.01,0
C1_n0.01_d000_r02,C1,202609,13.98,13.98,0.0,0.42325,0.4332028908282021,0.42031508601350454,FAR,FAR,0.0,1,,,0.01,0
C1_n0.01_d000_r02,C1,202609,14.0,14.0,0.0,0.425,0.41418913295091647,0.4187835977478575,FAR,FAR,0.0,1,,,0.01,0
C1_n0.01_d000_r02,C1,202609,14.02,14.02,0.0,0.42674999999999996,0.42062684484564056,0.41924440952230324,FAR,FAR,0.0,1,,,0.01,0
C1_n0.01_d000_r02,C1,202609,14.04,14.04,0.0,0.4284999999999999,0.43704100060812884,0.4236935572937597,FAR,FAR,0.0,1,,,0.01,0
C1_n0.01_d000_r02,C1,202609,14.06,14.06,0.0,0.43025,0.4226551498454245,0.4234339554316759,FAR,FAR,0.0,1,,,0.01,0
C1_n0.01_d000_r02,C1,202609,14.08,14.08,0.0,0.432,0.43600625492694767,0.4265770303054938,FAR,FAR,0.0,1,,,0.01,0
C1_n0.01_d000_r02,C1,202609,14.1,14.1,0.0,0.43374999999999997,0.4254030572562228,0.42628353704317606,FAR,FAR,0.0,1,,,0.01,0
C1_n0.01_d000_r02,C1,202609,14.12,14.12,0.0,0.4354999999999999,0.46896645876100623,0.4369542674726336,FAR,FAR,0.0,1,,,0.01,0
C1_n0.01_d000_r02,C1,202609,14.14,14.14,0.0,0.43725,0.44438859779902534,0.43881285005423154,FAR,FAR,0.0,1,,,0.01,0
C1_n0.01_d000_r02,C1,202609,14.16,14.16,0.0,0.439,0.4565011804650678,0.44323493265694064,FAR,FAR,0.0,1,,,0.01,0
C1_n0.01_d000_r02,C1,202609,14.18,14.18,0.0,0.44075,0.4331613975738418,0.4407165488861659,FAR,FAR,0.0,1,,,0.01,0
C1_n0.01_d000_r02,C1,202609,14.2,14.2,0.0,0.4424999999999999,0.44475687739550296,0.4417266310135002,FAR,FAR,0.0,1,,,0.01,0
C1_n0.01_d000_r02,C1,202609,14.22,14.22,0.0,0.44425000000000003,0.445346564903801,0.44263161448607535,FAR,FAR,0.0,1,,,0.01,0
C1_n0.01_d000_r02,C1,202609,14.24,14.24,0.0,0.446,0.44147581965356253,0.4423426657779471,FAR,FAR,0.0,1,,,0.01,0
C1_n0.01_d000_r02,C1,202609,14.26,14.26,0.0,0.44775,0.45423728763428706,0.44531632124203213,FAR,FAR,0.0,1,,,0.01,0
C1_n0.01_d000_r02,C1,202609,14.28,14.28,0.0,0.4494999999999999,0.45959731234959067,0.44888656901892177,FAR,FAR,0.0,1,,,0.01,0
C1_n0.01_d000_r02,C1,202609,14.3,14.3,0.0,0.45125000000000004,0.4475989972665912,0.44856467608083916,FAR,FAR,0.0,1,,,0.01,0
C1_n0.01_d000_r02,C1,202609,14.32,14.32,0.0,0.453,0.444481950740924,0.4475439947458604,FAR,FAR,0.0,1,,,0.01,0
C1_n0.01_d000_r02,C1,202609,14.34,14.34,0.0,0.45475,0.4313343243122512,0.44349157713745807,FAR,FAR,0.0,1,,,0.01,0
C1_n0.01_d000_r02,C1,202609,14.36,14.36,0.0,0.4564999999999999,0.4416890935782282,0.4430409562476506,FAR,FAR,0.0,1,,,0.01,0
C1_n0.01_d000_r02,C1,202609,14.38,14.38,0.0,0.45825000000000005,0.47130018470099544,0.4501057633609868,FAR,FAR,0.0,1,,,0.01,0
C1_n0.01_d000_r02,C1,202609,14.4,14.4,0.0,0.46,0.44525730067478003,0.44889364768943507,FAR,FAR,0.0,1,,,0.01,0
C1_n0.01_d000_r02,C1,202609,14.42,14.42,0.0,0.46175,0.4561166423437313,0.45069939635300915,FAR,FAR,0.0,1,,,0.01,0
C1_n0.01_d000_r02,C1,202609,14.44,14.44,0.0,0.4634999999999999,0.468376906199021,0.4551187738145121,FAR,FAR,0.0,1,,,0.01,0
C1_n0.01_d000_r02,C1,202609,14.46,14.46,0.0,0.46525000000000005,0.4553028469228586,0.4551647920915987,FAR,FAR,0.0,1,,,0.01,0
C1_n0.01_d000_r02,C1,202609,14.48,14.48,0.0,0.467,0.46864269833283945,0.45853426865190894,FAR,FAR,0.0,1,,,0.01,0
C1_n0.01_d000_r02,C1,202609,14.5,14.5,0.0,0.46875,0.4675300375422481,0.4607832108744937,FAR,FAR,0.0,1,,,0.01,0
C1_n0.01_d000_r02,C1,202609,14.52,14.52,0.0,0.4704999999999999,0.4802848728597913,0.4656586263708181,FAR,FAR,0.0,1,,,0.01,0
C1_n0.01_d000_r02,C1,202609,14.54,14.54,0.0,0.47224999999999995,0.48033290322289246,0.4693271955838367,FAR,FAR,0.0,1,,,0.01,0
C1_n0.01_d000_r02,C1,202609,14.56,14.56,0.0,0.47400000000000003,0.47287490980513514,0.4702141241391613,FAR,FAR,0.0,1,,,0.01,0
C1_n0.01_d000_r02,C1,202609,14.58,14.58,0.0,0.47575,0.4876275292779472,0.4745674754238578,FAR,FAR,0.0,1,,,0.01,0
C1_n0.01_d000_r02,C1,202609,14.6,14.6,0.0,0.4774999999999999,0.479441559539925,0.4757859964528746,FAR,FAR,0.0,1,,,0.01,0
C1_n0.01_d000_r02,C1,202609,14.62,14.62,0.0,0.47924999999999995,0.48781919481922836,0.47879429604446305,FAR,FAR,0.0,1,,,0.01,0
C1_n0.01_d000_r02,C1,202609,14.64,14.64,0.0,0.48100000000000004,0.4982176029893319,0.48365012278068026,FAR,FAR,0.0,1,,,0.01,0
C1_n0.01_d000_r02,C1,202609,14.66,14.66,0.0,0.48275,0.46487621599916656,0.47895664608530186,FAR,FAR,0.0,1,,,0.01,0
C1_n0.01_d000_r02,C1,202609,14.68,14.68,0.0,0.48449999999999993,0.5027758623557647,0.4849114501529176,FAR,FAR,0.0,1,,,0.01,0
C1_n0.01_d000_r02,C1,202609,14.7,14.7,0.0,0.48624999999999996,0.4979318104627786,0.48816654023038286,FAR,FAR,0.0,1,,,0.01,0
C1_n0.01_d000_r02,C1,202609,14.72,14.72,0.0,0.48800000000000004,0.4875557756221479,0.4880138490783241,FAR,FAR,0.0,1,,,0.01,0
C1_n0.01_d000_r02,C1,202609,14.74,14.74,0.0,0.48975,0.4818358648405632,0.4864693530188839,FAR,FAR,0.0,1,,,0.01,0
C1_n0.01_d000_r02,C1,202609,14.76,14.76,0.0,0.49149999999999994,0.48501755930451257,0.48610640459029103,FAR,FAR,0.0,1,,,0.01,0
C1_n0.01_d000_r02,C1,202609,14.78,14.78,0.0,0.49324999999999997,0.48527933048625116,0.4858996360642811,FAR,FAR,0.0,1,,,0.01,0
C1_n0.01_d000_r02,C1,202609,14.8,14.8,0.0,0.49500000000000005,0.4877679542270299,0.4863667156049683,FAR,FAR,0.0,1,,,0.01,0
C1_n0.01_d000_r02,C1,202609,14.82,14.82,0.0,0.49675,0.49268864163753495,0.48794719711310997,FAR,FAR,0.0,1,,,0.01,0
C1_n0.01_d000_r02,C1,202609,14.84,14.84,0.0,0.49849999999999994,0.49951111675485205,0.4908381770235455,FAR,FAR,0.0,1,,,0.01,0
C1_n0.01_d000_r02,C1,202609,14.86,14.86,0.0,0.5002499999999999,0.47868890908837364,0.48780086003975254,FAR,FAR,0.0,1,,,0.01,0
C1_n0.01_d000_r02,C1,202609,14.88,14.88,0.0,0.502,0.5105723040601949,0.4934937210448631,FAR,FAR,0.0,1,,,0.01,0
C1_n0.01_d000_r02,C1,202609,14.9,14.9,0.0,0.50375,0.5051307048471511,0.49640296699543507,FAR,FAR,0.0,1,,,0.01,0
C1_n0.01_d000_r02,C1,202609,14.92,14.92,0.0,0.5055000000000001,0.5046999533313394,0.49847721357941116,FAR,FAR,0.0,1,,,0.01,0
C1_n0.01_d000_r02,C1,202609,14.94,14.94,0.0,0.50725,0.5229589665553394,0.5045976518233932,FAR,FAR,0.0,1,,,0.01,0
C1_n0.01_d000_r02,C1,202609,14.96,14.96,0.0,0.5090000000000001,0.518174671436147,0.5079919067265817,FAR,FAR,0.0,1,,,0.01,0
C1_n0.01_d000_r02,C1,202609,14.98,14.98,0.0,0.51075,0.5074241910214091,0.5078499778002885,FAR,FAR,0.0,1,,,0.01,0
C1_n0.01_d000_r02,C1,202609,15.0,15.0,0.0,0.5125,0.5247075392472526,0.5120643681620295,FAR,FAR,0.0,1,,,0.01,0
C1_n0.01_d000_r02,C1,202609,15.02,15.02,0.0,0.5142499999999999,0.5229394928324621,0.5147831493296376,FAR,FAR,0.0,1,,,0.01,0
C1_n0.01_d000_r02,C1,202609,15.04,15.04,0.0,0.5159999999999999,0.5129946525104107,0.5143360251248309,FAR,FAR,0.0,1,,,0.01,0
C1_n0.01_d000_r02,C1,202609,15.06,15.06,0.0,0.51775,0.504964172745543,0.5119930620300089,FAR,FAR,0.0,1,,,0.01,0
C1_n0.01_d000_r02,C1,202609,15.08,15.08,0.0,0.5195,0.5263364173154005,0.5155789008513568,FAR,FAR,0.0,1,,,0.01,0
C1_n0.01_d000_r02,C1,202609,15.1,15.1,0.0,0.52125,0.52612657342533,0.5182158189948501,FAR,FAR,0.0,1,,,0.01,0
C1_n0.01_d000_r02,C1,202609,15.12,15.12,0.0,0.5229999999999999,0.5132148031753007,0.5169655650399627,FAR,FAR,0.0,1,,,0.01,0
C1_n0.01_d000_r02,C1,202609,15.14,15.14,0.0,0.52475,0.5264131634303292,0.5193274646375543,FAR,FAR,0.0,1,,,0.01,0
C1_n0.01_d000_r02,C1,202609,15.16,15.16,0.0,0.5265,0.545649680456577,0.52590801859231,FAR,FAR,0.0,1,,,0.01,0
C1_n0.01_d000_r02,C1,202609,15.18,15.18,0.0,0.5282499999999999,0.5289702814757582,0.526673584313172,FAR,FAR,0.0,1,,,0.01,0
C1_n0.01_d000_r02,C1,202609,15.2,15.2,0.0,0.5299999999999999,0.5326237475862525,0.5281611251314422,FAR,FAR,0.0,1,,,0.01,0
C1_n0.01_d000_r02,C1,202609,15.22,15.22,0.0,0.5317500000000001,0.5365561015501533,0.53025986923612,FAR,FAR,0.0,1,,,0.01,0
C1_n0.01_d000_r02,C1,202609,15.24,15.24,0.0,0.5335,0.5193690860960283,0.5275371734510971,FAR,FAR,0.0,1,,,0.01,0
C1_n0.01_d000_r02,C1,202609,15.26,15.26,0.0,0.53525,0.543335183922195,0.5314866760688716,FAR,FAR,0.0,1,,,0.01,0
C1_n0.01_d000_r02,C1,202609,15.28,15.28,0.0,0.5369999999999999,0.5229924319456053,0.529363115038055,FAR,FAR,0.0,1,,,0.01,0
C1_n0.01_d000_r02,C1,202609,15.3,15.3,0.0,0.5387500000000001,0.5497434517815288,0.5344581992239235,FAR,FAR,0.0,1,,,0.01,0
C1_n0.01_d000_r02,C1,202609,15.32,15.32,0.0,0.5405,0.5583446316578524,0.5404298073324056,FAR,FAR,0.0,1,,,0.01,0
C1_n0.01_d000_r02,C1,202609,15.34,15.34,0.0,0.5422499999999999,0.5336504567224775,0.5387349696799236,FAR,FAR,0.0,1,,,0.01,0
C1_n0.01_d000_r02,C1,202609,15.36,15.36,0.0,0.5439999999999999,0.5470809116231529,0.5408214551657309,FAR,FAR,0.0,1,,,0.01,0
C1_n0.01_d000_r02,C1,202609,15.38,15.38,0.0,0.5457500000000001,0.5291962777547883,0.5379151608129953,FAR,FAR,0.0,1,,,0.01,0
C1_n0.01_d000_r02,C1,202609,15.4,15.4,0.0,0.5475,0.5675603335241965,0.5453264539907956,FAR,FAR,0.0,1,,,0.01,0
C1_n0.01_d000_r02,C1,202609,15.42,15.42,0.0,0.54925,0.5391681353880287,0.5437868743401039,FAR,FAR,0.0,1,,,0.01,0
C1_n0.01_d000_r02,C1,202609,15.44,15.44,0.0,0.5509999999999999,0.5581571832638076,0.5473794515710299,FAR,FAR,0.0,1,,,0.01,0
C1_n0.01_d000_r02,C1,202609,15.46,15.46,0.0,0.5527500000000001,0.5634922289215264,0.551407645908654,FAR,FAR,0.0,1,,,0.01,0
C1_n0.01_d000_r02,C1,202609,15.48,15.48,0.0,0.5545,0.5570504893561005,0.5528183567705156,FAR,FAR,0.0,1,,,0.01,0
C1_n0.01_d000_r02,C1,202609,15.5,15.5,0.0,0.5562499999999999,0.5388588003534468,0.5493284676662484,FAR,FAR,0.0,1,,,0.01,0
C1_n0.01_d000_r02,C1,202609,15.52,15.52,0.0,0.5579999999999999,0.5524128591712165,0.5500995655424905,FAR,FAR,0.0,1,,,0.01,0
C1_n0.01_d000_r02,C1,202609,15.54,15.54,0.0,0.55975,0.572827045337449,0.5557814354912302,FAR,FAR,0.0,1,,,0.01,0
C1_n0.01_d000_r02,C1,202609,15.56,15.56,0.0,0.5615,0.5406326804743595,0.5519942467370125,FAR,FAR,0.0,1,,,0.01,0
C1_n0.01_d000_r02,C1,202609,15.58,15.58,0.0,0.56325,0.5602140292663773,0.5540491923693537,FAR,FAR,0.0,1,,,0.01,0
C1_n0.01_d000_r02,C1,202609,15.6,15.6,0.0,0.565,0.5529226884155477,0.5537675663809022,FAR,FAR,0.0,1,,,0.01,0
C1_n0.01_d000_r02,C1,202609,15.62,15.62,0.0,0.5667499999999999,0.5637118877605278,0.5562536467258086,FAR,FAR,0.0,1,,,0.01,0
C1_n0.01_d000_r02,C1,202609,15.64,15.64,0.0,0.5685,0.5530930309587949,0.5554634927840552,FAR,FAR,0.0,1,,,0.01,0
C1_n0.01_d000_r02,C1,202609,15.66,15.66,0.0,0.5702499999999999,0.567025900753531,0.5583540947764241,FAR,FAR,0.0,1,,,0.01,0
C1_n0.01_d000_r02,C1,202609,15.68,15.68,0.0,0.572,0.5868058651376558,0.565467037366732,FAR,FAR,0.0,1,,,0.01,0
C1_n0.01_d000_r02,C1,202609,15.7,15.7,0.0,0.57375,0.5633766784108833,0.5649444476277699,FAR,FAR,0.0,1,,,0.01,0
C1_n0.01_d000_r02,C1,202609,15.72,15.72,0.0,0.5755,0.5648327263325728,0.5649165173039705,FAR,FAR,0.0,1,,,0.01,0
C1_n0.01_d000_r02,C1,202609,15.74,15.74,0.0,0.57725,0.583173314757961,0.5694807166674681,FAR,FAR,0.0,1,,,0.01,0
C1_n0.01_d000_r02,C1,202609,15.76,15.76,0.0,0.579,0.5752202606925736,0.5709156026737445,FAR,FAR,0.0,1,,,0.01,0
C1_n0.01_d000_r02,C1,202609,15.78,15.78,0.0,0.5807499999999999,0.562538138807574,0.5688212367072019,FAR,FAR,0.0,1,,,0.01,0
C1_n0.01_d000_r02,C1,202609,15.8,15.8,0.0,0.5825,0.5741776246285979,0.5701603336875509,FAR,FAR,0.0,1,,,0.01,0
C1_n0.01_d000_r02,C1,202609,15.82,15.82,0.0,0.5842499999999999,0.5932859673149511,0.575941742094401,FAR,FAR,0.0,1,,,0.01,0
C1_n0.01_d000_r02,C1,202609,15.84,15.84,0.0,0.586,0.5918511409719422,0.5799190918137863,FAR,FAR,0.0,1,,,0.01,0
C1_n0.01_d000_r02,C1,202609,15.86,15.86,0.0,0.58775,0.5951163532134496,0.5837184071637022,FAR,FAR,0.0,1,,,0.01,0
C1_n0.01_d000_r02,C1,202609,15.88,15.88,0.0,0.5895,0.6021208756297763,0.5883190242802208,FAR,FAR,0.0,1,,,0.01,0
C1_n0.01_d000_r02,C1,202609,15.9,15.9,0.0,0.59125,0.5843621999729139,0.587329818203394,FAR,FAR,0.0,1,,,0.01,0
C1_n0.01_d000_r02,C1,202609,15.92,15.92,0.0,0.593,0.6031943836199831,0.5912959595575413,FAR,FAR,0.0,1,,,0.01,0
C1_n0.01_d000_r02,C1,202609,15.94,15.94,0.0,0.5947499999999999,0.5979980703219956,0.5929714872486549,FAR,FAR,0.0,1,,,0.01,0
C1_n0.01_d000_r02,C1,202609,15.96,15.96,0.0,0.5965,0.5923277942290944,0.5928105639937647,FAR,FAR,0.0,1,,,0.01,0
C1_n0.01_d000_r02,C1,202609,15.98,15.98,0.0,0.59825,0.5845689343237865,0.5907501565762703,FAR,FAR,0.0,1,,,0.01,0
C1_n0.01_d000_r02,C1,202609,16.0,16.0,0.0,0.6,0.6156399107585526,0.5969725951218409,FAR,FAR,0.0,1,,,0.01,0
C1_n0.01_d000_r02,C1,202609,16.02,16.02,0.0,0.6,0.5922025991631898,0.5957800961321782,FAR,FAR,0.0,1,,,0.01,0
C1_n0.01_d000_r02,C1,202609,16.04,16.04,0.0,0.6,0.6184210942742535,0.601440345667697,FAR,FAR,0.0,1,,,0.01,0
C1_n0.01_d000_r02,C1,202609,16.06,16.06,0.0,0.6,0.5830845082899498,0.5968513863232603,FAR,FAR,0.0,1,,,0.01,0
C1_n0.01_d000_r02,C1,202609,16.08,16.08,0.0,0.6,0.6016625937867153,0.598054188189124,FAR,FAR,0.0,1,,,0.01,0
C1_n0.01_d000_r02,C1,202609,16.1,16.1,0.0,0.6,0.6023452662151954,0.5991269576956418,FAR,FAR,0.0,1,,,0.01,0
C1_n0.01_d000_r02,C1,202609,16.12,16.12,0.0,0.6,0.5967744487289467,0.598538830453968,FAR,FAR,0.0,1,,,0.01,0
C1_n0.01_d000_r02,C1,202609,16.14,16.14,0.0,0.6,0.6169431872184852,0.6031399196450973,FAR,FAR,0.0,1,,,0.01,0
C1_n0.01_d000_r02,C1,202609,16.16,16.16,0.0,0.6,0.5738241436554485,0.595810975647685,FAR,FAR,0.0,1,,,0.01,0
C1_n0.01_d000_r02,C1,202609,16.18,16.18,0.0,0.6,0.5959608078111457,0.5958484336885502,FAR,FAR,0.0,1,,,0.01,0
C1_n0.01_d000_r02,C1,202609,16.2,16.2,0.0,0.6,0.5957496761877239,0.5958237443133436,FAR,FAR,0.0,1,,,0.01,0
C1_n0.01_d000_r02,C1,202609,16.22,16.22,0.0,0.6,0.601943713437027,0.5973537365942645,FAR,FAR,0.0,1,,,0.01,0
C1_n0.01_d000_r02,C1,202609,16.24,16.24,0.0,0.6,0.6079459932776908,0.6000018007651211,FAR,FAR,0.0,1,,,0.01,0
C1_n0.01_d000_r02,C1,202609,16.26,16.26,0.0,0.6,0.5939342949069626,0.5984849243005814,FAR,FAR,0.0,1,,,0.01,0
C1_n0.01_d000_r02,C1,202609,16.28,16.28,0.0,0.6,0.5913732273568753,0.5967070000646548,FAR,FAR,0.0,1,,,0.01,0
C1_n0.01_d000_r02,C1,202609,16.3,16.3,0.0,0.6,0.6020846896940821,0.5980514224720117,FAR,FAR,0.0,1,,,0.01,0
C1_n0.01_d000_r02,C1,202609,16.32,16.32,0.0,0.6,0.6162912176854394,0.6026113712753687,FAR,FAR,0.0,1,,,0.01,0
C1_n0.01_d000_r02,C1,202609,16.34,16.34,0.0,0.6,0.5883164346887709,0.5990376371287193,FAR,FAR,0.0,1,,,0.01,0
C1_n0.01_d000_r02,C1,202609,16.36,16.36,0.0,0.6,0.5974243607244192,0.5986343180276443,FAR,FAR,0.0,1,,,0.01,0
C1_n0.01_d000_r02,C1,202609,16.38,16.38,0.0,0.6,0.5918290155113586,0.5969329923985729,FAR,FAR,0.0,1,,,0.01,0
C1_n0.01_d000_r02,C1,202609,16.4,16.4,0.0,0.6,0.6037385330600843,0.5986343775639508,FAR,FAR,0.0,1,,,0.01,0
C1_n0.01_d000_r02,C1,202609,16.42,16.42,0.0,0.6,0.5982177476742234,0.5985302200915189,FAR,FAR,0.0,1,,,0.01,0
C1_n0.01_d000_r02,C1,202609,16.44,16.44,0.0,0.6,0.5969573391993132,0.5981369998684675,FAR,FAR,0.0,1,,,0.01,0
C1_n0.01_d000_r02,C1,202609,16.46,16.46,0.0,0.6,0.603589547679182,0.5995001368211461,FAR,FAR,0.0,1,,,0.01,0
C1_n0.01_d000_r02,C1,202609,16.48,16.48,0.0,0.6,0.579350962342115,0.5944628432013883,FAR,FAR,0.0,1,,,0.01,0
C1_n0.01_d000_r02,C1,202609,16.5,16.5,0.0,0.6,0.6171630956170101,0.6001379063052937,FAR,FAR,0.0,1,,,0.01,0
C1_n0.01_d000_r02,C1,202609,16.52,16.52,0.0,0.6,0.6228780341634065,0.6058229382698219,FAR,FAR,0.0,1,,,0.01,0
C1_n0.01_d000_r02,C1,202609,16.54,16.54,0.0,0.6,0.5965273885975803,0.6034990508517615,FAR,FAR,0.0,1,,,0.01,0
C1_n0.01_d000_r02,C1,202609,16.56,16.56,0.0,0.6,0.5879102281203729,0.5996018451689143,FAR,FAR,0.0,1,,,0.01,0
C1_n0.01_d000_r02,C1,202609,16.58,16.58,0.0,0.6,0.5890222789587256,0.5969569536163672,FAR,FAR,0.0,1,,,0.01,0
C1_n0.01_d000_r02,C1,202609,16.6,16.6,0.0,0.6,0.6009426788460175,0.5979533849237798,FAR,FAR,0.0,1,,,0.01,0
C1_n0.01_d000_r02,C1,202609,16.62,16.62,0.0,0.6,0.5947866729522491,0.5971617069308971,FAR,FAR,0.0,1,,,0.01,0
C1_n0.01_d000_r02,C1,202609,16.64,16.64,0.0,0.6,0.608492478548313,0.599994399835251,FAR,FAR,0.0,1,,,0.01,0
C1_n0.01_d000_r02,C1,202609,16.66,16.66,0.0,0.6,0.6024086332224691,0.6005979581820555,FAR,FAR,0.0,1,,,0.01,0
C1_n0.01_d000_r02,C1,202609,16.68,16.68,0.0,0.6,0.6006699192920643,0.6006159484595577,FAR,FAR,0.0,1,,,0.01,0
C1_n0.01_d000_r02,C1,202609,16.7,16.7,0.0,0.6,0.6279943870523822,0.6074605581077638,FAR,FAR,0.0,1,,,0.01,0
C1_n0.01_d000_r02,C1,202609,16.72,16.72,0.0,0.6,0.5997541795754446,0.605533963474684,FAR,FAR,0.0,1,,,0.01,0
C1_n0.01_d000_r02,C1,202609,16.74,16.74,0.0,0.6,0.6000183355262199,0.604155056487568,FAR,FAR,0.0,1,,,0.01,0
C1_n0.01_d000_r02,C1,202609,16.76,16.76,0.0,0.6,0.6127637381037351,0.6063072268916098,FAR,FAR,0.0,1,,,0.01,0
C1_n0.01_d000_r02,C1,202609,16.78,16.78,0.0,0.6,0.6084433258233397,0.6068412516245423,FAR,FAR,0.0,1,,,0.01,0
C1_n0.01_d000_r02,C1,202609,16.8,16.8,0.0,0.6,0.6030715616405876,0.6058988291285536,FAR,FAR,0.0,1,,,0.01,0
C1_n0.01_d000_r02,C1,202609,16.82,16.82,0.0,0.6,0.6006968995212252,0.6045983467267215,FAR,FAR,0.0,1,,,0.01,0
C1_n0.01_d000_r02,C1,202609,16.84,16.84,0.0,0.6,0.6108544282848388,0.6061623671162508,FAR,FAR,0.0,1,,,0.01,0
C1_n0.01_d000_r02,C1,202609,16.86,16.86,0.0,0.6,0.5971438687335278,0.6039077425205701,FAR,FAR,0.0,1,,,0.01,0
C1_n0.01_d000_r02,C1,202609,16.88,16.88,0.0,0.6,0.6022716006208112,0.6034987070456304,FAR,FAR,0.0,1,,,0.01,0
C1_n0.01_d000_r02,C1,202609,16.9,16.9,0.0,0.6,0.6177625376143913,0.6070646646878206,FAR,FAR,0.0,1,,,0.01,0
C1_n0.01_d000_r02,C1,202609,16.92,16.92,0.0,0.6,0.5956774266140357,0.6042178551693744,FAR,FAR,0.0,1,,,0.01,0
C1_n0.01_d000_r02,C1,202609,16.94,16.94,0.0,0.6,0.5894514302043334,0.6005262489281142,FAR,FAR,0.0,1,,,0.01,0
C1_n0.01_d000_r02,C1,202609,16.96,16.96,0.0,0.6,0.5904792459997568,0.5980144981960249,FAR,FAR,0.0,1,,,0.01,0
C1_n0.01_d000_r02,C1,202609,16.98,16.98,0.0,0.6,0.5955780997807204,0.5974053985921988,FAR,FAR,0.0,1,,,0.01,0
C1_n0.01_d000_r02,C1,202609,17.0,17.0,0.0,0.6,0.6042765954095303,0.5991231977965317,FAR,FAR,0.0,1,,,0.01,0
C1_n0.01_d000_r02,C1,202609,17.02,17.02,0.0,0.6,0.589364319928721,0.596683478329579,FAR,FAR,0.0,1,,,0.01,0
C1_n0.01_d000_r02,C1,202609,17.04,17.04,0.0,0.6,0.6096779952401928,0.5999321075572325,FAR,FAR,0.0,1,,,0.01,0
C1_n0.01_d000_r02,C1,202609,17.06,17.06,0.0,0.6,0.5909402469462868,0.5976841424044961,FAR,FAR,0.0,1,,,0.01,0
C1_n0.01_d000_r02,C1,202609,17.08,17.08,0.0,0.6,0.6000857115889712,0.5982845347006148,FAR,FAR,0.0,1,,,0.01,0
C1_n0.01_d000_r02,C1,202609,17.1,17.1,0.0,0.6,0.6054735290914709,0.6000817832983288,FAR,FAR,0.0,1,,,0.01,0
C1_n0.01_d000_r02,C1,202609,17.12,17.12,0.0,0.6,0.5974102550334234,0.5994139012321025,FAR,FAR,0.0,1,,,0.01,0
C1_n0.01_d000_r02,C1,202609,17.14,17.14,0.0,0.6,0.6086433815319304,0.6017212713070594,FAR,FAR,0.0,1,,,0.01,0
C1_n0.01_d000_r02,C1,202609,17.16,17.16,0.0,0.6,0.6021760855273104,0.6018349748621221,FAR,FAR,0.0,1,,,0.01,0
C1_n0.01_d000_r02,C1,202609,17.18,17.18,0.0,0.6,0.5956856299653123,0.6002976386379196,FAR,FAR,0.0,1,,,0.01,0
C1_n0.01_d000_r02,C1,202609,17.2,17.2,0.0,0.6,0.57919468795421,0.5950219009669921,FAR,FAR,0.0,1,,,0.01,0
C1_n0.01_d000_r02,C1,202609,17.22,17.22,0.0,0.6,0.5915333389914565,0.5941497604731083,FAR,FAR,0.0,1,,,0.01,0
C1_n0.01_d000_r02,C1,202609,17.24,17.24,0.0,0.6,0.5975680219648738,0.5950043258460497,FAR,FAR,0.0,1,,,0.01,0
C1_n0.01_d000_r02,C1,202609,17.26,17.26,0.0,0.6,0.6021874022175406,0.5968000949389225,FAR,FAR,0.0,1,,,0.01,0
C1_n0.01_d000_r02,C1,202609,17.28,17.28,0.0,0.6,0.5828250108622449,0.5933063239197531,FAR,FAR,0.0,1,,,0.01,0
C1_n0.01_d000_r02,C1,202609,17.3,17.3,0.0,0.6,0.605919512141187,0.5964596209751116,FAR,FAR,0.0,1,,,0.01,0
C1_n0.01_d000_r02,C1,202609,17.32,17.32,0.0,0.6,0.6024937713529935,0.5979681585695821,FAR,FAR,0.0,1,,,0.01,0
C1_n0.01_d000_r02,C1,202609,17.34,17.34,0.0,0.6,0.5775584321964151,0.5928657269762903,FAR,FAR,0.0,1,,,0.01,0
C1_n0.01_d000_r02,C1,202609,17.36,17.36,0.0,0.6,0.5911836004688439,0.5924451953494286,FAR,FAR,0.0,1,,,0.01,0
C1_n0.01_d000_r02,C1,202609,17.38,17.38,0.0,0.6,0.6055974195507628,0.5957332513997622,FAR,FAR,0.0,1,,,0.01,0
C1_n0.01_d000_r02,C1,202609,17.4,17.4,0.0,0.6,0.6013930436336318,0.5971481994582296,FAR,FAR,0.0,1,,,0.01,0
C1_n0.01_d000_r02,C1,202609,17.42,17.42,0.0,0.6,0.5931377222871853,0.5961455801654685,FAR,FAR,0.0,1,,,0.01,0
C1_n0.01_d000_r02,C1,202609,17.44,17.44,0.0,0.6,0.6074141859125053,0.5989627316022277,FAR,FAR,0.0,1,,,0.01,0
C1_n0.01_d000_r02,C1,202609,17.46,17.46,0.0,0.6,0.6025866535872331,0.599868712098479,FAR,FAR,0.0,1,,,0.01,0
C1_n0.01_d000_r02,C1,202609,17.48,17.48,0.0,0.6,0.5791468606276067,0.5946882492307609,FAR,FAR,0.0,1,,,0.01,0
C1_n0.01_d000_r02,C1,202609,17.5,17.5,0.0,0.6,0.6127177590631726,0.5991956266888638,FAR,FAR,0.0,1,,,0.01,0
C1_n0.01_d000_r02,C1,202609,17.52,17.52,0.0,0.6,0.5991597460079294,0.5991866565186302,FAR,FAR,0.0,1,,,0.01,0
C1_n0.01_d000_r02,C1,202609,17.54,17.54,0.0,0.6,0.5847128774087098,0.5955682117411502,FAR,FAR,0.0,1,,,0.01,0
C1_n0.01_d000_r02,C1,202609,17.56,17.56,0.0,0.6,0.6114641601743156,0.5995421988494416,FAR,FAR,0.0,1,,,0.01,0
C1_n0.01_d000_r02,C1,202609,17.58,17.58,0.0,0.6,0.5975059930873293,0.5990331474089136,FAR,FAR,0.0,1,,,0.01,0
C1_n0.01_d000_r02,C1,202609,17.6,17.6,0.0,0.6,0.5948766703701478,0.5979940281492222,FAR,FAR,0.0,1,,,0.01,0
C1_n0.01_d000_r02,C1,202609,17.62,17.62,0.0,0.6,0.5903147158546856,0.5960742000755881,FAR,FAR,0.0,1,,,0.01,0
C1_n0.01_d000_r02,C1,202609,17.64,17.64,0.0,0.6,0.6070301013460675,0.598813175393208,FAR,FAR,0.0,1,,,0.01,0
C1_n0.01_d000_r02,C1,202609,17.66,17.66,0.0,0.6,0.6040045847361837,0.6001110277289519,FAR,FAR,0.0,1,,,0.01,0
C1_n0.01_d000_r02,C1,202609,17.68,17.68,0.0,0.6,0.5865486562784666,0.5967204348663305,FAR,FAR,0.0,1,,,0.01,0
C1_n0.01_d000_r02,C1,202609,17.7,17.7,0.0,0.6,0.6059453764181412,0.5990266702542832,FAR,FAR,0.0,1,,,0.01,0
C1_n0.01_d000_r02,C1,202609,17.72,17.72,0.0,0.6,0.5967005820458456,0.5984451482021739,FAR,FAR,0.0,1,,,0.01,0
C1_n0.01_d000_r02,C1,202609,17.74,17.74,0.0,0.6,0.6010418107708854,0.5990943138443517,FAR,FAR,0.0,1,,,0.01,0
C1_n0.01_d000_r02,C1,202609,17.76,17.76,0.0,0.6,0.6090774429955482,0.6015900961321509,FAR,FAR,0.0,1,,,0.01,0
C1_n0.01_d000_r02,C1,202609,17.78,17.78,0.0,0.6,0.5873278747270194,0.598024540780868,FAR,FAR,0.0,1,,,0.01,0
C1_n0.01_d000_r02,C1,202609,17.8,17.8,0.0,0.6,0.6257593299265818,0.6049582380672964,FAR,FAR,0.0,1,,,0.01,0
C1_n0.01_d000_r02,C1,202609,17.82,17.82,0.0,0.6,0.6226965993188642,0.6093928283801884,FAR,FAR,0.0,1,,,0.01,0
C1_n0.01_d000_r02,C1,202609,17.84,17.84,0.0,0.6,0.5958036392942307,0.605995531108699,FAR,FAR,0.0,1,,,0.01,0
C1_n0.01_d000_r02,C1,202609,17.86,17.86,0.0,0.6,0.600655767900083,0.604660590306545,FAR,FAR,0.0,1,,,0.01,0
C1_n0.01_d000_r02,C1,202609,17.88,17.88,0.0,0.6,0.5924765487326332,0.601614579913067,FAR,FAR,0.0,1,,,0.01,0
C1_n0.01_d000_r02,C1,202609,17.9,17.9,0.0,0.6,0.5992204236209193,0.60101604084003,FAR,FAR,0.0,1,,,0.01,0
C1_n0.01_d000_r02,C1,202609,17.92,17.92,0.0,0.6,0.6035841376837437,0.6016580650509584,FAR,FAR,0.0,1,,,0.01,0
C1_n0.01_d000_r02,C1,202609,17.94,17.94,0.0,0.6,0.6050137475631078,0.6024969856789958,FAR,FAR,0.0,1,,,0.01,0
C1_n0.01_d000_r02,C1,202609,17.96,17.96,0.0,0.6,0.5965770148300905,0.6010169929667695,FAR,FAR,0.0,1,,,0.01,0
C1_n0.01_d000_r02,C1,202609,17.98,17.98,0.0,0.6,0.5961894477223689,0.5998101066556694,FAR,FAR,0.0,1,,,0.01,0
C1_n0.01_d000_r02,C1,202609,18.0,18.0,0.0,0.6,0.6100074369698802,0.6023594392342221,FAR,FAR,0.0,1,,,0.01,0
C1_n0.01_d000_r02,C1,202609,18.02,18.02,0.0,0.6,0.5977985103562219,0.601219207014722,FAR,FAR,0.0,1,,,0.01,0
C1_n0.01_d000_r02,C1,202609,18.04,18.04,0.0,0.6,0.5854587921415609,0.5972791032964317,FAR,FAR,0.0,1,,,0.01,0
C1_n0.01_d000_r02,C1,202609,18.06,18.06,0.0,0.6,0.5938003408358309,0.5964094126812816,FAR,FAR,0.0,1,,,0.01,0
C1_n0.01_d000_r02,C1,202609,18.08,18.08,0.0,0.6,0.5952102167443302,0.5961096136970437,FAR,FAR,0.0,1,,,0.01,0
C1_n0.01_d000_r02,C1,202609,18.1,18.1,0.0,0.6,0.5998088530942751,0.5970344235463516,FAR,FAR,0.0,1,,,0.01,0
C1_n0.01_d000_r02,C1,202609,18.12,18.12,0.0,0.6,0.6062979233317606,0.5993502984927038,FAR,FAR,0.0,1,,,0.01,0
C1_n0.01_d000_r02,C1,202609,18.14,18.14,0.0,0.6,0.6203974608996844,0.604612089094449,FAR,FAR,0.0,1,,,0.01,0
C1_n0.01_d000_r02,C1,202609,18.16,18.16,0.0,0.6,0.6097392120097745,0.6058938698232803,FAR,FAR,0.0,1,,,0.01,0
C1_n0.01_d000_r02,C1,202609,18.18,18.18,0.0,0.6,0.6007374122742045,0.6046047554360113,FAR,FAR,0.0,1,,,0.01,0
C1_n0.01_d000_r02,C1,202609,18.2,18.2,0.0,0.6,0.5919926024178443,0.6014517171814696,FAR,FAR,0.0,1,,,0.01,0
C1_n0.01_d000_r02,C1,202609,18.22,18.22,0.0,0.6,0.6123397421072169,0.6041737234129064,FAR,FAR,0.0,1,,,0.01,0
C1_n0.01_d000_r02,C1,202609,18.24,18.24,0.0,0.6,0.610480028447286,0.6057502996715014,FAR,FAR,0.0,1,,,0.01,0
C1_n0.01_d000_r02,C1,202609,18.26,18.26,0.0,0.6,0.6106329622057918,0.606970965305074,FAR,FAR,0.0,1,,,0.01,0
C1_n0.01_d000_r02,C1,202609,18.28,18.28,0.0,0.6,0.5819207120154721,0.6007084019826735,FAR,FAR,0.0,1,,,0.01,0
C1_n0.01_d000_r02,C1,202609,18.3,18.3,0.0,0.6,0.5916523414679365,0.5984443868539893,FAR,FAR,0.0,1,,,0.01,0
C1_n0.01_d000_r02,C1,202609,18.32,18.32,0.0,0.6,0.5976373831196232,0.5982426359203977,FAR,FAR,0.0,1,,,0.01,0
C1_n0.01_d000_r02,C1,202609,18.34,18.34,0.0,0.6,0.61681282543698,0.6028851832995433,FAR,FAR,0.0,1,,,0.01,0
C1_n0.01_d000_r02,C1,202609,18.36,18.36,0.0,0.6,0.5944467381177093,0.6007755720040848,FAR,FAR,0.0,1,,,0.01,0
C1_n0.01_d000_r02,C1,202609,18.38,18.38,0.0,0.6,0.6094740986554068,0.6029502036669153,FAR,FAR,0.0,1,,,0.01,0
C1_n0.01_d000_r02,C1,202609,18.4,18.4,0.0,0.6,0.6028019524456965,0.6029131408616106,FAR,FAR,0.0,1,,,0.01,0
C1_n0.01_d000_r02,C1,202609,18.42,18.42,0.0,0.6,0.6023911862596696,0.6027826522111254,FAR,FAR,0.0,1,,,0.01,0
C1_n0.01_d000_r02,C1,202609,18.44,18.44,0.0,0.6,0.6007128661899847,0.6022652057058402,FAR,FAR,0.0,1,,,0.01,0
C1_n0.01_d000_r02,C1,202609,18.46,18.46,0.0,0.6,0.6107020909690675,0.604374427021647,FAR,FAR,0.0,1,,,0.01,0
C1_n0.01_d000_r02,C1,202609,18.48,18.48,0.0,0.6,0.5936391469302064,0.6016906069987868,FAR,FAR,0.0,1,,,0.01,0
C1_n0.01_d000_r02,C1,202609,18.5,18.5,0.0,0.6,0.5944447713646139,0.5998791480902437,FAR,FAR,0.0,1,,,0.01,0
C1_n0.01_d000_r02,C1,202609,18.52,18.52,0.0,0.6,0.6184997271779065,0.6045342928621593,FAR,FAR,0.0,1,,,0.01,0
C1_n0.01_d000_r02,C1,202609,18.54,18.54,0.0,0.6,0.6043806453658165,0.6044958809880736,FAR,FAR,0.0,1,,,0.01,0
C1_n0.01_d000_r02,C1,202609,18.56,18.56,0.0,0.6,0.5920448072679181,0.6013831125580347,FAR,FAR,0.0,1,,,0.01,0
C1_n0.01_d000_r02,C1,202609,18.58,18.58,0.0,0.6,0.6036996174845174,0.6019622387896554,FAR,FAR,0.0,1,,,0.01,0
C1_n0.01_d000_r02,C1,202609,18.6,18.6,0.0,0.6,0.6017337567259046,0.6019051182737176,FAR,FAR,0.0,1,,,0.01,0
C1_n0.01_d000_r02,C1,202609,18.62,18.62,0.0,0.6,0.6106524430918725,0.6040919494782564,FAR,FAR,0.0,1,,,0.01,0
C1_n0.01_d000_r02,C1,202609,18.64,18.64,0.0,0.6,0.588263315479861,0.6001347909786575,FAR,FAR,0.0,1,,,0.01,0
C1_n0.01_d000_r02,C1,202609,18.66,18.66,0.0,0.6,0.5971546989322468,0.5993897679670549,FAR,FAR,0.0,1,,,0.01,0
C1_n0.01_d000_r02,C1,202609,18.68,18.68,0.0,0.6,0.5900152987966759,0.5970461506744602,FAR,FAR,0.0,1,,,0.01,0
C1_n0.01_d000_r02,C1,202609,18.7,18.7,0.0,0.6,0.6088349980663821,0.5999933625224407,FAR,FAR,0.0,1,,,0.01,0
C1_n0.01_d000_r02,C1,202609,18.72,18.72,0.0,0.6,0.5911185995266749,0.5977746717734993,FAR,FAR,0.0,1,,,0.01,0
C1_n0.01_d000_r02,C1,202609,18.74,18.74,0.0,0.6,0.5954469116482484,0.5971927317421866,FAR,FAR,0.0,1,,,0.01,0
C1_n0.01_d000_r02,C1,202609,18.76,18.76,0.0,0.6,0.6053141881530698,0.5992230958449074,FAR,FAR,0.0,1,,,0.01,0
C1_n0.01_d000_r02,C1,202609,18.78,18.78,0.0,0.6,0.5842775239860718,0.5954867028801984,FAR,FAR,0.0,1,,,0.01,0
C1_n0.01_d000_r02,C1,202609,18.8,18.8,0.0,0.6,0.5835601123045565,0.5925050552362879,FAR,FAR,0.0,1,,,0.01,0
C1_n0.01_d000_r02,C1,202609,18.82,18.82,0.0,0.6,0.5874666426975169,0.5912454521015952,FAR,FAR,0.0,1,,,0.01,0
C1_n0.01_d000_r02,C1,202609,18.84,18.84,0.0,0.6,0.579314203077963,0.5882626398456872,FAR,FAR,0.0,1,,,0.01,0
C1_n0.01_d000_r02,C1,202609,18.86,18.86,0.0,0.6,0.5874853794950317,0.5880683247580233,FAR,FAR,0.0,1,,,0.01,0
C1_n0.01_d000_r02,C1,202609,18.88,18.88,0.0,0.6,0.6113257050787405,0.5938826698382026,FAR,FAR,0.0,1,,,0.01,0
C1_n0.01_d000_r02,C1,202609,18.9,18.9,0.0,0.6,0.6011066160542214,0.5956886563922074,FAR,FAR,0.0,1,,,0.01,0
C1_n0.01_d000_r02,C1,202609,18.92,18.92,0.0,0.6,0.5895803640024959,0.5941615832947795,FAR,FAR,0.0,1,,,0.01,0
C1_n0.01_d000_r02,C1,202609,18.94,18.94,0.0,0.6,0.5966721826937776,0.594789233144529,FAR,FAR,0.0,1,,,0.01,0
C1_n0.01_d000_r02,C1,202609,18.96,18.96,0.0,0.6,0.6000134797899012,0.5960952948058721,FAR,FAR,0.0,1,,,0.01,0
C1_n0.01_d000_r02,C1,202609,18.98,18.98,0.0,0.6,0.5912060443282193,0.5948729821864589,FAR,FAR,0.0,1,,,0.01,0
C1_n0.01_d000_r02,C1,202609,19.0,19.0,0.0,0.6,0.6007033377032265,0.5963305710656508,FAR,FAR,0.0,1,,,0.01,0
C1_n0.01_d000_r02,C1,202609,19.02,19.02,0.0,0.6,0.587463987729497,0.5941139252316123,FAR,FAR,0.0,1,,,0.01,0
C1_n0.01_d000_r02,C1,202609,19.04,19.04,0.0,0.6,0.5921708218410464,0.5936281493839708,FAR,FAR,0.0,1,,,0.01,0
C1_n0.01_d000_r02,C1,202609,19.06,19.06,0.0,0.6,0.6015502387302863,0.5956086717205497,FAR,FAR,0.0,1,,,0.01,0
C1_n0.01_d000_r02,C1,202609,19.08,19.08,0.0,0.6,0.5838325816375867,0.5926646491998089,FAR,FAR,0.0,1,,,0.01,0
C1_n0.01_d000_r02,C1,202609,19.1,19.1,0.0,0.6,0.5876725275648006,0.5914166187910568,FAR,FAR,0.0,1,,,0.01,0
C1_n0.01_d000_r02,C1,202609,19.12,19.12,0.0,0.6,0.6010680101994833,0.5938294666431634,FAR,FAR,0.0,1,,,0.01,0
C1_n0.01_d000_r02,C1,202609,19.14,19.14,0.0,0.6,0.5946873148876367,0.5940439287042817,FAR,FAR,0.0,1,,,0.01,0
C1_n0.01_d000_r02,C1,202609,19.16,19.16,0.0,0.6,0.5917797377722415,0.5934778809712716,FAR,FAR,0.0,1,,,0.01,0
C1_n0.01_d000_r02,C1,202609,19.18,19.18,0.0,0.6,0.6046538898689086,0.5962718831956809,FAR,FAR,0.0,1,,,0.01,0
C1_n0.01_d000_r02,C1,202609,19.2,19.2,0.0,0.6,0.6007843268090929,0.597399994099034,FAR,FAR,0.0,1,,,0.01,0
C1_n0.01_d000_r02,C1,202609,19.22,19.22,0.0,0.6,0.5811739472724041,0.5933434823923766,FAR,FAR,0.0,1,,,0.01,0
C1_n0.01_d000_r02,C1,202609,19.24,19.24,0.0,0.6,0.6057031361734727,0.5964333958376505,FAR,FAR,0.0,1,,,0.01,0
C1_n0.01_d000_r02,C1,202609,19.26,19.26,0.0,0.6,0.6102104637306655,0.5998776628109043,FAR,FAR,0.0,1,,,0.01,0
C1_n0.01_d000_r02,C1,202609,19.28,19.28,0.0,0.6,0.6185742346528061,0.6045518057713798,FAR,FAR,0.0,1,,,0.01,0
C1_n0.01_d000_r02,C1,202609,19.3,19.3,0.0,0.6,0.5942170348202342,0.6019681130335934,FAR,FAR,0.0,1,,,0.01,0
C1_n0.01_d000_r02,C1,202609,19.32,19.32,0.0,0.6,0.5839166042826203,0.5974552358458501,FAR,FAR,0.0,1,,,0.01,0
C1_n0.01_d000_r02,C1,202609,19.34,19.34,0.0,0.6,0.597146031595403,0.5973779347832384,FAR,FAR,0.0,1,,,0.01,0
C1_n0.01_d000_r02,C1,202609,19.36,19.36,0.0,0.6,0.5965877916729532,0.5971803990056671,FAR,FAR,0.0,1,,,0.01,0
C1_n0.01_d000_r02,C1,202609,19.38,19.38,0.0,0.6,0.6001403225481863,0.5979203798912969,FAR,FAR,0.0,1,,,0.01,0
C1_n0.01_d000_r02,C1,202609,19.4,19.4,0.0,0.6,0.6019723512230328,0.5989333727242309,FAR,FAR,0.0,1,,,0.01,0
C1_n0.01_d000_r02,C1,202609,19.42,19.42,0.0,0.6,0.5926326238456457,0.5973581855045846,FAR,FAR,0.0,1,,,0.01,0
C1_n0.01_d000_r02,C1,202609,19.44,19.44,0.0,0.6,0.6047887609582597,0.5992158293680034,FAR,FAR,0.0,1,,,0.01,0
C1_n0.01_d000_r02,C1,202609,19.46,19.46,0.0,0.6,0.5925476643137222,0.5975487881044331,FAR,FAR,0.0,1,,,0.01,0
C1_n0.01_d000_r02,C1,202609,19.48,19.48,0.0,0.6,0.6017896144922048,0.5986089947013761,FAR,FAR,0.0,1,,,0.01,0
C1_n0.01_d000_r02,C1,202609,19.5,19.5,0.0,0.6,0.6029353223352488,0.5996905766098443,FAR,FAR,0.0,1,,,0.01,0
C1_n0.01_d000_r02,C1,202609,19.52,19.52,0.0,0.6,0.6127571248118926,0.6029572136603564,FAR,FAR,0.0,1,,,0.01,0
C1_n0.01_d000_r02,C1,202609,19.54,19.54,0.0,0.6,0.6114747230143861,0.6050865909988637,FAR,FAR,0.0,1,,,0.01,0
C1_n0.01_d000_r02,C1,202609,19.56,19.56,0.0,0.6,0.6194326958015413,0.6086731171995332,FAR,FAR,0.0,1,,,0.01,0
C1_n0.01_d000_r02,C1,202609,19.58,19.58,0.0,0.6,0.6142515331588457,0.6100677211893614,FAR,FAR,0.0,1,,,0.01,0
C1_n0.01_d000_r02,C1,202609,19.6,19.6,0.0,0.6,0.5942501412610738,0.6061133262072894,FAR,FAR,0.0,1,,,0.01,0
C1_n0.01_d000_r02,C1,202609,19.62,19.62,0.0,0.6,0.5951096772076233,0.6033624139573729,FAR,FAR,0.0,1,,,0.01,0
C1_n0.01_d000_r02,C1,202609,19.64,19.64,0.0,0.6,0.5967027150767368,0.6016974892372138,FAR,FAR,0.0,1,,,0.01,0
C1_n0.01_d000_r02,C1,202609,19.66,19.66,0.0,0.6,0.5881935557122661,0.5983215058559769,FAR,FAR,0.0,1,,,0.01,0
C1_n0.01_d000_r02,C1,202609,19.68,19.68,0.0,0.6,0.5899084539628888,0.5962182428827049,FAR,FAR,0.0,1,,,0.01,0
C1_n0.01_d000_r02,C1,202609,19.7,19.7,0.0,0.6,0.6019357683231504,0.5976476242428163,FAR,FAR,0.0,1,,,0.01,0
C1_n0.01_d000_r02,C1,202609,19.72,19.72,0.0,0.6,0.6112511339560137,0.6010485016711156,FAR,FAR,0.0,1,,,0.01,0
C1_n0.01_d000_r02,C1,202609,19.74,19.74,0.0,0.6,0.6065963091262037,0.6024354535348876,FAR,FAR,0.0,1,,,0.01,0
C1_n0.01_d000_r02,C1,202609,19.76,19.76,0.0,0.6,0.5980895378189908,0.6013489746059133,FAR,FAR,0.0,1,,,0.01,0
C1_n0.01_d000_r02,C1,202609,19.78,19.78,0.0,0.6,0.595262500246417,0.5998273560160392,FAR,FAR,0.0,1,,,0.01,0
C1_n0.01_d000_r02,C1,202609,19.8,19.8,0.0,0.6,0.6063181154659859,0.6014500458785259,FAR,FAR,0.0,1,,,0.01,0
C1_n0.01_d000_r02,C1,202609,19.82,19.82,0.0,0.6,0.6041508986127282,0.6021252590620765,FAR,FAR,0.0,1,,,0.01,0
C1_n0.01_d000_r02,C1,202609,19.84,19.84,0.0,0.6,0.5952920115834811,0.6004169471924277,FAR,FAR,0.0,1,,,0.01,0
C1_n0.01_d000_r02,C1,202609,19.86,19.86,0.0,0.6,0.6058584766244097,0.6017773295504232,FAR,FAR,0.0,1,,,0.01,0
C1_n0.01_d000_r02,C1,202609,19.88,19.88,0.0,0.6,0.6058451555404409,0.6027942860479276,FAR,FAR,0.0,1,,,0.01,0
C1_n0.01_d000_r02,C1,202609,19.9,19.9,0.0,0.6,0.6166406962636142,0.6062558886018492,FAR,FAR,0.0,1,,,0.01,0
C1_n0.01_d000_r02,C1,202609,19.92,19.92,0.0,0.6,0.5924966561677661,0.6028160804933285,FAR,FAR,0.0,1,,,0.01,0
C1_n0.01_d000_r02,C1,202609,19.94,19.94,0.0,0.6,0.5954990967140441,0.6009868345485074,FAR,FAR,0.0,1,,,0.01,0
C1_n0.01_d000_r02,C1,202609,19.96,19.96,0.0,0.6,0.6199738121053882,0.6057335789377276,FAR,FAR,0.0,1,,,0.01,0
C1_n0.01_d000_r02,C1,202609,19.98,19.98,0.0,0.6,0.5945382235750302,0.6029347400970533,FAR,FAR,0.0,1,,,0.01,0
C1_n0.01_d000_r02,C1,202609,20.0,20.0,0.0,0.6,0.6005888267786214,0.6023482617674453,FAR,FAR,0.0,1,,,0.01,0
