trial_id,condition,seed,time_s,sensor_time_s,sample_age_s,true_distance_m,raw_distance_m,filtered_distance_m,expected_state,state,command,valid,event_label,invalid_reason,noise_sigma_m,delay_ms
C2_n0.01_d000_r03,C2,202615,0.0,0.0,0.0,0.6,0.5958448005193111,0.5958448005193111,FAR,FAR,0.0,1,,,0.01,0
C2_n0.01_d000_r03,C2,202615,0.02,0.02,0.0,0.6,0.6046131716998471,0.5980368933144451,FAR,FAR,0.0,1,,,0.01,0
C2_n0.01_d000_r03,C2,202615,0.04,0.04,0.0,0.6,0.6026364970044317,0.5991867942369418,FAR,FAR,0.0,1,,,0.01,0
C2_n0.01_d000_r03,C2,202615,0.06,0.06,0.0,0.6,0.5880997898709064,0.5964150431454329,FAR,FAR,0.0,1,,,0.01,0
C2_n0.01_d000_r03,C2,202615,0.08,0.08,0.0,0.6,0.607878464227114,0.5992808984158532,FAR,FAR,0.0,1,,,0.01,0
C2_n0.01_d000_r03,C2,202615,0.1,0.1,0.0,0.6,0.5909161621111637,0.5971897143396808,FAR,FAR,0.0,1,,,0.01,0
C2_n0.01_d000_r03,C2,202615,0.12,0.12,0.0,0.6,0.6116626786648247,0.6008079554209668,FAR,FAR,0.0,1,,,0.01,0
C2_n0.01_d000_r03,C2,202615,0.14,0.14,0.0,0.6,0.6044799293769569,0.6017259489099642,FAR,FAR,0.0,1,,,0.01,0
C2_n0.01_d000_r03,C2,202615,0.16,0.16,0.0,0.6,0.6192824711054852,0.6061150794588445,FAR,FAR,0.0,1,,,0.01,0
C2_n0.01_d000_r03,C2,202615,0.18,0.18,0.0,0.6,0.6012169757769471,0.6048905535383702,FAR,FAR,0.0,1,,,0.01,0
C2_n0.01_d000_r03,C2,202615,0.2,0.2,0.0,0.6,0.5952534833237548,0.6024812859847164,FAR,FAR,0.0,1,,,0.01,0
C2_n0.01_d000_r03,C2,202615,0.22,0.22,0.0,0.6,0.5949240899329304,0.60059198697177,FAR,FAR,0.0,1,,,0.01,0
C2_n0.01_d000_r03,C2,202615,0.24,0.24,0.0,0.6,0.6133270514171214,0.6037757530831078,FAR,FAR,0.0,1,,,0.01,0
C2_n0.01_d000_r03,C2,202615,0.26,0.26,0.0,0.6,0.6095675053392238,0.6052236911471368,FAR,FAR,0.0,1,,,0.01,0
C2_n0.01_d000_r03,C2,202615,0.28,0.28,0.0,0.6,0.5977118964516063,0.6033457424732541,FAR,FAR,0.0,1,,,0.01,0
C2_n0.01_d000_r03,C2,202615,0.3,0.3,0.0,0.6,0.6068089499641252,0.6042115443459719,FAR,FAR,0.0,1,,,0.01,0
C2_n0.01_d000_r03,C2,202615,0.32,0.32,0.0,0.6,0.6044929354202799,0.604281892114549,FAR,FAR,0.0,1,,,0.01,0
C2_n0.01_d000_r03,C2,202615,0.34,0.34,0.0,0.6,0.5959551206176867,0.6022001992403334,FAR,FAR,0.0,1,,,0.01,0
C2_n0.01_d000_r03,C2,202615,0.36,0.36,0.0,0.6,0.5884599298830661,0.5987651319010165,FAR,FAR,0.0,1,,,0.01,0
C2_n0.01_d000_r03,C2,202615,0.38,0.38,0.0,0.6,0.6006481012341752,0.5992358742343062,FAR,FAR,0.0,1,,,0.01,0
C2_n0.01_d000_r03,C2,202615,0.4,0.4,0.0,0.6,0.591408954860014,0.5972791443907332,FAR,FAR,0.0,1,,,0.01,0
C2_n0.01_d000_r03,C2,202615,0.42,0.42,0.0,0.6,0.6025150518310711,0.5985881212508177,FAR,FAR,0.0,1,,,0.01,0
C2_n0.01_d000_r03,C2,202615,0.44,0.44,0.0,0.6,0.5952502397071314,0.5977536508648962,FAR,FAR,0.0,1,,,0.01,0
C2_n0.01_d000_r03,C2,202615,0.46,0.46,0.0,0.6,0.597837813344727,0.5977746914848538,FAR,FAR,0.0,1,,,0.01,0
C2_n0.01_d000_r03,C2,202615,0.48,0.48,0.0,0.6,0.6231914398611177,0.6041288785789198,FAR,FAR,0.0,1,,,0.01,0
C2_n0.01_d000_r03,C2,202615,0.5,0.5,0.0,0.6,0.6066629645679124,0.604762400076168,FAR,FAR,0.0,1,,,0.01,0
C2_n0.01_d000_r03,C2,202615,0.52,0.52,0.0,0.6,0.5921629569471423,0.6016125392939116,FAR,FAR,0.0,1,,,0.01,0
C2_n0.01_d000_r03,C2,202615,0.54,0.54,0.0,0.6,0.5980008424634274,0.6007096150862905,FAR,FAR,0.0,1,,,0.01,0
C2_n0.01_d000_r03,C2,202615,0.56,0.56,0.0,0.6,0.6003697282019154,0.6006246433651967,FAR,FAR,0.0,1,,,0.01,0
C2_n0.01_d000_r03,C2,202615,0.58,0.58,0.0,0.6,0.6035117368129149,0.6013464167271263,FAR,FAR,0.0,1,,,0.01,0
C2_n0.01_d000_r03,C2,202615,0.6,0.6,0.0,0.6,0.5952513316327601,0.5998226454535347,FAR,FAR,0.0,1,,,0.01,0
C2_n0.01_d000_r03,C2,202615,0.62,0.62,0.0,0.6,0.6066763527493587,0.6015360722774907,FAR,FAR,0.0,1,,,0.01,0
C2_n0.01_d000_r03,C2,202615,0.64,0.64,0.0,0.6,0.6070659784016834,0.6029185488085389,FAR,FAR,0.0,1,,,0.01,0
C2_n0.01_d000_r03,C2,202615,0.66,0.66,0.0,0.6,0.6023886568442031,0.6027860758174549,FAR,FAR,0.0,1,,,0.01,0
C2_n0.01_d000_r03,C2,202615,0.68,0.68,0.0,0.6,0.5843208192366591,0.5981697616722559,FAR,FAR,0.0,1,,,0.01,0
C2_n0.01_d000_r03,C2,202615,0.7,0.7,0.0,0.6,0.6006608884490935,0.5987925433664653,FAR,FAR,0.0,1,,,0.01,0
C2_n0.01_d000_r03,C2,202615,0.72,0.72,0.0,0.6,0.6075925668156432,0.6009925492287598,FAR,FAR,0.0,1,,,0.01,0
C2_n0.01_d000_r03,C2,202615,0.74,0.74,0.0,0.6,0.5957573097838946,0.5996837393675435,FAR,FAR,0.0,1,,,0.01,0
C2_n0.01_d000_r03,C2,202615,0.76,0.76,0.0,0.6,0.6075578238362263,0.6016522604847142,FAR,FAR,0.0,1,,,0.01,0
C2_n0.01_d000_r03,C2,202615,0.78,0.78,0.0,0.6,0.595138855078546,0.6000239091331722,FAR,FAR,0.0,1,,,0.01,0
C2_n0.01_d000_r03,C2,202615,0.8,0.8,0.0,0.6,0.6179141769107953,0.604496476077578,FAR,FAR,0.0,1,,,0.01,0
C2_n0.01_d000_r03,C2,202615,0.82,0.82,0.0,0.6,0.5752635803030578,0.5971882521339479,FAR,FAR,0.0,1,,,0.01,0
C2_n0.01_d000_r03,C2,202615,0.84,0.84,0.0,0.6,0.5890841600440666,0.5951622291114775,FAR,FAR,0.0,1,,,0.01,0
C2_n0.01_d000_r03,C2,202615,0.86,0.86,0.0,0.6,0.5900945953164025,0.5938953206627088,FAR,FAR,0.0,1,,,0.01,0
C2_n0.01_d000_r03,C2,202615,0.88,0.88,0.0,0.6,0.6046063554051452,0.5965730793483179,FAR,FAR,0.0,1,,,0.01,0
C2_n0.01_d000_r03,C2,202615,0.9,0.9,0.0,0.6,0.6131269258408756,0.6007115409714574,FAR,FAR,0.0,1,,,0.01,0
C2_n0.01_d000_r03,C2,202615,0.92,0.92,0.0,0.6,0.6157589201543181,0.6044733857671726,FAR,FAR,0.0,1,,,0.01,0
C2_n0.01_d000_r03,C2,202615,0.94,0.94,0.0,0.6,0.6138399624944162,0.6068150299489835,FAR,FAR,0.0,1,,,0.01,0
C2_n0.01_d000_r03,C2,202615,0.96,0.96,0.0,0.6,0.5911908207610513,0.6029089776520005,FAR,FAR,0.0,1,,,0.01,0
C2_n0.01_d000_r03,C2,202615,0.98,0.98,0.0,0.6,0.6069694293446128,0.6039240905751535,FAR,FAR,0.0,1,,,0.01,0
C2_n0.01_d000_r03,C2,202615,1.0,1.0,0.0,0.6,0.6230898527562154,0.608715531120419,FAR,FAR,0.0,1,,,0.01,0
C2_n0.01_d000_r03,C2,202615,1.02,1.02,0.0,0.6,0.605107182878219,0.607813444059869,FAR,FAR,0.0,1,,,0.01,0
C2_n0.01_d000_r03,C2,202615,1.04,1.04,0.0,0.6,0.6097853765943362,0.6083064271934858,FAR,FAR,0.0,1,,,0.01,0
C2_n0.01_d000_r03,C2,202615,1.06,1.06,0.0,0.6,0.5980013621105588,0.6057301609227541,FAR,FAR,0.0,1,,,0.01,0
C2_n0.01_d000_r03,C2,202615,1.08,1.08,0.0,0.6,0.6027153592334479,0.6049764605004275,FAR,FAR,0.0,1,,,0.01,0
C2_n0.01_d000_r03,C2,202615,1.1,1.1,0.0,0.6,0.5977734780069239,0.6031757148770516,FAR,FAR,0.0,1,,,0.01,0
C2_n0.01_d000_r03,C2,202615,1.12,1.12,0.0,0.6,0.6020744469072937,0.6029003978846121,FAR,FAR,0.0,1,,,0.01,0
C2_n0.01_d000_r03,C2,202615,1.14,1.14,0.0,0.6,0.6071837906200641,0.6039712460684752,FAR,FAR,0.0,1,,,0.01,0
C2_n0.01_d000_r03,C2,202615,1.16,1.16,0.0,0.6,0.6075464984351502,0.6048650591601439,FAR,FAR,0.0,1,,,0.01,0
C2_n0.01_d000_r03,C2,202615,1.18,1.18,0.0,0.6,0.5891944380108065,0.6009474038728095,FAR,FAR,0.0,1,,,0.01,0
C2_n0.01_d000_r03,C2,202615,1.2,1.2,0.0,0.6,0.5907914168835667,0.5984084071254988,FAR,FAR,0.0,1,,,0.01,0
C2_n0.01_d000_r03,C2,202615,1.22,1.22,0.0,0.6,0.5979112939519738,0.5982841288321176,FAR,FAR,0.0,1,,,0.01,0
C2_n0.01_d000_r03,C2,202615,1.24,1.24,0.0,0.6,0.5745037766699115,0.5923390407915661,FAR,FAR,0.0,1,,,0.01,0
C2_n0.01_d000_r03,C2,202615,1.26,1.26,0.0,0.6,0.587087972617984,0.5910262737481705,FAR,FAR,0.0,1,,,0.01,0
C2_n0.01_d000_r03,C2,202615,1.28,1.28,0.0,0.6,0.5970649961396823,0.5925359543460484,FAR,FAR,0.0,1,,,0.01,0
C2_n0.01_d000_r03,C2,202615,1.3,1.3,0.0,0.6,0.5818710971988201,0.5898697400592414,FAR,FAR,0.0,1,,,0.01,0
C2_n0.01_d000_r03,C2,202615,1.32,1.32,0.0,0.6,0.6087017620067322,0.5945777455461141,FAR,FAR,0.0,1,,,0.01,0
C2_n0.01_d000_r03,C2,202615,1.34,1.34,0.0,0.6,0.6213267480774776,0.6012649961789549,FAR,FAR,0.0,1,,,0.01,0
C2_n0.01_d000_r03,C2,202615,1.36,1.36,0.0,0.6,0.6025216421919057,0.6015791576821926,FAR,FAR,0.0,1,,,0.01,0
C2_n0.01_d000_r03,C2,202615,1.38,1.38,0.0,0.6,0.5979293769620202,0.6006667125021494,FAR,FAR,0.0,1,,,0.01,0
C2_n0.01_d000_r03,C2,202615,1.4,1.4,0.0,0.6,0.6098702943445079,0.6029676079627391,FAR,FAR,0.0,1,,,0.01,0
C2_n0.01_d000_r03,C2,202615,1.42,1.42,0.0,0.6,0.5907184112541124,0.5999053087855823,FAR,FAR,0.0,1,,,0.01,0
C2_n0.01_d000_r03,C2,202615,1.44,1.44,0.0,0.6,0.5985265054191115,0.5995606079439646,FAR,FAR,0.0,1,,,0.01,0
C2_n0.01_d000_r03,C2,202615,1.46,1.46,0.0,0.6,0.5945932709754824,0.598318773701844,FAR,FAR,0.0,1,,,0.01,0
C2_n0.01_d000_r03,C2,202615,1.48,1.48,0.0,0.6,0.5876453910225661,0.5956504280320245,FAR,FAR,0.0,1,,,0.01,0
C2_n0.01_d000_r03,C2,202615,1.5,1.5,0.0,0.6,0.5940090817648388,0.595240091465228,FAR,FAR,0.0,1,,,0.01,0
C2_n0.01_d000_r03,C2,202615,1.52,1.52,0.0,0.6,0.5894838157955935,0.5938010225478194,FAR,FAR,0.0,1,,,0.01,0
C2_n0.01_d000_r03,C2,202615,1.54,1.54,0.0,0.6,0.5874903981919916,0.5922233664588624,FAR,FAR,0.0,1,,,0.01,0
C2_n0.01_d000_r03,C2,202615,1.56,1.56,0.0,0.6,0.5862010550626572,0.5907177886098111,FAR,FAR,0.0,1,,,0.01,0
C2_n0.01_d000_r03,C2,202615,1.58,1.58,0.0,0.6,0.6077658856499331,0.5949798128698416,FAR,FAR,0.0,1,,,0.01,0
C2_n0.01_d000_r03,C2,202615,1.6,1.6,0.0,0.6,0.6002240189322157,0.5962908643854351,FAR,FAR,0.0,1,,,0.01,0
C2_n0.01_d000_r03,C2,202615,1.62,1.62,0.0,0.6,0.5880547848886692,0.5942318445112437,FAR,FAR,0.0,1,,,0.01,0
C2_n0.01_d000_r03,C2,202615,1.64,1.64,0.0,0.6,0.6043404124625642,0.5967589864990738,FAR,FAR,0.0,1,,,0.01,0
C2_n0.01_d000_r03,C2,202615,1.66,1.66,0.0,0.6,0.5883723234761635,0.5946623207433461,FAR,FAR,0.0,1,,,0.01,0
C2_n0.01_d000_r03,C2,202615,1.68,1.68,0.0,0.6,0.6062756967947969,0.5975656647562089,FAR,FAR,0.0,1,,,0.01,0
C2_n0.01_d000_r03,C2,202615,1.7,1.7,0.0,0.6,0.5940293705625578,0.5966815912077961,FAR,FAR,0.0,1,,,0.01,0
C2_n0.01_d000_r03,C2,202615,1.72,1.72,0.0,0.6,0.5939173922974345,0.5959905414802057,FAR,FAR,0.0,1,,,0.01,0
C2_n0.01_d000_r03,C2,202615,1.74,1.74,0.0,0.6,0.6005039670819055,0.5971188978806307,FAR,FAR,0.0,1,,,0.01,0
C2_n0.01_d000_r03,C2,202615,1.76,1.76,0.0,0.6,0.5990298985272706,0.5975966480422906,FAR,FAR,0.0,1,,,0.01,0
C2_n0.01_d000_r03,C2,202615,1.78,1.78,0.0,0.6,0.5921616653686965,0.5962379023738921,FAR,FAR,0.0,1,,,0.01,0
C2_n0.01_d000_r03,C2,202615,1.8,1.8,0.0,0.6,0.6140344617644687,0.6006870422215362,FAR,FAR,0.0,1,,,0.01,0
C2_n0.01_d000_r03,C2,202615,1.82,1.82,0.0,0.6,0.6126728398594093,0.6036834916310045,FAR,FAR,0.0,1,,,0.01,0
C2_n0.01_d000_r03,C2,202615,1.84,1.84,0.0,0.6,0.582060221826342,0.5982776741798389,FAR,FAR,0.0,1,,,0.01,0
C2_n0.01_d000_r03,C2,202615,1.86,1.86,0.0,0.6,0.6096057366369018,0.6011096897941046,FAR,FAR,0.0,1,,,0.01,0
C2_n0.01_d000_r03,C2,202615,1.88,1.88,0.0,0.6,0.593163249966235,0.5991230798371372,FAR,FAR,0.0,1,,,0.01,0
C2_n0.01_d000_r03,C2,202615,1.9,1.9,0.0,0.6,0.5927140578316167,0.597520824335757,FAR,FAR,0.0,1,,,0.01,0
C2_n0.01_d000_r03,C2,202615,1.92,1.92,0.0,0.6,0.6099021476627898,0.6006161551675152,FAR,FAR,0.0,1,,,0.01,0
C2_n0.01_d000_r03,C2,202615,1.94,1.94,0.0,0.6,0.6009341322069928,0.6006956494273845,FAR,FAR,0.0,1,,,0.01,0
C2_n0.01_d000_r03,C2,202615,1.96,1.96,0.0,0.6,0.5912800112381008,0.5983417398800636,FAR,FAR,0.0,1,,,0.01,0
C2_n0.01_d000_r03,C2,202615,1.98,1.98,0.0,0.6,0.6082042724421272,0.6008073730205795,FAR,FAR,0.0,1,,,0.01,0
C2_n0.01_d000_r03,C2,202615,2.0,2.0,0.0,0.6,0.5967288736019394,0.5997877481659195,FAR,FAR,0.0,1,,,0.01,0
C2_n0.01_d000_r03,C2,202615,2.02,2.02,0.0,0.6,0.6039319494313119,0.6008237984822676,FAR,FAR,0.0,1,,,0.01,0
C2_n0.01_d000_r03,C2,202615,2.04,2.04,0.0,0.6,0.5989904983249733,0.6003654734429441,FAR,FAR,0.0,1,,,0.01,0
C2_n0.01_d000_r03,C2,202615,2.06,2.06,0.0,0.6,0.6030375858024896,0.6010335015328305,FAR,FAR,0.0,1,,,0.01,0
C2_n0.01_d000_r03,C2,202615,2.08,2.08,0.0,0.6,0.6122470820069849,0.6038368966513691,FAR,FAR,0.0,1,,,0.01,0
C2_n0.01_d000_r03,C2,202615,2.1,2.1,0.0,0.6,0.6022988253593019,0.6034523788283523,FAR,FAR,0.0,1,,,0.01,0
C2_n0.01_d000_r03,C2,202615,2.12,2.12,0.0,0.6,0.5976935569623486,0.6020126733618514,FAR,FAR,0.0,1,,,0.01,0
C2_n0.01_d000_r03,C2,202615,2.14,2.14,0.0,0.6,0.5931503310348802,0.5997970877801087,FAR,FAR,0.0,1,,,0.01,0
C2_n0.01_d000_r03,C2,202615,2.16,2.16,0.0,0.6,0.6016285934116931,0.6002549641880047,FAR,FAR,0.0,1,,,0.01,0
C2_n0.01_d000_r03,C2,202615,2.18,2.18,0.0,0.6,0.6164790372486488,0.6043109824531658,FAR,FAR,0.0,1,,,0.01,0
C2_n0.01_d000_r03,C2,202615,2.2,2.2,0.0,0.6,0.607961085904293,0.6052235083159476,FAR,FAR,0.0,1,,,0.01,0
C2_n0.01_d000_r03,C2,202615,2.22,2.22,0.0,0.6,0.6100653761063729,0.6064339752635539,FAR,FAR,0.0,1,,,0.01,0
C2_n0.01_d000_r03,C2,202615,2.24,2.24,0.0,0.6,0.5927905347417649,0.6030231151331067,FAR,FAR,0.0,1,,,0.01,0
C2_n0.01_d000_r03,C2,202615,2.26,2.26,0.0,0.6,0.6081379268766087,0.6043018180689822,FAR,FAR,0.0,1,,,0.01,0
C2_n0.01_d000_r03,C2,202615,2.28,2.28,0.0,0.6,0.6107334972824557,0.6059097378723506,FAR,FAR,0.0,1,,,0.01,0
C2_n0.01_d000_r03,C2,202615,2.3,2.3,0.0,0.6,0.5896078618172694,0.6018342688585803,FAR,FAR,0.0,1,,,0.01,0
C2_n0.01_d000_r03,C2,202615,2.32,2.32,0.0,0.6,0.6135140559468308,0.6047542156306429,FAR,FAR,0.0,1,,,0.01,0
C2_n0.01_d000_r03,C2,202615,2.34,2.34,0.0,0.6,0.6184181640096349,0.6081702027253909,FAR,FAR,0.0,1,,,0.01,0
C2_n0.01_d000_r03,C2,202615,2.36,2.36,0.0,0.6,0.592265439832106,0.6041940120020697,FAR,FAR,0.0,1,,,0.01,0
C2_n0.01_d000_r03,C2,202615,2.38,2.38,0.0,0.6,0.5864260638127071,0.599752024954729,FAR,FAR,0.0,1,,,0.01,0
C2_n0.01_d000_r03,C2,202615,2.4,2.4,0.0,0.6,0.6123852270224109,0.6029103254716495,FAR,FAR,0.0,1,,,0.01,0
C2_n0.01_d000_r03,C2,202615,2.42,2.42,0.0,0.6,0.5906412502356718,0.599843056662655,FAR,FAR,0.0,1,,,0.01,0
C2_n0.01_d000_r03,C2,202615,2.44,2.44,0.0,0.6,0.611459941460569,0.6027472778621336,FAR,FAR,0.0,1,,,0.01,0
C2_n0.01_d000_r03,C2,202615,2.46,2.46,0.0,0.6,0.5922894005301392,0.600132808529135,FAR,FAR,0.0,1,,,0.01,0
C2_n0.01_d000_r03,C2,202615,2.48,2.48,0.0,0.6,0.598156422200273,0.5996387119469194,FAR,FAR,0.0,1,,,0.01,0
C2_n0.01_d000_r03,C2,202615,2.5,2.5,0.0,0.6,0.59081640886512,0.5974331361764695,FAR,FAR,0.0,1,,,0.01,0
C2_n0.01_d000_r03,C2,202615,2.52,2.52,0.0,0.6,0.6086402015711784,0.6002349025251468,FAR,FAR,0.0,1,,,0.01,0
C2_n0.01_d000_r03,C2,202615,2.54,2.54,0.0,0.6,0.5829561184581319,0.595915206508393,FAR,FAR,0.0,1,,,0.01,0
C2_n0.01_d000_r03,C2,202615,2.56,2.56,0.0,0.6,0.5870416745437306,0.5936968235172274,FAR,FAR,0.0,1,,,0.01,0
C2_n0.01_d000_r03,C2,202615,2.58,2.58,0.0,0.6,0.6083030235160937,0.597348373516944,FAR,FAR,0.0,1,,,0.01,0
C2_n0.01_d000_r03,C2,202615,2.6,2.6,0.0,0.6,0.5991199347888172,0.5977912638349123,FAR,FAR,0.0,1,,,0.01,0
C2_n0.01_d000_r03,C2,202615,2.62,2.62,0.0,0.6,0.6029152583934413,0.5990722624745446,FAR,FAR,0.0,1,,,0.01,0
C2_n0.01_d000_r03,C2,202615,2.64,2.64,0.0,0.6,0.6207937947017234,0.6045026455313393,FAR,FAR,0.0,1,,,0.01,0
C2_n0.01_d000_r03,C2,202615,2.66,2.66,0.0,0.6,0.6194113945947627,0.6082298327971951,FAR,FAR,0.0,1,,,0.01,0
C2_n0.01_d000_r03,C2,202615,2.68,2.68,0.0,0.6,0.5972224861935705,0.6054779961462889,FAR,FAR,0.0,1,,,0.01,0
C2_n0.01_d000_r03,C2,202615,2.7,2.7,0.0,0.6,0.5871502256412421,0.6008960535200272,FAR,FAR,0.0,1,,,0.01,0
C2_n0.01_d000_r03,C2,202615,2.72,2.72,0.0,0.6,0.5991257082597857,0.6004534672049668,FAR,FAR,0.0,1,,,0.01,0
C2_n0.01_d000_r03,C2,202615,2.74,2.74,0.0,0.6,0.58367586823685,0.5962590674629377,FAR,FAR,0.0,1,,,0.01,0
C2_n0.01_d000_r03,C2,202615,2.76,2.76,0.0,0.6,0.6135437685161664,0.6005802427262448,FAR,FAR,0.0,1,,,0.01,0
C2_n0.01_d000_r03,C2,202615,2.78,2.78,0.0,0.6,0.6061290185539919,0.6019674366831815,FAR,FAR,0.0,1,,,0.01,0
C2_n0.01_d000_r03,C2,202615,2.8,2.8,0.0,0.6,0.6040466692856241,0.6024872448337921,FAR,FAR,0.0,1,,,0.01,0
C2_n0.01_d000_r03,C2,202615,2.82,2.82,0.0,0.6,0.6051821249959312,0.6031609648743269,FAR,FAR,0.0,1,,,0.01,0
C2_n0.01_d000_r03,C2,202615,2.84,2.84,0.0,0.6,0.6117685182641858,0.6053128532217916,FAR,FAR,0.0,1,,,0.01,0
C2_n0.01_d000_r03,C2,202615,2.86,2.86,0.0,0.6,0.5865539691392402,0.6006231322011538,FAR,FAR,0.0,1,,,0.01,0
C2_n0.01_d000_r03,C2,202615,2.88,2.88,0.0,0.6,0.5756560796234785,0.594381369056735,FAR,FAR,0.0,1,,,0.01,0
C2_n0.01_d000_r03,C2,202615,2.9,2.9,0.0,0.6,0.6195702797909396,0.6006785967402861,FAR,FAR,0.0,1,,,0.01,0
C2_n0.01_d000_r03,C2,202615,2.92,2.92,0.0,0.6,0.5873411979473206,0.5973442470420447,FAR,FAR,0.0,1,,,0.01,0
C2_n0.01_d000_r03,C2,202615,2.94,2.94,0.0,0.6,0.5976731738948596,0.5974264787552485,FAR,FAR,0.0,1,,,0.01,0
C2_n0.01_d000_r03,C2,202615,2.96,2.96,0.0,0.6,0.5943426560513881,0.5966555230792834,FAR,FAR,0.0,1,,,0.01,0
C2_n0.01_d000_r03,C2,202615,2.98,2.98,0.0,0.6,0.6063072767081784,0.5990684614865072,FAR,FAR,0.0,1,,,0.01,0
C2_n0.01_d000_r03,C2,202615,3.0,3.0,0.0,0.6,0.5982576315620871,0.5988657540054021,FAR,FAR,0.0,1,,,0.01,0
C2_n0.01_d000_r03,C2,202615,3.02,3.02,0.0,0.6,0.5804789054275702,0.5942690418609441,FAR,FAR,0.0,1,,,0.01,0
C2_n0.01_d000_r03,C2,202615,3.04,3.04,0.0,0.6,0.5872828659912324,0.5925224978935162,FAR,FAR,0.0,1,,,0.01,0
C2_n0.01_d000_r03,C2,202615,3.06,3.06,0.0,0.6,0.5966119331480937,0.5935448567071606,FAR,FAR,0.0,1,,,0.01,0
C2_n0.01_d000_r03,C2,202615,3.08,3.08,0.0,0.6,0.6137933039152248,0.5986069685091766,FAR,FAR,0.0,1,,,0.01,0
C2_n0.01_d000_r03,C2,202615,3.1,3.1,0.0,0.6,0.6185525643116717,0.6035933674598004,FAR,FAR,0.0,1,,,0.01,0
C2_n0.01_d000_r03,C2,202615,3.12,3.12,0.0,0.6,0.5839216152435158,0.5986754294057293,FAR,FAR,0.0,1,,,0.01,0
C2_n0.01_d000_r03,C2,202615,3.14,3.14,0.0,0.6,0.6177670507211052,0.6034483347345733,FAR,FAR,0.0,1,,,0.01,0
C2_n0.01_d000_r03,C2,202615,3.16,3.16,0.0,0.6,0.6088536620796196,0.6047996665708348,FAR,FAR,0.0,1,,,0.01,0
C2_n0.01_d000_r03,C2,202615,3.18,3.18,0.0,0.6,0.59155478628377,0.6014884464990686,FAR,FAR,0.0,1,,,0.01,0
C2_n0.01_d000_r03,C2,202615,3.2,3.2,0.0,0.6,0.5902325046741996,0.5986744610428514,FAR,FAR,0.0,1,,,0.01,0
C2_n0.01_d000_r03,C2,202615,3.22,3.22,0.0,0.6,0.6059070867740854,0.6004826174756599,FAR,FAR,0.0,1,,,0.01,0
C2_n0.01_d000_r03,C2,202615,3.24,3.24,0.0,0.6,0.612416782528863,0.6034661587389607,FAR,FAR,0.0,1,,,0.01,0
C2_n0.01_d000_r03,C2,202615,3.26,3.26,0.0,0.6,0.5768924467358811,0.5968227307381908,FAR,FAR,0.0,1,,,0.01,0
C2_n0.01_d000_r03,C2,202615,3.28,3.28,0.0,0.6,0.5892748043417141,0.5949357491390717,FAR,FAR,0.0,1,,,0.01,0
C2_n0.01_d000_r03,C2,202615,3.3,3.3,0.0,0.6,0.6066499460999628,0.5978642983792944,FAR,FAR,0.0,1,,,0.01,0
C2_n0.01_d000_r03,C2,202615,3.32,3.32,0.0,0.6,0.5755033779621695,0.5922740682750132,FAR,FAR,0.0,1,,,0.01,0
C2_n0.01_d000_r03,C2,202615,3.34,3.34,0.0,0.6,0.6090834564426566,0.596476415316924,FAR,FAR,0.0,1,,,0.01,0
C2_n0.01_d000_r03,C2,202615,3.36,3.36,0.0,0.6,0.5899007221114441,0.594832492015554,FAR,FAR,0.0,1,,,0.01,0
C2_n0.01_d000_r03,C2,202615,3.38,3.38,0.0,0.6,0.5872581965004955,0.5929389181367895,FAR,FAR,0.0,1,,,0.01,0
C2_n0.01_d000_r03,C2,202615,3.4,3.4,0.0,0.6,0.6141538844513571,0.5982426597154313,FAR,FAR,0.0,1,,,0.01,0
C2_n0.01_d000_r03,C2,202615,3.42,3.42,0.0,0.6,0.5941508543284564,0.5972197083686877,FAR,FAR,0.0,1,,,0.01,0
C2_n0.01_d000_r03,C2,202615,3.44,3.44,0.0,0.6,0.608872216235109,0.600132835335293,FAR,FAR,0.0,1,,,0.01,0
C2_n0.01_d000_r03,C2,202615,3.46,3.46,0.0,0.6,0.6005448781160215,0.6002358460304752,FAR,FAR,0.0,1,,,0.01,0
C2_n0.01_d000_r03,C2,202615,3.48,3.48,0.0,0.6,0.593181584298544,0.5984722805974925,FAR,FAR,0.0,1,,,0.01,0
C2_n0.01_d000_r03,C2,202615,3.5,3.5,0.0,0.6,0.590273125724188,0.5964224918791663,FAR,FAR,0.0,1,,,0.01,0
C2_n0.01_d000_r03,C2,202615,3.52,3.52,0.0,0.6,0.6045150284399328,0.5984456260193579,FAR,FAR,0.0,1,,,0.01,0
C2_n0.01_d000_r03,C2,202615,3.54,3.54,0.0,0.6,0.5965904689287186,0.597981836746698,FAR,FAR,0.0,1,,,0.01,0
C2_n0.01_d000_r03,C2,202615,3.56,3.56,0.0,0.6,0.5829338067817554,0.5942198292554624,FAR,FAR,0.0,1,,,0.01,0
C2_n0.01_d000_r03,C2,202615,3.58,3.58,0.0,0.6,0.5985968774656623,0.5953140913080124,FAR,FAR,0.0,1,,,0.01,0
C2_n0.01_d000_r03,C2,202615,3.6,3.6,0.0,0.6,0.6039701213628635,0.5974780988217252,FAR,FAR,0.0,1,,,0.01,0
C2_n0.01_d000_r03,C2,202615,3.62,3.62,0.0,0.6,0.5933912199285526,0.5964563790984321,FAR,FAR,0.0,1,,,0.01,0
C2_n0.01_d000_r03,C2,202615,3.64,3.64,0.0,0.6,0.6114468658651357,0.6002040007901079,FAR,FAR,0.0,1,,,0.01,0
C2_n0.01_d000_r03,C2,202615,3.66,3.66,0.0,0.6,0.5989430703266754,0.5998887681742497,FAR,FAR,0.0,1,,,0.01,0
C2_n0.01_d000_r03,C2,202615,3.68,3.68,0.0,0.6,0.599131447358297,0.5996994379702616,FAR,FAR,0.0,1,,,0.01,0
C2_n0.01_d000_r03,C2,202615,3.7,3.7,0.0,0.6,0.5567328695205928,0.5889577958578444,FAR,FAR,0.0,1,,,0.01,0
C2_n0.01_d000_r03,C2,202615,3.72,3.72,0.0,0.6,0.6048557506966853,0.5929322845675546,FAR,FAR,0.0,1,,,0.01,0
C2_n0.01_d000_r03,C2,202615,3.74,3.74,0.0,0.6,0.6203140826109801,0.599777734078411,FAR,FAR,0.0,1,,,0.01,0
C2_n0.01_d000_r03,C2,202615,3.76,3.76,0.0,0.6,0.5889448763114487,0.5970695196366704,FAR,FAR,0.0,1,,,0.01,0
C2_n0.01_d000_r03,C2,202615,3.78,3.78,0.0,0.6,0.6018073321347406,0.598253972761188,FAR,FAR,0.0,1,,,0.01,0
C2_n0.01_d000_r03,C2,202615,3.8,3.8,0.0,0.6,0.5975350914718303,0.5980742524388485,FAR,FAR,0.0,1,,,0.01,0
C2_n0.01_d000_r03,C2,202615,3.82,3.82,0.0,0.6,0.5996853803834837,0.5984770344250073,FAR,FAR,0.0,1,,,0.01,0
C2_n0.01_d000_r03,C2,202615,3.84,3.84,0.0,0.6,0.5828083436661706,0.5945598617352982,FAR,FAR,0.0,1,,,0.01,0
C2_n0.01_d000_r03,C2,202615,3.86,3.86,0.0,0.6,0.5936791814458974,0.594339691662948,FAR,FAR,0.0,1,,,0.01,0
C2_n0.01_d000_r03,C2,202615,3.88,3.88,0.0,0.6,0.604092003404145,0.5967777695982472,FAR,FAR,0.0,1,,,0.01,0
C2_n0.01_d000_r03,C2,202615,3.9,3.9,0.0,0.6,0.6029985144311486,0.5983329558064726,FAR,FAR,0.0,1,,,0.01,0
C2_n0.01_d000_r03,C2,202615,3.92,3.92,0.0,0.6,0.5927989947223835,0.5969494655354504,FAR,FAR,0.0,1,,,0.01,0
C2_n0.01_d000_r03,C2,202615,3.94,3.94,0.0,0.6,0.6013637967626725,0.5980530483422559,FAR,FAR,0.0,1,,,0.01,0
C2_n0.01_d000_r03,C2,202615,3.96,3.96,0.0,0.6,0.5985069227035212,0.5981665169325723,FAR,FAR,0.0,1,,,0.01,0
C2_n0.01_d000_r03,C2,202615,3.98,3.98,0.0,0.6,0.6126779042037352,0.601794363750363,FAR,FAR,0.0,1,,,0.01,0
C2_n0.01_d000_r03,C2,202615,4.0,4.0,0.0,0.6,0.5952443543195097,0.6001568613926497,FAR,FAR,0.0,1,,,0.01,0
C2_n0.01_d000_r03,C2,202615,4.02,4.02,0.0,0.5982500000000001,0.6002148023844553,0.6001713466406011,FAR,FAR,0.0,1,,,0.01,0
C2_n0.01_d000_r03,C2,202615,4.04,4.04,0.0,0.5965,0.6096576309768915,0.6025429177246737,FAR,FAR,0.0,1,,,0.01,0
C2_n0.01_d000_r03,C2,202615,4.06,4.06,0.0,0.59475,0.588295412529145,0.5989810414257916,FAR,FAR,0.0,1,,,0.01,0
C2_n0.01_d000_r03,C2,202615,4.08,4.08,0.0,0.593,0.5889028999818888,0.596461506064816,FAR,FAR,0.0,1,,,0.01,0
C2_n0.01_d000_r03,C2,202615,4.1,4.1,0.0,0.59125,0.5884919420505609,0.5944691150612522,FAR,FAR,0.0,1,,,0.01,0
C2_n0.01_d000_r03,C2,202615,4.12,4.12,0.0,0.5894999999999999,0.5881457137003927,0.5928882647210374,FAR,FAR,0.0,1,,,0.01,0
C2_n0.01_d000_r03,C2,202615,4.14,4.14,0.0,0.58775,0.6096154181497005,0.5970700530782032,FAR,FAR,0.0,1,,,0.01,0
C2_n0.01_d000_r03,C2,202615,4.16,4.16,0.0,0.586,0.5974794639886961,0.5971724058058264,FAR,FAR,0.0,1,,,0.01,0
C2_n0.01_d000_r03,C2,202615,4.18,4.18,0.0,0.58425,0.574615957391412,0.5915332937022229,FAR,FAR,0.0,1,,,0.01,0
C2_n0.01_d000_r03,C2,202615,4.2,4.2,0.0,0.5825,0.5967215859185687,0.5928303667563093,FAR,FAR,0.0,1,,,0.01,0
C2_n0.01_d000_r03,C2,202615,4.22,4.22,0.0,0.58075,0.5655186584232149,0.5860024396730357,FAR,FAR,0.0,1,,,0.01,0
C2_n0.01_d000_r03,C2,202615,4.24,4.24,0.0,0.579,0.5870933983110967,0.5862751793325509,FAR,FAR,0.0,1,,,0.01,0
C2_n0.01_d000_r03,C2,202615,4.26,4.26,0.0,0.57725,0.5631013191112408,0.5804817142772234,FAR,FAR,0.0,1,,,0.01,0
C2_n0.01_d000_r03,C2,202615,4.28,4.28,0.0,0.5754999999999999,0.5828973340917152,0.5810856192308463,FAR,FAR,0.0,1,,,0.01,0
C2_n0.01_d000_r03,C2,202615,4.3,4.3,0.0,0.57375,0.5712635456792001,0.5786301008429348,FAR,FAR,0.0,1,,,0.01,0
C2_n0.01_d000_r03,C2,202615,4.32,4.32,0.0,0.572,0.5856770758145822,0.5803918445858466,FAR,FAR,0.0,1,,,0.01,0
C2_n0.01_d000_r03,C2,202615,4.34,4.34,0.0,0.57025,0.5693825026909882,0.577639509112132,FAR,FAR,0.0,1,,,0.01,0
C2_n0.01_d000_r03,C2,202615,4.36,4.36,0.0,0.5685,0.5767903989726832,0.5774272315772698,FAR,FAR,0.0,1,,,0.01,0
C2_n0.01_d000_r03,C2,202615,4.38,4.38,0.0,0.56675,0.5615575319090346,0.573459806660211,FAR,FAR,0.0,1,,,0.01,0
C2_n0.01_d000_r03,C2,202615,4.4,4.4,0.0,0.565,0.5707782534830038,0.5727894183659092,FAR,FAR,0.0,1,,,0.01,0
C2_n0.01_d000_r03,C2,202615,4.42,4.42,0.0,0.56325,0.5685115904630713,0.5717199613901998,FAR,FAR,0.0,1,,,0.01,0
C2_n0.01_d000_r03,C2,202615,4.44,4.44,0.0,0.5614999999999999,0.5808262558149462,0.5739965349963864,FAR,FAR,0.0,1,,,0.01,0
C2_n0.01_d000_r03,C2,202615,4.46,4.46,0.0,0.55975,0.5725076263399145,0.5736243078322684,FAR,FAR,0.0,1,,,0.01,0
C2_n0.01_d000_r03,C2,202615,4.48,4.48,0.0,0.5579999999999999,0.5709975808857162,0.5729676260956303,FAR,FAR,0.0,1,,,0.01,0
C2_n0.01_d000_r03,C2,202615,4.5,4.5,0.0,0.55625,0.5795442502011018,0.5746117821219983,FAR,FAR,0.0,1,,,0.01,0
C2_n0.01_d000_r03,C2,202615,4.52,4.52,0.0,0.5545,0.5594064012744845,0.5708104369101198,FAR,FAR,0.0,1,,,0.01,0
C2_n0.01_d000_r03,C2,202615,4.54,4.54,0.0,0.55275,0.5591897491042753,0.5679052649586587,FAR,FAR,0.0,1,,,0.01,0
C2_n0.01_d000_r03,C2,202615,4.56,4.56,0.0,0.551,0.5573631175593959,0.565269728108843,FAR,FAR,0.0,1,,,0.01,0
C2_n0.01_d000_r03,C2,202615,4.58,4.58,0.0,0.54925,0.5360955584316551,0.557976185689546,FAR,FAR,0.0,1,,,0.01,0
C2_n0.01_d000_r03,C2,202615,4.6,4.6,0.0,0.5475,0.5531642576990332,0.5567732036919177,FAR,FAR,0.0,1,,,0.01,0
C2_n0.01_d000_r03,C2,202615,4.62,4.62,0.0,0.54575,0.5429005605930352,0.5533050429171971,FAR,FAR,0.0,1,,,0.01,0
C2_n0.01_d000_r03,C2,202615,4.64,4.64,0.0,0.544,0.5348105811837311,0.5486814274838305,FAR,FAR,0.0,1,,,0.01,0
C2_n0.01_d000_r03,C2,202615,4.66,4.66,0.0,0.54225,0.5538352416815366,0.5499698810332571,FAR,FAR,0.0,1,,,0.01,0
C2_n0.01_d000_r03,C2,202615,4.68,4.68,0.0,0.5405,0.5239992111082841,0.5434772135520138,FAR,FAR,0.0,1,,,0.01,0
C2_n0.01_d000_r03,C2,202615,4.7,4.7,0.0,0.53875,0.5378747132239527,0.5420765884699985,FAR,FAR,0.0,1,,,0.01,0
C2_n0.01_d000_r03,C2,202615,4.72,4.72,0.0,0.537,0.5376888202628836,0.5409796464182197,FAR,FAR,0.0,1,,,0.01,0
C2_n0.01_d000_r03,C2,202615,4.74,4.74,0.0,0.53525,0.5345847374019179,0.5393809191641443,FAR,FAR,0.0,1,,,0.01,0
C2_n0.01_d000_r03,C2,202615,4.76,4.76,0.0,0.5335,0.526334156231847,0.53611922843107,FAR,FAR,0.0,1,,,0.01,0
C2_n0.01_d000_r03,C2,202615,4.78,4.78,0.0,0.53175,0.5381603482925529,0.5366295083964407,FAR,FAR,0.0,1,,,0.01,0
C2_n0.01_d000_r03,C2,202615,4.8,4.8,0.0,0.53,0.5265142676874943,0.5341006982192041,FAR,FAR,0.0,1,,,0.01,0
C2_n0.01_d000_r03,C2,202615,4.82,4.82,0.0,0.52825,0.5223384579984991,0.5311601381640279,FAR,FAR,0.0,1,,,0.01,0
C2_n0.01_d000_r03,C2,202615,4.84,4.84,0.0,0.5265,0.5289546088124244,0.530608755826127,FAR,FAR,0.0,1,,,0.01,0
C2_n0.01_d000_r03,C2,202615,4.86,4.86,0.0,0.5247499999999999,0.5308097523639673,0.530659004960587,FAR,FAR,0.0,1,,,0.01,0
C2_n0.01_d000_r03,C2,202615,4.88,4.88,0.0,0.523,0.5368736985466698,0.5322126783571077,FAR,FAR,0.0,1,,,0.01,0
C2_n0.01_d000_r03,C2,202615,4.9,4.9,0.0,0.52125,0.520314602254247,0.5292381593313925,FAR,FAR,0.0,1,,,0.01,0
C2_n0.01_d000_r03,C2,202615,4.92,4.92,0.0,0.5195,0.5166286346074603,0.5260857781504095,FAR,FAR,0.0,1,,,0.01,0
C2_n0.01_d000_r03,C2,202615,4.94,4.94,0.0,0.5177499999999999,0.5165024609814904,0.5236899488581797,FAR,FAR,0.0,1,,,0.01,0
C2_n0.01_d000_r03,C2,202615,4.96,4.96,0.0,0.516,0.5118789099313368,0.5207371891264689,FAR,FAR,0.0,1,,,0.01,0
C2_n0.01_d000_r03,C2,202615,4.98,4.98,0.0,0.51425,0.5092972161182892,0.5178771958744239,FAR,FAR,0.0,1,,,0.01,0
C2_n0.01_d000_r03,C2,202615,5.0,5.0,0.0,0.5125,0.5154351036509329,0.5172666728185512,FAR,FAR,0.0,1,,,0.01,0
C2_n0.01_d000_r03,C2,202615,5.02,5.02,0.0,0.51075,0.5235900319169293,0.5188475125931458,FAR,FAR,0.0,1,,,0.01,0
C2_n0.01_d000_r03,C2,202615,5.04,5.04,0.0,0.509,0.5104523109363615,0.5167487121789497,FAR,FAR,0.0,1,,,0.01,0
C2_n0.01_d000_r03,C2,202615,5.06,5.06,0.0,0.50725,0.5070836431553475,0.5143324449230491,FAR,FAR,0.0,1,,,0.01,0
C2_n0.01_d000_r03,C2,202615,5.08,5.08,0.0,0.5055,0.5154110785316648,0.5146021033252031,FAR,FAR,0.0,1,,,0.01,0
C2_n0.01_d000_r03,C2,202615,5.1,5.1,0.0,0.50375,0.5037700272445086,0.5118940843050295,FAR,FAR,0.0,1,,,0.01,0
C2_n0.01_d000_r03,C2,202615,5.12,5.12,0.0,0.502,0.5079852389518106,0.5109168729667247,FAR,FAR,0.0,1,,,0.01,0
C2_n0.01_d000_r03,C2,202615,5.14,5.14,0.0,0.50025,0.489873605806605,0.5056560561766948,FAR,FAR,0.0,1,,,0.01,0
C2_n0.01_d000_r03,C2,202615,5.16,5.16,0.0,0.49849999999999994,0.5055098110138514,0.505619494885984,FAR,FAR,0.0,1,,,0.01,0
C2_n0.01_d000_r03,C2,202615,5.18,5.18,0.0,0.49675,0.5021953603156596,0.5047634612434029,FAR,FAR,0.0,1,,,0.01,0
C2_n0.01_d000_r03,C2,202615,5.2,5.2,0.0,0.495,0.5029472466114987,0.5043094075854269,FAR,FAR,0.0,1,,,0.01,0
C2_n0.01_d000_r03,C2,202615,5.22,5.22,0.0,0.49325,0.4784246498899175,0.4978382181615495,FAR,FAR,0.0,1,,,0.01,0
C2_n0.01_d000_r03,C2,202615,5.24,5.24,0.0,0.49149999999999994,0.493878647349996,0.4968483254586611,FAR,FAR,0.0,1,,,0.01,0
C2_n0.01_d000_r03,C2,202615,5.26,5.26,0.0,0.48975,0.49936342021952607,0.49747709914887733,FAR,FAR,0.0,1,,,0.01,0
C2_n0.01_d000_r03,C2,202615,5.28,5.28,0.0,0.488,0.49951471687786514,0.4979865035811243,FAR,FAR,0.0,1,,,0.01,0
C2_n0.01_d000_r03,C2,202615,5.3,5.3,0.0,0.48625,0.4885428286739324,0.4956255848543263,FAR,FAR,0.0,1,,,0.01,0
C2_n0.01_d000_r03,C2,202615,5.32,5.32,0.0,0.48449999999999993,0.4748080406978118,0.49042119881519763,FAR,FAR,0.0,1,,,0.01,0
C2_n0.01_d000_r03,C2,202615,5.34,5.34,0.0,0.48275,0.4811929748530832,0.48811414282466903,FAR,FAR,0.0,1,,,0.01,0
C2_n0.01_d000_r03,C2,202615,5.36,5.36,0.0,0.481,0.4612857812024048,0.481407052419103,FAR,FAR,0.0,1,,,0.01,0
C2_n0.01_d000_r03,C2,202615,5.38,5.38,0.0,0.47925,0.4749840162401411,0.4798012933743625,FAR,FAR,0.0,1,,,0.01,0
C2_n0.01_d000_r03,C2,202615,5.4,5.4,0.0,0.4774999999999999,0.47234883098212543,0.4779381777763032,FAR,FAR,0.0,1,,,0.01,0
C2_n0.01_d000_r03,C2,202615,5.42,5.42,0.0,0.47575,0.4669339616571425,0.47518712374651306,FAR,FAR,0.0,1,,,0.01,0
C2_n0.01_d000_r03,C2,202615,5.44,5.44,0.0,0.474,0.4837619061796349,0.4773308193547935,FAR,FAR,0.0,1,,,0.01,0
C2_n0.01_d000_r03,C2,202615,5.46,5.46,0.0,0.47224999999999995,0.4645449258015638,0.47413434596648607,FAR,FAR,0.0,1,,,0.01,0
C2_n0.01_d000_r03,C2,202615,5.48,5.48,0.0,0.4704999999999999,0.4675235068275641,0.4724816361817556,FAR,FAR,0.0,1,,,0.01,0
C2_n0.01_d000_r03,C2,202615,5.5,5.5,0.0,0.46875,0.46204645149530194,0.4698728400101422,FAR,FAR,0.0,1,,,0.01,0
C2_n0.01_d000_r03,C2,202615,5.52,5.52,0.0,0.467,0.44958208720663806,0.46480015180926615,FAR,FAR,0.0,1,,,0.01,0
C2_n0.01_d000_r03,C2,202615,5.54,5.54,0.0,0.46525,0.4648115997551576,0.464803013795739,FAR,FAR,0.0,1,,,0.01,0
C2_n0.01_d000_r03,C2,202615,5.56,5.56,0.0,0.4635,0.4487663117194384,0.46079383827666387,FAR,FAR,0.0,1,,,0.01,0
C2_n0.01_d000_r03,C2,202615,5.58,5.58,0.0,0.46175,0.46448877019152474,0.4617175712553791,FAR,FAR,0.0,1,,,0.01,0
C2_n0.01_d000_r03,C2,202615,5.6,5.6,0.0,0.46,0.4482655270376282,0.45835456020094134,FAR,FAR,0.0,1,,,0.01,0
C2_n0.01_d000_r03,C2,202615,5.62,5.62,0.0,0.45825,0.46294356542942866,0.4595018115080632,FAR,FAR,0.0,1,,,0.01,0
C2_n0.01_d000_r03,C2,202615,5.64,5.64,0.0,0.4565,0.47338855099724697,0.4629734963803591,FAR,FAR,0.0,1,,,0.01,0
C2_n0.01_d000_r03,C2,202615,5.66,5.66,0.0,0.45475,0.4531515737571158,0.4605180157245483,FAR,FAR,0.0,1,,,0.01,0
C2_n0.01_d000_r03,C2,202615,5.68,5.68,0.0,0.453,0.452336610776006,0.45847266448741275,FAR,FAR,0.0,1,,,0.01,0
C2_n0.01_d000_r03,C2,202615,5.7,5.7,0.0,0.45125,0.44324326564804845,0.4546653147775717,FAR,FAR,0.0,1,,,0.01,0
C2_n0.01_d000_r03,C2,202615,5.72,5.72,0.0,0.4495,0.4521136599627531,0.4540274010738671,FAR,FAR,0.0,1,,,0.01,0
C2_n0.01_d000_r03,C2,202615,5.74,5.74,0.0,0.44775,0.43771600871744437,0.4499495529847614,FAR,FAR,0.0,1,,,0.01,0
C2_n0.01_d000_r03,C2,202615,5.76,5.76,0.0,0.446,0.4422362895630254,0.4480212371293274,FAR,FAR,0.0,1,,,0.01,0
C2_n0.01_d000_r03,C2,202615,5.78,5.78,0.0,0.44425,0.46077364829341133,0.45120933992034834,FAR,FAR,0.0,1,,,0.01,0
C2_n0.01_d000_r03,C2,202615,5.8,5.8,0.0,0.4425,0.44726287063950504,0.4502227226001375,FAR,FAR,0.0,1,,,0.01,0
C2_n0.01_d000_r03,C2,202615,5.82,5.82,0.0,0.44075,0.4350765121434423,0.4464361699859637,FAR,FAR,0.0,1,,,0.01,0
C2_n0.01_d000_r03,C2,202615,5.84,5.84,0.0,0.439,0.4301860670728642,0.44237364425768877,FAR,FAR,0.0,1,,,0.01,0
C2_n0.01_d000_r03,C2,202615,5.86,5.86,0.0,0.43724999999999997,0.440929982795697,0.4420127288921908,FAR,FAR,0.0,1,,,0.01,0
C2_n0.01_d000_r03,C2,202615,5.88,5.88,0.0,0.4355,0.43481436014571384,0.4402131367055716,FAR,FAR,0.0,1,,,0.01,0
C2_n0.01_d000_r03,C2,202615,5.9,5.9,0.0,0.43374999999999997,0.4386621165324405,0.4398253816622888,FAR,FAR,0.0,1,,,0.01,0
C2_n0.01_d000_r03,C2,202615,5.92,5.92,0.0,0.432,0.4401422015560223,0.4399045866357222,FAR,FAR,0.0,1,,,0.01,0
C2_n0.01_d000_r03,C2,202615,5.94,5.94,0.0,0.43024999999999997,0.41458592287623525,0.43357492069585046,FAR,FAR,0.0,1,,,0.01,0
C2_n0.01_d000_r03,C2,202615,5.96,5.96,0.0,0.4285,0.41892935198270803,0.42991352851756487,FAR,FAR,0.0,1,,,0.01,0
C2_n0.01_d000_r03,C2,202615,5.98,5.98,0.0,0.42674999999999996,0.42359536670016734,0.4283339880632155,FAR,FAR,0.0,1,,,0.01,0
C2_n0.01_d000_r03,C2,202615,6.0,6.0,0.0,0.425,0.4114458197619816,0.424111945987907,FAR,FAR,0.0,1,,,0.01,0
C2_n0.01_d000_r03,C2,202615,6.02,6.02,0.0,0.42325,0.42033432123676706,0.423167539800122,FAR,FAR,0.0,1,,,0.01,0
C2_n0.01_d000_r03,C2,202615,6.04,6.04,0.0,0.4215,0.4307288635599992,0.42505787074009127,FAR,FAR,0.0,1,,,0.01,0
C2_n0.01_d000_r03,C2,202615,6.06,6.06,0.0,0.41975,0.43274284980892547,0.4269791155072998,FAR,FAR,0.0,1,,,0.01,0
C2_n0.01_d000_r03,C2,202615,6.08,6.08,0.0,0.418,0.41920475628770104,0.4250355257024001,FAR,FAR,0.0,1,,,0.01,0
C2_n0.01_d000_r03,C2,202615,6.1,6.1,0.0,0.41625,0.4114432330392917,0.421637452536623,FAR,FAR,0.0,1,,,0.01,0
C2_n0.01_d000_r03,C2,202615,6.12,6.12,0.0,0.4145,0.4184388149719768,0.4208377931454615,FAR,FAR,0.0,1,,,0.01,0
C2_n0.01_d000_r03,C2,202615,6.14,6.14,0.0,0.41275,0.42250186397595474,0.42125381085308483,FAR,FAR,0.0,1,,,0.01,0
C2_n0.01_d000_r03,C2,202615,6.16,6.16,0.0,0.411,0.3946173877970478,0.4145947050890756,FAR,FAR,0.0,1,,,0.01,0
C2_n0.01_d000_r03,C2,202615,6.18,6.18,0.0,0.40925,0.4087240775263327,0.41312704819838986,FAR,FAR,0.0,1,,,0.01,0
C2_n0.01_d000_r03,C2,202615,6.2,6.2,0.0,0.4075,0.414783392550098,0.4135411342863169,FAR,FAR,0.0,1,,,0.01,0
C2_n0.01_d000_r03,C2,202615,6.22,6.22,0.0,0.40575,0.40165065819413176,0.4105685152632706,FAR,FAR,0.0,1,,,0.01,0
C2_n0.01_d000_r03,C2,202615,6.24,6.24,0.0,0.40399999999999997,0.41248965129919785,0.4110487992722524,FAR,FAR,0.0,1,,,0.01,0
C2_n0.01_d000_r03,C2,202615,6.26,6.26,0.0,0.40225,0.41540115174131437,0.41213688738951787,FAR,FAR,0.0,1,,,0.01,0
C2_n0.01_d000_r03,C2,202615,6.28,6.28,0.0,0.40049999999999997,0.39051322880270656,0.406730972742815,FAR,FAR,0.0,1,,,0.01,0
C2_n0.01_d000_r03,C2,202615,6.3,6.3,0.0,0.39875,0.3881154862521907,0.40207710112015893,FAR,FAR,0.0,1,,,0.01,0
C2_n0.01_d000_r03,C2,202615,6.32,6.32,0.0,0.39699999999999996,0.4071355249325361,0.40334170707325323,FAR,FAR,0.0,1,,,0.01,0
C2_n0.01_d000_r03,C2,202615,6.34,6.34,0.0,0.39525,0.39400334342293325,0.40100711616067325,FAR,FAR,0.0,1,,,0.01,0
C2_n0.01_d000_r03,C2,202615,6.36,6.36,0.0,0.39349999999999996,0.3788251146559609,0.3954616157844952,FAR,FAR,0.0,1,,,0.01,0
C2_n0.01_d000_r03,C2,202615,6.38,6.38,0.0,0.39175,0.373654087470535,0.3900097337060051,FAR,FAR,0.0,1,,,0.01,0
C2_n0.01_d000_r03,C2,202615,6.4,6.4,0.0,0.38999999999999996,0.3920845563879395,0.39052843937648873,FAR,FAR,0.0,1,,,0.01,0
C2_n0.01_d000_r03,C2,202615,6.42,6.42,0.0,0.38825,0.387770948570208,0.3898390666749185,FAR,FAR,0.0,1,,,0.01,0
C2_n0.01_d000_r03,C2,202615,6.44,6.44,0.0,0.38649999999999995,0.37070666400223407,0.3850559660067474,FAR,FAR,0.0,1,,,0.01,0
C2_n0.01_d000_r03,C2,202615,6.46,6.46,0.0,0.38475,0.383956056241026,0.38478098856531706,FAR,FAR,0.0,1,,,0.01,0
C2_n0.01_d000_r03,C2,202615,6.48,6.48,0.0,0.38299999999999995,0.40418713098097386,0.3896325241692313,FAR,FAR,0.0,1,,,0.01,0
C2_n0.01_d000_r03,C2,202615,6.5,6.5,0.0,0.38125,0.3908820001130705,0.3899448931551911,FAR,FAR,0.0,1,,,0.01,0
C2_n0.01_d000_r03,C2,202615,6.52,6.52,0.0,0.37950000000000006,0.3767958903988876,0.3866576424661152,FAR,FAR,0.0,1,,,0.01,0
C2_n0.01_d000_r03,C2,202615,6.54,6.54,0.0,0.37775000000000003,0.3736006752834361,0.38339340067044547,FAR,FAR,0.0,1,,,0.01,0
C2_n0.01_d000_r03,C2,202615,6.56,6.56,0.0,0.376,0.37344014108275975,0.380905085773524,FAR,FAR,0.0,1,,,0.01,0
C2_n0.01_d000_r03,C2,202615,6.58,6.58,0.0,0.37424999999999997,0.3755469238088729,0.3795655452823612,FAR,FAR,0.0,1,,,0.01,0
C2_n0.01_d000_r03,C2,202615,6.6,6.6,0.0,0.37250000000000005,0.3738910275000894,0.3781469158367933,FAR,FAR,0.0,1,,,0.01,0
C2_n0.01_d000_r03,C2,202615,6.62,6.62,0.0,0.37075,0.3577719363310987,0.37305317096036966,FAR,FAR,0.0,1,,,0.01,0
C2_n0.01_d000_r03,C2,202615,6.64,6.64,0.0,0.369,0.3588291853441743,0.3694971745563208,FAR,FAR,0.0,1,,,0.01,0
C2_n0.01_d000_r03,C2,202615,6.66,6.66,0.0,0.36724999999999997,0.36320034058006617,0.3679229660622571,FAR,FAR,0.0,1,,,0.01,0
C2_n0.01_d000_r03,C2,202615,6.68,6.68,0.0,0.36550000000000005,0.3590215827467924,0.3656976202333909,FAR,FAR,0.0,1,,,0.01,0
C2_n0.01_d000_r03,C2,202615,6.7,6.7,0.0,0.36375,0.3589846452959476,0.3640193764990301,FAR,FAR,0.0,1,,,0.01,0
C2_n0.01_d000_r03,C2,202615,6.72,6.72,0.0,0.362,0.3668153111902262,0.3647183601718291,FAR,FAR,0.0,1,,,0.01,0
C2_n0.01_d000_r03,C2,202615,6.74,6.74,0.0,0.36024999999999996,0.35037117233953513,0.3611315632137556,FAR,FAR,0.0,1,,,0.01,0
C2_n0.01_d000_r03,C2,202615,6.76,6.76,0.0,0.35850000000000004,0.36223460690136394,0.36140732413565774,FAR,FAR,0.0,1,,,0.01,0
C2_n0.01_d000_r03,C2,202615,6.78,6.78,0.0,0.35675,0.36006420549041396,0.3610715444743468,FAR,FAR,0.0,1,,,0.01,0
C2_n0.01_d000_r03,C2,202615,6.8,6.8,0.0,0.355,0.35221077632753534,0.3588563524376439,FAR,FAR,0.0,1,,,0.01,0
C2_n0.01_d000_r03,C2,202615,6.82,6.82,0.0,0.35324999999999995,0.363590309019519,0.3600398415831127,FAR,FAR,0.0,1,,,0.01,0
C2_n0.01_d000_r03,C2,202615,6.84,6.84,0.0,0.35150000000000003,0.3349617632089261,0.35377032198956604,FAR,FAR,0.0,1,,,0.01,0
C2_n0.01_d000_r03,C2,202615,6.86,6.86,0.0,0.34974999999999995,0.36390590248060894,0.35630421711232674,NEAR,FAR,0.0,1,,,0.01,0
C2_n0.01_d000_r03,C2,202615,6.88,6.88,0.0,0.348,0.33488664993565614,0.3509498253181591,NEAR,FAR,0.0,1,,,0.01,0
C2_n0.01_d000_r03,C2,202615,6.9,6.9,0.0,0.34624999999999995,0.33748598196261265,0.3475838644792725,NEAR,FAR,0.0,1,,,0.01,0
C2_n0.01_d000_r03,C2,202615,6.92,6.92,0.0,0.3445,0.34292524722848594,0.34641921016657584,NEAR,FAR,0.0,1,,,0.01,0
C2_n0.01_d000_r03,C2,202615,6.94,6.94,0.0,0.34274999999999994,0.35777133846658643,0.3492572422415785,NEAR,FAR,0.0,1,,,0.01,0
C2_n0.01_d000_r03,C2,202615,6.96,6.96,0.0,0.34099999999999997,0.3413132460796652,0.34727124320110014,NEAR,FAR,0.0,1,,,0.01,0
C2_n0.01_d000_r03,C2,202615,6.98,6.98,0.0,0.33924999999999994,0.34048792782806164,0.3455754143578405,NEAR,FAR,0.0,1,,,0.01,0
C2_n0.01_d000_r03,C2,202615,7.0,7.0,0.0,0.3375,0.32486825151001103,0.34039862364588314,NEAR,FAR,0.0,1,,,0.01,0
C2_n0.01_d000_r03,C2,202615,7.02,7.02,0.0,0.33575000000000005,0.3267234375868546,0.336979827131126,NEAR,FAR,0.0,1,,,0.01,0
C2_n0.01_d000_r03,C2,202615,7.04,7.04,0.0,0.334,0.337961452960444,0.3372252335884555,NEAR,FAR,0.0,1,,,0.01,0
C2_n0.01_d000_r03,C2,202615,7.06,7.06,0.0,0.33225000000000005,0.3403993681726287,0.3380187672344988,NEAR,FAR,0.0,1,,,0.01,0
C2_n0.01_d000_r03,C2,202615,7.08,7.08,0.0,0.3305,0.3497238157859741,0.34094502937236765,NEAR,FAR,0.0,1,,,0.01,0
C2_n0.01_d000_r03,C2,202615,7.1,7.1,0.0,0.32875000000000004,0.3294037900574724,0.33805971954364383,NEAR,FAR,0.0,1,,,0.01,0
C2_n0.01_d000_r03,C2,202615,7.12,7.12,0.0,0.327,0.3198213484404311,0.33350012676784063,NEAR,FAR,0.0,1,,,0.01,0
C2_n0.01_d000_r03,C2,202615,7.14,7.14,0.0,0.32525000000000004,0.3320809349303505,0.33314532880846814,NEAR,FAR,0.0,1,,,0.01,0
C2_n0.01_d000_r03,C2,202615,7.16,7.16,0.0,0.3235,0.32735944309049125,0.3316988573789739,NEAR,FAR,0.0,1,,,0.01,0
C2_n0.01_d000_r03,C2,202615,7.18,7.18,0.0,0.32175000000000004,0.3479831937914642,0.3357699414820965,NEAR,FAR,0.0,1,,,0.01,0
C2_n0.01_d000_r03,C2,202615,7.2,7.2,0.0,0.32,0.3359298275186207,0.33580991299122753,NEAR,FAR,0.0,1,,,0.01,0
C2_n0.01_d000_r03,C2,202615,7.22,7.22,0.0,0.31825000000000003,0.33542570557757856,0.3357138611378153,NEAR,FAR,0.0,1,,,0.01,0
C2_n0.01_d000_r03,C2,202615,7.24,7.24,0.0,0.3165,0.3091903285594802,0.3290829779932315,NEAR,FAR,0.0,1,,,0.01,0
C2_n0.01_d000_r03,C2,202615,7.26,7.26,0.0,0.31475000000000003,0.30494295486268613,0.32304797221059517,NEAR,FAR,0.0,1,,,0.01,0
C2_n0.01_d000_r03,C2,202615,7.28,7.28,0.0,0.313,0.3337414259192741,0.3257213356377649,NEAR,FAR,0.0,1,,,0.01,0
C2_n0.01_d000_r03,C2,202615,7.3,7.3,0.0,0.31125,0.3026513436573456,0.31995383764266005,NEAR,NEAR,0.6,1,ENTER_NEAR,,0.01,0
C2_n0.01_d000_r03,C2,202615,7.32,7.32,0.0,0.3095,0.2860574312339932,0.31147973604049334,NEAR,NEAR,0.6,1,,,0.01,0
C2_n0.01_d000_r03,C2,202615,7.34,7.34,0.0,0.30775,0.3057409282128424,0.31004503408358064,NEAR,NEAR,0.6,1,,,0.01,0
C2_n0.01_d000_r03,C2,202615,7.36,7.36,0.0,0.306,0.3022820424944687,0.30810428618630264,NEAR,NEAR,0.6,1,,,0.01,0
C2_n0.01_d000_r03,C2,202615,7.38,7.38,0.0,0.30425,0.3133590505374109,0.3094179772740797,NEAR,NEAR,0.6,1,,,0.01,0
C2_n0.01_d000_r03,C2,202615,7.4,7.4,0.0,0.3025,0.30170202169863425,0.3074889883802183,NEAR,NEAR,0.6,1,,,0.01,0
C2_n0.01_d000_r03,C2,202615,7.42,7.42,0.0,0.30075,0.295041682394538,0.30437716188379826,NEAR,NEAR,0.6,1,,,0.01,0
C2_n0.01_d000_r03,C2,202615,7.44,7.44,0.0,0.299,0.30154756519889875,0.3036697627125734,NEAR,NEAR,0.6,1,,,0.01,0
C2_n0.01_d000_r03,C2,202615,7.46,7.46,0.0,0.29725,0.31468452024570953,0.3064234520958574,NEAR,NEAR,0.6,1,,,0.01,0
C2_n0.01_d000_r03,C2,202615,7.48,7.48,0.0,0.2955,0.2888802916185306,0.3020376619765257,NEAR,NEAR,0.6,1,,,0.01,0
C2_n0.01_d000_r03,C2,202615,7.5,7.5,0.0,0.29375,0.3023985817506726,0.3021278919200624,NEAR,NEAR,0.6,1,,,0.01,0
C2_n0.01_d000_r03,C2,202615,7.52,7.52,0.0,0.29200000000000004,0.3050374972641105,0.3028552932560744,NEAR,NEAR,0.6,1,,,0.01,0
C2_n0.01_d000_r03,C2,202615,7.54,7.54,0.0,0.29025,0.29352121966041983,0.30052177485716075,NEAR,NEAR,0.6,1,,,0.01,0
C2_n0.01_d000_r03,C2,202615,7.56,7.56,0.0,0.28850000000000003,0.29300325242887876,0.2986421442500903,NEAR,NEAR,0.6,1,,,0.01,0
C2_n0.01_d000_r03,C2,202615,7.58,7.58,0.0,0.28675,0.2697615488918476,0.2914219954105296,NEAR,NEAR,0.6,1,,,0.01,0
C2_n0.01_d000_r03,C2,202615,7.6,7.6,0.0,0.28500000000000003,0.27143295249280164,0.28642473468109764,NEAR,NEAR,0.6,1,,,0.01,0
C2_n0.01_d000_r03,C2,202615,7.62,7.62,0.0,0.28325,0.27121845573026504,0.28262316494338946,NEAR,NEAR,0.6,1,,,0.01,0
C2_n0.01_d000_r03,C2,202615,7.64,7.64,0.0,0.28150000000000003,0.26455233949394763,0.278105458581029,NEAR,NEAR,0.6,1,,,0.01,0
C2_n0.01_d000_r03,C2,202615,7.66,7.66,0.0,0.27975,0.27725774652583796,0.2778935305672312,NEAR,NEAR,0.6,1,,,0.01,0
C2_n0.01_d000_r03,C2,202615,7.68,7.68,0.0,0.278,0.28390592994662134,0.27939663041207874,NEAR,NEAR,0.6,1,,,0.01,0
C2_n0.01_d000_r03,C2,202615,7.7,7.7,0.0,0.27625,0.2764271025517864,0.27865424844700565,NEAR,NEAR,0.6,1,,,0.01,0
C2_n0.01_d000_r03,C2,202615,7.72,7.72,0.0,0.2745,0.27291266104045725,0.2772188515953686,NEAR,NEAR,0.6,1,,,0.01,0
C2_n0.01_d000_r03,C2,202615,7.74,7.74,0.0,0.27275,0.26658099297431864,0.27455938694010606,NEAR,NEAR,0.6,1,,,0.01,0
C2_n0.01_d000_r03,C2,202615,7.76,7.76,0.0,0.271,0.26416716618405206,0.27196133175109255,NEAR,NEAR,0.6,1,,,0.01,0
C2_n0.01_d000_r03,C2,202615,7.78,7.78,0.0,0.26925,0.25301489994720533,0.26722472380012074,NEAR,NEAR,0.6,1,,,0.01,0
C2_n0.01_d000_r03,C2,202615,7.8,7.8,0.0,0.2675,0.27377434983601245,0.26886213030909367,NEAR,NEAR,0.6,1,,,0.01,0
C2_n0.01_d000_r03,C2,202615,7.82,7.82,0.0,0.26575,0.26697388143870815,0.2683900680914973,NEAR,NEAR,0.6,1,,,0.01,0
C2_n0.01_d000_r03,C2,202615,7.84,7.84,0.0,0.264,0.26009225761639343,0.2663156154727213,NEAR,NEAR,0.6,1,,,0.01,0
C2_n0.01_d000_r03,C2,202615,7.86,7.86,0.0,0.26225,0.24712828184205862,0.26151878206505563,NEAR,NEAR,0.6,1,,,0.01,0
C2_n0.01_d000_r03,C2,202615,7.88,7.88,0.0,0.2605,0.250015122827239,0.2586428672556015,NEAR,NEAR,0.6,1,,,0.01,0
C2_n0.01_d000_r03,C2,202615,7.9,7.9,0.0,0.25875,0.25449891450876116,0.2576068790688914,NEAR,NEAR,0.6,1,,,0.01,0
C2_n0.01_d000_r03,C2,202615,7.92,7.92,0.0,0.257,0.2502851706771435,0.25577645197095444,NEAR,NEAR,0.6,1,,,0.01,0
C2_n0.01_d000_r03,C2,202615,7.94,7.94,0.0,0.25525,0.2637771245562893,0.2577766201172882,NEAR,NEAR,0.6,1,,,0.01,0
C2_n0.01_d000_r03,C2,202615,7.96,7.96,0.0,0.2535,0.2586115140258063,0.2579853435944177,NEAR,NEAR,0.6,1,,,0.01,0
C2_n0.01_d000_r03,C2,202615,7.98,7.98,0.0,0.25175,0.2411051123753337,0.2537652857896467,NEAR,NEAR,0.6,1,,,0.01,0
C2_n0.01_d000_r03,C2,202615,8.0,8.0,0.0,0.25,0.250315641939206,0.25290287482703655,NEAR,NEAR,0.6,1,,,0.01,0
C2_n0.01_d000_r03,C2,202615,8.02,8.02,0.0,0.2522533838368113,0.23856419749666652,0.24931820549444406,NEAR,NEAR,0.6,1,,,0.01,0
C2_n0.01_d000_r03,C2,202615,8.04,8.04,0.0,0.25445562372365543,0.24200230065665385,0.2474892292849965,NEAR,NEAR,0.6,1,,,0.01,0
C2_n0.01_d000_r03,C2,202615,8.06,8.06,0.0,0.25655673649976407,0.24487219555811687,0.2468349708532766,NEAR,NEAR,0.6,1,,,0.01,0
C2_n0.01_d000_r03,C2,202615,8.08,8.08,0.0,0.25850903423690136,0.24664105505562925,0.24678649190386476,NEAR,NEAR,0.6,1,,,0.01,0
C2_n0.01_d000_r03,C2,202615,8.1,8.1,0.0,0.2602682065889303,0.26079390226021315,0.2502883444929519,NEAR,NEAR,0.6,1,,,0.01,0
C2_n0.01_d000_r03,C2,202615,8.12,8.12,0.0,0.26179432648204926,0.2566760184842883,0.251885262990786,NEAR,NEAR,0.6,1,,,0.01,0
C2_n0.01_d000_r03,C2,202615,8.14,8.14,0.0,0.26305275632004294,0.26525599246687775,0.25522794535980897,NEAR,NEAR,0.6,1,,,0.01,0
C2_n0.01_d000_r03,C2,202615,8.16,8.16,0.0,0.2640149341368492,0.2522959951527633,0.25449495780804754,NEAR,NEAR,0.6,1,,,0.01,0
C2_n0.01_d000_r03,C2,202615,8.18,8.18,0.0,0.2646590218535229,0.289220757010054,0.26317640760854916,NEAR,NEAR,0.6,1,,,0.01,0
C2_n0.01_d000_r03,C2,202615,8.2,8.2,0.0,0.26497040092642404,0.26260325258202366,0.26303311885191777,NEAR,NEAR,0.6,1,,,0.01,0
C2_n0.01_d000_r03,C2,202615,8.22,8.22,0.0,0.2649420041371476,0.2642826478750771,0.2633455011077076,NEAR,NEAR,0.6,1,,,0.01,0
C2_n0.01_d000_r03,C2,202615,8.24,8.24,0.0,0.2645744759937201,0.26491900518637546,0.26373887712737454,NEAR,NEAR,0.6,1,,,0.01,0
C2_n0.01_d000_r03,C2,202615,8.26,8.26,0.0,0.26387615810251686,0.2760858734462329,0.26682562620708916,NEAR,NEAR,0.6,1,,,0.01,0
C2_n0.01_d000_r03,C2,202615,8.28,8.28,0.0,0.26286289984290484,0.27657955500290765,0.26926410840604376,NEAR,NEAR,0.6,1,,,0.01,0
C2_n0.01_d000_r03,C2,202615,8.3,8.3,0.0,0.2615576986416368,0.25916731859176917,0.2667399109524751,NEAR,NEAR,0.6,1,,,0.01,0
C2_n0.01_d000_r03,C2,202615,8.32,8.32,0.0,0.25999017801151375,0.25711355856939866,0.264333322856706,NEAR,NEAR,0.6,1,,,0.01,0
C2_n0.01_d000_r03,C2,202615,8.34,8.34,0.0,0.25819591520101404,0.24868532958822875,0.2604213245395867,NEAR,NEAR,0.6,1,,,0.01,0
C2_n0.01_d000_r03,C2,202615,8.36,8.36,0.0,0.2562156337148993,0.2535098112836449,0.25869344622560125,NEAR,NEAR,0.6,1,,,0.01,0
C2_n0.01_d000_r03,C2,202615,8.38,8.38,0.0,0.2540942790327598,0.2515236372560292,0.25690099398320826,NEAR,NEAR,0.6,1,,,0.01,0
C2_n0.01_d000_r03,C2,202615,8.4,8.4,0.0,0.25187999850346454,0.2436897178047877,0.2535981749386031,NEAR,NEAR,0.6,1,,,0.01,0
C2_n0.01_d000_r03,C2,202615,8.42,8.42,0.0,0.24962304856834994,0.24200073462905766,0.2506988148612167,NEAR,NEAR,0.6,1,,,0.01,0
C2_n0.01_d000_r03,C2,202615,8.44,8.44,0.0,0.2473746541153709,0.25796679552504387,0.2525158100271735,NEAR,NEAR,0.6,1,,,0.01,0
C2_n0.01_d000_r03,C2,202615,8.46,8.46,0.0,0.24518584585289177,0.25323103801423347,0.2526946170239385,NEAR,NEAR,0.6,1,,,0.01,0
C2_n0.01_d000_r03,C2,202615,8.48,8.48,0.0,0.24310630209067763,0.24100579931354787,0.2497724125963408,NEAR,NEAR,0.6,1,,,0.01,0
C2_n0.01_d000_r03,C2,202615,8.5,8.5,0.0,0.24118322121561292,0.25348994182662465,0.25070179490391176,NEAR,NEAR,0.6,1,,,0.01,0
C2_n0.01_d000_r03,C2,202615,8.52,8.52,0.0,0.2394602504530173,0.2552818328061065,0.25184680437946044,NEAR,NEAR,0.6,1,,,0.01,0
C2_n0.01_d000_r03,C2,202615,8.54,8.54,0.0,0.23797649522693692,0.2424009580414469,0.24948534279495707,NEAR,NEAR,0.6,1,,,0.01,0
C2_n0.01_d000_r03,C2,202615,8.56,8.56,0.0,0.23676563160347566,0.22095375612294815,0.24235244612695483,NEAR,NEAR,0.6,1,,,0.01,0
C2_n0.01_d000_r03,C2,202615,8.58,8.58,0.0,0.23585514196160703,0.22881552764224644,0.23896821650577774,NEAR,NEAR,0.6,1,,,0.01,0
C2_n0.01_d000_r03,C2,202615,8.6,8.6,0.0,0.23526569123906968,0.237259880632817,0.23854113253753756,NEAR,NEAR,0.6,1,,,0.01,0
C2_n0.01_d000_r03,C2,202615,8.62,8.62,0.0,0.23501065791039116,0.251906354360665,0.24188243799331943,NEAR,NEAR,0.6,1,,,0.01,0
C2_n0.01_d000_r03,C2,202615,8.64,8.64,0.0,0.23509583034219989,0.24366639718120328,0.2423284277902904,NEAR,NEAR,0.6,1,,,0.01,0
C2_n0.01_d000_r03,C2,202615,8.66,8.66,0.0,0.2355192754175009,0.2483664973158008,0.243837945171668,NEAR,NEAR,0.6,1,,,0.01,0
C2_n0.01_d000_r03,C2,202615,8.68,8.68,0.0,0.23627138241068624,0.23717998859212397,0.242173456026782,NEAR,NEAR,0.6,1,,,0.01,0
C2_n0.01_d000_r03,C2,202615,8.7,8.7,0.0,0.23733508111746973,0.2545770313741789,0.24527434986363122,NEAR,NEAR,0.6,1,,,0.01,0
C2_n0.01_d000_r03,C2,202615,8.72,8.72,0.0,0.2386862292889585,0.24311864505452235,0.24473542366135403,NEAR,NEAR,0.6,1,,,0.01,0
C2_n0.01_d000_r03,C2,202615,8.74,8.74,0.0,0.24029416057645836,0.2500780016047145,0.24607106814719415,NEAR,NEAR,0.6,1,,,0.01,0
C2_n0.01_d000_r03,C2,202615,8.76,8.76,0.0,0.24212238055058052,0.24756889209296978,0.24644552413363807,NEAR,NEAR,0.6,1,,,0.01,0
C2_n0.01_d000_r03,C2,202615,8.78,8.78,0.0,0.24412939499744188,0.23832845934522334,0.24441625793653438,NEAR,NEAR,0.6,1,,,0.01,0
C2_n0.01_d000_r03,C2,202615,8.8,8.8,0.0,0.24626965169252724,0.2503832276006138,0.24590800035255425,NEAR,NEAR,0.6,1,,,0.01,0
C2_n0.01_d000_r03,C2,202615,8.82,8.82,0.0,0.2484945742772318,0.25036582483946995,0.24702245647428317,NEAR,NEAR,0.6,1,,,0.01,0
C2_n0.01_d000_r03,C2,202615,8.84,8.84,0.0,0.2507536647726965,0.26072112197926905,0.25044712285052967,NEAR,NEAR,0.6,1,,,0.01,0
C2_n0.01_d000_r03,C2,202615,8.86,8.86,0.0,0.25299564970771604,0.2621337302792204,0.25336877470770236,NEAR,NEAR,0.6,1,,,0.01,0
C2_n0.01_d000_r03,C2,202615,8.88,8.88,0.0,0.2551696438476178,0.24479396755227512,0.25122507291884555,NEAR,NEAR,0.6,1,,,0.01,0
C2_n0.01_d000_r03,C2,202615,8.9,8.9,0.0,0.2572263051115258,0.24909835157304885,0.25069339258239637,NEAR,NEAR,0.6,1,,,0.01,0
C2_n0.01_d000_r03,C2,202615,8.92,8.92,0.0,0.25911895446541905,0.2631272388115214,0.2538018541396776,NEAR,NEAR,0.6,1,,,0.01,0
C2_n0.01_d000_r03,C2,202615,8.94,8.94,0.0,0.26080463537331855,0.2628293701939022,0.25605873315323374,NEAR,NEAR,0.6,1,,,0.01,0
C2_n0.01_d000_r03,C2,202615,8.96,8.96,0.0,0.2622450887607578,0.2512434067792305,0.2548549015597329,NEAR,NEAR,0.6,1,,,0.01,0
C2_n0.01_d000_r03,C2,202615,8.98,8.98,0.0,0.263407621362269,0.2515768606786031,0.2540353913394504,NEAR,NEAR,0.6,1,,,0.01,0
C2_n0.01_d000_r03,C2,202615,9.0,9.0,0.0,0.2642658477444273,0.2718897751621617,0.2584989872951282,NEAR,NEAR,0.6,1,,,0.01,0
C2_n0.01_d000_r03,C2,202615,9.02,9.02,0.0,0.264800289163118,0.27821165343531945,0.263427153830176,NEAR,NEAR,0.6,1,,,0.01,0
C2_n0.01_d000_r03,C2,202615,9.04,9.04,0.0,0.2649988156630572,0.256029803012191,0.26157781612567976,NEAR,NEAR,0.6,1,,,0.01,0
C2_n0.01_d000_r03,C2,202615,9.06,9.06,0.0,0.26485692138544975,0.263895457383622,0.2621572264401653,NEAR,NEAR,0.6,1,,,0.01,0
C2_n0.01_d000_r03,C2,202615,9.08,9.08,0.0,0.2643778268352606,0.26333811765450865,0.26245244924375116,NEAR,NEAR,0.6,1,,,0.01,0
C2_n0.01_d000_r03,C2,202615,9.1,9.1,0.0,0.2635724057869903,0.26464947509646364,0.26300170570692927,NEAR,NEAR,0.6,1,,,0.01,0
C2_n0.01_d000_r03,C2,202615,9.12,9.12,0.0,0.2624589384879372,0.27114241635074054,0.2650368833678821,NEAR,NEAR,0.6,1,,,0.01,0
C2_n0.01_d000_r03,C2,202615,9.14,9.14,0.0,0.2610626967603726,0.27115024544643646,0.2665652238875207,NEAR,NEAR,0.6,1,,,0.01,0
C2_n0.01_d000_r03,C2,202615,9.16,9.16,0.0,0.25941537041936047,0.25618590122835433,0.2639703932227291,NEAR,NEAR,0.6,1,,,0.01,0
C2_n0.01_d000_r03,C2,202615,9.18,9.18,0.0,0.2575543480245365,0.26145293588639607,0.26334102888864586,NEAR,NEAR,0.6,1,,,0.01,0
C2_n0.01_d000_r03,C2,202615,9.2,9.2,0.0,0.25552186829027024,0.2741197569319165,0.26603571089946354,NEAR,NEAR,0.6,1,,,0.01,0
C2_n0.01_d000_r03,C2,202615,9.22,9.22,0.0,0.25336406141424067,0.269282322795819,0.2668473638735524,NEAR,NEAR,0.6,1,,,0.01,0
C2_n0.01_d000_r03,C2,202615,9.24,9.24,0.0,0.25112990208291897,0.25435973188834526,0.2637254558772506,NEAR,NEAR,0.6,1,,,0.01,0
C2_n0.01_d000_r03,C2,202615,9.26,9.26,0.0,0.24887009791708103,0.24935010575781238,0.26013161834739107,NEAR,NEAR,0.6,1,,,0.01,0
C2_n0.01_d000_r03,C2,202615,9.28,9.28,0.0,0.24663593858575936,0.24492369747389112,0.2563296381290161,NEAR,NEAR,0.6,1,,,0.01,0
C2_n0.01_d000_r03,C2,202615,9.3,9.3,0.0,0.24447813170972976,0.25330726483798344,0.25557404480625795,NEAR,NEAR,0.6,1,,,0.01,0
C2_n0.01_d000_r03,C2,202615,9.32,9.32,0.0,0.24244565197546356,0.23981748443331732,0.2516349047130228,NEAR,NEAR,0.6,1,,,0.01,0
C2_n0.01_d000_r03,C2,202615,9.34,9.34,0.0,0.2405846295806395,0.25028198423507575,0.251296674593536,NEAR,NEAR,0.6,1,,,0.01,0
C2_n0.01_d000_r03,C2,202615,9.36,9.36,0.0,0.23893730323962742,0.23527867605507755,0.2472921749589214,NEAR,NEAR,0.6,1,,,0.01,0
C2_n0.01_d000_r03,C2,202615,9.38,9.38,0.0,0.23754106151206275,0.2400784674630592,0.24548874808495583,NEAR,NEAR,0.6,1,,,0.01,0
C2_n0.01_d000_r03,C2,202615,9.4,9.4,0.0,0.23642759421300968,0.26860684606193963,0.2512682725792018,NEAR,NEAR,0.6,1,,,0.01,0
C2_n0.01_d000_r03,C2,202615,9.42,9.42,0.0,0.23562217316473935,0.2316155843640388,0.24635510052541107,NEAR,NEAR,0.6,1,,,0.01,0
C2_n0.01_d000_r03,C2,202615,9.44,9.44,0.0,0.23514307861455025,0.23484617301366942,0.24347786864747564,NEAR,NEAR,0.6,1,,,0.01,0
C2_n0.01_d000_r03,C2,202615,9.46,9.46,0.0,0.23500118433694275,0.2256953372732282,0.23903223580391378,NEAR,NEAR,0.6,1,,,0.01,0
C2_n0.01_d000_r03,C2,202615,9.48,9.48,0.0,0.235199710836882,0.20608183077214637,0.23079463454597193,NEAR,NEAR,0.6,1,,,0.01,0
C2_n0.01_d000_r03,C2,202615,9.5,9.5,0.0,0.2357341522555727,0.22577156501705978,0.2295388671637439,NEAR,NEAR,0.6,1,,,0.01,0
C2_n0.01_d000_r03,C2,202615,9.52,9.52,0.0,0.23659237863773103,0.2387050697785746,0.23183041781745156,NEAR,NEAR,0.6,1,,,0.01,0
C2_n0.01_d000_r03,C2,202615,9.54,9.54,0.0,0.2377549112392422,0.22573447013220507,0.23030643089613995,NEAR,NEAR,0.6,1,,,0.01,0
C2_n0.01_d000_r03,C2,202615,9.56,9.56,0.0,0.23919536462668142,0.257153903163521,0.2370182989629852,NEAR,NEAR,0.6,1,,,0.01,0
C2_n0.01_d000_r03,C2,202615,9.58,9.58,0.0,0.24088104553458092,0.2261784382136523,0.23430833377565197,NEAR,NEAR,0.6,1,,,0.01,0
C2_n0.01_d000_r03,C2,202615,9.6,9.6,0.0,0.24277369488847422,0.24827709714412602,0.2378005246177705,NEAR,NEAR,0.6,1,,,0.01,0
C2_n0.01_d000_r03,C2,202615,9.62,9.62,0.0,0.24483035615238213,0.2543074751663607,0.24192726225491806,NEAR,NEAR,0.6,1,,,0.01,0
C2_n0.01_d000_r03,C2,202615,9.64,9.64,0.0,0.24700435029228393,0.26463417866015426,0.24760399135622713,NEAR,NEAR,0.6,1,,,0.01,0
C2_n0.01_d000_r03,C2,202615,9.66,9.66,0.0,0.24924633522730347,0.2605219093072158,0.2508334708439743,NEAR,NEAR,0.6,1,,,0.01,0
C2_n0.01_d000_r03,C2,202615,9.68,9.68,0.0,0.2515054257227682,0.24816960840546193,0.25016750523434617,NEAR,NEAR,0.6,1,,,0.01,0
C2_n0.01_d000_r03,C2,202615,9.7,9.7,0.0,0.25373034830747276,0.24725711585695354,0.249439907889998,NEAR,NEAR,0.6,1,,,0.01,0
C2_n0.01_d000_r03,C2,202615,9.72,9.72,0.0,0.2558706050025581,0.25124956886432137,0.24989232313357884,NEAR,NEAR,0.6,1,,,0.01,0
C2_n0.01_d000_r03,C2,202615,9.74,9.74,0.0,0.25787761944941945,0.24053676508918434,0.24755343362248022,NEAR,NEAR,0.6,1,,,0.01,0
C2_n0.01_d000_r03,C2,202615,9.76,9.76,0.0,0.25970583942354164,0.2625426317874134,0.2513007331637135,NEAR,NEAR,0.6,1,,,0.01,0
C2_n0.01_d000_r03,C2,202615,9.78,9.78,0.0,0.2613137707110415,0.26594976532356424,0.25496299120367616,NEAR,NEAR,0.6,1,,,0.01,0
C2_n0.01_d000_r03,C2,202615,9.8,9.8,0.0,0.26266491888253024,0.2527292675679048,0.25440456029473335,NEAR,NEAR,0.6,1,,,0.01,0
C2_n0.01_d000_r03,C2,202615,9.82,9.82,0.0,0.26372861758931376,0.2540276256946396,0.2543103266447099,NEAR,NEAR,0.6,1,,,0.01,0
C2_n0.01_d000_r03,C2,202615,9.84,9.84,0.0,0.2644807245824991,0.2718283942224692,0.2586898435391497,NEAR,NEAR,0.6,1,,,0.01,0
C2_n0.01_d000_r03,C2,202615,9.86,9.86,0.0,0.2649041696578001,0.27215549145370516,0.26205625551778855,NEAR,NEAR,0.6,1,,,0.01,0
C2_n0.01_d000_r03,C2,202615,9.88,9.88,0.0,0.26498934208960884,0.2542026918013865,0.260092864588688,NEAR,NEAR,0.6,1,,,0.01,0
C2_n0.01_d000_r03,C2,202615,9.9,9.9,0.0,0.26473430876093035,0.2773658790903688,0.26441111821410823,NEAR,NEAR,0.6,1,,,0.01,0
C2_n0.01_d000_r03,C2,202615,9.92,9.92,0.0,0.264144858038393,0.26952908804835246,0.2656906106726693,NEAR,NEAR,0.6,1,,,0.01,0
C2_n0.01_d000_r03,C2,202615,9.94,9.94,0.0,0.2632343683965243,0.2529933969381749,0.26251630723904573,NEAR,NEAR,0.6,1,,,0.01,0
C2_n0.01_d000_r03,C2,202615,9.96,9.96,0.0,0.2620235047730631,0.2682401949247471,0.26394727916047106,NEAR,NEAR,0.6,1,,,0.01,0
C2_n0.01_d000_r03,C2,202615,9.98,9.98,0.0,0.2605397495469827,0.2708933327456191,0.26568379255675806,NEAR,NEAR,0.6,1,,,0.01,0
C2_n0.01_d000_r03,C2,202615,10.0,10.0,0.0,0.2588167787843871,0.2642969281798899,0.265337076462541,NEAR,NEAR,0.6,1,,,0.01,0
C2_n0.01_d000_r03,C2,202615,10.02,10.02,0.0,0.25689369790932237,0.25737164270655266,0.2633457180235439,NEAR,NEAR,0.6,1,,,0.01,0
C2_n0.01_d000_r03,C2,202615,10.04,10.04,0.0,0.25481415414710823,0.2609189332414613,0.2627390218280232,NEAR,NEAR,0.6,1,,,0.01,0
C2_n0.01_d000_r03,C2,202615,10.06,10.06,0.0,0.2526253458846291,0.2643417442824296,0.2631397024416248,NEAR,NEAR,0.6,1,,,0.01,0
C2_n0.01_d000_r03,C2,202615,10.08,10.08,0.0,0.25037695143165006,0.252748199299344,0.26054182665605463,NEAR,NEAR,0.6,1,,,0.01,0
C2_n0.01_d000_r03,C2,202615,10.1,10.1,0.0,0.24812000149653549,0.23432656984436182,0.2539880124531314,NEAR,NEAR,0.6,1,,,0.01,0
C2_n0.01_d000_r03,C2,202615,10.12,10.12,0.0,0.24590572096724023,0.2271847814013189,0.24728720469017829,NEAR,NEAR,0.6,1,,,0.01,0
C2_n0.01_d000_r03,C2,202615,10.14,10.14,0.0,0.24378436628510067,0.25107166643642953,0.2482333201267411,NEAR,NEAR,0.6,1,,,0.01,0
C2_n0.01_d000_r03,C2,202615,10.16,10.16,0.0,0.24180408479898596,0.23188246405821702,0.24414560610961009,NEAR,NEAR,0.6,1,,,0.01,0
C2_n0.01_d000_r03,C2,202615,10.18,10.18,0.0,0.24000982198848625,0.2384554600383116,0.24272306959178547,NEAR,NEAR,0.6,1,,,0.01,0
C2_n0.01_d000_r03,C2,202615,10.2,10.2,0.0,0.23844230135836322,0.23944883437236913,0.24190451078693137,NEAR,NEAR,0.6,1,,,0.01,0
C2_n0.01_d000_r03,C2,202615,10.22,10.22,0.0,0.2371371001570952,0.25826726667750494,0.2459951997595748,NEAR,NEAR,0.6,1,,,0.01,0
C2_n0.01_d000_r03,C2,202615,10.24,10.24,0.0,0.23612384189748312,0.25119506964473975,0.24729516723086603,NEAR,NEAR,0.6,1,,,0.01,0
C2_n0.01_d000_r03,C2,202615,10.26,10.26,0.0,0.2354255240062799,0.22591715785486924,0.2419506648868668,NEAR,NEAR,0.6,1,,,0.01,0
C2_n0.01_d000_r03,C2,202615,10.28,10.28,0.0,0.23505799586285242,0.23229872373800925,0.23953767959965244,NEAR,NEAR,0.6,1,,,0.01,0
C2_n0.01_d000_r03,C2,202615,10.3,10.3,0.0,0.23502959907357593,0.24447456759200809,0.24077190159774137,NEAR,NEAR,0.6,1,,,0.01,0
C2_n0.01_d000_r03,C2,202615,10.32,10.32,0.0,0.23534097814647711,0.22856106994551267,0.2377191936846842,NEAR,NEAR,0.6,1,,,0.01,0
C2_n0.01_d000_r03,C2,202615,10.34,10.34,0.0,0.23598506586315082,0.23021754985828094,0.23584378272808337,NEAR,NEAR,0.6,1,,,0.01,0
C2_n0.01_d000_r03,C2,202615,10.36,10.36,0.0,0.23694724367995706,0.24436361105920734,0.23797373981086437,NEAR,NEAR,0.6,1,,,0.01,0
C2_n0.01_d000_r03,C2,202615,10.38,10.38,0.0,0.23820567351795077,0.23547862107242853,0.23734996012625542,NEAR,NEAR,0.6,1,,,0.01,0
C2_n0.01_d000_r03,C2,202615,10.4,10.4,0.0,0.2397317934110697,0.23432666776874098,0.23659413703687682,NEAR,NEAR,0.6,1,,,0.01,0
C2_n0.01_d000_r03,C2,202615,10.42,10.42,0.0,0.24149096576309861,0.2597432540493282,0.24238141628998966,NEAR,NEAR,0.6,1,,,0.01,0
C2_n0.01_d000_r03,C2,202615,10.44,10.44,0.0,0.24344326350023596,0.23360073923956112,0.24018624702738253,NEAR,NEAR,0.6,1,,,0.01,0
C2_n0.01_d000_r03,C2,202615,10.46,10.46,0.0,0.2455443762763446,0.2550660360661236,0.24390619428706778,NEAR,NEAR,0.6,1,,,0.01,0
C2_n0.01_d000_r03,C2,202615,10.48,10.48,0.0,0.24774661616318866,0.24854670014431798,0.24506632075138035,NEAR,NEAR,0.6,1,,,0.01,0
C2_n0.01_d000_r03,C2,202615,10.5,10.5,0.0,0.25,0.24881569048275076,0.24600366318422295,NEAR,NEAR,0.6,1,,,0.01,0
C2_n0.01_d000_r03,C2,202615,10.52,10.52,0.0,0.2522533838368113,0.2574062268801449,0.24885430410820344,NEAR,NEAR,0.6,1,,,0.01,0
C2_n0.01_d000_r03,C2,202615,10.54,10.54,0.0,0.2544556237236554,0.257406342955733,0.25099231382008586,NEAR,NEAR,0.6,1,,,0.01,0
C2_n0.01_d000_r03,C2,202615,10.56,10.56,0.0,0.256556736499764,0.25709471470406114,0.2525179140410797,NEAR,NEAR,0.6,1,,,0.01,0
C2_n0.01_d000_r03,C2,202615,10.58,10.58,0.0,0.25850903423690136,0.270419031653348,0.2569931934441468,NEAR,NEAR,0.6,1,,,0.01,0
C2_n0.01_d000_r03,C2,202615,10.6,10.6,0.0,0.2602682065889303,0.2670492711297796,0.259507212865555,NEAR,NEAR,0.6,1,,,0.01,0
C2_n0.01_d000_r03,C2,202615,10.62,10.62,0.0,0.2617943264820492,0.2613127698830383,0.25995860211992583,NEAR,NEAR,0.6,1,,,0.01,0
C2_n0.01_d000_r03,C2,202615,10.64,10.64,0.0,0.26305275632004294,0.2562811490322316,0.2590392388480023,NEAR,NEAR,0.6,1,,,0.01,0
C2_n0.01_d000_r03,C2,202615,10.66,10.66,0.0,0.2640149341368492,0.2389357333807553,0.25401336248119055,NEAR,NEAR,0.6,1,,,0.01,0
C2_n0.01_d000_r03,C2,202615,10.68,10.68,0.0,0.2646590218535229,0.2622548565627684,0.256073736001585,NEAR,NEAR,0.6,1,,,0.01,0
C2_n0.01_d000_r03,C2,202615,10.7,10.7,0.0,0.26497040092642404,0.2596734389153854,0.2569736617300351,NEAR,NEAR,0.6,1,,,0.01,0
C2_n0.01_d000_r03,C2,202615,10.72,10.72,0.0,0.2649420041371476,0.2397299871023156,0.2526627430731052,NEAR,NEAR,0.6,1,,,0.01,0
C2_n0.01_d000_r03,C2,202615,10.74,10.74,0.0,0.2645744759937201,0.28133533897709095,0.25983089204910165,NEAR,NEAR,0.6,1,,,0.01,0
C2_n0.01_d000_r03,C2,202615,10.76,10.76,0.0,0.26387615810251686,0.257196759554926,0.25917235892555773,NEAR,NEAR,0.6,1,,,0.01,0
C2_n0.01_d000_r03,C2,202615,10.78,10.78,0.0,0.26286289984290484,0.28389113979167013,0.26535205414208585,NEAR,NEAR,0.6,1,,,0.01,0
C2_n0.01_d000_r03,C2,202615,10.8,10.8,0.0,0.2615576986416368,0.2506001766722372,0.26166408477462366,NEAR,NEAR,0.6,1,,,0.01,0
C2_n0.01_d000_r03,C2,202615,10.82,10.82,0.0,0.25999017801151375,0.2842637232396202,0.2673139943908728,NEAR,NEAR,0.6,1,,,0.01,0
C2_n0.01_d000_r03,C2,202615,10.84,10.84,0.0,0.25819591520101404,0.26011988303539835,0.2655154665520042,NEAR,NEAR,0.6,1,,,0.01,0
C2_n0.01_d000_r03,C2,202615,10.86,10.86,0.0,0.25621563371489936,0.2595087559156874,0.264013788892925,NEAR,NEAR,0.6,1,,,0.01,0
C2_n0.01_d000_r03,C2,202615,10.88,10.88,0.0,0.2540942790327598,0.24866796495613808,0.26017733290872824,NEAR,NEAR,0.6,1,,,0.01,0
C2_n0.01_d000_r03,C2,202615,10.9,10.9,0.0,0.2518799985034645,0.2526626708147392,0.258298667385231,NEAR,NEAR,0.6,1,,,0.01,0
C2_n0.01_d000_r03,C2,202615,10.92,10.92,0.0,0.24962304856834996,0.2652464288405396,0.26003560774905815,NEAR,NEAR,0.6,1,,,0.01,0
C2_n0.01_d000_r03,C2,202615,10.94,10.94,0.0,0.24737465411537093,0.24218332225922445,0.2555725363765997,NEAR,NEAR,0.6,1,,,0.01,0
C2_n0.01_d000_r03,C2,202615,10.96,10.96,0.0,0.24518584585289174,0.22596001734746896,0.24816940661931702,NEAR,NEAR,0.6,1,,,0.01,0
C2_n0.01_d000_r03,C2,202615,10.98,10.98,0.0,0.24310630209067766,0.23374813716126114,0.24456408925480305,NEAR,NEAR,0.6,1,,,0.01,0
C2_n0.01_d000_r03,C2,202615,11.0,11.0,0.0,0.24118322121561292,0.2428485975578651,0.24413521633056856,NEAR,NEAR,0.6,1,,,0.01,0
C2_n0.01_d000_r03,C2,202615,11.02,11.02,0.0,0.2394602504530173,0.22261002620311485,0.23875391879870514,NEAR,NEAR,0.6,1,,,0.01,0
C2_n0.01_d000_r03,C2,202615,11.04,11.04,0.0,0.23797649522693692,0.23182027239148997,0.23702050719690135,NEAR,NEAR,0.6,1,,,0.01,0
C2_n0.01_d000_r03,C2,202615,11.06,11.06,0.0,0.2367656316034757,0.24438877948983426,0.23886257527013458,NEAR,NEAR,0.6,1,,,0.01,0
C2_n0.01_d000_r03,C2,202615,11.08,11.08,0.0,0.23585514196160703,0.2388371576588967,0.2388562208673251,NEAR,NEAR,0.6,1,,,0.01,0
C2_n0.01_d000_r03,C2,202615,11.1,11.1,0.0,0.23526569123906968,0.2328506298306256,0.23735482310815026,NEAR,NEAR,0.6,1,,,0.01,0
C2_n0.01_d000_r03,C2,202615,11.12,11.12,0.0,0.23501065791039116,0.22818853165173816,0.23506325024404723,NEAR,NEAR,0.6,1,,,0.01,0
C2_n0.01_d000_r03,C2,202615,11.14,11.14,0.0,0.23509583034219989,0.22531282357792393,0.2326256435775164,NEAR,NEAR,0.6,1,,,0.01,0
C2_n0.01_d000_r03,C2,202615,11.16,11.16,0.0,0.2355192754175009,0.2171452338470981,0.2287555411449118,NEAR,NEAR,0.6,1,,,0.01,0
C2_n0.01_d000_r03,C2,202615,11.18,11.18,0.0,0.2362713824106862,0.23562151649306923,0.23047203498195118,NEAR,NEAR,0.6,1,,,0.01,0
C2_n0.01_d000_r03,C2,202615,11.2,11.2,0.0,0.23733508111746973,0.25634096790195465,0.23693926821195205,NEAR,NEAR,0.6,1,,,0.01,0
C2_n0.01_d000_r03,C2,202615,11.22,11.22,0.0,0.23868622928895847,0.24633887573155272,0.23928917009185224,NEAR,NEAR,0.6,1,,,0.01,0
C2_n0.01_d000_r03,C2,202615,11.24,11.24,0.0,0.24029416057645833,0.23432594958884628,0.23804836496610077,NEAR,NEAR,0.6,1,,,0.01,0
C2_n0.01_d000_r03,C2,202615,11.26,11.26,0.0,0.24212238055058055,0.24256136657384658,0.23917661536803725,NEAR,NEAR,0.6,1,,,0.01,0
C2_n0.01_d000_r03,C2,202615,11.28,11.28,0.0,0.2441293949974419,0.24775881863117585,0.2413221661838219,NEAR,NEAR,0.6,1,,,0.01,0
C2_n0.01_d000_r03,C2,202615,11.3,11.3,0.0,0.24626965169252724,0.24945738180870813,0.24335597009004348,NEAR,NEAR,0.6,1,,,0.01,0
C2_n0.01_d000_r03,C2,202615,11.32,11.32,0.0,0.2484945742772318,0.24713045975385342,0.24429959250599595,NEAR,NEAR,0.6,1,,,0.01,0
C2_n0.01_d000_r03,C2,202615,11.34,11.34,0.0,0.25075366477269656,0.25361174544984344,0.24662763074195782,NEAR,NEAR,0.6,1,,,0.01,0
C2_n0.01_d000_r03,C2,202615,11.36,11.36,0.0,0.252995649707716,0.2326016571914799,0.24312113735433832,NEAR,NEAR,0.6,1,,,0.01,0
C2_n0.01_d000_r03,C2,202615,11.38,11.38,0.0,0.2551696438476178,0.2540695485853522,0.2458582401620918,NEAR,NEAR,0.6,1,,,0.01,0
C2_n0.01_d000_r03,C2,202615,11.4,11.4,0.0,0.2572263051115258,0.24316643699423918,0.24518528937012862,NEAR,NEAR,0.6,1,,,0.01,0
C2_n0.01_d000_r03,C2,202615,11.42,11.42,0.0,0.25911895446541905,0.26538390899198006,0.25023494427559145,NEAR,NEAR,0.6,1,,,0.01,0
C2_n0.01_d000_r03,C2,202615,11.44,11.44,0.0,0.26080463537331855,0.24652841619862276,0.24930831225634928,NEAR,NEAR,0.6,1,,,0.01,0
C2_n0.01_d000_r03,C2,202615,11.46,11.46,0.0,0.2622450887607578,0.27190158101433093,0.2549566294458447,NEAR,NEAR,0.6,1,,,0.01,0
C2_n0.01_d000_r03,C2,202615,11.48,11.48,0.0,0.263407621362269,0.24865276833117758,0.2533806641671779,NEAR,NEAR,0.6,1,,,0.01,0
C2_n0.01_d000_r03,C2,202615,11.5,11.5,0.0,0.2642658477444273,0.25396017812411914,0.25352554265641325,NEAR,NEAR,0.6,1,,,0.01,0
C2_n0.01_d000_r03,C2,202615,11.52,11.52,0.0,0.264800289163118,0.2695321141547302,0.2575271855309925,NEAR,NEAR,0.6,1,,,0.01,0
C2_n0.01_d000_r03,C2,202615,11.54,11.54,0.0,0.2649988156630572,0.2623301474717147,0.25872792601617306,NEAR,NEAR,0.6,1,,,0.01,0
C2_n0.01_d000_r03,C2,202615,11.56,11.56,0.0,0.26485692138544975,0.27710015303336577,0.2633209827704712,NEAR,NEAR,0.6,1,,,0.01,0
C2_n0.01_d000_r03,C2,202615,11.58,11.58,0.0,0.2643778268352606,0.2578430277834913,0.26195149402372625,NEAR,NEAR,0.6,1,,,0.01,0
C2_n0.01_d000_r03,C2,202615,11.6,11.6,0.0,0.2635724057869903,0.2571034029833596,0.2607394712636346,NEAR,NEAR,0.6,1,,,0.01,0
C2_n0.01_d000_r03,C2,202615,11.62,11.62,0.0,0.2624589384879373,0.2528897578778786,0.2587770429171956,NEAR,NEAR,0.6,1,,,0.01,0
C2_n0.01_d000_r03,C2,202615,11.64,11.64,0.0,0.2610626967603726,0.26532771106030884,0.2604147099529739,NEAR,NEAR,0.6,1,,,0.01,0
C2_n0.01_d000_r03,C2,202615,11.66,11.66,0.0,0.2594153704193605,0.2607252401683358,0.26049234250681436,NEAR,NEAR,0.6,1,,,0.01,0
C2_n0.01_d000_r03,C2,202615,11.68,11.68,0.0,0.2575543480245365,0.2691703090214587,0.26266183413547545,NEAR,NEAR,0.6,1,,,0.01,0
C2_n0.01_d000_r03,C2,202615,11.7,11.7,0.0,0.25552186829027024,0.2674291699892529,0.26385366809891986,NEAR,NEAR,0.6,1,,,0.01,0
C2_n0.01_d000_r03,C2,202615,11.72,11.72,0.0,0.25336406141424067,0.24127910025034005,0.2582100261367749,NEAR,NEAR,0.6,1,,,0.01,0
C2_n0.01_d000_r03,C2,202615,11.74,11.74,0.0,0.25112990208291897,0.2630084425504023,0.25940963024018177,NEAR,NEAR,0.6,1,,,0.01,0
C2_n0.01_d000_r03,C2,202615,11.76,11.76,0.0,0.24887009791708103,0.2538365189220299,0.2580163524106438,NEAR,NEAR,0.6,1,,,0.01,0
C2_n0.01_d000_r03,C2,202615,11.78,11.78,0.0,0.24663593858575936,0.2591241771872152,0.25829330860478666,NEAR,NEAR,0.6,1,,,0.01,0
C2_n0.01_d000_r03,C2,202615,11.8,11.8,0.0,0.2444781317097298,0.2341253867277785,0.25225132813553464,NEAR,NEAR,0.6,1,,,0.01,0
C2_n0.01_d000_r03,C2,202615,11.82,11.82,0.0,0.24244565197546356,0.24999517566155174,0.25168729001703893,NEAR,NEAR,0.6,1,,,0.01,0
C2_n0.01_d000_r03,C2,202615,11.84,11.84,0.0,0.2405846295806395,0.2448403482426478,0.24997555457344114,NEAR,NEAR,0.6,1,,,0.01,0
C2_n0.01_d000_r03,C2,202615,11.86,11.86,0.0,0.23893730323962745,0.24301195362953387,0.24823465433746433,NEAR,NEAR,0.6,1,,,0.01,0
C2_n0.01_d000_r03,C2,202615,11.88,11.88,0.0,0.23754106151206278,0.23141386307035,0.24402945652068575,NEAR,NEAR,0.6,1,,,0.01,0
C2_n0.01_d000_r03,C2,202615,11.9,11.9,0.0,0.23642759421300968,0.2395201462960119,0.2429021289645173,NEAR,NEAR,0.6,1,,,0.01,0
C2_n0.01_d000_r03,C2,202615,11.92,11.92,0.0,0.23562217316473938,0.25479384984568376,0.24587505918480893,NEAR,NEAR,0.6,1,,,0.01,0
C2_n0.01_d000_r03,C2,202615,11.94,11.94,0.0,0.23514307861455025,0.2341155481116267,0.24293518141651338,NEAR,NEAR,0.6,1,,,0.01,0
C2_n0.01_d000_r03,C2,202615,11.96,11.96,0.0,0.23500118433694275,0.2218614441759279,0.237666747106367,NEAR,NEAR,0.6,1,,,0.01,0
C2_n0.01_d000_r03,C2,202615,11.98,11.98,0.0,0.235199710836882,0.2318861605164406,0.2362216004588854,NEAR,NEAR,0.6,1,,,0.01,0
C2_n0.01_d000_r03,C2,202615,12.0,12.0,0.0,0.25,0.23849127084104776,0.23678901805442598,NEAR,NEAR,0.6,1,,,0.01,0
C2_n0.01_d000_r03,C2,202615,12.02,12.02,0.0,0.25175,0.24896006161241094,0.2398317789439222,NEAR,NEAR,0.6,1,,,0.01,0
C2_n0.01_d000_r03,C2,202615,12.04,12.04,0.0,0.25349999999999995,0.24335182580816456,0.24071179065998283,NEAR,NEAR,0.6,1,,,0.01,0
C2_n0.01_d000_r03,C2,202615,12.06,12.06,0.0,0.25525000000000003,0.25187409060547733,0.24350236564635647,NEAR,NEAR,0.6,1,,,0.01,0
C2_n0.01_d000_r03,C2,202615,12.08,12.08,0.0,0.257,0.25000042715274456,0.2451268810229535,NEAR,NEAR,0.6,1,,,0.01,0
C2_n0.01_d000_r03,C2,202615,12.1,12.1,0.0,0.25875,0.2429277423165141,0.24457709634634367,NEAR,NEAR,0.6,1,,,0.01,0
C2_n0.01_d000_r03,C2,202615,12.12,12.12,0.0,0.26049999999999995,0.2536317249224024,0.24684075349035836,NEAR,NEAR,0.6,1,,,0.01,0
C2_n0.01_d000_r03,C2,202615,12.14,12.14,0.0,0.26225000000000004,0.2554225660504824,0.24898620663038937,NEAR,NEAR,0.6,1,,,0.01,0
C2_n0.01_d000_r03,C2,202615,12.16,12.16,0.0,0.264,0.25319351894988884,0.2500380347102642,NEAR,NEAR,0.6,1,,,0.01,0
C2_n0.01_d000_r03,C2,202615,12.18,12.18,0.0,0.26575,0.273485809692925,0.2558999784559294,NEAR,NEAR,0.6,1,,,0.01,0
C2_n0.01_d000_r03,C2,202615,12.2,12.2,0.0,0.26749999999999996,0.2554334205893071,0.2557833389892738,NEAR,NEAR,0.6,1,,,0.01,0
C2_n0.01_d000_r03,C2,202615,12.22,12.22,0.0,0.26925000000000004,0.2689821685361381,0.2590830463759899,NEAR,NEAR,0.6,1,,,0.01,0
C2_n0.01_d000_r03,C2,202615,12.24,12.24,0.0,0.271,0.28027748899762317,0.2643816570313982,NEAR,NEAR,0.6,1,,,0.01,0
C2_n0.01_d000_r03,C2,202615,12.26,12.26,0.0,0.27275,0.27059699374774054,0.2659354912104838,NEAR,NEAR,0.6,1,,,0.01,0
C2_n0.01_d000_r03,C2,202615,12.28,12.28,0.0,0.27449999999999997,0.27323290472795975,0.2677598445898528,NEAR,NEAR,0.6,1,,,0.01,0
C2_n0.01_d000_r03,C2,202615,12.3,12.3,0.0,0.27625000000000005,0.288512276992284,0.27294795269046057,NEAR,NEAR,0.6,1,,,0.01,0
C2_n0.01_d000_r03,C2,202615,12.32,12.32,0.0,0.278,0.2665360803846326,0.2713449846140036,NEAR,NEAR,0.6,1,,,0.01,0
C2_n0.01_d000_r03,C2,202615,12.34,12.34,0.0,0.27975,0.2777543183728486,0.27294731805371486,NEAR,NEAR,0.6,1,,,0.01,0
C2_n0.01_d000_r03,C2,202615,12.36,12.36,0.0,0.2815,0.28195005787685923,0.2751980030095009,NEAR,NEAR,0.6,1,,,0.01,0
C2_n0.01_d000_r03,C2,202615,12.38,12.38,0.0,0.28325000000000006,0.28740598172498033,0.2782499976883708,NEAR,NEAR,0.6,1,,,0.01,0
C2_n0.01_d000_r03,C2,202615,12.4,12.4,0.0,0.28500000000000003,0.27488913334521464,0.27740978160258173,NEAR,NEAR,0.6,1,,,0.01,0
C2_n0.01_d000_r03,C2,202615,12.42,12.42,0.0,0.28675,0.27465755670957176,0.2767217253793292,NEAR,NEAR,0.6,1,,,0.01,0
C2_n0.01_d000_r03,C2,202615,12.44,12.44,0.0,0.2885,0.26909577438807397,0.2748152376315154,NEAR,NEAR,0.6,1,,,0.01,0
C2_n0.01_d000_r03,C2,202615,12.46,12.46,0.0,0.29025000000000006,0.28623911288816406,0.27767120644567755,NEAR,NEAR,0.6,1,,,0.01,0
C2_n0.01_d000_r03,C2,202615,12.48,12.48,0.0,0.29200000000000004,0.26745573686459806,0.2751173390504077,NEAR,NEAR,0.6,1,,,0.01,0
C2_n0.01_d000_r03,C2,202615,12.5,12.5,0.0,0.29375,0.3020965968824264,0.28186215350841237,NEAR,NEAR,0.6,1,,,0.01,0
C2_n0.01_d000_r03,C2,202615,12.52,12.52,0.0,0.2955,0.3060564403461445,0.2879107252178454,NEAR,NEAR,0.6,1,,,0.01,0
C2_n0.01_d000_r03,C2,202615,12.54,12.54,0.0,0.2972499999999999,0.2811586076979511,0.2862226958378718,NEAR,NEAR,0.6,1,,,0.01,0
C2_n0.01_d000_r03,C2,202615,12.56,12.56,0.0,0.29900000000000004,0.3105915846215717,0.2923149180337968,NEAR,NEAR,0.6,1,,,0.01,0
C2_n0.01_d000_r03,C2,202615,12.58,12.58,0.0,0.30075,0.2810172856320311,0.28949050993335534,NEAR,NEAR,0.6,1,,,0.01,0
C2_n0.01_d000_r03,C2,202615,12.6,12.6,0.0,0.3025,0.30124660493972005,0.2924295336849465,NEAR,NEAR,0.6,1,,,0.01,0
C2_n0.01_d000_r03,C2,202615,12.62,12.62,0.0,0.3042499999999999,0.3060333754076811,0.29583049411563017,NEAR,NEAR,0.6,1,,,0.01,0
C2_n0.01_d000_r03,C2,202615,12.64,12.64,0.0,0.30600000000000005,0.31225021238227685,0.2999354236822918,NEAR,NEAR,0.6,1,,,0.01,0
C2_n0.01_d000_r03,C2,202615,12.66,12.66,0.0,0.30775,0.29832677486040904,0.29953326147682113,NEAR,NEAR,0.6,1,,,0.01,0
C2_n0.01_d000_r03,C2,202615,12.68,12.68,0.0,0.3095,0.33444603755176405,0.30826145549555684,NEAR,NEAR,0.6,1,,,0.01,0
C2_n0.01_d000_r03,C2,202615,12.7,12.7,0.0,0.3112499999999999,0.3073822568610884,0.3080416558369397,NEAR,NEAR,0.6,1,,,0.01,0
C2_n0.01_d000_r03,C2,202615,12.72,12.72,0.0,0.31300000000000006,0.31672094784282545,0.31021147883841116,NEAR,NEAR,0.6,1,,,0.01,0
C2_n0.01_d000_r03,C2,202615,12.74,12.74,0.0,0.31475000000000003,0.3238692040524124,0.31362591014191143,NEAR,NEAR,0.6,1,,,0.01,0
C2_n0.01_d000_r03,C2,202615,12.76,12.76,0.0,0.3165,0.32066383907295753,0.31538539237467295,NEAR,NEAR,0.6,1,,,0.01,0
C2_n0.01_d000_r03,C2,202615,12.78,12.78,0.0,0.3182499999999999,0.31660330638151746,0.31568987087638406,NEAR,NEAR,0.6,1,,,0.01,0
C2_n0.01_d000_r03,C2,202615,12.8,12.8,0.0,0.32000000000000006,0.32141552933173095,0.3171212854902208,NEAR,NEAR,0.6,1,,,0.01,0
C2_n0.01_d000_r03,C2,202615,12.82,12.82,0.0,0.32175000000000004,0.3129892601126666,0.31608827914583226,NEAR,NEAR,0.6,1,,,0.01,0
C2_n0.01_d000_r03,C2,202615,12.84,12.84,0.0,0.3235,0.3126117234083927,0.31521914021147235,NEAR,NEAR,0.6,1,,,0.01,0
C2_n0.01_d000_r03,C2,202615,12.86,12.86,0.0,0.32524999999999993,0.3276436535851107,0.31832526855488197,NEAR,NEAR,0.6,1,,,0.01,0
C2_n0.01_d000_r03,C2,202615,12.88,12.88,0.0,0.32700000000000007,0.33923410283166505,0.32355247712407775,NEAR,NEAR,0.6,1,,,0.01,0
C2_n0.01_d000_r03,C2,202615,12.9,12.9,0.0,0.32875000000000004,0.31817575858097763,0.3222082974883027,NEAR,NEAR,0.6,1,,,0.01,0
C2_n0.01_d000_r03,C2,202615,12.92,12.92,0.0,0.3305,0.3211626231203138,0.32194687889630547,NEAR,NEAR,0.6,1,,,0.01,0
C2_n0.01_d000_r03,C2,202615,12.94,12.94,0.0,0.33224999999999993,0.319973382278693,0.3214535047419024,NEAR,NEAR,0.6,1,,,0.01,0
C2_n0.01_d000_r03,C2,202615,12.96,12.96,0.0,0.3340000000000001,0.3585041532183465,0.3307161668610134,NEAR,NEAR,0.6,1,,,0.01,0
C2_n0.01_d000_r03,C2,202615,12.98,12.98,0.0,0.33575000000000005,0.3526411441831845,0.33619741119155616,NEAR,NEAR,0.6,1,,,0.01,0
C2_n0.01_d000_r03,C2,202615,13.0,13.0,0.0,0.3375,0.34340233040613016,0.33799864099519966,NEAR,NEAR,0.6,1,,,0.01,0
C2_n0.01_d000_r03,C2,202615,13.02,13.02,0.0,0.33924999999999994,0.34436685385447335,0.3395906942100181,NEAR,NEAR,0.6,1,,,0.01,0
C2_n0.01_d000_r03,C2,202615,13.04,13.04,0.0,0.3409999999999999,0.3520863100668173,0.34271459817421784,NEAR,NEAR,0.6,1,,,0.01,0
C2_n0.01_d000_r03,C2,202615,13.06,13.06,0.0,0.34275000000000005,0.34051466873702463,0.3421646158149195,NEAR,NEAR,0.6,1,,,0.01,0
C2_n0.01_d000_r03,C2,202615,13.08,13.08,0.0,0.34450000000000003,0.33509702039600947,0.34039771696019205,NEAR,NEAR,0.6,1,,,0.01,0
C2_n0.01_d000_r03,C2,202615,13.1,13.1,0.0,0.34624999999999995,0.3501791545971589,0.3428430763694338,NEAR,NEAR,0.6,1,,,0.01,0
C2_n0.01_d000_r03,C2,202615,13.12,13.12,0.0,0.3479999999999999,0.36908469066552635,0.34940347994345694,NEAR,NEAR,0.6,1,,,0.01,0
C2_n0.01_d000_r03,C2,202615,13.14,13.14,0.0,0.34975000000000006,0.337927560927312,0.3465345001894207,NEAR,NEAR,0.6,1,,,0.01,0
C2_n0.01_d000_r03,C2,202615,13.16,13.16,0.0,0.35150000000000003,0.342798804617177,0.3456005762963598,FAR,NEAR,0.6,1,,,0.01,0
C2_n0.01_d000_r03,C2,202615,13.18,13.18,0.0,0.35324999999999995,0.3435564454319879,0.34508954358026683,FAR,NEAR,0.6,1,,,0.01,0
C2_n0.01_d000_r03,C2,202615,13.2,13.2,0.0,0.3549999999999999,0.3622980751340055,0.3493916764687015,FAR,NEAR,0.6,1,,,0.01,0
C2_n0.01_d000_r03,C2,202615,13.22,13.22,0.0,0.35675000000000007,0.3490406211641748,0.3493039126425698,FAR,NEAR,0.6,1,,,0.01,0
C2_n0.01_d000_r03,C2,202615,13.24,13.24,0.0,0.35850000000000004,0.3551217411814827,0.350758369777298,FAR,NEAR,0.6,1,,,0.01,0
C2_n0.01_d000_r03,C2,202615,13.26,13.26,0.0,0.36024999999999996,0.366006097999678,0.354570301832893,FAR,NEAR,0.6,1,,,0.01,0
C2_n0.01_d000_r03,C2,202615,13.28,13.28,0.0,0.36199999999999993,0.3582662831140559,0.35549429715318376,FAR,NEAR,0.6,1,,,0.01,0
C2_n0.01_d000_r03,C2,202615,13.3,13.3,0.0,0.3637500000000001,0.3772798341362557,0.36094068139895175,FAR,NEAR,0.6,1,,,0.01,0
C2_n0.01_d000_r03,C2,202615,13.32,13.32,0.0,0.36550000000000005,0.3738064857808507,0.3641571324944265,FAR,NEAR,0.6,1,,,0.01,0
C2_n0.01_d000_r03,C2,202615,13.34,13.34,0.0,0.36724999999999997,0.35172676047602924,0.36104953948982715,FAR,NEAR,0.6,1,,,0.01,0
C2_n0.01_d000_r03,C2,202615,13.36,13.36,0.0,0.36899999999999994,0.3691548299228369,0.36307586209807957,FAR,NEAR,0.6,1,,,0.01,0
C2_n0.01_d000_r03,C2,202615,13.38,13.38,0.0,0.3707500000000001,0.39187433540149347,0.37027548042393305,FAR,NEAR,0.6,1,,,0.01,0
C2_n0.01_d000_r03,C2,202615,13.4,13.4,0.0,0.37250000000000005,0.38970317614079414,0.3751324043531483,FAR,NEAR,0.6,1,,,0.01,0
C2_n0.01_d000_r03,C2,202615,13.42,13.42,0.0,0.37424999999999997,0.3645609889975341,0.37248955051424476,FAR,NEAR,0.6,1,,,0.01,0
C2_n0.01_d000_r03,C2,202615,13.44,13.44,0.0,0.37599999999999995,0.38375700537836976,0.375306414230276,FAR,NEAR,0.6,1,,,0.01,0
C2_n0.01_d000_r03,C2,202615,13.46,13.46,0.0,0.37775000000000003,0.3820575185493839,0.376994190310053,FAR,NEAR,0.6,1,,,0.01,0
C2_n0.01_d000_r03,C2,202615,13.48,13.48,0.0,0.37950000000000006,0.3795705530840507,0.37763828100355246,FAR,NEAR,0.6,1,,,0.01,0
C2_n0.01_d000_r03,C2,202615,13.5,13.5,0.0,0.38125,0.36984143674687087,0.375689069939382,FAR,NEAR,0.6,1,,,0.01,0
C2_n0.01_d000_r03,C2,202615,13.52,13.52,0.0,0.38299999999999995,0.3667727376755048,0.3734599868734127,FAR,NEAR,0.6,1,,,0.01,0
C2_n0.01_d000_r03,C2,202615,13.54,13.54,0.0,0.3847499999999999,0.382818642676261,0.37579965082412475,FAR,NEAR,0.6,1,,,0.01,0
C2_n0.01_d000_r03,C2,202615,13.56,13.56,0.0,0.38650000000000007,0.3736223825226594,0.3752553337487584,FAR,NEAR,0.6,1,,,0.01,0
C2_n0.01_d000_r03,C2,202615,13.58,13.58,0.0,0.38825,0.3808055629914708,0.3766428910594365,FAR,NEAR,0.6,1,,,0.01,0
C2_n0.01_d000_r03,C2,202615,13.6,13.6,0.0,0.38999999999999996,0.377401416480381,0.37683252241467263,FAR,NEAR,0.6,1,,,0.01,0
C2_n0.01_d000_r03,C2,202615,13.62,13.62,0.0,0.39174999999999993,0.37279333989618846,0.3758227267850516,FAR,NEAR,0.6,1,,,0.01,0
C2_n0.01_d000_r03,C2,202615,13.64,13.64,0.0,0.39350000000000007,0.3810968437906855,0.37714125603646004,FAR,NEAR,0.6,1,,,0.01,0
C2_n0.01_d000_r03,C2,202615,13.66,13.66,0.0,0.39525,0.39341488100096256,0.3812096622775857,FAR,FAR,0.0,1,EXIT_NEAR,,0.01,0
C2_n0.01_d000_r03,C2,202615,13.68,13.68,0.0,0.39699999999999996,0.3840434948393723,0.3819181204180323,FAR,FAR,0.0,1,,,0.01,0
C2_n0.01_d000_r03,C2,202615,13.7,13.7,0.0,0.39874999999999994,0.39707051586414926,0.38570621927956156,FAR,FAR,0.0,1,,,0.01,0
C2_n0.01_d000_r03,C2,202615,13.72,13.72,0.0,0.4005000000000001,0.40454984796539406,0.39041712645101967,FAR,FAR,0.0,1,,,0.01,0
C2_n0.01_d000_r03,C2,202615,13.74,13.74,0.0,0.40225,0.4089897579705837,0.39506028433091067,FAR,FAR,0.0,1,,,0.01,0
C2_n0.01_d000_r03,C2,202615,13.76,13.76,0.0,0.40399999999999997,0.39443570978520837,0.3949041406944851,FAR,FAR,0.0,1,,,0.01,0
C2_n0.01_d000_r03,C2,202615,13.78,13.78,0.0,0.40574999999999994,0.41847050750335124,0.40079573239670163,FAR,FAR,0.0,1,,,0.01,0
C2_n0.01_d000_r03,C2,202615,13.8,13.8,0.0,0.4075000000000001,0.40619321227339966,0.4021451023658762,FAR,FAR,0.0,1,,,0.01,0
C2_n0.01_d000_r03,C2,202615,13.82,13.82,0.0,0.40925,0.4087481712945102,0.4037958695980347,FAR,FAR,0.0,1,,,0.01,0
C2_n0.01_d000_r03,C2,202615,13.84,13.84,0.0,0.411,0.42977845446086843,0.4102915158137432,FAR,FAR,0.0,1,,,0.01,0
C2_n0.01_d000_r03,C2,202615,13.86,13.86,0.0,0.41274999999999995,0.4131645510708304,0.41100977462801497,FAR,FAR,0.0,1,,,0.01,0
C2_n0.01_d000_r03,C2,202615,13.88,13.88,0.0,0.4145000000000001,0.42669303859505686,0.41493059061977544,FAR,FAR,0.0,1,,,0.01,0
C2_n0.01_d000_r03,C2,202615,13.9,13.9,0.0,0.41625,0.4082169120775885,0.41325217098422873,FAR,FAR,0.0,1,,,0.01,0
C2_n0.01_d000_r03,C2,202615,13.92,13.92,0.0,0.418,0.42710820784749787,0.416716180200046,FAR,FAR,0.0,1,,,0.01,0
C2_n0.01_d000_r03,C2,202615,13.94,13.94,0.0,0.41974999999999996,0.4176209977076819,0.416942384576955,FAR,FAR,0.0,1,,,0.01,0
C2_n0.01_d000_r03,C2,202615,13.96,13.96,0.0,0.4215000000000001,0.41915882956551764,0.41749649582409565,FAR,FAR,0.0,1,,,0.01,0
C2_n0.01_d000_r03,C2,202615,13.98,13.98,0.0,0.42325,0.4216620723798735,0.4185378899630401,FAR,FAR,0.0,1,,,0.01,0
C2_n0.01_d000_r03,C2,202615,14.0,14.0,0.0,0.425,0.4331461789498277,0.422189962209737,FAR,FAR,0.0,1,,,0.01,0
C2_n0.01_d000_r03,C2,202615,14.02,14.02,0.0,0.42674999999999996,0.4341639122100898,0.4251834497098252,FAR,FAR,0.0,1,,,0.01,0
C2_n0.01_d000_r03,C2,202615,14.04,14.04,0.0,0.4284999999999999,0.4218723101516617,0.4243556648202843,FAR,FAR,0.0,1,,,0.01,0
C2_n0.01_d000_r03,C2,202615,14.06,14.06,0.0,0.43025,0.4368903129591773,0.4274893268550075,FAR,FAR,0.0,1,,,0.01,0
C2_n0.01_d000_r03,C2,202615,14.08,14.08,0.0,0.432,0.43363318805911455,0.42902529215603424,FAR,FAR,0.0,1,,,0.01,0
C2_n0.01_d000_r03,C2,202615,14.1,14.1,0.0,0.43374999999999997,0.4313255150223557,0.4296003478726146,FAR,FAR,0.0,1,,,0.01,0
C2_n0.01_d000_r03,C2,202615,14.12,14.12,0.0,0.4354999999999999,0.43191518293382297,0.4301790566379167,FAR,FAR,0.0,1,,,0.01,0
C2_n0.01_d000_r03,C2,202615,14.14,14.14,0.0,0.43725,0.43760050031802794,0.43203441755794453,FAR,FAR,0.0,1,,,0.01,0
C2_n0.01_d000_r03,C2,202615,14.16,14.16,0.0,0.439,0.43798578725217285,0.4335222599815016,FAR,FAR,0.0,1,,,0.01,0
C2_n0.01_d000_r03,C2,202615,14.18,14.18,0.0,0.44075,0.4425425515287749,0.43577733286831993,FAR,FAR,0.0,1,,,0.01,0
C2_n0.01_d000_r03,C2,202615,14.2,14.2,0.0,0.4424999999999999,0.43776823417493527,0.4362750581949738,FAR,FAR,0.0,1,,,0.01,0
C2_n0.01_d000_r03,C2,202615,14.22,14.22,0.0,0.44425000000000003,0.4375283275924293,0.43658837554433766,FAR,FAR,0.0,1,,,0.01,0
C2_n0.01_d000_r03,C2,202615,14.24,14.24,0.0,0.446,0.4361278054646047,0.43647323302440444,FAR,FAR,0.0,1,,,0.01,0
C2_n0.01_d000_r03,C2,202615,14.26,14.26,0.0,0.44775,0.4439247579742467,0.438336114261865,FAR,FAR,0.0,1,,,0.01,0
C2_n0.01_d000_r03,C2,202615,14.28,14.28,0.0,0.4494999999999999,0.45201440811006016,0.44175568772391377,FAR,FAR,0.0,1,,,0.01,0
C2_n0.01_d000_r03,C2,202615,14.3,14.3,0.0,0.45125000000000004,0.45743683229138477,0.4456759738657815,FAR,FAR,0.0,1,,,0.01,0
C2_n0.01_d000_r03,C2,202615,14.32,14.32,0.0,0.453,0.4500240267683947,0.4467629870914348,FAR,FAR,0.0,1,,,0.01,0
C2_n0.01_d000_r03,C2,202615,14.34,14.34,0.0,0.45475,0.45540417032334085,0.4489232828994113,FAR,FAR,0.0,1,,,0.01,0
C2_n0.01_d000_r03,C2,202615,14.36,14.36,0.0,0.4564999999999999,0.46309149750547673,0.4524653365509277,FAR,FAR,0.0,1,,,0.01,0
C2_n0.01_d000_r03,C2,202615,14.38,14.38,0.0,0.45825000000000005,0.4678154746953362,0.4563028710870298,FAR,FAR,0.0,1,,,0.01,0
C2_n0.01_d000_r03,C2,202615,14.4,14.4,0.0,0.46,0.4577719082840228,0.4566701303862781,FAR,FAR,0.0,1,,,0.01,0
C2_n0.01_d000_r03,C2,202615,14.42,14.42,0.0,0.46175,0.4640994758785241,0.4585274667593396,FAR,FAR,0.0,1,,,0.01,0
C2_n0.01_d000_r03,C2,202615,14.44,14.44,0.0,0.4634999999999999,0.48182707104695455,0.46435236783124334,FAR,FAR,0.0,1,,,0.01,0
C2_n0.01_d000_r03,C2,202615,14.46,14.46,0.0,0.46525000000000005,0.45914233464127235,0.4630498595337506,FAR,FAR,0.0,1,,,0.01,0
C2_n0.01_d000_r03,C2,202615,14.48,14.48,0.0,0.467,0.45205654955526886,0.46030153203913016,FAR,FAR,0.0,1,,,0.01,0
C2_n0.01_d000_r03,C2,202615,14.5,14.5,0.0,0.46875,0.46789289488418284,0.46219937275039336,FAR,FAR,0.0,1,,,0.01,0
C2_n0.01_d000_r03,C2,202615,14.52,14.52,0.0,0.4704999999999999,0.4679974627837885,0.4636488952587422,FAR,FAR,0.0,1,,,0.01,0
C2_n0.01_d000_r03,C2,202615,14.54,14.54,0.0,0.47224999999999995,0.46868737236082647,0.46490851453426324,FAR,FAR,0.0,1,,,0.01,0
C2_n0.01_d000_r03,C2,202615,14.56,14.56,0.0,0.47400000000000003,0.46084970406906584,0.46389381191796386,FAR,FAR,0.0,1,,,0.01,0
C2_n0.01_d000_r03,C2,202615,14.58,14.58,0.0,0.47575,0.4818643730598505,0.46838645220343555,FAR,FAR,0.0,1,,,0.01,0
C2_n0.01_d000_r03,C2,202615,14.6,14.6,0.0,0.4774999999999999,0.48831762733301115,0.47336924598582947,FAR,FAR,0.0,1,,,0.01,0
C2_n0.01_d000_r03,C2,202615,14.62,14.62,0.0,0.47924999999999995,0.4704637806266128,0.4726428796460253,FAR,FAR,0.0,1,,,0.01,0
C2_n0.01_d000_r03,C2,202615,14.64,14.64,0.0,0.48100000000000004,0.4699158544896039,0.4719611233569199,FAR,FAR,0.0,1,,,0.01,0
C2_n0.01_d000_r03,C2,202615,14.66,14.66,0.0,0.48275,0.47796573440369183,0.4734622761186129,FAR,FAR,0.0,1,,,0.01,0
C2_n0.01_d000_r03,C2,202615,14.68,14.68,0.0,0.48449999999999993,0.4715713100484218,0.47298953460106513,FAR,FAR,0.0,1,,,0.01,0
C2_n0.01_d000_r03,C2,202615,14.7,14.7,0.0,0.48624999999999996,0.4684440673010524,0.47185316777606195,FAR,FAR,0.0,1,,,0.01,0
C2_n0.01_d000_r03,C2,202615,14.72,14.72,0.0,0.48800000000000004,0.5035414526369516,0.4797752389912844,FAR,FAR,0.0,1,,,0.01,0
C2_n0.01_d000_r03,C2,202615,14.74,14.74,0.0,0.48975,0.4760044445909147,0.47883254039119194,FAR,FAR,0.0,1,,,0.01,0
C2_n0.01_d000_r03,C2,202615,14.76,14.76,0.0,0.49149999999999994,0.5061232262340581,0.4856552118519085,FAR,FAR,0.0,1,,,0.01,0
C2_n0.01_d000_r03,C2,202615,14.78,14.78,0.0,0.49324999999999997,0.5098729114777076,0.4917096367583583,FAR,FAR,0.0,1,,,0.01,0
C2_n0.01_d000_r03,C2,202615,14.8,14.8,0.0,0.49500000000000005,0.47671491356224793,0.48796095595933076,FAR,FAR,0.0,1,,,0.01,0
C2_n0.01_d000_r03,C2,202615,14.82,14.82,0.0,0.49675,0.498279557608956,0.4905406063717371,FAR,FAR,0.0,1,,,0.01,0
C2_n0.01_d000_r03,C2,202615,14.84,14.84,0.0,0.49849999999999994,0.4976671139907995,0.4923222332765027,FAR,FAR,0.0,1,,,0.01,0
C2_n0.01_d000_r03,C2,202615,14.86,14.86,0.0,0.5002499999999999,0.4955642870122411,0.4931327467104373,FAR,FAR,0.0,1,,,0.01,0
C2_n0.01_d000_r03,C2,202615,14.88,14.88,0.0,0.502,0.49010105614673366,0.4923748240695114,FAR,FAR,0.0,1,,,0.01,0
C2_n0.01_d000_r03,C2,202615,14.9,14.9,0.0,0.50375,0.5231531373635085,0.5000694023930107,FAR,FAR,0.0,1,,,0.01,0
C2_n0.01_d000_r03,C2,202615,14.92,14.92,0.0,0.5055000000000001,0.5005938579199247,0.5002005162747392,FAR,FAR,0.0,1,,,0.01,0
C2_n0.01_d000_r03,C2,202615,14.94,14.94,0.0,0.50725,0.493926140285905,0.4986319222775306,FAR,FAR,0.0,1,,,0.01,0
C2_n0.01_d000_r03,C2,202615,14.96,14.96,0.0,0.5090000000000001,0.511330529217605,0.5018065740125492,FAR,FAR,0.0,1,,,0.01,0
C2_n0.01_d000_r03,C2,202615,14.98,14.98,0.0,0.51075,0.507104251389918,0.5031309933568915,FAR,FAR,0.0,1,,,0.01,0
C2_n0.01_d000_r03,C2,202615,15.0,15.0,0.0,0.5125,0.5136373680444338,0.505757587028777,FAR,FAR,0.0,1,,,0.01,0
C2_n0.01_d000_r03,C2,202615,15.02,15.02,0.0,0.5142499999999999,0.5160121750418608,0.508321234032048,FAR,FAR,0.0,1,,,0.01,0
C2_n0.01_d000_r03,C2,202615,15.04,15.04,0.0,0.5159999999999999,0.5051180607041088,0.5075204407000632,FAR,FAR,0.0,1,,,0.01,0
C2_n0.01_d000_r03,C2,202615,15.06,15.06,0.0,0.51775,0.5374813732483181,0.515010673837127,FAR,FAR,0.0,1,,,0.01,0
C2_n0.01_d000_r03,C2,202615,15.08,15.08,0.0,0.5195,0.5048288407014934,0.5124652155532186,FAR,FAR,0.0,1,,,0.01,0
C2_n0.01_d000_r03,C2,202615,15.1,15.1,0.0,0.52125,0.5290766843478686,0.516618082751881,FAR,FAR,0.0,1,,,0.01,0
C2_n0.01_d000_r03,C2,202615,15.12,15.12,0.0,0.5229999999999999,0.5199575503570704,0.5174529496531783,FAR,FAR,0.0,1,,,0.01,0
C2_n0.01_d000_r03,C2,202615,15.14,15.14,0.0,0.52475,0.5320643681926727,0.5211058042880519,FAR,FAR,0.0,1,,,0.01,0
C2_n0.01_d000_r03,C2,202615,15.16,15.16,0.0,0.5265,0.5164239396079312,0.5199353381180217,FAR,FAR,0.0,1,,,0.01,0
C2_n0.01_d000_r03,C2,202615,15.18,15.18,0.0,0.5282499999999999,0.5326263727874123,0.5231080967853694,FAR,FAR,0.0,1,,,0.01,0
C2_n0.01_d000_r03,C2,202615,15.2,15.2,0.0,0.5299999999999999,0.5289806463536949,0.5245762341774508,FAR,FAR,0.0,1,,,0.01,0
C2_n0.01_d000_r03,C2,202615,15.22,15.22,0.0,0.5317500000000001,0.522677409605172,0.524101528034381,FAR,FAR,0.0,1,,,0.01,0
C2_n0.01_d000_r03,C2,202615,15.24,15.24,0.0,0.5335,0.5327233742534776,0.5262569895891551,FAR,FAR,0.0,1,,,0.01,0
C2_n0.01_d000_r03,C2,202615,15.26,15.26,0.0,0.53525,0.5281306844704894,0.5267254133094887,FAR,FAR,0.0,1,,,0.01,0
C2_n0.01_d000_r03,C2,202615,15.28,15.28,0.0,0.5369999999999999,0.5361997875070861,0.5290940068588881,FAR,FAR,0.0,1,,,0.01,0
C2_n0.01_d000_r03,C2,202615,15.3,15.3,0.0,0.5387500000000001,0.5340696274404539,0.5303379120042795,FAR,FAR,0.0,1,,,0.01,0
C2_n0.01_d000_r03,C2,202615,15.32,15.32,0.0,0.5405,0.544816367696004,0.5339575259272106,FAR,FAR,0.0,1,,,0.01,0
C2_n0.01_d000_r03,C2,202615,15.34,15.34,0.0,0.5422499999999999,0.5792494557017167,0.5452805083708371,FAR,FAR,0.0,1,,,0.01,0
C2_n0.01_d000_r03,C2,202615,15.36,15.36,0.0,0.5439999999999999,0.5438844285739345,0.5449314884216114,FAR,FAR,0.0,1,,,0.01,0
C2_n0.01_d000_r03,C2,202615,15.38,15.38,0.0,0.5457500000000001,0.5376364905956997,0.5431077389651335,FAR,FAR,0.0,1,,,0.01,0
C2_n0.01_d000_r03,C2,202615,15.4,15.4,0.0,0.5475,0.5479579047246855,0.5443202804050216,FAR,FAR,0.0,1,,,0.01,0
C2_n0.01_d000_r03,C2,202615,15.42,15.42,0.0,0.54925,0.537606044591332,0.5426417214515992,FAR,FAR,0.0,1,,,0.01,0
C2_n0.01_d000_r03,C2,202615,15.44,15.44,0.0,0.5509999999999999,0.5525998921465475,0.5451312641253363,FAR,FAR,0.0,1,,,0.01,0
C2_n0.01_d000_r03,C2,202615,15.46,15.46,0.0,0.5527500000000001,0.545935960709402,0.5453324382713527,FAR,FAR,0.0,1,,,0.01,0
C2_n0.01_d000_r03,C2,202615,15.48,15.48,0.0,0.5545,0.5561901618038204,0.5480468691544697,FAR,FAR,0.0,1,,,0.01,0
C2_n0.01_d000_r03,C2,202615,15.5,15.5,0.0,0.5562499999999999,0.5745074175085837,0.5546620062429982,FAR,FAR,0.0,1,,,0.01,0
C2_n0.01_d000_r03,C2,202615,15.52,15.52,0.0,0.5579999999999999,0.5422002212646739,0.5515465599984172,FAR,FAR,0.0,1,,,0.01,0
C2_n0.01_d000_r03,C2,202615,15.54,15.54,0.0,0.55975,0.5438802816773504,0.5496299904181505,FAR,FAR,0.0,1,,,0.01,0
C2_n0.01_d000_r03,C2,202615,15.56,15.56,0.0,0.5615,0.5535024682732154,0.5505981098819167,FAR,FAR,0.0,1,,,0.01,0
C2_n0.01_d000_r03,C2,202615,15.58,15.58,0.0,0.56325,0.561826124257971,0.5534051134759302,FAR,FAR,0.0,1,,,0.01,0
C2_n0.01_d000_r03,C2,202615,15.6,15.6,0.0,0.565,0.5647562362707752,0.5562428941746416,FAR,FAR,0.0,1,,,0.01,0
C2_n0.01_d000_r03,C2,202615,15.62,15.62,0.0,0.5667499999999999,0.558055751543275,0.5566961085168,FAR,FAR,0.0,1,,,0.01,0
C2_n0.01_d000_r03,C2,202615,15.64,15.64,0.0,0.5685,0.5688584096757536,0.5597366838065383,FAR,FAR,0.0,1,,,0.01,0
C2_n0.01_d000_r03,C2,202615,15.66,15.66,0.0,0.5702499999999999,0.5844210932245022,0.5659077861610293,FAR,FAR,0.0,1,,,0.01,0
C2_n0.01_d000_r03,C2,202615,15.68,15.68,0.0,0.572,0.5592892584241417,0.5642531542268074,FAR,FAR,0.0,1,,,0.01,0
C2_n0.01_d000_r03,C2,202615,15.7,15.7,0.0,0.57375,0.5909925599625651,0.5709380056607468,FAR,FAR,0.0,1,,,0.01,0
C2_n0.01_d000_r03,C2,202615,15.72,15.72,0.0,0.5755,0.5721603532801763,0.5712435925656042,FAR,FAR,0.0,1,,,0.01,0
C2_n0.01_d000_r03,C2,202615,15.74,15.74,0.0,0.57725,0.5705445118622049,0.5710688223897544,FAR,FAR,0.0,1,,,0.01,0
C2_n0.01_d000_r03,C2,202615,15.76,15.76,0.0,0.579,0.5684979190448288,0.570426096553523,FAR,FAR,0.0,1,,,0.01,0
C2_n0.01_d000_r03,C2,202615,15.78,15.78,0.0,0.5807499999999999,0.5773774749728603,0.5721639411583573,FAR,FAR,0.0,1,,,0.01,0
C2_n0.01_d000_r03,C2,202615,15.8,15.8,0.0,0.5825,0.5657817765114836,0.5705683999966389,FAR,FAR,0.0,1,,,0.01,0
C2_n0.01_d000_r03,C2,202615,15.82,15.82,0.0,0.5842499999999999,0.5699728280891855,0.5704195070197755,FAR,FAR,0.0,1,,,0.01,0
C2_n0.01_d000_r03,C2,202615,15.84,15.84,0.0,0.586,0.5815840372946275,0.5732106395884885,FAR,FAR,0.0,1,,,0.01,0
C2_n0.01_d000_r03,C2,202615,15.86,15.86,0.0,0.58775,0.5712122235825329,0.5727110355869997,FAR,FAR,0.0,1,,,0.01,0
C2_n0.01_d000_r03,C2,202615,15.88,15.88,0.0,0.5895,0.5788880495913742,0.5742552890880933,FAR,FAR,0.0,1,,,0.01,0
C2_n0.01_d000_r03,C2,202615,15.9,15.9,0.0,0.59125,0.6016524195908236,0.5811045717137758,FAR,FAR,0.0,1,,,0.01,0
C2_n0.01_d000_r03,C2,202615,15.92,15.92,0.0,0.593,0.5977373734799347,0.5852627721553156,FAR,FAR,0.0,1,,,0.01,0
C2_n0.01_d000_r03,C2,202615,15.94,15.94,0.0,0.5947499999999999,0.614163421019063,0.5924879343712525,FAR,FAR,0.0,1,,,0.01,0
C2_n0.01_d000_r03,C2,202615,15.96,15.96,0.0,0.5965,0.6012299992028484,0.5946734505791514,FAR,FAR,0.0,1,,,0.01,0
C2_n0.01_d000_r03,C2,202615,15.98,15.98,0.0,0.59825,0.5934054112893183,0.5943564407566931,FAR,FAR,0.0,1,,,0.01,0
C2_n0.01_d000_r03,C2,202615,16.0,16.0,0.0,0.6,0.6121026032819421,0.5987929813880053,FAR,FAR,0.0,1,,,0.01,0
C2_n0.01_d000_r03,C2,202615,16.02,16.02,0.0,0.6,0.5971082659974604,0.598371802540369,FAR,FAR,0.0,1,,,0.01,0
C2_n0.01_d000_r03,C2,202615,16.04,16.04,0.0,0.6,0.593883128069744,0.5972496339227128,FAR,FAR,0.0,1,,,0.01,0
C2_n0.01_d000_r03,C2,202615,16.06,16.06,0.0,0.6,0.6082513900752328,0.6000000729608428,FAR,FAR,0.0,1,,,0.01,0
C2_n0.01_d000_r03,C2,202615,16.08,16.08,0.0,0.6,0.5960922419147285,0.5990231151993142,FAR,FAR,0.0,1,,,0.01,0
C2_n0.01_d000_r03,C2,202615,16.1,16.1,0.0,0.6,0.6180562290236121,0.6037813936553886,FAR,FAR,0.0,1,,,0.01,0
C2_n0.01_d000_r03,C2,202615,16.12,16.12,0.0,0.6,0.5977503996283657,0.6022736451486329,FAR,FAR,0.0,1,,,0.01,0
C2_n0.01_d000_r03,C2,202615,16.14,16.14,0.0,0.6,0.5903494913602828,0.5992926067015454,FAR,FAR,0.0,1,,,0.01,0
C2_n0.01_d000_r03,C2,202615,16.16,16.16,0.0,0.6,0.5976406166529061,0.5988796091893855,FAR,FAR,0.0,1,,,0.01,0
C2_n0.01_d000_r03,C2,202615,16.18,16.18,0.0,0.6,0.5986261601306606,0.5988162469247043,FAR,FAR,0.0,1,,,0.01,0
C2_n0.01_d000_r03,C2,202615,16.2,16.2,0.0,0.6,0.5956009419894842,0.5980124206908992,FAR,FAR,0.0,1,,,0.01,0
C2_n0.01_d000_r03,C2,202615,16.22,16.22,0.0,0.6,0.5867590019369472,0.5951990660024112,FAR,FAR,0.0,1,,,0.01,0
C2_n0.01_d000_r03,C2,202615,16.24,16.24,0.0,0.6,0.5910240883239896,0.5941553215828058,FAR,FAR,0.0,1,,,0.01,0
C2_n0.01_d000_r03,C2,202615,16.26,16.26,0.0,0.6,0.5959883469891711,0.5946135779343971,FAR,FAR,0.0,1,,,0.01,0
C2_n0.01_d000_r03,C2,202615,16.28,16.28,0.0,0.6,0.5789944991754022,0.5907088082446483,FAR,FAR,0.0,1,,,0.01,0
C2_n0.01_d000_r03,C2,202615,16.3,16.3,0.0,0.6,0.598272158689218,0.5925996458557907,FAR,FAR,0.0,1,,,0.01,0
C2_n0.01_d000_r03,C2,202615,16.32,16.32,0.0,0.6,0.596948414959886,0.5936868381318146,FAR,FAR,0.0,1,,,0.01,0
C2_n0.01_d000_r03,C2,202615,16.34,16.34,0.0,0.6,0.6138597598844577,0.5987300685699753,FAR,FAR,0.0,1,,,0.01,0
C2_n0.01_d000_r03,C2,202615,16.36,16.36,0.0,0.6,0.6067936978521485,0.6007459758905187,FAR,FAR,0.0,1,,,0.01,0
C2_n0.01_d000_r03,C2,202615,16.38,16.38,0.0,0.6,0.604774368662838,0.6017530740835986,FAR,FAR,0.0,1,,,0.01,0
C2_n0.01_d000_r03,C2,202615,16.4,16.4,0.0,0.6,0.6148700421418164,0.605032316098153,FAR,FAR,0.0,1,,,0.01,0
C2_n0.01_d000_r03,C2,202615,16.42,16.42,0.0,0.6,0.589734156521513,0.601207776203993,FAR,FAR,0.0,1,,,0.01,0
C2_n0.01_d000_r03,C2,202615,16.44,16.44,0.0,0.6,0.5986949672159869,0.6005795739569915,FAR,FAR,0.0,1,,,0.01,0
C2_n0.01_d000_r03,C2,202615,16.46,16.46,0.0,0.6,0.5941369432658191,0.5989689162841983,FAR,FAR,0.0,1,,,0.01,0
C2_n0.01_d000_r03,C2,202615,16.48,16.48,0.0,0.6,0.6113203016871515,0.6020567626349366,FAR,FAR,0.0,1,,,0.01,0
C2_n0.01_d000_r03,C2,202615,16.5,16.5,0.0,0.6,0.618270734147618,0.6061102555131069,FAR,FAR,0.0,1,,,0.01,0
C2_n0.01_d000_r03,C2,202615,16.52,16.52,0.0,0.6,0.590396039364277,0.6021817014758994,FAR,FAR,0.0,1,,,0.01,0
C2_n0.01_d000_r03,C2,202615,16.54,16.54,0.0,0.6,0.5962398106435577,0.600696228767814,FAR,FAR,0.0,1,,,0.01,0
C2_n0.01_d000_r03,C2,202615,16.56,16.56,0.0,0.6,0.6071995330426199,0.6023220548365155,FAR,FAR,0.0,1,,,0.01,0
C2_n0.01_d000_r03,C2,202615,16.58,16.58,0.0,0.6,0.607666029951588,0.6036580486152836,FAR,FAR,0.0,1,,,0.01,0
C2_n0.01_d000_r03,C2,202615,16.6,16.6,0.0,0.6,0.6049558708904728,0.603982504184081,FAR,FAR,0.0,1,,,0.01,0
C2_n0.01_d000_r03,C2,202615,16.62,16.62,0.0,0.6,0.6030204394869149,0.6037419880097894,FAR,FAR,0.0,1,,,0.01,0
C2_n0.01_d000_r03,C2,202615,16.64,16.64,0.0,0.6,0.5950119205309595,0.6015594711400819,FAR,FAR,0.0,1,,,0.01,0
C2_n0.01_d000_r03,C2,202615,16.66,16.66,0.0,0.6,0.5879130121057803,0.5981478563815065,FAR,FAR,0.0,1,,,0.01,0
C2_n0.01_d000_r03,C2,202615,16.68,16.68,0.0,0.6,0.6011536678865936,0.5988993092577782,FAR,FAR,0.0,1,,,0.01,0
C2_n0.01_d000_r03,C2,202615,16.7,16.7,0.0,0.6,0.6125360388661322,0.6023084916598667,FAR,FAR,0.0,1,,,0.01,0
C2_n0.01_d000_r03,C2,202615,16.72,16.72,0.0,0.6,0.6028684802246115,0.6024484888010528,FAR,FAR,0.0,1,,,0.01,0
C2_n0.01_d000_r03,C2,202615,16.74,16.74,0.0,0.6,0.606638825547285,0.6034960729876109,FAR,FAR,0.0,1,,,0.01,0
C2_n0.01_d000_r03,C2,202615,16.76,16.76,0.0,0.6,0.6047740414052708,0.6038155650920258,FAR,FAR,0.0,1,,,0.01,0
C2_n0.01_d000_r03,C2,202615,16.78,16.78,0.0,0.6,0.5863509902275928,0.5994494213759176,FAR,FAR,0.0,1,,,0.01,0
C2_n0.01_d000_r03,C2,202615,16.8,16.8,0.0,0.6,0.5962806370181865,0.5986572252864848,FAR,FAR,0.0,1,,,0.01,0
C2_n0.01_d000_r03,C2,202615,16.82,16.82,0.0,0.6,0.6141603756285516,0.6025330128720014,FAR,FAR,0.0,1,,,0.01,0
C2_n0.01_d000_r03,C2,202615,16.84,16.84,0.0,0.6,0.5953032453704699,0.6007255709966186,FAR,FAR,0.0,1,,,0.01,0
C2_n0.01_d000_r03,C2,202615,16.86,16.86,0.0,0.6,0.5955586061852443,0.599433829793775,FAR,FAR,0.0,1,,,0.01,0
C2_n0.01_d000_r03,C2,202615,16.88,16.88,0.0,0.6,0.5845878795597833,0.5957223422352771,FAR,FAR,0.0,1,,,0.01,0
C2_n0.01_d000_r03,C2,202615,16.9,16.9,0.0,0.6,0.616382474888173,0.6008873753985011,FAR,FAR,0.0,1,,,0.01,0
C2_n0.01_d000_r03,C2,202615,16.92,16.92,0.0,0.6,0.6058881699586817,0.6021375740385463,FAR,FAR,0.0,1,,,0.01,0
C2_n0.01_d000_r03,C2,202615,16.94,16.94,0.0,0.6,0.6122023065878441,0.6046537571758708,FAR,FAR,0.0,1,,,0.01,0
C2_n0.01_d000_r03,C2,202615,16.96,16.96,0.0,0.6,0.5874322568036136,0.6003483820828065,FAR,FAR,0.0,1,,,0.01,0
C2_n0.01_d000_r03,C2,202615,16.98,16.98,0.0,0.6,0.6027292329946049,0.6009435948107561,FAR,FAR,0.0,1,,,0.01,0
C2_n0.01_d000_r03,C2,202615,17.0,17.0,0.0,0.6,0.5882118502615101,0.5977606586734445,FAR,FAR,0.0,1,,,0.01,0
C2_n0.01_d000_r03,C2,202615,17.02,17.02,0.0,0.6,0.6191881854817795,0.6031175403755282,FAR,FAR,0.0,1,,,0.01,0
C2_n0.01_d000_r03,C2,202615,17.04,17.04,0.0,0.6,0.5983124638073503,0.6019162712334838,FAR,FAR,0.0,1,,,0.01,0
C2_n0.01_d000_r03,C2,202615,17.06,17.06,0.0,0.6,0.6048175411522461,0.6026415887131744,FAR,FAR,0.0,1,,,0.01,0
C2_n0.01_d000_r03,C2,202615,17.08,17.08,0.0,0.6,0.5915171648772091,0.5998604827541831,FAR,FAR,0.0,1,,,0.01,0
C2_n0.01_d000_r03,C2,202615,17.1,17.1,0.0,0.6,0.608104672991068,0.6019215303134043,FAR,FAR,0.0,1,,,0.01,0
C2_n0.01_d000_r03,C2,202615,17.12,17.12,0.0,0.6,0.5987865475204877,0.6011377846151752,FAR,FAR,0.0,1,,,0.01,0
C2_n0.01_d000_r03,C2,202615,17.14,17.14,0.0,0.6,0.5871707964563686,0.5976460375754735,FAR,FAR,0.0,1,,,0.01,0
C2_n0.01_d000_r03,C2,202615,17.16,17.16,0.0,0.6,0.6041257018554774,0.5992659536454745,FAR,FAR,0.0,1,,,0.01,0
C2_n0.01_d000_r03,C2,202615,17.18,17.18,0.0,0.6,0.5893472698817476,0.5967862827045428,FAR,FAR,0.0,1,,,0.01,0
C2_n0.01_d000_r03,C2,202615,17.2,17.2,0.0,0.6,0.6018807342272761,0.5980598955852261,FAR,FAR,0.0,1,,,0.01,0
C2_n0.01_d000_r03,C2,202615,17.22,17.22,0.0,0.6,0.5898328063769896,0.596003123283167,FAR,FAR,0.0,1,,,0.01,0
C2_n0.01_d000_r03,C2,202615,17.24,17.24,0.0,0.6,0.6010165015828427,0.597256467858086,FAR,FAR,0.0,1,,,0.01,0
C2_n0.01_d000_r03,C2,202615,17.26,17.26,0.0,0.6,0.6194192870923771,0.6027971726666588,FAR,FAR,0.0,1,,,0.01,0
C2_n0.01_d000_r03,C2,202615,17.28,17.28,0.0,0.6,0.5927906580863173,0.6002955440215734,FAR,FAR,0.0,1,,,0.01,0
C2_n0.01_d000_r03,C2,202615,17.3,17.3,0.0,0.6,0.590962299206117,0.5979622328177092,FAR,FAR,0.0,1,,,0.01,0
C2_n0.01_d000_r03,C2,202615,17.32,17.32,0.0,0.6,0.589521433936389,0.5958520330973791,FAR,FAR,0.0,1,,,0.01,0
C2_n0.01_d000_r03,C2,202615,17.34,17.34,0.0,0.6,0.5886937104454071,0.594062452434386,FAR,FAR,0.0,1,,,0.01,0
C2_n0.01_d000_r03,C2,202615,17.36,17.36,0.0,0.6,0.6024360125500401,0.5961558424632996,FAR,FAR,0.0,1,,,0.01,0
C2_n0.01_d000_r03,C2,202615,17.38,17.38,0.0,0.6,0.5994991882404936,0.5969916789075981,FAR,FAR,0.0,1,,,0.01,0
C2_n0.01_d000_r03,C2,202615,17.4,17.4,0.0,0.6,0.6014442188687447,0.5981048138978847,FAR,FAR,0.0,1,,,0.01,0
C2_n0.01_d000_r03,C2,202615,17.42,17.42,0.0,0.6,0.6049632563168325,0.5998194245026216,FAR,FAR,0.0,1,,,0.01,0
C2_n0.01_d000_r03,C2,202615,17.44,17.44,0.0,0.6,0.6031412670693413,0.6006498851443015,FAR,FAR,0.0,1,,,0.01,0
C2_n0.01_d000_r03,C2,202615,17.46,17.46,0.0,0.6,0.5790472964159892,0.5952492379622234,FAR,FAR,0.0,1,,,0.01,0
C2_n0.01_d000_r03,C2,202615,17.48,17.48,0.0,0.6,0.5947554415650481,0.5951257888629296,FAR,FAR,0.0,1,,,0.01,0
C2_n0.01_d000_r03,C2,202615,17.5,17.5,0.0,0.6,0.5944277940580622,0.5949512901617127,FAR,FAR,0.0,1,,,0.01,0
C2_n0.01_d000_r03,C2,202615,17.52,17.52,0.0,0.6,0.6026680868701764,0.5968804893388286,FAR,FAR,0.0,1,,,0.01,0
C2_n0.01_d000_r03,C2,202615,17.54,17.54,0.0,0.6,0.6171058870175222,0.601936838758502,FAR,FAR,0.0,1,,,0.01,0
C2_n0.01_d000_r03,C2,202615,17.56,17.56,0.0,0.6,0.5935444603688482,0.5998387441610886,FAR,FAR,0.0,1,,,0.01,0
C2_n0.01_d000_r03,C2,202615,17.58,17.58,0.0,0.6,0.6050554434650994,0.6011429189870914,FAR,FAR,0.0,1,,,0.01,0
C2_n0.01_d000_r03,C2,202615,17.6,17.6,0.0,0.6,0.609439864014544,0.6032171552439545,FAR,FAR,0.0,1,,,0.01,0
C2_n0.01_d000_r03,C2,202615,17.62,17.62,0.0,0.6,0.6052362043950559,0.6037219175317299,FAR,FAR,0.0,1,,,0.01,0
C2_n0.01_d000_r03,C2,202615,17.64,17.64,0.0,0.6,0.6105580805322419,0.6054309582818579,FAR,FAR,0.0,1,,,0.01,0
C2_n0.01_d000_r03,C2,202615,17.66,17.66,0.0,0.6,0.5907583827578177,0.6017628144008478,FAR,FAR,0.0,1,,,0.01,0
C2_n0.01_d000_r03,C2,202615,17.68,17.68,0.0,0.6,0.6032480947430388,0.6021341344863955,FAR,FAR,0.0,1,,,0.01,0
C2_n0.01_d000_r03,C2,202615,17.7,17.7,0.0,0.6,0.6111666982777553,0.6043922754342355,FAR,FAR,0.0,1,,,0.01,0
C2_n0.01_d000_r03,C2,202615,17.72,17.72,0.0,0.6,0.6038044450373954,0.6042453178350254,FAR,FAR,0.0,1,,,0.01,0
C2_n0.01_d000_r03,C2,202615,17.74,17.74,0.0,0.6,0.5761721351372433,0.5972270221605799,FAR,FAR,0.0,1,,,0.01,0
C2_n0.01_d000_r03,C2,202615,17.76,17.76,0.0,0.6,0.5966892541463232,0.5970925801570157,FAR,FAR,0.0,1,,,0.01,0
C2_n0.01_d000_r03,C2,202615,17.78,17.78,0.0,0.6,0.6180329556308567,0.6023276740254759,FAR,FAR,0.0,1,,,0.01,0
C2_n0.01_d000_r03,C2,202615,17.8,17.8,0.0,0.6,0.5963719725330673,0.6008387486523737,FAR,FAR,0.0,1,,,0.01,0
C2_n0.01_d000_r03,C2,202615,17.82,17.82,0.0,0.6,0.6168894605004072,0.6048514266143821,FAR,FAR,0.0,1,,,0.01,0
C2_n0.01_d000_r03,C2,202615,17.84,17.84,0.0,0.6,0.6040822122879564,0.6046591230327757,FAR,FAR,0.0,1,,,0.01,0
C2_n0.01_d000_r03,C2,202615,17.86,17.86,0.0,0.6,0.5952567665381714,0.6023085339091245,FAR,FAR,0.0,1,,,0.01,0
C2_n0.01_d000_r03,C2,202615,17.88,17.88,0.0,0.6,0.606852997215565,0.6034446497357346,FAR,FAR,0.0,1,,,0.01,0
C2_n0.01_d000_r03,C2,202615,17.9,17.9,0.0,0.6,0.5838783333002866,0.5985530706268727,FAR,FAR,0.0,1,,,0.01,0
C2_n0.01_d000_r03,C2,202615,17.92,17.92,0.0,0.6,0.5882297104479499,0.595972230582142,FAR,FAR,0.0,1,,,0.01,0
C2_n0.01_d000_r03,C2,202615,17.94,17.94,0.0,0.6,0.6087836496506128,0.5991750853492597,FAR,FAR,0.0,1,,,0.01,0
C2_n0.01_d000_r03,C2,202615,17.96,17.96,0.0,0.6,0.603709252722051,0.6003086271924575,FAR,FAR,0.0,1,,,0.01,0
C2_n0.01_d000_r03,C2,202615,17.98,17.98,0.0,0.6,0.587017910980807,0.5969859481395449,FAR,FAR,0.0,1,,,0.01,0
C2_n0.01_d000_r03,C2,202615,18.0,18.0,0.0,0.6,0.6133413149534094,0.601074789843011,FAR,FAR,0.0,1,,,0.01,0
C2_n0.01_d000_r03,C2,202615,18.02,18.02,0.0,0.6,0.5993719833462119,0.6006490882188111,FAR,FAR,0.0,1,,,0.01,0
C2_n0.01_d000_r03,C2,202615,18.04,18.04,0.0,0.6,0.5955301057275221,0.5993693425959888,FAR,FAR,0.0,1,,,0.01,0
C2_n0.01_d000_r03,C2,202615,18.06,18.06,0.0,0.6,0.6112284070721707,0.6023341087150343,FAR,FAR,0.0,1,,,0.01,0
C2_n0.01_d000_r03,C2,202615,18.08,18.08,0.0,0.6,0.6100308252492983,0.6042582878486004,FAR,FAR,0.0,1,,,0.01,0
C2_n0.01_d000_r03,C2,202615,18.1,18.1,0.0,0.6,0.6025582275319191,0.6038332727694301,FAR,FAR,0.0,1,,,0.01,0
C2_n0.01_d000_r03,C2,202615,18.12,18.12,0.0,0.6,0.6070821936767901,0.6046455029962701,FAR,FAR,0.0,1,,,0.01,0
C2_n0.01_d000_r03,C2,202615,18.14,18.14,0.0,0.6,0.6080192038535565,0.6054889282105916,FAR,FAR,0.0,1,,,0.01,0
C2_n0.01_d000_r03,C2,202615,18.16,18.16,0.0,0.6,0.6037578369760844,0.6050561554019648,FAR,FAR,0.0,1,,,0.01,0
C2_n0.01_d000_r03,C2,202615,18.18,18.18,0.0,0.6,0.6028236797232689,0.6044980364822907,FAR,FAR,0.0,1,,,0.01,0
C2_n0.01_d000_r03,C2,202615,18.2,18.2,0.0,0.6,0.5851168045730065,0.5996527285049696,FAR,FAR,0.0,1,,,0.01,0
C2_n0.01_d000_r03,C2,202615,18.22,18.22,0.0,0.6,0.6014935302509233,0.6001129289414581,FAR,FAR,0.0,1,,,0.01,0
C2_n0.01_d000_r03,C2,202615,18.24,18.24,0.0,0.6,0.5758492406528418,0.594047006869304,FAR,FAR,0.0,1,,,0.01,0
C2_n0.01_d000_r03,C2,202615,18.26,18.26,0.0,0.6,0.6142440953034553,0.5990962789778418,FAR,FAR,0.0,1,,,0.01,0
C2_n0.01_d000_r03,C2,202615,18.28,18.28,0.0,0.6,0.6148403789261202,0.6030323039649114,FAR,FAR,0.0,1,,,0.01,0
C2_n0.01_d000_r03,C2,202615,18.3,18.3,0.0,0.6,0.5974711448649905,0.6016420141899312,FAR,FAR,0.0,1,,,0.01,0
C2_n0.01_d000_r03,C2,202615,18.32,18.32,0.0,0.6,0.6040683565755051,0.6022485997863247,FAR,FAR,0.0,1,,,0.01,0
C2_n0.01_d000_r03,C2,202615,18.34,18.34,0.0,0.6,0.6008356557991081,0.6018953637895206,FAR,FAR,0.0,1,,,0.01,0
C2_n0.01_d000_r03,C2,202615,18.36,18.36,0.0,0.6,0.5959706706461593,0.6004141905036803,FAR,FAR,0.0,1,,,0.01,0
C2_n0.01_d000_r03,C2,202615,18.38,18.38,0.0,0.6,0.6006937496111037,0.6004840802805361,FAR,FAR,0.0,1,,,0.01,0
C2_n0.01_d000_r03,C2,202615,18.4,18.4,0.0,0.6,0.6201410174387733,0.6053983145700954,FAR,FAR,0.0,1,,,0.01,0
C2_n0.01_d000_r03,C2,202615,18.42,18.42,0.0,0.6,0.5966006367082344,0.6031988951046301,FAR,FAR,0.0,1,,,0.01,0
C2_n0.01_d000_r03,C2,202615,18.44,18.44,0.0,0.6,0.6034465773942618,0.603260815677038,FAR,FAR,0.0,1,,,0.01,0
C2_n0.01_d000_r03,C2,202615,18.46,18.46,0.0,0.6,0.5705833288088028,0.5950914439599793,FAR,FAR,0.0,1,,,0.01,0
C2_n0.01_d000_r03,C2,202615,18.48,18.48,0.0,0.6,0.6092071673541252,0.5986203748085157,FAR,FAR,0.0,1,,,0.01,0
C2_n0.01_d000_r03,C2,202615,18.5,18.5,0.0,0.6,0.607265570074809,0.600781673625089,FAR,FAR,0.0,1,,,0.01,0
C2_n0.01_d000_r03,C2,202615,18.52,18.52,0.0,0.6,0.6153439684539024,0.6044222473322924,FAR,FAR,0.0,1,,,0.01,0
C2_n0.01_d000_r03,C2,202615,18.54,18.54,0.0,0.6,0.5763313126047487,0.5973995136504064,FAR,FAR,0.0,1,,,0.01,0
C2_n0.01_d000_r03,C2,202615,18.56,18.56,0.0,0.6,0.5975021064105698,0.5974251618404472,FAR,FAR,0.0,1,,,0.01,0
C2_n0.01_d000_r03,C2,202615,18.58,18.58,0.0,0.6,0.5940786549791384,0.5965885351251201,FAR,FAR,0.0,1,,,0.01,0
C2_n0.01_d000_r03,C2,202615,18.6,18.6,0.0,0.6,0.6117569574866619,0.6003806407155056,FAR,FAR,0.0,1,,,0.01,0
C2_n0.01_d000_r03,C2,202615,18.62,18.62,0.0,0.6,0.5934305408996385,0.5986431157615388,FAR,FAR,0.0,1,,,0.01,0
C2_n0.01_d000_r03,C2,202615,18.64,18.64,0.0,0.6,0.5990181584792328,0.5987368764409623,FAR,FAR,0.0,1,,,0.01,0
C2_n0.01_d000_r03,C2,202615,18.66,18.66,0.0,0.6,0.6072302313580762,0.6008602151702408,FAR,FAR,0.0,1,,,0.01,0
C2_n0.01_d000_r03,C2,202615,18.68,18.68,0.0,0.6,0.5945582772258824,0.5992847306841512,FAR,FAR,0.0,1,,,0.01,0
C2_n0.01_d000_r03,C2,202615,18.7,18.7,0.0,0.6,0.5963375504455453,0.5985479356244997,FAR,FAR,0.0,1,,,0.01,0
C2_n0.01_d000_r03,C2,202615,18.72,18.72,0.0,0.6,0.6053711317984533,0.6002537346679881,FAR,FAR,0.0,1,,,0.01,0
C2_n0.01_d000_r03,C2,202615,18.74,18.74,0.0,0.6,0.6023489694102888,0.6007775433535634,FAR,FAR,0.0,1,,,0.01,0
C2_n0.01_d000_r03,C2,202615,18.76,18.76,0.0,0.6,0.5931313994741746,0.5988660073837162,FAR,FAR,0.0,1,,,0.01,0
C2_n0.01_d000_r03,C2,202615,18.78,18.78,0.0,0.6,0.5993800205193208,0.5989945106676173,FAR,FAR,0.0,1,,,0.01,0
C2_n0.01_d000_r03,C2,202615,18.8,18.8,0.0,0.6,0.6013799932333933,0.5995908813090614,FAR,FAR,0.0,1,,,0.01,0
C2_n0.01_d000_r03,C2,202615,18.82,18.82,0.0,0.6,0.5941930233965874,0.5982414168309429,FAR,FAR,0.0,1,,,0.01,0
C2_n0.01_d000_r03,C2,202615,18.84,18.84,0.0,0.6,0.5960498898963412,0.5976935350972925,FAR,FAR,0.0,1,,,0.01,0
C2_n0.01_d000_r03,C2,202615,18.86,18.86,0.0,0.6,0.6038324818443439,0.5992282717840554,FAR,FAR,0.0,1,,,0.01,0
C2_n0.01_d000_r03,C2,202615,18.88,18.88,0.0,0.6,0.5887800526820711,0.5966162170085593,FAR,FAR,0.0,1,,,0.01,0
C2_n0.01_d000_r03,C2,202615,18.9,18.9,0.0,0.6,0.6138654360113543,0.600928521759258,FAR,FAR,0.0,1,,,0.01,0
C2_n0.01_d000_r03,C2,202615,18.92,18.92,0.0,0.6,0.5876907920505923,0.5976190893320916,FAR,FAR,0.0,1,,,0.01,0
C2_n0.01_d000_r03,C2,202615,18.94,18.94,0.0,0.6,0.5989475826409714,0.5979512126593116,FAR,FAR,0.0,1,,,0.01,0
C2_n0.01_d000_r03,C2,202615,18.96,18.96,0.0,0.6,0.584464110862872,0.5945794372102017,FAR,FAR,0.0,1,,,0.01,0
C2_n0.01_d000_r03,C2,202615,18.98,18.98,0.0,0.6,0.6037080219956242,0.5968615834065573,FAR,FAR,0.0,1,,,0.01,0
C2_n0.01_d000_r03,C2,202615,19.0,19.0,0.0,0.6,0.5966495793742134,0.5968085823984712,FAR,FAR,0.0,1,,,0.01,0
C2_n0.01_d000_r03,C2,202615,19.02,19.02,0.0,0.6,0.6174804223675143,0.601976542390732,FAR,FAR,0.0,1,,,0.01,0
C2_n0.01_d000_r03,C2,202615,19.04,19.04,0.0,0.6,0.5949098433675765,0.6002098676349431,FAR,FAR,0.0,1,,,0.01,0
C2_n0.01_d000_r03,C2,202615,19.06,19.06,0.0,0.6,0.6036522947497174,0.6010704744136367,FAR,FAR,0.0,1,,,0.01,0
C2_n0.01_d000_r03,C2,202615,19.08,19.08,0.0,0.6,0.5996831412331459,0.600723641118514,FAR,FAR,0.0,1,,,0.01,0
C2_n0.01_d000_r03,C2,202615,19.1,19.1,0.0,0.6,0.585963014743382,0.5970334845247309,FAR,FAR,0.0,1,,,0.01,0
C2_n0.01_d000_r03,C2,202615,19.12,19.12,0.0,0.6,0.5864524094780493,0.5943882157630606,FAR,FAR,0.0,1,,,0.01,0
C2_n0.01_d000_r03,C2,202615,19.14,19.14,0.0,0.6,0.5878472163074567,0.5927529658991596,FAR,FAR,0.0,1,,,0.01,0
C2_n0.01_d000_r03,C2,202615,19.16,19.16,0.0,0.6,0.589177562323456,0.5918591150052337,FAR,FAR,0.0,1,,,0.01,0
C2_n0.01_d000_r03,C2,202615,19.18,19.18,0.0,0.6,0.5864177285991743,0.5904987684037188,FAR,FAR,0.0,1,,,0.01,0
C2_n0.01_d000_r03,C2,202615,19.2,19.2,0.0,0.6,0.605557229185994,0.5942633835992877,FAR,FAR,0.0,1,,,0.01,0
C2_n0.01_d000_r03,C2,202615,19.22,19.22,0.0,0.6,0.58905005375058,0.5929600511371107,FAR,FAR,0.0,1,,,0.01,0
C2_n0.01_d000_r03,C2,202615,19.24,19.24,0.0,0.6,0.6256478793890637,0.6011320082000989,FAR,FAR,0.0,1,,,0.01,0
C2_n0.01_d000_r03,C2,202615,19.26,19.26,0.0,0.6,0.5817798478884805,0.5962939681221943,FAR,FAR,0.0,1,,,0.01,0
C2_n0.01_d000_r03,C2,202615,19.28,19.28,0.0,0.6,0.5935179625529445,0.5955999667298819,FAR,FAR,0.0,1,,,0.01,0
C2_n0.01_d000_r03,C2,202615,19.3,19.3,0.0,0.6,0.5923472637616911,0.5947867909878342,FAR,FAR,0.0,1,,,0.01,0
C2_n0.01_d000_r03,C2,202615,19.32,19.32,0.0,0.6,0.6009005204078809,0.5963152233428458,FAR,FAR,0.0,1,,,0.01,0
C2_n0.01_d000_r03,C2,202615,19.34,19.34,0.0,0.6,0.5806394359203507,0.592396276487222,FAR,FAR,0.0,1,,,0.01,0
C2_n0.01_d000_r03,C2,202615,19.36,19.36,0.0,0.6,0.6006545700928408,0.5944608498886268,FAR,FAR,0.0,1,,,0.01,0
C2_n0.01_d000_r03,C2,202615,19.38,19.38,0.0,0.6,0.6084722756705873,0.5979637063341169,FAR,FAR,0.0,1,,,0.01,0
C2_n0.01_d000_r03,C2,202615,19.4,19.4,0.0,0.6,0.6204005451229292,0.6035729160313199,FAR,FAR,0.0,1,,,0.01,0
C2_n0.01_d000_r03,C2,202615,19.42,19.42,0.0,0.6,0.5975982275845464,0.6020792439196265,FAR,FAR,0.0,1,,,0.01,0
C2_n0.01_d000_r03,C2,202615,19.44,19.44,0.0,0.6,0.6114331730785539,0.6044177262093584,FAR,FAR,0.0,1,,,0.01,0
C2_n0.01_d000_r03,C2,202615,19.46,19.46,0.0,0.6,0.5890304962834263,0.6005709187278754,FAR,FAR,0.0,1,,,0.01,0
C2_n0.01_d000_r03,C2,202615,19.48,19.48,0.0,0.6,0.6123384887137443,0.6035128112243426,FAR,FAR,0.0,1,,,0.01,0
C2_n0.01_d000_r03,C2,202615,19.5,19.5,0.0,0.6,0.5814704085207797,0.5980022105484519,FAR,FAR,0.0,1,,,0.01,0
C2_n0.01_d000_r03,C2,202615,19.52,19.52,0.0,0.6,0.5935949733464675,0.5969004012479558,FAR,FAR,0.0,1,,,0.01,0
C2_n0.01_d000_r03,C2,202615,19.54,19.54,0.0,0.6,0.5833901127346186,0.5935228291196215,FAR,FAR,0.0,1,,,0.01,0
C2_n0.01_d000_r03,C2,202615,19.56,19.56,0.0,0.6,0.5959615593967643,0.5941325116889072,FAR,FAR,0.0,1,,,0.01,0
C2_n0.01_d000_r03,C2,202615,19.58,19.58,0.0,0.6,0.5970424870473771,0.5948600055285247,FAR,FAR,0.0,1,,,0.01,0
C2_n0.01_d000_r03,C2,202615,19.6,19.6,0.0,0.6,0.6081010187767785,0.5981702588405882,FAR,FAR,0.0,1,,,0.01,0
C2_n0.01_d000_r03,C2,202615,19.62,19.62,0.0,0.6,0.5937335731515643,0.5970610874183322,FAR,FAR,0.0,1,,,0.01,0
C2_n0.01_d000_r03,C2,202615,19.64,19.64,0.0,0.6,0.6027632367035382,0.5984866247396337,FAR,FAR,0.0,1,,,0.01,0
C2_n0.01_d000_r03,C2,202615,19.66,19.66,0.0,0.6,0.5932623158411221,0.5971805475150058,FAR,FAR,0.0,1,,,0.01,0
C2_n0.01_d000_r03,C2,202615,19.68,19.68,0.0,0.6,0.6114324147428142,0.6007435143219579,FAR,FAR,0.0,1,,,0.01,0
C2_n0.01_d000_r03,C2,202615,19.7,19.7,0.0,0.6,0.6100997247814921,0.6030825669368415,FAR,FAR,0.0,1,,,0.01,0
C2_n0.01_d000_r03,C2,202615,19.72,19.72,0.0,0.6,0.600183806013438,0.6023578767059906,FAR,FAR,0.0,1,,,0.01,0
C2_n0.01_d000_r03,C2,202615,19.74,19.74,0.0,0.6,0.5978307929372432,0.6012261057638038,FAR,FAR,0.0,1,,,0.01,0
C2_n0.01_d000_r03,C2,202615,19.76,19.76,0.0,0.6,0.5872552001877364,0.5977333793697869,FAR,FAR,0.0,1,,,0.01,0
C2_n0.01_d000_r03,C2,202615,19.78,19.78,0.0,0.6,0.6070175003434443,0.6000544096132012,FAR,FAR,0.0,1,,,0.01,0
C2_n0.01_d000_r03,C2,202615,19.8,19.8,0.0,0.6,0.5999906964341432,0.6000384813184367,FAR,FAR,0.0,1,,,0.01,0
C2_n0.01_d000_r03,C2,202615,19.82,19.82,0.0,0.6,0.5970078476502766,0.5992808229013967,FAR,FAR,0.0,1,,,0.01,0
C2_n0.01_d000_r03,C2,202615,19.84,19.84,0.0,0.6,0.6035252010240534,0.6003419174320609,FAR,FAR,0.0,1,,,0.01,0
C2_n0.01_d000_r03,C2,202615,19.86,19.86,0.0,0.6,0.6107910360931332,0.602954197097329,FAR,FAR,0.0,1,,,0.01,0
C2_n0.01_d000_r03,C2,202615,19.88,19.88,0.0,0.6,0.5949638448457598,0.6009566090344367,FAR,FAR,0.0,1,,,0.01,0
C2_n0.01_d000_r03,C2,202615,19.9,19.9,0.0,0.6,0.6084386759660133,0.6028271257673309,FAR,FAR,0.0,1,,,0.01,0
C2_n0.01_d000_r03,C2,202615,19.92,19.92,0.0,0.6,0.5972525569233268,0.6014334835563299,FAR,FAR,0.0,1,,,0.01,0
C2_n0.01_d000_r03,C2,202615,19.94,19.94,0.0,0.6,0.5927116927851325,0.5992530358635305,FAR,FAR,0.0,1,,,0.01,0
C2_n0.01_d000_r03,C2,202615,19.96,19.96,0.0,0.6,0.6023121095392764,0.600017804282467,FAR,FAR,0.0,1,,,0.01,0
C2_n0.01_d000_r03,C2,202615,19.98,19.98,0.0,0.6,0.6109621642586924,0.6027538942765234,FAR,FAR,0.0,1,,,0.01,0
C2_n0.01_d000_r03,C2,202615,20.0,20.0,0.0,0.6,0.5886680003341356,0.5992324207909264,FAR,FAR,0.0,1,,,0.01,0
