trial_id,condition,seed,time_s,sensor_time_s,sample_age_s,true_distance_m,raw_distance_m,filtered_distance_m,expected_state,state,command,valid,event_label,invalid_reason,noise_sigma_m,delay_ms
C2_n0.01_d000_r01,C2,202613,0.0,0.0,0.0,0.6,0.611489208191507,0.611489208191507,FAR,FAR,0.0,1,,,0.01,0
C2_n0.01_d000_r01,C2,202613,0.02,0.02,0.0,0.6,0.5979992333315094,0.6081167144765076,FAR,FAR,0.0,1,,,0.01,0
C2_n0.01_d000_r01,C2,202613,0.04,0.04,0.0,0.6,0.6051720890212967,0.6073805581127049,FAR,FAR,0.0,1,,,0.01,0
C2_n0.01_d000_r01,C2,202613,0.06,0.06,0.0,0.6,0.602520990137878,0.6061656661189981,FAR,FAR,0.0,1,,,0.01,0
C2_n0.01_d000_r01,C2,202613,0.08,0.08,0.0,0.6,0.6037718523629666,0.6055672126799903,FAR,FAR,0.0,1,,,0.01,0
C2_n0.01_d000_r01,C2,202613,0.1,0.1,0.0,0.6,0.6132430293994918,0.6074861668598657,FAR,FAR,0.0,1,,,0.01,0
C2_n0.01_d000_r01,C2,202613,0.12,0.12,0.0,0.6,0.5961878847283795,0.6046615963269941,FAR,FAR,0.0,1,,,0.01,0
C2_n0.01_d000_r01,C2,202613,0.14,0.14,0.0,0.6,0.587610633720194,0.600398855675294,FAR,FAR,0.0,1,,,0.01,0
C2_n0.01_d000_r01,C2,202613,0.16,0.16,0.0,0.6,0.6046854780434018,0.601470511267321,FAR,FAR,0.0,1,,,0.01,0
C2_n0.01_d000_r01,C2,202613,0.18,0.18,0.0,0.6,0.5876862902679796,0.5980244560174857,FAR,FAR,0.0,1,,,0.01,0
C2_n0.01_d000_r01,C2,202613,0.2,0.2,0.0,0.6,0.6103208318374624,0.6010985499724799,FAR,FAR,0.0,1,,,0.01,0
C2_n0.01_d000_r01,C2,202613,0.22,0.22,0.0,0.6,0.5986806769802772,0.6004940817244292,FAR,FAR,0.0,1,,,0.01,0
C2_n0.01_d000_r01,C2,202613,0.24,0.24,0.0,0.6,0.599327669213489,0.6002024785966942,FAR,FAR,0.0,1,,,0.01,0
C2_n0.01_d000_r01,C2,202613,0.26,0.26,0.0,0.6,0.6032557386899979,0.6009657936200201,FAR,FAR,0.0,1,,,0.01,0
C2_n0.01_d000_r01,C2,202613,0.28,0.28,0.0,0.6,0.6014332745044151,0.6010826638411189,FAR,FAR,0.0,1,,,0.01,0
C2_n0.01_d000_r01,C2,202613,0.3,0.3,0.0,0.6,0.5901184913127314,0.598341620709022,FAR,FAR,0.0,1,,,0.01,0
C2_n0.01_d000_r01,C2,202613,0.32,0.32,0.0,0.6,0.613030744815893,0.6020139017357398,FAR,FAR,0.0,1,,,0.01,0
C2_n0.01_d000_r01,C2,202613,0.34,0.34,0.0,0.6,0.5879818626891254,0.5985058919740862,FAR,FAR,0.0,1,,,0.01,0
C2_n0.01_d000_r01,C2,202613,0.36,0.36,0.0,0.6,0.5987124556974733,0.598557532904933,FAR,FAR,0.0,1,,,0.01,0
C2_n0.01_d000_r01,C2,202613,0.38,0.38,0.0,0.6,0.5765960776684532,0.593067169095813,FAR,FAR,0.0,1,,,0.01,0
C2_n0.01_d000_r01,C2,202613,0.4,0.4,0.0,0.6,0.6051846033695174,0.5960965276642392,FAR,FAR,0.0,1,,,0.01,0
C2_n0.01_d000_r01,C2,202613,0.42,0.42,0.0,0.6,0.5914464646489007,0.5949340119104045,FAR,FAR,0.0,1,,,0.01,0
C2_n0.01_d000_r01,C2,202613,0.44,0.44,0.0,0.6,0.5872108120678864,0.593003211949775,FAR,FAR,0.0,1,,,0.01,0
C2_n0.01_d000_r01,C2,202613,0.46,0.46,0.0,0.6,0.6107335508542718,0.5974357966758992,FAR,FAR,0.0,1,,,0.01,0
C2_n0.01_d000_r01,C2,202613,0.48,0.48,0.0,0.6,0.5887891807798038,0.5952741427018753,FAR,FAR,0.0,1,,,0.01,0
C2_n0.01_d000_r01,C2,202613,0.5,0.5,0.0,0.6,0.6006465469163531,0.5966172437554947,FAR,FAR,0.0,1,,,0.01,0
C2_n0.01_d000_r01,C2,202613,0.52,0.52,0.0,0.6,0.593527468393636,0.59584479991503,FAR,FAR,0.0,1,,,0.01,0
C2_n0.01_d000_r01,C2,202613,0.54,0.54,0.0,0.6,0.5891840429973427,0.5941796106856082,FAR,FAR,0.0,1,,,0.01,0
C2_n0.01_d000_r01,C2,202613,0.56,0.56,0.0,0.6,0.5894119988563604,0.5929877077282962,FAR,FAR,0.0,1,,,0.01,0
C2_n0.01_d000_r01,C2,202613,0.58,0.58,0.0,0.6,0.5998692559766564,0.5947080947903862,FAR,FAR,0.0,1,,,0.01,0
C2_n0.01_d000_r01,C2,202613,0.6,0.6,0.0,0.6,0.6022706031247933,0.596598721873988,FAR,FAR,0.0,1,,,0.01,0
C2_n0.01_d000_r01,C2,202613,0.62,0.62,0.0,0.6,0.5792020407558048,0.5922495515944423,FAR,FAR,0.0,1,,,0.01,0
C2_n0.01_d000_r01,C2,202613,0.64,0.64,0.0,0.6,0.6069739574497243,0.5959306530582628,FAR,FAR,0.0,1,,,0.01,0
C2_n0.01_d000_r01,C2,202613,0.66,0.66,0.0,0.6,0.590044859220505,0.5944592045988233,FAR,FAR,0.0,1,,,0.01,0
C2_n0.01_d000_r01,C2,202613,0.68,0.68,0.0,0.6,0.6079426581980772,0.5978300679986368,FAR,FAR,0.0,1,,,0.01,0
C2_n0.01_d000_r01,C2,202613,0.7,0.7,0.0,0.6,0.6249991247561341,0.6046223321880111,FAR,FAR,0.0,1,,,0.01,0
C2_n0.01_d000_r01,C2,202613,0.72,0.72,0.0,0.6,0.602727785803697,0.6041486955919326,FAR,FAR,0.0,1,,,0.01,0
C2_n0.01_d000_r01,C2,202613,0.74,0.74,0.0,0.6,0.6020847505503427,0.6036327093315351,FAR,FAR,0.0,1,,,0.01,0
C2_n0.01_d000_r01,C2,202613,0.76,0.76,0.0,0.6,0.6010313937006293,0.6029823804238087,FAR,FAR,0.0,1,,,0.01,0
C2_n0.01_d000_r01,C2,202613,0.78,0.78,0.0,0.6,0.6205452749401643,0.6073731040528976,FAR,FAR,0.0,1,,,0.01,0
C2_n0.01_d000_r01,C2,202613,0.8,0.8,0.0,0.6,0.5838763239854076,0.6014989090360251,FAR,FAR,0.0,1,,,0.01,0
C2_n0.01_d000_r01,C2,202613,0.82,0.82,0.0,0.6,0.5963856683999627,0.6002205988770095,FAR,FAR,0.0,1,,,0.01,0
C2_n0.01_d000_r01,C2,202613,0.84,0.84,0.0,0.6,0.6137707805245646,0.6036081442888983,FAR,FAR,0.0,1,,,0.01,0
C2_n0.01_d000_r01,C2,202613,0.86,0.86,0.0,0.6,0.5902395973753898,0.6002660075605212,FAR,FAR,0.0,1,,,0.01,0
C2_n0.01_d000_r01,C2,202613,0.88,0.88,0.0,0.6,0.5862967544473231,0.5967736942822217,FAR,FAR,0.0,1,,,0.01,0
C2_n0.01_d000_r01,C2,202613,0.9,0.9,0.0,0.6,0.5928515262618096,0.5957931522771187,FAR,FAR,0.0,1,,,0.01,0
C2_n0.01_d000_r01,C2,202613,0.92,0.92,0.0,0.6,0.6201676278896776,0.6018867711802585,FAR,FAR,0.0,1,,,0.01,0
C2_n0.01_d000_r01,C2,202613,0.94,0.94,0.0,0.6,0.6075124769803089,0.6032931976302711,FAR,FAR,0.0,1,,,0.01,0
C2_n0.01_d000_r01,C2,202613,0.96,0.96,0.0,0.6,0.6123083163565475,0.6055469773118403,FAR,FAR,0.0,1,,,0.01,0
C2_n0.01_d000_r01,C2,202613,0.98,0.98,0.0,0.6,0.5842457640545389,0.6002216739975149,FAR,FAR,0.0,1,,,0.01,0
C2_n0.01_d000_r01,C2,202613,1.0,1.0,0.0,0.6,0.587528091767008,0.5970482784398882,FAR,FAR,0.0,1,,,0.01,0
C2_n0.01_d000_r01,C2,202613,1.02,1.02,0.0,0.6,0.6000258612911946,0.5977926741527149,FAR,FAR,0.0,1,,,0.01,0
C2_n0.01_d000_r01,C2,202613,1.04,1.04,0.0,0.6,0.6041073027425824,0.5993713313001817,FAR,FAR,0.0,1,,,0.01,0
C2_n0.01_d000_r01,C2,202613,1.06,1.06,0.0,0.6,0.5983446125937092,0.5991146516235636,FAR,FAR,0.0,1,,,0.01,0
C2_n0.01_d000_r01,C2,202613,1.08,1.08,0.0,0.6,0.6107523044742869,0.6020240648362444,FAR,FAR,0.0,1,,,0.01,0
C2_n0.01_d000_r01,C2,202613,1.1,1.1,0.0,0.6,0.5948539963826109,0.6002315477228359,FAR,FAR,0.0,1,,,0.01,0
C2_n0.01_d000_r01,C2,202613,1.12,1.12,0.0,0.6,0.6001938060711093,0.6002221123099043,FAR,FAR,0.0,1,,,0.01,0
C2_n0.01_d000_r01,C2,202613,1.14,1.14,0.0,0.6,0.6037191478786934,0.6010963712021016,FAR,FAR,0.0,1,,,0.01,0
C2_n0.01_d000_r01,C2,202613,1.16,1.16,0.0,0.6,0.5822849665333396,0.5963935200349111,FAR,FAR,0.0,1,,,0.01,0
C2_n0.01_d000_r01,C2,202613,1.18,1.18,0.0,0.6,0.6159182802199987,0.601274710081183,FAR,FAR,0.0,1,,,0.01,0
C2_n0.01_d000_r01,C2,202613,1.2,1.2,0.0,0.6,0.576998951420404,0.5952057704159883,FAR,FAR,0.0,1,,,0.01,0
C2_n0.01_d000_r01,C2,202613,1.22,1.22,0.0,0.6,0.5916675203484228,0.5943212078990969,FAR,FAR,0.0,1,,,0.01,0
C2_n0.01_d000_r01,C2,202613,1.24,1.24,0.0,0.6,0.61446177030037,0.5993563484994152,FAR,FAR,0.0,1,,,0.01,0
C2_n0.01_d000_r01,C2,202613,1.26,1.26,0.0,0.6,0.5994870790016256,0.5993890311249678,FAR,FAR,0.0,1,,,0.01,0
C2_n0.01_d000_r01,C2,202613,1.28,1.28,0.0,0.6,0.6010663565483622,0.5998083624808164,FAR,FAR,0.0,1,,,0.01,0
C2_n0.01_d000_r01,C2,202613,1.3,1.3,0.0,0.6,0.6243843771101576,0.6059523661381516,FAR,FAR,0.0,1,,,0.01,0
C2_n0.01_d000_r01,C2,202613,1.32,1.32,0.0,0.6,0.615768546942585,0.60840641133926,FAR,FAR,0.0,1,,,0.01,0
C2_n0.01_d000_r01,C2,202613,1.34,1.34,0.0,0.6,0.5813545127579941,0.6016434366939435,FAR,FAR,0.0,1,,,0.01,0
C2_n0.01_d000_r01,C2,202613,1.36,1.36,0.0,0.6,0.6019146249455458,0.6017112337568441,FAR,FAR,0.0,1,,,0.01,0
C2_n0.01_d000_r01,C2,202613,1.38,1.38,0.0,0.6,0.5960654757562867,0.6002997942567048,FAR,FAR,0.0,1,,,0.01,0
C2_n0.01_d000_r01,C2,202613,1.4,1.4,0.0,0.6,0.6131494623829685,0.6035122112882707,FAR,FAR,0.0,1,,,0.01,0
C2_n0.01_d000_r01,C2,202613,1.42,1.42,0.0,0.6,0.6010763112242402,0.602903236272263,FAR,FAR,0.0,1,,,0.01,0
C2_n0.01_d000_r01,C2,202613,1.44,1.44,0.0,0.6,0.6089518000792387,0.604415377224007,FAR,FAR,0.0,1,,,0.01,0
C2_n0.01_d000_r01,C2,202613,1.46,1.46,0.0,0.6,0.6016248459197041,0.6037177443979312,FAR,FAR,0.0,1,,,0.01,0
C2_n0.01_d000_r01,C2,202613,1.48,1.48,0.0,0.6,0.6034895881670611,0.6036607053402137,FAR,FAR,0.0,1,,,0.01,0
C2_n0.01_d000_r01,C2,202613,1.5,1.5,0.0,0.6,0.5975551173736106,0.6021343083485629,FAR,FAR,0.0,1,,,0.01,0
C2_n0.01_d000_r01,C2,202613,1.52,1.52,0.0,0.6,0.5918066401203781,0.5995523912915166,FAR,FAR,0.0,1,,,0.01,0
C2_n0.01_d000_r01,C2,202613,1.54,1.54,0.0,0.6,0.5797797226086051,0.5946092241207888,FAR,FAR,0.0,1,,,0.01,0
C2_n0.01_d000_r01,C2,202613,1.56,1.56,0.0,0.6,0.6028977565149122,0.5966813572193196,FAR,FAR,0.0,1,,,0.01,0
C2_n0.01_d000_r01,C2,202613,1.58,1.58,0.0,0.6,0.6047180507081608,0.5986905305915299,FAR,FAR,0.0,1,,,0.01,0
C2_n0.01_d000_r01,C2,202613,1.6,1.6,0.0,0.6,0.6049772501495211,0.6002622104810277,FAR,FAR,0.0,1,,,0.01,0
C2_n0.01_d000_r01,C2,202613,1.62,1.62,0.0,0.6,0.5982305688960883,0.5997543000847929,FAR,FAR,0.0,1,,,0.01,0
C2_n0.01_d000_r01,C2,202613,1.64,1.64,0.0,0.6,0.5992820007036169,0.5996362252394989,FAR,FAR,0.0,1,,,0.01,0
C2_n0.01_d000_r01,C2,202613,1.66,1.66,0.0,0.6,0.6038690681443175,0.6006944359657036,FAR,FAR,0.0,1,,,0.01,0
C2_n0.01_d000_r01,C2,202613,1.68,1.68,0.0,0.6,0.5957396898804445,0.5994557494443888,FAR,FAR,0.0,1,,,0.01,0
C2_n0.01_d000_r01,C2,202613,1.7,1.7,0.0,0.6,0.6071793524654313,0.6013866501996494,FAR,FAR,0.0,1,,,0.01,0
C2_n0.01_d000_r01,C2,202613,1.72,1.72,0.0,0.6,0.605686799109244,0.6024616874270481,FAR,FAR,0.0,1,,,0.01,0
C2_n0.01_d000_r01,C2,202613,1.74,1.74,0.0,0.6,0.5943209769093499,0.6004265097976236,FAR,FAR,0.0,1,,,0.01,0
C2_n0.01_d000_r01,C2,202613,1.76,1.76,0.0,0.6,0.6113988477329749,0.6031695942814614,FAR,FAR,0.0,1,,,0.01,0
C2_n0.01_d000_r01,C2,202613,1.78,1.78,0.0,0.6,0.5943051849081832,0.6009534919381418,FAR,FAR,0.0,1,,,0.01,0
C2_n0.01_d000_r01,C2,202613,1.8,1.8,0.0,0.6,0.6148304781352726,0.6044227384874246,FAR,FAR,0.0,1,,,0.01,0
C2_n0.01_d000_r01,C2,202613,1.82,1.82,0.0,0.6,0.6068846380338557,0.6050382133740324,FAR,FAR,0.0,1,,,0.01,0
C2_n0.01_d000_r01,C2,202613,1.84,1.84,0.0,0.6,0.5920496876731425,0.6017910819488099,FAR,FAR,0.0,1,,,0.01,0
C2_n0.01_d000_r01,C2,202613,1.86,1.86,0.0,0.6,0.6111822346131558,0.6041388701148964,FAR,FAR,0.0,1,,,0.01,0
C2_n0.01_d000_r01,C2,202613,1.88,1.88,0.0,0.6,0.6006176840947861,0.6032585736098688,FAR,FAR,0.0,1,,,0.01,0
C2_n0.01_d000_r01,C2,202613,1.9,1.9,0.0,0.6,0.580201475242293,0.5974942990179748,FAR,FAR,0.0,1,,,0.01,0
C2_n0.01_d000_r01,C2,202613,1.92,1.92,0.0,0.6,0.5908806184241888,0.5958408788695283,FAR,FAR,0.0,1,,,0.01,0
C2_n0.01_d000_r01,C2,202613,1.94,1.94,0.0,0.6,0.5970791350543665,0.5961504429157378,FAR,FAR,0.0,1,,,0.01,0
C2_n0.01_d000_r01,C2,202613,1.96,1.96,0.0,0.6,0.6022169942858696,0.5976670807582708,FAR,FAR,0.0,1,,,0.01,0
C2_n0.01_d000_r01,C2,202613,1.98,1.98,0.0,0.6,0.5981912032310784,0.5977981113764728,FAR,FAR,0.0,1,,,0.01,0
C2_n0.01_d000_r01,C2,202613,2.0,2.0,0.0,0.6,0.6131732248283438,0.6016418897394405,FAR,FAR,0.0,1,,,0.01,0
C2_n0.01_d000_r01,C2,202613,2.02,2.02,0.0,0.6,0.6129879097400069,0.6044783947395821,FAR,FAR,0.0,1,,,0.01,0
C2_n0.01_d000_r01,C2,202613,2.04,2.04,0.0,0.6,0.6106970889263214,0.6060330682862669,FAR,FAR,0.0,1,,,0.01,0
C2_n0.01_d000_r01,C2,202613,2.06,2.06,0.0,0.6,0.5991608368461989,0.6043150104262499,FAR,FAR,0.0,1,,,0.01,0
C2_n0.01_d000_r01,C2,202613,2.08,2.08,0.0,0.6,0.5802463638113408,0.5982978487725227,FAR,FAR,0.0,1,,,0.01,0
C2_n0.01_d000_r01,C2,202613,2.1,2.1,0.0,0.6,0.5894145897448462,0.5960770340156036,FAR,FAR,0.0,1,,,0.01,0
C2_n0.01_d000_r01,C2,202613,2.12,2.12,0.0,0.6,0.6004275857997394,0.5971646719616376,FAR,FAR,0.0,1,,,0.01,0
C2_n0.01_d000_r01,C2,202613,2.14,2.14,0.0,0.6,0.5927161488707549,0.5960525411889168,FAR,FAR,0.0,1,,,0.01,0
C2_n0.01_d000_r01,C2,202613,2.16,2.16,0.0,0.6,0.59676067044921,0.5962295735039901,FAR,FAR,0.0,1,,,0.01,0
C2_n0.01_d000_r01,C2,202613,2.18,2.18,0.0,0.6,0.5903519348854738,0.5947601638493609,FAR,FAR,0.0,1,,,0.01,0
C2_n0.01_d000_r01,C2,202613,2.2,2.2,0.0,0.6,0.5943502435568341,0.5946576837762292,FAR,FAR,0.0,1,,,0.01,0
C2_n0.01_d000_r01,C2,202613,2.22,2.22,0.0,0.6,0.5829732146102165,0.5917365664847261,FAR,FAR,0.0,1,,,0.01,0
C2_n0.01_d000_r01,C2,202613,2.24,2.24,0.0,0.6,0.5961386858479232,0.5928370963255254,FAR,FAR,0.0,1,,,0.01,0
C2_n0.01_d000_r01,C2,202613,2.26,2.26,0.0,0.6,0.5933681870590626,0.5929698690089097,FAR,FAR,0.0,1,,,0.01,0
C2_n0.01_d000_r01,C2,202613,2.28,2.28,0.0,0.6,0.5878086826100628,0.5916795724091979,FAR,FAR,0.0,1,,,0.01,0
C2_n0.01_d000_r01,C2,202613,2.3,2.3,0.0,0.6,0.6002089371288511,0.5938119135891112,FAR,FAR,0.0,1,,,0.01,0
C2_n0.01_d000_r01,C2,202613,2.32,2.32,0.0,0.6,0.5839339959541399,0.5913424341803684,FAR,FAR,0.0,1,,,0.01,0
C2_n0.01_d000_r01,C2,202613,2.34,2.34,0.0,0.6,0.5921667882213143,0.5915485226906049,FAR,FAR,0.0,1,,,0.01,0
C2_n0.01_d000_r01,C2,202613,2.36,2.36,0.0,0.6,0.5970827067088356,0.5929320686951625,FAR,FAR,0.0,1,,,0.01,0
C2_n0.01_d000_r01,C2,202613,2.38,2.38,0.0,0.6,0.600143593713724,0.5947349499498029,FAR,FAR,0.0,1,,,0.01,0
C2_n0.01_d000_r01,C2,202613,2.4,2.4,0.0,0.6,0.6115199931223554,0.598931210742941,FAR,FAR,0.0,1,,,0.01,0
C2_n0.01_d000_r01,C2,202613,2.42,2.42,0.0,0.6,0.6039058599089661,0.6001748730344473,FAR,FAR,0.0,1,,,0.01,0
C2_n0.01_d000_r01,C2,202613,2.44,2.44,0.0,0.6,0.6093321039763591,0.6024641807699251,FAR,FAR,0.0,1,,,0.01,0
C2_n0.01_d000_r01,C2,202613,2.46,2.46,0.0,0.6,0.5920288524152466,0.5998553486812555,FAR,FAR,0.0,1,,,0.01,0
C2_n0.01_d000_r01,C2,202613,2.48,2.48,0.0,0.6,0.6041492218868093,0.6009288169826439,FAR,FAR,0.0,1,,,0.01,0
C2_n0.01_d000_r01,C2,202613,2.5,2.5,0.0,0.6,0.606013483608663,0.6021999836391487,FAR,FAR,0.0,1,,,0.01,0
C2_n0.01_d000_r01,C2,202613,2.52,2.52,0.0,0.6,0.5965609024499755,0.6007902133418555,FAR,FAR,0.0,1,,,0.01,0
C2_n0.01_d000_r01,C2,202613,2.54,2.54,0.0,0.6,0.6015940111126433,0.6009911627845524,FAR,FAR,0.0,1,,,0.01,0
C2_n0.01_d000_r01,C2,202613,2.56,2.56,0.0,0.6,0.6067175952658812,0.6024227709048846,FAR,FAR,0.0,1,,,0.01,0
C2_n0.01_d000_r01,C2,202613,2.58,2.58,0.0,0.6,0.5852738162144617,0.5981355322322789,FAR,FAR,0.0,1,,,0.01,0
C2_n0.01_d000_r01,C2,202613,2.6,2.6,0.0,0.6,0.6136773861957172,0.6020209957231385,FAR,FAR,0.0,1,,,0.01,0
C2_n0.01_d000_r01,C2,202613,2.62,2.62,0.0,0.6,0.6112340157790012,0.6043242507371042,FAR,FAR,0.0,1,,,0.01,0
C2_n0.01_d000_r01,C2,202613,2.64,2.64,0.0,0.6,0.596971268368473,0.6024860051449464,FAR,FAR,0.0,1,,,0.01,0
C2_n0.01_d000_r01,C2,202613,2.66,2.66,0.0,0.6,0.5811294365033329,0.597146862984543,FAR,FAR,0.0,1,,,0.01,0
C2_n0.01_d000_r01,C2,202613,2.68,2.68,0.0,0.6,0.5921568261793807,0.5958993537832524,FAR,FAR,0.0,1,,,0.01,0
C2_n0.01_d000_r01,C2,202613,2.7,2.7,0.0,0.6,0.600602943941735,0.5970752513228731,FAR,FAR,0.0,1,,,0.01,0
C2_n0.01_d000_r01,C2,202613,2.72,2.72,0.0,0.6,0.6081710700117557,0.5998492059950937,FAR,FAR,0.0,1,,,0.01,0
C2_n0.01_d000_r01,C2,202613,2.74,2.74,0.0,0.6,0.6137368022419933,0.6033211050568186,FAR,FAR,0.0,1,,,0.01,0
C2_n0.01_d000_r01,C2,202613,2.76,2.76,0.0,0.6,0.6101286127873725,0.605022981989457,FAR,FAR,0.0,1,,,0.01,0
C2_n0.01_d000_r01,C2,202613,2.78,2.78,0.0,0.6,0.5757113114800977,0.5976950643621172,FAR,FAR,0.0,1,,,0.01,0
C2_n0.01_d000_r01,C2,202613,2.8,2.8,0.0,0.6,0.6024351995350334,0.5988800981553462,FAR,FAR,0.0,1,,,0.01,0
C2_n0.01_d000_r01,C2,202613,2.82,2.82,0.0,0.6,0.5819015000292648,0.5946354486238258,FAR,FAR,0.0,1,,,0.01,0
C2_n0.01_d000_r01,C2,202613,2.84,2.84,0.0,0.6,0.6155211771470923,0.5998568807546424,FAR,FAR,0.0,1,,,0.01,0
C2_n0.01_d000_r01,C2,202613,2.86,2.86,0.0,0.6,0.5858608603387341,0.5963578756506653,FAR,FAR,0.0,1,,,0.01,0
C2_n0.01_d000_r01,C2,202613,2.88,2.88,0.0,0.6,0.6089577859798295,0.5995078532329564,FAR,FAR,0.0,1,,,0.01,0
C2_n0.01_d000_r01,C2,202613,2.9,2.9,0.0,0.6,0.5896757081145299,0.5970498169533498,FAR,FAR,0.0,1,,,0.01,0
C2_n0.01_d000_r01,C2,202613,2.92,2.92,0.0,0.6,0.5908018821783573,0.5954878332596016,FAR,FAR,0.0,1,,,0.01,0
C2_n0.01_d000_r01,C2,202613,2.94,2.94,0.0,0.6,0.5781823910598356,0.5911614727096601,FAR,FAR,0.0,1,,,0.01,0
C2_n0.01_d000_r01,C2,202613,2.96,2.96,0.0,0.6,0.5929318610652213,0.5916040697985504,FAR,FAR,0.0,1,,,0.01,0
C2_n0.01_d000_r01,C2,202613,2.98,2.98,0.0,0.6,0.589147330255014,0.5909898849126664,FAR,FAR,0.0,1,,,0.01,0
C2_n0.01_d000_r01,C2,202613,3.0,3.0,0.0,0.6,0.588849030423898,0.5904546712904744,FAR,FAR,0.0,1,,,0.01,0
C2_n0.01_d000_r01,C2,202613,3.02,3.02,0.0,0.6,0.5935892833393235,0.5912383243026866,FAR,FAR,0.0,1,,,0.01,0
C2_n0.01_d000_r01,C2,202613,3.04,3.04,0.0,0.6,0.6091220510192129,0.5957092559818182,FAR,FAR,0.0,1,,,0.01,0
C2_n0.01_d000_r01,C2,202613,3.06,3.06,0.0,0.6,0.5896130949227903,0.5941852157170613,FAR,FAR,0.0,1,,,0.01,0
C2_n0.01_d000_r01,C2,202613,3.08,3.08,0.0,0.6,0.6108900113134381,0.5983614146161556,FAR,FAR,0.0,1,,,0.01,0
C2_n0.01_d000_r01,C2,202613,3.1,3.1,0.0,0.6,0.6018353974729989,0.5992299103303664,FAR,FAR,0.0,1,,,0.01,0
C2_n0.01_d000_r01,C2,202613,3.12,3.12,0.0,0.6,0.5859634950806799,0.5959133065179448,FAR,FAR,0.0,1,,,0.01,0
C2_n0.01_d000_r01,C2,202613,3.14,3.14,0.0,0.6,0.591204077993009,0.594735999386711,FAR,FAR,0.0,1,,,0.01,0
C2_n0.01_d000_r01,C2,202613,3.16,3.16,0.0,0.6,0.6068893306977422,0.5977743322144687,FAR,FAR,0.0,1,,,0.01,0
C2_n0.01_d000_r01,C2,202613,3.18,3.18,0.0,0.6,0.6181232560215523,0.6028615631662396,FAR,FAR,0.0,1,,,0.01,0
C2_n0.01_d000_r01,C2,202613,3.2,3.2,0.0,0.6,0.6040710392603753,0.6031639321897735,FAR,FAR,0.0,1,,,0.01,0
C2_n0.01_d000_r01,C2,202613,3.22,3.22,0.0,0.6,0.5898161091770272,0.5998269764365869,FAR,FAR,0.0,1,,,0.01,0
C2_n0.01_d000_r01,C2,202613,3.24,3.24,0.0,0.6,0.5831286525901255,0.5956523954749715,FAR,FAR,0.0,1,,,0.01,0
C2_n0.01_d000_r01,C2,202613,3.26,3.26,0.0,0.6,0.6123615027398164,0.5998296722911827,FAR,FAR,0.0,1,,,0.01,0
C2_n0.01_d000_r01,C2,202613,3.28,3.28,0.0,0.6,0.6001701628090906,0.5999147949206597,FAR,FAR,0.0,1,,,0.01,0
C2_n0.01_d000_r01,C2,202613,3.3,3.3,0.0,0.6,0.5926924689266776,0.5981092134221642,FAR,FAR,0.0,1,,,0.01,0
C2_n0.01_d000_r01,C2,202613,3.32,3.32,0.0,0.6,0.5895122936515246,0.5959599834795043,FAR,FAR,0.0,1,,,0.01,0
C2_n0.01_d000_r01,C2,202613,3.34,3.34,0.0,0.6,0.6076603608799732,0.5988850778296215,FAR,FAR,0.0,1,,,0.01,0
C2_n0.01_d000_r01,C2,202613,3.36,3.36,0.0,0.6,0.5944816086649316,0.597784210538449,FAR,FAR,0.0,1,,,0.01,0
C2_n0.01_d000_r01,C2,202613,3.38,3.38,0.0,0.6,0.5872367292575451,0.595147340218223,FAR,FAR,0.0,1,,,0.01,0
C2_n0.01_d000_r01,C2,202613,3.4,3.4,0.0,0.6,0.5916278574294445,0.5942674695210284,FAR,FAR,0.0,1,,,0.01,0
C2_n0.01_d000_r01,C2,202613,3.42,3.42,0.0,0.6,0.5968447476842088,0.5949117890618235,FAR,FAR,0.0,1,,,0.01,0
C2_n0.01_d000_r01,C2,202613,3.44,3.44,0.0,0.6,0.6119035906894486,0.5991597394687298,FAR,FAR,0.0,1,,,0.01,0
C2_n0.01_d000_r01,C2,202613,3.46,3.46,0.0,0.6,0.5938974480048284,0.5978441666027544,FAR,FAR,0.0,1,,,0.01,0
C2_n0.01_d000_r01,C2,202613,3.48,3.48,0.0,0.6,0.5975606974654162,0.5977732993184198,FAR,FAR,0.0,1,,,0.01,0
C2_n0.01_d000_r01,C2,202613,3.5,3.5,0.0,0.6,0.5733535192768983,0.5916683543080394,FAR,FAR,0.0,1,,,0.01,0
C2_n0.01_d000_r01,C2,202613,3.52,3.52,0.0,0.6,0.5827149785152119,0.5894300103598326,FAR,FAR,0.0,1,,,0.01,0
C2_n0.01_d000_r01,C2,202613,3.54,3.54,0.0,0.6,0.6160385323254726,0.5960821408512426,FAR,FAR,0.0,1,,,0.01,0
C2_n0.01_d000_r01,C2,202613,3.56,3.56,0.0,0.6,0.579769809183245,0.5920040579342432,FAR,FAR,0.0,1,,,0.01,0
C2_n0.01_d000_r01,C2,202613,3.58,3.58,0.0,0.6,0.6012817373992301,0.5943234778004899,FAR,FAR,0.0,1,,,0.01,0
C2_n0.01_d000_r01,C2,202613,3.6,3.6,0.0,0.6,0.6032593484385269,0.5965574454599991,FAR,FAR,0.0,1,,,0.01,0
C2_n0.01_d000_r01,C2,202613,3.62,3.62,0.0,0.6,0.5838028575675597,0.5933687984868893,FAR,FAR,0.0,1,,,0.01,0
C2_n0.01_d000_r01,C2,202613,3.64,3.64,0.0,0.6,0.5919628591635248,0.5930173136560482,FAR,FAR,0.0,1,,,0.01,0
C2_n0.01_d000_r01,C2,202613,3.66,3.66,0.0,0.6,0.5868210793026217,0.5914682550676915,FAR,FAR,0.0,1,,,0.01,0
C2_n0.01_d000_r01,C2,202613,3.68,3.68,0.0,0.6,0.5895080439934164,0.5909782022991228,FAR,FAR,0.0,1,,,0.01,0
C2_n0.01_d000_r01,C2,202613,3.7,3.7,0.0,0.6,0.6014385540564346,0.5935932902384508,FAR,FAR,0.0,1,,,0.01,0
C2_n0.01_d000_r01,C2,202613,3.72,3.72,0.0,0.6,0.5917957595507723,0.5931439075665311,FAR,FAR,0.0,1,,,0.01,0
C2_n0.01_d000_r01,C2,202613,3.74,3.74,0.0,0.6,0.6197696707886743,0.5998003483720669,FAR,FAR,0.0,1,,,0.01,0
C2_n0.01_d000_r01,C2,202613,3.76,3.76,0.0,0.6,0.6125098065546765,0.6029777129177193,FAR,FAR,0.0,1,,,0.01,0
C2_n0.01_d000_r01,C2,202613,3.78,3.78,0.0,0.6,0.5745503235715602,0.5958708655811795,FAR,FAR,0.0,1,,,0.01,0
C2_n0.01_d000_r01,C2,202613,3.8,3.8,0.0,0.6,0.6015286407867204,0.5972853093825647,FAR,FAR,0.0,1,,,0.01,0
C2_n0.01_d000_r01,C2,202613,3.82,3.82,0.0,0.6,0.5929115983553197,0.5961918816257534,FAR,FAR,0.0,1,,,0.01,0
C2_n0.01_d000_r01,C2,202613,3.84,3.84,0.0,0.6,0.595089725151021,0.5959163425070704,FAR,FAR,0.0,1,,,0.01,0
C2_n0.01_d000_r01,C2,202613,3.86,3.86,0.0,0.6,0.6012245397397679,0.5972433918152448,FAR,FAR,0.0,1,,,0.01,0
C2_n0.01_d000_r01,C2,202613,3.88,3.88,0.0,0.6,0.6014489442071153,0.5982947799132123,FAR,FAR,0.0,1,,,0.01,0
C2_n0.01_d000_r01,C2,202613,3.9,3.9,0.0,0.6,0.5910308352984233,0.5964787937595151,FAR,FAR,0.0,1,,,0.01,0
C2_n0.01_d000_r01,C2,202613,3.92,3.92,0.0,0.6,0.5979804846297996,0.5968542164770863,FAR,FAR,0.0,1,,,0.01,0
C2_n0.01_d000_r01,C2,202613,3.94,3.94,0.0,0.6,0.618248215155269,0.6022027161466319,FAR,FAR,0.0,1,,,0.01,0
C2_n0.01_d000_r01,C2,202613,3.96,3.96,0.0,0.6,0.5951612779687033,0.6004423566021497,FAR,FAR,0.0,1,,,0.01,0
C2_n0.01_d000_r01,C2,202613,3.98,3.98,0.0,0.6,0.6003374299033087,0.6004161249274395,FAR,FAR,0.0,1,,,0.01,0
C2_n0.01_d000_r01,C2,202613,4.0,4.0,0.0,0.6,0.6010870183172689,0.6005838482748967,FAR,FAR,0.0,1,,,0.01,0
C2_n0.01_d000_r01,C2,202613,4.02,4.02,0.0,0.5982500000000001,0.610965773174654,0.603179329499836,FAR,FAR,0.0,1,,,0.01,0
C2_n0.01_d000_r01,C2,202613,4.04,4.04,0.0,0.5965,0.6003470538339245,0.6024712605833581,FAR,FAR,0.0,1,,,0.01,0
C2_n0.01_d000_r01,C2,202613,4.06,4.06,0.0,0.59475,0.62209771183155,0.607377873395406,FAR,FAR,0.0,1,,,0.01,0
C2_n0.01_d000_r01,C2,202613,4.08,4.08,0.0,0.593,0.5796849369991843,0.6004546392963506,FAR,FAR,0.0,1,,,0.01,0
C2_n0.01_d000_r01,C2,202613,4.1,4.1,0.0,0.59125,0.5957138385992651,0.5992694391220792,FAR,FAR,0.0,1,,,0.01,0
C2_n0.01_d000_r01,C2,202613,4.12,4.12,0.0,0.5894999999999999,0.6134935091847665,0.602825456637751,FAR,FAR,0.0,1,,,0.01,0
C2_n0.01_d000_r01,C2,202613,4.14,4.14,0.0,0.58775,0.5894088537105281,0.5994713059059453,FAR,FAR,0.0,1,,,0.01,0
C2_n0.01_d000_r01,C2,202613,4.16,4.16,0.0,0.586,0.5682620887426809,0.5916690016151293,FAR,FAR,0.0,1,,,0.01,0
C2_n0.01_d000_r01,C2,202613,4.18,4.18,0.0,0.58425,0.5862989265269938,0.5903264828430954,FAR,FAR,0.0,1,,,0.01,0
C2_n0.01_d000_r01,C2,202613,4.2,4.2,0.0,0.5825,0.5752254263628175,0.586551218723026,FAR,FAR,0.0,1,,,0.01,0
C2_n0.01_d000_r01,C2,202613,4.22,4.22,0.0,0.58075,0.5834401858251077,0.5857734604985464,FAR,FAR,0.0,1,,,0.01,0
C2_n0.01_d000_r01,C2,202613,4.24,4.24,0.0,0.579,0.5940921257523992,0.5878531268120095,FAR,FAR,0.0,1,,,0.01,0
C2_n0.01_d000_r01,C2,202613,4.26,4.26,0.0,0.57725,0.574095132569554,0.5844136282513956,FAR,FAR,0.0,1,,,0.01,0
C2_n0.01_d000_r01,C2,202613,4.28,4.28,0.0,0.5754999999999999,0.5764299693644879,0.5824177135296686,FAR,FAR,0.0,1,,,0.01,0
C2_n0.01_d000_r01,C2,202613,4.3,4.3,0.0,0.57375,0.5738275085348773,0.5802701622809708,FAR,FAR,0.0,1,,,0.01,0
C2_n0.01_d000_r01,C2,202613,4.32,4.32,0.0,0.572,0.5757095496414429,0.5791300091210888,FAR,FAR,0.0,1,,,0.01,0
C2_n0.01_d000_r01,C2,202613,4.34,4.34,0.0,0.57025,0.5879716912999419,0.581340429665802,FAR,FAR,0.0,1,,,0.01,0
C2_n0.01_d000_r01,C2,202613,4.36,4.36,0.0,0.5685,0.5719829534840145,0.5790010606203552,FAR,FAR,0.0,1,,,0.01,0
C2_n0.01_d000_r01,C2,202613,4.38,4.38,0.0,0.56675,0.5597991224245196,0.5742005760713962,FAR,FAR,0.0,1,,,0.01,0
C2_n0.01_d000_r01,C2,202613,4.4,4.4,0.0,0.565,0.5727390009313417,0.5738351822863825,FAR,FAR,0.0,1,,,0.01,0
C2_n0.01_d000_r01,C2,202613,4.42,4.42,0.0,0.56325,0.5712707100150214,0.5731940642185422,FAR,FAR,0.0,1,,,0.01,0
C2_n0.01_d000_r01,C2,202613,4.44,4.44,0.0,0.5614999999999999,0.5443325755162643,0.5659786920429728,FAR,FAR,0.0,1,,,0.01,0
C2_n0.01_d000_r01,C2,202613,4.46,4.46,0.0,0.55975,0.5371797314688121,0.5587789518994326,FAR,FAR,0.0,1,,,0.01,0
C2_n0.01_d000_r01,C2,202613,4.48,4.48,0.0,0.5579999999999999,0.5528351313214896,0.5572929967549469,FAR,FAR,0.0,1,,,0.01,0
C2_n0.01_d000_r01,C2,202613,4.5,4.5,0.0,0.55625,0.5393697966944023,0.5528121967398107,FAR,FAR,0.0,1,,,0.01,0
C2_n0.01_d000_r01,C2,202613,4.52,4.52,0.0,0.5545,0.5441663378805319,0.550650732024991,FAR,FAR,0.0,1,,,0.01,0
C2_n0.01_d000_r01,C2,202613,4.54,4.54,0.0,0.55275,0.5475850568489802,0.5498843132309883,FAR,FAR,0.0,1,,,0.01,0
C2_n0.01_d000_r01,C2,202613,4.56,4.56,0.0,0.551,0.5402826019489863,0.5474838854104878,FAR,FAR,0.0,1,,,0.01,0
C2_n0.01_d000_r01,C2,202613,4.58,4.58,0.0,0.54925,0.5641333219377163,0.5516462445422949,FAR,FAR,0.0,1,,,0.01,0
C2_n0.01_d000_r01,C2,202613,4.6,4.6,0.0,0.5475,0.5441211063313468,0.5497649599895579,FAR,FAR,0.0,1,,,0.01,0
C2_n0.01_d000_r01,C2,202613,4.62,4.62,0.0,0.54575,0.5547306841051515,0.5510063910184563,FAR,FAR,0.0,1,,,0.01,0
C2_n0.01_d000_r01,C2,202613,4.64,4.64,0.0,0.544,0.5442272613326099,0.5493116085969947,FAR,FAR,0.0,1,,,0.01,0
C2_n0.01_d000_r01,C2,202613,4.66,4.66,0.0,0.54225,0.5282517864906487,0.5440466530704082,FAR,FAR,0.0,1,,,0.01,0
C2_n0.01_d000_r01,C2,202613,4.68,4.68,0.0,0.5405,0.5331905095787811,0.5413326171975015,FAR,FAR,0.0,1,,,0.01,0
C2_n0.01_d000_r01,C2,202613,4.7,4.7,0.0,0.53875,0.5293496288521928,0.5383368701111744,FAR,FAR,0.0,1,,,0.01,0
C2_n0.01_d000_r01,C2,202613,4.72,4.72,0.0,0.537,0.4983967677640937,0.5283518445244042,FAR,FAR,0.0,1,,,0.01,0
C2_n0.01_d000_r01,C2,202613,4.74,4.74,0.0,0.53525,0.5545706199160816,0.5349065383723235,FAR,FAR,0.0,1,,,0.01,0
C2_n0.01_d000_r01,C2,202613,4.76,4.76,0.0,0.5335,0.5314831189983268,0.5340506835288243,FAR,FAR,0.0,1,,,0.01,0
C2_n0.01_d000_r01,C2,202613,4.78,4.78,0.0,0.53175,0.5194249911249049,0.5303942604278444,FAR,FAR,0.0,1,,,0.01,0
C2_n0.01_d000_r01,C2,202613,4.8,4.8,0.0,0.53,0.5433933711974763,0.5336440381202524,FAR,FAR,0.0,1,,,0.01,0
C2_n0.01_d000_r01,C2,202613,4.82,4.82,0.0,0.52825,0.5219626505822869,0.530723691235761,FAR,FAR,0.0,1,,,0.01,0
C2_n0.01_d000_r01,C2,202613,4.84,4.84,0.0,0.5265,0.5255559743996199,0.5294317620267257,FAR,FAR,0.0,1,,,0.01,0
C2_n0.01_d000_r01,C2,202613,4.86,4.86,0.0,0.5247499999999999,0.5297786183490455,0.5295184761073056,FAR,FAR,0.0,1,,,0.01,0
C2_n0.01_d000_r01,C2,202613,4.88,4.88,0.0,0.523,0.5177470143215481,0.5265756106608663,FAR,FAR,0.0,1,,,0.01,0
C2_n0.01_d000_r01,C2,202613,4.9,4.9,0.0,0.52125,0.5091780502563806,0.5222262205597449,FAR,FAR,0.0,1,,,0.01,0
C2_n0.01_d000_r01,C2,202613,4.92,4.92,0.0,0.5195,0.5304255503785766,0.5242760530144528,FAR,FAR,0.0,1,,,0.01,0
C2_n0.01_d000_r01,C2,202613,4.94,4.94,0.0,0.5177499999999999,0.5143822273035527,0.5218025965867278,FAR,FAR,0.0,1,,,0.01,0
C2_n0.01_d000_r01,C2,202613,4.96,4.96,0.0,0.516,0.5236756964717818,0.5222708715579913,FAR,FAR,0.0,1,,,0.01,0
C2_n0.01_d000_r01,C2,202613,4.98,4.98,0.0,0.51425,0.5143015007967967,0.5202785288676927,FAR,FAR,0.0,1,,,0.01,0
C2_n0.01_d000_r01,C2,202613,5.0,5.0,0.0,0.5125,0.5067874179862287,0.5169057511473267,FAR,FAR,0.0,1,,,0.01,0
C2_n0.01_d000_r01,C2,202613,5.02,5.02,0.0,0.51075,0.5194188897228414,0.5175340357912054,FAR,FAR,0.0,1,,,0.01,0
C2_n0.01_d000_r01,C2,202613,5.04,5.04,0.0,0.509,0.49373737179685256,0.5115848697926172,FAR,FAR,0.0,1,,,0.01,0
C2_n0.01_d000_r01,C2,202613,5.06,5.06,0.0,0.50725,0.5047088029570684,0.50986585308373,FAR,FAR,0.0,1,,,0.01,0
C2_n0.01_d000_r01,C2,202613,5.08,5.08,0.0,0.5055,0.5167756381041432,0.5115932993388334,FAR,FAR,0.0,1,,,0.01,0
C2_n0.01_d000_r01,C2,202613,5.1,5.1,0.0,0.50375,0.5243927574457078,0.514793163865552,FAR,FAR,0.0,1,,,0.01,0
C2_n0.01_d000_r01,C2,202613,5.12,5.12,0.0,0.502,0.5248173647444527,0.5172992140852772,FAR,FAR,0.0,1,,,0.01,0
C2_n0.01_d000_r01,C2,202613,5.14,5.14,0.0,0.50025,0.49753301764192015,0.5123576649744379,FAR,FAR,0.0,1,,,0.01,0
C2_n0.01_d000_r01,C2,202613,5.16,5.16,0.0,0.49849999999999994,0.512658789828766,0.5124329461880199,FAR,FAR,0.0,1,,,0.01,0
C2_n0.01_d000_r01,C2,202613,5.18,5.18,0.0,0.49675,0.49668000760921005,0.5084947115433175,FAR,FAR,0.0,1,,,0.01,0
C2_n0.01_d000_r01,C2,202613,5.2,5.2,0.0,0.495,0.5030033954847015,0.5071218825286635,FAR,FAR,0.0,1,,,0.01,0
C2_n0.01_d000_r01,C2,202613,5.22,5.22,0.0,0.49325,0.5034846253398874,0.5062125682314694,FAR,FAR,0.0,1,,,0.01,0
C2_n0.01_d000_r01,C2,202613,5.24,5.24,0.0,0.49149999999999994,0.47244788989579556,0.49777139864755093,FAR,FAR,0.0,1,,,0.01,0
C2_n0.01_d000_r01,C2,202613,5.26,5.26,0.0,0.48975,0.5006379904403828,0.4984880465957589,FAR,FAR,0.0,1,,,0.01,0
C2_n0.01_d000_r01,C2,202613,5.28,5.28,0.0,0.488,0.49127567276995493,0.49668495313930794,FAR,FAR,0.0,1,,,0.01,0
C2_n0.01_d000_r01,C2,202613,5.3,5.3,0.0,0.48625,0.5093257641559575,0.49984515589347034,FAR,FAR,0.0,1,,,0.01,0
C2_n0.01_d000_r01,C2,202613,5.32,5.32,0.0,0.48449999999999993,0.4809279575309672,0.4951158563028446,FAR,FAR,0.0,1,,,0.01,0
C2_n0.01_d000_r01,C2,202613,5.34,5.34,0.0,0.48275,0.4910545366805205,0.4941005263972636,FAR,FAR,0.0,1,,,0.01,0
C2_n0.01_d000_r01,C2,202613,5.36,5.36,0.0,0.481,0.4780235957065965,0.49008129372459686,FAR,FAR,0.0,1,,,0.01,0
C2_n0.01_d000_r01,C2,202613,5.38,5.38,0.0,0.47925,0.478508941654049,0.48718820570695986,FAR,FAR,0.0,1,,,0.01,0
C2_n0.01_d000_r01,C2,202613,5.4,5.4,0.0,0.4774999999999999,0.48022455857766677,0.4854472939246366,FAR,FAR,0.0,1,,,0.01,0
C2_n0.01_d000_r01,C2,202613,5.42,5.42,0.0,0.47575,0.46712261506042857,0.4808661242085846,FAR,FAR,0.0,1,,,0.01,0
C2_n0.01_d000_r01,C2,202613,5.44,5.44,0.0,0.474,0.475980371288222,0.47964468597849397,FAR,FAR,0.0,1,,,0.01,0
C2_n0.01_d000_r01,C2,202613,5.46,5.46,0.0,0.47224999999999995,0.4806672788216231,0.47990033418927625,FAR,FAR,0.0,1,,,0.01,0
C2_n0.01_d000_r01,C2,202613,5.48,5.48,0.0,0.4704999999999999,0.49409159645211137,0.483448149754985,FAR,FAR,0.0,1,,,0.01,0
C2_n0.01_d000_r01,C2,202613,5.5,5.5,0.0,0.46875,0.47642845214101104,0.4816932253514915,FAR,FAR,0.0,1,,,0.01,0
C2_n0.01_d000_r01,C2,202613,5.52,5.52,0.0,0.467,0.46294903675937377,0.47700717820346206,FAR,FAR,0.0,1,,,0.01,0
C2_n0.01_d000_r01,C2,202613,5.54,5.54,0.0,0.46525,0.46172176608073234,0.47318582517277963,FAR,FAR,0.0,1,,,0.01,0
C2_n0.01_d000_r01,C2,202613,5.56,5.56,0.0,0.4635,0.4645140599491777,0.47101788386687915,FAR,FAR,0.0,1,,,0.01,0
C2_n0.01_d000_r01,C2,202613,5.58,5.58,0.0,0.46175,0.4723342617544552,0.4713469783387732,FAR,FAR,0.0,1,,,0.01,0
C2_n0.01_d000_r01,C2,202613,5.6,5.6,0.0,0.46,0.46458849361144144,0.4696573571569403,FAR,FAR,0.0,1,,,0.01,0
C2_n0.01_d000_r01,C2,202613,5.62,5.62,0.0,0.45825,0.46526475438532433,0.4685592064640363,FAR,FAR,0.0,1,,,0.01,0
C2_n0.01_d000_r01,C2,202613,5.64,5.64,0.0,0.4565,0.4607841922401026,0.4666154529080529,FAR,FAR,0.0,1,,,0.01,0
C2_n0.01_d000_r01,C2,202613,5.66,5.66,0.0,0.45475,0.4668574211583329,0.4666759449706229,FAR,FAR,0.0,1,,,0.01,0
C2_n0.01_d000_r01,C2,202613,5.68,5.68,0.0,0.453,0.4381366443978997,0.45954111982744206,FAR,FAR,0.0,1,,,0.01,0
C2_n0.01_d000_r01,C2,202613,5.7,5.7,0.0,0.45125,0.4518748336593608,0.45762454828542176,FAR,FAR,0.0,1,,,0.01,0
C2_n0.01_d000_r01,C2,202613,5.72,5.72,0.0,0.4495,0.462317537216749,0.45879779551825356,FAR,FAR,0.0,1,,,0.01,0
C2_n0.01_d000_r01,C2,202613,5.74,5.74,0.0,0.44775,0.44151262089988363,0.45447650186366106,FAR,FAR,0.0,1,,,0.01,0
C2_n0.01_d000_r01,C2,202613,5.76,5.76,0.0,0.446,0.4437376143625268,0.4517917799883775,FAR,FAR,0.0,1,,,0.01,0
C2_n0.01_d000_r01,C2,202613,5.78,5.78,0.0,0.44425,0.4570038999469109,0.4530948099780108,FAR,FAR,0.0,1,,,0.01,0
C2_n0.01_d000_r01,C2,202613,5.8,5.8,0.0,0.4425,0.43337944504263043,0.44816596874416575,FAR,FAR,0.0,1,,,0.01,0
C2_n0.01_d000_r01,C2,202613,5.82,5.82,0.0,0.44075,0.46786117008524325,0.45308976907943516,FAR,FAR,0.0,1,,,0.01,0
C2_n0.01_d000_r01,C2,202613,5.84,5.84,0.0,0.439,0.4359190533618607,0.44879709015004154,FAR,FAR,0.0,1,,,0.01,0
C2_n0.01_d000_r01,C2,202613,5.86,5.86,0.0,0.43724999999999997,0.44824930223940374,0.4486601431723821,FAR,FAR,0.0,1,,,0.01,0
C2_n0.01_d000_r01,C2,202613,5.88,5.88,0.0,0.4355,0.41926692877734856,0.4413118395736237,FAR,FAR,0.0,1,,,0.01,0
C2_n0.01_d000_r01,C2,202613,5.9,5.9,0.0,0.43374999999999997,0.4246768495472001,0.4371530920670178,FAR,FAR,0.0,1,,,0.01,0
C2_n0.01_d000_r01,C2,202613,5.92,5.92,0.0,0.432,0.42838311069880736,0.4349605967249652,FAR,FAR,0.0,1,,,0.01,0
C2_n0.01_d000_r01,C2,202613,5.94,5.94,0.0,0.43024999999999997,0.4029747508155045,0.4269641352476,FAR,FAR,0.0,1,,,0.01,0
C2_n0.01_d000_r01,C2,202613,5.96,5.96,0.0,0.4285,0.42182361526286105,0.4256790052514152,FAR,FAR,0.0,1,,,0.01,0
C2_n0.01_d000_r01,C2,202613,5.98,5.98,0.0,0.42674999999999996,0.4319571787523424,0.427248548626647,FAR,FAR,0.0,1,,,0.01,0
C2_n0.01_d000_r01,C2,202613,6.0,6.0,0.0,0.425,0.4182685579327143,0.42500355095316383,FAR,FAR,0.0,1,,,0.01,0
C2_n0.01_d000_r01,C2,202613,6.02,6.02,0.0,0.42325,0.4278302853153993,0.4257102345437227,FAR,FAR,0.0,1,,,0.01,0
C2_n0.01_d000_r01,C2,202613,6.04,6.04,0.0,0.4215,0.41464358178959093,0.4229435713551898,FAR,FAR,0.0,1,,,0.01,0
C2_n0.01_d000_r01,C2,202613,6.06,6.06,0.0,0.41975,0.43221362125139723,0.4252610838292416,FAR,FAR,0.0,1,,,0.01,0
C2_n0.01_d000_r01,C2,202613,6.08,6.08,0.0,0.418,0.41976483548933596,0.4238870217442652,FAR,FAR,0.0,1,,,0.01,0
C2_n0.01_d000_r01,C2,202613,6.1,6.1,0.0,0.41625,0.4284306137894857,0.4250229197555703,FAR,FAR,0.0,1,,,0.01,0
C2_n0.01_d000_r01,C2,202613,6.12,6.12,0.0,0.4145,0.42336979253919305,0.424609637951476,FAR,FAR,0.0,1,,,0.01,0
C2_n0.01_d000_r01,C2,202613,6.14,6.14,0.0,0.41275,0.41546419723441635,0.4223232777722111,FAR,FAR,0.0,1,,,0.01,0
C2_n0.01_d000_r01,C2,202613,6.16,6.16,0.0,0.411,0.44079795039073094,0.4269419459268411,FAR,FAR,0.0,1,,,0.01,0
C2_n0.01_d000_r01,C2,202613,6.18,6.18,0.0,0.40925,0.4190081249226256,0.4249584906757872,FAR,FAR,0.0,1,,,0.01,0
C2_n0.01_d000_r01,C2,202613,6.2,6.2,0.0,0.4075,0.4232456140606132,0.4245302715219937,FAR,FAR,0.0,1,,,0.01,0
C2_n0.01_d000_r01,C2,202613,6.22,6.22,0.0,0.40575,0.4134068071124405,0.42174940541960537,FAR,FAR,0.0,1,,,0.01,0
C2_n0.01_d000_r01,C2,202613,6.24,6.24,0.0,0.40399999999999997,0.3916659646992078,0.414228545239506,FAR,FAR,0.0,1,,,0.01,0
C2_n0.01_d000_r01,C2,202613,6.26,6.26,0.0,0.40225,0.40148305464152023,0.4110421725900095,FAR,FAR,0.0,1,,,0.01,0
C2_n0.01_d000_r01,C2,202613,6.28,6.28,0.0,0.40049999999999997,0.396771476528419,0.4074744985746119,FAR,FAR,0.0,1,,,0.01,0
C2_n0.01_d000_r01,C2,202613,6.3,6.3,0.0,0.39875,0.4002591415250328,0.4056706593122171,FAR,FAR,0.0,1,,,0.01,0
C2_n0.01_d000_r01,C2,202613,6.32,6.32,0.0,0.39699999999999996,0.3976250388147075,0.4036592541878397,FAR,FAR,0.0,1,,,0.01,0
C2_n0.01_d000_r01,C2,202613,6.34,6.34,0.0,0.39525,0.40205249261373455,0.40325756379431343,FAR,FAR,0.0,1,,,0.01,0
C2_n0.01_d000_r01,C2,202613,6.36,6.36,0.0,0.39349999999999996,0.4017209018158114,0.40287339829968793,FAR,FAR,0.0,1,,,0.01,0
C2_n0.01_d000_r01,C2,202613,6.38,6.38,0.0,0.39175,0.39476603850966235,0.4008465583521815,FAR,FAR,0.0,1,,,0.01,0
C2_n0.01_d000_r01,C2,202613,6.4,6.4,0.0,0.38999999999999996,0.3745455223194932,0.39427129934400945,FAR,FAR,0.0,1,,,0.01,0
C2_n0.01_d000_r01,C2,202613,6.42,6.42,0.0,0.38825,0.38973151097902947,0.39313635225276444,FAR,FAR,0.0,1,,,0.01,0
C2_n0.01_d000_r01,C2,202613,6.44,6.44,0.0,0.38649999999999995,0.3916516541415852,0.39276517772496966,FAR,FAR,0.0,1,,,0.01,0
C2_n0.01_d000_r01,C2,202613,6.46,6.46,0.0,0.38475,0.38487364450936795,0.3907922944210692,FAR,FAR,0.0,1,,,0.01,0
C2_n0.01_d000_r01,C2,202613,6.48,6.48,0.0,0.38299999999999995,0.3921505332990514,0.3911318541405648,FAR,FAR,0.0,1,,,0.01,0
C2_n0.01_d000_r01,C2,202613,6.5,6.5,0.0,0.38125,0.37665951340207127,0.38751376895594136,FAR,FAR,0.0,1,,,0.01,0
C2_n0.01_d000_r01,C2,202613,6.52,6.52,0.0,0.37950000000000006,0.3674332975359569,0.38249365110094524,FAR,FAR,0.0,1,,,0.01,0
C2_n0.01_d000_r01,C2,202613,6.54,6.54,0.0,0.37775000000000003,0.37806413399189925,0.38138627182368373,FAR,FAR,0.0,1,,,0.01,0
C2_n0.01_d000_r01,C2,202613,6.56,6.56,0.0,0.376,0.37937361823446325,0.3808831084263786,FAR,FAR,0.0,1,,,0.01,0
C2_n0.01_d000_r01,C2,202613,6.58,6.58,0.0,0.37424999999999997,0.3770288520606783,0.37991954433495356,FAR,FAR,0.0,1,,,0.01,0
C2_n0.01_d000_r01,C2,202613,6.6,6.6,0.0,0.37250000000000005,0.3921076789313022,0.3829665779840407,FAR,FAR,0.0,1,,,0.01,0
C2_n0.01_d000_r01,C2,202613,6.62,6.62,0.0,0.37075,0.37767493937336244,0.38164366833137114,FAR,FAR,0.0,1,,,0.01,0
C2_n0.01_d000_r01,C2,202613,6.64,6.64,0.0,0.369,0.3731192407367662,0.37951256143271994,FAR,FAR,0.0,1,,,0.01,0
C2_n0.01_d000_r01,C2,202613,6.66,6.66,0.0,0.36724999999999997,0.371834584254727,0.3775930671382217,FAR,FAR,0.0,1,,,0.01,0
C2_n0.01_d000_r01,C2,202613,6.68,6.68,0.0,0.36550000000000005,0.3748114861490899,0.37689767189093876,FAR,FAR,0.0,1,,,0.01,0
C2_n0.01_d000_r01,C2,202613,6.7,6.7,0.0,0.36375,0.34849424235364784,0.36979681450661606,FAR,FAR,0.0,1,,,0.01,0
C2_n0.01_d000_r01,C2,202613,6.72,6.72,0.0,0.362,0.38158675535309367,0.3727442997182355,FAR,FAR,0.0,1,,,0.01,0
C2_n0.01_d000_r01,C2,202613,6.74,6.74,0.0,0.36024999999999996,0.34896201205286415,0.3667987278018926,FAR,FAR,0.0,1,,,0.01,0
C2_n0.01_d000_r01,C2,202613,6.76,6.76,0.0,0.35850000000000004,0.34754592783681915,0.3619855278106242,FAR,FAR,0.0,1,,,0.01,0
C2_n0.01_d000_r01,C2,202613,6.78,6.78,0.0,0.35675,0.3682889833838379,0.3635613917039276,FAR,FAR,0.0,1,,,0.01,0
C2_n0.01_d000_r01,C2,202613,6.8,6.8,0.0,0.355,0.3444706679660181,0.35878871076945024,FAR,FAR,0.0,1,,,0.01,0
C2_n0.01_d000_r01,C2,202613,6.82,6.82,0.0,0.35324999999999995,0.35841244873026107,0.35869464525965294,FAR,FAR,0.0,1,,,0.01,0
C2_n0.01_d000_r01,C2,202613,6.84,6.84,0.0,0.35150000000000003,0.3540612352034193,0.35753629274559456,FAR,FAR,0.0,1,,,0.01,0
C2_n0.01_d000_r01,C2,202613,6.86,6.86,0.0,0.34974999999999995,0.3467148275192794,0.3548309264390158,NEAR,FAR,0.0,1,,,0.01,0
C2_n0.01_d000_r01,C2,202613,6.88,6.88,0.0,0.348,0.33136870807544144,0.3489653718481222,NEAR,FAR,0.0,1,,,0.01,0
C2_n0.01_d000_r01,C2,202613,6.9,6.9,0.0,0.34624999999999995,0.3437053714125456,0.347650371739228,NEAR,FAR,0.0,1,,,0.01,0
C2_n0.01_d000_r01,C2,202613,6.92,6.92,0.0,0.3445,0.33121114918408173,0.3435405661004414,NEAR,FAR,0.0,1,,,0.01,0
C2_n0.01_d000_r01,C2,202613,6.94,6.94,0.0,0.34274999999999994,0.33123254502468835,0.3404635608315032,NEAR,FAR,0.0,1,,,0.01,0
C2_n0.01_d000_r01,C2,202613,6.96,6.96,0.0,0.34099999999999997,0.35136900782981406,0.34318992258108094,NEAR,FAR,0.0,1,,,0.01,0
C2_n0.01_d000_r01,C2,202613,6.98,6.98,0.0,0.33924999999999994,0.3559489228380788,0.34637967264533037,NEAR,FAR,0.0,1,,,0.01,0
C2_n0.01_d000_r01,C2,202613,7.0,7.0,0.0,0.3375,0.3339730744954384,0.3432780231078574,NEAR,FAR,0.0,1,,,0.01,0
C2_n0.01_d000_r01,C2,202613,7.02,7.02,0.0,0.33575000000000005,0.3155681307709977,0.33635055002364245,NEAR,FAR,0.0,1,,,0.01,0
C2_n0.01_d000_r01,C2,202613,7.04,7.04,0.0,0.334,0.31729102568144435,0.3315856689380929,NEAR,FAR,0.0,1,,,0.01,0
C2_n0.01_d000_r01,C2,202613,7.06,7.06,0.0,0.33225000000000005,0.3398214622833652,0.33364461727441097,NEAR,FAR,0.0,1,,,0.01,0
C2_n0.01_d000_r01,C2,202613,7.08,7.08,0.0,0.3305,0.3439746161734875,0.3362271169991801,NEAR,FAR,0.0,1,,,0.01,0
C2_n0.01_d000_r01,C2,202613,7.1,7.1,0.0,0.32875000000000004,0.3279239404027208,0.33415132285006527,NEAR,FAR,0.0,1,,,0.01,0
C2_n0.01_d000_r01,C2,202613,7.12,7.12,0.0,0.327,0.32700685403708557,0.33236520564682037,NEAR,FAR,0.0,1,,,0.01,0
C2_n0.01_d000_r01,C2,202613,7.14,7.14,0.0,0.32525000000000004,0.3223656321307763,0.32986531226780935,NEAR,FAR,0.0,1,,,0.01,0
C2_n0.01_d000_r01,C2,202613,7.16,7.16,0.0,0.3235,0.32815350137778704,0.3294373595453038,NEAR,FAR,0.0,1,,,0.01,0
C2_n0.01_d000_r01,C2,202613,7.18,7.18,0.0,0.32175000000000004,0.3122513787681139,0.3251408643510063,NEAR,FAR,0.0,1,,,0.01,0
C2_n0.01_d000_r01,C2,202613,7.2,7.2,0.0,0.32,0.3229693557542238,0.32459798720181066,NEAR,FAR,0.0,1,,,0.01,0
C2_n0.01_d000_r01,C2,202613,7.22,7.22,0.0,0.31825000000000003,0.3255013646345782,0.32482383156000255,NEAR,FAR,0.0,1,,,0.01,0
C2_n0.01_d000_r01,C2,202613,7.24,7.24,0.0,0.3165,0.30281821261997993,0.3193224268249969,NEAR,NEAR,0.6,1,ENTER_NEAR,,0.01,0
C2_n0.01_d000_r01,C2,202613,7.26,7.26,0.0,0.31475000000000003,0.3059407424488705,0.3159770057309653,NEAR,NEAR,0.6,1,,,0.01,0
C2_n0.01_d000_r01,C2,202613,7.28,7.28,0.0,0.313,0.31399807156295984,0.31548227218896396,NEAR,NEAR,0.6,1,,,0.01,0
C2_n0.01_d000_r01,C2,202613,7.3,7.3,0.0,0.31125,0.3111743937326906,0.31440530257489563,NEAR,NEAR,0.6,1,,,0.01,0
C2_n0.01_d000_r01,C2,202613,7.32,7.32,0.0,0.3095,0.31024134515647417,0.31336431322029024,NEAR,NEAR,0.6,1,,,0.01,0
C2_n0.01_d000_r01,C2,202613,7.34,7.34,0.0,0.30775,0.3094379148298199,0.31238271362267267,NEAR,NEAR,0.6,1,,,0.01,0
C2_n0.01_d000_r01,C2,202613,7.36,7.36,0.0,0.306,0.3139992717405802,0.31278685315214955,NEAR,NEAR,0.6,1,,,0.01,0
C2_n0.01_d000_r01,C2,202613,7.38,7.38,0.0,0.30425,0.30490589610016083,0.3108166138891524,NEAR,NEAR,0.6,1,,,0.01,0
C2_n0.01_d000_r01,C2,202613,7.4,7.4,0.0,0.3025,0.3060403212599741,0.3096225407318578,NEAR,NEAR,0.6,1,,,0.01,0
C2_n0.01_d000_r01,C2,202613,7.42,7.42,0.0,0.30075,0.292677338729046,0.30538624023115485,NEAR,NEAR,0.6,1,,,0.01,0
C2_n0.01_d000_r01,C2,202613,7.44,7.44,0.0,0.299,0.29319394600118204,0.30233816667366165,NEAR,NEAR,0.6,1,,,0.01,0
C2_n0.01_d000_r01,C2,202613,7.46,7.46,0.0,0.29725,0.311985039487479,0.30474988487711596,NEAR,NEAR,0.6,1,,,0.01,0
C2_n0.01_d000_r01,C2,202613,7.48,7.48,0.0,0.2955,0.29914945181571845,0.3033497766117666,NEAR,NEAR,0.6,1,,,0.01,0
C2_n0.01_d000_r01,C2,202613,7.5,7.5,0.0,0.29375,0.29807859672009973,0.3020319816388499,NEAR,NEAR,0.6,1,,,0.01,0
C2_n0.01_d000_r01,C2,202613,7.52,7.52,0.0,0.29200000000000004,0.285619434705046,0.29792884490539895,NEAR,NEAR,0.6,1,,,0.01,0
C2_n0.01_d000_r01,C2,202613,7.54,7.54,0.0,0.29025,0.295996814983192,0.2974458374248472,NEAR,NEAR,0.6,1,,,0.01,0
C2_n0.01_d000_r01,C2,202613,7.56,7.56,0.0,0.28850000000000003,0.30729985938327165,0.2999093429144533,NEAR,NEAR,0.6,1,,,0.01,0
C2_n0.01_d000_r01,C2,202613,7.58,7.58,0.0,0.28675,0.28168976199267226,0.2953544476840081,NEAR,NEAR,0.6,1,,,0.01,0
C2_n0.01_d000_r01,C2,202613,7.6,7.6,0.0,0.28500000000000003,0.2895898272812725,0.2939132925833242,NEAR,NEAR,0.6,1,,,0.01,0
C2_n0.01_d000_r01,C2,202613,7.62,7.62,0.0,0.28325,0.2952347875429932,0.29424366632324145,NEAR,NEAR,0.6,1,,,0.01,0
C2_n0.01_d000_r01,C2,202613,7.64,7.64,0.0,0.28150000000000003,0.2829219921480914,0.29141324777945393,NEAR,NEAR,0.6,1,,,0.01,0
C2_n0.01_d000_r01,C2,202613,7.66,7.66,0.0,0.27975,0.2736024004212482,0.2869605359399025,NEAR,NEAR,0.6,1,,,0.01,0
C2_n0.01_d000_r01,C2,202613,7.68,7.68,0.0,0.278,0.2650486457250805,0.281482563386197,NEAR,NEAR,0.6,1,,,0.01,0
C2_n0.01_d000_r01,C2,202613,7.7,7.7,0.0,0.27625,0.26452092955631085,0.27724215492872545,NEAR,NEAR,0.6,1,,,0.01,0
C2_n0.01_d000_r01,C2,202613,7.72,7.72,0.0,0.2745,0.28383418212416706,0.27889016172758585,NEAR,NEAR,0.6,1,,,0.01,0
C2_n0.01_d000_r01,C2,202613,7.74,7.74,0.0,0.27275,0.26969074240677066,0.27659030689738207,NEAR,NEAR,0.6,1,,,0.01,0
C2_n0.01_d000_r01,C2,202613,7.76,7.76,0.0,0.271,0.2700619693767711,0.27495822251722934,NEAR,NEAR,0.6,1,,,0.01,0
C2_n0.01_d000_r01,C2,202613,7.78,7.78,0.0,0.26925,0.2683278058890559,0.273300618360186,NEAR,NEAR,0.6,1,,,0.01,0
C2_n0.01_d000_r01,C2,202613,7.8,7.8,0.0,0.2675,0.252223934915603,0.26803144749904023,NEAR,NEAR,0.6,1,,,0.01,0
C2_n0.01_d000_r01,C2,202613,7.82,7.82,0.0,0.26575,0.270667326438936,0.2686904172340142,NEAR,NEAR,0.6,1,,,0.01,0
C2_n0.01_d000_r01,C2,202613,7.84,7.84,0.0,0.264,0.2603166327738382,0.2665969711189702,NEAR,NEAR,0.6,1,,,0.01,0
C2_n0.01_d000_r01,C2,202613,7.86,7.86,0.0,0.26225,0.27409422089555824,0.2684712835631172,NEAR,NEAR,0.6,1,,,0.01,0
C2_n0.01_d000_r01,C2,202613,7.88,7.88,0.0,0.2605,0.2532146908741908,0.26465713539088564,NEAR,NEAR,0.6,1,,,0.01,0
C2_n0.01_d000_r01,C2,202613,7.9,7.9,0.0,0.25875,0.26080475402633485,0.26369404004974795,NEAR,NEAR,0.6,1,,,0.01,0
C2_n0.01_d000_r01,C2,202613,7.92,7.92,0.0,0.257,0.2553348757262648,0.26160424896887713,NEAR,NEAR,0.6,1,,,0.01,0
C2_n0.01_d000_r01,C2,202613,7.94,7.94,0.0,0.25525,0.2567984619653253,0.26040280221798917,NEAR,NEAR,0.6,1,,,0.01,0
C2_n0.01_d000_r01,C2,202613,7.96,7.96,0.0,0.2535,0.24985781022168171,0.2577665542189123,NEAR,NEAR,0.6,1,,,0.01,0
C2_n0.01_d000_r01,C2,202613,7.98,7.98,0.0,0.25175,0.23659746295849157,0.2524742814038071,NEAR,NEAR,0.6,1,,,0.01,0
C2_n0.01_d000_r01,C2,202613,8.0,8.0,0.0,0.25,0.2527656617741384,0.25254712649638994,NEAR,NEAR,0.6,1,,,0.01,0
C2_n0.01_d000_r01,C2,202613,8.02,8.02,0.0,0.2522533838368113,0.25210068631043436,0.25243551644990103,NEAR,NEAR,0.6,1,,,0.01,0
C2_n0.01_d000_r01,C2,202613,8.04,8.04,0.0,0.25445562372365543,0.25138888800800696,0.2521738593394275,NEAR,NEAR,0.6,1,,,0.01,0
C2_n0.01_d000_r01,C2,202613,8.06,8.06,0.0,0.25655673649976407,0.2752841673475243,0.2579514363414517,NEAR,NEAR,0.6,1,,,0.01,0
C2_n0.01_d000_r01,C2,202613,8.08,8.08,0.0,0.25850903423690136,0.24913012203413307,0.25574610776462203,NEAR,NEAR,0.6,1,,,0.01,0
C2_n0.01_d000_r01,C2,202613,8.1,8.1,0.0,0.2602682065889303,0.2783811942079594,0.26140487937545637,NEAR,NEAR,0.6,1,,,0.01,0
C2_n0.01_d000_r01,C2,202613,8.12,8.12,0.0,0.26179432648204926,0.25567259928055636,0.25997180935173136,NEAR,NEAR,0.6,1,,,0.01,0
C2_n0.01_d000_r01,C2,202613,8.14,8.14,0.0,0.26305275632004294,0.2662506560899872,0.26154152103629535,NEAR,NEAR,0.6,1,,,0.01,0
C2_n0.01_d000_r01,C2,202613,8.16,8.16,0.0,0.2640149341368492,0.28132358798626994,0.266487037773789,NEAR,NEAR,0.6,1,,,0.01,0
C2_n0.01_d000_r01,C2,202613,8.18,8.18,0.0,0.2646590218535229,0.2546554112853114,0.2635291311516696,NEAR,NEAR,0.6,1,,,0.01,0
C2_n0.01_d000_r01,C2,202613,8.2,8.2,0.0,0.26497040092642404,0.25412251859500634,0.2611774780125038,NEAR,NEAR,0.6,1,,,0.01,0
C2_n0.01_d000_r01,C2,202613,8.22,8.22,0.0,0.2649420041371476,0.27636884645007626,0.2649753201218969,NEAR,NEAR,0.6,1,,,0.01,0
C2_n0.01_d000_r01,C2,202613,8.24,8.24,0.0,0.2645744759937201,0.27496751421117727,0.267473368644217,NEAR,NEAR,0.6,1,,,0.01,0
C2_n0.01_d000_r01,C2,202613,8.26,8.26,0.0,0.26387615810251686,0.269109200051612,0.26788232649606575,NEAR,NEAR,0.6,1,,,0.01,0
C2_n0.01_d000_r01,C2,202613,8.28,8.28,0.0,0.26286289984290484,0.2755894570298259,0.2698091091295058,NEAR,NEAR,0.6,1,,,0.01,0
C2_n0.01_d000_r01,C2,202613,8.3,8.3,0.0,0.2615576986416368,0.2726004327708766,0.2705069400398485,NEAR,NEAR,0.6,1,,,0.01,0
C2_n0.01_d000_r01,C2,202613,8.32,8.32,0.0,0.25999017801151375,0.2524161826415443,0.26598425069027243,NEAR,NEAR,0.6,1,,,0.01,0
C2_n0.01_d000_r01,C2,202613,8.34,8.34,0.0,0.25819591520101404,0.2576478971689142,0.26390016230993285,NEAR,NEAR,0.6,1,,,0.01,0
C2_n0.01_d000_r01,C2,202613,8.36,8.36,0.0,0.2562156337148993,0.2713339256619533,0.265758603147938,NEAR,NEAR,0.6,1,,,0.01,0
C2_n0.01_d000_r01,C2,202613,8.38,8.38,0.0,0.2540942790327598,0.2601484448387071,0.26435606357063024,NEAR,NEAR,0.6,1,,,0.01,0
C2_n0.01_d000_r01,C2,202613,8.4,8.4,0.0,0.25187999850346454,0.24780710974751405,0.26021882511485117,NEAR,NEAR,0.6,1,,,0.01,0
C2_n0.01_d000_r01,C2,202613,8.42,8.42,0.0,0.24962304856834994,0.24897260658471776,0.2574072704823178,NEAR,NEAR,0.6,1,,,0.01,0
C2_n0.01_d000_r01,C2,202613,8.44,8.44,0.0,0.2473746541153709,0.2364530342346386,0.252168711420398,NEAR,NEAR,0.6,1,,,0.01,0
C2_n0.01_d000_r01,C2,202613,8.46,8.46,0.0,0.24518584585289177,0.2629825299904663,0.2548721660629151,NEAR,NEAR,0.6,1,,,0.01,0
C2_n0.01_d000_r01,C2,202613,8.48,8.48,0.0,0.24310630209067763,0.2264809070164382,0.24777435130129585,NEAR,NEAR,0.6,1,,,0.01,0
C2_n0.01_d000_r01,C2,202613,8.5,8.5,0.0,0.24118322121561292,0.2286663914484094,0.24299736133807423,NEAR,NEAR,0.6,1,,,0.01,0
C2_n0.01_d000_r01,C2,202613,8.52,8.52,0.0,0.2394602504530173,0.22926374903662064,0.23956395826271082,NEAR,NEAR,0.6,1,,,0.01,0
C2_n0.01_d000_r01,C2,202613,8.54,8.54,0.0,0.23797649522693692,0.22714323645955228,0.23645877781192118,NEAR,NEAR,0.6,1,,,0.01,0
C2_n0.01_d000_r01,C2,202613,8.56,8.56,0.0,0.23676563160347566,0.225813499463983,0.23379745822493664,NEAR,NEAR,0.6,1,,,0.01,0
C2_n0.01_d000_r01,C2,202613,8.58,8.58,0.0,0.23585514196160703,0.23681236015537452,0.2345511837075461,NEAR,NEAR,0.6,1,,,0.01,0
C2_n0.01_d000_r01,C2,202613,8.6,8.6,0.0,0.23526569123906968,0.24146813456797767,0.23628042142265399,NEAR,NEAR,0.6,1,,,0.01,0
C2_n0.01_d000_r01,C2,202613,8.62,8.62,0.0,0.23501065791039116,0.24662149402834424,0.23886568957407656,NEAR,NEAR,0.6,1,,,0.01,0
C2_n0.01_d000_r01,C2,202613,8.64,8.64,0.0,0.23509583034219989,0.24213983697318367,0.2396842264238533,NEAR,NEAR,0.6,1,,,0.01,0
C2_n0.01_d000_r01,C2,202613,8.66,8.66,0.0,0.2355192754175009,0.25190127390320344,0.24273848829369082,NEAR,NEAR,0.6,1,,,0.01,0
C2_n0.01_d000_r01,C2,202613,8.68,8.68,0.0,0.23627138241068624,0.22638615658891054,0.23865040536749577,NEAR,NEAR,0.6,1,,,0.01,0
C2_n0.01_d000_r01,C2,202613,8.7,8.7,0.0,0.23733508111746973,0.2420718459373857,0.23950576550996824,NEAR,NEAR,0.6,1,,,0.01,0
C2_n0.01_d000_r01,C2,202613,8.72,8.72,0.0,0.2386862292889585,0.24688694832244767,0.24135106121308808,NEAR,NEAR,0.6,1,,,0.01,0
C2_n0.01_d000_r01,C2,202613,8.74,8.74,0.0,0.24029416057645836,0.2539210750404576,0.24449356466993047,NEAR,NEAR,0.6,1,,,0.01,0
C2_n0.01_d000_r01,C2,202613,8.76,8.76,0.0,0.24212238055058052,0.23630289055695658,0.242445896141687,NEAR,NEAR,0.6,1,,,0.01,0
C2_n0.01_d000_r01,C2,202613,8.78,8.78,0.0,0.24412939499744188,0.2433782432966326,0.2426789829304234,NEAR,NEAR,0.6,1,,,0.01,0
C2_n0.01_d000_r01,C2,202613,8.8,8.8,0.0,0.24626965169252724,0.2397784240140128,0.24195384320132074,NEAR,NEAR,0.6,1,,,0.01,0
C2_n0.01_d000_r01,C2,202613,8.82,8.82,0.0,0.2484945742772318,0.2456126218755751,0.24286853786988433,NEAR,NEAR,0.6,1,,,0.01,0
C2_n0.01_d000_r01,C2,202613,8.84,8.84,0.0,0.2507536647726965,0.25146737749234244,0.24501824777549885,NEAR,NEAR,0.6,1,,,0.01,0
C2_n0.01_d000_r01,C2,202613,8.86,8.86,0.0,0.25299564970771604,0.26000202103520165,0.24876419109042455,NEAR,NEAR,0.6,1,,,0.01,0
C2_n0.01_d000_r01,C2,202613,8.88,8.88,0.0,0.2551696438476178,0.22172450036437752,0.2420042684089128,NEAR,NEAR,0.6,1,,,0.01,0
C2_n0.01_d000_r01,C2,202613,8.9,8.9,0.0,0.2572263051115258,0.26568787439598485,0.2479251699056808,NEAR,NEAR,0.6,1,,,0.01,0
C2_n0.01_d000_r01,C2,202613,8.92,8.92,0.0,0.25911895446541905,0.2651159551534185,0.25222286621761525,NEAR,NEAR,0.6,1,,,0.01,0
C2_n0.01_d000_r01,C2,202613,8.94,8.94,0.0,0.26080463537331855,0.25866540592542014,0.2538335011445665,NEAR,NEAR,0.6,1,,,0.01,0
C2_n0.01_d000_r01,C2,202613,8.96,8.96,0.0,0.2622450887607578,0.261974289739762,0.25586869829336534,NEAR,NEAR,0.6,1,,,0.01,0
C2_n0.01_d000_r01,C2,202613,8.98,8.98,0.0,0.263407621362269,0.2768599568455321,0.26111651293140703,NEAR,NEAR,0.6,1,,,0.01,0
C2_n0.01_d000_r01,C2,202613,9.0,9.0,0.0,0.2642658477444273,0.2602718198015426,0.2609053396489409,NEAR,NEAR,0.6,1,,,0.01,0
C2_n0.01_d000_r01,C2,202613,9.02,9.02,0.0,0.264800289163118,0.2765461250656984,0.2648155360031303,NEAR,NEAR,0.6,1,,,0.01,0
C2_n0.01_d000_r01,C2,202613,9.04,9.04,0.0,0.2649988156630572,0.24462124503730687,0.2597669632616744,NEAR,NEAR,0.6,1,,,0.01,0
C2_n0.01_d000_r01,C2,202613,9.06,9.06,0.0,0.26485692138544975,0.26684850524985426,0.26153734875871937,NEAR,NEAR,0.6,1,,,0.01,0
C2_n0.01_d000_r01,C2,202613,9.08,9.08,0.0,0.2643778268352606,0.27680584956555687,0.26535447396042877,NEAR,NEAR,0.6,1,,,0.01,0
C2_n0.01_d000_r01,C2,202613,9.1,9.1,0.0,0.2635724057869903,0.2554083410340148,0.26286794072882524,NEAR,NEAR,0.6,1,,,0.01,0
C2_n0.01_d000_r01,C2,202613,9.12,9.12,0.0,0.2624589384879372,0.25906436563685153,0.26191704695583184,NEAR,NEAR,0.6,1,,,0.01,0
C2_n0.01_d000_r01,C2,202613,9.14,9.14,0.0,0.2610626967603726,0.2770888055825794,0.26570998661251877,NEAR,NEAR,0.6,1,,,0.01,0
C2_n0.01_d000_r01,C2,202613,9.16,9.16,0.0,0.25941537041936047,0.26548742951926874,0.26565434733920623,NEAR,NEAR,0.6,1,,,0.01,0
C2_n0.01_d000_r01,C2,202613,9.18,9.18,0.0,0.2575543480245365,0.253031105344868,0.2624985368406217,NEAR,NEAR,0.6,1,,,0.01,0
C2_n0.01_d000_r01,C2,202613,9.2,9.2,0.0,0.25552186829027024,0.2448137189533624,0.25807733236880687,NEAR,NEAR,0.6,1,,,0.01,0
C2_n0.01_d000_r01,C2,202613,9.22,9.22,0.0,0.25336406141424067,0.24736067671323464,0.2553981684549138,NEAR,NEAR,0.6,1,,,0.01,0
C2_n0.01_d000_r01,C2,202613,9.24,9.24,0.0,0.25112990208291897,0.26781782829494977,0.2585030834149228,NEAR,NEAR,0.6,1,,,0.01,0
C2_n0.01_d000_r01,C2,202613,9.26,9.26,0.0,0.24887009791708103,0.24624734868225848,0.2554391497317567,NEAR,NEAR,0.6,1,,,0.01,0
C2_n0.01_d000_r01,C2,202613,9.28,9.28,0.0,0.24663593858575936,0.25943230986925964,0.2564374397661324,NEAR,NEAR,0.6,1,,,0.01,0
C2_n0.01_d000_r01,C2,202613,9.3,9.3,0.0,0.24447813170972976,0.2534937870310223,0.2557015265823549,NEAR,NEAR,0.6,1,,,0.01,0
C2_n0.01_d000_r01,C2,202613,9.32,9.32,0.0,0.24244565197546356,0.23366504960820664,0.2501924073388178,NEAR,NEAR,0.6,1,,,0.01,0
C2_n0.01_d000_r01,C2,202613,9.34,9.34,0.0,0.2405846295806395,0.22688233421732326,0.2443648890584442,NEAR,NEAR,0.6,1,,,0.01,0
C2_n0.01_d000_r01,C2,202613,9.36,9.36,0.0,0.23893730323962742,0.24836501107212433,0.24536491956186424,NEAR,NEAR,0.6,1,,,0.01,0
C2_n0.01_d000_r01,C2,202613,9.38,9.38,0.0,0.23754106151206275,0.23014946434023256,0.2415610557564563,NEAR,NEAR,0.6,1,,,0.01,0
C2_n0.01_d000_r01,C2,202613,9.4,9.4,0.0,0.23642759421300968,0.2450988012948823,0.2424454921410628,NEAR,NEAR,0.6,1,,,0.01,0
C2_n0.01_d000_r01,C2,202613,9.42,9.42,0.0,0.23562217316473935,0.23241001904892525,0.23993662386802841,NEAR,NEAR,0.6,1,,,0.01,0
C2_n0.01_d000_r01,C2,202613,9.44,9.44,0.0,0.23514307861455025,0.23328375634544257,0.23827340698738197,NEAR,NEAR,0.6,1,,,0.01,0
C2_n0.01_d000_r01,C2,202613,9.46,9.46,0.0,0.23500118433694275,0.22596343438212255,0.2351959138360671,NEAR,NEAR,0.6,1,,,0.01,0
C2_n0.01_d000_r01,C2,202613,9.48,9.48,0.0,0.235199710836882,0.24638603438364334,0.23799344397296118,NEAR,NEAR,0.6,1,,,0.01,0
C2_n0.01_d000_r01,C2,202613,9.5,9.5,0.0,0.2357341522555727,0.23881921629787045,0.23819988705418849,NEAR,NEAR,0.6,1,,,0.01,0
C2_n0.01_d000_r01,C2,202613,9.52,9.52,0.0,0.23659237863773103,0.2391064508869977,0.23842652801239078,NEAR,NEAR,0.6,1,,,0.01,0
C2_n0.01_d000_r01,C2,202613,9.54,9.54,0.0,0.2377549112392422,0.2373129519108105,0.23814813398699572,NEAR,NEAR,0.6,1,,,0.01,0
C2_n0.01_d000_r01,C2,202613,9.56,9.56,0.0,0.23919536462668142,0.24418701308677754,0.23965785376194115,NEAR,NEAR,0.6,1,,,0.01,0
C2_n0.01_d000_r01,C2,202613,9.58,9.58,0.0,0.24088104553458092,0.2466851311607345,0.2414146731116395,NEAR,NEAR,0.6,1,,,0.01,0
C2_n0.01_d000_r01,C2,202613,9.6,9.6,0.0,0.24277369488847422,0.23226713195148999,0.2391277878216021,NEAR,NEAR,0.6,1,,,0.01,0
C2_n0.01_d000_r01,C2,202613,9.62,9.62,0.0,0.24483035615238213,0.2518033396851117,0.24229667578747952,NEAR,NEAR,0.6,1,,,0.01,0
C2_n0.01_d000_r01,C2,202613,9.64,9.64,0.0,0.24700435029228393,0.23243267907338672,0.23983067660895632,NEAR,NEAR,0.6,1,,,0.01,0
C2_n0.01_d000_r01,C2,202613,9.66,9.66,0.0,0.24924633522730347,0.24903322949027104,0.24213131482928502,NEAR,NEAR,0.6,1,,,0.01,0
C2_n0.01_d000_r01,C2,202613,9.68,9.68,0.0,0.2515054257227682,0.24352443360376286,0.2424795945229045,NEAR,NEAR,0.6,1,,,0.01,0
C2_n0.01_d000_r01,C2,202613,9.7,9.7,0.0,0.25373034830747276,0.24042266097417728,0.2419653611357227,NEAR,NEAR,0.6,1,,,0.01,0
C2_n0.01_d000_r01,C2,202613,9.72,9.72,0.0,0.2558706050025581,0.2562187084265481,0.24552869795842908,NEAR,NEAR,0.6,1,,,0.01,0
C2_n0.01_d000_r01,C2,202613,9.74,9.74,0.0,0.25787761944941945,0.26462043509839733,0.25030163224342117,NEAR,NEAR,0.6,1,,,0.01,0
C2_n0.01_d000_r01,C2,202613,9.76,9.76,0.0,0.25970583942354164,0.27277987397525133,0.2559211926763787,NEAR,NEAR,0.6,1,,,0.01,0
C2_n0.01_d000_r01,C2,202613,9.78,9.78,0.0,0.2613137707110415,0.2730039925580035,0.2601918926467849,NEAR,NEAR,0.6,1,,,0.01,0
C2_n0.01_d000_r01,C2,202613,9.8,9.8,0.0,0.26266491888253024,0.2412437610098267,0.25545485973754534,NEAR,NEAR,0.6,1,,,0.01,0
C2_n0.01_d000_r01,C2,202613,9.82,9.82,0.0,0.26372861758931376,0.24919023710423205,0.25388870407921704,NEAR,NEAR,0.6,1,,,0.01,0
C2_n0.01_d000_r01,C2,202613,9.84,9.84,0.0,0.2644807245824991,0.2643922726287273,0.2565145962165946,NEAR,NEAR,0.6,1,,,0.01,0
C2_n0.01_d000_r01,C2,202613,9.86,9.86,0.0,0.2649041696578001,0.2998326452275881,0.267344108469343,NEAR,NEAR,0.6,1,,,0.01,0
C2_n0.01_d000_r01,C2,202613,9.88,9.88,0.0,0.26498934208960884,0.2608116237870961,0.2657109872987813,NEAR,NEAR,0.6,1,,,0.01,0
C2_n0.01_d000_r01,C2,202613,9.9,9.9,0.0,0.26473430876093035,0.2605585225412645,0.2644228711094021,NEAR,NEAR,0.6,1,,,0.01,0
C2_n0.01_d000_r01,C2,202613,9.92,9.92,0.0,0.264144858038393,0.26574557093131845,0.2647535460648812,NEAR,NEAR,0.6,1,,,0.01,0
C2_n0.01_d000_r01,C2,202613,9.94,9.94,0.0,0.2632343683965243,0.2746452976501229,0.26722648396119164,NEAR,NEAR,0.6,1,,,0.01,0
C2_n0.01_d000_r01,C2,202613,9.96,9.96,0.0,0.2620235047730631,0.25605425031576773,0.2644334255498357,NEAR,NEAR,0.6,1,,,0.01,0
C2_n0.01_d000_r01,C2,202613,9.98,9.98,0.0,0.2605397495469827,0.2652447971501452,0.26463626844991306,NEAR,NEAR,0.6,1,,,0.01,0
C2_n0.01_d000_r01,C2,202613,10.0,10.0,0.0,0.2588167787843871,0.25343928009273603,0.2618370213606188,NEAR,NEAR,0.6,1,,,0.01,0
C2_n0.01_d000_r01,C2,202613,10.02,10.02,0.0,0.25689369790932237,0.24786609561432163,0.2583442899240445,NEAR,NEAR,0.6,1,,,0.01,0
C2_n0.01_d000_r01,C2,202613,10.04,10.04,0.0,0.25481415414710823,0.2560665592813816,0.2577748572633788,NEAR,NEAR,0.6,1,,,0.01,0
C2_n0.01_d000_r01,C2,202613,10.06,10.06,0.0,0.2526253458846291,0.24416626278102188,0.25437270864278955,NEAR,NEAR,0.6,1,,,0.01,0
C2_n0.01_d000_r01,C2,202613,10.08,10.08,0.0,0.25037695143165006,0.2582172402823464,0.25533384155267874,NEAR,NEAR,0.6,1,,,0.01,0
C2_n0.01_d000_r01,C2,202613,10.1,10.1,0.0,0.24812000149653549,0.25686215927822414,0.2557159209840651,NEAR,NEAR,0.6,1,,,0.01,0
C2_n0.01_d000_r01,C2,202613,10.12,10.12,0.0,0.24590572096724023,0.2554069460228062,0.25563867724375033,NEAR,NEAR,0.6,1,,,0.01,0
C2_n0.01_d000_r01,C2,202613,10.14,10.14,0.0,0.24378436628510067,0.23988838699924617,0.2517011046826243,NEAR,NEAR,0.6,1,,,0.01,0
C2_n0.01_d000_r01,C2,202613,10.16,10.16,0.0,0.24180408479898596,0.24042808945541358,0.24888285087582163,NEAR,NEAR,0.6,1,,,0.01,0
C2_n0.01_d000_r01,C2,202613,10.18,10.18,0.0,0.24000982198848625,0.2491792155518849,0.24895694204483745,NEAR,NEAR,0.6,1,,,0.01,0
C2_n0.01_d000_r01,C2,202613,10.2,10.2,0.0,0.23844230135836322,0.2252292231129886,0.24302501231187523,NEAR,NEAR,0.6,1,,,0.01,0
C2_n0.01_d000_r01,C2,202613,10.22,10.22,0.0,0.2371371001570952,0.24305653735291385,0.2430328935721349,NEAR,NEAR,0.6,1,,,0.01,0
C2_n0.01_d000_r01,C2,202613,10.24,10.24,0.0,0.23612384189748312,0.23948190603489442,0.24214514668782477,NEAR,NEAR,0.6,1,,,0.01,0
C2_n0.01_d000_r01,C2,202613,10.26,10.26,0.0,0.2354255240062799,0.23937603971735688,0.2414528699452078,NEAR,NEAR,0.6,1,,,0.01,0
C2_n0.01_d000_r01,C2,202613,10.28,10.28,0.0,0.23505799586285242,0.2321217330556408,0.23912008572281604,NEAR,NEAR,0.6,1,,,0.01,0
C2_n0.01_d000_r01,C2,202613,10.3,10.3,0.0,0.23502959907357593,0.2535865165824712,0.24273669343772983,NEAR,NEAR,0.6,1,,,0.01,0
C2_n0.01_d000_r01,C2,202613,10.32,10.32,0.0,0.23534097814647711,0.22651779758037058,0.23868196947339002,NEAR,NEAR,0.6,1,,,0.01,0
C2_n0.01_d000_r01,C2,202613,10.34,10.34,0.0,0.23598506586315082,0.24110596798862396,0.2392879691021985,NEAR,NEAR,0.6,1,,,0.01,0
C2_n0.01_d000_r01,C2,202613,10.36,10.36,0.0,0.23694724367995706,0.25865151770449096,0.2441288562527716,NEAR,NEAR,0.6,1,,,0.01,0
C2_n0.01_d000_r01,C2,202613,10.38,10.38,0.0,0.23820567351795077,0.2511735720138442,0.24589003519303976,NEAR,NEAR,0.6,1,,,0.01,0
C2_n0.01_d000_r01,C2,202613,10.4,10.4,0.0,0.2397317934110697,0.23849478900414398,0.24404122364581582,NEAR,NEAR,0.6,1,,,0.01,0
C2_n0.01_d000_r01,C2,202613,10.42,10.42,0.0,0.24149096576309861,0.24157282298949212,0.2434241234817349,NEAR,NEAR,0.6,1,,,0.01,0
C2_n0.01_d000_r01,C2,202613,10.44,10.44,0.0,0.24344326350023596,0.2647903066301346,0.2487656692688348,NEAR,NEAR,0.6,1,,,0.01,0
C2_n0.01_d000_r01,C2,202613,10.46,10.46,0.0,0.2455443762763446,0.25720034785579093,0.25087433891557387,NEAR,NEAR,0.6,1,,,0.01,0
C2_n0.01_d000_r01,C2,202613,10.48,10.48,0.0,0.24774661616318866,0.2549447817884165,0.25189194963378453,NEAR,NEAR,0.6,1,,,0.01,0
C2_n0.01_d000_r01,C2,202613,10.5,10.5,0.0,0.25,0.2302965678596631,0.24649310419025416,NEAR,NEAR,0.6,1,,,0.01,0
C2_n0.01_d000_r01,C2,202613,10.52,10.52,0.0,0.2522533838368113,0.24953415334299864,0.2472533664784403,NEAR,NEAR,0.6,1,,,0.01,0
C2_n0.01_d000_r01,C2,202613,10.54,10.54,0.0,0.2544556237236554,0.2507420525487821,0.24812553799602574,NEAR,NEAR,0.6,1,,,0.01,0
C2_n0.01_d000_r01,C2,202613,10.56,10.56,0.0,0.256556736499764,0.25410676207101757,0.2496208440147737,NEAR,NEAR,0.6,1,,,0.01,0
C2_n0.01_d000_r01,C2,202613,10.58,10.58,0.0,0.25850903423690136,0.262024175456238,0.2527216768751398,NEAR,NEAR,0.6,1,,,0.01,0
C2_n0.01_d000_r01,C2,202613,10.6,10.6,0.0,0.2602682065889303,0.25871362900686734,0.2542196649080717,NEAR,NEAR,0.6,1,,,0.01,0
C2_n0.01_d000_r01,C2,202613,10.62,10.62,0.0,0.2617943264820492,0.2587275245643712,0.25534662982214656,NEAR,NEAR,0.6,1,,,0.01,0
C2_n0.01_d000_r01,C2,202613,10.64,10.64,0.0,0.26305275632004294,0.2633143649238746,0.25733856359757856,NEAR,NEAR,0.6,1,,,0.01,0
C2_n0.01_d000_r01,C2,202613,10.66,10.66,0.0,0.2640149341368492,0.2671004671000709,0.25977903947320163,NEAR,NEAR,0.6,1,,,0.01,0
C2_n0.01_d000_r01,C2,202613,10.68,10.68,0.0,0.2646590218535229,0.2603922468733918,0.25993234132324916,NEAR,NEAR,0.6,1,,,0.01,0
C2_n0.01_d000_r01,C2,202613,10.7,10.7,0.0,0.26497040092642404,0.2797149617801797,0.2648779964374818,NEAR,NEAR,0.6,1,,,0.01,0
C2_n0.01_d000_r01,C2,202613,10.72,10.72,0.0,0.2649420041371476,0.27349902102206664,0.267033252583628,NEAR,NEAR,0.6,1,,,0.01,0
C2_n0.01_d000_r01,C2,202613,10.74,10.74,0.0,0.2645744759937201,0.2723901808090899,0.26837248463999347,NEAR,NEAR,0.6,1,,,0.01,0
C2_n0.01_d000_r01,C2,202613,10.76,10.76,0.0,0.26387615810251686,0.26435314527362364,0.267367649798401,NEAR,NEAR,0.6,1,,,0.01,0
C2_n0.01_d000_r01,C2,202613,10.78,10.78,0.0,0.26286289984290484,0.26099355864782925,0.2657741270107581,NEAR,NEAR,0.6,1,,,0.01,0
C2_n0.01_d000_r01,C2,202613,10.8,10.8,0.0,0.2615576986416368,0.25162231752101427,0.26223617463832216,NEAR,NEAR,0.6,1,,,0.01,0
C2_n0.01_d000_r01,C2,202613,10.82,10.82,0.0,0.25999017801151375,0.2557635209667586,0.26061801122043127,NEAR,NEAR,0.6,1,,,0.01,0
C2_n0.01_d000_r01,C2,202613,10.84,10.84,0.0,0.25819591520101404,0.2586473360020279,0.2601253424158304,NEAR,NEAR,0.6,1,,,0.01,0
C2_n0.01_d000_r01,C2,202613,10.86,10.86,0.0,0.25621563371489936,0.2538741161208621,0.2585625358420883,NEAR,NEAR,0.6,1,,,0.01,0
C2_n0.01_d000_r01,C2,202613,10.88,10.88,0.0,0.2540942790327598,0.2519698730294211,0.2569143701389215,NEAR,NEAR,0.6,1,,,0.01,0
C2_n0.01_d000_r01,C2,202613,10.9,10.9,0.0,0.2518799985034645,0.24843858632316326,0.2547954241849819,NEAR,NEAR,0.6,1,,,0.01,0
C2_n0.01_d000_r01,C2,202613,10.92,10.92,0.0,0.24962304856834996,0.24609341436842067,0.2526199217308416,NEAR,NEAR,0.6,1,,,0.01,0
C2_n0.01_d000_r01,C2,202613,10.94,10.94,0.0,0.24737465411537093,0.2589916157243662,0.2542128452292227,NEAR,NEAR,0.6,1,,,0.01,0
C2_n0.01_d000_r01,C2,202613,10.96,10.96,0.0,0.24518584585289174,0.2411997807618199,0.250959579112372,NEAR,NEAR,0.6,1,,,0.01,0
C2_n0.01_d000_r01,C2,202613,10.98,10.98,0.0,0.24310630209067766,0.2506149987286019,0.2508734340164295,NEAR,NEAR,0.6,1,,,0.01,0
C2_n0.01_d000_r01,C2,202613,11.0,11.0,0.0,0.24118322121561292,0.25120396985382043,0.2509560679757772,NEAR,NEAR,0.6,1,,,0.01,0
C2_n0.01_d000_r01,C2,202613,11.02,11.02,0.0,0.2394602504530173,0.2335374241563187,0.24660140702091257,NEAR,NEAR,0.6,1,,,0.01,0
C2_n0.01_d000_r01,C2,202613,11.04,11.04,0.0,0.23797649522693692,0.2483842035109713,0.24704710614342723,NEAR,NEAR,0.6,1,,,0.01,0
C2_n0.01_d000_r01,C2,202613,11.06,11.06,0.0,0.2367656316034757,0.24964850589550347,0.2476974560814463,NEAR,NEAR,0.6,1,,,0.01,0
C2_n0.01_d000_r01,C2,202613,11.08,11.08,0.0,0.23585514196160703,0.2259737003580507,0.24226651715059738,NEAR,NEAR,0.6,1,,,0.01,0
C2_n0.01_d000_r01,C2,202613,11.1,11.1,0.0,0.23526569123906968,0.24057989386352177,0.2418448613288285,NEAR,NEAR,0.6,1,,,0.01,0
C2_n0.01_d000_r01,C2,202613,11.12,11.12,0.0,0.23501065791039116,0.23686629656274288,0.24060022013730709,NEAR,NEAR,0.6,1,,,0.01,0
C2_n0.01_d000_r01,C2,202613,11.14,11.14,0.0,0.23509583034219989,0.24351499621916872,0.2413289141577725,NEAR,NEAR,0.6,1,,,0.01,0
C2_n0.01_d000_r01,C2,202613,11.16,11.16,0.0,0.2355192754175009,0.24444281338066254,0.242107388963495,NEAR,NEAR,0.6,1,,,0.01,0
C2_n0.01_d000_r01,C2,202613,11.18,11.18,0.0,0.2362713824106862,0.22729315243363118,0.23840382983102903,NEAR,NEAR,0.6,1,,,0.01,0
C2_n0.01_d000_r01,C2,202613,11.2,11.2,0.0,0.23733508111746973,0.22853801026012135,0.2359373749383021,NEAR,NEAR,0.6,1,,,0.01,0
C2_n0.01_d000_r01,C2,202613,11.22,11.22,0.0,0.23868622928895847,0.24950762782794708,0.23932993816071335,NEAR,NEAR,0.6,1,,,0.01,0
C2_n0.01_d000_r01,C2,202613,11.24,11.24,0.0,0.24029416057645833,0.2502107133276618,0.24205013195245045,NEAR,NEAR,0.6,1,,,0.01,0
C2_n0.01_d000_r01,C2,202613,11.26,11.26,0.0,0.24212238055058055,0.2574648497611252,0.24590381140461914,NEAR,NEAR,0.6,1,,,0.01,0
C2_n0.01_d000_r01,C2,202613,11.28,11.28,0.0,0.2441293949974419,0.22918541968688003,0.24172421347518436,NEAR,NEAR,0.6,1,,,0.01,0
C2_n0.01_d000_r01,C2,202613,11.3,11.3,0.0,0.24626965169252724,0.23562281100296514,0.24019886285712955,NEAR,NEAR,0.6,1,,,0.01,0
C2_n0.01_d000_r01,C2,202613,11.32,11.32,0.0,0.2484945742772318,0.23844253516101346,0.23975978093310052,NEAR,NEAR,0.6,1,,,0.01,0
C2_n0.01_d000_r01,C2,202613,11.34,11.34,0.0,0.25075366477269656,0.24589487712913144,0.24129355498210825,NEAR,NEAR,0.6,1,,,0.01,0
C2_n0.01_d000_r01,C2,202613,11.36,11.36,0.0,0.252995649707716,0.25478636541073224,0.24466675758926426,NEAR,NEAR,0.6,1,,,0.01,0
C2_n0.01_d000_r01,C2,202613,11.38,11.38,0.0,0.2551696438476178,0.26881337218359064,0.25070341123784584,NEAR,NEAR,0.6,1,,,0.01,0
C2_n0.01_d000_r01,C2,202613,11.4,11.4,0.0,0.2572263051115258,0.25610673250381855,0.252054241554339,NEAR,NEAR,0.6,1,,,0.01,0
C2_n0.01_d000_r01,C2,202613,11.42,11.42,0.0,0.25911895446541905,0.28556600368584717,0.260432182087216,NEAR,NEAR,0.6,1,,,0.01,0
C2_n0.01_d000_r01,C2,202613,11.44,11.44,0.0,0.26080463537331855,0.2562828278938176,0.25939484353886644,NEAR,NEAR,0.6,1,,,0.01,0
C2_n0.01_d000_r01,C2,202613,11.46,11.46,0.0,0.2622450887607578,0.25098626508523086,0.25729269892545753,NEAR,NEAR,0.6,1,,,0.01,0
C2_n0.01_d000_r01,C2,202613,11.48,11.48,0.0,0.263407621362269,0.25673540463860856,0.2571533753537453,NEAR,NEAR,0.6,1,,,0.01,0
C2_n0.01_d000_r01,C2,202613,11.5,11.5,0.0,0.2642658477444273,0.2517167685192148,0.2557942236451127,NEAR,NEAR,0.6,1,,,0.01,0
C2_n0.01_d000_r01,C2,202613,11.52,11.52,0.0,0.264800289163118,0.2678980306551724,0.2588201753976276,NEAR,NEAR,0.6,1,,,0.01,0
C2_n0.01_d000_r01,C2,202613,11.54,11.54,0.0,0.2649988156630572,0.269006913492672,0.2613668599213887,NEAR,NEAR,0.6,1,,,0.01,0
C2_n0.01_d000_r01,C2,202613,11.56,11.56,0.0,0.26485692138544975,0.25454308804432524,0.2596609169521228,NEAR,NEAR,0.6,1,,,0.01,0
C2_n0.01_d000_r01,C2,202613,11.58,11.58,0.0,0.2643778268352606,0.26532648947096,0.2610773100818321,NEAR,NEAR,0.6,1,,,0.01,0
C2_n0.01_d000_r01,C2,202613,11.6,11.6,0.0,0.2635724057869903,0.27944394653202365,0.26566896919438,NEAR,NEAR,0.6,1,,,0.01,0
C2_n0.01_d000_r01,C2,202613,11.62,11.62,0.0,0.2624589384879373,0.2649675938156463,0.26549362534969656,NEAR,NEAR,0.6,1,,,0.01,0
C2_n0.01_d000_r01,C2,202613,11.64,11.64,0.0,0.2610626967603726,0.24761352020934757,0.2610235990646093,NEAR,NEAR,0.6,1,,,0.01,0
C2_n0.01_d000_r01,C2,202613,11.66,11.66,0.0,0.2594153704193605,0.2642539406906269,0.26183118447111375,NEAR,NEAR,0.6,1,,,0.01,0
C2_n0.01_d000_r01,C2,202613,11.68,11.68,0.0,0.2575543480245365,0.2706289237752395,0.2640306192971452,NEAR,NEAR,0.6,1,,,0.01,0
C2_n0.01_d000_r01,C2,202613,11.7,11.7,0.0,0.25552186829027024,0.24940598605659808,0.26037446098700845,NEAR,NEAR,0.6,1,,,0.01,0
C2_n0.01_d000_r01,C2,202613,11.72,11.72,0.0,0.25336406141424067,0.253011578878089,0.2585337404597786,NEAR,NEAR,0.6,1,,,0.01,0
C2_n0.01_d000_r01,C2,202613,11.74,11.74,0.0,0.25112990208291897,0.2646253068240783,0.26005663205085355,NEAR,NEAR,0.6,1,,,0.01,0
C2_n0.01_d000_r01,C2,202613,11.76,11.76,0.0,0.24887009791708103,0.25479255278531177,0.2587406122344681,NEAR,NEAR,0.6,1,,,0.01,0
C2_n0.01_d000_r01,C2,202613,11.78,11.78,0.0,0.24663593858575936,0.25853980017159517,0.25869040921874986,NEAR,NEAR,0.6,1,,,0.01,0
C2_n0.01_d000_r01,C2,202613,11.8,11.8,0.0,0.2444781317097298,0.24829397112715812,0.2560912996958519,NEAR,NEAR,0.6,1,,,0.01,0
C2_n0.01_d000_r01,C2,202613,11.82,11.82,0.0,0.24244565197546356,0.2313753345045424,0.24991230839802453,NEAR,NEAR,0.6,1,,,0.01,0
C2_n0.01_d000_r01,C2,202613,11.84,11.84,0.0,0.2405846295806395,0.2322491870856575,0.24549652806993277,NEAR,NEAR,0.6,1,,,0.01,0
C2_n0.01_d000_r01,C2,202613,11.86,11.86,0.0,0.23893730323962745,0.2459903224271504,0.24561997665923718,NEAR,NEAR,0.6,1,,,0.01,0
C2_n0.01_d000_r01,C2,202613,11.88,11.88,0.0,0.23754106151206278,0.2262131654301696,0.24076827385197028,NEAR,NEAR,0.6,1,,,0.01,0
C2_n0.01_d000_r01,C2,202613,11.9,11.9,0.0,0.23642759421300968,0.22490609381803878,0.2368027288434874,NEAR,NEAR,0.6,1,,,0.01,0
C2_n0.01_d000_r01,C2,202613,11.92,11.92,0.0,0.23562217316473938,0.23417106017237746,0.23614481167570991,NEAR,NEAR,0.6,1,,,0.01,0
C2_n0.01_d000_r01,C2,202613,11.94,11.94,0.0,0.23514307861455025,0.23445356338211049,0.23572199960231005,NEAR,NEAR,0.6,1,,,0.01,0
C2_n0.01_d000_r01,C2,202613,11.96,11.96,0.0,0.23500118433694275,0.22888928195656646,0.23401382019087413,NEAR,NEAR,0.6,1,,,0.01,0
C2_n0.01_d000_r01,C2,202613,11.98,11.98,0.0,0.235199710836882,0.25060794103124284,0.2381623504009663,NEAR,NEAR,0.6,1,,,0.01,0
C2_n0.01_d000_r01,C2,202613,12.0,12.0,0.0,0.25,0.22790895100148179,0.23559900055109517,NEAR,NEAR,0.6,1,,,0.01,0
C2_n0.01_d000_r01,C2,202613,12.02,12.02,0.0,0.25175,0.24633052716645593,0.23828188220493535,NEAR,NEAR,0.6,1,,,0.01,0
C2_n0.01_d000_r01,C2,202613,12.04,12.04,0.0,0.25349999999999995,0.25994836632133267,0.2436985032340347,NEAR,NEAR,0.6,1,,,0.01,0
C2_n0.01_d000_r01,C2,202613,12.06,12.06,0.0,0.25525000000000003,0.24769811055555777,0.24469840506441548,NEAR,NEAR,0.6,1,,,0.01,0
C2_n0.01_d000_r01,C2,202613,12.08,12.08,0.0,0.257,0.25639968052869805,0.24762372393048615,NEAR,NEAR,0.6,1,,,0.01,0
C2_n0.01_d000_r01,C2,202613,12.1,12.1,0.0,0.25875,0.264482693003754,0.2518384661988031,NEAR,NEAR,0.6,1,,,0.01,0
C2_n0.01_d000_r01,C2,202613,12.12,12.12,0.0,0.26049999999999995,0.2749527260739486,0.2576170311675895,NEAR,NEAR,0.6,1,,,0.01,0
C2_n0.01_d000_r01,C2,202613,12.14,12.14,0.0,0.26225000000000004,0.270135857349579,0.2607467377130869,NEAR,NEAR,0.6,1,,,0.01,0
C2_n0.01_d000_r01,C2,202613,12.16,12.16,0.0,0.264,0.2774397045011996,0.264919979410115,NEAR,NEAR,0.6,1,,,0.01,0
C2_n0.01_d000_r01,C2,202613,12.18,12.18,0.0,0.26575,0.26430285097048706,0.26476569730020805,NEAR,NEAR,0.6,1,,,0.01,0
C2_n0.01_d000_r01,C2,202613,12.2,12.2,0.0,0.26749999999999996,0.267063576283703,0.26534016704608177,NEAR,NEAR,0.6,1,,,0.01,0
C2_n0.01_d000_r01,C2,202613,12.22,12.22,0.0,0.26925000000000004,0.28010383492361407,0.2690310840154648,NEAR,NEAR,0.6,1,,,0.01,0
C2_n0.01_d000_r01,C2,202613,12.24,12.24,0.0,0.271,0.27587075846778786,0.2707410026285456,NEAR,NEAR,0.6,1,,,0.01,0
C2_n0.01_d000_r01,C2,202613,12.26,12.26,0.0,0.27275,0.270334214939635,0.27063930570631795,NEAR,NEAR,0.6,1,,,0.01,0
C2_n0.01_d000_r01,C2,202613,12.28,12.28,0.0,0.27449999999999997,0.28064342692931665,0.27314033601206766,NEAR,NEAR,0.6,1,,,0.01,0
C2_n0.01_d000_r01,C2,202613,12.3,12.3,0.0,0.27625000000000005,0.2768973286210112,0.27407958416430356,NEAR,NEAR,0.6,1,,,0.01,0
C2_n0.01_d000_r01,C2,202613,12.32,12.32,0.0,0.278,0.27749070474997967,0.2749323643107226,NEAR,NEAR,0.6,1,,,0.01,0
C2_n0.01_d000_r01,C2,202613,12.34,12.34,0.0,0.27975,0.26463504661472814,0.27235803488672394,NEAR,NEAR,0.6,1,,,0.01,0
C2_n0.01_d000_r01,C2,202613,12.36,12.36,0.0,0.2815,0.274853792885255,0.27298197438635674,NEAR,NEAR,0.6,1,,,0.01,0
C2_n0.01_d000_r01,C2,202613,12.38,12.38,0.0,0.28325000000000006,0.2802557678884185,0.27480042276187217,NEAR,NEAR,0.6,1,,,0.01,0
C2_n0.01_d000_r01,C2,202613,12.4,12.4,0.0,0.28500000000000003,0.287783411525219,0.2780461699527089,NEAR,NEAR,0.6,1,,,0.01,0
C2_n0.01_d000_r01,C2,202613,12.42,12.42,0.0,0.28675,0.29047123062518,0.28115243512082666,NEAR,NEAR,0.6,1,,,0.01,0
C2_n0.01_d000_r01,C2,202613,12.44,12.44,0.0,0.2885,0.29514138786602573,0.2846496733071264,NEAR,NEAR,0.6,1,,,0.01,0
C2_n0.01_d000_r01,C2,202613,12.46,12.46,0.0,0.29025000000000006,0.2899335085321478,0.28597063211338175,NEAR,NEAR,0.6,1,,,0.01,0
C2_n0.01_d000_r01,C2,202613,12.48,12.48,0.0,0.29200000000000004,0.30192469368197655,0.2899591475055305,NEAR,NEAR,0.6,1,,,0.01,0
C2_n0.01_d000_r01,C2,202613,12.5,12.5,0.0,0.29375,0.28456747823457995,0.28861123018779283,NEAR,NEAR,0.6,1,,,0.01,0
C2_n0.01_d000_r01,C2,202613,12.52,12.52,0.0,0.2955,0.3049652974632237,0.2926997470066506,NEAR,NEAR,0.6,1,,,0.01,0
C2_n0.01_d000_r01,C2,202613,12.54,12.54,0.0,0.2972499999999999,0.31147538283253856,0.29739365596312256,NEAR,NEAR,0.6,1,,,0.01,0
C2_n0.01_d000_r01,C2,202613,12.56,12.56,0.0,0.29900000000000004,0.33645615377771615,0.307159280416771,NEAR,NEAR,0.6,1,,,0.01,0
C2_n0.01_d000_r01,C2,202613,12.58,12.58,0.0,0.30075,0.293253272525388,0.3036827784439252,NEAR,NEAR,0.6,1,,,0.01,0
C2_n0.01_d000_r01,C2,202613,12.6,12.6,0.0,0.3025,0.30181339360400844,0.30321543223394604,NEAR,NEAR,0.6,1,,,0.01,0
C2_n0.01_d000_r01,C2,202613,12.62,12.62,0.0,0.3042499999999999,0.29079779694655933,0.3001110234120994,NEAR,NEAR,0.6,1,,,0.01,0
C2_n0.01_d000_r01,C2,202613,12.64,12.64,0.0,0.30600000000000005,0.3148411480975551,0.3037935545834633,NEAR,NEAR,0.6,1,,,0.01,0
C2_n0.01_d000_r01,C2,202613,12.66,12.66,0.0,0.30775,0.30144714917080123,0.3032069532302978,NEAR,NEAR,0.6,1,,,0.01,0
C2_n0.01_d000_r01,C2,202613,12.68,12.68,0.0,0.3095,0.31758693709843444,0.30680194919733195,NEAR,NEAR,0.6,1,,,0.01,0
C2_n0.01_d000_r01,C2,202613,12.7,12.7,0.0,0.3112499999999999,0.30298779234326684,0.3058484099838157,NEAR,NEAR,0.6,1,,,0.01,0
C2_n0.01_d000_r01,C2,202613,12.72,12.72,0.0,0.31300000000000006,0.2979428962789883,0.30387203155760883,NEAR,NEAR,0.6,1,,,0.01,0
C2_n0.01_d000_r01,C2,202613,12.74,12.74,0.0,0.31475000000000003,0.31383052139086215,0.30636165401592214,NEAR,NEAR,0.6,1,,,0.01,0
C2_n0.01_d000_r01,C2,202613,12.76,12.76,0.0,0.3165,0.30804418274430184,0.30678228619801706,NEAR,NEAR,0.6,1,,,0.01,0
C2_n0.01_d000_r01,C2,202613,12.78,12.78,0.0,0.3182499999999999,0.3139437260307555,0.30857264615620167,NEAR,NEAR,0.6,1,,,0.01,0
C2_n0.01_d000_r01,C2,202613,12.8,12.8,0.0,0.32000000000000006,0.3209065332041287,0.31165611791818343,NEAR,NEAR,0.6,1,,,0.01,0
C2_n0.01_d000_r01,C2,202613,12.82,12.82,0.0,0.32175000000000004,0.319577851154671,0.3136365512273053,NEAR,NEAR,0.6,1,,,0.01,0
C2_n0.01_d000_r01,C2,202613,12.84,12.84,0.0,0.3235,0.31933669394298253,0.3150615869062246,NEAR,NEAR,0.6,1,,,0.01,0
C2_n0.01_d000_r01,C2,202613,12.86,12.86,0.0,0.32524999999999993,0.31232569378917613,0.3143776136269625,NEAR,NEAR,0.6,1,,,0.01,0
C2_n0.01_d000_r01,C2,202613,12.88,12.88,0.0,0.32700000000000007,0.32191988334186894,0.31626318105568907,NEAR,NEAR,0.6,1,,,0.01,0
C2_n0.01_d000_r01,C2,202613,12.9,12.9,0.0,0.32875000000000004,0.32515570980988373,0.3184863132442377,NEAR,NEAR,0.6,1,,,0.01,0
C2_n0.01_d000_r01,C2,202613,12.92,12.92,0.0,0.3305,0.33268966136457445,0.3220371502743219,NEAR,NEAR,0.6,1,,,0.01,0
C2_n0.01_d000_r01,C2,202613,12.94,12.94,0.0,0.33224999999999993,0.33867497195938445,0.3261966056955875,NEAR,NEAR,0.6,1,,,0.01,0
C2_n0.01_d000_r01,C2,202613,12.96,12.96,0.0,0.3340000000000001,0.32566727166215664,0.3260642721872298,NEAR,NEAR,0.6,1,,,0.01,0
C2_n0.01_d000_r01,C2,202613,12.98,12.98,0.0,0.33575000000000005,0.3459947899646152,0.33104690163157613,NEAR,NEAR,0.6,1,,,0.01,0
C2_n0.01_d000_r01,C2,202613,13.0,13.0,0.0,0.3375,0.355340178691344,0.3371202208965181,NEAR,NEAR,0.6,1,,,0.01,0
C2_n0.01_d000_r01,C2,202613,13.02,13.02,0.0,0.33924999999999994,0.3376509398368819,0.33725290063160906,NEAR,NEAR,0.6,1,,,0.01,0
C2_n0.01_d000_r01,C2,202613,13.04,13.04,0.0,0.3409999999999999,0.34132614957211826,0.33827121286673634,NEAR,NEAR,0.6,1,,,0.01,0
C2_n0.01_d000_r01,C2,202613,13.06,13.06,0.0,0.34275000000000005,0.34298896578784543,0.33945065109701356,NEAR,NEAR,0.6,1,,,0.01,0
C2_n0.01_d000_r01,C2,202613,13.08,13.08,0.0,0.34450000000000003,0.3407758810812518,0.33978195859307314,NEAR,NEAR,0.6,1,,,0.01,0
C2_n0.01_d000_r01,C2,202613,13.1,13.1,0.0,0.34624999999999995,0.3611092512901795,0.3451137817673497,NEAR,NEAR,0.6,1,,,0.01,0
C2_n0.01_d000_r01,C2,202613,13.12,13.12,0.0,0.3479999999999999,0.352200419938651,0.346885441310175,NEAR,NEAR,0.6,1,,,0.01,0
C2_n0.01_d000_r01,C2,202613,13.14,13.14,0.0,0.34975000000000006,0.3673801873953034,0.3520091278314571,NEAR,NEAR,0.6,1,,,0.01,0
C2_n0.01_d000_r01,C2,202613,13.16,13.16,0.0,0.35150000000000003,0.3427337122513887,0.34969027393644,FAR,NEAR,0.6,1,,,0.01,0
C2_n0.01_d000_r01,C2,202613,13.18,13.18,0.0,0.35324999999999995,0.3532609758744343,0.35058294942093854,FAR,NEAR,0.6,1,,,0.01,0
C2_n0.01_d000_r01,C2,202613,13.2,13.2,0.0,0.3549999999999999,0.3531339995647089,0.35122071195688115,FAR,NEAR,0.6,1,,,0.01,0
C2_n0.01_d000_r01,C2,202613,13.22,13.22,0.0,0.35675000000000007,0.3465315684876734,0.3500484260895792,FAR,NEAR,0.6,1,,,0.01,0
C2_n0.01_d000_r01,C2,202613,13.24,13.24,0.0,0.35850000000000004,0.37544829912915545,0.35639839434947324,FAR,NEAR,0.6,1,,,0.01,0
C2_n0.01_d000_r01,C2,202613,13.26,13.26,0.0,0.36024999999999996,0.36202490960680117,0.3578050231638052,FAR,NEAR,0.6,1,,,0.01,0
C2_n0.01_d000_r01,C2,202613,13.28,13.28,0.0,0.36199999999999993,0.36259128744341557,0.3590015892337078,FAR,NEAR,0.6,1,,,0.01,0
C2_n0.01_d000_r01,C2,202613,13.3,13.3,0.0,0.3637500000000001,0.36922521374270406,0.3615574953609569,FAR,NEAR,0.6,1,,,0.01,0
C2_n0.01_d000_r01,C2,202613,13.32,13.32,0.0,0.36550000000000005,0.3636686301637937,0.3620852790616661,FAR,NEAR,0.6,1,,,0.01,0
C2_n0.01_d000_r01,C2,202613,13.34,13.34,0.0,0.36724999999999997,0.36052163415009736,0.3616943678337739,FAR,NEAR,0.6,1,,,0.01,0
C2_n0.01_d000_r01,C2,202613,13.36,13.36,0.0,0.36899999999999994,0.3544890662147461,0.359893042429017,FAR,NEAR,0.6,1,,,0.01,0
C2_n0.01_d000_r01,C2,202613,13.38,13.38,0.0,0.3707500000000001,0.3521845006381672,0.35796590698130454,FAR,NEAR,0.6,1,,,0.01,0
C2_n0.01_d000_r01,C2,202613,13.4,13.4,0.0,0.37250000000000005,0.3775380095253494,0.3628589326173157,FAR,NEAR,0.6,1,,,0.01,0
C2_n0.01_d000_r01,C2,202613,13.42,13.42,0.0,0.37424999999999997,0.3666457897227562,0.36380564689367584,FAR,NEAR,0.6,1,,,0.01,0
C2_n0.01_d000_r01,C2,202613,13.44,13.44,0.0,0.37599999999999995,0.37230011774724253,0.3659292646070675,FAR,NEAR,0.6,1,,,0.01,0
C2_n0.01_d000_r01,C2,202613,13.46,13.46,0.0,0.37775000000000003,0.37088759279883027,0.36716884665500815,FAR,NEAR,0.6,1,,,0.01,0
C2_n0.01_d000_r01,C2,202613,13.48,13.48,0.0,0.37950000000000006,0.38372533565883615,0.3713079689059651,FAR,NEAR,0.6,1,,,0.01,0
C2_n0.01_d000_r01,C2,202613,13.5,13.5,0.0,0.38125,0.3578046433897086,0.367932137526901,FAR,NEAR,0.6,1,,,0.01,0
C2_n0.01_d000_r01,C2,202613,13.52,13.52,0.0,0.38299999999999995,0.38324738604484926,0.37176094965638806,FAR,NEAR,0.6,1,,,0.01,0
C2_n0.01_d000_r01,C2,202613,13.54,13.54,0.0,0.3847499999999999,0.37760009090393076,0.37322073496827374,FAR,NEAR,0.6,1,,,0.01,0
C2_n0.01_d000_r01,C2,202613,13.56,13.56,0.0,0.38650000000000007,0.37952259638879604,0.3747962003234043,FAR,NEAR,0.6,1,,,0.01,0
C2_n0.01_d000_r01,C2,202613,13.58,13.58,0.0,0.38825,0.39927953975976055,0.38091703518249337,FAR,FAR,0.0,1,EXIT_NEAR,,0.01,0
C2_n0.01_d000_r01,C2,202613,13.6,13.6,0.0,0.38999999999999996,0.3909803635344781,0.3834328672704896,FAR,FAR,0.0,1,,,0.01,0
C2_n0.01_d000_r01,C2,202613,13.62,13.62,0.0,0.39174999999999993,0.40228996916776494,0.38814714274480844,FAR,FAR,0.0,1,,,0.01,0
C2_n0.01_d000_r01,C2,202613,13.64,13.64,0.0,0.39350000000000007,0.39575754583509154,0.3900497435173792,FAR,FAR,0.0,1,,,0.01,0
C2_n0.01_d000_r01,C2,202613,13.66,13.66,0.0,0.39525,0.38124760724671336,0.3878492094497128,FAR,FAR,0.0,1,,,0.01,0
C2_n0.01_d000_r01,C2,202613,13.68,13.68,0.0,0.39699999999999996,0.3888394632297264,0.3880967728947162,FAR,FAR,0.0,1,,,0.01,0
C2_n0.01_d000_r01,C2,202613,13.7,13.7,0.0,0.39874999999999994,0.4053004035159947,0.3923976805500359,FAR,FAR,0.0,1,,,0.01,0
C2_n0.01_d000_r01,C2,202613,13.72,13.72,0.0,0.4005000000000001,0.432941889774195,0.4025337328560757,FAR,FAR,0.0,1,,,0.01,0
C2_n0.01_d000_r01,C2,202613,13.74,13.74,0.0,0.40225,0.4006082310011999,0.4020523573923568,FAR,FAR,0.0,1,,,0.01,0
C2_n0.01_d000_r01,C2,202613,13.76,13.76,0.0,0.40399999999999997,0.40262887730169183,0.4021964873696905,FAR,FAR,0.0,1,,,0.01,0
C2_n0.01_d000_r01,C2,202613,13.78,13.78,0.0,0.40574999999999994,0.3961924434530902,0.40069547639054043,FAR,FAR,0.0,1,,,0.01,0
C2_n0.01_d000_r01,C2,202613,13.8,13.8,0.0,0.4075000000000001,0.41580315020769903,0.4044723948448301,FAR,FAR,0.0,1,,,0.01,0
C2_n0.01_d000_r01,C2,202613,13.82,13.82,0.0,0.40925,0.39619901260527807,0.4024040492849421,FAR,FAR,0.0,1,,,0.01,0
C2_n0.01_d000_r01,C2,202613,13.84,13.84,0.0,0.411,0.4048912684922105,0.4030258540867592,FAR,FAR,0.0,1,,,0.01,0
C2_n0.01_d000_r01,C2,202613,13.86,13.86,0.0,0.41274999999999995,0.40134835570533406,0.40260647949140294,FAR,FAR,0.0,1,,,0.01,0
C2_n0.01_d000_r01,C2,202613,13.88,13.88,0.0,0.4145000000000001,0.4175739441542345,0.4063483456571108,FAR,FAR,0.0,1,,,0.01,0
C2_n0.01_d000_r01,C2,202613,13.9,13.9,0.0,0.41625,0.41740873863134903,0.40911344390067034,FAR,FAR,0.0,1,,,0.01,0
C2_n0.01_d000_r01,C2,202613,13.92,13.92,0.0,0.418,0.4318541287080838,0.4147986151025237,FAR,FAR,0.0,1,,,0.01,0
C2_n0.01_d000_r01,C2,202613,13.94,13.94,0.0,0.41974999999999996,0.41478912306082044,0.41479624209209787,FAR,FAR,0.0,1,,,0.01,0
C2_n0.01_d000_r01,C2,202613,13.96,13.96,0.0,0.4215000000000001,0.4354067769161226,0.419948875798104,FAR,FAR,0.0,1,,,0.01,0
C2_n0.01_d000_r01,C2,202613,13.98,13.98,0.0,0.42325,0.4337069942044329,0.42338840539968625,FAR,FAR,0.0,1,,,0.01,0
C2_n0.01_d000_r01,C2,202613,14.0,14.0,0.0,0.425,0.42541361536228134,0.423894707890335,FAR,FAR,0.0,1,,,0.01,0
C2_n0.01_d000_r01,C2,202613,14.02,14.02,0.0,0.42674999999999996,0.4300058648088035,0.4254224971199521,FAR,FAR,0.0,1,,,0.01,0
C2_n0.01_d000_r01,C2,202613,14.04,14.04,0.0,0.4284999999999999,0.4351176863531468,0.4278462944282508,FAR,FAR,0.0,1,,,0.01,0
C2_n0.01_d000_r01,C2,202613,14.06,14.06,0.0,0.43025,0.43328655258278154,0.42920635896688347,FAR,FAR,0.0,1,,,0.01,0
C2_n0.01_d000_r01,C2,202613,14.08,14.08,0.0,0.432,0.43615726196911037,0.43094408471744017,FAR,FAR,0.0,1,,,0.01,0
C2_n0.01_d000_r01,C2,202613,14.1,14.1,0.0,0.43374999999999997,0.43577309374044465,0.4321513369731913,FAR,FAR,0.0,1,,,0.01,0
C2_n0.01_d000_r01,C2,202613,14.12,14.12,0.0,0.4354999999999999,0.43283568243160886,0.4323224233377957,FAR,FAR,0.0,1,,,0.01,0
C2_n0.01_d000_r01,C2,202613,14.14,14.14,0.0,0.43725,0.4427874535737029,0.4349386808967725,FAR,FAR,0.0,1,,,0.01,0
C2_n0.01_d000_r01,C2,202613,14.16,14.16,0.0,0.439,0.4429841714818556,0.4369500535430433,FAR,FAR,0.0,1,,,0.01,0
C2_n0.01_d000_r01,C2,202613,14.18,14.18,0.0,0.44075,0.42279890769566597,0.43341226708119895,FAR,FAR,0.0,1,,,0.01,0
C2_n0.01_d000_r01,C2,202613,14.2,14.2,0.0,0.4424999999999999,0.4430518392367597,0.4358221601200891,FAR,FAR,0.0,1,,,0.01,0
C2_n0.01_d000_r01,C2,202613,14.22,14.22,0.0,0.44425000000000003,0.4551089303652904,0.44064385268138945,FAR,FAR,0.0,1,,,0.01,0
C2_n0.01_d000_r01,C2,202613,14.24,14.24,0.0,0.446,0.4523955869818573,0.4435817862565064,FAR,FAR,0.0,1,,,0.01,0
C2_n0.01_d000_r01,C2,202613,14.26,14.26,0.0,0.44775,0.45226624393585435,0.44575290067634343,FAR,FAR,0.0,1,,,0.01,0
C2_n0.01_d000_r01,C2,202613,14.28,14.28,0.0,0.4494999999999999,0.4378582986066119,0.44377925015891057,FAR,FAR,0.0,1,,,0.01,0
C2_n0.01_d000_r01,C2,202613,14.3,14.3,0.0,0.45125000000000004,0.470714468602723,0.45051305476986364,FAR,FAR,0.0,1,,,0.01,0
C2_n0.01_d000_r01,C2,202613,14.32,14.32,0.0,0.453,0.4414790643183563,0.4482545571569868,FAR,FAR,0.0,1,,,0.01,0
C2_n0.01_d000_r01,C2,202613,14.34,14.34,0.0,0.45475,0.45108595977800786,0.4489624078122421,FAR,FAR,0.0,1,,,0.01,0
C2_n0.01_d000_r01,C2,202613,14.36,14.36,0.0,0.4564999999999999,0.45568503191389653,0.45064306383765573,FAR,FAR,0.0,1,,,0.01,0
C2_n0.01_d000_r01,C2,202613,14.38,14.38,0.0,0.45825000000000005,0.46907248048359196,0.4552504179991398,FAR,FAR,0.0,1,,,0.01,0
C2_n0.01_d000_r01,C2,202613,14.4,14.4,0.0,0.46,0.4553986664825702,0.4552874801199974,FAR,FAR,0.0,1,,,0.01,0
C2_n0.01_d000_r01,C2,202613,14.42,14.42,0.0,0.46175,0.47267494781180325,0.4596343470429489,FAR,FAR,0.0,1,,,0.01,0
C2_n0.01_d000_r01,C2,202613,14.44,14.44,0.0,0.4634999999999999,0.48117796489598696,0.4650202515062084,FAR,FAR,0.0,1,,,0.01,0
C2_n0.01_d000_r01,C2,202613,14.46,14.46,0.0,0.46525000000000005,0.46343750919285853,0.46462456592787094,FAR,FAR,0.0,1,,,0.01,0
C2_n0.01_d000_r01,C2,202613,14.48,14.48,0.0,0.467,0.4717481889506018,0.4664054716835536,FAR,FAR,0.0,1,,,0.01,0
C2_n0.01_d000_r01,C2,202613,14.5,14.5,0.0,0.46875,0.4668739749348973,0.4665225974963896,FAR,FAR,0.0,1,,,0.01,0
C2_n0.01_d000_r01,C2,202613,14.52,14.52,0.0,0.4704999999999999,0.4678461975532752,0.466853497510611,FAR,FAR,0.0,1,,,0.01,0
C2_n0.01_d000_r01,C2,202613,14.54,14.54,0.0,0.47224999999999995,0.45614101284271225,0.46417537634363637,FAR,FAR,0.0,1,,,0.01,0
C2_n0.01_d000_r01,C2,202613,14.56,14.56,0.0,0.47400000000000003,0.4790811211701993,0.46790181255027713,FAR,FAR,0.0,1,,,0.01,0
C2_n0.01_d000_r01,C2,202613,14.58,14.58,0.0,0.47575,0.476778721823435,0.47012103986856657,FAR,FAR,0.0,1,,,0.01,0
C2_n0.01_d000_r01,C2,202613,14.6,14.6,0.0,0.4774999999999999,0.49168575556912447,0.4755122187937061,FAR,FAR,0.0,1,,,0.01,0
C2_n0.01_d000_r01,C2,202613,14.62,14.62,0.0,0.47924999999999995,0.4825675001153466,0.47727603912411626,FAR,FAR,0.0,1,,,0.01,0
C2_n0.01_d000_r01,C2,202613,14.64,14.64,0.0,0.48100000000000004,0.48795000361211893,0.47994453024611694,FAR,FAR,0.0,1,,,0.01,0
C2_n0.01_d000_r01,C2,202613,14.66,14.66,0.0,0.48275,0.4822136741206899,0.4805118162147602,FAR,FAR,0.0,1,,,0.01,0
C2_n0.01_d000_r01,C2,202613,14.68,14.68,0.0,0.48449999999999993,0.48621480792380356,0.48193756414202105,FAR,FAR,0.0,1,,,0.01,0
C2_n0.01_d000_r01,C2,202613,14.7,14.7,0.0,0.48624999999999996,0.47862434906418005,0.48110926037256085,FAR,FAR,0.0,1,,,0.01,0
C2_n0.01_d000_r01,C2,202613,14.72,14.72,0.0,0.48800000000000004,0.49121690674744317,0.48363617196628145,FAR,FAR,0.0,1,,,0.01,0
C2_n0.01_d000_r01,C2,202613,14.74,14.74,0.0,0.48975,0.476184571634138,0.4817732718832456,FAR,FAR,0.0,1,,,0.01,0
C2_n0.01_d000_r01,C2,202613,14.76,14.76,0.0,0.49149999999999994,0.48984363295800737,0.483790862151936,FAR,FAR,0.0,1,,,0.01,0
C2_n0.01_d000_r01,C2,202613,14.78,14.78,0.0,0.49324999999999997,0.4839632877060829,0.4838339685404727,FAR,FAR,0.0,1,,,0.01,0
C2_n0.01_d000_r01,C2,202613,14.8,14.8,0.0,0.49500000000000005,0.4941942613644012,0.48642404174645487,FAR,FAR,0.0,1,,,0.01,0
C2_n0.01_d000_r01,C2,202613,14.82,14.82,0.0,0.49675,0.5073430199872876,0.491653786306663,FAR,FAR,0.0,1,,,0.01,0
C2_n0.01_d000_r01,C2,202613,14.84,14.84,0.0,0.49849999999999994,0.48699977203207917,0.49049028273801704,FAR,FAR,0.0,1,,,0.01,0
C2_n0.01_d000_r01,C2,202613,14.86,14.86,0.0,0.5002499999999999,0.48575186184818187,0.4893056775155582,FAR,FAR,0.0,1,,,0.01,0
C2_n0.01_d000_r01,C2,202613,14.88,14.88,0.0,0.502,0.5003206056845414,0.49205940955780403,FAR,FAR,0.0,1,,,0.01,0
C2_n0.01_d000_r01,C2,202613,14.9,14.9,0.0,0.50375,0.5115220406704086,0.4969250673359552,FAR,FAR,0.0,1,,,0.01,0
C2_n0.01_d000_r01,C2,202613,14.92,14.92,0.0,0.5055000000000001,0.515874750860849,0.5016624882171787,FAR,FAR,0.0,1,,,0.01,0
C2_n0.01_d000_r01,C2,202613,14.94,14.94,0.0,0.50725,0.5048651074100693,0.5024631430154014,FAR,FAR,0.0,1,,,0.01,0
C2_n0.01_d000_r01,C2,202613,14.96,14.96,0.0,0.5090000000000001,0.5087201786906862,0.5040274019342226,FAR,FAR,0.0,1,,,0.01,0
C2_n0.01_d000_r01,C2,202613,14.98,14.98,0.0,0.51075,0.5057005257904361,0.504445682898276,FAR,FAR,0.0,1,,,0.01,0
C2_n0.01_d000_r01,C2,202613,15.0,15.0,0.0,0.5125,0.518690012438525,0.5080067652833382,FAR,FAR,0.0,1,,,0.01,0
C2_n0.01_d000_r01,C2,202613,15.02,15.02,0.0,0.5142499999999999,0.5322072721429612,0.514056891998244,FAR,FAR,0.0,1,,,0.01,0
C2_n0.01_d000_r01,C2,202613,15.04,15.04,0.0,0.5159999999999999,0.5160705152394345,0.5145602978085416,FAR,FAR,0.0,1,,,0.01,0
C2_n0.01_d000_r01,C2,202613,15.06,15.06,0.0,0.51775,0.5303434373093238,0.5185060826837371,FAR,FAR,0.0,1,,,0.01,0
C2_n0.01_d000_r01,C2,202613,15.08,15.08,0.0,0.5195,0.4981309721244483,0.5134123050439149,FAR,FAR,0.0,1,,,0.01,0
C2_n0.01_d000_r01,C2,202613,15.1,15.1,0.0,0.52125,0.5209732362610489,0.5153025378481983,FAR,FAR,0.0,1,,,0.01,0
C2_n0.01_d000_r01,C2,202613,15.12,15.12,0.0,0.5229999999999999,0.5189604665892362,0.5162170200334578,FAR,FAR,0.0,1,,,0.01,0
C2_n0.01_d000_r01,C2,202613,15.14,15.14,0.0,0.52475,0.5220575996895442,0.5176771649474794,FAR,FAR,0.0,1,,,0.01,0
C2_n0.01_d000_r01,C2,202613,15.16,15.16,0.0,0.5265,0.5254603556766217,0.519622962629765,FAR,FAR,0.0,1,,,0.01,0
C2_n0.01_d000_r01,C2,202613,15.18,15.18,0.0,0.5282499999999999,0.527475026935395,0.5215859787061725,FAR,FAR,0.0,1,,,0.01,0
C2_n0.01_d000_r01,C2,202613,15.2,15.2,0.0,0.5299999999999999,0.524732948072568,0.5223727210477713,FAR,FAR,0.0,1,,,0.01,0
C2_n0.01_d000_r01,C2,202613,15.22,15.22,0.0,0.5317500000000001,0.5354700036049265,0.5256470416870601,FAR,FAR,0.0,1,,,0.01,0
C2_n0.01_d000_r01,C2,202613,15.24,15.24,0.0,0.5335,0.5350547672584016,0.5279989730798955,FAR,FAR,0.0,1,,,0.01,0
C2_n0.01_d000_r01,C2,202613,15.26,15.26,0.0,0.53525,0.529313960472716,0.5283277199281007,FAR,FAR,0.0,1,,,0.01,0
C2_n0.01_d000_r01,C2,202613,15.28,15.28,0.0,0.5369999999999999,0.5427200825815993,0.5319258105914754,FAR,FAR,0.0,1,,,0.01,0
C2_n0.01_d000_r01,C2,202613,15.3,15.3,0.0,0.5387500000000001,0.5313710298695804,0.5317871154110017,FAR,FAR,0.0,1,,,0.01,0
C2_n0.01_d000_r01,C2,202613,15.32,15.32,0.0,0.5405,0.5372221686465293,0.5331458787198835,FAR,FAR,0.0,1,,,0.01,0
C2_n0.01_d000_r01,C2,202613,15.34,15.34,0.0,0.5422499999999999,0.5524916951227101,0.5379823328205902,FAR,FAR,0.0,1,,,0.01,0
C2_n0.01_d000_r01,C2,202613,15.36,15.36,0.0,0.5439999999999999,0.555236556916336,0.5422958888445266,FAR,FAR,0.0,1,,,0.01,0
C2_n0.01_d000_r01,C2,202613,15.38,15.38,0.0,0.5457500000000001,0.5349098766365858,0.5404493857925414,FAR,FAR,0.0,1,,,0.01,0
C2_n0.01_d000_r01,C2,202613,15.4,15.4,0.0,0.5475,0.5363701570714602,0.5394295786122711,FAR,FAR,0.0,1,,,0.01,0
C2_n0.01_d000_r01,C2,202613,15.42,15.42,0.0,0.54925,0.5702601375562858,0.5471372183482748,FAR,FAR,0.0,1,,,0.01,0
C2_n0.01_d000_r01,C2,202613,15.44,15.44,0.0,0.5509999999999999,0.5538356778685186,0.5488118332283357,FAR,FAR,0.0,1,,,0.01,0
C2_n0.01_d000_r01,C2,202613,15.46,15.46,0.0,0.5527500000000001,0.5499404282495788,0.5490939819836465,FAR,FAR,0.0,1,,,0.01,0
C2_n0.01_d000_r01,C2,202613,15.48,15.48,0.0,0.5545,0.5524143576479984,0.5499240758997345,FAR,FAR,0.0,1,,,0.01,0
C2_n0.01_d000_r01,C2,202613,15.5,15.5,0.0,0.5562499999999999,0.5412383981230241,0.5477526564555569,FAR,FAR,0.0,1,,,0.01,0
C2_n0.01_d000_r01,C2,202613,15.52,15.52,0.0,0.5579999999999999,0.5655424272828006,0.5522000991623678,FAR,FAR,0.0,1,,,0.01,0
C2_n0.01_d000_r01,C2,202613,15.54,15.54,0.0,0.55975,0.5599282366831105,0.5541321335425535,FAR,FAR,0.0,1,,,0.01,0
C2_n0.01_d000_r01,C2,202613,15.56,15.56,0.0,0.5615,0.5780905850370107,0.5601217464161679,FAR,FAR,0.0,1,,,0.01,0
C2_n0.01_d000_r01,C2,202613,15.58,15.58,0.0,0.56325,0.5765625239923375,0.5642319408102103,FAR,FAR,0.0,1,,,0.01,0
C2_n0.01_d000_r01,C2,202613,15.6,15.6,0.0,0.565,0.5661061421195377,0.5647004911375422,FAR,FAR,0.0,1,,,0.01,0
C2_n0.01_d000_r01,C2,202613,15.62,15.62,0.0,0.5667499999999999,0.5640838753847081,0.5645463371993337,FAR,FAR,0.0,1,,,0.01,0
C2_n0.01_d000_r01,C2,202613,15.64,15.64,0.0,0.5685,0.5596980715575376,0.5633342707888847,FAR,FAR,0.0,1,,,0.01,0
C2_n0.01_d000_r01,C2,202613,15.66,15.66,0.0,0.5702499999999999,0.5837223501339205,0.5684312906251436,FAR,FAR,0.0,1,,,0.01,0
C2_n0.01_d000_r01,C2,202613,15.68,15.68,0.0,0.572,0.5658479342772231,0.5677854515381635,FAR,FAR,0.0,1,,,0.01,0
C2_n0.01_d000_r01,C2,202613,15.7,15.7,0.0,0.57375,0.5626486351136452,0.5665012474320339,FAR,FAR,0.0,1,,,0.01,0
C2_n0.01_d000_r01,C2,202613,15.72,15.72,0.0,0.5755,0.5689730591962108,0.5671192003730781,FAR,FAR,0.0,1,,,0.01,0
C2_n0.01_d000_r01,C2,202613,15.74,15.74,0.0,0.57725,0.5804236658239599,0.5704453167357986,FAR,FAR,0.0,1,,,0.01,0
C2_n0.01_d000_r01,C2,202613,15.76,15.76,0.0,0.579,0.5786686224636823,0.5725011431677696,FAR,FAR,0.0,1,,,0.01,0
C2_n0.01_d000_r01,C2,202613,15.78,15.78,0.0,0.5807499999999999,0.5862101178501896,0.5759283868383746,FAR,FAR,0.0,1,,,0.01,0
C2_n0.01_d000_r01,C2,202613,15.8,15.8,0.0,0.5825,0.5795788751759159,0.5768410089227599,FAR,FAR,0.0,1,,,0.01,0
C2_n0.01_d000_r01,C2,202613,15.82,15.82,0.0,0.5842499999999999,0.5844948740793031,0.5787544752118957,FAR,FAR,0.0,1,,,0.01,0
C2_n0.01_d000_r01,C2,202613,15.84,15.84,0.0,0.586,0.5847011103896427,0.5802411340063325,FAR,FAR,0.0,1,,,0.01,0
C2_n0.01_d000_r01,C2,202613,15.86,15.86,0.0,0.58775,0.592109299446379,0.5832081753663441,FAR,FAR,0.0,1,,,0.01,0
C2_n0.01_d000_r01,C2,202613,15.88,15.88,0.0,0.5895,0.5986910459535304,0.5870788930131406,FAR,FAR,0.0,1,,,0.01,0
C2_n0.01_d000_r01,C2,202613,15.9,15.9,0.0,0.59125,0.5762878060629053,0.5843811212755818,FAR,FAR,0.0,1,,,0.01,0
C2_n0.01_d000_r01,C2,202613,15.92,15.92,0.0,0.593,0.5784132099975348,0.5828891434560701,FAR,FAR,0.0,1,,,0.01,0
C2_n0.01_d000_r01,C2,202613,15.94,15.94,0.0,0.5947499999999999,0.6141505548338257,0.590704496300509,FAR,FAR,0.0,1,,,0.01,0
C2_n0.01_d000_r01,C2,202613,15.96,15.96,0.0,0.5965,0.5908657351622408,0.5907448060159419,FAR,FAR,0.0,1,,,0.01,0
C2_n0.01_d000_r01,C2,202613,15.98,15.98,0.0,0.59825,0.6168990770221833,0.5972833737675023,FAR,FAR,0.0,1,,,0.01,0
C2_n0.01_d000_r01,C2,202613,16.0,16.0,0.0,0.6,0.6219150985464152,0.6034413049622305,FAR,FAR,0.0,1,,,0.01,0
C2_n0.01_d000_r01,C2,202613,16.02,16.02,0.0,0.6,0.6027235592588868,0.6032618685363945,FAR,FAR,0.0,1,,,0.01,0
C2_n0.01_d000_r01,C2,202613,16.04,16.04,0.0,0.6,0.5876960501537407,0.599370413940731,FAR,FAR,0.0,1,,,0.01,0
C2_n0.01_d000_r01,C2,202613,16.06,16.06,0.0,0.6,0.5986974951043638,0.5992021842316392,FAR,FAR,0.0,1,,,0.01,0
C2_n0.01_d000_r01,C2,202613,16.08,16.08,0.0,0.6,0.6044941081905117,0.6005251652213572,FAR,FAR,0.0,1,,,0.01,0
C2_n0.01_d000_r01,C2,202613,16.1,16.1,0.0,0.6,0.5956379125292166,0.5993033520483221,FAR,FAR,0.0,1,,,0.01,0
C2_n0.01_d000_r01,C2,202613,16.12,16.12,0.0,0.6,0.5964063609563341,0.5985791042753251,FAR,FAR,0.0,1,,,0.01,0
C2_n0.01_d000_r01,C2,202613,16.14,16.14,0.0,0.6,0.6178710951930976,0.6034021020047682,FAR,FAR,0.0,1,,,0.01,0
C2_n0.01_d000_r01,C2,202613,16.16,16.16,0.0,0.6,0.6015557588159713,0.6029405162075689,FAR,FAR,0.0,1,,,0.01,0
C2_n0.01_d000_r01,C2,202613,16.18,16.18,0.0,0.6,0.5841661732280764,0.5982469304626958,FAR,FAR,0.0,1,,,0.01,0
C2_n0.01_d000_r01,C2,202613,16.2,16.2,0.0,0.6,0.594650393284136,0.5973477961680559,FAR,FAR,0.0,1,,,0.01,0
C2_n0.01_d000_r01,C2,202613,16.22,16.22,0.0,0.6,0.6037349697323572,0.5989445895591312,FAR,FAR,0.0,1,,,0.01,0
C2_n0.01_d000_r01,C2,202613,16.24,16.24,0.0,0.6,0.5916292614394408,0.5971157575292086,FAR,FAR,0.0,1,,,0.01,0
C2_n0.01_d000_r01,C2,202613,16.26,16.26,0.0,0.6,0.6146931881108768,0.6015101151746256,FAR,FAR,0.0,1,,,0.01,0
C2_n0.01_d000_r01,C2,202613,16.28,16.28,0.0,0.6,0.5934628478154449,0.5994982983348305,FAR,FAR,0.0,1,,,0.01,0
C2_n0.01_d000_r01,C2,202613,16.3,16.3,0.0,0.6,0.6074189535971263,0.6014784621504045,FAR,FAR,0.0,1,,,0.01,0
C2_n0.01_d000_r01,C2,202613,16.32,16.32,0.0,0.6,0.5990994141322638,0.6008837001458693,FAR,FAR,0.0,1,,,0.01,0
C2_n0.01_d000_r01,C2,202613,16.34,16.34,0.0,0.6,0.5870448292670957,0.5974239824261759,FAR,FAR,0.0,1,,,0.01,0
C2_n0.01_d000_r01,C2,202613,16.36,16.36,0.0,0.6,0.609994584284825,0.6005666328908381,FAR,FAR,0.0,1,,,0.01,0
C2_n0.01_d000_r01,C2,202613,16.38,16.38,0.0,0.6,0.5879114751250955,0.5974028434494024,FAR,FAR,0.0,1,,,0.01,0
C2_n0.01_d000_r01,C2,202613,16.4,16.4,0.0,0.6,0.6060011642073593,0.5995524236388916,FAR,FAR,0.0,1,,,0.01,0
C2_n0.01_d000_r01,C2,202613,16.42,16.42,0.0,0.6,0.5967693581304487,0.5988566572617808,FAR,FAR,0.0,1,,,0.01,0
C2_n0.01_d000_r01,C2,202613,16.44,16.44,0.0,0.6,0.6113450297759413,0.6019787503903209,FAR,FAR,0.0,1,,,0.01,0
C2_n0.01_d000_r01,C2,202613,16.46,16.46,0.0,0.6,0.5869244523322475,0.5982151758758025,FAR,FAR,0.0,1,,,0.01,0
C2_n0.01_d000_r01,C2,202613,16.48,16.48,0.0,0.6,0.6047978367400605,0.599860841091867,FAR,FAR,0.0,1,,,0.01,0
C2_n0.01_d000_r01,C2,202613,16.5,16.5,0.0,0.6,0.586588993935642,0.5965428793028108,FAR,FAR,0.0,1,,,0.01,0
C2_n0.01_d000_r01,C2,202613,16.52,16.52,0.0,0.6,0.5977678781793089,0.5968491290219353,FAR,FAR,0.0,1,,,0.01,0
C2_n0.01_d000_r01,C2,202613,16.54,16.54,0.0,0.6,0.6092484599731723,0.5999489617597445,FAR,FAR,0.0,1,,,0.01,0
C2_n0.01_d000_r01,C2,202613,16.56,16.56,0.0,0.6,0.5984035154436146,0.5995626001807121,FAR,FAR,0.0,1,,,0.01,0
C2_n0.01_d000_r01,C2,202613,16.58,16.58,0.0,0.6,0.6019205692575395,0.600152092449919,FAR,FAR,0.0,1,,,0.01,0
C2_n0.01_d000_r01,C2,202613,16.6,16.6,0.0,0.6,0.6139546734001755,0.6036027376874831,FAR,FAR,0.0,1,,,0.01,0
C2_n0.01_d000_r01,C2,202613,16.62,16.62,0.0,0.6,0.6090724371286785,0.6049701625477819,FAR,FAR,0.0,1,,,0.01,0
C2_n0.01_d000_r01,C2,202613,16.64,16.64,0.0,0.6,0.611264089196171,0.6065436442098792,FAR,FAR,0.0,1,,,0.01,0
C2_n0.01_d000_r01,C2,202613,16.66,16.66,0.0,0.6,0.6064032632820265,0.6065085489779161,FAR,FAR,0.0,1,,,0.01,0
C2_n0.01_d000_r01,C2,202613,16.68,16.68,0.0,0.6,0.6066974451943172,0.6065557730320164,FAR,FAR,0.0,1,,,0.01,0
C2_n0.01_d000_r01,C2,202613,16.7,16.7,0.0,0.6,0.6098474978167495,0.6073787042281996,FAR,FAR,0.0,1,,,0.01,0
C2_n0.01_d000_r01,C2,202613,16.72,16.72,0.0,0.6,0.6014197850800087,0.605888974441152,FAR,FAR,0.0,1,,,0.01,0
C2_n0.01_d000_r01,C2,202613,16.74,16.74,0.0,0.6,0.5967644032531397,0.6036078316441489,FAR,FAR,0.0,1,,,0.01,0
C2_n0.01_d000_r01,C2,202613,16.76,16.76,0.0,0.6,0.5986936529004488,0.6023792869582238,FAR,FAR,0.0,1,,,0.01,0
C2_n0.01_d000_r01,C2,202613,16.78,16.78,0.0,0.6,0.5963843568795978,0.6008805544385674,FAR,FAR,0.0,1,,,0.01,0
C2_n0.01_d000_r01,C2,202613,16.8,16.8,0.0,0.6,0.596472218481948,0.5997784704494125,FAR,FAR,0.0,1,,,0.01,0
C2_n0.01_d000_r01,C2,202613,16.82,16.82,0.0,0.6,0.606939473938666,0.6015687213217258,FAR,FAR,0.0,1,,,0.01,0
C2_n0.01_d000_r01,C2,202613,16.84,16.84,0.0,0.6,0.6057684025804005,0.6026186416363944,FAR,FAR,0.0,1,,,0.01,0
C2_n0.01_d000_r01,C2,202613,16.86,16.86,0.0,0.6,0.617475760103919,0.6063329212532756,FAR,FAR,0.0,1,,,0.01,0
C2_n0.01_d000_r01,C2,202613,16.88,16.88,0.0,0.6,0.5994078916152816,0.6046016638437772,FAR,FAR,0.0,1,,,0.01,0
C2_n0.01_d000_r01,C2,202613,16.9,16.9,0.0,0.6,0.5787520640055138,0.5981392638842113,FAR,FAR,0.0,1,,,0.01,0
C2_n0.01_d000_r01,C2,202613,16.92,16.92,0.0,0.6,0.5975735689204024,0.5979978401432591,FAR,FAR,0.0,1,,,0.01,0
C2_n0.01_d000_r01,C2,202613,16.94,16.94,0.0,0.6,0.5999569332551794,0.5984876134212391,FAR,FAR,0.0,1,,,0.01,0
C2_n0.01_d000_r01,C2,202613,16.96,16.96,0.0,0.6,0.5955793624912482,0.5977605506887413,FAR,FAR,0.0,1,,,0.01,0
C2_n0.01_d000_r01,C2,202613,16.98,16.98,0.0,0.6,0.5963115617054439,0.597398303442917,FAR,FAR,0.0,1,,,0.01,0
C2_n0.01_d000_r01,C2,202613,17.0,17.0,0.0,0.6,0.5958072814859784,0.5970005479536823,FAR,FAR,0.0,1,,,0.01,0
C2_n0.01_d000_r01,C2,202613,17.02,17.02,0.0,0.6,0.5980332542036925,0.5972587245161848,FAR,FAR,0.0,1,,,0.01,0
C2_n0.01_d000_r01,C2,202613,17.04,17.04,0.0,0.6,0.601097305880753,0.5982183698573268,FAR,FAR,0.0,1,,,0.01,0
C2_n0.01_d000_r01,C2,202613,17.06,17.06,0.0,0.6,0.6007567691198767,0.5988529696729643,FAR,FAR,0.0,1,,,0.01,0
C2_n0.01_d000_r01,C2,202613,17.08,17.08,0.0,0.6,0.5927902649999237,0.5973372935047041,FAR,FAR,0.0,1,,,0.01,0
C2_n0.01_d000_r01,C2,202613,17.1,17.1,0.0,0.6,0.615213287164224,0.6018062919195841,FAR,FAR,0.0,1,,,0.01,0
C2_n0.01_d000_r01,C2,202613,17.12,17.12,0.0,0.6,0.5985965653222873,0.6010038602702599,FAR,FAR,0.0,1,,,0.01,0
C2_n0.01_d000_r01,C2,202613,17.14,17.14,0.0,0.6,0.6051334672891326,0.6020362620249781,FAR,FAR,0.0,1,,,0.01,0
C2_n0.01_d000_r01,C2,202613,17.16,17.16,0.0,0.6,0.5955695039627132,0.6004195725094118,FAR,FAR,0.0,1,,,0.01,0
C2_n0.01_d000_r01,C2,202613,17.18,17.18,0.0,0.6,0.6054654832454783,0.6016810501934284,FAR,FAR,0.0,1,,,0.01,0
C2_n0.01_d000_r01,C2,202613,17.2,17.2,0.0,0.6,0.6039687250483438,0.6022529689071573,FAR,FAR,0.0,1,,,0.01,0
C2_n0.01_d000_r01,C2,202613,17.22,17.22,0.0,0.6,0.5741058901545385,0.5952161992190026,FAR,FAR,0.0,1,,,0.01,0
C2_n0.01_d000_r01,C2,202613,17.24,17.24,0.0,0.6,0.6055354613281104,0.5977960147462795,FAR,FAR,0.0,1,,,0.01,0
C2_n0.01_d000_r01,C2,202613,17.26,17.26,0.0,0.6,0.6018547049812892,0.598810687305032,FAR,FAR,0.0,1,,,0.01,0
C2_n0.01_d000_r01,C2,202613,17.28,17.28,0.0,0.6,0.6077626812650025,0.6010486857950246,FAR,FAR,0.0,1,,,0.01,0
C2_n0.01_d000_r01,C2,202613,17.3,17.3,0.0,0.6,0.6033200136521328,0.6016165177593016,FAR,FAR,0.0,1,,,0.01,0
C2_n0.01_d000_r01,C2,202613,17.32,17.32,0.0,0.6,0.6020127762443145,0.6017155823805548,FAR,FAR,0.0,1,,,0.01,0
C2_n0.01_d000_r01,C2,202613,17.34,17.34,0.0,0.6,0.5887212166179857,0.5984669909399125,FAR,FAR,0.0,1,,,0.01,0
C2_n0.01_d000_r01,C2,202613,17.36,17.36,0.0,0.6,0.5904932646251904,0.596473559361232,FAR,FAR,0.0,1,,,0.01,0
C2_n0.01_d000_r01,C2,202613,17.38,17.38,0.0,0.6,0.5959660615957224,0.5963466849198547,FAR,FAR,0.0,1,,,0.01,0
C2_n0.01_d000_r01,C2,202613,17.4,17.4,0.0,0.6,0.6112529354136492,0.6000732475433033,FAR,FAR,0.0,1,,,0.01,0
C2_n0.01_d000_r01,C2,202613,17.42,17.42,0.0,0.6,0.5886665023828948,0.5972215612532011,FAR,FAR,0.0,1,,,0.01,0
C2_n0.01_d000_r01,C2,202613,17.44,17.44,0.0,0.6,0.5924479414147653,0.5960281562935922,FAR,FAR,0.0,1,,,0.01,0
C2_n0.01_d000_r01,C2,202613,17.46,17.46,0.0,0.6,0.5868619679192306,0.5937366092000018,FAR,FAR,0.0,1,,,0.01,0
C2_n0.01_d000_r01,C2,202613,17.48,17.48,0.0,0.6,0.6052411957516883,0.5966127558379235,FAR,FAR,0.0,1,,,0.01,0
C2_n0.01_d000_r01,C2,202613,17.5,17.5,0.0,0.6,0.5912456005934404,0.5952709670268027,FAR,FAR,0.0,1,,,0.01,0
C2_n0.01_d000_r01,C2,202613,17.52,17.52,0.0,0.6,0.5971520589489892,0.5957412400073493,FAR,FAR,0.0,1,,,0.01,0
C2_n0.01_d000_r01,C2,202613,17.54,17.54,0.0,0.6,0.612516010422318,0.5999349326110914,FAR,FAR,0.0,1,,,0.01,0
C2_n0.01_d000_r01,C2,202613,17.56,17.56,0.0,0.6,0.5972723041318515,0.5992692754912814,FAR,FAR,0.0,1,,,0.01,0
C2_n0.01_d000_r01,C2,202613,17.58,17.58,0.0,0.6,0.6159252207089152,0.6034332617956899,FAR,FAR,0.0,1,,,0.01,0
C2_n0.01_d000_r01,C2,202613,17.6,17.6,0.0,0.6,0.6108669563363963,0.6052916854308665,FAR,FAR,0.0,1,,,0.01,0
C2_n0.01_d000_r01,C2,202613,17.62,17.62,0.0,0.6,0.614959606542957,0.6077086657088892,FAR,FAR,0.0,1,,,0.01,0
C2_n0.01_d000_r01,C2,202613,17.64,17.64,0.0,0.6,0.5912065195375763,0.6035831291660609,FAR,FAR,0.0,1,,,0.01,0
C2_n0.01_d000_r01,C2,202613,17.66,17.66,0.0,0.6,0.5997087530491247,0.6026145351368268,FAR,FAR,0.0,1,,,0.01,0
C2_n0.01_d000_r01,C2,202613,17.68,17.68,0.0,0.6,0.5908776741547153,0.599680319891299,FAR,FAR,0.0,1,,,0.01,0
C2_n0.01_d000_r01,C2,202613,17.7,17.7,0.0,0.6,0.5941769270166279,0.5983044716726312,FAR,FAR,0.0,1,,,0.01,0
C2_n0.01_d000_r01,C2,202613,17.72,17.72,0.0,0.6,0.6040474987723791,0.5997402284475681,FAR,FAR,0.0,1,,,0.01,0
C2_n0.01_d000_r01,C2,202613,17.74,17.74,0.0,0.6,0.6043831906528541,0.6009009689988896,FAR,FAR,0.0,1,,,0.01,0
C2_n0.01_d000_r01,C2,202613,17.76,17.76,0.0,0.6,0.6042084117827631,0.6017278296948579,FAR,FAR,0.0,1,,,0.01,0
C2_n0.01_d000_r01,C2,202613,17.78,17.78,0.0,0.6,0.6011695084280994,0.6015882493781682,FAR,FAR,0.0,1,,,0.01,0
C2_n0.01_d000_r01,C2,202613,17.8,17.8,0.0,0.6,0.593463726489989,0.5995571186561234,FAR,FAR,0.0,1,,,0.01,0
C2_n0.01_d000_r01,C2,202613,17.82,17.82,0.0,0.6,0.6081516254226508,0.6017057453477552,FAR,FAR,0.0,1,,,0.01,0
C2_n0.01_d000_r01,C2,202613,17.84,17.84,0.0,0.6,0.6077655355936233,0.6032206929092223,FAR,FAR,0.0,1,,,0.01,0
C2_n0.01_d000_r01,C2,202613,17.86,17.86,0.0,0.6,0.5810770433581282,0.5976847805214488,FAR,FAR,0.0,1,,,0.01,0
C2_n0.01_d000_r01,C2,202613,17.88,17.88,0.0,0.6,0.6011806229800087,0.5985587411360888,FAR,FAR,0.0,1,,,0.01,0
C2_n0.01_d000_r01,C2,202613,17.9,17.9,0.0,0.6,0.6000404853405494,0.598929177187204,FAR,FAR,0.0,1,,,0.01,0
C2_n0.01_d000_r01,C2,202613,17.92,17.92,0.0,0.6,0.5925414553241228,0.5973322467214337,FAR,FAR,0.0,1,,,0.01,0
C2_n0.01_d000_r01,C2,202613,17.94,17.94,0.0,0.6,0.6104010546526568,0.6005994487042394,FAR,FAR,0.0,1,,,0.01,0
C2_n0.01_d000_r01,C2,202613,17.96,17.96,0.0,0.6,0.5976803702523419,0.599869679091265,FAR,FAR,0.0,1,,,0.01,0
C2_n0.01_d000_r01,C2,202613,17.98,17.98,0.0,0.6,0.6022141803040185,0.6004558043944533,FAR,FAR,0.0,1,,,0.01,0
C2_n0.01_d000_r01,C2,202613,18.0,18.0,0.0,0.6,0.6010140905916815,0.6005953759437603,FAR,FAR,0.0,1,,,0.01,0
C2_n0.01_d000_r01,C2,202613,18.02,18.02,0.0,0.6,0.592443129455913,0.5985573143217985,FAR,FAR,0.0,1,,,0.01,0
C2_n0.01_d000_r01,C2,202613,18.04,18.04,0.0,0.6,0.6049270160708425,0.6001497397590595,FAR,FAR,0.0,1,,,0.01,0
C2_n0.01_d000_r01,C2,202613,18.06,18.06,0.0,0.6,0.6124888458297985,0.6032345162767443,FAR,FAR,0.0,1,,,0.01,0
C2_n0.01_d000_r01,C2,202613,18.08,18.08,0.0,0.6,0.6068324586425825,0.6041340018682039,FAR,FAR,0.0,1,,,0.01,0
C2_n0.01_d000_r01,C2,202613,18.1,18.1,0.0,0.6,0.6080036993277952,0.6051014262331017,FAR,FAR,0.0,1,,,0.01,0
C2_n0.01_d000_r01,C2,202613,18.12,18.12,0.0,0.6,0.6281493088819413,0.6108633968953117,FAR,FAR,0.0,1,,,0.01,0
C2_n0.01_d000_r01,C2,202613,18.14,18.14,0.0,0.6,0.603574868935835,0.6090412649054425,FAR,FAR,0.0,1,,,0.01,0
C2_n0.01_d000_r01,C2,202613,18.16,18.16,0.0,0.6,0.5958037334741266,0.6057318820476136,FAR,FAR,0.0,1,,,0.01,0
C2_n0.01_d000_r01,C2,202613,18.18,18.18,0.0,0.6,0.6072422503606592,0.606109474125875,FAR,FAR,0.0,1,,,0.01,0
C2_n0.01_d000_r01,C2,202613,18.2,18.2,0.0,0.6,0.612625317310321,0.6077384349219865,FAR,FAR,0.0,1,,,0.01,0
C2_n0.01_d000_r01,C2,202613,18.22,18.22,0.0,0.6,0.5999166441282447,0.6057829872235511,FAR,FAR,0.0,1,,,0.01,0
C2_n0.01_d000_r01,C2,202613,18.24,18.24,0.0,0.6,0.6027259167546752,0.6050187196063321,FAR,FAR,0.0,1,,,0.01,0
C2_n0.01_d000_r01,C2,202613,18.26,18.26,0.0,0.6,0.6051433840655124,0.6050498857211272,FAR,FAR,0.0,1,,,0.01,0
C2_n0.01_d000_r01,C2,202613,18.28,18.28,0.0,0.6,0.6045581896341827,0.6049269616993911,FAR,FAR,0.0,1,,,0.01,0
C2_n0.01_d000_r01,C2,202613,18.3,18.3,0.0,0.6,0.6106737571170667,0.60636366055381,FAR,FAR,0.0,1,,,0.01,0
C2_n0.01_d000_r01,C2,202613,18.32,18.32,0.0,0.6,0.5947864491497621,0.6034693577027981,FAR,FAR,0.0,1,,,0.01,0
C2_n0.01_d000_r01,C2,202613,18.34,18.34,0.0,0.6,0.5836686703767769,0.5985191858712928,FAR,FAR,0.0,1,,,0.01,0
C2_n0.01_d000_r01,C2,202613,18.36,18.36,0.0,0.6,0.5917602176613812,0.5968294438188149,FAR,FAR,0.0,1,,,0.01,0
C2_n0.01_d000_r01,C2,202613,18.38,18.38,0.0,0.6,0.6015295831512838,0.5980044786519321,FAR,FAR,0.0,1,,,0.01,0
C2_n0.01_d000_r01,C2,202613,18.4,18.4,0.0,0.6,0.6067626422042931,0.6001940195400224,FAR,FAR,0.0,1,,,0.01,0
C2_n0.01_d000_r01,C2,202613,18.42,18.42,0.0,0.6,0.5937605946648669,0.5985856633212335,FAR,FAR,0.0,1,,,0.01,0
C2_n0.01_d000_r01,C2,202613,18.44,18.44,0.0,0.6,0.6030518252959004,0.5997022038149002,FAR,FAR,0.0,1,,,0.01,0
C2_n0.01_d000_r01,C2,202613,18.46,18.46,0.0,0.6,0.5754843968433715,0.593647752072018,FAR,FAR,0.0,1,,,0.01,0
C2_n0.01_d000_r01,C2,202613,18.48,18.48,0.0,0.6,0.5841610436971709,0.5912760749783063,FAR,FAR,0.0,1,,,0.01,0
C2_n0.01_d000_r01,C2,202613,18.5,18.5,0.0,0.6,0.5846874385923163,0.5896289158818088,FAR,FAR,0.0,1,,,0.01,0
C2_n0.01_d000_r01,C2,202613,18.52,18.52,0.0,0.6,0.5898012094011803,0.5896719892616517,FAR,FAR,0.0,1,,,0.01,0
C2_n0.01_d000_r01,C2,202613,18.54,18.54,0.0,0.6,0.5849613582475776,0.5884943315081331,FAR,FAR,0.0,1,,,0.01,0
C2_n0.01_d000_r01,C2,202613,18.56,18.56,0.0,0.6,0.5985900071221071,0.5910182504116266,FAR,FAR,0.0,1,,,0.01,0
C2_n0.01_d000_r01,C2,202613,18.58,18.58,0.0,0.6,0.6049675423903189,0.5945055734062996,FAR,FAR,0.0,1,,,0.01,0
C2_n0.01_d000_r01,C2,202613,18.6,18.6,0.0,0.6,0.6148410092529252,0.599589432367956,FAR,FAR,0.0,1,,,0.01,0
C2_n0.01_d000_r01,C2,202613,18.62,18.62,0.0,0.6,0.5932334061506285,0.5980004258136241,FAR,FAR,0.0,1,,,0.01,0
C2_n0.01_d000_r01,C2,202613,18.64,18.64,0.0,0.6,0.6120115714638373,0.6015032122261774,FAR,FAR,0.0,1,,,0.01,0
C2_n0.01_d000_r01,C2,202613,18.66,18.66,0.0,0.6,0.5942854854654224,0.5996987805359887,FAR,FAR,0.0,1,,,0.01,0
C2_n0.01_d000_r01,C2,202613,18.68,18.68,0.0,0.6,0.6149287947082648,0.6035062840790577,FAR,FAR,0.0,1,,,0.01,0
C2_n0.01_d000_r01,C2,202613,18.7,18.7,0.0,0.6,0.6030861758799889,0.6034012570292905,FAR,FAR,0.0,1,,,0.01,0
C2_n0.01_d000_r01,C2,202613,18.72,18.72,0.0,0.6,0.617005328442964,0.6068022748827089,FAR,FAR,0.0,1,,,0.01,0
C2_n0.01_d000_r01,C2,202613,18.74,18.74,0.0,0.6,0.5978958393476568,0.6045756659989459,FAR,FAR,0.0,1,,,0.01,0
C2_n0.01_d000_r01,C2,202613,18.76,18.76,0.0,0.6,0.601977617744934,0.6039261539354429,FAR,FAR,0.0,1,,,0.01,0
C2_n0.01_d000_r01,C2,202613,18.78,18.78,0.0,0.6,0.5796181874684083,0.5978491623186842,FAR,FAR,0.0,1,,,0.01,0
C2_n0.01_d000_r01,C2,202613,18.8,18.8,0.0,0.6,0.6066741133681672,0.600055400081055,FAR,FAR,0.0,1,,,0.01,0
C2_n0.01_d000_r01,C2,202613,18.82,18.82,0.0,0.6,0.6046347927717186,0.6012002482537209,FAR,FAR,0.0,1,,,0.01,0
C2_n0.01_d000_r01,C2,202613,18.84,18.84,0.0,0.6,0.6258634291119903,0.6073660434682883,FAR,FAR,0.0,1,,,0.01,0
C2_n0.01_d000_r01,C2,202613,18.86,18.86,0.0,0.6,0.5953235706325269,0.6043554252593479,FAR,FAR,0.0,1,,,0.01,0
C2_n0.01_d000_r01,C2,202613,18.88,18.88,0.0,0.6,0.5963997563587327,0.6023665080341941,FAR,FAR,0.0,1,,,0.01,0
C2_n0.01_d000_r01,C2,202613,18.9,18.9,0.0,0.6,0.6068834852131152,0.6034957523289244,FAR,FAR,0.0,1,,,0.01,0
C2_n0.01_d000_r01,C2,202613,18.92,18.92,0.0,0.6,0.5844612507805687,0.5987371269418355,FAR,FAR,0.0,1,,,0.01,0
C2_n0.01_d000_r01,C2,202613,18.94,18.94,0.0,0.6,0.5938765280283094,0.5975219772134539,FAR,FAR,0.0,1,,,0.01,0
C2_n0.01_d000_r01,C2,202613,18.96,18.96,0.0,0.6,0.6075743023927509,0.6000350585082781,FAR,FAR,0.0,1,,,0.01,0
C2_n0.01_d000_r01,C2,202613,18.98,18.98,0.0,0.6,0.6054674511480419,0.601393156668219,FAR,FAR,0.0,1,,,0.01,0
C2_n0.01_d000_r01,C2,202613,19.0,19.0,0.0,0.6,0.6034566997198655,0.6019090424311306,FAR,FAR,0.0,1,,,0.01,0
C2_n0.01_d000_r01,C2,202613,19.02,19.02,0.0,0.6,0.6029614388838288,0.6021721415443052,FAR,FAR,0.0,1,,,0.01,0
C2_n0.01_d000_r01,C2,202613,19.04,19.04,0.0,0.6,0.5952921644055159,0.6004521472596079,FAR,FAR,0.0,1,,,0.01,0
C2_n0.01_d000_r01,C2,202613,19.06,19.06,0.0,0.6,0.6246533288777281,0.606502442664138,FAR,FAR,0.0,1,,,0.01,0
C2_n0.01_d000_r01,C2,202613,19.08,19.08,0.0,0.6,0.5926755037126826,0.6030457079262741,FAR,FAR,0.0,1,,,0.01,0
C2_n0.01_d000_r01,C2,202613,19.1,19.1,0.0,0.6,0.6026079730998278,0.6029362742196626,FAR,FAR,0.0,1,,,0.01,0
C2_n0.01_d000_r01,C2,202613,19.12,19.12,0.0,0.6,0.6041013644341866,0.6032275467732935,FAR,FAR,0.0,1,,,0.01,0
C2_n0.01_d000_r01,C2,202613,19.14,19.14,0.0,0.6,0.6014615149045416,0.6027860388061055,FAR,FAR,0.0,1,,,0.01,0
C2_n0.01_d000_r01,C2,202613,19.16,19.16,0.0,0.6,0.5892354006639712,0.5993983792705719,FAR,FAR,0.0,1,,,0.01,0
C2_n0.01_d000_r01,C2,202613,19.18,19.18,0.0,0.6,0.6084405514683024,0.6016589223200046,FAR,FAR,0.0,1,,,0.01,0
C2_n0.01_d000_r01,C2,202613,19.2,19.2,0.0,0.6,0.6160458110703662,0.605255644507595,FAR,FAR,0.0,1,,,0.01,0
C2_n0.01_d000_r01,C2,202613,19.22,19.22,0.0,0.6,0.6150557251630265,0.6077056646714528,FAR,FAR,0.0,1,,,0.01,0
C2_n0.01_d000_r01,C2,202613,19.24,19.24,0.0,0.6,0.5934038706009127,0.6041302161538178,FAR,FAR,0.0,1,,,0.01,0
C2_n0.01_d000_r01,C2,202613,19.26,19.26,0.0,0.6,0.6031680904924858,0.6038896847384848,FAR,FAR,0.0,1,,,0.01,0
C2_n0.01_d000_r01,C2,202613,19.28,19.28,0.0,0.6,0.6155840573902635,0.6068132779014295,FAR,FAR,0.0,1,,,0.01,0
C2_n0.01_d000_r01,C2,202613,19.3,19.3,0.0,0.6,0.6114478963784301,0.6079719325206796,FAR,FAR,0.0,1,,,0.01,0
C2_n0.01_d000_r01,C2,202613,19.32,19.32,0.0,0.6,0.6129608209618637,0.6092191546309756,FAR,FAR,0.0,1,,,0.01,0
C2_n0.01_d000_r01,C2,202613,19.34,19.34,0.0,0.6,0.601497671100922,0.6072887837484623,FAR,FAR,0.0,1,,,0.01,0
C2_n0.01_d000_r01,C2,202613,19.36,19.36,0.0,0.6,0.5970372986092549,0.6047259124636605,FAR,FAR,0.0,1,,,0.01,0
C2_n0.01_d000_r01,C2,202613,19.38,19.38,0.0,0.6,0.5978857554515412,0.6030158732106307,FAR,FAR,0.0,1,,,0.01,0
C2_n0.01_d000_r01,C2,202613,19.4,19.4,0.0,0.6,0.599835986632837,0.6022209015661822,FAR,FAR,0.0,1,,,0.01,0
C2_n0.01_d000_r01,C2,202613,19.42,19.42,0.0,0.6,0.5941803856597556,0.6002107725895756,FAR,FAR,0.0,1,,,0.01,0
C2_n0.01_d000_r01,C2,202613,19.44,19.44,0.0,0.6,0.6018947803087038,0.6006317745193577,FAR,FAR,0.0,1,,,0.01,0
C2_n0.01_d000_r01,C2,202613,19.46,19.46,0.0,0.6,0.5872658221244322,0.5972902864206263,FAR,FAR,0.0,1,,,0.01,0
C2_n0.01_d000_r01,C2,202613,19.48,19.48,0.0,0.6,0.6037121566171207,0.5988957539697499,FAR,FAR,0.0,1,,,0.01,0
C2_n0.01_d000_r01,C2,202613,19.5,19.5,0.0,0.6,0.6169639608674559,0.6034128056941764,FAR,FAR,0.0,1,,,0.01,0
C2_n0.01_d000_r01,C2,202613,19.52,19.52,0.0,0.6,0.6111114601505774,0.6053374693082767,FAR,FAR,0.0,1,,,0.01,0
C2_n0.01_d000_r01,C2,202613,19.54,19.54,0.0,0.6,0.5888596689541127,0.6012180192197357,FAR,FAR,0.0,1,,,0.01,0
C2_n0.01_d000_r01,C2,202613,19.56,19.56,0.0,0.6,0.5925285840210959,0.5990456604200758,FAR,FAR,0.0,1,,,0.01,0
C2_n0.01_d000_r01,C2,202613,19.58,19.58,0.0,0.6,0.6033067157923961,0.6001109242631559,FAR,FAR,0.0,1,,,0.01,0
C2_n0.01_d000_r01,C2,202613,19.6,19.6,0.0,0.6,0.5907437516051164,0.597769131098646,FAR,FAR,0.0,1,,,0.01,0
C2_n0.01_d000_r01,C2,202613,19.62,19.62,0.0,0.6,0.6025933531131955,0.5989751866022834,FAR,FAR,0.0,1,,,0.01,0
C2_n0.01_d000_r01,C2,202613,19.64,19.64,0.0,0.6,0.5926858552172083,0.5974028537560147,FAR,FAR,0.0,1,,,0.01,0
C2_n0.01_d000_r01,C2,202613,19.66,19.66,0.0,0.6,0.5947131081916551,0.5967304173649248,FAR,FAR,0.0,1,,,0.01,0
C2_n0.01_d000_r01,C2,202613,19.68,19.68,0.0,0.6,0.5912564084238535,0.595361915129657,FAR,FAR,0.0,1,,,0.01,0
C2_n0.01_d000_r01,C2,202613,19.7,19.7,0.0,0.6,0.6042500552783331,0.597583950166826,FAR,FAR,0.0,1,,,0.01,0
C2_n0.01_d000_r01,C2,202613,19.72,19.72,0.0,0.6,0.6157180584093519,0.6021174772274575,FAR,FAR,0.0,1,,,0.01,0
C2_n0.01_d000_r01,C2,202613,19.74,19.74,0.0,0.6,0.6131835299774252,0.6048839904149494,FAR,FAR,0.0,1,,,0.01,0
C2_n0.01_d000_r01,C2,202613,19.76,19.76,0.0,0.6,0.6108121166500572,0.6063660219737264,FAR,FAR,0.0,1,,,0.01,0
C2_n0.01_d000_r01,C2,202613,19.78,19.78,0.0,0.6,0.6093137677156939,0.6071029584092182,FAR,FAR,0.0,1,,,0.01,0
C2_n0.01_d000_r01,C2,202613,19.8,19.8,0.0,0.6,0.5967525787076338,0.6045153634838221,FAR,FAR,0.0,1,,,0.01,0
C2_n0.01_d000_r01,C2,202613,19.82,19.82,0.0,0.6,0.6006007526378395,0.6035367107723264,FAR,FAR,0.0,1,,,0.01,0
C2_n0.01_d000_r01,C2,202613,19.84,19.84,0.0,0.6,0.5940523842671046,0.601165629146021,FAR,FAR,0.0,1,,,0.01,0
C2_n0.01_d000_r01,C2,202613,19.86,19.86,0.0,0.6,0.60802268605623,0.6028798933735733,FAR,FAR,0.0,1,,,0.01,0
C2_n0.01_d000_r01,C2,202613,19.88,19.88,0.0,0.6,0.6167448774890619,0.6063461394024454,FAR,FAR,0.0,1,,,0.01,0
C2_n0.01_d000_r01,C2,202613,19.9,19.9,0.0,0.6,0.5987988273352018,0.6044593113856345,FAR,FAR,0.0,1,,,0.01,0
C2_n0.01_d000_r01,C2,202613,19.92,19.92,0.0,0.6,0.5891502153233692,0.6006320373700682,FAR,FAR,0.0,1,,,0.01,0
C2_n0.01_d000_r01,C2,202613,19.94,19.94,0.0,0.6,0.6082481900312349,0.6025360755353599,FAR,FAR,0.0,1,,,0.01,0
C2_n0.01_d000_r01,C2,202613,19.96,19.96,0.0,0.6,0.5858461062984186,0.5983635832261246,FAR,FAR,0.0,1,,,0.01,0
C2_n0.01_d000_r01,C2,202613,19.98,19.98,0.0,0.6,0.5961040245781172,0.5977986935641227,FAR,FAR,0.0,1,,,0.01,0
C2_n0.01_d000_r01,C2,202613,20.0,20.0,0.0,0.6,0.588517499003651,0.5954783949240048,FAR,FAR,0.0,1,,,0.01,0
