trial_id,condition,seed,time_s,sensor_time_s,sample_age_s,true_distance_m,raw_distance_m,filtered_distance_m,expected_state,state,command,valid,event_label,invalid_reason,noise_sigma_m,delay_ms
C2_n0.01_d000_r04,C2,202616,0.0,0.0,0.0,0.6,0.6027335224786301,0.6027335224786301,FAR,FAR,0.0,1,,,0.01,0
C2_n0.01_d000_r04,C2,202616,0.02,0.02,0.0,0.6,0.601378901144758,0.6023948671451621,FAR,FAR,0.0,1,,,0.01,0
C2_n0.01_d000_r04,C2,202616,0.04,0.04,0.0,0.6,0.6068199389726865,0.6035011351020432,FAR,FAR,0.0,1,,,0.01,0
C2_n0.01_d000_r04,C2,202616,0.06,0.06,0.0,0.6,0.5979940537660455,0.6021243647680438,FAR,FAR,0.0,1,,,0.01,0
C2_n0.01_d000_r04,C2,202616,0.08,0.08,0.0,0.6,0.613320657225548,0.6049234378824199,FAR,FAR,0.0,1,,,0.01,0
C2_n0.01_d000_r04,C2,202616,0.1,0.1,0.0,0.6,0.5993110650599316,0.6035203446767978,FAR,FAR,0.0,1,,,0.01,0
C2_n0.01_d000_r04,C2,202616,0.12,0.12,0.0,0.6,0.5918465585154565,0.6006018981364625,FAR,FAR,0.0,1,,,0.01,0
C2_n0.01_d000_r04,C2,202616,0.14,0.14,0.0,0.6,0.5981066521258899,0.5999780866338194,FAR,FAR,0.0,1,,,0.01,0
C2_n0.01_d000_r04,C2,202616,0.16,0.16,0.0,0.6,0.6116616624500908,0.6028989805878873,FAR,FAR,0.0,1,,,0.01,0
C2_n0.01_d000_r04,C2,202616,0.18,0.18,0.0,0.6,0.6040552951243134,0.6031880592219938,FAR,FAR,0.0,1,,,0.01,0
C2_n0.01_d000_r04,C2,202616,0.2,0.2,0.0,0.6,0.6054807274093911,0.6037612262688431,FAR,FAR,0.0,1,,,0.01,0
C2_n0.01_d000_r04,C2,202616,0.22,0.22,0.0,0.6,0.6056651030332412,0.6042371954599426,FAR,FAR,0.0,1,,,0.01,0
C2_n0.01_d000_r04,C2,202616,0.24,0.24,0.0,0.6,0.6040008872290078,0.6041781184022089,FAR,FAR,0.0,1,,,0.01,0
C2_n0.01_d000_r04,C2,202616,0.26,0.26,0.0,0.6,0.6002282893656985,0.6031906611430813,FAR,FAR,0.0,1,,,0.01,0
C2_n0.01_d000_r04,C2,202616,0.28,0.28,0.0,0.6,0.6068308065639487,0.6041006974982981,FAR,FAR,0.0,1,,,0.01,0
C2_n0.01_d000_r04,C2,202616,0.3,0.3,0.0,0.6,0.6116255914332976,0.605981920982048,FAR,FAR,0.0,1,,,0.01,0
C2_n0.01_d000_r04,C2,202616,0.32,0.32,0.0,0.6,0.597382004616177,0.6038319418905802,FAR,FAR,0.0,1,,,0.01,0
C2_n0.01_d000_r04,C2,202616,0.34,0.34,0.0,0.6,0.6138724873207935,0.6063420782481335,FAR,FAR,0.0,1,,,0.01,0
C2_n0.01_d000_r04,C2,202616,0.36,0.36,0.0,0.6,0.6065379940339931,0.6063910571945984,FAR,FAR,0.0,1,,,0.01,0
C2_n0.01_d000_r04,C2,202616,0.38,0.38,0.0,0.6,0.6098152835356233,0.6072471137798546,FAR,FAR,0.0,1,,,0.01,0
C2_n0.01_d000_r04,C2,202616,0.4,0.4,0.0,0.6,0.5754736564649114,0.5993037494511189,FAR,FAR,0.0,1,,,0.01,0
C2_n0.01_d000_r04,C2,202616,0.42,0.42,0.0,0.6,0.6089111470308762,0.6017055988460582,FAR,FAR,0.0,1,,,0.01,0
C2_n0.01_d000_r04,C2,202616,0.44,0.44,0.0,0.6,0.6069563663581455,0.6030182907240801,FAR,FAR,0.0,1,,,0.01,0
C2_n0.01_d000_r04,C2,202616,0.46,0.46,0.0,0.6,0.5821380922167951,0.5977982410972589,FAR,FAR,0.0,1,,,0.01,0
C2_n0.01_d000_r04,C2,202616,0.48,0.48,0.0,0.6,0.5929665685410024,0.5965903229581948,FAR,FAR,0.0,1,,,0.01,0
C2_n0.01_d000_r04,C2,202616,0.5,0.5,0.0,0.6,0.6041503963908506,0.5984803413163587,FAR,FAR,0.0,1,,,0.01,0
C2_n0.01_d000_r04,C2,202616,0.52,0.52,0.0,0.6,0.6138903289117001,0.6023328382151941,FAR,FAR,0.0,1,,,0.01,0
C2_n0.01_d000_r04,C2,202616,0.54,0.54,0.0,0.6,0.5812958614851056,0.5970735940326719,FAR,FAR,0.0,1,,,0.01,0
C2_n0.01_d000_r04,C2,202616,0.56,0.56,0.0,0.6,0.5944026045334482,0.596405846657866,FAR,FAR,0.0,1,,,0.01,0
C2_n0.01_d000_r04,C2,202616,0.58,0.58,0.0,0.6,0.5799821483345139,0.592299922077028,FAR,FAR,0.0,1,,,0.01,0
C2_n0.01_d000_r04,C2,202616,0.6,0.6,0.0,0.6,0.6133940214612632,0.5975734469230868,FAR,FAR,0.0,1,,,0.01,0
C2_n0.01_d000_r04,C2,202616,0.62,0.62,0.0,0.6,0.6050604445877902,0.5994451963392626,FAR,FAR,0.0,1,,,0.01,0
C2_n0.01_d000_r04,C2,202616,0.64,0.64,0.0,0.6,0.5945396261291784,0.5982188037867415,FAR,FAR,0.0,1,,,0.01,0
C2_n0.01_d000_r04,C2,202616,0.66,0.66,0.0,0.6,0.6068070375069894,0.6003658622168035,FAR,FAR,0.0,1,,,0.01,0
C2_n0.01_d000_r04,C2,202616,0.68,0.68,0.0,0.6,0.6088506249556032,0.6024870529015034,FAR,FAR,0.0,1,,,0.01,0
C2_n0.01_d000_r04,C2,202616,0.7,0.7,0.0,0.6,0.5983756778917589,0.6014592091490673,FAR,FAR,0.0,1,,,0.01,0
C2_n0.01_d000_r04,C2,202616,0.72,0.72,0.0,0.6,0.6023865578811882,0.6016910463320975,FAR,FAR,0.0,1,,,0.01,0
C2_n0.01_d000_r04,C2,202616,0.74,0.74,0.0,0.6,0.5976189269964852,0.6006730164981944,FAR,FAR,0.0,1,,,0.01,0
C2_n0.01_d000_r04,C2,202616,0.76,0.76,0.0,0.6,0.6028144779875936,0.6012083818705442,FAR,FAR,0.0,1,,,0.01,0
C2_n0.01_d000_r04,C2,202616,0.78,0.78,0.0,0.6,0.597323148478549,0.6002370735225453,FAR,FAR,0.0,1,,,0.01,0
C2_n0.01_d000_r04,C2,202616,0.8,0.8,0.0,0.6,0.6056738227340516,0.6015962608254218,FAR,FAR,0.0,1,,,0.01,0
C2_n0.01_d000_r04,C2,202616,0.82,0.82,0.0,0.6,0.6025709001804388,0.601839920664176,FAR,FAR,0.0,1,,,0.01,0
C2_n0.01_d000_r04,C2,202616,0.84,0.84,0.0,0.6,0.596648198174079,0.6005419900416518,FAR,FAR,0.0,1,,,0.01,0
C2_n0.01_d000_r04,C2,202616,0.86,0.86,0.0,0.6,0.5983763716980472,0.6000005854557506,FAR,FAR,0.0,1,,,0.01,0
C2_n0.01_d000_r04,C2,202616,0.88,0.88,0.0,0.6,0.5988868190908,0.599722143864513,FAR,FAR,0.0,1,,,0.01,0
C2_n0.01_d000_r04,C2,202616,0.9,0.9,0.0,0.6,0.6169714739061208,0.6040344763749149,FAR,FAR,0.0,1,,,0.01,0
C2_n0.01_d000_r04,C2,202616,0.92,0.92,0.0,0.6,0.5932227005485982,0.6013315324183357,FAR,FAR,0.0,1,,,0.01,0
C2_n0.01_d000_r04,C2,202616,0.94,0.94,0.0,0.6,0.6070003348445359,0.6027487330248857,FAR,FAR,0.0,1,,,0.01,0
C2_n0.01_d000_r04,C2,202616,0.96,0.96,0.0,0.6,0.6088044937522709,0.604262673206732,FAR,FAR,0.0,1,,,0.01,0
C2_n0.01_d000_r04,C2,202616,0.98,0.98,0.0,0.6,0.6114126008153717,0.6060501551088919,FAR,FAR,0.0,1,,,0.01,0
C2_n0.01_d000_r04,C2,202616,1.0,1.0,0.0,0.6,0.5935728097505639,0.6029308187693099,FAR,FAR,0.0,1,,,0.01,0
C2_n0.01_d000_r04,C2,202616,1.02,1.02,0.0,0.6,0.5971584731036333,0.6014877323528908,FAR,FAR,0.0,1,,,0.01,0
C2_n0.01_d000_r04,C2,202616,1.04,1.04,0.0,0.6,0.5972789205122025,0.6004355293927187,FAR,FAR,0.0,1,,,0.01,0
C2_n0.01_d000_r04,C2,202616,1.06,1.06,0.0,0.6,0.6033237174651908,0.6011575764108368,FAR,FAR,0.0,1,,,0.01,0
C2_n0.01_d000_r04,C2,202616,1.08,1.08,0.0,0.6,0.5913415033917246,0.5987035581560587,FAR,FAR,0.0,1,,,0.01,0
C2_n0.01_d000_r04,C2,202616,1.1,1.1,0.0,0.6,0.5996493344796566,0.5989400022369582,FAR,FAR,0.0,1,,,0.01,0
C2_n0.01_d000_r04,C2,202616,1.12,1.12,0.0,0.6,0.5966820655292157,0.5983755180600225,FAR,FAR,0.0,1,,,0.01,0
C2_n0.01_d000_r04,C2,202616,1.14,1.14,0.0,0.6,0.594630407826887,0.5974392405017387,FAR,FAR,0.0,1,,,0.01,0
C2_n0.01_d000_r04,C2,202616,1.16,1.16,0.0,0.6,0.6086959462052779,0.6002534169276235,FAR,FAR,0.0,1,,,0.01,0
C2_n0.01_d000_r04,C2,202616,1.18,1.18,0.0,0.6,0.6018723655631477,0.6006581540865046,FAR,FAR,0.0,1,,,0.01,0
C2_n0.01_d000_r04,C2,202616,1.2,1.2,0.0,0.6,0.5813743383784982,0.5958372001595029,FAR,FAR,0.0,1,,,0.01,0
C2_n0.01_d000_r04,C2,202616,1.22,1.22,0.0,0.6,0.612706389176085,0.6000544974136485,FAR,FAR,0.0,1,,,0.01,0
C2_n0.01_d000_r04,C2,202616,1.24,1.24,0.0,0.6,0.6138767116023449,0.6035100509608226,FAR,FAR,0.0,1,,,0.01,0
C2_n0.01_d000_r04,C2,202616,1.26,1.26,0.0,0.6,0.6149462668130949,0.6063691049238906,FAR,FAR,0.0,1,,,0.01,0
C2_n0.01_d000_r04,C2,202616,1.28,1.28,0.0,0.6,0.5944963259120293,0.6034009101709252,FAR,FAR,0.0,1,,,0.01,0
C2_n0.01_d000_r04,C2,202616,1.3,1.3,0.0,0.6,0.6049559301712619,0.6037896651710094,FAR,FAR,0.0,1,,,0.01,0
C2_n0.01_d000_r04,C2,202616,1.32,1.32,0.0,0.6,0.6064882711334837,0.604464316661628,FAR,FAR,0.0,1,,,0.01,0
C2_n0.01_d000_r04,C2,202616,1.34,1.34,0.0,0.6,0.5982064207808047,0.6028998426914222,FAR,FAR,0.0,1,,,0.01,0
C2_n0.01_d000_r04,C2,202616,1.36,1.36,0.0,0.6,0.6019631171065005,0.6026656612951917,FAR,FAR,0.0,1,,,0.01,0
C2_n0.01_d000_r04,C2,202616,1.38,1.38,0.0,0.6,0.5996461269248053,0.6019107777025952,FAR,FAR,0.0,1,,,0.01,0
C2_n0.01_d000_r04,C2,202616,1.4,1.4,0.0,0.6,0.6057319784887519,0.6028660778991344,FAR,FAR,0.0,1,,,0.01,0
C2_n0.01_d000_r04,C2,202616,1.42,1.42,0.0,0.6,0.6080518106791073,0.6041625110941276,FAR,FAR,0.0,1,,,0.01,0
C2_n0.01_d000_r04,C2,202616,1.44,1.44,0.0,0.6,0.5985728503603518,0.6027650959106836,FAR,FAR,0.0,1,,,0.01,0
C2_n0.01_d000_r04,C2,202616,1.46,1.46,0.0,0.6,0.6076756603445367,0.6039927370191469,FAR,FAR,0.0,1,,,0.01,0
C2_n0.01_d000_r04,C2,202616,1.48,1.48,0.0,0.6,0.6017781907963289,0.6034391004634424,FAR,FAR,0.0,1,,,0.01,0
C2_n0.01_d000_r04,C2,202616,1.5,1.5,0.0,0.6,0.6203203693569647,0.607659417686823,FAR,FAR,0.0,1,,,0.01,0
C2_n0.01_d000_r04,C2,202616,1.52,1.52,0.0,0.6,0.5973136924311623,0.6050729863729079,FAR,FAR,0.0,1,,,0.01,0
C2_n0.01_d000_r04,C2,202616,1.54,1.54,0.0,0.6,0.6093901923013326,0.6061522878550141,FAR,FAR,0.0,1,,,0.01,0
C2_n0.01_d000_r04,C2,202616,1.56,1.56,0.0,0.6,0.5974440211151051,0.6039752211700369,FAR,FAR,0.0,1,,,0.01,0
C2_n0.01_d000_r04,C2,202616,1.58,1.58,0.0,0.6,0.6011946193591652,0.6032800707173189,FAR,FAR,0.0,1,,,0.01,0
C2_n0.01_d000_r04,C2,202616,1.6,1.6,0.0,0.6,0.5957733055424129,0.6014033794235925,FAR,FAR,0.0,1,,,0.01,0
C2_n0.01_d000_r04,C2,202616,1.62,1.62,0.0,0.6,0.6104913854656624,0.60367538093411,FAR,FAR,0.0,1,,,0.01,0
C2_n0.01_d000_r04,C2,202616,1.64,1.64,0.0,0.6,0.5784601516129108,0.5973715736038102,FAR,FAR,0.0,1,,,0.01,0
C2_n0.01_d000_r04,C2,202616,1.66,1.66,0.0,0.6,0.5969081915928517,0.5972557281010706,FAR,FAR,0.0,1,,,0.01,0
C2_n0.01_d000_r04,C2,202616,1.68,1.68,0.0,0.6,0.5961317099073832,0.5969747235526488,FAR,FAR,0.0,1,,,0.01,0
C2_n0.01_d000_r04,C2,202616,1.7,1.7,0.0,0.6,0.6033768648675618,0.5985752588813771,FAR,FAR,0.0,1,,,0.01,0
C2_n0.01_d000_r04,C2,202616,1.72,1.72,0.0,0.6,0.6108711919805928,0.601649242156181,FAR,FAR,0.0,1,,,0.01,0
C2_n0.01_d000_r04,C2,202616,1.74,1.74,0.0,0.6,0.5805984267122931,0.596386538295209,FAR,FAR,0.0,1,,,0.01,0
C2_n0.01_d000_r04,C2,202616,1.76,1.76,0.0,0.6,0.5902494807276478,0.5948522739033187,FAR,FAR,0.0,1,,,0.01,0
C2_n0.01_d000_r04,C2,202616,1.78,1.78,0.0,0.6,0.6066613541556073,0.5978045439663909,FAR,FAR,0.0,1,,,0.01,0
C2_n0.01_d000_r04,C2,202616,1.8,1.8,0.0,0.6,0.604102448541989,0.5993790201102904,FAR,FAR,0.0,1,,,0.01,0
C2_n0.01_d000_r04,C2,202616,1.82,1.82,0.0,0.6,0.5926228260317551,0.5976899715906566,FAR,FAR,0.0,1,,,0.01,0
C2_n0.01_d000_r04,C2,202616,1.84,1.84,0.0,0.6,0.5993602842625151,0.5981075497586212,FAR,FAR,0.0,1,,,0.01,0
C2_n0.01_d000_r04,C2,202616,1.86,1.86,0.0,0.6,0.5888075382112142,0.5957825468717695,FAR,FAR,0.0,1,,,0.01,0
C2_n0.01_d000_r04,C2,202616,1.88,1.88,0.0,0.6,0.614654775662385,0.6005006040694234,FAR,FAR,0.0,1,,,0.01,0
C2_n0.01_d000_r04,C2,202616,1.9,1.9,0.0,0.6,0.5847898344000335,0.5965729116520759,FAR,FAR,0.0,1,,,0.01,0
C2_n0.01_d000_r04,C2,202616,1.92,1.92,0.0,0.6,0.5830118940973323,0.59318265726339,FAR,FAR,0.0,1,,,0.01,0
C2_n0.01_d000_r04,C2,202616,1.94,1.94,0.0,0.6,0.5894146659106904,0.5922406594252151,FAR,FAR,0.0,1,,,0.01,0
C2_n0.01_d000_r04,C2,202616,1.96,1.96,0.0,0.6,0.5944540987101314,0.5927940192464441,FAR,FAR,0.0,1,,,0.01,0
C2_n0.01_d000_r04,C2,202616,1.98,1.98,0.0,0.6,0.5919786233636806,0.5925901702757532,FAR,FAR,0.0,1,,,0.01,0
C2_n0.01_d000_r04,C2,202616,2.0,2.0,0.0,0.6,0.5972661686159614,0.5937591698608052,FAR,FAR,0.0,1,,,0.01,0
C2_n0.01_d000_r04,C2,202616,2.02,2.02,0.0,0.6,0.6067429182241368,0.5970051069516381,FAR,FAR,0.0,1,,,0.01,0
C2_n0.01_d000_r04,C2,202616,2.04,2.04,0.0,0.6,0.6036669456015975,0.598670566614128,FAR,FAR,0.0,1,,,0.01,0
C2_n0.01_d000_r04,C2,202616,2.06,2.06,0.0,0.6,0.607347491473843,0.6008397978290567,FAR,FAR,0.0,1,,,0.01,0
C2_n0.01_d000_r04,C2,202616,2.08,2.08,0.0,0.6,0.6119156998550851,0.6036087733355638,FAR,FAR,0.0,1,,,0.01,0
C2_n0.01_d000_r04,C2,202616,2.1,2.1,0.0,0.6,0.6123525058406938,0.6057947064618463,FAR,FAR,0.0,1,,,0.01,0
C2_n0.01_d000_r04,C2,202616,2.12,2.12,0.0,0.6,0.5956630186658464,0.6032617845128463,FAR,FAR,0.0,1,,,0.01,0
C2_n0.01_d000_r04,C2,202616,2.14,2.14,0.0,0.6,0.5970577749827639,0.6017107821303257,FAR,FAR,0.0,1,,,0.01,0
C2_n0.01_d000_r04,C2,202616,2.16,2.16,0.0,0.6,0.6026979507296372,0.6019575742801536,FAR,FAR,0.0,1,,,0.01,0
C2_n0.01_d000_r04,C2,202616,2.18,2.18,0.0,0.6,0.5876165646806579,0.5983723218802797,FAR,FAR,0.0,1,,,0.01,0
C2_n0.01_d000_r04,C2,202616,2.2,2.2,0.0,0.6,0.6134383636796161,0.6021388323301138,FAR,FAR,0.0,1,,,0.01,0
C2_n0.01_d000_r04,C2,202616,2.22,2.22,0.0,0.6,0.5959514215646935,0.6005919796387587,FAR,FAR,0.0,1,,,0.01,0
C2_n0.01_d000_r04,C2,202616,2.24,2.24,0.0,0.6,0.6073903237388633,0.6022915656637848,FAR,FAR,0.0,1,,,0.01,0
C2_n0.01_d000_r04,C2,202616,2.26,2.26,0.0,0.6,0.5968408297716256,0.600928881690745,FAR,FAR,0.0,1,,,0.01,0
C2_n0.01_d000_r04,C2,202616,2.28,2.28,0.0,0.6,0.5969362325897153,0.5999307194154876,FAR,FAR,0.0,1,,,0.01,0
C2_n0.01_d000_r04,C2,202616,2.3,2.3,0.0,0.6,0.6038309214394246,0.6009057699214718,FAR,FAR,0.0,1,,,0.01,0
C2_n0.01_d000_r04,C2,202616,2.32,2.32,0.0,0.6,0.5956080800463156,0.5995813474526828,FAR,FAR,0.0,1,,,0.01,0
C2_n0.01_d000_r04,C2,202616,2.34,2.34,0.0,0.6,0.5995710811966405,0.5995787808886722,FAR,FAR,0.0,1,,,0.01,0
C2_n0.01_d000_r04,C2,202616,2.36,2.36,0.0,0.6,0.5982881596907764,0.5992561255891983,FAR,FAR,0.0,1,,,0.01,0
C2_n0.01_d000_r04,C2,202616,2.38,2.38,0.0,0.6,0.5976019502407905,0.5988425817520964,FAR,FAR,0.0,1,,,0.01,0
C2_n0.01_d000_r04,C2,202616,2.4,2.4,0.0,0.6,0.6072910124176333,0.6009546894184806,FAR,FAR,0.0,1,,,0.01,0
C2_n0.01_d000_r04,C2,202616,2.42,2.42,0.0,0.6,0.6105243336242253,0.6033471004699168,FAR,FAR,0.0,1,,,0.01,0
C2_n0.01_d000_r04,C2,202616,2.44,2.44,0.0,0.6,0.5850097887196082,0.5987627725323397,FAR,FAR,0.0,1,,,0.01,0
C2_n0.01_d000_r04,C2,202616,2.46,2.46,0.0,0.6,0.6210285305462888,0.604329212035827,FAR,FAR,0.0,1,,,0.01,0
C2_n0.01_d000_r04,C2,202616,2.48,2.48,0.0,0.6,0.5905496982117217,0.6008843335798006,FAR,FAR,0.0,1,,,0.01,0
C2_n0.01_d000_r04,C2,202616,2.5,2.5,0.0,0.6,0.6152847872510111,0.6044844469976033,FAR,FAR,0.0,1,,,0.01,0
C2_n0.01_d000_r04,C2,202616,2.52,2.52,0.0,0.6,0.612158024650135,0.6064028414107363,FAR,FAR,0.0,1,,,0.01,0
C2_n0.01_d000_r04,C2,202616,2.54,2.54,0.0,0.6,0.6114697788990376,0.6076695757828117,FAR,FAR,0.0,1,,,0.01,0
C2_n0.01_d000_r04,C2,202616,2.56,2.56,0.0,0.6,0.6154064002657711,0.6096037819035516,FAR,FAR,0.0,1,,,0.01,0
C2_n0.01_d000_r04,C2,202616,2.58,2.58,0.0,0.6,0.5960652147929956,0.6062191401259126,FAR,FAR,0.0,1,,,0.01,0
C2_n0.01_d000_r04,C2,202616,2.6,2.6,0.0,0.6,0.5906397825275821,0.60232430072633,FAR,FAR,0.0,1,,,0.01,0
C2_n0.01_d000_r04,C2,202616,2.62,2.62,0.0,0.6,0.5926256697192418,0.599899642974558,FAR,FAR,0.0,1,,,0.01,0
C2_n0.01_d000_r04,C2,202616,2.64,2.64,0.0,0.6,0.5877810902076133,0.5968700047828218,FAR,FAR,0.0,1,,,0.01,0
C2_n0.01_d000_r04,C2,202616,2.66,2.66,0.0,0.6,0.6199484191116237,0.6026396083650223,FAR,FAR,0.0,1,,,0.01,0
C2_n0.01_d000_r04,C2,202616,2.68,2.68,0.0,0.6,0.5970242051246176,0.6012357575549211,FAR,FAR,0.0,1,,,0.01,0
C2_n0.01_d000_r04,C2,202616,2.7,2.7,0.0,0.6,0.6010841669661728,0.6011978599077341,FAR,FAR,0.0,1,,,0.01,0
C2_n0.01_d000_r04,C2,202616,2.72,2.72,0.0,0.6,0.5845600858452197,0.5970384163921055,FAR,FAR,0.0,1,,,0.01,0
C2_n0.01_d000_r04,C2,202616,2.74,2.74,0.0,0.6,0.6058630139647965,0.5992445657852783,FAR,FAR,0.0,1,,,0.01,0
C2_n0.01_d000_r04,C2,202616,2.76,2.76,0.0,0.6,0.6145357332274834,0.6030673576458296,FAR,FAR,0.0,1,,,0.01,0
C2_n0.01_d000_r04,C2,202616,2.78,2.78,0.0,0.6,0.6117829209523636,0.6052462484724631,FAR,FAR,0.0,1,,,0.01,0
C2_n0.01_d000_r04,C2,202616,2.8,2.8,0.0,0.6,0.6080728051452104,0.6059528876406499,FAR,FAR,0.0,1,,,0.01,0
C2_n0.01_d000_r04,C2,202616,2.82,2.82,0.0,0.6,0.5751734988001036,0.5982580404305133,FAR,FAR,0.0,1,,,0.01,0
C2_n0.01_d000_r04,C2,202616,2.84,2.84,0.0,0.6,0.5914225951087355,0.5965491791000689,FAR,FAR,0.0,1,,,0.01,0
C2_n0.01_d000_r04,C2,202616,2.86,2.86,0.0,0.6,0.5957711809423389,0.5963546795606364,FAR,FAR,0.0,1,,,0.01,0
C2_n0.01_d000_r04,C2,202616,2.88,2.88,0.0,0.6,0.6006567338514901,0.5974301931333498,FAR,FAR,0.0,1,,,0.01,0
C2_n0.01_d000_r04,C2,202616,2.9,2.9,0.0,0.6,0.6135749461198627,0.601466381379978,FAR,FAR,0.0,1,,,0.01,0
C2_n0.01_d000_r04,C2,202616,2.92,2.92,0.0,0.6,0.609903329891778,0.603575618507928,FAR,FAR,0.0,1,,,0.01,0
C2_n0.01_d000_r04,C2,202616,2.94,2.94,0.0,0.6,0.5916020384051381,0.6005822234822304,FAR,FAR,0.0,1,,,0.01,0
C2_n0.01_d000_r04,C2,202616,2.96,2.96,0.0,0.6,0.6143723826504379,0.6040297632742824,FAR,FAR,0.0,1,,,0.01,0
C2_n0.01_d000_r04,C2,202616,2.98,2.98,0.0,0.6,0.6007979544003808,0.603221811055807,FAR,FAR,0.0,1,,,0.01,0
C2_n0.01_d000_r04,C2,202616,3.0,3.0,0.0,0.6,0.5919323538368308,0.6003994467510629,FAR,FAR,0.0,1,,,0.01,0
C2_n0.01_d000_r04,C2,202616,3.02,3.02,0.0,0.6,0.5995099934177937,0.6001770834177456,FAR,FAR,0.0,1,,,0.01,0
C2_n0.01_d000_r04,C2,202616,3.04,3.04,0.0,0.6,0.5945639587042992,0.598773802239384,FAR,FAR,0.0,1,,,0.01,0
C2_n0.01_d000_r04,C2,202616,3.06,3.06,0.0,0.6,0.6212453843550363,0.604391697768297,FAR,FAR,0.0,1,,,0.01,0
C2_n0.01_d000_r04,C2,202616,3.08,3.08,0.0,0.6,0.6014430183934549,0.6036545279245865,FAR,FAR,0.0,1,,,0.01,0
C2_n0.01_d000_r04,C2,202616,3.1,3.1,0.0,0.6,0.6080612172794252,0.6047562002632962,FAR,FAR,0.0,1,,,0.01,0
C2_n0.01_d000_r04,C2,202616,3.12,3.12,0.0,0.6,0.6001821108411133,0.6036126779077505,FAR,FAR,0.0,1,,,0.01,0
C2_n0.01_d000_r04,C2,202616,3.14,3.14,0.0,0.6,0.5968064468555343,0.6019111201446965,FAR,FAR,0.0,1,,,0.01,0
C2_n0.01_d000_r04,C2,202616,3.16,3.16,0.0,0.6,0.6106311593741451,0.6040911299520586,FAR,FAR,0.0,1,,,0.01,0
C2_n0.01_d000_r04,C2,202616,3.18,3.18,0.0,0.6,0.6039946691206501,0.6040670147442064,FAR,FAR,0.0,1,,,0.01,0
C2_n0.01_d000_r04,C2,202616,3.2,3.2,0.0,0.6,0.5886868953899468,0.6002219849056415,FAR,FAR,0.0,1,,,0.01,0
C2_n0.01_d000_r04,C2,202616,3.22,3.22,0.0,0.6,0.6043257770537108,0.6012479329426589,FAR,FAR,0.0,1,,,0.01,0
C2_n0.01_d000_r04,C2,202616,3.24,3.24,0.0,0.6,0.6087298990543356,0.6031184244705781,FAR,FAR,0.0,1,,,0.01,0
C2_n0.01_d000_r04,C2,202616,3.26,3.26,0.0,0.6,0.6145397524343508,0.6059737564615213,FAR,FAR,0.0,1,,,0.01,0
C2_n0.01_d000_r04,C2,202616,3.28,3.28,0.0,0.6,0.6020854512261755,0.6050016801526849,FAR,FAR,0.0,1,,,0.01,0
C2_n0.01_d000_r04,C2,202616,3.3,3.3,0.0,0.6,0.5965881218025839,0.6028982905651596,FAR,FAR,0.0,1,,,0.01,0
C2_n0.01_d000_r04,C2,202616,3.32,3.32,0.0,0.6,0.6008977709191264,0.6023981606536514,FAR,FAR,0.0,1,,,0.01,0
C2_n0.01_d000_r04,C2,202616,3.34,3.34,0.0,0.6,0.607177736444164,0.6035930546012795,FAR,FAR,0.0,1,,,0.01,0
C2_n0.01_d000_r04,C2,202616,3.36,3.36,0.0,0.6,0.6182285498672487,0.6072519284177719,FAR,FAR,0.0,1,,,0.01,0
C2_n0.01_d000_r04,C2,202616,3.38,3.38,0.0,0.6,0.6098587769156426,0.6079036405422396,FAR,FAR,0.0,1,,,0.01,0
C2_n0.01_d000_r04,C2,202616,3.4,3.4,0.0,0.6,0.6141413678465538,0.6094630723683181,FAR,FAR,0.0,1,,,0.01,0
C2_n0.01_d000_r04,C2,202616,3.42,3.42,0.0,0.6,0.6196717438348092,0.6120152402349408,FAR,FAR,0.0,1,,,0.01,0
C2_n0.01_d000_r04,C2,202616,3.44,3.44,0.0,0.6,0.6069036441752035,0.6107373412200064,FAR,FAR,0.0,1,,,0.01,0
C2_n0.01_d000_r04,C2,202616,3.46,3.46,0.0,0.6,0.5960450703868416,0.6070642735117153,FAR,FAR,0.0,1,,,0.01,0
C2_n0.01_d000_r04,C2,202616,3.48,3.48,0.0,0.6,0.6095949465132128,0.6076969417620897,FAR,FAR,0.0,1,,,0.01,0
C2_n0.01_d000_r04,C2,202616,3.5,3.5,0.0,0.6,0.5802365483012737,0.6008318433968857,FAR,FAR,0.0,1,,,0.01,0
C2_n0.01_d000_r04,C2,202616,3.52,3.52,0.0,0.6,0.6036777195925439,0.6015433124458003,FAR,FAR,0.0,1,,,0.01,0
C2_n0.01_d000_r04,C2,202616,3.54,3.54,0.0,0.6,0.6042117789010746,0.6022104290596189,FAR,FAR,0.0,1,,,0.01,0
C2_n0.01_d000_r04,C2,202616,3.56,3.56,0.0,0.6,0.6028556041947067,0.6023717228433908,FAR,FAR,0.0,1,,,0.01,0
C2_n0.01_d000_r04,C2,202616,3.58,3.58,0.0,0.6,0.5974520782546464,0.6011418116962047,FAR,FAR,0.0,1,,,0.01,0
C2_n0.01_d000_r04,C2,202616,3.6,3.6,0.0,0.6,0.624516351613908,0.6069854466756306,FAR,FAR,0.0,1,,,0.01,0
C2_n0.01_d000_r04,C2,202616,3.62,3.62,0.0,0.6,0.612200893505375,0.6082893083830667,FAR,FAR,0.0,1,,,0.01,0
C2_n0.01_d000_r04,C2,202616,3.64,3.64,0.0,0.6,0.6206219247534276,0.6113724624756569,FAR,FAR,0.0,1,,,0.01,0
C2_n0.01_d000_r04,C2,202616,3.66,3.66,0.0,0.6,0.5898630002725253,0.605995096924874,FAR,FAR,0.0,1,,,0.01,0
C2_n0.01_d000_r04,C2,202616,3.68,3.68,0.0,0.6,0.5848492728725768,0.6007086409117997,FAR,FAR,0.0,1,,,0.01,0
C2_n0.01_d000_r04,C2,202616,3.7,3.7,0.0,0.6,0.6028132802624776,0.6012348007494691,FAR,FAR,0.0,1,,,0.01,0
C2_n0.01_d000_r04,C2,202616,3.72,3.72,0.0,0.6,0.6078827841250979,0.6028967965933762,FAR,FAR,0.0,1,,,0.01,0
C2_n0.01_d000_r04,C2,202616,3.74,3.74,0.0,0.6,0.604194168690312,0.6032211396176101,FAR,FAR,0.0,1,,,0.01,0
C2_n0.01_d000_r04,C2,202616,3.76,3.76,0.0,0.6,0.6025900685316025,0.6030633718461083,FAR,FAR,0.0,1,,,0.01,0
C2_n0.01_d000_r04,C2,202616,3.78,3.78,0.0,0.6,0.5912303363346846,0.6001051129682523,FAR,FAR,0.0,1,,,0.01,0
C2_n0.01_d000_r04,C2,202616,3.8,3.8,0.0,0.6,0.5917192560118592,0.598008648729154,FAR,FAR,0.0,1,,,0.01,0
C2_n0.01_d000_r04,C2,202616,3.82,3.82,0.0,0.6,0.6135106026777526,0.6018841372163037,FAR,FAR,0.0,1,,,0.01,0
C2_n0.01_d000_r04,C2,202616,3.84,3.84,0.0,0.6,0.6113659527411444,0.6042545910975139,FAR,FAR,0.0,1,,,0.01,0
C2_n0.01_d000_r04,C2,202616,3.86,3.86,0.0,0.6,0.594068895248111,0.6017081671351632,FAR,FAR,0.0,1,,,0.01,0
C2_n0.01_d000_r04,C2,202616,3.88,3.88,0.0,0.6,0.5996716131333365,0.6011990286347065,FAR,FAR,0.0,1,,,0.01,0
C2_n0.01_d000_r04,C2,202616,3.9,3.9,0.0,0.6,0.5975723372382971,0.6002923557856041,FAR,FAR,0.0,1,,,0.01,0
C2_n0.01_d000_r04,C2,202616,3.92,3.92,0.0,0.6,0.6003437598512736,0.6003052068020215,FAR,FAR,0.0,1,,,0.01,0
C2_n0.01_d000_r04,C2,202616,3.94,3.94,0.0,0.6,0.5885558534157151,0.5973678684554449,FAR,FAR,0.0,1,,,0.01,0
C2_n0.01_d000_r04,C2,202616,3.96,3.96,0.0,0.6,0.6193992096851296,0.602875703762866,FAR,FAR,0.0,1,,,0.01,0
C2_n0.01_d000_r04,C2,202616,3.98,3.98,0.0,0.6,0.5989358374946007,0.6018907371957997,FAR,FAR,0.0,1,,,0.01,0
C2_n0.01_d000_r04,C2,202616,4.0,4.0,0.0,0.6,0.6108774857884517,0.6041374243439627,FAR,FAR,0.0,1,,,0.01,0
C2_n0.01_d000_r04,C2,202616,4.02,4.02,0.0,0.5982500000000001,0.5770951700216914,0.5973768607633948,FAR,FAR,0.0,1,,,0.01,0
C2_n0.01_d000_r04,C2,202616,4.04,4.04,0.0,0.5965,0.5964309871773347,0.5971403923668798,FAR,FAR,0.0,1,,,0.01,0
C2_n0.01_d000_r04,C2,202616,4.06,4.06,0.0,0.59475,0.5926308312153349,0.5960130020789935,FAR,FAR,0.0,1,,,0.01,0
C2_n0.01_d000_r04,C2,202616,4.08,4.08,0.0,0.593,0.6078778166868312,0.598979205730953,FAR,FAR,0.0,1,,,0.01,0
C2_n0.01_d000_r04,C2,202616,4.1,4.1,0.0,0.59125,0.5890663479406539,0.5965009912833782,FAR,FAR,0.0,1,,,0.01,0
C2_n0.01_d000_r04,C2,202616,4.12,4.12,0.0,0.5894999999999999,0.5890117244863006,0.5946286745841087,FAR,FAR,0.0,1,,,0.01,0
C2_n0.01_d000_r04,C2,202616,4.14,4.14,0.0,0.58775,0.5839872373385038,0.5919683152727075,FAR,FAR,0.0,1,,,0.01,0
C2_n0.01_d000_r04,C2,202616,4.16,4.16,0.0,0.586,0.5853978259035445,0.5903256929304168,FAR,FAR,0.0,1,,,0.01,0
C2_n0.01_d000_r04,C2,202616,4.18,4.18,0.0,0.58425,0.5858515004595578,0.5892071448127021,FAR,FAR,0.0,1,,,0.01,0
C2_n0.01_d000_r04,C2,202616,4.2,4.2,0.0,0.5825,0.5885101209927632,0.5890328888577174,FAR,FAR,0.0,1,,,0.01,0
C2_n0.01_d000_r04,C2,202616,4.22,4.22,0.0,0.58075,0.5819856214820521,0.5872710720138011,FAR,FAR,0.0,1,,,0.01,0
C2_n0.01_d000_r04,C2,202616,4.24,4.24,0.0,0.579,0.572998741468477,0.5837029893774701,FAR,FAR,0.0,1,,,0.01,0
C2_n0.01_d000_r04,C2,202616,4.26,4.26,0.0,0.57725,0.5641163147095735,0.578806320710496,FAR,FAR,0.0,1,,,0.01,0
C2_n0.01_d000_r04,C2,202616,4.28,4.28,0.0,0.5754999999999999,0.5757997191043511,0.5780546703089597,FAR,FAR,0.0,1,,,0.01,0
C2_n0.01_d000_r04,C2,202616,4.3,4.3,0.0,0.57375,0.5705508847066145,0.5761787239083734,FAR,FAR,0.0,1,,,0.01,0
C2_n0.01_d000_r04,C2,202616,4.32,4.32,0.0,0.572,0.5728065402343527,0.5753356779898683,FAR,FAR,0.0,1,,,0.01,0
C2_n0.01_d000_r04,C2,202616,4.34,4.34,0.0,0.57025,0.5953599084894357,0.5803417356147602,FAR,FAR,0.0,1,,,0.01,0
C2_n0.01_d000_r04,C2,202616,4.36,4.36,0.0,0.5685,0.5823469191503414,0.5808430314986555,FAR,FAR,0.0,1,,,0.01,0
C2_n0.01_d000_r04,C2,202616,4.38,4.38,0.0,0.56675,0.5679377870653219,0.5776167203903221,FAR,FAR,0.0,1,,,0.01,0
C2_n0.01_d000_r04,C2,202616,4.4,4.4,0.0,0.565,0.5505905374871777,0.570860174664536,FAR,FAR,0.0,1,,,0.01,0
C2_n0.01_d000_r04,C2,202616,4.42,4.42,0.0,0.56325,0.5613796891673238,0.5684900532902329,FAR,FAR,0.0,1,,,0.01,0
C2_n0.01_d000_r04,C2,202616,4.44,4.44,0.0,0.5614999999999999,0.5680490572487511,0.5683798042798625,FAR,FAR,0.0,1,,,0.01,0
C2_n0.01_d000_r04,C2,202616,4.46,4.46,0.0,0.55975,0.5753053749821141,0.5701111969554253,FAR,FAR,0.0,1,,,0.01,0
C2_n0.01_d000_r04,C2,202616,4.48,4.48,0.0,0.5579999999999999,0.564277843018415,0.5686528584711728,FAR,FAR,0.0,1,,,0.01,0
C2_n0.01_d000_r04,C2,202616,4.5,4.5,0.0,0.55625,0.5432350818491205,0.5622984143156597,FAR,FAR,0.0,1,,,0.01,0
C2_n0.01_d000_r04,C2,202616,4.52,4.52,0.0,0.5545,0.5621013470988211,0.56224914751145,FAR,FAR,0.0,1,,,0.01,0
C2_n0.01_d000_r04,C2,202616,4.54,4.54,0.0,0.55275,0.5422085693065019,0.557239002960213,FAR,FAR,0.0,1,,,0.01,0
C2_n0.01_d000_r04,C2,202616,4.56,4.56,0.0,0.551,0.5463846125361739,0.5545254053542032,FAR,FAR,0.0,1,,,0.01,0
C2_n0.01_d000_r04,C2,202616,4.58,4.58,0.0,0.54925,0.5406660595462706,0.5510605689022201,FAR,FAR,0.0,1,,,0.01,0
C2_n0.01_d000_r04,C2,202616,4.6,4.6,0.0,0.5475,0.5508241617947128,0.5510014671253433,FAR,FAR,0.0,1,,,0.01,0
C2_n0.01_d000_r04,C2,202616,4.62,4.62,0.0,0.54575,0.5564704655132493,0.5523687167223198,FAR,FAR,0.0,1,,,0.01,0
C2_n0.01_d000_r04,C2,202616,4.64,4.64,0.0,0.544,0.5290243918507223,0.5465326355044204,FAR,FAR,0.0,1,,,0.01,0
C2_n0.01_d000_r04,C2,202616,4.66,4.66,0.0,0.54225,0.5192140686635933,0.5397029937942137,FAR,FAR,0.0,1,,,0.01,0
C2_n0.01_d000_r04,C2,202616,4.68,4.68,0.0,0.5405,0.5266763735988826,0.536446338745381,FAR,FAR,0.0,1,,,0.01,0
C2_n0.01_d000_r04,C2,202616,4.7,4.7,0.0,0.53875,0.5427251634709872,0.5380160449267826,FAR,FAR,0.0,1,,,0.01,0
C2_n0.01_d000_r04,C2,202616,4.72,4.72,0.0,0.537,0.5388884303312862,0.5382341412779085,FAR,FAR,0.0,1,,,0.01,0
C2_n0.01_d000_r04,C2,202616,4.74,4.74,0.0,0.53525,0.5319448511906701,0.5366618187560989,FAR,FAR,0.0,1,,,0.01,0
C2_n0.01_d000_r04,C2,202616,4.76,4.76,0.0,0.5335,0.5229944782447278,0.533244983628256,FAR,FAR,0.0,1,,,0.01,0
C2_n0.01_d000_r04,C2,202616,4.78,4.78,0.0,0.53175,0.530979811180522,0.5326786905163226,FAR,FAR,0.0,1,,,0.01,0
C2_n0.01_d000_r04,C2,202616,4.8,4.8,0.0,0.53,0.5236759625686949,0.5304280085294156,FAR,FAR,0.0,1,,,0.01,0
C2_n0.01_d000_r04,C2,202616,4.82,4.82,0.0,0.52825,0.5240205447659432,0.5288261425885475,FAR,FAR,0.0,1,,,0.01,0
C2_n0.01_d000_r04,C2,202616,4.84,4.84,0.0,0.5265,0.5318850792709726,0.5295908767591537,FAR,FAR,0.0,1,,,0.01,0
C2_n0.01_d000_r04,C2,202616,4.86,4.86,0.0,0.5247499999999999,0.5264455215386199,0.5288045379540203,FAR,FAR,0.0,1,,,0.01,0
C2_n0.01_d000_r04,C2,202616,4.88,4.88,0.0,0.523,0.5189211081933174,0.5263336805138445,FAR,FAR,0.0,1,,,0.01,0
C2_n0.01_d000_r04,C2,202616,4.9,4.9,0.0,0.52125,0.5135719236350075,0.5231432412941353,FAR,FAR,0.0,1,,,0.01,0
C2_n0.01_d000_r04,C2,202616,4.92,4.92,0.0,0.5195,0.5038243339947345,0.5183135144692851,FAR,FAR,0.0,1,,,0.01,0
C2_n0.01_d000_r04,C2,202616,4.94,4.94,0.0,0.5177499999999999,0.5240877112878575,0.5197570636739282,FAR,FAR,0.0,1,,,0.01,0
C2_n0.01_d000_r04,C2,202616,4.96,4.96,0.0,0.516,0.5244765075625294,0.5209369246460784,FAR,FAR,0.0,1,,,0.01,0
C2_n0.01_d000_r04,C2,202616,4.98,4.98,0.0,0.51425,0.4933010329331894,0.5140279517178562,FAR,FAR,0.0,1,,,0.01,0
C2_n0.01_d000_r04,C2,202616,5.0,5.0,0.0,0.5125,0.5300972152434688,0.5180452675992594,FAR,FAR,0.0,1,,,0.01,0
C2_n0.01_d000_r04,C2,202616,5.02,5.02,0.0,0.51075,0.5177804792798626,0.5179790705194102,FAR,FAR,0.0,1,,,0.01,0
C2_n0.01_d000_r04,C2,202616,5.04,5.04,0.0,0.509,0.5183212581302125,0.5180646174221107,FAR,FAR,0.0,1,,,0.01,0
C2_n0.01_d000_r04,C2,202616,5.06,5.06,0.0,0.50725,0.5088495903503252,0.5157608606541644,FAR,FAR,0.0,1,,,0.01,0
C2_n0.01_d000_r04,C2,202616,5.08,5.08,0.0,0.5055,0.5108947642590072,0.514544336555375,FAR,FAR,0.0,1,,,0.01,0
C2_n0.01_d000_r04,C2,202616,5.1,5.1,0.0,0.50375,0.49481734949565614,0.5096125897904453,FAR,FAR,0.0,1,,,0.01,0
C2_n0.01_d000_r04,C2,202616,5.12,5.12,0.0,0.502,0.4959647822713599,0.5062006379106739,FAR,FAR,0.0,1,,,0.01,0
C2_n0.01_d000_r04,C2,202616,5.14,5.14,0.0,0.50025,0.5062827055968868,0.5062211548322272,FAR,FAR,0.0,1,,,0.01,0
C2_n0.01_d000_r04,C2,202616,5.16,5.16,0.0,0.49849999999999994,0.5190641965778269,0.5094319152686271,FAR,FAR,0.0,1,,,0.01,0
C2_n0.01_d000_r04,C2,202616,5.18,5.18,0.0,0.49675,0.49280473308024225,0.5052751197215308,FAR,FAR,0.0,1,,,0.01,0
C2_n0.01_d000_r04,C2,202616,5.2,5.2,0.0,0.495,0.49310040861431,0.5022314419447256,FAR,FAR,0.0,1,,,0.01,0
C2_n0.01_d000_r04,C2,202616,5.22,5.22,0.0,0.49325,0.49695116357620295,0.5009113723525949,FAR,FAR,0.0,1,,,0.01,0
C2_n0.01_d000_r04,C2,202616,5.24,5.24,0.0,0.49149999999999994,0.5143757119761911,0.5042774572584939,FAR,FAR,0.0,1,,,0.01,0
C2_n0.01_d000_r04,C2,202616,5.26,5.26,0.0,0.48975,0.5020830644487724,0.5037288590560636,FAR,FAR,0.0,1,,,0.01,0
C2_n0.01_d000_r04,C2,202616,5.28,5.28,0.0,0.488,0.49046500827389455,0.5004128963605213,FAR,FAR,0.0,1,,,0.01,0
C2_n0.01_d000_r04,C2,202616,5.3,5.3,0.0,0.48625,0.4824893851089011,0.4959320185476163,FAR,FAR,0.0,1,,,0.01,0
C2_n0.01_d000_r04,C2,202616,5.32,5.32,0.0,0.48449999999999993,0.48524172171930796,0.4932594443405392,FAR,FAR,0.0,1,,,0.01,0
C2_n0.01_d000_r04,C2,202616,5.34,5.34,0.0,0.48275,0.4857159116502799,0.49137356116797437,FAR,FAR,0.0,1,,,0.01,0
C2_n0.01_d000_r04,C2,202616,5.36,5.36,0.0,0.481,0.4725136119683541,0.4866585738680693,FAR,FAR,0.0,1,,,0.01,0
C2_n0.01_d000_r04,C2,202616,5.38,5.38,0.0,0.47925,0.47477360797231566,0.4836873323941309,FAR,FAR,0.0,1,,,0.01,0
C2_n0.01_d000_r04,C2,202616,5.4,5.4,0.0,0.4774999999999999,0.46390350462306507,0.47874137545136447,FAR,FAR,0.0,1,,,0.01,0
C2_n0.01_d000_r04,C2,202616,5.42,5.42,0.0,0.47575,0.4808205199650649,0.4792611615797896,FAR,FAR,0.0,1,,,0.01,0
C2_n0.01_d000_r04,C2,202616,5.44,5.44,0.0,0.474,0.4674044801130307,0.4762969912130999,FAR,FAR,0.0,1,,,0.01,0
C2_n0.01_d000_r04,C2,202616,5.46,5.46,0.0,0.47224999999999995,0.47818857762532485,0.47676988781615615,FAR,FAR,0.0,1,,,0.01,0
C2_n0.01_d000_r04,C2,202616,5.48,5.48,0.0,0.4704999999999999,0.47536824847583703,0.47641947798107637,FAR,FAR,0.0,1,,,0.01,0
C2_n0.01_d000_r04,C2,202616,5.5,5.5,0.0,0.46875,0.48882668400276647,0.47952127948649886,FAR,FAR,0.0,1,,,0.01,0
C2_n0.01_d000_r04,C2,202616,5.52,5.52,0.0,0.467,0.4605805155786679,0.4747860885095411,FAR,FAR,0.0,1,,,0.01,0
C2_n0.01_d000_r04,C2,202616,5.54,5.54,0.0,0.46525,0.4642709150140789,0.47215729513567556,FAR,FAR,0.0,1,,,0.01,0
C2_n0.01_d000_r04,C2,202616,5.56,5.56,0.0,0.4635,0.4583743494668709,0.46871155871847436,FAR,FAR,0.0,1,,,0.01,0
C2_n0.01_d000_r04,C2,202616,5.58,5.58,0.0,0.46175,0.4684413513092521,0.46864400686616875,FAR,FAR,0.0,1,,,0.01,0
C2_n0.01_d000_r04,C2,202616,5.6,5.6,0.0,0.46,0.46330874337996975,0.467310190994619,FAR,FAR,0.0,1,,,0.01,0
C2_n0.01_d000_r04,C2,202616,5.62,5.62,0.0,0.45825,0.46436622764372876,0.46657420015689643,FAR,FAR,0.0,1,,,0.01,0
C2_n0.01_d000_r04,C2,202616,5.64,5.64,0.0,0.4565,0.4557767739720354,0.4638748436106812,FAR,FAR,0.0,1,,,0.01,0
C2_n0.01_d000_r04,C2,202616,5.66,5.66,0.0,0.45475,0.4377238634491057,0.4573370985702873,FAR,FAR,0.0,1,,,0.01,0
C2_n0.01_d000_r04,C2,202616,5.68,5.68,0.0,0.453,0.45918253580727125,0.45779845787953327,FAR,FAR,0.0,1,,,0.01,0
C2_n0.01_d000_r04,C2,202616,5.7,5.7,0.0,0.45125,0.4467275506471304,0.45503073107143255,FAR,FAR,0.0,1,,,0.01,0
C2_n0.01_d000_r04,C2,202616,5.72,5.72,0.0,0.4495,0.459609897375653,0.4561755226474877,FAR,FAR,0.0,1,,,0.01,0
C2_n0.01_d000_r04,C2,202616,5.74,5.74,0.0,0.44775,0.4392050425680736,0.45193290262763414,FAR,FAR,0.0,1,,,0.01,0
C2_n0.01_d000_r04,C2,202616,5.76,5.76,0.0,0.446,0.44127989122326866,0.44926964977654277,FAR,FAR,0.0,1,,,0.01,0
C2_n0.01_d000_r04,C2,202616,5.78,5.78,0.0,0.44425,0.4581472283781268,0.4514890444269388,FAR,FAR,0.0,1,,,0.01,0
C2_n0.01_d000_r04,C2,202616,5.8,5.8,0.0,0.4425,0.443607288504027,0.44951860544621086,FAR,FAR,0.0,1,,,0.01,0
C2_n0.01_d000_r04,C2,202616,5.82,5.82,0.0,0.44075,0.4282413675572989,0.4441992959739829,FAR,FAR,0.0,1,,,0.01,0
C2_n0.01_d000_r04,C2,202616,5.84,5.84,0.0,0.439,0.42860220313196296,0.4403000227634779,FAR,FAR,0.0,1,,,0.01,0
C2_n0.01_d000_r04,C2,202616,5.86,5.86,0.0,0.43724999999999997,0.4446996738657725,0.44139993553905155,FAR,FAR,0.0,1,,,0.01,0
C2_n0.01_d000_r04,C2,202616,5.88,5.88,0.0,0.4355,0.4385338060656704,0.4406834031707062,FAR,FAR,0.0,1,,,0.01,0
C2_n0.01_d000_r04,C2,202616,5.9,5.9,0.0,0.43374999999999997,0.4315904994627097,0.4384101772437071,FAR,FAR,0.0,1,,,0.01,0
C2_n0.01_d000_r04,C2,202616,5.92,5.92,0.0,0.432,0.423588912348851,0.4347048610199931,FAR,FAR,0.0,1,,,0.01,0
C2_n0.01_d000_r04,C2,202616,5.94,5.94,0.0,0.43024999999999997,0.42066000661413644,0.43119364741852895,FAR,FAR,0.0,1,,,0.01,0
C2_n0.01_d000_r04,C2,202616,5.96,5.96,0.0,0.4285,0.4229635771100572,0.42913612984141103,FAR,FAR,0.0,1,,,0.01,0
C2_n0.01_d000_r04,C2,202616,5.98,5.98,0.0,0.42674999999999996,0.4371411722711331,0.43113739044884153,FAR,FAR,0.0,1,,,0.01,0
C2_n0.01_d000_r04,C2,202616,6.0,6.0,0.0,0.425,0.44513807789282545,0.4346375623098375,FAR,FAR,0.0,1,,,0.01,0
C2_n0.01_d000_r04,C2,202616,6.02,6.02,0.0,0.42325,0.43375469709983416,0.43441684600733665,FAR,FAR,0.0,1,,,0.01,0
C2_n0.01_d000_r04,C2,202616,6.04,6.04,0.0,0.4215,0.41927913558059915,0.43063241840065225,FAR,FAR,0.0,1,,,0.01,0
C2_n0.01_d000_r04,C2,202616,6.06,6.06,0.0,0.41975,0.42632077872778273,0.42955450848243487,FAR,FAR,0.0,1,,,0.01,0
C2_n0.01_d000_r04,C2,202616,6.08,6.08,0.0,0.418,0.4216770842993241,0.4275851524366572,FAR,FAR,0.0,1,,,0.01,0
C2_n0.01_d000_r04,C2,202616,6.1,6.1,0.0,0.41625,0.41977276419931836,0.42563205537732246,FAR,FAR,0.0,1,,,0.01,0
C2_n0.01_d000_r04,C2,202616,6.12,6.12,0.0,0.4145,0.4109733616777812,0.4219673819524371,FAR,FAR,0.0,1,,,0.01,0
C2_n0.01_d000_r04,C2,202616,6.14,6.14,0.0,0.41275,0.42968470665638026,0.42389671312842286,FAR,FAR,0.0,1,,,0.01,0
C2_n0.01_d000_r04,C2,202616,6.16,6.16,0.0,0.411,0.4177477845416025,0.42235948098171777,FAR,FAR,0.0,1,,,0.01,0
C2_n0.01_d000_r04,C2,202616,6.18,6.18,0.0,0.40925,0.40523834267864844,0.4180791964059505,FAR,FAR,0.0,1,,,0.01,0
C2_n0.01_d000_r04,C2,202616,6.2,6.2,0.0,0.4075,0.4246351557953928,0.41971818625331103,FAR,FAR,0.0,1,,,0.01,0
C2_n0.01_d000_r04,C2,202616,6.22,6.22,0.0,0.40575,0.39360942145446826,0.41319099505360035,FAR,FAR,0.0,1,,,0.01,0
C2_n0.01_d000_r04,C2,202616,6.24,6.24,0.0,0.40399999999999997,0.41154478840665565,0.4127794433918642,FAR,FAR,0.0,1,,,0.01,0
C2_n0.01_d000_r04,C2,202616,6.26,6.26,0.0,0.40225,0.40608531949823545,0.411105912418457,FAR,FAR,0.0,1,,,0.01,0
C2_n0.01_d000_r04,C2,202616,6.28,6.28,0.0,0.40049999999999997,0.37902518995521645,0.40308573180264684,FAR,FAR,0.0,1,,,0.01,0
C2_n0.01_d000_r04,C2,202616,6.3,6.3,0.0,0.39875,0.40168847275495795,0.4027364170407246,FAR,FAR,0.0,1,,,0.01,0
C2_n0.01_d000_r04,C2,202616,6.32,6.32,0.0,0.39699999999999996,0.38916321864903364,0.3993431174428019,FAR,FAR,0.0,1,,,0.01,0
C2_n0.01_d000_r04,C2,202616,6.34,6.34,0.0,0.39525,0.3982714622367387,0.39907520364128607,FAR,FAR,0.0,1,,,0.01,0
C2_n0.01_d000_r04,C2,202616,6.36,6.36,0.0,0.39349999999999996,0.40645108908533184,0.4009191750022975,FAR,FAR,0.0,1,,,0.01,0
C2_n0.01_d000_r04,C2,202616,6.38,6.38,0.0,0.39175,0.38616151148660777,0.39722975912337505,FAR,FAR,0.0,1,,,0.01,0
C2_n0.01_d000_r04,C2,202616,6.4,6.4,0.0,0.38999999999999996,0.3685122387247417,0.3900503790237167,FAR,FAR,0.0,1,,,0.01,0
C2_n0.01_d000_r04,C2,202616,6.42,6.42,0.0,0.38825,0.384215186971198,0.38859158101058705,FAR,FAR,0.0,1,,,0.01,0
C2_n0.01_d000_r04,C2,202616,6.44,6.44,0.0,0.38649999999999995,0.386131729237869,0.3879766180674075,FAR,FAR,0.0,1,,,0.01,0
C2_n0.01_d000_r04,C2,202616,6.46,6.46,0.0,0.38475,0.3831821439805544,0.38677799954569425,FAR,FAR,0.0,1,,,0.01,0
C2_n0.01_d000_r04,C2,202616,6.48,6.48,0.0,0.38299999999999995,0.38297175207825573,0.3858264376788346,FAR,FAR,0.0,1,,,0.01,0
C2_n0.01_d000_r04,C2,202616,6.5,6.5,0.0,0.38125,0.37596909620638347,0.3833621023107218,FAR,FAR,0.0,1,,,0.01,0
C2_n0.01_d000_r04,C2,202616,6.52,6.52,0.0,0.37950000000000006,0.3769132360960843,0.3817498857570624,FAR,FAR,0.0,1,,,0.01,0
C2_n0.01_d000_r04,C2,202616,6.54,6.54,0.0,0.37775000000000003,0.38057667558579317,0.3814565832142451,FAR,FAR,0.0,1,,,0.01,0
C2_n0.01_d000_r04,C2,202616,6.56,6.56,0.0,0.376,0.3681854874472339,0.37813880927249227,FAR,FAR,0.0,1,,,0.01,0
C2_n0.01_d000_r04,C2,202616,6.58,6.58,0.0,0.37424999999999997,0.34453912675933296,0.36973888864420246,FAR,FAR,0.0,1,,,0.01,0
C2_n0.01_d000_r04,C2,202616,6.6,6.6,0.0,0.37250000000000005,0.36525035123596594,0.3686167542921433,FAR,FAR,0.0,1,,,0.01,0
C2_n0.01_d000_r04,C2,202616,6.62,6.62,0.0,0.37075,0.38295146750104225,0.3722004325943681,FAR,FAR,0.0,1,,,0.01,0
C2_n0.01_d000_r04,C2,202616,6.64,6.64,0.0,0.369,0.3748098997069402,0.3728527993725111,FAR,FAR,0.0,1,,,0.01,0
C2_n0.01_d000_r04,C2,202616,6.66,6.66,0.0,0.36724999999999997,0.36749068677751157,0.37151227122376124,FAR,FAR,0.0,1,,,0.01,0
C2_n0.01_d000_r04,C2,202616,6.68,6.68,0.0,0.36550000000000005,0.3601101589196803,0.368661743147741,FAR,FAR,0.0,1,,,0.01,0
C2_n0.01_d000_r04,C2,202616,6.7,6.7,0.0,0.36375,0.3575947385877911,0.3658949920077535,FAR,FAR,0.0,1,,,0.01,0
C2_n0.01_d000_r04,C2,202616,6.72,6.72,0.0,0.362,0.37024143469476983,0.3669816026795076,FAR,FAR,0.0,1,,,0.01,0
C2_n0.01_d000_r04,C2,202616,6.74,6.74,0.0,0.36024999999999996,0.3625930711531035,0.36588446979790656,FAR,FAR,0.0,1,,,0.01,0
C2_n0.01_d000_r04,C2,202616,6.76,6.76,0.0,0.35850000000000004,0.37007964944757044,0.3669332647103225,FAR,FAR,0.0,1,,,0.01,0
C2_n0.01_d000_r04,C2,202616,6.78,6.78,0.0,0.35675,0.3548199045072338,0.3639049246595503,FAR,FAR,0.0,1,,,0.01,0
C2_n0.01_d000_r04,C2,202616,6.8,6.8,0.0,0.355,0.3532080933148736,0.36123071682338115,FAR,FAR,0.0,1,,,0.01,0
C2_n0.01_d000_r04,C2,202616,6.82,6.82,0.0,0.35324999999999995,0.3493597592017201,0.3582629774179659,FAR,FAR,0.0,1,,,0.01,0
C2_n0.01_d000_r04,C2,202616,6.84,6.84,0.0,0.35150000000000003,0.3298153082379068,0.3511510601229511,FAR,FAR,0.0,1,,,0.01,0
C2_n0.01_d000_r04,C2,202616,6.86,6.86,0.0,0.34974999999999995,0.37275850224885754,0.35655292065442773,NEAR,FAR,0.0,1,,,0.01,0
C2_n0.01_d000_r04,C2,202616,6.88,6.88,0.0,0.348,0.3377875145700108,0.3518615691333235,NEAR,FAR,0.0,1,,,0.01,0
C2_n0.01_d000_r04,C2,202616,6.9,6.9,0.0,0.34624999999999995,0.3238160786939935,0.34485019652349097,NEAR,FAR,0.0,1,,,0.01,0
C2_n0.01_d000_r04,C2,202616,6.92,6.92,0.0,0.3445,0.36974964717861103,0.351075059187271,NEAR,FAR,0.0,1,,,0.01,0
C2_n0.01_d000_r04,C2,202616,6.94,6.94,0.0,0.34274999999999994,0.3349721067871391,0.34704932108723807,NEAR,FAR,0.0,1,,,0.01,0
C2_n0.01_d000_r04,C2,202616,6.96,6.96,0.0,0.34099999999999997,0.34254381501116243,0.34592294456821915,NEAR,FAR,0.0,1,,,0.01,0
C2_n0.01_d000_r04,C2,202616,6.98,6.98,0.0,0.33924999999999994,0.33305516216316666,0.3427059989669561,NEAR,FAR,0.0,1,,,0.01,0
C2_n0.01_d000_r04,C2,202616,7.0,7.0,0.0,0.3375,0.33500228759491596,0.34078007112394604,NEAR,FAR,0.0,1,,,0.01,0
C2_n0.01_d000_r04,C2,202616,7.02,7.02,0.0,0.33575000000000005,0.34706565663698946,0.3423514675022069,NEAR,FAR,0.0,1,,,0.01,0
C2_n0.01_d000_r04,C2,202616,7.04,7.04,0.0,0.334,0.34988756462143594,0.3442354917820141,NEAR,FAR,0.0,1,,,0.01,0
C2_n0.01_d000_r04,C2,202616,7.06,7.06,0.0,0.33225000000000005,0.318093645956827,0.3377000303257174,NEAR,FAR,0.0,1,,,0.01,0
C2_n0.01_d000_r04,C2,202616,7.08,7.08,0.0,0.3305,0.3418315935733336,0.33873292113762143,NEAR,FAR,0.0,1,,,0.01,0
C2_n0.01_d000_r04,C2,202616,7.1,7.1,0.0,0.32875000000000004,0.321054689502348,0.33431336322880306,NEAR,FAR,0.0,1,,,0.01,0
C2_n0.01_d000_r04,C2,202616,7.12,7.12,0.0,0.327,0.33402180171257095,0.334240472849745,NEAR,FAR,0.0,1,,,0.01,0
C2_n0.01_d000_r04,C2,202616,7.14,7.14,0.0,0.32525000000000004,0.31579114498847566,0.32962814088442766,NEAR,FAR,0.0,1,,,0.01,0
C2_n0.01_d000_r04,C2,202616,7.16,7.16,0.0,0.3235,0.3337487128586328,0.3306582838779789,NEAR,FAR,0.0,1,,,0.01,0
C2_n0.01_d000_r04,C2,202616,7.18,7.18,0.0,0.32175000000000004,0.3195843728969081,0.32788980613271124,NEAR,FAR,0.0,1,,,0.01,0
C2_n0.01_d000_r04,C2,202616,7.2,7.2,0.0,0.32,0.3303800551840395,0.3285123683955433,NEAR,FAR,0.0,1,,,0.01,0
C2_n0.01_d000_r04,C2,202616,7.22,7.22,0.0,0.31825000000000003,0.3378420894223358,0.3308447986522414,NEAR,FAR,0.0,1,,,0.01,0
C2_n0.01_d000_r04,C2,202616,7.24,7.24,0.0,0.3165,0.33314902935157725,0.3314208563270754,NEAR,FAR,0.0,1,,,0.01,0
C2_n0.01_d000_r04,C2,202616,7.26,7.26,0.0,0.31475000000000003,0.3041049106264511,0.32459186990191935,NEAR,FAR,0.0,1,,,0.01,0
C2_n0.01_d000_r04,C2,202616,7.28,7.28,0.0,0.313,0.32248097670613857,0.32406414660297417,NEAR,FAR,0.0,1,,,0.01,0
C2_n0.01_d000_r04,C2,202616,7.3,7.3,0.0,0.31125,0.30649462026984337,0.31967176501969147,NEAR,NEAR,0.6,1,ENTER_NEAR,,0.01,0
C2_n0.01_d000_r04,C2,202616,7.32,7.32,0.0,0.3095,0.3102290313525466,0.3173110816029053,NEAR,NEAR,0.6,1,,,0.01,0
C2_n0.01_d000_r04,C2,202616,7.34,7.34,0.0,0.30775,0.3043908716203466,0.31408102910726565,NEAR,NEAR,0.6,1,,,0.01,0
C2_n0.01_d000_r04,C2,202616,7.36,7.36,0.0,0.306,0.3077798732410431,0.31250574014071003,NEAR,NEAR,0.6,1,,,0.01,0
C2_n0.01_d000_r04,C2,202616,7.38,7.38,0.0,0.30425,0.282798046292012,0.30507881667853554,NEAR,NEAR,0.6,1,,,0.01,0
C2_n0.01_d000_r04,C2,202616,7.4,7.4,0.0,0.3025,0.31547281304116065,0.30767731576919183,NEAR,NEAR,0.6,1,,,0.01,0
C2_n0.01_d000_r04,C2,202616,7.42,7.42,0.0,0.30075,0.30934471340883646,0.308094165179103,NEAR,NEAR,0.6,1,,,0.01,0
C2_n0.01_d000_r04,C2,202616,7.44,7.44,0.0,0.299,0.2827437277294041,0.30175655581667826,NEAR,NEAR,0.6,1,,,0.01,0
C2_n0.01_d000_r04,C2,202616,7.46,7.46,0.0,0.29725,0.2912552690232643,0.29913123411832476,NEAR,NEAR,0.6,1,,,0.01,0
C2_n0.01_d000_r04,C2,202616,7.48,7.48,0.0,0.2955,0.2804870358130112,0.29447018454199636,NEAR,NEAR,0.6,1,,,0.01,0
C2_n0.01_d000_r04,C2,202616,7.5,7.5,0.0,0.29375,0.28270800071634994,0.2915296385855848,NEAR,NEAR,0.6,1,,,0.01,0
C2_n0.01_d000_r04,C2,202616,7.52,7.52,0.0,0.29200000000000004,0.29019338193869626,0.2911955744238627,NEAR,NEAR,0.6,1,,,0.01,0
C2_n0.01_d000_r04,C2,202616,7.54,7.54,0.0,0.29025,0.29615424739272234,0.29243524266607757,NEAR,NEAR,0.6,1,,,0.01,0
C2_n0.01_d000_r04,C2,202616,7.56,7.56,0.0,0.28850000000000003,0.29052470585292756,0.29195760846279006,NEAR,NEAR,0.6,1,,,0.01,0
C2_n0.01_d000_r04,C2,202616,7.58,7.58,0.0,0.28675,0.27832020075151676,0.28854825653497174,NEAR,NEAR,0.6,1,,,0.01,0
C2_n0.01_d000_r04,C2,202616,7.6,7.6,0.0,0.28500000000000003,0.28885067782626334,0.28862386185779465,NEAR,NEAR,0.6,1,,,0.01,0
C2_n0.01_d000_r04,C2,202616,7.62,7.62,0.0,0.28325,0.2840272026293981,0.2874746970506955,NEAR,NEAR,0.6,1,,,0.01,0
C2_n0.01_d000_r04,C2,202616,7.64,7.64,0.0,0.28150000000000003,0.2872673657379549,0.28742286422251034,NEAR,NEAR,0.6,1,,,0.01,0
C2_n0.01_d000_r04,C2,202616,7.66,7.66,0.0,0.27975,0.25960858120012564,0.2804692934669142,NEAR,NEAR,0.6,1,,,0.01,0
C2_n0.01_d000_r04,C2,202616,7.68,7.68,0.0,0.278,0.28592740777260833,0.28183382204333773,NEAR,NEAR,0.6,1,,,0.01,0
C2_n0.01_d000_r04,C2,202616,7.7,7.7,0.0,0.27625,0.28636319780883596,0.2829661659847123,NEAR,NEAR,0.6,1,,,0.01,0
C2_n0.01_d000_r04,C2,202616,7.72,7.72,0.0,0.2745,0.2810541061063504,0.2824881510151218,NEAR,NEAR,0.6,1,,,0.01,0
C2_n0.01_d000_r04,C2,202616,7.74,7.74,0.0,0.27275,0.267735484875372,0.2787999844801844,NEAR,NEAR,0.6,1,,,0.01,0
C2_n0.01_d000_r04,C2,202616,7.76,7.76,0.0,0.271,0.27296581964427125,0.27734144327120613,NEAR,NEAR,0.6,1,,,0.01,0
C2_n0.01_d000_r04,C2,202616,7.78,7.78,0.0,0.26925,0.26063207077698547,0.27316410014765097,NEAR,NEAR,0.6,1,,,0.01,0
C2_n0.01_d000_r04,C2,202616,7.8,7.8,0.0,0.2675,0.2504187322157983,0.2674777581646878,NEAR,NEAR,0.6,1,,,0.01,0
C2_n0.01_d000_r04,C2,202616,7.82,7.82,0.0,0.26575,0.25000379806796613,0.2631092681405074,NEAR,NEAR,0.6,1,,,0.01,0
C2_n0.01_d000_r04,C2,202616,7.84,7.84,0.0,0.264,0.2708764399465798,0.2650510610920255,NEAR,NEAR,0.6,1,,,0.01,0
C2_n0.01_d000_r04,C2,202616,7.86,7.86,0.0,0.26225,0.259917682492789,0.26376771644221636,NEAR,NEAR,0.6,1,,,0.01,0
C2_n0.01_d000_r04,C2,202616,7.88,7.88,0.0,0.2605,0.2593499924219427,0.26266328543714795,NEAR,NEAR,0.6,1,,,0.01,0
C2_n0.01_d000_r04,C2,202616,7.9,7.9,0.0,0.25875,0.24851854437699664,0.2591271001721101,NEAR,NEAR,0.6,1,,,0.01,0
C2_n0.01_d000_r04,C2,202616,7.92,7.92,0.0,0.257,0.2748386800640993,0.26305499514510744,NEAR,NEAR,0.6,1,,,0.01,0
C2_n0.01_d000_r04,C2,202616,7.94,7.94,0.0,0.25525,0.25751440844634654,0.2616698484704172,NEAR,NEAR,0.6,1,,,0.01,0
C2_n0.01_d000_r04,C2,202616,7.96,7.96,0.0,0.2535,0.25304744503302407,0.2595142476110689,NEAR,NEAR,0.6,1,,,0.01,0
C2_n0.01_d000_r04,C2,202616,7.98,7.98,0.0,0.25175,0.26081617340505675,0.25983972905956587,NEAR,NEAR,0.6,1,,,0.01,0
C2_n0.01_d000_r04,C2,202616,8.0,8.0,0.0,0.25,0.23612674647933152,0.2539114834145073,NEAR,NEAR,0.6,1,,,0.01,0
C2_n0.01_d000_r04,C2,202616,8.02,8.02,0.0,0.2522533838368113,0.2535181211321622,0.25381314284392104,NEAR,NEAR,0.6,1,,,0.01,0
C2_n0.01_d000_r04,C2,202616,8.04,8.04,0.0,0.25445562372365543,0.23944810451950702,0.2502218832628175,NEAR,NEAR,0.6,1,,,0.01,0
C2_n0.01_d000_r04,C2,202616,8.06,8.06,0.0,0.25655673649976407,0.2687065095854555,0.254843039843477,NEAR,NEAR,0.6,1,,,0.01,0
C2_n0.01_d000_r04,C2,202616,8.08,8.08,0.0,0.25850903423690136,0.25719807055673505,0.2554317975217915,NEAR,NEAR,0.6,1,,,0.01,0
C2_n0.01_d000_r04,C2,202616,8.1,8.1,0.0,0.2602682065889303,0.26832804218826956,0.258655858688411,NEAR,NEAR,0.6,1,,,0.01,0
C2_n0.01_d000_r04,C2,202616,8.12,8.12,0.0,0.26179432648204926,0.2639264777919599,0.2599735134642982,NEAR,NEAR,0.6,1,,,0.01,0
C2_n0.01_d000_r04,C2,202616,8.14,8.14,0.0,0.26305275632004294,0.2787071700389008,0.26465692760794884,NEAR,NEAR,0.6,1,,,0.01,0
C2_n0.01_d000_r04,C2,202616,8.16,8.16,0.0,0.2640149341368492,0.25559031075462973,0.26239027339461907,NEAR,NEAR,0.6,1,,,0.01,0
C2_n0.01_d000_r04,C2,202616,8.18,8.18,0.0,0.2646590218535229,0.2699548357654863,0.26428141398733584,NEAR,NEAR,0.6,1,,,0.01,0
C2_n0.01_d000_r04,C2,202616,8.2,8.2,0.0,0.26497040092642404,0.26544936191809076,0.2645734009700246,NEAR,NEAR,0.6,1,,,0.01,0
C2_n0.01_d000_r04,C2,202616,8.22,8.22,0.0,0.2649420041371476,0.2690256140934059,0.2656864542508699,NEAR,NEAR,0.6,1,,,0.01,0
C2_n0.01_d000_r04,C2,202616,8.24,8.24,0.0,0.2645744759937201,0.26631906150661816,0.265844606064807,NEAR,NEAR,0.6,1,,,0.01,0
C2_n0.01_d000_r04,C2,202616,8.26,8.26,0.0,0.26387615810251686,0.26488999778562006,0.26560595399501025,NEAR,NEAR,0.6,1,,,0.01,0
C2_n0.01_d000_r04,C2,202616,8.28,8.28,0.0,0.26286289984290484,0.2634957297205884,0.2650783979264048,NEAR,NEAR,0.6,1,,,0.01,0
C2_n0.01_d000_r04,C2,202616,8.3,8.3,0.0,0.2615576986416368,0.26081534374259474,0.2640126343804523,NEAR,NEAR,0.6,1,,,0.01,0
C2_n0.01_d000_r04,C2,202616,8.32,8.32,0.0,0.25999017801151375,0.25875618398761824,0.2626985217822438,NEAR,NEAR,0.6,1,,,0.01,0
C2_n0.01_d000_r04,C2,202616,8.34,8.34,0.0,0.25819591520101404,0.2518418382840095,0.25998435090768524,NEAR,NEAR,0.6,1,,,0.01,0
C2_n0.01_d000_r04,C2,202616,8.36,8.36,0.0,0.2562156337148993,0.23640769601614142,0.25409018718479925,NEAR,NEAR,0.6,1,,,0.01,0
C2_n0.01_d000_r04,C2,202616,8.38,8.38,0.0,0.2540942790327598,0.25051339267790373,0.25319598855807535,NEAR,NEAR,0.6,1,,,0.01,0
C2_n0.01_d000_r04,C2,202616,8.4,8.4,0.0,0.25187999850346454,0.24294213220768168,0.2506325244704769,NEAR,NEAR,0.6,1,,,0.01,0
C2_n0.01_d000_r04,C2,202616,8.42,8.42,0.0,0.24962304856834994,0.26741022602096237,0.2548269498580983,NEAR,NEAR,0.6,1,,,0.01,0
C2_n0.01_d000_r04,C2,202616,8.44,8.44,0.0,0.2473746541153709,0.24262354774477607,0.25177609932976774,NEAR,NEAR,0.6,1,,,0.01,0
C2_n0.01_d000_r04,C2,202616,8.46,8.46,0.0,0.24518584585289177,0.23730333371094706,0.24815790792506257,NEAR,NEAR,0.6,1,,,0.01,0
C2_n0.01_d000_r04,C2,202616,8.48,8.48,0.0,0.24310630209067763,0.23712367924065297,0.2453993507539602,NEAR,NEAR,0.6,1,,,0.01,0
C2_n0.01_d000_r04,C2,202616,8.5,8.5,0.0,0.24118322121561292,0.23395486176084976,0.24253822850568257,NEAR,NEAR,0.6,1,,,0.01,0
C2_n0.01_d000_r04,C2,202616,8.52,8.52,0.0,0.2394602504530173,0.24320905954071112,0.24270593626443973,NEAR,NEAR,0.6,1,,,0.01,0
C2_n0.01_d000_r04,C2,202616,8.54,8.54,0.0,0.23797649522693692,0.22769559891641172,0.23895335192743272,NEAR,NEAR,0.6,1,,,0.01,0
C2_n0.01_d000_r04,C2,202616,8.56,8.56,0.0,0.23676563160347566,0.23531248949177894,0.23804313631851928,NEAR,NEAR,0.6,1,,,0.01,0
C2_n0.01_d000_r04,C2,202616,8.58,8.58,0.0,0.23585514196160703,0.24189169181946238,0.23900527519375506,NEAR,NEAR,0.6,1,,,0.01,0
C2_n0.01_d000_r04,C2,202616,8.6,8.6,0.0,0.23526569123906968,0.22801097163117684,0.2362566993031105,NEAR,NEAR,0.6,1,,,0.01,0
C2_n0.01_d000_r04,C2,202616,8.62,8.62,0.0,0.23501065791039116,0.2601876748451,0.24223944318860785,NEAR,NEAR,0.6,1,,,0.01,0
C2_n0.01_d000_r04,C2,202616,8.64,8.64,0.0,0.23509583034219989,0.2190153796919795,0.23643342731445074,NEAR,NEAR,0.6,1,,,0.01,0
C2_n0.01_d000_r04,C2,202616,8.66,8.66,0.0,0.2355192754175009,0.2510800037103811,0.24009507141343334,NEAR,NEAR,0.6,1,,,0.01,0
C2_n0.01_d000_r04,C2,202616,8.68,8.68,0.0,0.23627138241068624,0.24605049900149265,0.24158392831044817,NEAR,NEAR,0.6,1,,,0.01,0
C2_n0.01_d000_r04,C2,202616,8.7,8.7,0.0,0.23733508111746973,0.23908747042415276,0.24095981383887433,NEAR,NEAR,0.6,1,,,0.01,0
C2_n0.01_d000_r04,C2,202616,8.72,8.72,0.0,0.2386862292889585,0.22910599070908147,0.2379963580564261,NEAR,NEAR,0.6,1,,,0.01,0
C2_n0.01_d000_r04,C2,202616,8.74,8.74,0.0,0.24029416057645836,0.22996866378216438,0.23598943448786067,NEAR,NEAR,0.6,1,,,0.01,0
C2_n0.01_d000_r04,C2,202616,8.76,8.76,0.0,0.24212238055058052,0.24218649891358576,0.23753870059429194,NEAR,NEAR,0.6,1,,,0.01,0
C2_n0.01_d000_r04,C2,202616,8.78,8.78,0.0,0.24412939499744188,0.24409200085597682,0.23917702565971316,NEAR,NEAR,0.6,1,,,0.01,0
C2_n0.01_d000_r04,C2,202616,8.8,8.8,0.0,0.24626965169252724,0.2514704207935757,0.24225037444317876,NEAR,NEAR,0.6,1,,,0.01,0
C2_n0.01_d000_r04,C2,202616,8.82,8.82,0.0,0.2484945742772318,0.25665313258288697,0.2458510639781058,NEAR,NEAR,0.6,1,,,0.01,0
C2_n0.01_d000_r04,C2,202616,8.84,8.84,0.0,0.2507536647726965,0.24141898181314883,0.24474304343686656,NEAR,NEAR,0.6,1,,,0.01,0
C2_n0.01_d000_r04,C2,202616,8.86,8.86,0.0,0.25299564970771604,0.24290751633252575,0.24428416166078135,NEAR,NEAR,0.6,1,,,0.01,0
C2_n0.01_d000_r04,C2,202616,8.88,8.88,0.0,0.2551696438476178,0.2474221449223007,0.2450686574761612,NEAR,NEAR,0.6,1,,,0.01,0
C2_n0.01_d000_r04,C2,202616,8.9,8.9,0.0,0.2572263051115258,0.250370350375021,0.24639408070087615,NEAR,NEAR,0.6,1,,,0.01,0
C2_n0.01_d000_r04,C2,202616,8.92,8.92,0.0,0.25911895446541905,0.2540562528118808,0.2483096237286273,NEAR,NEAR,0.6,1,,,0.01,0
C2_n0.01_d000_r04,C2,202616,8.94,8.94,0.0,0.26080463537331855,0.2637164225977011,0.25216132344589576,NEAR,NEAR,0.6,1,,,0.01,0
C2_n0.01_d000_r04,C2,202616,8.96,8.96,0.0,0.2622450887607578,0.2689576567588482,0.25636040677413385,NEAR,NEAR,0.6,1,,,0.01,0
C2_n0.01_d000_r04,C2,202616,8.98,8.98,0.0,0.263407621362269,0.24428068629004696,0.2533404766531121,NEAR,NEAR,0.6,1,,,0.01,0
C2_n0.01_d000_r04,C2,202616,9.0,9.0,0.0,0.2642658477444273,0.2728267004691239,0.25821203260711506,NEAR,NEAR,0.6,1,,,0.01,0
C2_n0.01_d000_r04,C2,202616,9.02,9.02,0.0,0.264800289163118,0.2782617883358646,0.26322447153930245,NEAR,NEAR,0.6,1,,,0.01,0
C2_n0.01_d000_r04,C2,202616,9.04,9.04,0.0,0.2649988156630572,0.2746298298962007,0.266075811128527,NEAR,NEAR,0.6,1,,,0.01,0
C2_n0.01_d000_r04,C2,202616,9.06,9.06,0.0,0.26485692138544975,0.2806942258780411,0.26973041481590554,NEAR,NEAR,0.6,1,,,0.01,0
C2_n0.01_d000_r04,C2,202616,9.08,9.08,0.0,0.2643778268352606,0.27437485653268967,0.27089152524510157,NEAR,NEAR,0.6,1,,,0.01,0
C2_n0.01_d000_r04,C2,202616,9.1,9.1,0.0,0.2635724057869903,0.2729711816884862,0.2714114393559477,NEAR,NEAR,0.6,1,,,0.01,0
C2_n0.01_d000_r04,C2,202616,9.12,9.12,0.0,0.2624589384879372,0.2634814332055241,0.26942893781834176,NEAR,NEAR,0.6,1,,,0.01,0
C2_n0.01_d000_r04,C2,202616,9.14,9.14,0.0,0.2610626967603726,0.26910835096684277,0.269348791105467,NEAR,NEAR,0.6,1,,,0.01,0
C2_n0.01_d000_r04,C2,202616,9.16,9.16,0.0,0.25941537041936047,0.2609407162358305,0.26724677238805783,NEAR,NEAR,0.6,1,,,0.01,0
C2_n0.01_d000_r04,C2,202616,9.18,9.18,0.0,0.2575543480245365,0.24920662060233248,0.2627367344416265,NEAR,NEAR,0.6,1,,,0.01,0
C2_n0.01_d000_r04,C2,202616,9.2,9.2,0.0,0.25552186829027024,0.2641503456388948,0.26309013724094354,NEAR,NEAR,0.6,1,,,0.01,0
C2_n0.01_d000_r04,C2,202616,9.22,9.22,0.0,0.25336406141424067,0.2541301187282738,0.2608501326127761,NEAR,NEAR,0.6,1,,,0.01,0
C2_n0.01_d000_r04,C2,202616,9.24,9.24,0.0,0.25112990208291897,0.25133873984030825,0.25847228441965914,NEAR,NEAR,0.6,1,,,0.01,0
C2_n0.01_d000_r04,C2,202616,9.26,9.26,0.0,0.24887009791708103,0.2485081875177882,0.2559812601941914,NEAR,NEAR,0.6,1,,,0.01,0
C2_n0.01_d000_r04,C2,202616,9.28,9.28,0.0,0.24663593858575936,0.2484381259127134,0.25409547662382187,NEAR,NEAR,0.6,1,,,0.01,0
C2_n0.01_d000_r04,C2,202616,9.3,9.3,0.0,0.24447813170972976,0.24486494396557168,0.2517878434592593,NEAR,NEAR,0.6,1,,,0.01,0
C2_n0.01_d000_r04,C2,202616,9.32,9.32,0.0,0.24244565197546356,0.24258235675659282,0.24948647178359268,NEAR,NEAR,0.6,1,,,0.01,0
C2_n0.01_d000_r04,C2,202616,9.34,9.34,0.0,0.2405846295806395,0.23879448090147012,0.24681347406306203,NEAR,NEAR,0.6,1,,,0.01,0
C2_n0.01_d000_r04,C2,202616,9.36,9.36,0.0,0.23893730323962742,0.2523756071610886,0.24820400733756864,NEAR,NEAR,0.6,1,,,0.01,0
C2_n0.01_d000_r04,C2,202616,9.38,9.38,0.0,0.23754106151206275,0.2427823958293253,0.2468486044605078,NEAR,NEAR,0.6,1,,,0.01,0
C2_n0.01_d000_r04,C2,202616,9.4,9.4,0.0,0.23642759421300968,0.2518006587823901,0.24808661804097837,NEAR,NEAR,0.6,1,,,0.01,0
C2_n0.01_d000_r04,C2,202616,9.42,9.42,0.0,0.23562217316473935,0.23118232293011004,0.24386054426326126,NEAR,NEAR,0.6,1,,,0.01,0
C2_n0.01_d000_r04,C2,202616,9.44,9.44,0.0,0.23514307861455025,0.22840530414991084,0.23999673423492363,NEAR,NEAR,0.6,1,,,0.01,0
C2_n0.01_d000_r04,C2,202616,9.46,9.46,0.0,0.23500118433694275,0.23227793077923242,0.23806703337100082,NEAR,NEAR,0.6,1,,,0.01,0
C2_n0.01_d000_r04,C2,202616,9.48,9.48,0.0,0.235199710836882,0.24874722517083594,0.24073708132095958,NEAR,NEAR,0.6,1,,,0.01,0
C2_n0.01_d000_r04,C2,202616,9.5,9.5,0.0,0.2357341522555727,0.24070913328886948,0.24073009431293704,NEAR,NEAR,0.6,1,,,0.01,0
C2_n0.01_d000_r04,C2,202616,9.52,9.52,0.0,0.23659237863773103,0.23287168220820056,0.23876549128675292,NEAR,NEAR,0.6,1,,,0.01,0
C2_n0.01_d000_r04,C2,202616,9.54,9.54,0.0,0.2377549112392422,0.25658493227875906,0.24322035153475446,NEAR,NEAR,0.6,1,,,0.01,0
C2_n0.01_d000_r04,C2,202616,9.56,9.56,0.0,0.23919536462668142,0.23851677043216157,0.24204445625910626,NEAR,NEAR,0.6,1,,,0.01,0
C2_n0.01_d000_r04,C2,202616,9.58,9.58,0.0,0.24088104553458092,0.24224614521792864,0.24209487849881187,NEAR,NEAR,0.6,1,,,0.01,0
C2_n0.01_d000_r04,C2,202616,9.6,9.6,0.0,0.24277369488847422,0.24797490045326434,0.24356488398742498,NEAR,NEAR,0.6,1,,,0.01,0
C2_n0.01_d000_r04,C2,202616,9.62,9.62,0.0,0.24483035615238213,0.22830118434963453,0.23974895907797739,NEAR,NEAR,0.6,1,,,0.01,0
C2_n0.01_d000_r04,C2,202616,9.64,9.64,0.0,0.24700435029228393,0.23833490726756457,0.2393954461253742,NEAR,NEAR,0.6,1,,,0.01,0
C2_n0.01_d000_r04,C2,202616,9.66,9.66,0.0,0.24924633522730347,0.25915130784897084,0.24433441155627333,NEAR,NEAR,0.6,1,,,0.01,0
C2_n0.01_d000_r04,C2,202616,9.68,9.68,0.0,0.2515054257227682,0.255228019422797,0.24705781352290423,NEAR,NEAR,0.6,1,,,0.01,0
C2_n0.01_d000_r04,C2,202616,9.7,9.7,0.0,0.25373034830747276,0.23410552521876307,0.24381974144686894,NEAR,NEAR,0.6,1,,,0.01,0
C2_n0.01_d000_r04,C2,202616,9.72,9.72,0.0,0.2558706050025581,0.23796749771858797,0.2423566805147987,NEAR,NEAR,0.6,1,,,0.01,0
C2_n0.01_d000_r04,C2,202616,9.74,9.74,0.0,0.25787761944941945,0.25484241905926425,0.24547811515091505,NEAR,NEAR,0.6,1,,,0.01,0
C2_n0.01_d000_r04,C2,202616,9.76,9.76,0.0,0.25970583942354164,0.2587194220782036,0.2487884418827372,NEAR,NEAR,0.6,1,,,0.01,0
C2_n0.01_d000_r04,C2,202616,9.78,9.78,0.0,0.2613137707110415,0.26154714250236005,0.2519781170376429,NEAR,NEAR,0.6,1,,,0.01,0
C2_n0.01_d000_r04,C2,202616,9.8,9.8,0.0,0.26266491888253024,0.270548239868821,0.2566206477454374,NEAR,NEAR,0.6,1,,,0.01,0
C2_n0.01_d000_r04,C2,202616,9.82,9.82,0.0,0.26372861758931376,0.25628322328558,0.2565362916304731,NEAR,NEAR,0.6,1,,,0.01,0
C2_n0.01_d000_r04,C2,202616,9.84,9.84,0.0,0.2644807245824991,0.27649168866729934,0.26152514088967965,NEAR,NEAR,0.6,1,,,0.01,0
C2_n0.01_d000_r04,C2,202616,9.86,9.86,0.0,0.2649041696578001,0.2878805809967892,0.26811400091645704,NEAR,NEAR,0.6,1,,,0.01,0
C2_n0.01_d000_r04,C2,202616,9.88,9.88,0.0,0.26498934208960884,0.27037574720206026,0.26867943748785783,NEAR,NEAR,0.6,1,,,0.01,0
C2_n0.01_d000_r04,C2,202616,9.9,9.9,0.0,0.26473430876093035,0.2566036585054075,0.26566049274224524,NEAR,NEAR,0.6,1,,,0.01,0
C2_n0.01_d000_r04,C2,202616,9.92,9.92,0.0,0.264144858038393,0.25777820316277006,0.2636899203473764,NEAR,NEAR,0.6,1,,,0.01,0
C2_n0.01_d000_r04,C2,202616,9.94,9.94,0.0,0.2632343683965243,0.27103526341586914,0.26552625611449965,NEAR,NEAR,0.6,1,,,0.01,0
C2_n0.01_d000_r04,C2,202616,9.96,9.96,0.0,0.2620235047730631,0.2580503098539705,0.26365726954936736,NEAR,NEAR,0.6,1,,,0.01,0
C2_n0.01_d000_r04,C2,202616,9.98,9.98,0.0,0.2605397495469827,0.25374017212525346,0.2611779951933389,NEAR,NEAR,0.6,1,,,0.01,0
C2_n0.01_d000_r04,C2,202616,10.0,10.0,0.0,0.2588167787843871,0.26021833175834397,0.2609380793345902,NEAR,NEAR,0.6,1,,,0.01,0
C2_n0.01_d000_r04,C2,202616,10.02,10.02,0.0,0.25689369790932237,0.2526455425625519,0.25886494514158065,NEAR,NEAR,0.6,1,,,0.01,0
C2_n0.01_d000_r04,C2,202616,10.04,10.04,0.0,0.25481415414710823,0.2579804574283294,0.25864382321326784,NEAR,NEAR,0.6,1,,,0.01,0
C2_n0.01_d000_r04,C2,202616,10.06,10.06,0.0,0.2526253458846291,0.2617432192474403,0.259418672221811,NEAR,NEAR,0.6,1,,,0.01,0
C2_n0.01_d000_r04,C2,202616,10.08,10.08,0.0,0.25037695143165006,0.2647157756715808,0.2607429480842534,NEAR,NEAR,0.6,1,,,0.01,0
C2_n0.01_d000_r04,C2,202616,10.1,10.1,0.0,0.24812000149653549,0.259230533826836,0.26036484451989905,NEAR,NEAR,0.6,1,,,0.01,0
C2_n0.01_d000_r04,C2,202616,10.12,10.12,0.0,0.24590572096724023,0.24630146353915355,0.25684899927471266,NEAR,NEAR,0.6,1,,,0.01,0
C2_n0.01_d000_r04,C2,202616,10.14,10.14,0.0,0.24378436628510067,0.24455619273381957,0.2537757976394894,NEAR,NEAR,0.6,1,,,0.01,0
C2_n0.01_d000_r04,C2,202616,10.16,10.16,0.0,0.24180408479898596,0.2405929557257516,0.2504800871610549,NEAR,NEAR,0.6,1,,,0.01,0
C2_n0.01_d000_r04,C2,202616,10.18,10.18,0.0,0.24000982198848625,0.2218608434771802,0.24332527624008624,NEAR,NEAR,0.6,1,,,0.01,0
C2_n0.01_d000_r04,C2,202616,10.2,10.2,0.0,0.23844230135836322,0.2430705957322012,0.24326160611311498,NEAR,NEAR,0.6,1,,,0.01,0
C2_n0.01_d000_r04,C2,202616,10.22,10.22,0.0,0.2371371001570952,0.2308181582954457,0.24015074415869767,NEAR,NEAR,0.6,1,,,0.01,0
C2_n0.01_d000_r04,C2,202616,10.24,10.24,0.0,0.23612384189748312,0.2404901692780528,0.24023560043853645,NEAR,NEAR,0.6,1,,,0.01,0
C2_n0.01_d000_r04,C2,202616,10.26,10.26,0.0,0.2354255240062799,0.2320897254449692,0.23819913169014464,NEAR,NEAR,0.6,1,,,0.01,0
C2_n0.01_d000_r04,C2,202616,10.28,10.28,0.0,0.23505799586285242,0.23505897500178594,0.23741409251805498,NEAR,NEAR,0.6,1,,,0.01,0
C2_n0.01_d000_r04,C2,202616,10.3,10.3,0.0,0.23502959907357593,0.25204569143577454,0.24107199224748488,NEAR,NEAR,0.6,1,,,0.01,0
C2_n0.01_d000_r04,C2,202616,10.32,10.32,0.0,0.23534097814647711,0.24711358614598328,0.24258239072210946,NEAR,NEAR,0.6,1,,,0.01,0
C2_n0.01_d000_r04,C2,202616,10.34,10.34,0.0,0.23598506586315082,0.2444588511335654,0.24305150582497348,NEAR,NEAR,0.6,1,,,0.01,0
C2_n0.01_d000_r04,C2,202616,10.36,10.36,0.0,0.23694724367995706,0.251577038490171,0.24518288899127286,NEAR,NEAR,0.6,1,,,0.01,0
C2_n0.01_d000_r04,C2,202616,10.38,10.38,0.0,0.23820567351795077,0.2399889112733776,0.24388439456179906,NEAR,NEAR,0.6,1,,,0.01,0
C2_n0.01_d000_r04,C2,202616,10.4,10.4,0.0,0.2397317934110697,0.2595767018992811,0.2478074713961696,NEAR,NEAR,0.6,1,,,0.01,0
C2_n0.01_d000_r04,C2,202616,10.42,10.42,0.0,0.24149096576309861,0.253205115615703,0.24915688245105297,NEAR,NEAR,0.6,1,,,0.01,0
C2_n0.01_d000_r04,C2,202616,10.44,10.44,0.0,0.24344326350023596,0.2580088199801238,0.2513698668333207,NEAR,NEAR,0.6,1,,,0.01,0
C2_n0.01_d000_r04,C2,202616,10.46,10.46,0.0,0.2455443762763446,0.2232094775853003,0.2443297695213156,NEAR,NEAR,0.6,1,,,0.01,0
C2_n0.01_d000_r04,C2,202616,10.48,10.48,0.0,0.24774661616318866,0.2510464592344973,0.24600894194961104,NEAR,NEAR,0.6,1,,,0.01,0
C2_n0.01_d000_r04,C2,202616,10.5,10.5,0.0,0.25,0.2517641170177992,0.2474477357166581,NEAR,NEAR,0.6,1,,,0.01,0
C2_n0.01_d000_r04,C2,202616,10.52,10.52,0.0,0.2522533838368113,0.2542310338105895,0.24914356024014095,NEAR,NEAR,0.6,1,,,0.01,0
C2_n0.01_d000_r04,C2,202616,10.54,10.54,0.0,0.2544556237236554,0.24827031587492382,0.24892524914883668,NEAR,NEAR,0.6,1,,,0.01,0
C2_n0.01_d000_r04,C2,202616,10.56,10.56,0.0,0.256556736499764,0.25410138952383143,0.2502192842425853,NEAR,NEAR,0.6,1,,,0.01,0
C2_n0.01_d000_r04,C2,202616,10.58,10.58,0.0,0.25850903423690136,0.266345884512938,0.2542509343101735,NEAR,NEAR,0.6,1,,,0.01,0
C2_n0.01_d000_r04,C2,202616,10.6,10.6,0.0,0.2602682065889303,0.260027000215306,0.2556949507864566,NEAR,NEAR,0.6,1,,,0.01,0
C2_n0.01_d000_r04,C2,202616,10.62,10.62,0.0,0.2617943264820492,0.2552408701999047,0.25558143063981864,NEAR,NEAR,0.6,1,,,0.01,0
C2_n0.01_d000_r04,C2,202616,10.64,10.64,0.0,0.26305275632004294,0.257426782065028,0.25604276849612095,NEAR,NEAR,0.6,1,,,0.01,0
C2_n0.01_d000_r04,C2,202616,10.66,10.66,0.0,0.2640149341368492,0.2739822058543149,0.2605276278356694,NEAR,NEAR,0.6,1,,,0.01,0
C2_n0.01_d000_r04,C2,202616,10.68,10.68,0.0,0.2646590218535229,0.2647053713256143,0.2615720637081556,NEAR,NEAR,0.6,1,,,0.01,0
C2_n0.01_d000_r04,C2,202616,10.7,10.7,0.0,0.26497040092642404,0.2612629712540122,0.2614947905946198,NEAR,NEAR,0.6,1,,,0.01,0
C2_n0.01_d000_r04,C2,202616,10.72,10.72,0.0,0.2649420041371476,0.273804864919676,0.2645723091758838,NEAR,NEAR,0.6,1,,,0.01,0
C2_n0.01_d000_r04,C2,202616,10.74,10.74,0.0,0.2645744759937201,0.2631405417602937,0.2642143673219863,NEAR,NEAR,0.6,1,,,0.01,0
C2_n0.01_d000_r04,C2,202616,10.76,10.76,0.0,0.26387615810251686,0.2562843269344439,0.2622318572251007,NEAR,NEAR,0.6,1,,,0.01,0
C2_n0.01_d000_r04,C2,202616,10.78,10.78,0.0,0.26286289984290484,0.2557575999550076,0.2606132929075774,NEAR,NEAR,0.6,1,,,0.01,0
C2_n0.01_d000_r04,C2,202616,10.8,10.8,0.0,0.2615576986416368,0.24814184975707107,0.2574954321199508,NEAR,NEAR,0.6,1,,,0.01,0
C2_n0.01_d000_r04,C2,202616,10.82,10.82,0.0,0.25999017801151375,0.2762840908537838,0.26219259680340906,NEAR,NEAR,0.6,1,,,0.01,0
C2_n0.01_d000_r04,C2,202616,10.84,10.84,0.0,0.25819591520101404,0.28366950108963485,0.2675618228749655,NEAR,NEAR,0.6,1,,,0.01,0
C2_n0.01_d000_r04,C2,202616,10.86,10.86,0.0,0.25621563371489936,0.2514790966090931,0.26354114130849743,NEAR,NEAR,0.6,1,,,0.01,0
C2_n0.01_d000_r04,C2,202616,10.88,10.88,0.0,0.2540942790327598,0.24762433924384725,0.2595619407923349,NEAR,NEAR,0.6,1,,,0.01,0
C2_n0.01_d000_r04,C2,202616,10.9,10.9,0.0,0.2518799985034645,0.2532063947427778,0.25797305427994566,NEAR,NEAR,0.6,1,,,0.01,0
C2_n0.01_d000_r04,C2,202616,10.92,10.92,0.0,0.24962304856834996,0.238442464424239,0.253090406816019,NEAR,NEAR,0.6,1,,,0.01,0
C2_n0.01_d000_r04,C2,202616,10.94,10.94,0.0,0.24737465411537093,0.26019494601787635,0.25486654161648337,NEAR,NEAR,0.6,1,,,0.01,0
C2_n0.01_d000_r04,C2,202616,10.96,10.96,0.0,0.24518584585289174,0.25223837363317547,0.2542094996206564,NEAR,NEAR,0.6,1,,,0.01,0
C2_n0.01_d000_r04,C2,202616,10.98,10.98,0.0,0.24310630209067766,0.247847440131874,0.2526189847484608,NEAR,NEAR,0.6,1,,,0.01,0
C2_n0.01_d000_r04,C2,202616,11.0,11.0,0.0,0.24118322121561292,0.2357576299167861,0.2484036460405421,NEAR,NEAR,0.6,1,,,0.01,0
C2_n0.01_d000_r04,C2,202616,11.02,11.02,0.0,0.2394602504530173,0.23782358023422817,0.2457586295889636,NEAR,NEAR,0.6,1,,,0.01,0
C2_n0.01_d000_r04,C2,202616,11.04,11.04,0.0,0.23797649522693692,0.2553274859713264,0.2481508436845543,NEAR,NEAR,0.6,1,,,0.01,0
C2_n0.01_d000_r04,C2,202616,11.06,11.06,0.0,0.2367656316034757,0.24952907627253867,0.2484954018315504,NEAR,NEAR,0.6,1,,,0.01,0
C2_n0.01_d000_r04,C2,202616,11.08,11.08,0.0,0.23585514196160703,0.24726058246877228,0.24818669699085585,NEAR,NEAR,0.6,1,,,0.01,0
C2_n0.01_d000_r04,C2,202616,11.1,11.1,0.0,0.23526569123906968,0.23228021141337432,0.24421007559648547,NEAR,NEAR,0.6,1,,,0.01,0
C2_n0.01_d000_r04,C2,202616,11.12,11.12,0.0,0.23501065791039116,0.2113594155877131,0.23599741059429238,NEAR,NEAR,0.6,1,,,0.01,0
C2_n0.01_d000_r04,C2,202616,11.14,11.14,0.0,0.23509583034219989,0.23587072080289923,0.23596573814644412,NEAR,NEAR,0.6,1,,,0.01,0
C2_n0.01_d000_r04,C2,202616,11.16,11.16,0.0,0.2355192754175009,0.2353702279952961,0.2358168606086571,NEAR,NEAR,0.6,1,,,0.01,0
C2_n0.01_d000_r04,C2,202616,11.18,11.18,0.0,0.2362713824106862,0.23476345261559414,0.23555350861039137,NEAR,NEAR,0.6,1,,,0.01,0
C2_n0.01_d000_r04,C2,202616,11.2,11.2,0.0,0.23733508111746973,0.24214429581849745,0.2372012054124179,NEAR,NEAR,0.6,1,,,0.01,0
C2_n0.01_d000_r04,C2,202616,11.22,11.22,0.0,0.23868622928895847,0.22601832580527054,0.23440548551063106,NEAR,NEAR,0.6,1,,,0.01,0
C2_n0.01_d000_r04,C2,202616,11.24,11.24,0.0,0.24029416057645833,0.24977272352172245,0.23824729501340391,NEAR,NEAR,0.6,1,,,0.01,0
C2_n0.01_d000_r04,C2,202616,11.26,11.26,0.0,0.24212238055058055,0.2402084179601115,0.2387375757500808,NEAR,NEAR,0.6,1,,,0.01,0
C2_n0.01_d000_r04,C2,202616,11.28,11.28,0.0,0.2441293949974419,0.23127849123584593,0.2368728046215221,NEAR,NEAR,0.6,1,,,0.01,0
C2_n0.01_d000_r04,C2,202616,11.3,11.3,0.0,0.24626965169252724,0.25185898862600664,0.24061935062264325,NEAR,NEAR,0.6,1,,,0.01,0
C2_n0.01_d000_r04,C2,202616,11.32,11.32,0.0,0.2484945742772318,0.2574331473151073,0.24482279979575927,NEAR,NEAR,0.6,1,,,0.01,0
C2_n0.01_d000_r04,C2,202616,11.34,11.34,0.0,0.25075366477269656,0.25463069229057755,0.24727477291946384,NEAR,NEAR,0.6,1,,,0.01,0
C2_n0.01_d000_r04,C2,202616,11.36,11.36,0.0,0.252995649707716,0.2531116293494582,0.24873398702696242,NEAR,NEAR,0.6,1,,,0.01,0
C2_n0.01_d000_r04,C2,202616,11.38,11.38,0.0,0.2551696438476178,0.23707116204703163,0.2458182807819797,NEAR,NEAR,0.6,1,,,0.01,0
C2_n0.01_d000_r04,C2,202616,11.4,11.4,0.0,0.2572263051115258,0.2636061195734873,0.2502652404798566,NEAR,NEAR,0.6,1,,,0.01,0
C2_n0.01_d000_r04,C2,202616,11.42,11.42,0.0,0.25911895446541905,0.2552506285929205,0.2515115875081226,NEAR,NEAR,0.6,1,,,0.01,0
C2_n0.01_d000_r04,C2,202616,11.44,11.44,0.0,0.26080463537331855,0.26388095795772215,0.25460393012052246,NEAR,NEAR,0.6,1,,,0.01,0
C2_n0.01_d000_r04,C2,202616,11.46,11.46,0.0,0.2622450887607578,0.2602193430164881,0.25600778334451385,NEAR,NEAR,0.6,1,,,0.01,0
C2_n0.01_d000_r04,C2,202616,11.48,11.48,0.0,0.263407621362269,0.2623980441416731,0.2576053485438037,NEAR,NEAR,0.6,1,,,0.01,0
C2_n0.01_d000_r04,C2,202616,11.5,11.5,0.0,0.2642658477444273,0.2725092250145498,0.2613313176614902,NEAR,NEAR,0.6,1,,,0.01,0
C2_n0.01_d000_r04,C2,202616,11.52,11.52,0.0,0.264800289163118,0.25987018411002855,0.2609660342736248,NEAR,NEAR,0.6,1,,,0.01,0
C2_n0.01_d000_r04,C2,202616,11.54,11.54,0.0,0.2649988156630572,0.2473872972334963,0.25757135001359266,NEAR,NEAR,0.6,1,,,0.01,0
C2_n0.01_d000_r04,C2,202616,11.56,11.56,0.0,0.26485692138544975,0.26029398055937597,0.2582520076500385,NEAR,NEAR,0.6,1,,,0.01,0
C2_n0.01_d000_r04,C2,202616,11.58,11.58,0.0,0.2643778268352606,0.2640152864463243,0.2596928273491099,NEAR,NEAR,0.6,1,,,0.01,0
C2_n0.01_d000_r04,C2,202616,11.6,11.6,0.0,0.2635724057869903,0.2685968831882211,0.2619188413088877,NEAR,NEAR,0.6,1,,,0.01,0
C2_n0.01_d000_r04,C2,202616,11.62,11.62,0.0,0.2624589384879373,0.26718163767229447,0.26323454039973937,NEAR,NEAR,0.6,1,,,0.01,0
C2_n0.01_d000_r04,C2,202616,11.64,11.64,0.0,0.2610626967603726,0.25670683171676073,0.2616026132289947,NEAR,NEAR,0.6,1,,,0.01,0
C2_n0.01_d000_r04,C2,202616,11.66,11.66,0.0,0.2594153704193605,0.2362482583273196,0.25526402450357594,NEAR,NEAR,0.6,1,,,0.01,0
C2_n0.01_d000_r04,C2,202616,11.68,11.68,0.0,0.2575543480245365,0.256670961080239,0.25561575864774166,NEAR,NEAR,0.6,1,,,0.01,0
C2_n0.01_d000_r04,C2,202616,11.7,11.7,0.0,0.25552186829027024,0.2358548588061695,0.25067553368734863,NEAR,NEAR,0.6,1,,,0.01,0
C2_n0.01_d000_r04,C2,202616,11.72,11.72,0.0,0.25336406141424067,0.2733014179357572,0.2563320047494508,NEAR,NEAR,0.6,1,,,0.01,0
C2_n0.01_d000_r04,C2,202616,11.74,11.74,0.0,0.25112990208291897,0.25669643598363545,0.25642311255799694,NEAR,NEAR,0.6,1,,,0.01,0
C2_n0.01_d000_r04,C2,202616,11.76,11.76,0.0,0.24887009791708103,0.24592919634694482,0.2537996335052339,NEAR,NEAR,0.6,1,,,0.01,0
C2_n0.01_d000_r04,C2,202616,11.78,11.78,0.0,0.24663593858575936,0.2450536517680669,0.2516131380709421,NEAR,NEAR,0.6,1,,,0.01,0
C2_n0.01_d000_r04,C2,202616,11.8,11.8,0.0,0.2444781317097298,0.25417195579994645,0.2522528425031932,NEAR,NEAR,0.6,1,,,0.01,0
C2_n0.01_d000_r04,C2,202616,11.82,11.82,0.0,0.24244565197546356,0.23257897790196594,0.24733437635288638,NEAR,NEAR,0.6,1,,,0.01,0
C2_n0.01_d000_r04,C2,202616,11.84,11.84,0.0,0.2405846295806395,0.2487790808160845,0.2476955524686859,NEAR,NEAR,0.6,1,,,0.01,0
C2_n0.01_d000_r04,C2,202616,11.86,11.86,0.0,0.23893730323962745,0.24465519131002078,0.24693546217901963,NEAR,NEAR,0.6,1,,,0.01,0
C2_n0.01_d000_r04,C2,202616,11.88,11.88,0.0,0.23754106151206278,0.22479542794933727,0.24140045362159904,NEAR,NEAR,0.6,1,,,0.01,0
C2_n0.01_d000_r04,C2,202616,11.9,11.9,0.0,0.23642759421300968,0.22783903577168788,0.23801009915912125,NEAR,NEAR,0.6,1,,,0.01,0
C2_n0.01_d000_r04,C2,202616,11.92,11.92,0.0,0.23562217316473938,0.23621813168765224,0.23756210729125402,NEAR,NEAR,0.6,1,,,0.01,0
C2_n0.01_d000_r04,C2,202616,11.94,11.94,0.0,0.23514307861455025,0.24636572466318765,0.2397630116342374,NEAR,NEAR,0.6,1,,,0.01,0
C2_n0.01_d000_r04,C2,202616,11.96,11.96,0.0,0.23500118433694275,0.24468155383681497,0.2409926471848818,NEAR,NEAR,0.6,1,,,0.01,0
C2_n0.01_d000_r04,C2,202616,11.98,11.98,0.0,0.235199710836882,0.24922126923066357,0.24304980269632726,NEAR,NEAR,0.6,1,,,0.01,0
C2_n0.01_d000_r04,C2,202616,12.0,12.0,0.0,0.25,0.25787702929454975,0.2467566093458829,NEAR,NEAR,0.6,1,,,0.01,0
C2_n0.01_d000_r04,C2,202616,12.02,12.02,0.0,0.25175,0.2670199650888421,0.2518224482816227,NEAR,NEAR,0.6,1,,,0.01,0
C2_n0.01_d000_r04,C2,202616,12.04,12.04,0.0,0.25349999999999995,0.24311267262552758,0.24964500436759893,NEAR,NEAR,0.6,1,,,0.01,0
C2_n0.01_d000_r04,C2,202616,12.06,12.06,0.0,0.25525000000000003,0.2670440074719106,0.25399475514367686,NEAR,NEAR,0.6,1,,,0.01,0
C2_n0.01_d000_r04,C2,202616,12.08,12.08,0.0,0.257,0.2504832342234257,0.25311687491361406,NEAR,NEAR,0.6,1,,,0.01,0
C2_n0.01_d000_r04,C2,202616,12.1,12.1,0.0,0.25875,0.2567495511920484,0.2540250439832226,NEAR,NEAR,0.6,1,,,0.01,0
C2_n0.01_d000_r04,C2,202616,12.12,12.12,0.0,0.26049999999999995,0.2714150672198756,0.2583725497923859,NEAR,NEAR,0.6,1,,,0.01,0
C2_n0.01_d000_r04,C2,202616,12.14,12.14,0.0,0.26225000000000004,0.2674806763605577,0.26064958143442885,NEAR,NEAR,0.6,1,,,0.01,0
C2_n0.01_d000_r04,C2,202616,12.16,12.16,0.0,0.264,0.27393869599217463,0.2639718600738653,NEAR,NEAR,0.6,1,,,0.01,0
C2_n0.01_d000_r04,C2,202616,12.18,12.18,0.0,0.26575,0.2747267807179022,0.26666059023487454,NEAR,NEAR,0.6,1,,,0.01,0
C2_n0.01_d000_r04,C2,202616,12.2,12.2,0.0,0.26749999999999996,0.2624395606042847,0.2656053328272271,NEAR,NEAR,0.6,1,,,0.01,0
C2_n0.01_d000_r04,C2,202616,12.22,12.22,0.0,0.26925000000000004,0.26446390646596485,0.2653199762369115,NEAR,NEAR,0.6,1,,,0.01,0
C2_n0.01_d000_r04,C2,202616,12.24,12.24,0.0,0.271,0.26853499376063045,0.2661237306178412,NEAR,NEAR,0.6,1,,,0.01,0
C2_n0.01_d000_r04,C2,202616,12.26,12.26,0.0,0.27275,0.27715125964681175,0.26888061287508386,NEAR,NEAR,0.6,1,,,0.01,0
C2_n0.01_d000_r04,C2,202616,12.28,12.28,0.0,0.27449999999999997,0.2612562589062497,0.26697452438287533,NEAR,NEAR,0.6,1,,,0.01,0
C2_n0.01_d000_r04,C2,202616,12.3,12.3,0.0,0.27625000000000005,0.2673371992656359,0.26706519310356547,NEAR,NEAR,0.6,1,,,0.01,0
C2_n0.01_d000_r04,C2,202616,12.32,12.32,0.0,0.278,0.2702521579246848,0.2678619343088453,NEAR,NEAR,0.6,1,,,0.01,0
C2_n0.01_d000_r04,C2,202616,12.34,12.34,0.0,0.27975,0.29653757783702295,0.2750308451908897,NEAR,NEAR,0.6,1,,,0.01,0
C2_n0.01_d000_r04,C2,202616,12.36,12.36,0.0,0.2815,0.26751863034526335,0.2731527914794831,NEAR,NEAR,0.6,1,,,0.01,0
C2_n0.01_d000_r04,C2,202616,12.38,12.38,0.0,0.28325000000000006,0.27636518606374133,0.27395589012554766,NEAR,NEAR,0.6,1,,,0.01,0
C2_n0.01_d000_r04,C2,202616,12.4,12.4,0.0,0.28500000000000003,0.29040634359334166,0.2780685034924962,NEAR,NEAR,0.6,1,,,0.01,0
C2_n0.01_d000_r04,C2,202616,12.42,12.42,0.0,0.28675,0.2738159788330039,0.2770053723276231,NEAR,NEAR,0.6,1,,,0.01,0
C2_n0.01_d000_r04,C2,202616,12.44,12.44,0.0,0.2885,0.28586320202252413,0.2792198297513484,NEAR,NEAR,0.6,1,,,0.01,0
C2_n0.01_d000_r04,C2,202616,12.46,12.46,0.0,0.29025000000000006,0.2950287500080346,0.28317205981551996,NEAR,NEAR,0.6,1,,,0.01,0
C2_n0.01_d000_r04,C2,202616,12.48,12.48,0.0,0.29200000000000004,0.2733097183142814,0.28070647444021035,NEAR,NEAR,0.6,1,,,0.01,0
C2_n0.01_d000_r04,C2,202616,12.5,12.5,0.0,0.29375,0.28057629359373637,0.28067392922859186,NEAR,NEAR,0.6,1,,,0.01,0
C2_n0.01_d000_r04,C2,202616,12.52,12.52,0.0,0.2955,0.31672862468935803,0.2896876030937834,NEAR,NEAR,0.6,1,,,0.01,0
C2_n0.01_d000_r04,C2,202616,12.54,12.54,0.0,0.2972499999999999,0.29521399170126295,0.2910692002456533,NEAR,NEAR,0.6,1,,,0.01,0
C2_n0.01_d000_r04,C2,202616,12.56,12.56,0.0,0.29900000000000004,0.29560439911943887,0.2922029999640997,NEAR,NEAR,0.6,1,,,0.01,0
C2_n0.01_d000_r04,C2,202616,12.58,12.58,0.0,0.30075,0.3046407927719012,0.29531244816605007,NEAR,NEAR,0.6,1,,,0.01,0
C2_n0.01_d000_r04,C2,202616,12.6,12.6,0.0,0.3025,0.2891625384414686,0.2937749707349047,NEAR,NEAR,0.6,1,,,0.01,0
C2_n0.01_d000_r04,C2,202616,12.62,12.62,0.0,0.3042499999999999,0.3053727201168349,0.29667440808038725,NEAR,NEAR,0.6,1,,,0.01,0
C2_n0.01_d000_r04,C2,202616,12.64,12.64,0.0,0.30600000000000005,0.30400200067332483,0.2985063062286216,NEAR,NEAR,0.6,1,,,0.01,0
C2_n0.01_d000_r04,C2,202616,12.66,12.66,0.0,0.30775,0.3184672419986271,0.303496540171123,NEAR,NEAR,0.6,1,,,0.01,0
C2_n0.01_d000_r04,C2,202616,12.68,12.68,0.0,0.3095,0.31059162189739825,0.30527031060269183,NEAR,NEAR,0.6,1,,,0.01,0
C2_n0.01_d000_r04,C2,202616,12.7,12.7,0.0,0.3112499999999999,0.32535352050202654,0.3102911130775255,NEAR,NEAR,0.6,1,,,0.01,0
C2_n0.01_d000_r04,C2,202616,12.72,12.72,0.0,0.31300000000000006,0.2957289163011195,0.30665056388342404,NEAR,NEAR,0.6,1,,,0.01,0
C2_n0.01_d000_r04,C2,202616,12.74,12.74,0.0,0.31475000000000003,0.3174079147373115,0.3093399015968959,NEAR,NEAR,0.6,1,,,0.01,0
C2_n0.01_d000_r04,C2,202616,12.76,12.76,0.0,0.3165,0.33529119667277685,0.3158277253658661,NEAR,NEAR,0.6,1,,,0.01,0
C2_n0.01_d000_r04,C2,202616,12.78,12.78,0.0,0.3182499999999999,0.3266392179398537,0.318530598509363,NEAR,NEAR,0.6,1,,,0.01,0
C2_n0.01_d000_r04,C2,202616,12.8,12.8,0.0,0.32000000000000006,0.3178828882134701,0.3183686709353898,NEAR,NEAR,0.6,1,,,0.01,0
C2_n0.01_d000_r04,C2,202616,12.82,12.82,0.0,0.32175000000000004,0.3282158592133582,0.3208304680048819,NEAR,NEAR,0.6,1,,,0.01,0
C2_n0.01_d000_r04,C2,202616,12.84,12.84,0.0,0.3235,0.31684337749305075,0.31983369537692413,NEAR,NEAR,0.6,1,,,0.01,0
C2_n0.01_d000_r04,C2,202616,12.86,12.86,0.0,0.32524999999999993,0.34900483970943635,0.3271264814600522,NEAR,NEAR,0.6,1,,,0.01,0
C2_n0.01_d000_r04,C2,202616,12.88,12.88,0.0,0.32700000000000007,0.3333220408949754,0.328675371318783,NEAR,NEAR,0.6,1,,,0.01,0
C2_n0.01_d000_r04,C2,202616,12.9,12.9,0.0,0.32875000000000004,0.3301559281493291,0.3290455105264195,NEAR,NEAR,0.6,1,,,0.01,0
C2_n0.01_d000_r04,C2,202616,12.92,12.92,0.0,0.3305,0.33869792825050044,0.3314586149574397,NEAR,NEAR,0.6,1,,,0.01,0
C2_n0.01_d000_r04,C2,202616,12.94,12.94,0.0,0.33224999999999993,0.32894881414350474,0.330831164753956,NEAR,NEAR,0.6,1,,,0.01,0
C2_n0.01_d000_r04,C2,202616,12.96,12.96,0.0,0.3340000000000001,0.3298441336327362,0.33058440697365105,NEAR,NEAR,0.6,1,,,0.01,0
C2_n0.01_d000_r04,C2,202616,12.98,12.98,0.0,0.33575000000000005,0.33485733020902964,0.3316526377824957,NEAR,NEAR,0.6,1,,,0.01,0
C2_n0.01_d000_r04,C2,202616,13.0,13.0,0.0,0.3375,0.3262232726468081,0.3302952964985738,NEAR,NEAR,0.6,1,,,0.01,0
C2_n0.01_d000_r04,C2,202616,13.02,13.02,0.0,0.33924999999999994,0.33251791759284377,0.3308509517721413,NEAR,NEAR,0.6,1,,,0.01,0
C2_n0.01_d000_r04,C2,202616,13.04,13.04,0.0,0.3409999999999999,0.34154178949301267,0.33352366120235916,NEAR,NEAR,0.6,1,,,0.01,0
C2_n0.01_d000_r04,C2,202616,13.06,13.06,0.0,0.34275000000000005,0.3487308476885977,0.3373254578239188,NEAR,NEAR,0.6,1,,,0.01,0
C2_n0.01_d000_r04,C2,202616,13.08,13.08,0.0,0.34450000000000003,0.32881203112972107,0.3351971011503694,NEAR,NEAR,0.6,1,,,0.01,0
C2_n0.01_d000_r04,C2,202616,13.1,13.1,0.0,0.34624999999999995,0.34464790190024697,0.3375598013378388,NEAR,NEAR,0.6,1,,,0.01,0
C2_n0.01_d000_r04,C2,202616,13.12,13.12,0.0,0.3479999999999999,0.35412111366519444,0.3417001294196777,NEAR,NEAR,0.6,1,,,0.01,0
C2_n0.01_d000_r04,C2,202616,13.14,13.14,0.0,0.34975000000000006,0.34083059506982144,0.3414827458322136,NEAR,NEAR,0.6,1,,,0.01,0
C2_n0.01_d000_r04,C2,202616,13.16,13.16,0.0,0.35150000000000003,0.3434511047187154,0.34197483555383906,FAR,NEAR,0.6,1,,,0.01,0
C2_n0.01_d000_r04,C2,202616,13.18,13.18,0.0,0.35324999999999995,0.36082039867759874,0.34668622633477897,FAR,NEAR,0.6,1,,,0.01,0
C2_n0.01_d000_r04,C2,202616,13.2,13.2,0.0,0.3549999999999999,0.3690785873366455,0.3522843165852456,FAR,NEAR,0.6,1,,,0.01,0
C2_n0.01_d000_r04,C2,202616,13.22,13.22,0.0,0.35675000000000007,0.3738840202679301,0.35768424250591674,FAR,NEAR,0.6,1,,,0.01,0
C2_n0.01_d000_r04,C2,202616,13.24,13.24,0.0,0.35850000000000004,0.3428326496186395,0.35397134428409743,FAR,NEAR,0.6,1,,,0.01,0
C2_n0.01_d000_r04,C2,202616,13.26,13.26,0.0,0.36024999999999996,0.3570607212132576,0.3547436885163875,FAR,NEAR,0.6,1,,,0.01,0
C2_n0.01_d000_r04,C2,202616,13.28,13.28,0.0,0.36199999999999993,0.3564853693298809,0.3551791087197608,FAR,NEAR,0.6,1,,,0.01,0
C2_n0.01_d000_r04,C2,202616,13.3,13.3,0.0,0.3637500000000001,0.36581222705675864,0.35783738830401024,FAR,NEAR,0.6,1,,,0.01,0
C2_n0.01_d000_r04,C2,202616,13.32,13.32,0.0,0.36550000000000005,0.3558711754556265,0.3573458350919143,FAR,NEAR,0.6,1,,,0.01,0
C2_n0.01_d000_r04,C2,202616,13.34,13.34,0.0,0.36724999999999997,0.3944912639531604,0.3666321923072258,FAR,NEAR,0.6,1,,,0.01,0
C2_n0.01_d000_r04,C2,202616,13.36,13.36,0.0,0.36899999999999994,0.36729656503480307,0.36679828548912013,FAR,NEAR,0.6,1,,,0.01,0
C2_n0.01_d000_r04,C2,202616,13.38,13.38,0.0,0.3707500000000001,0.3755491562137777,0.3689860031702845,FAR,NEAR,0.6,1,,,0.01,0
C2_n0.01_d000_r04,C2,202616,13.4,13.4,0.0,0.37250000000000005,0.3532738044206827,0.36505795348288406,FAR,NEAR,0.6,1,,,0.01,0
C2_n0.01_d000_r04,C2,202616,13.42,13.42,0.0,0.37424999999999997,0.3692818419634402,0.36611392560302314,FAR,NEAR,0.6,1,,,0.01,0
C2_n0.01_d000_r04,C2,202616,13.44,13.44,0.0,0.37599999999999995,0.3667137460872795,0.3662638807240873,FAR,NEAR,0.6,1,,,0.01,0
C2_n0.01_d000_r04,C2,202616,13.46,13.46,0.0,0.37775000000000003,0.3879818302071113,0.3716933680948433,FAR,NEAR,0.6,1,,,0.01,0
C2_n0.01_d000_r04,C2,202616,13.48,13.48,0.0,0.37950000000000006,0.3752165626146867,0.37257416672480415,FAR,NEAR,0.6,1,,,0.01,0
C2_n0.01_d000_r04,C2,202616,13.5,13.5,0.0,0.38125,0.3859815628286279,0.37592601575076007,FAR,NEAR,0.6,1,,,0.01,0
C2_n0.01_d000_r04,C2,202616,13.52,13.52,0.0,0.38299999999999995,0.3906505407286095,0.37960714699522247,FAR,NEAR,0.6,1,,,0.01,0
C2_n0.01_d000_r04,C2,202616,13.54,13.54,0.0,0.3847499999999999,0.37057342450767583,0.3773487163733358,FAR,NEAR,0.6,1,,,0.01,0
C2_n0.01_d000_r04,C2,202616,13.56,13.56,0.0,0.38650000000000007,0.38368789922296576,0.3789335120857433,FAR,NEAR,0.6,1,,,0.01,0
C2_n0.01_d000_r04,C2,202616,13.58,13.58,0.0,0.38825,0.38741141433750137,0.3810529876486828,FAR,FAR,0.0,1,EXIT_NEAR,,0.01,0
C2_n0.01_d000_r04,C2,202616,13.6,13.6,0.0,0.38999999999999996,0.3736441702829272,0.3792007833072439,FAR,FAR,0.0,1,,,0.01,0
C2_n0.01_d000_r04,C2,202616,13.62,13.62,0.0,0.39174999999999993,0.3815403901272094,0.37978568501223525,FAR,FAR,0.0,1,,,0.01,0
C2_n0.01_d000_r04,C2,202616,13.64,13.64,0.0,0.39350000000000007,0.39057076734140594,0.3824819555945279,FAR,FAR,0.0,1,,,0.01,0
C2_n0.01_d000_r04,C2,202616,13.66,13.66,0.0,0.39525,0.3741411909084384,0.3803967644230056,FAR,FAR,0.0,1,,,0.01,0
C2_n0.01_d000_r04,C2,202616,13.68,13.68,0.0,0.39699999999999996,0.38362996175523584,0.38120506375606317,FAR,FAR,0.0,1,,,0.01,0
C2_n0.01_d000_r04,C2,202616,13.7,13.7,0.0,0.39874999999999994,0.3938711351619833,0.3843715816075432,FAR,FAR,0.0,1,,,0.01,0
C2_n0.01_d000_r04,C2,202616,13.72,13.72,0.0,0.4005000000000001,0.39963779470421207,0.3881881348817104,FAR,FAR,0.0,1,,,0.01,0
C2_n0.01_d000_r04,C2,202616,13.74,13.74,0.0,0.40225,0.398384921199187,0.39073733146107953,FAR,FAR,0.0,1,,,0.01,0
C2_n0.01_d000_r04,C2,202616,13.76,13.76,0.0,0.40399999999999997,0.3959207525004821,0.3920331867209301,FAR,FAR,0.0,1,,,0.01,0
C2_n0.01_d000_r04,C2,202616,13.78,13.78,0.0,0.40574999999999994,0.4093992685845236,0.3963747071868285,FAR,FAR,0.0,1,,,0.01,0
C2_n0.01_d000_r04,C2,202616,13.8,13.8,0.0,0.4075000000000001,0.418619403102372,0.4019358811657144,FAR,FAR,0.0,1,,,0.01,0
C2_n0.01_d000_r04,C2,202616,13.82,13.82,0.0,0.40925,0.40949640635633466,0.40382601246336947,FAR,FAR,0.0,1,,,0.01,0
C2_n0.01_d000_r04,C2,202616,13.84,13.84,0.0,0.411,0.4341174963297335,0.41139888342996045,FAR,FAR,0.0,1,,,0.01,0
C2_n0.01_d000_r04,C2,202616,13.86,13.86,0.0,0.41274999999999995,0.4177775596262429,0.4129935524790311,FAR,FAR,0.0,1,,,0.01,0
C2_n0.01_d000_r04,C2,202616,13.88,13.88,0.0,0.4145000000000001,0.4251124484097772,0.4160232764617176,FAR,FAR,0.0,1,,,0.01,0
C2_n0.01_d000_r04,C2,202616,13.9,13.9,0.0,0.41625,0.41496632304953845,0.4157590381086728,FAR,FAR,0.0,1,,,0.01,0
C2_n0.01_d000_r04,C2,202616,13.92,13.92,0.0,0.418,0.42228187235444226,0.4173897466701152,FAR,FAR,0.0,1,,,0.01,0
C2_n0.01_d000_r04,C2,202616,13.94,13.94,0.0,0.41974999999999996,0.4019363269871922,0.4135263917493845,FAR,FAR,0.0,1,,,0.01,0
C2_n0.01_d000_r04,C2,202616,13.96,13.96,0.0,0.4215000000000001,0.42001136353048624,0.41514763469465993,FAR,FAR,0.0,1,,,0.01,0
C2_n0.01_d000_r04,C2,202616,13.98,13.98,0.0,0.42325,0.43111771175039176,0.4191401539585929,FAR,FAR,0.0,1,,,0.01,0
C2_n0.01_d000_r04,C2,202616,14.0,14.0,0.0,0.425,0.42592299059643723,0.420835863118054,FAR,FAR,0.0,1,,,0.01,0
C2_n0.01_d000_r04,C2,202616,14.02,14.02,0.0,0.42674999999999996,0.422897272687976,0.4213512155105345,FAR,FAR,0.0,1,,,0.01,0
C2_n0.01_d000_r04,C2,202616,14.04,14.04,0.0,0.4284999999999999,0.43642468583374333,0.4251195830913367,FAR,FAR,0.0,1,,,0.01,0
C2_n0.01_d000_r04,C2,202616,14.06,14.06,0.0,0.43025,0.44301041441993977,0.4295922909234875,FAR,FAR,0.0,1,,,0.01,0
C2_n0.01_d000_r04,C2,202616,14.08,14.08,0.0,0.432,0.4389218998183237,0.43192469314719656,FAR,FAR,0.0,1,,,0.01,0
C2_n0.01_d000_r04,C2,202616,14.1,14.1,0.0,0.43374999999999997,0.4433607306075823,0.43478370251229304,FAR,FAR,0.0,1,,,0.01,0
C2_n0.01_d000_r04,C2,202616,14.12,14.12,0.0,0.4354999999999999,0.46200230352786525,0.4415883527661861,FAR,FAR,0.0,1,,,0.01,0
C2_n0.01_d000_r04,C2,202616,14.14,14.14,0.0,0.43725,0.4463221304093699,0.442771797176982,FAR,FAR,0.0,1,,,0.01,0
C2_n0.01_d000_r04,C2,202616,14.16,14.16,0.0,0.439,0.4435898642749301,0.442976313951469,FAR,FAR,0.0,1,,,0.01,0
C2_n0.01_d000_r04,C2,202616,14.18,14.18,0.0,0.44075,0.45080962169350214,0.4449346408869773,FAR,FAR,0.0,1,,,0.01,0
C2_n0.01_d000_r04,C2,202616,14.2,14.2,0.0,0.4424999999999999,0.4331569046006371,0.4419902068153923,FAR,FAR,0.0,1,,,0.01,0
C2_n0.01_d000_r04,C2,202616,14.22,14.22,0.0,0.44425000000000003,0.446396573463582,0.44309179847743974,FAR,FAR,0.0,1,,,0.01,0
C2_n0.01_d000_r04,C2,202616,14.24,14.24,0.0,0.446,0.4388907059489568,0.44204152534531904,FAR,FAR,0.0,1,,,0.01,0
C2_n0.01_d000_r04,C2,202616,14.26,14.26,0.0,0.44775,0.44658625374324373,0.44317770744480023,FAR,FAR,0.0,1,,,0.01,0
C2_n0.01_d000_r04,C2,202616,14.28,14.28,0.0,0.4494999999999999,0.43505980469479755,0.44114823175729956,FAR,FAR,0.0,1,,,0.01,0
C2_n0.01_d000_r04,C2,202616,14.3,14.3,0.0,0.45125000000000004,0.447038793885787,0.4426208722894214,FAR,FAR,0.0,1,,,0.01,0
C2_n0.01_d000_r04,C2,202616,14.32,14.32,0.0,0.453,0.45083388098095184,0.444674124462304,FAR,FAR,0.0,1,,,0.01,0
C2_n0.01_d000_r04,C2,202616,14.34,14.34,0.0,0.45475,0.4451073647597413,0.4447824345366633,FAR,FAR,0.0,1,,,0.01,0
C2_n0.01_d000_r04,C2,202616,14.36,14.36,0.0,0.4564999999999999,0.44692884002251576,0.4453190359081264,FAR,FAR,0.0,1,,,0.01,0
C2_n0.01_d000_r04,C2,202616,14.38,14.38,0.0,0.45825000000000005,0.4624455609699313,0.4496006671735776,FAR,FAR,0.0,1,,,0.01,0
C2_n0.01_d000_r04,C2,202616,14.4,14.4,0.0,0.46,0.4612244580363409,0.45250661488926847,FAR,FAR,0.0,1,,,0.01,0
C2_n0.01_d000_r04,C2,202616,14.42,14.42,0.0,0.46175,0.4689877551117373,0.4566268999448857,FAR,FAR,0.0,1,,,0.01,0
C2_n0.01_d000_r04,C2,202616,14.44,14.44,0.0,0.4634999999999999,0.4707475771979836,0.4601570692581602,FAR,FAR,0.0,1,,,0.01,0
C2_n0.01_d000_r04,C2,202616,14.46,14.46,0.0,0.46525000000000005,0.4567672570578729,0.45930961620808836,FAR,FAR,0.0,1,,,0.01,0
C2_n0.01_d000_r04,C2,202616,14.48,14.48,0.0,0.467,0.46805160611679425,0.46149511368526486,FAR,FAR,0.0,1,,,0.01,0
C2_n0.01_d000_r04,C2,202616,14.5,14.5,0.0,0.46875,0.4621692508370986,0.46166364797322323,FAR,FAR,0.0,1,,,0.01,0
C2_n0.01_d000_r04,C2,202616,14.52,14.52,0.0,0.4704999999999999,0.4745950617628368,0.4648965014206266,FAR,FAR,0.0,1,,,0.01,0
C2_n0.01_d000_r04,C2,202616,14.54,14.54,0.0,0.47224999999999995,0.4662262860799104,0.4652289475854476,FAR,FAR,0.0,1,,,0.01,0
C2_n0.01_d000_r04,C2,202616,14.56,14.56,0.0,0.47400000000000003,0.459738981528329,0.46385645607116793,FAR,FAR,0.0,1,,,0.01,0
C2_n0.01_d000_r04,C2,202616,14.58,14.58,0.0,0.47575,0.48139825101955014,0.46824190480826344,FAR,FAR,0.0,1,,,0.01,0
C2_n0.01_d000_r04,C2,202616,14.6,14.6,0.0,0.4774999999999999,0.4709352191416132,0.4689152333916009,FAR,FAR,0.0,1,,,0.01,0
C2_n0.01_d000_r04,C2,202616,14.62,14.62,0.0,0.47924999999999995,0.48644480256408595,0.47329762568472217,FAR,FAR,0.0,1,,,0.01,0
C2_n0.01_d000_r04,C2,202616,14.64,14.64,0.0,0.48100000000000004,0.4932515064728692,0.47828609588175897,FAR,FAR,0.0,1,,,0.01,0
C2_n0.01_d000_r04,C2,202616,14.66,14.66,0.0,0.48275,0.47944713723586646,0.4785763562202858,FAR,FAR,0.0,1,,,0.01,0
C2_n0.01_d000_r04,C2,202616,14.68,14.68,0.0,0.48449999999999993,0.47291330400977255,0.4771605931676575,FAR,FAR,0.0,1,,,0.01,0
C2_n0.01_d000_r04,C2,202616,14.7,14.7,0.0,0.48624999999999996,0.48266733600684736,0.478537278877455,FAR,FAR,0.0,1,,,0.01,0
C2_n0.01_d000_r04,C2,202616,14.72,14.72,0.0,0.48800000000000004,0.48679285383871373,0.4806011726177697,FAR,FAR,0.0,1,,,0.01,0
C2_n0.01_d000_r04,C2,202616,14.74,14.74,0.0,0.48975,0.49404892705881964,0.48396311122803215,FAR,FAR,0.0,1,,,0.01,0
C2_n0.01_d000_r04,C2,202616,14.76,14.76,0.0,0.49149999999999994,0.5006507166298214,0.48813501257847947,FAR,FAR,0.0,1,,,0.01,0
C2_n0.01_d000_r04,C2,202616,14.78,14.78,0.0,0.49324999999999997,0.47715391532162765,0.48538973826426657,FAR,FAR,0.0,1,,,0.01,0
C2_n0.01_d000_r04,C2,202616,14.8,14.8,0.0,0.49500000000000005,0.5011521616421549,0.48933034410873866,FAR,FAR,0.0,1,,,0.01,0
C2_n0.01_d000_r04,C2,202616,14.82,14.82,0.0,0.49675,0.502226185884871,0.4925543045527717,FAR,FAR,0.0,1,,,0.01,0
C2_n0.01_d000_r04,C2,202616,14.84,14.84,0.0,0.49849999999999994,0.49105089222421733,0.49217845147063316,FAR,FAR,0.0,1,,,0.01,0
C2_n0.01_d000_r04,C2,202616,14.86,14.86,0.0,0.5002499999999999,0.5056029895138375,0.4955345859814343,FAR,FAR,0.0,1,,,0.01,0
C2_n0.01_d000_r04,C2,202616,14.88,14.88,0.0,0.502,0.5027687222011124,0.49734312003635384,FAR,FAR,0.0,1,,,0.01,0
C2_n0.01_d000_r04,C2,202616,14.9,14.9,0.0,0.50375,0.4956768788656227,0.49692655974367106,FAR,FAR,0.0,1,,,0.01,0
C2_n0.01_d000_r04,C2,202616,14.92,14.92,0.0,0.5055000000000001,0.510684473060629,0.5003660380729105,FAR,FAR,0.0,1,,,0.01,0
C2_n0.01_d000_r04,C2,202616,14.94,14.94,0.0,0.50725,0.506643148805301,0.5019353157560081,FAR,FAR,0.0,1,,,0.01,0
C2_n0.01_d000_r04,C2,202616,14.96,14.96,0.0,0.5090000000000001,0.5168075705376544,0.5056533794514197,FAR,FAR,0.0,1,,,0.01,0
C2_n0.01_d000_r04,C2,202616,14.98,14.98,0.0,0.51075,0.4993811297339002,0.5040853170220398,FAR,FAR,0.0,1,,,0.01,0
C2_n0.01_d000_r04,C2,202616,15.0,15.0,0.0,0.5125,0.5078033252910227,0.5050148190892856,FAR,FAR,0.0,1,,,0.01,0
C2_n0.01_d000_r04,C2,202616,15.02,15.02,0.0,0.5142499999999999,0.5043922232322133,0.5048591701250176,FAR,FAR,0.0,1,,,0.01,0
C2_n0.01_d000_r04,C2,202616,15.04,15.04,0.0,0.5159999999999999,0.507639217692515,0.505554182016892,FAR,FAR,0.0,1,,,0.01,0
C2_n0.01_d000_r04,C2,202616,15.06,15.06,0.0,0.51775,0.5319287892828413,0.5121478338333794,FAR,FAR,0.0,1,,,0.01,0
C2_n0.01_d000_r04,C2,202616,15.08,15.08,0.0,0.5195,0.5126462090071466,0.5122724276268211,FAR,FAR,0.0,1,,,0.01,0
C2_n0.01_d000_r04,C2,202616,15.1,15.1,0.0,0.52125,0.5303296447946151,0.5167867319187696,FAR,FAR,0.0,1,,,0.01,0
C2_n0.01_d000_r04,C2,202616,15.12,15.12,0.0,0.5229999999999999,0.5278222515491905,0.5195456118263748,FAR,FAR,0.0,1,,,0.01,0
C2_n0.01_d000_r04,C2,202616,15.14,15.14,0.0,0.52475,0.5007742203255271,0.5148527639511629,FAR,FAR,0.0,1,,,0.01,0
C2_n0.01_d000_r04,C2,202616,15.16,15.16,0.0,0.5265,0.5172523032176931,0.5154526487677954,FAR,FAR,0.0,1,,,0.01,0
C2_n0.01_d000_r04,C2,202616,15.18,15.18,0.0,0.5282499999999999,0.5401147323602099,0.521618169665899,FAR,FAR,0.0,1,,,0.01,0
C2_n0.01_d000_r04,C2,202616,15.2,15.2,0.0,0.5299999999999999,0.5248015293325621,0.5224140095825648,FAR,FAR,0.0,1,,,0.01,0
C2_n0.01_d000_r04,C2,202616,15.22,15.22,0.0,0.5317500000000001,0.53592594762335,0.5257919940927611,FAR,FAR,0.0,1,,,0.01,0
C2_n0.01_d000_r04,C2,202616,15.24,15.24,0.0,0.5335,0.5177942763087889,0.523792564646768,FAR,FAR,0.0,1,,,0.01,0
C2_n0.01_d000_r04,C2,202616,15.26,15.26,0.0,0.53525,0.5361882240453604,0.5268914794964161,FAR,FAR,0.0,1,,,0.01,0
C2_n0.01_d000_r04,C2,202616,15.28,15.28,0.0,0.5369999999999999,0.5275145303026703,0.5270472421979797,FAR,FAR,0.0,1,,,0.01,0
C2_n0.01_d000_r04,C2,202616,15.3,15.3,0.0,0.5387500000000001,0.5345529500621642,0.5289236691640258,FAR,FAR,0.0,1,,,0.01,0
C2_n0.01_d000_r04,C2,202616,15.32,15.32,0.0,0.5405,0.5146063344744971,0.5253443354916436,FAR,FAR,0.0,1,,,0.01,0
C2_n0.01_d000_r04,C2,202616,15.34,15.34,0.0,0.5422499999999999,0.5370894330459162,0.5282806098802117,FAR,FAR,0.0,1,,,0.01,0
C2_n0.01_d000_r04,C2,202616,15.36,15.36,0.0,0.5439999999999999,0.5448103393247901,0.5324130422413563,FAR,FAR,0.0,1,,,0.01,0
C2_n0.01_d000_r04,C2,202616,15.38,15.38,0.0,0.5457500000000001,0.5432887759840968,0.5351319756770414,FAR,FAR,0.0,1,,,0.01,0
C2_n0.01_d000_r04,C2,202616,15.4,15.4,0.0,0.5475,0.5374906192707052,0.5357216365754573,FAR,FAR,0.0,1,,,0.01,0
C2_n0.01_d000_r04,C2,202616,15.42,15.42,0.0,0.54925,0.5588049236342474,0.5414924583401548,FAR,FAR,0.0,1,,,0.01,0
C2_n0.01_d000_r04,C2,202616,15.44,15.44,0.0,0.5509999999999999,0.552973192395951,0.5443626418541039,FAR,FAR,0.0,1,,,0.01,0
C2_n0.01_d000_r04,C2,202616,15.46,15.46,0.0,0.5527500000000001,0.5592251037164992,0.5480782573197027,FAR,FAR,0.0,1,,,0.01,0
C2_n0.01_d000_r04,C2,202616,15.48,15.48,0.0,0.5545,0.5415661398088978,0.5464502279420015,FAR,FAR,0.0,1,,,0.01,0
C2_n0.01_d000_r04,C2,202616,15.5,15.5,0.0,0.5562499999999999,0.5559700906264977,0.5488301936131256,FAR,FAR,0.0,1,,,0.01,0
C2_n0.01_d000_r04,C2,202616,15.52,15.52,0.0,0.5579999999999999,0.5633906201823398,0.5524703002554291,FAR,FAR,0.0,1,,,0.01,0
C2_n0.01_d000_r04,C2,202616,15.54,15.54,0.0,0.55975,0.55156316634883,0.5522435167787794,FAR,FAR,0.0,1,,,0.01,0
C2_n0.01_d000_r04,C2,202616,15.56,15.56,0.0,0.5615,0.5683265679857221,0.556264279580515,FAR,FAR,0.0,1,,,0.01,0
C2_n0.01_d000_r04,C2,202616,15.58,15.58,0.0,0.56325,0.5556742212548932,0.5561167649991096,FAR,FAR,0.0,1,,,0.01,0
C2_n0.01_d000_r04,C2,202616,15.6,15.6,0.0,0.565,0.5542903774418892,0.5556601681098045,FAR,FAR,0.0,1,,,0.01,0
C2_n0.01_d000_r04,C2,202616,15.62,15.62,0.0,0.5667499999999999,0.5727117218996207,0.5599230565572586,FAR,FAR,0.0,1,,,0.01,0
C2_n0.01_d000_r04,C2,202616,15.64,15.64,0.0,0.5685,0.566876476360987,0.5616614115081907,FAR,FAR,0.0,1,,,0.01,0
C2_n0.01_d000_r04,C2,202616,15.66,15.66,0.0,0.5702499999999999,0.5771190204823019,0.5655258137517185,FAR,FAR,0.0,1,,,0.01,0
C2_n0.01_d000_r04,C2,202616,15.68,15.68,0.0,0.572,0.5656897637385787,0.5655668012484336,FAR,FAR,0.0,1,,,0.01,0
C2_n0.01_d000_r04,C2,202616,15.7,15.7,0.0,0.57375,0.5847866352627539,0.5703717597520137,FAR,FAR,0.0,1,,,0.01,0
C2_n0.01_d000_r04,C2,202616,15.72,15.72,0.0,0.5755,0.5945541787939769,0.5764173645125045,FAR,FAR,0.0,1,,,0.01,0
C2_n0.01_d000_r04,C2,202616,15.74,15.74,0.0,0.57725,0.5544049585843115,0.5709142630304562,FAR,FAR,0.0,1,,,0.01,0
C2_n0.01_d000_r04,C2,202616,15.76,15.76,0.0,0.579,0.6055299559439229,0.5795681862588229,FAR,FAR,0.0,1,,,0.01,0
C2_n0.01_d000_r04,C2,202616,15.78,15.78,0.0,0.5807499999999999,0.5824391906157613,0.5802859373480576,FAR,FAR,0.0,1,,,0.01,0
C2_n0.01_d000_r04,C2,202616,15.8,15.8,0.0,0.5825,0.5858328730651242,0.5816726712773242,FAR,FAR,0.0,1,,,0.01,0
C2_n0.01_d000_r04,C2,202616,15.82,15.82,0.0,0.5842499999999999,0.565679412749831,0.577674356645451,FAR,FAR,0.0,1,,,0.01,0
C2_n0.01_d000_r04,C2,202616,15.84,15.84,0.0,0.586,0.5897394905450886,0.5806906401203604,FAR,FAR,0.0,1,,,0.01,0
C2_n0.01_d000_r04,C2,202616,15.86,15.86,0.0,0.58775,0.603587361113978,0.5864148203687648,FAR,FAR,0.0,1,,,0.01,0
C2_n0.01_d000_r04,C2,202616,15.88,15.88,0.0,0.5895,0.5933849597130044,0.5881573552048247,FAR,FAR,0.0,1,,,0.01,0
C2_n0.01_d000_r04,C2,202616,15.9,15.9,0.0,0.59125,0.5789764294431058,0.585862123764395,FAR,FAR,0.0,1,,,0.01,0
C2_n0.01_d000_r04,C2,202616,15.92,15.92,0.0,0.593,0.5953812322798312,0.588241900893254,FAR,FAR,0.0,1,,,0.01,0
C2_n0.01_d000_r04,C2,202616,15.94,15.94,0.0,0.5947499999999999,0.5975869536647407,0.5905781640861256,FAR,FAR,0.0,1,,,0.01,0
C2_n0.01_d000_r04,C2,202616,15.96,15.96,0.0,0.5965,0.6046621296453197,0.5940991554759242,FAR,FAR,0.0,1,,,0.01,0
C2_n0.01_d000_r04,C2,202616,15.98,15.98,0.0,0.59825,0.6009296784757808,0.5958067862258883,FAR,FAR,0.0,1,,,0.01,0
C2_n0.01_d000_r04,C2,202616,16.0,16.0,0.0,0.6,0.6034439387733989,0.597716074362766,FAR,FAR,0.0,1,,,0.01,0
C2_n0.01_d000_r04,C2,202616,16.02,16.02,0.0,0.6,0.6081131804970179,0.600315350896329,FAR,FAR,0.0,1,,,0.01,0
C2_n0.01_d000_r04,C2,202616,16.04,16.04,0.0,0.6,0.6201270782594974,0.6052682827371212,FAR,FAR,0.0,1,,,0.01,0
C2_n0.01_d000_r04,C2,202616,16.06,16.06,0.0,0.6,0.5918437777453565,0.6019121564891801,FAR,FAR,0.0,1,,,0.01,0
C2_n0.01_d000_r04,C2,202616,16.08,16.08,0.0,0.6,0.5886442639955757,0.598595183365779,FAR,FAR,0.0,1,,,0.01,0
C2_n0.01_d000_r04,C2,202616,16.1,16.1,0.0,0.6,0.5902700415612571,0.5965138979146485,FAR,FAR,0.0,1,,,0.01,0
C2_n0.01_d000_r04,C2,202616,16.12,16.12,0.0,0.6,0.613524734560742,0.6007666070761719,FAR,FAR,0.0,1,,,0.01,0
C2_n0.01_d000_r04,C2,202616,16.14,16.14,0.0,0.6,0.5954339463890638,0.5994334419043948,FAR,FAR,0.0,1,,,0.01,0
C2_n0.01_d000_r04,C2,202616,16.16,16.16,0.0,0.6,0.5973533468496863,0.5989134181407177,FAR,FAR,0.0,1,,,0.01,0
C2_n0.01_d000_r04,C2,202616,16.18,16.18,0.0,0.6,0.5866460013682738,0.5958465639476068,FAR,FAR,0.0,1,,,0.01,0
C2_n0.01_d000_r04,C2,202616,16.2,16.2,0.0,0.6,0.6072217948270873,0.598690371667477,FAR,FAR,0.0,1,,,0.01,0
C2_n0.01_d000_r04,C2,202616,16.22,16.22,0.0,0.6,0.5881903537499165,0.5960653671880869,FAR,FAR,0.0,1,,,0.01,0
C2_n0.01_d000_r04,C2,202616,16.24,16.24,0.0,0.6,0.624237597917986,0.6031084248705617,FAR,FAR,0.0,1,,,0.01,0
C2_n0.01_d000_r04,C2,202616,16.26,16.26,0.0,0.6,0.58744224153141,0.5991918790357738,FAR,FAR,0.0,1,,,0.01,0
C2_n0.01_d000_r04,C2,202616,16.28,16.28,0.0,0.6,0.5975368960084408,0.5987781332789406,FAR,FAR,0.0,1,,,0.01,0
C2_n0.01_d000_r04,C2,202616,16.3,16.3,0.0,0.6,0.5883217038414442,0.5961640259195665,FAR,FAR,0.0,1,,,0.01,0
C2_n0.01_d000_r04,C2,202616,16.32,16.32,0.0,0.6,0.6064879306024177,0.5987450020902794,FAR,FAR,0.0,1,,,0.01,0
C2_n0.01_d000_r04,C2,202616,16.34,16.34,0.0,0.6,0.5926397760388975,0.5972186955774339,FAR,FAR,0.0,1,,,0.01,0
C2_n0.01_d000_r04,C2,202616,16.36,16.36,0.0,0.6,0.5976083848881658,0.5973161179051169,FAR,FAR,0.0,1,,,0.01,0
C2_n0.01_d000_r04,C2,202616,16.38,16.38,0.0,0.6,0.5929854743101443,0.5962334570063736,FAR,FAR,0.0,1,,,0.01,0
C2_n0.01_d000_r04,C2,202616,16.4,16.4,0.0,0.6,0.5969090948181112,0.596402366459308,FAR,FAR,0.0,1,,,0.01,0
C2_n0.01_d000_r04,C2,202616,16.42,16.42,0.0,0.6,0.6177189230697719,0.6017315056119239,FAR,FAR,0.0,1,,,0.01,0
C2_n0.01_d000_r04,C2,202616,16.44,16.44,0.0,0.6,0.5931045862462238,0.5995747757704989,FAR,FAR,0.0,1,,,0.01,0
C2_n0.01_d000_r04,C2,202616,16.46,16.46,0.0,0.6,0.5865461682745201,0.5963176238965042,FAR,FAR,0.0,1,,,0.01,0
C2_n0.01_d000_r04,C2,202616,16.48,16.48,0.0,0.6,0.5936990355271766,0.5956629768041724,FAR,FAR,0.0,1,,,0.01,0
C2_n0.01_d000_r04,C2,202616,16.5,16.5,0.0,0.6,0.6157962165086072,0.6006962867302811,FAR,FAR,0.0,1,,,0.01,0
C2_n0.01_d000_r04,C2,202616,16.52,16.52,0.0,0.6,0.6021688356835997,0.6010644239686107,FAR,FAR,0.0,1,,,0.01,0
C2_n0.01_d000_r04,C2,202616,16.54,16.54,0.0,0.6,0.6026969019198044,0.6014725434564091,FAR,FAR,0.0,1,,,0.01,0
C2_n0.01_d000_r04,C2,202616,16.56,16.56,0.0,0.6,0.6138294564844518,0.6045617717134197,FAR,FAR,0.0,1,,,0.01,0
C2_n0.01_d000_r04,C2,202616,16.58,16.58,0.0,0.6,0.6067756794073832,0.6051152486369106,FAR,FAR,0.0,1,,,0.01,0
C2_n0.01_d000_r04,C2,202616,16.6,16.6,0.0,0.6,0.6081799700643903,0.6058814289937805,FAR,FAR,0.0,1,,,0.01,0
C2_n0.01_d000_r04,C2,202616,16.62,16.62,0.0,0.6,0.6067815182080982,0.60610645129736,FAR,FAR,0.0,1,,,0.01,0
C2_n0.01_d000_r04,C2,202616,16.64,16.64,0.0,0.6,0.5941732561068032,0.6031231524997207,FAR,FAR,0.0,1,,,0.01,0
C2_n0.01_d000_r04,C2,202616,16.66,16.66,0.0,0.6,0.5993616746150846,0.6021827830285617,FAR,FAR,0.0,1,,,0.01,0
C2_n0.01_d000_r04,C2,202616,16.68,16.68,0.0,0.6,0.6117801546107391,0.604582125924106,FAR,FAR,0.0,1,,,0.01,0
C2_n0.01_d000_r04,C2,202616,16.7,16.7,0.0,0.6,0.6086798938106389,0.6056065678957392,FAR,FAR,0.0,1,,,0.01,0
C2_n0.01_d000_r04,C2,202616,16.72,16.72,0.0,0.6,0.5997513977120332,0.6041427753498128,FAR,FAR,0.0,1,,,0.01,0
C2_n0.01_d000_r04,C2,202616,16.74,16.74,0.0,0.6,0.592661215035978,0.6012723852713541,FAR,FAR,0.0,1,,,0.01,0
C2_n0.01_d000_r04,C2,202616,16.76,16.76,0.0,0.6,0.6042421367097425,0.6020148231309511,FAR,FAR,0.0,1,,,0.01,0
C2_n0.01_d000_r04,C2,202616,16.78,16.78,0.0,0.6,0.6075199943478624,0.603391115935179,FAR,FAR,0.0,1,,,0.01,0
C2_n0.01_d000_r04,C2,202616,16.8,16.8,0.0,0.6,0.5881066151916594,0.5995699907492991,FAR,FAR,0.0,1,,,0.01,0
C2_n0.01_d000_r04,C2,202616,16.82,16.82,0.0,0.6,0.5952709203364275,0.5984952231460812,FAR,FAR,0.0,1,,,0.01,0
C2_n0.01_d000_r04,C2,202616,16.84,16.84,0.0,0.6,0.601001941330231,0.5991219026921186,FAR,FAR,0.0,1,,,0.01,0
C2_n0.01_d000_r04,C2,202616,16.86,16.86,0.0,0.6,0.5887629638799121,0.5965321679890669,FAR,FAR,0.0,1,,,0.01,0
C2_n0.01_d000_r04,C2,202616,16.88,16.88,0.0,0.6,0.6028462817099343,0.5981106964192837,FAR,FAR,0.0,1,,,0.01,0
C2_n0.01_d000_r04,C2,202616,16.9,16.9,0.0,0.6,0.6052131935659739,0.5998863207059563,FAR,FAR,0.0,1,,,0.01,0
C2_n0.01_d000_r04,C2,202616,16.92,16.92,0.0,0.6,0.6043153120938833,0.6009935685529381,FAR,FAR,0.0,1,,,0.01,0
C2_n0.01_d000_r04,C2,202616,16.94,16.94,0.0,0.6,0.6033260215714235,0.6015766818075594,FAR,FAR,0.0,1,,,0.01,0
C2_n0.01_d000_r04,C2,202616,16.96,16.96,0.0,0.6,0.5989933699037694,0.6009308538316119,FAR,FAR,0.0,1,,,0.01,0
C2_n0.01_d000_r04,C2,202616,16.98,16.98,0.0,0.6,0.6058494211215829,0.6021604956541047,FAR,FAR,0.0,1,,,0.01,0
C2_n0.01_d000_r04,C2,202616,17.0,17.0,0.0,0.6,0.5893128385367756,0.5989485813747724,FAR,FAR,0.0,1,,,0.01,0
C2_n0.01_d000_r04,C2,202616,17.02,17.02,0.0,0.6,0.5815464535113197,0.5945980494089091,FAR,FAR,0.0,1,,,0.01,0
C2_n0.01_d000_r04,C2,202616,17.04,17.04,0.0,0.6,0.6077287574633903,0.5978807264225294,FAR,FAR,0.0,1,,,0.01,0
C2_n0.01_d000_r04,C2,202616,17.06,17.06,0.0,0.6,0.6013479038502572,0.5987475207794614,FAR,FAR,0.0,1,,,0.01,0
C2_n0.01_d000_r04,C2,202616,17.08,17.08,0.0,0.6,0.5893488764596054,0.5963978596994974,FAR,FAR,0.0,1,,,0.01,0
C2_n0.01_d000_r04,C2,202616,17.1,17.1,0.0,0.6,0.6078660116554817,0.5992648976884936,FAR,FAR,0.0,1,,,0.01,0
C2_n0.01_d000_r04,C2,202616,17.12,17.12,0.0,0.6,0.5956718535568665,0.5983666366555868,FAR,FAR,0.0,1,,,0.01,0
C2_n0.01_d000_r04,C2,202616,17.14,17.14,0.0,0.6,0.5948716602716126,0.5974928925595933,FAR,FAR,0.0,1,,,0.01,0
C2_n0.01_d000_r04,C2,202616,17.16,17.16,0.0,0.6,0.5949788960344575,0.5968643934283093,FAR,FAR,0.0,1,,,0.01,0
C2_n0.01_d000_r04,C2,202616,17.18,17.18,0.0,0.6,0.570663424008204,0.590314151073283,FAR,FAR,0.0,1,,,0.01,0
C2_n0.01_d000_r04,C2,202616,17.2,17.2,0.0,0.6,0.6012457895810535,0.5930470607002256,FAR,FAR,0.0,1,,,0.01,0
C2_n0.01_d000_r04,C2,202616,17.22,17.22,0.0,0.6,0.5940401439417693,0.5932953315106115,FAR,FAR,0.0,1,,,0.01,0
C2_n0.01_d000_r04,C2,202616,17.24,17.24,0.0,0.6,0.6139590347395538,0.5984612573178472,FAR,FAR,0.0,1,,,0.01,0
C2_n0.01_d000_r04,C2,202616,17.26,17.26,0.0,0.6,0.5832739961759328,0.5946644420323686,FAR,FAR,0.0,1,,,0.01,0
C2_n0.01_d000_r04,C2,202616,17.28,17.28,0.0,0.6,0.5945844866267246,0.5946444531809576,FAR,FAR,0.0,1,,,0.01,0
C2_n0.01_d000_r04,C2,202616,17.3,17.3,0.0,0.6,0.6107889011630084,0.5986805651764703,FAR,FAR,0.0,1,,,0.01,0
C2_n0.01_d000_r04,C2,202616,17.32,17.32,0.0,0.6,0.5983568792363421,0.5985996436914383,FAR,FAR,0.0,1,,,0.01,0
C2_n0.01_d000_r04,C2,202616,17.34,17.34,0.0,0.6,0.5933296828586104,0.5972821534832313,FAR,FAR,0.0,1,,,0.01,0
C2_n0.01_d000_r04,C2,202616,17.36,17.36,0.0,0.6,0.5898633202454546,0.5954274451737871,FAR,FAR,0.0,1,,,0.01,0
C2_n0.01_d000_r04,C2,202616,17.38,17.38,0.0,0.6,0.5791102876025928,0.5913481557809885,FAR,FAR,0.0,1,,,0.01,0
C2_n0.01_d000_r04,C2,202616,17.4,17.4,0.0,0.6,0.5991075603817642,0.5932880069311824,FAR,FAR,0.0,1,,,0.01,0
C2_n0.01_d000_r04,C2,202616,17.42,17.42,0.0,0.6,0.6237220416922472,0.6008965156214486,FAR,FAR,0.0,1,,,0.01,0
C2_n0.01_d000_r04,C2,202616,17.44,17.44,0.0,0.6,0.5912659193673545,0.5984888665579251,FAR,FAR,0.0,1,,,0.01,0
C2_n0.01_d000_r04,C2,202616,17.46,17.46,0.0,0.6,0.5965847007811047,0.59801282511372,FAR,FAR,0.0,1,,,0.01,0
C2_n0.01_d000_r04,C2,202616,17.48,17.48,0.0,0.6,0.6077749560544038,0.600453357848891,FAR,FAR,0.0,1,,,0.01,0
C2_n0.01_d000_r04,C2,202616,17.5,17.5,0.0,0.6,0.6008873710072369,0.6005618611384775,FAR,FAR,0.0,1,,,0.01,0
C2_n0.01_d000_r04,C2,202616,17.52,17.52,0.0,0.6,0.6186542178058246,0.6050849503053143,FAR,FAR,0.0,1,,,0.01,0
C2_n0.01_d000_r04,C2,202616,17.54,17.54,0.0,0.6,0.6053620123928055,0.6051542158271871,FAR,FAR,0.0,1,,,0.01,0
C2_n0.01_d000_r04,C2,202616,17.56,17.56,0.0,0.6,0.6010807552064473,0.6041358506720022,FAR,FAR,0.0,1,,,0.01,0
C2_n0.01_d000_r04,C2,202616,17.58,17.58,0.0,0.6,0.5877990390314995,0.6000516477618765,FAR,FAR,0.0,1,,,0.01,0
C2_n0.01_d000_r04,C2,202616,17.6,17.6,0.0,0.6,0.5870961118003217,0.5968127637714877,FAR,FAR,0.0,1,,,0.01,0
C2_n0.01_d000_r04,C2,202616,17.62,17.62,0.0,0.6,0.6033866516854675,0.5984562357499826,FAR,FAR,0.0,1,,,0.01,0
C2_n0.01_d000_r04,C2,202616,17.64,17.64,0.0,0.6,0.6138380425103851,0.6023016874400833,FAR,FAR,0.0,1,,,0.01,0
C2_n0.01_d000_r04,C2,202616,17.66,17.66,0.0,0.6,0.6072313896042739,0.6035341129811309,FAR,FAR,0.0,1,,,0.01,0
C2_n0.01_d000_r04,C2,202616,17.68,17.68,0.0,0.6,0.5862975937343423,0.5992249831694337,FAR,FAR,0.0,1,,,0.01,0
C2_n0.01_d000_r04,C2,202616,17.7,17.7,0.0,0.6,0.6052758226801124,0.6007376930471033,FAR,FAR,0.0,1,,,0.01,0
C2_n0.01_d000_r04,C2,202616,17.72,17.72,0.0,0.6,0.6247486157403791,0.6067404237204223,FAR,FAR,0.0,1,,,0.01,0
C2_n0.01_d000_r04,C2,202616,17.74,17.74,0.0,0.6,0.6089975922828382,0.6073047158610263,FAR,FAR,0.0,1,,,0.01,0
C2_n0.01_d000_r04,C2,202616,17.76,17.76,0.0,0.6,0.5864528756292323,0.6020917558030778,FAR,FAR,0.0,1,,,0.01,0
C2_n0.01_d000_r04,C2,202616,17.78,17.78,0.0,0.6,0.5999388896786056,0.6015535392719598,FAR,FAR,0.0,1,,,0.01,0
C2_n0.01_d000_r04,C2,202616,17.8,17.8,0.0,0.6,0.5908180748202927,0.598869673159043,FAR,FAR,0.0,1,,,0.01,0
C2_n0.01_d000_r04,C2,202616,17.82,17.82,0.0,0.6,0.6132146521451481,0.6024559179055693,FAR,FAR,0.0,1,,,0.01,0
C2_n0.01_d000_r04,C2,202616,17.84,17.84,0.0,0.6,0.596626237632902,0.6009984978374024,FAR,FAR,0.0,1,,,0.01,0
C2_n0.01_d000_r04,C2,202616,17.86,17.86,0.0,0.6,0.5853310141611568,0.597081626918341,FAR,FAR,0.0,1,,,0.01,0
C2_n0.01_d000_r04,C2,202616,17.88,17.88,0.0,0.6,0.5897239696327322,0.5952422125969388,FAR,FAR,0.0,1,,,0.01,0
C2_n0.01_d000_r04,C2,202616,17.9,17.9,0.0,0.6,0.5871402117683083,0.5932167123897811,FAR,FAR,0.0,1,,,0.01,0
C2_n0.01_d000_r04,C2,202616,17.92,17.92,0.0,0.6,0.615274971938729,0.5987312772770181,FAR,FAR,0.0,1,,,0.01,0
C2_n0.01_d000_r04,C2,202616,17.94,17.94,0.0,0.6,0.6198063808038293,0.604000053158721,FAR,FAR,0.0,1,,,0.01,0
C2_n0.01_d000_r04,C2,202616,17.96,17.96,0.0,0.6,0.6003529715891297,0.6030882827663231,FAR,FAR,0.0,1,,,0.01,0
C2_n0.01_d000_r04,C2,202616,17.98,17.98,0.0,0.6,0.5994023572275903,0.6021668013816399,FAR,FAR,0.0,1,,,0.01,0
C2_n0.01_d000_r04,C2,202616,18.0,18.0,0.0,0.6,0.5924056013695953,0.5997265013786288,FAR,FAR,0.0,1,,,0.01,0
C2_n0.01_d000_r04,C2,202616,18.02,18.02,0.0,0.6,0.6069687779144213,0.6015370705125769,FAR,FAR,0.0,1,,,0.01,0
C2_n0.01_d000_r04,C2,202616,18.04,18.04,0.0,0.6,0.6126046855505297,0.6043039742720651,FAR,FAR,0.0,1,,,0.01,0
C2_n0.01_d000_r04,C2,202616,18.06,18.06,0.0,0.6,0.6112397626457936,0.6060379213654972,FAR,FAR,0.0,1,,,0.01,0
C2_n0.01_d000_r04,C2,202616,18.08,18.08,0.0,0.6,0.6095064279202776,0.6069050480041923,FAR,FAR,0.0,1,,,0.01,0
C2_n0.01_d000_r04,C2,202616,18.1,18.1,0.0,0.6,0.5917185138379671,0.603108414462636,FAR,FAR,0.0,1,,,0.01,0
C2_n0.01_d000_r04,C2,202616,18.12,18.12,0.0,0.6,0.5894441612460486,0.5996923511584891,FAR,FAR,0.0,1,,,0.01,0
C2_n0.01_d000_r04,C2,202616,18.14,18.14,0.0,0.6,0.5891355541095029,0.5970531518962425,FAR,FAR,0.0,1,,,0.01,0
C2_n0.01_d000_r04,C2,202616,18.16,18.16,0.0,0.6,0.597045997623879,0.5970513633281517,FAR,FAR,0.0,1,,,0.01,0
C2_n0.01_d000_r04,C2,202616,18.18,18.18,0.0,0.6,0.602358011680035,0.5983780254161225,FAR,FAR,0.0,1,,,0.01,0
C2_n0.01_d000_r04,C2,202616,18.2,18.2,0.0,0.6,0.5846740672111415,0.5949520358648772,FAR,FAR,0.0,1,,,0.01,0
C2_n0.01_d000_r04,C2,202616,18.22,18.22,0.0,0.6,0.5809041251470561,0.591440058185422,FAR,FAR,0.0,1,,,0.01,0
C2_n0.01_d000_r04,C2,202616,18.24,18.24,0.0,0.6,0.5992502201525242,0.5933925986771975,FAR,FAR,0.0,1,,,0.01,0
C2_n0.01_d000_r04,C2,202616,18.26,18.26,0.0,0.6,0.5925680482638839,0.5931864610738691,FAR,FAR,0.0,1,,,0.01,0
C2_n0.01_d000_r04,C2,202616,18.28,18.28,0.0,0.6,0.606029389936003,0.5963971932894025,FAR,FAR,0.0,1,,,0.01,0
C2_n0.01_d000_r04,C2,202616,18.3,18.3,0.0,0.6,0.5933768493457522,0.59564210730349,FAR,FAR,0.0,1,,,0.01,0
C2_n0.01_d000_r04,C2,202616,18.32,18.32,0.0,0.6,0.5899276513961986,0.5942134933266672,FAR,FAR,0.0,1,,,0.01,0
C2_n0.01_d000_r04,C2,202616,18.34,18.34,0.0,0.6,0.6205705980256331,0.6008027695014087,FAR,FAR,0.0,1,,,0.01,0
C2_n0.01_d000_r04,C2,202616,18.36,18.36,0.0,0.6,0.603395617585918,0.601450981522536,FAR,FAR,0.0,1,,,0.01,0
C2_n0.01_d000_r04,C2,202616,18.38,18.38,0.0,0.6,0.6150262451338091,0.6048447974253542,FAR,FAR,0.0,1,,,0.01,0
C2_n0.01_d000_r04,C2,202616,18.4,18.4,0.0,0.6,0.5743574624617611,0.5972229636844559,FAR,FAR,0.0,1,,,0.01,0
C2_n0.01_d000_r04,C2,202616,18.42,18.42,0.0,0.6,0.5953786499409092,0.5967618852485692,FAR,FAR,0.0,1,,,0.01,0
C2_n0.01_d000_r04,C2,202616,18.44,18.44,0.0,0.6,0.5897910997333221,0.5950191888697575,FAR,FAR,0.0,1,,,0.01,0
C2_n0.01_d000_r04,C2,202616,18.46,18.46,0.0,0.6,0.6122343611626974,0.5993229819429925,FAR,FAR,0.0,1,,,0.01,0
C2_n0.01_d000_r04,C2,202616,18.48,18.48,0.0,0.6,0.6003778744573796,0.5995867050715893,FAR,FAR,0.0,1,,,0.01,0
C2_n0.01_d000_r04,C2,202616,18.5,18.5,0.0,0.6,0.6070552094987994,0.6014538311783918,FAR,FAR,0.0,1,,,0.01,0
C2_n0.01_d000_r04,C2,202616,18.52,18.52,0.0,0.6,0.5908300727553962,0.598797891572643,FAR,FAR,0.0,1,,,0.01,0
C2_n0.01_d000_r04,C2,202616,18.54,18.54,0.0,0.6,0.6067908222168342,0.6007961242336908,FAR,FAR,0.0,1,,,0.01,0
C2_n0.01_d000_r04,C2,202616,18.56,18.56,0.0,0.6,0.5985694797502706,0.6002394631128357,FAR,FAR,0.0,1,,,0.01,0
C2_n0.01_d000_r04,C2,202616,18.58,18.58,0.0,0.6,0.6028505403796838,0.6008922324295477,FAR,FAR,0.0,1,,,0.01,0
C2_n0.01_d000_r04,C2,202616,18.6,18.6,0.0,0.6,0.6147634859186518,0.6043600458018238,FAR,FAR,0.0,1,,,0.01,0
C2_n0.01_d000_r04,C2,202616,18.62,18.62,0.0,0.6,0.5966612351684993,0.6024353431434927,FAR,FAR,0.0,1,,,0.01,0
C2_n0.01_d000_r04,C2,202616,18.64,18.64,0.0,0.6,0.6051103189939762,0.6031040871061135,FAR,FAR,0.0,1,,,0.01,0
C2_n0.01_d000_r04,C2,202616,18.66,18.66,0.0,0.6,0.5933211037801813,0.6006583412746305,FAR,FAR,0.0,1,,,0.01,0
C2_n0.01_d000_r04,C2,202616,18.68,18.68,0.0,0.6,0.5998792920877128,0.600463578977901,FAR,FAR,0.0,1,,,0.01,0
C2_n0.01_d000_r04,C2,202616,18.7,18.7,0.0,0.6,0.6201128349363341,0.6053758929675093,FAR,FAR,0.0,1,,,0.01,0
C2_n0.01_d000_r04,C2,202616,18.72,18.72,0.0,0.6,0.6086688925184668,0.6061991428552487,FAR,FAR,0.0,1,,,0.01,0
C2_n0.01_d000_r04,C2,202616,18.74,18.74,0.0,0.6,0.5900395186651923,0.6021592368077346,FAR,FAR,0.0,1,,,0.01,0
C2_n0.01_d000_r04,C2,202616,18.76,18.76,0.0,0.6,0.5916818727520462,0.5995398957938125,FAR,FAR,0.0,1,,,0.01,0
C2_n0.01_d000_r04,C2,202616,18.78,18.78,0.0,0.6,0.6157679793306381,0.6035969166780188,FAR,FAR,0.0,1,,,0.01,0
C2_n0.01_d000_r04,C2,202616,18.8,18.8,0.0,0.6,0.5959737057425614,0.6016911139441545,FAR,FAR,0.0,1,,,0.01,0
C2_n0.01_d000_r04,C2,202616,18.82,18.82,0.0,0.6,0.6055950945502055,0.6026671090956672,FAR,FAR,0.0,1,,,0.01,0
C2_n0.01_d000_r04,C2,202616,18.84,18.84,0.0,0.6,0.604790277875898,0.6031979012907249,FAR,FAR,0.0,1,,,0.01,0
C2_n0.01_d000_r04,C2,202616,18.86,18.86,0.0,0.6,0.573511799689146,0.5957763758903302,FAR,FAR,0.0,1,,,0.01,0
C2_n0.01_d000_r04,C2,202616,18.88,18.88,0.0,0.6,0.6076997499088449,0.5987572193949589,FAR,FAR,0.0,1,,,0.01,0
C2_n0.01_d000_r04,C2,202616,18.9,18.9,0.0,0.6,0.6082205931396604,0.6011230628311343,FAR,FAR,0.0,1,,,0.01,0
C2_n0.01_d000_r04,C2,202616,18.92,18.92,0.0,0.6,0.5862784642289076,0.5974119131805775,FAR,FAR,0.0,1,,,0.01,0
C2_n0.01_d000_r04,C2,202616,18.94,18.94,0.0,0.6,0.6159199864029331,0.6020389314861664,FAR,FAR,0.0,1,,,0.01,0
C2_n0.01_d000_r04,C2,202616,18.96,18.96,0.0,0.6,0.5854266107073085,0.597885851291452,FAR,FAR,0.0,1,,,0.01,0
C2_n0.01_d000_r04,C2,202616,18.98,18.98,0.0,0.6,0.6079353950272806,0.6003982372254091,FAR,FAR,0.0,1,,,0.01,0
C2_n0.01_d000_r04,C2,202616,19.0,19.0,0.0,0.6,0.5959908998689625,0.5992964028862975,FAR,FAR,0.0,1,,,0.01,0
C2_n0.01_d000_r04,C2,202616,19.02,19.02,0.0,0.6,0.6004521883984588,0.5995853492643378,FAR,FAR,0.0,1,,,0.01,0
C2_n0.01_d000_r04,C2,202616,19.04,19.04,0.0,0.6,0.615175118285005,0.6034827915195047,FAR,FAR,0.0,1,,,0.01,0
C2_n0.01_d000_r04,C2,202616,19.06,19.06,0.0,0.6,0.5957142490666024,0.6015406559062791,FAR,FAR,0.0,1,,,0.01,0
C2_n0.01_d000_r04,C2,202616,19.08,19.08,0.0,0.6,0.5998667342082156,0.6011221754817633,FAR,FAR,0.0,1,,,0.01,0
C2_n0.01_d000_r04,C2,202616,19.1,19.1,0.0,0.6,0.5867989009962828,0.5975413568603931,FAR,FAR,0.0,1,,,0.01,0
C2_n0.01_d000_r04,C2,202616,19.12,19.12,0.0,0.6,0.5929992693118106,0.5964058349732475,FAR,FAR,0.0,1,,,0.01,0
C2_n0.01_d000_r04,C2,202616,19.14,19.14,0.0,0.6,0.6002145309111984,0.5973580089577353,FAR,FAR,0.0,1,,,0.01,0
C2_n0.01_d000_r04,C2,202616,19.16,19.16,0.0,0.6,0.5971535732039356,0.5973069000192853,FAR,FAR,0.0,1,,,0.01,0
C2_n0.01_d000_r04,C2,202616,19.18,19.18,0.0,0.6,0.5990228527892293,0.5977358882117713,FAR,FAR,0.0,1,,,0.01,0
C2_n0.01_d000_r04,C2,202616,19.2,19.2,0.0,0.6,0.613532695046001,0.6016850899203287,FAR,FAR,0.0,1,,,0.01,0
C2_n0.01_d000_r04,C2,202616,19.22,19.22,0.0,0.6,0.6067468775453995,0.6029505368265964,FAR,FAR,0.0,1,,,0.01,0
C2_n0.01_d000_r04,C2,202616,19.24,19.24,0.0,0.6,0.5956745917186628,0.601131550549613,FAR,FAR,0.0,1,,,0.01,0
C2_n0.01_d000_r04,C2,202616,19.26,19.26,0.0,0.6,0.6058668724887148,0.6023153810343884,FAR,FAR,0.0,1,,,0.01,0
C2_n0.01_d000_r04,C2,202616,19.28,19.28,0.0,0.6,0.5885921507822298,0.5988845734713488,FAR,FAR,0.0,1,,,0.01,0
C2_n0.01_d000_r04,C2,202616,19.3,19.3,0.0,0.6,0.5949068961175434,0.5978901541328975,FAR,FAR,0.0,1,,,0.01,0
C2_n0.01_d000_r04,C2,202616,19.32,19.32,0.0,0.6,0.599190898648157,0.5982153402617123,FAR,FAR,0.0,1,,,0.01,0
C2_n0.01_d000_r04,C2,202616,19.34,19.34,0.0,0.6,0.605880776194957,0.6001316992450234,FAR,FAR,0.0,1,,,0.01,0
C2_n0.01_d000_r04,C2,202616,19.36,19.36,0.0,0.6,0.5956566002494925,0.5990129244961406,FAR,FAR,0.0,1,,,0.01,0
C2_n0.01_d000_r04,C2,202616,19.38,19.38,0.0,0.6,0.5958157017625643,0.5982136188127465,FAR,FAR,0.0,1,,,0.01,0
C2_n0.01_d000_r04,C2,202616,19.4,19.4,0.0,0.6,0.5821858950121622,0.5942066878626004,FAR,FAR,0.0,1,,,0.01,0
C2_n0.01_d000_r04,C2,202616,19.42,19.42,0.0,0.6,0.5996775509576046,0.5955744036363515,FAR,FAR,0.0,1,,,0.01,0
C2_n0.01_d000_r04,C2,202616,19.44,19.44,0.0,0.6,0.5865027508592066,0.5933064904420653,FAR,FAR,0.0,1,,,0.01,0
C2_n0.01_d000_r04,C2,202616,19.46,19.46,0.0,0.6,0.6166700488811828,0.5991473800518446,FAR,FAR,0.0,1,,,0.01,0
C2_n0.01_d000_r04,C2,202616,19.48,19.48,0.0,0.6,0.6032067632876136,0.6001622258607869,FAR,FAR,0.0,1,,,0.01,0
C2_n0.01_d000_r04,C2,202616,19.5,19.5,0.0,0.6,0.6027616336182038,0.6008120778001411,FAR,FAR,0.0,1,,,0.01,0
C2_n0.01_d000_r04,C2,202616,19.52,19.52,0.0,0.6,0.6242050358099993,0.6066603173026057,FAR,FAR,0.0,1,,,0.01,0
C2_n0.01_d000_r04,C2,202616,19.54,19.54,0.0,0.6,0.6123302861127078,0.6080778095051312,FAR,FAR,0.0,1,,,0.01,0
C2_n0.01_d000_r04,C2,202616,19.56,19.56,0.0,0.6,0.5952448930706433,0.6048695803965093,FAR,FAR,0.0,1,,,0.01,0
C2_n0.01_d000_r04,C2,202616,19.58,19.58,0.0,0.6,0.601705059757272,0.6040784502366999,FAR,FAR,0.0,1,,,0.01,0
C2_n0.01_d000_r04,C2,202616,19.6,19.6,0.0,0.6,0.6006091429924397,0.6032111234256349,FAR,FAR,0.0,1,,,0.01,0
C2_n0.01_d000_r04,C2,202616,19.62,19.62,0.0,0.6,0.6009401533979307,0.6026433809187088,FAR,FAR,0.0,1,,,0.01,0
C2_n0.01_d000_r04,C2,202616,19.64,19.64,0.0,0.6,0.6029314197133298,0.6027153906173641,FAR,FAR,0.0,1,,,0.01,0
C2_n0.01_d000_r04,C2,202616,19.66,19.66,0.0,0.6,0.6179658444134818,0.6065280040663935,FAR,FAR,0.0,1,,,0.01,0
C2_n0.01_d000_r04,C2,202616,19.68,19.68,0.0,0.6,0.595244021204283,0.6037070083508659,FAR,FAR,0.0,1,,,0.01,0
C2_n0.01_d000_r04,C2,202616,19.7,19.7,0.0,0.6,0.6021746994325415,0.6033239311212848,FAR,FAR,0.0,1,,,0.01,0
C2_n0.01_d000_r04,C2,202616,19.72,19.72,0.0,0.6,0.5831442816872852,0.5982790187627849,FAR,FAR,0.0,1,,,0.01,0
C2_n0.01_d000_r04,C2,202616,19.74,19.74,0.0,0.6,0.5956519463357027,0.5976222506560144,FAR,FAR,0.0,1,,,0.01,0
C2_n0.01_d000_r04,C2,202616,19.76,19.76,0.0,0.6,0.6010257811958976,0.5984731332909852,FAR,FAR,0.0,1,,,0.01,0
C2_n0.01_d000_r04,C2,202616,19.78,19.78,0.0,0.6,0.5866019628401944,0.5955053406782875,FAR,FAR,0.0,1,,,0.01,0
C2_n0.01_d000_r04,C2,202616,19.8,19.8,0.0,0.6,0.5785675526317698,0.5912708936666581,FAR,FAR,0.0,1,,,0.01,0
C2_n0.01_d000_r04,C2,202616,19.82,19.82,0.0,0.6,0.6063301094108908,0.5950356976027162,FAR,FAR,0.0,1,,,0.01,0
C2_n0.01_d000_r04,C2,202616,19.84,19.84,0.0,0.6,0.5966153462785075,0.5954306097716641,FAR,FAR,0.0,1,,,0.01,0
C2_n0.01_d000_r04,C2,202616,19.86,19.86,0.0,0.6,0.592244609935265,0.5946341098125643,FAR,FAR,0.0,1,,,0.01,0
C2_n0.01_d000_r04,C2,202616,19.88,19.88,0.0,0.6,0.603011116261982,0.5967283614249187,FAR,FAR,0.0,1,,,0.01,0
C2_n0.01_d000_r04,C2,202616,19.9,19.9,0.0,0.6,0.616393689117098,0.6016446933479636,FAR,FAR,0.0,1,,,0.01,0
C2_n0.01_d000_r04,C2,202616,19.92,19.92,0.0,0.6,0.6054744306419351,0.6026021276714564,FAR,FAR,0.0,1,,,0.01,0
C2_n0.01_d000_r04,C2,202616,19.94,19.94,0.0,0.6,0.582874014161844,0.5976700992940533,FAR,FAR,0.0,1,,,0.01,0
C2_n0.01_d000_r04,C2,202616,19.96,19.96,0.0,0.6,0.5905209121109355,0.5958828024982739,FAR,FAR,0.0,1,,,0.01,0
C2_n0.01_d000_r04,C2,202616,19.98,19.98,0.0,0.6,0.5989473842277011,0.5966489479306307,FAR,FAR,0.0,1,,,0.01,0
C2_n0.01_d000_r04,C2,202616,20.0,20.0,0.0,0.6,0.588004528863655,0.5944878431638868,FAR,FAR,0.0,1,,,0.01,0
