trial_id,condition,seed,time_s,sensor_time_s,sample_age_s,true_distance_m,raw_distance_m,filtered_distance_m,expected_state,state,command,valid,event_label,invalid_reason,noise_sigma_m,delay_ms
C2_n0.01_d000_r02,C2,202614,0.0,0.0,0.0,0.6,0.6038984807480852,0.6038984807480852,FAR,FAR,0.0,1,,,0.01,0
C2_n0.01_d000_r02,C2,202614,0.02,0.02,0.0,0.6,0.6049025702621773,0.6041495031266082,FAR,FAR,0.0,1,,,0.01,0
C2_n0.01_d000_r02,C2,202614,0.04,0.04,0.0,0.6,0.6000631427178882,0.6031279130244283,FAR,FAR,0.0,1,,,0.01,0
C2_n0.01_d000_r02,C2,202614,0.06,0.06,0.0,0.6,0.6014340443151313,0.602704445847104,FAR,FAR,0.0,1,,,0.01,0
C2_n0.01_d000_r02,C2,202614,0.08,0.08,0.0,0.6,0.6244923724313076,0.608151427493155,FAR,FAR,0.0,1,,,0.01,0
C2_n0.01_d000_r02,C2,202614,0.1,0.1,0.0,0.6,0.5848839223623002,0.6023345512104413,FAR,FAR,0.0,1,,,0.01,0
C2_n0.01_d000_r02,C2,202614,0.12,0.12,0.0,0.6,0.5864764746823521,0.5983700320784191,FAR,FAR,0.0,1,,,0.01,0
C2_n0.01_d000_r02,C2,202614,0.14,0.14,0.0,0.6,0.6023543392516943,0.5993661088717379,FAR,FAR,0.0,1,,,0.01,0
C2_n0.01_d000_r02,C2,202614,0.16,0.16,0.0,0.6,0.6125410574364355,0.6026598460129123,FAR,FAR,0.0,1,,,0.01,0
C2_n0.01_d000_r02,C2,202614,0.18,0.18,0.0,0.6,0.6128162249313406,0.6051989407425195,FAR,FAR,0.0,1,,,0.01,0
C2_n0.01_d000_r02,C2,202614,0.2,0.2,0.0,0.6,0.6085219449000883,0.6060296917819117,FAR,FAR,0.0,1,,,0.01,0
C2_n0.01_d000_r02,C2,202614,0.22,0.22,0.0,0.6,0.5995822650319528,0.6044178350944219,FAR,FAR,0.0,1,,,0.01,0
C2_n0.01_d000_r02,C2,202614,0.24,0.24,0.0,0.6,0.6113996548841298,0.606163290041849,FAR,FAR,0.0,1,,,0.01,0
C2_n0.01_d000_r02,C2,202614,0.26,0.26,0.0,0.6,0.6183765275708897,0.6092165994241092,FAR,FAR,0.0,1,,,0.01,0
C2_n0.01_d000_r02,C2,202614,0.28,0.28,0.0,0.6,0.6119826918490365,0.6099081225303411,FAR,FAR,0.0,1,,,0.01,0
C2_n0.01_d000_r02,C2,202614,0.3,0.3,0.0,0.6,0.5916906253246093,0.6053537482289082,FAR,FAR,0.0,1,,,0.01,0
C2_n0.01_d000_r02,C2,202614,0.32,0.32,0.0,0.6,0.5899865872533151,0.6015119579850099,FAR,FAR,0.0,1,,,0.01,0
C2_n0.01_d000_r02,C2,202614,0.34,0.34,0.0,0.6,0.5931405710512176,0.5994191112515619,FAR,FAR,0.0,1,,,0.01,0
C2_n0.01_d000_r02,C2,202614,0.36,0.36,0.0,0.6,0.5952893664754608,0.5983866750575366,FAR,FAR,0.0,1,,,0.01,0
C2_n0.01_d000_r02,C2,202614,0.38,0.38,0.0,0.6,0.6015982591237726,0.5991895710740957,FAR,FAR,0.0,1,,,0.01,0
C2_n0.01_d000_r02,C2,202614,0.4,0.4,0.0,0.6,0.5948152409093471,0.5980959885329086,FAR,FAR,0.0,1,,,0.01,0
C2_n0.01_d000_r02,C2,202614,0.42,0.42,0.0,0.6,0.5958314636796694,0.5975298573195987,FAR,FAR,0.0,1,,,0.01,0
C2_n0.01_d000_r02,C2,202614,0.44,0.44,0.0,0.6,0.6105091086199939,0.6007746701446975,FAR,FAR,0.0,1,,,0.01,0
C2_n0.01_d000_r02,C2,202614,0.46,0.46,0.0,0.6,0.6038197641605236,0.601535943648654,FAR,FAR,0.0,1,,,0.01,0
C2_n0.01_d000_r02,C2,202614,0.48,0.48,0.0,0.6,0.5945414767553702,0.5997873269253331,FAR,FAR,0.0,1,,,0.01,0
C2_n0.01_d000_r02,C2,202614,0.5,0.5,0.0,0.6,0.6036036555161703,0.6007414090730424,FAR,FAR,0.0,1,,,0.01,0
C2_n0.01_d000_r02,C2,202614,0.52,0.52,0.0,0.6,0.618940729257415,0.6052912391191356,FAR,FAR,0.0,1,,,0.01,0
C2_n0.01_d000_r02,C2,202614,0.54,0.54,0.0,0.6,0.6067579814649009,0.6056579247055769,FAR,FAR,0.0,1,,,0.01,0
C2_n0.01_d000_r02,C2,202614,0.56,0.56,0.0,0.6,0.600075309425196,0.6042622708854817,FAR,FAR,0.0,1,,,0.01,0
C2_n0.01_d000_r02,C2,202614,0.58,0.58,0.0,0.6,0.6064893011567869,0.6048190284533079,FAR,FAR,0.0,1,,,0.01,0
C2_n0.01_d000_r02,C2,202614,0.6,0.6,0.0,0.6,0.5946956449723365,0.602288182583065,FAR,FAR,0.0,1,,,0.01,0
C2_n0.01_d000_r02,C2,202614,0.62,0.62,0.0,0.6,0.5998708612256471,0.6016838522437106,FAR,FAR,0.0,1,,,0.01,0
C2_n0.01_d000_r02,C2,202614,0.64,0.64,0.0,0.6,0.6093879948633658,0.6036098878986244,FAR,FAR,0.0,1,,,0.01,0
C2_n0.01_d000_r02,C2,202614,0.66,0.66,0.0,0.6,0.6061899871291704,0.6042549127062609,FAR,FAR,0.0,1,,,0.01,0
C2_n0.01_d000_r02,C2,202614,0.68,0.68,0.0,0.6,0.5993790454196984,0.6030359458846203,FAR,FAR,0.0,1,,,0.01,0
C2_n0.01_d000_r02,C2,202614,0.7,0.7,0.0,0.6,0.5780899517266262,0.5967994473451218,FAR,FAR,0.0,1,,,0.01,0
C2_n0.01_d000_r02,C2,202614,0.72,0.72,0.0,0.6,0.6083660223418413,0.5996910910943017,FAR,FAR,0.0,1,,,0.01,0
C2_n0.01_d000_r02,C2,202614,0.74,0.74,0.0,0.6,0.6057283903138474,0.6012004158991882,FAR,FAR,0.0,1,,,0.01,0
C2_n0.01_d000_r02,C2,202614,0.76,0.76,0.0,0.6,0.5819565901232531,0.5963894594552044,FAR,FAR,0.0,1,,,0.01,0
C2_n0.01_d000_r02,C2,202614,0.78,0.78,0.0,0.6,0.5614261844443844,0.5876486407024994,FAR,FAR,0.0,1,,,0.01,0
C2_n0.01_d000_r02,C2,202614,0.8,0.8,0.0,0.6,0.610531664911874,0.5933693967548431,FAR,FAR,0.0,1,,,0.01,0
C2_n0.01_d000_r02,C2,202614,0.82,0.82,0.0,0.6,0.5800803947696537,0.5900471462585457,FAR,FAR,0.0,1,,,0.01,0
C2_n0.01_d000_r02,C2,202614,0.84,0.84,0.0,0.6,0.5913413649729323,0.5903707009371424,FAR,FAR,0.0,1,,,0.01,0
C2_n0.01_d000_r02,C2,202614,0.86,0.86,0.0,0.6,0.6024441795975775,0.5933890706022511,FAR,FAR,0.0,1,,,0.01,0
C2_n0.01_d000_r02,C2,202614,0.88,0.88,0.0,0.6,0.5959777440964917,0.5940362389758113,FAR,FAR,0.0,1,,,0.01,0
C2_n0.01_d000_r02,C2,202614,0.9,0.9,0.0,0.6,0.5781326226069173,0.5900603348835878,FAR,FAR,0.0,1,,,0.01,0
C2_n0.01_d000_r02,C2,202614,0.92,0.92,0.0,0.6,0.6084320728796845,0.594653269382612,FAR,FAR,0.0,1,,,0.01,0
C2_n0.01_d000_r02,C2,202614,0.94,0.94,0.0,0.6,0.6055460840935576,0.5973764730603484,FAR,FAR,0.0,1,,,0.01,0
C2_n0.01_d000_r02,C2,202614,0.96,0.96,0.0,0.6,0.6171211835120481,0.6023126506732733,FAR,FAR,0.0,1,,,0.01,0
C2_n0.01_d000_r02,C2,202614,0.98,0.98,0.0,0.6,0.5920437817961817,0.5997454334540004,FAR,FAR,0.0,1,,,0.01,0
C2_n0.01_d000_r02,C2,202614,1.0,1.0,0.0,0.6,0.5879491769421864,0.596796369326047,FAR,FAR,0.0,1,,,0.01,0
C2_n0.01_d000_r02,C2,202614,1.02,1.02,0.0,0.6,0.615603141716179,0.60149806242358,FAR,FAR,0.0,1,,,0.01,0
C2_n0.01_d000_r02,C2,202614,1.04,1.04,0.0,0.6,0.5873229152741841,0.597954275636231,FAR,FAR,0.0,1,,,0.01,0
C2_n0.01_d000_r02,C2,202614,1.06,1.06,0.0,0.6,0.5952857871675022,0.5972871535190488,FAR,FAR,0.0,1,,,0.01,0
C2_n0.01_d000_r02,C2,202614,1.08,1.08,0.0,0.6,0.5923861728141789,0.5960619083428313,FAR,FAR,0.0,1,,,0.01,0
C2_n0.01_d000_r02,C2,202614,1.1,1.1,0.0,0.6,0.6055122349295091,0.5984244899895008,FAR,FAR,0.0,1,,,0.01,0
C2_n0.01_d000_r02,C2,202614,1.12,1.12,0.0,0.6,0.589150518347745,0.5961059970790619,FAR,FAR,0.0,1,,,0.01,0
C2_n0.01_d000_r02,C2,202614,1.14,1.14,0.0,0.6,0.6062176637700243,0.5986339137518024,FAR,FAR,0.0,1,,,0.01,0
C2_n0.01_d000_r02,C2,202614,1.16,1.16,0.0,0.6,0.6065231982264222,0.6006062348704574,FAR,FAR,0.0,1,,,0.01,0
C2_n0.01_d000_r02,C2,202614,1.18,1.18,0.0,0.6,0.5752988636059935,0.5942793920543414,FAR,FAR,0.0,1,,,0.01,0
C2_n0.01_d000_r02,C2,202614,1.2,1.2,0.0,0.6,0.6148259464184198,0.5994160306453611,FAR,FAR,0.0,1,,,0.01,0
C2_n0.01_d000_r02,C2,202614,1.22,1.22,0.0,0.6,0.5987247789432492,0.5992432177198331,FAR,FAR,0.0,1,,,0.01,0
C2_n0.01_d000_r02,C2,202614,1.24,1.24,0.0,0.6,0.5957428596252474,0.5983681281961867,FAR,FAR,0.0,1,,,0.01,0
C2_n0.01_d000_r02,C2,202614,1.26,1.26,0.0,0.6,0.5949001244711283,0.597501127264922,FAR,FAR,0.0,1,,,0.01,0
C2_n0.01_d000_r02,C2,202614,1.28,1.28,0.0,0.6,0.6121540745351183,0.6011643640824711,FAR,FAR,0.0,1,,,0.01,0
C2_n0.01_d000_r02,C2,202614,1.3,1.3,0.0,0.6,0.6150285278835385,0.6046304050327379,FAR,FAR,0.0,1,,,0.01,0
C2_n0.01_d000_r02,C2,202614,1.32,1.32,0.0,0.6,0.6122510440548385,0.6065355647882631,FAR,FAR,0.0,1,,,0.01,0
C2_n0.01_d000_r02,C2,202614,1.34,1.34,0.0,0.6,0.5899846976925106,0.6023978480143249,FAR,FAR,0.0,1,,,0.01,0
C2_n0.01_d000_r02,C2,202614,1.36,1.36,0.0,0.6,0.6103534401048604,0.6043867460369589,FAR,FAR,0.0,1,,,0.01,0
C2_n0.01_d000_r02,C2,202614,1.38,1.38,0.0,0.6,0.5945938261049829,0.6019385160539649,FAR,FAR,0.0,1,,,0.01,0
C2_n0.01_d000_r02,C2,202614,1.4,1.4,0.0,0.6,0.6060909770199522,0.6029766312954616,FAR,FAR,0.0,1,,,0.01,0
C2_n0.01_d000_r02,C2,202614,1.42,1.42,0.0,0.6,0.6018871392415402,0.6027042582819813,FAR,FAR,0.0,1,,,0.01,0
C2_n0.01_d000_r02,C2,202614,1.44,1.44,0.0,0.6,0.5728177052862129,0.5952326200330391,FAR,FAR,0.0,1,,,0.01,0
C2_n0.01_d000_r02,C2,202614,1.46,1.46,0.0,0.6,0.579364089517015,0.5912654874040331,FAR,FAR,0.0,1,,,0.01,0
C2_n0.01_d000_r02,C2,202614,1.48,1.48,0.0,0.6,0.6242637131063936,0.5995150438296232,FAR,FAR,0.0,1,,,0.01,0
C2_n0.01_d000_r02,C2,202614,1.5,1.5,0.0,0.6,0.6078073039069117,0.6015881088489453,FAR,FAR,0.0,1,,,0.01,0
C2_n0.01_d000_r02,C2,202614,1.52,1.52,0.0,0.6,0.6038622073315381,0.6021566334695935,FAR,FAR,0.0,1,,,0.01,0
C2_n0.01_d000_r02,C2,202614,1.54,1.54,0.0,0.6,0.5952169989819031,0.6004217248476709,FAR,FAR,0.0,1,,,0.01,0
C2_n0.01_d000_r02,C2,202614,1.56,1.56,0.0,0.6,0.610432260375821,0.6029243587297084,FAR,FAR,0.0,1,,,0.01,0
C2_n0.01_d000_r02,C2,202614,1.58,1.58,0.0,0.6,0.6029901649852014,0.6029408102935816,FAR,FAR,0.0,1,,,0.01,0
C2_n0.01_d000_r02,C2,202614,1.6,1.6,0.0,0.6,0.5979857271885652,0.6017020395173275,FAR,FAR,0.0,1,,,0.01,0
C2_n0.01_d000_r02,C2,202614,1.62,1.62,0.0,0.6,0.6088766679896527,0.6034956966354088,FAR,FAR,0.0,1,,,0.01,0
C2_n0.01_d000_r02,C2,202614,1.64,1.64,0.0,0.6,0.59291349445507,0.6008501460903242,FAR,FAR,0.0,1,,,0.01,0
C2_n0.01_d000_r02,C2,202614,1.66,1.66,0.0,0.6,0.6159760931905505,0.6046316328653807,FAR,FAR,0.0,1,,,0.01,0
C2_n0.01_d000_r02,C2,202614,1.68,1.68,0.0,0.6,0.6041322533752065,0.6045067879928372,FAR,FAR,0.0,1,,,0.01,0
C2_n0.01_d000_r02,C2,202614,1.7,1.7,0.0,0.6,0.5995979844919109,0.6032795871176057,FAR,FAR,0.0,1,,,0.01,0
C2_n0.01_d000_r02,C2,202614,1.72,1.72,0.0,0.6,0.5870234476859053,0.5992155522596805,FAR,FAR,0.0,1,,,0.01,0
C2_n0.01_d000_r02,C2,202614,1.74,1.74,0.0,0.6,0.5962585282223464,0.5984762962503469,FAR,FAR,0.0,1,,,0.01,0
C2_n0.01_d000_r02,C2,202614,1.76,1.76,0.0,0.6,0.6151389609407414,0.6026419624229455,FAR,FAR,0.0,1,,,0.01,0
C2_n0.01_d000_r02,C2,202614,1.78,1.78,0.0,0.6,0.5961097549029327,0.6010089105429424,FAR,FAR,0.0,1,,,0.01,0
C2_n0.01_d000_r02,C2,202614,1.8,1.8,0.0,0.6,0.5963407708365753,0.5998418756163506,FAR,FAR,0.0,1,,,0.01,0
C2_n0.01_d000_r02,C2,202614,1.82,1.82,0.0,0.6,0.6146038860577108,0.6035323782266906,FAR,FAR,0.0,1,,,0.01,0
C2_n0.01_d000_r02,C2,202614,1.84,1.84,0.0,0.6,0.5861013641474195,0.5991746247068728,FAR,FAR,0.0,1,,,0.01,0
C2_n0.01_d000_r02,C2,202614,1.86,1.86,0.0,0.6,0.5934582418565656,0.597745528994296,FAR,FAR,0.0,1,,,0.01,0
C2_n0.01_d000_r02,C2,202614,1.88,1.88,0.0,0.6,0.616976178962682,0.6025531914863924,FAR,FAR,0.0,1,,,0.01,0
C2_n0.01_d000_r02,C2,202614,1.9,1.9,0.0,0.6,0.5842455780130653,0.5979762881180606,FAR,FAR,0.0,1,,,0.01,0
C2_n0.01_d000_r02,C2,202614,1.92,1.92,0.0,0.6,0.5890509536584061,0.595744954503147,FAR,FAR,0.0,1,,,0.01,0
C2_n0.01_d000_r02,C2,202614,1.94,1.94,0.0,0.6,0.5894824800677054,0.5941793358942866,FAR,FAR,0.0,1,,,0.01,0
C2_n0.01_d000_r02,C2,202614,1.96,1.96,0.0,0.6,0.5988836672580995,0.5953554187352399,FAR,FAR,0.0,1,,,0.01,0
C2_n0.01_d000_r02,C2,202614,1.98,1.98,0.0,0.6,0.590428216319286,0.5941236181312515,FAR,FAR,0.0,1,,,0.01,0
C2_n0.01_d000_r02,C2,202614,2.0,2.0,0.0,0.6,0.6164696779249824,0.5997101330796842,FAR,FAR,0.0,1,,,0.01,0
C2_n0.01_d000_r02,C2,202614,2.02,2.02,0.0,0.6,0.5989226168421034,0.599513254020289,FAR,FAR,0.0,1,,,0.01,0
C2_n0.01_d000_r02,C2,202614,2.04,2.04,0.0,0.6,0.5970314389480043,0.5988928002522178,FAR,FAR,0.0,1,,,0.01,0
C2_n0.01_d000_r02,C2,202614,2.06,2.06,0.0,0.6,0.5930177802195377,0.5974240452440478,FAR,FAR,0.0,1,,,0.01,0
C2_n0.01_d000_r02,C2,202614,2.08,2.08,0.0,0.6,0.5966664341739332,0.5972346424765191,FAR,FAR,0.0,1,,,0.01,0
C2_n0.01_d000_r02,C2,202614,2.1,2.1,0.0,0.6,0.5919638544216086,0.5959169454627915,FAR,FAR,0.0,1,,,0.01,0
C2_n0.01_d000_r02,C2,202614,2.12,2.12,0.0,0.6,0.6049303661407649,0.5981703006322848,FAR,FAR,0.0,1,,,0.01,0
C2_n0.01_d000_r02,C2,202614,2.14,2.14,0.0,0.6,0.5970988192550688,0.5979024302879807,FAR,FAR,0.0,1,,,0.01,0
C2_n0.01_d000_r02,C2,202614,2.16,2.16,0.0,0.6,0.6053379310687093,0.5997613054831629,FAR,FAR,0.0,1,,,0.01,0
C2_n0.01_d000_r02,C2,202614,2.18,2.18,0.0,0.6,0.6011856354583168,0.6001173879769514,FAR,FAR,0.0,1,,,0.01,0
C2_n0.01_d000_r02,C2,202614,2.2,2.2,0.0,0.6,0.6037863023714041,0.6010346165755645,FAR,FAR,0.0,1,,,0.01,0
C2_n0.01_d000_r02,C2,202614,2.22,2.22,0.0,0.6,0.6150595898988024,0.604540859906374,FAR,FAR,0.0,1,,,0.01,0
C2_n0.01_d000_r02,C2,202614,2.24,2.24,0.0,0.6,0.6074151980909139,0.605259444452509,FAR,FAR,0.0,1,,,0.01,0
C2_n0.01_d000_r02,C2,202614,2.26,2.26,0.0,0.6,0.6032599646162154,0.6047595744934356,FAR,FAR,0.0,1,,,0.01,0
C2_n0.01_d000_r02,C2,202614,2.28,2.28,0.0,0.6,0.6151324030776507,0.6073527816394895,FAR,FAR,0.0,1,,,0.01,0
C2_n0.01_d000_r02,C2,202614,2.3,2.3,0.0,0.6,0.61043161540693,0.6081224900813496,FAR,FAR,0.0,1,,,0.01,0
C2_n0.01_d000_r02,C2,202614,2.32,2.32,0.0,0.6,0.5993798852042649,0.6059368388620784,FAR,FAR,0.0,1,,,0.01,0
C2_n0.01_d000_r02,C2,202614,2.34,2.34,0.0,0.6,0.5929093864605283,0.6026799757616909,FAR,FAR,0.0,1,,,0.01,0
C2_n0.01_d000_r02,C2,202614,2.36,2.36,0.0,0.6,0.6034542695578993,0.602873549210743,FAR,FAR,0.0,1,,,0.01,0
C2_n0.01_d000_r02,C2,202614,2.38,2.38,0.0,0.6,0.6027843668833294,0.6028512536288896,FAR,FAR,0.0,1,,,0.01,0
C2_n0.01_d000_r02,C2,202614,2.4,2.4,0.0,0.6,0.6029679077064972,0.6028804171482914,FAR,FAR,0.0,1,,,0.01,0
C2_n0.01_d000_r02,C2,202614,2.42,2.42,0.0,0.6,0.5861788889452665,0.5987050350975353,FAR,FAR,0.0,1,,,0.01,0
C2_n0.01_d000_r02,C2,202614,2.44,2.44,0.0,0.6,0.582993231280646,0.5947770841433129,FAR,FAR,0.0,1,,,0.01,0
C2_n0.01_d000_r02,C2,202614,2.46,2.46,0.0,0.6,0.5891416117764048,0.5933682160515859,FAR,FAR,0.0,1,,,0.01,0
C2_n0.01_d000_r02,C2,202614,2.48,2.48,0.0,0.6,0.601748264414997,0.5954632281424386,FAR,FAR,0.0,1,,,0.01,0
C2_n0.01_d000_r02,C2,202614,2.5,2.5,0.0,0.6,0.5931397006259246,0.59488234626331,FAR,FAR,0.0,1,,,0.01,0
C2_n0.01_d000_r02,C2,202614,2.52,2.52,0.0,0.6,0.6007662469567258,0.596353321436664,FAR,FAR,0.0,1,,,0.01,0
C2_n0.01_d000_r02,C2,202614,2.54,2.54,0.0,0.6,0.6092528185689751,0.5995781957197417,FAR,FAR,0.0,1,,,0.01,0
C2_n0.01_d000_r02,C2,202614,2.56,2.56,0.0,0.6,0.6019764131177499,0.6001777500692438,FAR,FAR,0.0,1,,,0.01,0
C2_n0.01_d000_r02,C2,202614,2.58,2.58,0.0,0.6,0.5970020027236499,0.5993838132328453,FAR,FAR,0.0,1,,,0.01,0
C2_n0.01_d000_r02,C2,202614,2.6,2.6,0.0,0.6,0.6145791064570659,0.6031826365389005,FAR,FAR,0.0,1,,,0.01,0
C2_n0.01_d000_r02,C2,202614,2.62,2.62,0.0,0.6,0.5988061420250147,0.602088512910429,FAR,FAR,0.0,1,,,0.01,0
C2_n0.01_d000_r02,C2,202614,2.64,2.64,0.0,0.6,0.6040037920142042,0.6025673326863727,FAR,FAR,0.0,1,,,0.01,0
C2_n0.01_d000_r02,C2,202614,2.66,2.66,0.0,0.6,0.6154042195415788,0.6057765544001743,FAR,FAR,0.0,1,,,0.01,0
C2_n0.01_d000_r02,C2,202614,2.68,2.68,0.0,0.6,0.5886162317936011,0.601486473748531,FAR,FAR,0.0,1,,,0.01,0
C2_n0.01_d000_r02,C2,202614,2.7,2.7,0.0,0.6,0.6031578850439488,0.6019043265723855,FAR,FAR,0.0,1,,,0.01,0
C2_n0.01_d000_r02,C2,202614,2.72,2.72,0.0,0.6,0.6030232261332161,0.6021840514625931,FAR,FAR,0.0,1,,,0.01,0
C2_n0.01_d000_r02,C2,202614,2.74,2.74,0.0,0.6,0.5823448796003886,0.597224258497042,FAR,FAR,0.0,1,,,0.01,0
C2_n0.01_d000_r02,C2,202614,2.76,2.76,0.0,0.6,0.5918356169765601,0.5958770981169215,FAR,FAR,0.0,1,,,0.01,0
C2_n0.01_d000_r02,C2,202614,2.78,2.78,0.0,0.6,0.6031257147589427,0.5976892522774268,FAR,FAR,0.0,1,,,0.01,0
C2_n0.01_d000_r02,C2,202614,2.8,2.8,0.0,0.6,0.6006794022503427,0.5984367897706557,FAR,FAR,0.0,1,,,0.01,0
C2_n0.01_d000_r02,C2,202614,2.82,2.82,0.0,0.6,0.5982208545263058,0.5983828059595683,FAR,FAR,0.0,1,,,0.01,0
C2_n0.01_d000_r02,C2,202614,2.84,2.84,0.0,0.6,0.6023613302855869,0.5993774370410729,FAR,FAR,0.0,1,,,0.01,0
C2_n0.01_d000_r02,C2,202614,2.86,2.86,0.0,0.6,0.590274244179606,0.5971016388257062,FAR,FAR,0.0,1,,,0.01,0
C2_n0.01_d000_r02,C2,202614,2.88,2.88,0.0,0.6,0.5817621592880918,0.5932667689413026,FAR,FAR,0.0,1,,,0.01,0
C2_n0.01_d000_r02,C2,202614,2.9,2.9,0.0,0.6,0.6076700901620551,0.5968675992464907,FAR,FAR,0.0,1,,,0.01,0
C2_n0.01_d000_r02,C2,202614,2.92,2.92,0.0,0.6,0.6082146645874451,0.5997043655817293,FAR,FAR,0.0,1,,,0.01,0
C2_n0.01_d000_r02,C2,202614,2.94,2.94,0.0,0.6,0.6009359168705023,0.6000122534039226,FAR,FAR,0.0,1,,,0.01,0
C2_n0.01_d000_r02,C2,202614,2.96,2.96,0.0,0.6,0.6061820843211427,0.6015547111332276,FAR,FAR,0.0,1,,,0.01,0
C2_n0.01_d000_r02,C2,202614,2.98,2.98,0.0,0.6,0.6105038602716507,0.6037919984178334,FAR,FAR,0.0,1,,,0.01,0
C2_n0.01_d000_r02,C2,202614,3.0,3.0,0.0,0.6,0.5937115575442602,0.6012718881994401,FAR,FAR,0.0,1,,,0.01,0
C2_n0.01_d000_r02,C2,202614,3.02,3.02,0.0,0.6,0.6032892274837417,0.6017762230205155,FAR,FAR,0.0,1,,,0.01,0
C2_n0.01_d000_r02,C2,202614,3.04,3.04,0.0,0.6,0.5973981558376245,0.6006817062247927,FAR,FAR,0.0,1,,,0.01,0
C2_n0.01_d000_r02,C2,202614,3.06,3.06,0.0,0.6,0.6029615856612037,0.6012516760838954,FAR,FAR,0.0,1,,,0.01,0
C2_n0.01_d000_r02,C2,202614,3.08,3.08,0.0,0.6,0.6077042825883767,0.6028648277100157,FAR,FAR,0.0,1,,,0.01,0
C2_n0.01_d000_r02,C2,202614,3.1,3.1,0.0,0.6,0.6035228746901047,0.6030293394550379,FAR,FAR,0.0,1,,,0.01,0
C2_n0.01_d000_r02,C2,202614,3.12,3.12,0.0,0.6,0.6035737078582537,0.6031654315558419,FAR,FAR,0.0,1,,,0.01,0
C2_n0.01_d000_r02,C2,202614,3.14,3.14,0.0,0.6,0.5894301399127756,0.5997316086450754,FAR,FAR,0.0,1,,,0.01,0
C2_n0.01_d000_r02,C2,202614,3.16,3.16,0.0,0.6,0.607321782678105,0.6016291521533328,FAR,FAR,0.0,1,,,0.01,0
C2_n0.01_d000_r02,C2,202614,3.18,3.18,0.0,0.6,0.6168561748393919,0.6054359078248476,FAR,FAR,0.0,1,,,0.01,0
C2_n0.01_d000_r02,C2,202614,3.2,3.2,0.0,0.6,0.6188344428921522,0.6087855415916736,FAR,FAR,0.0,1,,,0.01,0
C2_n0.01_d000_r02,C2,202614,3.22,3.22,0.0,0.6,0.6152826122078382,0.6104098092457148,FAR,FAR,0.0,1,,,0.01,0
C2_n0.01_d000_r02,C2,202614,3.24,3.24,0.0,0.6,0.5866649882420991,0.6044736039948109,FAR,FAR,0.0,1,,,0.01,0
C2_n0.01_d000_r02,C2,202614,3.26,3.26,0.0,0.6,0.592332809482765,0.6014384053667994,FAR,FAR,0.0,1,,,0.01,0
C2_n0.01_d000_r02,C2,202614,3.28,3.28,0.0,0.6,0.6076694226091206,0.6029961596773796,FAR,FAR,0.0,1,,,0.01,0
C2_n0.01_d000_r02,C2,202614,3.3,3.3,0.0,0.6,0.5981097090516698,0.6017745470209521,FAR,FAR,0.0,1,,,0.01,0
C2_n0.01_d000_r02,C2,202614,3.32,3.32,0.0,0.6,0.5998253452845169,0.6012872465868433,FAR,FAR,0.0,1,,,0.01,0
C2_n0.01_d000_r02,C2,202614,3.34,3.34,0.0,0.6,0.5984424505287437,0.6005760475723184,FAR,FAR,0.0,1,,,0.01,0
C2_n0.01_d000_r02,C2,202614,3.36,3.36,0.0,0.6,0.5889492615617155,0.5976693510696677,FAR,FAR,0.0,1,,,0.01,0
C2_n0.01_d000_r02,C2,202614,3.38,3.38,0.0,0.6,0.6077759224934935,0.6001959939256241,FAR,FAR,0.0,1,,,0.01,0
C2_n0.01_d000_r02,C2,202614,3.4,3.4,0.0,0.6,0.5887195949582538,0.5973268941837815,FAR,FAR,0.0,1,,,0.01,0
C2_n0.01_d000_r02,C2,202614,3.42,3.42,0.0,0.6,0.6030323395540287,0.5987532555263433,FAR,FAR,0.0,1,,,0.01,0
C2_n0.01_d000_r02,C2,202614,3.44,3.44,0.0,0.6,0.6040217891377893,0.6000703889292047,FAR,FAR,0.0,1,,,0.01,0
C2_n0.01_d000_r02,C2,202614,3.46,3.46,0.0,0.6,0.6137705284859536,0.6034954238183919,FAR,FAR,0.0,1,,,0.01,0
C2_n0.01_d000_r02,C2,202614,3.48,3.48,0.0,0.6,0.5961605853124098,0.6016617141918964,FAR,FAR,0.0,1,,,0.01,0
C2_n0.01_d000_r02,C2,202614,3.5,3.5,0.0,0.6,0.5980568825914983,0.6007605062917969,FAR,FAR,0.0,1,,,0.01,0
C2_n0.01_d000_r02,C2,202614,3.52,3.52,0.0,0.6,0.5980011035725655,0.600070655611989,FAR,FAR,0.0,1,,,0.01,0
C2_n0.01_d000_r02,C2,202614,3.54,3.54,0.0,0.6,0.5895779689693875,0.5974474839513386,FAR,FAR,0.0,1,,,0.01,0
C2_n0.01_d000_r02,C2,202614,3.56,3.56,0.0,0.6,0.6132311938710842,0.601393411431275,FAR,FAR,0.0,1,,,0.01,0
C2_n0.01_d000_r02,C2,202614,3.58,3.58,0.0,0.6,0.5794431487288563,0.5959058457556703,FAR,FAR,0.0,1,,,0.01,0
C2_n0.01_d000_r02,C2,202614,3.6,3.6,0.0,0.6,0.6068794226874724,0.5986492399886209,FAR,FAR,0.0,1,,,0.01,0
C2_n0.01_d000_r02,C2,202614,3.62,3.62,0.0,0.6,0.600198785043337,0.5990366262522999,FAR,FAR,0.0,1,,,0.01,0
C2_n0.01_d000_r02,C2,202614,3.64,3.64,0.0,0.6,0.5985843300292957,0.5989235521965488,FAR,FAR,0.0,1,,,0.01,0
C2_n0.01_d000_r02,C2,202614,3.66,3.66,0.0,0.6,0.6175687861892046,0.6035848606947127,FAR,FAR,0.0,1,,,0.01,0
C2_n0.01_d000_r02,C2,202614,3.68,3.68,0.0,0.6,0.6061974281479837,0.6042380025580305,FAR,FAR,0.0,1,,,0.01,0
C2_n0.01_d000_r02,C2,202614,3.7,3.7,0.0,0.6,0.6095692847948624,0.6055708231172385,FAR,FAR,0.0,1,,,0.01,0
C2_n0.01_d000_r02,C2,202614,3.72,3.72,0.0,0.6,0.5985742059428147,0.6038216688236326,FAR,FAR,0.0,1,,,0.01,0
C2_n0.01_d000_r02,C2,202614,3.74,3.74,0.0,0.6,0.5824800639353002,0.5984862676015495,FAR,FAR,0.0,1,,,0.01,0
C2_n0.01_d000_r02,C2,202614,3.76,3.76,0.0,0.6,0.6082739506193654,0.6009331883560035,FAR,FAR,0.0,1,,,0.01,0
C2_n0.01_d000_r02,C2,202614,3.78,3.78,0.0,0.6,0.6019492891332502,0.6011872135503151,FAR,FAR,0.0,1,,,0.01,0
C2_n0.01_d000_r02,C2,202614,3.8,3.8,0.0,0.6,0.5812303815490331,0.5961980055499946,FAR,FAR,0.0,1,,,0.01,0
C2_n0.01_d000_r02,C2,202614,3.82,3.82,0.0,0.6,0.5830235251334637,0.5929043854458619,FAR,FAR,0.0,1,,,0.01,0
C2_n0.01_d000_r02,C2,202614,3.84,3.84,0.0,0.6,0.5906668917790585,0.5923450120291611,FAR,FAR,0.0,1,,,0.01,0
C2_n0.01_d000_r02,C2,202614,3.86,3.86,0.0,0.6,0.6086052857750059,0.5964100804656223,FAR,FAR,0.0,1,,,0.01,0
C2_n0.01_d000_r02,C2,202614,3.88,3.88,0.0,0.6,0.6032536990440202,0.5981209851102217,FAR,FAR,0.0,1,,,0.01,0
C2_n0.01_d000_r02,C2,202614,3.9,3.9,0.0,0.6,0.6141569839644272,0.6021299848237731,FAR,FAR,0.0,1,,,0.01,0
C2_n0.01_d000_r02,C2,202614,3.92,3.92,0.0,0.6,0.597243405135394,0.6009083399016784,FAR,FAR,0.0,1,,,0.01,0
C2_n0.01_d000_r02,C2,202614,3.94,3.94,0.0,0.6,0.5959539642856881,0.5996697459976807,FAR,FAR,0.0,1,,,0.01,0
C2_n0.01_d000_r02,C2,202614,3.96,3.96,0.0,0.6,0.6098537991223616,0.602215759278851,FAR,FAR,0.0,1,,,0.01,0
C2_n0.01_d000_r02,C2,202614,3.98,3.98,0.0,0.6,0.5768828605152108,0.5958825345879408,FAR,FAR,0.0,1,,,0.01,0
C2_n0.01_d000_r02,C2,202614,4.0,4.0,0.0,0.6,0.5983361889504419,0.5964959481785661,FAR,FAR,0.0,1,,,0.01,0
C2_n0.01_d000_r02,C2,202614,4.02,4.02,0.0,0.5982500000000001,0.5918274520748573,0.5953288241526389,FAR,FAR,0.0,1,,,0.01,0
C2_n0.01_d000_r02,C2,202614,4.04,4.04,0.0,0.5965,0.5850642382189307,0.5927626776692119,FAR,FAR,0.0,1,,,0.01,0
C2_n0.01_d000_r02,C2,202614,4.06,4.06,0.0,0.59475,0.6022429321046733,0.5951327412780772,FAR,FAR,0.0,1,,,0.01,0
C2_n0.01_d000_r02,C2,202614,4.08,4.08,0.0,0.593,0.6006962726877902,0.5965236241305055,FAR,FAR,0.0,1,,,0.01,0
C2_n0.01_d000_r02,C2,202614,4.1,4.1,0.0,0.59125,0.5967849288571597,0.5965889503121691,FAR,FAR,0.0,1,,,0.01,0
C2_n0.01_d000_r02,C2,202614,4.12,4.12,0.0,0.5894999999999999,0.602512680218234,0.5980698827886853,FAR,FAR,0.0,1,,,0.01,0
C2_n0.01_d000_r02,C2,202614,4.14,4.14,0.0,0.58775,0.5872477833582035,0.5953643579310648,FAR,FAR,0.0,1,,,0.01,0
C2_n0.01_d000_r02,C2,202614,4.16,4.16,0.0,0.586,0.5976849027351546,0.5959444941320873,FAR,FAR,0.0,1,,,0.01,0
C2_n0.01_d000_r02,C2,202614,4.18,4.18,0.0,0.58425,0.5926384287805039,0.5951179777941914,FAR,FAR,0.0,1,,,0.01,0
C2_n0.01_d000_r02,C2,202614,4.2,4.2,0.0,0.5825,0.5812567425519594,0.5916526689836333,FAR,FAR,0.0,1,,,0.01,0
C2_n0.01_d000_r02,C2,202614,4.22,4.22,0.0,0.58075,0.5692219191705226,0.5860449815303557,FAR,FAR,0.0,1,,,0.01,0
C2_n0.01_d000_r02,C2,202614,4.24,4.24,0.0,0.579,0.5637349293747509,0.5804674684914545,FAR,FAR,0.0,1,,,0.01,0
C2_n0.01_d000_r02,C2,202614,4.26,4.26,0.0,0.57725,0.5790661693024101,0.5801171436941933,FAR,FAR,0.0,1,,,0.01,0
C2_n0.01_d000_r02,C2,202614,4.28,4.28,0.0,0.5754999999999999,0.5964232839172674,0.5841936787499618,FAR,FAR,0.0,1,,,0.01,0
C2_n0.01_d000_r02,C2,202614,4.3,4.3,0.0,0.57375,0.5887223712014505,0.5853258518628339,FAR,FAR,0.0,1,,,0.01,0
C2_n0.01_d000_r02,C2,202614,4.32,4.32,0.0,0.572,0.57616263641493,0.5830350480008579,FAR,FAR,0.0,1,,,0.01,0
C2_n0.01_d000_r02,C2,202614,4.34,4.34,0.0,0.57025,0.5759083379224614,0.5812533704812588,FAR,FAR,0.0,1,,,0.01,0
C2_n0.01_d000_r02,C2,202614,4.36,4.36,0.0,0.5685,0.5869689539387828,0.5826822663456398,FAR,FAR,0.0,1,,,0.01,0
C2_n0.01_d000_r02,C2,202614,4.38,4.38,0.0,0.56675,0.5665305957687412,0.5786443487014151,FAR,FAR,0.0,1,,,0.01,0
C2_n0.01_d000_r02,C2,202614,4.4,4.4,0.0,0.565,0.5798919874582943,0.5789562583906349,FAR,FAR,0.0,1,,,0.01,0
C2_n0.01_d000_r02,C2,202614,4.42,4.42,0.0,0.56325,0.5725366940699418,0.5773513673104617,FAR,FAR,0.0,1,,,0.01,0
C2_n0.01_d000_r02,C2,202614,4.44,4.44,0.0,0.5614999999999999,0.5596268987033114,0.5729202501586741,FAR,FAR,0.0,1,,,0.01,0
C2_n0.01_d000_r02,C2,202614,4.46,4.46,0.0,0.55975,0.5584982976827791,0.5693147620397003,FAR,FAR,0.0,1,,,0.01,0
C2_n0.01_d000_r02,C2,202614,4.48,4.48,0.0,0.5579999999999999,0.5459658936767701,0.5634775449489677,FAR,FAR,0.0,1,,,0.01,0
C2_n0.01_d000_r02,C2,202614,4.5,4.5,0.0,0.55625,0.5437851535400225,0.5585544470967314,FAR,FAR,0.0,1,,,0.01,0
C2_n0.01_d000_r02,C2,202614,4.52,4.52,0.0,0.5545,0.5595695859519325,0.5588082318105316,FAR,FAR,0.0,1,,,0.01,0
C2_n0.01_d000_r02,C2,202614,4.54,4.54,0.0,0.55275,0.5801875492302565,0.5641530611654628,FAR,FAR,0.0,1,,,0.01,0
C2_n0.01_d000_r02,C2,202614,4.56,4.56,0.0,0.551,0.542856682841948,0.5588289665845841,FAR,FAR,0.0,1,,,0.01,0
C2_n0.01_d000_r02,C2,202614,4.58,4.58,0.0,0.54925,0.5675582140119879,0.5610112784414352,FAR,FAR,0.0,1,,,0.01,0
C2_n0.01_d000_r02,C2,202614,4.6,4.6,0.0,0.5475,0.5526939001177311,0.5589319338605092,FAR,FAR,0.0,1,,,0.01,0
C2_n0.01_d000_r02,C2,202614,4.62,4.62,0.0,0.54575,0.55001132147336,0.5567017807637219,FAR,FAR,0.0,1,,,0.01,0
C2_n0.01_d000_r02,C2,202614,4.64,4.64,0.0,0.544,0.5481651394017806,0.5545676204232366,FAR,FAR,0.0,1,,,0.01,0
C2_n0.01_d000_r02,C2,202614,4.66,4.66,0.0,0.54225,0.5375889730414367,0.5503229585777867,FAR,FAR,0.0,1,,,0.01,0
C2_n0.01_d000_r02,C2,202614,4.68,4.68,0.0,0.5405,0.5453946372893107,0.5490908782556677,FAR,FAR,0.0,1,,,0.01,0
C2_n0.01_d000_r02,C2,202614,4.7,4.7,0.0,0.53875,0.5354572383388015,0.5456824682764512,FAR,FAR,0.0,1,,,0.01,0
C2_n0.01_d000_r02,C2,202614,4.72,4.72,0.0,0.537,0.5339570575702169,0.5427511155998926,FAR,FAR,0.0,1,,,0.01,0
C2_n0.01_d000_r02,C2,202614,4.74,4.74,0.0,0.53525,0.518786245876403,0.5367598981690203,FAR,FAR,0.0,1,,,0.01,0
C2_n0.01_d000_r02,C2,202614,4.76,4.76,0.0,0.5335,0.5085210906092664,0.5297001962790818,FAR,FAR,0.0,1,,,0.01,0
C2_n0.01_d000_r02,C2,202614,4.78,4.78,0.0,0.53175,0.548914318210275,0.5345037267618801,FAR,FAR,0.0,1,,,0.01,0
C2_n0.01_d000_r02,C2,202614,4.8,4.8,0.0,0.53,0.5349345808455443,0.5346114402827962,FAR,FAR,0.0,1,,,0.01,0
C2_n0.01_d000_r02,C2,202614,4.82,4.82,0.0,0.52825,0.5296220837810899,0.5333641011573695,FAR,FAR,0.0,1,,,0.01,0
C2_n0.01_d000_r02,C2,202614,4.84,4.84,0.0,0.5265,0.5407026959318018,0.5351987498509776,FAR,FAR,0.0,1,,,0.01,0
C2_n0.01_d000_r02,C2,202614,4.86,4.86,0.0,0.5247499999999999,0.5238177047999063,0.5323534885882097,FAR,FAR,0.0,1,,,0.01,0
C2_n0.01_d000_r02,C2,202614,4.88,4.88,0.0,0.523,0.5279982330539388,0.531264674704642,FAR,FAR,0.0,1,,,0.01,0
C2_n0.01_d000_r02,C2,202614,4.9,4.9,0.0,0.52125,0.5289035217944316,0.5306743864770893,FAR,FAR,0.0,1,,,0.01,0
C2_n0.01_d000_r02,C2,202614,4.92,4.92,0.0,0.5195,0.5156914719977126,0.5269286578572452,FAR,FAR,0.0,1,,,0.01,0
C2_n0.01_d000_r02,C2,202614,4.94,4.94,0.0,0.5177499999999999,0.5183001146124163,0.5247715220460379,FAR,FAR,0.0,1,,,0.01,0
C2_n0.01_d000_r02,C2,202614,4.96,4.96,0.0,0.516,0.5060793369876738,0.520098475781447,FAR,FAR,0.0,1,,,0.01,0
C2_n0.01_d000_r02,C2,202614,4.98,4.98,0.0,0.51425,0.503598085462242,0.5159733782016457,FAR,FAR,0.0,1,,,0.01,0
C2_n0.01_d000_r02,C2,202614,5.0,5.0,0.0,0.5125,0.5221289728706298,0.5175122768688917,FAR,FAR,0.0,1,,,0.01,0
C2_n0.01_d000_r02,C2,202614,5.02,5.02,0.0,0.51075,0.5062818800611322,0.5147046776669517,FAR,FAR,0.0,1,,,0.01,0
C2_n0.01_d000_r02,C2,202614,5.04,5.04,0.0,0.509,0.49453588983034497,0.5096624807078001,FAR,FAR,0.0,1,,,0.01,0
C2_n0.01_d000_r02,C2,202614,5.06,5.06,0.0,0.50725,0.5032644330256468,0.5080629687872618,FAR,FAR,0.0,1,,,0.01,0
C2_n0.01_d000_r02,C2,202614,5.08,5.08,0.0,0.5055,0.5034884865996578,0.5069193482403608,FAR,FAR,0.0,1,,,0.01,0
C2_n0.01_d000_r02,C2,202614,5.1,5.1,0.0,0.50375,0.5004783745687701,0.505309104822463,FAR,FAR,0.0,1,,,0.01,0
C2_n0.01_d000_r02,C2,202614,5.12,5.12,0.0,0.502,0.5127288752012403,0.5071640474171574,FAR,FAR,0.0,1,,,0.01,0
C2_n0.01_d000_r02,C2,202614,5.14,5.14,0.0,0.50025,0.5056728900831218,0.5067912580836484,FAR,FAR,0.0,1,,,0.01,0
C2_n0.01_d000_r02,C2,202614,5.16,5.16,0.0,0.49849999999999994,0.48733891703055027,0.5019281728203739,FAR,FAR,0.0,1,,,0.01,0
C2_n0.01_d000_r02,C2,202614,5.18,5.18,0.0,0.49675,0.48695060105266946,0.4981837798784478,FAR,FAR,0.0,1,,,0.01,0
C2_n0.01_d000_r02,C2,202614,5.2,5.2,0.0,0.495,0.4859195495844153,0.49511772230493967,FAR,FAR,0.0,1,,,0.01,0
C2_n0.01_d000_r02,C2,202614,5.22,5.22,0.0,0.49325,0.49870318860038143,0.4960140888788001,FAR,FAR,0.0,1,,,0.01,0
C2_n0.01_d000_r02,C2,202614,5.24,5.24,0.0,0.49149999999999994,0.48503219735152026,0.49326861599698013,FAR,FAR,0.0,1,,,0.01,0
C2_n0.01_d000_r02,C2,202614,5.26,5.26,0.0,0.48975,0.4924574074160922,0.49306581385175813,FAR,FAR,0.0,1,,,0.01,0
C2_n0.01_d000_r02,C2,202614,5.28,5.28,0.0,0.488,0.48992079989887627,0.4922795603635377,FAR,FAR,0.0,1,,,0.01,0
C2_n0.01_d000_r02,C2,202614,5.3,5.3,0.0,0.48625,0.4853986808223947,0.49055934047825195,FAR,FAR,0.0,1,,,0.01,0
C2_n0.01_d000_r02,C2,202614,5.32,5.32,0.0,0.48449999999999993,0.48030654023670327,0.48799614041786477,FAR,FAR,0.0,1,,,0.01,0
C2_n0.01_d000_r02,C2,202614,5.34,5.34,0.0,0.48275,0.478264369055993,0.48556319757739685,FAR,FAR,0.0,1,,,0.01,0
C2_n0.01_d000_r02,C2,202614,5.36,5.36,0.0,0.481,0.48373408096749443,0.48510591842492123,FAR,FAR,0.0,1,,,0.01,0
C2_n0.01_d000_r02,C2,202614,5.38,5.38,0.0,0.47925,0.48144237099556825,0.48419003156758295,FAR,FAR,0.0,1,,,0.01,0
C2_n0.01_d000_r02,C2,202614,5.4,5.4,0.0,0.4774999999999999,0.47493769045015816,0.48187694628822675,FAR,FAR,0.0,1,,,0.01,0
C2_n0.01_d000_r02,C2,202614,5.42,5.42,0.0,0.47575,0.48229482466798806,0.4819814158831671,FAR,FAR,0.0,1,,,0.01,0
C2_n0.01_d000_r02,C2,202614,5.44,5.44,0.0,0.474,0.4671913195226757,0.4782838917930442,FAR,FAR,0.0,1,,,0.01,0
C2_n0.01_d000_r02,C2,202614,5.46,5.46,0.0,0.47224999999999995,0.4647293913811356,0.4748952666900671,FAR,FAR,0.0,1,,,0.01,0
C2_n0.01_d000_r02,C2,202614,5.48,5.48,0.0,0.4704999999999999,0.4583667213929902,0.47076313036579787,FAR,FAR,0.0,1,,,0.01,0
C2_n0.01_d000_r02,C2,202614,5.5,5.5,0.0,0.46875,0.4738836109894616,0.47154325052171375,FAR,FAR,0.0,1,,,0.01,0
C2_n0.01_d000_r02,C2,202614,5.52,5.52,0.0,0.467,0.47061342630879993,0.47131079446848534,FAR,FAR,0.0,1,,,0.01,0
C2_n0.01_d000_r02,C2,202614,5.54,5.54,0.0,0.46525,0.46969576956340103,0.47090703824221425,FAR,FAR,0.0,1,,,0.01,0
C2_n0.01_d000_r02,C2,202614,5.56,5.56,0.0,0.4635,0.4635960684230441,0.4690792957874217,FAR,FAR,0.0,1,,,0.01,0
C2_n0.01_d000_r02,C2,202614,5.58,5.58,0.0,0.46175,0.4676959762333378,0.46873346589890075,FAR,FAR,0.0,1,,,0.01,0
C2_n0.01_d000_r02,C2,202614,5.6,5.6,0.0,0.46,0.44511137134255985,0.46282794225981555,FAR,FAR,0.0,1,,,0.01,0
C2_n0.01_d000_r02,C2,202614,5.62,5.62,0.0,0.45825,0.45353826865599767,0.46050552385886107,FAR,FAR,0.0,1,,,0.01,0
C2_n0.01_d000_r02,C2,202614,5.64,5.64,0.0,0.4565,0.44767964734576504,0.4572990547305871,FAR,FAR,0.0,1,,,0.01,0
C2_n0.01_d000_r02,C2,202614,5.66,5.66,0.0,0.45475,0.4755436532051025,0.46186020434921593,FAR,FAR,0.0,1,,,0.01,0
C2_n0.01_d000_r02,C2,202614,5.68,5.68,0.0,0.453,0.4585184326711899,0.46102476142970944,FAR,FAR,0.0,1,,,0.01,0
C2_n0.01_d000_r02,C2,202614,5.7,5.7,0.0,0.45125,0.4556117099572848,0.4596714985616033,FAR,FAR,0.0,1,,,0.01,0
C2_n0.01_d000_r02,C2,202614,5.72,5.72,0.0,0.4495,0.4567731198561413,0.4589469038852378,FAR,FAR,0.0,1,,,0.01,0
C2_n0.01_d000_r02,C2,202614,5.74,5.74,0.0,0.44775,0.4384313140906034,0.45381800643657916,FAR,FAR,0.0,1,,,0.01,0
C2_n0.01_d000_r02,C2,202614,5.76,5.76,0.0,0.446,0.4667717350009368,0.4570564385776686,FAR,FAR,0.0,1,,,0.01,0
C2_n0.01_d000_r02,C2,202614,5.78,5.78,0.0,0.44425,0.44822522473767024,0.45484863511766904,FAR,FAR,0.0,1,,,0.01,0
C2_n0.01_d000_r02,C2,202614,5.8,5.8,0.0,0.4425,0.4441032717134992,0.4521622942666266,FAR,FAR,0.0,1,,,0.01,0
C2_n0.01_d000_r02,C2,202614,5.82,5.82,0.0,0.44075,0.42725602058881024,0.4459357258471725,FAR,FAR,0.0,1,,,0.01,0
C2_n0.01_d000_r02,C2,202614,5.84,5.84,0.0,0.439,0.43068722409070787,0.4421236004080563,FAR,FAR,0.0,1,,,0.01,0
C2_n0.01_d000_r02,C2,202614,5.86,5.86,0.0,0.43724999999999997,0.43864424860106094,0.4412537624563075,FAR,FAR,0.0,1,,,0.01,0
C2_n0.01_d000_r02,C2,202614,5.88,5.88,0.0,0.4355,0.45428818956808975,0.444512369234253,FAR,FAR,0.0,1,,,0.01,0
C2_n0.01_d000_r02,C2,202614,5.9,5.9,0.0,0.43374999999999997,0.42574311861062447,0.4398200565783459,FAR,FAR,0.0,1,,,0.01,0
C2_n0.01_d000_r02,C2,202614,5.92,5.92,0.0,0.432,0.4550294342211867,0.4436224009890561,FAR,FAR,0.0,1,,,0.01,0
C2_n0.01_d000_r02,C2,202614,5.94,5.94,0.0,0.43024999999999997,0.4483401287060983,0.44480183291831665,FAR,FAR,0.0,1,,,0.01,0
C2_n0.01_d000_r02,C2,202614,5.96,5.96,0.0,0.4285,0.43587091524389837,0.4425691034997121,FAR,FAR,0.0,1,,,0.01,0
C2_n0.01_d000_r02,C2,202614,5.98,5.98,0.0,0.42674999999999996,0.42721086843654016,0.4387295447339191,FAR,FAR,0.0,1,,,0.01,0
C2_n0.01_d000_r02,C2,202614,6.0,6.0,0.0,0.425,0.4401929025807708,0.439095384195632,FAR,FAR,0.0,1,,,0.01,0
C2_n0.01_d000_r02,C2,202614,6.02,6.02,0.0,0.42325,0.4256024543479624,0.4357221517337146,FAR,FAR,0.0,1,,,0.01,0
C2_n0.01_d000_r02,C2,202614,6.04,6.04,0.0,0.4215,0.4155572255927997,0.43068092019848586,FAR,FAR,0.0,1,,,0.01,0
C2_n0.01_d000_r02,C2,202614,6.06,6.06,0.0,0.41975,0.4353997905574003,0.4318606377882145,FAR,FAR,0.0,1,,,0.01,0
C2_n0.01_d000_r02,C2,202614,6.08,6.08,0.0,0.418,0.4232664325370802,0.4297120864754309,FAR,FAR,0.0,1,,,0.01,0
C2_n0.01_d000_r02,C2,202614,6.1,6.1,0.0,0.41625,0.42282652652091146,0.42799069648680105,FAR,FAR,0.0,1,,,0.01,0
C2_n0.01_d000_r02,C2,202614,6.12,6.12,0.0,0.4145,0.4217125794165809,0.42642116721924606,FAR,FAR,0.0,1,,,0.01,0
C2_n0.01_d000_r02,C2,202614,6.14,6.14,0.0,0.41275,0.4079711786329395,0.4218086700726694,FAR,FAR,0.0,1,,,0.01,0
C2_n0.01_d000_r02,C2,202614,6.16,6.16,0.0,0.411,0.43138606262950535,0.42420301821187845,FAR,FAR,0.0,1,,,0.01,0
C2_n0.01_d000_r02,C2,202614,6.18,6.18,0.0,0.40925,0.39469201654867486,0.41682526779607754,FAR,FAR,0.0,1,,,0.01,0
C2_n0.01_d000_r02,C2,202614,6.2,6.2,0.0,0.4075,0.3853653985968495,0.4089603004962705,FAR,FAR,0.0,1,,,0.01,0
C2_n0.01_d000_r02,C2,202614,6.22,6.22,0.0,0.40575,0.4282173420803308,0.4137745608922856,FAR,FAR,0.0,1,,,0.01,0
C2_n0.01_d000_r02,C2,202614,6.24,6.24,0.0,0.40399999999999997,0.3846110237737366,0.40648367661264834,FAR,FAR,0.0,1,,,0.01,0
C2_n0.01_d000_r02,C2,202614,6.26,6.26,0.0,0.40225,0.40472463340722553,0.4060439158112926,FAR,FAR,0.0,1,,,0.01,0
C2_n0.01_d000_r02,C2,202614,6.28,6.28,0.0,0.40049999999999997,0.4020210298125987,0.40503819431161914,FAR,FAR,0.0,1,,,0.01,0
C2_n0.01_d000_r02,C2,202614,6.3,6.3,0.0,0.39875,0.39863119867447794,0.40343644540233387,FAR,FAR,0.0,1,,,0.01,0
C2_n0.01_d000_r02,C2,202614,6.32,6.32,0.0,0.39699999999999996,0.39746913410191886,0.4019446175772301,FAR,FAR,0.0,1,,,0.01,0
C2_n0.01_d000_r02,C2,202614,6.34,6.34,0.0,0.39525,0.38972308086077934,0.39888923339811744,FAR,FAR,0.0,1,,,0.01,0
C2_n0.01_d000_r02,C2,202614,6.36,6.36,0.0,0.39349999999999996,0.40009631897934894,0.39919100479342534,FAR,FAR,0.0,1,,,0.01,0
C2_n0.01_d000_r02,C2,202614,6.38,6.38,0.0,0.39175,0.3792073742444928,0.3941950971561922,FAR,FAR,0.0,1,,,0.01,0
C2_n0.01_d000_r02,C2,202614,6.4,6.4,0.0,0.38999999999999996,0.38827803528230587,0.3927158316877206,FAR,FAR,0.0,1,,,0.01,0
C2_n0.01_d000_r02,C2,202614,6.42,6.42,0.0,0.38825,0.38298488486015847,0.3902830949808301,FAR,FAR,0.0,1,,,0.01,0
C2_n0.01_d000_r02,C2,202614,6.44,6.44,0.0,0.38649999999999995,0.3718052809786414,0.3856636414802829,FAR,FAR,0.0,1,,,0.01,0
C2_n0.01_d000_r02,C2,202614,6.46,6.46,0.0,0.38475,0.372283757484316,0.3823186704812912,FAR,FAR,0.0,1,,,0.01,0
C2_n0.01_d000_r02,C2,202614,6.48,6.48,0.0,0.38299999999999995,0.37125529935563756,0.3795528276998778,FAR,FAR,0.0,1,,,0.01,0
C2_n0.01_d000_r02,C2,202614,6.5,6.5,0.0,0.38125,0.3715339093743134,0.37754809811848666,FAR,FAR,0.0,1,,,0.01,0
C2_n0.01_d000_r02,C2,202614,6.52,6.52,0.0,0.37950000000000006,0.3802125859896201,0.37821422008627004,FAR,FAR,0.0,1,,,0.01,0
C2_n0.01_d000_r02,C2,202614,6.54,6.54,0.0,0.37775000000000003,0.39411892641610097,0.3821903966687278,FAR,FAR,0.0,1,,,0.01,0
C2_n0.01_d000_r02,C2,202614,6.56,6.56,0.0,0.376,0.3737875851602707,0.38008969379161356,FAR,FAR,0.0,1,,,0.01,0
C2_n0.01_d000_r02,C2,202614,6.58,6.58,0.0,0.37424999999999997,0.3827305683370648,0.38074991242797634,FAR,FAR,0.0,1,,,0.01,0
C2_n0.01_d000_r02,C2,202614,6.6,6.6,0.0,0.37250000000000005,0.3622194499632047,0.37611729681178346,FAR,FAR,0.0,1,,,0.01,0
C2_n0.01_d000_r02,C2,202614,6.62,6.62,0.0,0.37075,0.3542043596639668,0.3706390625248293,FAR,FAR,0.0,1,,,0.01,0
C2_n0.01_d000_r02,C2,202614,6.64,6.64,0.0,0.369,0.36159934463696264,0.36837913305286263,FAR,FAR,0.0,1,,,0.01,0
C2_n0.01_d000_r02,C2,202614,6.66,6.66,0.0,0.36724999999999997,0.3648977512001479,0.36750878758968397,FAR,FAR,0.0,1,,,0.01,0
C2_n0.01_d000_r02,C2,202614,6.68,6.68,0.0,0.36550000000000005,0.3634391667200251,0.3664913823722692,FAR,FAR,0.0,1,,,0.01,0
C2_n0.01_d000_r02,C2,202614,6.7,6.7,0.0,0.36375,0.35095840758846,0.36260813867631686,FAR,FAR,0.0,1,,,0.01,0
C2_n0.01_d000_r02,C2,202614,6.72,6.72,0.0,0.362,0.3786067306379892,0.36660778666673494,FAR,FAR,0.0,1,,,0.01,0
C2_n0.01_d000_r02,C2,202614,6.74,6.74,0.0,0.36024999999999996,0.3543832817694184,0.3635516604424058,FAR,FAR,0.0,1,,,0.01,0
C2_n0.01_d000_r02,C2,202614,6.76,6.76,0.0,0.35850000000000004,0.36151429984241124,0.36304232029240713,FAR,FAR,0.0,1,,,0.01,0
C2_n0.01_d000_r02,C2,202614,6.78,6.78,0.0,0.35675,0.33833508805850404,0.35686551223393137,FAR,FAR,0.0,1,,,0.01,0
C2_n0.01_d000_r02,C2,202614,6.8,6.8,0.0,0.355,0.356258685433957,0.35671380553393783,FAR,FAR,0.0,1,,,0.01,0
C2_n0.01_d000_r02,C2,202614,6.82,6.82,0.0,0.35324999999999995,0.36153564456496445,0.3579192652916945,FAR,FAR,0.0,1,,,0.01,0
C2_n0.01_d000_r02,C2,202614,6.84,6.84,0.0,0.35150000000000003,0.3536615362015054,0.3568548330191472,FAR,FAR,0.0,1,,,0.01,0
C2_n0.01_d000_r02,C2,202614,6.86,6.86,0.0,0.34974999999999995,0.3436932199693761,0.35356442975670443,NEAR,FAR,0.0,1,,,0.01,0
C2_n0.01_d000_r02,C2,202614,6.88,6.88,0.0,0.348,0.3533081655960023,0.35350036371652893,NEAR,FAR,0.0,1,,,0.01,0
C2_n0.01_d000_r02,C2,202614,6.9,6.9,0.0,0.34624999999999995,0.351602482757364,0.35302589347673774,NEAR,FAR,0.0,1,,,0.01,0
C2_n0.01_d000_r02,C2,202614,6.92,6.92,0.0,0.3445,0.33442730138777044,0.34837624545449597,NEAR,FAR,0.0,1,,,0.01,0
C2_n0.01_d000_r02,C2,202614,6.94,6.94,0.0,0.34274999999999994,0.3387161992578188,0.34596123390532674,NEAR,FAR,0.0,1,,,0.01,0
C2_n0.01_d000_r02,C2,202614,6.96,6.96,0.0,0.34099999999999997,0.32687238501137045,0.3411890216818377,NEAR,FAR,0.0,1,,,0.01,0
C2_n0.01_d000_r02,C2,202614,6.98,6.98,0.0,0.33924999999999994,0.33725860060491697,0.3402064164126075,NEAR,FAR,0.0,1,,,0.01,0
C2_n0.01_d000_r02,C2,202614,7.0,7.0,0.0,0.3375,0.3387024972633827,0.3398304366253013,NEAR,FAR,0.0,1,,,0.01,0
C2_n0.01_d000_r02,C2,202614,7.02,7.02,0.0,0.33575000000000005,0.33212873292195577,0.33790501069946494,NEAR,FAR,0.0,1,,,0.01,0
C2_n0.01_d000_r02,C2,202614,7.04,7.04,0.0,0.334,0.32810617262478,0.3354553011807937,NEAR,FAR,0.0,1,,,0.01,0
C2_n0.01_d000_r02,C2,202614,7.06,7.06,0.0,0.33225000000000005,0.33544593344588475,0.3354529592470665,NEAR,FAR,0.0,1,,,0.01,0
C2_n0.01_d000_r02,C2,202614,7.08,7.08,0.0,0.3305,0.33373026678430406,0.33502228613137586,NEAR,FAR,0.0,1,,,0.01,0
C2_n0.01_d000_r02,C2,202614,7.1,7.1,0.0,0.32875000000000004,0.3340331961644211,0.3347750136396372,NEAR,FAR,0.0,1,,,0.01,0
C2_n0.01_d000_r02,C2,202614,7.12,7.12,0.0,0.327,0.3266193021162856,0.33273608575879926,NEAR,FAR,0.0,1,,,0.01,0
C2_n0.01_d000_r02,C2,202614,7.14,7.14,0.0,0.32525000000000004,0.315083442739968,0.32832292500409144,NEAR,FAR,0.0,1,,,0.01,0
C2_n0.01_d000_r02,C2,202614,7.16,7.16,0.0,0.3235,0.30916065064765547,0.32353235641498246,NEAR,FAR,0.0,1,,,0.01,0
C2_n0.01_d000_r02,C2,202614,7.18,7.18,0.0,0.32175000000000004,0.32550099944551353,0.3240245171726152,NEAR,FAR,0.0,1,,,0.01,0
C2_n0.01_d000_r02,C2,202614,7.2,7.2,0.0,0.32,0.3044005917209819,0.31911853580970684,NEAR,NEAR,0.6,1,ENTER_NEAR,,0.01,0
C2_n0.01_d000_r02,C2,202614,7.22,7.22,0.0,0.31825000000000003,0.31743961017800754,0.318698804401782,NEAR,NEAR,0.6,1,,,0.01,0
C2_n0.01_d000_r02,C2,202614,7.24,7.24,0.0,0.3165,0.33635192330999514,0.3231120841288353,NEAR,NEAR,0.6,1,,,0.01,0
C2_n0.01_d000_r02,C2,202614,7.26,7.26,0.0,0.31475000000000003,0.3086343402946877,0.31949264817029843,NEAR,NEAR,0.6,1,,,0.01,0
C2_n0.01_d000_r02,C2,202614,7.28,7.28,0.0,0.313,0.30626598261187604,0.31618598178069285,NEAR,NEAR,0.6,1,,,0.01,0
C2_n0.01_d000_r02,C2,202614,7.3,7.3,0.0,0.31125,0.31199036066751457,0.31513707650239825,NEAR,NEAR,0.6,1,,,0.01,0
C2_n0.01_d000_r02,C2,202614,7.32,7.32,0.0,0.3095,0.32366116151698554,0.3172680977560451,NEAR,NEAR,0.6,1,,,0.01,0
C2_n0.01_d000_r02,C2,202614,7.34,7.34,0.0,0.30775,0.3063467442301383,0.3145377593745684,NEAR,NEAR,0.6,1,,,0.01,0
C2_n0.01_d000_r02,C2,202614,7.36,7.36,0.0,0.306,0.3133272392288354,0.31423512933813513,NEAR,NEAR,0.6,1,,,0.01,0
C2_n0.01_d000_r02,C2,202614,7.38,7.38,0.0,0.30425,0.30906631700460047,0.31294292625475145,NEAR,NEAR,0.6,1,,,0.01,0
C2_n0.01_d000_r02,C2,202614,7.4,7.4,0.0,0.3025,0.31659821687750517,0.3138567489104399,NEAR,NEAR,0.6,1,,,0.01,0
C2_n0.01_d000_r02,C2,202614,7.42,7.42,0.0,0.30075,0.3059668505945021,0.3118842743314555,NEAR,NEAR,0.6,1,,,0.01,0
C2_n0.01_d000_r02,C2,202614,7.44,7.44,0.0,0.299,0.31268001212065183,0.31208320877875456,NEAR,NEAR,0.6,1,,,0.01,0
C2_n0.01_d000_r02,C2,202614,7.46,7.46,0.0,0.29725,0.3089024719607176,0.3112880245742453,NEAR,NEAR,0.6,1,,,0.01,0
C2_n0.01_d000_r02,C2,202614,7.48,7.48,0.0,0.2955,0.29647095028167236,0.3075837560011021,NEAR,NEAR,0.6,1,,,0.01,0
C2_n0.01_d000_r02,C2,202614,7.5,7.5,0.0,0.29375,0.29496079390668994,0.3044280154774991,NEAR,NEAR,0.6,1,,,0.01,0
C2_n0.01_d000_r02,C2,202614,7.52,7.52,0.0,0.29200000000000004,0.28660778013000276,0.299972956640625,NEAR,NEAR,0.6,1,,,0.01,0
C2_n0.01_d000_r02,C2,202614,7.54,7.54,0.0,0.29025,0.28549973291343606,0.29635465070882777,NEAR,NEAR,0.6,1,,,0.01,0
C2_n0.01_d000_r02,C2,202614,7.56,7.56,0.0,0.28850000000000003,0.30544368296741453,0.2986269087734745,NEAR,NEAR,0.6,1,,,0.01,0
C2_n0.01_d000_r02,C2,202614,7.58,7.58,0.0,0.28675,0.29869425354670787,0.2986437449667828,NEAR,NEAR,0.6,1,,,0.01,0
C2_n0.01_d000_r02,C2,202614,7.6,7.6,0.0,0.28500000000000003,0.27201363288088887,0.29198621694530935,NEAR,NEAR,0.6,1,,,0.01,0
C2_n0.01_d000_r02,C2,202614,7.62,7.62,0.0,0.28325,0.2861935578552531,0.29053805217279527,NEAR,NEAR,0.6,1,,,0.01,0
C2_n0.01_d000_r02,C2,202614,7.64,7.64,0.0,0.28150000000000003,0.28656707819414406,0.28954530867813244,NEAR,NEAR,0.6,1,,,0.01,0
C2_n0.01_d000_r02,C2,202614,7.66,7.66,0.0,0.27975,0.284911205980905,0.2883867830038256,NEAR,NEAR,0.6,1,,,0.01,0
C2_n0.01_d000_r02,C2,202614,7.68,7.68,0.0,0.278,0.2940566714299708,0.2898042551103619,NEAR,NEAR,0.6,1,,,0.01,0
C2_n0.01_d000_r02,C2,202614,7.7,7.7,0.0,0.27625,0.28708221676948364,0.2891237455251423,NEAR,NEAR,0.6,1,,,0.01,0
C2_n0.01_d000_r02,C2,202614,7.72,7.72,0.0,0.2745,0.2773154475314948,0.2861716710267304,NEAR,NEAR,0.6,1,,,0.01,0
C2_n0.01_d000_r02,C2,202614,7.74,7.74,0.0,0.27275,0.2681201324032328,0.281658786370856,NEAR,NEAR,0.6,1,,,0.01,0
C2_n0.01_d000_r02,C2,202614,7.76,7.76,0.0,0.271,0.2600658325759117,0.27626054792211996,NEAR,NEAR,0.6,1,,,0.01,0
C2_n0.01_d000_r02,C2,202614,7.78,7.78,0.0,0.26925,0.2694652194566589,0.2745617158057547,NEAR,NEAR,0.6,1,,,0.01,0
C2_n0.01_d000_r02,C2,202614,7.8,7.8,0.0,0.2675,0.2795943263926779,0.2758198684524855,NEAR,NEAR,0.6,1,,,0.01,0
C2_n0.01_d000_r02,C2,202614,7.82,7.82,0.0,0.26575,0.26495313311058283,0.27310318461700983,NEAR,NEAR,0.6,1,,,0.01,0
C2_n0.01_d000_r02,C2,202614,7.84,7.84,0.0,0.264,0.27277678097417735,0.2730215837063017,NEAR,NEAR,0.6,1,,,0.01,0
C2_n0.01_d000_r02,C2,202614,7.86,7.86,0.0,0.26225,0.26556538631117793,0.27115753435752077,NEAR,NEAR,0.6,1,,,0.01,0
C2_n0.01_d000_r02,C2,202614,7.88,7.88,0.0,0.2605,0.26199779148719954,0.2688675986399405,NEAR,NEAR,0.6,1,,,0.01,0
C2_n0.01_d000_r02,C2,202614,7.9,7.9,0.0,0.25875,0.2565649107742441,0.26579192667351637,NEAR,NEAR,0.6,1,,,0.01,0
C2_n0.01_d000_r02,C2,202614,7.92,7.92,0.0,0.257,0.25828895532371876,0.26391618383606696,NEAR,NEAR,0.6,1,,,0.01,0
C2_n0.01_d000_r02,C2,202614,7.94,7.94,0.0,0.25525,0.25709935591758204,0.2622119768564457,NEAR,NEAR,0.6,1,,,0.01,0
C2_n0.01_d000_r02,C2,202614,7.96,7.96,0.0,0.2535,0.2528315579174013,0.2598668721216846,NEAR,NEAR,0.6,1,,,0.01,0
C2_n0.01_d000_r02,C2,202614,7.98,7.98,0.0,0.25175,0.2585618391559827,0.2595406138802591,NEAR,NEAR,0.6,1,,,0.01,0
C2_n0.01_d000_r02,C2,202614,8.0,8.0,0.0,0.25,0.24378129088576866,0.2556007831316365,NEAR,NEAR,0.6,1,,,0.01,0
C2_n0.01_d000_r02,C2,202614,8.02,8.02,0.0,0.2522533838368113,0.25127065638206103,0.2545182514442426,NEAR,NEAR,0.6,1,,,0.01,0
C2_n0.01_d000_r02,C2,202614,8.04,8.04,0.0,0.25445562372365543,0.26185463919184,0.25635234838114196,NEAR,NEAR,0.6,1,,,0.01,0
C2_n0.01_d000_r02,C2,202614,8.06,8.06,0.0,0.25655673649976407,0.24449110040572092,0.2533870363872867,NEAR,NEAR,0.6,1,,,0.01,0
C2_n0.01_d000_r02,C2,202614,8.08,8.08,0.0,0.25850903423690136,0.2504647807745313,0.25265647248409784,NEAR,NEAR,0.6,1,,,0.01,0
C2_n0.01_d000_r02,C2,202614,8.1,8.1,0.0,0.2602682065889303,0.2520622874474718,0.25250792622494134,NEAR,NEAR,0.6,1,,,0.01,0
C2_n0.01_d000_r02,C2,202614,8.12,8.12,0.0,0.26179432648204926,0.268790069991194,0.2565784621665045,NEAR,NEAR,0.6,1,,,0.01,0
C2_n0.01_d000_r02,C2,202614,8.14,8.14,0.0,0.26305275632004294,0.25029208342599213,0.2550068674813764,NEAR,NEAR,0.6,1,,,0.01,0
C2_n0.01_d000_r02,C2,202614,8.16,8.16,0.0,0.2640149341368492,0.2558092322660945,0.25520745867755595,NEAR,NEAR,0.6,1,,,0.01,0
C2_n0.01_d000_r02,C2,202614,8.18,8.18,0.0,0.2646590218535229,0.2695456802445654,0.2587920140693083,NEAR,NEAR,0.6,1,,,0.01,0
C2_n0.01_d000_r02,C2,202614,8.2,8.2,0.0,0.26497040092642404,0.26664603329720127,0.26075551887628157,NEAR,NEAR,0.6,1,,,0.01,0
C2_n0.01_d000_r02,C2,202614,8.22,8.22,0.0,0.2649420041371476,0.2616930251823078,0.2609898954527881,NEAR,NEAR,0.6,1,,,0.01,0
C2_n0.01_d000_r02,C2,202614,8.24,8.24,0.0,0.2645744759937201,0.26813534467667266,0.26277625775875924,NEAR,NEAR,0.6,1,,,0.01,0
C2_n0.01_d000_r02,C2,202614,8.26,8.26,0.0,0.26387615810251686,0.26621302941818714,0.2636354506736162,NEAR,NEAR,0.6,1,,,0.01,0
C2_n0.01_d000_r02,C2,202614,8.28,8.28,0.0,0.26286289984290484,0.2521524608046005,0.26076470320636225,NEAR,NEAR,0.6,1,,,0.01,0
C2_n0.01_d000_r02,C2,202614,8.3,8.3,0.0,0.2615576986416368,0.271053348343563,0.2633368644906624,NEAR,NEAR,0.6,1,,,0.01,0
C2_n0.01_d000_r02,C2,202614,8.32,8.32,0.0,0.25999017801151375,0.26416011215146895,0.26354267640586404,NEAR,NEAR,0.6,1,,,0.01,0
C2_n0.01_d000_r02,C2,202614,8.34,8.34,0.0,0.25819591520101404,0.25438040451159466,0.2612521084322967,NEAR,NEAR,0.6,1,,,0.01,0
C2_n0.01_d000_r02,C2,202614,8.36,8.36,0.0,0.2562156337148993,0.2606898690435302,0.26111154858510505,NEAR,NEAR,0.6,1,,,0.01,0
C2_n0.01_d000_r02,C2,202614,8.38,8.38,0.0,0.2540942790327598,0.2338952621476884,0.2543074769757509,NEAR,NEAR,0.6,1,,,0.01,0
C2_n0.01_d000_r02,C2,202614,8.4,8.4,0.0,0.25187999850346454,0.26433123035435835,0.25681341532040275,NEAR,NEAR,0.6,1,,,0.01,0
C2_n0.01_d000_r02,C2,202614,8.42,8.42,0.0,0.24962304856834994,0.24483437753363338,0.25381865587371044,NEAR,NEAR,0.6,1,,,0.01,0
C2_n0.01_d000_r02,C2,202614,8.44,8.44,0.0,0.2473746541153709,0.24353255938736282,0.25124713175212354,NEAR,NEAR,0.6,1,,,0.01,0
C2_n0.01_d000_r02,C2,202614,8.46,8.46,0.0,0.24518584585289177,0.23446898249791037,0.24705259443857025,NEAR,NEAR,0.6,1,,,0.01,0
C2_n0.01_d000_r02,C2,202614,8.48,8.48,0.0,0.24310630209067763,0.2604723136447779,0.2504075242401222,NEAR,NEAR,0.6,1,,,0.01,0
C2_n0.01_d000_r02,C2,202614,8.5,8.5,0.0,0.24118322121561292,0.22731322066845622,0.2446339483472057,NEAR,NEAR,0.6,1,,,0.01,0
C2_n0.01_d000_r02,C2,202614,8.52,8.52,0.0,0.2394602504530173,0.24885425681210774,0.2456890254634312,NEAR,NEAR,0.6,1,,,0.01,0
C2_n0.01_d000_r02,C2,202614,8.54,8.54,0.0,0.23797649522693692,0.23156835954440408,0.2421588589836744,NEAR,NEAR,0.6,1,,,0.01,0
C2_n0.01_d000_r02,C2,202614,8.56,8.56,0.0,0.23676563160347566,0.24923987916718007,0.2439291140295508,NEAR,NEAR,0.6,1,,,0.01,0
C2_n0.01_d000_r02,C2,202614,8.58,8.58,0.0,0.23585514196160703,0.24469384659482069,0.2441202971708683,NEAR,NEAR,0.6,1,,,0.01,0
C2_n0.01_d000_r02,C2,202614,8.6,8.6,0.0,0.23526569123906968,0.24393242399820528,0.24407332887770256,NEAR,NEAR,0.6,1,,,0.01,0
C2_n0.01_d000_r02,C2,202614,8.62,8.62,0.0,0.23501065791039116,0.22693758158087315,0.2397893920534952,NEAR,NEAR,0.6,1,,,0.01,0
C2_n0.01_d000_r02,C2,202614,8.64,8.64,0.0,0.23509583034219989,0.2383224105455376,0.23942264667650578,NEAR,NEAR,0.6,1,,,0.01,0
C2_n0.01_d000_r02,C2,202614,8.66,8.66,0.0,0.2355192754175009,0.23234491907921784,0.2376532147771838,NEAR,NEAR,0.6,1,,,0.01,0
C2_n0.01_d000_r02,C2,202614,8.68,8.68,0.0,0.23627138241068624,0.24953846795578455,0.240624528071834,NEAR,NEAR,0.6,1,,,0.01,0
C2_n0.01_d000_r02,C2,202614,8.7,8.7,0.0,0.23733508111746973,0.24788807152270914,0.2424404139345528,NEAR,NEAR,0.6,1,,,0.01,0
C2_n0.01_d000_r02,C2,202614,8.72,8.72,0.0,0.2386862292889585,0.24328989486188374,0.24265278416638553,NEAR,NEAR,0.6,1,,,0.01,0
C2_n0.01_d000_r02,C2,202614,8.74,8.74,0.0,0.24029416057645836,0.2389991402304597,0.24173937318240407,NEAR,NEAR,0.6,1,,,0.01,0
C2_n0.01_d000_r02,C2,202614,8.76,8.76,0.0,0.24212238055058052,0.2372370248586961,0.2406137861014771,NEAR,NEAR,0.6,1,,,0.01,0
C2_n0.01_d000_r02,C2,202614,8.78,8.78,0.0,0.24412939499744188,0.22493135039676088,0.23669317717529803,NEAR,NEAR,0.6,1,,,0.01,0
C2_n0.01_d000_r02,C2,202614,8.8,8.8,0.0,0.24626965169252724,0.24354404172807423,0.23840589331349207,NEAR,NEAR,0.6,1,,,0.01,0
C2_n0.01_d000_r02,C2,202614,8.82,8.82,0.0,0.2484945742772318,0.2383608139660094,0.2383946234766214,NEAR,NEAR,0.6,1,,,0.01,0
C2_n0.01_d000_r02,C2,202614,8.84,8.84,0.0,0.2507536647726965,0.2485505486305283,0.24093360476509812,NEAR,NEAR,0.6,1,,,0.01,0
C2_n0.01_d000_r02,C2,202614,8.86,8.86,0.0,0.25299564970771604,0.25370340537361996,0.2441260549172286,NEAR,NEAR,0.6,1,,,0.01,0
C2_n0.01_d000_r02,C2,202614,8.88,8.88,0.0,0.2551696438476178,0.26628546934014036,0.24966590852295656,NEAR,NEAR,0.6,1,,,0.01,0
C2_n0.01_d000_r02,C2,202614,8.9,8.9,0.0,0.2572263051115258,0.2658910561989782,0.25372219544196195,NEAR,NEAR,0.6,1,,,0.01,0
C2_n0.01_d000_r02,C2,202614,8.92,8.92,0.0,0.25911895446541905,0.2668986401600743,0.25701630662149005,NEAR,NEAR,0.6,1,,,0.01,0
C2_n0.01_d000_r02,C2,202614,8.94,8.94,0.0,0.26080463537331855,0.26093892191834506,0.2579969604457038,NEAR,NEAR,0.6,1,,,0.01,0
C2_n0.01_d000_r02,C2,202614,8.96,8.96,0.0,0.2622450887607578,0.2779855637930178,0.2629941112825323,NEAR,NEAR,0.6,1,,,0.01,0
C2_n0.01_d000_r02,C2,202614,8.98,8.98,0.0,0.263407621362269,0.2577791046623746,0.2616903596274929,NEAR,NEAR,0.6,1,,,0.01,0
C2_n0.01_d000_r02,C2,202614,9.0,9.0,0.0,0.2642658477444273,0.265175999979877,0.2625617697155889,NEAR,NEAR,0.6,1,,,0.01,0
C2_n0.01_d000_r02,C2,202614,9.02,9.02,0.0,0.264800289163118,0.2474616560152669,0.25878674129050844,NEAR,NEAR,0.6,1,,,0.01,0
C2_n0.01_d000_r02,C2,202614,9.04,9.04,0.0,0.2649988156630572,0.24672257331642503,0.2557706992969876,NEAR,NEAR,0.6,1,,,0.01,0
C2_n0.01_d000_r02,C2,202614,9.06,9.06,0.0,0.26485692138544975,0.2915837764257826,0.26472396857918634,NEAR,NEAR,0.6,1,,,0.01,0
C2_n0.01_d000_r02,C2,202614,9.08,9.08,0.0,0.2643778268352606,0.2671668107904452,0.26533467913200104,NEAR,NEAR,0.6,1,,,0.01,0
C2_n0.01_d000_r02,C2,202614,9.1,9.1,0.0,0.2635724057869903,0.2718228977533329,0.266956733787334,NEAR,NEAR,0.6,1,,,0.01,0
C2_n0.01_d000_r02,C2,202614,9.12,9.12,0.0,0.2624589384879372,0.24823459062233252,0.2622761979960836,NEAR,NEAR,0.6,1,,,0.01,0
C2_n0.01_d000_r02,C2,202614,9.14,9.14,0.0,0.2610626967603726,0.2601917656913515,0.2617550899199006,NEAR,NEAR,0.6,1,,,0.01,0
C2_n0.01_d000_r02,C2,202614,9.16,9.16,0.0,0.25941537041936047,0.24982815482211304,0.2587733561454537,NEAR,NEAR,0.6,1,,,0.01,0
C2_n0.01_d000_r02,C2,202614,9.18,9.18,0.0,0.2575543480245365,0.26630005783081817,0.2606550315667948,NEAR,NEAR,0.6,1,,,0.01,0
C2_n0.01_d000_r02,C2,202614,9.2,9.2,0.0,0.25552186829027024,0.243719377570342,0.25642111806768164,NEAR,NEAR,0.6,1,,,0.01,0
C2_n0.01_d000_r02,C2,202614,9.22,9.22,0.0,0.25336406141424067,0.24458908862367967,0.25346311070668115,NEAR,NEAR,0.6,1,,,0.01,0
C2_n0.01_d000_r02,C2,202614,9.24,9.24,0.0,0.25112990208291897,0.25740703277505916,0.2544490912237757,NEAR,NEAR,0.6,1,,,0.01,0
C2_n0.01_d000_r02,C2,202614,9.26,9.26,0.0,0.24887009791708103,0.2510562920633959,0.25360089143368075,NEAR,NEAR,0.6,1,,,0.01,0
C2_n0.01_d000_r02,C2,202614,9.28,9.28,0.0,0.24663593858575936,0.2591730549676901,0.2549939323171831,NEAR,NEAR,0.6,1,,,0.01,0
C2_n0.01_d000_r02,C2,202614,9.3,9.3,0.0,0.24447813170972976,0.252842339961594,0.25445603422828583,NEAR,NEAR,0.6,1,,,0.01,0
C2_n0.01_d000_r02,C2,202614,9.32,9.32,0.0,0.24244565197546356,0.2481086584109895,0.25286919027396176,NEAR,NEAR,0.6,1,,,0.01,0
C2_n0.01_d000_r02,C2,202614,9.34,9.34,0.0,0.2405846295806395,0.2386764216196142,0.2493209981103749,NEAR,NEAR,0.6,1,,,0.01,0
C2_n0.01_d000_r02,C2,202614,9.36,9.36,0.0,0.23893730323962742,0.2428298647181945,0.24769821476232978,NEAR,NEAR,0.6,1,,,0.01,0
C2_n0.01_d000_r02,C2,202614,9.38,9.38,0.0,0.23754106151206275,0.23735753999223017,0.24511304606980489,NEAR,NEAR,0.6,1,,,0.01,0
C2_n0.01_d000_r02,C2,202614,9.4,9.4,0.0,0.23642759421300968,0.24339202528534934,0.244682790873691,NEAR,NEAR,0.6,1,,,0.01,0
C2_n0.01_d000_r02,C2,202614,9.42,9.42,0.0,0.23562217316473935,0.24207637529475867,0.2440311869789579,NEAR,NEAR,0.6,1,,,0.01,0
C2_n0.01_d000_r02,C2,202614,9.44,9.44,0.0,0.23514307861455025,0.22906482759225347,0.2402895971322818,NEAR,NEAR,0.6,1,,,0.01,0
C2_n0.01_d000_r02,C2,202614,9.46,9.46,0.0,0.23500118433694275,0.2170212657696115,0.2344725142916142,NEAR,NEAR,0.6,1,,,0.01,0
C2_n0.01_d000_r02,C2,202614,9.48,9.48,0.0,0.235199710836882,0.24552052624331783,0.2372345172795401,NEAR,NEAR,0.6,1,,,0.01,0
C2_n0.01_d000_r02,C2,202614,9.5,9.5,0.0,0.2357341522555727,0.24593280844101184,0.23940909006990804,NEAR,NEAR,0.6,1,,,0.01,0
C2_n0.01_d000_r02,C2,202614,9.52,9.52,0.0,0.23659237863773103,0.22686756974420835,0.23627370998848313,NEAR,NEAR,0.6,1,,,0.01,0
C2_n0.01_d000_r02,C2,202614,9.54,9.54,0.0,0.2377549112392422,0.23833311430245113,0.23678856106697516,NEAR,NEAR,0.6,1,,,0.01,0
C2_n0.01_d000_r02,C2,202614,9.56,9.56,0.0,0.23919536462668142,0.2275187199244064,0.234471100781333,NEAR,NEAR,0.6,1,,,0.01,0
C2_n0.01_d000_r02,C2,202614,9.58,9.58,0.0,0.24088104553458092,0.22843535670158172,0.2329621647613952,NEAR,NEAR,0.6,1,,,0.01,0
C2_n0.01_d000_r02,C2,202614,9.6,9.6,0.0,0.24277369488847422,0.2376942013636352,0.2341451739119552,NEAR,NEAR,0.6,1,,,0.01,0
C2_n0.01_d000_r02,C2,202614,9.62,9.62,0.0,0.24483035615238213,0.23926421657804162,0.2354249345784768,NEAR,NEAR,0.6,1,,,0.01,0
C2_n0.01_d000_r02,C2,202614,9.64,9.64,0.0,0.24700435029228393,0.2653749296720852,0.2429124333518789,NEAR,NEAR,0.6,1,,,0.01,0
C2_n0.01_d000_r02,C2,202614,9.66,9.66,0.0,0.24924633522730347,0.25772581873023936,0.24661577969646903,NEAR,NEAR,0.6,1,,,0.01,0
C2_n0.01_d000_r02,C2,202614,9.68,9.68,0.0,0.2515054257227682,0.25371353608559044,0.2483902187937494,NEAR,NEAR,0.6,1,,,0.01,0
C2_n0.01_d000_r02,C2,202614,9.7,9.7,0.0,0.25373034830747276,0.2514218420464678,0.24914812460692898,NEAR,NEAR,0.6,1,,,0.01,0
C2_n0.01_d000_r02,C2,202614,9.72,9.72,0.0,0.2558706050025581,0.24735009840017036,0.24869861805523935,NEAR,NEAR,0.6,1,,,0.01,0
C2_n0.01_d000_r02,C2,202614,9.74,9.74,0.0,0.25787761944941945,0.25805296185850174,0.25103720400605495,NEAR,NEAR,0.6,1,,,0.01,0
C2_n0.01_d000_r02,C2,202614,9.76,9.76,0.0,0.25970583942354164,0.27173286111579376,0.25621111828348964,NEAR,NEAR,0.6,1,,,0.01,0
C2_n0.01_d000_r02,C2,202614,9.78,9.78,0.0,0.2613137707110415,0.25384958456103346,0.2556207348528756,NEAR,NEAR,0.6,1,,,0.01,0
C2_n0.01_d000_r02,C2,202614,9.8,9.8,0.0,0.26266491888253024,0.2603889560131273,0.25681279014293856,NEAR,NEAR,0.6,1,,,0.01,0
C2_n0.01_d000_r02,C2,202614,9.82,9.82,0.0,0.26372861758931376,0.27063824867670244,0.2602691547763795,NEAR,NEAR,0.6,1,,,0.01,0
C2_n0.01_d000_r02,C2,202614,9.84,9.84,0.0,0.2644807245824991,0.27948185737784587,0.2650723304267461,NEAR,NEAR,0.6,1,,,0.01,0
C2_n0.01_d000_r02,C2,202614,9.86,9.86,0.0,0.2649041696578001,0.2916674907604765,0.2717211205101787,NEAR,NEAR,0.6,1,,,0.01,0
C2_n0.01_d000_r02,C2,202614,9.88,9.88,0.0,0.26498934208960884,0.25764870415244273,0.26820301642074473,NEAR,NEAR,0.6,1,,,0.01,0
C2_n0.01_d000_r02,C2,202614,9.9,9.9,0.0,0.26473430876093035,0.244605776930866,0.26230370654827506,NEAR,NEAR,0.6,1,,,0.01,0
C2_n0.01_d000_r02,C2,202614,9.92,9.92,0.0,0.264144858038393,0.2600457809086983,0.2617392251383809,NEAR,NEAR,0.6,1,,,0.01,0
C2_n0.01_d000_r02,C2,202614,9.94,9.94,0.0,0.2632343683965243,0.25196912999919907,0.2592967013535854,NEAR,NEAR,0.6,1,,,0.01,0
C2_n0.01_d000_r02,C2,202614,9.96,9.96,0.0,0.2620235047730631,0.25638987572727384,0.2585699949470075,NEAR,NEAR,0.6,1,,,0.01,0
C2_n0.01_d000_r02,C2,202614,9.98,9.98,0.0,0.2605397495469827,0.279551796014216,0.2638154452138096,NEAR,NEAR,0.6,1,,,0.01,0
C2_n0.01_d000_r02,C2,202614,10.0,10.0,0.0,0.2588167787843871,0.2819886258912873,0.26835874038317903,NEAR,NEAR,0.6,1,,,0.01,0
C2_n0.01_d000_r02,C2,202614,10.02,10.02,0.0,0.25689369790932237,0.2638409395027252,0.26722929016306557,NEAR,NEAR,0.6,1,,,0.01,0
C2_n0.01_d000_r02,C2,202614,10.04,10.04,0.0,0.25481415414710823,0.2482423036828652,0.2624825435430155,NEAR,NEAR,0.6,1,,,0.01,0
C2_n0.01_d000_r02,C2,202614,10.06,10.06,0.0,0.2526253458846291,0.2529614108735094,0.26010226037563894,NEAR,NEAR,0.6,1,,,0.01,0
C2_n0.01_d000_r02,C2,202614,10.08,10.08,0.0,0.25037695143165006,0.24974212110395225,0.2575122255577173,NEAR,NEAR,0.6,1,,,0.01,0
C2_n0.01_d000_r02,C2,202614,10.1,10.1,0.0,0.24812000149653549,0.24629397384345605,0.25470766262915195,NEAR,NEAR,0.6,1,,,0.01,0
C2_n0.01_d000_r02,C2,202614,10.12,10.12,0.0,0.24590572096724023,0.2511569062853134,0.2538199735431923,NEAR,NEAR,0.6,1,,,0.01,0
C2_n0.01_d000_r02,C2,202614,10.14,10.14,0.0,0.24378436628510067,0.23099354945845862,0.24811336752200888,NEAR,NEAR,0.6,1,,,0.01,0
C2_n0.01_d000_r02,C2,202614,10.16,10.16,0.0,0.24180408479898596,0.25097229183950287,0.24882809860138239,NEAR,NEAR,0.6,1,,,0.01,0
C2_n0.01_d000_r02,C2,202614,10.18,10.18,0.0,0.24000982198848625,0.2415490519327628,0.24700833693422747,NEAR,NEAR,0.6,1,,,0.01,0
C2_n0.01_d000_r02,C2,202614,10.2,10.2,0.0,0.23844230135836322,0.2235033776227602,0.24113209710636063,NEAR,NEAR,0.6,1,,,0.01,0
C2_n0.01_d000_r02,C2,202614,10.22,10.22,0.0,0.2371371001570952,0.23579346356658226,0.23979743872141604,NEAR,NEAR,0.6,1,,,0.01,0
C2_n0.01_d000_r02,C2,202614,10.24,10.24,0.0,0.23612384189748312,0.2189614530553305,0.23458844230489467,NEAR,NEAR,0.6,1,,,0.01,0
C2_n0.01_d000_r02,C2,202614,10.26,10.26,0.0,0.2354255240062799,0.23086141659936577,0.23365668587851243,NEAR,NEAR,0.6,1,,,0.01,0
C2_n0.01_d000_r02,C2,202614,10.28,10.28,0.0,0.23505799586285242,0.25147246481833085,0.23811063061346704,NEAR,NEAR,0.6,1,,,0.01,0
C2_n0.01_d000_r02,C2,202614,10.3,10.3,0.0,0.23502959907357593,0.23889470021057965,0.2383066480127452,NEAR,NEAR,0.6,1,,,0.01,0
C2_n0.01_d000_r02,C2,202614,10.32,10.32,0.0,0.23534097814647711,0.23727767999222335,0.23804940600761476,NEAR,NEAR,0.6,1,,,0.01,0
C2_n0.01_d000_r02,C2,202614,10.34,10.34,0.0,0.23598506586315082,0.22468655868453868,0.23470869417684573,NEAR,NEAR,0.6,1,,,0.01,0
C2_n0.01_d000_r02,C2,202614,10.36,10.36,0.0,0.23694724367995706,0.21290857390156184,0.22925866410802476,NEAR,NEAR,0.6,1,,,0.01,0
C2_n0.01_d000_r02,C2,202614,10.38,10.38,0.0,0.23820567351795077,0.23728929717472313,0.23126632237469935,NEAR,NEAR,0.6,1,,,0.01,0
C2_n0.01_d000_r02,C2,202614,10.4,10.4,0.0,0.2397317934110697,0.24706194922756078,0.2352152290879147,NEAR,NEAR,0.6,1,,,0.01,0
C2_n0.01_d000_r02,C2,202614,10.42,10.42,0.0,0.24149096576309861,0.2425686874013047,0.2370535936662622,NEAR,NEAR,0.6,1,,,0.01,0
C2_n0.01_d000_r02,C2,202614,10.44,10.44,0.0,0.24344326350023596,0.23708434089007993,0.2370612804722166,NEAR,NEAR,0.6,1,,,0.01,0
C2_n0.01_d000_r02,C2,202614,10.46,10.46,0.0,0.2455443762763446,0.2552539708559853,0.24160945306815879,NEAR,NEAR,0.6,1,,,0.01,0
C2_n0.01_d000_r02,C2,202614,10.48,10.48,0.0,0.24774661616318866,0.2373424153531641,0.24054269363941014,NEAR,NEAR,0.6,1,,,0.01,0
C2_n0.01_d000_r02,C2,202614,10.5,10.5,0.0,0.25,0.24027919534452924,0.2404768190656899,NEAR,NEAR,0.6,1,,,0.01,0
C2_n0.01_d000_r02,C2,202614,10.52,10.52,0.0,0.2522533838368113,0.23597688007723355,0.23935183431857582,NEAR,NEAR,0.6,1,,,0.01,0
C2_n0.01_d000_r02,C2,202614,10.54,10.54,0.0,0.2544556237236554,0.25122633334257294,0.24232045907457508,NEAR,NEAR,0.6,1,,,0.01,0
C2_n0.01_d000_r02,C2,202614,10.56,10.56,0.0,0.256556736499764,0.25530965048725124,0.24556775692774413,NEAR,NEAR,0.6,1,,,0.01,0
C2_n0.01_d000_r02,C2,202614,10.58,10.58,0.0,0.25850903423690136,0.2647553842475526,0.2503646637576963,NEAR,NEAR,0.6,1,,,0.01,0
C2_n0.01_d000_r02,C2,202614,10.6,10.6,0.0,0.2602682065889303,0.2608893513905412,0.2529958356659075,NEAR,NEAR,0.6,1,,,0.01,0
C2_n0.01_d000_r02,C2,202614,10.62,10.62,0.0,0.2617943264820492,0.26409922500132976,0.25577168299976305,NEAR,NEAR,0.6,1,,,0.01,0
C2_n0.01_d000_r02,C2,202614,10.64,10.64,0.0,0.26305275632004294,0.2544857130642546,0.2554501905158859,NEAR,NEAR,0.6,1,,,0.01,0
C2_n0.01_d000_r02,C2,202614,10.66,10.66,0.0,0.2640149341368492,0.27760918436478615,0.26098993897811096,NEAR,NEAR,0.6,1,,,0.01,0
C2_n0.01_d000_r02,C2,202614,10.68,10.68,0.0,0.2646590218535229,0.26738774574858326,0.26258939067072906,NEAR,NEAR,0.6,1,,,0.01,0
C2_n0.01_d000_r02,C2,202614,10.7,10.7,0.0,0.26497040092642404,0.258624597404981,0.26159819235429205,NEAR,NEAR,0.6,1,,,0.01,0
C2_n0.01_d000_r02,C2,202614,10.72,10.72,0.0,0.2649420041371476,0.2702234339927074,0.2637545027638959,NEAR,NEAR,0.6,1,,,0.01,0
C2_n0.01_d000_r02,C2,202614,10.74,10.74,0.0,0.2645744759937201,0.27036816062478214,0.26540791722911744,NEAR,NEAR,0.6,1,,,0.01,0
C2_n0.01_d000_r02,C2,202614,10.76,10.76,0.0,0.26387615810251686,0.26448409978994103,0.26517696286932335,NEAR,NEAR,0.6,1,,,0.01,0
C2_n0.01_d000_r02,C2,202614,10.78,10.78,0.0,0.26286289984290484,0.27014020259688065,0.2664177728012127,NEAR,NEAR,0.6,1,,,0.01,0
C2_n0.01_d000_r02,C2,202614,10.8,10.8,0.0,0.2615576986416368,0.2505953934521784,0.2624621779639541,NEAR,NEAR,0.6,1,,,0.01,0
C2_n0.01_d000_r02,C2,202614,10.82,10.82,0.0,0.25999017801151375,0.23444680795961725,0.2554583354628699,NEAR,NEAR,0.6,1,,,0.01,0
C2_n0.01_d000_r02,C2,202614,10.84,10.84,0.0,0.25819591520101404,0.25988909176597047,0.256566024538645,NEAR,NEAR,0.6,1,,,0.01,0
C2_n0.01_d000_r02,C2,202614,10.86,10.86,0.0,0.25621563371489936,0.2550836552228057,0.2561954322096852,NEAR,NEAR,0.6,1,,,0.01,0
C2_n0.01_d000_r02,C2,202614,10.88,10.88,0.0,0.2540942790327598,0.2477264820720504,0.2540781946752765,NEAR,NEAR,0.6,1,,,0.01,0
C2_n0.01_d000_r02,C2,202614,10.9,10.9,0.0,0.2518799985034645,0.25198239958326935,0.2535542459022747,NEAR,NEAR,0.6,1,,,0.01,0
C2_n0.01_d000_r02,C2,202614,10.92,10.92,0.0,0.24962304856834996,0.2572393045612761,0.25447551056702505,NEAR,NEAR,0.6,1,,,0.01,0
C2_n0.01_d000_r02,C2,202614,10.94,10.94,0.0,0.24737465411537093,0.23592073406161912,0.24983681644067357,NEAR,NEAR,0.6,1,,,0.01,0
C2_n0.01_d000_r02,C2,202614,10.96,10.96,0.0,0.24518584585289174,0.24108851602128134,0.2476497413358255,NEAR,NEAR,0.6,1,,,0.01,0
C2_n0.01_d000_r02,C2,202614,10.98,10.98,0.0,0.24310630209067766,0.24080973330781247,0.24593973932882224,NEAR,NEAR,0.6,1,,,0.01,0
C2_n0.01_d000_r02,C2,202614,11.0,11.0,0.0,0.24118322121561292,0.24178015862862093,0.2448998441537719,NEAR,NEAR,0.6,1,,,0.01,0
C2_n0.01_d000_r02,C2,202614,11.02,11.02,0.0,0.2394602504530173,0.23619831227510657,0.24272446118410557,NEAR,NEAR,0.6,1,,,0.01,0
C2_n0.01_d000_r02,C2,202614,11.04,11.04,0.0,0.23797649522693692,0.24446308718608908,0.24315911768460147,NEAR,NEAR,0.6,1,,,0.01,0
C2_n0.01_d000_r02,C2,202614,11.06,11.06,0.0,0.2367656316034757,0.2360409662428036,0.24137957982415198,NEAR,NEAR,0.6,1,,,0.01,0
C2_n0.01_d000_r02,C2,202614,11.08,11.08,0.0,0.23585514196160703,0.23787384411042442,0.24050314589572008,NEAR,NEAR,0.6,1,,,0.01,0
C2_n0.01_d000_r02,C2,202614,11.1,11.1,0.0,0.23526569123906968,0.22751360008911775,0.23725575944406951,NEAR,NEAR,0.6,1,,,0.01,0
C2_n0.01_d000_r02,C2,202614,11.12,11.12,0.0,0.23501065791039116,0.25140146604959285,0.24079218609545033,NEAR,NEAR,0.6,1,,,0.01,0
C2_n0.01_d000_r02,C2,202614,11.14,11.14,0.0,0.23509583034219989,0.23458884817668002,0.23924135161575777,NEAR,NEAR,0.6,1,,,0.01,0
C2_n0.01_d000_r02,C2,202614,11.16,11.16,0.0,0.2355192754175009,0.22827084108524925,0.23649872398313065,NEAR,NEAR,0.6,1,,,0.01,0
C2_n0.01_d000_r02,C2,202614,11.18,11.18,0.0,0.2362713824106862,0.23732012558502188,0.23670407438360347,NEAR,NEAR,0.6,1,,,0.01,0
C2_n0.01_d000_r02,C2,202614,11.2,11.2,0.0,0.23733508111746973,0.24876816083457298,0.23972009599634583,NEAR,NEAR,0.6,1,,,0.01,0
C2_n0.01_d000_r02,C2,202614,11.22,11.22,0.0,0.23868622928895847,0.2393411910699326,0.23962536976474252,NEAR,NEAR,0.6,1,,,0.01,0
C2_n0.01_d000_r02,C2,202614,11.24,11.24,0.0,0.24029416057645833,0.23017350598834577,0.23726240382064331,NEAR,NEAR,0.6,1,,,0.01,0
C2_n0.01_d000_r02,C2,202614,11.26,11.26,0.0,0.24212238055058055,0.23130661497420085,0.2357734566090327,NEAR,NEAR,0.6,1,,,0.01,0
C2_n0.01_d000_r02,C2,202614,11.28,11.28,0.0,0.2441293949974419,0.24605774198741073,0.2383445279536272,NEAR,NEAR,0.6,1,,,0.01,0
C2_n0.01_d000_r02,C2,202614,11.3,11.3,0.0,0.24626965169252724,0.2565557171026969,0.24289732524089463,NEAR,NEAR,0.6,1,,,0.01,0
C2_n0.01_d000_r02,C2,202614,11.32,11.32,0.0,0.2484945742772318,0.2520568776239482,0.24518721333665805,NEAR,NEAR,0.6,1,,,0.01,0
C2_n0.01_d000_r02,C2,202614,11.34,11.34,0.0,0.25075366477269656,0.24443483878227754,0.24499911969806293,NEAR,NEAR,0.6,1,,,0.01,0
C2_n0.01_d000_r02,C2,202614,11.36,11.36,0.0,0.252995649707716,0.2793524892618888,0.2535874620890194,NEAR,NEAR,0.6,1,,,0.01,0
C2_n0.01_d000_r02,C2,202614,11.38,11.38,0.0,0.2551696438476178,0.2669800665576095,0.2569356132061669,NEAR,NEAR,0.6,1,,,0.01,0
C2_n0.01_d000_r02,C2,202614,11.4,11.4,0.0,0.2572263051115258,0.263577371648257,0.25859605281668946,NEAR,NEAR,0.6,1,,,0.01,0
C2_n0.01_d000_r02,C2,202614,11.42,11.42,0.0,0.25911895446541905,0.25345038877056814,0.2573096368051591,NEAR,NEAR,0.6,1,,,0.01,0
C2_n0.01_d000_r02,C2,202614,11.44,11.44,0.0,0.26080463537331855,0.24950775395742775,0.2553591660932263,NEAR,NEAR,0.6,1,,,0.01,0
C2_n0.01_d000_r02,C2,202614,11.46,11.46,0.0,0.2622450887607578,0.2615935734254405,0.25691776792627985,NEAR,NEAR,0.6,1,,,0.01,0
C2_n0.01_d000_r02,C2,202614,11.48,11.48,0.0,0.263407621362269,0.2516235054625388,0.2555942023103446,NEAR,NEAR,0.6,1,,,0.01,0
C2_n0.01_d000_r02,C2,202614,11.5,11.5,0.0,0.2642658477444273,0.25004633110820496,0.25420723450980964,NEAR,NEAR,0.6,1,,,0.01,0
C2_n0.01_d000_r02,C2,202614,11.52,11.52,0.0,0.264800289163118,0.26769703926503724,0.25757968569861656,NEAR,NEAR,0.6,1,,,0.01,0
C2_n0.01_d000_r02,C2,202614,11.54,11.54,0.0,0.2649988156630572,0.2532084917071028,0.2564868872007381,NEAR,NEAR,0.6,1,,,0.01,0
C2_n0.01_d000_r02,C2,202614,11.56,11.56,0.0,0.26485692138544975,0.2674741606183006,0.2592337055551287,NEAR,NEAR,0.6,1,,,0.01,0
C2_n0.01_d000_r02,C2,202614,11.58,11.58,0.0,0.2643778268352606,0.27011971542823154,0.26195520802340444,NEAR,NEAR,0.6,1,,,0.01,0
C2_n0.01_d000_r02,C2,202614,11.6,11.6,0.0,0.2635724057869903,0.2753214667440932,0.26529677270357666,NEAR,NEAR,0.6,1,,,0.01,0
C2_n0.01_d000_r02,C2,202614,11.62,11.62,0.0,0.2624589384879373,0.253669301310108,0.2623899048552095,NEAR,NEAR,0.6,1,,,0.01,0
C2_n0.01_d000_r02,C2,202614,11.64,11.64,0.0,0.2610626967603726,0.25642258819072955,0.2608980756890895,NEAR,NEAR,0.6,1,,,0.01,0
C2_n0.01_d000_r02,C2,202614,11.66,11.66,0.0,0.2594153704193605,0.27534300338466916,0.2645093076129844,NEAR,NEAR,0.6,1,,,0.01,0
C2_n0.01_d000_r02,C2,202614,11.68,11.68,0.0,0.2575543480245365,0.26823519947461283,0.2654407805783915,NEAR,NEAR,0.6,1,,,0.01,0
C2_n0.01_d000_r02,C2,202614,11.7,11.7,0.0,0.25552186829027024,0.24451346312634858,0.2602089512153808,NEAR,NEAR,0.6,1,,,0.01,0
C2_n0.01_d000_r02,C2,202614,11.72,11.72,0.0,0.25336406141424067,0.24396351452696702,0.25614759204327736,NEAR,NEAR,0.6,1,,,0.01,0
C2_n0.01_d000_r02,C2,202614,11.74,11.74,0.0,0.25112990208291897,0.2506517410710334,0.25477362930021635,NEAR,NEAR,0.6,1,,,0.01,0
C2_n0.01_d000_r02,C2,202614,11.76,11.76,0.0,0.24887009791708103,0.24328883056793707,0.25190242961714654,NEAR,NEAR,0.6,1,,,0.01,0
C2_n0.01_d000_r02,C2,202614,11.78,11.78,0.0,0.24663593858575936,0.24870700137210086,0.2511035725558851,NEAR,NEAR,0.6,1,,,0.01,0
C2_n0.01_d000_r02,C2,202614,11.8,11.8,0.0,0.2444781317097298,0.24711642288261967,0.25010678513756873,NEAR,NEAR,0.6,1,,,0.01,0
C2_n0.01_d000_r02,C2,202614,11.82,11.82,0.0,0.24244565197546356,0.23059793580595744,0.24522957280466592,NEAR,NEAR,0.6,1,,,0.01,0
C2_n0.01_d000_r02,C2,202614,11.84,11.84,0.0,0.2405846295806395,0.2381638380995699,0.2434631391283919,NEAR,NEAR,0.6,1,,,0.01,0
C2_n0.01_d000_r02,C2,202614,11.86,11.86,0.0,0.23893730323962745,0.23092856724323632,0.240329496157103,NEAR,NEAR,0.6,1,,,0.01,0
C2_n0.01_d000_r02,C2,202614,11.88,11.88,0.0,0.23754106151206278,0.2188377094302091,0.23495654947537953,NEAR,NEAR,0.6,1,,,0.01,0
C2_n0.01_d000_r02,C2,202614,11.9,11.9,0.0,0.23642759421300968,0.24656669173427848,0.23785908504010425,NEAR,NEAR,0.6,1,,,0.01,0
C2_n0.01_d000_r02,C2,202614,11.92,11.92,0.0,0.23562217316473938,0.24535214958082238,0.2397323511752838,NEAR,NEAR,0.6,1,,,0.01,0
C2_n0.01_d000_r02,C2,202614,11.94,11.94,0.0,0.23514307861455025,0.22797657161045173,0.23679340628407577,NEAR,NEAR,0.6,1,,,0.01,0
C2_n0.01_d000_r02,C2,202614,11.96,11.96,0.0,0.23500118433694275,0.21630651464511502,0.23167168337433558,NEAR,NEAR,0.6,1,,,0.01,0
C2_n0.01_d000_r02,C2,202614,11.98,11.98,0.0,0.235199710836882,0.22664379805832038,0.2304147120453318,NEAR,NEAR,0.6,1,,,0.01,0
C2_n0.01_d000_r02,C2,202614,12.0,12.0,0.0,0.25,0.23931784328035394,0.23264049485408733,NEAR,NEAR,0.6,1,,,0.01,0
C2_n0.01_d000_r02,C2,202614,12.02,12.02,0.0,0.25175,0.2640898401871,0.2405028311873405,NEAR,NEAR,0.6,1,,,0.01,0
C2_n0.01_d000_r02,C2,202614,12.04,12.04,0.0,0.25349999999999995,0.2602815162066905,0.245447502442178,NEAR,NEAR,0.6,1,,,0.01,0
C2_n0.01_d000_r02,C2,202614,12.06,12.06,0.0,0.25525000000000003,0.2518382891406002,0.24704519911678352,NEAR,NEAR,0.6,1,,,0.01,0
C2_n0.01_d000_r02,C2,202614,12.08,12.08,0.0,0.257,0.24419877864367623,0.2463335939985067,NEAR,NEAR,0.6,1,,,0.01,0
C2_n0.01_d000_r02,C2,202614,12.1,12.1,0.0,0.25875,0.264142469628173,0.2507858129059233,NEAR,NEAR,0.6,1,,,0.01,0
C2_n0.01_d000_r02,C2,202614,12.12,12.12,0.0,0.26049999999999995,0.2579243662347813,0.2525704512381378,NEAR,NEAR,0.6,1,,,0.01,0
C2_n0.01_d000_r02,C2,202614,12.14,12.14,0.0,0.26225000000000004,0.25936453368507123,0.2542689718498712,NEAR,NEAR,0.6,1,,,0.01,0
C2_n0.01_d000_r02,C2,202614,12.16,12.16,0.0,0.264,0.2724302565417767,0.25880929302284755,NEAR,NEAR,0.6,1,,,0.01,0
C2_n0.01_d000_r02,C2,202614,12.18,12.18,0.0,0.26575,0.2869691818503967,0.26584926522973484,NEAR,NEAR,0.6,1,,,0.01,0
C2_n0.01_d000_r02,C2,202614,12.2,12.2,0.0,0.26749999999999996,0.2847113197014176,0.2705647788476555,NEAR,NEAR,0.6,1,,,0.01,0
C2_n0.01_d000_r02,C2,202614,12.22,12.22,0.0,0.26925000000000004,0.25639314180851763,0.26702186958787105,NEAR,NEAR,0.6,1,,,0.01,0
C2_n0.01_d000_r02,C2,202614,12.24,12.24,0.0,0.271,0.26131826697941934,0.26559596893575815,NEAR,NEAR,0.6,1,,,0.01,0
C2_n0.01_d000_r02,C2,202614,12.26,12.26,0.0,0.27275,0.26198947591942284,0.2646943456816743,NEAR,NEAR,0.6,1,,,0.01,0
C2_n0.01_d000_r02,C2,202614,12.28,12.28,0.0,0.27449999999999997,0.2822829686717483,0.2690915014291928,NEAR,NEAR,0.6,1,,,0.01,0
C2_n0.01_d000_r02,C2,202614,12.3,12.3,0.0,0.27625000000000005,0.2692594944202179,0.2691334996769491,NEAR,NEAR,0.6,1,,,0.01,0
C2_n0.01_d000_r02,C2,202614,12.32,12.32,0.0,0.278,0.27937105936341977,0.27169288959856674,NEAR,NEAR,0.6,1,,,0.01,0
C2_n0.01_d000_r02,C2,202614,12.34,12.34,0.0,0.27975,0.27781724433830146,0.2732239782835004,NEAR,NEAR,0.6,1,,,0.01,0
C2_n0.01_d000_r02,C2,202614,12.36,12.36,0.0,0.2815,0.26556534247284813,0.27130931933083735,NEAR,NEAR,0.6,1,,,0.01,0
C2_n0.01_d000_r02,C2,202614,12.38,12.38,0.0,0.28325000000000006,0.27627932147252754,0.27255181986625987,NEAR,NEAR,0.6,1,,,0.01,0
C2_n0.01_d000_r02,C2,202614,12.4,12.4,0.0,0.28500000000000003,0.29059162591876864,0.27706177137938703,NEAR,NEAR,0.6,1,,,0.01,0
C2_n0.01_d000_r02,C2,202614,12.42,12.42,0.0,0.28675,0.28252799268429934,0.2784283267056151,NEAR,NEAR,0.6,1,,,0.01,0
C2_n0.01_d000_r02,C2,202614,12.44,12.44,0.0,0.2885,0.2946724895371791,0.2824893674135061,NEAR,NEAR,0.6,1,,,0.01,0
C2_n0.01_d000_r02,C2,202614,12.46,12.46,0.0,0.29025000000000006,0.28570380043388616,0.2832929756686011,NEAR,NEAR,0.6,1,,,0.01,0
C2_n0.01_d000_r02,C2,202614,12.48,12.48,0.0,0.29200000000000004,0.2956803312449128,0.28638981456267903,NEAR,NEAR,0.6,1,,,0.01,0
C2_n0.01_d000_r02,C2,202614,12.5,12.5,0.0,0.29375,0.2900877402103599,0.28731429597459923,NEAR,NEAR,0.6,1,,,0.01,0
C2_n0.01_d000_r02,C2,202614,12.52,12.52,0.0,0.2955,0.27055436643943276,0.2831243135908076,NEAR,NEAR,0.6,1,,,0.01,0
C2_n0.01_d000_r02,C2,202614,12.54,12.54,0.0,0.2972499999999999,0.287851602431675,0.28430613580102443,NEAR,NEAR,0.6,1,,,0.01,0
C2_n0.01_d000_r02,C2,202614,12.56,12.56,0.0,0.29900000000000004,0.308829356353991,0.2904369409392661,NEAR,NEAR,0.6,1,,,0.01,0
C2_n0.01_d000_r02,C2,202614,12.58,12.58,0.0,0.30075,0.29663850336678443,0.29198733154614565,NEAR,NEAR,0.6,1,,,0.01,0
C2_n0.01_d000_r02,C2,202614,12.6,12.6,0.0,0.3025,0.30748181843613775,0.2958609532686437,NEAR,NEAR,0.6,1,,,0.01,0
C2_n0.01_d000_r02,C2,202614,12.62,12.62,0.0,0.3042499999999999,0.3112118752563246,0.2996986837655639,NEAR,NEAR,0.6,1,,,0.01,0
C2_n0.01_d000_r02,C2,202614,12.64,12.64,0.0,0.30600000000000005,0.3284175563886816,0.3068784019213433,NEAR,NEAR,0.6,1,,,0.01,0
C2_n0.01_d000_r02,C2,202614,12.66,12.66,0.0,0.30775,0.3139993843751909,0.3086586475348052,NEAR,NEAR,0.6,1,,,0.01,0
C2_n0.01_d000_r02,C2,202614,12.68,12.68,0.0,0.3095,0.3233318025093135,0.3123269362784323,NEAR,NEAR,0.6,1,,,0.01,0
C2_n0.01_d000_r02,C2,202614,12.7,12.7,0.0,0.3112499999999999,0.3098926612345323,0.3117183675174573,NEAR,NEAR,0.6,1,,,0.01,0
C2_n0.01_d000_r02,C2,202614,12.72,12.72,0.0,0.31300000000000006,0.32553818899168835,0.3151733228860151,NEAR,NEAR,0.6,1,,,0.01,0
C2_n0.01_d000_r02,C2,202614,12.74,12.74,0.0,0.31475000000000003,0.3210727278452393,0.31664817412582114,NEAR,NEAR,0.6,1,,,0.01,0
C2_n0.01_d000_r02,C2,202614,12.76,12.76,0.0,0.3165,0.3097533257358516,0.31492446202832874,NEAR,NEAR,0.6,1,,,0.01,0
C2_n0.01_d000_r02,C2,202614,12.78,12.78,0.0,0.3182499999999999,0.32507348695699534,0.3174617182604954,NEAR,NEAR,0.6,1,,,0.01,0
C2_n0.01_d000_r02,C2,202614,12.8,12.8,0.0,0.32000000000000006,0.3156429098139562,0.3170070161488606,NEAR,NEAR,0.6,1,,,0.01,0
C2_n0.01_d000_r02,C2,202614,12.82,12.82,0.0,0.32175000000000004,0.31591515920050356,0.31673405191177134,NEAR,NEAR,0.6,1,,,0.01,0
C2_n0.01_d000_r02,C2,202614,12.84,12.84,0.0,0.3235,0.33602897246199404,0.321557782049327,NEAR,NEAR,0.6,1,,,0.01,0
C2_n0.01_d000_r02,C2,202614,12.86,12.86,0.0,0.32524999999999993,0.33516757099953487,0.32496022928687895,NEAR,NEAR,0.6,1,,,0.01,0
C2_n0.01_d000_r02,C2,202614,12.88,12.88,0.0,0.32700000000000007,0.33987598426128435,0.3286891680304803,NEAR,NEAR,0.6,1,,,0.01,0
C2_n0.01_d000_r02,C2,202614,12.9,12.9,0.0,0.32875000000000004,0.32066335460644835,0.3266827146744723,NEAR,NEAR,0.6,1,,,0.01,0
C2_n0.01_d000_r02,C2,202614,12.92,12.92,0.0,0.3305,0.325439523438836,0.3263719168655632,NEAR,NEAR,0.6,1,,,0.01,0
C2_n0.01_d000_r02,C2,202614,12.94,12.94,0.0,0.33224999999999993,0.3235408799326208,0.3256641576323276,NEAR,NEAR,0.6,1,,,0.01,0
C2_n0.01_d000_r02,C2,202614,12.96,12.96,0.0,0.3340000000000001,0.33279949512072626,0.32744799200442726,NEAR,NEAR,0.6,1,,,0.01,0
C2_n0.01_d000_r02,C2,202614,12.98,12.98,0.0,0.33575000000000005,0.34648171183631804,0.3322064219623999,NEAR,NEAR,0.6,1,,,0.01,0
C2_n0.01_d000_r02,C2,202614,13.0,13.0,0.0,0.3375,0.3342636596784249,0.3327207313914062,NEAR,NEAR,0.6,1,,,0.01,0
C2_n0.01_d000_r02,C2,202614,13.02,13.02,0.0,0.33924999999999994,0.34105742102588754,0.3348049038000265,NEAR,NEAR,0.6,1,,,0.01,0
C2_n0.01_d000_r02,C2,202614,13.04,13.04,0.0,0.3409999999999999,0.331473578052329,0.3339720723631021,NEAR,NEAR,0.6,1,,,0.01,0
C2_n0.01_d000_r02,C2,202614,13.06,13.06,0.0,0.34275000000000005,0.34107040176693937,0.3357466547140614,NEAR,NEAR,0.6,1,,,0.01,0
C2_n0.01_d000_r02,C2,202614,13.08,13.08,0.0,0.34450000000000003,0.34507178354100937,0.33807793692079835,NEAR,NEAR,0.6,1,,,0.01,0
C2_n0.01_d000_r02,C2,202614,13.1,13.1,0.0,0.34624999999999995,0.3385197311389585,0.33818838547533836,NEAR,NEAR,0.6,1,,,0.01,0
C2_n0.01_d000_r02,C2,202614,13.12,13.12,0.0,0.3479999999999999,0.34980171544484717,0.34109171796771554,NEAR,NEAR,0.6,1,,,0.01,0
C2_n0.01_d000_r02,C2,202614,13.14,13.14,0.0,0.34975000000000006,0.34965427867968707,0.3432323581457084,NEAR,NEAR,0.6,1,,,0.01,0
C2_n0.01_d000_r02,C2,202614,13.16,13.16,0.0,0.35150000000000003,0.3483094806803698,0.3445016387793738,FAR,NEAR,0.6,1,,,0.01,0
C2_n0.01_d000_r02,C2,202614,13.18,13.18,0.0,0.35324999999999995,0.361129458523871,0.3486585937154981,FAR,NEAR,0.6,1,,,0.01,0
C2_n0.01_d000_r02,C2,202614,13.2,13.2,0.0,0.3549999999999999,0.3400503474941912,0.3465065321601714,FAR,NEAR,0.6,1,,,0.01,0
C2_n0.01_d000_r02,C2,202614,13.22,13.22,0.0,0.35675000000000007,0.3635548507859536,0.35076861181661695,FAR,NEAR,0.6,1,,,0.01,0
C2_n0.01_d000_r02,C2,202614,13.24,13.24,0.0,0.35850000000000004,0.33899937320565365,0.3478263021638761,FAR,NEAR,0.6,1,,,0.01,0
C2_n0.01_d000_r02,C2,202614,13.26,13.26,0.0,0.36024999999999996,0.366641498443147,0.3525301012336938,FAR,NEAR,0.6,1,,,0.01,0
C2_n0.01_d000_r02,C2,202614,13.28,13.28,0.0,0.36199999999999993,0.3552057642281383,0.35319901698230494,FAR,NEAR,0.6,1,,,0.01,0
C2_n0.01_d000_r02,C2,202614,13.3,13.3,0.0,0.3637500000000001,0.3404557041823498,0.35001318878231613,FAR,NEAR,0.6,1,,,0.01,0
C2_n0.01_d000_r02,C2,202614,13.32,13.32,0.0,0.36550000000000005,0.35632469528854643,0.3515910654088737,FAR,NEAR,0.6,1,,,0.01,0
C2_n0.01_d000_r02,C2,202614,13.34,13.34,0.0,0.36724999999999997,0.3617178858047263,0.35412277050783686,FAR,NEAR,0.6,1,,,0.01,0
C2_n0.01_d000_r02,C2,202614,13.36,13.36,0.0,0.36899999999999994,0.37187413135079833,0.3585606107185772,FAR,NEAR,0.6,1,,,0.01,0
C2_n0.01_d000_r02,C2,202614,13.38,13.38,0.0,0.3707500000000001,0.3609017196736331,0.35914588795734115,FAR,NEAR,0.6,1,,,0.01,0
C2_n0.01_d000_r02,C2,202614,13.4,13.4,0.0,0.37250000000000005,0.3818390680937402,0.3648191829914409,FAR,NEAR,0.6,1,,,0.01,0
C2_n0.01_d000_r02,C2,202614,13.42,13.42,0.0,0.37424999999999997,0.36522336357505153,0.36492022813734354,FAR,NEAR,0.6,1,,,0.01,0
C2_n0.01_d000_r02,C2,202614,13.44,13.44,0.0,0.37599999999999995,0.36364800143533893,0.3646021714618424,FAR,NEAR,0.6,1,,,0.01,0
C2_n0.01_d000_r02,C2,202614,13.46,13.46,0.0,0.37775000000000003,0.3841797291561132,0.36949656088541005,FAR,NEAR,0.6,1,,,0.01,0
C2_n0.01_d000_r02,C2,202614,13.48,13.48,0.0,0.37950000000000006,0.3866169169891624,0.3737766499113482,FAR,NEAR,0.6,1,,,0.01,0
C2_n0.01_d000_r02,C2,202614,13.5,13.5,0.0,0.38125,0.37859873925946524,0.37498217224837743,FAR,NEAR,0.6,1,,,0.01,0
C2_n0.01_d000_r02,C2,202614,13.52,13.52,0.0,0.38299999999999995,0.37779770413706376,0.375686055220549,FAR,NEAR,0.6,1,,,0.01,0
C2_n0.01_d000_r02,C2,202614,13.54,13.54,0.0,0.3847499999999999,0.3790939442740843,0.37653802748393284,FAR,NEAR,0.6,1,,,0.01,0
C2_n0.01_d000_r02,C2,202614,13.56,13.56,0.0,0.38650000000000007,0.3775511546003129,0.37679130926302784,FAR,NEAR,0.6,1,,,0.01,0
C2_n0.01_d000_r02,C2,202614,13.58,13.58,0.0,0.38825,0.397189509850703,0.3818908594099466,FAR,FAR,0.0,1,EXIT_NEAR,,0.01,0
C2_n0.01_d000_r02,C2,202614,13.6,13.6,0.0,0.38999999999999996,0.38019511777782483,0.3814669240019162,FAR,FAR,0.0,1,,,0.01,0
C2_n0.01_d000_r02,C2,202614,13.62,13.62,0.0,0.39174999999999993,0.3855037443508278,0.3824761290891441,FAR,FAR,0.0,1,,,0.01,0
C2_n0.01_d000_r02,C2,202614,13.64,13.64,0.0,0.39350000000000007,0.40776778708488576,0.3887990435880795,FAR,FAR,0.0,1,,,0.01,0
C2_n0.01_d000_r02,C2,202614,13.66,13.66,0.0,0.39525,0.4126351443718301,0.39475806878401715,FAR,FAR,0.0,1,,,0.01,0
C2_n0.01_d000_r02,C2,202614,13.68,13.68,0.0,0.39699999999999996,0.387894879471135,0.3930422714557966,FAR,FAR,0.0,1,,,0.01,0
C2_n0.01_d000_r02,C2,202614,13.7,13.7,0.0,0.39874999999999994,0.4037974711986312,0.39573107139150526,FAR,FAR,0.0,1,,,0.01,0
C2_n0.01_d000_r02,C2,202614,13.72,13.72,0.0,0.4005000000000001,0.4126421589425777,0.3999588432792734,FAR,FAR,0.0,1,,,0.01,0
C2_n0.01_d000_r02,C2,202614,13.74,13.74,0.0,0.40225,0.39807825562509996,0.39948869636573003,FAR,FAR,0.0,1,,,0.01,0
C2_n0.01_d000_r02,C2,202614,13.76,13.76,0.0,0.40399999999999997,0.40931603905970737,0.40194553203922434,FAR,FAR,0.0,1,,,0.01,0
C2_n0.01_d000_r02,C2,202614,13.78,13.78,0.0,0.40574999999999994,0.3983449245829485,0.4010453801751554,FAR,FAR,0.0,1,,,0.01,0
C2_n0.01_d000_r02,C2,202614,13.8,13.8,0.0,0.4075000000000001,0.4146592609476665,0.40444885036828315,FAR,FAR,0.0,1,,,0.01,0
C2_n0.01_d000_r02,C2,202614,13.82,13.82,0.0,0.40925,0.4069654685012743,0.4050780049015309,FAR,FAR,0.0,1,,,0.01,0
C2_n0.01_d000_r02,C2,202614,13.84,13.84,0.0,0.411,0.40351624095676375,0.4046875639153391,FAR,FAR,0.0,1,,,0.01,0
C2_n0.01_d000_r02,C2,202614,13.86,13.86,0.0,0.41274999999999995,0.4113544528665353,0.4063542861531382,FAR,FAR,0.0,1,,,0.01,0
C2_n0.01_d000_r02,C2,202614,13.88,13.88,0.0,0.4145000000000001,0.40568670496055664,0.4061873908549928,FAR,FAR,0.0,1,,,0.01,0
C2_n0.01_d000_r02,C2,202614,13.9,13.9,0.0,0.41625,0.43392884095930706,0.4131227533810713,FAR,FAR,0.0,1,,,0.01,0
C2_n0.01_d000_r02,C2,202614,13.92,13.92,0.0,0.418,0.4034014185009217,0.41069241966103387,FAR,FAR,0.0,1,,,0.01,0
C2_n0.01_d000_r02,C2,202614,13.94,13.94,0.0,0.41974999999999996,0.41084760853106367,0.4107312168785413,FAR,FAR,0.0,1,,,0.01,0
C2_n0.01_d000_r02,C2,202614,13.96,13.96,0.0,0.4215000000000001,0.41990376497589815,0.4130243539028805,FAR,FAR,0.0,1,,,0.01,0
C2_n0.01_d000_r02,C2,202614,13.98,13.98,0.0,0.42325,0.4115800356084212,0.4126632743292657,FAR,FAR,0.0,1,,,0.01,0
C2_n0.01_d000_r02,C2,202614,14.0,14.0,0.0,0.425,0.41627640030113916,0.41356655582223406,FAR,FAR,0.0,1,,,0.01,0
C2_n0.01_d000_r02,C2,202614,14.02,14.02,0.0,0.42674999999999996,0.4376141366324362,0.4195784510247846,FAR,FAR,0.0,1,,,0.01,0
C2_n0.01_d000_r02,C2,202614,14.04,14.04,0.0,0.4284999999999999,0.4310548980056047,0.4224475627699896,FAR,FAR,0.0,1,,,0.01,0
C2_n0.01_d000_r02,C2,202614,14.06,14.06,0.0,0.43025,0.4217440091809671,0.42227167437273394,FAR,FAR,0.0,1,,,0.01,0
C2_n0.01_d000_r02,C2,202614,14.08,14.08,0.0,0.432,0.4448262451639525,0.4279103170705386,FAR,FAR,0.0,1,,,0.01,0
C2_n0.01_d000_r02,C2,202614,14.1,14.1,0.0,0.43374999999999997,0.421447655656465,0.42629465171702025,FAR,FAR,0.0,1,,,0.01,0
C2_n0.01_d000_r02,C2,202614,14.12,14.12,0.0,0.4354999999999999,0.4376881048311806,0.4291430149955603,FAR,FAR,0.0,1,,,0.01,0
C2_n0.01_d000_r02,C2,202614,14.14,14.14,0.0,0.43725,0.4380870660020825,0.4313790277471909,FAR,FAR,0.0,1,,,0.01,0
C2_n0.01_d000_r02,C2,202614,14.16,14.16,0.0,0.439,0.4508471302341802,0.4362460533689382,FAR,FAR,0.0,1,,,0.01,0
C2_n0.01_d000_r02,C2,202614,14.18,14.18,0.0,0.44075,0.43730024371792897,0.43650960095618585,FAR,FAR,0.0,1,,,0.01,0
C2_n0.01_d000_r02,C2,202614,14.2,14.2,0.0,0.4424999999999999,0.4321338329869461,0.4354156589638759,FAR,FAR,0.0,1,,,0.01,0
C2_n0.01_d000_r02,C2,202614,14.22,14.22,0.0,0.44425000000000003,0.4453453582770606,0.4378980837921721,FAR,FAR,0.0,1,,,0.01,0
C2_n0.01_d000_r02,C2,202614,14.24,14.24,0.0,0.446,0.45199060636506827,0.44142121443539617,FAR,FAR,0.0,1,,,0.01,0
C2_n0.01_d000_r02,C2,202614,14.26,14.26,0.0,0.44775,0.44312208945713133,0.44184643319082995,FAR,FAR,0.0,1,,,0.01,0
C2_n0.01_d000_r02,C2,202614,14.28,14.28,0.0,0.4494999999999999,0.4600938323947804,0.44640828299181756,FAR,FAR,0.0,1,,,0.01,0
C2_n0.01_d000_r02,C2,202614,14.3,14.3,0.0,0.45125000000000004,0.4546584169112884,0.4484708164716853,FAR,FAR,0.0,1,,,0.01,0
C2_n0.01_d000_r02,C2,202614,14.32,14.32,0.0,0.453,0.4553154747981995,0.45018198105331386,FAR,FAR,0.0,1,,,0.01,0
C2_n0.01_d000_r02,C2,202614,14.34,14.34,0.0,0.45475,0.45731087275932153,0.4519642039798158,FAR,FAR,0.0,1,,,0.01,0
C2_n0.01_d000_r02,C2,202614,14.36,14.36,0.0,0.4564999999999999,0.45900478944546597,0.4537243503462284,FAR,FAR,0.0,1,,,0.01,0
C2_n0.01_d000_r02,C2,202614,14.38,14.38,0.0,0.45825000000000005,0.46563431075717043,0.4567018404489639,FAR,FAR,0.0,1,,,0.01,0
C2_n0.01_d000_r02,C2,202614,14.4,14.4,0.0,0.46,0.4604648724020557,0.4576425984372368,FAR,FAR,0.0,1,,,0.01,0
C2_n0.01_d000_r02,C2,202614,14.42,14.42,0.0,0.46175,0.4574880574645847,0.4576039631940738,FAR,FAR,0.0,1,,,0.01,0
C2_n0.01_d000_r02,C2,202614,14.44,14.44,0.0,0.4634999999999999,0.4646327973174281,0.4593611717249124,FAR,FAR,0.0,1,,,0.01,0
C2_n0.01_d000_r02,C2,202614,14.46,14.46,0.0,0.46525000000000005,0.4709334245407767,0.4622542349288785,FAR,FAR,0.0,1,,,0.01,0
C2_n0.01_d000_r02,C2,202614,14.48,14.48,0.0,0.467,0.4692057642879658,0.4639921172686503,FAR,FAR,0.0,1,,,0.01,0
C2_n0.01_d000_r02,C2,202614,14.5,14.5,0.0,0.46875,0.4852449926842566,0.4693053361225519,FAR,FAR,0.0,1,,,0.01,0
C2_n0.01_d000_r02,C2,202614,14.52,14.52,0.0,0.4704999999999999,0.45932909742255124,0.4668112764475517,FAR,FAR,0.0,1,,,0.01,0
C2_n0.01_d000_r02,C2,202614,14.54,14.54,0.0,0.47224999999999995,0.46356344899982194,0.46599931958561924,FAR,FAR,0.0,1,,,0.01,0
C2_n0.01_d000_r02,C2,202614,14.56,14.56,0.0,0.47400000000000003,0.48104652101320944,0.4697611199425168,FAR,FAR,0.0,1,,,0.01,0
C2_n0.01_d000_r02,C2,202614,14.58,14.58,0.0,0.47575,0.46399890847072345,0.46832056707456843,FAR,FAR,0.0,1,,,0.01,0
C2_n0.01_d000_r02,C2,202614,14.6,14.6,0.0,0.4774999999999999,0.4890467183824416,0.4735021049015367,FAR,FAR,0.0,1,,,0.01,0
C2_n0.01_d000_r02,C2,202614,14.62,14.62,0.0,0.47924999999999995,0.4801803452013391,0.47517166497648733,FAR,FAR,0.0,1,,,0.01,0
C2_n0.01_d000_r02,C2,202614,14.64,14.64,0.0,0.48100000000000004,0.4936297584649895,0.4797861883486129,FAR,FAR,0.0,1,,,0.01,0
C2_n0.01_d000_r02,C2,202614,14.66,14.66,0.0,0.48275,0.4959545995136489,0.4838282911398719,FAR,FAR,0.0,1,,,0.01,0
C2_n0.01_d000_r02,C2,202614,14.68,14.68,0.0,0.48449999999999993,0.48093192880032226,0.4831042005549845,FAR,FAR,0.0,1,,,0.01,0
C2_n0.01_d000_r02,C2,202614,14.7,14.7,0.0,0.48624999999999996,0.47386806023644473,0.4807951654753495,FAR,FAR,0.0,1,,,0.01,0
C2_n0.01_d000_r02,C2,202614,14.72,14.72,0.0,0.48800000000000004,0.4967126656420517,0.48477454051702507,FAR,FAR,0.0,1,,,0.01,0
C2_n0.01_d000_r02,C2,202614,14.74,14.74,0.0,0.48975,0.49519502332598914,0.48737966121926607,FAR,FAR,0.0,1,,,0.01,0
C2_n0.01_d000_r02,C2,202614,14.76,14.76,0.0,0.49149999999999994,0.47203869194738257,0.4835444189012952,FAR,FAR,0.0,1,,,0.01,0
C2_n0.01_d000_r02,C2,202614,14.78,14.78,0.0,0.49324999999999997,0.49531842835517725,0.4864879212647657,FAR,FAR,0.0,1,,,0.01,0
C2_n0.01_d000_r02,C2,202614,14.8,14.8,0.0,0.49500000000000005,0.4977706058762991,0.48930859241764907,FAR,FAR,0.0,1,,,0.01,0
C2_n0.01_d000_r02,C2,202614,14.82,14.82,0.0,0.49675,0.49572556893372605,0.49091283654666834,FAR,FAR,0.0,1,,,0.01,0
C2_n0.01_d000_r02,C2,202614,14.84,14.84,0.0,0.49849999999999994,0.5074772277144876,0.4950539343386231,FAR,FAR,0.0,1,,,0.01,0
C2_n0.01_d000_r02,C2,202614,14.86,14.86,0.0,0.5002499999999999,0.5117900184844455,0.4992379553750787,FAR,FAR,0.0,1,,,0.01,0
C2_n0.01_d000_r02,C2,202614,14.88,14.88,0.0,0.502,0.49431776899067537,0.4980079087789778,FAR,FAR,0.0,1,,,0.01,0
C2_n0.01_d000_r02,C2,202614,14.9,14.9,0.0,0.50375,0.5124077549086075,0.5016078703113853,FAR,FAR,0.0,1,,,0.01,0
C2_n0.01_d000_r02,C2,202614,14.92,14.92,0.0,0.5055000000000001,0.5012387286333411,0.5015155848918742,FAR,FAR,0.0,1,,,0.01,0
C2_n0.01_d000_r02,C2,202614,14.94,14.94,0.0,0.50725,0.48773861072895097,0.4980713413511434,FAR,FAR,0.0,1,,,0.01,0
C2_n0.01_d000_r02,C2,202614,14.96,14.96,0.0,0.5090000000000001,0.4935945681628962,0.4969521480540816,FAR,FAR,0.0,1,,,0.01,0
C2_n0.01_d000_r02,C2,202614,14.98,14.98,0.0,0.51075,0.5180240381750276,0.5022201205843181,FAR,FAR,0.0,1,,,0.01,0
C2_n0.01_d000_r02,C2,202614,15.0,15.0,0.0,0.5125,0.5216797375807654,0.50708502483343,FAR,FAR,0.0,1,,,0.01,0
C2_n0.01_d000_r02,C2,202614,15.02,15.02,0.0,0.5142499999999999,0.5052599726454141,0.506628761786426,FAR,FAR,0.0,1,,,0.01,0
C2_n0.01_d000_r02,C2,202614,15.04,15.04,0.0,0.5159999999999999,0.5102295681642888,0.5075289633808917,FAR,FAR,0.0,1,,,0.01,0
C2_n0.01_d000_r02,C2,202614,15.06,15.06,0.0,0.51775,0.5329361588561354,0.5138807622497026,FAR,FAR,0.0,1,,,0.01,0
C2_n0.01_d000_r02,C2,202614,15.08,15.08,0.0,0.5195,0.5103859024873995,0.5130070473091268,FAR,FAR,0.0,1,,,0.01,0
C2_n0.01_d000_r02,C2,202614,15.1,15.1,0.0,0.52125,0.5263945068072388,0.5163539121836548,FAR,FAR,0.0,1,,,0.01,0
C2_n0.01_d000_r02,C2,202614,15.12,15.12,0.0,0.5229999999999999,0.540859451196431,0.5224802969368488,FAR,FAR,0.0,1,,,0.01,0
C2_n0.01_d000_r02,C2,202614,15.14,15.14,0.0,0.52475,0.5166213995674053,0.5210155725944879,FAR,FAR,0.0,1,,,0.01,0
C2_n0.01_d000_r02,C2,202614,15.16,15.16,0.0,0.5265,0.5338971884699735,0.5242359765633593,FAR,FAR,0.0,1,,,0.01,0
C2_n0.01_d000_r02,C2,202614,15.18,15.18,0.0,0.5282499999999999,0.5258760262555792,0.5246459889864142,FAR,FAR,0.0,1,,,0.01,0
C2_n0.01_d000_r02,C2,202614,15.2,15.2,0.0,0.5299999999999999,0.5389873352976703,0.5282313255642282,FAR,FAR,0.0,1,,,0.01,0
C2_n0.01_d000_r02,C2,202614,15.22,15.22,0.0,0.5317500000000001,0.5398343129811334,0.5311320724184545,FAR,FAR,0.0,1,,,0.01,0
C2_n0.01_d000_r02,C2,202614,15.24,15.24,0.0,0.5335,0.5415420671334285,0.533734571097198,FAR,FAR,0.0,1,,,0.01,0
C2_n0.01_d000_r02,C2,202614,15.26,15.26,0.0,0.53525,0.5281209809292248,0.5323311735552048,FAR,FAR,0.0,1,,,0.01,0
C2_n0.01_d000_r02,C2,202614,15.28,15.28,0.0,0.5369999999999999,0.549767110217599,0.5366901577208033,FAR,FAR,0.0,1,,,0.01,0
C2_n0.01_d000_r02,C2,202614,15.3,15.3,0.0,0.5387500000000001,0.5081742394817624,0.5295611781610431,FAR,FAR,0.0,1,,,0.01,0
C2_n0.01_d000_r02,C2,202614,15.32,15.32,0.0,0.5405,0.532197087097812,0.5302201553952354,FAR,FAR,0.0,1,,,0.01,0
C2_n0.01_d000_r02,C2,202614,15.34,15.34,0.0,0.5422499999999999,0.5309026333973442,0.5303907748957626,FAR,FAR,0.0,1,,,0.01,0
C2_n0.01_d000_r02,C2,202614,15.36,15.36,0.0,0.5439999999999999,0.5644492739550557,0.5389053996605859,FAR,FAR,0.0,1,,,0.01,0
C2_n0.01_d000_r02,C2,202614,15.38,15.38,0.0,0.5457500000000001,0.5422534923298366,0.5397424228278986,FAR,FAR,0.0,1,,,0.01,0
C2_n0.01_d000_r02,C2,202614,15.4,15.4,0.0,0.5475,0.542843879435511,0.5405177869798017,FAR,FAR,0.0,1,,,0.01,0
C2_n0.01_d000_r02,C2,202614,15.42,15.42,0.0,0.54925,0.5365732610584542,0.5395316554994648,FAR,FAR,0.0,1,,,0.01,0
C2_n0.01_d000_r02,C2,202614,15.44,15.44,0.0,0.5509999999999999,0.5559369572933601,0.5436329809479387,FAR,FAR,0.0,1,,,0.01,0
C2_n0.01_d000_r02,C2,202614,15.46,15.46,0.0,0.5527500000000001,0.5541798508142514,0.5462696984145169,FAR,FAR,0.0,1,,,0.01,0
C2_n0.01_d000_r02,C2,202614,15.48,15.48,0.0,0.5545,0.556077401596168,0.5487216242099296,FAR,FAR,0.0,1,,,0.01,0
C2_n0.01_d000_r02,C2,202614,15.5,15.5,0.0,0.5562499999999999,0.5911592160124824,0.5593310221605678,FAR,FAR,0.0,1,,,0.01,0
C2_n0.01_d000_r02,C2,202614,15.52,15.52,0.0,0.5579999999999999,0.5460473013812214,0.5560100919657313,FAR,FAR,0.0,1,,,0.01,0
C2_n0.01_d000_r02,C2,202614,15.54,15.54,0.0,0.55975,0.5639332041462296,0.5579908700108559,FAR,FAR,0.0,1,,,0.01,0
C2_n0.01_d000_r02,C2,202614,15.56,15.56,0.0,0.5615,0.5773321516536603,0.562826190421557,FAR,FAR,0.0,1,,,0.01,0
C2_n0.01_d000_r02,C2,202614,15.58,15.58,0.0,0.56325,0.5576101486813134,0.5615221799864961,FAR,FAR,0.0,1,,,0.01,0
C2_n0.01_d000_r02,C2,202614,15.6,15.6,0.0,0.565,0.564033211439364,0.5621499378497131,FAR,FAR,0.0,1,,,0.01,0
C2_n0.01_d000_r02,C2,202614,15.62,15.62,0.0,0.5667499999999999,0.5699099112118139,0.5640899311902383,FAR,FAR,0.0,1,,,0.01,0
C2_n0.01_d000_r02,C2,202614,15.64,15.64,0.0,0.5685,0.5733261472368013,0.566398985201879,FAR,FAR,0.0,1,,,0.01,0
C2_n0.01_d000_r02,C2,202614,15.66,15.66,0.0,0.5702499999999999,0.5727249624249059,0.5679804795076357,FAR,FAR,0.0,1,,,0.01,0
C2_n0.01_d000_r02,C2,202614,15.68,15.68,0.0,0.572,0.5844105864232405,0.572088006236537,FAR,FAR,0.0,1,,,0.01,0
C2_n0.01_d000_r02,C2,202614,15.7,15.7,0.0,0.57375,0.5814065301923165,0.5744176372254819,FAR,FAR,0.0,1,,,0.01,0
C2_n0.01_d000_r02,C2,202614,15.72,15.72,0.0,0.5755,0.5722882904139819,0.5738853005226069,FAR,FAR,0.0,1,,,0.01,0
C2_n0.01_d000_r02,C2,202614,15.74,15.74,0.0,0.57725,0.5707093645842031,0.5730913165380059,FAR,FAR,0.0,1,,,0.01,0
C2_n0.01_d000_r02,C2,202614,15.76,15.76,0.0,0.579,0.5789507086095869,0.5745561645559012,FAR,FAR,0.0,1,,,0.01,0
C2_n0.01_d000_r02,C2,202614,15.78,15.78,0.0,0.5807499999999999,0.5790476327706807,0.5756790316095961,FAR,FAR,0.0,1,,,0.01,0
C2_n0.01_d000_r02,C2,202614,15.8,15.8,0.0,0.5825,0.5842069470787964,0.5778110104768962,FAR,FAR,0.0,1,,,0.01,0
C2_n0.01_d000_r02,C2,202614,15.82,15.82,0.0,0.5842499999999999,0.5887926062914691,0.5805564094305394,FAR,FAR,0.0,1,,,0.01,0
C2_n0.01_d000_r02,C2,202614,15.84,15.84,0.0,0.586,0.5841711896002665,0.5814601044729713,FAR,FAR,0.0,1,,,0.01,0
C2_n0.01_d000_r02,C2,202614,15.86,15.86,0.0,0.58775,0.5986654675607626,0.5857614452449191,FAR,FAR,0.0,1,,,0.01,0
C2_n0.01_d000_r02,C2,202614,15.88,15.88,0.0,0.5895,0.5884931618840726,0.5864443744047075,FAR,FAR,0.0,1,,,0.01,0
C2_n0.01_d000_r02,C2,202614,15.9,15.9,0.0,0.59125,0.5872382669789488,0.5866428475482679,FAR,FAR,0.0,1,,,0.01,0
C2_n0.01_d000_r02,C2,202614,15.92,15.92,0.0,0.593,0.5844340333804822,0.5860906440063215,FAR,FAR,0.0,1,,,0.01,0
C2_n0.01_d000_r02,C2,202614,15.94,15.94,0.0,0.5947499999999999,0.5904975956532263,0.5871923819180477,FAR,FAR,0.0,1,,,0.01,0
C2_n0.01_d000_r02,C2,202614,15.96,15.96,0.0,0.5965,0.5832465900628245,0.5862059339542418,FAR,FAR,0.0,1,,,0.01,0
C2_n0.01_d000_r02,C2,202614,15.98,15.98,0.0,0.59825,0.5884432425335162,0.5867652610990604,FAR,FAR,0.0,1,,,0.01,0
C2_n0.01_d000_r02,C2,202614,16.0,16.0,0.0,0.6,0.6055992099082173,0.5914737483013496,FAR,FAR,0.0,1,,,0.01,0
C2_n0.01_d000_r02,C2,202614,16.02,16.02,0.0,0.6,0.5903575192333479,0.5911946910343492,FAR,FAR,0.0,1,,,0.01,0
C2_n0.01_d000_r02,C2,202614,16.04,16.04,0.0,0.6,0.5954975381531623,0.5922704028140525,FAR,FAR,0.0,1,,,0.01,0
C2_n0.01_d000_r02,C2,202614,16.06,16.06,0.0,0.6,0.5722412580626254,0.5872631166261958,FAR,FAR,0.0,1,,,0.01,0
C2_n0.01_d000_r02,C2,202614,16.08,16.08,0.0,0.6,0.6011391180265825,0.5907321169762925,FAR,FAR,0.0,1,,,0.01,0
C2_n0.01_d000_r02,C2,202614,16.1,16.1,0.0,0.6,0.6023103264880193,0.5936266693542241,FAR,FAR,0.0,1,,,0.01,0
C2_n0.01_d000_r02,C2,202614,16.12,16.12,0.0,0.6,0.6143791280818834,0.598814784036139,FAR,FAR,0.0,1,,,0.01,0
C2_n0.01_d000_r02,C2,202614,16.14,16.14,0.0,0.6,0.6036951488536992,0.600034875240529,FAR,FAR,0.0,1,,,0.01,0
C2_n0.01_d000_r02,C2,202614,16.16,16.16,0.0,0.6,0.5968561629357272,0.5992401971643286,FAR,FAR,0.0,1,,,0.01,0
C2_n0.01_d000_r02,C2,202614,16.18,16.18,0.0,0.6,0.6046818838860805,0.6006006188447666,FAR,FAR,0.0,1,,,0.01,0
C2_n0.01_d000_r02,C2,202614,16.2,16.2,0.0,0.6,0.6062326338232287,0.6020086225893821,FAR,FAR,0.0,1,,,0.01,0
C2_n0.01_d000_r02,C2,202614,16.22,16.22,0.0,0.6,0.6012242534125728,0.6018125302951798,FAR,FAR,0.0,1,,,0.01,0
C2_n0.01_d000_r02,C2,202614,16.24,16.24,0.0,0.6,0.5942832189736308,0.5999302024647926,FAR,FAR,0.0,1,,,0.01,0
C2_n0.01_d000_r02,C2,202614,16.26,16.26,0.0,0.6,0.5842619171780625,0.59601313114311,FAR,FAR,0.0,1,,,0.01,0
C2_n0.01_d000_r02,C2,202614,16.28,16.28,0.0,0.6,0.6043957470413565,0.5981087851176716,FAR,FAR,0.0,1,,,0.01,0
C2_n0.01_d000_r02,C2,202614,16.3,16.3,0.0,0.6,0.5790737679333405,0.5933500308215889,FAR,FAR,0.0,1,,,0.01,0
C2_n0.01_d000_r02,C2,202614,16.32,16.32,0.0,0.6,0.5965908546235613,0.594160236772082,FAR,FAR,0.0,1,,,0.01,0
C2_n0.01_d000_r02,C2,202614,16.34,16.34,0.0,0.6,0.6073077507057488,0.5974471152554987,FAR,FAR,0.0,1,,,0.01,0
C2_n0.01_d000_r02,C2,202614,16.36,16.36,0.0,0.6,0.5978613872378863,0.5975506832510955,FAR,FAR,0.0,1,,,0.01,0
C2_n0.01_d000_r02,C2,202614,16.38,16.38,0.0,0.6,0.6017720711298375,0.598606030220781,FAR,FAR,0.0,1,,,0.01,0
C2_n0.01_d000_r02,C2,202614,16.4,16.4,0.0,0.6,0.6033091055862426,0.5997817990621463,FAR,FAR,0.0,1,,,0.01,0
C2_n0.01_d000_r02,C2,202614,16.42,16.42,0.0,0.6,0.6057398072353554,0.6012713011054486,FAR,FAR,0.0,1,,,0.01,0
C2_n0.01_d000_r02,C2,202614,16.44,16.44,0.0,0.6,0.606666823131352,0.6026201816119244,FAR,FAR,0.0,1,,,0.01,0
C2_n0.01_d000_r02,C2,202614,16.46,16.46,0.0,0.6,0.6193930695342005,0.6068134035924935,FAR,FAR,0.0,1,,,0.01,0
C2_n0.01_d000_r02,C2,202614,16.48,16.48,0.0,0.6,0.6011259332522061,0.6053915360074216,FAR,FAR,0.0,1,,,0.01,0
C2_n0.01_d000_r02,C2,202614,16.5,16.5,0.0,0.6,0.60544341633256,0.6054045060887062,FAR,FAR,0.0,1,,,0.01,0
C2_n0.01_d000_r02,C2,202614,16.52,16.52,0.0,0.6,0.6223975829519639,0.6096527753045207,FAR,FAR,0.0,1,,,0.01,0
C2_n0.01_d000_r02,C2,202614,16.54,16.54,0.0,0.6,0.5919771189635687,0.6052338612192827,FAR,FAR,0.0,1,,,0.01,0
C2_n0.01_d000_r02,C2,202614,16.56,16.56,0.0,0.6,0.6204242331894739,0.6090314542118305,FAR,FAR,0.0,1,,,0.01,0
C2_n0.01_d000_r02,C2,202614,16.58,16.58,0.0,0.6,0.5956720871922412,0.6056916124569331,FAR,FAR,0.0,1,,,0.01,0
C2_n0.01_d000_r02,C2,202614,16.6,16.6,0.0,0.6,0.5875292448559295,0.6011510205566822,FAR,FAR,0.0,1,,,0.01,0
C2_n0.01_d000_r02,C2,202614,16.62,16.62,0.0,0.6,0.608044502530514,0.6028743910501402,FAR,FAR,0.0,1,,,0.01,0
C2_n0.01_d000_r02,C2,202614,16.64,16.64,0.0,0.6,0.597156397271519,0.601444892605485,FAR,FAR,0.0,1,,,0.01,0
C2_n0.01_d000_r02,C2,202614,16.66,16.66,0.0,0.6,0.6095681850022076,0.6034757157046656,FAR,FAR,0.0,1,,,0.01,0
C2_n0.01_d000_r02,C2,202614,16.68,16.68,0.0,0.6,0.5959639548373212,0.6015977754878294,FAR,FAR,0.0,1,,,0.01,0
C2_n0.01_d000_r02,C2,202614,16.7,16.7,0.0,0.6,0.5976960838975447,0.6006223525902583,FAR,FAR,0.0,1,,,0.01,0
C2_n0.01_d000_r02,C2,202614,16.72,16.72,0.0,0.6,0.6056686929675446,0.6018839376845799,FAR,FAR,0.0,1,,,0.01,0
C2_n0.01_d000_r02,C2,202614,16.74,16.74,0.0,0.6,0.6031794083109457,0.6022078053411714,FAR,FAR,0.0,1,,,0.01,0
C2_n0.01_d000_r02,C2,202614,16.76,16.76,0.0,0.6,0.6077174667684604,0.6035852206979936,FAR,FAR,0.0,1,,,0.01,0
C2_n0.01_d000_r02,C2,202614,16.78,16.78,0.0,0.6,0.5921046000088654,0.6007150655257116,FAR,FAR,0.0,1,,,0.01,0
C2_n0.01_d000_r02,C2,202614,16.8,16.8,0.0,0.6,0.6194830697564941,0.6054070665834073,FAR,FAR,0.0,1,,,0.01,0
C2_n0.01_d000_r02,C2,202614,16.82,16.82,0.0,0.6,0.6093080431866515,0.6063823107342183,FAR,FAR,0.0,1,,,0.01,0
C2_n0.01_d000_r02,C2,202614,16.84,16.84,0.0,0.6,0.59222623742299,0.6028432924064112,FAR,FAR,0.0,1,,,0.01,0
C2_n0.01_d000_r02,C2,202614,16.86,16.86,0.0,0.6,0.5982940454525785,0.601705980667953,FAR,FAR,0.0,1,,,0.01,0
C2_n0.01_d000_r02,C2,202614,16.88,16.88,0.0,0.6,0.585598823903261,0.5976791914767801,FAR,FAR,0.0,1,,,0.01,0
C2_n0.01_d000_r02,C2,202614,16.9,16.9,0.0,0.6,0.6022527716406865,0.5988225865177567,FAR,FAR,0.0,1,,,0.01,0
C2_n0.01_d000_r02,C2,202614,16.92,16.92,0.0,0.6,0.6048228174686997,0.6003226442554924,FAR,FAR,0.0,1,,,0.01,0
C2_n0.01_d000_r02,C2,202614,16.94,16.94,0.0,0.6,0.5917187848682398,0.5981716794086793,FAR,FAR,0.0,1,,,0.01,0
C2_n0.01_d000_r02,C2,202614,16.96,16.96,0.0,0.6,0.592453207470884,0.5967420614242305,FAR,FAR,0.0,1,,,0.01,0
C2_n0.01_d000_r02,C2,202614,16.98,16.98,0.0,0.6,0.591526003498705,0.5954380469428491,FAR,FAR,0.0,1,,,0.01,0
C2_n0.01_d000_r02,C2,202614,17.0,17.0,0.0,0.6,0.5957102034561588,0.5955060860711765,FAR,FAR,0.0,1,,,0.01,0
C2_n0.01_d000_r02,C2,202614,17.02,17.02,0.0,0.6,0.5947459669348684,0.5953160562870995,FAR,FAR,0.0,1,,,0.01,0
C2_n0.01_d000_r02,C2,202614,17.04,17.04,0.0,0.6,0.5987931094098528,0.5961853195677879,FAR,FAR,0.0,1,,,0.01,0
C2_n0.01_d000_r02,C2,202614,17.06,17.06,0.0,0.6,0.583184292473176,0.5929350627941349,FAR,FAR,0.0,1,,,0.01,0
C2_n0.01_d000_r02,C2,202614,17.08,17.08,0.0,0.6,0.5867246135148311,0.5913824504743089,FAR,FAR,0.0,1,,,0.01,0
C2_n0.01_d000_r02,C2,202614,17.1,17.1,0.0,0.6,0.5961578556477282,0.5925763017676637,FAR,FAR,0.0,1,,,0.01,0
C2_n0.01_d000_r02,C2,202614,17.12,17.12,0.0,0.6,0.592495849430663,0.5925561886834135,FAR,FAR,0.0,1,,,0.01,0
C2_n0.01_d000_r02,C2,202614,17.14,17.14,0.0,0.6,0.5862871055453114,0.5909889178988881,FAR,FAR,0.0,1,,,0.01,0
C2_n0.01_d000_r02,C2,202614,17.16,17.16,0.0,0.6,0.6082171888465239,0.595295985635797,FAR,FAR,0.0,1,,,0.01,0
C2_n0.01_d000_r02,C2,202614,17.18,17.18,0.0,0.6,0.6013520634380478,0.5968100050863596,FAR,FAR,0.0,1,,,0.01,0
C2_n0.01_d000_r02,C2,202614,17.2,17.2,0.0,0.6,0.6050429295348707,0.5988682361984874,FAR,FAR,0.0,1,,,0.01,0
C2_n0.01_d000_r02,C2,202614,17.22,17.22,0.0,0.6,0.6051667709430493,0.6004428698846278,FAR,FAR,0.0,1,,,0.01,0
C2_n0.01_d000_r02,C2,202614,17.24,17.24,0.0,0.6,0.595309709745011,0.5991595798497236,FAR,FAR,0.0,1,,,0.01,0
C2_n0.01_d000_r02,C2,202614,17.26,17.26,0.0,0.6,0.5976518359398699,0.5987826438722601,FAR,FAR,0.0,1,,,0.01,0
C2_n0.01_d000_r02,C2,202614,17.28,17.28,0.0,0.6,0.6078132644588898,0.6010402990189175,FAR,FAR,0.0,1,,,0.01,0
C2_n0.01_d000_r02,C2,202614,17.3,17.3,0.0,0.6,0.6043233419898772,0.6018610597616575,FAR,FAR,0.0,1,,,0.01,0
C2_n0.01_d000_r02,C2,202614,17.32,17.32,0.0,0.6,0.5930745308062698,0.5996644275228106,FAR,FAR,0.0,1,,,0.01,0
C2_n0.01_d000_r02,C2,202614,17.34,17.34,0.0,0.6,0.600549429003344,0.5998856778929439,FAR,FAR,0.0,1,,,0.01,0
C2_n0.01_d000_r02,C2,202614,17.36,17.36,0.0,0.6,0.5912851069213574,0.5977355351500473,FAR,FAR,0.0,1,,,0.01,0
C2_n0.01_d000_r02,C2,202614,17.38,17.38,0.0,0.6,0.5934250860205735,0.5966579228676788,FAR,FAR,0.0,1,,,0.01,0
C2_n0.01_d000_r02,C2,202614,17.4,17.4,0.0,0.6,0.6161619536942862,0.6015339305743307,FAR,FAR,0.0,1,,,0.01,0
C2_n0.01_d000_r02,C2,202614,17.42,17.42,0.0,0.6,0.6071236498981447,0.6029313604052842,FAR,FAR,0.0,1,,,0.01,0
C2_n0.01_d000_r02,C2,202614,17.44,17.44,0.0,0.6,0.599847133912626,0.6021603037821196,FAR,FAR,0.0,1,,,0.01,0
C2_n0.01_d000_r02,C2,202614,17.46,17.46,0.0,0.6,0.5999390591347706,0.6016049926202824,FAR,FAR,0.0,1,,,0.01,0
C2_n0.01_d000_r02,C2,202614,17.48,17.48,0.0,0.6,0.60022563650881,0.6012601535924144,FAR,FAR,0.0,1,,,0.01,0
C2_n0.01_d000_r02,C2,202614,17.5,17.5,0.0,0.6,0.607179288343535,0.6027399372801945,FAR,FAR,0.0,1,,,0.01,0
C2_n0.01_d000_r02,C2,202614,17.52,17.52,0.0,0.6,0.620361277503609,0.6071452723360481,FAR,FAR,0.0,1,,,0.01,0
C2_n0.01_d000_r02,C2,202614,17.54,17.54,0.0,0.6,0.6147001868716715,0.609034000969954,FAR,FAR,0.0,1,,,0.01,0
C2_n0.01_d000_r02,C2,202614,17.56,17.56,0.0,0.6,0.5963367298050727,0.6058596831787336,FAR,FAR,0.0,1,,,0.01,0
C2_n0.01_d000_r02,C2,202614,17.58,17.58,0.0,0.6,0.5925272773402532,0.6025265817191134,FAR,FAR,0.0,1,,,0.01,0
C2_n0.01_d000_r02,C2,202614,17.6,17.6,0.0,0.6,0.6174550807088405,0.6062587064665452,FAR,FAR,0.0,1,,,0.01,0
C2_n0.01_d000_r02,C2,202614,17.62,17.62,0.0,0.6,0.6058312765373859,0.6061518489842554,FAR,FAR,0.0,1,,,0.01,0
C2_n0.01_d000_r02,C2,202614,17.64,17.64,0.0,0.6,0.6017163954761812,0.6050429856072369,FAR,FAR,0.0,1,,,0.01,0
C2_n0.01_d000_r02,C2,202614,17.66,17.66,0.0,0.6,0.6035018091150706,0.6046576914841953,FAR,FAR,0.0,1,,,0.01,0
C2_n0.01_d000_r02,C2,202614,17.68,17.68,0.0,0.6,0.6069290466940908,0.6052255302866693,FAR,FAR,0.0,1,,,0.01,0
C2_n0.01_d000_r02,C2,202614,17.7,17.7,0.0,0.6,0.5957616992178869,0.6028595725194736,FAR,FAR,0.0,1,,,0.01,0
C2_n0.01_d000_r02,C2,202614,17.72,17.72,0.0,0.6,0.6008124863092021,0.6023478009669058,FAR,FAR,0.0,1,,,0.01,0
C2_n0.01_d000_r02,C2,202614,17.74,17.74,0.0,0.6,0.6105423754052173,0.6043964445764837,FAR,FAR,0.0,1,,,0.01,0
C2_n0.01_d000_r02,C2,202614,17.76,17.76,0.0,0.6,0.5989724746431668,0.6030404520931545,FAR,FAR,0.0,1,,,0.01,0
C2_n0.01_d000_r02,C2,202614,17.78,17.78,0.0,0.6,0.5861438565090107,0.5988163031971185,FAR,FAR,0.0,1,,,0.01,0
C2_n0.01_d000_r02,C2,202614,17.8,17.8,0.0,0.6,0.6033006262662617,0.5999373839644043,FAR,FAR,0.0,1,,,0.01,0
C2_n0.01_d000_r02,C2,202614,17.82,17.82,0.0,0.6,0.6046633782293684,0.6011188825306453,FAR,FAR,0.0,1,,,0.01,0
C2_n0.01_d000_r02,C2,202614,17.84,17.84,0.0,0.6,0.5866183691831781,0.5974937541937785,FAR,FAR,0.0,1,,,0.01,0
C2_n0.01_d000_r02,C2,202614,17.86,17.86,0.0,0.6,0.6016200612977677,0.5985253309697758,FAR,FAR,0.0,1,,,0.01,0
C2_n0.01_d000_r02,C2,202614,17.88,17.88,0.0,0.6,0.5995127087401314,0.5987721754123647,FAR,FAR,0.0,1,,,0.01,0
C2_n0.01_d000_r02,C2,202614,17.9,17.9,0.0,0.6,0.5752687362732397,0.5928963156275835,FAR,FAR,0.0,1,,,0.01,0
C2_n0.01_d000_r02,C2,202614,17.92,17.92,0.0,0.6,0.6142401840941292,0.5982322827442199,FAR,FAR,0.0,1,,,0.01,0
C2_n0.01_d000_r02,C2,202614,17.94,17.94,0.0,0.6,0.6002185167101562,0.598728841235704,FAR,FAR,0.0,1,,,0.01,0
C2_n0.01_d000_r02,C2,202614,17.96,17.96,0.0,0.6,0.6040263580172961,0.600053220431102,FAR,FAR,0.0,1,,,0.01,0
C2_n0.01_d000_r02,C2,202614,17.98,17.98,0.0,0.6,0.5744091613640554,0.5936422056643403,FAR,FAR,0.0,1,,,0.01,0
C2_n0.01_d000_r02,C2,202614,18.0,18.0,0.0,0.6,0.5922829566149279,0.5933023934019872,FAR,FAR,0.0,1,,,0.01,0
C2_n0.01_d000_r02,C2,202614,18.02,18.02,0.0,0.6,0.6034595782258568,0.5958416896079546,FAR,FAR,0.0,1,,,0.01,0
C2_n0.01_d000_r02,C2,202614,18.04,18.04,0.0,0.6,0.598244744077704,0.5964424532253919,FAR,FAR,0.0,1,,,0.01,0
C2_n0.01_d000_r02,C2,202614,18.06,18.06,0.0,0.6,0.6115942069641364,0.600230391660078,FAR,FAR,0.0,1,,,0.01,0
C2_n0.01_d000_r02,C2,202614,18.08,18.08,0.0,0.6,0.5919086199250777,0.5981499487263279,FAR,FAR,0.0,1,,,0.01,0
C2_n0.01_d000_r02,C2,202614,18.1,18.1,0.0,0.6,0.6083666564216819,0.6007041256501664,FAR,FAR,0.0,1,,,0.01,0
C2_n0.01_d000_r02,C2,202614,18.12,18.12,0.0,0.6,0.6004471940467703,0.6006398927493174,FAR,FAR,0.0,1,,,0.01,0
C2_n0.01_d000_r02,C2,202614,18.14,18.14,0.0,0.6,0.6029555124487419,0.6012187976741735,FAR,FAR,0.0,1,,,0.01,0
C2_n0.01_d000_r02,C2,202614,18.16,18.16,0.0,0.6,0.6000971765061579,0.6009383923821696,FAR,FAR,0.0,1,,,0.01,0
C2_n0.01_d000_r02,C2,202614,18.18,18.18,0.0,0.6,0.6011199559321215,0.6009837832696576,FAR,FAR,0.0,1,,,0.01,0
C2_n0.01_d000_r02,C2,202614,18.2,18.2,0.0,0.6,0.5941599952187091,0.5992778362569204,FAR,FAR,0.0,1,,,0.01,0
C2_n0.01_d000_r02,C2,202614,18.22,18.22,0.0,0.6,0.6102069898276444,0.6020101246496015,FAR,FAR,0.0,1,,,0.01,0
C2_n0.01_d000_r02,C2,202614,18.24,18.24,0.0,0.6,0.5893392755506723,0.5988424123748692,FAR,FAR,0.0,1,,,0.01,0
C2_n0.01_d000_r02,C2,202614,18.26,18.26,0.0,0.6,0.5845120218005955,0.5952598147313009,FAR,FAR,0.0,1,,,0.01,0
C2_n0.01_d000_r02,C2,202614,18.28,18.28,0.0,0.6,0.5961046657944044,0.5954710274970767,FAR,FAR,0.0,1,,,0.01,0
C2_n0.01_d000_r02,C2,202614,18.3,18.3,0.0,0.6,0.5881584196962204,0.5936428755468626,FAR,FAR,0.0,1,,,0.01,0
C2_n0.01_d000_r02,C2,202614,18.32,18.32,0.0,0.6,0.6059794632015308,0.5967270224605297,FAR,FAR,0.0,1,,,0.01,0
C2_n0.01_d000_r02,C2,202614,18.34,18.34,0.0,0.6,0.6064811022079779,0.5991655423973917,FAR,FAR,0.0,1,,,0.01,0
C2_n0.01_d000_r02,C2,202614,18.36,18.36,0.0,0.6,0.6029207402118429,0.6001043418510046,FAR,FAR,0.0,1,,,0.01,0
C2_n0.01_d000_r02,C2,202614,18.38,18.38,0.0,0.6,0.6013989310830271,0.6004279891590102,FAR,FAR,0.0,1,,,0.01,0
C2_n0.01_d000_r02,C2,202614,18.4,18.4,0.0,0.6,0.601319648581024,0.6006509040145137,FAR,FAR,0.0,1,,,0.01,0
C2_n0.01_d000_r02,C2,202614,18.42,18.42,0.0,0.6,0.5819012764619927,0.5959634971263834,FAR,FAR,0.0,1,,,0.01,0
C2_n0.01_d000_r02,C2,202614,18.44,18.44,0.0,0.6,0.615279145646712,0.6007924092564656,FAR,FAR,0.0,1,,,0.01,0
C2_n0.01_d000_r02,C2,202614,18.46,18.46,0.0,0.6,0.5848950985206898,0.5968180815725217,FAR,FAR,0.0,1,,,0.01,0
C2_n0.01_d000_r02,C2,202614,18.48,18.48,0.0,0.6,0.5965775334121511,0.596757944532429,FAR,FAR,0.0,1,,,0.01,0
C2_n0.01_d000_r02,C2,202614,18.5,18.5,0.0,0.6,0.5801492178308565,0.5926057628570359,FAR,FAR,0.0,1,,,0.01,0
C2_n0.01_d000_r02,C2,202614,18.52,18.52,0.0,0.6,0.6155967087209749,0.5983534993230206,FAR,FAR,0.0,1,,,0.01,0
C2_n0.01_d000_r02,C2,202614,18.54,18.54,0.0,0.6,0.6141746958183033,0.6023087984468413,FAR,FAR,0.0,1,,,0.01,0
C2_n0.01_d000_r02,C2,202614,18.56,18.56,0.0,0.6,0.5837194049795587,0.5976614500800206,FAR,FAR,0.0,1,,,0.01,0
C2_n0.01_d000_r02,C2,202614,18.58,18.58,0.0,0.6,0.5924457581258592,0.5963575270914803,FAR,FAR,0.0,1,,,0.01,0
C2_n0.01_d000_r02,C2,202614,18.6,18.6,0.0,0.6,0.6171467667396233,0.601554837003516,FAR,FAR,0.0,1,,,0.01,0
C2_n0.01_d000_r02,C2,202614,18.62,18.62,0.0,0.6,0.5854879907731105,0.5975381254459147,FAR,FAR,0.0,1,,,0.01,0
C2_n0.01_d000_r02,C2,202614,18.64,18.64,0.0,0.6,0.5971201394206336,0.5974336289395944,FAR,FAR,0.0,1,,,0.01,0
C2_n0.01_d000_r02,C2,202614,18.66,18.66,0.0,0.6,0.59451908994341,0.5967049941905483,FAR,FAR,0.0,1,,,0.01,0
C2_n0.01_d000_r02,C2,202614,18.68,18.68,0.0,0.6,0.5883058977050547,0.5946052200691749,FAR,FAR,0.0,1,,,0.01,0
C2_n0.01_d000_r02,C2,202614,18.7,18.7,0.0,0.6,0.6086405572816012,0.5981140543722815,FAR,FAR,0.0,1,,,0.01,0
C2_n0.01_d000_r02,C2,202614,18.72,18.72,0.0,0.6,0.595851182409184,0.5975483363815071,FAR,FAR,0.0,1,,,0.01,0
C2_n0.01_d000_r02,C2,202614,18.74,18.74,0.0,0.6,0.6033042759564523,0.5989873212752433,FAR,FAR,0.0,1,,,0.01,0
C2_n0.01_d000_r02,C2,202614,18.76,18.76,0.0,0.6,0.6170581905565471,0.6035050385955693,FAR,FAR,0.0,1,,,0.01,0
C2_n0.01_d000_r02,C2,202614,18.78,18.78,0.0,0.6,0.5897187021717288,0.6000584544896091,FAR,FAR,0.0,1,,,0.01,0
C2_n0.01_d000_r02,C2,202614,18.8,18.8,0.0,0.6,0.5980079501545524,0.5995458284058449,FAR,FAR,0.0,1,,,0.01,0
C2_n0.01_d000_r02,C2,202614,18.82,18.82,0.0,0.6,0.6084322452034495,0.6017674326052461,FAR,FAR,0.0,1,,,0.01,0
C2_n0.01_d000_r02,C2,202614,18.84,18.84,0.0,0.6,0.5916152180103099,0.5992293789565121,FAR,FAR,0.0,1,,,0.01,0
C2_n0.01_d000_r02,C2,202614,18.86,18.86,0.0,0.6,0.6235767388570577,0.6053162189316484,FAR,FAR,0.0,1,,,0.01,0
C2_n0.01_d000_r02,C2,202614,18.88,18.88,0.0,0.6,0.5897422188003575,0.6014227188988257,FAR,FAR,0.0,1,,,0.01,0
C2_n0.01_d000_r02,C2,202614,18.9,18.9,0.0,0.6,0.5993056475649226,0.6008934510653499,FAR,FAR,0.0,1,,,0.01,0
C2_n0.01_d000_r02,C2,202614,18.92,18.92,0.0,0.6,0.6108467638251397,0.6033817792552973,FAR,FAR,0.0,1,,,0.01,0
C2_n0.01_d000_r02,C2,202614,18.94,18.94,0.0,0.6,0.5918423033714226,0.6004969102843287,FAR,FAR,0.0,1,,,0.01,0
C2_n0.01_d000_r02,C2,202614,18.96,18.96,0.0,0.6,0.601687399522709,0.6007945325939238,FAR,FAR,0.0,1,,,0.01,0
C2_n0.01_d000_r02,C2,202614,18.98,18.98,0.0,0.6,0.603084491518221,0.6013670223249981,FAR,FAR,0.0,1,,,0.01,0
C2_n0.01_d000_r02,C2,202614,19.0,19.0,0.0,0.6,0.5966549280285063,0.6001889987508751,FAR,FAR,0.0,1,,,0.01,0
C2_n0.01_d000_r02,C2,202614,19.02,19.02,0.0,0.6,0.6001790105833947,0.600186501709005,FAR,FAR,0.0,1,,,0.01,0
C2_n0.01_d000_r02,C2,202614,19.04,19.04,0.0,0.6,0.6081721915644881,0.6021829241728758,FAR,FAR,0.0,1,,,0.01,0
C2_n0.01_d000_r02,C2,202614,19.06,19.06,0.0,0.6,0.6020046106939522,0.6021383458031448,FAR,FAR,0.0,1,,,0.01,0
C2_n0.01_d000_r02,C2,202614,19.08,19.08,0.0,0.6,0.6113266013372242,0.6044354096866646,FAR,FAR,0.0,1,,,0.01,0
C2_n0.01_d000_r02,C2,202614,19.1,19.1,0.0,0.6,0.6094337752097932,0.6056850010674468,FAR,FAR,0.0,1,,,0.01,0
C2_n0.01_d000_r02,C2,202614,19.12,19.12,0.0,0.6,0.58329206123219,0.6000867661086327,FAR,FAR,0.0,1,,,0.01,0
C2_n0.01_d000_r02,C2,202614,19.14,19.14,0.0,0.6,0.5888993977991557,0.5972899240312635,FAR,FAR,0.0,1,,,0.01,0
C2_n0.01_d000_r02,C2,202614,19.16,19.16,0.0,0.6,0.591131525031988,0.5957503242814446,FAR,FAR,0.0,1,,,0.01,0
C2_n0.01_d000_r02,C2,202614,19.18,19.18,0.0,0.6,0.6144254427386304,0.600419103895741,FAR,FAR,0.0,1,,,0.01,0
C2_n0.01_d000_r02,C2,202614,19.2,19.2,0.0,0.6,0.602459966358087,0.6009293195113276,FAR,FAR,0.0,1,,,0.01,0
C2_n0.01_d000_r02,C2,202614,19.22,19.22,0.0,0.6,0.6036768980779201,0.6016162141529757,FAR,FAR,0.0,1,,,0.01,0
C2_n0.01_d000_r02,C2,202614,19.24,19.24,0.0,0.6,0.5873638771333969,0.598053129898081,FAR,FAR,0.0,1,,,0.01,0
C2_n0.01_d000_r02,C2,202614,19.26,19.26,0.0,0.6,0.5939700416532883,0.5970323578368828,FAR,FAR,0.0,1,,,0.01,0
C2_n0.01_d000_r02,C2,202614,19.28,19.28,0.0,0.6,0.6014526196491838,0.5981374232899581,FAR,FAR,0.0,1,,,0.01,0
C2_n0.01_d000_r02,C2,202614,19.3,19.3,0.0,0.6,0.5963287248014333,0.5976852486678269,FAR,FAR,0.0,1,,,0.01,0
C2_n0.01_d000_r02,C2,202614,19.32,19.32,0.0,0.6,0.599404774419006,0.5981151301056217,FAR,FAR,0.0,1,,,0.01,0
C2_n0.01_d000_r02,C2,202614,19.34,19.34,0.0,0.6,0.5943585125385057,0.5971759757138426,FAR,FAR,0.0,1,,,0.01,0
C2_n0.01_d000_r02,C2,202614,19.36,19.36,0.0,0.6,0.611628516226038,0.6007891108418915,FAR,FAR,0.0,1,,,0.01,0
C2_n0.01_d000_r02,C2,202614,19.38,19.38,0.0,0.6,0.6054343098731816,0.601950410599714,FAR,FAR,0.0,1,,,0.01,0
C2_n0.01_d000_r02,C2,202614,19.4,19.4,0.0,0.6,0.6091300923583554,0.6037453310393743,FAR,FAR,0.0,1,,,0.01,0
C2_n0.01_d000_r02,C2,202614,19.42,19.42,0.0,0.6,0.5979196667361005,0.6022889149635559,FAR,FAR,0.0,1,,,0.01,0
C2_n0.01_d000_r02,C2,202614,19.44,19.44,0.0,0.6,0.5971707706175258,0.6010093788770483,FAR,FAR,0.0,1,,,0.01,0
C2_n0.01_d000_r02,C2,202614,19.46,19.46,0.0,0.6,0.609279487613973,0.6030769060612795,FAR,FAR,0.0,1,,,0.01,0
C2_n0.01_d000_r02,C2,202614,19.48,19.48,0.0,0.6,0.5957568521724907,0.6012468925890824,FAR,FAR,0.0,1,,,0.01,0
C2_n0.01_d000_r02,C2,202614,19.5,19.5,0.0,0.6,0.5973917686596208,0.600283111606717,FAR,FAR,0.0,1,,,0.01,0
C2_n0.01_d000_r02,C2,202614,19.52,19.52,0.0,0.6,0.5972618921238849,0.599527806736009,FAR,FAR,0.0,1,,,0.01,0
C2_n0.01_d000_r02,C2,202614,19.54,19.54,0.0,0.6,0.6066534999637104,0.6013092300429344,FAR,FAR,0.0,1,,,0.01,0
C2_n0.01_d000_r02,C2,202614,19.56,19.56,0.0,0.6,0.5900460664855439,0.5984934391535868,FAR,FAR,0.0,1,,,0.01,0
C2_n0.01_d000_r02,C2,202614,19.58,19.58,0.0,0.6,0.5916681598400053,0.5967871193251915,FAR,FAR,0.0,1,,,0.01,0
C2_n0.01_d000_r02,C2,202614,19.6,19.6,0.0,0.6,0.5984057561511861,0.5971917785316901,FAR,FAR,0.0,1,,,0.01,0
C2_n0.01_d000_r02,C2,202614,19.62,19.62,0.0,0.6,0.6089034339443283,0.6001196923848496,FAR,FAR,0.0,1,,,0.01,0
C2_n0.01_d000_r02,C2,202614,19.64,19.64,0.0,0.6,0.6040126512173756,0.6010929320929811,FAR,FAR,0.0,1,,,0.01,0
C2_n0.01_d000_r02,C2,202614,19.66,19.66,0.0,0.6,0.5944508306145893,0.5994324067233832,FAR,FAR,0.0,1,,,0.01,0
C2_n0.01_d000_r02,C2,202614,19.68,19.68,0.0,0.6,0.6102032566962688,0.6021251192166046,FAR,FAR,0.0,1,,,0.01,0
C2_n0.01_d000_r02,C2,202614,19.7,19.7,0.0,0.6,0.5977433628440312,0.6010296801234613,FAR,FAR,0.0,1,,,0.01,0
C2_n0.01_d000_r02,C2,202614,19.72,19.72,0.0,0.6,0.6047298423667863,0.6019547206842926,FAR,FAR,0.0,1,,,0.01,0
C2_n0.01_d000_r02,C2,202614,19.74,19.74,0.0,0.6,0.6041843265612269,0.6025121221535261,FAR,FAR,0.0,1,,,0.01,0
C2_n0.01_d000_r02,C2,202614,19.76,19.76,0.0,0.6,0.611108890403994,0.6046613142161431,FAR,FAR,0.0,1,,,0.01,0
C2_n0.01_d000_r02,C2,202614,19.78,19.78,0.0,0.6,0.6035796954569957,0.6043909095263563,FAR,FAR,0.0,1,,,0.01,0
C2_n0.01_d000_r02,C2,202614,19.8,19.8,0.0,0.6,0.6274045721103683,0.6101443251723593,FAR,FAR,0.0,1,,,0.01,0
C2_n0.01_d000_r02,C2,202614,19.82,19.82,0.0,0.6,0.598917188572417,0.6073375410223737,FAR,FAR,0.0,1,,,0.01,0
C2_n0.01_d000_r02,C2,202614,19.84,19.84,0.0,0.6,0.6159475099129912,0.609490033245028,FAR,FAR,0.0,1,,,0.01,0
C2_n0.01_d000_r02,C2,202614,19.86,19.86,0.0,0.6,0.5782972603308185,0.6016918400164757,FAR,FAR,0.0,1,,,0.01,0
C2_n0.01_d000_r02,C2,202614,19.88,19.88,0.0,0.6,0.6030615953898086,0.602034278859809,FAR,FAR,0.0,1,,,0.01,0
C2_n0.01_d000_r02,C2,202614,19.9,19.9,0.0,0.6,0.6038999547103439,0.6025006978224428,FAR,FAR,0.0,1,,,0.01,0
C2_n0.01_d000_r02,C2,202614,19.92,19.92,0.0,0.6,0.5822685170692727,0.5974426526341503,FAR,FAR,0.0,1,,,0.01,0
C2_n0.01_d000_r02,C2,202614,19.94,19.94,0.0,0.6,0.591830875107713,0.596039708252541,FAR,FAR,0.0,1,,,0.01,0
C2_n0.01_d000_r02,C2,202614,19.96,19.96,0.0,0.6,0.583031026474275,0.5927875378079746,FAR,FAR,0.0,1,,,0.01,0
C2_n0.01_d000_r02,C2,202614,19.98,19.98,0.0,0.6,0.5973771920461131,0.5939349513675092,FAR,FAR,0.0,1,,,0.01,0
C2_n0.01_d000_r02,C2,202614,20.0,20.0,0.0,0.6,0.6006042207021536,0.5956022687011703,FAR,FAR,0.0,1,,,0.01,0
