trial_id,condition,seed,time_s,sensor_time_s,sample_age_s,true_distance_m,raw_distance_m,filtered_distance_m,expected_state,state,command,valid,event_label,invalid_reason,noise_sigma_m,delay_ms
C3_n0.01_d000_r01,C3,202618,0.0,0.0,0.0,0.6,0.608372984472538,0.608372984472538,FAR,FAR,-0.516745968945076,1,,,0.01,0
C3_n0.01_d000_r01,C3,202618,0.02,0.02,0.0,0.6,0.6046354808613664,0.6074386085697451,FAR,FAR,-0.5148772171394902,1,,,0.01,0
C3_n0.01_d000_r01,C3,202618,0.04,0.04,0.0,0.6,0.60485118269103,0.6067917521000663,FAR,FAR,-0.5135835042001327,1,,,0.01,0
C3_n0.01_d000_r01,C3,202618,0.06,0.06,0.0,0.6,0.6091603220011921,0.6073838945753478,FAR,FAR,-0.5147677891506957,1,,,0.01,0
C3_n0.01_d000_r01,C3,202618,0.08,0.08,0.0,0.6,0.5870826167302009,0.6023085751140611,FAR,FAR,-0.5046171502281223,1,,,0.01,0
C3_n0.01_d000_r01,C3,202618,0.1,0.1,0.0,0.6,0.5988651502055446,0.601447718886932,FAR,FAR,-0.5028954377738641,1,,,0.01,0
C3_n0.01_d000_r01,C3,202618,0.12,0.12,0.0,0.6,0.6235895551929475,0.6069831779634359,FAR,FAR,-0.5139663559268719,1,,,0.01,0
C3_n0.01_d000_r01,C3,202618,0.14,0.14,0.0,0.6,0.592380050301568,0.603332396047969,FAR,FAR,-0.506664792095938,1,,,0.01,0
C3_n0.01_d000_r01,C3,202618,0.16,0.16,0.0,0.6,0.5993776042575533,0.602343698100365,FAR,FAR,-0.5046873962007301,1,,,0.01,0
C3_n0.01_d000_r01,C3,202618,0.18,0.18,0.0,0.6,0.5946650251132373,0.6004240298535831,FAR,FAR,-0.5008480597071663,1,,,0.01,0
C3_n0.01_d000_r01,C3,202618,0.2,0.2,0.0,0.6,0.582714301974393,0.5959965978837856,FAR,FAR,-0.49199319576757117,1,,,0.01,0
C3_n0.01_d000_r01,C3,202618,0.22,0.22,0.0,0.6,0.6045528433925396,0.5981356592609741,FAR,FAR,-0.4962713185219483,1,,,0.01,0
C3_n0.01_d000_r01,C3,202618,0.24,0.24,0.0,0.6,0.602814347684537,0.5993053313668648,FAR,FAR,-0.49861066273372967,1,,,0.01,0
C3_n0.01_d000_r01,C3,202618,0.26,0.26,0.0,0.6,0.6191551784051735,0.604267793126442,FAR,FAR,-0.508535586252884,1,,,0.01,0
C3_n0.01_d000_r01,C3,202618,0.28,0.28,0.0,0.6,0.604556439615468,0.6043399547486985,FAR,FAR,-0.508679909497397,1,,,0.01,0
C3_n0.01_d000_r01,C3,202618,0.3,0.3,0.0,0.6,0.6100218991983464,0.6057604408611105,FAR,FAR,-0.511520881722221,1,,,0.01,0
C3_n0.01_d000_r01,C3,202618,0.32,0.32,0.0,0.6,0.5949864377935397,0.6030669400942178,FAR,FAR,-0.5061338801884356,1,,,0.01,0
C3_n0.01_d000_r01,C3,202618,0.34,0.34,0.0,0.6,0.594191799553637,0.6008481549590726,FAR,FAR,-0.5016963099181453,1,,,0.01,0
C3_n0.01_d000_r01,C3,202618,0.36,0.36,0.0,0.6,0.5963711815320812,0.5997289116023248,FAR,FAR,-0.4994578232046496,1,,,0.01,0
C3_n0.01_d000_r01,C3,202618,0.38,0.38,0.0,0.6,0.5998413283173422,0.5997570157810791,FAR,FAR,-0.49951403156215823,1,,,0.01,0
C3_n0.01_d000_r01,C3,202618,0.4,0.4,0.0,0.6,0.593126667663112,0.5980994287515873,FAR,FAR,-0.4961988575031746,1,,,0.01,0
C3_n0.01_d000_r01,C3,202618,0.42,0.42,0.0,0.6,0.5990160228046509,0.5983285772648532,FAR,FAR,-0.4966571545297065,1,,,0.01,0
C3_n0.01_d000_r01,C3,202618,0.44,0.44,0.0,0.6,0.6009562710763279,0.5989855007177218,FAR,FAR,-0.4979710014354437,1,,,0.01,0
C3_n0.01_d000_r01,C3,202618,0.46,0.46,0.0,0.6,0.5988413889007504,0.598949472763479,FAR,FAR,-0.497898945526958,1,,,0.01,0
C3_n0.01_d000_r01,C3,202618,0.48,0.48,0.0,0.6,0.5942507420958072,0.5977747900965611,FAR,FAR,-0.49554958019312223,1,,,0.01,0
C3_n0.01_d000_r01,C3,202618,0.5,0.5,0.0,0.6,0.5963344796045661,0.5974147124735624,FAR,FAR,-0.4948294249471248,1,,,0.01,0
C3_n0.01_d000_r01,C3,202618,0.52,0.52,0.0,0.6,0.6075470243470052,0.599947790441923,FAR,FAR,-0.4998955808838461,1,,,0.01,0
C3_n0.01_d000_r01,C3,202618,0.54,0.54,0.0,0.6,0.6112618900209826,0.602776315336688,FAR,FAR,-0.505552630673376,1,,,0.01,0
C3_n0.01_d000_r01,C3,202618,0.56,0.56,0.0,0.6,0.6138823206891147,0.6055528166747947,FAR,FAR,-0.5111056333495894,1,,,0.01,0
C3_n0.01_d000_r01,C3,202618,0.58,0.58,0.0,0.6,0.5783247370420724,0.5987457967666141,FAR,FAR,-0.49749159353322825,1,,,0.01,0
C3_n0.01_d000_r01,C3,202618,0.6,0.6,0.0,0.6,0.5909352382927421,0.5967931571481461,FAR,FAR,-0.4935863142962922,1,,,0.01,0
C3_n0.01_d000_r01,C3,202618,0.62,0.62,0.0,0.6,0.5873014190834119,0.5944202226319626,FAR,FAR,-0.4888404452639252,1,,,0.01,0
C3_n0.01_d000_r01,C3,202618,0.64,0.64,0.0,0.6,0.6050265188804024,0.5970717966940725,FAR,FAR,-0.49414359338814506,1,,,0.01,0
C3_n0.01_d000_r01,C3,202618,0.66,0.66,0.0,0.6,0.5914533594380347,0.595667187380063,FAR,FAR,-0.491334374760126,1,,,0.01,0
C3_n0.01_d000_r01,C3,202618,0.68,0.68,0.0,0.6,0.5933133814709037,0.5950787359027732,FAR,FAR,-0.49015747180554636,1,,,0.01,0
C3_n0.01_d000_r01,C3,202618,0.7,0.7,0.0,0.6,0.601002692707328,0.5965597251039119,FAR,FAR,-0.4931194502078238,1,,,0.01,0
C3_n0.01_d000_r01,C3,202618,0.72,0.72,0.0,0.6,0.5847341469777775,0.5936033305723782,FAR,FAR,-0.4872066611447565,1,,,0.01,0
C3_n0.01_d000_r01,C3,202618,0.74,0.74,0.0,0.6,0.6123007963469704,0.5982776970160263,FAR,FAR,-0.4965553940320526,1,,,0.01,0
C3_n0.01_d000_r01,C3,202618,0.76,0.76,0.0,0.6,0.6102823791666788,0.6012788675536894,FAR,FAR,-0.5025577351073789,1,,,0.01,0
C3_n0.01_d000_r01,C3,202618,0.78,0.78,0.0,0.6,0.5892539134258046,0.5982726290217182,FAR,FAR,-0.4965452580434364,1,,,0.01,0
C3_n0.01_d000_r01,C3,202618,0.8,0.8,0.0,0.6,0.6026355043126524,0.5993633478444518,FAR,FAR,-0.4987266956889036,1,,,0.01,0
C3_n0.01_d000_r01,C3,202618,0.82,0.82,0.0,0.6,0.6079909212611788,0.6015202411986336,FAR,FAR,-0.5030404823972672,1,,,0.01,0
C3_n0.01_d000_r01,C3,202618,0.84,0.84,0.0,0.6,0.5735501291408274,0.594527713184182,FAR,FAR,-0.48905542636836397,1,,,0.01,0
C3_n0.01_d000_r01,C3,202618,0.86,0.86,0.0,0.6,0.619338009670032,0.6007302873056445,FAR,FAR,-0.501460574611289,1,,,0.01,0
C3_n0.01_d000_r01,C3,202618,0.88,0.88,0.0,0.6,0.6006881198505083,0.6007197454418605,FAR,FAR,-0.501439490883721,1,,,0.01,0
C3_n0.01_d000_r01,C3,202618,0.9,0.9,0.0,0.6,0.6033006523448828,0.6013649721676161,FAR,FAR,-0.5027299443352322,1,,,0.01,0
C3_n0.01_d000_r01,C3,202618,0.92,0.92,0.0,0.6,0.6010808059081317,0.601293930602745,FAR,FAR,-0.5025878612054901,1,,,0.01,0
C3_n0.01_d000_r01,C3,202618,0.94,0.94,0.0,0.6,0.6085950924322533,0.6031192210601221,FAR,FAR,-0.5062384421202442,1,,,0.01,0
C3_n0.01_d000_r01,C3,202618,0.96,0.96,0.0,0.6,0.6220681727499731,0.6078564589825848,FAR,FAR,-0.5157129179651696,1,,,0.01,0
C3_n0.01_d000_r01,C3,202618,0.98,0.98,0.0,0.6,0.6269530687055299,0.6126306114133211,FAR,FAR,-0.5252612228266422,1,,,0.01,0
C3_n0.01_d000_r01,C3,202618,1.0,1.0,0.0,0.6,0.6016636448204162,0.6098888697650948,FAR,FAR,-0.5197777395301897,1,,,0.01,0
C3_n0.01_d000_r01,C3,202618,1.02,1.02,0.0,0.6,0.6012595297352052,0.6077315347576224,FAR,FAR,-0.5154630695152449,1,,,0.01,0
C3_n0.01_d000_r01,C3,202618,1.04,1.04,0.0,0.6,0.6101035377920436,0.6083245355162277,FAR,FAR,-0.5166490710324554,1,,,0.01,0
C3_n0.01_d000_r01,C3,202618,1.06,1.06,0.0,0.6,0.6152458105816183,0.6100548542825753,FAR,FAR,-0.5201097085651507,1,,,0.01,0
C3_n0.01_d000_r01,C3,202618,1.08,1.08,0.0,0.6,0.6261845969146111,0.6140872899405843,FAR,FAR,-0.5281745798811686,1,,,0.01,0
C3_n0.01_d000_r01,C3,202618,1.1,1.1,0.0,0.6,0.5892112290770792,0.607868274724708,FAR,FAR,-0.5157365494494159,1,,,0.01,0
C3_n0.01_d000_r01,C3,202618,1.12,1.12,0.0,0.6,0.5858698485750553,0.6023686681872948,FAR,FAR,-0.5047373363745897,1,,,0.01,0
C3_n0.01_d000_r01,C3,202618,1.14,1.14,0.0,0.6,0.5956961438731361,0.6007005371087552,FAR,FAR,-0.5014010742175103,1,,,0.01,0
C3_n0.01_d000_r01,C3,202618,1.16,1.16,0.0,0.6,0.5883301192212042,0.5976079326368674,FAR,FAR,-0.49521586527373485,1,,,0.01,0
C3_n0.01_d000_r01,C3,202618,1.18,1.18,0.0,0.6,0.6051782422634279,0.5995005100435076,FAR,FAR,-0.4990010200870152,1,,,0.01,0
C3_n0.01_d000_r01,C3,202618,1.2,1.2,0.0,0.6,0.592401457361646,0.5977257468730421,FAR,FAR,-0.4954514937460843,1,,,0.01,0
C3_n0.01_d000_r01,C3,202618,1.22,1.22,0.0,0.6,0.6051160223495469,0.5995733157421683,FAR,FAR,-0.4991466314843367,1,,,0.01,0
C3_n0.01_d000_r01,C3,202618,1.24,1.24,0.0,0.6,0.5958934917949821,0.5986533597553718,FAR,FAR,-0.4973067195107437,1,,,0.01,0
C3_n0.01_d000_r01,C3,202618,1.26,1.26,0.0,0.6,0.5940071199837024,0.5974917998124545,FAR,FAR,-0.494983599624909,1,,,0.01,0
C3_n0.01_d000_r01,C3,202618,1.28,1.28,0.0,0.6,0.5923465081655922,0.5962054769007389,FAR,FAR,-0.4924109538014778,1,,,0.01,0
C3_n0.01_d000_r01,C3,202618,1.3,1.3,0.0,0.6,0.6022061355712225,0.5977056415683598,FAR,FAR,-0.49541128313671967,1,,,0.01,0
C3_n0.01_d000_r01,C3,202618,1.32,1.32,0.0,0.6,0.6040753425100872,0.5992980668037917,FAR,FAR,-0.4985961336075835,1,,,0.01,0
C3_n0.01_d000_r01,C3,202618,1.34,1.34,0.0,0.6,0.6128376385750809,0.602682959746614,FAR,FAR,-0.5053659194932281,1,,,0.01,0
C3_n0.01_d000_r01,C3,202618,1.36,1.36,0.0,0.6,0.6160540616351986,0.6060257352187601,FAR,FAR,-0.5120514704375203,1,,,0.01,0
C3_n0.01_d000_r01,C3,202618,1.38,1.38,0.0,0.6,0.5915510002288592,0.6024070514712849,FAR,FAR,-0.5048141029425699,1,,,0.01,0
C3_n0.01_d000_r01,C3,202618,1.4,1.4,0.0,0.6,0.600491826336395,0.6019282451875625,FAR,FAR,-0.503856490375125,1,,,0.01,0
C3_n0.01_d000_r01,C3,202618,1.42,1.42,0.0,0.6,0.5964800880487433,0.6005662059028577,FAR,FAR,-0.5011324118057154,1,,,0.01,0
C3_n0.01_d000_r01,C3,202618,1.44,1.44,0.0,0.6,0.6076749375131983,0.6023433888054429,FAR,FAR,-0.5046867776108859,1,,,0.01,0
C3_n0.01_d000_r01,C3,202618,1.46,1.46,0.0,0.6,0.5827821446239281,0.5974530777600642,FAR,FAR,-0.4949061555201284,1,,,0.01,0
C3_n0.01_d000_r01,C3,202618,1.48,1.48,0.0,0.6,0.5990905940017873,0.597862456820495,FAR,FAR,-0.49572491364099003,1,,,0.01,0
C3_n0.01_d000_r01,C3,202618,1.5,1.5,0.0,0.6,0.6122595106811418,0.6014617202856567,FAR,FAR,-0.5029234405713134,1,,,0.01,0
C3_n0.01_d000_r01,C3,202618,1.52,1.52,0.0,0.6,0.6122157348304048,0.6041502239218437,FAR,FAR,-0.5083004478436874,1,,,0.01,0
C3_n0.01_d000_r01,C3,202618,1.54,1.54,0.0,0.6,0.6140193631779428,0.6066175087358685,FAR,FAR,-0.513235017471737,1,,,0.01,0
C3_n0.01_d000_r01,C3,202618,1.56,1.56,0.0,0.6,0.601382155487751,0.6053086704238391,FAR,FAR,-0.5106173408476782,1,,,0.01,0
C3_n0.01_d000_r01,C3,202618,1.58,1.58,0.0,0.6,0.6119646947991412,0.6069726765176646,FAR,FAR,-0.5139453530353293,1,,,0.01,0
C3_n0.01_d000_r01,C3,202618,1.6,1.6,0.0,0.6,0.5882625597287506,0.6022951473204361,FAR,FAR,-0.5045902946408722,1,,,0.01,0
C3_n0.01_d000_r01,C3,202618,1.62,1.62,0.0,0.6,0.6008431171930769,0.6019321397885963,FAR,FAR,-0.5038642795771926,1,,,0.01,0
C3_n0.01_d000_r01,C3,202618,1.64,1.64,0.0,0.6,0.5894981115412866,0.5988236327267689,FAR,FAR,-0.49764726545353777,1,,,0.01,0
C3_n0.01_d000_r01,C3,202618,1.66,1.66,0.0,0.6,0.5939733441773335,0.59761106058941,FAR,FAR,-0.49522212117882014,1,,,0.01,0
C3_n0.01_d000_r01,C3,202618,1.68,1.68,0.0,0.6,0.5944645206606418,0.5968244256072179,FAR,FAR,-0.4936488512144359,1,,,0.01,0
C3_n0.01_d000_r01,C3,202618,1.7,1.7,0.0,0.6,0.6069658543536954,0.5993597827938373,FAR,FAR,-0.4987195655876746,1,,,0.01,0
C3_n0.01_d000_r01,C3,202618,1.72,1.72,0.0,0.6,0.5939445044159748,0.5980059631993717,FAR,FAR,-0.4960119263987435,1,,,0.01,0
C3_n0.01_d000_r01,C3,202618,1.74,1.74,0.0,0.6,0.6004381552283395,0.5986140112066136,FAR,FAR,-0.4972280224132273,1,,,0.01,0
C3_n0.01_d000_r01,C3,202618,1.76,1.76,0.0,0.6,0.6034046195810542,0.5998116633002237,FAR,FAR,-0.4996233266004475,1,,,0.01,0
C3_n0.01_d000_r01,C3,202618,1.78,1.78,0.0,0.6,0.6098358136758082,0.6023177008941198,FAR,FAR,-0.5046354017882397,1,,,0.01,0
C3_n0.01_d000_r01,C3,202618,1.8,1.8,0.0,0.6,0.6098234169910212,0.6041941299183452,FAR,FAR,-0.5083882598366904,1,,,0.01,0
C3_n0.01_d000_r01,C3,202618,1.82,1.82,0.0,0.6,0.5919143716944056,0.6011241903623603,FAR,FAR,-0.5022483807247207,1,,,0.01,0
C3_n0.01_d000_r01,C3,202618,1.84,1.84,0.0,0.6,0.6049054776403264,0.6020695121818518,FAR,FAR,-0.5041390243637036,1,,,0.01,0
C3_n0.01_d000_r01,C3,202618,1.86,1.86,0.0,0.6,0.6022447485949435,0.6021133212851247,FAR,FAR,-0.5042266425702495,1,,,0.01,0
C3_n0.01_d000_r01,C3,202618,1.88,1.88,0.0,0.6,0.5960091390457994,0.6005872757252934,FAR,FAR,-0.5011745514505868,1,,,0.01,0
C3_n0.01_d000_r01,C3,202618,1.9,1.9,0.0,0.6,0.6055002768827632,0.6018155260146608,FAR,FAR,-0.5036310520293217,1,,,0.01,0
C3_n0.01_d000_r01,C3,202618,1.92,1.92,0.0,0.6,0.6067147284295541,0.6030403266183841,FAR,FAR,-0.5060806532367683,1,,,0.01,0
C3_n0.01_d000_r01,C3,202618,1.94,1.94,0.0,0.6,0.6057194667933634,0.603710111662129,FAR,FAR,-0.507420223324258,1,,,0.01,0
C3_n0.01_d000_r01,C3,202618,1.96,1.96,0.0,0.6,0.5992595604963531,0.602597473870685,FAR,FAR,-0.50519494774137,1,,,0.01,0
C3_n0.01_d000_r01,C3,202618,1.98,1.98,0.0,0.6,0.6059197442972016,0.6034280414773141,FAR,FAR,-0.5068560829546283,1,,,0.01,0
C3_n0.01_d000_r01,C3,202618,2.0,2.0,0.0,0.6,0.5948032860658848,0.6012718526244568,FAR,FAR,-0.5025437052489137,1,,,0.01,0
C3_n0.01_d000_r01,C3,202618,2.02,2.02,0.0,0.6,0.596082274699113,0.5999744581431208,FAR,FAR,-0.4999489162862416,1,,,0.01,0
C3_n0.01_d000_r01,C3,202618,2.04,2.04,0.0,0.6,0.5907204667469981,0.5976609602940901,FAR,FAR,-0.49532192058818025,1,,,0.01,0
C3_n0.01_d000_r01,C3,202618,2.06,2.06,0.0,0.6,0.5899625594848203,0.5957363600917727,FAR,FAR,-0.4914727201835454,1,,,0.01,0
C3_n0.01_d000_r01,C3,202618,2.08,2.08,0.0,0.6,0.5844405489998878,0.5929124073188015,FAR,FAR,-0.48582481463760296,1,,,0.01,0
C3_n0.01_d000_r01,C3,202618,2.1,2.1,0.0,0.6,0.6157354146852121,0.5986181591604041,FAR,FAR,-0.49723631832080817,1,,,0.01,0
C3_n0.01_d000_r01,C3,202618,2.12,2.12,0.0,0.6,0.5867827622379486,0.5956593099297902,FAR,FAR,-0.4913186198595805,1,,,0.01,0
C3_n0.01_d000_r01,C3,202618,2.14,2.14,0.0,0.6,0.5977676673872918,0.5961863992941656,FAR,FAR,-0.4923727985883313,1,,,0.01,0
C3_n0.01_d000_r01,C3,202618,2.16,2.16,0.0,0.6,0.6039172527036364,0.5981191126465333,FAR,FAR,-0.4962382252930666,1,,,0.01,0
C3_n0.01_d000_r01,C3,202618,2.18,2.18,0.0,0.6,0.6051537700029528,0.5998777769856382,FAR,FAR,-0.49975555397127636,1,,,0.01,0
C3_n0.01_d000_r01,C3,202618,2.2,2.2,0.0,0.6,0.5907338138105251,0.5975917861918598,FAR,FAR,-0.4951835723837197,1,,,0.01,0
C3_n0.01_d000_r01,C3,202618,2.22,2.22,0.0,0.6,0.5822344445446983,0.5937524507800694,FAR,FAR,-0.4875049015601389,1,,,0.01,0
C3_n0.01_d000_r01,C3,202618,2.24,2.24,0.0,0.6,0.6109363944773215,0.5980484367043825,FAR,FAR,-0.49609687340876496,1,,,0.01,0
C3_n0.01_d000_r01,C3,202618,2.26,2.26,0.0,0.6,0.5786472051017454,0.5931981288037232,FAR,FAR,-0.48639625760744654,1,,,0.01,0
C3_n0.01_d000_r01,C3,202618,2.28,2.28,0.0,0.6,0.6071378355218583,0.596683055483257,FAR,FAR,-0.49336611096651395,1,,,0.01,0
C3_n0.01_d000_r01,C3,202618,2.3,2.3,0.0,0.6,0.6017449213609692,0.597948521952685,FAR,FAR,-0.49589704390537004,1,,,0.01,0
C3_n0.01_d000_r01,C3,202618,2.32,2.32,0.0,0.6,0.6051300255777424,0.5997438978589493,FAR,FAR,-0.4994877957178987,1,,,0.01,0
C3_n0.01_d000_r01,C3,202618,2.34,2.34,0.0,0.6,0.6135436590224155,0.6031938381498159,FAR,FAR,-0.5063876762996318,1,,,0.01,0
C3_n0.01_d000_r01,C3,202618,2.36,2.36,0.0,0.6,0.5874139465881157,0.5992488652593908,FAR,FAR,-0.49849773051878166,1,,,0.01,0
C3_n0.01_d000_r01,C3,202618,2.38,2.38,0.0,0.6,0.6037653577062233,0.6003779883710989,FAR,FAR,-0.5007559767421979,1,,,0.01,0
C3_n0.01_d000_r01,C3,202618,2.4,2.4,0.0,0.6,0.6097689539003607,0.6027257297534143,FAR,FAR,-0.5054514595068287,1,,,0.01,0
C3_n0.01_d000_r01,C3,202618,2.42,2.42,0.0,0.6,0.5961759947073938,0.6010882959919092,FAR,FAR,-0.5021765919838184,1,,,0.01,0
C3_n0.01_d000_r01,C3,202618,2.44,2.44,0.0,0.6,0.6115924616143825,0.6037143373975276,FAR,FAR,-0.5074286747950552,1,,,0.01,0
C3_n0.01_d000_r01,C3,202618,2.46,2.46,0.0,0.6,0.5847566661369025,0.5989749195823713,FAR,FAR,-0.49794983916474256,1,,,0.01,0
C3_n0.01_d000_r01,C3,202618,2.48,2.48,0.0,0.6,0.591541570189373,0.5971165822341217,FAR,FAR,-0.4942331644682434,1,,,0.01,0
C3_n0.01_d000_r01,C3,202618,2.5,2.5,0.0,0.6,0.5809866060179106,0.593084088180069,FAR,FAR,-0.486168176360138,1,,,0.01,0
C3_n0.01_d000_r01,C3,202618,2.52,2.52,0.0,0.6,0.6171003200192674,0.5990881461398686,FAR,FAR,-0.49817629227973725,1,,,0.01,0
C3_n0.01_d000_r01,C3,202618,2.54,2.54,0.0,0.6,0.5975880642779585,0.5987131256743911,FAR,FAR,-0.49742625134878216,1,,,0.01,0
C3_n0.01_d000_r01,C3,202618,2.56,2.56,0.0,0.6,0.5917914479925599,0.5969827062539332,FAR,FAR,-0.4939654125078665,1,,,0.01,0
C3_n0.01_d000_r01,C3,202618,2.58,2.58,0.0,0.6,0.6062125656114993,0.5992901710933247,FAR,FAR,-0.4985803421866495,1,,,0.01,0
C3_n0.01_d000_r01,C3,202618,2.6,2.6,0.0,0.6,0.5982489566837356,0.5990298674909275,FAR,FAR,-0.49805973498185496,1,,,0.01,0
C3_n0.01_d000_r01,C3,202618,2.62,2.62,0.0,0.6,0.6062076678701055,0.600824317585722,FAR,FAR,-0.501648635171444,1,,,0.01,0
C3_n0.01_d000_r01,C3,202618,2.64,2.64,0.0,0.6,0.6087845255114499,0.602814369567154,FAR,FAR,-0.505628739134308,1,,,0.01,0
C3_n0.01_d000_r01,C3,202618,2.66,2.66,0.0,0.6,0.5836082573503658,0.5980128415129569,FAR,FAR,-0.49602568302591377,1,,,0.01,0
C3_n0.01_d000_r01,C3,202618,2.68,2.68,0.0,0.6,0.6023899377648876,0.5991071155759395,FAR,FAR,-0.49821423115187913,1,,,0.01,0
C3_n0.01_d000_r01,C3,202618,2.7,2.7,0.0,0.6,0.5917850763971461,0.5972766057812412,FAR,FAR,-0.49455321156248244,1,,,0.01,0
C3_n0.01_d000_r01,C3,202618,2.72,2.72,0.0,0.6,0.6018756308433827,0.5984263620467766,FAR,FAR,-0.4968527240935532,1,,,0.01,0
C3_n0.01_d000_r01,C3,202618,2.74,2.74,0.0,0.6,0.6030853013967292,0.5995910968842648,FAR,FAR,-0.4991821937685297,1,,,0.01,0
C3_n0.01_d000_r01,C3,202618,2.76,2.76,0.0,0.6,0.5962486358684267,0.5987554816303053,FAR,FAR,-0.49751096326061073,1,,,0.01,0
C3_n0.01_d000_r01,C3,202618,2.78,2.78,0.0,0.6,0.5894527365119867,0.5964297953507257,FAR,FAR,-0.49285959070145147,1,,,0.01,0
C3_n0.01_d000_r01,C3,202618,2.8,2.8,0.0,0.6,0.6047236188744618,0.5985032512316597,FAR,FAR,-0.49700650246331946,1,,,0.01,0
C3_n0.01_d000_r01,C3,202618,2.82,2.82,0.0,0.6,0.5846296941349018,0.5950348619574702,FAR,FAR,-0.4900697239149405,1,,,0.01,0
C3_n0.01_d000_r01,C3,202618,2.84,2.84,0.0,0.6,0.6153977248505609,0.6001255776807428,FAR,FAR,-0.5002511553614857,1,,,0.01,0
C3_n0.01_d000_r01,C3,202618,2.86,2.86,0.0,0.6,0.6001652231988697,0.6001354890602746,FAR,FAR,-0.5002709781205492,1,,,0.01,0
C3_n0.01_d000_r01,C3,202618,2.88,2.88,0.0,0.6,0.5745761678834447,0.5937456587660671,FAR,FAR,-0.48749131753213426,1,,,0.01,0
C3_n0.01_d000_r01,C3,202618,2.9,2.9,0.0,0.6,0.5876865956590139,0.5922308929893038,FAR,FAR,-0.48446178597860756,1,,,0.01,0
C3_n0.01_d000_r01,C3,202618,2.92,2.92,0.0,0.6,0.608998583877603,0.5964228157113786,FAR,FAR,-0.49284563142275717,1,,,0.01,0
C3_n0.01_d000_r01,C3,202618,2.94,2.94,0.0,0.6,0.5991681804905385,0.5971091569061686,FAR,FAR,-0.4942183138123373,1,,,0.01,0
C3_n0.01_d000_r01,C3,202618,2.96,2.96,0.0,0.6,0.6096611995386545,0.6002471675642901,FAR,FAR,-0.5004943351285802,1,,,0.01,0
C3_n0.01_d000_r01,C3,202618,2.98,2.98,0.0,0.6,0.6082427672032853,0.6022460674740389,FAR,FAR,-0.5044921349480778,1,,,0.01,0
C3_n0.01_d000_r01,C3,202618,3.0,3.0,0.0,0.6,0.5976739419195838,0.601103036085425,FAR,FAR,-0.5022060721708501,1,,,0.01,0
C3_n0.01_d000_r01,C3,202618,3.02,3.02,0.0,0.6,0.6103254512492426,0.6034086398763794,FAR,FAR,-0.5068172797527588,1,,,0.01,0
C3_n0.01_d000_r01,C3,202618,3.04,3.04,0.0,0.6,0.6097553578002153,0.6049953193573383,FAR,FAR,-0.5099906387146766,1,,,0.01,0
C3_n0.01_d000_r01,C3,202618,3.06,3.06,0.0,0.6,0.6034261089135884,0.6046030167464008,FAR,FAR,-0.5092060334928017,1,,,0.01,0
C3_n0.01_d000_r01,C3,202618,3.08,3.08,0.0,0.6,0.585691592426967,0.5998751606665425,FAR,FAR,-0.49975032133308495,1,,,0.01,0
C3_n0.01_d000_r01,C3,202618,3.1,3.1,0.0,0.6,0.6098735906575843,0.6023747681643029,FAR,FAR,-0.5047495363286059,1,,,0.01,0
C3_n0.01_d000_r01,C3,202618,3.12,3.12,0.0,0.6,0.5922217238808076,0.5998365070934291,FAR,FAR,-0.49967301418685817,1,,,0.01,0
C3_n0.01_d000_r01,C3,202618,3.14,3.14,0.0,0.6,0.5895279362439847,0.597259364381068,FAR,FAR,-0.494518728762136,1,,,0.01,0
C3_n0.01_d000_r01,C3,202618,3.16,3.16,0.0,0.6,0.5990022287138671,0.5976950804642678,FAR,FAR,-0.4953901609285356,1,,,0.01,0
C3_n0.01_d000_r01,C3,202618,3.18,3.18,0.0,0.6,0.6305256230022692,0.6059027160987681,FAR,FAR,-0.5118054321975363,1,,,0.01,0
C3_n0.01_d000_r01,C3,202618,3.2,3.2,0.0,0.6,0.5943719280675693,0.6030200190909684,FAR,FAR,-0.5060400381819368,1,,,0.01,0
C3_n0.01_d000_r01,C3,202618,3.22,3.22,0.0,0.6,0.592729352684355,0.600447352489315,FAR,FAR,-0.5008947049786301,1,,,0.01,0
C3_n0.01_d000_r01,C3,202618,3.24,3.24,0.0,0.6,0.6002185704807611,0.6003901569871766,FAR,FAR,-0.5007803139743532,1,,,0.01,0
C3_n0.01_d000_r01,C3,202618,3.26,3.26,0.0,0.6,0.5960559043109661,0.5993065938181239,FAR,FAR,-0.49861318763624785,1,,,0.01,0
C3_n0.01_d000_r01,C3,202618,3.28,3.28,0.0,0.6,0.5996330559536748,0.5993882093520116,FAR,FAR,-0.49877641870402334,1,,,0.01,0
C3_n0.01_d000_r01,C3,202618,3.3,3.3,0.0,0.6,0.6051669820860525,0.6008329025355219,FAR,FAR,-0.5016658050710439,1,,,0.01,0
C3_n0.01_d000_r01,C3,202618,3.32,3.32,0.0,0.6,0.5953622421852987,0.5994652374479661,FAR,FAR,-0.49893047489593223,1,,,0.01,0
C3_n0.01_d000_r01,C3,202618,3.34,3.34,0.0,0.6,0.5851132215850527,0.5958772334822378,FAR,FAR,-0.49175446696447556,1,,,0.01,0
C3_n0.01_d000_r01,C3,202618,3.36,3.36,0.0,0.6,0.5927689388038352,0.5951001598126371,FAR,FAR,-0.4902003196252742,1,,,0.01,0
C3_n0.01_d000_r01,C3,202618,3.38,3.38,0.0,0.6,0.6091876956528745,0.5986220437726965,FAR,FAR,-0.49724408754539295,1,,,0.01,0
C3_n0.01_d000_r01,C3,202618,3.4,3.4,0.0,0.6,0.6064806036055468,0.6005866837309091,FAR,FAR,-0.5011733674618182,1,,,0.01,0
C3_n0.01_d000_r01,C3,202618,3.42,3.42,0.0,0.6,0.6171836926994466,0.6047359359730434,FAR,FAR,-0.5094718719460869,1,,,0.01,0
C3_n0.01_d000_r01,C3,202618,3.44,3.44,0.0,0.6,0.612139843552455,0.6065869128678963,FAR,FAR,-0.5131738257357927,1,,,0.01,0
C3_n0.01_d000_r01,C3,202618,3.46,3.46,0.0,0.6,0.599351688734725,0.6047781068346034,FAR,FAR,-0.5095562136692069,1,,,0.01,0
C3_n0.01_d000_r01,C3,202618,3.48,3.48,0.0,0.6,0.590606034591878,0.6012350887739221,FAR,FAR,-0.5024701775478442,1,,,0.01,0
C3_n0.01_d000_r01,C3,202618,3.5,3.5,0.0,0.6,0.5970211312135898,0.6001815993838391,FAR,FAR,-0.5003631987676782,1,,,0.01,0
C3_n0.01_d000_r01,C3,202618,3.52,3.52,0.0,0.6,0.5967895721106253,0.5993335925655356,FAR,FAR,-0.49866718513107133,1,,,0.01,0
C3_n0.01_d000_r01,C3,202618,3.54,3.54,0.0,0.6,0.5900475450778675,0.5970120806936186,FAR,FAR,-0.49402416138723715,1,,,0.01,0
C3_n0.01_d000_r01,C3,202618,3.56,3.56,0.0,0.6,0.58603077955137,0.5942667554080564,FAR,FAR,-0.48853351081611285,1,,,0.01,0
C3_n0.01_d000_r01,C3,202618,3.58,3.58,0.0,0.6,0.6242694851980405,0.6017674378555524,FAR,FAR,-0.5035348757111049,1,,,0.01,0
C3_n0.01_d000_r01,C3,202618,3.6,3.6,0.0,0.6,0.5987854911486177,0.6010219511788187,FAR,FAR,-0.5020439023576375,1,,,0.01,0
C3_n0.01_d000_r01,C3,202618,3.62,3.62,0.0,0.6,0.5769860398795085,0.5950129733539912,FAR,FAR,-0.4900259467079824,1,,,0.01,0
C3_n0.01_d000_r01,C3,202618,3.64,3.64,0.0,0.6,0.6033019440477333,0.5970852160274267,FAR,FAR,-0.49417043205485345,1,,,0.01,0
C3_n0.01_d000_r01,C3,202618,3.66,3.66,0.0,0.6,0.6132344172611193,0.6011225163358498,FAR,FAR,-0.5022450326716996,1,,,0.01,0
C3_n0.01_d000_r01,C3,202618,3.68,3.68,0.0,0.6,0.6075856592268308,0.602738302058595,FAR,FAR,-0.5054766041171901,1,,,0.01,0
C3_n0.01_d000_r01,C3,202618,3.7,3.7,0.0,0.6,0.5933717725101771,0.6003966696714905,FAR,FAR,-0.5007933393429811,1,,,0.01,0
C3_n0.01_d000_r01,C3,202618,3.72,3.72,0.0,0.6,0.6023211270270591,0.6008777840103826,FAR,FAR,-0.5017555680207653,1,,,0.01,0
C3_n0.01_d000_r01,C3,202618,3.74,3.74,0.0,0.6,0.6111731856058392,0.6034516344092468,FAR,FAR,-0.5069032688184936,1,,,0.01,0
C3_n0.01_d000_r01,C3,202618,3.76,3.76,0.0,0.6,0.6064525491890344,0.6042018631041937,FAR,FAR,-0.5084037262083874,1,,,0.01,0
C3_n0.01_d000_r01,C3,202618,3.78,3.78,0.0,0.6,0.6014641523849726,0.6035174354243884,FAR,FAR,-0.5070348708487769,1,,,0.01,0
C3_n0.01_d000_r01,C3,202618,3.8,3.8,0.0,0.6,0.6122493605896522,0.6057004167157043,FAR,FAR,-0.5114008334314086,1,,,0.01,0
C3_n0.01_d000_r01,C3,202618,3.82,3.82,0.0,0.6,0.5953369736826037,0.6031095559574291,FAR,FAR,-0.5062191119148582,1,,,0.01,0
C3_n0.01_d000_r01,C3,202618,3.84,3.84,0.0,0.6,0.6119403394236257,0.6053172518239782,FAR,FAR,-0.5106345036479565,1,,,0.01,0
C3_n0.01_d000_r01,C3,202618,3.86,3.86,0.0,0.6,0.5958691057214058,0.6029552152983351,FAR,FAR,-0.5059104305966702,1,,,0.01,0
C3_n0.01_d000_r01,C3,202618,3.88,3.88,0.0,0.6,0.5941528474899644,0.6007546233462424,FAR,FAR,-0.5015092466924849,1,,,0.01,0
C3_n0.01_d000_r01,C3,202618,3.9,3.9,0.0,0.6,0.603100910273523,0.6013411950780625,FAR,FAR,-0.502682390156125,1,,,0.01,0
C3_n0.01_d000_r01,C3,202618,3.92,3.92,0.0,0.6,0.6145338562867511,0.6046393603802347,FAR,FAR,-0.5092787207604694,1,,,0.01,0
C3_n0.01_d000_r01,C3,202618,3.94,3.94,0.0,0.6,0.5958122050986953,0.6024325715598499,FAR,FAR,-0.5048651431196998,1,,,0.01,0
C3_n0.01_d000_r01,C3,202618,3.96,3.96,0.0,0.6,0.6003802743433235,0.6019194972557182,FAR,FAR,-0.5038389945114365,1,,,0.01,0
C3_n0.01_d000_r01,C3,202618,3.98,3.98,0.0,0.6,0.5912646885497284,0.5992557950792208,FAR,FAR,-0.4985115901584416,1,,,0.01,0
C3_n0.01_d000_r01,C3,202618,4.0,4.0,0.0,0.6,0.5964506850329359,0.5985545175676495,FAR,FAR,-0.49710903513529914,1,,,0.01,0
C3_n0.01_d000_r01,C3,202618,4.02,4.02,0.0,0.5982500000000001,0.612442289120827,0.6020264604559439,FAR,FAR,-0.5040529209118878,1,,,0.01,0
C3_n0.01_d000_r01,C3,202618,4.04,4.04,0.0,0.5965,0.5931516896271587,0.5998077677487476,FAR,FAR,-0.49961553549749516,1,,,0.01,0
C3_n0.01_d000_r01,C3,202618,4.06,4.06,0.0,0.59475,0.581380032904772,0.5952008340377537,FAR,FAR,-0.49040166807550745,1,,,0.01,0
C3_n0.01_d000_r01,C3,202618,4.08,4.08,0.0,0.593,0.5883307951505848,0.5934833243159615,FAR,FAR,-0.48696664863192307,1,,,0.01,0
C3_n0.01_d000_r01,C3,202618,4.1,4.1,0.0,0.59125,0.5768468408441247,0.5893242034480023,FAR,FAR,-0.47864840689600463,1,,,0.01,0
C3_n0.01_d000_r01,C3,202618,4.12,4.12,0.0,0.5894999999999999,0.5766174211760411,0.586147507880012,FAR,FAR,-0.4722950157600241,1,,,0.01,0
C3_n0.01_d000_r01,C3,202618,4.14,4.14,0.0,0.58775,0.584503881164002,0.5857366012010095,FAR,FAR,-0.47147320240201895,1,,,0.01,0
C3_n0.01_d000_r01,C3,202618,4.16,4.16,0.0,0.586,0.5947077141127549,0.5879793794289458,FAR,FAR,-0.47595875885789174,1,,,0.01,0
C3_n0.01_d000_r01,C3,202618,4.18,4.18,0.0,0.58425,0.5843898151594956,0.5870819883615833,FAR,FAR,-0.4741639767231667,1,,,0.01,0
C3_n0.01_d000_r01,C3,202618,4.2,4.2,0.0,0.5825,0.5805257613341172,0.5854429316047168,FAR,FAR,-0.4708858632094337,1,,,0.01,0
C3_n0.01_d000_r01,C3,202618,4.22,4.22,0.0,0.58075,0.588785561765245,0.5862785891448489,FAR,FAR,-0.4725571782896978,1,,,0.01,0
C3_n0.01_d000_r01,C3,202618,4.24,4.24,0.0,0.579,0.5869800044314213,0.5864539429664919,FAR,FAR,-0.47290788593298383,1,,,0.01,0
C3_n0.01_d000_r01,C3,202618,4.26,4.26,0.0,0.57725,0.5859872930951547,0.5863372804986576,FAR,FAR,-0.4726745609973153,1,,,0.01,0
C3_n0.01_d000_r01,C3,202618,4.28,4.28,0.0,0.5754999999999999,0.5703037572174673,0.5823288996783601,FAR,FAR,-0.46465779935672025,1,,,0.01,0
C3_n0.01_d000_r01,C3,202618,4.3,4.3,0.0,0.57375,0.5661942041223443,0.5782952257893561,FAR,FAR,-0.45659045157871225,1,,,0.01,0
C3_n0.01_d000_r01,C3,202618,4.32,4.32,0.0,0.572,0.5841837805126772,0.5797673644701864,FAR,FAR,-0.45953472894037284,1,,,0.01,0
C3_n0.01_d000_r01,C3,202618,4.34,4.34,0.0,0.57025,0.5715696845046799,0.5777179444788098,FAR,FAR,-0.45543588895761955,1,,,0.01,0
C3_n0.01_d000_r01,C3,202618,4.36,4.36,0.0,0.5685,0.5731127865554592,0.5765666549979721,FAR,FAR,-0.45313330999594426,1,,,0.01,0
C3_n0.01_d000_r01,C3,202618,4.38,4.38,0.0,0.56675,0.5654547717042201,0.5737886841745341,FAR,FAR,-0.44757736834906825,1,,,0.01,0
C3_n0.01_d000_r01,C3,202618,4.4,4.4,0.0,0.565,0.5474867960154113,0.5672132121347534,FAR,FAR,-0.43442642426950684,1,,,0.01,0
C3_n0.01_d000_r01,C3,202618,4.42,4.42,0.0,0.56325,0.5515954513758411,0.5633087719450253,FAR,FAR,-0.4266175438900506,1,,,0.01,0
C3_n0.01_d000_r01,C3,202618,4.44,4.44,0.0,0.5614999999999999,0.559188394852876,0.5622786776719879,FAR,FAR,-0.4245573553439759,1,,,0.01,0
C3_n0.01_d000_r01,C3,202618,4.46,4.46,0.0,0.55975,0.5636930378984609,0.5626322677286062,FAR,FAR,-0.42526453545721243,1,,,0.01,0
C3_n0.01_d000_r01,C3,202618,4.48,4.48,0.0,0.5579999999999999,0.5551970011730998,0.5607734510897295,FAR,FAR,-0.4215469021794591,1,,,0.01,0
C3_n0.01_d000_r01,C3,202618,4.5,4.5,0.0,0.55625,0.5418863696335595,0.556051680725687,FAR,FAR,-0.41210336145137405,1,,,0.01,0
C3_n0.01_d000_r01,C3,202618,4.52,4.52,0.0,0.5545,0.557333000380559,0.556372010639405,FAR,FAR,-0.41274402127881005,1,,,0.01,0
C3_n0.01_d000_r01,C3,202618,4.54,4.54,0.0,0.55275,0.5358750204390518,0.5512477630893167,FAR,FAR,-0.4024955261786334,1,,,0.01,0
C3_n0.01_d000_r01,C3,202618,4.56,4.56,0.0,0.551,0.5742848949035411,0.5570070460428728,FAR,FAR,-0.4140140920857456,1,,,0.01,0
C3_n0.01_d000_r01,C3,202618,4.58,4.58,0.0,0.54925,0.5492649579560395,0.5550715240211644,FAR,FAR,-0.41014304804232893,1,,,0.01,0
C3_n0.01_d000_r01,C3,202618,4.6,4.6,0.0,0.5475,0.5654331194956217,0.5576619228897788,FAR,FAR,-0.4153238457795576,1,,,0.01,0
C3_n0.01_d000_r01,C3,202618,4.62,4.62,0.0,0.54575,0.5535725231704941,0.5566395729599576,FAR,FAR,-0.4132791459199152,1,,,0.01,0
C3_n0.01_d000_r01,C3,202618,4.64,4.64,0.0,0.544,0.5724190780909638,0.5605844492427091,FAR,FAR,-0.4211688984854183,1,,,0.01,0
C3_n0.01_d000_r01,C3,202618,4.66,4.66,0.0,0.54225,0.5364559291123304,0.5545523192101144,FAR,FAR,-0.4091046384202288,1,,,0.01,0
C3_n0.01_d000_r01,C3,202618,4.68,4.68,0.0,0.5405,0.5521028676519495,0.5539399563205731,FAR,FAR,-0.4078799126411463,1,,,0.01,0
C3_n0.01_d000_r01,C3,202618,4.7,4.7,0.0,0.53875,0.5211843008401604,0.5457510424504699,FAR,FAR,-0.39150208490093985,1,,,0.01,0
C3_n0.01_d000_r01,C3,202618,4.72,4.72,0.0,0.537,0.5405276964313814,0.5444452059456978,FAR,FAR,-0.3888904118913956,1,,,0.01,0
C3_n0.01_d000_r01,C3,202618,4.74,4.74,0.0,0.53525,0.5407270072051352,0.5435156562605571,FAR,FAR,-0.3870313125211142,1,,,0.01,0
C3_n0.01_d000_r01,C3,202618,4.76,4.76,0.0,0.5335,0.5286961028915472,0.5398107679183046,FAR,FAR,-0.3796215358366093,1,,,0.01,0
C3_n0.01_d000_r01,C3,202618,4.78,4.78,0.0,0.53175,0.5217613436981109,0.5352984118632562,FAR,FAR,-0.3705968237265125,1,,,0.01,0
C3_n0.01_d000_r01,C3,202618,4.8,4.8,0.0,0.53,0.5256308590823259,0.5328815236680237,FAR,FAR,-0.36576304733604736,1,,,0.01,0
C3_n0.01_d000_r01,C3,202618,4.82,4.82,0.0,0.52825,0.5376617710881927,0.5340765855230659,FAR,FAR,-0.3681531710461319,1,,,0.01,0
C3_n0.01_d000_r01,C3,202618,4.84,4.84,0.0,0.5265,0.5337267174144359,0.5339891184959085,FAR,FAR,-0.367978236991817,1,,,0.01,0
C3_n0.01_d000_r01,C3,202618,4.86,4.86,0.0,0.5247499999999999,0.5162994443479907,0.529566699958929,FAR,FAR,-0.3591333999178581,1,,,0.01,0
C3_n0.01_d000_r01,C3,202618,4.88,4.88,0.0,0.523,0.5229098883122171,0.527902497047251,FAR,FAR,-0.35580499409450206,1,,,0.01,0
C3_n0.01_d000_r01,C3,202618,4.9,4.9,0.0,0.52125,0.5181779048609979,0.5254713490006877,FAR,FAR,-0.35094269800137545,1,,,0.01,0
C3_n0.01_d000_r01,C3,202618,4.92,4.92,0.0,0.5195,0.5194856354445869,0.5239749206116625,FAR,FAR,-0.34794984122332506,1,,,0.01,0
C3_n0.01_d000_r01,C3,202618,4.94,4.94,0.0,0.5177499999999999,0.5181222071400974,0.5225117422437713,FAR,FAR,-0.3450234844875426,1,,,0.01,0
C3_n0.01_d000_r01,C3,202618,4.96,4.96,0.0,0.516,0.5058520227111948,0.5183468123606272,FAR,FAR,-0.3366936247212544,1,,,0.01,0
C3_n0.01_d000_r01,C3,202618,4.98,4.98,0.0,0.51425,0.520270723985067,0.5188277902667371,FAR,FAR,-0.3376555805334742,1,,,0.01,0
C3_n0.01_d000_r01,C3,202618,5.0,5.0,0.0,0.5125,0.5156258688140504,0.5180273099035654,FAR,FAR,-0.3360546198071308,1,,,0.01,0
C3_n0.01_d000_r01,C3,202618,5.02,5.02,0.0,0.51075,0.4934171781218924,0.5118747769581471,FAR,FAR,-0.32374955391629423,1,,,0.01,0
C3_n0.01_d000_r01,C3,202618,5.04,5.04,0.0,0.509,0.4969186524116044,0.5081357458215114,FAR,FAR,-0.31627149164302293,1,,,0.01,0
C3_n0.01_d000_r01,C3,202618,5.06,5.06,0.0,0.50725,0.5004853539809954,0.5062231478613824,FAR,FAR,-0.31244629572276494,1,,,0.01,0
C3_n0.01_d000_r01,C3,202618,5.08,5.08,0.0,0.5055,0.5053682725864966,0.506009429042661,FAR,FAR,-0.31201885808532204,1,,,0.01,0
C3_n0.01_d000_r01,C3,202618,5.1,5.1,0.0,0.50375,0.5009322086631187,0.5047401239477753,FAR,FAR,-0.30948024789555073,1,,,0.01,0
C3_n0.01_d000_r01,C3,202618,5.12,5.12,0.0,0.502,0.5255318834778848,0.5099380638303027,FAR,FAR,-0.31987612766060547,1,,,0.01,0
C3_n0.01_d000_r01,C3,202618,5.14,5.14,0.0,0.50025,0.508676781274195,0.5096227431912758,FAR,FAR,-0.31924548638255157,1,,,0.01,0
C3_n0.01_d000_r01,C3,202618,5.16,5.16,0.0,0.49849999999999994,0.4936655082121681,0.5056334344464988,FAR,FAR,-0.3112668688929976,1,,,0.01,0
C3_n0.01_d000_r01,C3,202618,5.18,5.18,0.0,0.49675,0.5042001011934145,0.5052751011332277,FAR,FAR,-0.31055020226645547,1,,,0.01,0
C3_n0.01_d000_r01,C3,202618,5.2,5.2,0.0,0.495,0.48613284360697995,0.5004895367516657,FAR,FAR,-0.30097907350333153,1,,,0.01,0
C3_n0.01_d000_r01,C3,202618,5.22,5.22,0.0,0.49325,0.5137322108234005,0.5038002052695995,FAR,FAR,-0.30760041053919895,1,,,0.01,0
C3_n0.01_d000_r01,C3,202618,5.24,5.24,0.0,0.49149999999999994,0.492622652840901,0.5010058171624248,FAR,FAR,-0.30201163432484956,1,,,0.01,0
C3_n0.01_d000_r01,C3,202618,5.26,5.26,0.0,0.48975,0.4985004447492714,0.5003794740591364,FAR,FAR,-0.30075894811827286,1,,,0.01,0
C3_n0.01_d000_r01,C3,202618,5.28,5.28,0.0,0.488,0.5027598757830767,0.5009745744901215,FAR,FAR,-0.30194914898024305,1,,,0.01,0
C3_n0.01_d000_r01,C3,202618,5.3,5.3,0.0,0.48625,0.488926742206442,0.49796261641920164,FAR,FAR,-0.29592523283840333,1,,,0.01,0
C3_n0.01_d000_r01,C3,202618,5.32,5.32,0.0,0.48449999999999993,0.4728497537626876,0.49168440075507314,FAR,FAR,-0.2833688015101463,1,,,0.01,0
C3_n0.01_d000_r01,C3,202618,5.34,5.34,0.0,0.48275,0.4972617977961453,0.4930787500153412,FAR,FAR,-0.2861575000306824,1,,,0.01,0
C3_n0.01_d000_r01,C3,202618,5.36,5.36,0.0,0.481,0.4796725059504851,0.4897271889991272,FAR,FAR,-0.27945437799825446,1,,,0.01,0
C3_n0.01_d000_r01,C3,202618,5.38,5.38,0.0,0.47925,0.4949464582472146,0.49103200631114907,FAR,FAR,-0.2820640126222982,1,,,0.01,0
C3_n0.01_d000_r01,C3,202618,5.4,5.4,0.0,0.4774999999999999,0.4646903398916568,0.484446589706276,FAR,FAR,-0.2688931794125521,1,,,0.01,0
C3_n0.01_d000_r01,C3,202618,5.42,5.42,0.0,0.47575,0.4761099306982987,0.4823624249542817,FAR,FAR,-0.2647248499085635,1,,,0.01,0
C3_n0.01_d000_r01,C3,202618,5.44,5.44,0.0,0.474,0.48190259245736483,0.4822474668300525,FAR,FAR,-0.264494933660105,1,,,0.01,0
C3_n0.01_d000_r01,C3,202618,5.46,5.46,0.0,0.47224999999999995,0.48652226359808415,0.4833161660220604,FAR,FAR,-0.26663233204412085,1,,,0.01,0
C3_n0.01_d000_r01,C3,202618,5.48,5.48,0.0,0.4704999999999999,0.4819354539203788,0.48297098799664,FAR,FAR,-0.26594197599328007,1,,,0.01,0
C3_n0.01_d000_r01,C3,202618,5.5,5.5,0.0,0.46875,0.47755016393066885,0.4816157819801472,FAR,FAR,-0.26323156396029446,1,,,0.01,0
C3_n0.01_d000_r01,C3,202618,5.52,5.52,0.0,0.467,0.45689773737409445,0.47543627082863404,FAR,FAR,-0.25087254165726813,1,,,0.01,0
C3_n0.01_d000_r01,C3,202618,5.54,5.54,0.0,0.46525,0.4619730706978043,0.4720704707959266,FAR,FAR,-0.2441409415918533,1,,,0.01,0
C3_n0.01_d000_r01,C3,202618,5.56,5.56,0.0,0.4635,0.45594919388615307,0.4680401515684832,FAR,FAR,-0.23608030313696649,1,,,0.01,0
C3_n0.01_d000_r01,C3,202618,5.58,5.58,0.0,0.46175,0.4608018760319677,0.4662305826843543,FAR,FAR,-0.23246116536870864,1,,,0.01,0
C3_n0.01_d000_r01,C3,202618,5.6,5.6,0.0,0.46,0.4620264207650365,0.46517954220452484,FAR,FAR,-0.23035908440904973,1,,,0.01,0
C3_n0.01_d000_r01,C3,202618,5.62,5.62,0.0,0.45825,0.4500205028690397,0.46138978237065353,FAR,FAR,-0.2227795647413071,1,,,0.01,0
C3_n0.01_d000_r01,C3,202618,5.64,5.64,0.0,0.4565,0.4576457267233231,0.4604537684588209,FAR,FAR,-0.22090753691764187,1,,,0.01,0
C3_n0.01_d000_r01,C3,202618,5.66,5.66,0.0,0.45475,0.46228784174480364,0.4609122867803166,FAR,FAR,-0.22182457356063323,1,,,0.01,0
C3_n0.01_d000_r01,C3,202618,5.68,5.68,0.0,0.453,0.4756021100180008,0.46458474258973764,FAR,FAR,-0.22916948517947533,1,,,0.01,0
C3_n0.01_d000_r01,C3,202618,5.7,5.7,0.0,0.45125,0.4610853811789513,0.46370990223704106,FAR,FAR,-0.22741980447408217,1,,,0.01,0
C3_n0.01_d000_r01,C3,202618,5.72,5.72,0.0,0.4495,0.4566639039391191,0.4619484026625606,FAR,FAR,-0.22389680532512124,1,,,0.01,0
C3_n0.01_d000_r01,C3,202618,5.74,5.74,0.0,0.44775,0.4486440556894097,0.4586223159192728,FAR,FAR,-0.2172446318385457,1,,,0.01,0
C3_n0.01_d000_r01,C3,202618,5.76,5.76,0.0,0.446,0.4513799318328744,0.4568117198976732,FAR,FAR,-0.21362343979534648,1,,,0.01,0
C3_n0.01_d000_r01,C3,202618,5.78,5.78,0.0,0.44425,0.46078489066409944,0.4578050125892798,FAR,FAR,-0.21561002517855965,1,,,0.01,0
C3_n0.01_d000_r01,C3,202618,5.8,5.8,0.0,0.4425,0.45164765490096453,0.45626567316720096,FAR,FAR,-0.21253134633440196,1,,,0.01,0
C3_n0.01_d000_r01,C3,202618,5.82,5.82,0.0,0.44075,0.42036342194349324,0.44729011036127403,FAR,FAR,-0.1945802207225481,1,,,0.01,0
C3_n0.01_d000_r01,C3,202618,5.84,5.84,0.0,0.439,0.4501261005965709,0.4479991079200982,FAR,FAR,-0.1959982158401965,1,,,0.01,0
C3_n0.01_d000_r01,C3,202618,5.86,5.86,0.0,0.43724999999999997,0.42914672371424806,0.4432860118686357,FAR,FAR,-0.18657202373727144,1,,,0.01,0
C3_n0.01_d000_r01,C3,202618,5.88,5.88,0.0,0.4355,0.42772117309706376,0.4393948021757427,FAR,FAR,-0.1787896043514855,1,,,0.01,0
C3_n0.01_d000_r01,C3,202618,5.9,5.9,0.0,0.43374999999999997,0.42936675991761797,0.4368877916112115,FAR,FAR,-0.17377558322242304,1,,,0.01,0
C3_n0.01_d000_r01,C3,202618,5.92,5.92,0.0,0.432,0.42895474254793153,0.4349045293453915,FAR,FAR,-0.169809058690783,1,,,0.01,0
C3_n0.01_d000_r01,C3,202618,5.94,5.94,0.0,0.43024999999999997,0.44665265018086237,0.4378415595542592,FAR,FAR,-0.17568311910851842,1,,,0.01,0
C3_n0.01_d000_r01,C3,202618,5.96,5.96,0.0,0.4285,0.4367819298629151,0.43757665213142316,FAR,FAR,-0.17515330426284637,1,,,0.01,0
C3_n0.01_d000_r01,C3,202618,5.98,5.98,0.0,0.42674999999999996,0.43355397602738605,0.4365709831054139,FAR,FAR,-0.1731419662108279,1,,,0.01,0
C3_n0.01_d000_r01,C3,202618,6.0,6.0,0.0,0.425,0.4148986528624763,0.43115290054467953,FAR,FAR,-0.1623058010893591,1,,,0.01,0
C3_n0.01_d000_r01,C3,202618,6.02,6.02,0.0,0.42325,0.4275858375573587,0.43026113479784933,FAR,FAR,-0.1605222695956987,1,,,0.01,0
C3_n0.01_d000_r01,C3,202618,6.04,6.04,0.0,0.4215,0.42367034135619386,0.42861343643743544,FAR,FAR,-0.15722687287487092,1,,,0.01,0
C3_n0.01_d000_r01,C3,202618,6.06,6.06,0.0,0.41975,0.39839183233051156,0.42105803541070447,FAR,FAR,-0.14211607082140898,1,,,0.01,0
C3_n0.01_d000_r01,C3,202618,6.08,6.08,0.0,0.418,0.41823440439063647,0.42035212765568747,FAR,FAR,-0.14070425531137498,1,,,0.01,0
C3_n0.01_d000_r01,C3,202618,6.1,6.1,0.0,0.41625,0.40350941106109467,0.41614144850703927,FAR,FAR,-0.13228289701407858,1,,,0.01,0
C3_n0.01_d000_r01,C3,202618,6.12,6.12,0.0,0.4145,0.41083555488635815,0.41481497510186904,FAR,FAR,-0.12962995020373813,1,,,0.01,0
C3_n0.01_d000_r01,C3,202618,6.14,6.14,0.0,0.41275,0.41601876138582317,0.4151159216728576,FAR,FAR,-0.13023184334571525,1,,,0.01,0
C3_n0.01_d000_r01,C3,202618,6.16,6.16,0.0,0.411,0.41819833414478336,0.415886524790839,FAR,FAR,-0.13177304958167801,1,,,0.01,0
C3_n0.01_d000_r01,C3,202618,6.18,6.18,0.0,0.40925,0.4108519351582776,0.41462787738269863,FAR,FAR,-0.1292557547653973,1,,,0.01,0
C3_n0.01_d000_r01,C3,202618,6.2,6.2,0.0,0.4075,0.3884685187279764,0.4080880377190181,FAR,FAR,-0.11617607543803621,1,,,0.01,0
C3_n0.01_d000_r01,C3,202618,6.22,6.22,0.0,0.40575,0.4186856332655682,0.4107374366056556,FAR,FAR,-0.12147487321131123,1,,,0.01,0
C3_n0.01_d000_r01,C3,202618,6.24,6.24,0.0,0.40399999999999997,0.41379465268036814,0.41150174062433376,FAR,FAR,-0.12300348124866756,1,,,0.01,0
C3_n0.01_d000_r01,C3,202618,6.26,6.26,0.0,0.40225,0.4079501551816853,0.41061384426367165,FAR,FAR,-0.12122768852734334,1,,,0.01,0
C3_n0.01_d000_r01,C3,202618,6.28,6.28,0.0,0.40049999999999997,0.409678030626406,0.4103798908543553,FAR,FAR,-0.1207597817087106,1,,,0.01,0
C3_n0.01_d000_r01,C3,202618,6.3,6.3,0.0,0.39875,0.40208160047587604,0.4083053182597355,FAR,FAR,-0.11661063651947101,1,,,0.01,0
C3_n0.01_d000_r01,C3,202618,6.32,6.32,0.0,0.39699999999999996,0.387670436759398,0.4031465978846511,FAR,FAR,-0.1062931957693023,1,,,0.01,0
C3_n0.01_d000_r01,C3,202618,6.34,6.34,0.0,0.39525,0.3984982198715998,0.4019845033813883,FAR,FAR,-0.10396900676277665,1,,,0.01,0
C3_n0.01_d000_r01,C3,202618,6.36,6.36,0.0,0.39349999999999996,0.40006900654766486,0.40150562917295746,FAR,FAR,-0.10301125834591496,1,,,0.01,0
C3_n0.01_d000_r01,C3,202618,6.38,6.38,0.0,0.39175,0.3678657950738721,0.3930956706481861,FAR,FAR,-0.08619134129637229,1,,,0.01,0
C3_n0.01_d000_r01,C3,202618,6.4,6.4,0.0,0.38999999999999996,0.3814250324517723,0.3901780110990827,FAR,FAR,-0.0803560221981654,1,,,0.01,0
C3_n0.01_d000_r01,C3,202618,6.42,6.42,0.0,0.38825,0.3872136436553278,0.38943691923814394,FAR,FAR,-0.07887383847628793,1,,,0.01,0
C3_n0.01_d000_r01,C3,202618,6.44,6.44,0.0,0.38649999999999995,0.3864344596668732,0.38868630434532625,FAR,FAR,-0.07737260869065254,1,,,0.01,0
C3_n0.01_d000_r01,C3,202618,6.46,6.46,0.0,0.38475,0.39079502200368577,0.38921348375991616,FAR,FAR,-0.07842696751983236,1,,,0.01,0
C3_n0.01_d000_r01,C3,202618,6.48,6.48,0.0,0.38299999999999995,0.3684585477478142,0.38402474975689066,FAR,FAR,-0.06804949951378136,1,,,0.01,0
C3_n0.01_d000_r01,C3,202618,6.5,6.5,0.0,0.38125,0.39445336156759797,0.3866319027095675,FAR,FAR,-0.07326380541913502,1,,,0.01,0
C3_n0.01_d000_r01,C3,202618,6.52,6.52,0.0,0.37950000000000006,0.37334929799265265,0.3833112515303388,FAR,FAR,-0.06662250306067763,1,,,0.01,0
C3_n0.01_d000_r01,C3,202618,6.54,6.54,0.0,0.37775000000000003,0.3785049065647554,0.38210966528894297,FAR,FAR,-0.06421933057788598,1,,,0.01,0
C3_n0.01_d000_r01,C3,202618,6.56,6.56,0.0,0.376,0.38644769155095693,0.3831941718544465,FAR,FAR,-0.06638834370889302,1,,,0.01,0
C3_n0.01_d000_r01,C3,202618,6.58,6.58,0.0,0.37424999999999997,0.3759884350956262,0.3813927376647414,FAR,FAR,-0.06278547532948286,1,,,0.01,0
C3_n0.01_d000_r01,C3,202618,6.6,6.6,0.0,0.37250000000000005,0.3848391140640143,0.3822543317645596,FAR,FAR,-0.06450866352911921,1,,,0.01,0
C3_n0.01_d000_r01,C3,202618,6.62,6.62,0.0,0.37075,0.3413822616333166,0.3720363142317489,FAR,FAR,-0.0440726284634978,1,,,0.01,0
C3_n0.01_d000_r01,C3,202618,6.64,6.64,0.0,0.369,0.35289551991646606,0.3672511156529282,FAR,FAR,-0.03450223130585639,1,,,0.01,0
C3_n0.01_d000_r01,C3,202618,6.66,6.66,0.0,0.36724999999999997,0.3755223446353927,0.3693189228985443,FAR,FAR,-0.03863784579708862,1,,,0.01,0
C3_n0.01_d000_r01,C3,202618,6.68,6.68,0.0,0.36550000000000005,0.3576751240122828,0.36640797317697893,FAR,FAR,-0.0328159463539579,1,,,0.01,0
C3_n0.01_d000_r01,C3,202618,6.7,6.7,0.0,0.36375,0.35725587246048846,0.3641199479978563,FAR,FAR,-0.02823989599571264,1,,,0.01,0
C3_n0.01_d000_r01,C3,202618,6.72,6.72,0.0,0.362,0.35936502988577423,0.3629312184698358,FAR,FAR,-0.025862436939671607,1,,,0.01,0
C3_n0.01_d000_r01,C3,202618,6.74,6.74,0.0,0.36024999999999996,0.36544056130033614,0.3635585541774609,FAR,FAR,-0.02711710835492187,1,,,0.01,0
C3_n0.01_d000_r01,C3,202618,6.76,6.76,0.0,0.35850000000000004,0.3610833791156342,0.36293976041200426,FAR,FAR,-0.025879520824008573,1,,,0.01,0
C3_n0.01_d000_r01,C3,202618,6.78,6.78,0.0,0.35675,0.3441545438028592,0.358243456259718,FAR,FAR,-0.016486912519436014,1,,,0.01,0
C3_n0.01_d000_r01,C3,202618,6.8,6.8,0.0,0.355,0.34620263464148615,0.35523325085516005,FAR,FAR,-0.010466501710320153,1,,,0.01,0
C3_n0.01_d000_r01,C3,202618,6.82,6.82,0.0,0.35324999999999995,0.3439255002437703,0.3524063132023126,FAR,FAR,-0.004812626404625209,1,,,0.01,0
C3_n0.01_d000_r01,C3,202618,6.84,6.84,0.0,0.35150000000000003,0.34756182035935707,0.35119518999157373,FAR,FAR,-0.002390379983147506,1,,,0.01,0
C3_n0.01_d000_r01,C3,202618,6.86,6.86,0.0,0.34974999999999995,0.3379781881244634,0.34789093952479616,NEAR,NEAR,0.004218120950407633,1,ENTER_NEAR,,0.01,0
C3_n0.01_d000_r01,C3,202618,6.88,6.88,0.0,0.348,0.33983841339774107,0.34587780799303236,NEAR,NEAR,0.008244384013935235,1,,,0.01,0
C3_n0.01_d000_r01,C3,202618,6.9,6.9,0.0,0.34624999999999995,0.3358989072760106,0.34338308281377694,NEAR,NEAR,0.013233834372446074,1,,,0.01,0
C3_n0.01_d000_r01,C3,202618,6.92,6.92,0.0,0.3445,0.3496898651951859,0.34495977840912917,NEAR,NEAR,0.010080443181741616,1,,,0.01,0
C3_n0.01_d000_r01,C3,202618,6.94,6.94,0.0,0.34274999999999994,0.34399564773038854,0.344718745739444,NEAR,NEAR,0.010562508521111957,1,,,0.01,0
C3_n0.01_d000_r01,C3,202618,6.96,6.96,0.0,0.34099999999999997,0.33767654592147617,0.342958195784952,NEAR,NEAR,0.014083608430095929,1,,,0.01,0
C3_n0.01_d000_r01,C3,202618,6.98,6.98,0.0,0.33924999999999994,0.34614662532080714,0.3437553031689158,NEAR,NEAR,0.012489393662168391,1,,,0.01,0
C3_n0.01_d000_r01,C3,202618,7.0,7.0,0.0,0.3375,0.3435020483996055,0.3436919894765882,NEAR,NEAR,0.012616021046823578,1,,,0.01,0
C3_n0.01_d000_r01,C3,202618,7.02,7.02,0.0,0.33575000000000005,0.35261844579012985,0.3459236035549736,NEAR,NEAR,0.008152792890052774,1,,,0.01,0
C3_n0.01_d000_r01,C3,202618,7.04,7.04,0.0,0.334,0.3183622187136125,0.3390332573446333,NEAR,NEAR,0.02193348531073336,1,,,0.01,0
C3_n0.01_d000_r01,C3,202618,7.06,7.06,0.0,0.33225000000000005,0.342251579814114,0.3398378379620035,NEAR,NEAR,0.02032432407599294,1,,,0.01,0
C3_n0.01_d000_r01,C3,202618,7.08,7.08,0.0,0.3305,0.3357429669051073,0.33881412019777946,NEAR,NEAR,0.022371759604441044,1,,,0.01,0
C3_n0.01_d000_r01,C3,202618,7.1,7.1,0.0,0.32875000000000004,0.334169142221949,0.33765287570382185,NEAR,NEAR,0.02469424859235625,1,,,0.01,0
C3_n0.01_d000_r01,C3,202618,7.12,7.12,0.0,0.327,0.3207787820049166,0.33343435227909557,NEAR,NEAR,0.03313129544180882,1,,,0.01,0
C3_n0.01_d000_r01,C3,202618,7.14,7.14,0.0,0.32525000000000004,0.30800651760681147,0.3270773936110245,NEAR,NEAR,0.04584521277795095,1,,,0.01,0
C3_n0.01_d000_r01,C3,202618,7.16,7.16,0.0,0.3235,0.32032088436045086,0.3253882662983811,NEAR,NEAR,0.0492234674032378,1,,,0.01,0
C3_n0.01_d000_r01,C3,202618,7.18,7.18,0.0,0.32175000000000004,0.3320398648796277,0.3270511659436927,NEAR,NEAR,0.04589766811261453,1,,,0.01,0
C3_n0.01_d000_r01,C3,202618,7.2,7.2,0.0,0.32,0.30319403039661647,0.32108688205692365,NEAR,NEAR,0.057826235886152655,1,,,0.01,0
C3_n0.01_d000_r01,C3,202618,7.22,7.22,0.0,0.31825000000000003,0.30676453531804265,0.3175062953722034,NEAR,NEAR,0.06498740925559321,1,,,0.01,0
C3_n0.01_d000_r01,C3,202618,7.24,7.24,0.0,0.3165,0.3046593506244087,0.3142945591852547,NEAR,NEAR,0.07141088162949061,1,,,0.01,0
C3_n0.01_d000_r01,C3,202618,7.26,7.26,0.0,0.31475000000000003,0.3034298725969168,0.31157838753817024,NEAR,NEAR,0.07684322492365947,1,,,0.01,0
C3_n0.01_d000_r01,C3,202618,7.28,7.28,0.0,0.313,0.31501976141083277,0.3124387310063359,NEAR,NEAR,0.07512253798732815,1,,,0.01,0
C3_n0.01_d000_r01,C3,202618,7.3,7.3,0.0,0.31125,0.3232223935846163,0.315134646650906,NEAR,NEAR,0.06973070669818793,1,,,0.01,0
C3_n0.01_d000_r01,C3,202618,7.32,7.32,0.0,0.3095,0.30883579932343025,0.3135599348190371,NEAR,NEAR,0.07288013036192575,1,,,0.01,0
C3_n0.01_d000_r01,C3,202618,7.34,7.34,0.0,0.30775,0.3121694792423658,0.3132123209248693,NEAR,NEAR,0.0735753581502614,1,,,0.01,0
C3_n0.01_d000_r01,C3,202618,7.36,7.36,0.0,0.306,0.3208664816012984,0.31512586109397656,NEAR,NEAR,0.06974827781204684,1,,,0.01,0
C3_n0.01_d000_r01,C3,202618,7.38,7.38,0.0,0.30425,0.3054689565022383,0.312711634946042,NEAR,NEAR,0.07457673010791599,1,,,0.01,0
C3_n0.01_d000_r01,C3,202618,7.4,7.4,0.0,0.3025,0.3082920572204648,0.3116067405146477,NEAR,NEAR,0.07678651897070454,1,,,0.01,0
C3_n0.01_d000_r01,C3,202618,7.42,7.42,0.0,0.30075,0.3112929730716743,0.31152829865390436,NEAR,NEAR,0.07694340269219124,1,,,0.01,0
C3_n0.01_d000_r01,C3,202618,7.44,7.44,0.0,0.299,0.30072723563022125,0.3088280328979836,NEAR,NEAR,0.08234393420403274,1,,,0.01,0
C3_n0.01_d000_r01,C3,202618,7.46,7.46,0.0,0.29725,0.29156077545791276,0.3045112185379659,NEAR,NEAR,0.09097756292406811,1,,,0.01,0
C3_n0.01_d000_r01,C3,202618,7.48,7.48,0.0,0.2955,0.27950331570344866,0.2982592428293366,NEAR,NEAR,0.1034815143413268,1,,,0.01,0
C3_n0.01_d000_r01,C3,202618,7.5,7.5,0.0,0.29375,0.29747747980183453,0.2980638020724611,NEAR,NEAR,0.10387239585507779,1,,,0.01,0
C3_n0.01_d000_r01,C3,202618,7.52,7.52,0.0,0.29200000000000004,0.2948630730406812,0.2972636198145161,NEAR,NEAR,0.10547276037096776,1,,,0.01,0
C3_n0.01_d000_r01,C3,202618,7.54,7.54,0.0,0.29025,0.29306372969816064,0.2962136472854272,NEAR,NEAR,0.10757270542914554,1,,,0.01,0
C3_n0.01_d000_r01,C3,202618,7.56,7.56,0.0,0.28850000000000003,0.29249008472170707,0.29528275664449716,NEAR,NEAR,0.10943448671100564,1,,,0.01,0
C3_n0.01_d000_r01,C3,202618,7.58,7.58,0.0,0.28675,0.30155641309492404,0.2968511707571039,NEAR,NEAR,0.1062976584857922,1,,,0.01,0
C3_n0.01_d000_r01,C3,202618,7.6,7.6,0.0,0.28500000000000003,0.27116952442854986,0.29043075917496536,NEAR,NEAR,0.11913848165006924,1,,,0.01,0
C3_n0.01_d000_r01,C3,202618,7.62,7.62,0.0,0.28325,0.2707783976509551,0.2855176687939628,NEAR,NEAR,0.12896466241207438,1,,,0.01,0
C3_n0.01_d000_r01,C3,202618,7.64,7.64,0.0,0.28150000000000003,0.28667167713382236,0.2858061708789277,NEAR,NEAR,0.1283876582421446,1,,,0.01,0
C3_n0.01_d000_r01,C3,202618,7.66,7.66,0.0,0.27975,0.27153221107533715,0.28223768092803003,NEAR,NEAR,0.1355246381439399,1,,,0.01,0
C3_n0.01_d000_r01,C3,202618,7.68,7.68,0.0,0.278,0.2563317160840583,0.2757611897170371,NEAR,NEAR,0.14847762056592573,1,,,0.01,0
C3_n0.01_d000_r01,C3,202618,7.7,7.7,0.0,0.27625,0.3012343080225988,0.2821294692934275,NEAR,NEAR,0.1357410614131449,1,,,0.01,0
C3_n0.01_d000_r01,C3,202618,7.72,7.72,0.0,0.2745,0.2695523353277386,0.27898518580200526,NEAR,NEAR,0.14202962839598943,1,,,0.01,0
C3_n0.01_d000_r01,C3,202618,7.74,7.74,0.0,0.27275,0.28035780582304015,0.279328340807264,NEAR,NEAR,0.14134331838547198,1,,,0.01,0
C3_n0.01_d000_r01,C3,202618,7.76,7.76,0.0,0.271,0.2772094030363723,0.27879860636454107,NEAR,NEAR,0.14240278727091782,1,,,0.01,0
C3_n0.01_d000_r01,C3,202618,7.78,7.78,0.0,0.26925,0.2758928889114998,0.27807217700128073,NEAR,NEAR,0.1438556459974385,1,,,0.01,0
C3_n0.01_d000_r01,C3,202618,7.8,7.8,0.0,0.2675,0.28286220970346704,0.2792696851768273,NEAR,NEAR,0.14146062964634532,1,,,0.01,0
C3_n0.01_d000_r01,C3,202618,7.82,7.82,0.0,0.26575,0.26117297571398645,0.2747455078111171,NEAR,NEAR,0.15050898437776572,1,,,0.01,0
C3_n0.01_d000_r01,C3,202618,7.84,7.84,0.0,0.264,0.2656313248538826,0.2724669620718085,NEAR,NEAR,0.155066075856383,1,,,0.01,0
C3_n0.01_d000_r01,C3,202618,7.86,7.86,0.0,0.26225,0.26085768092864436,0.26956464178601747,NEAR,NEAR,0.16087071642796502,1,,,0.01,0
C3_n0.01_d000_r01,C3,202618,7.88,7.88,0.0,0.2605,0.2714239701626703,0.27002947388018067,NEAR,NEAR,0.15994105223963861,1,,,0.01,0
C3_n0.01_d000_r01,C3,202618,7.9,7.9,0.0,0.25875,0.2590094502812031,0.26727446798043625,NEAR,NEAR,0.16545106403912746,1,,,0.01,0
C3_n0.01_d000_r01,C3,202618,7.92,7.92,0.0,0.257,0.2623068295543957,0.26603255837392614,NEAR,NEAR,0.16793488325214767,1,,,0.01,0
C3_n0.01_d000_r01,C3,202618,7.94,7.94,0.0,0.25525,0.2577201756587796,0.2639544626951395,NEAR,NEAR,0.17209107460972095,1,,,0.01,0
C3_n0.01_d000_r01,C3,202618,7.96,7.96,0.0,0.2535,0.2518879367775225,0.2609378312157352,NEAR,NEAR,0.17812433756852952,1,,,0.01,0
C3_n0.01_d000_r01,C3,202618,7.98,7.98,0.0,0.25175,0.2633322392718063,0.261536433229753,NEAR,NEAR,0.17692713354049394,1,,,0.01,0
C3_n0.01_d000_r01,C3,202618,8.0,8.0,0.0,0.25,0.24871473034168248,0.2583310075077354,NEAR,NEAR,0.18333798498452913,1,,,0.01,0
C3_n0.01_d000_r01,C3,202618,8.02,8.02,0.0,0.2522533838368113,0.2371554465367637,0.2530371172649925,NEAR,NEAR,0.19392576547001494,1,,,0.01,0
C3_n0.01_d000_r01,C3,202618,8.04,8.04,0.0,0.25445562372365543,0.2740281932600122,0.2582848862637474,NEAR,NEAR,0.18343022747250515,1,,,0.01,0
C3_n0.01_d000_r01,C3,202618,8.06,8.06,0.0,0.25655673649976407,0.26198132618629605,0.25920899624438454,NEAR,NEAR,0.18158200751123088,1,,,0.01,0
C3_n0.01_d000_r01,C3,202618,8.08,8.08,0.0,0.25850903423690136,0.26775167985698345,0.26134466714753424,NEAR,NEAR,0.17731066570493148,1,,,0.01,0
C3_n0.01_d000_r01,C3,202618,8.1,8.1,0.0,0.2602682065889303,0.25154064081972155,0.25889366056558105,NEAR,NEAR,0.18221267886883785,1,,,0.01,0
C3_n0.01_d000_r01,C3,202618,8.12,8.12,0.0,0.26179432648204926,0.26067000636617715,0.2593377470157301,NEAR,NEAR,0.18132450596853977,1,,,0.01,0
C3_n0.01_d000_r01,C3,202618,8.14,8.14,0.0,0.26305275632004294,0.26936586003779256,0.2618447752712457,NEAR,NEAR,0.1763104494575085,1,,,0.01,0
C3_n0.01_d000_r01,C3,202618,8.16,8.16,0.0,0.2640149341368492,0.27089153378195197,0.2641064648989223,NEAR,NEAR,0.17178707020215533,1,,,0.01,0
C3_n0.01_d000_r01,C3,202618,8.18,8.18,0.0,0.2646590218535229,0.2666258848745244,0.2647363198928228,NEAR,NEAR,0.17052736021435433,1,,,0.01,0
C3_n0.01_d000_r01,C3,202618,8.2,8.2,0.0,0.26497040092642404,0.26859310594223385,0.26570051640517556,NEAR,NEAR,0.16859896718964884,1,,,0.01,0
C3_n0.01_d000_r01,C3,202618,8.22,8.22,0.0,0.2649420041371476,0.26556238421918776,0.26566598335867864,NEAR,NEAR,0.16866803328264268,1,,,0.01,0
C3_n0.01_d000_r01,C3,202618,8.24,8.24,0.0,0.2645744759937201,0.2672764962458612,0.2660686115804743,NEAR,NEAR,0.16786277683905138,1,,,0.01,0
C3_n0.01_d000_r01,C3,202618,8.26,8.26,0.0,0.26387615810251686,0.2699440589503718,0.2670374734229487,NEAR,NEAR,0.16592505315410255,1,,,0.01,0
C3_n0.01_d000_r01,C3,202618,8.28,8.28,0.0,0.26286289984290484,0.26543120712546253,0.2666359068485772,NEAR,NEAR,0.16672818630284558,1,,,0.01,0
C3_n0.01_d000_r01,C3,202618,8.3,8.3,0.0,0.2615576986416368,0.2706430709451224,0.2676376978727135,NEAR,NEAR,0.16472460425457291,1,,,0.01,0
C3_n0.01_d000_r01,C3,202618,8.32,8.32,0.0,0.25999017801151375,0.252457552272582,0.26384266147268065,NEAR,NEAR,0.17231467705463865,1,,,0.01,0
C3_n0.01_d000_r01,C3,202618,8.34,8.34,0.0,0.25819591520101404,0.2585486881812562,0.26251916814982457,NEAR,NEAR,0.17496166370035082,1,,,0.01,0
C3_n0.01_d000_r01,C3,202618,8.36,8.36,0.0,0.2562156337148993,0.25744795638678736,0.2612513652090653,NEAR,NEAR,0.1774972695818694,1,,,0.01,0
C3_n0.01_d000_r01,C3,202618,8.38,8.38,0.0,0.2540942790327598,0.24020633558744342,0.2559901078036598,NEAR,NEAR,0.1880197843926803,1,,,0.01,0
C3_n0.01_d000_r01,C3,202618,8.4,8.4,0.0,0.25187999850346454,0.2617113431785784,0.25742041664738946,NEAR,NEAR,0.18515916670522103,1,,,0.01,0
C3_n0.01_d000_r01,C3,202618,8.42,8.42,0.0,0.24962304856834994,0.24093667387720985,0.25329948095484456,NEAR,NEAR,0.19340103809031084,1,,,0.01,0
C3_n0.01_d000_r01,C3,202618,8.44,8.44,0.0,0.2473746541153709,0.23645477098177892,0.24908830346157815,NEAR,NEAR,0.20182339307684366,1,,,0.01,0
C3_n0.01_d000_r01,C3,202618,8.46,8.46,0.0,0.24518584585289177,0.24792074496619826,0.24879641383773315,NEAR,NEAR,0.20240717232453365,1,,,0.01,0
C3_n0.01_d000_r01,C3,202618,8.48,8.48,0.0,0.24310630209067763,0.22179511702880997,0.24204608963550234,NEAR,NEAR,0.21590782072899528,1,,,0.01,0
C3_n0.01_d000_r01,C3,202618,8.5,8.5,0.0,0.24118322121561292,0.23525911569543928,0.2403493461504866,NEAR,NEAR,0.21930130769902678,1,,,0.01,0
C3_n0.01_d000_r01,C3,202618,8.52,8.52,0.0,0.2394602504530173,0.238106280303471,0.23978857968873268,NEAR,NEAR,0.2204228406225346,1,,,0.01,0
C3_n0.01_d000_r01,C3,202618,8.54,8.54,0.0,0.23797649522693692,0.24580732615861395,0.241293266306203,NEAR,NEAR,0.21741346738759393,1,,,0.01,0
C3_n0.01_d000_r01,C3,202618,8.56,8.56,0.0,0.23676563160347566,0.22681850280227644,0.23767457543022136,NEAR,NEAR,0.22465084913955724,1,,,0.01,0
C3_n0.01_d000_r01,C3,202618,8.58,8.58,0.0,0.23585514196160703,0.24555520077773027,0.23964473176709858,NEAR,NEAR,0.2207105364658028,1,,,0.01,0
C3_n0.01_d000_r01,C3,202618,8.6,8.6,0.0,0.23526569123906968,0.2375227872655535,0.23911424564171233,NEAR,NEAR,0.2217715087165753,1,,,0.01,0
C3_n0.01_d000_r01,C3,202618,8.62,8.62,0.0,0.23501065791039116,0.227249429139168,0.23614804151607624,NEAR,NEAR,0.22770391696784748,1,,,0.01,0
C3_n0.01_d000_r01,C3,202618,8.64,8.64,0.0,0.23509583034219989,0.23530999570097294,0.23593853006230042,NEAR,NEAR,0.2281229398753991,1,,,0.01,0
C3_n0.01_d000_r01,C3,202618,8.66,8.66,0.0,0.2355192754175009,0.24850418247343445,0.2390799431650839,NEAR,NEAR,0.22184011366983214,1,,,0.01,0
C3_n0.01_d000_r01,C3,202618,8.68,8.68,0.0,0.23627138241068624,0.23319731834661764,0.23760928696046735,NEAR,NEAR,0.22478142607906526,1,,,0.01,0
C3_n0.01_d000_r01,C3,202618,8.7,8.7,0.0,0.23733508111746973,0.24201655327104205,0.23871110353811104,NEAR,NEAR,0.22257779292377788,1,,,0.01,0
C3_n0.01_d000_r01,C3,202618,8.72,8.72,0.0,0.2386862292889585,0.22732831535076498,0.23586540649127452,NEAR,NEAR,0.22826918701745091,1,,,0.01,0
C3_n0.01_d000_r01,C3,202618,8.74,8.74,0.0,0.24029416057645836,0.24748337748712707,0.23876989924023767,NEAR,NEAR,0.22246020151952461,1,,,0.01,0
C3_n0.01_d000_r01,C3,202618,8.76,8.76,0.0,0.24212238055058052,0.24778632538213732,0.2410240057757126,NEAR,NEAR,0.21795198844857477,1,,,0.01,0
C3_n0.01_d000_r01,C3,202618,8.78,8.78,0.0,0.24412939499744188,0.2405822298900245,0.24091356180429058,NEAR,NEAR,0.2181728763914188,1,,,0.01,0
C3_n0.01_d000_r01,C3,202618,8.8,8.8,0.0,0.24626965169252724,0.22936382246136489,0.23802612696855915,NEAR,NEAR,0.22394774606288165,1,,,0.01,0
C3_n0.01_d000_r01,C3,202618,8.82,8.82,0.0,0.2484945742772318,0.2378214963049211,0.23797496930264964,NEAR,NEAR,0.22405006139470068,1,,,0.01,0
C3_n0.01_d000_r01,C3,202618,8.84,8.84,0.0,0.2507536647726965,0.2653582797571268,0.24482079691626893,NEAR,NEAR,0.2103584061674621,1,,,0.01,0
C3_n0.01_d000_r01,C3,202618,8.86,8.86,0.0,0.25299564970771604,0.24357995296058904,0.24451058592734898,NEAR,NEAR,0.210978828145302,1,,,0.01,0
C3_n0.01_d000_r01,C3,202618,8.88,8.88,0.0,0.2551696438476178,0.25535554484848644,0.24722182565763334,NEAR,NEAR,0.20555634868473327,1,,,0.01,0
C3_n0.01_d000_r01,C3,202618,8.9,8.9,0.0,0.2572263051115258,0.24840726892109202,0.24751818647349802,NEAR,NEAR,0.20496362705300392,1,,,0.01,0
C3_n0.01_d000_r01,C3,202618,8.92,8.92,0.0,0.25911895446541905,0.2703660475705903,0.2532301517477711,NEAR,NEAR,0.1935396965044578,1,,,0.01,0
C3_n0.01_d000_r01,C3,202618,8.94,8.94,0.0,0.26080463537331855,0.25542942872572066,0.25377997099225846,NEAR,NEAR,0.19244005801548303,1,,,0.01,0
C3_n0.01_d000_r01,C3,202618,8.96,8.96,0.0,0.2622450887607578,0.2583235848146778,0.2549158744478633,NEAR,NEAR,0.19016825110427338,1,,,0.01,0
C3_n0.01_d000_r01,C3,202618,8.98,8.98,0.0,0.263407621362269,0.2473784852345376,0.25303152714453186,NEAR,NEAR,0.19393694571093623,1,,,0.01,0
C3_n0.01_d000_r01,C3,202618,9.0,9.0,0.0,0.2642658477444273,0.28061902973952324,0.2599284027932797,NEAR,NEAR,0.1801431944134405,1,,,0.01,0
C3_n0.01_d000_r01,C3,202618,9.02,9.02,0.0,0.264800289163118,0.25816340725243636,0.25948715390806887,NEAR,NEAR,0.18102569218386222,1,,,0.01,0
C3_n0.01_d000_r01,C3,202618,9.04,9.04,0.0,0.2649988156630572,0.25525949414281357,0.25843023896675504,NEAR,NEAR,0.18313952206648987,1,,,0.01,0
C3_n0.01_d000_r01,C3,202618,9.06,9.06,0.0,0.26485692138544975,0.2517910141250944,0.25677043275633993,NEAR,NEAR,0.1864591344873201,1,,,0.01,0
C3_n0.01_d000_r01,C3,202618,9.08,9.08,0.0,0.2643778268352606,0.26511118465219596,0.25885562073030394,NEAR,NEAR,0.18228875853939208,1,,,0.01,0
C3_n0.01_d000_r01,C3,202618,9.1,9.1,0.0,0.2635724057869903,0.2635824292545642,0.26003732286136905,NEAR,NEAR,0.17992535427726186,1,,,0.01,0
C3_n0.01_d000_r01,C3,202618,9.12,9.12,0.0,0.2624589384879372,0.27119619708201675,0.26282704141653096,NEAR,NEAR,0.17434591716693804,1,,,0.01,0
C3_n0.01_d000_r01,C3,202618,9.14,9.14,0.0,0.2610626967603726,0.24934484788602143,0.25945649303390356,NEAR,NEAR,0.18108701393219284,1,,,0.01,0
C3_n0.01_d000_r01,C3,202618,9.16,9.16,0.0,0.25941537041936047,0.25980088785004085,0.25954259173793787,NEAR,NEAR,0.18091481652412422,1,,,0.01,0
C3_n0.01_d000_r01,C3,202618,9.18,9.18,0.0,0.2575543480245365,0.2682983586051449,0.2617315334547396,NEAR,NEAR,0.17653693309052076,1,,,0.01,0
C3_n0.01_d000_r01,C3,202618,9.2,9.2,0.0,0.25552186829027024,0.25758329754674636,0.2606944744777413,NEAR,NEAR,0.17861105104451735,1,,,0.01,0
C3_n0.01_d000_r01,C3,202618,9.22,9.22,0.0,0.25336406141424067,0.25486556414184813,0.25923724689376804,NEAR,NEAR,0.18152550621246388,1,,,0.01,0
C3_n0.01_d000_r01,C3,202618,9.24,9.24,0.0,0.25112990208291897,0.24466315413130157,0.2555937237031514,NEAR,NEAR,0.1888125525936971,1,,,0.01,0
C3_n0.01_d000_r01,C3,202618,9.26,9.26,0.0,0.24887009791708103,0.24025555139121035,0.25175918062516617,NEAR,NEAR,0.19648163874966762,1,,,0.01,0
C3_n0.01_d000_r01,C3,202618,9.28,9.28,0.0,0.24663593858575936,0.25408625515343974,0.25234094925723455,NEAR,NEAR,0.19531810148553086,1,,,0.01,0
C3_n0.01_d000_r01,C3,202618,9.3,9.3,0.0,0.24447813170972976,0.23616447788181733,0.24829683141338021,NEAR,NEAR,0.20340633717323953,1,,,0.01,0
C3_n0.01_d000_r01,C3,202618,9.32,9.32,0.0,0.24244565197546356,0.2323506480285872,0.24431028556718196,NEAR,NEAR,0.21137942886563604,1,,,0.01,0
C3_n0.01_d000_r01,C3,202618,9.34,9.34,0.0,0.2405846295806395,0.2534556345867096,0.24659662282206388,NEAR,NEAR,0.2068067543558722,1,,,0.01,0
C3_n0.01_d000_r01,C3,202618,9.36,9.36,0.0,0.23893730323962742,0.2304058360897523,0.242548926138986,NEAR,NEAR,0.21490214772202798,1,,,0.01,0
C3_n0.01_d000_r01,C3,202618,9.38,9.38,0.0,0.23754106151206275,0.251573237879086,0.244805004074011,NEAR,NEAR,0.21038999185197793,1,,,0.01,0
C3_n0.01_d000_r01,C3,202618,9.4,9.4,0.0,0.23642759421300968,0.23266348244101953,0.24176962366576313,NEAR,NEAR,0.2164607526684737,1,,,0.01,0
C3_n0.01_d000_r01,C3,202618,9.42,9.42,0.0,0.23562217316473935,0.23079254298926324,0.23902535349663814,NEAR,NEAR,0.22194929300672367,1,,,0.01,0
C3_n0.01_d000_r01,C3,202618,9.44,9.44,0.0,0.23514307861455025,0.22589850774183765,0.23574364205793802,NEAR,NEAR,0.22851271588412392,1,,,0.01,0
C3_n0.01_d000_r01,C3,202618,9.46,9.46,0.0,0.23500118433694275,0.2385659293129462,0.23644921387169007,NEAR,NEAR,0.2271015722566198,1,,,0.01,0
C3_n0.01_d000_r01,C3,202618,9.48,9.48,0.0,0.235199710836882,0.2411840775837062,0.2376329297996941,NEAR,NEAR,0.22473414040061174,1,,,0.01,0
C3_n0.01_d000_r01,C3,202618,9.5,9.5,0.0,0.2357341522555727,0.23488500379637228,0.23694594829886367,NEAR,NEAR,0.2261081034022726,1,,,0.01,0
C3_n0.01_d000_r01,C3,202618,9.52,9.52,0.0,0.23659237863773103,0.21829589604131033,0.23228343523447537,NEAR,NEAR,0.23543312953104922,1,,,0.01,0
C3_n0.01_d000_r01,C3,202618,9.54,9.54,0.0,0.2377549112392422,0.21078151833006237,0.2269079560083721,NEAR,NEAR,0.24618408798325575,1,,,0.01,0
C3_n0.01_d000_r01,C3,202618,9.56,9.56,0.0,0.23919536462668142,0.23870090735207292,0.2298561938442973,NEAR,NEAR,0.24028761231140533,1,,,0.01,0
C3_n0.01_d000_r01,C3,202618,9.58,9.58,0.0,0.24088104553458092,0.25678340015847634,0.23658799542284206,NEAR,NEAR,0.22682400915431583,1,,,0.01,0
C3_n0.01_d000_r01,C3,202618,9.6,9.6,0.0,0.24277369488847422,0.24485790498073629,0.23865547281231564,NEAR,NEAR,0.22268905437536868,1,,,0.01,0
C3_n0.01_d000_r01,C3,202618,9.62,9.62,0.0,0.24483035615238213,0.24399639554376779,0.2399907034951787,NEAR,NEAR,0.22001859300964255,1,,,0.01,0
C3_n0.01_d000_r01,C3,202618,9.64,9.64,0.0,0.24700435029228393,0.24074523779776327,0.24017933707082484,NEAR,NEAR,0.21964132585835028,1,,,0.01,0
C3_n0.01_d000_r01,C3,202618,9.66,9.66,0.0,0.24924633522730347,0.2576584867327782,0.24454912448631316,NEAR,NEAR,0.21090175102737363,1,,,0.01,0
C3_n0.01_d000_r01,C3,202618,9.68,9.68,0.0,0.2515054257227682,0.25829452045765794,0.24798547347914934,NEAR,NEAR,0.20402905304170127,1,,,0.01,0
C3_n0.01_d000_r01,C3,202618,9.7,9.7,0.0,0.25373034830747276,0.2378327745011446,0.24544729873464816,NEAR,NEAR,0.20910540253070364,1,,,0.01,0
C3_n0.01_d000_r01,C3,202618,9.72,9.72,0.0,0.2558706050025581,0.255002183417895,0.2478360199054599,NEAR,NEAR,0.20432796018908017,1,,,0.01,0
C3_n0.01_d000_r01,C3,202618,9.74,9.74,0.0,0.25787761944941945,0.24693849954013827,0.24761163981412948,NEAR,NEAR,0.204776720371741,1,,,0.01,0
C3_n0.01_d000_r01,C3,202618,9.76,9.76,0.0,0.25970583942354164,0.26632833814282386,0.2522908143963031,NEAR,NEAR,0.1954183712073938,1,,,0.01,0
C3_n0.01_d000_r01,C3,202618,9.78,9.78,0.0,0.2613137707110415,0.265374776741726,0.2555618049826588,NEAR,NEAR,0.18887639003468237,1,,,0.01,0
C3_n0.01_d000_r01,C3,202618,9.8,9.8,0.0,0.26266491888253024,0.2510137777846131,0.25442479818314734,NEAR,NEAR,0.19115040363370528,1,,,0.01,0
C3_n0.01_d000_r01,C3,202618,9.82,9.82,0.0,0.26372861758931376,0.2563709939905195,0.25491134713499036,NEAR,NEAR,0.19017730573001923,1,,,0.01,0
C3_n0.01_d000_r01,C3,202618,9.84,9.84,0.0,0.2644807245824991,0.2523074513080277,0.2542603731782497,NEAR,NEAR,0.1914792536435006,1,,,0.01,0
C3_n0.01_d000_r01,C3,202618,9.86,9.86,0.0,0.2649041696578001,0.25785507657661394,0.25515904902784076,NEAR,NEAR,0.18968190194431844,1,,,0.01,0
C3_n0.01_d000_r01,C3,202618,9.88,9.88,0.0,0.26498934208960884,0.2621901323148607,0.25691681984959575,NEAR,NEAR,0.18616636030080846,1,,,0.01,0
C3_n0.01_d000_r01,C3,202618,9.9,9.9,0.0,0.26473430876093035,0.26198378984138776,0.25818356234754375,NEAR,NEAR,0.18363287530491246,1,,,0.01,0
C3_n0.01_d000_r01,C3,202618,9.92,9.92,0.0,0.264144858038393,0.26095573838348396,0.2588766063565288,NEAR,NEAR,0.18224678728694232,1,,,0.01,0
C3_n0.01_d000_r01,C3,202618,9.94,9.94,0.0,0.2632343683965243,0.24434438854392249,0.2552435519033772,NEAR,NEAR,0.18951289619324552,1,,,0.01,0
C3_n0.01_d000_r01,C3,202618,9.96,9.96,0.0,0.2620235047730631,0.26678227675300364,0.2581282331157838,NEAR,NEAR,0.18374353376843233,1,,,0.01,0
C3_n0.01_d000_r01,C3,202618,9.98,9.98,0.0,0.2605397495469827,0.24604884732688653,0.2551083866685595,NEAR,NEAR,0.18978322666288094,1,,,0.01,0
C3_n0.01_d000_r01,C3,202618,10.0,10.0,0.0,0.2588167787843871,0.2538755315726081,0.2548001728945717,NEAR,NEAR,0.19039965421085658,1,,,0.01,0
C3_n0.01_d000_r01,C3,202618,10.02,10.02,0.0,0.25689369790932237,0.26137825576632573,0.2564446936125102,NEAR,NEAR,0.18711061277497953,1,,,0.01,0
C3_n0.01_d000_r01,C3,202618,10.04,10.04,0.0,0.25481415414710823,0.24939946777088495,0.2546833871521039,NEAR,NEAR,0.1906332256957921,1,,,0.01,0
C3_n0.01_d000_r01,C3,202618,10.06,10.06,0.0,0.2526253458846291,0.24459426796505968,0.25216110735534286,NEAR,NEAR,0.19567778528931423,1,,,0.01,0
C3_n0.01_d000_r01,C3,202618,10.08,10.08,0.0,0.25037695143165006,0.2587234450999514,0.253801691791495,NEAR,NEAR,0.19239661641701,1,,,0.01,0
C3_n0.01_d000_r01,C3,202618,10.1,10.1,0.0,0.24812000149653549,0.25582965068568875,0.25430868151504343,NEAR,NEAR,0.1913826369699131,1,,,0.01,0
C3_n0.01_d000_r01,C3,202618,10.12,10.12,0.0,0.24590572096724023,0.23647627019448011,0.2498505786849026,NEAR,NEAR,0.20029884263019476,1,,,0.01,0
C3_n0.01_d000_r01,C3,202618,10.14,10.14,0.0,0.24378436628510067,0.2527332712003742,0.2505712518137705,NEAR,NEAR,0.19885749637245898,1,,,0.01,0
C3_n0.01_d000_r01,C3,202618,10.16,10.16,0.0,0.24180408479898596,0.24267739052766796,0.24859778649224484,NEAR,NEAR,0.20280442701551027,1,,,0.01,0
C3_n0.01_d000_r01,C3,202618,10.18,10.18,0.0,0.24000982198848625,0.23916650213398682,0.24623996540268034,NEAR,NEAR,0.20752006919463928,1,,,0.01,0
C3_n0.01_d000_r01,C3,202618,10.2,10.2,0.0,0.23844230135836322,0.2315288819423992,0.24256219453761005,NEAR,NEAR,0.21487561092477986,1,,,0.01,0
C3_n0.01_d000_r01,C3,202618,10.22,10.22,0.0,0.2371371001570952,0.2270459548375068,0.23868313461258422,NEAR,NEAR,0.2226337307748315,1,,,0.01,0
C3_n0.01_d000_r01,C3,202618,10.24,10.24,0.0,0.23612384189748312,0.2474730742981026,0.24088061953396384,NEAR,NEAR,0.21823876093207228,1,,,0.01,0
C3_n0.01_d000_r01,C3,202618,10.26,10.26,0.0,0.2354255240062799,0.24468369793733827,0.24183138913480742,NEAR,NEAR,0.2163372217303851,1,,,0.01,0
C3_n0.01_d000_r01,C3,202618,10.28,10.28,0.0,0.23505799586285242,0.23009724292965725,0.2388978525835199,NEAR,NEAR,0.22220429483296017,1,,,0.01,0
C3_n0.01_d000_r01,C3,202618,10.3,10.3,0.0,0.23502959907357593,0.2443434043769189,0.24025924053186964,NEAR,NEAR,0.21948151893626067,1,,,0.01,0
C3_n0.01_d000_r01,C3,202618,10.32,10.32,0.0,0.23534097814647711,0.23714323291399164,0.23948023862740014,NEAR,NEAR,0.22103952274519967,1,,,0.01,0
C3_n0.01_d000_r01,C3,202618,10.34,10.34,0.0,0.23598506586315082,0.2298273529341846,0.23706701720409623,NEAR,NEAR,0.2258659655918075,1,,,0.01,0
C3_n0.01_d000_r01,C3,202618,10.36,10.36,0.0,0.23694724367995706,0.23952529375027481,0.23768158634064085,NEAR,NEAR,0.22463682731871826,1,,,0.01,0
C3_n0.01_d000_r01,C3,202618,10.38,10.38,0.0,0.23820567351795077,0.26169174484702773,0.24368412596723757,NEAR,NEAR,0.21263174806552482,1,,,0.01,0
C3_n0.01_d000_r01,C3,202618,10.4,10.4,0.0,0.2397317934110697,0.25185265635481435,0.24572625856413177,NEAR,NEAR,0.2085474828717364,1,,,0.01,0
C3_n0.01_d000_r01,C3,202618,10.42,10.42,0.0,0.24149096576309861,0.2509888095779865,0.24704189631759546,NEAR,NEAR,0.20591620736480903,1,,,0.01,0
C3_n0.01_d000_r01,C3,202618,10.44,10.44,0.0,0.24344326350023596,0.24793666478315318,0.24726558843398488,NEAR,NEAR,0.2054688231320302,1,,,0.01,0
C3_n0.01_d000_r01,C3,202618,10.46,10.46,0.0,0.2455443762763446,0.24766954092084192,0.24736657655569913,NEAR,NEAR,0.2052668468886017,1,,,0.01,0
C3_n0.01_d000_r01,C3,202618,10.48,10.48,0.0,0.24774661616318866,0.25333170084705875,0.24885785762853901,NEAR,NEAR,0.20228428474292193,1,,,0.01,0
C3_n0.01_d000_r01,C3,202618,10.5,10.5,0.0,0.25,0.2562251537370549,0.250699681655668,NEAR,NEAR,0.1986006366886639,1,,,0.01,0
C3_n0.01_d000_r01,C3,202618,10.52,10.52,0.0,0.2522533838368113,0.25745218805948666,0.25238780825662266,NEAR,NEAR,0.19522438348675464,1,,,0.01,0
C3_n0.01_d000_r01,C3,202618,10.54,10.54,0.0,0.2544556237236554,0.25094958823218255,0.25202825325051265,NEAR,NEAR,0.19594349349897466,1,,,0.01,0
C3_n0.01_d000_r01,C3,202618,10.56,10.56,0.0,0.256556736499764,0.2481664193551184,0.25106279477666404,NEAR,NEAR,0.19787441044667187,1,,,0.01,0
C3_n0.01_d000_r01,C3,202618,10.58,10.58,0.0,0.25850903423690136,0.2775542444897465,0.25768565720493464,NEAR,NEAR,0.18462868559013068,1,,,0.01,0
C3_n0.01_d000_r01,C3,202618,10.6,10.6,0.0,0.2602682065889303,0.2751398931578972,0.2620492161931753,NEAR,NEAR,0.1759015676136494,1,,,0.01,0
C3_n0.01_d000_r01,C3,202618,10.62,10.62,0.0,0.2617943264820492,0.2638223879558971,0.2624925091338557,NEAR,NEAR,0.17501498173228858,1,,,0.01,0
C3_n0.01_d000_r01,C3,202618,10.64,10.64,0.0,0.26305275632004294,0.2860847753373609,0.268390575684732,NEAR,NEAR,0.16321884863053593,1,,,0.01,0
C3_n0.01_d000_r01,C3,202618,10.66,10.66,0.0,0.2640149341368492,0.2536323691019219,0.2647010240390295,NEAR,NEAR,0.17059795192194094,1,,,0.01,0
C3_n0.01_d000_r01,C3,202618,10.68,10.68,0.0,0.2646590218535229,0.2546760391627766,0.26219477781996625,NEAR,NEAR,0.17561044436006745,1,,,0.01,0
C3_n0.01_d000_r01,C3,202618,10.7,10.7,0.0,0.26497040092642404,0.2538970783838823,0.26012035296094527,NEAR,NEAR,0.17975929407810942,1,,,0.01,0
C3_n0.01_d000_r01,C3,202618,10.72,10.72,0.0,0.2649420041371476,0.2737694074249664,0.26353261657695054,NEAR,NEAR,0.17293476684609888,1,,,0.01,0
C3_n0.01_d000_r01,C3,202618,10.74,10.74,0.0,0.2645744759937201,0.26206102513411017,0.2631647187162405,NEAR,NEAR,0.173670562567519,1,,,0.01,0
C3_n0.01_d000_r01,C3,202618,10.76,10.76,0.0,0.26387615810251686,0.2653886475800419,0.2637207009321908,NEAR,NEAR,0.17255859813561836,1,,,0.01,0
C3_n0.01_d000_r01,C3,202618,10.78,10.78,0.0,0.26286289984290484,0.26557376793390275,0.26418396768261876,NEAR,NEAR,0.17163206463476244,1,,,0.01,0
C3_n0.01_d000_r01,C3,202618,10.8,10.8,0.0,0.2615576986416368,0.27187281748770725,0.26610618013389087,NEAR,NEAR,0.16778763973221822,1,,,0.01,0
C3_n0.01_d000_r01,C3,202618,10.82,10.82,0.0,0.25999017801151375,0.2580607347525939,0.2640948187885666,NEAR,NEAR,0.17181036242286674,1,,,0.01,0
C3_n0.01_d000_r01,C3,202618,10.84,10.84,0.0,0.25819591520101404,0.261420786164578,0.2634263106325695,NEAR,NEAR,0.17314737873486097,1,,,0.01,0
C3_n0.01_d000_r01,C3,202618,10.86,10.86,0.0,0.25621563371489936,0.25608276817679027,0.2615904250186247,NEAR,NEAR,0.1768191499627506,1,,,0.01,0
C3_n0.01_d000_r01,C3,202618,10.88,10.88,0.0,0.2540942790327598,0.25811238820705606,0.26072091581573253,NEAR,NEAR,0.1785581683685349,1,,,0.01,0
C3_n0.01_d000_r01,C3,202618,10.9,10.9,0.0,0.2518799985034645,0.25166131381446794,0.2584560153154164,NEAR,NEAR,0.18308796936916716,1,,,0.01,0
C3_n0.01_d000_r01,C3,202618,10.92,10.92,0.0,0.24962304856834996,0.2515281348419677,0.2567240451970542,NEAR,NEAR,0.18655190960589152,1,,,0.01,0
C3_n0.01_d000_r01,C3,202618,10.94,10.94,0.0,0.24737465411537093,0.2651959156575095,0.258842012812168,NEAR,NEAR,0.18231597437566394,1,,,0.01,0
C3_n0.01_d000_r01,C3,202618,10.96,10.96,0.0,0.24518584585289174,0.24549341843969036,0.2555048642190486,NEAR,NEAR,0.18899027156190273,1,,,0.01,0
C3_n0.01_d000_r01,C3,202618,10.98,10.98,0.0,0.24310630209067766,0.2458277876103671,0.2530855950668782,NEAR,NEAR,0.1938288098662435,1,,,0.01,0
C3_n0.01_d000_r01,C3,202618,11.0,11.0,0.0,0.24118322121561292,0.24081509733371054,0.25001797063358633,NEAR,NEAR,0.1999640587328273,1,,,0.01,0
C3_n0.01_d000_r01,C3,202618,11.02,11.02,0.0,0.2394602504530173,0.2523247947102384,0.25059467665274937,NEAR,NEAR,0.19881064669450121,1,,,0.01,0
C3_n0.01_d000_r01,C3,202618,11.04,11.04,0.0,0.23797649522693692,0.23464265731951256,0.24660667181944018,NEAR,NEAR,0.2067866563611196,1,,,0.01,0
C3_n0.01_d000_r01,C3,202618,11.06,11.06,0.0,0.2367656316034757,0.25095070323582075,0.2476926796735353,NEAR,NEAR,0.20461464065292934,1,,,0.01,0
C3_n0.01_d000_r01,C3,202618,11.08,11.08,0.0,0.23585514196160703,0.2153006967876036,0.2395946839520524,NEAR,NEAR,0.22081063209589513,1,,,0.01,0
C3_n0.01_d000_r01,C3,202618,11.1,11.1,0.0,0.23526569123906968,0.2411818208021238,0.23999146816457026,NEAR,NEAR,0.22001706367085944,1,,,0.01,0
C3_n0.01_d000_r01,C3,202618,11.12,11.12,0.0,0.23501065791039116,0.2551355714142241,0.24377749397698373,NEAR,NEAR,0.2124450120460325,1,,,0.01,0
C3_n0.01_d000_r01,C3,202618,11.14,11.14,0.0,0.23509583034219989,0.22626785639512628,0.23940008458151937,NEAR,NEAR,0.2211998308369612,1,,,0.01,0
C3_n0.01_d000_r01,C3,202618,11.16,11.16,0.0,0.2355192754175009,0.23229684172450876,0.2376242738672667,NEAR,NEAR,0.22475145226546656,1,,,0.01,0
C3_n0.01_d000_r01,C3,202618,11.18,11.18,0.0,0.2362713824106862,0.23703036991094878,0.23747579787818723,NEAR,NEAR,0.2250484042436255,1,,,0.01,0
C3_n0.01_d000_r01,C3,202618,11.2,11.2,0.0,0.23733508111746973,0.23544114111998507,0.2369671336886367,NEAR,NEAR,0.22606573262272656,1,,,0.01,0
C3_n0.01_d000_r01,C3,202618,11.22,11.22,0.0,0.23868622928895847,0.23772423564117634,0.2371564091767716,NEAR,NEAR,0.22568718164645674,1,,,0.01,0
C3_n0.01_d000_r01,C3,202618,11.24,11.24,0.0,0.24029416057645833,0.25021454283359323,0.24042094259097702,NEAR,NEAR,0.21915811481804592,1,,,0.01,0
C3_n0.01_d000_r01,C3,202618,11.26,11.26,0.0,0.24212238055058055,0.23927711967007856,0.2401349868607524,NEAR,NEAR,0.21973002627849514,1,,,0.01,0
C3_n0.01_d000_r01,C3,202618,11.28,11.28,0.0,0.2441293949974419,0.23895697386220122,0.2398404836111146,NEAR,NEAR,0.22031903277777076,1,,,0.01,0
C3_n0.01_d000_r01,C3,202618,11.3,11.3,0.0,0.24626965169252724,0.2568856332458487,0.24410177101979813,NEAR,NEAR,0.2117964579604037,1,,,0.01,0
C3_n0.01_d000_r01,C3,202618,11.32,11.32,0.0,0.2484945742772318,0.24996369791786752,0.24556725274431548,NEAR,NEAR,0.208865494511369,1,,,0.01,0
C3_n0.01_d000_r01,C3,202618,11.34,11.34,0.0,0.25075366477269656,0.2535680636544796,0.24756745547185652,NEAR,NEAR,0.20486508905628692,1,,,0.01,0
C3_n0.01_d000_r01,C3,202618,11.36,11.36,0.0,0.252995649707716,0.2610731589017513,0.2509438813293302,NEAR,NEAR,0.19811223734133954,1,,,0.01,0
C3_n0.01_d000_r01,C3,202618,11.38,11.38,0.0,0.2551696438476178,0.25093658805207,0.2509420580100151,NEAR,NEAR,0.1981158839799697,1,,,0.01,0
C3_n0.01_d000_r01,C3,202618,11.4,11.4,0.0,0.2572263051115258,0.2499728997557252,0.25069976844644265,NEAR,NEAR,0.19860046310711466,1,,,0.01,0
C3_n0.01_d000_r01,C3,202618,11.42,11.42,0.0,0.25911895446541905,0.2638407916192325,0.2539850242396401,NEAR,NEAR,0.19202995152071978,1,,,0.01,0
C3_n0.01_d000_r01,C3,202618,11.44,11.44,0.0,0.26080463537331855,0.26296986336542943,0.25623123402108744,NEAR,NEAR,0.18753753195782508,1,,,0.01,0
C3_n0.01_d000_r01,C3,202618,11.46,11.46,0.0,0.2622450887607578,0.2695154213046299,0.259552280841973,NEAR,NEAR,0.18089543831605392,1,,,0.01,0
C3_n0.01_d000_r01,C3,202618,11.48,11.48,0.0,0.263407621362269,0.2511656108280788,0.2574556133384995,NEAR,NEAR,0.185088773323001,1,,,0.01,0
C3_n0.01_d000_r01,C3,202618,11.5,11.5,0.0,0.2642658477444273,0.2571655409688992,0.25738309524609937,NEAR,NEAR,0.18523380950780122,1,,,0.01,0
C3_n0.01_d000_r01,C3,202618,11.52,11.52,0.0,0.264800289163118,0.2585480808658692,0.25767434165104186,NEAR,NEAR,0.18465131669791623,1,,,0.01,0
C3_n0.01_d000_r01,C3,202618,11.54,11.54,0.0,0.2649988156630572,0.25331048232456316,0.25658337681942217,NEAR,NEAR,0.1868332463611556,1,,,0.01,0
C3_n0.01_d000_r01,C3,202618,11.56,11.56,0.0,0.26485692138544975,0.2788095778028464,0.2621399270652782,NEAR,NEAR,0.1757201458694435,1,,,0.01,0
C3_n0.01_d000_r01,C3,202618,11.58,11.58,0.0,0.2643778268352606,0.27515579364963116,0.26539389371136646,NEAR,NEAR,0.16921221257726704,1,,,0.01,0
C3_n0.01_d000_r01,C3,202618,11.6,11.6,0.0,0.2635724057869903,0.2519265304031292,0.26202705288430717,NEAR,NEAR,0.17594589423138562,1,,,0.01,0
C3_n0.01_d000_r01,C3,202618,11.62,11.62,0.0,0.2624589384879373,0.27705762611445217,0.2657846961918434,NEAR,NEAR,0.16843060761631312,1,,,0.01,0
C3_n0.01_d000_r01,C3,202618,11.64,11.64,0.0,0.2610626967603726,0.25775535296138824,0.2637773603842296,NEAR,NEAR,0.17244527923154074,1,,,0.01,0
C3_n0.01_d000_r01,C3,202618,11.66,11.66,0.0,0.2594153704193605,0.245197982606171,0.259132515939715,NEAR,NEAR,0.18173496812057,1,,,0.01,0
C3_n0.01_d000_r01,C3,202618,11.68,11.68,0.0,0.2575543480245365,0.2590556530124501,0.25911330020789874,NEAR,NEAR,0.18177339958420247,1,,,0.01,0
C3_n0.01_d000_r01,C3,202618,11.7,11.7,0.0,0.25552186829027024,0.24752182658087793,0.25621543180114353,NEAR,NEAR,0.1875691363977129,1,,,0.01,0
C3_n0.01_d000_r01,C3,202618,11.72,11.72,0.0,0.25336406141424067,0.25713883050168057,0.2564462814762778,NEAR,NEAR,0.18710743704744437,1,,,0.01,0
C3_n0.01_d000_r01,C3,202618,11.74,11.74,0.0,0.25112990208291897,0.24695486049914817,0.25407342623199536,NEAR,NEAR,0.19185314753600924,1,,,0.01,0
C3_n0.01_d000_r01,C3,202618,11.76,11.76,0.0,0.24887009791708103,0.2447472221933223,0.2517418752223271,NEAR,NEAR,0.19651624955534575,1,,,0.01,0
C3_n0.01_d000_r01,C3,202618,11.78,11.78,0.0,0.24663593858575936,0.23623822885666426,0.2478659636309114,NEAR,NEAR,0.20426807273817715,1,,,0.01,0
C3_n0.01_d000_r01,C3,202618,11.8,11.8,0.0,0.2444781317097298,0.2266598420033301,0.24256443322401608,NEAR,NEAR,0.2148711335519678,1,,,0.01,0
C3_n0.01_d000_r01,C3,202618,11.82,11.82,0.0,0.24244565197546356,0.2518145640130658,0.2448769659212785,NEAR,NEAR,0.21024606815744296,1,,,0.01,0
C3_n0.01_d000_r01,C3,202618,11.84,11.84,0.0,0.2405846295806395,0.2386246688782608,0.24331389166052408,NEAR,NEAR,0.2133722166789518,1,,,0.01,0
C3_n0.01_d000_r01,C3,202618,11.86,11.86,0.0,0.23893730323962745,0.23834399799134753,0.24207141824322995,NEAR,NEAR,0.21585716351354006,1,,,0.01,0
C3_n0.01_d000_r01,C3,202618,11.88,11.88,0.0,0.23754106151206278,0.24299604351127913,0.24230257456024223,NEAR,NEAR,0.2153948508795155,1,,,0.01,0
C3_n0.01_d000_r01,C3,202618,11.9,11.9,0.0,0.23642759421300968,0.2386219729741765,0.2413824241637258,NEAR,NEAR,0.21723515167254837,1,,,0.01,0
C3_n0.01_d000_r01,C3,202618,11.92,11.92,0.0,0.23562217316473938,0.2468739446808545,0.24275530429300796,NEAR,NEAR,0.21448939141398404,1,,,0.01,0
C3_n0.01_d000_r01,C3,202618,11.94,11.94,0.0,0.23514307861455025,0.2362119087275201,0.24111945540163598,NEAR,NEAR,0.21776108919672799,1,,,0.01,0
C3_n0.01_d000_r01,C3,202618,11.96,11.96,0.0,0.23500118433694275,0.2502011086298789,0.2433898687086967,NEAR,NEAR,0.21322026258260657,1,,,0.01,0
C3_n0.01_d000_r01,C3,202618,11.98,11.98,0.0,0.235199710836882,0.24758230182398647,0.24443797698751912,NEAR,NEAR,0.2111240460249617,1,,,0.01,0
C3_n0.01_d000_r01,C3,202618,12.0,12.0,0.0,0.25,0.24881997153924917,0.24553347562545164,NEAR,NEAR,0.20893304874909668,1,,,0.01,0
C3_n0.01_d000_r01,C3,202618,12.02,12.02,0.0,0.25175,0.239903585736231,0.24412600315314648,NEAR,NEAR,0.211747993693707,1,,,0.01,0
C3_n0.01_d000_r01,C3,202618,12.04,12.04,0.0,0.25349999999999995,0.25068099277837846,0.24576475055945446,NEAR,NEAR,0.20847049888109104,1,,,0.01,0
C3_n0.01_d000_r01,C3,202618,12.06,12.06,0.0,0.25525000000000003,0.2577212099327241,0.2487538654027719,NEAR,NEAR,0.20249226919445618,1,,,0.01,0
C3_n0.01_d000_r01,C3,202618,12.08,12.08,0.0,0.257,0.2591528614809886,0.25135361442232607,NEAR,NEAR,0.19729277115534782,1,,,0.01,0
C3_n0.01_d000_r01,C3,202618,12.1,12.1,0.0,0.25875,0.24300509834925693,0.24926648540405877,NEAR,NEAR,0.20146702919188242,1,,,0.01,0
C3_n0.01_d000_r01,C3,202618,12.12,12.12,0.0,0.26049999999999995,0.2612827788541911,0.2522705587665919,NEAR,NEAR,0.1954588824668162,1,,,0.01,0
C3_n0.01_d000_r01,C3,202618,12.14,12.14,0.0,0.26225000000000004,0.26815621531402084,0.25624197290344913,NEAR,NEAR,0.1875160541931017,1,,,0.01,0
C3_n0.01_d000_r01,C3,202618,12.16,12.16,0.0,0.264,0.26233141127229337,0.2577643324956602,NEAR,NEAR,0.18447133500867952,1,,,0.01,0
C3_n0.01_d000_r01,C3,202618,12.18,12.18,0.0,0.26575,0.27442867920173714,0.26193041917217946,NEAR,NEAR,0.17613916165564103,1,,,0.01,0
C3_n0.01_d000_r01,C3,202618,12.2,12.2,0.0,0.26749999999999996,0.26941664809128985,0.2638019764019571,NEAR,NEAR,0.1723960471960858,1,,,0.01,0
C3_n0.01_d000_r01,C3,202618,12.22,12.22,0.0,0.26925000000000004,0.27926035411966676,0.2676665708313845,NEAR,NEAR,0.16466685833723094,1,,,0.01,0
C3_n0.01_d000_r01,C3,202618,12.24,12.24,0.0,0.271,0.2588406489024532,0.26546009034915163,NEAR,NEAR,0.1690798193016967,1,,,0.01,0
C3_n0.01_d000_r01,C3,202618,12.26,12.26,0.0,0.27275,0.2686638489278227,0.2662610299938194,NEAR,NEAR,0.16747794001236116,1,,,0.01,0
C3_n0.01_d000_r01,C3,202618,12.28,12.28,0.0,0.27449999999999997,0.26742038265647594,0.26655086815948353,NEAR,NEAR,0.1668982636810329,1,,,0.01,0
C3_n0.01_d000_r01,C3,202618,12.3,12.3,0.0,0.27625000000000005,0.2658219341442102,0.2663686346556652,NEAR,NEAR,0.1672627306886696,1,,,0.01,0
C3_n0.01_d000_r01,C3,202618,12.32,12.32,0.0,0.278,0.2842817663475962,0.2708469175786479,NEAR,NEAR,0.1583061648427041,1,,,0.01,0
C3_n0.01_d000_r01,C3,202618,12.34,12.34,0.0,0.27975,0.2837792905050392,0.27408001081024574,NEAR,NEAR,0.15183997837950847,1,,,0.01,0
C3_n0.01_d000_r01,C3,202618,12.36,12.36,0.0,0.2815,0.28456411250494806,0.27670103623392134,NEAR,NEAR,0.14659792753215728,1,,,0.01,0
C3_n0.01_d000_r01,C3,202618,12.38,12.38,0.0,0.28325000000000006,0.2799279969681116,0.27750777641746893,NEAR,NEAR,0.1449844471650621,1,,,0.01,0
C3_n0.01_d000_r01,C3,202618,12.4,12.4,0.0,0.28500000000000003,0.2827920208967766,0.2788288375372958,NEAR,NEAR,0.14234232492540833,1,,,0.01,0
C3_n0.01_d000_r01,C3,202618,12.42,12.42,0.0,0.28675,0.2782652223198364,0.278687933732931,NEAR,NEAR,0.14262413253413797,1,,,0.01,0
C3_n0.01_d000_r01,C3,202618,12.44,12.44,0.0,0.2885,0.2956660261750264,0.28293245684345486,NEAR,NEAR,0.13413508631309023,1,,,0.01,0
C3_n0.01_d000_r01,C3,202618,12.46,12.46,0.0,0.29025000000000006,0.2736866839966728,0.28062101363175934,NEAR,NEAR,0.13875797273648127,1,,,0.01,0
C3_n0.01_d000_r01,C3,202618,12.48,12.48,0.0,0.29200000000000004,0.2857809583513221,0.28191099981165,NEAR,NEAR,0.13617800037669991,1,,,0.01,0
C3_n0.01_d000_r01,C3,202618,12.5,12.5,0.0,0.29375,0.2912340390370386,0.28424175961799714,NEAR,NEAR,0.13151648076400568,1,,,0.01,0
C3_n0.01_d000_r01,C3,202618,12.52,12.52,0.0,0.2955,0.2795286034721477,0.2830634705815348,NEAR,NEAR,0.13387305883693035,1,,,0.01,0
C3_n0.01_d000_r01,C3,202618,12.54,12.54,0.0,0.2972499999999999,0.309303298061211,0.28962342745145386,NEAR,NEAR,0.12075314509709223,1,,,0.01,0
C3_n0.01_d000_r01,C3,202618,12.56,12.56,0.0,0.29900000000000004,0.3026156115871129,0.2928714734853686,NEAR,NEAR,0.1142570530292627,1,,,0.01,0
C3_n0.01_d000_r01,C3,202618,12.58,12.58,0.0,0.30075,0.28995519766148936,0.2921424045293988,NEAR,NEAR,0.1157151909412023,1,,,0.01,0
C3_n0.01_d000_r01,C3,202618,12.6,12.6,0.0,0.3025,0.3003366585738111,0.29419096804050193,NEAR,NEAR,0.11161806391899609,1,,,0.01,0
C3_n0.01_d000_r01,C3,202618,12.62,12.62,0.0,0.3042499999999999,0.3176982834641191,0.3000677968964062,NEAR,NEAR,0.0998644062071875,1,,,0.01,0
C3_n0.01_d000_r01,C3,202618,12.64,12.64,0.0,0.30600000000000005,0.3106422795311111,0.30271141755508246,NEAR,NEAR,0.09457716488983503,1,,,0.01,0
C3_n0.01_d000_r01,C3,202618,12.66,12.66,0.0,0.30775,0.3176254584872728,0.30643992778813006,NEAR,NEAR,0.08712014442373983,1,,,0.01,0
C3_n0.01_d000_r01,C3,202618,12.68,12.68,0.0,0.3095,0.31582608566698067,0.30878646725784276,NEAR,NEAR,0.08242706548431444,1,,,0.01,0
C3_n0.01_d000_r01,C3,202618,12.7,12.7,0.0,0.3112499999999999,0.29203411275307406,0.30459837863165057,NEAR,NEAR,0.09080324273669882,1,,,0.01,0
C3_n0.01_d000_r01,C3,202618,12.72,12.72,0.0,0.31300000000000006,0.3114793935878425,0.30631863237069856,NEAR,NEAR,0.08736273525860283,1,,,0.01,0
C3_n0.01_d000_r01,C3,202618,12.74,12.74,0.0,0.31475000000000003,0.3096485907075772,0.3071511219549182,NEAR,NEAR,0.0856977560901635,1,,,0.01,0
C3_n0.01_d000_r01,C3,202618,12.76,12.76,0.0,0.3165,0.31419909696646126,0.308913115707804,NEAR,NEAR,0.08217376858439196,1,,,0.01,0
C3_n0.01_d000_r01,C3,202618,12.78,12.78,0.0,0.3182499999999999,0.31939937580908956,0.3115346807331254,NEAR,NEAR,0.07693063853374915,1,,,0.01,0
C3_n0.01_d000_r01,C3,202618,12.8,12.8,0.0,0.32000000000000006,0.31053622252603963,0.311285066181354,NEAR,NEAR,0.07742986763729198,1,,,0.01,0
C3_n0.01_d000_r01,C3,202618,12.82,12.82,0.0,0.32175000000000004,0.3253200561278567,0.31479381366797965,NEAR,NEAR,0.07041237266404066,1,,,0.01,0
C3_n0.01_d000_r01,C3,202618,12.84,12.84,0.0,0.3235,0.3088635395679215,0.3133112451429651,NEAR,NEAR,0.07337750971406976,1,,,0.01,0
C3_n0.01_d000_r01,C3,202618,12.86,12.86,0.0,0.32524999999999993,0.3412305181795634,0.32029106340211466,NEAR,NEAR,0.05941787319577063,1,,,0.01,0
C3_n0.01_d000_r01,C3,202618,12.88,12.88,0.0,0.32700000000000007,0.3365822842269533,0.32436386860832433,NEAR,NEAR,0.051272262783351286,1,,,0.01,0
C3_n0.01_d000_r01,C3,202618,12.9,12.9,0.0,0.32875000000000004,0.3288881450986575,0.32549493773090765,NEAR,NEAR,0.04901012453818465,1,,,0.01,0
C3_n0.01_d000_r01,C3,202618,12.92,12.92,0.0,0.3305,0.32992555598349227,0.3266025922940538,NEAR,NEAR,0.04679481541189234,1,,,0.01,0
C3_n0.01_d000_r01,C3,202618,12.94,12.94,0.0,0.33224999999999993,0.3277929305671739,0.3269001768623338,NEAR,NEAR,0.04619964627533235,1,,,0.01,0
C3_n0.01_d000_r01,C3,202618,12.96,12.96,0.0,0.3340000000000001,0.3191381327909807,0.32495966584449554,NEAR,NEAR,0.05008066831100888,1,,,0.01,0
C3_n0.01_d000_r01,C3,202618,12.98,12.98,0.0,0.33575000000000005,0.3258766010320961,0.3251888996413957,NEAR,NEAR,0.049622200717208576,1,,,0.01,0
C3_n0.01_d000_r01,C3,202618,13.0,13.0,0.0,0.3375,0.3278591846129954,0.32585647088429565,NEAR,NEAR,0.048287058231408664,1,,,0.01,0
C3_n0.01_d000_r01,C3,202618,13.02,13.02,0.0,0.33924999999999994,0.33360660366827016,0.32779400408028925,NEAR,NEAR,0.04441199183942146,1,,,0.01,0
C3_n0.01_d000_r01,C3,202618,13.04,13.04,0.0,0.3409999999999999,0.3567851671261221,0.33504179484174745,NEAR,NEAR,0.02991641031650505,1,,,0.01,0
C3_n0.01_d000_r01,C3,202618,13.06,13.06,0.0,0.34275000000000005,0.34835156323678473,0.3383692369405068,NEAR,NEAR,0.023261526118986353,1,,,0.01,0
C3_n0.01_d000_r01,C3,202618,13.08,13.08,0.0,0.34450000000000003,0.3448755226414563,0.33999580836574417,NEAR,NEAR,0.02000838326851162,1,,,0.01,0
C3_n0.01_d000_r01,C3,202618,13.1,13.1,0.0,0.34624999999999995,0.3511248404724505,0.34277806639242075,NEAR,NEAR,0.014443867215158446,1,,,0.01,0
C3_n0.01_d000_r01,C3,202618,13.12,13.12,0.0,0.3479999999999999,0.3317497071080167,0.34002097657131974,NEAR,NEAR,0.019958046857360467,1,,,0.01,0
C3_n0.01_d000_r01,C3,202618,13.14,13.14,0.0,0.34975000000000006,0.3540909807609632,0.3435384776187306,NEAR,NEAR,0.012923044762538805,1,,,0.01,0
C3_n0.01_d000_r01,C3,202618,13.16,13.16,0.0,0.35150000000000003,0.33973199447192315,0.3425868568320287,FAR,NEAR,0.014826286335942518,1,,,0.01,0
C3_n0.01_d000_r01,C3,202618,13.18,13.18,0.0,0.35324999999999995,0.34603471842752953,0.3434488222309039,FAR,NEAR,0.013102355538192167,1,,,0.01,0
C3_n0.01_d000_r01,C3,202618,13.2,13.2,0.0,0.3549999999999999,0.36373078967128075,0.3485193140909981,FAR,NEAR,0.0029613718180037107,1,,,0.01,0
C3_n0.01_d000_r01,C3,202618,13.22,13.22,0.0,0.35675000000000007,0.3492917269028696,0.34871241729396596,FAR,NEAR,0.0025751654120680367,1,,,0.01,0
C3_n0.01_d000_r01,C3,202618,13.24,13.24,0.0,0.35850000000000004,0.35475818921581376,0.3502238602744279,FAR,FAR,-0.00044772054885588997,1,EXIT_NEAR,,0.01,0
C3_n0.01_d000_r01,C3,202618,13.26,13.26,0.0,0.36024999999999996,0.3776063900201702,0.3570694927108635,FAR,FAR,-0.01413898542172709,1,,,0.01,0
C3_n0.01_d000_r01,C3,202618,13.28,13.28,0.0,0.36199999999999993,0.36998126657433783,0.3602974361767321,FAR,FAR,-0.020594872353464244,1,,,0.01,0
C3_n0.01_d000_r01,C3,202618,13.3,13.3,0.0,0.3637500000000001,0.36618157318709127,0.36176847042932186,FAR,FAR,-0.023536940858643773,1,,,0.01,0
C3_n0.01_d000_r01,C3,202618,13.32,13.32,0.0,0.36550000000000005,0.3612258441548049,0.3616328138606926,FAR,FAR,-0.023265627721385296,1,,,0.01,0
C3_n0.01_d000_r01,C3,202618,13.34,13.34,0.0,0.36724999999999997,0.34728308399419805,0.358045381394069,FAR,FAR,-0.016090762788138036,1,,,0.01,0
C3_n0.01_d000_r01,C3,202618,13.36,13.36,0.0,0.36899999999999994,0.36345036536667524,0.35939662738722056,FAR,FAR,-0.01879325477444116,1,,,0.01,0
C3_n0.01_d000_r01,C3,202618,13.38,13.38,0.0,0.3707500000000001,0.3836208445163102,0.36545268166949296,FAR,FAR,-0.03090536333898597,1,,,0.01,0
C3_n0.01_d000_r01,C3,202618,13.4,13.4,0.0,0.37250000000000005,0.3835234778747019,0.3699703807207952,FAR,FAR,-0.03994076144159042,1,,,0.01,0
C3_n0.01_d000_r01,C3,202618,13.42,13.42,0.0,0.37424999999999997,0.3736699589853243,0.37089527528692745,FAR,FAR,-0.041790550573854945,1,,,0.01,0
C3_n0.01_d000_r01,C3,202618,13.44,13.44,0.0,0.37599999999999995,0.3750166690311075,0.37192562372297244,FAR,FAR,-0.04385124744594493,1,,,0.01,0
C3_n0.01_d000_r01,C3,202618,13.46,13.46,0.0,0.37775000000000003,0.3956274133114095,0.3778510711200817,FAR,FAR,-0.055702142240163455,1,,,0.01,0
C3_n0.01_d000_r01,C3,202618,13.48,13.48,0.0,0.37950000000000006,0.38163805513808785,0.3787978171245832,FAR,FAR,-0.05759563424916647,1,,,0.01,0
C3_n0.01_d000_r01,C3,202618,13.5,13.5,0.0,0.38125,0.37790793483190693,0.37857534655141417,FAR,FAR,-0.05715069310282839,1,,,0.01,0
C3_n0.01_d000_r01,C3,202618,13.52,13.52,0.0,0.38299999999999995,0.3891172980414469,0.38121083442392234,FAR,FAR,-0.062421668847844725,1,,,0.01,0
C3_n0.01_d000_r01,C3,202618,13.54,13.54,0.0,0.3847499999999999,0.37919739863078156,0.38070747547563716,FAR,FAR,-0.06141495095127436,1,,,0.01,0
C3_n0.01_d000_r01,C3,202618,13.56,13.56,0.0,0.38650000000000007,0.39263718640086415,0.3836899032069439,FAR,FAR,-0.06737980641388785,1,,,0.01,0
C3_n0.01_d000_r01,C3,202618,13.58,13.58,0.0,0.38825,0.3743998171205911,0.3813673816853557,FAR,FAR,-0.06273476337071149,1,,,0.01,0
C3_n0.01_d000_r01,C3,202618,13.6,13.6,0.0,0.38999999999999996,0.3905293668127592,0.3836578779672066,FAR,FAR,-0.06731575593441319,1,,,0.01,0
C3_n0.01_d000_r01,C3,202618,13.62,13.62,0.0,0.39174999999999993,0.3874597832309989,0.38460835428315465,FAR,FAR,-0.06921670856630935,1,,,0.01,0
C3_n0.01_d000_r01,C3,202618,13.64,13.64,0.0,0.39350000000000007,0.3991246937458843,0.38823743914883707,FAR,FAR,-0.07647487829767419,1,,,0.01,0
C3_n0.01_d000_r01,C3,202618,13.66,13.66,0.0,0.39525,0.3698508875140164,0.3836408012401319,FAR,FAR,-0.06728160248026382,1,,,0.01,0
C3_n0.01_d000_r01,C3,202618,13.68,13.68,0.0,0.39699999999999996,0.39353130119486884,0.38611342622881617,FAR,FAR,-0.07222685245763238,1,,,0.01,0
C3_n0.01_d000_r01,C3,202618,13.7,13.7,0.0,0.39874999999999994,0.39009531291182914,0.3871088978995694,FAR,FAR,-0.0742177957991389,1,,,0.01,0
C3_n0.01_d000_r01,C3,202618,13.72,13.72,0.0,0.4005000000000001,0.3906711477425234,0.3879994603603079,FAR,FAR,-0.07599892072061587,1,,,0.01,0
C3_n0.01_d000_r01,C3,202618,13.74,13.74,0.0,0.40225,0.386971696781491,0.3877425194656037,FAR,FAR,-0.0754850389312074,1,,,0.01,0
C3_n0.01_d000_r01,C3,202618,13.76,13.76,0.0,0.40399999999999997,0.40794256726877187,0.3927925314163957,FAR,FAR,-0.08558506283279144,1,,,0.01,0
C3_n0.01_d000_r01,C3,202618,13.78,13.78,0.0,0.40574999999999994,0.39821677081377743,0.3941485912657411,FAR,FAR,-0.08829718253148222,1,,,0.01,0
C3_n0.01_d000_r01,C3,202618,13.8,13.8,0.0,0.4075000000000001,0.4190152446346414,0.4003652546079661,FAR,FAR,-0.1007305092159323,1,,,0.01,0
C3_n0.01_d000_r01,C3,202618,13.82,13.82,0.0,0.40925,0.39928479267693084,0.40009513912520733,FAR,FAR,-0.10019027825041471,1,,,0.01,0
C3_n0.01_d000_r01,C3,202618,13.84,13.84,0.0,0.411,0.4152480560893944,0.40388336836625416,FAR,FAR,-0.10776673673250836,1,,,0.01,0
C3_n0.01_d000_r01,C3,202618,13.86,13.86,0.0,0.41274999999999995,0.4018532853049773,0.4033758476009349,FAR,FAR,-0.10675169520186989,1,,,0.01,0
C3_n0.01_d000_r01,C3,202618,13.88,13.88,0.0,0.4145000000000001,0.41663783257084025,0.40669134384341127,FAR,FAR,-0.11338268768682258,1,,,0.01,0
C3_n0.01_d000_r01,C3,202618,13.9,13.9,0.0,0.41625,0.4048149207880055,0.4062222380795598,FAR,FAR,-0.11244447615911968,1,,,0.01,0
C3_n0.01_d000_r01,C3,202618,13.92,13.92,0.0,0.418,0.4210847995730938,0.4099378784529433,FAR,FAR,-0.1198757569058867,1,,,0.01,0
C3_n0.01_d000_r01,C3,202618,13.94,13.94,0.0,0.41974999999999996,0.4219372995796862,0.41293773373462905,FAR,FAR,-0.12587546746925815,1,,,0.01,0
C3_n0.01_d000_r01,C3,202618,13.96,13.96,0.0,0.4215000000000001,0.4184093938356011,0.4143056487598721,FAR,FAR,-0.1286112975197442,1,,,0.01,0
C3_n0.01_d000_r01,C3,202618,13.98,13.98,0.0,0.42325,0.4082947803243476,0.4128029316509909,FAR,FAR,-0.12560586330198187,1,,,0.01,0
C3_n0.01_d000_r01,C3,202618,14.0,14.0,0.0,0.425,0.44879956781283503,0.4218020906914519,FAR,FAR,-0.14360418138290387,1,,,0.01,0
C3_n0.01_d000_r01,C3,202618,14.02,14.02,0.0,0.42674999999999996,0.42548573460932604,0.4227230016709205,FAR,FAR,-0.145446003341841,1,,,0.01,0
C3_n0.01_d000_r01,C3,202618,14.04,14.04,0.0,0.4284999999999999,0.4305419696440215,0.42467774366419575,FAR,FAR,-0.14935548732839155,1,,,0.01,0
C3_n0.01_d000_r01,C3,202618,14.06,14.06,0.0,0.43025,0.4282058033980578,0.42555975859766126,FAR,FAR,-0.15111951719532257,1,,,0.01,0
C3_n0.01_d000_r01,C3,202618,14.08,14.08,0.0,0.432,0.4229062531285549,0.4248963822303846,FAR,FAR,-0.14979276446076928,1,,,0.01,0
C3_n0.01_d000_r01,C3,202618,14.1,14.1,0.0,0.43374999999999997,0.4365825052144941,0.427817912976412,FAR,FAR,-0.155635825952824,1,,,0.01,0
C3_n0.01_d000_r01,C3,202618,14.12,14.12,0.0,0.4354999999999999,0.43797310293204184,0.4303567104653194,FAR,FAR,-0.1607134209306389,1,,,0.01,0
C3_n0.01_d000_r01,C3,202618,14.14,14.14,0.0,0.43725,0.4444645971234142,0.43388368212984313,FAR,FAR,-0.1677673642596863,1,,,0.01,0
C3_n0.01_d000_r01,C3,202618,14.16,14.16,0.0,0.439,0.45166126388290145,0.4383280775681077,FAR,FAR,-0.17665615513621546,1,,,0.01,0
C3_n0.01_d000_r01,C3,202618,14.18,14.18,0.0,0.44075,0.4602699137732572,0.44381353661939504,FAR,FAR,-0.18762707323879013,1,,,0.01,0
C3_n0.01_d000_r01,C3,202618,14.2,14.2,0.0,0.4424999999999999,0.4405131284227815,0.4429884345702416,FAR,FAR,-0.18597686914048328,1,,,0.01,0
C3_n0.01_d000_r01,C3,202618,14.22,14.22,0.0,0.44425000000000003,0.4319914300947133,0.4402391834513595,FAR,FAR,-0.180478366902719,1,,,0.01,0
C3_n0.01_d000_r01,C3,202618,14.24,14.24,0.0,0.446,0.4427012585969524,0.4408547022377577,FAR,FAR,-0.18170940447551542,1,,,0.01,0
C3_n0.01_d000_r01,C3,202618,14.26,14.26,0.0,0.44775,0.43615961093535277,0.4396809294121565,FAR,FAR,-0.179361858824313,1,,,0.01,0
C3_n0.01_d000_r01,C3,202618,14.28,14.28,0.0,0.4494999999999999,0.46217262488803484,0.4453038532811261,FAR,FAR,-0.19060770656225223,1,,,0.01,0
C3_n0.01_d000_r01,C3,202618,14.3,14.3,0.0,0.45125000000000004,0.42534419504641247,0.4403139387224477,FAR,FAR,-0.1806278774448954,1,,,0.01,0
C3_n0.01_d000_r01,C3,202618,14.32,14.32,0.0,0.453,0.4405721462861005,0.4403784906133609,FAR,FAR,-0.1807569812267218,1,,,0.01,0
C3_n0.01_d000_r01,C3,202618,14.34,14.34,0.0,0.45475,0.4545332184274422,0.4439171725668812,FAR,FAR,-0.1878343451337624,1,,,0.01,0
C3_n0.01_d000_r01,C3,202618,14.36,14.36,0.0,0.4564999999999999,0.4683682748655802,0.45002994814155595,FAR,FAR,-0.20005989628311194,1,,,0.01,0
C3_n0.01_d000_r01,C3,202618,14.38,14.38,0.0,0.45825000000000005,0.4613248908291996,0.45285368381346686,FAR,FAR,-0.20570736762693376,1,,,0.01,0
C3_n0.01_d000_r01,C3,202618,14.4,14.4,0.0,0.46,0.4672990584944703,0.4564650274837177,FAR,FAR,-0.21293005496743544,1,,,0.01,0
C3_n0.01_d000_r01,C3,202618,14.42,14.42,0.0,0.46175,0.4651632070479976,0.4586395723747877,FAR,FAR,-0.21727914474957544,1,,,0.01,0
C3_n0.01_d000_r01,C3,202618,14.44,14.44,0.0,0.4634999999999999,0.44283575562861655,0.4546886181882449,FAR,FAR,-0.20937723637648986,1,,,0.01,0
C3_n0.01_d000_r01,C3,202618,14.46,14.46,0.0,0.46525000000000005,0.46620537168777,0.4575678065631261,FAR,FAR,-0.2151356131262523,1,,,0.01,0
C3_n0.01_d000_r01,C3,202618,14.48,14.48,0.0,0.467,0.4487327993665292,0.45535905476397687,FAR,FAR,-0.21071810952795378,1,,,0.01,0
C3_n0.01_d000_r01,C3,202618,14.5,14.5,0.0,0.46875,0.47689981212518784,0.4607442441042796,FAR,FAR,-0.22148848820855926,1,,,0.01,0
C3_n0.01_d000_r01,C3,202618,14.52,14.52,0.0,0.4704999999999999,0.474130397778657,0.464090782522874,FAR,FAR,-0.22818156504574805,1,,,0.01,0
C3_n0.01_d000_r01,C3,202618,14.54,14.54,0.0,0.47224999999999995,0.4551006051741555,0.4618432381856944,FAR,FAR,-0.22368647637138883,1,,,0.01,0
C3_n0.01_d000_r01,C3,202618,14.56,14.56,0.0,0.47400000000000003,0.47394110625374525,0.46486770520270715,FAR,FAR,-0.22973541040541434,1,,,0.01,0
C3_n0.01_d000_r01,C3,202618,14.58,14.58,0.0,0.47575,0.49376870161278413,0.47209295430522635,FAR,FAR,-0.24418590861045275,1,,,0.01,0
C3_n0.01_d000_r01,C3,202618,14.6,14.6,0.0,0.4774999999999999,0.4864394129381949,0.4756795689634685,FAR,FAR,-0.2513591379269371,1,,,0.01,0
C3_n0.01_d000_r01,C3,202618,14.62,14.62,0.0,0.47924999999999995,0.4800870611568579,0.4767814420118159,FAR,FAR,-0.2535628840236318,1,,,0.01,0
C3_n0.01_d000_r01,C3,202618,14.64,14.64,0.0,0.48100000000000004,0.49241135675586456,0.48068892069782804,FAR,FAR,-0.2613778413956561,1,,,0.01,0
C3_n0.01_d000_r01,C3,202618,14.66,14.66,0.0,0.48275,0.48520003781771587,0.4818166999778,FAR,FAR,-0.2636333999556001,1,,,0.01,0
C3_n0.01_d000_r01,C3,202618,14.68,14.68,0.0,0.48449999999999993,0.49577208915136095,0.48530554727119024,FAR,FAR,-0.2706110945423805,1,,,0.01,0
C3_n0.01_d000_r01,C3,202618,14.7,14.7,0.0,0.48624999999999996,0.475734052893652,0.4829126736768057,FAR,FAR,-0.2658253473536114,1,,,0.01,0
C3_n0.01_d000_r01,C3,202618,14.72,14.72,0.0,0.48800000000000004,0.491994918058329,0.4851832347721865,FAR,FAR,-0.27036646954437304,1,,,0.01,0
C3_n0.01_d000_r01,C3,202618,14.74,14.74,0.0,0.48975,0.4909222519286351,0.48661798906129866,FAR,FAR,-0.27323597812259737,1,,,0.01,0
C3_n0.01_d000_r01,C3,202618,14.76,14.76,0.0,0.49149999999999994,0.4865451544794338,0.4865997804158324,FAR,FAR,-0.27319956083166486,1,,,0.01,0
C3_n0.01_d000_r01,C3,202618,14.78,14.78,0.0,0.49324999999999997,0.4862120954517096,0.48650285917480174,FAR,FAR,-0.2730057183496035,1,,,0.01,0
C3_n0.01_d000_r01,C3,202618,14.8,14.8,0.0,0.49500000000000005,0.49255734958906644,0.4880164817783679,FAR,FAR,-0.2760329635567359,1,,,0.01,0
C3_n0.01_d000_r01,C3,202618,14.82,14.82,0.0,0.49675,0.49728951509941605,0.49033474010863,FAR,FAR,-0.28066948021726,1,,,0.01,0
C3_n0.01_d000_r01,C3,202618,14.84,14.84,0.0,0.49849999999999994,0.486812334194454,0.489454138630086,FAR,FAR,-0.2789082772601721,1,,,0.01,0
C3_n0.01_d000_r01,C3,202618,14.86,14.86,0.0,0.5002499999999999,0.4871538996623324,0.48887907888814763,FAR,FAR,-0.2777581577762953,1,,,0.01,0
C3_n0.01_d000_r01,C3,202618,14.88,14.88,0.0,0.502,0.5238972983384694,0.4976336337507281,FAR,FAR,-0.29526726750145627,1,,,0.01,0
C3_n0.01_d000_r01,C3,202618,14.9,14.9,0.0,0.50375,0.5099604359015847,0.5007153342884423,FAR,FAR,-0.3014306685768846,1,,,0.01,0
C3_n0.01_d000_r01,C3,202618,14.92,14.92,0.0,0.5055000000000001,0.48795275303052926,0.497524688973964,FAR,FAR,-0.29504937794792807,1,,,0.01,0
C3_n0.01_d000_r01,C3,202618,14.94,14.94,0.0,0.50725,0.5152243164208542,0.5019495958356865,FAR,FAR,-0.30389919167137314,1,,,0.01,0
C3_n0.01_d000_r01,C3,202618,14.96,14.96,0.0,0.5090000000000001,0.5114431465587164,0.504322983516444,FAR,FAR,-0.30864596703288805,1,,,0.01,0
C3_n0.01_d000_r01,C3,202618,14.98,14.98,0.0,0.51075,0.505360406167077,0.5045823391791022,FAR,FAR,-0.3091646783582045,1,,,0.01,0
C3_n0.01_d000_r01,C3,202618,15.0,15.0,0.0,0.5125,0.5163281400227293,0.507518789390009,FAR,FAR,-0.31503757878001815,1,,,0.01,0
C3_n0.01_d000_r01,C3,202618,15.02,15.02,0.0,0.5142499999999999,0.5008872688615956,0.5058609092579057,FAR,FAR,-0.3117218185158115,1,,,0.01,0
C3_n0.01_d000_r01,C3,202618,15.04,15.04,0.0,0.5159999999999999,0.517483512068865,0.5087665599606456,FAR,FAR,-0.3175331199212912,1,,,0.01,0
C3_n0.01_d000_r01,C3,202618,15.06,15.06,0.0,0.51775,0.5179476021042753,0.511061820496553,FAR,FAR,-0.3221236409931061,1,,,0.01,0
C3_n0.01_d000_r01,C3,202618,15.08,15.08,0.0,0.5195,0.537353331456075,0.5176346982364335,FAR,FAR,-0.335269396472867,1,,,0.01,0
C3_n0.01_d000_r01,C3,202618,15.1,15.1,0.0,0.52125,0.533206499766424,0.5215276486189311,FAR,FAR,-0.3430552972378622,1,,,0.01,0
C3_n0.01_d000_r01,C3,202618,15.12,15.12,0.0,0.5229999999999999,0.5302117628196376,0.5236986771691077,FAR,FAR,-0.3473973543382154,1,,,0.01,0
C3_n0.01_d000_r01,C3,202618,15.14,15.14,0.0,0.52475,0.531268172341511,0.5255910509622085,FAR,FAR,-0.351182101924417,1,,,0.01,0
C3_n0.01_d000_r01,C3,202618,15.16,15.16,0.0,0.5265,0.5376772141559122,0.5286125917606344,FAR,FAR,-0.35722518352126875,1,,,0.01,0
C3_n0.01_d000_r01,C3,202618,15.18,15.18,0.0,0.5282499999999999,0.5197335161419482,0.5263928228559628,FAR,FAR,-0.3527856457119256,1,,,0.01,0
C3_n0.01_d000_r01,C3,202618,15.2,15.2,0.0,0.5299999999999999,0.5423257849663213,0.5303760633835524,FAR,FAR,-0.3607521267671048,1,,,0.01,0
C3_n0.01_d000_r01,C3,202618,15.22,15.22,0.0,0.5317500000000001,0.5080938443941676,0.5248055086362062,FAR,FAR,-0.3496110172724125,1,,,0.01,0
C3_n0.01_d000_r01,C3,202618,15.24,15.24,0.0,0.5335,0.520329593061194,0.5236865297424531,FAR,FAR,-0.34737305948490627,1,,,0.01,0
C3_n0.01_d000_r01,C3,202618,15.26,15.26,0.0,0.53525,0.5538773961305363,0.5312342463394739,FAR,FAR,-0.3624684926789479,1,,,0.01,0
C3_n0.01_d000_r01,C3,202618,15.28,15.28,0.0,0.5369999999999999,0.5297363595025664,0.530859774630247,FAR,FAR,-0.3617195492604941,1,,,0.01,0
C3_n0.01_d000_r01,C3,202618,15.3,15.3,0.0,0.5387500000000001,0.5266348635057875,0.5298035468491321,FAR,FAR,-0.35960709369826427,1,,,0.01,0
C3_n0.01_d000_r01,C3,202618,15.32,15.32,0.0,0.5405,0.5392756637976964,0.5321715760862732,FAR,FAR,-0.3643431521725464,1,,,0.01,0
C3_n0.01_d000_r01,C3,202618,15.34,15.34,0.0,0.5422499999999999,0.5285860135610674,0.5312751854549718,FAR,FAR,-0.3625503709099436,1,,,0.01,0
C3_n0.01_d000_r01,C3,202618,15.36,15.36,0.0,0.5439999999999999,0.5541244454567625,0.5369875004554194,FAR,FAR,-0.3739750009108389,1,,,0.01,0
C3_n0.01_d000_r01,C3,202618,15.38,15.38,0.0,0.5457500000000001,0.5418139374223994,0.5381941096971644,FAR,FAR,-0.37638821939432887,1,,,0.01,0
C3_n0.01_d000_r01,C3,202618,15.4,15.4,0.0,0.5475,0.5355154420812305,0.5375244427931809,FAR,FAR,-0.37504888558636185,1,,,0.01,0
C3_n0.01_d000_r01,C3,202618,15.42,15.42,0.0,0.54925,0.5355123969684566,0.5370214313369999,FAR,FAR,-0.3740428626739998,1,,,0.01,0
C3_n0.01_d000_r01,C3,202618,15.44,15.44,0.0,0.5509999999999999,0.5429187507963334,0.5384957612018333,FAR,FAR,-0.3769915224036666,1,,,0.01,0
C3_n0.01_d000_r01,C3,202618,15.46,15.46,0.0,0.5527500000000001,0.5592130475262758,0.543675082782944,FAR,FAR,-0.38735016556588797,1,,,0.01,0
C3_n0.01_d000_r01,C3,202618,15.48,15.48,0.0,0.5545,0.5595404936893776,0.5476414355095524,FAR,FAR,-0.39528287101910475,1,,,0.01,0
C3_n0.01_d000_r01,C3,202618,15.5,15.5,0.0,0.5562499999999999,0.538420362222908,0.5453361671878912,FAR,FAR,-0.3906723343757825,1,,,0.01,0
C3_n0.01_d000_r01,C3,202618,15.52,15.52,0.0,0.5579999999999999,0.5716270813002263,0.551908895715975,FAR,FAR,-0.40381779143195007,1,,,0.01,0
C3_n0.01_d000_r01,C3,202618,15.54,15.54,0.0,0.55975,0.5472057225850545,0.5507331024332449,FAR,FAR,-0.4014662048664899,1,,,0.01,0
C3_n0.01_d000_r01,C3,202618,15.56,15.56,0.0,0.5615,0.5613198211685687,0.5533797821170758,FAR,FAR,-0.4067595642341517,1,,,0.01,0
C3_n0.01_d000_r01,C3,202618,15.58,15.58,0.0,0.56325,0.5610998997771351,0.5553098115320907,FAR,FAR,-0.4106196230641814,1,,,0.01,0
C3_n0.01_d000_r01,C3,202618,15.6,15.6,0.0,0.565,0.554656527606289,0.5551464905506402,FAR,FAR,-0.41029298110128054,1,,,0.01,0
C3_n0.01_d000_r01,C3,202618,15.62,15.62,0.0,0.5667499999999999,0.5676618936876143,0.5582753413348838,FAR,FAR,-0.4165506826697676,1,,,0.01,0
C3_n0.01_d000_r01,C3,202618,15.64,15.64,0.0,0.5685,0.556647019310297,0.5578682608287371,FAR,FAR,-0.4157365216574742,1,,,0.01,0
C3_n0.01_d000_r01,C3,202618,15.66,15.66,0.0,0.5702499999999999,0.5698662441680415,0.5608677566635631,FAR,FAR,-0.42173551332712633,1,,,0.01,0
C3_n0.01_d000_r01,C3,202618,15.68,15.68,0.0,0.572,0.5893275306797199,0.5679827001676023,FAR,FAR,-0.4359654003352047,1,,,0.01,0
C3_n0.01_d000_r01,C3,202618,15.7,15.7,0.0,0.57375,0.5744064498414482,0.5695886375860638,FAR,FAR,-0.4391772751721277,1,,,0.01,0
C3_n0.01_d000_r01,C3,202618,15.72,15.72,0.0,0.5755,0.5672108925864687,0.5689942013361651,FAR,FAR,-0.4379884026723302,1,,,0.01,0
C3_n0.01_d000_r01,C3,202618,15.74,15.74,0.0,0.57725,0.5648140914847116,0.5679491738733017,FAR,FAR,-0.4358983477466034,1,,,0.01,0
C3_n0.01_d000_r01,C3,202618,15.76,15.76,0.0,0.579,0.5789267030936978,0.5706935561784008,FAR,FAR,-0.4413871123568016,1,,,0.01,0
C3_n0.01_d000_r01,C3,202618,15.78,15.78,0.0,0.5807499999999999,0.5824078821226335,0.573622137664459,FAR,FAR,-0.4472442753289181,1,,,0.01,0
C3_n0.01_d000_r01,C3,202618,15.8,15.8,0.0,0.5825,0.5888447601009837,0.5774277932735902,FAR,FAR,-0.4548555865471804,1,,,0.01,0
C3_n0.01_d000_r01,C3,202618,15.82,15.82,0.0,0.5842499999999999,0.5857824581679512,0.5795164594971804,FAR,FAR,-0.45903291899436094,1,,,0.01,0
C3_n0.01_d000_r01,C3,202618,15.84,15.84,0.0,0.586,0.582132540385914,0.5801704797193639,FAR,FAR,-0.46034095943872777,1,,,0.01,0
C3_n0.01_d000_r01,C3,202618,15.86,15.86,0.0,0.58775,0.5880216866093938,0.5821332814418714,FAR,FAR,-0.4642665628837428,1,,,0.01,0
C3_n0.01_d000_r01,C3,202618,15.88,15.88,0.0,0.5895,0.5859938981993,0.5830984356312285,FAR,FAR,-0.4661968712624571,1,,,0.01,0
C3_n0.01_d000_r01,C3,202618,15.9,15.9,0.0,0.59125,0.6018851195298985,0.5877951066058961,FAR,FAR,-0.4755902132117922,1,,,0.01,0
C3_n0.01_d000_r01,C3,202618,15.92,15.92,0.0,0.593,0.5925202174396003,0.5889763843143221,FAR,FAR,-0.4779527686286442,1,,,0.01,0
C3_n0.01_d000_r01,C3,202618,15.94,15.94,0.0,0.5947499999999999,0.6061838444172918,0.5932782493400646,FAR,FAR,-0.4865564986801292,1,,,0.01,0
C3_n0.01_d000_r01,C3,202618,15.96,15.96,0.0,0.5965,0.5978075416704838,0.5944105724226694,FAR,FAR,-0.4888211448453388,1,,,0.01,0
C3_n0.01_d000_r01,C3,202618,15.98,15.98,0.0,0.59825,0.6000553261757513,0.5958217608609399,FAR,FAR,-0.49164352172187975,1,,,0.01,0
C3_n0.01_d000_r01,C3,202618,16.0,16.0,0.0,0.6,0.589911483160311,0.5943441914357825,FAR,FAR,-0.48868838287156513,1,,,0.01,0
C3_n0.01_d000_r01,C3,202618,16.02,16.02,0.0,0.6,0.6013661655794412,0.5960996849716972,FAR,FAR,-0.4921993699433944,1,,,0.01,0
C3_n0.01_d000_r01,C3,202618,16.04,16.04,0.0,0.6,0.5994917232994316,0.5969476945536307,FAR,FAR,-0.4938953891072615,1,,,0.01,0
C3_n0.01_d000_r01,C3,202618,16.06,16.06,0.0,0.6,0.595804862393115,0.5966619865135018,FAR,FAR,-0.4933239730270036,1,,,0.01,0
C3_n0.01_d000_r01,C3,202618,16.08,16.08,0.0,0.6,0.5876859695281125,0.5944179822671545,FAR,FAR,-0.488835964534309,1,,,0.01,0
C3_n0.01_d000_r01,C3,202618,16.1,16.1,0.0,0.6,0.597068987701291,0.5950807336256886,FAR,FAR,-0.4901614672513772,1,,,0.01,0
C3_n0.01_d000_r01,C3,202618,16.12,16.12,0.0,0.6,0.5922717615301376,0.5943784906018008,FAR,FAR,-0.48875698120360167,1,,,0.01,0
C3_n0.01_d000_r01,C3,202618,16.14,16.14,0.0,0.6,0.6147213667661088,0.5994642096428778,FAR,FAR,-0.4989284192857557,1,,,0.01,0
C3_n0.01_d000_r01,C3,202618,16.16,16.16,0.0,0.6,0.5872081388843531,0.5964001919532467,FAR,FAR,-0.4928003839064934,1,,,0.01,0
C3_n0.01_d000_r01,C3,202618,16.18,16.18,0.0,0.6,0.6146869733817988,0.6009718873103846,FAR,FAR,-0.5019437746207693,1,,,0.01,0
C3_n0.01_d000_r01,C3,202618,16.2,16.2,0.0,0.6,0.5975381043506692,0.6001134415704558,FAR,FAR,-0.5002268831409116,1,,,0.01,0
C3_n0.01_d000_r01,C3,202618,16.22,16.22,0.0,0.6,0.5941062678327284,0.598611648136024,FAR,FAR,-0.497223296272048,1,,,0.01,0
C3_n0.01_d000_r01,C3,202618,16.24,16.24,0.0,0.6,0.5835117475125914,0.5948366729801658,FAR,FAR,-0.48967334596033174,1,,,0.01,0
C3_n0.01_d000_r01,C3,202618,16.26,16.26,0.0,0.6,0.5993607732633868,0.5959676980509712,FAR,FAR,-0.49193539610194237,1,,,0.01,0
C3_n0.01_d000_r01,C3,202618,16.28,16.28,0.0,0.6,0.6056882912118315,0.5983978463411863,FAR,FAR,-0.49679569268237267,1,,,0.01,0
C3_n0.01_d000_r01,C3,202618,16.3,16.3,0.0,0.6,0.5923228774287472,0.5968791041130765,FAR,FAR,-0.49375820822615313,1,,,0.01,0
C3_n0.01_d000_r01,C3,202618,16.32,16.32,0.0,0.6,0.6103522110188335,0.6002473808395158,FAR,FAR,-0.5004947616790316,1,,,0.01,0
C3_n0.01_d000_r01,C3,202618,16.34,16.34,0.0,0.6,0.6016048228994623,0.6005867413545024,FAR,FAR,-0.5011734827090049,1,,,0.01,0
C3_n0.01_d000_r01,C3,202618,16.36,16.36,0.0,0.6,0.5972359314794987,0.5997490388857515,FAR,FAR,-0.499498077771503,1,,,0.01,0
C3_n0.01_d000_r01,C3,202618,16.38,16.38,0.0,0.6,0.6005273978865694,0.599943628635956,FAR,FAR,-0.49988725727191197,1,,,0.01,0
C3_n0.01_d000_r01,C3,202618,16.4,16.4,0.0,0.6,0.5880096554117975,0.5969601353299163,FAR,FAR,-0.4939202706598327,1,,,0.01,0
C3_n0.01_d000_r01,C3,202618,16.42,16.42,0.0,0.6,0.5917561499083426,0.5956591389745229,FAR,FAR,-0.4913182779490459,1,,,0.01,0
C3_n0.01_d000_r01,C3,202618,16.44,16.44,0.0,0.6,0.5973384657230603,0.5960789706616573,FAR,FAR,-0.4921579413233146,1,,,0.01,0
C3_n0.01_d000_r01,C3,202618,16.46,16.46,0.0,0.6,0.6022185908108212,0.5976138756989483,FAR,FAR,-0.49522775139789665,1,,,0.01,0
C3_n0.01_d000_r01,C3,202618,16.48,16.48,0.0,0.6,0.5927811989470123,0.5964057065109643,FAR,FAR,-0.49281141302192855,1,,,0.01,0
C3_n0.01_d000_r01,C3,202618,16.5,16.5,0.0,0.6,0.590354920644446,0.5948930100443347,FAR,FAR,-0.48978602008866945,1,,,0.01,0
C3_n0.01_d000_r01,C3,202618,16.52,16.52,0.0,0.6,0.6043180017117873,0.5972492579611979,FAR,FAR,-0.4944985159223958,1,,,0.01,0
C3_n0.01_d000_r01,C3,202618,16.54,16.54,0.0,0.6,0.6027845792198232,0.5986330882758542,FAR,FAR,-0.49726617655170835,1,,,0.01,0
C3_n0.01_d000_r01,C3,202618,16.56,16.56,0.0,0.6,0.5954196549171814,0.597829729936186,FAR,FAR,-0.49565945987237203,1,,,0.01,0
C3_n0.01_d000_r01,C3,202618,16.58,16.58,0.0,0.6,0.604245614759094,0.599433701141913,FAR,FAR,-0.498867402283826,1,,,0.01,0
C3_n0.01_d000_r01,C3,202618,16.6,16.6,0.0,0.6,0.6108161095355807,0.60227930324033,FAR,FAR,-0.50455860648066,1,,,0.01,0
C3_n0.01_d000_r01,C3,202618,16.62,16.62,0.0,0.6,0.5782657409683687,0.5962759126723396,FAR,FAR,-0.49255182534467923,1,,,0.01,0
C3_n0.01_d000_r01,C3,202618,16.64,16.64,0.0,0.6,0.5938715388869329,0.595674819225988,FAR,FAR,-0.491349638451976,1,,,0.01,0
C3_n0.01_d000_r01,C3,202618,16.66,16.66,0.0,0.6,0.6103132881665261,0.5993344364611225,FAR,FAR,-0.49866887292224504,1,,,0.01,0
C3_n0.01_d000_r01,C3,202618,16.68,16.68,0.0,0.6,0.6060321694451863,0.6010088697071384,FAR,FAR,-0.5020177394142769,1,,,0.01,0
C3_n0.01_d000_r01,C3,202618,16.7,16.7,0.0,0.6,0.6210014227923474,0.6060070079784406,FAR,FAR,-0.5120140159568813,1,,,0.01,0
C3_n0.01_d000_r01,C3,202618,16.72,16.72,0.0,0.6,0.5968407040672585,0.6037154320006451,FAR,FAR,-0.5074308640012903,1,,,0.01,0
C3_n0.01_d000_r01,C3,202618,16.74,16.74,0.0,0.6,0.5868351883715033,0.5994953710933597,FAR,FAR,-0.49899074218671946,1,,,0.01,0
C3_n0.01_d000_r01,C3,202618,16.76,16.76,0.0,0.6,0.6074404384580742,0.6014816379345383,FAR,FAR,-0.5029632758690767,1,,,0.01,0
C3_n0.01_d000_r01,C3,202618,16.78,16.78,0.0,0.6,0.6112249092819991,0.6039174557714035,FAR,FAR,-0.5078349115428071,1,,,0.01,0
C3_n0.01_d000_r01,C3,202618,16.8,16.8,0.0,0.6,0.5887884707863406,0.6001352095251378,FAR,FAR,-0.5002704190502756,1,,,0.01,0
C3_n0.01_d000_r01,C3,202618,16.82,16.82,0.0,0.6,0.6007218005029086,0.6002818572695805,FAR,FAR,-0.500563714539161,1,,,0.01,0
C3_n0.01_d000_r01,C3,202618,16.84,16.84,0.0,0.6,0.5922510376689203,0.5982741523694155,FAR,FAR,-0.49654830473883105,1,,,0.01,0
C3_n0.01_d000_r01,C3,202618,16.86,16.86,0.0,0.6,0.5889155769485416,0.595934508514197,FAR,FAR,-0.49186901702839414,1,,,0.01,0
C3_n0.01_d000_r01,C3,202618,16.88,16.88,0.0,0.6,0.6081957245624089,0.59899981252625,FAR,FAR,-0.49799962505250006,1,,,0.01,0
C3_n0.01_d000_r01,C3,202618,16.9,16.9,0.0,0.6,0.6006775714369134,0.5994192522539159,FAR,FAR,-0.49883850450783185,1,,,0.01,0
C3_n0.01_d000_r01,C3,202618,16.92,16.92,0.0,0.6,0.6140956214208604,0.6030883445456521,FAR,FAR,-0.5061766890913042,1,,,0.01,0
C3_n0.01_d000_r01,C3,202618,16.94,16.94,0.0,0.6,0.6059045116413723,0.6037923863195821,FAR,FAR,-0.5075847726391642,1,,,0.01,0
C3_n0.01_d000_r01,C3,202618,16.96,16.96,0.0,0.6,0.5943682885038852,0.601436361865658,FAR,FAR,-0.502872723731316,1,,,0.01,0
C3_n0.01_d000_r01,C3,202618,16.98,16.98,0.0,0.6,0.5976749131316728,0.6004959996821617,FAR,FAR,-0.5009919993643235,1,,,0.01,0
C3_n0.01_d000_r01,C3,202618,17.0,17.0,0.0,0.6,0.5961429817833971,0.5994077452074705,FAR,FAR,-0.4988154904149411,1,,,0.01,0
C3_n0.01_d000_r01,C3,202618,17.02,17.02,0.0,0.6,0.6074016968672431,0.6014062331224137,FAR,FAR,-0.5028124662448274,1,,,0.01,0
C3_n0.01_d000_r01,C3,202618,17.04,17.04,0.0,0.6,0.5910497959702825,0.5988171238343809,FAR,FAR,-0.49763424766876185,1,,,0.01,0
C3_n0.01_d000_r01,C3,202618,17.06,17.06,0.0,0.6,0.5918449595745435,0.5970740827694215,FAR,FAR,-0.4941481655388431,1,,,0.01,0
C3_n0.01_d000_r01,C3,202618,17.08,17.08,0.0,0.6,0.6187129870662078,0.6024838088436181,FAR,FAR,-0.5049676176872362,1,,,0.01,0
C3_n0.01_d000_r01,C3,202618,17.1,17.1,0.0,0.6,0.59902409709657,0.601618880906856,FAR,FAR,-0.503237761813712,1,,,0.01,0
C3_n0.01_d000_r01,C3,202618,17.12,17.12,0.0,0.6,0.5757366813649023,0.5951483310213675,FAR,FAR,-0.49029666204273514,1,,,0.01,0
C3_n0.01_d000_r01,C3,202618,17.14,17.14,0.0,0.6,0.6093832646752759,0.5987070644348447,FAR,FAR,-0.4974141288696894,1,,,0.01,0
C3_n0.01_d000_r01,C3,202618,17.16,17.16,0.0,0.6,0.6047107088606501,0.600207975541296,FAR,FAR,-0.5004159510825921,1,,,0.01,0
C3_n0.01_d000_r01,C3,202618,17.18,17.18,0.0,0.6,0.6057909019223999,0.6016037071365721,FAR,FAR,-0.5032074142731442,1,,,0.01,0
C3_n0.01_d000_r01,C3,202618,17.2,17.2,0.0,0.6,0.6036224424609882,0.6021083909676761,FAR,FAR,-0.5042167819353522,1,,,0.01,0
C3_n0.01_d000_r01,C3,202618,17.22,17.22,0.0,0.6,0.5966782965877485,0.6007508673726942,FAR,FAR,-0.5015017347453885,1,,,0.01,0
C3_n0.01_d000_r01,C3,202618,17.24,17.24,0.0,0.6,0.5952720905867793,0.5993811731762155,FAR,FAR,-0.4987623463524311,1,,,0.01,0
C3_n0.01_d000_r01,C3,202618,17.26,17.26,0.0,0.6,0.595795877493209,0.5984848492554639,FAR,FAR,-0.49696969851092776,1,,,0.01,0
C3_n0.01_d000_r01,C3,202618,17.28,17.28,0.0,0.6,0.5897154783854309,0.5962925065379556,FAR,FAR,-0.4925850130759113,1,,,0.01,0
C3_n0.01_d000_r01,C3,202618,17.3,17.3,0.0,0.6,0.6108972540285058,0.5999436934105932,FAR,FAR,-0.4998873868211864,1,,,0.01,0
C3_n0.01_d000_r01,C3,202618,17.32,17.32,0.0,0.6,0.6048455953306106,0.6011691688905976,FAR,FAR,-0.5023383377811952,1,,,0.01,0
C3_n0.01_d000_r01,C3,202618,17.34,17.34,0.0,0.6,0.612655428643665,0.6040407338288645,FAR,FAR,-0.508081467657729,1,,,0.01,0
C3_n0.01_d000_r01,C3,202618,17.36,17.36,0.0,0.6,0.6008057001233043,0.6032319754024744,FAR,FAR,-0.5064639508049489,1,,,0.01,0
C3_n0.01_d000_r01,C3,202618,17.38,17.38,0.0,0.6,0.5966508540796496,0.6015866950717682,FAR,FAR,-0.5031733901435365,1,,,0.01,0
C3_n0.01_d000_r01,C3,202618,17.4,17.4,0.0,0.6,0.5996902129010574,0.6011125745290905,FAR,FAR,-0.502225149058181,1,,,0.01,0
C3_n0.01_d000_r01,C3,202618,17.42,17.42,0.0,0.6,0.5994550112271156,0.6006981837035967,FAR,FAR,-0.5013963674071935,1,,,0.01,0
C3_n0.01_d000_r01,C3,202618,17.44,17.44,0.0,0.6,0.5899364068928213,0.5980077395009029,FAR,FAR,-0.49601547900180587,1,,,0.01,0
C3_n0.01_d000_r01,C3,202618,17.46,17.46,0.0,0.6,0.6074302353022584,0.6003633634512417,FAR,FAR,-0.5007267269024835,1,,,0.01,0
C3_n0.01_d000_r01,C3,202618,17.48,17.48,0.0,0.6,0.6069641562509107,0.602013561651159,FAR,FAR,-0.5040271233023181,1,,,0.01,0
C3_n0.01_d000_r01,C3,202618,17.5,17.5,0.0,0.6,0.5900838249463104,0.5990311274749469,FAR,FAR,-0.49806225494989387,1,,,0.01,0
C3_n0.01_d000_r01,C3,202618,17.52,17.52,0.0,0.6,0.601420667383448,0.5996285124520722,FAR,FAR,-0.49925702490414436,1,,,0.01,0
C3_n0.01_d000_r01,C3,202618,17.54,17.54,0.0,0.6,0.5933279282566116,0.598053366403207,FAR,FAR,-0.49610673280641415,1,,,0.01,0
C3_n0.01_d000_r01,C3,202618,17.56,17.56,0.0,0.6,0.6045702317479458,0.5996825827393917,FAR,FAR,-0.4993651654787834,1,,,0.01,0
C3_n0.01_d000_r01,C3,202618,17.58,17.58,0.0,0.6,0.5892263932153396,0.5970685353583787,FAR,FAR,-0.4941370707167574,1,,,0.01,0
C3_n0.01_d000_r01,C3,202618,17.6,17.6,0.0,0.6,0.6007856268587205,0.5979978082334642,FAR,FAR,-0.49599561646692836,1,,,0.01,0
C3_n0.01_d000_r01,C3,202618,17.62,17.62,0.0,0.6,0.5816299063727439,0.5939058327682841,FAR,FAR,-0.4878116655365683,1,,,0.01,0
C3_n0.01_d000_r01,C3,202618,17.64,17.64,0.0,0.6,0.5845079111026348,0.5915563523518719,FAR,FAR,-0.4831127047037438,1,,,0.01,0
C3_n0.01_d000_r01,C3,202618,17.66,17.66,0.0,0.6,0.615003296856063,0.5974180884779197,FAR,FAR,-0.49483617695583937,1,,,0.01,0
C3_n0.01_d000_r01,C3,202618,17.68,17.68,0.0,0.6,0.6010578947552658,0.5983280400472561,FAR,FAR,-0.49665608009451234,1,,,0.01,0
C3_n0.01_d000_r01,C3,202618,17.7,17.7,0.0,0.6,0.6060996803125234,0.600270950113573,FAR,FAR,-0.5005419002271461,1,,,0.01,0
C3_n0.01_d000_r01,C3,202618,17.72,17.72,0.0,0.6,0.5974186932528088,0.599557885898382,FAR,FAR,-0.49911577179676403,1,,,0.01,0
C3_n0.01_d000_r01,C3,202618,17.74,17.74,0.0,0.6,0.5933314506991582,0.598001277098576,FAR,FAR,-0.496002554197152,1,,,0.01,0
C3_n0.01_d000_r01,C3,202618,17.76,17.76,0.0,0.6,0.5858273746150008,0.5949578014776822,FAR,FAR,-0.4899156029553644,1,,,0.01,0
C3_n0.01_d000_r01,C3,202618,17.78,17.78,0.0,0.6,0.5942301299549071,0.5947758835969884,FAR,FAR,-0.48955176719397686,1,,,0.01,0
C3_n0.01_d000_r01,C3,202618,17.8,17.8,0.0,0.6,0.5883344989437156,0.5931655374336702,FAR,FAR,-0.4863310748673404,1,,,0.01,0
C3_n0.01_d000_r01,C3,202618,17.82,17.82,0.0,0.6,0.6022909618008141,0.5954468935254562,FAR,FAR,-0.49089378705091247,1,,,0.01,0
C3_n0.01_d000_r01,C3,202618,17.84,17.84,0.0,0.6,0.6156583989652179,0.6004997698853967,FAR,FAR,-0.5009995397707934,1,,,0.01,0
C3_n0.01_d000_r01,C3,202618,17.86,17.86,0.0,0.6,0.5985797811522712,0.6000197727021153,FAR,FAR,-0.5000395454042306,1,,,0.01,0
C3_n0.01_d000_r01,C3,202618,17.88,17.88,0.0,0.6,0.6076711386563346,0.6019326141906701,FAR,FAR,-0.5038652283813403,1,,,0.01,0
C3_n0.01_d000_r01,C3,202618,17.9,17.9,0.0,0.6,0.5975200510288686,0.6008294734002197,FAR,FAR,-0.5016589468004395,1,,,0.01,0
C3_n0.01_d000_r01,C3,202618,17.92,17.92,0.0,0.6,0.5982255625899375,0.6001784956976493,FAR,FAR,-0.5003569913952985,1,,,0.01,0
C3_n0.01_d000_r01,C3,202618,17.94,17.94,0.0,0.6,0.60941319093904,0.602487169507997,FAR,FAR,-0.504974339015994,1,,,0.01,0
C3_n0.01_d000_r01,C3,202618,17.96,17.96,0.0,0.6,0.6004541491655662,0.6019789144223893,FAR,FAR,-0.5039578288447786,1,,,0.01,0
C3_n0.01_d000_r01,C3,202618,17.98,17.98,0.0,0.6,0.6125587418640885,0.604623871282814,FAR,FAR,-0.5092477425656281,1,,,0.01,0
C3_n0.01_d000_r01,C3,202618,18.0,18.0,0.0,0.6,0.5884558344806993,0.6005818620822854,FAR,FAR,-0.5011637241645708,1,,,0.01,0
C3_n0.01_d000_r01,C3,202618,18.02,18.02,0.0,0.6,0.5908732623563544,0.5981547121508026,FAR,FAR,-0.4963094243016053,1,,,0.01,0
C3_n0.01_d000_r01,C3,202618,18.04,18.04,0.0,0.6,0.5995715035561476,0.5985089100021389,FAR,FAR,-0.49701782000427785,1,,,0.01,0
C3_n0.01_d000_r01,C3,202618,18.06,18.06,0.0,0.6,0.5984998803485454,0.5985066525887406,FAR,FAR,-0.4970133051774812,1,,,0.01,0
C3_n0.01_d000_r01,C3,202618,18.08,18.08,0.0,0.6,0.6195330312713616,0.6037632472593959,FAR,FAR,-0.5075264945187918,1,,,0.01,0
C3_n0.01_d000_r01,C3,202618,18.1,18.1,0.0,0.6,0.5964430405855674,0.6019331955909388,FAR,FAR,-0.5038663911818777,1,,,0.01,0
C3_n0.01_d000_r01,C3,202618,18.12,18.12,0.0,0.6,0.6010302825504054,0.6017074673308055,FAR,FAR,-0.503414934661611,1,,,0.01,0
C3_n0.01_d000_r01,C3,202618,18.14,18.14,0.0,0.6,0.6001822142676345,0.6013261540650128,FAR,FAR,-0.5026523081300256,1,,,0.01,0
C3_n0.01_d000_r01,C3,202618,18.16,18.16,0.0,0.6,0.5950145886132163,0.5997482627020636,FAR,FAR,-0.49949652540412726,1,,,0.01,0
C3_n0.01_d000_r01,C3,202618,18.18,18.18,0.0,0.6,0.6128165067372047,0.6030153237108489,FAR,FAR,-0.5060306474216978,1,,,0.01,0
C3_n0.01_d000_r01,C3,202618,18.2,18.2,0.0,0.6,0.6041880784997467,0.6033085124080733,FAR,FAR,-0.5066170248161466,1,,,0.01,0
C3_n0.01_d000_r01,C3,202618,18.22,18.22,0.0,0.6,0.5983438695954894,0.6020673517049273,FAR,FAR,-0.5041347034098547,1,,,0.01,0
C3_n0.01_d000_r01,C3,202618,18.24,18.24,0.0,0.6,0.5816651894636784,0.5969668111446151,FAR,FAR,-0.4939336222892303,1,,,0.01,0
C3_n0.01_d000_r01,C3,202618,18.26,18.26,0.0,0.6,0.5923368866299935,0.5958093300159597,FAR,FAR,-0.49161866003191945,1,,,0.01,0
C3_n0.01_d000_r01,C3,202618,18.28,18.28,0.0,0.6,0.6100279513574316,0.5993639853513277,FAR,FAR,-0.4987279707026555,1,,,0.01,0
C3_n0.01_d000_r01,C3,202618,18.3,18.3,0.0,0.6,0.5861462883683658,0.5960595611055872,FAR,FAR,-0.4921191222111745,1,,,0.01,0
C3_n0.01_d000_r01,C3,202618,18.32,18.32,0.0,0.6,0.6109852565926543,0.599790984977354,FAR,FAR,-0.49958196995470794,1,,,0.01,0
C3_n0.01_d000_r01,C3,202618,18.34,18.34,0.0,0.6,0.5896474039415143,0.597255089718394,FAR,FAR,-0.4945101794367881,1,,,0.01,0
C3_n0.01_d000_r01,C3,202618,18.36,18.36,0.0,0.6,0.5981498851646982,0.59747878857997,FAR,FAR,-0.49495757715994015,1,,,0.01,0
C3_n0.01_d000_r01,C3,202618,18.38,18.38,0.0,0.6,0.6057878159704747,0.5995560454275962,FAR,FAR,-0.4991120908551925,1,,,0.01,0
C3_n0.01_d000_r01,C3,202618,18.4,18.4,0.0,0.6,0.6048469326988106,0.6008787672453999,FAR,FAR,-0.5017575344907999,1,,,0.01,0
C3_n0.01_d000_r01,C3,202618,18.42,18.42,0.0,0.6,0.5863962542031332,0.5972581389848333,FAR,FAR,-0.4945162779696666,1,,,0.01,0
C3_n0.01_d000_r01,C3,202618,18.44,18.44,0.0,0.6,0.602092224400249,0.5984666603386872,FAR,FAR,-0.4969333206773745,1,,,0.01,0
C3_n0.01_d000_r01,C3,202618,18.46,18.46,0.0,0.6,0.6011758802992238,0.5991439653288213,FAR,FAR,-0.49828793065764265,1,,,0.01,0
C3_n0.01_d000_r01,C3,202618,18.48,18.48,0.0,0.6,0.6009384888518093,0.5995925962095683,FAR,FAR,-0.4991851924191366,1,,,0.01,0
C3_n0.01_d000_r01,C3,202618,18.5,18.5,0.0,0.6,0.5871711217764036,0.5964872276012771,FAR,FAR,-0.49297445520255434,1,,,0.01,0
C3_n0.01_d000_r01,C3,202618,18.52,18.52,0.0,0.6,0.6029306719180343,0.5980980886804664,FAR,FAR,-0.4961961773609329,1,,,0.01,0
C3_n0.01_d000_r01,C3,202618,18.54,18.54,0.0,0.6,0.5907464009747048,0.596260166754026,FAR,FAR,-0.49252033350805213,1,,,0.01,0
C3_n0.01_d000_r01,C3,202618,18.56,18.56,0.0,0.6,0.6075669919045836,0.5990868730416654,FAR,FAR,-0.49817374608333087,1,,,0.01,0
C3_n0.01_d000_r01,C3,202618,18.58,18.58,0.0,0.6,0.595923984574918,0.5982961509249786,FAR,FAR,-0.4965923018499572,1,,,0.01,0
C3_n0.01_d000_r01,C3,202618,18.6,18.6,0.0,0.6,0.5930479941984771,0.5969841117433532,FAR,FAR,-0.49396822348670644,1,,,0.01,0
C3_n0.01_d000_r01,C3,202618,18.62,18.62,0.0,0.6,0.6020302118884961,0.5982456367796389,FAR,FAR,-0.4964912735592779,1,,,0.01,0
C3_n0.01_d000_r01,C3,202618,18.64,18.64,0.0,0.6,0.5940831794641812,0.5972050224507746,FAR,FAR,-0.49441004490154916,1,,,0.01,0
C3_n0.01_d000_r01,C3,202618,18.66,18.66,0.0,0.6,0.6024106755494961,0.5985064357254549,FAR,FAR,-0.4970128714509099,1,,,0.01,0
C3_n0.01_d000_r01,C3,202618,18.68,18.68,0.0,0.6,0.599222696104445,0.5986855008202024,FAR,FAR,-0.49737100164040493,1,,,0.01,0
C3_n0.01_d000_r01,C3,202618,18.7,18.7,0.0,0.6,0.6099303133347487,0.601496703948839,FAR,FAR,-0.5029934078976781,1,,,0.01,0
C3_n0.01_d000_r01,C3,202618,18.72,18.72,0.0,0.6,0.5835220623582963,0.5970030435512034,FAR,FAR,-0.4940060871024068,1,,,0.01,0
C3_n0.01_d000_r01,C3,202618,18.74,18.74,0.0,0.6,0.5979629418199102,0.5972430181183801,FAR,FAR,-0.49448603623676024,1,,,0.01,0
C3_n0.01_d000_r01,C3,202618,18.76,18.76,0.0,0.6,0.6119832011566252,0.6009280638779414,FAR,FAR,-0.5018561277558828,1,,,0.01,0
C3_n0.01_d000_r01,C3,202618,18.78,18.78,0.0,0.6,0.6095551632984274,0.603084838733063,FAR,FAR,-0.506169677466126,1,,,0.01,0
C3_n0.01_d000_r01,C3,202618,18.8,18.8,0.0,0.6,0.605958518287125,0.6038032586215785,FAR,FAR,-0.507606517243157,1,,,0.01,0
C3_n0.01_d000_r01,C3,202618,18.82,18.82,0.0,0.6,0.5838271600355593,0.5988092339750737,FAR,FAR,-0.4976184679501474,1,,,0.01,0
C3_n0.01_d000_r01,C3,202618,18.84,18.84,0.0,0.6,0.592475972849429,0.5972259186936625,FAR,FAR,-0.494451837387325,1,,,0.01,0
C3_n0.01_d000_r01,C3,202618,18.86,18.86,0.0,0.6,0.5973291881810414,0.5972517360655072,FAR,FAR,-0.4945034721310144,1,,,0.01,0
C3_n0.01_d000_r01,C3,202618,18.88,18.88,0.0,0.6,0.6092810360076787,0.6002590610510501,FAR,FAR,-0.5005181221021002,1,,,0.01,0
C3_n0.01_d000_r01,C3,202618,18.9,18.9,0.0,0.6,0.5992336921989915,0.6000027188380355,FAR,FAR,-0.500005437676071,1,,,0.01,0
C3_n0.01_d000_r01,C3,202618,18.92,18.92,0.0,0.6,0.5951398633443523,0.5987870049646147,FAR,FAR,-0.4975740099292294,1,,,0.01,0
C3_n0.01_d000_r01,C3,202618,18.94,18.94,0.0,0.6,0.6115645886286721,0.601981400880629,FAR,FAR,-0.5039628017612581,1,,,0.01,0
C3_n0.01_d000_r01,C3,202618,18.96,18.96,0.0,0.6,0.6095126410319587,0.6038642109184614,FAR,FAR,-0.5077284218369229,1,,,0.01,0
C3_n0.01_d000_r01,C3,202618,18.98,18.98,0.0,0.6,0.6182527247444884,0.6074613393749682,FAR,FAR,-0.5149226787499364,1,,,0.01,0
C3_n0.01_d000_r01,C3,202618,19.0,19.0,0.0,0.6,0.6169100567028228,0.6098235187069319,FAR,FAR,-0.5196470374138638,1,,,0.01,0
C3_n0.01_d000_r01,C3,202618,19.02,19.02,0.0,0.6,0.5930843591196605,0.605638728810114,FAR,FAR,-0.5112774576202281,1,,,0.01,0
C3_n0.01_d000_r01,C3,202618,19.04,19.04,0.0,0.6,0.5969629005876965,0.6034697717545097,FAR,FAR,-0.5069395435090194,1,,,0.01,0
C3_n0.01_d000_r01,C3,202618,19.06,19.06,0.0,0.6,0.5877229790749265,0.5995330735846138,FAR,FAR,-0.4990661471692277,1,,,0.01,0
C3_n0.01_d000_r01,C3,202618,19.08,19.08,0.0,0.6,0.6010236556424989,0.5999057190990851,FAR,FAR,-0.4998114381981702,1,,,0.01,0
C3_n0.01_d000_r01,C3,202618,19.1,19.1,0.0,0.6,0.6042231435165276,0.6009850752034457,FAR,FAR,-0.5019701504068914,1,,,0.01,0
C3_n0.01_d000_r01,C3,202618,19.12,19.12,0.0,0.6,0.5852068808302794,0.597040526610154,FAR,FAR,-0.49408105322030815,1,,,0.01,0
C3_n0.01_d000_r01,C3,202618,19.14,19.14,0.0,0.6,0.5982312925581865,0.5973382180971623,FAR,FAR,-0.49467643619432455,1,,,0.01,0
C3_n0.01_d000_r01,C3,202618,19.16,19.16,0.0,0.6,0.6000733767659341,0.5980220077643552,FAR,FAR,-0.49604401552871047,1,,,0.01,0
C3_n0.01_d000_r01,C3,202618,19.18,19.18,0.0,0.6,0.5843996184176632,0.5946164104276822,FAR,FAR,-0.48923282085536446,1,,,0.01,0
C3_n0.01_d000_r01,C3,202618,19.2,19.2,0.0,0.6,0.6091916871686721,0.5982602296129297,FAR,FAR,-0.4965204592258594,1,,,0.01,0
C3_n0.01_d000_r01,C3,202618,19.22,19.22,0.0,0.6,0.601350045874632,0.5990326836783553,FAR,FAR,-0.4980653673567106,1,,,0.01,0
C3_n0.01_d000_r01,C3,202618,19.24,19.24,0.0,0.6,0.606895110143601,0.6009982902946667,FAR,FAR,-0.5019965805893334,1,,,0.01,0
C3_n0.01_d000_r01,C3,202618,19.26,19.26,0.0,0.6,0.6003776761184473,0.6008431367506119,FAR,FAR,-0.5016862735012237,1,,,0.01,0
C3_n0.01_d000_r01,C3,202618,19.28,19.28,0.0,0.6,0.5863592667026586,0.5972221692386235,FAR,FAR,-0.494444338477247,1,,,0.01,0
C3_n0.01_d000_r01,C3,202618,19.3,19.3,0.0,0.6,0.6029290741613895,0.598648895469315,FAR,FAR,-0.49729779093863,1,,,0.01,0
C3_n0.01_d000_r01,C3,202618,19.32,19.32,0.0,0.6,0.5961051239321673,0.5980129525850281,FAR,FAR,-0.4960259051700562,1,,,0.01,0
C3_n0.01_d000_r01,C3,202618,19.34,19.34,0.0,0.6,0.5993332561627821,0.5983430284794666,FAR,FAR,-0.4966860569589333,1,,,0.01,0
C3_n0.01_d000_r01,C3,202618,19.36,19.36,0.0,0.6,0.5904900817417855,0.5963797917950464,FAR,FAR,-0.49275958359009286,1,,,0.01,0
C3_n0.01_d000_r01,C3,202618,19.38,19.38,0.0,0.6,0.602073290911634,0.5978031665741933,FAR,FAR,-0.49560633314838665,1,,,0.01,0
C3_n0.01_d000_r01,C3,202618,19.4,19.4,0.0,0.6,0.5949195791002986,0.5970822697057196,FAR,FAR,-0.49416453941143934,1,,,0.01,0
C3_n0.01_d000_r01,C3,202618,19.42,19.42,0.0,0.6,0.5881823573851995,0.5948572916255896,FAR,FAR,-0.48971458325117934,1,,,0.01,0
C3_n0.01_d000_r01,C3,202618,19.44,19.44,0.0,0.6,0.5886563319933076,0.5933070517175192,FAR,FAR,-0.4866141034350384,1,,,0.01,0
C3_n0.01_d000_r01,C3,202618,19.46,19.46,0.0,0.6,0.6127204819151533,0.5981604092669277,FAR,FAR,-0.49632081853385546,1,,,0.01,0
C3_n0.01_d000_r01,C3,202618,19.48,19.48,0.0,0.6,0.595554054717189,0.5975088206294931,FAR,FAR,-0.4950176412589862,1,,,0.01,0
C3_n0.01_d000_r01,C3,202618,19.5,19.5,0.0,0.6,0.5900132283709315,0.5956349225648526,FAR,FAR,-0.4912698451297053,1,,,0.01,0
C3_n0.01_d000_r01,C3,202618,19.52,19.52,0.0,0.6,0.5824765877747221,0.59234533886732,FAR,FAR,-0.48469067773464003,1,,,0.01,0
C3_n0.01_d000_r01,C3,202618,19.54,19.54,0.0,0.6,0.6089003892231105,0.5964841014562676,FAR,FAR,-0.4929682029125353,1,,,0.01,0
C3_n0.01_d000_r01,C3,202618,19.56,19.56,0.0,0.6,0.5921341366676218,0.5953966102591062,FAR,FAR,-0.4907932205182124,1,,,0.01,0
C3_n0.01_d000_r01,C3,202618,19.58,19.58,0.0,0.6,0.6034837392260958,0.5974183925008536,FAR,FAR,-0.49483678500170725,1,,,0.01,0
C3_n0.01_d000_r01,C3,202618,19.6,19.6,0.0,0.6,0.5875969530089342,0.5949630326278738,FAR,FAR,-0.48992606525574756,1,,,0.01,0
C3_n0.01_d000_r01,C3,202618,19.62,19.62,0.0,0.6,0.5844204760947854,0.5923273934946017,FAR,FAR,-0.4846547869892035,1,,,0.01,0
C3_n0.01_d000_r01,C3,202618,19.64,19.64,0.0,0.6,0.6059101923856828,0.5957230932173719,FAR,FAR,-0.4914461864347439,1,,,0.01,0
C3_n0.01_d000_r01,C3,202618,19.66,19.66,0.0,0.6,0.6060144484418125,0.5982959320234821,FAR,FAR,-0.4965918640469642,1,,,0.01,0
C3_n0.01_d000_r01,C3,202618,19.68,19.68,0.0,0.6,0.5929066894330692,0.5969486213758788,FAR,FAR,-0.4938972427517576,1,,,0.01,0
C3_n0.01_d000_r01,C3,202618,19.7,19.7,0.0,0.6,0.6044627520115174,0.5988271540347885,FAR,FAR,-0.497654308069577,1,,,0.01,0
C3_n0.01_d000_r01,C3,202618,19.72,19.72,0.0,0.6,0.6162394869332237,0.6031802372593973,FAR,FAR,-0.5063604745187946,1,,,0.01,0
C3_n0.01_d000_r01,C3,202618,19.74,19.74,0.0,0.6,0.586855937136507,0.5990991622286748,FAR,FAR,-0.4981983244573496,1,,,0.01,0
C3_n0.01_d000_r01,C3,202618,19.76,19.76,0.0,0.6,0.6011574303041889,0.5996137292475533,FAR,FAR,-0.49922745849510664,1,,,0.01,0
C3_n0.01_d000_r01,C3,202618,19.78,19.78,0.0,0.6,0.5929480750802522,0.597947315705728,FAR,FAR,-0.49589463141145607,1,,,0.01,0
C3_n0.01_d000_r01,C3,202618,19.8,19.8,0.0,0.6,0.5895480980266868,0.5958475112859677,FAR,FAR,-0.4916950225719354,1,,,0.01,0
C3_n0.01_d000_r01,C3,202618,19.82,19.82,0.0,0.6,0.6125435703349179,0.6000215260482052,FAR,FAR,-0.5000430520964105,1,,,0.01,0
C3_n0.01_d000_r01,C3,202618,19.84,19.84,0.0,0.6,0.5852289788351256,0.5963233892449353,FAR,FAR,-0.4926467784898707,1,,,0.01,0
C3_n0.01_d000_r01,C3,202618,19.86,19.86,0.0,0.6,0.592538881690268,0.5953772623562685,FAR,FAR,-0.4907545247125371,1,,,0.01,0
C3_n0.01_d000_r01,C3,202618,19.88,19.88,0.0,0.6,0.6099198362293716,0.5990129058245444,FAR,FAR,-0.49802581164908877,1,,,0.01,0
C3_n0.01_d000_r01,C3,202618,19.9,19.9,0.0,0.6,0.5960689128026032,0.598276907569059,FAR,FAR,-0.49655381513811814,1,,,0.01,0
C3_n0.01_d000_r01,C3,202618,19.92,19.92,0.0,0.6,0.6200629542263414,0.6037234192333796,FAR,FAR,-0.5074468384667592,1,,,0.01,0
C3_n0.01_d000_r01,C3,202618,19.94,19.94,0.0,0.6,0.6084837475517106,0.6049135013129623,FAR,FAR,-0.5098270026259246,1,,,0.01,0
C3_n0.01_d000_r01,C3,202618,19.96,19.96,0.0,0.6,0.6170348954959749,0.6079438498587154,FAR,FAR,-0.5158876997174309,1,,,0.01,0
C3_n0.01_d000_r01,C3,202618,19.98,19.98,0.0,0.6,0.5873102109779975,0.602785440138536,FAR,FAR,-0.505570880277072,1,,,0.01,0
C3_n0.01_d000_r01,C3,202618,20.0,20.0,0.0,0.6,0.6024244048017868,0.6026951813043486,FAR,FAR,-0.5053903626086973,1,,,0.01,0
