trial_id,condition,seed,time_s,sensor_time_s,sample_age_s,true_distance_m,raw_distance_m,filtered_distance_m,expected_state,state,command,valid,event_label,invalid_reason,noise_sigma_m,delay_ms
C3_n0.01_d000_r02,C3,202619,0.0,0.0,0.0,0.6,0.6057666514401443,0.6057666514401443,FAR,FAR,-0.5115333028802886,1,,,0.01,0
C3_n0.01_d000_r02,C3,202619,0.02,0.02,0.0,0.6,0.607666532489841,0.6062416217025685,FAR,FAR,-0.512483243405137,1,,,0.01,0
C3_n0.01_d000_r02,C3,202619,0.04,0.04,0.0,0.6,0.610431244485006,0.6072890273981779,FAR,FAR,-0.5145780547963559,1,,,0.01,0
C3_n0.01_d000_r02,C3,202619,0.06,0.06,0.0,0.6,0.6168944725317521,0.6096903886815714,FAR,FAR,-0.5193807773631429,1,,,0.01,0
C3_n0.01_d000_r02,C3,202619,0.08,0.08,0.0,0.6,0.587038852627463,0.6040275046680443,FAR,FAR,-0.5080550093360887,1,,,0.01,0
C3_n0.01_d000_r02,C3,202619,0.1,0.1,0.0,0.6,0.5969682699281588,0.6022626959830729,FAR,FAR,-0.5045253919661459,1,,,0.01,0
C3_n0.01_d000_r02,C3,202619,0.12,0.12,0.0,0.6,0.5877006862673358,0.5986221935541386,FAR,FAR,-0.49724438710827723,1,,,0.01,0
C3_n0.01_d000_r02,C3,202619,0.14,0.14,0.0,0.6,0.5966362218305746,0.5981257006232475,FAR,FAR,-0.49625140124649514,1,,,0.01,0
C3_n0.01_d000_r02,C3,202619,0.16,0.16,0.0,0.6,0.6096936463720211,0.6010176870604409,FAR,FAR,-0.5020353741208818,1,,,0.01,0
C3_n0.01_d000_r02,C3,202619,0.18,0.18,0.0,0.6,0.6105952039226608,0.6034120662759959,FAR,FAR,-0.5068241325519918,1,,,0.01,0
C3_n0.01_d000_r02,C3,202619,0.2,0.2,0.0,0.6,0.5733599770931346,0.5958990439802805,FAR,FAR,-0.491798087960561,1,,,0.01,0
C3_n0.01_d000_r02,C3,202619,0.22,0.22,0.0,0.6,0.6019323384372998,0.5974073675945353,FAR,FAR,-0.4948147351890706,1,,,0.01,0
C3_n0.01_d000_r02,C3,202619,0.24,0.24,0.0,0.6,0.5978790556085277,0.5975252895980334,FAR,FAR,-0.4950505791960669,1,,,0.01,0
C3_n0.01_d000_r02,C3,202619,0.26,0.26,0.0,0.6,0.6187472208183442,0.6028307724031111,FAR,FAR,-0.5056615448062223,1,,,0.01,0
C3_n0.01_d000_r02,C3,202619,0.28,0.28,0.0,0.6,0.6147640313013195,0.6058140871276632,FAR,FAR,-0.5116281742553264,1,,,0.01,0
C3_n0.01_d000_r02,C3,202619,0.3,0.3,0.0,0.6,0.5844850004299599,0.6004818154532373,FAR,FAR,-0.5009636309064747,1,,,0.01,0
C3_n0.01_d000_r02,C3,202619,0.32,0.32,0.0,0.6,0.6064564836590183,0.6019754825046826,FAR,FAR,-0.5039509650093652,1,,,0.01,0
C3_n0.01_d000_r02,C3,202619,0.34,0.34,0.0,0.6,0.5953123985509015,0.6003097115162372,FAR,FAR,-0.5006194230324745,1,,,0.01,0
C3_n0.01_d000_r02,C3,202619,0.36,0.36,0.0,0.6,0.5898612621603149,0.5976975991772566,FAR,FAR,-0.4953951983545133,1,,,0.01,0
C3_n0.01_d000_r02,C3,202619,0.38,0.38,0.0,0.6,0.6097330536863936,0.6007064628045409,FAR,FAR,-0.5014129256090818,1,,,0.01,0
C3_n0.01_d000_r02,C3,202619,0.4,0.4,0.0,0.6,0.5991441724549443,0.6003158902171417,FAR,FAR,-0.5006317804342835,1,,,0.01,0
C3_n0.01_d000_r02,C3,202619,0.42,0.42,0.0,0.6,0.6041452225306505,0.6012732232955189,FAR,FAR,-0.5025464465910379,1,,,0.01,0
C3_n0.01_d000_r02,C3,202619,0.44,0.44,0.0,0.6,0.6195363450143336,0.6058390037252226,FAR,FAR,-0.5116780074504452,1,,,0.01,0
C3_n0.01_d000_r02,C3,202619,0.46,0.46,0.0,0.6,0.5967848802001262,0.6035754728439485,FAR,FAR,-0.5071509456878971,1,,,0.01,0
C3_n0.01_d000_r02,C3,202619,0.48,0.48,0.0,0.6,0.5873410403912359,0.5995168647307704,FAR,FAR,-0.4990337294615408,1,,,0.01,0
C3_n0.01_d000_r02,C3,202619,0.5,0.5,0.0,0.6,0.573701669366159,0.5930630658896174,FAR,FAR,-0.4861261317792349,1,,,0.01,0
C3_n0.01_d000_r02,C3,202619,0.52,0.52,0.0,0.6,0.6039773208439497,0.5957916296282005,FAR,FAR,-0.4915832592564011,1,,,0.01,0
C3_n0.01_d000_r02,C3,202619,0.54,0.54,0.0,0.6,0.6156808709156648,0.6007639399500666,FAR,FAR,-0.5015278799001333,1,,,0.01,0
C3_n0.01_d000_r02,C3,202619,0.56,0.56,0.0,0.6,0.5892305790725386,0.5978805997306846,FAR,FAR,-0.4957611994613693,1,,,0.01,0
C3_n0.01_d000_r02,C3,202619,0.58,0.58,0.0,0.6,0.601831347378257,0.5988682866425777,FAR,FAR,-0.4977365732851555,1,,,0.01,0
C3_n0.01_d000_r02,C3,202619,0.6,0.6,0.0,0.6,0.5973339928276454,0.5984847131888447,FAR,FAR,-0.49696942637768937,1,,,0.01,0
C3_n0.01_d000_r02,C3,202619,0.62,0.62,0.0,0.6,0.6106821700169541,0.6015340773958721,FAR,FAR,-0.5030681547917442,1,,,0.01,0
C3_n0.01_d000_r02,C3,202619,0.64,0.64,0.0,0.6,0.5940779448600805,0.5996700442619242,FAR,FAR,-0.49934008852384837,1,,,0.01,0
C3_n0.01_d000_r02,C3,202619,0.66,0.66,0.0,0.6,0.6130538899091114,0.603016005673721,FAR,FAR,-0.5060320113474421,1,,,0.01,0
C3_n0.01_d000_r02,C3,202619,0.68,0.68,0.0,0.6,0.6087039539915444,0.6044379927531769,FAR,FAR,-0.5088759855063538,1,,,0.01,0
C3_n0.01_d000_r02,C3,202619,0.7,0.7,0.0,0.6,0.5993406032749328,0.6031636453836159,FAR,FAR,-0.5063272907672318,1,,,0.01,0
C3_n0.01_d000_r02,C3,202619,0.72,0.72,0.0,0.6,0.6049550846560156,0.6036115052017158,FAR,FAR,-0.5072230104034317,1,,,0.01,0
C3_n0.01_d000_r02,C3,202619,0.74,0.74,0.0,0.6,0.6152356471697803,0.6065175406937319,FAR,FAR,-0.5130350813874638,1,,,0.01,0
C3_n0.01_d000_r02,C3,202619,0.76,0.76,0.0,0.6,0.6008406159857342,0.6050983095167325,FAR,FAR,-0.510196619033465,1,,,0.01,0
C3_n0.01_d000_r02,C3,202619,0.78,0.78,0.0,0.6,0.604726237237062,0.6050052914468148,FAR,FAR,-0.5100105828936297,1,,,0.01,0
C3_n0.01_d000_r02,C3,202619,0.8,0.8,0.0,0.6,0.60023640022595,0.6038130686415986,FAR,FAR,-0.5076261372831972,1,,,0.01,0
C3_n0.01_d000_r02,C3,202619,0.82,0.82,0.0,0.6,0.5959203242999735,0.6018398825561924,FAR,FAR,-0.5036797651123848,1,,,0.01,0
C3_n0.01_d000_r02,C3,202619,0.84,0.84,0.0,0.6,0.5917128416508609,0.5993081223298595,FAR,FAR,-0.4986162446597191,1,,,0.01,0
C3_n0.01_d000_r02,C3,202619,0.86,0.86,0.0,0.6,0.5935251684226469,0.5978623838530563,FAR,FAR,-0.49572476770611273,1,,,0.01,0
C3_n0.01_d000_r02,C3,202619,0.88,0.88,0.0,0.6,0.592813650702277,0.5966002005653614,FAR,FAR,-0.49320040113072294,1,,,0.01,0
C3_n0.01_d000_r02,C3,202619,0.9,0.9,0.0,0.6,0.5971287186110531,0.5967323300767844,FAR,FAR,-0.4934646601535688,1,,,0.01,0
C3_n0.01_d000_r02,C3,202619,0.92,0.92,0.0,0.6,0.5930016539480383,0.5957996610445979,FAR,FAR,-0.4915993220891959,1,,,0.01,0
C3_n0.01_d000_r02,C3,202619,0.94,0.94,0.0,0.6,0.5934585916290052,0.5952143936906997,FAR,FAR,-0.4904287873813995,1,,,0.01,0
C3_n0.01_d000_r02,C3,202619,0.96,0.96,0.0,0.6,0.5954185272077746,0.5952654270699684,FAR,FAR,-0.4905308541399369,1,,,0.01,0
C3_n0.01_d000_r02,C3,202619,0.98,0.98,0.0,0.6,0.6082313673909854,0.5985069121502227,FAR,FAR,-0.4970138243004454,1,,,0.01,0
C3_n0.01_d000_r02,C3,202619,1.0,1.0,0.0,0.6,0.6014041792231775,0.5992312289184614,FAR,FAR,-0.4984624578369228,1,,,0.01,0
C3_n0.01_d000_r02,C3,202619,1.02,1.02,0.0,0.6,0.5872709487427447,0.5962411588745322,FAR,FAR,-0.4924823177490645,1,,,0.01,0
C3_n0.01_d000_r02,C3,202619,1.04,1.04,0.0,0.6,0.6050739339248883,0.5984493526371213,FAR,FAR,-0.4968987052742426,1,,,0.01,0
C3_n0.01_d000_r02,C3,202619,1.06,1.06,0.0,0.6,0.6010148691475506,0.5990907317647286,FAR,FAR,-0.49818146352945725,1,,,0.01,0
C3_n0.01_d000_r02,C3,202619,1.08,1.08,0.0,0.6,0.6183826515819109,0.6039137117190241,FAR,FAR,-0.5078274234380482,1,,,0.01,0
C3_n0.01_d000_r02,C3,202619,1.1,1.1,0.0,0.6,0.6037566697182165,0.6038744512188222,FAR,FAR,-0.5077489024376445,1,,,0.01,0
C3_n0.01_d000_r02,C3,202619,1.12,1.12,0.0,0.6,0.5985287700038965,0.6025380309150908,FAR,FAR,-0.5050760618301817,1,,,0.01,0
C3_n0.01_d000_r02,C3,202619,1.14,1.14,0.0,0.6,0.5895637628955412,0.5992944639102034,FAR,FAR,-0.49858892782040676,1,,,0.01,0
C3_n0.01_d000_r02,C3,202619,1.16,1.16,0.0,0.6,0.603780158169351,0.6004158874749903,FAR,FAR,-0.5008317749499807,1,,,0.01,0
C3_n0.01_d000_r02,C3,202619,1.18,1.18,0.0,0.6,0.5974200478338255,0.5996669275646991,FAR,FAR,-0.4993338551293982,1,,,0.01,0
C3_n0.01_d000_r02,C3,202619,1.2,1.2,0.0,0.6,0.5992331129335481,0.5995584739069113,FAR,FAR,-0.49911694781382265,1,,,0.01,0
C3_n0.01_d000_r02,C3,202619,1.22,1.22,0.0,0.6,0.6035283915016982,0.600550953305608,FAR,FAR,-0.5011019066112161,1,,,0.01,0
C3_n0.01_d000_r02,C3,202619,1.24,1.24,0.0,0.6,0.6023555405379578,0.6010021001136955,FAR,FAR,-0.502004200227391,1,,,0.01,0
C3_n0.01_d000_r02,C3,202619,1.26,1.26,0.0,0.6,0.593111136692978,0.5990293592585161,FAR,FAR,-0.4980587185170322,1,,,0.01,0
C3_n0.01_d000_r02,C3,202619,1.28,1.28,0.0,0.6,0.6026610744290304,0.5999372880511447,FAR,FAR,-0.49987457610228936,1,,,0.01,0
C3_n0.01_d000_r02,C3,202619,1.3,1.3,0.0,0.6,0.5838570590346546,0.5959172307970222,FAR,FAR,-0.4918344615940444,1,,,0.01,0
C3_n0.01_d000_r02,C3,202619,1.32,1.32,0.0,0.6,0.6080051191149624,0.5989392028765073,FAR,FAR,-0.49787840575301456,1,,,0.01,0
C3_n0.01_d000_r02,C3,202619,1.34,1.34,0.0,0.6,0.6045733880371572,0.6003477491666698,FAR,FAR,-0.5006954983333396,1,,,0.01,0
C3_n0.01_d000_r02,C3,202619,1.36,1.36,0.0,0.6,0.5826173625875648,0.5959151525218935,FAR,FAR,-0.4918303050437871,1,,,0.01,0
C3_n0.01_d000_r02,C3,202619,1.38,1.38,0.0,0.6,0.6024991849612557,0.597561160631734,FAR,FAR,-0.4951223212634681,1,,,0.01,0
C3_n0.01_d000_r02,C3,202619,1.4,1.4,0.0,0.6,0.6082309371672965,0.6002286047656247,FAR,FAR,-0.5004572095312494,1,,,0.01,0
C3_n0.01_d000_r02,C3,202619,1.42,1.42,0.0,0.6,0.6022728846760349,0.6007396747432272,FAR,FAR,-0.5014793494864545,1,,,0.01,0
C3_n0.01_d000_r02,C3,202619,1.44,1.44,0.0,0.6,0.6038172207970293,0.6015090612566777,FAR,FAR,-0.5030181225133554,1,,,0.01,0
C3_n0.01_d000_r02,C3,202619,1.46,1.46,0.0,0.6,0.6094527140356011,0.6034949744514085,FAR,FAR,-0.5069899489028171,1,,,0.01,0
C3_n0.01_d000_r02,C3,202619,1.48,1.48,0.0,0.6,0.6118707585529622,0.605588920476797,FAR,FAR,-0.5111778409535941,1,,,0.01,0
C3_n0.01_d000_r02,C3,202619,1.5,1.5,0.0,0.6,0.5912404422026538,0.6020018009082613,FAR,FAR,-0.5040036018165226,1,,,0.01,0
C3_n0.01_d000_r02,C3,202619,1.52,1.52,0.0,0.6,0.6063594792616865,0.6030912204966176,FAR,FAR,-0.5061824409932352,1,,,0.01,0
C3_n0.01_d000_r02,C3,202619,1.54,1.54,0.0,0.6,0.6037880396002596,0.6032654252725281,FAR,FAR,-0.5065308505450563,1,,,0.01,0
C3_n0.01_d000_r02,C3,202619,1.56,1.56,0.0,0.6,0.6030334738282668,0.6032074374114628,FAR,FAR,-0.5064148748229256,1,,,0.01,0
C3_n0.01_d000_r02,C3,202619,1.58,1.58,0.0,0.6,0.5817002601480777,0.5978306430956165,FAR,FAR,-0.49566128619123306,1,,,0.01,0
C3_n0.01_d000_r02,C3,202619,1.6,1.6,0.0,0.6,0.5911163587688152,0.5961520720139162,FAR,FAR,-0.4923041440278324,1,,,0.01,0
C3_n0.01_d000_r02,C3,202619,1.62,1.62,0.0,0.6,0.6173226936444541,0.6014447274215506,FAR,FAR,-0.5028894548431013,1,,,0.01,0
C3_n0.01_d000_r02,C3,202619,1.64,1.64,0.0,0.6,0.6119418903971803,0.604069018165458,FAR,FAR,-0.508138036330916,1,,,0.01,0
C3_n0.01_d000_r02,C3,202619,1.66,1.66,0.0,0.6,0.5992428374749575,0.6028624729928329,FAR,FAR,-0.5057249459856659,1,,,0.01,0
C3_n0.01_d000_r02,C3,202619,1.68,1.68,0.0,0.6,0.604878108578234,0.6033663818891832,FAR,FAR,-0.5067327637783665,1,,,0.01,0
C3_n0.01_d000_r02,C3,202619,1.7,1.7,0.0,0.6,0.5952261026850594,0.6013313120881523,FAR,FAR,-0.5026626241763046,1,,,0.01,0
C3_n0.01_d000_r02,C3,202619,1.72,1.72,0.0,0.6,0.6182577551482473,0.605562922853176,FAR,FAR,-0.5111258457063521,1,,,0.01,0
C3_n0.01_d000_r02,C3,202619,1.74,1.74,0.0,0.6,0.6040832352924667,0.6051930009629987,FAR,FAR,-0.5103860019259974,1,,,0.01,0
C3_n0.01_d000_r02,C3,202619,1.76,1.76,0.0,0.6,0.6028780089805248,0.6046142529673801,FAR,FAR,-0.5092285059347603,1,,,0.01,0
C3_n0.01_d000_r02,C3,202619,1.78,1.78,0.0,0.6,0.5787666036003848,0.5981523406256313,FAR,FAR,-0.4963046812512626,1,,,0.01,0
C3_n0.01_d000_r02,C3,202619,1.8,1.8,0.0,0.6,0.5979350770860159,0.5980980247407275,FAR,FAR,-0.496196049481455,1,,,0.01,0
C3_n0.01_d000_r02,C3,202619,1.82,1.82,0.0,0.6,0.5959095636284116,0.5975509094626485,FAR,FAR,-0.49510181892529714,1,,,0.01,0
C3_n0.01_d000_r02,C3,202619,1.84,1.84,0.0,0.6,0.5807201325859737,0.5933432152434799,FAR,FAR,-0.4866864304869598,1,,,0.01,0
C3_n0.01_d000_r02,C3,202619,1.86,1.86,0.0,0.6,0.6041524332628894,0.5960455197483323,FAR,FAR,-0.49209103949666466,1,,,0.01,0
C3_n0.01_d000_r02,C3,202619,1.88,1.88,0.0,0.6,0.5995245127801943,0.5969152680062978,FAR,FAR,-0.49383053601259563,1,,,0.01,0
C3_n0.01_d000_r02,C3,202619,1.9,1.9,0.0,0.6,0.596437260038144,0.5967957660142593,FAR,FAR,-0.4935915320285187,1,,,0.01,0
C3_n0.01_d000_r02,C3,202619,1.92,1.92,0.0,0.6,0.6042459604071138,0.5986583146124729,FAR,FAR,-0.4973166292249458,1,,,0.01,0
C3_n0.01_d000_r02,C3,202619,1.94,1.94,0.0,0.6,0.5921666482287468,0.5970353980165414,FAR,FAR,-0.4940707960330828,1,,,0.01,0
C3_n0.01_d000_r02,C3,202619,1.96,1.96,0.0,0.6,0.596673422807169,0.5969449042141982,FAR,FAR,-0.49388980842839647,1,,,0.01,0
C3_n0.01_d000_r02,C3,202619,1.98,1.98,0.0,0.6,0.5946779942566989,0.5963781767248233,FAR,FAR,-0.49275635344964663,1,,,0.01,0
C3_n0.01_d000_r02,C3,202619,2.0,2.0,0.0,0.6,0.5997062356505549,0.5972101914562562,FAR,FAR,-0.49442038291251245,1,,,0.01,0
C3_n0.01_d000_r02,C3,202619,2.02,2.02,0.0,0.6,0.6072611908292849,0.5997229412995133,FAR,FAR,-0.49944588259902667,1,,,0.01,0
C3_n0.01_d000_r02,C3,202619,2.04,2.04,0.0,0.6,0.5997647886980303,0.5997334031491426,FAR,FAR,-0.4994668062982852,1,,,0.01,0
C3_n0.01_d000_r02,C3,202619,2.06,2.06,0.0,0.6,0.5971582943627254,0.5990896259525382,FAR,FAR,-0.4981792519050765,1,,,0.01,0
C3_n0.01_d000_r02,C3,202619,2.08,2.08,0.0,0.6,0.6056921769750823,0.6007402637081742,FAR,FAR,-0.5014805274163485,1,,,0.01,0
C3_n0.01_d000_r02,C3,202619,2.1,2.1,0.0,0.6,0.592395547564232,0.5986540846721886,FAR,FAR,-0.49730816934437727,1,,,0.01,0
C3_n0.01_d000_r02,C3,202619,2.12,2.12,0.0,0.6,0.6123757551731341,0.602084502297425,FAR,FAR,-0.5041690045948501,1,,,0.01,0
C3_n0.01_d000_r02,C3,202619,2.14,2.14,0.0,0.6,0.6073835492331262,0.6034092640313503,FAR,FAR,-0.5068185280627007,1,,,0.01,0
C3_n0.01_d000_r02,C3,202619,2.16,2.16,0.0,0.6,0.602406778427955,0.6031586426305016,FAR,FAR,-0.5063172852610032,1,,,0.01,0
C3_n0.01_d000_r02,C3,202619,2.18,2.18,0.0,0.6,0.6091176907012412,0.6046484046481865,FAR,FAR,-0.509296809296373,1,,,0.01,0
C3_n0.01_d000_r02,C3,202619,2.2,2.2,0.0,0.6,0.5957015302956782,0.6024116860600593,FAR,FAR,-0.5048233721201187,1,,,0.01,0
C3_n0.01_d000_r02,C3,202619,2.22,2.22,0.0,0.6,0.5928231180827326,0.6000145440657276,FAR,FAR,-0.5000290881314553,1,,,0.01,0
C3_n0.01_d000_r02,C3,202619,2.24,2.24,0.0,0.6,0.6167492806461318,0.6041982282108287,FAR,FAR,-0.5083964564216574,1,,,0.01,0
C3_n0.01_d000_r02,C3,202619,2.26,2.26,0.0,0.6,0.6106091520892031,0.6058009591804223,FAR,FAR,-0.5116019183608447,1,,,0.01,0
C3_n0.01_d000_r02,C3,202619,2.28,2.28,0.0,0.6,0.6066218151905483,0.6060061731829538,FAR,FAR,-0.5120123463659076,1,,,0.01,0
C3_n0.01_d000_r02,C3,202619,2.3,2.3,0.0,0.6,0.6013800365067022,0.6048496390138909,FAR,FAR,-0.5096992780277818,1,,,0.01,0
C3_n0.01_d000_r02,C3,202619,2.32,2.32,0.0,0.6,0.596850630416534,0.6028498868645517,FAR,FAR,-0.5056997737291034,1,,,0.01,0
C3_n0.01_d000_r02,C3,202619,2.34,2.34,0.0,0.6,0.6036627221550501,0.6030530956871762,FAR,FAR,-0.5061061913743525,1,,,0.01,0
C3_n0.01_d000_r02,C3,202619,2.36,2.36,0.0,0.6,0.6040972199815265,0.6033141267607638,FAR,FAR,-0.5066282535215276,1,,,0.01,0
C3_n0.01_d000_r02,C3,202619,2.38,2.38,0.0,0.6,0.5960332500734196,0.6014939075889277,FAR,FAR,-0.5029878151778555,1,,,0.01,0
C3_n0.01_d000_r02,C3,202619,2.4,2.4,0.0,0.6,0.6125226645826379,0.6042510968373553,FAR,FAR,-0.5085021936747107,1,,,0.01,0
C3_n0.01_d000_r02,C3,202619,2.42,2.42,0.0,0.6,0.5991316804373061,0.602971242737343,FAR,FAR,-0.5059424854746861,1,,,0.01,0
C3_n0.01_d000_r02,C3,202619,2.44,2.44,0.0,0.6,0.6058107177835523,0.6036811114988954,FAR,FAR,-0.5073622229977908,1,,,0.01,0
C3_n0.01_d000_r02,C3,202619,2.46,2.46,0.0,0.6,0.6029118779128578,0.603488803102386,FAR,FAR,-0.506977606204772,1,,,0.01,0
C3_n0.01_d000_r02,C3,202619,2.48,2.48,0.0,0.6,0.6033244000471328,0.6034477023385727,FAR,FAR,-0.5068954046771454,1,,,0.01,0
C3_n0.01_d000_r02,C3,202619,2.5,2.5,0.0,0.6,0.6105414473765918,0.6052211385980775,FAR,FAR,-0.510442277196155,1,,,0.01,0
C3_n0.01_d000_r02,C3,202619,2.52,2.52,0.0,0.6,0.6108530823466436,0.606629124535219,FAR,FAR,-0.513258249070438,1,,,0.01,0
C3_n0.01_d000_r02,C3,202619,2.54,2.54,0.0,0.6,0.5997506717623534,0.6049095113420027,FAR,FAR,-0.5098190226840054,1,,,0.01,0
C3_n0.01_d000_r02,C3,202619,2.56,2.56,0.0,0.6,0.5961931969043007,0.6027304327325772,FAR,FAR,-0.5054608654651545,1,,,0.01,0
C3_n0.01_d000_r02,C3,202619,2.58,2.58,0.0,0.6,0.615110093891469,0.6058253480223001,FAR,FAR,-0.5116506960446003,1,,,0.01,0
C3_n0.01_d000_r02,C3,202619,2.6,2.6,0.0,0.6,0.5953311082717033,0.603201788084651,FAR,FAR,-0.506403576169302,1,,,0.01,0
C3_n0.01_d000_r02,C3,202619,2.62,2.62,0.0,0.6,0.599218675264683,0.602206009879659,FAR,FAR,-0.504412019759318,1,,,0.01,0
C3_n0.01_d000_r02,C3,202619,2.64,2.64,0.0,0.6,0.6156715727403991,0.605572400594844,FAR,FAR,-0.511144801189688,1,,,0.01,0
C3_n0.01_d000_r02,C3,202619,2.66,2.66,0.0,0.6,0.6150018415404424,0.6079297608312435,FAR,FAR,-0.515859521662487,1,,,0.01,0
C3_n0.01_d000_r02,C3,202619,2.68,2.68,0.0,0.6,0.5995816569892678,0.6058427348707496,FAR,FAR,-0.5116854697414992,1,,,0.01,0
C3_n0.01_d000_r02,C3,202619,2.7,2.7,0.0,0.6,0.6000514119706303,0.6043949041457197,FAR,FAR,-0.5087898082914395,1,,,0.01,0
C3_n0.01_d000_r02,C3,202619,2.72,2.72,0.0,0.6,0.597082444968841,0.6025667893515001,FAR,FAR,-0.5051335787030002,1,,,0.01,0
C3_n0.01_d000_r02,C3,202619,2.74,2.74,0.0,0.6,0.5996660912097804,0.6018416148160701,FAR,FAR,-0.5036832296321403,1,,,0.01,0
C3_n0.01_d000_r02,C3,202619,2.76,2.76,0.0,0.6,0.5779712811967724,0.5958740314112457,FAR,FAR,-0.4917480628224915,1,,,0.01,0
C3_n0.01_d000_r02,C3,202619,2.78,2.78,0.0,0.6,0.5986445138041301,0.5965666520094668,FAR,FAR,-0.4931333040189336,1,,,0.01,0
C3_n0.01_d000_r02,C3,202619,2.8,2.8,0.0,0.6,0.5933386339038791,0.5957596474830699,FAR,FAR,-0.4915192949661398,1,,,0.01,0
C3_n0.01_d000_r02,C3,202619,2.82,2.82,0.0,0.6,0.6001758810720075,0.5968637058803042,FAR,FAR,-0.4937274117606085,1,,,0.01,0
C3_n0.01_d000_r02,C3,202619,2.84,2.84,0.0,0.6,0.5813920961675136,0.5929958034521066,FAR,FAR,-0.48599160690421317,1,,,0.01,0
C3_n0.01_d000_r02,C3,202619,2.86,2.86,0.0,0.6,0.597847086614752,0.594208624242768,FAR,FAR,-0.488417248485536,1,,,0.01,0
C3_n0.01_d000_r02,C3,202619,2.88,2.88,0.0,0.6,0.5920219567846915,0.5936619573782489,FAR,FAR,-0.48732391475649783,1,,,0.01,0
C3_n0.01_d000_r02,C3,202619,2.9,2.9,0.0,0.6,0.6091766323321458,0.5975406261167231,FAR,FAR,-0.49508125223344623,1,,,0.01,0
C3_n0.01_d000_r02,C3,202619,2.92,2.92,0.0,0.6,0.5994489126228636,0.5980176977432582,FAR,FAR,-0.49603539548651643,1,,,0.01,0
C3_n0.01_d000_r02,C3,202619,2.94,2.94,0.0,0.6,0.581017032195474,0.5937675313563121,FAR,FAR,-0.48753506271262426,1,,,0.01,0
C3_n0.01_d000_r02,C3,202619,2.96,2.96,0.0,0.6,0.6097242211079237,0.5977567037942151,FAR,FAR,-0.4955134075884302,1,,,0.01,0
C3_n0.01_d000_r02,C3,202619,2.98,2.98,0.0,0.6,0.5928076240209367,0.5965194338508955,FAR,FAR,-0.49303886770179095,1,,,0.01,0
C3_n0.01_d000_r02,C3,202619,3.0,3.0,0.0,0.6,0.609367709554946,0.5997315027769081,FAR,FAR,-0.4994630055538163,1,,,0.01,0
C3_n0.01_d000_r02,C3,202619,3.02,3.02,0.0,0.6,0.6016309733190093,0.6002063704124334,FAR,FAR,-0.5004127408248669,1,,,0.01,0
C3_n0.01_d000_r02,C3,202619,3.04,3.04,0.0,0.6,0.5764683651282126,0.5942718690913782,FAR,FAR,-0.4885437381827564,1,,,0.01,0
C3_n0.01_d000_r02,C3,202619,3.06,3.06,0.0,0.6,0.5901769116366758,0.5932481297277026,FAR,FAR,-0.4864962594554052,1,,,0.01,0
C3_n0.01_d000_r02,C3,202619,3.08,3.08,0.0,0.6,0.590999764386151,0.5926860383923147,FAR,FAR,-0.48537207678462946,1,,,0.01,0
C3_n0.01_d000_r02,C3,202619,3.1,3.1,0.0,0.6,0.5957481976207281,0.5934515781994181,FAR,FAR,-0.4869031563988362,1,,,0.01,0
C3_n0.01_d000_r02,C3,202619,3.12,3.12,0.0,0.6,0.6069961177358768,0.5968377130835327,FAR,FAR,-0.4936754261670655,1,,,0.01,0
C3_n0.01_d000_r02,C3,202619,3.14,3.14,0.0,0.6,0.6071973993846465,0.5994276346588112,FAR,FAR,-0.4988552693176225,1,,,0.01,0
C3_n0.01_d000_r02,C3,202619,3.16,3.16,0.0,0.6,0.5918635417933268,0.5975366114424401,FAR,FAR,-0.4950732228848802,1,,,0.01,0
C3_n0.01_d000_r02,C3,202619,3.18,3.18,0.0,0.6,0.6062238271595614,0.5997084153717204,FAR,FAR,-0.4994168307434408,1,,,0.01,0
C3_n0.01_d000_r02,C3,202619,3.2,3.2,0.0,0.6,0.6131233072404141,0.6030621383388939,FAR,FAR,-0.5061242766777878,1,,,0.01,0
C3_n0.01_d000_r02,C3,202619,3.22,3.22,0.0,0.6,0.5937385932311117,0.6007312520619483,FAR,FAR,-0.5014625041238967,1,,,0.01,0
C3_n0.01_d000_r02,C3,202619,3.24,3.24,0.0,0.6,0.6244496991537839,0.6066608638349072,FAR,FAR,-0.5133217276698145,1,,,0.01,0
C3_n0.01_d000_r02,C3,202619,3.26,3.26,0.0,0.6,0.5938808828397614,0.6034658685861207,FAR,FAR,-0.5069317371722415,1,,,0.01,0
C3_n0.01_d000_r02,C3,202619,3.28,3.28,0.0,0.6,0.6159313116486893,0.6065822293517629,FAR,FAR,-0.5131644587035258,1,,,0.01,0
C3_n0.01_d000_r02,C3,202619,3.3,3.3,0.0,0.6,0.5913344815886916,0.602770292410995,FAR,FAR,-0.50554058482199,1,,,0.01,0
C3_n0.01_d000_r02,C3,202619,3.32,3.32,0.0,0.6,0.5945424680558695,0.6007133363222137,FAR,FAR,-0.5014266726444274,1,,,0.01,0
C3_n0.01_d000_r02,C3,202619,3.34,3.34,0.0,0.6,0.5984239581557882,0.6001409917806073,FAR,FAR,-0.5002819835612147,1,,,0.01,0
C3_n0.01_d000_r02,C3,202619,3.36,3.36,0.0,0.6,0.5932360862608614,0.5984147654006708,FAR,FAR,-0.49682953080134173,1,,,0.01,0
C3_n0.01_d000_r02,C3,202619,3.38,3.38,0.0,0.6,0.6113860889193801,0.6016575962803481,FAR,FAR,-0.5033151925606962,1,,,0.01,0
C3_n0.01_d000_r02,C3,202619,3.4,3.4,0.0,0.6,0.6020161284330224,0.6017472293185167,FAR,FAR,-0.5034944586370333,1,,,0.01,0
C3_n0.01_d000_r02,C3,202619,3.42,3.42,0.0,0.6,0.5831198214047394,0.5970903773400723,FAR,FAR,-0.49418075468014466,1,,,0.01,0
C3_n0.01_d000_r02,C3,202619,3.44,3.44,0.0,0.6,0.5938080594111073,0.5962697978578311,FAR,FAR,-0.4925395957156622,1,,,0.01,0
C3_n0.01_d000_r02,C3,202619,3.46,3.46,0.0,0.6,0.5966193460269406,0.5963571849001085,FAR,FAR,-0.492714369800217,1,,,0.01,0
C3_n0.01_d000_r02,C3,202619,3.48,3.48,0.0,0.6,0.5844104117796789,0.5933704916200011,FAR,FAR,-0.48674098324000226,1,,,0.01,0
C3_n0.01_d000_r02,C3,202619,3.5,3.5,0.0,0.6,0.5992787817725078,0.5948475641581278,FAR,FAR,-0.4896951283162556,1,,,0.01,0
C3_n0.01_d000_r02,C3,202619,3.52,3.52,0.0,0.6,0.6069496466344603,0.5978730847772109,FAR,FAR,-0.49574616955442186,1,,,0.01,0
C3_n0.01_d000_r02,C3,202619,3.54,3.54,0.0,0.6,0.5894171958526427,0.5957591125460688,FAR,FAR,-0.4915182250921377,1,,,0.01,0
C3_n0.01_d000_r02,C3,202619,3.56,3.56,0.0,0.6,0.5936930688329326,0.5952426016177848,FAR,FAR,-0.49048520323556954,1,,,0.01,0
C3_n0.01_d000_r02,C3,202619,3.58,3.58,0.0,0.6,0.5920971537311288,0.5944562396461208,FAR,FAR,-0.4889124792922417,1,,,0.01,0
C3_n0.01_d000_r02,C3,202619,3.6,3.6,0.0,0.6,0.5883062806671868,0.5929187499013873,FAR,FAR,-0.4858374998027746,1,,,0.01,0
C3_n0.01_d000_r02,C3,202619,3.62,3.62,0.0,0.6,0.6042333221680163,0.5957473929680446,FAR,FAR,-0.4914947859360892,1,,,0.01,0
C3_n0.01_d000_r02,C3,202619,3.64,3.64,0.0,0.6,0.6092094473599748,0.5991129065660271,FAR,FAR,-0.4982258131320543,1,,,0.01,0
C3_n0.01_d000_r02,C3,202619,3.66,3.66,0.0,0.6,0.6123558830012689,0.6024236506748376,FAR,FAR,-0.5048473013496753,1,,,0.01,0
C3_n0.01_d000_r02,C3,202619,3.68,3.68,0.0,0.6,0.6071804440725634,0.6036128490242691,FAR,FAR,-0.5072256980485383,1,,,0.01,0
C3_n0.01_d000_r02,C3,202619,3.7,3.7,0.0,0.6,0.592420575931827,0.6008147807511586,FAR,FAR,-0.5016295615023172,1,,,0.01,0
C3_n0.01_d000_r02,C3,202619,3.72,3.72,0.0,0.6,0.5994890457956334,0.6004833470122772,FAR,FAR,-0.5009666940245545,1,,,0.01,0
C3_n0.01_d000_r02,C3,202619,3.74,3.74,0.0,0.6,0.5806665756031709,0.5955291541600006,FAR,FAR,-0.4910583083200013,1,,,0.01,0
C3_n0.01_d000_r02,C3,202619,3.76,3.76,0.0,0.6,0.5987305254148588,0.5963294969737152,FAR,FAR,-0.4926589939474304,1,,,0.01,0
C3_n0.01_d000_r02,C3,202619,3.78,3.78,0.0,0.6,0.5897880898801737,0.5946941452003298,FAR,FAR,-0.4893882904006597,1,,,0.01,0
C3_n0.01_d000_r02,C3,202619,3.8,3.8,0.0,0.6,0.593311752953254,0.5943485471385609,FAR,FAR,-0.4886970942771218,1,,,0.01,0
C3_n0.01_d000_r02,C3,202619,3.82,3.82,0.0,0.6,0.5854329786852954,0.5921196550252446,FAR,FAR,-0.48423931005048915,1,,,0.01,0
C3_n0.01_d000_r02,C3,202619,3.84,3.84,0.0,0.6,0.609206406507443,0.5963913428957941,FAR,FAR,-0.49278268579158824,1,,,0.01,0
C3_n0.01_d000_r02,C3,202619,3.86,3.86,0.0,0.6,0.6030575183114862,0.5980578867497172,FAR,FAR,-0.49611577349943436,1,,,0.01,0
C3_n0.01_d000_r02,C3,202619,3.88,3.88,0.0,0.6,0.6059944191578466,0.6000420198517495,FAR,FAR,-0.5000840397034991,1,,,0.01,0
C3_n0.01_d000_r02,C3,202619,3.9,3.9,0.0,0.6,0.6110422762690333,0.6027920839560705,FAR,FAR,-0.5055841679121411,1,,,0.01,0
C3_n0.01_d000_r02,C3,202619,3.92,3.92,0.0,0.6,0.6025302165996491,0.6027266171169652,FAR,FAR,-0.5054532342339304,1,,,0.01,0
C3_n0.01_d000_r02,C3,202619,3.94,3.94,0.0,0.6,0.5891620037368888,0.5993354637719461,FAR,FAR,-0.4986709275438923,1,,,0.01,0
C3_n0.01_d000_r02,C3,202619,3.96,3.96,0.0,0.6,0.593097110977773,0.5977758755734028,FAR,FAR,-0.4955517511468057,1,,,0.01,0
C3_n0.01_d000_r02,C3,202619,3.98,3.98,0.0,0.6,0.6023859507076449,0.5989283943569633,FAR,FAR,-0.4978567887139267,1,,,0.01,0
C3_n0.01_d000_r02,C3,202619,4.0,4.0,0.0,0.6,0.592919460140638,0.5974261608028819,FAR,FAR,-0.49485232160576387,1,,,0.01,0
C3_n0.01_d000_r02,C3,202619,4.02,4.02,0.0,0.5982500000000001,0.5902444778538655,0.5956307400656278,FAR,FAR,-0.4912614801312556,1,,,0.01,0
C3_n0.01_d000_r02,C3,202619,4.04,4.04,0.0,0.5965,0.5912798443384437,0.5945430161338318,FAR,FAR,-0.48908603226766356,1,,,0.01,0
C3_n0.01_d000_r02,C3,202619,4.06,4.06,0.0,0.59475,0.5987599185305598,0.5955972417330138,FAR,FAR,-0.49119448346602756,1,,,0.01,0
C3_n0.01_d000_r02,C3,202619,4.08,4.08,0.0,0.593,0.5801530043735882,0.5917361823931574,FAR,FAR,-0.48347236478631483,1,,,0.01,0
C3_n0.01_d000_r02,C3,202619,4.1,4.1,0.0,0.59125,0.6027362803440959,0.594486206880892,FAR,FAR,-0.48897241376178413,1,,,0.01,0
C3_n0.01_d000_r02,C3,202619,4.12,4.12,0.0,0.5894999999999999,0.5725033348494133,0.5889904888730224,FAR,FAR,-0.47798097774604487,1,,,0.01,0
C3_n0.01_d000_r02,C3,202619,4.14,4.14,0.0,0.58775,0.596477979165438,0.5908623614461264,FAR,FAR,-0.48172472289225277,1,,,0.01,0
C3_n0.01_d000_r02,C3,202619,4.16,4.16,0.0,0.586,0.5877729050768403,0.5900899973538049,FAR,FAR,-0.48017999470760975,1,,,0.01,0
C3_n0.01_d000_r02,C3,202619,4.18,4.18,0.0,0.58425,0.5944079852869227,0.5911694943370843,FAR,FAR,-0.4823389886741687,1,,,0.01,0
C3_n0.01_d000_r02,C3,202619,4.2,4.2,0.0,0.5825,0.5782517118294264,0.5879400487101698,FAR,FAR,-0.47588009742033965,1,,,0.01,0
C3_n0.01_d000_r02,C3,202619,4.22,4.22,0.0,0.58075,0.5819292915349507,0.586437359416365,FAR,FAR,-0.47287471883273,1,,,0.01,0
C3_n0.01_d000_r02,C3,202619,4.24,4.24,0.0,0.579,0.5830849333169879,0.5855992528915207,FAR,FAR,-0.47119850578304145,1,,,0.01,0
C3_n0.01_d000_r02,C3,202619,4.26,4.26,0.0,0.57725,0.5763002341103003,0.5832744981962156,FAR,FAR,-0.4665489963924312,1,,,0.01,0
C3_n0.01_d000_r02,C3,202619,4.28,4.28,0.0,0.5754999999999999,0.5880047332942779,0.5844570569707311,FAR,FAR,-0.4689141139414623,1,,,0.01,0
C3_n0.01_d000_r02,C3,202619,4.3,4.3,0.0,0.57375,0.5713760170464787,0.581186796989668,FAR,FAR,-0.4623735939793361,1,,,0.01,0
C3_n0.01_d000_r02,C3,202619,4.32,4.32,0.0,0.572,0.5789638994550095,0.5806310726060033,FAR,FAR,-0.4612621452120067,1,,,0.01,0
C3_n0.01_d000_r02,C3,202619,4.34,4.34,0.0,0.57025,0.5649548072730113,0.5767120062727553,FAR,FAR,-0.4534240125455107,1,,,0.01,0
C3_n0.01_d000_r02,C3,202619,4.36,4.36,0.0,0.5685,0.5627134445138782,0.573212365833036,FAR,FAR,-0.4464247316660721,1,,,0.01,0
C3_n0.01_d000_r02,C3,202619,4.38,4.38,0.0,0.56675,0.5642520129359018,0.5709722776087525,FAR,FAR,-0.441944555217505,1,,,0.01,0
C3_n0.01_d000_r02,C3,202619,4.4,4.4,0.0,0.565,0.5898824829737753,0.5756998289500082,FAR,FAR,-0.45139965790001635,1,,,0.01,0
C3_n0.01_d000_r02,C3,202619,4.42,4.42,0.0,0.56325,0.5462562548356957,0.5683389354214301,FAR,FAR,-0.43667787084286025,1,,,0.01,0
C3_n0.01_d000_r02,C3,202619,4.44,4.44,0.0,0.5614999999999999,0.5781611340819213,0.570794485086553,FAR,FAR,-0.44158897017310594,1,,,0.01,0
C3_n0.01_d000_r02,C3,202619,4.46,4.46,0.0,0.55975,0.5611585251033003,0.5683854950907398,FAR,FAR,-0.4367709901814796,1,,,0.01,0
C3_n0.01_d000_r02,C3,202619,4.48,4.48,0.0,0.5579999999999999,0.5704289606575316,0.5688963614824377,FAR,FAR,-0.4377927229648755,1,,,0.01,0
C3_n0.01_d000_r02,C3,202619,4.5,4.5,0.0,0.55625,0.5533325458571714,0.565005407576121,FAR,FAR,-0.43001081515224215,1,,,0.01,0
C3_n0.01_d000_r02,C3,202619,4.52,4.52,0.0,0.5545,0.5648014675130336,0.5649544225603492,FAR,FAR,-0.4299088451206985,1,,,0.01,0
C3_n0.01_d000_r02,C3,202619,4.54,4.54,0.0,0.55275,0.5545882988751124,0.5623628916390401,FAR,FAR,-0.4247257832780802,1,,,0.01,0
C3_n0.01_d000_r02,C3,202619,4.56,4.56,0.0,0.551,0.5685176438629351,0.5639015796950138,FAR,FAR,-0.42780315939002755,1,,,0.01,0
C3_n0.01_d000_r02,C3,202619,4.58,4.58,0.0,0.54925,0.5540861997137071,0.5614477346996871,FAR,FAR,-0.4228954693993743,1,,,0.01,0
C3_n0.01_d000_r02,C3,202619,4.6,4.6,0.0,0.5475,0.5432952999704851,0.5569096260173866,FAR,FAR,-0.4138192520347732,1,,,0.01,0
C3_n0.01_d000_r02,C3,202619,4.62,4.62,0.0,0.54575,0.5426321209748965,0.5533402497567641,FAR,FAR,-0.40668049951352825,1,,,0.01,0
C3_n0.01_d000_r02,C3,202619,4.64,4.64,0.0,0.544,0.5414276890054689,0.5503621095689403,FAR,FAR,-0.4007242191378806,1,,,0.01,0
C3_n0.01_d000_r02,C3,202619,4.66,4.66,0.0,0.54225,0.5524620960650726,0.5508871061929733,FAR,FAR,-0.4017742123859467,1,,,0.01,0
C3_n0.01_d000_r02,C3,202619,4.68,4.68,0.0,0.5405,0.5429754461892204,0.5489091911920351,FAR,FAR,-0.3978183823840702,1,,,0.01,0
C3_n0.01_d000_r02,C3,202619,4.7,4.7,0.0,0.53875,0.5475267077468636,0.5485635703307422,FAR,FAR,-0.39712714066148447,1,,,0.01,0
C3_n0.01_d000_r02,C3,202619,4.72,4.72,0.0,0.537,0.5533058557188194,0.5497491416777615,FAR,FAR,-0.39949828335552295,1,,,0.01,0
C3_n0.01_d000_r02,C3,202619,4.74,4.74,0.0,0.53525,0.5299093221357477,0.5447891867922581,FAR,FAR,-0.3895783735845162,1,,,0.01,0
C3_n0.01_d000_r02,C3,202619,4.76,4.76,0.0,0.5335,0.5367882599601522,0.5427889550842316,FAR,FAR,-0.3855779101684633,1,,,0.01,0
C3_n0.01_d000_r02,C3,202619,4.78,4.78,0.0,0.53175,0.533716297978994,0.5405207908079223,FAR,FAR,-0.38104158161584456,1,,,0.01,0
C3_n0.01_d000_r02,C3,202619,4.8,4.8,0.0,0.53,0.531636634663358,0.5382997517717812,FAR,FAR,-0.37659950354356253,1,,,0.01,0
C3_n0.01_d000_r02,C3,202619,4.82,4.82,0.0,0.52825,0.5443883076416987,0.5398218907392607,FAR,FAR,-0.3796437814785214,1,,,0.01,0
C3_n0.01_d000_r02,C3,202619,4.84,4.84,0.0,0.5265,0.5194435681568264,0.534727310093652,FAR,FAR,-0.36945462018730413,1,,,0.01,0
C3_n0.01_d000_r02,C3,202619,4.86,4.86,0.0,0.5247499999999999,0.522861766635258,0.5317609242290535,FAR,FAR,-0.3635218484581071,1,,,0.01,0
C3_n0.01_d000_r02,C3,202619,4.88,4.88,0.0,0.523,0.515712079387933,0.5277487130187734,FAR,FAR,-0.35549742603754675,1,,,0.01,0
C3_n0.01_d000_r02,C3,202619,4.9,4.9,0.0,0.52125,0.5101715935206208,0.5233544331442352,FAR,FAR,-0.34670886628847053,1,,,0.01,0
C3_n0.01_d000_r02,C3,202619,4.92,4.92,0.0,0.5195,0.5014699869831993,0.5178833216039762,FAR,FAR,-0.33576664320795246,1,,,0.01,0
C3_n0.01_d000_r02,C3,202619,4.94,4.94,0.0,0.5177499999999999,0.5149983397604849,0.5171620761431034,FAR,FAR,-0.3343241522862068,1,,,0.01,0
C3_n0.01_d000_r02,C3,202619,4.96,4.96,0.0,0.516,0.5246111377630543,0.5190243415480912,FAR,FAR,-0.3380486830961824,1,,,0.01,0
C3_n0.01_d000_r02,C3,202619,4.98,4.98,0.0,0.51425,0.5134756011776234,0.5176371564554743,FAR,FAR,-0.33527431291094856,1,,,0.01,0
C3_n0.01_d000_r02,C3,202619,5.0,5.0,0.0,0.5125,0.5079728036168061,0.5152210682458072,FAR,FAR,-0.33044213649161436,1,,,0.01,0
C3_n0.01_d000_r02,C3,202619,5.02,5.02,0.0,0.51075,0.504733060838672,0.5125990663940234,FAR,FAR,-0.3251981327880469,1,,,0.01,0
C3_n0.01_d000_r02,C3,202619,5.04,5.04,0.0,0.509,0.5235716519419317,0.5153422127810005,FAR,FAR,-0.33068442556200095,1,,,0.01,0
C3_n0.01_d000_r02,C3,202619,5.06,5.06,0.0,0.50725,0.48812885556077684,0.5085388734759446,FAR,FAR,-0.3170777469518893,1,,,0.01,0
C3_n0.01_d000_r02,C3,202619,5.08,5.08,0.0,0.5055,0.49501534049672624,0.50515799023114,FAR,FAR,-0.31031598046228015,1,,,0.01,0
C3_n0.01_d000_r02,C3,202619,5.1,5.1,0.0,0.50375,0.5132452402945177,0.5071798027469845,FAR,FAR,-0.314359605493969,1,,,0.01,0
C3_n0.01_d000_r02,C3,202619,5.12,5.12,0.0,0.502,0.4904897395796934,0.5030072869551617,FAR,FAR,-0.3060145739103235,1,,,0.01,0
C3_n0.01_d000_r02,C3,202619,5.14,5.14,0.0,0.50025,0.4916447739538404,0.5001666587048315,FAR,FAR,-0.30033331740966296,1,,,0.01,0
C3_n0.01_d000_r02,C3,202619,5.16,5.16,0.0,0.49849999999999994,0.49677205037134836,0.4993180066214607,FAR,FAR,-0.29863601324292144,1,,,0.01,0
C3_n0.01_d000_r02,C3,202619,5.18,5.18,0.0,0.49675,0.508769369045892,0.5016808472275686,FAR,FAR,-0.30336169445513717,1,,,0.01,0
C3_n0.01_d000_r02,C3,202619,5.2,5.2,0.0,0.495,0.500785142671313,0.5014569210885047,FAR,FAR,-0.30291384217700945,1,,,0.01,0
C3_n0.01_d000_r02,C3,202619,5.22,5.22,0.0,0.49325,0.5104202121063994,0.5036977438429784,FAR,FAR,-0.3073954876859568,1,,,0.01,0
C3_n0.01_d000_r02,C3,202619,5.24,5.24,0.0,0.49149999999999994,0.497338771884521,0.502108000853364,FAR,FAR,-0.30421600170672813,1,,,0.01,0
C3_n0.01_d000_r02,C3,202619,5.26,5.26,0.0,0.48975,0.49086707283607733,0.49929776884904237,FAR,FAR,-0.2985955376980848,1,,,0.01,0
C3_n0.01_d000_r02,C3,202619,5.28,5.28,0.0,0.488,0.49437768596704806,0.4980677481285438,FAR,FAR,-0.2961354962570877,1,,,0.01,0
C3_n0.01_d000_r02,C3,202619,5.3,5.3,0.0,0.48625,0.4718352745011941,0.4915096297217064,FAR,FAR,-0.2830192594434129,1,,,0.01,0
C3_n0.01_d000_r02,C3,202619,5.32,5.32,0.0,0.48449999999999993,0.4818160151086199,0.48908622606843477,FAR,FAR,-0.2781724521368696,1,,,0.01,0
C3_n0.01_d000_r02,C3,202619,5.34,5.34,0.0,0.48275,0.49109320332605105,0.48958797038283886,FAR,FAR,-0.27917594076567775,1,,,0.01,0
C3_n0.01_d000_r02,C3,202619,5.36,5.36,0.0,0.481,0.4715014349601221,0.4850663365271597,FAR,FAR,-0.2701326730543194,1,,,0.01,0
C3_n0.01_d000_r02,C3,202619,5.38,5.38,0.0,0.47925,0.4846841476228554,0.4849707893010836,FAR,FAR,-0.2699415786021673,1,,,0.01,0
C3_n0.01_d000_r02,C3,202619,5.4,5.4,0.0,0.4774999999999999,0.47592107110963977,0.4827083597532226,FAR,FAR,-0.2654167195064453,1,,,0.01,0
C3_n0.01_d000_r02,C3,202619,5.42,5.42,0.0,0.47575,0.46954472648886264,0.4794174514371326,FAR,FAR,-0.25883490287426525,1,,,0.01,0
C3_n0.01_d000_r02,C3,202619,5.44,5.44,0.0,0.474,0.4950506158130121,0.4833257425311025,FAR,FAR,-0.26665148506220504,1,,,0.01,0
C3_n0.01_d000_r02,C3,202619,5.46,5.46,0.0,0.47224999999999995,0.4528518336960023,0.47570726532232743,FAR,FAR,-0.2514145306446549,1,,,0.01,0
C3_n0.01_d000_r02,C3,202619,5.48,5.48,0.0,0.4704999999999999,0.48077746644934016,0.4769748156040806,FAR,FAR,-0.2539496312081613,1,,,0.01,0
C3_n0.01_d000_r02,C3,202619,5.5,5.5,0.0,0.46875,0.46705283859185037,0.4744943213510231,FAR,FAR,-0.24898864270204624,1,,,0.01,0
C3_n0.01_d000_r02,C3,202619,5.52,5.52,0.0,0.467,0.4510569038768132,0.46863496698247065,FAR,FAR,-0.23726993396494134,1,,,0.01,0
C3_n0.01_d000_r02,C3,202619,5.54,5.54,0.0,0.46525,0.460263721318649,0.46654215556651524,FAR,FAR,-0.23308431113303052,1,,,0.01,0
C3_n0.01_d000_r02,C3,202619,5.56,5.56,0.0,0.4635,0.4527388545102694,0.46309133030245375,FAR,FAR,-0.22618266060490755,1,,,0.01,0
C3_n0.01_d000_r02,C3,202619,5.58,5.58,0.0,0.46175,0.4680150715266987,0.464322265608515,FAR,FAR,-0.22864453121703,1,,,0.01,0
C3_n0.01_d000_r02,C3,202619,5.6,5.6,0.0,0.46,0.4431786940079253,0.4590363727083676,FAR,FAR,-0.21807274541673527,1,,,0.01,0
C3_n0.01_d000_r02,C3,202619,5.62,5.62,0.0,0.45825,0.4600764386769606,0.45929638920051585,FAR,FAR,-0.21859277840103175,1,,,0.01,0
C3_n0.01_d000_r02,C3,202619,5.64,5.64,0.0,0.4565,0.4580184426518052,0.4589769025633382,FAR,FAR,-0.2179538051266764,1,,,0.01,0
C3_n0.01_d000_r02,C3,202619,5.66,5.66,0.0,0.45475,0.4529264874557897,0.45746429878645106,FAR,FAR,-0.21492859757290217,1,,,0.01,0
C3_n0.01_d000_r02,C3,202619,5.68,5.68,0.0,0.453,0.4458045631459634,0.45454936487632913,FAR,FAR,-0.2090987297526583,1,,,0.01,0
C3_n0.01_d000_r02,C3,202619,5.7,5.7,0.0,0.45125,0.44923476049995453,0.45322071378223544,FAR,FAR,-0.20644142756447093,1,,,0.01,0
C3_n0.01_d000_r02,C3,202619,5.72,5.72,0.0,0.4495,0.4595220660063159,0.45479605183825556,FAR,FAR,-0.20959210367651115,1,,,0.01,0
C3_n0.01_d000_r02,C3,202619,5.74,5.74,0.0,0.44775,0.45957419393566257,0.45599058736260734,FAR,FAR,-0.21198117472521472,1,,,0.01,0
C3_n0.01_d000_r02,C3,202619,5.76,5.76,0.0,0.446,0.44377946457022893,0.4529378066645127,FAR,FAR,-0.2058756133290255,1,,,0.01,0
C3_n0.01_d000_r02,C3,202619,5.78,5.78,0.0,0.44425,0.4416091529094273,0.45010564322574137,FAR,FAR,-0.20021128645148278,1,,,0.01,0
C3_n0.01_d000_r02,C3,202619,5.8,5.8,0.0,0.4425,0.44136266469115865,0.4479198985920957,FAR,FAR,-0.19583979718419142,1,,,0.01,0
C3_n0.01_d000_r02,C3,202619,5.82,5.82,0.0,0.44075,0.4421622608291031,0.4464804891513476,FAR,FAR,-0.1929609783026952,1,,,0.01,0
C3_n0.01_d000_r02,C3,202619,5.84,5.84,0.0,0.439,0.43325118721889394,0.44317316366823417,FAR,FAR,-0.1863463273364684,1,,,0.01,0
C3_n0.01_d000_r02,C3,202619,5.86,5.86,0.0,0.43724999999999997,0.4079013622296342,0.4343552133085842,FAR,FAR,-0.1687104266171684,1,,,0.01,0
C3_n0.01_d000_r02,C3,202619,5.88,5.88,0.0,0.4355,0.43445724551139614,0.4343807213592872,FAR,FAR,-0.1687614427185744,1,,,0.01,0
C3_n0.01_d000_r02,C3,202619,5.9,5.9,0.0,0.43374999999999997,0.4512468072948539,0.43859724284317886,FAR,FAR,-0.17719448568635776,1,,,0.01,0
C3_n0.01_d000_r02,C3,202619,5.92,5.92,0.0,0.432,0.4438275910594631,0.43990482989724994,FAR,FAR,-0.17980965979449992,1,,,0.01,0
C3_n0.01_d000_r02,C3,202619,5.94,5.94,0.0,0.43024999999999997,0.4283632239896867,0.4370194284203591,FAR,FAR,-0.1740388568407183,1,,,0.01,0
C3_n0.01_d000_r02,C3,202619,5.96,5.96,0.0,0.4285,0.40753986054507757,0.42964953645153875,FAR,FAR,-0.15929907290307754,1,,,0.01,0
C3_n0.01_d000_r02,C3,202619,5.98,5.98,0.0,0.42674999999999996,0.44159058230364534,0.4326347979145654,FAR,FAR,-0.1652695958291308,1,,,0.01,0
C3_n0.01_d000_r02,C3,202619,6.0,6.0,0.0,0.425,0.4504468714983783,0.43708781631051863,FAR,FAR,-0.1741756326210373,1,,,0.01,0
C3_n0.01_d000_r02,C3,202619,6.02,6.02,0.0,0.42325,0.4216544858985808,0.4332294837075341,FAR,FAR,-0.16645896741506827,1,,,0.01,0
C3_n0.01_d000_r02,C3,202619,6.04,6.04,0.0,0.4215,0.40900897390717117,0.4271743562574434,FAR,FAR,-0.1543487125148868,1,,,0.01,0
C3_n0.01_d000_r02,C3,202619,6.06,6.06,0.0,0.41975,0.4099977424738356,0.4228802028115414,FAR,FAR,-0.1457604056230828,1,,,0.01,0
C3_n0.01_d000_r02,C3,202619,6.08,6.08,0.0,0.418,0.4018299395850844,0.4176176370049271,FAR,FAR,-0.13523527400985424,1,,,0.01,0
C3_n0.01_d000_r02,C3,202619,6.1,6.1,0.0,0.41625,0.4274641903687714,0.4200792753458882,FAR,FAR,-0.1401585506917764,1,,,0.01,0
C3_n0.01_d000_r02,C3,202619,6.12,6.12,0.0,0.4145,0.40436933674704795,0.41615179069617814,FAR,FAR,-0.13230358139235632,1,,,0.01,0
C3_n0.01_d000_r02,C3,202619,6.14,6.14,0.0,0.41275,0.4198118818005234,0.4170668134722645,FAR,FAR,-0.13413362694452902,1,,,0.01,0
C3_n0.01_d000_r02,C3,202619,6.16,6.16,0.0,0.411,0.4145886151709288,0.4164472638969306,FAR,FAR,-0.13289452779386124,1,,,0.01,0
C3_n0.01_d000_r02,C3,202619,6.18,6.18,0.0,0.40925,0.4039684720941155,0.4133275659462268,FAR,FAR,-0.1266551318924537,1,,,0.01,0
C3_n0.01_d000_r02,C3,202619,6.2,6.2,0.0,0.4075,0.3905662468519358,0.40763723617265407,FAR,FAR,-0.11527447234530819,1,,,0.01,0
C3_n0.01_d000_r02,C3,202619,6.22,6.22,0.0,0.40575,0.41625273185873335,0.4097911100941739,FAR,FAR,-0.11958222018834785,1,,,0.01,0
C3_n0.01_d000_r02,C3,202619,6.24,6.24,0.0,0.40399999999999997,0.397524547180969,0.40672446936587264,FAR,FAR,-0.11344893873174533,1,,,0.01,0
C3_n0.01_d000_r02,C3,202619,6.26,6.26,0.0,0.40225,0.41208748873703854,0.4080652242086641,FAR,FAR,-0.11613044841732822,1,,,0.01,0
C3_n0.01_d000_r02,C3,202619,6.28,6.28,0.0,0.40049999999999997,0.40744287222148884,0.40790963621187026,FAR,FAR,-0.11581927242374057,1,,,0.01,0
C3_n0.01_d000_r02,C3,202619,6.3,6.3,0.0,0.39875,0.39384659236617187,0.4043938752504456,FAR,FAR,-0.10878775050089129,1,,,0.01,0
C3_n0.01_d000_r02,C3,202619,6.32,6.32,0.0,0.39699999999999996,0.411171949513822,0.4060883938162897,FAR,FAR,-0.11217678763257943,1,,,0.01,0
C3_n0.01_d000_r02,C3,202619,6.34,6.34,0.0,0.39525,0.4001003788708739,0.4045913900799357,FAR,FAR,-0.10918278015987148,1,,,0.01,0
C3_n0.01_d000_r02,C3,202619,6.36,6.36,0.0,0.39349999999999996,0.38503804837954436,0.39970305465483785,FAR,FAR,-0.09940610930967575,1,,,0.01,0
C3_n0.01_d000_r02,C3,202619,6.38,6.38,0.0,0.39175,0.38524663588037966,0.3960889499612233,FAR,FAR,-0.09217789992244663,1,,,0.01,0
C3_n0.01_d000_r02,C3,202619,6.4,6.4,0.0,0.38999999999999996,0.3873598118724426,0.39390666543902814,FAR,FAR,-0.08781333087805632,1,,,0.01,0
C3_n0.01_d000_r02,C3,202619,6.42,6.42,0.0,0.38825,0.3849163199545476,0.391659079067908,FAR,FAR,-0.083318158135816,1,,,0.01,0
C3_n0.01_d000_r02,C3,202619,6.44,6.44,0.0,0.38649999999999995,0.3925454349260952,0.3918806680324548,FAR,FAR,-0.08376133606490965,1,,,0.01,0
C3_n0.01_d000_r02,C3,202619,6.46,6.46,0.0,0.38475,0.36649131758704234,0.3855333304211017,FAR,FAR,-0.07106666084220348,1,,,0.01,0
C3_n0.01_d000_r02,C3,202619,6.48,6.48,0.0,0.38299999999999995,0.3628248292824791,0.3798562051364461,FAR,FAR,-0.0597124102728922,1,,,0.01,0
C3_n0.01_d000_r02,C3,202619,6.5,6.5,0.0,0.38125,0.3853931106080289,0.3812404315043418,FAR,FAR,-0.06248086300868361,1,,,0.01,0
C3_n0.01_d000_r02,C3,202619,6.52,6.52,0.0,0.37950000000000006,0.37169322149043726,0.3788536290008656,FAR,FAR,-0.057707258001731265,1,,,0.01,0
C3_n0.01_d000_r02,C3,202619,6.54,6.54,0.0,0.37775000000000003,0.36552525244173534,0.3755215348610831,FAR,FAR,-0.05104306972216621,1,,,0.01,0
C3_n0.01_d000_r02,C3,202619,6.56,6.56,0.0,0.376,0.3846024174379509,0.3777917555053001,FAR,FAR,-0.05558351101060022,1,,,0.01,0
C3_n0.01_d000_r02,C3,202619,6.58,6.58,0.0,0.37424999999999997,0.3878808900420401,0.3803140391394851,FAR,FAR,-0.06062807827897021,1,,,0.01,0
C3_n0.01_d000_r02,C3,202619,6.6,6.6,0.0,0.37250000000000005,0.37385469996682064,0.378699204346319,FAR,FAR,-0.057398408692638014,1,,,0.01,0
C3_n0.01_d000_r02,C3,202619,6.62,6.62,0.0,0.37075,0.39609632013680657,0.38304848329394087,FAR,FAR,-0.06609696658788178,1,,,0.01,0
C3_n0.01_d000_r02,C3,202619,6.64,6.64,0.0,0.369,0.36292127903446425,0.3780166822290717,FAR,FAR,-0.05603336445814344,1,,,0.01,0
C3_n0.01_d000_r02,C3,202619,6.66,6.66,0.0,0.36724999999999997,0.36552907407295143,0.37489478019004163,FAR,FAR,-0.04978956038008331,1,,,0.01,0
C3_n0.01_d000_r02,C3,202619,6.68,6.68,0.0,0.36550000000000005,0.36428104432892194,0.3722413462247617,FAR,FAR,-0.04448269244952341,1,,,0.01,0
C3_n0.01_d000_r02,C3,202619,6.7,6.7,0.0,0.36375,0.3555478549411144,0.3680679734038499,FAR,FAR,-0.036135946807699826,1,,,0.01,0
C3_n0.01_d000_r02,C3,202619,6.72,6.72,0.0,0.362,0.3623280155173076,0.36663298393221433,FAR,FAR,-0.0332659678644287,1,,,0.01,0
C3_n0.01_d000_r02,C3,202619,6.74,6.74,0.0,0.36024999999999996,0.3564837721814124,0.36409568099451384,FAR,FAR,-0.02819136198902772,1,,,0.01,0
C3_n0.01_d000_r02,C3,202619,6.76,6.76,0.0,0.35850000000000004,0.3584390583424109,0.36268152533148806,FAR,FAR,-0.025363050662976172,1,,,0.01,0
C3_n0.01_d000_r02,C3,202619,6.78,6.78,0.0,0.35675,0.3518654018043371,0.3599774944497003,FAR,FAR,-0.019954988899400616,1,,,0.01,0
C3_n0.01_d000_r02,C3,202619,6.8,6.8,0.0,0.355,0.35264423542425355,0.3581441796933386,FAR,FAR,-0.016288359386677276,1,,,0.01,0
C3_n0.01_d000_r02,C3,202619,6.82,6.82,0.0,0.35324999999999995,0.34841401455169385,0.3557116384079274,FAR,FAR,-0.011423276815854866,1,,,0.01,0
C3_n0.01_d000_r02,C3,202619,6.84,6.84,0.0,0.35150000000000003,0.34560522607956584,0.35318503532583706,FAR,FAR,-0.0063700706516741645,1,,,0.01,0
C3_n0.01_d000_r02,C3,202619,6.86,6.86,0.0,0.34974999999999995,0.3438266336005955,0.3508454348945267,NEAR,FAR,-0.0016908697890534174,1,,,0.01,0
C3_n0.01_d000_r02,C3,202619,6.88,6.88,0.0,0.348,0.35304949084169834,0.3513964488813196,NEAR,FAR,-0.002792897762639246,1,,,0.01,0
C3_n0.01_d000_r02,C3,202619,6.9,6.9,0.0,0.34624999999999995,0.34306671469803685,0.34931401533549894,NEAR,NEAR,0.0013719693290020762,1,ENTER_NEAR,,0.01,0
C3_n0.01_d000_r02,C3,202619,6.92,6.92,0.0,0.3445,0.34065427823717115,0.34714908106091696,NEAR,NEAR,0.005701837878166027,1,,,0.01,0
C3_n0.01_d000_r02,C3,202619,6.94,6.94,0.0,0.34274999999999994,0.3206639408007718,0.3405277959958807,NEAR,NEAR,0.0189444080082386,1,,,0.01,0
C3_n0.01_d000_r02,C3,202619,6.96,6.96,0.0,0.34099999999999997,0.344560054324261,0.3415358605779758,NEAR,NEAR,0.01692827884404835,1,,,0.01,0
C3_n0.01_d000_r02,C3,202619,6.98,6.98,0.0,0.33924999999999994,0.3382416924083299,0.3407123185355643,NEAR,NEAR,0.01857536292887141,1,,,0.01,0
C3_n0.01_d000_r02,C3,202619,7.0,7.0,0.0,0.3375,0.32522877660359917,0.33684143305257297,NEAR,NEAR,0.026317133894854017,1,,,0.01,0
C3_n0.01_d000_r02,C3,202619,7.02,7.02,0.0,0.33575000000000005,0.32803157990113174,0.33463896976471263,NEAR,NEAR,0.030722060470574686,1,,,0.01,0
C3_n0.01_d000_r02,C3,202619,7.04,7.04,0.0,0.334,0.3375758310035241,0.33537318507441555,NEAR,NEAR,0.02925362985116886,1,,,0.01,0
C3_n0.01_d000_r02,C3,202619,7.06,7.06,0.0,0.33225000000000005,0.33505717336283164,0.33529418214651957,NEAR,NEAR,0.029411635706960815,1,,,0.01,0
C3_n0.01_d000_r02,C3,202619,7.08,7.08,0.0,0.3305,0.3325394842092749,0.3346055076622084,NEAR,NEAR,0.03078898467558311,1,,,0.01,0
C3_n0.01_d000_r02,C3,202619,7.1,7.1,0.0,0.32875000000000004,0.34780565691450693,0.337905544975283,NEAR,NEAR,0.02418891004943391,1,,,0.01,0
C3_n0.01_d000_r02,C3,202619,7.12,7.12,0.0,0.327,0.32419667524337836,0.3344783275423069,NEAR,NEAR,0.031043344915386184,1,,,0.01,0
C3_n0.01_d000_r02,C3,202619,7.14,7.14,0.0,0.32525000000000004,0.3161466099439513,0.32989539814271795,NEAR,NEAR,0.040209203714564046,1,,,0.01,0
C3_n0.01_d000_r02,C3,202619,7.16,7.16,0.0,0.3235,0.3339903998259653,0.3309191485635298,NEAR,NEAR,0.038161702872940406,1,,,0.01,0
C3_n0.01_d000_r02,C3,202619,7.18,7.18,0.0,0.32175000000000004,0.3288533649882712,0.33040270266971516,NEAR,NEAR,0.039194594660569626,1,,,0.01,0
C3_n0.01_d000_r02,C3,202619,7.2,7.2,0.0,0.32,0.3241808531327209,0.3288472402854666,NEAR,NEAR,0.042305519429066796,1,,,0.01,0
C3_n0.01_d000_r02,C3,202619,7.22,7.22,0.0,0.31825000000000003,0.3197943628071726,0.3265840209158931,NEAR,NEAR,0.04683195816821373,1,,,0.01,0
C3_n0.01_d000_r02,C3,202619,7.24,7.24,0.0,0.3165,0.3132356236361325,0.323246921595953,NEAR,NEAR,0.05350615680809401,1,,,0.01,0
C3_n0.01_d000_r02,C3,202619,7.26,7.26,0.0,0.31475000000000003,0.3193995322271185,0.3222850742537443,NEAR,NEAR,0.05542985149251134,1,,,0.01,0
C3_n0.01_d000_r02,C3,202619,7.28,7.28,0.0,0.313,0.32328123029511835,0.3225341132640878,NEAR,NEAR,0.05493177347182432,1,,,0.01,0
C3_n0.01_d000_r02,C3,202619,7.3,7.3,0.0,0.31125,0.30268535012665576,0.3175719224797298,NEAR,NEAR,0.06485615504054032,1,,,0.01,0
C3_n0.01_d000_r02,C3,202619,7.32,7.32,0.0,0.3095,0.29729776869721125,0.31250338403410016,NEAR,NEAR,0.07499323193179963,1,,,0.01,0
C3_n0.01_d000_r02,C3,202619,7.34,7.34,0.0,0.30775,0.3172639866667808,0.31369353469227035,NEAR,NEAR,0.07261293061545926,1,,,0.01,0
C3_n0.01_d000_r02,C3,202619,7.36,7.36,0.0,0.306,0.30810475249478975,0.3122963391429002,NEAR,NEAR,0.0754073217141995,1,,,0.01,0
C3_n0.01_d000_r02,C3,202619,7.38,7.38,0.0,0.30425,0.312948619310588,0.3124594091848222,NEAR,NEAR,0.0750811816303556,1,,,0.01,0
C3_n0.01_d000_r02,C3,202619,7.4,7.4,0.0,0.3025,0.3195031732919932,0.31422035021161493,NEAR,NEAR,0.0715592995767701,1,,,0.01,0
C3_n0.01_d000_r02,C3,202619,7.42,7.42,0.0,0.30075,0.2845801157649343,0.3068102915999448,NEAR,NEAR,0.08637941680011041,1,,,0.01,0
C3_n0.01_d000_r02,C3,202619,7.44,7.44,0.0,0.299,0.2988380744268835,0.3048172373066794,NEAR,NEAR,0.09036552538664111,1,,,0.01,0
C3_n0.01_d000_r02,C3,202619,7.46,7.46,0.0,0.29725,0.28478113107357045,0.2998082107484022,NEAR,NEAR,0.10038357850319557,1,,,0.01,0
C3_n0.01_d000_r02,C3,202619,7.48,7.48,0.0,0.2955,0.2978679248289904,0.29932313926854925,NEAR,NEAR,0.10135372146290145,1,,,0.01,0
C3_n0.01_d000_r02,C3,202619,7.5,7.5,0.0,0.29375,0.2901443894997768,0.2970284518263561,NEAR,NEAR,0.10594309634728771,1,,,0.01,0
C3_n0.01_d000_r02,C3,202619,7.52,7.52,0.0,0.29200000000000004,0.2754815056981724,0.29164171529431016,NEAR,NEAR,0.11671656941137964,1,,,0.01,0
C3_n0.01_d000_r02,C3,202619,7.54,7.54,0.0,0.29025,0.2907238670899003,0.2914122532432077,NEAR,NEAR,0.11717549351358458,1,,,0.01,0
C3_n0.01_d000_r02,C3,202619,7.56,7.56,0.0,0.28850000000000003,0.2679769139839545,0.2855534184283944,NEAR,NEAR,0.1288931631432112,1,,,0.01,0
C3_n0.01_d000_r02,C3,202619,7.58,7.58,0.0,0.28675,0.2902973918832062,0.28673941179209733,NEAR,NEAR,0.1265211764158053,1,,,0.01,0
C3_n0.01_d000_r02,C3,202619,7.6,7.6,0.0,0.28500000000000003,0.27120855878288086,0.2828566985397932,NEAR,NEAR,0.1342866029204135,1,,,0.01,0
C3_n0.01_d000_r02,C3,202619,7.62,7.62,0.0,0.28325,0.27209946087913933,0.28016738912462974,NEAR,NEAR,0.13966522175074048,1,,,0.01,0
C3_n0.01_d000_r02,C3,202619,7.64,7.64,0.0,0.28150000000000003,0.2955393148924018,0.28401037056657275,NEAR,NEAR,0.13197925886685447,1,,,0.01,0
C3_n0.01_d000_r02,C3,202619,7.66,7.66,0.0,0.27975,0.2804531935142639,0.28312107630349553,NEAR,NEAR,0.1337578473930089,1,,,0.01,0
C3_n0.01_d000_r02,C3,202619,7.68,7.68,0.0,0.278,0.2797063677393479,0.28226739916245863,NEAR,NEAR,0.1354652016750827,1,,,0.01,0
C3_n0.01_d000_r02,C3,202619,7.7,7.7,0.0,0.27625,0.28015136577271804,0.2817383908150235,NEAR,NEAR,0.13652321836995296,1,,,0.01,0
C3_n0.01_d000_r02,C3,202619,7.72,7.72,0.0,0.2745,0.2706574829480362,0.27896816384827666,NEAR,NEAR,0.14206367230344663,1,,,0.01,0
C3_n0.01_d000_r02,C3,202619,7.74,7.74,0.0,0.27275,0.27522579523943247,0.27803257169606566,NEAR,NEAR,0.14393485660786864,1,,,0.01,0
C3_n0.01_d000_r02,C3,202619,7.76,7.76,0.0,0.271,0.2683836321505818,0.27562033680969467,NEAR,NEAR,0.14875932638061062,1,,,0.01,0
C3_n0.01_d000_r02,C3,202619,7.78,7.78,0.0,0.26925,0.264162040676237,0.27275576277633024,NEAR,NEAR,0.15448847444733949,1,,,0.01,0
C3_n0.01_d000_r02,C3,202619,7.8,7.8,0.0,0.2675,0.2496244158895372,0.26697292605463196,NEAR,NEAR,0.16605414789073603,1,,,0.01,0
C3_n0.01_d000_r02,C3,202619,7.82,7.82,0.0,0.26575,0.2717031808622225,0.2681554897565296,NEAR,NEAR,0.16368902048694078,1,,,0.01,0
C3_n0.01_d000_r02,C3,202619,7.84,7.84,0.0,0.264,0.24561337648643267,0.26251996143900536,NEAR,NEAR,0.17496007712198924,1,,,0.01,0
C3_n0.01_d000_r02,C3,202619,7.86,7.86,0.0,0.26225,0.25587685344709066,0.2608591844410267,NEAR,NEAR,0.1782816311179466,1,,,0.01,0
C3_n0.01_d000_r02,C3,202619,7.88,7.88,0.0,0.2605,0.2515265207120392,0.2585260185087798,NEAR,NEAR,0.18294796298244032,1,,,0.01,0
C3_n0.01_d000_r02,C3,202619,7.9,7.9,0.0,0.25875,0.27593942624353957,0.26287937044246973,NEAR,NEAR,0.1742412591150605,1,,,0.01,0
C3_n0.01_d000_r02,C3,202619,7.92,7.92,0.0,0.257,0.2519472714686327,0.2601463456990105,NEAR,NEAR,0.17970730860197892,1,,,0.01,0
C3_n0.01_d000_r02,C3,202619,7.94,7.94,0.0,0.25525,0.23651085355650178,0.2542374726633833,NEAR,NEAR,0.19152505467323333,1,,,0.01,0
C3_n0.01_d000_r02,C3,202619,7.96,7.96,0.0,0.2535,0.24198029612822683,0.2511731785295942,NEAR,NEAR,0.19765364294081156,1,,,0.01,0
C3_n0.01_d000_r02,C3,202619,7.98,7.98,0.0,0.25175,0.2647783742187204,0.2545744774518758,NEAR,NEAR,0.1908510450962484,1,,,0.01,0
C3_n0.01_d000_r02,C3,202619,8.0,8.0,0.0,0.25,0.24449048633692919,0.2520534796731391,NEAR,NEAR,0.1958930406537217,1,,,0.01,0
C3_n0.01_d000_r02,C3,202619,8.02,8.02,0.0,0.2522533838368113,0.24589886961091423,0.2505148271575829,NEAR,NEAR,0.19897034568483418,1,,,0.01,0
C3_n0.01_d000_r02,C3,202619,8.04,8.04,0.0,0.25445562372365543,0.2466875509038292,0.24955800809414447,NEAR,NEAR,0.20088398381171102,1,,,0.01,0
C3_n0.01_d000_r02,C3,202619,8.06,8.06,0.0,0.25655673649976407,0.2685977969919446,0.2543179553185945,NEAR,NEAR,0.1913640893628109,1,,,0.01,0
C3_n0.01_d000_r02,C3,202619,8.08,8.08,0.0,0.25850903423690136,0.25115750134356535,0.25352784182483723,NEAR,NEAR,0.1929443163503255,1,,,0.01,0
C3_n0.01_d000_r02,C3,202619,8.1,8.1,0.0,0.2602682065889303,0.28931847340615596,0.2624754997201669,NEAR,NEAR,0.1750490005596661,1,,,0.01,0
C3_n0.01_d000_r02,C3,202619,8.12,8.12,0.0,0.26179432648204926,0.2579829434347611,0.26135236064881545,NEAR,NEAR,0.17729527870236905,1,,,0.01,0
C3_n0.01_d000_r02,C3,202619,8.14,8.14,0.0,0.26305275632004294,0.28279009048342446,0.2667117931074677,NEAR,NEAR,0.1665764137850646,1,,,0.01,0
C3_n0.01_d000_r02,C3,202619,8.16,8.16,0.0,0.2640149341368492,0.24414526790385674,0.26107016180656495,NEAR,NEAR,0.17785967638687006,1,,,0.01,0
C3_n0.01_d000_r02,C3,202619,8.18,8.18,0.0,0.2646590218535229,0.2589041002299079,0.2605286464124007,NEAR,NEAR,0.17894270717519856,1,,,0.01,0
C3_n0.01_d000_r02,C3,202619,8.2,8.2,0.0,0.26497040092642404,0.2842624840131217,0.26646210581258095,NEAR,NEAR,0.16707578837483805,1,,,0.01,0
C3_n0.01_d000_r02,C3,202619,8.22,8.22,0.0,0.2649420041371476,0.26080852615702405,0.26504871089869175,NEAR,NEAR,0.16990257820261645,1,,,0.01,0
C3_n0.01_d000_r02,C3,202619,8.24,8.24,0.0,0.2645744759937201,0.25003569356165034,0.2612954565644314,NEAR,NEAR,0.1774090868711371,1,,,0.01,0
C3_n0.01_d000_r02,C3,202619,8.26,8.26,0.0,0.26387615810251686,0.26130182290792947,0.26129704815030597,NEAR,NEAR,0.17740590369938802,1,,,0.01,0
C3_n0.01_d000_r02,C3,202619,8.28,8.28,0.0,0.26286289984290484,0.2760266303326666,0.2649794436958961,NEAR,NEAR,0.17004111260820776,1,,,0.01,0
C3_n0.01_d000_r02,C3,202619,8.3,8.3,0.0,0.2615576986416368,0.2507151699677697,0.2614133752638645,NEAR,NEAR,0.17717324947227098,1,,,0.01,0
C3_n0.01_d000_r02,C3,202619,8.32,8.32,0.0,0.25999017801151375,0.264293962624548,0.26213352210403534,NEAR,NEAR,0.17573295579192927,1,,,0.01,0
C3_n0.01_d000_r02,C3,202619,8.34,8.34,0.0,0.25819591520101404,0.2480896876146286,0.25862256348168366,NEAR,NEAR,0.18275487303663263,1,,,0.01,0
C3_n0.01_d000_r02,C3,202619,8.36,8.36,0.0,0.2562156337148993,0.24244170609693577,0.2545773491354967,NEAR,NEAR,0.1908453017290066,1,,,0.01,0
C3_n0.01_d000_r02,C3,202619,8.38,8.38,0.0,0.2540942790327598,0.2684676280850799,0.25804991887289247,NEAR,NEAR,0.18390016225421502,1,,,0.01,0
C3_n0.01_d000_r02,C3,202619,8.4,8.4,0.0,0.25187999850346454,0.2535718590579229,0.2569304039191501,NEAR,NEAR,0.18613919216169972,1,,,0.01,0
C3_n0.01_d000_r02,C3,202619,8.42,8.42,0.0,0.24962304856834994,0.25319658258509964,0.2559969485856375,NEAR,NEAR,0.18800610282872499,1,,,0.01,0
C3_n0.01_d000_r02,C3,202619,8.44,8.44,0.0,0.2473746541153709,0.24690647196437537,0.25372432943032197,NEAR,NEAR,0.192551341139356,1,,,0.01,0
C3_n0.01_d000_r02,C3,202619,8.46,8.46,0.0,0.24518584585289177,0.259966428911192,0.2552848543005395,NEAR,NEAR,0.18943029139892098,1,,,0.01,0
C3_n0.01_d000_r02,C3,202619,8.48,8.48,0.0,0.24310630209067763,0.2446084499992691,0.2526157532252219,NEAR,NEAR,0.19476849354955617,1,,,0.01,0
C3_n0.01_d000_r02,C3,202619,8.5,8.5,0.0,0.24118322121561292,0.25756817235625123,0.2538538580079792,NEAR,NEAR,0.19229228398404152,1,,,0.01,0
C3_n0.01_d000_r02,C3,202619,8.52,8.52,0.0,0.2394602504530173,0.2250730653416586,0.24665865984139906,NEAR,NEAR,0.20668268031720183,1,,,0.01,0
C3_n0.01_d000_r02,C3,202619,8.54,8.54,0.0,0.23797649522693692,0.2396042687297513,0.2448950620634871,NEAR,NEAR,0.21020987587302575,1,,,0.01,0
C3_n0.01_d000_r02,C3,202619,8.56,8.56,0.0,0.23676563160347566,0.2336487004227406,0.24208347165330046,NEAR,NEAR,0.21583305669339903,1,,,0.01,0
C3_n0.01_d000_r02,C3,202619,8.58,8.58,0.0,0.23585514196160703,0.23499181895107354,0.24031055847774374,NEAR,NEAR,0.21937888304451247,1,,,0.01,0
C3_n0.01_d000_r02,C3,202619,8.6,8.6,0.0,0.23526569123906968,0.234947771795644,0.2389698618072188,NEAR,NEAR,0.22206027638556236,1,,,0.01,0
C3_n0.01_d000_r02,C3,202619,8.62,8.62,0.0,0.23501065791039116,0.23574270026488978,0.23816307142163654,NEAR,NEAR,0.22367385715672689,1,,,0.01,0
C3_n0.01_d000_r02,C3,202619,8.64,8.64,0.0,0.23509583034219989,0.2300274996803292,0.2361291784863097,NEAR,NEAR,0.22774164302738054,1,,,0.01,0
C3_n0.01_d000_r02,C3,202619,8.66,8.66,0.0,0.2355192754175009,0.2338681123557116,0.23556391195366017,NEAR,NEAR,0.22887217609267962,1,,,0.01,0
C3_n0.01_d000_r02,C3,202619,8.68,8.68,0.0,0.23627138241068624,0.2311614896551543,0.2344633063790337,NEAR,NEAR,0.23107338724193255,1,,,0.01,0
C3_n0.01_d000_r02,C3,202619,8.7,8.7,0.0,0.23733508111746973,0.2391333048671107,0.23563080600105296,NEAR,NEAR,0.22873838799789403,1,,,0.01,0
C3_n0.01_d000_r02,C3,202619,8.72,8.72,0.0,0.2386862292889585,0.2389962248692792,0.2364721607181095,NEAR,NEAR,0.22705567856378095,1,,,0.01,0
C3_n0.01_d000_r02,C3,202619,8.74,8.74,0.0,0.24029416057645836,0.24403834337549207,0.23836370638245513,NEAR,NEAR,0.2232725872350897,1,,,0.01,0
C3_n0.01_d000_r02,C3,202619,8.76,8.76,0.0,0.24212238055058052,0.23316730010831743,0.23706460481392072,NEAR,NEAR,0.22587079037215851,1,,,0.01,0
C3_n0.01_d000_r02,C3,202619,8.78,8.78,0.0,0.24412939499744188,0.24504103914898986,0.23905871339768803,NEAR,NEAR,0.2218825732046239,1,,,0.01,0
C3_n0.01_d000_r02,C3,202619,8.8,8.8,0.0,0.24626965169252724,0.24203645721624567,0.23980314935232744,NEAR,NEAR,0.22039370129534508,1,,,0.01,0
C3_n0.01_d000_r02,C3,202619,8.82,8.82,0.0,0.2484945742772318,0.2393314802316775,0.23968523207216497,NEAR,NEAR,0.22062953585567002,1,,,0.01,0
C3_n0.01_d000_r02,C3,202619,8.84,8.84,0.0,0.2507536647726965,0.23773318891480286,0.23919722128282445,NEAR,NEAR,0.22160555743435106,1,,,0.01,0
C3_n0.01_d000_r02,C3,202619,8.86,8.86,0.0,0.25299564970771604,0.25206596559942607,0.24241440736197487,NEAR,NEAR,0.21517118527605023,1,,,0.01,0
C3_n0.01_d000_r02,C3,202619,8.88,8.88,0.0,0.2551696438476178,0.2656406802447765,0.24822097558267528,NEAR,NEAR,0.2035580488346494,1,,,0.01,0
C3_n0.01_d000_r02,C3,202619,8.9,8.9,0.0,0.2572263051115258,0.2651280884044603,0.2524477537881215,NEAR,NEAR,0.19510449242375694,1,,,0.01,0
C3_n0.01_d000_r02,C3,202619,8.92,8.92,0.0,0.25911895446541905,0.2607026248296422,0.2545114715485017,NEAR,NEAR,0.1909770569029966,1,,,0.01,0
C3_n0.01_d000_r02,C3,202619,8.94,8.94,0.0,0.26080463537331855,0.25790785415130435,0.2553605671992023,NEAR,NEAR,0.18927886560159535,1,,,0.01,0
C3_n0.01_d000_r02,C3,202619,8.96,8.96,0.0,0.2622450887607578,0.2786991532268198,0.26119521370610665,NEAR,NEAR,0.17760957258778665,1,,,0.01,0
C3_n0.01_d000_r02,C3,202619,8.98,8.98,0.0,0.263407621362269,0.2620022380825958,0.261396969800229,NEAR,NEAR,0.177206060399542,1,,,0.01,0
C3_n0.01_d000_r02,C3,202619,9.0,9.0,0.0,0.2642658477444273,0.2643169180384094,0.26212695685977405,NEAR,NEAR,0.17574608628045185,1,,,0.01,0
C3_n0.01_d000_r02,C3,202619,9.02,9.02,0.0,0.264800289163118,0.2693066242215709,0.26392187370022324,NEAR,NEAR,0.17215625259955347,1,,,0.01,0
C3_n0.01_d000_r02,C3,202619,9.04,9.04,0.0,0.2649988156630572,0.2664211955375908,0.26454670415956516,NEAR,NEAR,0.17090659168086964,1,,,0.01,0
C3_n0.01_d000_r02,C3,202619,9.06,9.06,0.0,0.26485692138544975,0.25420533438176895,0.2619613617151161,NEAR,NEAR,0.1760772765697678,1,,,0.01,0
C3_n0.01_d000_r02,C3,202619,9.08,9.08,0.0,0.2643778268352606,0.2661459059394379,0.26300749777119653,NEAR,NEAR,0.1739850044576069,1,,,0.01,0
C3_n0.01_d000_r02,C3,202619,9.1,9.1,0.0,0.2635724057869903,0.27108309475918985,0.26502639701819486,NEAR,NEAR,0.16994720596361024,1,,,0.01,0
C3_n0.01_d000_r02,C3,202619,9.12,9.12,0.0,0.2624589384879372,0.24546802971635798,0.26013680519273563,NEAR,NEAR,0.1797263896145287,1,,,0.01,0
C3_n0.01_d000_r02,C3,202619,9.14,9.14,0.0,0.2610626967603726,0.27612590710596413,0.26413408067104277,NEAR,NEAR,0.17173183865791442,1,,,0.01,0
C3_n0.01_d000_r02,C3,202619,9.16,9.16,0.0,0.25941537041936047,0.22911047912970384,0.255378180285708,NEAR,NEAR,0.1892436394285839,1,,,0.01,0
C3_n0.01_d000_r02,C3,202619,9.18,9.18,0.0,0.2575543480245365,0.24637292180209644,0.25312686566480513,NEAR,NEAR,0.1937462686703897,1,,,0.01,0
C3_n0.01_d000_r02,C3,202619,9.2,9.2,0.0,0.25552186829027024,0.25751773466035077,0.25422458291369154,NEAR,NEAR,0.19155083417261687,1,,,0.01,0
C3_n0.01_d000_r02,C3,202619,9.22,9.22,0.0,0.25336406141424067,0.2532664459397574,0.253985048670208,NEAR,NEAR,0.19202990265958397,1,,,0.01,0
C3_n0.01_d000_r02,C3,202619,9.24,9.24,0.0,0.25112990208291897,0.2582109843395811,0.25504153258755125,NEAR,NEAR,0.18991693482489747,1,,,0.01,0
C3_n0.01_d000_r02,C3,202619,9.26,9.26,0.0,0.24887009791708103,0.26208259773343107,0.2568017988740212,NEAR,NEAR,0.18639640225195753,1,,,0.01,0
C3_n0.01_d000_r02,C3,202619,9.28,9.28,0.0,0.24663593858575936,0.22993791166858296,0.25008582707266164,NEAR,NEAR,0.19982834585467668,1,,,0.01,0
C3_n0.01_d000_r02,C3,202619,9.3,9.3,0.0,0.24447813170972976,0.23797102522680955,0.24705712661119864,NEAR,NEAR,0.20588574677760269,1,,,0.01,0
C3_n0.01_d000_r02,C3,202619,9.32,9.32,0.0,0.24244565197546356,0.25528691760603406,0.2491145743599075,NEAR,NEAR,0.20177085128018496,1,,,0.01,0
C3_n0.01_d000_r02,C3,202619,9.34,9.34,0.0,0.2405846295806395,0.24777472092640987,0.2487796110015331,NEAR,NEAR,0.20244077799693377,1,,,0.01,0
C3_n0.01_d000_r02,C3,202619,9.36,9.36,0.0,0.23893730323962742,0.23824464845974863,0.24614587036608698,NEAR,NEAR,0.207708259267826,1,,,0.01,0
C3_n0.01_d000_r02,C3,202619,9.38,9.38,0.0,0.23754106151206275,0.250982736695311,0.24735508694839298,NEAR,NEAR,0.205289826103214,1,,,0.01,0
C3_n0.01_d000_r02,C3,202619,9.4,9.4,0.0,0.23642759421300968,0.23069203495041904,0.2431893239488995,NEAR,NEAR,0.21362135210220096,1,,,0.01,0
C3_n0.01_d000_r02,C3,202619,9.42,9.42,0.0,0.23562217316473935,0.2286943847198422,0.23956558914163517,NEAR,NEAR,0.2208688217167296,1,,,0.01,0
C3_n0.01_d000_r02,C3,202619,9.44,9.44,0.0,0.23514307861455025,0.21579450284907495,0.23362281756849512,NEAR,NEAR,0.2327543648630097,1,,,0.01,0
C3_n0.01_d000_r02,C3,202619,9.46,9.46,0.0,0.23500118433694275,0.2476817359808683,0.23713754717158841,NEAR,NEAR,0.22572490565682313,1,,,0.01,0
C3_n0.01_d000_r02,C3,202619,9.48,9.48,0.0,0.235199710836882,0.22302190551230633,0.2336086367567679,NEAR,NEAR,0.23278272648646414,1,,,0.01,0
C3_n0.01_d000_r02,C3,202619,9.5,9.5,0.0,0.2357341522555727,0.24086879471014438,0.235423676245112,NEAR,NEAR,0.22915264750977593,1,,,0.01,0
C3_n0.01_d000_r02,C3,202619,9.52,9.52,0.0,0.23659237863773103,0.22733885146749136,0.23340247005070683,NEAR,NEAR,0.2331950598985863,1,,,0.01,0
C3_n0.01_d000_r02,C3,202619,9.54,9.54,0.0,0.2377549112392422,0.23941896765353549,0.23490659445141399,NEAR,NEAR,0.23018681109717198,1,,,0.01,0
C3_n0.01_d000_r02,C3,202619,9.56,9.56,0.0,0.23919536462668142,0.22670149343984528,0.23285531919852182,NEAR,NEAR,0.23428936160295633,1,,,0.01,0
C3_n0.01_d000_r02,C3,202619,9.58,9.58,0.0,0.24088104553458092,0.235964297763948,0.23363256383987835,NEAR,NEAR,0.23273487232024326,1,,,0.01,0
C3_n0.01_d000_r02,C3,202619,9.6,9.6,0.0,0.24277369488847422,0.2542725492662318,0.2387925601964667,NEAR,NEAR,0.22241487960706657,1,,,0.01,0
C3_n0.01_d000_r02,C3,202619,9.62,9.62,0.0,0.24483035615238213,0.24312235515248687,0.23987500893547176,NEAR,NEAR,0.22024998212905644,1,,,0.01,0
C3_n0.01_d000_r02,C3,202619,9.64,9.64,0.0,0.24700435029228393,0.2465375392168568,0.24154064150581803,NEAR,NEAR,0.2169187169883639,1,,,0.01,0
C3_n0.01_d000_r02,C3,202619,9.66,9.66,0.0,0.24924633522730347,0.24453700383261198,0.24228973208751653,NEAR,NEAR,0.2154205358249669,1,,,0.01,0
C3_n0.01_d000_r02,C3,202619,9.68,9.68,0.0,0.2515054257227682,0.2679081887639218,0.24869434625661785,NEAR,NEAR,0.20261130748676426,1,,,0.01,0
C3_n0.01_d000_r02,C3,202619,9.7,9.7,0.0,0.25373034830747276,0.2594667403642552,0.2513874447835272,NEAR,NEAR,0.19722511043294555,1,,,0.01,0
C3_n0.01_d000_r02,C3,202619,9.72,9.72,0.0,0.2558706050025581,0.25544985332156395,0.2524030469180364,NEAR,NEAR,0.19519390616392718,1,,,0.01,0
C3_n0.01_d000_r02,C3,202619,9.74,9.74,0.0,0.25787761944941945,0.2498116665959785,0.2517552018375219,NEAR,NEAR,0.1964895963249561,1,,,0.01,0
C3_n0.01_d000_r02,C3,202619,9.76,9.76,0.0,0.25970583942354164,0.256028551321585,0.2528235392085377,NEAR,NEAR,0.1943529215829246,1,,,0.01,0
C3_n0.01_d000_r02,C3,202619,9.78,9.78,0.0,0.2613137707110415,0.2555557607411995,0.25350659459170316,NEAR,NEAR,0.19298681081659363,1,,,0.01,0
C3_n0.01_d000_r02,C3,202619,9.8,9.8,0.0,0.26266491888253024,0.25502686267322516,0.2538866616120836,NEAR,NEAR,0.19222667677583272,1,,,0.01,0
C3_n0.01_d000_r02,C3,202619,9.82,9.82,0.0,0.26372861758931376,0.24778024262343168,0.25236005686492063,NEAR,NEAR,0.1952798862701587,1,,,0.01,0
C3_n0.01_d000_r02,C3,202619,9.84,9.84,0.0,0.2644807245824991,0.2669158608030978,0.25599900784946494,NEAR,NEAR,0.18800198430107007,1,,,0.01,0
C3_n0.01_d000_r02,C3,202619,9.86,9.86,0.0,0.2649041696578001,0.2675244470583133,0.25888036765167705,NEAR,NEAR,0.18223926469664586,1,,,0.01,0
C3_n0.01_d000_r02,C3,202619,9.88,9.88,0.0,0.26498934208960884,0.2758251166443371,0.26311655489984204,NEAR,NEAR,0.17376689020031588,1,,,0.01,0
C3_n0.01_d000_r02,C3,202619,9.9,9.9,0.0,0.26473430876093035,0.270221161935014,0.26489270665863507,NEAR,NEAR,0.17021458668272982,1,,,0.01,0
C3_n0.01_d000_r02,C3,202619,9.92,9.92,0.0,0.264144858038393,0.2708724928342177,0.2663876532025307,NEAR,NEAR,0.16722469359493852,1,,,0.01,0
C3_n0.01_d000_r02,C3,202619,9.94,9.94,0.0,0.2632343683965243,0.2627652974944375,0.2654820642755074,NEAR,NEAR,0.16903587144898513,1,,,0.01,0
C3_n0.01_d000_r02,C3,202619,9.96,9.96,0.0,0.2620235047730631,0.2702522111183013,0.2666746009862059,NEAR,NEAR,0.1666507980275882,1,,,0.01,0
C3_n0.01_d000_r02,C3,202619,9.98,9.98,0.0,0.2605397495469827,0.2612736579414404,0.2653243652250145,NEAR,NEAR,0.16935126954997093,1,,,0.01,0
C3_n0.01_d000_r02,C3,202619,10.0,10.0,0.0,0.2588167787843871,0.2597305537955603,0.26392591236765095,NEAR,NEAR,0.17214817526469806,1,,,0.01,0
C3_n0.01_d000_r02,C3,202619,10.02,10.02,0.0,0.25689369790932237,0.2661804983049466,0.2644895588519749,NEAR,NEAR,0.17102088229605017,1,,,0.01,0
C3_n0.01_d000_r02,C3,202619,10.04,10.04,0.0,0.25481415414710823,0.2547246002196254,0.2620483191938875,NEAR,NEAR,0.17590336161222497,1,,,0.01,0
C3_n0.01_d000_r02,C3,202619,10.06,10.06,0.0,0.2526253458846291,0.22786429362859636,0.2535023128025647,NEAR,NEAR,0.19299537439487058,1,,,0.01,0
C3_n0.01_d000_r02,C3,202619,10.08,10.08,0.0,0.25037695143165006,0.2536404291435743,0.2535368418878171,NEAR,NEAR,0.19292631622436573,1,,,0.01,0
C3_n0.01_d000_r02,C3,202619,10.1,10.1,0.0,0.24812000149653549,0.22927195327396407,0.24747061973435386,NEAR,NEAR,0.20505876053129224,1,,,0.01,0
C3_n0.01_d000_r02,C3,202619,10.12,10.12,0.0,0.24590572096724023,0.24160813476006865,0.24600499849078256,NEAR,NEAR,0.20799000301843484,1,,,0.01,0
C3_n0.01_d000_r02,C3,202619,10.14,10.14,0.0,0.24378436628510067,0.2391136078821443,0.24428215083862298,NEAR,NEAR,0.211435698322754,1,,,0.01,0
C3_n0.01_d000_r02,C3,202619,10.16,10.16,0.0,0.24180408479898596,0.2291758361899011,0.2405055721764425,NEAR,NEAR,0.21898885564711495,1,,,0.01,0
C3_n0.01_d000_r02,C3,202619,10.18,10.18,0.0,0.24000982198848625,0.23715793100969207,0.23966866188475489,NEAR,NEAR,0.22066267623049018,1,,,0.01,0
C3_n0.01_d000_r02,C3,202619,10.2,10.2,0.0,0.23844230135836322,0.22584827775648703,0.23621356585268793,NEAR,NEAR,0.2275728682946241,1,,,0.01,0
C3_n0.01_d000_r02,C3,202619,10.22,10.22,0.0,0.2371371001570952,0.23111797205929968,0.23493966740434086,NEAR,NEAR,0.23012066519131824,1,,,0.01,0
C3_n0.01_d000_r02,C3,202619,10.24,10.24,0.0,0.23612384189748312,0.2288120387336321,0.23340776023666365,NEAR,NEAR,0.23318447952667265,1,,,0.01,0
C3_n0.01_d000_r02,C3,202619,10.26,10.26,0.0,0.2354255240062799,0.23023298358768168,0.23261406607441815,NEAR,NEAR,0.23477186785116366,1,,,0.01,0
C3_n0.01_d000_r02,C3,202619,10.28,10.28,0.0,0.23505799586285242,0.23143566360220894,0.23231946545636584,NEAR,NEAR,0.23536106908726828,1,,,0.01,0
C3_n0.01_d000_r02,C3,202619,10.3,10.3,0.0,0.23502959907357593,0.23903241406966932,0.23399770260969172,NEAR,NEAR,0.23200459478061652,1,,,0.01,0
C3_n0.01_d000_r02,C3,202619,10.32,10.32,0.0,0.23534097814647711,0.2388370264446671,0.23520753356843555,NEAR,NEAR,0.22958493286312887,1,,,0.01,0
C3_n0.01_d000_r02,C3,202619,10.34,10.34,0.0,0.23598506586315082,0.24104087433307414,0.23666586875959517,NEAR,NEAR,0.22666826248080962,1,,,0.01,0
C3_n0.01_d000_r02,C3,202619,10.36,10.36,0.0,0.23694724367995706,0.21709668652870676,0.23177357320187306,NEAR,NEAR,0.23645285359625384,1,,,0.01,0
C3_n0.01_d000_r02,C3,202619,10.38,10.38,0.0,0.23820567351795077,0.23345916589005633,0.23219497137391887,NEAR,NEAR,0.23561005725216222,1,,,0.01,0
C3_n0.01_d000_r02,C3,202619,10.4,10.4,0.0,0.2397317934110697,0.2476604512723598,0.2360613413485291,NEAR,NEAR,0.22787731730294175,1,,,0.01,0
C3_n0.01_d000_r02,C3,202619,10.42,10.42,0.0,0.24149096576309861,0.2464993105305347,0.23867083364403052,NEAR,NEAR,0.2226583327119389,1,,,0.01,0
C3_n0.01_d000_r02,C3,202619,10.44,10.44,0.0,0.24344326350023596,0.242902136130714,0.2397286592657014,NEAR,NEAR,0.22054268146859718,1,,,0.01,0
C3_n0.01_d000_r02,C3,202619,10.46,10.46,0.0,0.2455443762763446,0.23170943523463036,0.23772385325793363,NEAR,NEAR,0.2245522934841327,1,,,0.01,0
C3_n0.01_d000_r02,C3,202619,10.48,10.48,0.0,0.24774661616318866,0.2492890460995726,0.24061515146834336,NEAR,NEAR,0.21876969706331323,1,,,0.01,0
C3_n0.01_d000_r02,C3,202619,10.5,10.5,0.0,0.25,0.24728247558411354,0.2422819824972859,NEAR,NEAR,0.21543603500542813,1,,,0.01,0
C3_n0.01_d000_r02,C3,202619,10.52,10.52,0.0,0.2522533838368113,0.2579549827982238,0.24620023257252038,NEAR,NEAR,0.2075995348549592,1,,,0.01,0
C3_n0.01_d000_r02,C3,202619,10.54,10.54,0.0,0.2544556237236554,0.24489597555424403,0.2458741683179513,NEAR,NEAR,0.20825166336409734,1,,,0.01,0
C3_n0.01_d000_r02,C3,202619,10.56,10.56,0.0,0.256556736499764,0.2783787803582731,0.25400032132803174,NEAR,NEAR,0.19199935734393647,1,,,0.01,0
C3_n0.01_d000_r02,C3,202619,10.58,10.58,0.0,0.25850903423690136,0.25328378482045527,0.2538211872011376,NEAR,NEAR,0.19235762559772474,1,,,0.01,0
C3_n0.01_d000_r02,C3,202619,10.6,10.6,0.0,0.2602682065889303,0.25273689029102286,0.25355011297360897,NEAR,NEAR,0.19289977405278202,1,,,0.01,0
C3_n0.01_d000_r02,C3,202619,10.62,10.62,0.0,0.2617943264820492,0.24845446667908885,0.2522762013999789,NEAR,NEAR,0.19544759720004212,1,,,0.01,0
C3_n0.01_d000_r02,C3,202619,10.64,10.64,0.0,0.26305275632004294,0.27489049996228315,0.257929776040555,NEAR,NEAR,0.18414044791888995,1,,,0.01,0
C3_n0.01_d000_r02,C3,202619,10.66,10.66,0.0,0.2640149341368492,0.2672592834262699,0.26026215288698373,NEAR,NEAR,0.1794756942260325,1,,,0.01,0
C3_n0.01_d000_r02,C3,202619,10.68,10.68,0.0,0.2646590218535229,0.25025591221980975,0.25776059272019025,NEAR,NEAR,0.18447881455961945,1,,,0.01,0
C3_n0.01_d000_r02,C3,202619,10.7,10.7,0.0,0.26497040092642404,0.2598804904825057,0.25829056716076915,NEAR,NEAR,0.18341886567846166,1,,,0.01,0
C3_n0.01_d000_r02,C3,202619,10.72,10.72,0.0,0.2649420041371476,0.2616809911063211,0.25913817314715715,NEAR,NEAR,0.18172365370568566,1,,,0.01,0
C3_n0.01_d000_r02,C3,202619,10.74,10.74,0.0,0.2645744759937201,0.25951705716324985,0.25923289415118034,NEAR,NEAR,0.18153421169763928,1,,,0.01,0
C3_n0.01_d000_r02,C3,202619,10.76,10.76,0.0,0.26387615810251686,0.25854573401930847,0.25906110411821237,NEAR,NEAR,0.18187779176357521,1,,,0.01,0
C3_n0.01_d000_r02,C3,202619,10.78,10.78,0.0,0.26286289984290484,0.2539644284147798,0.25778693519235424,NEAR,NEAR,0.18442612961529148,1,,,0.01,0
C3_n0.01_d000_r02,C3,202619,10.8,10.8,0.0,0.2615576986416368,0.2683137946706988,0.26041865006194037,NEAR,NEAR,0.1791626998761192,1,,,0.01,0
C3_n0.01_d000_r02,C3,202619,10.82,10.82,0.0,0.25999017801151375,0.2546115604248959,0.2589668776526793,NEAR,NEAR,0.1820662446946414,1,,,0.01,0
C3_n0.01_d000_r02,C3,202619,10.84,10.84,0.0,0.25819591520101404,0.2634854783428015,0.26009652782520987,NEAR,NEAR,0.17980694434958022,1,,,0.01,0
C3_n0.01_d000_r02,C3,202619,10.86,10.86,0.0,0.25621563371489936,0.2715518679462376,0.2629603628554668,NEAR,NEAR,0.17407927428906633,1,,,0.01,0
C3_n0.01_d000_r02,C3,202619,10.88,10.88,0.0,0.2540942790327598,0.2505332829849144,0.2598535928878287,NEAR,NEAR,0.1802928142243425,1,,,0.01,0
C3_n0.01_d000_r02,C3,202619,10.9,10.9,0.0,0.2518799985034645,0.24602827518153442,0.25639726346125513,NEAR,NEAR,0.1872054730774897,1,,,0.01,0
C3_n0.01_d000_r02,C3,202619,10.92,10.92,0.0,0.24962304856834996,0.2561648208240665,0.25633915280195796,NEAR,NEAR,0.18732169439608404,1,,,0.01,0
C3_n0.01_d000_r02,C3,202619,10.94,10.94,0.0,0.24737465411537093,0.2549907529030079,0.25600205282722044,NEAR,NEAR,0.18799589434555908,1,,,0.01,0
C3_n0.01_d000_r02,C3,202619,10.96,10.96,0.0,0.24518584585289174,0.24185620294655227,0.2524655903570534,NEAR,NEAR,0.19506881928589315,1,,,0.01,0
C3_n0.01_d000_r02,C3,202619,10.98,10.98,0.0,0.24310630209067766,0.25040355525313507,0.2519500815810738,NEAR,NEAR,0.19609983683785237,1,,,0.01,0
C3_n0.01_d000_r02,C3,202619,11.0,11.0,0.0,0.24118322121561292,0.247046139241718,0.25072409599623485,NEAR,NEAR,0.19855180800753025,1,,,0.01,0
C3_n0.01_d000_r02,C3,202619,11.02,11.02,0.0,0.2394602504530173,0.23577741216233644,0.24698742503776022,NEAR,NEAR,0.2060251499244795,1,,,0.01,0
C3_n0.01_d000_r02,C3,202619,11.04,11.04,0.0,0.23797649522693692,0.24086875359052937,0.24545775717595253,NEAR,NEAR,0.2090844856480949,1,,,0.01,0
C3_n0.01_d000_r02,C3,202619,11.06,11.06,0.0,0.2367656316034757,0.23676318702389262,0.24328411463793756,NEAR,NEAR,0.21343177072412484,1,,,0.01,0
C3_n0.01_d000_r02,C3,202619,11.08,11.08,0.0,0.23585514196160703,0.23601353557455662,0.24146646987209233,NEAR,NEAR,0.2170670602558153,1,,,0.01,0
C3_n0.01_d000_r02,C3,202619,11.1,11.1,0.0,0.23526569123906968,0.23029559930013993,0.23867375222910425,NEAR,NEAR,0.22265249554179145,1,,,0.01,0
C3_n0.01_d000_r02,C3,202619,11.12,11.12,0.0,0.23501065791039116,0.24766207045741837,0.2409208317861828,NEAR,NEAR,0.21815833642763438,1,,,0.01,0
C3_n0.01_d000_r02,C3,202619,11.14,11.14,0.0,0.23509583034219989,0.22934949212319194,0.23802799687043508,NEAR,NEAR,0.2239440062591298,1,,,0.01,0
C3_n0.01_d000_r02,C3,202619,11.16,11.16,0.0,0.2355192754175009,0.23378396905234716,0.23696698991591308,NEAR,NEAR,0.2260660201681738,1,,,0.01,0
C3_n0.01_d000_r02,C3,202619,11.18,11.18,0.0,0.2362713824106862,0.2229346684736936,0.23345890955535822,NEAR,NEAR,0.2330821808892835,1,,,0.01,0
C3_n0.01_d000_r02,C3,202619,11.2,11.2,0.0,0.23733508111746973,0.24928172412857125,0.23741461319866147,NEAR,NEAR,0.225170773602677,1,,,0.01,0
C3_n0.01_d000_r02,C3,202619,11.22,11.22,0.0,0.23868622928895847,0.2427820949090462,0.23875648362625768,NEAR,NEAR,0.2224870327474846,1,,,0.01,0
C3_n0.01_d000_r02,C3,202619,11.24,11.24,0.0,0.24029416057645833,0.2630533529680715,0.2448307009617111,NEAR,NEAR,0.21033859807657773,1,,,0.01,0
C3_n0.01_d000_r02,C3,202619,11.26,11.26,0.0,0.24212238055058055,0.2405483970327805,0.24376012497947847,NEAR,NEAR,0.21247975004104303,1,,,0.01,0
C3_n0.01_d000_r02,C3,202619,11.28,11.28,0.0,0.2441293949974419,0.2524313893625699,0.24592794107525132,NEAR,NEAR,0.20814411784949732,1,,,0.01,0
C3_n0.01_d000_r02,C3,202619,11.3,11.3,0.0,0.24626965169252724,0.2421052762010075,0.24497227485669038,NEAR,NEAR,0.2100554502866192,1,,,0.01,0
C3_n0.01_d000_r02,C3,202619,11.32,11.32,0.0,0.2484945742772318,0.25164628144929274,0.24664077650484095,NEAR,NEAR,0.20671844699031805,1,,,0.01,0
C3_n0.01_d000_r02,C3,202619,11.34,11.34,0.0,0.25075366477269656,0.24933925916915384,0.24731539717091916,NEAR,NEAR,0.20536920565816164,1,,,0.01,0
C3_n0.01_d000_r02,C3,202619,11.36,11.36,0.0,0.252995649707716,0.24081851714331057,0.245691177164017,NEAR,NEAR,0.20861764567196595,1,,,0.01,0
C3_n0.01_d000_r02,C3,202619,11.38,11.38,0.0,0.2551696438476178,0.24042450486297265,0.2443745090887559,NEAR,NEAR,0.21125098182248814,1,,,0.01,0
C3_n0.01_d000_r02,C3,202619,11.4,11.4,0.0,0.2572263051115258,0.2610423785163823,0.2485414764456625,NEAR,NEAR,0.20291704710867497,1,,,0.01,0
C3_n0.01_d000_r02,C3,202619,11.42,11.42,0.0,0.25911895446541905,0.2620592084072398,0.25192090943605683,NEAR,NEAR,0.1961581811278863,1,,,0.01,0
C3_n0.01_d000_r02,C3,202619,11.44,11.44,0.0,0.26080463537331855,0.26019753474787033,0.2539900657640102,NEAR,NEAR,0.1920198684719796,1,,,0.01,0
C3_n0.01_d000_r02,C3,202619,11.46,11.46,0.0,0.2622450887607578,0.26057941734927403,0.25563740366032617,NEAR,NEAR,0.18872519267934762,1,,,0.01,0
C3_n0.01_d000_r02,C3,202619,11.48,11.48,0.0,0.263407621362269,0.26899675046958077,0.2589772403626398,NEAR,NEAR,0.18204551927472035,1,,,0.01,0
C3_n0.01_d000_r02,C3,202619,11.5,11.5,0.0,0.2642658477444273,0.25156315973843596,0.25712372020658886,NEAR,NEAR,0.18575255958682224,1,,,0.01,0
C3_n0.01_d000_r02,C3,202619,11.52,11.52,0.0,0.264800289163118,0.2508637447670233,0.25555872634669746,NEAR,NEAR,0.18888254730660503,1,,,0.01,0
C3_n0.01_d000_r02,C3,202619,11.54,11.54,0.0,0.2649988156630572,0.2596264637941854,0.25657566070856946,NEAR,NEAR,0.18684867858286103,1,,,0.01,0
C3_n0.01_d000_r02,C3,202619,11.56,11.56,0.0,0.26485692138544975,0.2567948587866214,0.25663046022808245,NEAR,NEAR,0.18673907954383506,1,,,0.01,0
C3_n0.01_d000_r02,C3,202619,11.58,11.58,0.0,0.2643778268352606,0.2642706155747248,0.258540499064743,NEAR,NEAR,0.1829190018705139,1,,,0.01,0
C3_n0.01_d000_r02,C3,202619,11.6,11.6,0.0,0.2635724057869903,0.25813243479534753,0.25843848299739414,NEAR,NEAR,0.18312303400521168,1,,,0.01,0
C3_n0.01_d000_r02,C3,202619,11.62,11.62,0.0,0.2624589384879373,0.26268323055316734,0.25949966988633744,NEAR,NEAR,0.18100066022732508,1,,,0.01,0
C3_n0.01_d000_r02,C3,202619,11.64,11.64,0.0,0.2610626967603726,0.2691280502640911,0.26190676498077586,NEAR,NEAR,0.17618647003844823,1,,,0.01,0
C3_n0.01_d000_r02,C3,202619,11.66,11.66,0.0,0.2594153704193605,0.259508368710874,0.2613071659133004,NEAR,NEAR,0.17738566817339918,1,,,0.01,0
C3_n0.01_d000_r02,C3,202619,11.68,11.68,0.0,0.2575543480245365,0.25983297783965326,0.2609386188948886,NEAR,NEAR,0.17812276221022272,1,,,0.01,0
C3_n0.01_d000_r02,C3,202619,11.7,11.7,0.0,0.25552186829027024,0.24234157964733874,0.25628935908300116,NEAR,NEAR,0.18742128183399764,1,,,0.01,0
C3_n0.01_d000_r02,C3,202619,11.72,11.72,0.0,0.25336406141424067,0.26374799398824905,0.25815401780931313,NEAR,NEAR,0.1836919643813737,1,,,0.01,0
C3_n0.01_d000_r02,C3,202619,11.74,11.74,0.0,0.25112990208291897,0.24101183392132938,0.2538684718373172,NEAR,NEAR,0.19226305632536556,1,,,0.01,0
C3_n0.01_d000_r02,C3,202619,11.76,11.76,0.0,0.24887009791708103,0.2410042321911977,0.25065241192578736,NEAR,NEAR,0.19869517614842525,1,,,0.01,0
C3_n0.01_d000_r02,C3,202619,11.78,11.78,0.0,0.24663593858575936,0.24977474794361665,0.2504329959302447,NEAR,NEAR,0.19913400813951054,1,,,0.01,0
C3_n0.01_d000_r02,C3,202619,11.8,11.8,0.0,0.2444781317097298,0.2370421668476259,0.24708528865959,NEAR,NEAR,0.20582942268081994,1,,,0.01,0
C3_n0.01_d000_r02,C3,202619,11.82,11.82,0.0,0.24244565197546356,0.24811863941164614,0.24734362634760404,NEAR,NEAR,0.20531274730479188,1,,,0.01,0
C3_n0.01_d000_r02,C3,202619,11.84,11.84,0.0,0.2405846295806395,0.2431962799723243,0.2463067897537841,NEAR,NEAR,0.20738642049243178,1,,,0.01,0
C3_n0.01_d000_r02,C3,202619,11.86,11.86,0.0,0.23893730323962745,0.23479025443896634,0.24342765592507964,NEAR,NEAR,0.21314468814984067,1,,,0.01,0
C3_n0.01_d000_r02,C3,202619,11.88,11.88,0.0,0.23754106151206278,0.24322923240689778,0.24337805004553417,NEAR,NEAR,0.2132438999089316,1,,,0.01,0
C3_n0.01_d000_r02,C3,202619,11.9,11.9,0.0,0.23642759421300968,0.24027328141254758,0.24260185788728753,NEAR,NEAR,0.2147962842254249,1,,,0.01,0
C3_n0.01_d000_r02,C3,202619,11.92,11.92,0.0,0.23562217316473938,0.23949872296598437,0.24182607415696175,NEAR,NEAR,0.21634785168607645,1,,,0.01,0
C3_n0.01_d000_r02,C3,202619,11.94,11.94,0.0,0.23514307861455025,0.22804144471019513,0.2383799167952701,NEAR,NEAR,0.22324016640945976,1,,,0.01,0
C3_n0.01_d000_r02,C3,202619,11.96,11.96,0.0,0.23500118433694275,0.23236101570915202,0.2368751915237406,NEAR,NEAR,0.22624961695251877,1,,,0.01,0
C3_n0.01_d000_r02,C3,202619,11.98,11.98,0.0,0.235199710836882,0.2539243136645175,0.24113747205893482,NEAR,NEAR,0.21772505588213031,1,,,0.01,0
C3_n0.01_d000_r02,C3,202619,12.0,12.0,0.0,0.25,0.2569439027150228,0.24508907972295685,NEAR,NEAR,0.20982184055408626,1,,,0.01,0
C3_n0.01_d000_r02,C3,202619,12.02,12.02,0.0,0.25175,0.2413756897513331,0.24416073223005091,NEAR,NEAR,0.21167853553989813,1,,,0.01,0
C3_n0.01_d000_r02,C3,202619,12.04,12.04,0.0,0.25349999999999995,0.2528485734698351,0.24633269253999696,NEAR,NEAR,0.20733461492000604,1,,,0.01,0
C3_n0.01_d000_r02,C3,202619,12.06,12.06,0.0,0.25525000000000003,0.23624646972820926,0.24381113683705005,NEAR,NEAR,0.21237772632589985,1,,,0.01,0
C3_n0.01_d000_r02,C3,202619,12.08,12.08,0.0,0.257,0.24725259648105477,0.24467150174805125,NEAR,NEAR,0.21065699650389746,1,,,0.01,0
C3_n0.01_d000_r02,C3,202619,12.1,12.1,0.0,0.25875,0.27360079049629504,0.25190382393511224,NEAR,NEAR,0.19619235212977548,1,,,0.01,0
C3_n0.01_d000_r02,C3,202619,12.12,12.12,0.0,0.26049999999999995,0.25834263044704536,0.25351352556309553,NEAR,NEAR,0.1929729488738089,1,,,0.01,0
C3_n0.01_d000_r02,C3,202619,12.14,12.14,0.0,0.26225000000000004,0.26510115119319494,0.25641043197062036,NEAR,NEAR,0.18717913605875924,1,,,0.01,0
C3_n0.01_d000_r02,C3,202619,12.16,12.16,0.0,0.264,0.26757977351889867,0.25920276735768993,NEAR,NEAR,0.1815944652846201,1,,,0.01,0
C3_n0.01_d000_r02,C3,202619,12.18,12.18,0.0,0.26575,0.2638495340969605,0.26036445904250755,NEAR,NEAR,0.17927108191498486,1,,,0.01,0
C3_n0.01_d000_r02,C3,202619,12.2,12.2,0.0,0.26749999999999996,0.2780490822048543,0.2647856148330942,NEAR,NEAR,0.17042877033381154,1,,,0.01,0
C3_n0.01_d000_r02,C3,202619,12.22,12.22,0.0,0.26925000000000004,0.2559186859444131,0.2625688826109239,NEAR,NEAR,0.1748622347781521,1,,,0.01,0
C3_n0.01_d000_r02,C3,202619,12.24,12.24,0.0,0.271,0.2663978666316683,0.26352612861611,NEAR,NEAR,0.1729477427677799,1,,,0.01,0
C3_n0.01_d000_r02,C3,202619,12.26,12.26,0.0,0.27275,0.26672397219544536,0.26432558951094387,NEAR,NEAR,0.17134882097811222,1,,,0.01,0
C3_n0.01_d000_r02,C3,202619,12.28,12.28,0.0,0.27449999999999997,0.27353420287640035,0.266627742852308,NEAR,NEAR,0.16674451429538395,1,,,0.01,0
C3_n0.01_d000_r02,C3,202619,12.3,12.3,0.0,0.27625000000000005,0.27650922343745243,0.2690981129985941,NEAR,NEAR,0.16180377400281176,1,,,0.01,0
C3_n0.01_d000_r02,C3,202619,12.32,12.32,0.0,0.278,0.27458734526515705,0.27047042106523483,NEAR,NEAR,0.1590591578695303,1,,,0.01,0
C3_n0.01_d000_r02,C3,202619,12.34,12.34,0.0,0.27975,0.2864519389866057,0.27446580054557757,NEAR,NEAR,0.15106839890884483,1,,,0.01,0
C3_n0.01_d000_r02,C3,202619,12.36,12.36,0.0,0.2815,0.279487151945764,0.2757211383956242,NEAR,NEAR,0.1485577232087516,1,,,0.01,0
C3_n0.01_d000_r02,C3,202619,12.38,12.38,0.0,0.28325000000000006,0.2991962549974563,0.2815899175460822,NEAR,NEAR,0.13682016490783555,1,,,0.01,0
C3_n0.01_d000_r02,C3,202619,12.4,12.4,0.0,0.28500000000000003,0.27738793333960815,0.2805394214944637,NEAR,NEAR,0.13892115701107255,1,,,0.01,0
C3_n0.01_d000_r02,C3,202619,12.42,12.42,0.0,0.28675,0.2631736698095596,0.27619798357323766,NEAR,NEAR,0.14760403285352464,1,,,0.01,0
C3_n0.01_d000_r02,C3,202619,12.44,12.44,0.0,0.2885,0.2984931695576295,0.2817717800693356,NEAR,NEAR,0.13645643986132872,1,,,0.01,0
C3_n0.01_d000_r02,C3,202619,12.46,12.46,0.0,0.29025000000000006,0.29145567061073846,0.28419275270468636,NEAR,NEAR,0.13161449459062724,1,,,0.01,0
C3_n0.01_d000_r02,C3,202619,12.48,12.48,0.0,0.29200000000000004,0.30235910394055265,0.28873434051365293,NEAR,NEAR,0.12253131897269409,1,,,0.01,0
C3_n0.01_d000_r02,C3,202619,12.5,12.5,0.0,0.29375,0.3085654346547319,0.2936921140489227,NEAR,NEAR,0.11261577190215455,1,,,0.01,0
C3_n0.01_d000_r02,C3,202619,12.52,12.52,0.0,0.2955,0.2796883248146908,0.2901911667403647,NEAR,NEAR,0.11961766651927053,1,,,0.01,0
C3_n0.01_d000_r02,C3,202619,12.54,12.54,0.0,0.2972499999999999,0.3108436918023097,0.29535429800585095,NEAR,NEAR,0.10929140398829806,1,,,0.01,0
C3_n0.01_d000_r02,C3,202619,12.56,12.56,0.0,0.29900000000000004,0.31581322951756124,0.3004690308837785,NEAR,NEAR,0.09906193823244291,1,,,0.01,0
C3_n0.01_d000_r02,C3,202619,12.58,12.58,0.0,0.30075,0.31175366941103205,0.3032901905155919,NEAR,NEAR,0.09341961896881612,1,,,0.01,0
C3_n0.01_d000_r02,C3,202619,12.6,12.6,0.0,0.3025,0.2810366353622331,0.2977268017272522,NEAR,NEAR,0.10454639654549558,1,,,0.01,0
C3_n0.01_d000_r02,C3,202619,12.62,12.62,0.0,0.3042499999999999,0.32142121186029,0.30365040426051165,NEAR,NEAR,0.09269919147897665,1,,,0.01,0
C3_n0.01_d000_r02,C3,202619,12.64,12.64,0.0,0.30600000000000005,0.32057018083502764,0.30788034840414064,NEAR,NEAR,0.08423930319171868,1,,,0.01,0
C3_n0.01_d000_r02,C3,202619,12.66,12.66,0.0,0.30775,0.3027561919862646,0.3065993092996716,NEAR,NEAR,0.08680138140065674,1,,,0.01,0
C3_n0.01_d000_r02,C3,202619,12.68,12.68,0.0,0.3095,0.30559028892719076,0.3063470542065514,NEAR,NEAR,0.08730589158689717,1,,,0.01,0
C3_n0.01_d000_r02,C3,202619,12.7,12.7,0.0,0.3112499999999999,0.30292856892447856,0.30549243288603317,NEAR,NEAR,0.08901513422793361,1,,,0.01,0
C3_n0.01_d000_r02,C3,202619,12.72,12.72,0.0,0.31300000000000006,0.3025191187225142,0.30474910434515345,NEAR,NEAR,0.09050179130969305,1,,,0.01,0
C3_n0.01_d000_r02,C3,202619,12.74,12.74,0.0,0.31475000000000003,0.30053128388804107,0.30369464923087536,NEAR,NEAR,0.09261070153824924,1,,,0.01,0
C3_n0.01_d000_r02,C3,202619,12.76,12.76,0.0,0.3165,0.3148758497468805,0.3064899493598766,NEAR,NEAR,0.08702010128024673,1,,,0.01,0
C3_n0.01_d000_r02,C3,202619,12.78,12.78,0.0,0.3182499999999999,0.33883102256621045,0.31457521766146007,NEAR,NEAR,0.07084956467707981,1,,,0.01,0
C3_n0.01_d000_r02,C3,202619,12.8,12.8,0.0,0.32000000000000006,0.3397342996248337,0.32086498815230347,NEAR,NEAR,0.058270023695393025,1,,,0.01,0
C3_n0.01_d000_r02,C3,202619,12.82,12.82,0.0,0.32175000000000004,0.311209167486718,0.3184510329859071,NEAR,NEAR,0.06309793402818575,1,,,0.01,0
C3_n0.01_d000_r02,C3,202619,12.84,12.84,0.0,0.3235,0.31690443924265616,0.31806438455009434,NEAR,NEAR,0.06387123089981128,1,,,0.01,0
C3_n0.01_d000_r02,C3,202619,12.86,12.86,0.0,0.32524999999999993,0.3390845001151551,0.3233194134413595,NEAR,NEAR,0.05336117311728095,1,,,0.01,0
C3_n0.01_d000_r02,C3,202619,12.88,12.88,0.0,0.32700000000000007,0.3357365933424169,0.3264237084166238,NEAR,NEAR,0.047152583166752304,1,,,0.01,0
C3_n0.01_d000_r02,C3,202619,12.9,12.9,0.0,0.32875000000000004,0.34323502138797574,0.3306265366594618,NEAR,NEAR,0.03874692668107638,1,,,0.01,0
C3_n0.01_d000_r02,C3,202619,12.92,12.92,0.0,0.3305,0.3347174257364196,0.33164925892870123,NEAR,NEAR,0.0367014821425975,1,,,0.01,0
C3_n0.01_d000_r02,C3,202619,12.94,12.94,0.0,0.33224999999999993,0.3300716197601621,0.33125484913656644,NEAR,NEAR,0.03749030172686707,1,,,0.01,0
C3_n0.01_d000_r02,C3,202619,12.96,12.96,0.0,0.3340000000000001,0.3374356947483573,0.33280006053951416,NEAR,NEAR,0.03439987892097163,1,,,0.01,0
C3_n0.01_d000_r02,C3,202619,12.98,12.98,0.0,0.33575000000000005,0.3295249496148234,0.3319812828083415,NEAR,NEAR,0.03603743438331697,1,,,0.01,0
C3_n0.01_d000_r02,C3,202619,13.0,13.0,0.0,0.3375,0.33831891379429674,0.3335656905548303,NEAR,NEAR,0.03286861889033932,1,,,0.01,0
C3_n0.01_d000_r02,C3,202619,13.02,13.02,0.0,0.33924999999999994,0.3210603103162894,0.3304393454951951,NEAR,NEAR,0.03912130900960975,1,,,0.01,0
C3_n0.01_d000_r02,C3,202619,13.04,13.04,0.0,0.3409999999999999,0.34224245876060577,0.33339012381154776,NEAR,NEAR,0.03321975237690444,1,,,0.01,0
C3_n0.01_d000_r02,C3,202619,13.06,13.06,0.0,0.34275000000000005,0.34833135926990944,0.33712543267613815,NEAR,NEAR,0.02574913464772366,1,,,0.01,0
C3_n0.01_d000_r02,C3,202619,13.08,13.08,0.0,0.34450000000000003,0.33996243797231523,0.3378346840001824,NEAR,NEAR,0.024330631999635144,1,,,0.01,0
C3_n0.01_d000_r02,C3,202619,13.1,13.1,0.0,0.34624999999999995,0.3376316676359772,0.3377839299091311,NEAR,NEAR,0.024432140181737783,1,,,0.01,0
C3_n0.01_d000_r02,C3,202619,13.12,13.12,0.0,0.3479999999999999,0.3596725609093253,0.3432560876591797,NEAR,NEAR,0.013487824681640559,1,,,0.01,0
C3_n0.01_d000_r02,C3,202619,13.14,13.14,0.0,0.34975000000000006,0.3497065231673367,0.34486869653621893,NEAR,NEAR,0.01026260692756209,1,,,0.01,0
C3_n0.01_d000_r02,C3,202619,13.16,13.16,0.0,0.35150000000000003,0.3558033925882252,0.3476023705492205,FAR,NEAR,0.004795258901558963,1,,,0.01,0
C3_n0.01_d000_r02,C3,202619,13.18,13.18,0.0,0.35324999999999995,0.34638837903694086,0.3472988726711506,FAR,NEAR,0.005402254657698724,1,,,0.01,0
C3_n0.01_d000_r02,C3,202619,13.2,13.2,0.0,0.3549999999999999,0.36110993607752423,0.35075163852274405,FAR,FAR,-0.0015032770454881383,1,EXIT_NEAR,,0.01,0
C3_n0.01_d000_r02,C3,202619,13.22,13.22,0.0,0.35675000000000007,0.34734562506106337,0.3499001351573239,FAR,NEAR,0.00019972968535220126,1,ENTER_NEAR,,0.01,0
C3_n0.01_d000_r02,C3,202619,13.24,13.24,0.0,0.35850000000000004,0.3749332273645129,0.35615840820912115,FAR,FAR,-0.012316816418242338,1,EXIT_NEAR,,0.01,0
C3_n0.01_d000_r02,C3,202619,13.26,13.26,0.0,0.36024999999999996,0.36641447705609137,0.3587224254208637,FAR,FAR,-0.01744485084172742,1,,,0.01,0
C3_n0.01_d000_r02,C3,202619,13.28,13.28,0.0,0.36199999999999993,0.3441472655322616,0.3550786354487132,FAR,FAR,-0.010157270897426462,1,,,0.01,0
C3_n0.01_d000_r02,C3,202619,13.3,13.3,0.0,0.3637500000000001,0.3600192015375895,0.35631377697093225,FAR,FAR,-0.012627553941864544,1,,,0.01,0
C3_n0.01_d000_r02,C3,202619,13.32,13.32,0.0,0.36550000000000005,0.3660672004232056,0.35875213283400065,FAR,FAR,-0.01750426566800134,1,,,0.01,0
C3_n0.01_d000_r02,C3,202619,13.34,13.34,0.0,0.36724999999999997,0.3535886221703311,0.35746125516808325,FAR,FAR,-0.014922510336166539,1,,,0.01,0
C3_n0.01_d000_r02,C3,202619,13.36,13.36,0.0,0.36899999999999994,0.36969965160262636,0.360520854276719,FAR,FAR,-0.02104170855343801,1,,,0.01,0
C3_n0.01_d000_r02,C3,202619,13.38,13.38,0.0,0.3707500000000001,0.36368044774605407,0.36131075264405277,FAR,FAR,-0.02262150528810558,1,,,0.01,0
C3_n0.01_d000_r02,C3,202619,13.4,13.4,0.0,0.37250000000000005,0.37273263331383194,0.3641662228114975,FAR,FAR,-0.028332445622995084,1,,,0.01,0
C3_n0.01_d000_r02,C3,202619,13.42,13.42,0.0,0.37424999999999997,0.37246082639634337,0.366239873707709,FAR,FAR,-0.03247974741541804,1,,,0.01,0
C3_n0.01_d000_r02,C3,202619,13.44,13.44,0.0,0.37599999999999995,0.3679958826196088,0.36667887593568393,FAR,FAR,-0.03335775187136791,1,,,0.01,0
C3_n0.01_d000_r02,C3,202619,13.46,13.46,0.0,0.37775000000000003,0.37736825384032935,0.3693512204118453,FAR,FAR,-0.038702440823690676,1,,,0.01,0
C3_n0.01_d000_r02,C3,202619,13.48,13.48,0.0,0.37950000000000006,0.3604198888097038,0.36711838751131,FAR,FAR,-0.034236775022620014,1,,,0.01,0
C3_n0.01_d000_r02,C3,202619,13.5,13.5,0.0,0.38125,0.3662751828704626,0.36690758635109816,FAR,FAR,-0.03381517270219636,1,,,0.01,0
C3_n0.01_d000_r02,C3,202619,13.52,13.52,0.0,0.38299999999999995,0.3713014772254103,0.3680060590696762,FAR,FAR,-0.036012118139352456,1,,,0.01,0
C3_n0.01_d000_r02,C3,202619,13.54,13.54,0.0,0.3847499999999999,0.39760293053315904,0.3754052769355469,FAR,FAR,-0.0508105538710939,1,,,0.01,0
C3_n0.01_d000_r02,C3,202619,13.56,13.56,0.0,0.38650000000000007,0.3724343778225487,0.3746625521572974,FAR,FAR,-0.0493251043145948,1,,,0.01,0
C3_n0.01_d000_r02,C3,202619,13.58,13.58,0.0,0.38825,0.40232778920455853,0.3815788614191126,FAR,FAR,-0.0631577228382253,1,,,0.01,0
C3_n0.01_d000_r02,C3,202619,13.6,13.6,0.0,0.38999999999999996,0.39651904616997274,0.38531390760682765,FAR,FAR,-0.07062781521365535,1,,,0.01,0
C3_n0.01_d000_r02,C3,202619,13.62,13.62,0.0,0.39174999999999993,0.4112252161133988,0.3917917347334704,FAR,FAR,-0.08358346946694084,1,,,0.01,0
C3_n0.01_d000_r02,C3,202619,13.64,13.64,0.0,0.39350000000000007,0.38203828270762596,0.38935337172700923,FAR,FAR,-0.07870674345401851,1,,,0.01,0
C3_n0.01_d000_r02,C3,202619,13.66,13.66,0.0,0.39525,0.38686404757054454,0.38873104068789305,FAR,FAR,-0.07746208137578614,1,,,0.01,0
C3_n0.01_d000_r02,C3,202619,13.68,13.68,0.0,0.39699999999999996,0.40831220568804716,0.3936263319379316,FAR,FAR,-0.08725266387586328,1,,,0.01,0
C3_n0.01_d000_r02,C3,202619,13.7,13.7,0.0,0.39874999999999994,0.3951170265833714,0.3939990055992916,FAR,FAR,-0.08799801119858319,1,,,0.01,0
C3_n0.01_d000_r02,C3,202619,13.72,13.72,0.0,0.4005000000000001,0.39964672968295106,0.39541093662020643,FAR,FAR,-0.09082187324041291,1,,,0.01,0
C3_n0.01_d000_r02,C3,202619,13.74,13.74,0.0,0.40225,0.4085717426343958,0.3987011381237538,FAR,FAR,-0.09740227624750764,1,,,0.01,0
C3_n0.01_d000_r02,C3,202619,13.76,13.76,0.0,0.40399999999999997,0.39822899391377337,0.3985831020712587,FAR,FAR,-0.09716620414251742,1,,,0.01,0
C3_n0.01_d000_r02,C3,202619,13.78,13.78,0.0,0.40574999999999994,0.4111864224493806,0.4017339321657892,FAR,FAR,-0.1034678643315784,1,,,0.01,0
C3_n0.01_d000_r02,C3,202619,13.8,13.8,0.0,0.4075000000000001,0.4043368079369962,0.40238465110859095,FAR,FAR,-0.10476930221718195,1,,,0.01,0
C3_n0.01_d000_r02,C3,202619,13.82,13.82,0.0,0.40925,0.40514512709845424,0.4030747701060568,FAR,FAR,-0.10614954021211365,1,,,0.01,0
C3_n0.01_d000_r02,C3,202619,13.84,13.84,0.0,0.411,0.40828663060621967,0.4043777352310975,FAR,FAR,-0.10875547046219503,1,,,0.01,0
C3_n0.01_d000_r02,C3,202619,13.86,13.86,0.0,0.41274999999999995,0.40405771348194813,0.4042977297938101,FAR,FAR,-0.10859545958762029,1,,,0.01,0
C3_n0.01_d000_r02,C3,202619,13.88,13.88,0.0,0.4145000000000001,0.4265244200102415,0.4098544023479179,FAR,FAR,-0.11970880469583589,1,,,0.01,0
C3_n0.01_d000_r02,C3,202619,13.9,13.9,0.0,0.41625,0.4243160705109724,0.41346981938868155,FAR,FAR,-0.12693963877736314,1,,,0.01,0
C3_n0.01_d000_r02,C3,202619,13.92,13.92,0.0,0.418,0.4139103548809077,0.41357995326173813,FAR,FAR,-0.1271599065234763,1,,,0.01,0
C3_n0.01_d000_r02,C3,202619,13.94,13.94,0.0,0.41974999999999996,0.42356343541172076,0.4160758237992338,FAR,FAR,-0.13215164759846765,1,,,0.01,0
C3_n0.01_d000_r02,C3,202619,13.96,13.96,0.0,0.4215000000000001,0.43075166733752507,0.4197447846838066,FAR,FAR,-0.13948956936761325,1,,,0.01,0
C3_n0.01_d000_r02,C3,202619,13.98,13.98,0.0,0.42325,0.4166296874805927,0.4189660103830032,FAR,FAR,-0.1379320207660064,1,,,0.01,0
C3_n0.01_d000_r02,C3,202619,14.0,14.0,0.0,0.425,0.4365830286610487,0.4233702649525146,FAR,FAR,-0.14674052990502928,1,,,0.01,0
C3_n0.01_d000_r02,C3,202619,14.02,14.02,0.0,0.42674999999999996,0.42255773041006683,0.42316713131690264,FAR,FAR,-0.14633426263380533,1,,,0.01,0
C3_n0.01_d000_r02,C3,202619,14.04,14.04,0.0,0.4284999999999999,0.4207886563173274,0.4225725125670089,FAR,FAR,-0.14514502513401784,1,,,0.01,0
C3_n0.01_d000_r02,C3,202619,14.06,14.06,0.0,0.43025,0.45804185375957385,0.4314398478651501,FAR,FAR,-0.16287969573030026,1,,,0.01,0
C3_n0.01_d000_r02,C3,202619,14.08,14.08,0.0,0.432,0.42165056053320504,0.4289925260321638,FAR,FAR,-0.15798505206432767,1,,,0.01,0
C3_n0.01_d000_r02,C3,202619,14.1,14.1,0.0,0.43374999999999997,0.43695535354075093,0.43098323290931057,FAR,FAR,-0.16196646581862117,1,,,0.01,0
C3_n0.01_d000_r02,C3,202619,14.12,14.12,0.0,0.4354999999999999,0.4473174498768128,0.43506678715118613,FAR,FAR,-0.1701335743023723,1,,,0.01,0
C3_n0.01_d000_r02,C3,202619,14.14,14.14,0.0,0.43725,0.43613800143451464,0.43533459072201824,FAR,FAR,-0.17066918144403653,1,,,0.01,0
C3_n0.01_d000_r02,C3,202619,14.16,14.16,0.0,0.439,0.43882747829967056,0.4362078126164313,FAR,FAR,-0.1724156252328627,1,,,0.01,0
C3_n0.01_d000_r02,C3,202619,14.18,14.18,0.0,0.44075,0.42873983513146346,0.4343408182451894,FAR,FAR,-0.16868163649037882,1,,,0.01,0
C3_n0.01_d000_r02,C3,202619,14.2,14.2,0.0,0.4424999999999999,0.4332043803284245,0.43405670876599817,FAR,FAR,-0.16811341753199638,1,,,0.01,0
C3_n0.01_d000_r02,C3,202619,14.22,14.22,0.0,0.44425000000000003,0.4370057036315471,0.4347939574823854,FAR,FAR,-0.16958791496477088,1,,,0.01,0
C3_n0.01_d000_r02,C3,202619,14.24,14.24,0.0,0.446,0.4602750351238084,0.44116422689274115,FAR,FAR,-0.18232845378548235,1,,,0.01,0
C3_n0.01_d000_r02,C3,202619,14.26,14.26,0.0,0.44775,0.464493103770409,0.4469964461121581,FAR,FAR,-0.19399289222431626,1,,,0.01,0
C3_n0.01_d000_r02,C3,202619,14.28,14.28,0.0,0.4494999999999999,0.46760774804617633,0.45214927159566265,FAR,FAR,-0.20429854319132534,1,,,0.01,0
C3_n0.01_d000_r02,C3,202619,14.3,14.3,0.0,0.45125000000000004,0.44991388460748555,0.45159042484861833,FAR,FAR,-0.2031808496972367,1,,,0.01,0
C3_n0.01_d000_r02,C3,202619,14.32,14.32,0.0,0.453,0.4499590691620212,0.451182585926969,FAR,FAR,-0.2023651718539381,1,,,0.01,0
C3_n0.01_d000_r02,C3,202619,14.34,14.34,0.0,0.45475,0.4465363101798946,0.4500210169902005,FAR,FAR,-0.200042033980401,1,,,0.01,0
C3_n0.01_d000_r02,C3,202619,14.36,14.36,0.0,0.4564999999999999,0.4599359236337171,0.45249974365107964,FAR,FAR,-0.20499948730215933,1,,,0.01,0
C3_n0.01_d000_r02,C3,202619,14.38,14.38,0.0,0.45825000000000005,0.4628199317320197,0.45507979067131465,FAR,FAR,-0.21015958134262935,1,,,0.01,0
C3_n0.01_d000_r02,C3,202619,14.4,14.4,0.0,0.46,0.46051477444729355,0.45643853661530936,FAR,FAR,-0.21287707323061877,1,,,0.01,0
C3_n0.01_d000_r02,C3,202619,14.42,14.42,0.0,0.46175,0.4620174867760733,0.45783327415550035,FAR,FAR,-0.21566654831100074,1,,,0.01,0
C3_n0.01_d000_r02,C3,202619,14.44,14.44,0.0,0.4634999999999999,0.4634382019269454,0.4592345060983616,FAR,FAR,-0.2184690121967232,1,,,0.01,0
C3_n0.01_d000_r02,C3,202619,14.46,14.46,0.0,0.46525000000000005,0.4562931436412528,0.45849916548408437,FAR,FAR,-0.21699833096816878,1,,,0.01,0
C3_n0.01_d000_r02,C3,202619,14.48,14.48,0.0,0.467,0.46276495309478094,0.4595656123867585,FAR,FAR,-0.2191312247735171,1,,,0.01,0
C3_n0.01_d000_r02,C3,202619,14.5,14.5,0.0,0.46875,0.46407108605741965,0.46069198080442375,FAR,FAR,-0.22138396160884755,1,,,0.01,0
C3_n0.01_d000_r02,C3,202619,14.52,14.52,0.0,0.4704999999999999,0.4792065486322023,0.46532062276136843,FAR,FAR,-0.2306412455227369,1,,,0.01,0
C3_n0.01_d000_r02,C3,202619,14.54,14.54,0.0,0.47224999999999995,0.47710318047982325,0.4682662621909821,FAR,FAR,-0.23653252438196426,1,,,0.01,0
C3_n0.01_d000_r02,C3,202619,14.56,14.56,0.0,0.47400000000000003,0.4655051533082205,0.46757598497029174,FAR,FAR,-0.23515196994058352,1,,,0.01,0
C3_n0.01_d000_r02,C3,202619,14.58,14.58,0.0,0.47575,0.4677180987181735,0.4676115134072622,FAR,FAR,-0.23522302681452445,1,,,0.01,0
C3_n0.01_d000_r02,C3,202619,14.6,14.6,0.0,0.4774999999999999,0.4793521813243721,0.4705466803865397,FAR,FAR,-0.2410933607730794,1,,,0.01,0
C3_n0.01_d000_r02,C3,202619,14.62,14.62,0.0,0.47924999999999995,0.481064791040858,0.4731762080501193,FAR,FAR,-0.2463524161002386,1,,,0.01,0
C3_n0.01_d000_r02,C3,202619,14.64,14.64,0.0,0.48100000000000004,0.47682355327616277,0.4740880443566301,FAR,FAR,-0.24817608871326025,1,,,0.01,0
C3_n0.01_d000_r02,C3,202619,14.66,14.66,0.0,0.48275,0.48278948456074683,0.4762634044076593,FAR,FAR,-0.25252680881531864,1,,,0.01,0
C3_n0.01_d000_r02,C3,202619,14.68,14.68,0.0,0.48449999999999993,0.5174429401518437,0.4865582883437054,FAR,FAR,-0.27311657668741085,1,,,0.01,0
C3_n0.01_d000_r02,C3,202619,14.7,14.7,0.0,0.48624999999999996,0.4677989622775372,0.48186845682716334,FAR,FAR,-0.2637369136543267,1,,,0.01,0
C3_n0.01_d000_r02,C3,202619,14.72,14.72,0.0,0.48800000000000004,0.47400992926586094,0.4799038249368377,FAR,FAR,-0.25980764987367544,1,,,0.01,0
C3_n0.01_d000_r02,C3,202619,14.74,14.74,0.0,0.48975,0.49166263637101204,0.4828435277953813,FAR,FAR,-0.26568705559076267,1,,,0.01,0
C3_n0.01_d000_r02,C3,202619,14.76,14.76,0.0,0.49149999999999994,0.4772123191226686,0.48143572562720316,FAR,FAR,-0.26287145125440636,1,,,0.01,0
C3_n0.01_d000_r02,C3,202619,14.78,14.78,0.0,0.49324999999999997,0.5028069133456956,0.4867785225568263,FAR,FAR,-0.27355704511365264,1,,,0.01,0
C3_n0.01_d000_r02,C3,202619,14.8,14.8,0.0,0.49500000000000005,0.5025758903797211,0.49072786451254996,FAR,FAR,-0.28145572902509997,1,,,0.01,0
C3_n0.01_d000_r02,C3,202619,14.82,14.82,0.0,0.49675,0.4850454467129473,0.4893072600626493,FAR,FAR,-0.27861452012529864,1,,,0.01,0
C3_n0.01_d000_r02,C3,202619,14.84,14.84,0.0,0.49849999999999994,0.49617693679643876,0.49102467924609666,FAR,FAR,-0.28204935849219337,1,,,0.01,0
C3_n0.01_d000_r02,C3,202619,14.86,14.86,0.0,0.5002499999999999,0.49318414014254486,0.4915645444702087,FAR,FAR,-0.28312908894041744,1,,,0.01,0
C3_n0.01_d000_r02,C3,202619,14.88,14.88,0.0,0.502,0.5039529816730537,0.4946616537709199,FAR,FAR,-0.2893233075418399,1,,,0.01,0
C3_n0.01_d000_r02,C3,202619,14.9,14.9,0.0,0.50375,0.5145636241509859,0.4996371463659364,FAR,FAR,-0.2992742927318729,1,,,0.01,0
C3_n0.01_d000_r02,C3,202619,14.92,14.92,0.0,0.5055000000000001,0.4926583502672165,0.4978924473412565,FAR,FAR,-0.295784894682513,1,,,0.01,0
C3_n0.01_d000_r02,C3,202619,14.94,14.94,0.0,0.50725,0.5239473686105213,0.5044061776585727,FAR,FAR,-0.30881235531714535,1,,,0.01,0
C3_n0.01_d000_r02,C3,202619,14.96,14.96,0.0,0.5090000000000001,0.5130521161416239,0.5065676622793355,FAR,FAR,-0.313135324558671,1,,,0.01,0
C3_n0.01_d000_r02,C3,202619,14.98,14.98,0.0,0.51075,0.518679910665363,0.5095957243758424,FAR,FAR,-0.3191914487516849,1,,,0.01,0
C3_n0.01_d000_r02,C3,202619,15.0,15.0,0.0,0.5125,0.5141656401941106,0.5107382033304095,FAR,FAR,-0.3214764066608191,1,,,0.01,0
C3_n0.01_d000_r02,C3,202619,15.02,15.02,0.0,0.5142499999999999,0.5179001472475462,0.5125286893096936,FAR,FAR,-0.3250573786193873,1,,,0.01,0
C3_n0.01_d000_r02,C3,202619,15.04,15.04,0.0,0.5159999999999999,0.5049741883837505,0.5106400640782078,FAR,FAR,-0.3212801281564157,1,,,0.01,0
C3_n0.01_d000_r02,C3,202619,15.06,15.06,0.0,0.51775,0.5215565125155883,0.513369176187553,FAR,FAR,-0.32673835237510596,1,,,0.01,0
C3_n0.01_d000_r02,C3,202619,15.08,15.08,0.0,0.5195,0.5005704590717759,0.5101694969086087,FAR,FAR,-0.3203389938172174,1,,,0.01,0
C3_n0.01_d000_r02,C3,202619,15.1,15.1,0.0,0.52125,0.52387557852293,0.513596017312189,FAR,FAR,-0.32719203462437796,1,,,0.01,0
C3_n0.01_d000_r02,C3,202619,15.12,15.12,0.0,0.5229999999999999,0.5286641237396084,0.5173630439190438,FAR,FAR,-0.33472608783808755,1,,,0.01,0
C3_n0.01_d000_r02,C3,202619,15.14,15.14,0.0,0.52475,0.5178163084452173,0.5174763600505872,FAR,FAR,-0.3349527201011744,1,,,0.01,0
C3_n0.01_d000_r02,C3,202619,15.16,15.16,0.0,0.5265,0.5284168294603209,0.5202114774030207,FAR,FAR,-0.34042295480604134,1,,,0.01,0
C3_n0.01_d000_r02,C3,202619,15.18,15.18,0.0,0.5282499999999999,0.5371670844894437,0.5244503791746264,FAR,FAR,-0.34890075834925294,1,,,0.01,0
C3_n0.01_d000_r02,C3,202619,15.2,15.2,0.0,0.5299999999999999,0.5400076093653656,0.5283396867223112,FAR,FAR,-0.3566793734446225,1,,,0.01,0
C3_n0.01_d000_r02,C3,202619,15.22,15.22,0.0,0.5317500000000001,0.5404421636145614,0.5313653059453738,FAR,FAR,-0.3627306118907476,1,,,0.01,0
C3_n0.01_d000_r02,C3,202619,15.24,15.24,0.0,0.5335,0.5374275931870961,0.5328808777558044,FAR,FAR,-0.36576175551160883,1,,,0.01,0
C3_n0.01_d000_r02,C3,202619,15.26,15.26,0.0,0.53525,0.5371637521265306,0.5339515963484859,FAR,FAR,-0.3679031926969718,1,,,0.01,0
C3_n0.01_d000_r02,C3,202619,15.28,15.28,0.0,0.5369999999999999,0.5402398075923937,0.5355236491594628,FAR,FAR,-0.3710472983189257,1,,,0.01,0
C3_n0.01_d000_r02,C3,202619,15.3,15.3,0.0,0.5387500000000001,0.5323159786479266,0.5347217315315788,FAR,FAR,-0.36944346306315756,1,,,0.01,0
C3_n0.01_d000_r02,C3,202619,15.32,15.32,0.0,0.5405,0.5511363808560857,0.5388253938627056,FAR,FAR,-0.37765078772541116,1,,,0.01,0
C3_n0.01_d000_r02,C3,202619,15.34,15.34,0.0,0.5422499999999999,0.545338456378202,0.5404536594915796,FAR,FAR,-0.3809073189831593,1,,,0.01,0
C3_n0.01_d000_r02,C3,202619,15.36,15.36,0.0,0.5439999999999999,0.5189648006369124,0.5350814447779129,FAR,FAR,-0.37016288955582577,1,,,0.01,0
C3_n0.01_d000_r02,C3,202619,15.38,15.38,0.0,0.5457500000000001,0.5527941780651934,0.539509628099733,FAR,FAR,-0.3790192561994661,1,,,0.01,0
C3_n0.01_d000_r02,C3,202619,15.4,15.4,0.0,0.5475,0.5484191521390424,0.5417370091095604,FAR,FAR,-0.38347401821912075,1,,,0.01,0
C3_n0.01_d000_r02,C3,202619,15.42,15.42,0.0,0.54925,0.5522178668997604,0.5443572235571104,FAR,FAR,-0.38871444711422076,1,,,0.01,0
C3_n0.01_d000_r02,C3,202619,15.44,15.44,0.0,0.5509999999999999,0.5573737818281992,0.5476113631248826,FAR,FAR,-0.3952227262497652,1,,,0.01,0
C3_n0.01_d000_r02,C3,202619,15.46,15.46,0.0,0.5527500000000001,0.5446289144707135,0.5468657509613404,FAR,FAR,-0.3937315019226808,1,,,0.01,0
C3_n0.01_d000_r02,C3,202619,15.48,15.48,0.0,0.5545,0.5512998010991179,0.5479742634957847,FAR,FAR,-0.39594852699156946,1,,,0.01,0
C3_n0.01_d000_r02,C3,202619,15.5,15.5,0.0,0.5562499999999999,0.5584060078237678,0.5505821995777804,FAR,FAR,-0.4011643991555609,1,,,0.01,0
C3_n0.01_d000_r02,C3,202619,15.52,15.52,0.0,0.5579999999999999,0.5420324313145931,0.5484447575119836,FAR,FAR,-0.3968895150239673,1,,,0.01,0
C3_n0.01_d000_r02,C3,202619,15.54,15.54,0.0,0.55975,0.5716030470469298,0.5542343298957202,FAR,FAR,-0.4084686597914404,1,,,0.01,0
C3_n0.01_d000_r02,C3,202619,15.56,15.56,0.0,0.5615,0.5622179159807625,0.5562302264169807,FAR,FAR,-0.4124604528339615,1,,,0.01,0
C3_n0.01_d000_r02,C3,202619,15.58,15.58,0.0,0.56325,0.567575280806495,0.5590664900143593,FAR,FAR,-0.41813298002871857,1,,,0.01,0
C3_n0.01_d000_r02,C3,202619,15.6,15.6,0.0,0.565,0.5767925065346288,0.5634979941444266,FAR,FAR,-0.4269959882888532,1,,,0.01,0
C3_n0.01_d000_r02,C3,202619,15.62,15.62,0.0,0.5667499999999999,0.5757466856945572,0.5665601670319592,FAR,FAR,-0.4331203340639185,1,,,0.01,0
C3_n0.01_d000_r02,C3,202619,15.64,15.64,0.0,0.5685,0.5825612708244783,0.570560442980089,FAR,FAR,-0.44112088596017807,1,,,0.01,0
C3_n0.01_d000_r02,C3,202619,15.66,15.66,0.0,0.5702499999999999,0.5708215819923048,0.570625727733143,FAR,FAR,-0.4412514554662861,1,,,0.01,0
C3_n0.01_d000_r02,C3,202619,15.68,15.68,0.0,0.572,0.5769812100197387,0.5722145983047919,FAR,FAR,-0.4444291966095839,1,,,0.01,0
C3_n0.01_d000_r02,C3,202619,15.7,15.7,0.0,0.57375,0.5535059700521168,0.5675374412416232,FAR,FAR,-0.43507488248324644,1,,,0.01,0
C3_n0.01_d000_r02,C3,202619,15.72,15.72,0.0,0.5755,0.5691009712687138,0.5679283237483959,FAR,FAR,-0.43585664749679176,1,,,0.01,0
C3_n0.01_d000_r02,C3,202619,15.74,15.74,0.0,0.57725,0.5856010910256866,0.5723465155677185,FAR,FAR,-0.4446930311354371,1,,,0.01,0
C3_n0.01_d000_r02,C3,202619,15.76,15.76,0.0,0.579,0.5962410671565045,0.578320153464915,FAR,FAR,-0.45664030692983015,1,,,0.01,0
C3_n0.01_d000_r02,C3,202619,15.78,15.78,0.0,0.5807499999999999,0.5808507352576899,0.5789527989131087,FAR,FAR,-0.4579055978262174,1,,,0.01,0
C3_n0.01_d000_r02,C3,202619,15.8,15.8,0.0,0.5825,0.5880755081156378,0.581233476213741,FAR,FAR,-0.46246695242748204,1,,,0.01,0
C3_n0.01_d000_r02,C3,202619,15.82,15.82,0.0,0.5842499999999999,0.5589467647145222,0.5756617983389363,FAR,FAR,-0.4513235966778726,1,,,0.01,0
C3_n0.01_d000_r02,C3,202619,15.84,15.84,0.0,0.586,0.5934553171734109,0.5801101780475549,FAR,FAR,-0.4602203560951099,1,,,0.01,0
C3_n0.01_d000_r02,C3,202619,15.86,15.86,0.0,0.58775,0.5788116991128763,0.5797855583138853,FAR,FAR,-0.4595711166277707,1,,,0.01,0
C3_n0.01_d000_r02,C3,202619,15.88,15.88,0.0,0.5895,0.568320588701959,0.5769193159109037,FAR,FAR,-0.4538386318218075,1,,,0.01,0
C3_n0.01_d000_r02,C3,202619,15.9,15.9,0.0,0.59125,0.5840543237581967,0.578703067872727,FAR,FAR,-0.45740613574545397,1,,,0.01,0
C3_n0.01_d000_r02,C3,202619,15.92,15.92,0.0,0.593,0.6139399990844868,0.587512300675667,FAR,FAR,-0.47502460135133395,1,,,0.01,0
C3_n0.01_d000_r02,C3,202619,15.94,15.94,0.0,0.5947499999999999,0.5916259120100602,0.5885407035092654,FAR,FAR,-0.47708140701853075,1,,,0.01,0
C3_n0.01_d000_r02,C3,202619,15.96,15.96,0.0,0.5965,0.5914138846324376,0.5892589987900584,FAR,FAR,-0.4785179975801168,1,,,0.01,0
C3_n0.01_d000_r02,C3,202619,15.98,15.98,0.0,0.59825,0.5876027227434539,0.5888449297784073,FAR,FAR,-0.47768985955681464,1,,,0.01,0
C3_n0.01_d000_r02,C3,202619,16.0,16.0,0.0,0.6,0.5941130879046448,0.5901619693099667,FAR,FAR,-0.4803239386199334,1,,,0.01,0
C3_n0.01_d000_r02,C3,202619,16.02,16.02,0.0,0.6,0.5845198361106588,0.5887514360101397,FAR,FAR,-0.4775028720202794,1,,,0.01,0
C3_n0.01_d000_r02,C3,202619,16.04,16.04,0.0,0.6,0.6048225133188099,0.5927692053373073,FAR,FAR,-0.48553841067461456,1,,,0.01,0
C3_n0.01_d000_r02,C3,202619,16.06,16.06,0.0,0.6,0.6003595369107203,0.5946667882306605,FAR,FAR,-0.48933357646132114,1,,,0.01,0
C3_n0.01_d000_r02,C3,202619,16.08,16.08,0.0,0.6,0.6142297384856664,0.599557525794412,FAR,FAR,-0.4991150515888241,1,,,0.01,0
C3_n0.01_d000_r02,C3,202619,16.1,16.1,0.0,0.6,0.6004805720037486,0.5997882873467462,FAR,FAR,-0.49957657469349237,1,,,0.01,0
C3_n0.01_d000_r02,C3,202619,16.12,16.12,0.0,0.6,0.6005740480056644,0.5999847275114757,FAR,FAR,-0.4999694550229514,1,,,0.01,0
C3_n0.01_d000_r02,C3,202619,16.14,16.14,0.0,0.6,0.5953272741625519,0.5988203641742448,FAR,FAR,-0.4976407283484896,1,,,0.01,0
C3_n0.01_d000_r02,C3,202619,16.16,16.16,0.0,0.6,0.5994859561911625,0.5989867621784741,FAR,FAR,-0.4979735243569483,1,,,0.01,0
C3_n0.01_d000_r02,C3,202619,16.18,16.18,0.0,0.6,0.604284497262216,0.6003111959494096,FAR,FAR,-0.5006223918988193,1,,,0.01,0
C3_n0.01_d000_r02,C3,202619,16.2,16.2,0.0,0.6,0.5985305186007076,0.5998660266122341,FAR,FAR,-0.49973205322446823,1,,,0.01,0
C3_n0.01_d000_r02,C3,202619,16.22,16.22,0.0,0.6,0.5844619199218515,0.5960149999396385,FAR,FAR,-0.492029999879277,1,,,0.01,0
C3_n0.01_d000_r02,C3,202619,16.24,16.24,0.0,0.6,0.6027637783480626,0.5977021945417444,FAR,FAR,-0.49540438908348894,1,,,0.01,0
C3_n0.01_d000_r02,C3,202619,16.26,16.26,0.0,0.6,0.6095834086873966,0.6006724980781575,FAR,FAR,-0.501344996156315,1,,,0.01,0
C3_n0.01_d000_r02,C3,202619,16.28,16.28,0.0,0.6,0.6011071144312574,0.6007811521664325,FAR,FAR,-0.501562304332865,1,,,0.01,0
C3_n0.01_d000_r02,C3,202619,16.3,16.3,0.0,0.6,0.5954266701742342,0.5994425316683829,FAR,FAR,-0.49888506333676585,1,,,0.01,0
C3_n0.01_d000_r02,C3,202619,16.32,16.32,0.0,0.6,0.5861381950617337,0.5961164475167207,FAR,FAR,-0.49223289503344136,1,,,0.01,0
C3_n0.01_d000_r02,C3,202619,16.34,16.34,0.0,0.6,0.5850737892832928,0.5933557829583637,FAR,FAR,-0.4867115659167274,1,,,0.01,0
C3_n0.01_d000_r02,C3,202619,16.36,16.36,0.0,0.6,0.6050658146222619,0.5962832908743382,FAR,FAR,-0.4925665817486764,1,,,0.01,0
C3_n0.01_d000_r02,C3,202619,16.38,16.38,0.0,0.6,0.59860307622508,0.5968632372120237,FAR,FAR,-0.4937264744240475,1,,,0.01,0
C3_n0.01_d000_r02,C3,202619,16.4,16.4,0.0,0.6,0.5812835044858746,0.5929683040304865,FAR,FAR,-0.48593660806097305,1,,,0.01,0
C3_n0.01_d000_r02,C3,202619,16.42,16.42,0.0,0.6,0.5861833848257074,0.5912720742292917,FAR,FAR,-0.4825441484585835,1,,,0.01,0
C3_n0.01_d000_r02,C3,202619,16.44,16.44,0.0,0.6,0.5916226708600896,0.5913597233869912,FAR,FAR,-0.4827194467739824,1,,,0.01,0
C3_n0.01_d000_r02,C3,202619,16.46,16.46,0.0,0.6,0.6100094800187377,0.5960221625449278,FAR,FAR,-0.4920443250898556,1,,,0.01,0
C3_n0.01_d000_r02,C3,202619,16.48,16.48,0.0,0.6,0.5949934147012924,0.595764975584019,FAR,FAR,-0.491529951168038,1,,,0.01,0
C3_n0.01_d000_r02,C3,202619,16.5,16.5,0.0,0.6,0.6053915635610547,0.5981716225782779,FAR,FAR,-0.4963432451565559,1,,,0.01,0
C3_n0.01_d000_r02,C3,202619,16.52,16.52,0.0,0.6,0.6003613258105635,0.5987190483863493,FAR,FAR,-0.49743809677269857,1,,,0.01,0
C3_n0.01_d000_r02,C3,202619,16.54,16.54,0.0,0.6,0.6120049569955848,0.6020405255386582,FAR,FAR,-0.5040810510773164,1,,,0.01,0
C3_n0.01_d000_r02,C3,202619,16.56,16.56,0.0,0.6,0.5897158464766465,0.5989593557731553,FAR,FAR,-0.4979187115463106,1,,,0.01,0
C3_n0.01_d000_r02,C3,202619,16.58,16.58,0.0,0.6,0.6124956366445778,0.602343425991011,FAR,FAR,-0.504686851982022,1,,,0.01,0
C3_n0.01_d000_r02,C3,202619,16.6,16.6,0.0,0.6,0.5977139720803339,0.6011860625133417,FAR,FAR,-0.5023721250266835,1,,,0.01,0
C3_n0.01_d000_r02,C3,202619,16.62,16.62,0.0,0.6,0.5956312202287906,0.599797351942204,FAR,FAR,-0.49959470388440796,1,,,0.01,0
C3_n0.01_d000_r02,C3,202619,16.64,16.64,0.0,0.6,0.5910862983633188,0.5976195885474826,FAR,FAR,-0.49523917709496534,1,,,0.01,0
C3_n0.01_d000_r02,C3,202619,16.66,16.66,0.0,0.6,0.6105473907237123,0.6008515390915401,FAR,FAR,-0.5017030781830802,1,,,0.01,0
C3_n0.01_d000_r02,C3,202619,16.68,16.68,0.0,0.6,0.6081158867657643,0.6026676260100962,FAR,FAR,-0.5053352520201924,1,,,0.01,0
C3_n0.01_d000_r02,C3,202619,16.7,16.7,0.0,0.6,0.6104737496610675,0.604619156922839,FAR,FAR,-0.509238313845678,1,,,0.01,0
C3_n0.01_d000_r02,C3,202619,16.72,16.72,0.0,0.6,0.5984092533433707,0.6030666810279719,FAR,FAR,-0.5061333620559438,1,,,0.01,0
C3_n0.01_d000_r02,C3,202619,16.74,16.74,0.0,0.6,0.6092664016405206,0.6046166111811091,FAR,FAR,-0.5092332223622182,1,,,0.01,0
C3_n0.01_d000_r02,C3,202619,16.76,16.76,0.0,0.6,0.6062680488575046,0.605029470600208,FAR,FAR,-0.510058941200416,1,,,0.01,0
C3_n0.01_d000_r02,C3,202619,16.78,16.78,0.0,0.6,0.618793613344494,0.6084705062862794,FAR,FAR,-0.5169410125725589,1,,,0.01,0
C3_n0.01_d000_r02,C3,202619,16.8,16.8,0.0,0.6,0.5955352994769215,0.60523670458394,FAR,FAR,-0.51047340916788,1,,,0.01,0
C3_n0.01_d000_r02,C3,202619,16.82,16.82,0.0,0.6,0.5872741488296082,0.600746065645357,FAR,FAR,-0.5014921312907141,1,,,0.01,0
C3_n0.01_d000_r02,C3,202619,16.84,16.84,0.0,0.6,0.5987427122137384,0.6002452272874523,FAR,FAR,-0.5004904545749047,1,,,0.01,0
C3_n0.01_d000_r02,C3,202619,16.86,16.86,0.0,0.6,0.5819078883995418,0.5956608925654747,FAR,FAR,-0.4913217851309495,1,,,0.01,0
C3_n0.01_d000_r02,C3,202619,16.88,16.88,0.0,0.6,0.5887724928487804,0.5939387926363011,FAR,FAR,-0.4878775852726023,1,,,0.01,0
C3_n0.01_d000_r02,C3,202619,16.9,16.9,0.0,0.6,0.5943898376363534,0.5940515538863143,FAR,FAR,-0.48810310777262855,1,,,0.01,0
C3_n0.01_d000_r02,C3,202619,16.92,16.92,0.0,0.6,0.6114099239719714,0.5983911464077285,FAR,FAR,-0.49678229281545705,1,,,0.01,0
C3_n0.01_d000_r02,C3,202619,16.94,16.94,0.0,0.6,0.6162806678327288,0.6028635267639786,FAR,FAR,-0.5057270535279572,1,,,0.01,0
C3_n0.01_d000_r02,C3,202619,16.96,16.96,0.0,0.6,0.5882211201337831,0.5992029251064297,FAR,FAR,-0.49840585021285944,1,,,0.01,0
C3_n0.01_d000_r02,C3,202619,16.98,16.98,0.0,0.6,0.6089894617092192,0.601649559257127,FAR,FAR,-0.5032991185142541,1,,,0.01,0
C3_n0.01_d000_r02,C3,202619,17.0,17.0,0.0,0.6,0.6069076141861022,0.6029640729893708,FAR,FAR,-0.5059281459787417,1,,,0.01,0
C3_n0.01_d000_r02,C3,202619,17.02,17.02,0.0,0.6,0.6005816842142192,0.602368475795583,FAR,FAR,-0.5047369515911659,1,,,0.01,0
C3_n0.01_d000_r02,C3,202619,17.04,17.04,0.0,0.6,0.6055166298582239,0.6031555143112431,FAR,FAR,-0.5063110286224863,1,,,0.01,0
C3_n0.01_d000_r02,C3,202619,17.06,17.06,0.0,0.6,0.5853607313906654,0.5987068185810988,FAR,FAR,-0.49741363716219755,1,,,0.01,0
C3_n0.01_d000_r02,C3,202619,17.08,17.08,0.0,0.6,0.5992956384167415,0.5988540235400094,FAR,FAR,-0.4977080470800188,1,,,0.01,0
C3_n0.01_d000_r02,C3,202619,17.1,17.1,0.0,0.6,0.5872196739457098,0.5959454361414345,FAR,FAR,-0.491890872282869,1,,,0.01,0
C3_n0.01_d000_r02,C3,202619,17.12,17.12,0.0,0.6,0.6045413925170043,0.598094425235327,FAR,FAR,-0.496188850470654,1,,,0.01,0
C3_n0.01_d000_r02,C3,202619,17.14,17.14,0.0,0.6,0.6039616234555002,0.5995612247903702,FAR,FAR,-0.4991224495807405,1,,,0.01,0
C3_n0.01_d000_r02,C3,202619,17.16,17.16,0.0,0.6,0.591689375547031,0.5975932624795354,FAR,FAR,-0.4951865249590708,1,,,0.01,0
C3_n0.01_d000_r02,C3,202619,17.18,17.18,0.0,0.6,0.6109750868899038,0.6009387185821276,FAR,FAR,-0.5018774371642551,1,,,0.01,0
C3_n0.01_d000_r02,C3,202619,17.2,17.2,0.0,0.6,0.5838872376061109,0.5966758483381234,FAR,FAR,-0.4933516966762468,1,,,0.01,0
C3_n0.01_d000_r02,C3,202619,17.22,17.22,0.0,0.6,0.5895415378534489,0.5948922707169547,FAR,FAR,-0.4897845414339095,1,,,0.01,0
C3_n0.01_d000_r02,C3,202619,17.24,17.24,0.0,0.6,0.6123042402870744,0.5992452631094847,FAR,FAR,-0.4984905262189694,1,,,0.01,0
C3_n0.01_d000_r02,C3,202619,17.26,17.26,0.0,0.6,0.5902916570083935,0.5970068615842119,FAR,FAR,-0.49401372316842385,1,,,0.01,0
C3_n0.01_d000_r02,C3,202619,17.28,17.28,0.0,0.6,0.6084257685196608,0.5998615883180741,FAR,FAR,-0.4997231766361483,1,,,0.01,0
C3_n0.01_d000_r02,C3,202619,17.3,17.3,0.0,0.6,0.593422141629768,0.5982517266459977,FAR,FAR,-0.4965034532919954,1,,,0.01,0
C3_n0.01_d000_r02,C3,202619,17.32,17.32,0.0,0.6,0.5999963811857361,0.5986878902809323,FAR,FAR,-0.4973757805618646,1,,,0.01,0
C3_n0.01_d000_r02,C3,202619,17.34,17.34,0.0,0.6,0.5963028855042672,0.598091639086766,FAR,FAR,-0.496183278173532,1,,,0.01,0
C3_n0.01_d000_r02,C3,202619,17.36,17.36,0.0,0.6,0.6052611183973202,0.5998840089144046,FAR,FAR,-0.4997680178288093,1,,,0.01,0
C3_n0.01_d000_r02,C3,202619,17.38,17.38,0.0,0.6,0.5947216197360226,0.5985934116198091,FAR,FAR,-0.49718682323961816,1,,,0.01,0
C3_n0.01_d000_r02,C3,202619,17.4,17.4,0.0,0.6,0.5997474300638264,0.5988819162308134,FAR,FAR,-0.4977638324616269,1,,,0.01,0
C3_n0.01_d000_r02,C3,202619,17.42,17.42,0.0,0.6,0.595982269565452,0.5981570045644731,FAR,FAR,-0.4963140091289462,1,,,0.01,0
C3_n0.01_d000_r02,C3,202619,17.44,17.44,0.0,0.6,0.6160541074300359,0.6026312802808638,FAR,FAR,-0.5052625605617276,1,,,0.01,0
C3_n0.01_d000_r02,C3,202619,17.46,17.46,0.0,0.6,0.6065255954930402,0.6036048590839078,FAR,FAR,-0.5072097181678157,1,,,0.01,0
C3_n0.01_d000_r02,C3,202619,17.48,17.48,0.0,0.6,0.599970520470605,0.6026962744305822,FAR,FAR,-0.5053925488611644,1,,,0.01,0
C3_n0.01_d000_r02,C3,202619,17.5,17.5,0.0,0.6,0.6067952437277391,0.6037210167548714,FAR,FAR,-0.5074420335097429,1,,,0.01,0
C3_n0.01_d000_r02,C3,202619,17.52,17.52,0.0,0.6,0.5959640416835713,0.6017817729870464,FAR,FAR,-0.5035635459740928,1,,,0.01,0
C3_n0.01_d000_r02,C3,202619,17.54,17.54,0.0,0.6,0.5936717719270528,0.599754272722048,FAR,FAR,-0.49950854544409595,1,,,0.01,0
C3_n0.01_d000_r02,C3,202619,17.56,17.56,0.0,0.6,0.6028321387057092,0.6005237392179632,FAR,FAR,-0.5010474784359265,1,,,0.01,0
C3_n0.01_d000_r02,C3,202619,17.58,17.58,0.0,0.6,0.6004366195113106,0.6005019592913,FAR,FAR,-0.5010039185826001,1,,,0.01,0
C3_n0.01_d000_r02,C3,202619,17.6,17.6,0.0,0.6,0.6017310727809045,0.6008092376637011,FAR,FAR,-0.5016184753274022,1,,,0.01,0
C3_n0.01_d000_r02,C3,202619,17.62,17.62,0.0,0.6,0.5940132919700026,0.5991102512402765,FAR,FAR,-0.49822050248055305,1,,,0.01,0
C3_n0.01_d000_r02,C3,202619,17.64,17.64,0.0,0.6,0.6084443068708125,0.6014437651479105,FAR,FAR,-0.5028875302958211,1,,,0.01,0
C3_n0.01_d000_r02,C3,202619,17.66,17.66,0.0,0.6,0.6026269721446299,0.6017395668970904,FAR,FAR,-0.5034791337941809,1,,,0.01,0
C3_n0.01_d000_r02,C3,202619,17.68,17.68,0.0,0.6,0.5999213334986702,0.6012850085474853,FAR,FAR,-0.5025700170949707,1,,,0.01,0
C3_n0.01_d000_r02,C3,202619,17.7,17.7,0.0,0.6,0.5972090063898958,0.6002660080080879,FAR,FAR,-0.5005320160161759,1,,,0.01,0
C3_n0.01_d000_r02,C3,202619,17.72,17.72,0.0,0.6,0.5922616460819223,0.5982649175265465,FAR,FAR,-0.4965298350530931,1,,,0.01,0
C3_n0.01_d000_r02,C3,202619,17.74,17.74,0.0,0.6,0.6044907152666813,0.5998213669615802,FAR,FAR,-0.4996427339231604,1,,,0.01,0
C3_n0.01_d000_r02,C3,202619,17.76,17.76,0.0,0.6,0.5908212193957691,0.5975713300701274,FAR,FAR,-0.4951426601402549,1,,,0.01,0
C3_n0.01_d000_r02,C3,202619,17.78,17.78,0.0,0.6,0.5852019910412561,0.5944789953129096,FAR,FAR,-0.48895799062581924,1,,,0.01,0
C3_n0.01_d000_r02,C3,202619,17.8,17.8,0.0,0.6,0.5784976922654462,0.5904836695510438,FAR,FAR,-0.48096733910208767,1,,,0.01,0
C3_n0.01_d000_r02,C3,202619,17.82,17.82,0.0,0.6,0.5985781166940477,0.5925072813367948,FAR,FAR,-0.48501456267358956,1,,,0.01,0
C3_n0.01_d000_r02,C3,202619,17.84,17.84,0.0,0.6,0.5946797125752619,0.5930503891464116,FAR,FAR,-0.4861007782928233,1,,,0.01,0
C3_n0.01_d000_r02,C3,202619,17.86,17.86,0.0,0.6,0.6071204858843122,0.5965679133308868,FAR,FAR,-0.4931358266617736,1,,,0.01,0
C3_n0.01_d000_r02,C3,202619,17.88,17.88,0.0,0.6,0.6058344785862336,0.5988845546447235,FAR,FAR,-0.49776910928944695,1,,,0.01,0
C3_n0.01_d000_r02,C3,202619,17.9,17.9,0.0,0.6,0.5949545431313885,0.5979020517663898,FAR,FAR,-0.4958041035327796,1,,,0.01,0
C3_n0.01_d000_r02,C3,202619,17.92,17.92,0.0,0.6,0.5896335769825449,0.5958349330704286,FAR,FAR,-0.49166986614085717,1,,,0.01,0
C3_n0.01_d000_r02,C3,202619,17.94,17.94,0.0,0.6,0.5906360367206012,0.5945352089829717,FAR,FAR,-0.4890704179659435,1,,,0.01,0
C3_n0.01_d000_r02,C3,202619,17.96,17.96,0.0,0.6,0.5884063486298325,0.5930029938946869,FAR,FAR,-0.48600598778937387,1,,,0.01,0
C3_n0.01_d000_r02,C3,202619,17.98,17.98,0.0,0.6,0.6104710481227361,0.5973700074516992,FAR,FAR,-0.4947400149033985,1,,,0.01,0
C3_n0.01_d000_r02,C3,202619,18.0,18.0,0.0,0.6,0.6014422241660369,0.5983880616302837,FAR,FAR,-0.4967761232605674,1,,,0.01,0
C3_n0.01_d000_r02,C3,202619,18.02,18.02,0.0,0.6,0.5980652501971992,0.5983073587720126,FAR,FAR,-0.4966147175440252,1,,,0.01,0
C3_n0.01_d000_r02,C3,202619,18.04,18.04,0.0,0.6,0.592167541103098,0.596772404354784,FAR,FAR,-0.49354480870956796,1,,,0.01,0
C3_n0.01_d000_r02,C3,202619,18.06,18.06,0.0,0.6,0.6054114257267181,0.5989321596977675,FAR,FAR,-0.497864319395535,1,,,0.01,0
C3_n0.01_d000_r02,C3,202619,18.08,18.08,0.0,0.6,0.5928059475369389,0.5974006066575603,FAR,FAR,-0.4948012133151207,1,,,0.01,0
C3_n0.01_d000_r02,C3,202619,18.1,18.1,0.0,0.6,0.612623335833627,0.601206288951577,FAR,FAR,-0.5024125779031541,1,,,0.01,0
C3_n0.01_d000_r02,C3,202619,18.12,18.12,0.0,0.6,0.5935680849436208,0.5992967379495879,FAR,FAR,-0.4985934758991759,1,,,0.01,0
C3_n0.01_d000_r02,C3,202619,18.14,18.14,0.0,0.6,0.6080672253633892,0.6014893598030382,FAR,FAR,-0.5029787196060764,1,,,0.01,0
C3_n0.01_d000_r02,C3,202619,18.16,18.16,0.0,0.6,0.6125852694721802,0.6042633372203237,FAR,FAR,-0.5085266744406474,1,,,0.01,0
C3_n0.01_d000_r02,C3,202619,18.18,18.18,0.0,0.6,0.6064164245702742,0.6048016090578113,FAR,FAR,-0.5096032181156227,1,,,0.01,0
C3_n0.01_d000_r02,C3,202619,18.2,18.2,0.0,0.6,0.6024299601815333,0.6042086968387418,FAR,FAR,-0.5084173936774836,1,,,0.01,0
C3_n0.01_d000_r02,C3,202619,18.22,18.22,0.0,0.6,0.6160311366138147,0.6071643067825101,FAR,FAR,-0.5143286135650202,1,,,0.01,0
C3_n0.01_d000_r02,C3,202619,18.24,18.24,0.0,0.6,0.6116244480860663,0.6082793421083992,FAR,FAR,-0.5165586842167984,1,,,0.01,0
C3_n0.01_d000_r02,C3,202619,18.26,18.26,0.0,0.6,0.5870992671524391,0.6029843233694092,FAR,FAR,-0.5059686467388185,1,,,0.01,0
C3_n0.01_d000_r02,C3,202619,18.28,18.28,0.0,0.6,0.5833704111832704,0.5980808453228745,FAR,FAR,-0.4961616906457491,1,,,0.01,0
C3_n0.01_d000_r02,C3,202619,18.3,18.3,0.0,0.6,0.6035808659633131,0.5994558504829841,FAR,FAR,-0.49891170096596826,1,,,0.01,0
C3_n0.01_d000_r02,C3,202619,18.32,18.32,0.0,0.6,0.6021067054407739,0.6001185642224316,FAR,FAR,-0.5002371284448632,1,,,0.01,0
C3_n0.01_d000_r02,C3,202619,18.34,18.34,0.0,0.6,0.5865213354870685,0.5967192570385909,FAR,FAR,-0.49343851407718176,1,,,0.01,0
C3_n0.01_d000_r02,C3,202619,18.36,18.36,0.0,0.6,0.6067326465264199,0.5992226044105481,FAR,FAR,-0.4984452088210962,1,,,0.01,0
C3_n0.01_d000_r02,C3,202619,18.38,18.38,0.0,0.6,0.6032711698234035,0.600234745763762,FAR,FAR,-0.5004694915275241,1,,,0.01,0
C3_n0.01_d000_r02,C3,202619,18.4,18.4,0.0,0.6,0.589320915612322,0.597506288225902,FAR,FAR,-0.4950125764518041,1,,,0.01,0
C3_n0.01_d000_r02,C3,202619,18.42,18.42,0.0,0.6,0.5881185051982064,0.5951593424689782,FAR,FAR,-0.4903186849379564,1,,,0.01,0
C3_n0.01_d000_r02,C3,202619,18.44,18.44,0.0,0.6,0.6105074508321356,0.5989963695597675,FAR,FAR,-0.4979927391195351,1,,,0.01,0
C3_n0.01_d000_r02,C3,202619,18.46,18.46,0.0,0.6,0.608630190083112,0.6014048246906036,FAR,FAR,-0.5028096493812073,1,,,0.01,0
C3_n0.01_d000_r02,C3,202619,18.48,18.48,0.0,0.6,0.6209355234542395,0.6062874993815126,FAR,FAR,-0.5125749987630253,1,,,0.01,0
C3_n0.01_d000_r02,C3,202619,18.5,18.5,0.0,0.6,0.5991914421145819,0.60451348506478,FAR,FAR,-0.50902697012956,1,,,0.01,0
C3_n0.01_d000_r02,C3,202619,18.52,18.52,0.0,0.6,0.6070916601121462,0.6051580288266215,FAR,FAR,-0.5103160576532431,1,,,0.01,0
C3_n0.01_d000_r02,C3,202619,18.54,18.54,0.0,0.6,0.5952997304946007,0.6026934542436163,FAR,FAR,-0.5053869084872327,1,,,0.01,0
C3_n0.01_d000_r02,C3,202619,18.56,18.56,0.0,0.6,0.6158687822309636,0.6059872862404532,FAR,FAR,-0.5119745724809064,1,,,0.01,0
C3_n0.01_d000_r02,C3,202619,18.58,18.58,0.0,0.6,0.6079342074238677,0.6064740165363068,FAR,FAR,-0.5129480330726137,1,,,0.01,0
C3_n0.01_d000_r02,C3,202619,18.6,18.6,0.0,0.6,0.6156409652786387,0.6087657537218898,FAR,FAR,-0.5175315074437796,1,,,0.01,0
C3_n0.01_d000_r02,C3,202619,18.62,18.62,0.0,0.6,0.5974838274317547,0.605945272149356,FAR,FAR,-0.5118905442987121,1,,,0.01,0
C3_n0.01_d000_r02,C3,202619,18.64,18.64,0.0,0.6,0.5967943394150662,0.6036575389657836,FAR,FAR,-0.5073150779315672,1,,,0.01,0
C3_n0.01_d000_r02,C3,202619,18.66,18.66,0.0,0.6,0.6052783635303215,0.604062745106918,FAR,FAR,-0.5081254902138361,1,,,0.01,0
C3_n0.01_d000_r02,C3,202619,18.68,18.68,0.0,0.6,0.5984717311877628,0.6026649916271292,FAR,FAR,-0.5053299832542584,1,,,0.01,0
C3_n0.01_d000_r02,C3,202619,18.7,18.7,0.0,0.6,0.5847258401724857,0.5981802037634683,FAR,FAR,-0.49636040752693655,1,,,0.01,0
C3_n0.01_d000_r02,C3,202619,18.72,18.72,0.0,0.6,0.5908919957700083,0.5963581517651033,FAR,FAR,-0.4927163035302067,1,,,0.01,0
C3_n0.01_d000_r02,C3,202619,18.74,18.74,0.0,0.6,0.6086465471797012,0.5994302506187528,FAR,FAR,-0.4988605012375056,1,,,0.01,0
C3_n0.01_d000_r02,C3,202619,18.76,18.76,0.0,0.6,0.6078736049086383,0.6015410891912242,FAR,FAR,-0.5030821783824484,1,,,0.01,0
C3_n0.01_d000_r02,C3,202619,18.78,18.78,0.0,0.6,0.6059103337068646,0.6026334003201342,FAR,FAR,-0.5052668006402685,1,,,0.01,0
C3_n0.01_d000_r02,C3,202619,18.8,18.8,0.0,0.6,0.606532756666747,0.6036082394067874,FAR,FAR,-0.5072164788135749,1,,,0.01,0
C3_n0.01_d000_r02,C3,202619,18.82,18.82,0.0,0.6,0.609393808618232,0.6050546317096486,FAR,FAR,-0.5101092634192972,1,,,0.01,0
C3_n0.01_d000_r02,C3,202619,18.84,18.84,0.0,0.6,0.6074348598990762,0.6056496887570055,FAR,FAR,-0.5112993775140111,1,,,0.01,0
C3_n0.01_d000_r02,C3,202619,18.86,18.86,0.0,0.6,0.5774108099348495,0.5985899690514666,FAR,FAR,-0.49717993810293315,1,,,0.01,0
C3_n0.01_d000_r02,C3,202619,18.88,18.88,0.0,0.6,0.6046131452463949,0.6000957631001986,FAR,FAR,-0.5001915262003973,1,,,0.01,0
C3_n0.01_d000_r02,C3,202619,18.9,18.9,0.0,0.6,0.5920858719139952,0.5980932903036478,FAR,FAR,-0.4961865806072956,1,,,0.01,0
C3_n0.01_d000_r02,C3,202619,18.92,18.92,0.0,0.6,0.6075505202986528,0.600457597802399,FAR,FAR,-0.5009151956047981,1,,,0.01,0
C3_n0.01_d000_r02,C3,202619,18.94,18.94,0.0,0.6,0.5833571110536697,0.5961824761152167,FAR,FAR,-0.4923649522304334,1,,,0.01,0
C3_n0.01_d000_r02,C3,202619,18.96,18.96,0.0,0.6,0.5832812018099592,0.5929571575389023,FAR,FAR,-0.4859143150778047,1,,,0.01,0
C3_n0.01_d000_r02,C3,202619,18.98,18.98,0.0,0.6,0.5923642556890039,0.5928089320764277,FAR,FAR,-0.48561786415285546,1,,,0.01,0
C3_n0.01_d000_r02,C3,202619,19.0,19.0,0.0,0.6,0.5892581852080525,0.5919212453593339,FAR,FAR,-0.4838424907186678,1,,,0.01,0
C3_n0.01_d000_r02,C3,202619,19.02,19.02,0.0,0.6,0.5903420744429819,0.591526452630246,FAR,FAR,-0.48305290526049194,1,,,0.01,0
C3_n0.01_d000_r02,C3,202619,19.04,19.04,0.0,0.6,0.5976445363530657,0.5930559735609509,FAR,FAR,-0.48611194712190176,1,,,0.01,0
C3_n0.01_d000_r02,C3,202619,19.06,19.06,0.0,0.6,0.6170088638283234,0.599044196127794,FAR,FAR,-0.4980883922555881,1,,,0.01,0
C3_n0.01_d000_r02,C3,202619,19.08,19.08,0.0,0.6,0.6131364847907639,0.6025672682935365,FAR,FAR,-0.505134536587073,1,,,0.01,0
C3_n0.01_d000_r02,C3,202619,19.1,19.1,0.0,0.6,0.6083298724114845,0.6040079193230234,FAR,FAR,-0.5080158386460469,1,,,0.01,0
C3_n0.01_d000_r02,C3,202619,19.12,19.12,0.0,0.6,0.6101770560130545,0.6055502034955312,FAR,FAR,-0.5111004069910625,1,,,0.01,0
C3_n0.01_d000_r02,C3,202619,19.14,19.14,0.0,0.6,0.5897713998839549,0.6016055025926372,FAR,FAR,-0.5032110051852745,1,,,0.01,0
C3_n0.01_d000_r02,C3,202619,19.16,19.16,0.0,0.6,0.5898125105240709,0.5986572545754957,FAR,FAR,-0.4973145091509914,1,,,0.01,0
C3_n0.01_d000_r02,C3,202619,19.18,19.18,0.0,0.6,0.5869326539228245,0.5957261044123279,FAR,FAR,-0.4914522088246558,1,,,0.01,0
C3_n0.01_d000_r02,C3,202619,19.2,19.2,0.0,0.6,0.597301926225066,0.5961200598655124,FAR,FAR,-0.4922401197310249,1,,,0.01,0
C3_n0.01_d000_r02,C3,202619,19.22,19.22,0.0,0.6,0.5961060189317404,0.5961165496320694,FAR,FAR,-0.49223309926413883,1,,,0.01,0
C3_n0.01_d000_r02,C3,202619,19.24,19.24,0.0,0.6,0.6012830370132566,0.5974081714773661,FAR,FAR,-0.4948163429547323,1,,,0.01,0
C3_n0.01_d000_r02,C3,202619,19.26,19.26,0.0,0.6,0.6038364168741034,0.5990152328265504,FAR,FAR,-0.49803046565310094,1,,,0.01,0
C3_n0.01_d000_r02,C3,202619,19.28,19.28,0.0,0.6,0.5933111873094814,0.5975892214472831,FAR,FAR,-0.49517844289456625,1,,,0.01,0
C3_n0.01_d000_r02,C3,202619,19.3,19.3,0.0,0.6,0.574645264112448,0.5918532321135743,FAR,FAR,-0.4837064642271487,1,,,0.01,0
C3_n0.01_d000_r02,C3,202619,19.32,19.32,0.0,0.6,0.6269277055541306,0.6006218504737134,FAR,FAR,-0.5012437009474269,1,,,0.01,0
C3_n0.01_d000_r02,C3,202619,19.34,19.34,0.0,0.6,0.587478204631387,0.5973359390131318,FAR,FAR,-0.49467187802626356,1,,,0.01,0
C3_n0.01_d000_r02,C3,202619,19.36,19.36,0.0,0.6,0.5976004723414432,0.5974020723452096,FAR,FAR,-0.4948041446904192,1,,,0.01,0
C3_n0.01_d000_r02,C3,202619,19.38,19.38,0.0,0.6,0.6080428434588449,0.6000622651236184,FAR,FAR,-0.5001245302472368,1,,,0.01,0
C3_n0.01_d000_r02,C3,202619,19.4,19.4,0.0,0.6,0.6037756365849293,0.6009906079889461,FAR,FAR,-0.5019812159778922,1,,,0.01,0
C3_n0.01_d000_r02,C3,202619,19.42,19.42,0.0,0.6,0.6150327446413166,0.6045011421520388,FAR,FAR,-0.5090022843040776,1,,,0.01,0
C3_n0.01_d000_r02,C3,202619,19.44,19.44,0.0,0.6,0.6025614207733389,0.6040162118073638,FAR,FAR,-0.5080324236147276,1,,,0.01,0
C3_n0.01_d000_r02,C3,202619,19.46,19.46,0.0,0.6,0.6157860243039663,0.6069586649315144,FAR,FAR,-0.5139173298630288,1,,,0.01,0
C3_n0.01_d000_r02,C3,202619,19.48,19.48,0.0,0.6,0.5906430319900472,0.6028797566961476,FAR,FAR,-0.5057595133922952,1,,,0.01,0
C3_n0.01_d000_r02,C3,202619,19.5,19.5,0.0,0.6,0.6005720364289736,0.6023028266293541,FAR,FAR,-0.5046056532587082,1,,,0.01,0
C3_n0.01_d000_r02,C3,202619,19.52,19.52,0.0,0.6,0.6131063089028297,0.605003697197723,FAR,FAR,-0.510007394395446,1,,,0.01,0
C3_n0.01_d000_r02,C3,202619,19.54,19.54,0.0,0.6,0.583296007298685,0.5995767747229634,FAR,FAR,-0.49915354944592694,1,,,0.01,0
C3_n0.01_d000_r02,C3,202619,19.56,19.56,0.0,0.6,0.6080307229529684,0.6016902617804647,FAR,FAR,-0.5033805235609294,1,,,0.01,0
C3_n0.01_d000_r02,C3,202619,19.58,19.58,0.0,0.6,0.5894328664720362,0.5986259129533575,FAR,FAR,-0.49725182590671513,1,,,0.01,0
C3_n0.01_d000_r02,C3,202619,19.6,19.6,0.0,0.6,0.588581761842902,0.5961148751757437,FAR,FAR,-0.4922297503514874,1,,,0.01,0
C3_n0.01_d000_r02,C3,202619,19.62,19.62,0.0,0.6,0.5903966540971705,0.5946853199061004,FAR,FAR,-0.48937063981220086,1,,,0.01,0
C3_n0.01_d000_r02,C3,202619,19.64,19.64,0.0,0.6,0.5944754410860373,0.5946328502010847,FAR,FAR,-0.48926570040216943,1,,,0.01,0
C3_n0.01_d000_r02,C3,202619,19.66,19.66,0.0,0.6,0.6032509472365306,0.5967873744599461,FAR,FAR,-0.4935747489198923,1,,,0.01,0
C3_n0.01_d000_r02,C3,202619,19.68,19.68,0.0,0.6,0.6067238313488471,0.5992714886821714,FAR,FAR,-0.49854297736434283,1,,,0.01,0
C3_n0.01_d000_r02,C3,202619,19.7,19.7,0.0,0.6,0.6129265937157636,0.6026852649405694,FAR,FAR,-0.5053705298811388,1,,,0.01,0
C3_n0.01_d000_r02,C3,202619,19.72,19.72,0.0,0.6,0.6010157534512939,0.6022678870682505,FAR,FAR,-0.5045357741365011,1,,,0.01,0
C3_n0.01_d000_r02,C3,202619,19.74,19.74,0.0,0.6,0.5944834975221303,0.6003217896817205,FAR,FAR,-0.500643579363441,1,,,0.01,0
C3_n0.01_d000_r02,C3,202619,19.76,19.76,0.0,0.6,0.6104608483327463,0.6028565543444768,FAR,FAR,-0.5057131086889537,1,,,0.01,0
C3_n0.01_d000_r02,C3,202619,19.78,19.78,0.0,0.6,0.6053092417524625,0.6034697261964732,FAR,FAR,-0.5069394523929465,1,,,0.01,0
C3_n0.01_d000_r02,C3,202619,19.8,19.8,0.0,0.6,0.5892316386121079,0.5999102043003819,FAR,FAR,-0.4998204086007638,1,,,0.01,0
C3_n0.01_d000_r02,C3,202619,19.82,19.82,0.0,0.6,0.6141438754170048,0.6034686220795376,FAR,FAR,-0.5069372441590752,1,,,0.01,0
C3_n0.01_d000_r02,C3,202619,19.84,19.84,0.0,0.6,0.5947525684702234,0.601289608677209,FAR,FAR,-0.5025792173544181,1,,,0.01,0
C3_n0.01_d000_r02,C3,202619,19.86,19.86,0.0,0.6,0.6065882425520235,0.6026142671459127,FAR,FAR,-0.5052285342918255,1,,,0.01,0
C3_n0.01_d000_r02,C3,202619,19.88,19.88,0.0,0.6,0.6158317247177071,0.6059186315388613,FAR,FAR,-0.5118372630777226,1,,,0.01,0
C3_n0.01_d000_r02,C3,202619,19.9,19.9,0.0,0.6,0.596496587244332,0.603563120465229,FAR,FAR,-0.507126240930458,1,,,0.01,0
C3_n0.01_d000_r02,C3,202619,19.92,19.92,0.0,0.6,0.6029722887856064,0.6034154125453233,FAR,FAR,-0.5068308250906466,1,,,0.01,0
C3_n0.01_d000_r02,C3,202619,19.94,19.94,0.0,0.6,0.599825284549063,0.6025178805462582,FAR,FAR,-0.5050357610925165,1,,,0.01,0
C3_n0.01_d000_r02,C3,202619,19.96,19.96,0.0,0.6,0.6037927697365648,0.6028366028438348,FAR,FAR,-0.5056732056876696,1,,,0.01,0
C3_n0.01_d000_r02,C3,202619,19.98,19.98,0.0,0.6,0.6087209418473243,0.6043076875947071,FAR,FAR,-0.5086153751894142,1,,,0.01,0
C3_n0.01_d000_r02,C3,202619,20.0,20.0,0.0,0.6,0.6000293466374635,0.6032381023553962,FAR,FAR,-0.5064762047107925,1,,,0.01,0
