time_s,body_x_m,o1,o2,support_legs,LF_hip_rad,LF_lift_m,LF_contact,LF_foot_world_x_m,RM_hip_rad,RM_lift_m,RM_contact,RM_foot_world_x_m,LH_hip_rad,LH_lift_m,LH_contact,LH_foot_world_x_m,RF_hip_rad,RF_lift_m,RF_contact,RF_foot_world_x_m,LM_hip_rad,LM_lift_m,LM_contact,LM_foot_world_x_m,RH_hip_rad,RH_lift_m,RH_contact,RH_foot_world_x_m
0.0,0.0,-0.22590240025070177,0.5425097802485459,3,-0.12424632013788599,0.016275293407456377,0,-0.012424632013788597,-0.12424632013788599,0.016275293407456377,0,-0.012424632013788597,-0.12424632013788599,0.016275293407456377,0,-0.012424632013788597,0.12424632013788599,0.0,1,0.012424632013788597,0.12424632013788599,0.0,1,0.012424632013788597,0.12424632013788599,0.0,1,0.012424632013788597
0.05,0.012617830103436638,0.0035126925390552817,0.5692554402960163,3,0.0019319808964804051,0.017077663208880486,0,0.012811028193084679,0.0019319808964804051,0.017077663208880486,0,0.012811028193084679,0.0019319808964804051,0.017077663208880486,0,0.012811028193084679,-0.0019319808964804051,0.0,1,0.012424632013788597,-0.0019319808964804051,0.0,1,0.012424632013788597,-0.0019319808964804051,0.0,1,0.012424632013788597
0.1,0.02576092561339736,0.24247806544743197,0.5192016756907845,3,0.1333629359960876,0.015576050270723533,0,0.03909721921300612,0.1333629359960876,0.015576050270723533,0,0.03909721921300612,0.1333629359960876,0.015576050270723533,0,0.03909721921300612,-0.1333629359960876,0.0,1,0.012424632013788597,-0.1333629359960876,0.0,1,0.012424632013788597,-0.1333629359960876,0.0,1,0.012424632013788597
0.15000000000000002,0.036440026965120255,0.43664354456966653,0.398757053114585,3,0.24015394951331662,0.011962711593437548,0,0.06045542191645191,0.24015394951331662,0.011962711593437548,0,0.06045542191645191,0.24015394951331662,0.011962711593437548,0,0.06045542191645191,-0.24015394951331662,0.0,1,0.012424632013788597,-0.24015394951331662,0.0,1,0.012424632013788597,-0.24015394951331662,0.0,1,0.012424632013788597
0.2,0.04247547170719986,0.5463789035165685,0.21362518489984053,3,0.3005083969341127,0.006408755546995216,0,0.07252631140061112,0.3005083969341127,0.006408755546995216,0,0.07252631140061112,0.3005083969341127,0.006408755546995216,0,0.07252631140061112,-0.3005083969341127,0.0,1,0.012424632013788597,-0.3005083969341127,0.0,1,0.012424632013788597,-0.3005083969341127,0.0,1,0.012424632013788597
0.25,0.04247547170719987,0.568349654528888,-0.017607136096588268,3,0.3125923099908884,0.0,1,0.07373470270628871,0.3125923099908884,0.0,1,0.07373470270628871,0.3125923099908884,0.0,1,0.07373470270628871,-0.3125923099908884,0.000528214082897648,0,0.01121624070811103,-0.3125923099908884,0.000528214082897648,0,0.01121624070811103,-0.3125923099908884,0.000528214082897648,0,0.01121624070811103
0.30000000000000004,0.04545903473074132,0.5141030541008617,-0.25550856763566443,3,0.2827566797554739,0.0,1,0.07373470270628871,0.2827566797554739,0.0,1,0.07373470270628871,0.2827566797554739,0.0,1,0.07373470270628871,-0.2827566797554739,0.007665257029069932,0,0.017183366755193927,-0.2827566797554739,0.007665257029069932,0,0.017183366755193927,-0.2827566797554739,0.007665257029069932,0,0.017183366755193927
0.35000000000000003,0.052302306676638204,0.3896799278118273,-0.44551785028493607,3,0.21432396029650505,0.0,1,0.07373470270628871,0.21432396029650505,0.0,1,0.07373470270628871,0.21432396029650505,0.0,1,0.07373470270628871,-0.21432396029650505,0.013365535508548082,0,0.0308699106469877,-0.21432396029650505,0.013365535508548082,0,0.0308699106469877,-0.21432396029650505,0.013365535508548082,0,0.0308699106469877
0.4,0.06266944641737374,0.20118647798027212,-0.5499484348877192,3,0.11065256288914967,0.0,1,0.07373470270628871,0.11065256288914967,0.0,1,0.07373470270628871,0.11065256288914967,0.0,1,0.07373470270628871,-0.11065256288914967,0.016498453046631573,0,0.05160419012845877,-0.11065256288914967,0.016498453046631573,0,0.05160419012845877,-0.11065256288914967,0.016498453046631573,0,0.05160419012845877
0.45,0.07547984361728242,-0.031729834745340364,-0.5671897327060546,3,-0.017451409109937203,0.0,1,0.07373470270628871,-0.017451409109937203,0.0,1,0.07373470270628871,-0.017451409109937203,0.0,1,0.07373470270628871,0.017451409109937203,0.017015691981181635,0,0.07722498452827614,0.017451409109937203,0.017015691981181635,0,0.07722498452827614,0.017451409109937203,0.017015691981181635,0,0.07722498452827614
0.5,0.08849518714494146,-0.26837244433914104,-0.5087680626668554,3,-0.14760484438652757,0.0,1,0.07373470270628871,-0.14760484438652757,0.0,1,0.07373470270628871,-0.14760484438652757,0.0,1,0.07373470270628871,0.14760484438652757,0.01526304188000566,0,0.10325567158359422,0.14760484438652757,0.01526304188000566,0,0.10325567158359422,0.14760484438652757,0.01526304188000566,0,0.10325567158359422
0.55,0.0987097135157284,-0.4540911056261762,-0.38038268037601924,3,-0.24975010809439693,0.0,1,0.07373470270628871,-0.24975010809439693,0.0,1,0.07373470270628871,-0.24975010809439693,0.0,1,0.07373470270628871,0.24975010809439693,0.011411480411280577,0,0.12368472432516808,0.24975010809439693,0.011411480411280577,0,0.12368472432516808,0.24975010809439693,0.011411480411280577,0,0.12368472432516808
0.6000000000000001,0.10416185508129468,-0.5532209522728359,-0.1885918335852475,3,-0.3042715237500597,0.0,1,0.07373470270628871,-0.3042715237500597,0.0,1,0.07373470270628871,-0.3042715237500597,0.0,1,0.07373470270628871,0.3042715237500597,0.005657755007557425,0,0.13458900745630065,0.3042715237500597,0.005657755007557425,0,0.13458900745630065,0.3042715237500597,0.005657755007557425,0,0.13458900745630065
0.65,0.10416185508129468,-0.5657775957039536,0.04587057199679814,3,-0.3111776776371745,0.0013761171599039443,0,0.07304408731757722,-0.3111776776371745,0.0013761171599039443,0,0.07304408731757722,-0.3111776776371745,0.0013761171599039443,0,0.07304408731757722,0.3111776776371745,0.0,1,0.13527962284501213,0.3111776776371745,0.0,1,0.13527962284501213,0.3111776776371745,0.0,1,0.13527962284501213
0.7000000000000001,0.10760378068669459,-0.5031971301512278,0.2810586440760115,3,-0.2767584215831753,0.008431759322280345,0,0.07992793852837705,-0.2767584215831753,0.008431759322280345,0,0.07992793852837705,-0.2767584215831753,0.008431759322280345,0,0.07992793852837705,0.2767584215831753,0.0,1,0.13527962284501213,0.2767584215831753,0.0,1,0.13527962284501213,0.2767584215831753,0.0,1,0.13527962284501213
0.75,0.11488191644096912,-0.3708673891644182,0.46236011996779347,3,-0.20397706404043003,0.013870803599033804,0,0.09448421003692611,-0.20397706404043003,0.013870803599033804,0,0.09448421003692611,-0.20397706404043003,0.013870803599033804,0,0.09448421003692611,0.20397706404043003,0.0,1,0.13527962284501213,0.20397706404043003,0.0,1,0.13527962284501213,0.20397706404043003,0.0,1,0.13527962284501213
0.8,0.12560803468601578,-0.17584705743629706,0.5561991496859238,3,-0.09671588158996339,0.016685974490577713,0,0.11593644652701944,-0.09671588158996339,0.016685974490577713,0,0.11593644652701944,-0.09671588158996339,0.016685974490577713,0,0.11593644652701944,0.09671588158996339,0.0,1,0.13527962284501213,0.09671588158996339,0.0,1,0.13527962284501213,0.09671588158996339,0.0,1,0.13527962284501213
0.8500000000000001,0.13858066177813638,0.06001888969316828,0.564115035483638,3,0.033010389331242555,0.016923451064509137,0,0.14188170071126063,0.033010389331242555,0.016923451064509137,0,0.14188170071126063,0.033010389331242555,0.016923451064509137,0,0.14188170071126063,-0.033010389331242555,0.0,1,0.13527962284501213,-0.033010389331242555,0.0,1,0.13527962284501213,-0.033010389331242555,0.0,1,0.13527962284501213
0.9,0.15142522298290317,0.2935563661434733,0.4973906875930839,3,0.16145600137891034,0.014921720627792517,0,0.16757082312079422,0.16145600137891034,0.014921720627792517,0,0.16757082312079422,0.16145600137891034,0.014921720627792517,0,0.16757082312079422,-0.16145600137891034,0.0,1,0.13527962284501213,-0.16145600137891034,0.0,1,0.13527962284501213,-0.16145600137891034,0.0,1,0.13527962284501213
0.9500000000000001,0.16114734563743544,0.4703222325895147,0.3611363112267517,3,0.25867722792423314,0.010834089336802551,0,0.18701506842985874,0.25867722792423314,0.010834089336802551,0,0.18701506842985874,0.25867722792423314,0.010834089336802551,0,0.18701506842985874,-0.25867722792423314,0.0,1,0.13527962284501213,-0.25867722792423314,0.0,1,0.13527962284501213,-0.25867722792423314,0.0,1,0.13527962284501213
1.0,0.1660183424373656,0.558885810770063,0.16295821145452985,3,0.3073871959235347,0.004888746343635895,0,0.19675706202971907,0.3073871959235347,0.004888746343635895,0,0.19675706202971907,0.3073871959235347,0.004888746343635895,0,0.19675706202971907,-0.3073871959235347,0.0,1,0.13527962284501213,-0.3073871959235347,0.0,1,0.13527962284501213,-0.3073871959235347,0.0,1,0.13527962284501213
1.05,0.1660183424373656,0.5622037148467148,-0.07416410132692375,3,0.3092120431656932,0.0,1,0.1969395467539349,0.3092120431656932,0.0,1,0.1969395467539349,0.3092120431656932,0.0,1,0.1969395467539349,-0.3092120431656932,0.0022249230398077124,0,0.1350971381207963,-0.3092120431656932,0.0022249230398077124,0,0.1350971381207963,-0.3092120431656932,0.0022249230398077124,0,0.1350971381207963
1.1,0.16991534180274045,0.4913491809308081,-0.3058550968999153,3,0.27024204951194447,0.0,1,0.1969395467539349,0.27024204951194447,0.0,1,0.1969395467539349,0.27024204951194447,0.0,1,0.1969395467539349,-0.27024204951194447,0.00917565290699746,0,0.142891136851546,-0.27024204951194447,0.00917565290699746,0,0.142891136851546,-0.27024204951194447,0.00917565290699746,0,0.142891136851546
1.1500000000000001,0.17762399290779307,0.3511918881116696,-0.4779752992301589,3,0.1931555384614183,0.0,1,0.1969395467539349,0.1931555384614183,0.0,1,0.1969395467539349,0.1931555384614183,0.0,1,0.1969395467539349,-0.1931555384614183,0.014339258976904766,0,0.15830843906165123,-0.1931555384614183,0.014339258976904766,0,0.15830843906165123,-0.1931555384614183,0.014339258976904766,0,0.15830843906165123
1.2000000000000002,0.18869330774861645,0.149931618278518,-0.5612837835305423,3,0.08246239005318491,0.0,1,0.1969395467539349,0.08246239005318491,0.0,1,0.1969395467539349,0.08246239005318491,0.0,1,0.1969395467539349,-0.08246239005318491,0.01683851350591627,0,0.18044706874329797,-0.08246239005318491,0.01683851350591627,0,0.18044706874329797,-0.08246239005318491,0.01683851350591627,0,0.18044706874329797
1.25,0.2017957886674329,-0.08829530751814521,-0.5600451684956012,3,-0.04856241913497987,0.0,1,0.1969395467539349,-0.04856241913497987,0.0,1,0.1969395467539349,-0.04856241913497987,0.0,1,0.1969395467539349,0.04856241913497987,0.016801355054868034,0,0.20665203058093087,0.04856241913497987,0.016801355054868034,0,0.20665203058093087,0.04856241913497987,0.016801355054868034,0,0.20665203058093087
1.3,0.21442650222774895,-0.31794464497843716,-0.48507308366331464,3,-0.17486955473814045,0.0,1,0.1969395467539349,-0.17486955473814045,0.0,1,0.1969395467539349,-0.17486955473814045,0.0,1,0.1969395467539349,0.17486955473814045,0.014552192509899439,0,0.231913457701563,0.17486955473814045,0.014552192509899439,0,0.231913457701563,0.17486955473814045,0.014552192509899439,0,0.231913457701563
1.35,0.2236320189187949,-0.48531767572472645,-0.34103675124957816,3,-0.2669247216485996,0.0,1,0.1969395467539349,-0.2669247216485996,0.0,1,0.1969395467539349,-0.2669247216485996,0.0,1,0.1969395467539349,0.2669247216485996,0.010231102537487345,0,0.25032449108365484,0.2669247216485996,0.010231102537487345,0,0.25032449108365484,0.2669247216485996,0.010231102537487345,0,0.25032449108365484
1.4000000000000001,0.22792632435587523,-0.5633959563989152,-0.1367738656513679,3,-0.30986777601940335,0.0,1,0.1969395467539349,-0.30986777601940335,0.0,1,0.1969395467539349,-0.30986777601940335,0.0,1,0.1969395467539349,0.30986777601940335,0.004103215969541037,0,0.2589131019578156,0.30986777601940335,0.004103215969541037,0,0.2589131019578156,0.30986777601940335,0.004103215969541037,0,0.2589131019578156
1.4500000000000002,0.22792632435587526,-0.5576408053387878,0.10240141370265364,3,-0.3067024429363333,0.0030720424110796092,0,0.19725608006224193,-0.3067024429363333,0.0030720424110796092,0,0.19725608006224193,-0.3067024429363333,0.0030720424110796092,0,0.19725608006224193,0.3067024429363333,0.0,1,0.2585965686495086,0.3067024429363333,0.0,1,0.2585965686495086,0.3067024429363333,0.0,1,0.2585965686495086
1.5,0.23227560862880514,-0.47856290946733543,0.32981517507241276,3,-0.2632096002070345,0.009894455252172382,0,0.2059546486081017,-0.2632096002070345,0.009894455252172382,0,0.2059546486081017,-0.2632096002070345,0.009894455252172382,0,0.2059546486081017,0.2632096002070345,0.0,1,0.2585965686495086,0.2632096002070345,0.0,1,0.2585965686495086,0.2632096002070345,0.0,1,0.2585965686495086
1.55,0.2404095136664062,-0.33067372696549774,0.4923481989718421,3,-0.18187054983102377,0.014770445969155263,0,0.22222245868330381,-0.18187054983102377,0.014770445969155263,0,0.22222245868330381,-0.18187054983102377,0.014770445969155263,0,0.22222245868330381,0.18187054983102377,0.0,1,0.2585965686495086,0.18187054983102377,0.0,1,0.2585965686495086,0.18187054983102377,0.0,1,0.2585965686495086
1.6,0.251804519067335,-0.12349181058497428,0.5652252357304631,3,-0.06792049582173586,0.016956757071913894,0,0.2450124694851614,-0.06792049582173586,0.016956757071913894,0,0.2450124694851614,-0.06792049582173586,0.016956757071913894,0,0.2450124694851614,0.06792049582173586,0.0,1,0.2585965686495086,0.06792049582173586,0.0,1,0.2585965686495086,0.06792049582173586,0.0,1,0.2585965686495086
1.6500000000000001,0.26500248190274306,0.11647115005880855,0.5549919119797174,3,0.06405913253234471,0.01664975735939152,0,0.27140839515597753,0.06405913253234471,0.01664975735939152,0,0.27140839515597753,0.06405913253234471,0.01664975735939152,0,0.27140839515597753,-0.06405913253234471,0.0,1,0.2585965686495086,-0.06405913253234471,0.0,1,0.2585965686495086,-0.06405913253234471,0.0,1,0.2585965686495086
1.7000000000000002,0.2773767168463982,0.3414572399434476,0.47181922468994664,3,0.1878014819688962,0.014154576740698399,0,0.2961568650432878,0.1878014819688962,0.014154576740698399,0,0.2961568650432878,0.1878014819688962,0.014154576740698399,0,0.2961568650432878,-0.1878014819688962,0.0,1,0.2585965686495086,-0.1878014819688962,0.0,1,0.2585965686495086,-0.1878014819688962,0.0,1,0.2585965686495086
1.75,0.2860452077521012,0.4990661655016841,0.3201058411797265,3,0.27448639102592626,0.009603175235391795,0,0.31349384685469384,0.27448639102592626,0.009603175235391795,0,0.31349384685469384,0.27448639102592626,0.009603175235391795,0,0.31349384685469384,-0.27448639102592626,0.0,1,0.2585965686495086,-0.27448639102592626,0.0,1,0.2585965686495086,-0.27448639102592626,0.0,1,0.2585965686495086
1.8,0.28976916751445264,0.5667745248171647,0.11009258319593727,3,0.3117259886494406,0.0033027774958781183,0,0.3209417663793967,0.3117259886494406,0.0033027774958781183,0,0.3209417663793967,0.3117259886494406,0.0033027774958781183,0,0.3209417663793967,-0.3117259886494406,0.0,1,0.2585965686495086,-0.3117259886494406,0.0,1,0.2585965686495086,-0.3117259886494406,0.0,1,0.2585965686495086
1.85,0.28976916751445264,0.55209965732592,-0.13049309367283995,3,0.30365481152925605,0.0,1,0.32013464866737823,0.30365481152925605,0.0,1,0.32013464866737823,0.30365481152925605,0.0,1,0.32013464866737823,-0.30365481152925605,0.003914792810185199,0,0.25940368636152705,-0.30365481152925605,0.003914792810185199,0,0.25940368636152705,-0.30365481152925605,0.003914792810185199,0,0.25940368636152705
1.9000000000000001,0.29456830233226666,0.4648426606383922,-0.35286181031746905,3,0.2556634633511157,0.0,1,0.32013464866737823,0.2556634633511157,0.0,1,0.32013464866737823,0.2556634633511157,0.0,1,0.32013464866737823,-0.2556634633511157,0.010585854309524072,0,0.2690019559971551,-0.2556634633511157,0.010585854309524072,0,0.2690019559971551,-0.2556634633511157,0.010585854309524072,0,0.2690019559971551
1.9500000000000002,0.30312115085526964,0.30933632385651966,-0.5054713079319761,3,0.17013497812108583,0.0,1,0.32013464866737823,0.17013497812108583,0.0,1,0.32013464866737823,0.17013497812108583,0.0,1,0.32013464866737823,-0.17013497812108583,0.015164139237959284,0,0.28610765304316105,-0.17013497812108583,0.015164139237959284,0,0.28610765304316105,-0.17013497812108583,0.015164139237959284,0,0.28610765304316105
2.0,0.3148225512121249,0.09658359009551581,-0.5680467044789781,3,0.0531209745525337,0.0,1,0.32013464866737823,0.0531209745525337,0.0,1,0.32013464866737823,0.0531209745525337,0.0,1,0.32013464866737823,-0.0531209745525337,0.017041401134369343,0,0.30951045375687153,-0.0531209745525337,0.017041401134369343,0,0.30951045375687153,-0.0531209745525337,0.017041401134369343,0,0.30951045375687153
2.0500000000000003,0.3280797117775371,-0.1444556929119789,-0.548965098253177,3,-0.0794506311015884,0.0,1,0.32013464866737823,-0.0794506311015884,0.0,1,0.32013464866737823,-0.0794506311015884,0.0,1,0.32013464866737823,0.0794506311015884,0.01646895294759531,0,0.33602477488769594,0.0794506311015884,0.01646895294759531,0,0.33602477488769594,0.0794506311015884,0.01646895294759531,0,0.33602477488769594
2.1,0.34015576529693964,-0.3640203023556632,-0.4576339255933142,3,-0.20021116629561478,0.0,1,0.32013464866737823,-0.20021116629561478,0.0,1,0.32013464866737823,-0.20021116629561478,0.0,1,0.32013464866737823,0.20021116629561478,0.013729017767799424,0,0.3601768819265011,0.20021116629561478,0.013729017767799424,0,0.3601768819265011,0.20021116629561478,0.013729017767799424,0,0.3601768819265011
2.15,0.3482706559960073,-0.5115637696114377,-0.29836861326165454,3,-0.28136007328629076,0.0,1,0.32013464866737823,-0.28136007328629076,0.0,1,0.32013464866737823,-0.28136007328629076,0.0,1,0.32013464866737823,0.28136007328629076,0.008951058397849636,0,0.3764066633246364,0.28136007328629076,0.008951058397849636,0,0.3764066633246364,0.28136007328629076,0.008951058397849636,0,0.3764066633246364
2.2,0.3514321025076825,-0.569044615278259,-0.08297251720555772,3,-0.31297453840304246,0.0,1,0.32013464866737823,-0.31297453840304246,0.0,1,0.32013464866737823,-0.31297453840304246,0.0,1,0.32013464866737823,0.31297453840304246,0.0024891755161667315,0,0.3827295563479867,0.31297453840304246,0.0024891755161667315,0,0.3827295563479867,0.31297453840304246,0.0024891755161667315,0,0.3827295563479867
2.25,0.3514321025076825,-0.5455891862576485,0.1583472939418703,3,-0.3000740524417067,0.004750418818256109,0,0.3214246972635118,-0.3000740524417067,0.004750418818256109,0,0.3214246972635118,-0.3000740524417067,0.004750418818256109,0,0.3214246972635118,0.3000740524417067,0.0,1,0.38143950775185315,0.3000740524417067,0.0,1,0.38143950775185315,0.3000740524417067,0.0,1,0.38143950775185315
2.3000000000000003,0.3566788478456271,-0.45019381647683726,0.3749246024132642,3,-0.2476065990622605,0.011247738072397925,0,0.33191818793940103,-0.2476065990622605,0.011247738072397925,0,0.33191818793940103,-0.2476065990622605,0.011247738072397925,0,0.33191818793940103,0.2476065990622605,0.0,1,0.38143950775185315,0.2476065990622605,0.0,1,0.38143950775185315,0.2476065990622605,0.0,1,0.38143950775185315
2.35,0.3656431579469805,-0.28720636008859435,0.5173440777564616,3,-0.1579634980487269,0.015520322332693848,0,0.3498468081421078,-0.1579634980487269,0.015520322332693848,0,0.3498468081421078,-0.1579634980487269,0.015520322332693848,0,0.3498468081421078,0.1579634980487269,0.0,1,0.38143950775185315,0.1579634980487269,0.0,1,0.38143950775185315,0.1579634980487269,0.0,1,0.38143950775185315
2.4000000000000004,0.3776298044993447,-0.0692673318637899,0.5697710413856454,3,-0.03809703252508445,0.01709313124156936,0,0.37382010124683623,-0.03809703252508445,0.01709313124156936,0,0.37382010124683623,-0.03809703252508445,0.01709313124156936,0,0.37382010124683623,0.03809703252508445,0.0,1,0.38143950775185315,0.03809703252508445,0.0,1,0.38143950775185315,0.03809703252508445,0.0,1,0.38143950775185315
2.45,0.39090809706282376,0.17215616929037483,0.5419727750270974,3,0.09468589310970617,0.016259183250812922,0,0.40037668637379437,0.09468589310970617,0.016259183250812922,0,0.40037668637379437,0.09468589310970617,0.016259183250812922,0,0.40037668637379437,-0.09468589310970617,0.0,1,0.38143950775185315,-0.09468589310970617,0.0,1,0.38143950775185315,-0.09468589310970617,0.0,1,0.38143950775185315
2.5,0.40264569763752983,0.38556708883048524,0.4425232301135912,3,0.2120618988567669,0.013275696903407736,0,0.4238518875232065,0.2120618988567669,0.013275696903407736,0,0.4238518875232065,0.2120618988567669,0.013275696903407736,0,0.4238518875232065,-0.2120618988567669,0.0,1,0.38143950775185315,-0.2120618988567669,0.0,1,0.38143950775185315,-0.2120618988567669,0.0,1,0.38143950775185315
2.5500000000000003,0.41019422909819564,0.5228131153880449,0.27585343150997294,3,0.2875472134634247,0.008275602945299188,0,0.43894895044453813,0.2875472134634247,0.008275602945299188,0,0.43894895044453813,0.2875472134634247,0.008275602945299188,0,0.43894895044453813,-0.2875472134634247,0.0,1,0.38143950775185315,-0.2875472134634247,0.0,1,0.38143950775185315,-0.2875472134634247,0.0,1,0.38143950775185315
2.6,0.4128020860379502,0.5702286961108554,0.05547628407533125,3,0.3136257828609705,0.0016642885222599374,0,0.4441646643240473,0.3136257828609705,0.0016642885222599374,0,0.4441646643240473,0.3136257828609705,0.0016642885222599374,0,0.4441646643240473,-0.3136257828609705,0.0,1,0.38143950775185315,-0.3136257828609705,0.0,1,0.38143950775185315,-0.3136257828609705,0.0,1,0.38143950775185315
2.6500000000000004,0.4128020860379502,0.5381166288605711,-0.18587054832455951,3,0.29596414587331416,0.0,1,0.44239850062528163,0.29596414587331416,0.0,1,0.44239850062528163,0.29596414587331416,0.0,1,0.44239850062528163,-0.29596414587331416,0.005576116449736785,0,0.3832056714506188,-0.29596414587331416,0.005576116449736785,0,0.3832056714506188,-0.29596414587331416,0.005576116449736785,0,0.3832056714506188
2.7,0.41849422605359554,0.43462317403065626,-0.39594065053569505,3,0.23904274571686096,0.0,1,0.44239850062528163,0.23904274571686096,0.0,1,0.44239850062528163,0.23904274571686096,0.0,1,0.44239850062528163,-0.23904274571686096,0.011878219516070852,0,0.39458995148190945,-0.23904274571686096,0.011878219516070852,0,0.39458995148190945,-0.23904274571686096,0.011878219516070852,0,0.39458995148190945
2.75,0.42786123528893577,0.2643139152062872,-0.5279720923725929,3,0.14537265336345798,0.0,1,0.44239850062528163,0.14537265336345798,0.0,1,0.44239850062528163,0.14537265336345798,0.0,1,0.44239850062528163,-0.14537265336345798,0.015839162771177785,0,0.41332396995258996,-0.14537265336345798,0.015839162771177785,0,0.41332396995258996,-0.14537265336345798,0.015839162771177785,0,0.41332396995258996
2.8000000000000003,0.4401100657533228,0.041607906762887656,-0.5704202090986469,3,0.022884348719588214,0.0,1,0.44239850062528163,0.022884348719588214,0.0,1,0.44239850062528163,0.022884348719588214,0.0,1,0.44239850062528163,-0.022884348719588214,0.017112606272959404,0,0.43782163088136394,-0.022884348719588214,0.017112606272959404,0,0.43782163088136394,-0.022884348719588214,0.017112606272959404,0,0.43782163088136394
2.85,0.4533698263462555,-0.19947864947225255,-0.5340214318641379,3,-0.10971325720973892,0.0,1,0.44239850062528163,-0.10971325720973892,0.0,1,0.44239850062528163,-0.10971325720973892,0.0,1,0.44239850062528163,0.10971325720973892,0.016020642955924137,0,0.46434115206722937,0.10971325720973892,0.016020642955924137,0,0.46434115206722937,0.10971325720973892,0.016020642955924137,0,0.46434115206722937
2.9000000000000004,0.4647306292507209,-0.4060387022807132,-0.4264947767514594,3,-0.2233212862543923,0.0,1,0.44239850062528163,-0.2233212862543923,0.0,1,0.44239850062528163,-0.2233212862543923,0.0,1,0.44239850062528163,0.2233212862543923,0.012794843302543782,0,0.4870627578761601,0.2233212862543923,0.012794843302543782,0,0.4870627578761601,0.2233212862543923,0.012794843302543782,0,0.4870627578761601
2.95,0.47170373899772705,-0.5328225158626447,-0.25259212341702597,3,-0.29305238372445463,0.0,1,0.44239850062528163,-0.29305238372445463,0.0,1,0.44239850062528163,-0.29305238372445463,0.0,1,0.44239850062528163,0.29305238372445463,0.007577763702510779,0,0.5010089773701725,0.29305238372445463,0.007577763702510779,0,0.5010089773701725,0.29305238372445463,0.007577763702510779,0,0.5010089773701725
3.0,0.4737676469601088,-0.5703481151786755,-0.027671014865886325,3,-0.3136914633482715,0.0,1,0.44239850062528163,-0.3136914633482715,0.0,1,0.44239850062528163,-0.3136914633482715,0.0,1,0.44239850062528163,0.3136914633482715,0.0008301304459765897,0,0.505136793294936,0.3136914633482715,0.0008301304459765897,0,0.505136793294936,0.3136914633482715,0.0008301304459765897,0,0.505136793294936
3.0500000000000003,0.4737676469601088,-0.5296877978485457,0.21296871398481773,3,-0.29132828881670014,0.006389061419544532,0,0.4446348180784388,-0.29132828881670014,0.006389061419544532,0,0.4446348180784388,-0.29132828881670014,0.006389061419544532,0,0.4446348180784388,0.29132828881670014,0.0,1,0.5029004758417788,0.29132828881670014,0.0,1,0.5029004758417788,0.29132828881670014,0.0,1,0.5029004758417788
3.1,0.4799028144766017,-0.4181392975486735,0.41585519637112783,3,-0.22997661365177044,0.012475655891133834,0,0.45690515311142466,-0.22997661365177044,0.012475655891133834,0,0.45690515311142466,-0.22997661365177044,0.012475655891133834,0,0.45690515311142466,0.22997661365177044,0.0,1,0.5029004758417788,0.22997661365177044,0.0,1,0.5029004758417788,0.22997661365177044,0.0,1,0.5029004758417788
3.1500000000000004,0.4896623830039719,-0.24069259705103416,0.5373661604224009,3,-0.1323809283780688,0.01612098481267203,0,0.47642429016616505,-0.1323809283780688,0.01612098481267203,0,0.47642429016616505,-0.1323809283780688,0.01612098481267203,0,0.47642429016616505,0.1323809283780688,0.0,1,0.5029004758417788,0.1323809283780688,0.0,1,0.5029004758417788,0.1323809283780688,0.0,1,0.5029004758417788
3.2,0.5021483671691421,-0.01367470313884744,0.5700148448481179,3,-0.007521086726366093,0.017100445345443537,0,0.5013962584965055,-0.007521086726366093,0.017100445345443537,0,0.5013962584965055,-0.007521086726366093,0.017100445345443537,0,0.5013962584965055,0.007521086726366093,0.0,1,0.5029004758417788,0.007521086726366093,0.0,1,0.5029004758417788,0.007521086726366093,0.0,1,0.5029004758417788
3.25,0.5153485730970354,0.22632904100466636,0.5251162808529646,3,0.1244809725525665,0.015753488425588935,0,0.527796670352292,0.1244809725525665,0.015753488425588935,0,0.527796670352292,0.1244809725525665,0.015753488425588935,0,0.527796670352292,-0.1244809725525665,0.0,1,0.5029004758417788,-0.1244809725525665,0.0,1,0.5029004758417788,-0.1244809725525665,0.0,1,0.5029004758417788
3.3000000000000003,0.5262966305357789,0.42538463080000155,0.40955813563191984,3,0.23396154694000088,0.012286744068957595,0,0.549692785229779,0.23396154694000088,0.012286744068957595,0,0.549692785229779,0.23396154694000088,0.012286744068957595,0,0.549692785229779,-0.23396154694000088,0.0,1,0.5029004758417788,-0.23396154694000088,0.0,1,0.5029004758417788,-0.23396154694000088,0.0,1,0.5029004758417788
3.35,0.5326887529377587,0.5416050381087264,0.22862010988279058,3,0.29788277095979954,0.006858603296483717,0,0.5624770300337387,0.29788277095979954,0.006858603296483717,0,0.5624770300337387,0.29788277095979954,0.006858603296483717,0,0.5624770300337387,-0.29788277095979954,0.0,1,0.5029004758417788,-0.29788277095979954,0.0,1,0.5029004758417788,-0.29788277095979954,0.0,1,0.5029004758417788
3.4000000000000004,0.5326887529377586,0.5694227163576028,-0.0003716574983717442,3,0.3131824939966816,0.0,1,0.5640070023374268,0.3131824939966816,0.0,1,0.5640070023374268,0.3131824939966816,0.0,1,0.5640070023374268,-0.3131824939966816,1.1149724951152326e-05,0,0.5013705035380904,-0.3131824939966816,1.1149724951152326e-05,0,0.5013705035380904,-0.3131824939966816,1.1149724951152326e-05,0,0.5013705035380904
3.45,0.535390096095475,0.5203073862173052,-0.23954802367031314,3,0.2861690624195179,0.0,1,0.5640070023374268,0.2861690624195179,0.0,1,0.5640070023374268,0.2861690624195179,0.0,1,0.5640070023374268,-0.2861690624195179,0.007186440710109394,0,0.5067731898535233,-0.2861690624195179,0.007186440710109394,0,0.5067731898535233,-0.2861690624195179,0.007186440710109394,0,0.5067731898535233
3.5,0.5419655962057767,0.4007528387572761,-0.4346220537403009,3,0.22041406131650185,0.0,1,0.5640070023374268,0.22041406131650185,0.0,1,0.5640070023374268,0.22041406131650185,0.0,1,0.5640070023374268,-0.22041406131650185,0.013038661612209027,0,0.5199241900741265,-0.22041406131650185,0.013038661612209027,0,0.5199241900741265,-0.22041406131650185,0.013038661612209027,0,0.5199241900741265
3.5500000000000003,0.5521061203306995,0.21637967284958717,-0.5455413687616034,3,0.11900882006727295,0.0,1,0.5640070023374268,0.11900882006727295,0.0,1,0.5640070023374268,0.11900882006727295,0.0,1,0.5640070023374268,-0.11900882006727295,0.016366241062848102,0,0.5402052383239722,-0.11900882006727295,0.016366241062848102,0,0.5402052383239722,-0.11900882006727295,0.016366241062848102,0,0.5402052383239722
3.6,0.5648022157234888,-0.014458425201126675,-0.5685739293640597,3,-0.007952133860619671,0.0,1,0.5640070023374268,-0.007952133860619671,0.0,1,0.5640070023374268,-0.007952133860619671,0.0,1,0.5640070023374268,0.007952133860619671,0.01705721788092179,0,0.5655974291095507,0.007952133860619671,0.01705721788092179,0,0.5655974291095507,0.007952133860619671,0.01705721788092179,0,0.5655974291095507
3.6500000000000004,0.5779007825654624,-0.2526141859642831,-0.5152615821240227,3,-0.1389378022803557,0.0,1,0.5640070023374268,-0.1389378022803557,0.0,1,0.5640070023374268,-0.1389378022803557,0.0,1,0.5640070023374268,0.1389378022803557,0.015457847463720682,0,0.591794562793498,0.1389378022803557,0.015457847463720682,0,0.591794562793498,0.1389378022803557,0.015457847463720682,0,0.591794562793498
3.7,0.5884029708793638,-0.4435630643988528,-0.3917251112569414,3,-0.24395968541936905,0.0,1,0.5640070023374268,-0.24395968541936905,0.0,1,0.5640070023374268,-0.24395968541936905,0.0,1,0.5640070023374268,0.24395968541936905,0.011751753337708242,0,0.6127989394213007,0.24395968541936905,0.011751753337708242,0,0.6127989394213007,0.24395968541936905,0.011751753337708242,0,0.6127989394213007
3.75,0.5942117676280915,-0.5491775507393577,-0.20397653845154856,3,-0.30204765290664676,0.0,1,0.5640070023374268,-0.30204765290664676,0.0,1,0.5640070023374268,-0.30204765290664676,0.0,1,0.5640070023374268,0.30204765290664676,0.0061192961535464566,0,0.6244165329187561,0.30204765290664676,0.0061192961535464566,0,0.6244165329187561,0.30204765290664676,0.0061192961535464566,0,0.6244165329187561
3.8000000000000003,0.5942117676280915,-0.5674705601083985,0.028575694166823873,3,-0.31210880805961916,0.0008572708250047162,0,0.5630008868221296,-0.31210880805961916,0.0008572708250047162,0,0.5630008868221296,-0.31210880805961916,0.0008572708250047162,0,0.5630008868221296,0.31210880805961916,0.0,1,0.6254226484340534,0.31210880805961916,0.0,1,0.6254226484340534,0.31210880805961916,0.0,1,0.6254226484340534
3.85,0.5973737862999677,-0.5099793115288294,0.26551621998558883,3,-0.28048862134085617,0.007965486599567665,0,0.5693249241658821,-0.28048862134085617,0.007965486599567665,0,0.5693249241658821,-0.28048862134085617,0.007965486599567665,0,0.5693249241658821,0.28048862134085617,0.0,1,0.6254226484340534,0.28048862134085617,0.0,1,0.6254226484340534,0.28048862134085617,0.0,1,0.6254226484340534
3.9000000000000004,0.6043864232516323,-0.38247682149856477,0.45220381028153,3,-0.21036225182421064,0.0135661143084459,0,0.5833501980692112,-0.21036225182421064,0.0135661143084459,0,0.5833501980692112,-0.21036225182421064,0.0135661143084459,0,0.5833501980692112,0.21036225182421064,0.0,1,0.6254226484340534,0.21036225182421064,0.0,1,0.6254226484340534,0.21036225182421064,0.0,1,0.6254226484340534
3.95,0.6148947571457315,-0.19141620524221667,0.5525161323138528,3,-0.10527891288321918,0.01657548396941558,0,0.6043668658574096,-0.10527891288321918,0.01657548396941558,0,0.6043668658574096,-0.10527891288321918,0.01657548396941558,0,0.6043668658574096,0.10527891288321918,0.0,1,0.6254226484340534,0.10527891288321918,0.0,1,0.6254226484340534,0.10527891288321918,0.0,1,0.6254226484340534
4.0,0.6277718801240126,0.04271330345380391,0.5661145580712577,3,0.023492316899592153,0.016983436742137727,0,0.6301211118139719,0.023492316899592153,0.016983436742137727,0,0.6301211118139719,0.023492316899592153,0.016983436742137727,0,0.6301211118139719,-0.023492316899592153,0.0,1,0.6254226484340534,-0.023492316899592153,0.0,1,0.6254226484340534,-0.023492316899592153,0.0,1,0.6254226484340534
4.05,0.640726014716072,0.2782430233094301,0.5044610043984541,3,0.15303366282018657,0.015133830131953623,0,0.6560293809980907,0.15303366282018657,0.015133830131953623,0,0.6560293809980907,0.15303366282018657,0.015133830131953623,0,0.6560293809980907,-0.15303366282018657,0.0,1,0.6254226484340534,-0.15303366282018657,0.0,1,0.6254226484340534,-0.15303366282018657,0.0,1,0.6254226484340534
4.1000000000000005,0.6507524023871089,0.4605409809646457,0.3730100087944087,3,0.25329753953055517,0.01119030026383226,0,0.6760821563401643,0.25329753953055517,0.01119030026383226,0,0.6760821563401643,0.25329753953055517,0.01119030026383226,0,0.6760821563401643,-0.25329753953055517,0.0,1,0.6254226484340534,-0.25329753953055517,0.0,1,0.6254226484340534,-0.25329753953055517,0.0,1,0.6254226484340534
4.15,0.655978436549637,0.5555597839197011,0.17870442238238457,3,0.3055578811558356,0.005361132671471537,0,0.6865342246652205,0.3055578811558356,0.005361132671471537,0,0.6865342246652205,0.3055578811558356,0.005361132671471537,0,0.6865342246652205,-0.3055578811558356,0.0,1,0.6254226484340534,-0.3055578811558356,0.0,1,0.6254226484340534,-0.3055578811558356,0.0,1,0.6254226484340534
4.2,0.655978436549637,0.564507744056235,-0.05686084776554159,3,0.3104792592309293,0.0,1,0.6870263624727299,0.3104792592309293,0.0,1,0.6870263624727299,0.3104792592309293,0.0,1,0.6870263624727299,-0.3104792592309293,0.0017058254329662475,0,0.624930510626544,-0.3104792592309293,0.0017058254329662475,0,0.624930510626544,-0.3104792592309293,0.0017058254329662475,0,0.624930510626544
4.25,0.6595974725132381,0.498707090172578,-0.29078373608267766,3,0.2742888995949179,0.0,1,0.6870263624727299,0.2742888995949179,0.0,1,0.6870263624727299,0.2742888995949179,0.0,1,0.6870263624727299,-0.2742888995949179,0.008723512082480329,0,0.6321685825537463,-0.2742888995949179,0.008723512082480329,0,0.6321685825537463,-0.2742888995949179,0.008723512082480329,0,0.6321685825537463
4.3,0.6670433835342585,0.3633268897903891,-0.46857179851016884,3,0.19982978938471402,0.0,1,0.6870263624727299,0.19982978938471402,0.0,1,0.6870263624727299,0.19982978938471402,0.0,1,0.6870263624727299,-0.19982978938471402,0.014057153955305065,0,0.6470604045957871,-0.19982978938471402,0.014057153955305065,0,0.6470604045957871,-0.19982978938471402,0.014057153955305065,0,0.6470604045957871
4.3500000000000005,0.6779047667909438,0.16584719421429378,-0.5583112714297954,3,0.09121595681786158,0.0,1,0.6870263624727299,0.09121595681786158,0.0,1,0.6870263624727299,0.09121595681786158,0.0,1,0.6870263624727299,-0.09121595681786158,0.016749338142893862,0,0.6687831711091576,-0.09121595681786158,0.016749338142893862,0,0.6687831711091576,-0.09121595681786158,0.016749338142893862,0,0.6687831711091576
4.4,0.6909317854391253,-0.07100769029809774,-0.5626518096468314,3,-0.03905422966395376,0.0,1,0.6870263624727299,-0.03905422966395376,0.0,1,0.6870263624727299,-0.03905422966395376,0.0,1,0.6870263624727299,0.03905422966395376,0.01687955428940494,0,0.6948372084055207,0.03905422966395376,0.01687955428940494,0,0.6948372084055207,0.03905422966395376,0.01687955428940494,0,0.6948372084055207
4.45,0.7036983902349535,-0.3031277774949762,-0.49271801036647833,3,-0.16672027762223693,0.0,1,0.6870263624727299,-0.16672027762223693,0.0,1,0.6870263624727299,-0.16672027762223693,0.0,1,0.6870263624727299,0.16672027762223693,0.01478154031099435,0,0.7203704179971772,0.16672027762223693,0.01478154031099435,0,0.7203704179971772,0.16672027762223693,0.01478154031099435,0,0.7203704179971772
4.5,0.7132225327313092,-0.4762940047014428,-0.35342986437385265,3,-0.26196170258579354,0.0,1,0.6870263624727299,-0.26196170258579354,0.0,1,0.6870263624727299,-0.26196170258579354,0.0,1,0.6870263624727299,0.26196170258579354,0.01060289593121558,0,0.7394187029898885,0.26196170258579354,0.01060289593121558,0,0.7394187029898885,0.26196170258579354,0.01060289593121558,0,0.7394187029898885
4.55,0.7178689011561424,-0.5607734306075027,-0.1528507847976183,3,-0.3084253868341265,0.0,1,0.6870263624727299,-0.3084253868341265,0.0,1,0.6870263624727299,-0.3084253868341265,0.0,1,0.6870263624727299,0.3084253868341265,0.004585523543928548,0,0.7487114398395551,0.3084253868341265,0.004585523543928548,0,0.7487114398395551,0.3084253868341265,0.004585523543928548,0,0.7487114398395551
4.6000000000000005,0.7178689011561424,-0.5605483179806446,0.08514297773041349,3,-0.30830157488935456,0.0025542893319124046,0,0.687038743667207,-0.30830157488935456,0.0025542893319124046,0,0.687038743667207,-0.30830157488935456,0.0025542893319124046,0,0.687038743667207,0.30830157488935456,0.0,1,0.7486990586450779,0.30830157488935456,0.0,1,0.7486990586450779,0.30830157488935456,0.0,1,0.7486990586450779
4.65,0.7219418759273806,-0.4864942312308609,0.31526488126216207,3,-0.26757182717697353,0.009457946437864862,0,0.6951846932096832,-0.26757182717697353,0.009457946437864862,0,0.6951846932096832,-0.26757182717697353,0.009457946437864862,0,0.6951846932096832,0.26757182717697353,0.0,1,0.7486990586450779,0.26757182717697353,0.0,1,0.7486990586450779,0.26757182717697353,0.0,1,0.7486990586450779
4.7,0.729816374982021,-0.34332152114648984,0.4837058453107916,3,-0.18882683663056943,0.014511175359323747,0,0.7109336913189641,-0.18882683663056943,0.014511175359323747,0,0.7109336913189641,-0.18882683663056943,0.014511175359323747,0,0.7109336913189641,0.18882683663056943,0.0,1,0.7486990586450779,0.18882683663056943,0.0,1,0.7486990586450779,0.18882683663056943,0.0,1,0.7486990586450779
4.75,0.7410143639167514,-0.13972172233320748,0.5629491428640323,3,-0.07684694728326412,0.016888474285920968,0,0.7333296691884249,-0.07684694728326412,0.016888474285920968,0,0.7333296691884249,-0.07684694728326412,0.016888474285920968,0,0.7333296691884249,0.07684694728326412,0.0,1,0.7486990586450779,0.07684694728326412,0.0,1,0.7486990586450779,0.07684694728326412,0.0,1,0.7486990586450779
4.800000000000001,0.754158119802938,0.09925565741563909,0.558198705781997,3,0.054590611578601504,0.01674596117345991,0,0.7596171809607981,0.054590611578601504,0.01674596117345991,0,0.7596171809607981,0.054590611578601504,0.01674596117345991,0,0.7596171809607981,-0.054590611578601504,0.0,1,0.7486990586450779,-0.054590611578601504,0.0,1,0.7486990586450779,-0.054590611578601504,0.0,1,0.7486990586450779
4.8500000000000005,0.7666942407819489,0.3271851297612934,0.4800362563860446,3,0.17995182136871138,0.014401087691581337,0,0.78468942291882,0.17995182136871138,0.014401087691581337,0,0.78468942291882,0.17995182136871138,0.014401087691581337,0,0.78468942291882,-0.17995182136871138,0.0,1,0.7486990586450779,-0.17995182136871138,0.0,1,0.7486990586450779,-0.17995182136871138,0.0,1,0.7486990586450779
4.9,0.7756933914852858,0.4908060516401444,0.33300464251488393,3,0.26994332840207946,0.009990139275446518,0,0.8026877243254937,0.26994332840207946,0.009990139275446518,0,0.8026877243254937,0.26994332840207946,0.009990139275446518,0,0.8026877243254937,-0.26994332840207946,0.0,1,0.7486990586450779,-0.26994332840207946,0.0,1,0.7486990586450779,-0.26994332840207946,0.0,1,0.7486990586450779
4.95,0.7797653308286255,0.5648413124281373,0.12646680338576322,3,0.31066272183547555,0.0037940041015728965,0,0.810831603012173,0.31066272183547555,0.0037940041015728965,0,0.810831603012173,0.31066272183547555,0.0037940041015728965,0,0.810831603012173,-0.31066272183547555,0.0,1,0.7486990586450779,-0.31066272183547555,0.0,1,0.7486990586450779,-0.31066272183547555,0.0,1,0.7486990586450779
5.0,0.7797653308286255,0.5556042865920522,-0.11333449680723633,3,0.30558235762562874,0.0,1,0.8103235665911884,0.30558235762562874,0.0,1,0.8103235665911884,0.30558235762562874,0.0,1,0.8103235665911884,-0.30558235762562874,0.00340003490421709,0,0.7492070950660626,-0.30558235762562874,0.00340003490421709,0,0.7492070950660626,-0.30558235762562874,0.00340003490421709,0,0.7492070950660626
5.050000000000001,0.7842896114269818,0.4733446393492106,-0.3388789864649825,3,0.26033955164206585,0.0,1,0.8103235665911884,0.26033955164206585,0.0,1,0.8103235665911884,0.26033955164206585,0.0,1,0.8103235665911884,-0.26033955164206585,0.010166369593949474,0,0.7582556562627752,-0.26033955164206585,0.010166369593949474,0,0.7582556562627752,-0.26033955164206585,0.010166369593949474,0,0.7582556562627752
5.1000000000000005,0.7925870450711252,0.32248220945569533,-0.4975938196001367,3,0.17736521520063245,0.0,1,0.8103235665911884,0.17736521520063245,0.0,1,0.8103235665911884,0.17736521520063245,0.0,1,0.8103235665911884,-0.17736521520063245,0.014927814588004101,0,0.774850523551062,-0.17736521520063245,0.014927814588004101,0,0.774850523551062,-0.17736521520063245,0.014927814588004101,0,0.774850523551062
5.15,0.8041034462670323,0.11309309680283627,-0.566452845014713,3,0.062201203241559956,0.0,1,0.8103235665911884,0.062201203241559956,0.0,1,0.8103235665911884,0.062201203241559956,0.0,1,0.8103235665911884,-0.062201203241559956,0.01699358535044139,0,0.7978833259428764,-0.062201203241559956,0.01699358535044139,0,0.7978833259428764,-0.062201203241559956,0.01699358535044139,0,0.7978833259428764
5.2,0.81732881237313,-0.1273681051262112,-0.5527662551334978,3,-0.07005245781941616,0.0,1,0.8103235665911884,-0.07005245781941616,0.0,1,0.8103235665911884,-0.07005245781941616,0.0,1,0.8103235665911884,0.07005245781941616,0.01658298765400493,0,0.8243340581550717,0.07005245781941616,0.01658298765400493,0,0.8243340581550717,0.07005245781941616,0.01658298765400493,0,0.8243340581550717
5.25,0.8295921195397149,-0.3503373263368454,-0.4664199958760385,3,-0.192685529485265,0.0,1,0.8103235665911884,-0.192685529485265,0.0,1,0.8103235665911884,-0.192685529485265,0.0,1,0.8103235665911884,0.192685529485265,0.013992599876281155,0,0.8488606724882414,0.192685529485265,0.013992599876281155,0,0.8488606724882414,0.192685529485265,0.013992599876281155,0,0.8488606724882414
5.300000000000001,0.8380473498548411,-0.504068786611866,-0.31175740601530255,3,-0.27723783263652635,0.0,1,0.8103235665911884,-0.27723783263652635,0.0,1,0.8103235665911884,-0.27723783263652635,0.0,1,0.8103235665911884,0.27723783263652635,0.009352722180459076,0,0.8657711331184937,0.27723783263652635,0.009352722180459076,0,0.8657711331184937,0.27723783263652635,0.009352722180459076,0,0.8657711331184937
5.3500000000000005,0.8415518311344498,-0.5677866280592977,-0.09960794721508133,3,-0.31228264543261375,0.0,1,0.8103235665911884,-0.31228264543261375,0.0,1,0.8103235665911884,-0.31228264543261375,0.0,1,0.8103235665911884,0.31228264543261375,0.0029882384164524396,0,0.8727800956777111,0.31228264543261375,0.0029882384164524396,0,0.8727800956777111,0.31228264543261375,0.0029882384164524396,0,0.8727800956777111
5.4,0.8415518311344498,-0.549685692744974,0.14134495724577675,3,-0.30232713100973574,0.004240348717373303,0,0.8113191180334762,-0.30232713100973574,0.004240348717373303,0,0.8113191180334762,-0.30232713100973574,0.004240348717373303,0,0.8113191180334762,0.30232713100973574,0.0,1,0.8717845442354233,0.30232713100973574,0.0,1,0.8717845442354233,0.30232713100973574,0.0,1,0.8717845442354233
5.45,0.846525078353123,-0.459263016041824,0.36155146386962717,3,-0.25259465882300325,0.010846543916088814,0,0.8212656124708226,-0.25259465882300325,0.010846543916088814,0,0.8212656124708226,-0.25259465882300325,0.010846543916088814,0,0.8212656124708226,0.25259465882300325,0.0,1,0.8717845442354233,0.25259465882300325,0.0,1,0.8717845442354233,0.25259465882300325,0.0,1,0.8717845442354233
5.5,0.8552386949371605,-0.30083362360477756,0.5102310066285398,3,-0.16545849298262766,0.015306930198856194,0,0.8386928456388978,-0.16545849298262766,0.015306930198856194,0,0.8386928456388978,-0.16545849298262766,0.015306930198856194,0,0.8386928456388978,0.16545849298262766,0.0,1,0.8717845442354233,0.16545849298262766,0.0,1,0.8717845442354233,0.16545849298262766,0.0,1,0.8717845442354233
5.550000000000001,0.8670535004458698,-0.08601897799188095,0.568845512567189,3,-0.047310437895534525,0.017065365377015668,0,0.8623224566563163,-0.047310437895534525,0.017065365377015668,0,0.8623224566563163,-0.047310437895534525,0.017065365377015668,0,0.8623224566563163,0.047310437895534525,0.0,1,0.8717845442354233,0.047310437895534525,0.0,1,0.8717845442354233,0.047310437895534525,0.0,1,0.8717845442354233
5.6000000000000005,0.8803234823209808,0.15525341973741164,0.5463635738185929,3,0.0853893808555764,0.016390907214557788,0,0.8888624204065384,0.0853893808555764,0.016390907214557788,0,0.8888624204065384,0.0853893808555764,0.016390907214557788,0,0.8888624204065384,-0.0853893808555764,0.0,1,0.8717845442354233,-0.0853893808555764,0.0,1,0.8717845442354233,-0.0853893808555764,0.0,1,0.8717845442354233
5.65,0.8922727690514215,0.3725131784726961,0.4518744759922242,3,0.20488224815998288,0.013556234279766726,0,0.9127609938674198,0.20488224815998288,0.013556234279766726,0,0.9127609938674198,0.20488224815998288,0.013556234279766726,0,0.9127609938674198,-0.20488224815998288,0.0,1,0.8717845442354233,-0.20488224815998288,0.0,1,0.8717845442354233,-0.20488224815998288,0.0,1,0.8717845442354233
5.7,0.9001689950324233,0.5160809235818185,0.2897144651503274,3,0.28384450797000016,0.008691433954509822,0,0.9285534458294233,0.28384450797000016,0.008691433954509822,0,0.9285534458294233,0.28384450797000016,0.008691433954509822,0,0.9285534458294233,-0.28384450797000016,0.0,1,0.8717845442354233,-0.28384450797000016,0.0,1,0.8717845442354233,-0.28384450797000016,0.0,1,0.8717845442354233
5.75,0.9031143205489212,0.5696322966090532,0.07233409351746427,3,0.3132977631349793,0.002170022805523928,0,0.934444096862419,0.3132977631349793,0.002170022805523928,0,0.934444096862419,0.3132977631349793,0.002170022805523928,0,0.934444096862419,-0.3132977631349793,0.0,1,0.8717845442354233,-0.3132977631349793,0.0,1,0.8717845442354233,-0.3132977631349793,0.0,1,0.8717845442354233
5.800000000000001,0.9031143205489212,0.5428007731720801,-0.16908177898819413,3,0.2985404252446441,0.0,1,0.9329683630733856,0.2985404252446441,0.0,1,0.9329683630733856,0.2985404252446441,0.0,1,0.9329683630733856,-0.2985404252446441,0.005072453369645824,0,0.8732602780244567,-0.2985404252446441,0.005072453369645824,0,0.8732602780244567,-0.2985404252446441,0.005072453369645824,0,0.8732602780244567
5.8500000000000005,0.9085343243618792,0.44425524930011717,-0.3832147369458014,3,0.24434038711506448,0.0,1,0.9329683630733856,0.24434038711506448,0.0,1,0.9329683630733856,0.24434038711506448,0.0,1,0.9329683630733856,-0.24434038711506448,0.011496442108374041,0,0.8841002856503728,-0.24434038711506448,0.011496442108374041,0,0.8841002856503728,-0.24434038711506448,0.011496442108374041,0,0.8841002856503728
5.9,0.9176561568697644,0.2784037491567491,-0.521619343560021,3,0.153122062036212,0.0,1,0.9329683630733856,0.153122062036212,0.0,1,0.9329683630733856,0.153122062036212,0.0,1,0.9329683630733856,-0.153122062036212,0.015648580306800632,0,0.9023439506661433,-0.153122062036212,0.015648580306800632,0,0.9023439506661433,-0.153122062036212,0.015648580306800632,0,0.9023439506661433
5.95,0.9297474816378747,0.058561480645652815,-0.5701497104796502,3,0.03220881435510905,0.0,1,0.9329683630733856,0.03220881435510905,0.0,1,0.9329683630733856,0.03220881435510905,0.0,1,0.9329683630733856,-0.03220881435510905,0.017104491314389507,0,0.9265266002023638,-0.03220881435510905,0.017104491314389507,0,0.9265266002023638,-0.03220881435510905,0.017104491314389507,0,0.9265266002023638
6.0,0.9430233679929132,-0.1828182712641383,-0.5389980742852933,3,-0.10055004919527608,0.0,1,0.9329683630733856,-0.10055004919527608,0.0,1,0.9329683630733856,-0.10055004919527608,0.0,1,0.9329683630733856,0.10055004919527608,0.0161699422285588,0,0.9530783729124408,0.10055004919527608,0.0161699422285588,0,0.9530783729124408,0.10055004919527608,0.0161699422285588,0,0.9530783729124408
6.050000000000001,0.9546190532779818,-0.39364891281084,-0.43640631787269574,3,-0.21650690204596204,0.0,1,0.9329683630733856,-0.21650690204596204,0.0,1,0.9329683630733856,-0.21650690204596204,0.0,1,0.9329683630733856,0.21650690204596204,0.013092189536180871,0,0.976269743482578,0.21650690204596204,0.013092189536180871,0,0.976269743482578,0.21650690204596204,0.013092189536180871,0,0.976269743482578
6.1000000000000005,0.9619449704046481,-0.5268474060229537,-0.2669055137370242,3,-0.28976607331262455,0.0,1,0.9329683630733856,-0.28976607331262455,0.0,1,0.9329683630733856,-0.28976607331262455,0.0,1,0.9329683630733856,0.28976607331262455,0.008007165412110726,0,0.9909215777359106,0.28976607331262455,0.008007165412110726,0,0.9909215777359106,0.28976607331262455,0.008007165412110726,0,0.9909215777359106
6.15,0.9643403852671352,-0.5704004035227211,-0.04470960918648969,3,-0.31372022193749666,0.0,1,0.9329683630733856,-0.31372022193749666,0.0,1,0.9329683630733856,-0.31372022193749666,0.0,1,0.9329683630733856,0.31372022193749666,0.0013412882755946907,0,0.9957124074608849,0.31372022193749666,0.0013412882755946907,0,0.9957124074608849,0.31372022193749666,0.0013412882755946907,0,0.9957124074608849
6.2,0.9643403852671352,-0.5349561783291085,0.19645111455877798,3,-0.2942258980810097,0.005893533436763339,0,0.9349177954590342,-0.2942258980810097,0.005893533436763339,0,0.9349177954590342,-0.2942258980810097,0.005893533436763339,0,0.9349177954590342,0.2942258980810097,0.0,1,0.9937629750752361,0.2942258980810097,0.0,1,0.9937629750752361,0.2942258980810097,0.0,1,0.9937629750752361
6.25,0.970204892045342,-0.42832878236171246,0.4038090023123194,3,-0.23558083029894186,0.012114270069369583,0,0.9466468090154478,-0.23558083029894186,0.012114270069369583,0,0.9466468090154478,-0.23558083029894186,0.012114270069369583,0,0.9466468090154478,0.23558083029894186,0.0,1,0.9937629750752361,0.23558083029894186,0.0,1,0.9937629750752361,0.23558083029894186,0.0,1,0.9937629750752361
6.300000000000001,0.9797256539392153,-0.2552240206549253,0.5317665543514303,3,-0.14037321136020892,0.015952996630542907,0,0.9656883328031944,-0.14037321136020892,0.015952996630542907,0,0.9656883328031944,-0.14037321136020892,0.015952996630542907,0,0.9656883328031944,0.14037321136020892,0.0,1,0.9937629750752361,0.14037321136020892,0.0,1,0.9937629750752361,0.14037321136020892,0.0,1,0.9937629750752361
6.3500000000000005,0.9920696773550942,-0.030787231275308188,0.570386932613202,3,-0.016932977201419504,0.017111607978396056,0,0.9903763796349523,-0.016932977201419504,0.017111607978396056,0,0.9903763796349523,-0.016932977201419504,0.017111607978396056,0,0.9903763796349523,0.016932977201419504,0.0,1,0.9937629750752361,0.016932977201419504,0.0,1,0.9937629750752361,0.016932977201419504,0.0,1,0.9937629750752361
6.4,1.0053112448869577,0.20996854203130016,0.530675713912923,3,0.1154826981172151,0.01592027141738769,0,1.0168595146986792,0.1154826981172151,0.01592027141738769,0,1.0168595146986792,0.1154826981172151,0.01592027141738769,0,1.0168595146986792,-0.1154826981172151,0.0,1,0.9937629750752361,-0.1154826981172151,0.0,1,0.9937629750752361,-0.1154826981172151,0.0,1,0.9937629750752361
6.45,1.0165158611069127,0.4136888369395741,0.42002387203961733,3,0.22752886031676578,0.012600716161188519,0,1.0392687471385893,0.22752886031676578,0.012600716161188519,0,1.0392687471385893,0.22752886031676578,0.012600716161188519,0,1.0392687471385893,-0.22752886031676578,0.0,1,0.9937629750752361,-0.22752886031676578,0.0,1,0.9937629750752361,-0.22752886031676578,0.0,1,0.9937629750752361
6.5,1.023263792906289,0.5363785060191438,0.2433637594194629,3,0.2950081783105291,0.007300912782583886,0,1.052764610737342,0.2950081783105291,0.007300912782583886,0,1.052764610737342,0.2950081783105291,0.007300912782583886,0,1.052764610737342,-0.2950081783105291,0.0,1,0.9937629750752361,-0.2950081783105291,0.0,1,0.9937629750752361,-0.2950081783105291,0.0,1,0.9937629750752361
6.550000000000001,1.0251191214505093,0.5701117522776933,0.01680337947433064,3,0.3135614637527313,0.0005041013842299192,0,1.0564752678257825,0.3135614637527313,0.0005041013842299192,0,1.0564752678257825,0.3135614637527313,0.0005041013842299192,0,1.0564752678257825,-0.3135614637527313,0.0,1,0.9937629750752361,-0.3135614637527313,0.0,1,0.9937629750752361,-0.3135614637527313,0.0,1,0.9937629750752361
6.6000000000000005,1.0251191214505093,0.5261572474753156,-0.22335883680496021,3,0.2893864861114236,0.0,1,1.0540577700616516,0.2893864861114236,0.0,1,1.0540577700616516,0.2893864861114236,0.0,1,1.0540577700616516,-0.2893864861114236,0.006700765104148806,0,0.996180472839367,-0.2893864861114236,0.006700765104148806,0,0.996180472839367,-0.2893864861114236,0.006700765104148806,0,0.996180472839367
6.65,1.0314256575853298,0.4114929541149399,-0.4232827923687887,3,0.22632112476321697,0.0,1,1.0540577700616516,0.22632112476321697,0.0,1,1.0540577700616516,0.22632112476321697,0.0,1,1.0540577700616516,-0.22632112476321697,0.01269848377106366,0,1.008793545109008,-0.22632112476321697,0.01269848377106366,0,1.008793545109008,-0.22632112476321697,0.01269848377106366,0,1.008793545109008
6.7,1.0413346502313379,0.23132945146025014,-0.540685222660964,3,0.1272311983031376,0.0,1,1.0540577700616516,0.1272311983031376,0.0,1,1.0540577700616516,0.1272311983031376,0.0,1,1.0540577700616516,-0.1272311983031376,0.01622055667982892,0,1.0286115304010242,-0.1272311983031376,0.01622055667982892,0,1.0286115304010242,-0.1272311983031376,0.01622055667982892,0,1.0286115304010242
6.75,1.0539055650714226,0.002767363458708222,-0.56957720642546,3,0.0015220499022895223,0.0,1,1.0540577700616516,0.0015220499022895223,0.0,1,1.0540577700616516,0.0015220499022895223,0.0,1,1.0540577700616516,-0.0015220499022895223,0.017087316192763796,0,1.0537533600811937,-0.0015220499022895223,0.017087316192763796,0,1.0537533600811937,-0.0015220499022895223,0.017087316192763796,0,1.0537533600811937
6.800000000000001,1.067071340294237,-0.2366103678651887,-0.5214012942407239,3,-0.13013570232585378,0.0,1,1.0540577700616516,-0.13013570232585378,0.0,1,1.0540577700616516,-0.13013570232585378,0.0,1,1.0540577700616516,0.13013570232585378,0.015642038827221715,0,1.0800849105268222,0.13013570232585378,0.015642038827221715,0,1.0800849105268222,0.13013570232585378,0.015642038827221715,0,1.0800849105268222
6.8500000000000005,1.0778499887189796,-0.43258579376960077,-0.40273754247139515,3,-0.23792218657328043,0.0,1,1.0540577700616516,-0.23792218657328043,0.0,1,1.0540577700616516,-0.23792218657328043,0.0,1,1.0540577700616516,0.23792218657328043,0.012082126274141854,0,1.1016422073763077,0.23792218657328043,0.012082126274141854,0,1.1016422073763077,0.23792218657328043,0.012082126274141854,0,1.1016422073763077
6.9,1.084015658477907,-0.544688880295555,-0.21912605440151295,3,-0.29957888416255524,0.0,1,1.0540577700616516,-0.29957888416255524,0.0,1,1.0540577700616516,-0.29957888416255524,0.0,1,1.0540577700616516,0.29957888416255524,0.006573781632045388,0,1.1139735468941625,0.29957888416255524,0.006573781632045388,0,1.1139735468941625,0.29957888416255524,0.006573781632045388,0,1.1139735468941625
6.95,1.084015658477907,-0.5687855216550061,0.011311234856920456,3,-0.31283203691025335,0.0003393370457076137,0,1.0527324547868817,-0.31283203691025335,0.0003393370457076137,0,1.0527324547868817,-0.31283203691025335,0.0003393370457076137,0,1.0527324547868817,0.31283203691025335,0.0,1,1.1152988621689324,0.31283203691025335,0.0,1,1.1152988621689324,0.31283203691025335,0.0,1,1.1152988621689324
7.0,1.0868964040374458,-0.5164083296633939,0.24971162676851716,3,-0.2840245813148667,0.0074913488030555146,0,1.0584939459059592,-0.2840245813148667,0.0074913488030555146,0,1.0584939459059592,-0.2840245813148667,0.0074913488030555146,0,1.0584939459059592,0.2840245813148667,0.0,1,1.1152988621689324,0.2840245813148667,0.0,1,1.1152988621689324,0.2840245813148667,0.0,1,1.1152988621689324
7.050000000000001,1.0936421003484729,-0.39375930582653507,0.4415933174685012,3,-0.2165676182045943,0.013247799524055037,0,1.0719853385280134,-0.2165676182045943,0.013247799524055037,0,1.0719853385280134,-0.2165676182045943,0.013247799524055037,0,1.0719853385280134,0.2165676182045943,0.0,1,1.1152988621689324,0.2165676182045943,0.0,1,1.1152988621689324,0.2165676182045943,0.0,1,1.1152988621689324
7.1000000000000005,1.1039271300147488,-0.20675876643970087,0.5483918399419413,3,-0.11371732154183549,0.016451755198258238,0,1.0925553978605653,-0.11371732154183549,0.016451755198258238,0,1.0925553978605653,-0.11371732154183549,0.016451755198258238,0,1.0925553978605653,0.11371732154183549,0.0,1,1.1152988621689324,0.11371732154183549,0.0,1,1.1152988621689324,0.11371732154183549,0.0,1,1.1152988621689324
7.15,1.1166971034028093,0.025422567888669582,0.5677388020953125,3,0.013982412338768272,0.017032164062859373,0,1.1180953446366861,0.013982412338768272,0.017032164062859373,0,1.1180953446366861,0.013982412338768272,0.017032164062859373,0,1.1180953446366861,-0.013982412338768272,0.0,1,1.1152988621689324,-0.013982412338768272,0.0,1,1.1152988621689324,-0.013982412338768272,0.0,1,1.1152988621689324
7.2,1.129744681735624,0.2626512648489382,0.5111788012783421,3,0.144458195666916,0.015335364038350265,0,1.1441905013023157,0.144458195666916,0.015335364038350265,0,1.1441905013023157,0.144458195666916,0.015335364038350265,0,1.1441905013023157,-0.144458195666916,0.0,1,1.1152988621689324,-0.144458195666916,0.0,1,1.1152988621689324,-0.144458195666916,0.0,1,1.1152988621689324
7.25,1.140065438564393,0.45030138900837274,0.38456007531699493,3,0.24766576395460502,0.011536802259509848,0,1.1648320149598534,0.24766576395460502,0.011536802259509848,0,1.1648320149598534,0.24766576395460502,0.011536802259509848,0,1.1648320149598534,-0.24766576395460502,0.0,1,1.1152988621689324,-0.24766576395460502,0.0,1,1.1152988621689324,-0.24766576395460502,0.0,1,1.1152988621689324
7.300000000000001,1.1456476762056722,0.5517966188498148,0.19423303081568372,3,0.3034881403673982,0.005826990924470511,0,1.175996490242412,0.3034881403673982,0.005826990924470511,0,1.175996490242412,0.3034881403673982,0.005826990924470511,0,1.175996490242412,-0.3034881403673982,0.0,1,1.1152988621689324,-0.3034881403673982,0.0,1,1.1152988621689324,-0.3034881403673982,0.0,1,1.1152988621689324
7.3500000000000005,1.1456476762056722,0.5664390257359397,-0.039556530778604326,3,0.31154146415476686,0.0,1,1.176801822621149,0.31154146415476686,0.0,1,1.176801822621149,0.31154146415476686,0.0,1,1.176801822621149,-0.31154146415476686,0.0011866959233581297,0,1.1144935297901954,-0.31154146415476686,0.0011866959233581297,0,1.1144935297901954,-0.31154146415476686,0.0011866959233581297,0,1.1144935297901954
7.4,1.1489875998728736,0.5057131408777358,-0.2754181305881867,3,0.2781422274827547,0.0,1,1.176801822621149,0.2781422274827547,0.0,1,1.176801822621149,0.2781422274827547,0.0,1,1.176801822621149,-0.2781422274827547,0.0082625439176456,0,1.1211733771245982,-0.2781422274827547,0.0082625439176456,0,1.1211733771245982,-0.2781422274827547,0.0082625439176456,0,1.1211733771245982
7.45,1.156169020787099,0.37514185152818436,-0.45870657768923107,3,0.2063280183405014,0.0,1,1.176801822621149,0.2063280183405014,0.0,1,1.176801822621149,0.2063280183405014,0.0,1,1.176801822621149,-0.2063280183405014,0.013761197330676931,0,1.1355362189530487,-0.2063280183405014,0.013761197330676931,0,1.1355362189530487,-0.2063280183405014,0.013761197330676931,0,1.1355362189530487
7.5,1.1668163229014792,0.1815545403576304,-0.5549058625424144,3,0.09985499719669673,0.0,1,1.176801822621149,0.09985499719669673,0.0,1,1.176801822621149,0.09985499719669673,0.0,1,1.176801822621149,-0.09985499719669673,0.01664717587627243,0,1.1568308231818094,-0.09985499719669673,0.01664717587627243,0,1.1568308231818094,-0.09985499719669673,0.01664717587627243,0,1.1568308231818094
7.550000000000001,1.179755475066365,-0.05370277173119982,-0.564888042196199,3,-0.0295365244521599,0.0,1,1.176801822621149,-0.0295365244521599,0.0,1,1.176801822621149,-0.0295365244521599,0.0,1,1.176801822621149,0.0295365244521599,0.01694664126588597,0,1.182709127511581,0.0295365244521599,0.01694664126588597,0,1.182709127511581,0.0295365244521599,0.01694664126588597,0,1.182709127511581
7.6000000000000005,1.1926418944952148,-0.28800130680119834,-0.5000117769300139,3,-0.1584007187406591,0.0,1,1.176801822621149,-0.1584007187406591,0.0,1,1.176801822621149,-0.1584007187406591,0.0,1,1.176801822621149,0.1584007187406591,0.015000353307900414,0,1.2084819663692807,0.1584007187406591,0.015000353307900414,0,1.2084819663692807,0.1584007187406591,0.015000353307900414,0,1.2084819663692807
7.65,1.202476151945669,-0.46680598771854676,-0.36550681099634413,3,-0.25674329324520073,0.0,1,1.176801822621149,-0.25674329324520073,0.0,1,1.176801822621149,-0.25674329324520073,0.0,1,1.176801822621149,0.25674329324520073,0.010965204329890324,0,1.228150481270189,0.25674329324520073,0.010965204329890324,0,1.228150481270189,0.25674329324520073,0.010965204329890324,0,1.228150481270189
7.7,1.2074765501028535,-0.5577223178491718,-0.1687292420551859,3,-0.3067472748170445,0.0,1,1.176801822621149,-0.3067472748170445,0.0,1,1.176801822621149,-0.3067472748170445,0.0,1,1.176801822621149,0.3067472748170445,0.005061877261655578,0,1.238151277584558,0.3067472748170445,0.005061877261655578,0,1.238151277584558,0.3067472748170445,0.005061877261655578,0,1.238151277584558
7.75,1.2074765501028535,-0.5630875718802864,0.06785070439267568,3,-0.3096981645341575,0.0020355211317802705,0,1.1765067336494377,-0.3096981645341575,0.0020355211317802705,0,1.1765067336494377,-0.3096981645341575,0.0020355211317802705,0,1.1765067336494377,0.3096981645341575,0.0,1,1.2384463665562693,0.3096981645341575,0.0,1,1.2384463665562693,0.3096981645341575,0.0,1,1.2384463665562693
7.800000000000001,1.2112722334625587,-0.49407514715837375,0.3003901472780496,3,-0.27174133093710556,0.009011704418341487,0,1.1840981003688482,-0.27174133093710556,0.009011704418341487,0,1.1840981003688482,-0.27174133093710556,0.009011704418341487,0,1.1840981003688482,0.27174133093710556,0.0,1,1.2384463665562693,0.27174133093710556,0.0,1,1.2384463665562693,0.27174133093710556,0.0,1,1.2384463665562693
7.8500000000000005,1.2188852143841713,-0.35565731221996444,0.47459724613946014,3,-0.19561152172098045,0.014237917384183804,0,1.1993240622120733,-0.19561152172098045,0.014237917384183804,0,1.1993240622120733,-0.19561152172098045,0.014237917384183804,0,1.1993240622120733,0.19561152172098045,0.0,1,1.2384463665562693,0.19561152172098045,0.0,1,1.2384463665562693,0.19561152172098045,0.0,1,1.2384463665562693
7.9,1.2298793827677268,-0.1557633416098636,0.560248807083365,3,-0.08566983788542498,0.01680746421250095,0,1.2213123989791843,-0.08566983788542498,0.01680746421250095,0,1.2213123989791843,-0.08566983788542498,0.01680746421250095,0,1.2213123989791843,0.08566983788542498,0.0,1,1.2384463665562693,0.08566983788542498,0.0,1,1.2384463665562693,0.08566983788542498,0.0,1,1.2384463665562693
7.95,1.2429557902859127,0.08198952235715438,0.5610392064624846,3,0.045094237296434914,0.016831176193874538,0,1.2474652140155562,0.045094237296434914,0.016831176193874538,0,1.2474652140155562,0.045094237296434914,0.016831176193874538,0,1.2474652140155562,-0.045094237296434914,0.0,1,1.2384463665562693,-0.045094237296434914,0.0,1,1.2384463665562693,-0.045094237296434914,0.0,1,1.2384463665562693
8.0,1.2556379537448297,0.3125743125192806,0.48790371119505743,3,0.17191587188560434,0.014637111335851723,0,1.27282954093339,0.17191587188560434,0.014637111335851723,0,1.27282954093339,0.17191587188560434,0.014637111335851723,0,1.27282954093339,-0.17191587188560434,0.0,1,1.2384463665562693,-0.17191587188560434,0.0,1,1.2384463665562693,-0.17191587188560434,0.0,1,1.2384463665562693
8.05,1.264960683382021,0.48207848774094086,0.345595901225401,3,0.2651431682575175,0.01036787703676203,0,1.2914750002077728,0.2651431682575175,0.01036787703676203,0,1.2914750002077728,0.2651431682575175,0.01036787703676203,0,1.2914750002077728,-0.2651431682575175,0.0,1,1.2384463665562693,-0.2651431682575175,0.0,1,1.2384463665562693,-0.2651431682575175,0.0,1,1.2384463665562693
8.1,1.2693832177486666,0.5624882034981342,0.142663307891031,3,0.30936851192397385,0.004279899236730929,0,1.300320068941064,0.30936851192397385,0.004279899236730929,0,1.300320068941064,0.30936851192397385,0.004279899236730929,0,1.300320068941064,-0.30936851192397385,0.0,1,1.2384463665562693,-0.30936851192397385,0.0,1,1.2384463665562693,-0.30936851192397385,0.0,1,1.2384463665562693
8.15,1.2693832177486666,0.5587444106441168,-0.09610821586287888,3,0.3073094258542643,0.0,1,1.300114160334093,0.3073094258542643,0.0,1,1.300114160334093,0.3073094258542643,0.0,1,1.300114160334093,-0.3073094258542643,0.0028832464758863662,0,1.23865227516324,-0.3073094258542643,0.0028832464758863662,0,1.23865227516324,-0.3073094258542643,0.0028832464758863662,0,1.23865227516324
8.200000000000001,1.2736317723565325,0.4814979632283773,-0.32454380420281803,3,0.2648238797756075,0.0,1,1.300114160334093,0.2648238797756075,0.0,1,1.300114160334093,0.2648238797756075,0.0,1,1.300114160334093,-0.2648238797756075,0.00973631412608454,0,1.2471493843789716,-0.2648238797756075,0.00973631412608454,0,1.2471493843789716,-0.2648238797756075,0.00973631412608454,0,1.2471493843789716
8.25,1.2816712679135054,0.33532531673795984,-0.489248337184839,3,0.18442892420587792,0.0,1,1.300114160334093,0.18442892420587792,0.0,1,1.300114160334093,0.18442892420587792,0.0,1,1.300114160334093,-0.18442892420587792,0.01467745011554517,0,1.2632283754929177,-0.18442892420587792,0.01467745011554517,0,1.2632283754929177,-0.18442892420587792,0.01467745011554517,0,1.2632283754929177
8.3,1.292995187087439,0.12943587721189245,-0.564443408132731,3,0.07118973246654085,0.0,1,1.300114160334093,0.07118973246654085,0.0,1,1.300114160334093,0.07118973246654085,0.0,1,1.300114160334093,-0.07118973246654085,0.01693330224398193,0,1.2858762138407849,-0.07118973246654085,0.01693330224398193,0,1.2858762138407849,-0.07118973246654085,0.01693330224398193,0,1.2858762138407849
8.35,1.3061749178235802,-0.11019559071794656,-0.5562045251217682,3,-0.06060757489487061,0.0,1,1.300114160334093,-0.06060757489487061,0.0,1,1.300114160334093,-0.06060757489487061,0.0,1,1.300114160334093,0.06060757489487061,0.016686135753653047,0,1.3122356753130673,0.06060757489487061,0.016686135753653047,0,1.3122356753130673,0.06060757489487061,0.016686135753653047,0,1.3122356753130673
8.4,1.3186100552256228,-0.33628899802781287,-0.4748584445607643,3,-0.1849589489152971,0.0,1,1.300114160334093,-0.1849589489152971,0.0,1,1.300114160334093,-0.1849589489152971,0.0,1,1.300114160334093,0.1849589489152971,0.014245753336822929,0,1.3371059501171525,0.1849589489152971,0.014245753336822929,0,1.3371059501171525,0.1849589489152971,0.014245753336822929,0,1.3371059501171525
8.450000000000001,1.3273999842076618,-0.49610588861033944,-0.32484849501459045,3,-0.2728582387356867,0.0,1,1.300114160334093,-0.2728582387356867,0.0,1,1.300114160334093,-0.2728582387356867,0.0,1,1.300114160334093,0.2728582387356867,0.009745454850437714,0,1.3546858080812305,0.2728582387356867,0.009745454850437714,0,1.3546858080812305,0.2728582387356867,0.009745454850437714,0,1.3546858080812305
8.5,1.3312506133817974,-0.5661173281400773,-0.1160880573258266,3,-0.31136453047704254,0.0,1,1.300114160334093,-0.31136453047704254,0.0,1,1.300114160334093,-0.31136453047704254,0.0,1,1.300114160334093,0.31136453047704254,0.003482641719774798,0,1.3623870664295017,0.31136453047704254,0.003482641719774798,0,1.3623870664295017,0.31136453047704254,0.003482641719774798,0,1.3623870664295017
8.55,1.3312506133817974,-0.5534207707042844,0.12424028946827004,3,-0.30438142388735645,0.003727208684048101,0,1.3008124709930617,-0.30438142388735645,0.003727208684048101,0,1.3008124709930617,-0.30438142388735645,0.003727208684048101,0,1.3008124709930617,0.30438142388735645,0.0,1,1.361688755770533,0.30438142388735645,0.0,1,1.361688755770533,0.30438142388735645,0.0,1,1.361688755770533
8.6,1.3359495391906167,-0.4679857559984792,0.3478006745935615,3,-0.2573921657991636,0.010434020237806844,0,1.3102103226107003,-0.2573921657991636,0.010434020237806844,0,1.3102103226107003,-0.2573921657991636,0.010434020237806844,0,1.3102103226107003,0.2573921657991636,0.0,1,1.361688755770533,0.2573921657991636,0.0,1,1.361688755770533,0.2573921657991636,0.0,1,1.361688755770533
8.65,1.3444094841786691,-0.31416857439752777,0.502650682996311,3,-0.1727927159186403,0.01507952048988933,0,1.3271302125868052,-0.1727927159186403,0.01507952048988933,0,1.3271302125868052,-0.1727927159186403,0.01507952048988933,0,1.3271302125868052,0.1727927159186403,0.0,1,1.361688755770533,0.1727927159186403,0.0,1,1.361688755770533,0.1727927159186403,0.0,1,1.361688755770533
8.700000000000001,1.3560442635638463,-0.10262713103066277,0.5675128566669067,3,-0.05644492206686453,0.0170253857000072,0,1.3503997713571598,-0.05644492206686453,0.0170253857000072,0,1.3503997713571598,-0.05644492206686453,0.0170253857000072,0,1.3503997713571598,0.05644492206686453,0.0,1,1.361688755770533,0.05644492206686453,0.0,1,1.361688755770533,0.05644492206686453,0.0,1,1.361688755770533
8.75,1.3692914505840375,0.1382308147909897,0.5503942535141457,3,0.07602694813504433,0.01651182760542437,0,1.3768941453975418,0.07602694813504433,0.01651182760542437,0,1.3768941453975418,0.07602694813504433,0.01651182760542437,0,1.3768941453975418,-0.07602694813504433,0.0,1,1.361688755770533,-0.07602694813504433,0.0,1,1.361688755770533,-0.07602694813504433,0.0,1,1.361688755770533
8.8,1.3814376084099935,0.3590700479901891,0.4608805699971339,3,0.197488526394604,0.013826417099914017,0,1.401186461049454,0.197488526394604,0.013826417099914017,0,1.401186461049454,0.197488526394604,0.013826417099914017,0,1.401186461049454,-0.197488526394604,0.0,1,1.361688755770533,-0.197488526394604,0.0,1,1.361688755770533,-0.197488526394604,0.0,1,1.361688755770533
8.85,1.3896773033672327,0.508882683576357,0.30328889964968186,3,0.27988547596699637,0.009098666989490455,0,1.4176658509639324,0.27988547596699637,0.009098666989490455,0,1.4176658509639324,0.27988547596699637,0.009098666989490455,0,1.4176658509639324,-0.27988547596699637,0.0,1,1.361688755770533,-0.27988547596699637,0.0,1,1.361688755770533,-0.27988547596699637,0.0,1,1.361688755770533
8.9,1.392963562759187,0.5686328543391616,0.08906065925727354,3,0.31274806988653886,0.002671819777718206,0,1.424238369747841,0.31274806988653886,0.002671819777718206,0,1.424238369747841,0.31274806988653886,0.002671819777718206,0,1.424238369747841,-0.31274806988653886,0.0,1,1.361688755770533,-0.31274806988653886,0.0,1,1.361688755770533,-0.31274806988653886,0.0,1,1.361688755770533
8.950000000000001,1.392963562759187,0.5471259712069667,-0.15215555506469022,3,0.30091928416383174,0.0,1,1.4230554911755702,0.30091928416383174,0.0,1,1.4230554911755702,0.30091928416383174,0.0,1,1.4230554911755702,-0.30091928416383174,0.0045646666519407065,0,1.3628716343428038,-0.30091928416383174,0.0045646666519407065,0,1.3628716343428038,-0.30091928416383174,0.0045646666519407065,0,1.3628716343428038
9.0,1.3981105908385143,0.45354364249192675,-0.370088791801722,3,0.24944900337055972,0.0,1,1.4230554911755702,0.24944900337055972,0.0,1,1.4230554911755702,0.24944900337055972,0.0,1,1.4230554911755702,-0.24944900337055972,0.01110266375405166,0,1.3731656905014584,-0.24944900337055972,0.01110266375405166,0,1.3731656905014584,-0.24944900337055972,0.01110266375405166,0,1.3731656905014584
9.05,1.4069837747382976,0.2922130261322303,-0.5148022496101458,3,0.16071716437272668,0.0,1,1.4230554911755702,0.16071716437272668,0.0,1,1.4230554911755702,0.16071716437272668,0.0,1,1.4230554911755702,-0.16071716437272668,0.015444067488304371,0,1.390912058301025,-0.16071716437272668,0.015444067488304371,0,1.390912058301025,-0.16071716437272668,0.015444067488304371,0,1.390912058301025
9.1,1.4189086845825507,0.0753964835094442,-0.5694801323881474,3,0.04146806593019431,0.0,1,1.4230554911755702,0.04146806593019431,0.0,1,1.4230554911755702,0.04146806593019431,0.0,1,1.4230554911755702,-0.04146806593019431,0.017084403971644423,0,1.4147618779895312,-0.04146806593019431,0.017084403971644423,0,1.4147618779895312,-0.04146806593019431,0.017084403971644423,0,1.4147618779895312
9.15,1.4321856458374418,-0.16600281203402895,-0.5436168201410546,3,-0.09130154661871592,0.0,1,1.4230554911755702,-0.09130154661871592,0.0,1,1.4230554911755702,-0.09130154661871592,0.0,1,1.4230554911755702,0.09130154661871592,0.01630850460423164,0,1.4413158004993134,0.09130154661871592,0.01630850460423164,0,1.4413158004993134,0.09130154661871592,0.01630850460423164,0,1.4413158004993134
9.200000000000001,1.4440021895993909,-0.3808490622512839,-0.4459758243475511,3,-0.20946698423820617,0.0,1,1.4230554911755702,-0.20946698423820617,0.0,1,1.4230554911755702,-0.20946698423820617,0.0,1,1.4230554911755702,0.20946698423820617,0.013379274730426534,0,1.4649488880232115,0.20946698423820617,0.013379274730426534,0,1.4649488880232115,0.20946698423820617,0.013379274730426534,0,1.4649488880232115
9.25,1.4516780471605653,-0.5204101088180908,-0.2809447238826977,3,-0.28622555984994996,0.0,1,1.4230554911755702,-0.28622555984994996,0.0,1,1.4230554911755702,-0.28622555984994996,0.0,1,1.4230554911755702,0.28622555984994996,0.00842834171648093,0,1.4803006031455603,0.28622555984994996,0.00842834171648093,0,1.4803006031455603,0.28622555984994996,0.00842834171648093,0,1.4803006031455603
9.3,1.4544086502346234,-0.5700574374373295,-0.06164272751453273,3,-0.31353159059053126,0.0,1,1.4230554911755702,-0.31353159059053126,0.0,1,1.4230554911755702,-0.31353159059053126,0.0,1,1.4230554911755702,0.31353159059053126,0.0018492818254359819,0,1.4857618092936766,0.31353159059053126,0.0018492818254359819,0,1.4857618092936766,0.31353159059053126,0.0018492818254359819,0,1.4857618092936766
9.35,1.4544086502346234,-0.5398676034271797,0.1797608304514054,3,-0.2969271818849488,0.005392824913542161,0,1.4247159320461285,-0.2969271818849488,0.005392824913542161,0,1.4247159320461285,-0.2969271818849488,0.005392824913542161,0,1.4247159320461285,0.2969271818849488,0.0,1,1.4841013684231184,0.2969271818849488,0.0,1,1.4841013684231184,0.2969271818849488,0.0,1,1.4841013684231184
9.4,1.4600015744427635,-0.43817807237008893,0.39134351825200897,3,-0.24099793980354894,0.01174030554756027,0,1.4359017804624086,-0.24099793980354894,0.01174030554756027,0,1.4359017804624086,-0.24099793980354894,0.01174030554756027,0,1.4359017804624086,0.24099793980354894,0.0,1,1.4841013684231184,0.24099793980354894,0.0,1,1.4841013684231184,0.24099793980354894,0.0,1,1.4841013684231184
9.450000000000001,1.4692795294324899,-0.2694879816477957,0.5257073287850681,3,-0.14821838990628763,0.015771219863552042,0,1.4544576904418611,-0.14821838990628763,0.015771219863552042,0,1.4544576904418611,-0.14821838990628763,0.015771219863552042,0,1.4544576904418611,0.14821838990628763,0.0,1,1.4841013684231184,0.14821838990628763,0.0,1,1.4841013684231184,0.14821838990628763,0.0,1,1.4841013684231184
9.5,1.481471939536469,-0.04780779793908,0.5703674379557035,3,-0.026294288866494004,0.017111023138671105,0,1.4788425106498198,-0.026294288866494004,0.017111023138671105,0,1.4788425106498198,-0.026294288866494004,0.017111023138671105,0,1.4788425106498198,0.026294288866494004,0.0,1,1.4841013684231184,0.026294288866494004,0.0,1,1.4841013684231184,0.026294288866494004,0.0,1,1.4841013684231184
9.55,1.4947393490479735,0.19341782954282044,0.5358790397869342,3,0.10637980624855126,0.016076371193608024,0,1.5053773296728286,0.10637980624855126,0.016076371193608024,0,1.5053773296728286,0.10637980624855126,0.016076371193608024,0,1.5053773296728286,-0.10637980624855126,0.0,1,1.4841013684231184,-0.10637980624855126,0.0,1,1.4841013684231184,-0.10637980624855126,0.0,1,1.4841013684231184
9.600000000000001,1.506187462022212,0.4015653381653404,0.4301514598317431,3,0.22086093599093723,0.012904543794952292,0,1.5282735556213056,0.22086093599093723,0.012904543794952292,0,1.5282735556213056,0.22086093599093723,0.012904543794952292,0,1.5282735556213056,-0.22086093599093723,0.0,1,1.4841013684231184,-0.22086093599093723,0.0,1,1.4841013684231184,-0.22086093599093723,0.0,1,1.4841013684231184
9.65,1.5132896092429375,0.5306952876330754,0.25784701091944645,3,0.2918824081981915,0.007735410327583393,0,1.5424778500627567,0.2918824081981915,0.007735410327583393,0,1.5424778500627567,0.2918824081981915,0.007735410327583393,0,1.5424778500627567,-0.2918824081981915,0.0,1,1.4841013684231184,-0.2918824081981915,0.0,1,1.4841013684231184,-0.2918824081981915,0.0,1,1.4841013684231184
9.700000000000001,1.5154740676035459,0.5704127123714072,0.03390038402033423,3,0.313726991804274,0.001017011520610027,0,1.5468467667839731,0.313726991804274,0.001017011520610027,0,1.5468467667839731,0.313726991804274,0.001017011520610027,0,1.5468467667839731,-0.313726991804274,0.0,1,1.4841013684231184,-0.313726991804274,0.0,1,1.4841013684231184,-0.313726991804274,0.0,1,1.4841013684231184
9.75,1.5154740676035459,0.5316517731463217,-0.20696203610993769,3,0.29240847523047697,0.0,1,1.5447149151265935,0.29240847523047697,0.0,1,1.5447149151265935,0.29240847523047697,0.0,1,1.5447149151265935,-0.29240847523047697,0.00620886108329813,0,1.4862332200804982,-0.29240847523047697,0.00620886108329813,0,1.4862332200804982,-0.29240847523047697,0.00620886108329813,0,1.4862332200804982
9.8,1.521510569870805,0.4218971864688853,-0.4115082331100603,3,0.23204345255788694,0.0,1,1.5447149151265935,0.23204345255788694,0.0,1,1.5447149151265935,0.23204345255788694,0.0,1,1.5447149151265935,-0.23204345255788694,0.012345246993301808,0,1.4983062246150163,-0.23204345255788694,0.012345246993301808,0,1.4983062246150163,-0.23204345255788694,0.012345246993301808,0,1.4983062246150163
9.850000000000001,1.5311834713757813,0.2460262500147673,-0.5353756442531099,3,0.13531443750812203,0.0,1,1.5447149151265935,0.13531443750812203,0.0,1,1.5447149151265935,0.13531443750812203,0.0,1,1.5447149151265935,-0.13531443750812203,0.016061269327593296,0,1.517652027624969,-0.13531443750812203,0.016061269327593296,0,1.517652027624969,-0.13531443750812203,0.016061269327593296,0,1.517652027624969
9.9,1.5436187950485907,0.019929455963690147,-0.5701957388286496,3,0.010961200780029582,0.0,1,1.5447149151265935,0.010961200780029582,0.0,1,1.5447149151265935,0.010961200780029582,0.0,1,1.5447149151265935,-0.010961200780029582,0.01710587216485949,0,1.5425226749705878,-0.010961200780029582,0.01710587216485949,0,1.5425226749705878,-0.010961200780029582,0.01710587216485949,0,1.5425226749705878
9.950000000000001,1.556835909674146,-0.22038171904640763,-0.5271863828894915,3,-0.1212099454755242,0.0,1,1.5447149151265935,-0.1212099454755242,0.0,1,1.5447149151265935,-0.1212099454755242,0.0,1,1.5447149151265935,0.1212099454755242,0.015815591486684745,0,1.5689569042216984,0.1212099454755242,0.015815591486684745,0,1.5689569042216984,0.1212099454755242,0.015815591486684745,0,1.5689569042216984
10.0,1.5678790702456367,-0.42116645670987574,-0.4134165879243437,3,-0.23164155119043167,0.0,1,1.5447149151265935,-0.23164155119043167,0.0,1,1.5447149151265935,-0.23164155119043167,0.0,1,1.5447149151265935,0.23164155119043167,0.012402497637730311,0,1.5910432253646798,0.23164155119043167,0.012402497637730311,0,1.5910432253646798,0.23164155119043167,0.012402497637730311,0,1.5910432253646798
10.05,1.5744011820871426,-0.5397503083736198,-0.2340303682314133,3,-0.2968626696054909,0.0,1,1.5447149151265935,-0.2968626696054909,0.0,1,1.5447149151265935,-0.2968626696054909,0.0,1,1.5447149151265935,0.2968626696054909,0.007020911046942398,0,1.6040874490476917,0.2968626696054909,0.007020911046942398,0,1.6040874490476917,0.2968626696054909,0.007020911046942398,0,1.6040874490476917
10.100000000000001,1.5760494538875054,-0.5697188865620338,-0.005904261957346032,3,-0.3133453876091186,0.0,1,1.5447149151265935,-0.3133453876091186,0.0,1,1.5447149151265935,-0.3133453876091186,0.0,1,1.5447149151265935,0.3133453876091186,0.00017712785872038098,0,1.6073839926484172,0.3133453876091186,0.00017712785872038098,0,1.6073839926484172,0.3133453876091186,0.00017712785872038098,0,1.6073839926484172
10.15,1.5760494538875054,-0.5224833946958521,0.23366522501461845,3,-0.2873658670827187,0.007009956750438554,0,1.5473128671792336,-0.2873658670827187,0.007009956750438554,0,1.5473128671792336,-0.2873658670827187,0.007009956750438554,0,1.5473128671792336,0.2873658670827187,0.0,1,1.6047860405957772,0.2873658670827187,0.0,1,1.6047860405957772,0.2873658670827187,0.0,1,1.6047860405957772
10.200000000000001,1.5825269276419027,-0.4047111446158991,0.4305348112138084,3,-0.22259112953874452,0.01291604433641425,0,1.5602678146880282,-0.22259112953874452,0.01291604433641425,0,1.5602678146880282,-0.22259112953874452,0.01291604433641425,0,1.5602678146880282,0.22259112953874452,0.0,1,1.6047860405957772,0.22259112953874452,0.0,1,1.6047860405957772,0.22259112953874452,0.0,1,1.6047860405957772
10.25,1.5925835057403506,-0.22186427009866763,0.5438214107272291,3,-0.12202534855426721,0.016314642321816872,0,1.580380970884924,-0.12202534855426721,0.016314642321816872,0,1.580380970884924,-0.12202534855426721,0.016314642321816872,0,1.580380970884924,0.12202534855426721,0.0,1,1.6047860405957772,0.12202534855426721,0.0,1,1.6047860405957772,0.12202534855426721,0.0,1,1.6047860405957772
10.3,1.6052351527945257,0.008165676340881764,0.5689844088548152,3,0.00449112198748497,0.017069532265644453,0,1.605684264993274,0.00449112198748497,0.017069532265644453,0,1.605684264993274,0.00449112198748497,0.017069532265644453,0,1.605684264993274,-0.00449112198748497,0.0,1,1.6047860405957772,-0.00449112198748497,0.0,1,1.6047860405957772,-0.00449112198748497,0.0,1,1.6047860405957772
10.350000000000001,1.6183600964207778,0.24680101500001222,0.5175432918821659,3,0.13574055825000672,0.015526298756464975,0,1.6319341522457784,0.13574055825000672,0.015526298756464975,0,1.6319341522457784,0.13574055825000672,0.015526298756464975,0,1.6319341522457784,-0.13574055825000672,0.0,1,1.6047860405957772,-0.13574055825000672,0.0,1,1.6047860405957772,-0.13574055825000672,0.0,1,1.6047860405957772
10.4,1.6289645163441824,0.43960864997100474,0.39578249002427507,3,0.24178475748405262,0.011873474700728252,0,1.6531429920925875,0.24178475748405262,0.011873474700728252,0,1.6531429920925875,0.24178475748405262,0.011873474700728252,0,1.6531429920925875,-0.24178475748405262,0.0,1,1.6047860405957772,-0.24178475748405262,0.0,1,1.6047860405957772,-0.24178475748405262,0.0,1,1.6047860405957772
10.450000000000001,1.6349035606415552,0.5475912735595981,0.2095330997321994,3,0.301175200457779,0.006285992991965982,0,1.6650210806873331,0.301175200457779,0.006285992991965982,0,1.6650210806873331,0.301175200457779,0.006285992991965982,0,1.6650210806873331,-0.301175200457779,0.0,1,1.6047860405957772,-0.301175200457779,0.0,1,1.6047860405957772,-0.301175200457779,0.0,1,1.6047860405957772
10.5,1.6349035606415552,0.5679944375414114,-0.022270569983595553,3,0.3123969406477763,0.0,1,1.6661432547063328,0.3123969406477763,0.0,1,1.6661432547063328,0.3123969406477763,0.0,1,1.6661432547063328,-0.3123969406477763,0.0006681170995078665,0,1.6036638665767775,-0.3123969406477763,0.0006681170995078665,0,1.6036638665767775,-0.3123969406477763,0.0006681170995078665,0,1.6036638665767775
10.55,1.637963095712,0.5123665271696951,-0.2597777014346912,3,0.2818015899433323,0.0,1,1.6661432547063328,0.2818015899433323,0.0,1,1.6661432547063328,0.2818015899433323,0.0,1,1.6661432547063328,-0.2818015899433323,0.007793331043040736,0,1.6097829367176668,-0.2818015899433323,0.007793331043040736,0,1.6097829367176668,-0.2818015899433323,0.007793331043040736,0,1.6097829367176668
10.600000000000001,1.644878471694047,0.3866324184051949,-0.4483838762888736,3,0.2126478301228572,0.0,1,1.6661432547063328,0.2126478301228572,0.0,1,1.6661432547063328,0.2126478301228572,0.0,1,1.6661432547063328,-0.2126478301228572,0.013451516288666207,0,1.6236136886817614,-0.2126478301228572,0.013451516288666207,0,1.6236136886817614,-0.2126478301228572,0.013451516288666207,0,1.6236136886817614
10.65,1.6553059312155654,0.19704224528668327,-0.55106238170475,3,0.10837323490767581,0.0,1,1.6661432547063328,0.10837323490767581,0.0,1,1.6661432547063328,0.10837323490767581,0.0,1,1.6661432547063328,-0.10837323490767581,0.0165318714511425,0,1.6444686077247979,-0.10837323490767581,0.0165318714511425,0,1.6444686077247979,-0.10837323490767581,0.0165318714511425,0,1.6444686077247979
10.700000000000001,1.6681452750954453,-0.03640037071113516,-0.5667509790093771,3,-0.020020203891124338,0.0,1,1.6661432547063328,-0.020020203891124338,0.0,1,1.6661432547063328,-0.020020203891124338,0.0,1,1.6661432547063328,0.020020203891124338,0.01700252937028131,0,1.6701472954845578,0.020020203891124338,0.01700252937028131,0,1.6701472954845578,0.020020203891124338,0.01700252937028131,0,1.6701472954845578
10.75,1.6811353794121817,-0.2725840855608875,-0.5069535347950831,3,-0.14992124705848814,0.0,1,1.6661432547063328,-0.14992124705848814,0.0,1,1.6661432547063328,-0.14992124705848814,0.0,1,1.6661432547063328,0.14992124705848814,0.015208606043852492,0,1.6961275041180306,0.14992124705848814,0.015208606043852492,0,1.6961275041180306,0.14992124705848814,0.015208606043852492,0,1.6961275041180306
10.8,1.6912703863375598,-0.45685693874958483,-0.3772628919409951,3,-0.2512713163122717,0.0,1,1.6661432547063328,-0.2512713163122717,0.0,1,1.6661432547063328,-0.2512713163122717,0.0,1,1.6661432547063328,0.2512713163122717,0.011317886758229853,0,1.716397517968787,0.2512713163122717,0.011317886758229853,0,1.716397517968787,0.2512713163122717,0.011317886758229853,0,1.716397517968787
10.850000000000001,1.6966263092000073,-0.5542373544304501,-0.1843973434857626,3,-0.30483054493674755,0.0,1,1.6661432547063328,-0.30483054493674755,0.0,1,1.6661432547063328,-0.30483054493674755,0.0,1,1.6661432547063328,0.30483054493674755,0.005531920304572877,0,1.727109363693682,0.30483054493674755,0.005531920304572877,0,1.727109363693682,0.30483054493674755,0.005531920304572877,0,1.727109363693682
10.9,1.6966263092000073,-0.5652559116518666,0.05054478084536985,3,-0.3108907514085267,0.0015163434253610954,0,1.6655372340591548,-0.3108907514085267,0.0015163434253610954,0,1.6655372340591548,-0.3108907514085267,0.0015163434253610954,0,1.6655372340591548,0.3108907514085267,0.0,1,1.72771538434086,0.3108907514085267,0.0,1,1.72771538434086,0.3108907514085267,0.0,1,1.72771538434086
10.950000000000001,1.7001436234823222,-0.5013047428825051,0.2852091946885033,3,-0.27571760858537786,0.0085562758406551,0,1.6725718626237844,-0.27571760858537786,0.0085562758406551,0,1.6725718626237844,-0.27571760858537786,0.0085562758406551,0,1.6725718626237844,0.27571760858537786,0.0,1,1.72771538434086,0.27571760858537786,0.0,1,1.72771538434086,0.27571760858537786,0.0,1,1.72771538434086
11.0,1.7074932017361946,-0.36767604735754666,0.46502482310389814,3,-0.20222182604665068,0.013950744693116943,0,1.6872710191315294,-0.20222182604665068,0.013950744693116943,0,1.6872710191315294,-0.20222182604665068,0.013950744693116943,0,1.6872710191315294,0.20222182604665068,0.0,1,1.72771538434086,0.20222182604665068,0.0,1,1.72771538434086,0.20222182604665068,0.0,1,1.72771538434086
11.05,1.7182771487102195,-0.17160428419346094,0.5571189182356989,3,-0.09438235630640353,0.016713567547070967,0,1.7088389130795791,-0.09438235630640353,0.016713567547070967,0,1.7088389130795791,-0.09438235630640353,0.016713567547070967,0,1.7088389130795791,0.09438235630640353,0.0,1,1.72771538434086,0.09438235630640353,0.0,1,1.72771538434086,0.09438235630640353,0.0,1,1.72771538434086
11.100000000000001,1.731273513927141,0.06469326520510994,0.5635109847181743,3,0.035581295862810475,0.01690532954154523,0,1.734831643513422,0.035581295862810475,0.01690532954154523,0,1.734831643513422,0.035581295862810475,0.01690532954154523,0,1.734831643513422,-0.035581295862810475,0.0,1,1.72771538434086,-0.035581295862810475,0.0,1,1.72771538434086,-0.035581295862810475,0.0,1,1.72771538434086
11.15,1.7440857118852977,0.29764231898977656,0.49542058599383154,3,0.16370327544437713,0.014862617579814946,0,1.7604560394297355,0.16370327544437713,0.014862617579814946,0,1.7604560394297355,0.16370327544437713,0.014862617579814946,0,1.7604560394297355,-0.16370327544437713,0.0,1,1.72771538434086,-0.16370327544437713,0.0,1,1.72771538434086,-0.16370327544437713,0.0,1,1.72771538434086
11.200000000000001,1.7537240615904732,0.47288504090206007,0.3578742020415541,3,0.26008677249613305,0.010736226061246624,0,1.7797327388400865,0.26008677249613305,0.010736226061246624,0,1.7797327388400865,0.26008677249613305,0.010736226061246624,0,1.7797327388400865,-0.26008677249613305,0.0,1,1.72771538434086,-0.26008677249613305,0.0,1,1.72771538434086,-0.26008677249613305,0.0,1,1.72771538434086
11.25,1.7584994277826869,0.5597098807604866,0.15866921497546194,3,0.30784043441826764,0.004760076449263858,0,1.7892834712245136,0.30784043441826764,0.004760076449263858,0,1.7892834712245136,0.30784043441826764,0.004760076449263858,0,1.7892834712245136,-0.30784043441826764,0.0,1,1.72771538434086,-0.30784043441826764,0.0,1,1.72771538434086,-0.30784043441826764,0.0,1,1.72771538434086
11.3,1.7584994277826869,0.5615178185070363,-0.0788350651312918,3,0.30883480017887,0.0,1,1.7893829078005739,0.30883480017887,0.0,1,1.7893829078005739,0.30883480017887,0.0,1,1.7893829078005739,-0.30883480017887,0.002365051953938754,0,1.7276159477647999,-0.30883480017887,0.002365051953938754,0,1.7276159477647999,-0.30883480017887,0.002365051953938754,0,1.7276159477647999
11.350000000000001,1.7624713243230463,0.489301517773226,-0.3098730474684629,3,0.26911583477527434,0.0,1,1.7893829078005739,0.26911583477527434,0.0,1,1.7893829078005739,0.26911583477527434,0.0,1,1.7893829078005739,-0.26911583477527434,0.009296191424053886,0,1.7355597408455188,-0.26911583477527434,0.009296191424053886,0,1.7355597408455188,-0.26911583477527434,0.009296191424053886,0,1.7355597408455188
11.4,1.7702506155169953,0.3478598597014346,-0.480435615058242,3,0.19132292283578906,0.0,1,1.7893829078005739,0.19132292283578906,0.0,1,1.7893829078005739,0.19132292283578906,0.0,1,1.7893829078005739,-0.19132292283578906,0.014413068451747259,0,1.7511183232334164,-0.19132292283578906,0.014413068451747259,0,1.7511183232334164,-0.19132292283578906,0.014413068451747259,0,1.7511183232334164
11.450000000000001,1.781374987793505,0.14559854558307062,-0.5620131059460282,3,0.08007920007068885,0.0,1,1.7893829078005739,0.08007920007068885,0.0,1,1.7893829078005739,0.08007920007068885,0.0,1,1.7893829078005739,-0.08007920007068885,0.016860393178380843,0,1.7733670677864362,-0.08007920007068885,0.016860393178380843,0,1.7733670677864362,-0.08007920007068885,0.016860393178380843,0,1.7733670677864362
11.5,1.794495664608527,-0.09295921469006149,-0.559277905844897,3,-0.05112756807953382,0.0,1,1.7893829078005739,-0.05112756807953382,0.0,1,1.7893829078005739,-0.05112756807953382,0.0,1,1.7893829078005739,0.05112756807953382,0.016778337175346908,0,1.7996084214164805,0.05112756807953382,0.016778337175346908,0,1.7996084214164805,0.05112756807953382,0.016778337175346908,0,1.7996084214164805
11.55,1.8070869294513265,-0.3218913027409576,-0.4829480236029379,3,-0.17704021650752672,0.0,1,1.7893829078005739,-0.17704021650752672,0.0,1,1.7893829078005739,-0.17704021650752672,0.0,1,1.7893829078005739,0.17704021650752672,0.014488440708088137,0,1.8247909511020792,0.17704021650752672,0.014488440708088137,0,1.8247909511020792,0.17704021650752672,0.014488440708088137,0,1.8247909511020792
11.600000000000001,1.81620503624231,-0.4876750625770191,-0.3376357156217421,3,-0.26822128441736054,0.0,1,1.7893829078005739,-0.26822128441736054,0.0,1,1.7893829078005739,-0.26822128441736054,0.0,1,1.7893829078005739,0.26822128441736054,0.010129071468652263,0,1.843027164684046,0.26822128441736054,0.010129071468652263,0,1.843027164684046,0.26822128441736054,0.010129071468652263,0,1.843027164684046
11.65,1.820404639781489,-0.5640314905620921,-0.1323989522775318,3,-0.3102173198091507,0.0,1,1.7893829078005739,-0.3102173198091507,0.0,1,1.7893829078005739,-0.3102173198091507,0.0,1,1.7893829078005739,0.3102173198091507,0.003971968568325953,0,1.851426371762404,0.3102173198091507,0.003971968568325953,0,1.851426371762404,0.3102173198091507,0.003971968568325953,0,1.851426371762404
11.700000000000001,1.820404639781489,-0.5567926147891219,0.10705455909878424,3,-0.30623593813401706,0.003211636772963527,0,1.7897810459680874,-0.30623593813401706,0.003211636772963527,0,1.7897810459680874,-0.30623593813401706,0.003211636772963527,0,1.7897810459680874,0.30623593813401706,0.0,1,1.8510282335948907,0.30623593813401706,0.0,1,1.8510282335948907,0.30623593813401706,0.0,1,1.8510282335948907
11.75,1.8248283987695402,-0.47636063318819133,0.3336873742725863,3,-0.26199834825350526,0.010010621228177589,0,1.7986285639441897,-0.26199834825350526,0.010010621228177589,0,1.7986285639441897,-0.26199834825350526,0.010010621228177589,0,1.7986285639441897,0.26199834825350526,0.0,1,1.8510282335948907,0.26199834825350526,0.0,1,1.8510282335948907,0.26199834825350526,0.0,1,1.8510282335948907
11.8,1.8330319772087424,-0.32720466156633227,0.4946023746971735,3,-0.17996256386148277,0.014838071240915204,0,1.8150357208225942,-0.17996256386148277,0.014838071240915204,0,1.8150357208225942,-0.17996256386148277,0.014838071240915204,0,1.8150357208225942,0.17996256386148277,0.0,1,1.8510282335948907,0.17996256386148277,0.0,1,1.8510282335948907,0.17996256386148277,0.0,1,1.8510282335948907
11.850000000000001,1.844478977590495,-0.11907738189810185,0.5657679421970685,3,-0.06549256004395602,0.016973038265912056,0,1.8379297215860995,-0.06549256004395602,0.016973038265912056,0,1.8379297215860995,-0.06549256004395602,0.016973038265912056,0,1.8379297215860995,0.06549256004395602,0.0,1,1.8510282335948907,0.06549256004395602,0.0,1,1.8510282335948907,0.06549256004395602,0.0,1,1.8510282335948907
11.9,1.8576892712415554,0.12110977539390815,0.554063192494104,3,0.06661037646664948,0.01662189577482312,0,1.8643503088882203,0.06661037646664948,0.01662189577482312,0,1.8643503088882203,0.06661037646664948,0.01662189577482312,0,1.8643503088882203,-0.06661037646664948,0.0,1,1.8510282335948907,-0.06661037646664948,0.0,1,1.8510282335948907,-0.06661037646664948,0.0,1,1.8510282335948907
11.950000000000001,1.8700170908297036,0.3452519497238706,0.469539932991188,3,0.18988857234812884,0.01408619798973564,0,1.8890059480645165,0.18988857234812884,0.01408619798973564,0,1.8890059480645165,0.18988857234812884,0.01408619798973564,0,1.8890059480645165,-0.18988857234812884,0.0,1,1.8510282335948907,-0.18988857234812884,0.0,1,1.8510282335948907,-0.18988857234812884,0.0,1,1.8510282335948907
12.0,1.8785951683050046,0.5012169947293464,0.31656979038904237,3,0.27566934710114055,0.00949709371167127,0,1.9061621030151186,0.27566934710114055,0.00949709371167127,0,1.9061621030151186,0.27566934710114055,0.00949709371167127,0,1.9061621030151186,-0.27566934710114055,0.0,1,1.8510282335948907,-0.27566934710114055,0.0,1,1.8510282335948907,-0.27566934710114055,0.0,1,1.8510282335948907
12.05,1.8822256283281409,0.567225358786367,0.10564105556418171,3,0.3119739473325019,0.0031692316669254513,0,1.9134230230613911,0.3119739473325019,0.0031692316669254513,0,1.9134230230613911,0.3119739473325019,0.0031692316669254513,0,1.9134230230613911,-0.3119739473325019,0.0,1,1.8510282335948907,-0.3119739473325019,0.0,1,1.8510282335948907,-0.3119739473325019,0.0,1,1.8510282335948907
12.100000000000001,1.8822256283281409,0.5510907701762815,-0.13511339533070868,3,0.30309992359695487,0.0,1,1.9125356206878363,0.30309992359695487,0.0,1,1.9125356206878363,0.30309992359695487,0.0,1,1.9125356206878363,-0.30309992359695487,0.00405340185992126,0,1.8519156359684454,-0.30309992359695487,0.00405340185992126,0,1.8519156359684454,-0.30309992359695487,0.00405340185992126,0,1.8519156359684454
12.15,1.8870988588737747,0.46248657843748414,-0.3565761440788323,3,0.2543676181406163,0.0,1,1.9125356206878363,0.2543676181406163,0.0,1,1.9125356206878363,0.2543676181406163,0.0,1,1.9125356206878363,-0.2543676181406163,0.01069728432236497,0,1.861662097059713,-0.2543676181406163,0.01069728432236497,0,1.861662097059713,-0.2543676181406163,0.01069728432236497,0,1.861662097059713
12.200000000000001,1.895720228665148,0.30573440041251315,-0.5075187938796358,3,0.16815392022688225,0.0,1,1.9125356206878363,0.16815392022688225,0.0,1,1.9125356206878363,0.16815392022688225,0.0,1,1.9125356206878363,-0.16815392022688225,0.015225563816389074,0,1.8789048366424597,-0.16815392022688225,0.015225563816389074,0,1.8789048366424597,-0.16815392022688225,0.015225563816389074,0,1.8789048366424597
12.25,1.9074702597338729,0.09209747189024119,-0.5684066097358581,3,0.05065360953963265,0.0,1,1.9125356206878363,0.05065360953963265,0.0,1,1.9125356206878363,0.05065360953963265,0.0,1,1.9125356206878363,-0.05065360953963265,0.017052198292075743,0,1.9024048987799096,-0.05065360953963265,0.017052198292075743,0,1.9024048987799096,-0.05065360953963265,0.017052198292075743,0,1.9024048987799096
12.3,1.9207335813638824,-0.14905383047356438,-0.5478763691122271,3,-0.08197960676046041,0.0,1,1.9125356206878363,-0.08197960676046041,0.0,1,1.9125356206878363,-0.08197960676046041,0.0,1,1.9125356206878363,0.08197960676046041,0.016436291073366815,0,1.9289315420399284,0.08197960676046041,0.016436291073366815,0,1.9289315420399284,0.08197960676046041,0.016436291073366815,0,1.9289315420399284
12.350000000000001,1.9327564546315952,-0.3676515262501616,-0.45520130582247054,3,-0.2022083394375889,0.0,1,1.9125356206878363,-0.2022083394375889,0.0,1,1.9125356206878363,-0.2022083394375889,0.0,1,1.9125356206878363,0.2022083394375889,0.013656039174674115,0,1.952977288575354,0.2022083394375889,0.013656039174674115,0,1.952977288575354,0.2022083394375889,0.013656039174674115,0,1.952977288575354
12.4,1.9407785631827041,-0.5135080453612316,-0.29470199963584354,3,-0.2824294249486774,0.0,1,1.9125356206878363,-0.2824294249486774,0.0,1,1.9125356206878363,-0.2824294249486774,0.0,1,1.9125356206878363,0.2824294249486774,0.008841059989075306,0,1.969021505677572,0.2824294249486774,0.008841059989075306,0,1.969021505677572,0.2824294249486774,0.008841059989075306,0,1.969021505677572
12.450000000000001,1.9438479192152116,-0.5693145186795563,-0.07845440958243215,3,-0.313122985273756,0.0,1,1.9125356206878363,-0.313122985273756,0.0,1,1.9125356206878363,-0.313122985273756,0.0,1,1.9125356206878363,0.313122985273756,0.0023536322874729643,0,1.975160217742587,0.313122985273756,0.0023536322874729643,0,1.975160217742587,0.313122985273756,0.0023536322874729643,0,1.975160217742587
12.5,1.9438479192152116,-0.5444209076021448,0.16291939940203468,3,-0.29943149918117967,0.00488758198206104,0,1.9139047692970936,-0.29943149918117967,0.00488758198206104,0,1.9139047692970936,-0.29943149918117967,0.00488758198206104,0,1.9139047692970936,0.29943149918117967,0.0,1,1.9737910691333296,0.29943149918117967,0.0,1,1.9737910691333296,0.29943149918117967,0.0,1,1.9737910691333296
12.55,1.9491683972214997,-0.44768494385145313,0.3784701428840589,3,-0.24622671911829924,0.011354104286521767,0,1.9245457253096698,-0.24622671911829924,0.011354104286521767,0,1.9245457253096698,-0.24622671911829924,0.011354104286521767,0,1.9245457253096698,0.24622671911829924,0.0,1,1.9737910691333296,0.24622671911829924,0.0,1,1.9737910691333296,0.24622671911829924,0.0,1,1.9737910691333296
12.600000000000001,1.9581998720926792,-0.2834763098300064,0.5191853971008178,3,-0.1559119704065035,0.015575561913024533,0,1.9426086750520288,-0.1559119704065035,0.015575561913024533,0,1.9426086750520288,-0.1559119704065035,0.015575561913024533,0,1.9426086750520288,0.1559119704065035,0.0,1,1.9737910691333296,0.1559119704065035,0.0,1,1.9737910691333296,0.1559119704065035,0.0,1,1.9737910691333296
12.65,1.9702314730230457,-0.06471992927788951,0.5699518478947788,3,-0.03559596110283923,0.017098555436843365,0,1.9666718769127618,-0.03559596110283923,0.017098555436843365,0,1.9666718769127618,-0.03559596110283923,0.017098555436843365,0,1.9666718769127618,0.03559596110283923,0.0,1,1.9737910691333296,0.03559596110283923,0.0,1,1.9737910691333296,0.03559596110283923,0.0,1,1.9737910691333296
12.700000000000001,1.983509478764108,0.1766983569232459,0.540725208829321,3,0.09718409630778525,0.01622175626487963,0,1.9932278883948866,0.09718409630778525,0.01622175626487963,0,1.9932278883948866,0.09718409630778525,0.01622175626487963,0,1.9932278883948866,-0.09718409630778525,0.0,1,1.9737910691333296,-0.09718409630778525,0.0,1,1.9737910691333296,-0.09718409630778525,0.0,1,1.9737910691333296
12.75,1.9951874187849514,0.38902453912039714,0.43993842475389044,3,0.21396349651621843,0.013198152742616712,0,2.0165837684365733,0.21396349651621843,0.013198152742616712,0,2.0165837684365733,0.21396349651621843,0.013198152742616712,0,2.0165837684365733,-0.21396349651621843,0.0,1,1.9737910691333296,-0.21396349651621843,0.0,1,1.9737910691333296,-0.21396349651621843,0.0,1,1.9737910691333296
12.8,2.002641420517367,0.524551843346133,0.2720612705763519,3,0.2885035138403732,0.008161838117290557,0,2.031491771901404,0.2885035138403732,0.008161838117290557,0,2.031491771901404,0.2885035138403732,0.008161838117290557,0,2.031491771901404,-0.2885035138403732,0.0,1,1.9737910691333296,-0.2885035138403732,0.0,1,1.9737910691333296,-0.2885035138403732,0.0,1,1.9737910691333296
12.850000000000001,2.0051587397744317,0.5703212843836745,0.05090237448188722,3,0.31367670641102097,0.0015270712344566165,0,2.036526410415534,0.31367670641102097,0.0015270712344566165,0,2.036526410415534,0.31367670641102097,0.0015270712344566165,0,2.036526410415534,-0.31367670641102097,0.0,1,1.9737910691333296,-0.31367670641102097,0.0,1,1.9737910691333296,-0.31367670641102097,0.0,1,1.9737910691333296
12.9,2.0051587397744317,0.5367900095443043,-0.1903789251456557,3,0.2952345052493674,0.0,1,2.0346821902993684,0.2952345052493674,0.0,1,2.0346821902993684,0.2952345052493674,0.0,1,2.0346821902993684,-0.2952345052493674,0.00571136775436967,0,1.975635289249495,-0.2952345052493674,0.00571136775436967,0,1.975635289249495,-0.2952345052493674,0.00571136775436967,0,1.975635289249495
12.950000000000001,2.0109242365787328,0.4319627949206444,-0.39930777610104223,3,0.2375795372063544,0.0,1,2.0346821902993684,0.2375795372063544,0.0,1,2.0346821902993684,0.2375795372063544,0.0,1,2.0346821902993684,-0.2375795372063544,0.011979233283031267,0,1.9871662828580974,-0.2375795372063544,0.011979233283031267,0,1.9871662828580974,-0.2375795372063544,0.011979233283031267,0,1.9871662828580974
13.0,2.0203568329179733,0.2604610432980882,-0.5296086954762437,3,0.14325357381394854,0.0,1,2.0346821902993684,0.14325357381394854,0.0,1,2.0346821902993684,0.14325357381394854,0.0,1,2.0346821902993684,-0.14325357381394854,0.01588826086428731,0,2.0060314755365782,-0.14325357381394854,0.01588826086428731,0,2.0060314755365782,-0.14325357381394854,0.01588826086428731,0,2.0060314755365782
13.05,2.0326466198693796,0.03701037145433833,-0.5704254276173858,3,0.020355704299886083,0.0,1,2.0346821902993684,0.020355704299886083,0.0,1,2.0346821902993684,0.020355704299886083,0.0,1,2.0346821902993684,-0.020355704299886083,0.017112762828521574,0,2.0306110494393907,-0.020355704299886083,0.017112762828521574,0,2.0306110494393907,-0.020355704299886083,0.017112762828521574,0,2.0306110494393907
13.100000000000001,2.0458994032422373,-0.2039493262339772,-0.532615969500839,3,-0.11217212942868747,0.0,1,2.0346821902993684,-0.11217212942868747,0.0,1,2.0346821902993684,-0.11217212942868747,0.0,1,2.0346821902993684,0.11217212942868747,0.01597847908502517,0,2.057116616185106,0.11217212942868747,0.01597847908502517,0,2.057116616185106,0.11217212942868747,0.01597847908502517,0,2.057116616185106
13.15,2.057194429777674,-0.4093134450600989,-0.42375922502248564,3,-0.22512239478305443,0.0,1,2.0346821902993684,-0.22512239478305443,0.0,1,2.0346821902993684,-0.22512239478305443,0.0,1,2.0346821902993684,0.22512239478305443,0.012712776750674568,0,2.0797066692559794,0.22512239478305443,0.012712776750674568,0,2.0797066692559794,0.22512239478305443,0.012712776750674568,0,2.0797066692559794
13.200000000000001,2.0640718556762674,-0.5343575523072576,-0.2486800153273741,3,-0.2938966537689917,0.0,1,2.0346821902993684,-0.2938966537689917,0.0,1,2.0346821902993684,-0.2938966537689917,0.0,1,2.0346821902993684,0.2938966537689917,0.007460400459821223,0,2.0934615210531664,0.2938966537689917,0.007460400459821223,0,2.0934615210531664,0.2938966537689917,0.007460400459821223,0,2.0934615210531664
13.25,2.066046863140416,-0.5702667789281405,-0.02305282789565675,3,-0.3136467284104773,0.0,1,2.0346821902993684,-0.3136467284104773,0.0,1,2.0346821902993684,-0.3136467284104773,0.0,1,2.0346821902993684,0.3136467284104773,0.0006915848368697025,0,2.097411535981464,0.3136467284104773,0.0006915848368697025,0,2.097411535981464,0.3136467284104773,0.0006915848368697025,0,2.097411535981464
13.3,2.066046863140416,-0.5282036815688487,0.21739781663075533,3,-0.2905120248628668,0.006521934498922659,0,2.0369956606541293,-0.2905120248628668,0.006521934498922659,0,2.0369956606541293,-0.2905120248628668,0.006521934498922659,0,2.0369956606541293,0.2905120248628668,0.0,1,2.095098065626703,0.2905120248628668,0.0,1,2.095098065626703,0.2905120248628668,0.0,1,2.095098065626703
13.350000000000001,2.0722549695498915,-0.41532901957838736,0.4190356778737814,3,-0.22843096076811306,0.012571070336213441,0,2.04941187347308,-0.22843096076811306,0.012571070336213441,0,2.04941187347308,-0.22843096076811306,0.012571070336213441,0,2.04941187347308,0.22843096076811306,0.0,1,2.095098065626703,0.22843096076811306,0.0,1,2.095098065626703,0.22843096076811306,0.0,1,2.095098065626703
13.4,2.0820783114044117,-0.2367228040416593,0.5388002701739724,3,-0.13019754222291263,0.01616400810521917,0,2.0690585571821205,-0.13019754222291263,0.01616400810521917,0,2.0690585571821205,-0.13019754222291263,0.01616400810521917,0,2.0690585571821205,0.13019754222291263,0.0,1,2.095098065626703,0.13019754222291263,0.0,1,2.095098065626703,0.13019754222291263,0.0,1,2.095098065626703
13.450000000000001,2.094600924461149,-0.009038930282794665,0.5698477325252236,3,-0.004971411655537066,0.017095431975756706,0,2.0941037832955955,-0.004971411655537066,0.017095431975756706,0,2.0941037832955955,-0.004971411655537066,0.017095431975756706,0,2.0941037832955955,0.004971411655537066,0.0,1,2.095098065626703,0.004971411655537066,0.0,1,2.095098065626703,0.004971411655537066,0.0,1,2.095098065626703
13.5,2.107787265364074,0.2307127224976554,0.5235536824480799,3,0.12689199737371049,0.015706610473442396,0,2.120476465101445,0.12689199737371049,0.015706610473442396,0,2.120476465101445,0.12689199737371049,0.015706610473442396,0,2.120476465101445,-0.12689199737371049,0.0,1,2.095098065626703,-0.12689199737371049,0.0,1,2.095098065626703,-0.12689199737371049,0.0,1,2.095098065626703
13.55,2.118663869096355,0.4284691539936732,0.4066736259530772,3,0.23565803469652027,0.012200208778592316,0,2.1422296725660073,0.23565803469652027,0.012200208778592316,0,2.1422296725660073,0.23565803469652027,0.012200208778592316,0,2.1422296725660073,-0.23565803469652027,0.0,1,2.095098065626703,-0.23565803469652027,0.0,1,2.095098065626703,-0.23565803469652027,0.0,1,2.095098065626703
13.600000000000001,2.1249597069446104,0.542938933052866,0.22459426109225655,3,0.29861641317907633,0.006737827832767696,0,2.154821348262518,0.29861641317907633,0.006737827832767696,0,2.154821348262518,0.29861641317907633,0.006737827832767696,0,2.154821348262518,-0.29861641317907633,0.0,1,2.095098065626703,-0.29861641317907633,0.0,1,2.095098065626703,-0.29861641317907633,0.0,1,2.095098065626703
13.65,2.1249597069446104,0.569170568102939,-0.005021860290621275,3,0.31304381245661644,0.0,1,2.156264088190272,0.31304381245661644,0.0,1,2.156264088190272,0.31304381245661644,0.0,1,2.156264088190272,-0.31304381245661644,0.00015065580871863823,0,2.0936553256989487,-0.31304381245661644,0.00015065580871863823,0,2.0936553256989487,-0.31304381245661644,0.00015065580871863823,0,2.0936553256989487
13.700000000000001,2.1277374326755325,0.5186664639043604,-0.24388247609979424,3,0.2852665551473983,0.0,1,2.156264088190272,0.2852665551473983,0.0,1,2.156264088190272,0.2852665551473983,0.0,1,2.156264088190272,-0.2852665551473983,0.007316474282993827,0,2.099210777160793,-0.2852665551473983,0.007316474282993827,0,2.099210777160793,-0.2852665551473983,0.007316474282993827,0,2.099210777160793
13.75,2.1343853828376695,0.39779464277459675,-0.43760910373439277,3,0.21878705352602823,0.0,1,2.156264088190272,0.21878705352602823,0.0,1,2.156264088190272,0.21878705352602823,0.0,1,2.156264088190272,-0.21878705352602823,0.013128273112031782,0,2.112506677485067,-0.21878705352602823,0.013128273112031782,0,2.112506677485067,-0.21878705352602823,0.013128273112031782,0,2.112506677485067
13.8,2.1445876169697944,0.21229947673596064,-0.5467758229744317,3,0.11676471220477837,0.0,1,2.156264088190272,0.11676471220477837,0.0,1,2.156264088190272,0.11676471220477837,0.0,1,2.156264088190272,-0.11676471220477837,0.01640327468923295,0,2.1329111457493166,-0.11676471220477837,0.01640327468923295,0,2.1329111457493166,-0.11676471220477837,0.01640327468923295,0,2.1329111457493166
13.850000000000001,2.157315677955357,-0.01911981391063237,-0.568237445002158,3,-0.010515897650847804,0.0,1,2.156264088190272,-0.010515897650847804,0.0,1,2.156264088190272,-0.010515897650847804,0.0,1,2.156264088190272,0.010515897650847804,0.01704712335006474,0,2.1583672677204415,0.010515897650847804,0.01704712335006474,0,2.1583672677204415,0.010515897650847804,0.01704712335006474,0,2.1583672677204415
13.9,2.170393349095931,-0.2568956528301636,-0.5135424844488768,3,-0.14129260905658997,0.0,1,2.156264088190272,-0.14129260905658997,0.0,1,2.156264088190272,-0.14129260905658997,0.0,1,2.156264088190272,0.14129260905658997,0.015406274533466305,0,2.18452261000159,0.14129260905658997,0.015406274533466305,0,2.18452261000159,0.14129260905658997,0.015406274533466305,0,2.18452261000159
13.950000000000001,2.1808189101266464,-0.44645130793407684,-0.38869382777394157,3,-0.24554821936374227,0.0,1,2.156264088190272,-0.24554821936374227,0.0,1,2.156264088190272,-0.24554821936374227,0.0,1,2.156264088190272,0.24554821936374227,0.011660814833218246,0,2.2053737320630207,0.24554821936374227,0.011660814833218246,0,2.2053737320630207,0.24554821936374227,0.011660814833218246,0,2.2053737320630207
14.0,2.186531324692724,-0.5503133909536694,-0.19984378426707072,3,-0.30267236502451816,0.0,1,2.156264088190272,-0.30267236502451816,0.0,1,2.156264088190272,-0.30267236502451816,0.0,1,2.156264088190272,0.30267236502451816,0.005995313528012121,0,2.2167985611951755,0.30267236502451816,0.005995313528012121,0,2.2167985611951755,0.30267236502451816,0.005995313528012121,0,2.2167985611951755
14.05,2.186531324692724,-0.5670503978817193,0.03324493940833599,3,-0.31187771883494564,0.0009973481822500797,0,2.1553435528092293,-0.31187771883494564,0.0009973481822500797,0,2.1553435528092293,-0.31187771883494564,0.0009973481822500797,0,2.1553435528092293,0.31187771883494564,0.0,1,2.2177190965762184,0.31187771883494564,0.0,1,2.2177190965762184,0.31187771883494564,0.0,1,2.2177190965762184
14.100000000000001,2.189769076600349,-0.5081821813794456,0.26974100854903815,3,-0.2795001997586951,0.008092230256471144,0,2.1618190566244793,-0.2795001997586951,0.008092230256471144,0,2.1618190566244793,-0.2795001997586951,0.008092230256471144,0,2.1618190566244793,0.2795001997586951,0.0,1,2.2177190965762184,0.2795001997586951,0.0,1,2.2177190965762184,0.2795001997586951,0.0,1,2.2177190965762184
14.15,2.196853575797925,-0.37937310505988464,0.45499209405257507,3,-0.20865520778293656,0.013649762821577252,0,2.1759880550196313,-0.20865520778293656,0.013649762821577252,0,2.1759880550196313,-0.20865520778293656,0.013649762821577252,0,2.1759880550196313,0.20865520778293656,0.0,1,2.2177190965762184,0.20865520778293656,0.0,1,2.2177190965762184,0.20865520778293656,0.0,1,2.2177190965762184
14.200000000000001,2.2074212945269225,-0.18723276453265156,0.5535542286470362,3,-0.10297802049295836,0.016606626859411083,0,2.1971234924776266,-0.10297802049295836,0.016606626859411083,0,2.1971234924776266,-0.10297802049295836,0.016606626859411083,0,2.1971234924776266,0.10297802049295836,0.0,1,2.2177190965762184,0.10297802049295836,0.0,1,2.2177190965762184,0.10297802049295836,0.0,1,2.2177190965762184
14.25,2.220325381236113,0.04738699381626066,0.5656113338515749,3,0.026062846598943364,0.016968340015547246,0,2.222931665896007,0.026062846598943364,0.016968340015547246,0,2.222931665896007,0.026062846598943364,0.016968340015547246,0,2.222931665896007,-0.026062846598943364,0.0,1,2.2177190965762184,-0.026062846598943364,0.0,1,2.2177190965762184,-0.026062846598943364,0.0,1,2.2177190965762184
14.3,2.2332515100054873,0.28240751689579535,0.5025859831015457,3,0.15532413429268746,0.01507757949304637,0,2.248783923434756,0.15532413429268746,0.01507757949304637,0,2.248783923434756,0.15532413429268746,0.01507757949304637,0,2.248783923434756,-0.15532413429268746,0.0,1,2.2177190965762184,-0.15532413429268746,0.0,1,2.2177190965762184,-0.15532413429268746,0.0,1,2.2177190965762184
14.350000000000001,2.24319665466114,0.46322832881676146,0.3698345718525144,3,0.2547755808492188,0.011095037155575431,0,2.268674212746062,0.2547755808492188,0.011095037155575431,0,2.268674212746062,0.2547755808492188,0.011095037155575431,0,2.268674212746062,-0.2547755808492188,0.0,1,2.2177190965762184,-0.2547755808492188,0.0,1,2.2177190965762184,-0.2547755808492188,0.0,1,2.2177190965762184
14.4,2.2483266538269704,0.5565010409227651,0.1744722504986092,3,0.3060755725075208,0.005234167514958276,0,2.2789342110777224,0.3060755725075208,0.005234167514958276,0,2.2789342110777224,0.3060755725075208,0.005234167514958276,0,2.2789342110777224,-0.3060755725075208,0.0,1,2.2177190965762184,-0.3060755725075208,0.0,1,2.2177190965762184,-0.3060755725075208,0.0,1,2.2177190965762184
14.450000000000001,2.2483266538269704,0.563922031015975,-0.061535493824258394,3,0.3101571170587863,0.0,1,2.279342365532849,0.3101571170587863,0.0,1,2.279342365532849,0.3101571170587863,0.0,1,2.279342365532849,-0.3101571170587863,0.0018460648147277518,0,2.2173109421210917,-0.3101571170587863,0.0018460648147277518,0,2.2173109421210917,-0.3101571170587863,0.0018460648147277518,0,2.2173109421210917
14.5,2.2520208778423196,0.49675432164599076,-0.2948844062182182,3,0.27321487690529495,0.0,1,2.279342365532849,0.27321487690529495,0.0,1,2.279342365532849,0.27321487690529495,0.0,1,2.279342365532849,-0.27321487690529495,0.008846532186546546,0,2.22469939015179,-0.27321487690529495,0.008846532186546546,0,2.22469939015179,-0.27321487690529495,0.008846532186546546,0,2.22469939015179
14.55,2.2595379377738776,0.36008050470857134,-0.47115740756391844,3,0.19804427758971424,0.0,1,2.279342365532849,0.19804427758971424,0.0,1,2.279342365532849,0.19804427758971424,0.0,1,2.279342365532849,-0.19804427758971424,0.014134722226917553,0,2.239733510014906,-0.19804427758971424,0.014134722226917553,0,2.239733510014906,-0.19804427758971424,0.014134722226917553,0,2.239733510014906
14.600000000000001,2.270456107282831,0.16156833181850963,-0.5591566195096055,3,0.08886258250018031,0.0,1,2.279342365532849,0.08886258250018031,0.0,1,2.279342365532849,0.08886258250018031,0.0,1,2.279342365532849,-0.08886258250018031,0.016774698585288163,0,2.2615698490328127,-0.08886258250018031,0.016774698585288163,0,2.2615698490328127,-0.08886258250018031,0.016774698585288163,0,2.2615698490328127
14.65,2.283504750645841,-0.07567972932712226,-0.5619841383719919,3,-0.04162385112991725,0.0,1,2.279342365532849,-0.04162385112991725,0.0,1,2.279342365532849,-0.04162385112991725,0.0,1,2.279342365532849,0.04162385112991725,0.016859524151159756,0,2.2876671357588325,0.04162385112991725,0.016859524151159756,0,2.2876671357588325,0.04162385112991725,0.016859524151159756,0,2.2876671357588325
14.700000000000001,2.296236231299509,-0.3071611957574503,-0.4906876452996897,3,-0.16893865766659769,0.0,1,2.279342365532849,-0.16893865766659769,0.0,1,2.279342365532849,-0.16893865766659769,0.0,1,2.279342365532849,0.16893865766659769,0.01472062935899069,0,2.3131300970661686,0.16893865766659769,0.01472062935899069,0,2.3131300970661686,0.16893865766659769,0.01472062935899069,0,2.3131300970661686
14.75,2.3056751137588014,-0.4787772404718589,-0.3501133652800853,3,-0.2633274822595224,0.0,1,2.279342365532849,-0.2633274822595224,0.0,1,2.279342365532849,-0.2633274822595224,0.0,1,2.279342365532849,0.2633274822595224,0.010503400958402558,0,2.3320078619847537,0.2633274822595224,0.010503400958402558,0,2.3320078619847537,0.2633274822595224,0.010503400958402558,0,2.3320078619847537
14.8,2.3102261755155387,-0.5615238178670839,-0.1485273593414098,3,-0.3088380998268962,0.0,1,2.279342365532849,-0.3088380998268962,0.0,1,2.279342365532849,-0.3088380998268962,0.0,1,2.279342365532849,0.3088380998268962,0.004455820780242294,0,2.3411099854982282,0.3088380998268962,0.004455820780242294,0,2.3411099854982282,0.3088380998268962,0.004455820780242294,0,2.3411099854982282
14.850000000000001,2.3102261755155387,-0.5597991770061074,0.08980877913679178,3,-0.3078895473533591,0.0026942633741037533,0,2.2794372207802027,-0.3078895473533591,0.0026942633741037533,0,2.2794372207802027,-0.3078895473533591,0.0026942633741037533,0,2.2794372207802027,0.3078895473533591,0.0,1,2.3410151302508746,0.3078895473533591,0.0,1,2.3410151302508746,0.3078895473533591,0.0,1,2.3410151302508746
14.9,2.3143738765312385,-0.48438643126611247,0.3192277307255204,3,-0.2664125371963619,0.009576831921765613,0,2.2877326228116024,-0.2664125371963619,0.009576831921765613,0,2.2877326228116024,-0.2664125371963619,0.009576831921765613,0,2.2877326228116024,0.2664125371963619,0.0,1,2.3410151302508746,0.2664125371963619,0.0,1,2.3410151302508746,0.2664125371963619,0.0,1,2.3410151302508746
14.950000000000001,2.3223186609398554,-0.3399358056548966,0.4860862358975722,3,-0.18696469311019315,0.014582587076927165,0,2.303622191628836,-0.18696469311019315,0.014582587076927165,0,2.303622191628836,-0.18696469311019315,0.014582587076927165,0,2.303622191628836,0.18696469311019315,0.0,1,2.3410151302508746,0.18696469311019315,0.0,1,2.3410151302508746,0.18696469311019315,0.0,1,2.3410151302508746
15.0,2.3335705530294915,-0.1353559494796963,0.563605527398675,3,-0.07444577221383297,0.01690816582196025,0,2.3261259758081083,-0.07444577221383297,0.01690816582196025,0,2.3261259758081083,-0.07444577221383297,0.01690816582196025,0,2.3261259758081083,0.07444577221383297,0.0,1,2.3410151302508746,0.07444577221383297,0.0,1,2.3410151302508746,0.07444577221383297,0.0,1,2.3410151302508746
15.05,2.346730264340902,0.1039115289095912,0.5573685425293258,3,0.05715134090027516,0.016721056275879772,0,2.3524453984309295,0.05715134090027516,0.016721056275879772,0,2.3524453984309295,0.05715134090027516,0.016721056275879772,0,2.3524453984309295,-0.05715134090027516,0.0,1,2.3410151302508746,-0.05715134090027516,0.0,1,2.3410151302508746,-0.05715134090027516,0.0,1,2.3410151302508746
15.100000000000001,2.359224212126302,0.3310742159168666,0.4778511982730298,3,0.18209081875427663,0.014335535948190894,0,2.3774332940017295,0.18209081875427663,0.014335535948190894,0,2.3774332940017295,0.18209081875427663,0.014335535948190894,0,2.3774332940017295,-0.18209081875427663,0.0,1,2.3410151302508746,-0.18209081875427663,0.0,1,2.3410151302508746,-0.18209081875427663,0.0,1,2.3410151302508746
15.15,2.3681347107099544,0.4930832810741762,0.329550673333227,3,0.27119580459079695,0.00988652019999681,0,2.395254291169034,0.27119580459079695,0.00988652019999681,0,2.395254291169034,0.27119580459079695,0.00988652019999681,0,2.395254291169034,-0.27119580459079695,0.0,1,2.3410151302508746,-0.27119580459079695,0.0,1,2.3410151302508746,-0.27119580459079695,0.0,1,2.3410151302508746
15.200000000000001,2.372112386281822,0.5654046551081375,0.12206098834341955,3,0.3109725603094757,0.003661829650302586,0,2.4032096423127696,0.3109725603094757,0.003661829650302586,0,2.4032096423127696,0.3109725603094757,0.003661829650302586,0,2.4032096423127696,-0.3109725603094757,0.0,1,2.3410151302508746,-0.3109725603094757,0.0,1,2.3410151302508746,-0.3109725603094757,0.0,1,2.3410151302508746
15.25,2.372112386281822,0.5546935086891993,-0.11797669131350916,3,0.30508142977905967,0.0,1,2.4026205292597282,0.30508142977905967,0.0,1,2.4026205292597282,0.30508142977905967,0.0,1,2.4026205292597282,-0.30508142977905967,0.0035393007394052744,0,2.341604243303916,-0.30508142977905967,0.0035393007394052744,0,2.341604243303916,-0.30508142977905967,0.0035393007394052744,0,2.341604243303916
15.3,2.3767109907121444,0.4710825190469801,-0.342691247505586,3,0.2590953854758391,0.0,1,2.4026205292597282,0.2590953854758391,0.0,1,2.4026205292597282,0.2590953854758391,0.0,1,2.4026205292597282,-0.2590953854758391,0.01028073742516758,0,2.3508014521645606,-0.2590953854758391,0.01028073742516758,0,2.3508014521645606,-0.2590953854758391,0.01028073742516758,0,2.3508014521645606
15.350000000000001,2.385077673385315,0.31896101589842424,-0.49976772043844436,3,0.17542855874413335,0.0,1,2.4026205292597282,0.17542855874413335,0.0,1,2.4026205292597282,0.17542855874413335,0.0,1,2.4026205292597282,-0.17542855874413335,0.01499303161315333,0,2.3675348175109017,-0.17542855874413335,0.01499303161315333,0,2.3675348175109017,-0.17542855874413335,0.01499303161315333,0,2.3675348175109017
15.4,2.3966447993053452,0.10864963553423454,-0.5669241027789922,3,0.059757299543829,0.0,1,2.4026205292597282,0.059757299543829,0.0,1,2.4026205292597282,0.059757299543829,0.0,1,2.4026205292597282,-0.059757299543829,0.017007723083369765,0,2.3906690693509622,-0.059757299543829,0.017007723083369765,0,2.3906690693509622,-0.059757299543829,0.017007723083369765,0,2.3906690693509622
15.450000000000001,2.4098801348235006,-0.13199282843222412,-0.5517752320952104,3,-0.07259605563772327,0.0,1,2.4026205292597282,-0.07259605563772327,0.0,1,2.4026205292597282,-0.07259605563772327,0.0,1,2.4026205292597282,0.07259605563772327,0.01655325696285631,0,2.417139740387273,0.07259605563772327,0.01655325696285631,0,2.417139740387273,0.07259605563772327,0.01655325696285631,0,2.417139740387273
15.5,2.422094370608016,-0.3540698426961375,-0.4640810325768964,3,-0.19473841348287566,0.0,1,2.4026205292597282,-0.19473841348287566,0.0,1,2.4026205292597282,-0.19473841348287566,0.0,1,2.4026205292597282,0.19473841348287566,0.013922430977306893,0,2.4415682119563034,0.19473841348287566,0.013922430977306893,0,2.4415682119563034,0.19473841348287566,0.013922430977306893,0,2.4415682119563034
15.55,2.4304581925130195,-0.5061393318780232,-0.3081700854422478,3,-0.2783766325329128,0.0,1,2.4026205292597282,-0.2783766325329128,0.0,1,2.4026205292597282,-0.2783766325329128,0.0,1,2.4026205292597282,0.2783766325329128,0.009245102563267433,0,2.458295855766311,0.2783766325329128,0.009245102563267433,0,2.458295855766311,0.2783766325329128,0.009245102563267433,0,2.458295855766311
15.600000000000001,2.4338697003853156,-0.5681667477379504,-0.09512932748011839,3,-0.3124917112558727,0.0,1,2.4026205292597282,-0.3124917112558727,0.0,1,2.4026205292597282,-0.3124917112558727,0.0,1,2.4026205292597282,0.3124917112558727,0.0028538798244035516,0,2.465118871510903,0.3124917112558727,0.0028538798244035516,0,2.465118871510903,0.3124917112558727,0.0028538798244035516,0,2.465118871510903
15.65,2.4338697003853156,-0.5486147579920786,0.145948376371721,3,-0.3017381168956432,0.00437845129115163,0,2.403695888695751,-0.3017381168956432,0.00437845129115163,0,2.403695888695751,-0.3017381168956432,0.00437845129115163,0,2.403695888695751,0.3017381168956432,0.0,1,2.46404351207488,0.3017381168956432,0.0,1,2.46404351207488,0.3017381168956432,0.0,1,2.46404351207488
15.700000000000001,2.438916901989737,-0.4568474560935133,0.3652014669167759,3,-0.2512661008514323,0.010956044007503277,0,2.413790291904594,-0.2512661008514323,0.010956044007503277,0,2.413790291904594,-0.2512661008514323,0.010956044007503277,0,2.413790291904594,0.2512661008514323,0.0,1,2.46404351207488,0.2512661008514323,0.0,1,2.46404351207488,0.2512661008514323,0.0,1,2.46404351207488
15.75,2.447698538220576,-0.2971813428055284,0.5121983011986727,3,-0.16344973854304062,0.015365949035960181,0,2.431353564366272,-0.16344973854304062,0.015365949035960181,0,2.431353564366272,-0.16344973854304062,0.015365949035960181,0,2.431353564366272,0.16344973854304062,0.0,1,2.46404351207488,0.16344973854304062,0.0,1,2.46404351207488,0.16344973854304062,0.0,1,2.46404351207488
15.8,2.4595605841648815,-0.08150778018179432,0.5691354252452802,3,-0.04482927909998688,0.017074062757358403,0,2.455077656254883,-0.04482927909998688,0.017074062757358403,0,2.455077656254883,-0.04482927909998688,0.017074062757358403,0,2.455077656254883,0.04482927909998688,0.0,1,2.46404351207488,0.04482927909998688,0.0,1,2.46404351207488,0.04482927909998688,0.0,1,2.46404351207488
15.850000000000001,2.47283425403501,0.1598316720023662,0.5452130270137356,3,0.08790741960130141,0.01635639081041207,0,2.48162499599514,0.08790741960130141,0.01635639081041207,0,2.48162499599514,0.08790741960130141,0.01635639081041207,0,2.48162499599514,-0.08790741960130141,0.0,1,2.46404351207488,-0.08790741960130141,0.0,1,2.46404351207488,-0.08790741960130141,0.0,1,2.46404351207488
15.9,2.4847278052798316,0.3760780582718487,0.4493825966966513,3,0.20684293204951681,0.01348147790089954,0,2.505412098484783,0.20684293204951681,0.01348147790089954,0,2.505412098484783,0.20684293204951681,0.01348147790089954,0,2.505412098484783,-0.20684293204951681,0.0,1,2.46404351207488,-0.20684293204951681,0.0,1,2.46404351207488,-0.20684293204951681,0.0,1,2.46404351207488
15.950000000000001,2.492530497806352,0.5179451951176709,0.2859984616936835,3,0.28486985731471903,0.008579953850810505,0,2.521017483537824,0.28486985731471903,0.008579953850810505,0,2.521017483537824,0.28486985731471903,0.008579953850810505,0,2.521017483537824,-0.28486985731471903,0.0,1,2.46404351207488,-0.28486985731471903,0.0,1,2.46404351207488,-0.28486985731471903,0.0,1,2.46404351207488
16.0,2.495384322264512,0.5698329125387608,0.06779299123344915,3,0.31340810189631846,0.002033789737003474,0,2.526725132454144,0.31340810189631846,0.002033789737003474,0,2.526725132454144,0.31340810189631846,0.002033789737003474,0,2.526725132454144,-0.31340810189631846,0.0,1,2.46404351207488,-0.31340810189631846,0.0,1,2.46404351207488,-0.31340810189631846,0.0,1,2.46404351207488
16.05,2.495384322264512,0.5415708828489101,-0.1736309817347895,3,0.2978639855669006,0.0,1,2.525170720821202,0.2978639855669006,0.0,1,2.525170720821202,0.2978639855669006,0.0,1,2.525170720821202,-0.2978639855669006,0.005208929452043685,0,2.465597923707822,-0.2978639855669006,0.005208929452043685,0,2.465597923707822,-0.2978639855669006,0.005208929452043685,0,2.465597923707822
16.1,2.5008779158798933,0.4416873625692497,-0.38669204900087295,3,0.24292804941308735,0.0,1,2.525170720821202,0.24292804941308735,0.0,1,2.525170720821202,0.24292804941308735,0.0,1,2.525170720821202,-0.24292804941308735,0.011600761470026187,0,2.4765851109385846,-0.24292804941308735,0.011600761470026187,0,2.4765851109385846,-0.24292804941308735,0.011600761470026187,0,2.4765851109385846
16.150000000000002,2.5100663275214163,0.2746253327233779,-0.5233809330902588,3,0.15104393299785787,0.0,1,2.525170720821202,0.15104393299785787,0.0,1,2.525170720821202,0.15104393299785787,0.0,1,2.525170720821202,-0.15104393299785787,0.015701427992707764,0,2.4949619342216307,-0.15104393299785787,0.015701427992707764,0,2.4949619342216307,-0.15104393299785787,0.015701427992707764,0,2.4949619342216307
16.2,2.5222010925676304,0.05399324097402881,-0.5702619145431794,3,0.029696282535715848,0.0,1,2.525170720821202,0.029696282535715848,0.0,1,2.525170720821202,0.029696282535715848,0.0,1,2.525170720821202,-0.029696282535715848,0.017107857436295382,0,2.5192314643140588,-0.029696282535715848,0.017107857436295382,0,2.5192314643140588,-0.029696282535715848,0.017107857436295382,0,2.5192314643140588
16.25,2.535474120091793,-0.18733453219257115,-0.5376890807474907,3,-0.10303399270591414,0.0,1,2.525170720821202,-0.10303399270591414,0.0,1,2.525170720821202,-0.10303399270591414,0.0,1,2.525170720821202,0.10303399270591414,0.01613067242242472,0,2.5457775193623844,0.10303399270591414,0.01613067242242472,0,2.5457775193623844,0.10303399270591414,0.01613067242242472,0,2.5457775193623844
16.3,2.547007721926274,-0.39703638372858296,-0.43376277372504735,3,-0.21837001105072065,0.0,1,2.525170720821202,-0.21837001105072065,0.0,1,2.525170720821202,-0.21837001105072065,0.0,1,2.525170720821202,0.21837001105072065,0.01301288321175142,0,2.5688447230313463,0.21837001105072065,0.01301288321175142,0,2.5688447230313463,0.21837001105072065,0.01301288321175142,0,2.5688447230313463
16.35,2.554238592526169,-0.5285067582721222,-0.2630660674515906,3,-0.29067871704966725,0.0,1,2.525170720821202,-0.29067871704966725,0.0,1,2.525170720821202,-0.29067871704966725,0.0,1,2.525170720821202,0.29067871704966725,0.007891982023547718,0,2.5833064642311356,0.29067871704966725,0.007891982023547718,0,2.5833064642311356,0.29067871704966725,0.007891982023547718,0,2.5833064642311356
16.400000000000002,2.556544098639639,-0.5704250512443029,-0.04011709262123146,3,-0.3137337781843666,0.0,1,2.525170720821202,-0.3137337781843666,0.0,1,2.525170720821202,-0.3137337781843666,0.0,1,2.525170720821202,0.3137337781843666,0.0012035127786369439,0,2.5879174764580757,0.3137337781843666,0.0012035127786369439,0,2.5879174764580757,0.3137337781843666,0.0012035127786369439,0,2.5879174764580757
16.45,2.556544098639639,-0.5335682967950821,0.20093054260933593,3,-0.2934625632372952,0.006027916278280078,0,2.527197842315909,-0.2934625632372952,0.006027916278280078,0,2.527197842315909,-0.2934625632372952,0.006027916278280078,0,2.527197842315909,0.2934625632372952,0.0,1,2.5858903549633685,0.2934625632372952,0.0,1,2.5858903549633685,0.2934625632372952,0.0,1,2.5858903549633685
16.5,2.56248180648984,-0.42560997224597824,0.4071045343302922,3,-0.23408548473528806,0.012213136029908766,0,2.539073258016311,-0.23408548473528806,0.012213136029908766,0,2.539073258016311,-0.23408548473528806,0.012213136029908766,0,2.539073258016311,0.23408548473528806,0.0,1,2.5858903549633685,0.23408548473528806,0.0,1,2.5858903549633685,0.23408548473528806,0.0,1,2.5858903549633685
16.55,2.572067479829636,-0.2513250024314984,0.5333242079129275,3,-0.13822875133732415,0.015999726237387824,0,2.5582446046959038,-0.13822875133732415,0.015999726237387824,0,2.5582446046959038,-0.13822875133732415,0.015999726237387824,0,2.5582446046959038,0.13822875133732415,0.0,1,2.5858903549633685,0.13822875133732415,0.0,1,2.5858903549633685,0.13822875133732415,0.0,1,2.5858903549633685
16.6,2.584450818445259,-0.026173391238351454,0.5703248467149279,3,-0.0143953651810933,0.017109745401447836,0,2.5830112819271496,-0.0143953651810933,0.017109745401447836,0,2.5830112819271496,-0.0143953651810933,0.017109745401447836,0,2.5830112819271496,0.0143953651810933,0.0,1,2.5858903549633685,0.0143953651810933,0.0,1,2.5858903549633685,0.0143953651810933,0.0,1,2.5858903549633685
16.650000000000002,2.597682754194248,0.21440725874326738,0.5292091378814343,3,0.11792399230879706,0.01587627413644303,0,2.609475153425128,0.11792399230879706,0.01587627413644303,0,2.609475153425128,0.11792399230879706,0.01587627413644303,0,2.609475153425128,-0.11792399230879706,0.0,1,2.5858903549633685,-0.11792399230879706,0.0,1,2.5858903549633685,-0.11792399230879706,0.0,1,2.5858903549633685
16.7,2.608819333083782,0.41689051128024457,0.4172302319754466,3,0.22928978120413454,0.012516906959263397,0,2.6317483112041953,0.22928978120413454,0.012516906959263397,0,2.6317483112041953,0.22928978120413454,0.012516906959263397,0,2.6317483112041953,-0.22928978120413454,0.0,1,2.5858903549633685,-0.22928978120413454,0.0,1,2.5858903549633685,-0.22928978120413454,0.0,1,2.5858903549633685
16.75,2.6154712845539105,0.5378350834643988,0.23940670333096628,3,0.2958092959054194,0.007182201099928988,0,2.6450522141444526,0.2958092959054194,0.007182201099928988,0,2.6450522141444526,0.2958092959054194,0.007182201099928988,0,2.6450522141444526,-0.2958092959054194,0.0,1,2.5858903549633685,-0.2958092959054194,0.0,1,2.5858903549633685,-0.2958092959054194,0.0,1,2.5858903549633685
16.8,2.6172383595507687,0.56996371977091,0.012171261384410596,3,0.3134800458740005,0.00036513784153231787,0,2.648586364138169,0.3134800458740005,0.00036513784153231787,0,2.648586364138169,0.3134800458740005,0.00036513784153231787,0,2.648586364138169,-0.3134800458740005,0.0,1,2.5858903549633685,-0.3134800458740005,0.0,1,2.5858903549633685,-0.3134800458740005,0.0,1,2.5858903549633685
16.85,2.6172383595507687,0.5246121522867258,-0.22775298806913777,3,0.2885366837576992,0.0,1,2.6460920279265387,0.2885366837576992,0.0,1,2.6460920279265387,0.2885366837576992,0.0,1,2.6460920279265387,-0.2885366837576992,0.006832589642074133,0,2.5883846911749986,-0.2885366837576992,0.006832589642074133,0,2.5883846911749986,-0.2885366837576992,0.006832589642074133,0,2.5883846911749986
16.900000000000002,2.6236176547060928,0.40862496764447376,-0.4263888713963012,3,0.2247437322044606,0.0,1,2.6460920279265387,0.2247437322044606,0.0,1,2.6460920279265387,0.2247437322044606,0.0,1,2.6460920279265387,-0.2247437322044606,0.012791666141889035,0,2.6011432814856468,-0.2247437322044606,0.012791666141889035,0,2.6011432814856468,-0.2247437322044606,0.012791666141889035,0,2.6011432814856468
16.95,2.633589649623886,0.22731596913914343,-0.5420414206719358,3,0.1250237830265289,0.0,1,2.6460920279265387,0.1250237830265289,0.0,1,2.6460920279265387,0.1250237830265289,0.0,1,2.6460920279265387,-0.1250237830265289,0.016261242620158073,0,2.621087271321233,-0.1250237830265289,0.016261242620158073,0,2.621087271321233,-0.1250237830265289,0.016261242620158073,0,2.621087271321233
17.0,2.6461954222450057,-0.001879896699398533,-0.5693439762269086,3,-0.0010339431846691932,0.0,1,2.6460920279265387,-0.0010339431846691932,0.0,1,2.6460920279265387,-0.0010339431846691932,0.0,1,2.6460920279265387,0.0010339431846691932,0.017080319286807255,0,2.6462988165634727,0.0010339431846691932,0.017080319286807255,0,2.6462988165634727,0.0010339431846691932,0.017080319286807255,0,2.6462988165634727
17.05,2.6593446154053035,-0.2409561359775454,-0.5197778408080196,3,-0.13252587478765,0.0,1,2.6460920279265387,-0.13252587478765,0.0,1,2.6460920279265387,-0.13252587478765,0.0,1,2.6460920279265387,0.13252587478765,0.015593335224240588,0,2.6725972028840683,0.13252587478765,0.015593335224240588,0,2.6725972028840683,0.13252587478765,0.015593335224240588,0,2.6725972028840683
17.1,2.6700497376333145,-0.4355947219413807,-0.39979574341893,3,-0.2395770970677594,0.0,1,2.6460920279265387,-0.2395770970677594,0.0,1,2.6460920279265387,-0.2395770970677594,0.0,1,2.6460920279265387,0.2395770970677594,0.011993872302567899,0,2.6940074473400903,0.2395770970677594,0.011993872302567899,0,2.6940074473400903,0.2395770970677594,0.011993872302567899,0,2.6940074473400903
17.150000000000002,2.676119028221139,-0.5459454599018267,-0.21505783647481652,3,-0.30027000294600475,0.0,1,2.6460920279265387,-0.30027000294600475,0.0,1,2.6460920279265387,-0.30027000294600475,0.0,1,2.6460920279265387,0.30027000294600475,0.006451735094244495,0,2.7061460285157395,0.30027000294600475,0.006451735094244495,0,2.7061460285157395,0.30027000294600475,0.006451735094244495,0,2.7061460285157395
17.2,2.676119028221139,-0.5684678027147911,0.015970412508973755,3,-0.31265729149313515,0.00047911237526921264,0,2.6448532990718254,-0.31265729149313515,0.00047911237526921264,0,2.6448532990718254,-0.31265729149313515,0.00047911237526921264,0,2.6448532990718254,0.31265729149313515,0.0,1,2.707384757370453,0.31265729149313515,0.0,1,2.707384757370453,0.31265729149313515,0.0,1,2.707384757370453
17.25,2.679075890611388,-0.5147066683466357,0.25400524268393837,3,-0.28308866759064966,0.007620157280518151,0,2.650767023852323,-0.28308866759064966,0.007620157280518151,0,2.650767023852323,-0.28308866759064966,0.007620157280518151,0,2.650767023852323,0.28308866759064966,0.0,1,2.707384757370453,0.28308866759064966,0.0,1,2.707384757370453,0.28308866759064966,0.0,1,2.707384757370453
17.3,2.685893821922745,-0.3907442808674152,0.44450372108953057,3,-0.21490935447707837,0.013335111632685916,0,2.6644028864750373,-0.21490935447707837,0.013335111632685916,0,2.6644028864750373,-0.21490935447707837,0.013335111632685916,0,2.6644028864750373,0.21490935447707837,0.0,1,2.707384757370453,0.21490935447707837,0.0,1,2.707384757370453,0.21490935447707837,0.0,1,2.707384757370453
17.35,2.696239690250619,-0.2026375839969832,0.5495496169372873,3,-0.11145067119834078,0.01648648850811862,0,2.685094623130785,-0.11145067119834078,0.01648648850811862,0,2.685094623130785,-0.11145067119834078,0.01648648850811862,0,2.685094623130785,0.11145067119834078,0.0,1,2.707384757370453,0.11145067119834078,0.0,1,2.707384757370453,0.11145067119834078,0.0,1,2.707384757370453
17.400000000000002,2.7090397267544795,0.0300903524368481,0.5673372620220618,3,0.016549693840266458,0.017020117860661852,0,2.710694696138506,0.016549693840266458,0.017020117860661852,0,2.710694696138506,0.016549693840266458,0.017020117860661852,0,2.710694696138506,-0.016549693840266458,0.0,1,2.707384757370453,-0.016549693840266458,0.0,1,2.707384757370453,-0.016549693840266458,0.0,1,2.707384757370453
17.45,2.722063653499431,0.26688902052687674,0.5093990758757143,3,0.14678896128978222,0.015281972276271429,0,2.736742549628409,0.14678896128978222,0.015281972276271429,0,2.736742549628409,0.14678896128978222,0.015281972276271429,0,2.736742549628409,-0.14678896128978222,0.0,1,2.707384757370453,-0.14678896128978222,0.0,1,2.707384757370453,-0.14678896128978222,0.0,1,2.707384757370453
17.5,2.7323059214850733,0.45311207481127935,0.3814724663604661,3,0.24921164114620367,0.011444173990813983,0,2.757227085599694,0.24921164114620367,0.011444173990813983,0,2.757227085599694,0.24921164114620367,0.011444173990813983,0,2.757227085599694,-0.24921164114620367,0.0,1,2.707384757370453,-0.24921164114620367,0.0,1,2.707384757370453,-0.24921164114620367,0.0,1,2.707384757370453
17.55,2.737791862365549,0.552856454456295,0.19006073690379674,3,0.3040710499509623,0.005701822107113902,0,2.768198967360645,0.3040710499509623,0.005701822107113902,0,2.768198967360645,0.3040710499509623,0.005701822107113902,0,2.768198967360645,-0.3040710499509623,0.0,1,2.707384757370453,-0.3040710499509623,0.0,1,2.707384757370453,-0.3040710499509623,0.0,1,2.707384757370453
17.6,2.737791862365549,0.5659542899031084,-0.04422952879656565,3,0.31127485944670963,0.0,1,2.7689193483102197,0.31127485944670963,0.0,1,2.7689193483102197,0.31127485944670963,0.0,1,2.7689193483102197,-0.31127485944670963,0.0013268858638969695,0,2.706664376420878,-0.31127485944670963,0.0013268858638969695,0,2.706664376420878,-0.31127485944670963,0.0013268858638969695,0,2.706664376420878
17.650000000000002,2.7412072962113903,0.5038554927059857,-0.27959639131642594,3,0.27712052098829215,0.0,1,2.7689193483102197,0.27712052098829215,0.0,1,2.7689193483102197,0.27712052098829215,0.0,1,2.7689193483102197,-0.27712052098829215,0.008387891739492778,0,2.713495244112561,-0.27712052098829215,0.008387891739492778,0,2.713495244112561,-0.27712052098829215,0.008387891739492778,0,2.713495244112561
17.7,2.7484603186244896,0.37198235792236395,-0.46141653027796575,3,0.20459029685730018,0.0,1,2.7689193483102197,0.20459029685730018,0.0,1,2.7689193483102197,0.20459029685730018,0.0,1,2.7689193483102197,-0.20459029685730018,0.013842495908338972,0,2.7280012889387595,-0.20459029685730018,0.013842495908338972,0,2.7280012889387595,-0.20459029685730018,0.013842495908338972,0,2.7280012889387595
17.75,2.7591660293782194,0.1773330714909111,-0.5558686543829561,3,0.09753318932000112,0.0,1,2.7689193483102197,0.09753318932000112,0.0,1,2.7689193483102197,0.09753318932000112,0.0,1,2.7689193483102197,-0.09753318932000112,0.01667605963148868,0,2.749412710446219,-0.09753318932000112,0.01667605963148868,0,2.749412710446219,-0.09753318932000112,0.01667605963148868,0,2.749412710446219
17.8,2.7721301114055215,-0.05837751082366052,-0.5643206933123079,3,-0.03210763095301329,0.0,1,2.7689193483102197,-0.03210763095301329,0.0,1,2.7689193483102197,-0.03210763095301329,0.0,1,2.7689193483102197,0.03210763095301329,0.016929620799369237,0,2.775340874500823,0.03210763095301329,0.016929620799369237,0,2.775340874500823,0.03210763095301329,0.016929620799369237,0,2.775340874500823
17.85,2.784985757096122,-0.2921165233800491,-0.4980763489667894,3,-0.16066408785902703,0.0,1,2.7689193483102197,-0.16066408785902703,0.0,1,2.7689193483102197,-0.16066408785902703,0.0,1,2.7689193483102197,0.16066408785902703,0.01494229046900368,0,2.801052165882025,0.16066408785902703,0.01494229046900368,0,2.801052165882025,0.16066408785902703,0.01494229046900368,0,2.801052165882025
17.900000000000002,2.794737138436206,-0.46941436592702884,-0.362276191566583,3,-0.2581779012598659,0.0,1,2.7689193483102197,-0.2581779012598659,0.0,1,2.7689193483102197,-0.2581779012598659,0.0,1,2.7689193483102197,0.2581779012598659,0.010868285746997488,0,2.8205549285621925,0.2581779012598659,0.010868285746997488,0,2.8205549285621925,0.2581779012598659,0.010868285746997488,0,2.8205549285621925
17.95,2.7996417428307496,-0.5585889912823612,-0.16446061972466283,3,-0.30722394520529867,0.0,1,2.7689193483102197,-0.30722394520529867,0.0,1,2.7689193483102197,-0.30722394520529867,0.0,1,2.7689193483102197,0.30722394520529867,0.004933818591739885,0,2.8303641373512796,0.30722394520529867,0.004933818591739885,0,2.8303641373512796,0.30722394520529867,0.004933818591739885,0,2.8303641373512796
18.0,2.7996417428307496,-0.5624381500049166,0.07252363774934888,3,-0.30934098250270414,0.0021757091324804663,0,2.7687076445804792,-0.30934098250270414,0.0021757091324804663,0,2.7687076445804792,-0.30934098250270414,0.0021757091324804663,0,2.7687076445804792,0.30934098250270414,0.0,1,2.83057584108102,0.30934098250270414,0.0,1,2.83057584108102,0.30934098250270414,0.0,1,2.83057584108102
18.05,2.803512426228984,-0.4920620882188374,0.30443886794522407,3,-0.2706341485203606,0.009133166038356722,0,2.776449011376948,-0.2706341485203606,0.009133166038356722,0,2.776449011376948,-0.2706341485203606,0.009133166038356722,0,2.776449011376948,0.2706341485203606,0.0,1,2.83057584108102,0.2706341485203606,0.0,1,2.83057584108102,0.2706341485203606,0.0,1,2.83057584108102
18.1,2.8111962397875163,-0.35235638715461126,0.4771033783688818,3,-0.1937960129350362,0.014313101351066454,0,2.7918166384940126,-0.1937960129350362,0.014313101351066454,0,2.7918166384940126,-0.1937960129350362,0.014313101351066454,0,2.7918166384940126,0.1937960129350362,0.0,1,2.83057584108102,0.1937960129350362,0.0,1,2.83057584108102,0.1937960129350362,0.0,1,2.83057584108102
18.150000000000002,2.8222461090236792,-0.15144967376983226,0.5610203069469164,3,-0.08329732057340775,0.016830609208407492,0,2.8139163769663385,-0.08329732057340775,0.016830609208407492,0,2.8139163769663385,-0.08329732057340775,0.016830609208407492,0,2.8139163769663385,0.08329732057340775,0.0,1,2.83057584108102,0.08329732057340775,0.0,1,2.83057584108102,0.08329732057340775,0.0,1,2.83057584108102
18.2,2.835341977952361,0.08665703402438102,0.5603082094490122,3,0.04766136871340956,0.016809246283470365,0,2.840108114823702,0.04766136871340956,0.016809246283470365,0,2.840108114823702,0.04766136871340956,0.016809246283470365,0,2.840108114823702,-0.04766136871340956,0.0,1,2.83057584108102,-0.04766136871340956,0.0,1,2.83057584108102,-0.04766136871340956,0.0,1,2.83057584108102
18.25,2.8479862667782716,0.3165531944954838,0.48581318011524394,3,0.1741042569725161,0.014574395403457318,0,2.865396692475523,0.1741042569725161,0.014574395403457318,0,2.865396692475523,0.1741042569725161,0.014574395403457318,0,2.865396692475523,-0.1741042569725161,0.0,1,2.83057584108102,-0.1741042569725161,0.0,1,2.83057584108102,-0.1741042569725161,0.0,1,2.83057584108102
18.3,2.8572223437302804,0.48448186635019225,0.3422255538252731,3,0.2664650264926058,0.010266766614758192,0,2.8838688463795408,0.2664650264926058,0.010266766614758192,0,2.8838688463795408,0.2664650264926058,0.010266766614758192,0,2.8838688463795408,-0.2664650264926058,0.0,1,2.83057584108102,-0.2664650264926058,0.0,1,2.83057584108102,-0.2664650264926058,0.0,1,2.83057584108102
18.35,2.8615499428275393,0.563165486300347,0.1383067903963383,3,0.3097410174651909,0.004149203711890149,0,2.8925240445740585,0.3097410174651909,0.004149203711890149,0,2.8925240445740585,0.3097410174651909,0.004149203711890149,0,2.8925240445740585,-0.3097410174651909,0.0,1,2.83057584108102,-0.3097410174651909,0.0,1,2.83057584108102,-0.3097410174651909,0.0,1,2.83057584108102
18.400000000000002,2.8615499428275393,0.5579322949894353,-0.10076662674876673,3,0.30686276224418946,0.0,1,2.8922362190519584,0.30686276224418946,0.0,1,2.8922362190519584,0.30686276224418946,0.0,1,2.8922362190519584,-0.30686276224418946,0.0030229988024630017,0,2.83086366660312,-0.30686276224418946,0.0030229988024630017,0,2.83086366660312,-0.30686276224418946,0.0030229988024630017,0,2.83086366660312
18.45,2.8658730617354125,0.47933013302809885,-0.3284496247398007,3,0.2636315731654544,0.0,1,2.8922362190519584,0.2636315731654544,0.0,1,2.8922362190519584,0.2636315731654544,0.0,1,2.8922362190519584,-0.2636315731654544,0.00985348874219402,0,2.839509904418867,-0.2636315731654544,0.00985348874219402,0,2.839509904418867,-0.2636315731654544,0.00985348874219402,0,2.839509904418867
18.5,2.87398246182434,0.3318864950476089,-0.49154861201756755,3,0.18253757227618492,0.0,1,2.8922362190519584,0.18253757227618492,0.0,1,2.8922362190519584,0.18253757227618492,0.0,1,2.8922362190519584,-0.18253757227618492,0.014746458360527025,0,2.8557287045967215,-0.18253757227618492,0.014746458360527025,0,2.8557287045967215,-0.18253757227618492,0.014746458360527025,0,2.8557287045967215
18.55,2.88535908531736,0.12503879517450542,-0.5650274347242835,3,0.06877133734597798,0.0,1,2.8922362190519584,0.06877133734597798,0.0,1,2.8922362190519584,0.06877133734597798,0.0,1,2.8922362190519584,-0.06877133734597798,0.016950823041728506,0,2.878481951582762,-0.06877133734597798,0.016950823041728506,0,2.878481951582762,-0.06877133734597798,0.016950823041728506,0,2.878481951582762
18.6,2.8985524831455662,-0.11484116533831625,-0.5553117072025702,3,-0.06316264093607395,0.0,1,2.8922362190519584,-0.06316264093607395,0.0,1,2.8922362190519584,-0.06316264093607395,0.0,1,2.8922362190519584,0.06316264093607395,0.016659351216077103,0,2.9048687472391737,0.06316264093607395,0.016659351216077103,0,2.9048687472391737,0.06316264093607395,0.016659351216077103,0,2.9048687472391737
18.650000000000002,2.910942745618392,-0.3401186648442463,-0.4726135065595296,3,-0.18706526566433548,0.0,1,2.8922362190519584,-0.18706526566433548,0.0,1,2.8922362190519584,-0.18706526566433548,0.0,1,2.8922362190519584,0.18706526566433548,0.014178405196785888,0,2.9296492721848253,0.18706526566433548,0.014178405196785888,0,2.9296492721848253,0.18706526566433548,0.014178405196785888,0,2.9296492721848253
18.7,2.9196428763381745,-0.4983028597493856,-0.32134221335469965,3,-0.2740665728621621,0.0,1,2.8922362190519584,-0.2740665728621621,0.0,1,2.8922362190519584,-0.2740665728621621,0.0,1,2.8922362190519584,0.2740665728621621,0.009640266400640989,0,2.9470495336243907,0.2740665728621621,0.009640266400640989,0,2.9470495336243907,0.2740665728621621,0.009640266400640989,0,2.9470495336243907
18.75,2.9233997171810095,-0.5666090568918407,-0.11165278635488525,3,-0.3116349812905124,0.0,1,2.8922362190519584,-0.3116349812905124,0.0,1,2.8922362190519584,-0.3116349812905124,0.0,1,2.8922362190519584,0.3116349812905124,0.0033495835906465574,0,2.9545632153100607,0.3116349812905124,0.0033495835906465574,0,2.9545632153100607,0.3116349812905124,0.0033495835906465574,0,2.9545632153100607
18.8,2.9233997171810095,-0.5524476283788291,0.128869243431253,3,-0.303846195608356,0.00386607730293759,0,2.893015097620174,-0.303846195608356,0.00386607730293759,0,2.893015097620174,-0.303846195608356,0.00386607730293759,0,2.893015097620174,0.303846195608356,0.0,1,2.9537843367418453,0.303846195608356,0.0,1,2.9537843367418453,0.303846195608356,0.0,1,2.9537843367418453
18.85,2.9281728209296047,-0.4656639238589172,0.3515512355895895,3,-0.2561151581224045,0.010546537067687685,0,2.902561305117364,-0.2561151581224045,0.010546537067687685,0,2.902561305117364,-0.2561151581224045,0.010546537067687685,0,2.902561305117364,0.2561151581224045,0.0,1,2.9537843367418453,0.2561151581224045,0.0,1,2.9537843367418453,0.2561151581224045,0.0,1,2.9537843367418453
18.900000000000002,2.93670156142683,-0.31059591481845344,0.5047442928416137,3,-0.17082775315014942,0.015142328785248411,0,2.919618786111815,-0.17082775315014942,0.015142328785248411,0,2.919618786111815,-0.17082775315014942,0.015142328785248411,0,2.919618786111815,0.17082775315014942,0.0,1,2.9537843367418453,0.17082775315014942,0.0,1,2.9537843367418453,0.17082775315014942,0.0,1,2.9537843367418453
18.95,2.948385749134447,-0.0981561383163296,0.567913237173172,3,-0.05398587607398129,0.017037397115195158,0,2.9429871615270486,-0.05398587607398129,0.017037397115195158,0,2.9429871615270486,-0.05398587607398129,0.017037397115195158,0,2.9429871615270486,0.05398587607398129,0.0,1,2.9537843367418453,0.05398587607398129,0.0,1,2.9537843367418453,0.05398587607398129,0.0,1,2.9537843367418453
19.0,2.961640499507276,0.1428393230078336,0.549341128067828,3,0.07856162765430849,0.016480233842034838,0,2.969496662272707,0.07856162765430849,0.016480233842034838,0,2.969496662272707,0.07856162765430849,0.016480233842034838,0,2.969496662272707,-0.07856162765430849,0.0,1,2.9537843367418453,-0.07856162765430849,0.0,1,2.9537843367418453,-0.07856162765430849,0.0,1,2.9537843367418453
19.05,2.973734965249481,0.36273870013883686,0.458482083671842,3,0.19950628507636028,0.01375446251015526,0,2.993685593757117,0.19950628507636028,0.01375446251015526,0,2.993685593757117,0.19950628507636028,0.01375446251015526,0,2.993685593757117,-0.19950628507636028,0.0,1,2.9537843367418453,-0.19950628507636028,0.0,1,2.9537843367418453,-0.19950628507636028,0.0,1,2.9537843367418453
19.1,2.9818823522008713,0.5108730083459257,0.29965101332624117,3,0.2809801545902592,0.008989530399787235,0,3.0099803676598973,0.2809801545902592,0.008989530399787235,0,3.0099803676598973,0.2809801545902592,0.008989530399787235,0,3.0099803676598973,-0.2809801545902592,0.0,1,2.9537843367418453,-0.2809801545902592,0.0,1,2.9537843367418453,-0.2809801545902592,0.0,1,2.9537843367418453
19.150000000000002,2.985076191933137,0.5689428216598374,0.08455650445537147,3,0.3129185519129106,0.002536695133661144,0,3.016368047124428,0.3129185519129106,0.002536695133661144,0,3.016368047124428,0.3129185519129106,0.002536695133661144,0,3.016368047124428,-0.3129185519129106,0.0,1,2.9537843367418453,-0.3129185519129106,0.0,1,2.9537843367418453,-0.3129185519129106,0.0,1,2.9537843367418453
19.200000000000003,2.985076191933137,0.5459931696193975,-0.15673976066335854,3,0.3002962432906686,0.0,1,3.0151058162622038,0.3002962432906686,0.0,1,3.0151058162622038,0.3002962432906686,0.0,1,3.0151058162622038,-0.3002962432906686,0.004702192819900756,0,2.95504656760407,-0.3002962432906686,0.004702192819900756,0,2.95504656760407,-0.3002962432906686,0.004702192819900756,0,2.95504656760407
19.25,2.99029703379937,0.45106877205152196,-0.3736728891244065,3,0.2480878246283371,0.0,1,3.0151058162622038,0.2480878246283371,0.0,1,3.0151058162622038,0.2480878246283371,0.0,1,3.0151058162622038,-0.2480878246283371,0.011210186673732194,0,2.965488251336536,-0.2480878246283371,0.011210186673732194,0,2.965488251336536,-0.2480878246283371,0.011210186673732194,0,2.965488251336536
19.3,2.999237703852641,0.2885111347193224,-0.516689490365417,3,0.15868112409562732,0.0,1,3.0151058162622038,0.15868112409562732,0.0,1,3.0151058162622038,0.15868112409562732,0.0,1,3.0151058162622038,-0.15868112409562732,0.01550068471096251,0,2.9833695914430782,-0.15868112409562732,0.01550068471096251,0,2.9833695914430782,-0.15868112409562732,0.01550068471096251,0,2.9833695914430782
19.35,3.0112084161962382,0.07086181938119053,-0.5697006018381443,3,0.0389740006596548,0.0,1,3.0151058162622038,0.0389740006596548,0.0,1,3.0151058162622038,0.0389740006596548,0.0,1,3.0151058162622038,-0.0389740006596548,0.01709101805514433,0,3.0073110161302727,-0.0389740006596548,0.01709101805514433,0,3.0073110161302727,-0.0389740006596548,0.01709101805514433,0,3.0073110161302727
19.400000000000002,3.0244865522389435,-0.1705588359407254,-0.5424046176517734,3,-0.09380735976739898,0.0,1,3.0151058162622038,-0.09380735976739898,0.0,1,3.0151058162622038,-0.09380735976739898,0.0,1,3.0151058162622038,0.09380735976739898,0.016272138529553202,0,3.033867288215683,0.09380735976739898,0.016272138529553202,0,3.033867288215683,0.09380735976739898,0.016272138529553202,0,3.033867288215683
19.450000000000003,3.036244853015948,-0.38434612279535413,-0.4434248736699891,3,-0.21139036753744478,0.0,1,3.0151058162622038,-0.21139036753744478,0.0,1,3.0151058162622038,-0.21139036753744478,0.0,1,3.0151058162622038,0.21139036753744478,0.013302746210099673,0,3.0573838897696923,0.21139036753744478,0.013302746210099673,0,3.0573838897696923,0.21139036753744478,0.013302746210099673,0,3.0573838897696923
19.5,3.043826518278531,-0.5221945821150433,-0.2771801208502243,3,-0.2872070201632739,0.0,1,3.0151058162622038,-0.2872070201632739,0.0,1,3.0151058162622038,-0.2872070201632739,0.0,1,3.0151058162622038,0.2872070201632739,0.008315403625506729,0,3.0725472202948585,0.2872070201632739,0.008315403625506729,0,3.0725472202948585,0.2872070201632739,0.008315403625506729,0,3.0725472202948585
19.55,3.0464662277581644,-0.5701892999265505,-0.05708030027367203,3,-0.31360411495960283,0.0,1,3.0151058162622038,-0.31360411495960283,0.0,1,3.0151058162622038,-0.31360411495960283,0.0,1,3.0151058162622038,0.31360411495960283,0.0017124090082101609,0,3.0778266392541247,0.31360411495960283,0.0017124090082101609,0,3.0778266392541247,0.31360411495960283,0.0017124090082101609,0,3.0778266392541247
19.6,3.0464662277581644,-0.538576246376527,0.1842847815934469,3,-0.2962169355070899,0.0055285434478034075,0,3.0168445342074555,-0.2962169355070899,0.0055285434478034075,0,3.0168445342074555,-0.2962169355070899,0.0055285434478034075,0,3.0168445342074555,0.2962169355070899,0.0,1,3.0760879213088734,0.2962169355070899,0.0,1,3.0760879213088734,0.2962169355070899,0.0,1,3.0760879213088734
19.650000000000002,3.052132595261803,-0.4355513826740113,0.3947512300003839,3,-0.23955326047070621,0.011842536900011517,0,3.028177269214732,-0.23955326047070621,0.011842536900011517,0,3.028177269214732,-0.23955326047070621,0.011842536900011517,0,3.028177269214732,0.23955326047070621,0.0,1,3.0760879213088734,0.23955326047070621,0.0,1,3.0760879213088734,0.23955326047070621,0.0,1,3.0760879213088734
19.700000000000003,3.0614765094602348,-0.2656620336116152,0.5273894570510252,3,-0.1461141184863884,0.015821683711530758,0,3.046865097611596,-0.1461141184863884,0.015821683711530758,0,3.046865097611596,-0.1461141184863884,0.015821683711530758,0,3.046865097611596,0.1461141184863884,0.0,1,3.0760879213088734,0.1461141184863884,0.0,1,3.0760879213088734,0.1461141184863884,0.0,1,3.0760879213088734
19.75,3.0737107967097153,-0.043220447257419754,0.5704115558788245,3,-0.023771245991580866,0.017112346676364736,0,3.071333672110557,-0.023771245991580866,0.017112346676364736,0,3.071333672110557,-0.023771245991580866,0.017112346676364736,0,3.071333672110557,0.023771245991580866,0.0,1,3.0760879213088734,0.023771245991580866,0.0,1,3.0760879213088734,0.023771245991580866,0.0,1,3.0760879213088734
19.8,3.0869727411676764,0.19790581561459597,0.5345087487080418,3,0.10884819858802779,0.01603526246124125,0,3.0978575610264794,0.10884819858802779,0.01603526246124125,0,3.0978575610264794,0.10884819858802779,0.01603526246124125,0,3.0978575610264794,-0.10884819858802779,0.0,1,3.0760879213088734,-0.10884819858802779,0.0,1,3.0760879213088734,-0.10884819858802779,0.0,1,3.0760879213088734
19.85,3.098356407319068,0.404881563821725,0.42744941303968603,3,0.22268486010194877,0.01282348239119058,0,3.120624893329263,0.22268486010194877,0.01282348239119058,0,3.120624893329263,0.22268486010194877,0.01282348239119058,0,3.120624893329263,-0.22268486010194877,0.0,1,3.0760879213088734,-0.22268486010194877,0.0,1,3.0760879213088734,-0.22268486010194877,0.0,1,3.0760879213088734
19.900000000000002,3.105363078724022,0.5322755893663375,0.2539611589827678,3,0.2927515741514856,0.007618834769483033,0,3.1346382361391707,0.2927515741514856,0.007618834769483033,0,3.1346382361391707,0.2927515741514856,0.007618834769483033,0,3.1346382361391707,-0.2927515741514856,0.0,1,3.0760879213088734,-0.2927515741514856,0.0,1,3.0760879213088734,-0.2927515741514856,0.0,1,3.0760879213088734
19.950000000000003,3.107458266691235,0.5703699160429441,0.029291042642121325,3,0.31370345382361925,0.0008787312792636397,0,3.138828612073597,0.31370345382361925,0.0008787312792636397,0,3.138828612073597,0.31370345382361925,0.0008787312792636397,0,3.138828612073597,-0.31370345382361925,0.0,1,3.0760879213088734,-0.31370345382361925,0.0,1,3.0760879213088734,-0.31370345382361925,0.0,1,3.0760879213088734
20.0,3.107458266691235,0.5302027460835987,-0.21141017483229588,3,0.2916115103459793,0.0,1,3.136619417725833,0.2916115103459793,0.0,1,3.136619417725833,0.2916115103459793,0.0,1,3.136619417725833,-0.2916115103459793,0.006342305244968876,0,3.078297115656637,-0.2916115103459793,0.006342305244968876,0,3.078297115656637,-0.2916115103459793,0.006342305244968876,0,3.078297115656637
20.05,3.113567806264408,0.4191202083895517,-0.4147310137176401,3,0.23051611461425348,0.0,1,3.136619417725833,0.23051611461425348,0.0,1,3.136619417725833,0.23051611461425348,0.0,1,3.136619417725833,-0.23051611461425348,0.012441930411529202,0,3.0905161948029827,-0.23051611461425348,0.012441930411529202,0,3.0905161948029827,-0.23051611461425348,0.012441930411529202,0,3.0905161948029827
20.1,3.1233049071136016,0.24208201113147648,-0.5368547241386291,3,0.13314510612231206,0.0,1,3.136619417725833,0.13314510612231206,0.0,1,3.136619417725833,0.13314510612231206,0.0,1,3.136619417725833,-0.13314510612231206,0.016105641724158872,0,3.1099903965013707,-0.13314510612231206,0.016105641724158872,0,3.1099903965013707,-0.13314510612231206,0.016105641724158872,0,3.1099903965013707
20.150000000000002,3.135777854537464,0.01530114887944198,-0.5700668234556707,3,0.008415631883693089,0.0,1,3.136619417725833,0.008415631883693089,0.0,1,3.136619417725833,0.008415631883693089,0.0,1,3.136619417725833,-0.008415631883693089,0.017102004703670123,0,3.134936291349095,-0.008415631883693089,0.017102004703670123,0,3.134936291349095,-0.008415631883693089,0.017102004703670123,0,3.134936291349095
20.200000000000003,3.1489826559669787,-0.22478614983901277,-0.5256587989184303,3,-0.12363238241145703,0.0,1,3.136619417725833,-0.12363238241145703,0.0,1,3.136619417725833,-0.12363238241145703,0.0,1,3.136619417725833,0.12363238241145703,0.01576976396755291,0,3.1613458942081243,0.12363238241145703,0.01576976396755291,0,3.1613458942081243,0.12363238241145703,0.01576976396755291,0,3.1613458942081243
20.25,3.1599555885000448,-0.42429401407656603,-0.41056515124673926,3,-0.23336170774211135,0.0,1,3.136619417725833,-0.23336170774211135,0.0,1,3.136619417725833,-0.23336170774211135,0.0,1,3.136619417725833,0.23336170774211135,0.012316954537402178,0,3.183291759274256,0.23336170774211135,0.012316954537402178,0,3.183291759274256,0.23336170774211135,0.012316954537402178,0,3.183291759274256
20.3,3.1663815043329997,-0.5411288474030302,-0.23002933659936248,3,-0.29762086607166666,0.0,1,3.136619417725833,-0.29762086607166666,0.0,1,3.136619417725833,-0.29762086607166666,0.0,1,3.136619417725833,0.29762086607166666,0.006900880097980874,0,3.1961435909401663,0.29762086607166666,0.006900880097980874,0,3.1961435909401663,0.29762086607166666,0.006900880097980874,0,3.1961435909401663
20.35,3.1679421712617657,-0.5695046097442267,-0.0012601050886902356,3,-0.3132275353593247,0.0,1,3.136619417725833,-0.3132275353593247,0.0,1,3.136619417725833,-0.3132275353593247,0.0,1,3.136619417725833,0.3132275353593247,3.7803152660707064e-05,0,3.1992649247976983,0.3132275353593247,3.7803152660707064e-05,0,3.1992649247976983,0.3132275353593247,3.7803152660707064e-05,0,3.1992649247976983
20.400000000000002,3.1679421712617657,-0.5208774176184252,0.2380221209908651,3,-0.2864825796901339,0.007140663629725952,0,3.1392939132927524,-0.2864825796901339,0.007140663629725952,0,3.1392939132927524,-0.2864825796901339,0.007140663629725952,0,3.1392939132927524,0.2864825796901339,0.0,1,3.196590429230779,0.2864825796901339,0.0,1,3.196590429230779,0.2864825796901339,0.0,1,3.196590429230779
20.450000000000003,3.1744922117866268,-0.4017857717118578,0.4335655491327245,3,-0.22098217444152182,0.013006966473981734,0,3.1523939943424746,-0.22098217444152182,0.013006966473981734,0,3.1523939943424746,-0.22098217444152182,0.013006966473981734,0,3.1523939943424746,0.22098217444152182,0.0,1,3.196590429230779,0.22098217444152182,0.0,1,3.196590429230779,0.22098217444152182,0.0,1,3.196590429230779
20.5,3.1846109827084947,-0.2178081185869891,0.5451001564058703,3,-0.11979446522284401,0.01635300469217611,0,3.1726315361862105,-0.11979446522284401,0.01635300469217611,0,3.1726315361862105,-0.11979446522284401,0.01635300469217611,0,3.1726315361862105,0.11979446522284401,0.0,1,3.196590429230779,0.11979446522284401,0.0,1,3.196590429230779,0.11979446522284401,0.0,1,3.196590429230779
20.55,3.1972956655203433,0.01282247799207752,0.5686854885994274,3,0.007052362895642636,0.01706056465798282,0,3.1980009018099076,0.007052362895642636,0.01706056465798282,0,3.1980009018099076,0.007052362895642636,0.01706056465798282,0,3.1980009018099076,-0.007052362895642636,0.0,1,3.196590429230779,-0.007052362895642636,0.0,1,3.196590429230779,-0.007052362895642636,0.0,1,3.196590429230779
20.6,3.2104012919659684,0.2511065951852619,0.5158590740715728,3,0.13810862735189405,0.015475772222147185,0,3.2242121547011577,0.13810862735189405,0.015475772222147185,0,3.2242121547011577,0.13810862735189405,0.015475772222147185,0,3.2242121547011577,-0.13810862735189405,0.0,1,3.196590429230779,-0.13810862735189405,0.0,1,3.196590429230779,-0.13810862735189405,0.0,1,3.196590429230779
20.650000000000002,3.220930192714007,0.44254115424050994,0.39278375555964823,3,0.2433976348322805,0.011783512666789446,0,3.245269956197235,0.2433976348322805,0.011783512666789446,0,3.245269956197235,0.2433976348322805,0.011783512666789446,0,3.245269956197235,-0.2433976348322805,0.0,1,3.196590429230779,-0.2433976348322805,0.0,1,3.196590429230779,-0.2433976348322805,0.0,1,3.196590429230779
20.700000000000003,3.226772835896007,0.5487710302768772,0.20542358134229946,3,0.3018240666522825,0.0061627074402689835,0,3.256955242561235,0.3018240666522825,0.0061627074402689835,0,3.256955242561235,0.3018240666522825,0.0061627074402689835,0,3.256955242561235,-0.3018240666522825,0.0,1,3.196590429230779,-0.3018240666522825,0.0,1,3.196590429230779,-0.3018240666522825,0.0,1,3.196590429230779
20.75,3.226772835896007,0.567611550778783,-0.02693672476597328,3,0.3121863529283307,0.0,1,3.25799147118884,0.3121863529283307,0.0,1,3.25799147118884,0.3121863529283307,0.0,1,3.25799147118884,-0.3121863529283307,0.0008081017429791983,0,3.195554200603174,-0.3121863529283307,0.0008081017429791983,0,3.195554200603174,-0.3121863529283307,0.0008081017429791983,0,3.195554200603174
20.8,3.229908239444265,0.5106042135377336,-0.26402824310110357,3,0.2808323174457535,0.0,1,3.25799147118884,0.2808323174457535,0.0,1,3.25799147118884,0.2808323174457535,0.0,1,3.25799147118884,-0.2808323174457535,0.007920847293033106,0,3.2018250076996897,-0.2808323174457535,0.007920847293033106,0,3.2018250076996897,-0.2808323174457535,0.007920847293033106,0,3.2018250076996897
20.85,3.23689561884184,0.3835609517636389,-0.45121691355197807,3,0.2109585234700014,0.0,1,3.25799147118884,0.2109585234700014,0.0,1,3.25799147118884,0.2109585234700014,0.0,1,3.25799147118884,-0.2109585234700014,0.013536507406559341,0,3.21579976649484,-0.2109585234700014,0.013536507406559341,0,3.21579976649484,-0.2109585234700014,0.013536507406559341,0,3.21579976649484
20.900000000000002,3.2473830054835404,0.19288119464180373,-0.5521440013374495,3,0.10608465705299205,0.0,1,3.25799147118884,0.10608465705299205,0.0,1,3.25799147118884,0.10608465705299205,0.0,1,3.25799147118884,-0.10608465705299205,0.01656432004012348,0,3.2367745397782413,-0.10608465705299205,0.01656432004012348,0,3.2367745397782413,-0.10608465705299205,0.01656432004012348,0,3.2367745397782413
20.950000000000003,3.2602504588744785,-0.04107250337523392,-0.5662847605933058,3,-0.022589876856378657,0.0,1,3.25799147118884,-0.022589876856378657,0.0,1,3.25799147118884,-0.022589876856378657,0.0,1,3.25799147118884,0.022589876856378657,0.016988542817799174,0,3.2625094465601165,0.022589876856378657,0.016988542817799174,0,3.2625094465601165,0.022589876856378657,0.016988542817799174,0,3.2625094465601165
21.0,3.273214147699979,-0.27677593656616034,-0.5051132668550116,3,-0.1522267651113882,0.0,1,3.25799147118884,-0.1522267651113882,0.0,1,3.25799147118884,-0.1522267651113882,0.0,1,3.25799147118884,0.1522267651113882,0.015153398005650347,0,3.288436824211118,0.1522267651113882,0.015153398005650347,0,3.288436824211118,0.1522267651113882,0.015153398005650347,0,3.288436824211118
21.05,3.2832688911691403,-0.4595894541872798,-0.37411937946777246,3,-0.2527741998030039,0.0,1,3.25799147118884,-0.2527741998030039,0.0,1,3.25799147118884,-0.2527741998030039,0.0,1,3.25799147118884,0.2527741998030039,0.011223581384033173,0,3.3085463111494406,0.2527741998030039,0.011223581384033173,0,3.3085463111494406,0.2527741998030039,0.011223581384033173,0,3.3085463111494406
21.1,3.288528666187125,-0.5552217272415404,-0.1801866783389732,3,-0.3053719499828472,0.0,1,3.25799147118884,-0.3053719499828472,0.0,1,3.25799147118884,-0.3053719499828472,0.0,1,3.25799147118884,0.3053719499828472,0.005405600350169196,0,3.31906586118541,0.3053719499828472,0.005405600350169196,0,3.31906586118541,0.3053719499828472,0.005405600350169196,0,3.31906586118541
21.150000000000002,3.288528666187125,-0.5647069538278403,0.05521943625208782,3,-0.3105888246053122,0.0016565830875626345,0,3.257469783726594,-0.3105888246053122,0.0016565830875626345,0,3.257469783726594,-0.3105888246053122,0.0016565830875626345,0,3.257469783726594,0.3105888246053122,0.0,1,3.319587548647656,0.3105888246053122,0.0,1,3.319587548647656,0.3105888246053122,0.0,1,3.319587548647656
21.200000000000003,3.2921212821892585,-0.49938666287995687,0.2893387857015592,3,-0.2746626645839763,0.008680163571046775,0,3.264655015730861,-0.2746626645839763,0.008680163571046775,0,3.264655015730861,-0.2746626645839763,0.008680163571046775,0,3.264655015730861,0.2746626645839763,0.0,1,3.319587548647656,0.2746626645839763,0.0,1,3.319587548647656,0.2746626645839763,0.0,1,3.319587548647656
21.25,3.299542180753788,-0.3644612344339508,0.4676559370308736,3,-0.20045367893867294,0.014029678110926208,0,3.2794968128599207,-0.20045367893867294,0.014029678110926208,0,3.2794968128599207,-0.20045367893867294,0.014029678110926208,0,3.2794968128599207,0.20045367893867294,0.0,1,3.319587548647656,0.20045367893867294,0.0,1,3.319587548647656,0.20045367893867294,0.0,1,3.319587548647656
21.3,3.3103835182660233,-0.16734600693878207,0.5580069641239993,3,-0.09204030381633015,0.01674020892371998,0,3.30117948788439,-0.09204030381633015,0.01674020892371998,0,3.30117948788439,-0.09204030381633015,0.01674020892371998,0,3.30117948788439,0.09204030381633015,0.0,1,3.319587548647656,0.09204030381633015,0.0,1,3.319587548647656,0.09204030381633015,0.0,1,3.319587548647656
21.35,3.3234027288473875,0.06936691272239046,0.5628798370414916,3,0.03815180199731475,0.016886395111244748,0,3.327217909047119,0.03815180199731475,0.016886395111244748,0,3.327217909047119,0.03815180199731475,0.016886395111244748,0,3.327217909047119,-0.03815180199731475,0.0,1,3.319587548647656,-0.03815180199731475,0.0,1,3.319587548647656,-0.03815180199731475,0.0,1,3.319587548647656
21.400000000000002,3.336181388299272,0.3017061754839395,0.4934248410781721,3,0.16593839651616674,0.014802745232345161,0,3.3527752279508887,0.16593839651616674,0.014802745232345161,0,3.3527752279508887,0.16593839651616674,0.014802745232345161,0,3.3527752279508887,-0.16593839651616674,0.0,1,3.319587548647656,-0.16593839651616674,0.0,1,3.319587548647656,-0.16593839651616674,0.0,1,3.319587548647656
21.450000000000003,3.345735321085579,0.4754140443258737,0.3545888950033935,3,0.26147772437923056,0.010637666850101805,0,3.371883093523502,0.26147772437923056,0.010637666850101805,0,3.371883093523502,0.26147772437923056,0.010637666850101805,0,3.371883093523502,-0.26147772437923056,0.0,1,3.319587548647656,-0.26147772437923056,0.0,1,3.319587548647656,-0.26147772437923056,0.0,1,3.319587548647656
21.5,3.3504151883976654,0.560502540909259,0.1543654141416284,3,0.30827639750009245,0.004630962424248852,0,3.3812428281476747,0.30827639750009245,0.004630962424248852,0,3.3812428281476747,0.30827639750009245,0.004630962424248852,0,3.3812428281476747,-0.30827639750009245,0.0,1,3.319587548647656,-0.30827639750009245,0.0,1,3.319587548647656,-0.30827639750009245,0.0,1,3.319587548647656
21.55,3.3504151883976654,0.56080498819198,-0.0835041037439119,3,0.30844274350558903,0.0,1,3.381259462748224,0.30844274350558903,0.0,1,3.381259462748224,0.30844274350558903,0.0,1,3.381259462748224,-0.30844274350558903,0.002505123112317357,0,3.3195709140471066,-0.30844274350558903,0.002505123112317357,0,3.3195709140471066,-0.30844274350558903,0.002505123112317357,0,3.3195709140471066
21.6,3.354461908218226,0.48722826418177995,-0.3138678013620487,3,0.26797554529997897,0.0,1,3.381259462748224,0.26797554529997897,0.0,1,3.381259462748224,0.26797554529997897,0.0,1,3.381259462748224,-0.26797554529997897,0.009416034040861462,0,3.327664353688228,-0.26797554529997897,0.009416034040861462,0,3.327664353688228,-0.26797554529997897,0.009416034040861462,0,3.327664353688228
21.650000000000002,3.3623116917292664,0.3445049276174116,-0.4828619642741412,3,0.18947771018957638,0.0,1,3.381259462748224,0.18947771018957638,0.0,1,3.381259462748224,0.18947771018957638,0.0,1,3.381259462748224,-0.18947771018957638,0.014485858928224234,0,3.3433639207103085,-0.18947771018957638,0.014485858928224234,0,3.3433639207103085,-0.18947771018957638,0.014485858928224234,0,3.3433639207103085
21.700000000000003,3.3734906358975834,0.141251397284379,-0.5627113349113957,3,0.07768826850640845,0.0,1,3.381259462748224,0.07768826850640845,0.0,1,3.381259462748224,0.07768826850640845,0.0,1,3.381259462748224,-0.07768826850640845,0.01688134004734187,0,3.3657218090469425,-0.07768826850640845,0.01688134004734187,0,3.3657218090469425,-0.07768826850640845,0.01688134004734187,0,3.3657218090469425
21.75,3.386628561584429,-0.09761997884010135,-0.5584838585253645,3,-0.05369098836205574,0.0,1,3.381259462748224,-0.05369098836205574,0.0,1,3.381259462748224,-0.05369098836205574,0.0,1,3.381259462748224,0.05369098836205574,0.016754515755760934,0,3.3919976604206346,0.05369098836205574,0.016754515755760934,0,3.3919976604206346,0.05369098836205574,0.016754515755760934,0,3.3919976604206346
21.8,3.3991792164443804,-0.32581370356647427,-0.4807974308307883,3,-0.17919753696156085,0.0,1,3.381259462748224,-0.17919753696156085,0.0,1,3.381259462748224,-0.17919753696156085,0.0,1,3.381259462748224,0.17919753696156085,0.014423922924923649,0,3.4170989701405365,0.17919753696156085,0.014423922924923649,0,3.4170989701405365,0.17919753696156085,0.014423922924923649,0,3.4170989701405365
21.85,3.408209373256627,-0.48999837288006526,-0.3342120919494613,3,-0.2694991050840359,0.0,1,3.381259462748224,-0.2694991050840359,0.0,1,3.381259462748224,-0.2694991050840359,0.0,1,3.381259462748224,0.2694991050840359,0.010026362758483839,0,3.4351592837650307,0.2694991050840359,0.010026362758483839,0,3.4351592837650307,0.2694991050840359,0.010026362758483839,0,3.4351592837650307
21.900000000000002,3.4123144564341583,-0.5646362488351646,-0.12801072159138085,3,-0.31054993685934057,0.0,1,3.381259462748224,-0.31054993685934057,0.0,1,3.381259462748224,-0.31054993685934057,0.0,1,3.381259462748224,0.31054993685934057,0.0038403216477414254,0,3.4433694501200924,0.31054993685934057,0.0038403216477414254,0,3.4433694501200924,0.31054993685934057,0.0038403216477414254,0,3.4433694501200924
21.950000000000003,3.4123144564341583,-0.5559177756704301,0.11170332526606257,3,-0.30575477661873657,0.003351099757981877,0,3.3817389787722845,-0.30575477661873657,0.003351099757981877,0,3.3817389787722845,-0.30575477661873657,0.003351099757981877,0,3.3817389787722845,0.30575477661873657,0.0,1,3.442889934096032,0.30575477661873657,0.0,1,3.442889934096032,0.30575477661873657,0.0,1,3.442889934096032
22.0,3.4168126252496065,-0.4741328881168399,0.3375342997589334,3,-0.26077308846426195,0.010126028992768002,0,3.3907353164031804,-0.26077308846426195,0.010126028992768002,0,3.3907353164031804,-0.26077308846426195,0.010126028992768002,0,3.3907353164031804,0.26077308846426195,0.0,1,3.442889934096032,0.26077308846426195,0.0,1,3.442889934096032,0.26077308846426195,0.0,1,3.442889934096032
22.05,3.4250857000822545,-0.3237133457050449,0.4968224133009578,3,-0.1780423401377747,0.014904672399028733,0,3.407281466068477,-0.1780423401377747,0.014904672399028733,0,3.407281466068477,-0.1780423401377747,0.014904672399028733,0,3.407281466068477,0.1780423401377747,0.0,1,3.442889934096032,0.1780423401377747,0.0,1,3.442889934096032,0.1780423401377747,0.0,1,3.442889934096032
22.1,3.4365841607686423,-0.1146504241343638,0.5662801892669139,3,-0.06305773327390009,0.016988405678007416,0,3.4302783874412524,-0.06305773327390009,0.016988405678007416,0,3.4302783874412524,-0.06305773327390009,0.016988405678007416,0,3.4302783874412524,0.06305773327390009,0.0,1,3.442889934096032,0.06305773327390009,0.0,1,3.442889934096032,0.06305773327390009,0.0,1,3.442889934096032
22.150000000000002,3.449805786413935,0.12574276941641474,0.5531079478750383,3,0.06915852317902811,0.016593238436251146,0,3.4567216387318376,0.06915852317902811,0.016593238436251146,0,3.4567216387318376,0.06915852317902811,0.016593238436251146,0,3.4567216387318376,-0.06915852317902811,0.0,1,3.442889934096032,-0.06915852317902811,0.0,1,3.442889934096032,-0.06915852317902811,0.0,1,3.442889934096032
22.200000000000003,3.4620860569584875,0.3490204156810051,0.46723524395030425,3,0.19196122862455284,0.014017057318509126,0,3.481282179820943,0.19196122862455284,0.014017057318509126,0,3.481282179820943,0.19196122862455284,0.014017057318509126,0,3.481282179820943,-0.19196122862455284,0.0,1,3.442889934096032,-0.19196122862455284,0.0,1,3.442889934096032,-0.19196122862455284,0.0,1,3.442889934096032
22.25,3.470573286110282,0.5033336729863583,0.31301184914903996,3,0.2768335201424971,0.009390355474471198,0,3.498256638124532,0.2768335201424971,0.009390355474471198,0,3.498256638124532,0.2768335201424971,0.009390355474471198,0,3.498256638124532,-0.2768335201424971,0.0,1,3.442889934096032,-0.2768335201424971,0.0,1,3.442889934096032,-0.2768335201424971,0.0,1,3.442889934096032
22.3,3.4741104666658846,0.5676460467245922,0.10117781738753714,3,0.3122053256985257,0.003035334521626114,0,3.505330999235737,0.3122053256985257,0.003035334521626114,0,3.505330999235737,0.3122053256985257,0.003035334521626114,0,3.505330999235737,-0.3122053256985257,0.0,1,3.442889934096032,-0.3122053256985257,0.0,1,3.442889934096032,-0.3122053256985257,0.0,1,3.442889934096032
22.35,3.4741104666658846,0.5500554693198387,-0.13972680045495178,3,0.3025305081259113,0.0,1,3.5043635174784757,0.3025305081259113,0.0,1,3.5043635174784757,0.3025305081259113,0.0,1,3.5043635174784757,-0.3025305081259113,0.004191804013648553,0,3.4438574158532935,-0.3025305081259113,0.004191804013648553,0,3.4438574158532935,-0.3025305081259113,0.004191804013648553,0,3.4438574158532935
22.400000000000002,3.479057732623834,0.4601051791753085,-0.36026331348129303,3,0.2530578485464197,0.0,1,3.5043635174784757,0.2530578485464197,0.0,1,3.5043635174784757,0.2530578485464197,0.0,1,3.5043635174784757,-0.2530578485464197,0.01080789940443879,0,3.453751947769192,-0.2530578485464197,0.01080789940443879,0,3.453751947769192,-0.2530578485464197,0.01080789940443879,0,3.453751947769192
22.450000000000003,3.4877474141603044,0.3021109694213032,-0.5095321589022598,3,0.1661610331817168,0.0,1,3.5043635174784757,0.1661610331817168,0.0,1,3.5043635174784757,0.1661610331817168,0.0,1,3.5043635174784757,-0.1661610331817168,0.015285964767067792,0,3.4711313108421327,-0.1661610331817168,0.015285964767067792,0,3.4711313108421327,-0.1661610331817168,0.015285964767067792,0,3.4711313108421327
22.5,3.499545490404552,0.08760049225315761,-0.5687366773176146,3,0.04818027073923669,0.0,1,3.5043635174784757,0.04818027073923669,0.0,1,3.5043635174784757,0.04818027073923669,0.0,1,3.5043635174784757,-0.04818027073923669,0.017062100319528435,0,3.4947274633306282,-0.04818027073923669,0.017062100319528435,0,3.4947274633306282,-0.04818027073923669,0.017062100319528435,0,3.4947274633306282
22.55,3.5128139262647413,-0.15364379611391854,-0.5467613264428977,3,-0.0845040878626552,0.0,1,3.5043635174784757,-0.0845040878626552,0.0,1,3.5043635174784757,-0.0845040878626552,0.0,1,3.5043635174784757,0.0845040878626552,0.016402839793286928,0,3.521264335051007,0.0845040878626552,0.016402839793286928,0,3.521264335051007,0.0845040878626552,0.016402839793286928,0,3.521264335051007
22.6,3.524782526936825,-0.37125471742452704,-0.4527434593621975,3,-0.20419009458348988,0.0,1,3.5043635174784757,-0.20419009458348988,0.0,1,3.5043635174784757,-0.20419009458348988,0.0,1,3.5043635174784757,0.20419009458348988,0.013582303780865924,0,3.545201536395174,0.20419009458348988,0.013582303780865924,0,3.545201536395174,0.20419009458348988,0.013582303780865924,0,3.545201536395174
22.650000000000002,3.5327115223914203,-0.5154182711444495,-0.29101428470086316,3,-0.28348004912944724,0.0,1,3.5043635174784757,-0.28348004912944724,0.0,1,3.5043635174784757,-0.28348004912944724,0.0,1,3.5043635174784757,0.28348004912944724,0.008730428541025894,0,3.561059527304365,0.28348004912944724,0.008730428541025894,0,3.561059527304365,0.28348004912944724,0.008730428541025894,0,3.561059527304365
22.700000000000003,3.535689036211244,-0.5695548860503337,-0.07392632042363667,3,-0.31325518732768354,0.0,1,3.5043635174784757,-0.31325518732768354,0.0,1,3.5043635174784757,-0.31325518732768354,0.0,1,3.5043635174784757,0.31325518732768354,0.0022177896127091,0,3.5670145549440124,0.31325518732768354,0.0022177896127091,0,3.5670145549440124,0.31325518732768354,0.0022177896127091,0,3.5670145549440124
22.75,3.535689036211244,-0.5432264052069824,0.1674820505768043,3,-0.2987745228638403,0.005024461517304128,0,3.50581158392486,-0.2987745228638403,0.005024461517304128,0,3.50581158392486,-0.2987745228638403,0.005024461517304128,0,3.50581158392486,0.2987745228638403,0.0,1,3.5655664884976277,0.2987745228638403,0.0,1,3.5655664884976277,0.2987745228638403,0.0,1,3.5655664884976277
22.8,3.5410831864559067,-0.44515094621311024,0.3819868367157477,3,-0.24483302041721067,0.01145960510147243,0,3.5165998844141857,-0.24483302041721067,0.01145960510147243,0,3.5165998844141857,-0.24483302041721067,0.01145960510147243,0,3.5165998844141857,0.24483302041721067,0.0,1,3.5655664884976277,0.24483302041721067,0.0,1,3.5655664884976277,0.24483302041721067,0.0,1,3.5655664884976277
22.85,3.5501815811424122,-0.279725588276641,0.5209927752481193,3,-0.15384907355215258,0.015629783257443578,0,3.5347966737871968,-0.15384907355215258,0.015629783257443578,0,3.5347966737871968,-0.15384907355215258,0.015629783257443578,0,3.5347966737871968,0.15384907355215258,0.0,1,3.5655664884976277,0.15384907355215258,0.0,1,3.5655664884976277,0.15384907355215258,0.0,1,3.5655664884976277
22.900000000000002,3.5622574984209816,-0.06016345593902303,0.5701034117874291,3,-0.03308990076646267,0.017103102353622873,0,3.5589485083443355,-0.03308990076646267,0.017103102353622873,0,3.5589485083443355,-0.03308990076646267,0.017103102353622873,0,3.5589485083443355,0.03308990076646267,0.0,1,3.5655664884976277,0.03308990076646267,0.0,1,3.5655664884976277,0.03308990076646267,0.0,1,3.5655664884976277
22.950000000000003,3.57553412773542,0.18122980432349314,0.5394514992394644,3,0.09967639237792124,0.016183544977183932,0,3.585501766973212,0.09967639237792124,0.016183544977183932,0,3.585501766973212,0.09967639237792124,0.016183544977183932,0,3.585501766973212,-0.09967639237792124,0.0,1,3.5655664884976277,-0.09967639237792124,0.0,1,3.5655664884976277,-0.09967639237792124,0.0,1,3.5655664884976277
23.0,3.587151369684016,0.3924523852070566,0.43732860852384203,3,0.21584881186388116,0.013119858255715261,0,3.608736250870404,0.21584881186388116,0.013119858255715261,0,3.608736250870404,0.21584881186388116,0.013119858255715261,0,3.608736250870404,-0.21584881186388116,0.0,1,3.5655664884976277,-0.21584881186388116,0.0,1,3.5655664884976277,-0.21584881186388116,0.0,1,3.5655664884976277
23.05,3.594510611040073,0.5262567734990057,0.2682488925784351,3,0.28944122542445316,0.008047466777353053,0,3.623454733582518,0.28944122542445316,0.008047466777353053,0,3.623454733582518,0.28944122542445316,0.008047466777353053,0,3.623454733582518,-0.28944122542445316,0.0,1,3.5655664884976277,-0.28944122542445316,0.0,1,3.5655664884976277,-0.28944122542445316,0.0,1,3.5655664884976277
23.1,3.5969376587613433,0.570384913885747,0.04632033579357419,3,0.31371170263716086,0.0013896100738072256,0,3.6283088290250594,0.31371170263716086,0.0013896100738072256,0,3.6283088290250594,0.31371170263716086,0.0013896100738072256,0,3.6283088290250594,-0.31371170263716086,0.0,1,3.5655664884976277,-0.31371170263716086,0.0,1,3.5655664884976277,-0.31371170263716086,0.0,1,3.5655664884976277
23.150000000000002,3.5969376587613433,0.5354373187730312,-0.19487527578112018,3,0.29449052532516723,0.0,1,3.62638671129386,0.29449052532516723,0.0,1,3.62638671129386,0.29449052532516723,0.0,1,3.62638671129386,-0.29449052532516723,0.005846258273433606,0,3.5674886062288267,-0.29449052532516723,0.005846258273433606,0,3.5674886062288267,-0.29449052532516723,0.005846258273433606,0,3.5674886062288267
23.200000000000003,3.602776446997899,0.42927753265383445,-0.40264459779290956,3,0.23610264295960898,0.0,1,3.62638671129386,0.23610264295960898,0.0,1,3.62638671129386,0.23610264295960898,0.0,1,3.62638671129386,-0.23610264295960898,0.012079337933787286,0,3.5791661827019383,-0.23610264295960898,0.012079337933787286,0,3.5791661827019383,-0.23610264295960898,0.012079337933787286,0,3.5791661827019383
23.25,3.612274347466988,0.2565884332158567,-0.5312116755451145,3,0.1411236382687212,0.0,1,3.62638671129386,0.1411236382687212,0.0,1,3.62638671129386,0.1411236382687212,0.0,1,3.62638671129386,-0.1411236382687212,0.015936350266353434,0,3.5981619836401157,-0.1411236382687212,0.015936350266353434,0,3.5981619836401157,-0.1411236382687212,0.015936350266353434,0,3.5981619836401157
23.3,3.6246043989245407,0.0324056794421696,-0.5704019604850452,3,0.01782312369319328,0.0,1,3.62638671129386,0.01782312369319328,0.0,1,3.62638671129386,0.01782312369319328,0.0,1,3.62638671129386,-0.01782312369319328,0.017112058814551356,0,3.6228220865552214,-0.01782312369319328,0.017112058814551356,0,3.6228220865552214,-0.01782312369319328,0.017112058814551356,0,3.6228220865552214
23.35,3.637849079496251,-0.208406694588935,-0.5311845003136608,3,-0.11462368202391425,0.0,1,3.62638671129386,-0.11462368202391425,0.0,1,3.62638671129386,-0.11462368202391425,0.0,1,3.62638671129386,0.11462368202391425,0.015935535009409824,0,3.6493114476986426,0.11462368202391425,0.015935535009409824,0,3.6493114476986426,0.11462368202391425,0.015935535009409824,0,3.6493114476986426
23.400000000000002,3.649077359677667,-0.4125572433419458,-0.4209989324658487,3,-0.22690648383807022,0.0,1,3.62638671129386,-0.22690648383807022,0.0,1,3.62638671129386,-0.22690648383807022,0.0,1,3.62638671129386,0.22690648383807022,0.01262996797397546,0,3.671768008061474,0.22690648383807022,0.01262996797397546,0,3.671768008061474,0.22690648383807022,0.01262996797397546,0,3.671768008061474
23.450000000000003,3.6558589655667535,-0.535859168598064,-0.2447486730650719,3,-0.2947225427289352,0.0,1,3.62638671129386,-0.2947225427289352,0.0,1,3.62638671129386,-0.2947225427289352,0.0,1,3.62638671129386,0.2947225427289352,0.007342460191952157,0,3.685331219839647,0.2947225427289352,0.007342460191952157,0,3.685331219839647,0.2947225427289352,0.007342460191952157,0,3.685331219839647
23.5,3.6577453473080426,-0.5701570184396816,-0.018428487056596263,3,-0.3135863601418249,0.0,1,3.62638671129386,-0.3135863601418249,0.0,1,3.62638671129386,-0.3135863601418249,0.0,1,3.62638671129386,0.3135863601418249,0.0005528546116978878,0,3.689103983322225,0.3135863601418249,0.0005528546116978878,0,3.689103983322225,0.3135863601418249,0.0005528546116978878,0,3.689103983322225
23.55,3.6577453473080426,-0.526693616960593,0.22181233625170116,3,-0.2896814893283262,0.006654370087551035,0,3.62877719837521,-0.2896814893283262,0.006654370087551035,0,3.62877719837521,-0.2896814893283262,0.006654370087551035,0,3.62877719837521,0.2896814893283262,0.0,1,3.686713496240875,0.2896814893283262,0.0,1,3.686713496240875,0.2896814893283262,0.0,1,3.686713496240875
23.6,3.664026317511967,-0.4124941587074115,0.42218463405807916,3,-0.22687178728907637,0.012665539021742373,0,3.6413391387830596,-0.22687178728907637,0.012665539021742373,0,3.6413391387830596,-0.22687178728907637,0.012665539021742373,0,3.6413391387830596,0.22687178728907637,0.0,1,3.686713496240875,0.22687178728907637,0.0,1,3.686713496240875,0.22687178728907637,0.0,1,3.686713496240875
23.650000000000002,3.673913109387025,-0.23273430643363968,0.5402011874998458,3,-0.12800386853850185,0.016206035624995372,0,3.6611127225331748,-0.12800386853850185,0.016206035624995372,0,3.6611127225331748,-0.12800386853850185,0.016206035624995372,0,3.6611127225331748,0.12800386853850185,0.0,1,3.686713496240875,0.12800386853850185,0.0,1,3.686713496240875,0.12800386853850185,0.0,1,3.686713496240875
23.700000000000003,3.686471604239794,-0.004398036383287229,0.5696524448644431,3,-0.0024189200108079762,0.017089573345933293,0,3.686229712238713,-0.0024189200108079762,0.017089573345933293,0,3.686229712238713,-0.0024189200108079762,0.017089573345933293,0,3.686229712238713,0.0024189200108079762,0.0,1,3.686713496240875,0.0024189200108079762,0.0,1,3.686713496240875,0.0024189200108079762,0.0,1,3.686713496240875
23.75,3.6996429269267246,0.2350805579245324,0.5219651893013528,3,0.12929430685849283,0.015658955679040583,0,3.712572357612574,0.12929430685849283,0.015658955679040583,0,3.712572357612574,0.12929430685849283,0.015658955679040583,0,3.712572357612574,-0.12929430685849283,0.0,1,3.686713496240875,-0.12929430685849283,0.0,1,3.686713496240875,-0.12929430685849283,0.0,1,3.686713496240875
23.8,3.7104471859574333,0.43152163121014775,0.40376470781720575,3,0.2373368971655813,0.012112941234516172,0,3.7341808756739914,0.2373368971655813,0.012112941234516172,0,3.7341808756739914,0.2373368971655813,0.012112941234516172,0,3.7341808756739914,-0.2373368971655813,0.0,1,3.686713496240875,-0.2373368971655813,0.0,1,3.686713496240875,-0.2373368971655813,0.0,1,3.686713496240875
23.85,3.716646689911194,0.5442398849148884,0.22055026332256916,3,0.29933193670318864,0.006616507899677075,0,3.7465798835815125,0.29933193670318864,0.006616507899677075,0,3.7465798835815125,0.29933193670318864,0.006616507899677075,0,3.7465798835815125,-0.29933193670318864,0.0,1,3.686713496240875,-0.29933193670318864,0.0,1,3.686713496240875,-0.29933193670318864,0.0,1,3.686713496240875
23.900000000000002,3.716646689911194,0.5688904802603355,-0.009676121942016924,3,0.31288976414318453,0.0,1,3.747935666325512,0.31288976414318453,0.0,1,3.747935666325512,0.31288976414318453,0.0,1,3.747935666325512,-0.31288976414318453,0.0002902836582605077,0,3.6853577134968756,-0.31288976414318453,0.0002902836582605077,0,3.6853577134968756,-0.31288976414318453,0.0002902836582605077,0,3.6853577134968756
23.950000000000003,3.7195006830013333,0.5169996968032585,-0.24819983504339527,3,0.2843498332417922,0.0,1,3.747935666325512,0.2843498332417922,0.0,1,3.747935666325512,0.2843498332417922,0.0,1,3.747935666325512,-0.2843498332417922,0.007445995051301858,0,3.691065699677154,-0.2843498332417922,0.007445995051301858,0,3.691065699677154,-0.2843498332417922,0.007445995051301858,0,3.691065699677154
24.0,3.726220993667212,0.3948122301509094,-0.44056364721683205,3,0.2171467265830002,0.0,1,3.747935666325512,0.2171467265830002,0.0,1,3.747935666325512,0.2171467265830002,0.0,1,3.747935666325512,-0.2171467265830002,0.013216909416504961,0,3.704506321008912,-0.2171467265830002,0.013216909416504961,0,3.704506321008912,-0.2171467265830002,0.013216909416504961,0,3.704506321008912
24.05,3.736484572066947,0.20820171379209818,-0.547977601889262,3,0.114510942585654,0.0,1,3.747935666325512,0.114510942585654,0.0,1,3.747935666325512,0.114510942585654,0.0,1,3.747935666325512,-0.114510942585654,0.01643932805667786,0,3.7250334778083816,-0.114510942585654,0.01643932805667786,0,3.7250334778083816,-0.114510942585654,0.01643932805667786,0,3.7250334778083816
24.1,3.7492437957173608,-0.023784170760894334,-0.5678732431800495,3,-0.013081293918491884,0.0,1,3.747935666325512,-0.013081293918491884,0.0,1,3.747935666325512,-0.013081293918491884,0.0,1,3.747935666325512,0.013081293918491884,0.017036197295401484,0,3.75055192510921,0.013081293918491884,0.017036197295401484,0,3.75055192510921,0.013081293918491884,0.017036197295401484,0,3.75055192510921
24.150000000000002,3.7622994002424908,-0.2611587984905212,-0.511797589621327,3,-0.1436373391697867,0.0,1,3.747935666325512,-0.1436373391697867,0.0,1,3.747935666325512,-0.1436373391697867,0.0,1,3.747935666325512,0.1436373391697867,0.01535392768863981,0,3.7766631341594694,0.1436373391697867,0.01535392768863981,0,3.7766631341594694,0.1436373391697867,0.01535392768863981,0,3.7766631341594694
24.200000000000003,3.7726475317521544,-0.44930664412076543,-0.3856385376322471,3,-0.24711865426642102,0.0,1,3.747935666325512,-0.24711865426642102,0.0,1,3.747935666325512,-0.24711865426642102,0.0,1,3.747935666325512,0.24711865426642102,0.011569156128967412,0,3.7973593971787967,0.24711865426642102,0.011569156128967412,0,3.7973593971787967,0.24711865426642102,0.011569156128967412,0,3.7973593971787967
24.25,3.7782635924704677,-0.5514168389991817,-0.1956940724238517,3,-0.30327926144955,0.0,1,3.747935666325512,-0.30327926144955,0.0,1,3.747935666325512,-0.30327926144955,0.0,1,3.747935666325512,0.30327926144955,0.0058708221727155506,0,3.808591518615423,0.30327926144955,0.0058708221727155506,0,3.808591518615423,0.30327926144955,0.0058708221727155506,0,3.808591518615423
24.3,3.7782635924704677,-0.5666027263878254,0.03791603456951383,3,-0.311631499513304,0.001137481037085415,0,3.7471004425191374,-0.311631499513304,0.001137481037085415,0,3.7471004425191374,-0.311631499513304,0.001137481037085415,0,3.7471004425191374,0.311631499513304,0.0,1,3.809426742421798,0.311631499513304,0.0,1,3.809426742421798,0.311631499513304,0.0,1,3.809426742421798
24.35,3.781576980881036,-0.5063593007411245,0.2739462719633092,3,-0.27849761540761847,0.008218388158899276,0,3.7537272193402744,-0.27849761540761847,0.008218388158899276,0,3.7537272193402744,-0.27849761540761847,0.008218388158899276,0,3.7537272193402744,0.27849761540761847,0.0,1,3.809426742421798,0.27849761540761847,0.0,1,3.809426742421798,0.27849761540761847,0.0,1,3.809426742421798
24.400000000000002,3.7887332338252744,-0.37624561084588354,0.457747128531705,3,-0.20693508596523597,0.01373241385595115,0,3.7680397252287507,-0.20693508596523597,0.01373241385595115,0,3.7680397252287507,-0.20693508596523597,0.01373241385595115,0,3.7680397252287507,0.20693508596523597,0.0,1,3.809426742421798,0.20693508596523597,0.0,1,3.809426742421798,0.20693508596523597,0.0,1,3.809426742421798
24.450000000000003,3.79935992726465,-0.1830330028572422,0.5545602282901207,3,-0.10066815157148322,0.016636806848703622,0,3.7892931121075017,-0.10066815157148322,0.016636806848703622,0,3.7892931121075017,-0.10066815157148322,0.016636806848703622,0,3.7892931121075017,0.10066815157148322,0.0,1,3.809426742421798,0.10066815157148322,0.0,1,3.809426742421798,0.10066815157148322,0.0,1,3.809426742421798
24.5,3.812290118851139,0.052061389624373816,0.5650807944643452,3,0.0286337642934056,0.016952423833930357,0,3.8151534952804798,0.0286337642934056,0.016952423833930357,0,3.8151534952804798,0.0286337642934056,0.016952423833930357,0,3.8151534952804798,-0.0286337642934056,0.0,1,3.809426742421798,-0.0286337642934056,0.0,1,3.809426742421798,-0.0286337642934056,0.0,1,3.809426742421798
24.55,3.8251870644277695,0.286551309199477,0.5006852583739939,3,0.15760322005971236,0.015020557751219818,0,3.840947386433741,0.15760322005971236,0.015020557751219818,0,3.840947386433741,0.15760322005971236,0.015020557751219818,0,3.840947386433741,-0.15760322005971236,0.0,1,3.809426742421798,-0.15760322005971236,0.0,1,3.809426742421798,-0.15760322005971236,0.0,1,3.809426742421798
24.6,3.835050260295723,0.4658821431622694,0.3666356055989567,3,0.25623517873924817,0.0109990681679687,0,3.860673778169648,0.25623517873924817,0.0109990681679687,0,3.860673778169648,0.25623517873924817,0.0109990681679687,0,3.860673778169648,-0.25623517873924817,0.0,1,3.809426742421798,-0.25623517873924817,0.0,1,3.809426742421798,-0.25623517873924817,0.0,1,3.809426742421798
24.650000000000002,3.840084320262042,0.557410506186254,0.17022442236254057,3,0.3065757784024397,0.005106732670876217,0,3.8707418981022856,0.3065757784024397,0.005106732670876217,0,3.8707418981022856,0.3065757784024397,0.005106732670876217,0,3.8707418981022856,-0.3065757784024397,0.0,1,3.809426742421798,-0.3065757784024397,0.0,1,3.809426742421798,-0.3065757784024397,0.0,1,3.809426742421798
24.700000000000003,3.840084320262042,0.5633091828038987,-0.06620967607997542,3,0.30982005054214434,0.0,1,3.871066325316256,0.30982005054214434,0.0,1,3.871066325316256,0.30982005054214434,0.0,1,3.871066325316256,-0.30982005054214434,0.0019862902823992628,0,3.8091023152078276,-0.30982005054214434,0.0019862902823992628,0,3.8091023152078276,-0.30982005054214434,0.0019862902823992628,0,3.8091023152078276
24.75,3.8438536508975822,0.49477589852133896,-0.2989632307006391,3,0.27212674418673644,0.0,1,3.871066325316256,0.27212674418673644,0.0,1,3.871066325316256,0.27212674418673644,0.0,1,3.871066325316256,-0.27212674418673644,0.008968896921019173,0,3.8166409764789084,-0.27212674418673644,0.008968896921019173,0,3.8166409764789084,-0.27212674418673644,0.008968896921019173,0,3.8166409764789084
24.8,3.8514417280719573,0.3568108589872523,-0.47370925512012346,3,0.19624597244298878,0.0,1,3.871066325316256,0.19624597244298878,0.0,1,3.871066325316256,0.19624597244298878,0.0,1,3.871066325316256,-0.19624597244298878,0.014211277653603704,0,3.8318171308276585,-0.19624597244298878,0.014211277653603704,0,3.8318171308276585,-0.19624597244298878,0.014211277653603704,0,3.8318171308276585
24.85,3.862416227464402,0.15727450639735568,-0.5599704875280271,3,0.08650097851854563,0.0,1,3.871066325316256,0.08650097851854563,0.0,1,3.871066325316256,0.08650097851854563,0.0,1,3.871066325316256,-0.08650097851854563,0.016799114625840814,0,3.8537661296125476,-0.08650097851854563,0.016799114625840814,0,3.8537661296125476,-0.08650097851854563,0.016799114625840814,0,3.8537661296125476
24.900000000000002,3.875485581489708,-0.0803501122445856,-0.5612894979482327,3,-0.04419256173452209,0.0,1,3.871066325316256,-0.04419256173452209,0.0,1,3.871066325316256,-0.04419256173452209,0.0,1,3.871066325316256,0.04419256173452209,0.01683868493844698,0,3.87990483766316,0.04419256173452209,0.01683868493844698,0,3.87990483766316,0.04419256173452209,0.01683868493844698,0,3.87990483766316
24.950000000000003,3.8881807665937855,-0.31117165959143306,-0.4886316776243937,3,-0.1711444127752882,0.0,1,3.871066325316256,-0.1711444127752882,0.0,1,3.871066325316256,-0.1711444127752882,0.0,1,3.871066325316256,0.1711444127752882,0.01465895032873181,0,3.9052952078713146,0.1711444127752882,0.01465895032873181,0,3.9052952078713146,0.1711444127752882,0.01465895032873181,0,3.9052952078713146
25.0,3.8975337850798777,-0.4812265411567569,-0.34677389501001765,3,-0.2646745976362163,0.0,1,3.871066325316256,-0.2646745976362163,0.0,1,3.871066325316256,-0.2646745976362163,0.0,1,3.871066325316256,0.2646745976362163,0.01040321685030053,0,3.9240012448434993,0.2646745976362163,0.01040321685030053,0,3.9240012448434993,0.2646745976362163,0.01040321685030053,0,3.9240012448434993
25.05,3.9019896925643116,-0.5622430408737308,-0.14418969307768253,3,-0.30923367248055195,0.0,1,3.871066325316256,-0.30923367248055195,0.0,1,3.871066325316256,-0.30923367248055195,0.0,1,3.871066325316256,0.30923367248055195,0.004325690792330476,0,3.9329130598123667,0.30923367248055195,0.004325690792330476,0,3.9329130598123667,0.30923367248055195,0.004325690792330476,0,3.9329130598123667
25.1,3.9019896925643116,-0.5590232191990308,0.09447171101988439,3,-0.3074627705594669,0.0028341513305965315,0,3.871243415508365,-0.3074627705594669,0.0028341513305965315,0,3.871243415508365,-0.3074627705594669,0.0028341513305965315,0,3.871243415508365,0.3074627705594669,0.0,1,3.9327359696202584,0.3074627705594669,0.0,1,3.9327359696202584,0.3074627705594669,0.0,1,3.9327359696202584
25.150000000000002,3.906212049933361,-0.4822530852163139,0.32316655625196217,3,-0.2652391968689727,0.009694996687558865,0,3.8796881302464636,-0.2652391968689727,0.009694996687558865,0,3.8796881302464636,-0.2652391968689727,0.009694996687558865,0,3.8796881302464636,0.2652391968689727,0.0,1,3.9327359696202584,0.2652391968689727,0.0,1,3.9327359696202584,0.2652391968689727,0.0,1,3.9327359696202584
25.200000000000003,3.9142269609821376,-0.3365274297840153,0.4884325701044797,3,-0.1850900863812084,0.014652977103134391,0,3.895717952344017,-0.1850900863812084,0.014652977103134391,0,3.895717952344017,-0.1850900863812084,0.014652977103134391,0,3.895717952344017,0.1850900863812084,0.0,1,3.9327359696202584,0.1850900863812084,0.0,1,3.9327359696202584,0.1850900863812084,0.0,1,3.9327359696202584
25.25,3.9255322518088795,-0.13097668747961896,0.5642310651794101,3,-0.07203717811379044,0.016926931955382304,0,3.9183285339975007,-0.07203717811379044,0.016926931955382304,0,3.9183285339975007,-0.07203717811379044,0.016926931955382304,0,3.9183285339975007,0.07203717811379044,0.0,1,3.9327359696202584,0.07203717811379044,0.0,1,3.9327359696202584,0.07203717811379044,0.0,1,3.9327359696202584
25.3,3.938706951041436,0.108563298566866,0.556511701448785,3,0.059709814211776305,0.01669535104346355,0,3.944677932462614,0.059709814211776305,0.01669535104346355,0,3.944677932462614,0.059709814211776305,0.01669535104346355,0,3.944677932462614,-0.059709814211776305,0.0,1,3.9327359696202584,-0.059709814211776305,0.0,1,3.9327359696202584,-0.059709814211776305,0.0,1,3.9327359696202584
25.35,3.9511575734454847,0.3349382513677491,0.4756406564946723,3,0.18421603825226202,0.014269219694840168,0,3.969579177270711,0.18421603825226202,0.014269219694840168,0,3.969579177270711,0.18421603825226202,0.014269219694840168,0,3.969579177270711,-0.18421603825226202,0.0,1,3.9327359696202584,-0.18421603825226202,0.0,1,3.9327359696202584,-0.18421603825226202,0.0,1,3.9327359696202584
25.400000000000002,3.9599789206720293,0.4953263827594697,0.32607437641247544,3,0.27242951051770836,0.009782231292374263,0,3.9872218717238,0.27242951051770836,0.009782231292374263,0,3.9872218717238,0.27242951051770836,0.009782231292374263,0,3.9872218717238,-0.27242951051770836,0.0,1,3.9327359696202584,-0.27242951051770836,0.0,1,3.9327359696202584,-0.27242951051770836,0.0,1,3.9327359696202584
25.450000000000003,3.9638625303575394,0.5659374679505583,0.11764246567367721,3,0.3112656073728071,0.003529273970210316,0,3.99498909109482,0.3112656073728071,0.003529273970210316,0,3.99498909109482,0.3112656073728071,0.003529273970210316,0,3.99498909109482,-0.3112656073728071,0.0,1,3.9327359696202584,-0.3112656073728071,0.0,1,3.9327359696202584,-0.3112656073728071,0.0,1,3.9327359696202584
25.5,3.9638625303575394,0.5537561791677922,-0.12261353521395744,3,0.3045658985422857,0.0,1,3.994319120211768,0.3045658985422857,0.0,1,3.994319120211768,0.3045658985422857,0.0,1,3.994319120211768,-0.3045658985422857,0.0036784060564187234,0,3.933405940503311,-0.3045658985422857,0.0036784060564187234,0,3.933405940503311,-0.3045658985422857,0.0036784060564187234,0,3.933405940503311
25.55,3.9685353960513616,0.4687949847346653,-0.346477477053588,3,0.25783724160406596,0.0,1,3.994319120211768,0.25783724160406596,0.0,1,3.994319120211768,0.25783724160406596,0.0,1,3.994319120211768,-0.25783724160406596,0.010394324311607639,0,3.942751671890955,-0.25783724160406596,0.010394324311607639,0,3.942751671890955,-0.25783724160406596,0.010394324311607639,0,3.942751671890955
25.6,3.9769711384855277,0.31541784956800517,-0.5019074694893311,3,0.17347981726240286,0.0,1,3.994319120211768,0.17347981726240286,0.0,1,3.994319120211768,0.17347981726240286,0.0,1,3.994319120211768,-0.17347981726240286,0.01505722408467993,0,3.9596231567592874,-0.17347981726240286,0.01505722408467993,0,3.9596231567592874,-0.17347981726240286,0.01505722408467993,0,3.9596231567592874
25.650000000000002,3.9885884349008305,0.1041942783806842,-0.5673651449390986,3,0.05730685310937631,0.0,1,3.994319120211768,0.05730685310937631,0.0,1,3.994319120211768,0.05730685310937631,0.0,1,3.994319120211768,-0.05730685310937631,0.017020954348172957,0,3.982857749589893,-0.05730685310937631,0.017020954348172957,0,3.982857749589893,-0.05730685310937631,0.017020954348172957,0,3.982857749589893
25.700000000000003,4.001832721834445,-0.13661093859412465,-0.550757771483092,3,-0.07513601622676856,0.0,1,3.994319120211768,-0.07513601622676856,0.0,1,3.994319120211768,-0.07513601622676856,0.0,1,3.994319120211768,0.07513601622676856,0.01652273314449276,0,4.009346323457121,0.07513601622676856,0.01652273314449276,0,4.009346323457121,0.07513601622676856,0.01652273314449276,0,4.009346323457121
25.75,4.013996766976673,-0.3577753957255373,-0.46171673346671016,3,-0.19677646764904552,0.0,1,3.994319120211768,-0.19677646764904552,0.0,1,3.994319120211768,-0.19677646764904552,0.0,1,3.994319120211768,0.19677646764904552,0.013851502004001304,0,4.033674413741577,0.19677646764904552,0.013851502004001304,0,4.033674413741577,0.19677646764904552,0.013851502004001304,0,4.033674413741577
25.8,4.022268786233991,-0.5081757458586025,-0.30456116985017373,3,-0.2794966602222314,0.0,1,3.994319120211768,-0.2794966602222314,0.0,1,3.994319120211768,-0.2794966602222314,0.0,1,3.994319120211768,0.2794966602222314,0.00913683509550521,0,4.050218452256214,0.2794966602222314,0.00913683509550521,0,4.050218452256214,0.2794966602222314,0.00913683509550521,0,4.050218452256214
25.85,4.0255875530909915,-0.5685169614404242,-0.0906396541268565,3,-0.31268432879223335,0.0,1,3.994319120211768,-0.31268432879223335,0.0,1,3.994319120211768,-0.31268432879223335,0.0,1,3.994319120211768,0.31268432879223335,0.002719189623805695,0,4.0568559859702145,0.31268432879223335,0.002719189623805695,0,4.0568559859702145,0.31268432879223335,0.002719189623805695,0,4.0568559859702145
25.900000000000002,4.0255875530909915,-0.5475174882833114,0.15054390896612804,3,-0.3011346185558213,0.004516317268983841,0,3.995474091235409,-0.3011346185558213,0.004516317268983841,0,3.995474091235409,-0.3011346185558213,0.004516317268983841,0,3.995474091235409,0.3011346185558213,0.0,1,4.055701014946574,0.3011346185558213,0.0,1,4.055701014946574,0.3011346185558213,0.0,1,4.055701014946574
25.950000000000003,4.030708649287504,-0.45440664834671823,0.3688236264186366,3,-0.24992365659069504,0.011064708792559098,0,4.005716283628435,-0.24992365659069504,0.011064708792559098,0,4.005716283628435,-0.24992365659069504,0.011064708792559098,0,4.005716283628435,0.24992365659069504,0.0,1,4.055701014946574,0.24992365659069504,0.0,1,4.055701014946574,0.24992365659069504,0.0,1,4.055701014946574
26.0,4.039558082207764,-0.2935078679783649,0.5141315265750488,3,-0.16142932738810073,0.015423945797251462,0,4.023415149468954,-0.16142932738810073,0.015423945797251462,0,4.023415149468954,-0.16142932738810073,0.015423945797251462,0,4.023415149468954,0.16142932738810073,0.0,1,4.055701014946574,0.16142932738810073,0.0,1,4.055701014946574,0.16142932738810073,0.0,1,4.055701014946574
26.05,4.051466762849444,-0.07698640176600766,0.5693957352279067,3,-0.04234252097130421,0.0170818720568372,0,4.0472325107523135,-0.04234252097130421,0.0170818720568372,0,4.0472325107523135,-0.04234252097130421,0.0170818720568372,0,4.0472325107523135,0.04234252097130421,0.0,1,4.055701014946574,0.04234252097130421,0.0,1,4.055701014946574,0.04234252097130421,0.0,1,4.055701014946574
26.1,4.064743056561857,0.16440075664152407,0.5440362372815551,3,0.09042041615283825,0.016321087118446653,0,4.073785098177141,0.09042041615283825,0.016321087118446653,0,4.073785098177141,0.09042041615283825,0.016321087118446653,0,4.073785098177141,-0.09042041615283825,0.0,1,4.055701014946574,-0.09042041615283825,0.0,1,4.055701014946574,-0.09042041615283825,0.0,1,4.055701014946574
26.150000000000002,4.076579799701778,0.3796142682764504,0.4468655686532357,3,0.20878784755204774,0.01340596705959707,0,4.097458584456983,0.20878784755204774,0.01340596705959707,0,4.097458584456983,0.20878784755204774,0.01340596705959707,0,4.097458584456983,-0.20878784755204774,0.0,1,4.055701014946574,-0.20878784755204774,0.0,1,4.055701014946574,-0.20878784755204774,0.0,1,4.055701014946574
26.200000000000003,4.084288667340076,0.5197754980636637,0.2822616888785251,3,0.28587652393501506,0.008467850666355753,0,4.112876319733577,0.28587652393501506,0.008467850666355753,0,4.112876319733577,0.28587652393501506,0.008467850666355753,0,4.112876319733577,-0.28587652393501506,0.0,1,4.055701014946574,-0.28587652393501506,0.0,1,4.055701014946574,-0.28587652393501506,0.0,1,4.055701014946574
26.25,4.08705124710963,0.5700042211464884,0.06324261222915915,3,0.3135023216305686,0.0018972783668747746,0,4.118401479272687,0.3135023216305686,0.0018972783668747746,0,4.118401479272687,0.3135023216305686,0.0018972783668747746,0,4.118401479272687,-0.3135023216305686,0.0,1,4.055701014946574,-0.3135023216305686,0.0,1,4.055701014946574,-0.3135023216305686,0.0,1,4.055701014946574
26.3,4.08705124710963,0.5403148319667025,-0.17816973140413983,3,0.2971731575816864,0.0,1,4.116768562867799,0.2971731575816864,0.0,1,4.116768562867799,0.2971731575816864,0.0,1,4.116768562867799,-0.2971731575816864,0.005345091942124194,0,4.057333931351462,-0.2971731575816864,0.005345091942124194,0,4.057333931351462,-0.2971731575816864,0.005345091942124194,0,4.057333931351462
26.35,4.092618368758393,0.4390944383528423,-0.39013992097187633,3,0.24150194109406328,0.0,1,4.116768562867799,0.24150194109406328,0.0,1,4.116768562867799,0.24150194109406328,0.0,1,4.116768562867799,-0.24150194109406328,0.011704197629156289,0,4.068468174648986,-0.24150194109406328,0.011704197629156289,0,4.068468174648986,-0.24150194109406328,0.011704197629156289,0,4.068468174648986
26.400000000000002,4.1018731001032736,0.27082659571864026,-0.5251086899744632,3,0.14895462764525216,0.0,1,4.116768562867799,0.14895462764525216,0.0,1,4.116768562867799,0.14895462764525216,0.0,1,4.116768562867799,-0.14895462764525216,0.015753260699233898,0,4.086977637338748,-0.14895462764525216,0.015753260699233898,0,4.086977637338748,-0.14895462764525216,0.015753260699233898,0,4.086977637338748
26.450000000000003,4.114050646603206,0.04941665935622455,-0.5703450973728219,3,0.027179162645923505,0.0,1,4.116768562867799,0.027179162645923505,0.0,1,4.116768562867799,0.027179162645923505,0.0,1,4.116768562867799,-0.027179162645923505,0.017110352921184655,0,4.111332730338614,-0.027179162645923505,0.017110352921184655,0,4.111332730338614,-0.027179162645923505,0.017110352921184655,0,4.111332730338614
26.5,4.12731971082533,-0.19183905377328744,-0.5363540003716915,3,-0.1055114795753081,0.0,1,4.116768562867799,-0.1055114795753081,0.0,1,4.116768562867799,-0.1055114795753081,0.0,1,4.116768562867799,0.1055114795753081,0.016090620011150743,0,4.137870858782861,0.1055114795753081,0.016090620011150743,0,4.137870858782861,0.1055114795753081,0.016090620011150743,0,4.137870858782861
26.55,4.138790216469894,-0.40039370185627277,-0.43109431668361897,3,-0.22021653602095004,0.0,1,4.116768562867799,-0.22021653602095004,0.0,1,4.116768562867799,-0.22021653602095004,0.0,1,4.116768562867799,0.22021653602095004,0.012932829500508568,0,4.1608118700719885,0.22021653602095004,0.012932829500508568,0,4.1608118700719885,0.22021653602095004,0.012932829500508568,0,4.1608118700719885
26.6,4.145925847393666,-0.530132445924854,-0.25920677394213754,3,-0.2915728452586697,0.0,1,4.116768562867799,-0.2915728452586697,0.0,1,4.116768562867799,-0.2915728452586697,0.0,1,4.116768562867799,0.2915728452586697,0.007776203218264126,0,4.175083131919534,0.2915728452586697,0.007776203218264126,0,4.175083131919534,0.2915728452586697,0.007776203218264126,0,4.175083131919534
26.650000000000002,4.148141715301332,-0.5704209533369575,-0.035517199660991386,3,-0.31373152433532664,0.0,1,4.116768562867799,-0.31373152433532664,0.0,1,4.116768562867799,-0.31373152433532664,0.0,1,4.116768562867799,0.31373152433532664,0.0010655159898297416,0,4.179514867734865,0.31373152433532664,0.0010655159898297416,0,4.179514867734865,0.31373152433532664,0.0010655159898297416,0,4.179514867734865
26.700000000000003,4.148141715301332,-0.532154394585631,0.20539694792675775,3,-0.29268491702209704,0.006161908437802732,0,4.118873223599122,-0.29268491702209704,0.006161908437802732,0,4.118873223599122,-0.29268491702209704,0.006161908437802732,0,4.118873223599122,0.29268491702209704,0.0,1,4.1774102070035415,0.29268491702209704,0.0,1,4.1774102070035415,0.29268491702209704,0.0,1,4.1774102070035415
26.75,4.154152555651662,-0.42286638821599076,0.4103692596752557,3,-0.23257651351879494,0.012311077790257672,0,4.130894904299783,-0.23257651351879494,0.012311077790257672,0,4.130894904299783,-0.23257651351879494,0.012311077790257672,0,4.130894904299783,0.23257651351879494,0.0,1,4.1774102070035415,0.23257651351879494,0.0,1,4.1774102070035415,0.23257651351879494,0.0,1,4.1774102070035415
26.8,4.163802842059789,-0.2474066353409663,0.5348483937681512,3,-0.13607364943753147,0.016045451813044537,0,4.150195477116036,-0.13607364943753147,0.016045451813044537,0,4.150195477116036,-0.13607364943753147,0.016045451813044537,0,4.150195477116036,0.13607364943753147,0.0,1,4.1774102070035415,0.13607364943753147,0.0,1,4.1774102070035415,0.13607364943753147,0.0,1,4.1774102070035415
26.85,4.176224782605175,-0.021553170879395653,0.5702342792898057,3,-0.01185424398366761,0.017107028378694173,0,4.175039358206808,-0.01185424398366761,0.017107028378694173,0,4.175039358206808,-0.01185424398366761,0.017107028378694173,0,4.175039358206808,0.01185424398366761,0.0,1,4.1774102070035415,0.01185424398366761,0.0,1,4.1774102070035415,0.01185424398366761,0.0,1,4.1774102070035415
26.900000000000002,4.189445949187144,0.21883167606550716,0.5277166009348587,3,0.12035742183602895,0.01583149802804576,0,4.201481691370747,0.12035742183602895,0.01583149802804576,0,4.201481691370747,0.12035742183602895,0.01583149802804576,0,4.201481691370747,-0.12035742183602895,0.0,1,4.1774102070035415,-0.12035742183602895,0.0,1,4.1774102070035415,-0.12035742183602895,0.0,1,4.1774102070035415
26.950000000000003,4.200513550163896,0.42006078473371417,0.4144119723606283,3,0.2310334316035428,0.012432359170818849,0,4.22361689332425,0.2310334316035428,0.012432359170818849,0,4.22361689332425,0.2310334316035428,0.012432359170818849,0,4.22361689332425,-0.2310334316035428,0.0,1,4.1774102070035415,-0.2310334316035428,0.0,1,4.1774102070035415,-0.2310334316035428,0.0,1,4.1774102070035415
27.0,4.20706941986524,0.5392584156672504,0.23543082220092929,3,0.29659212861698775,0.007062924666027879,0,4.236728632726939,0.29659212861698775,0.007062924666027879,0,4.236728632726939,0.29659212861698775,0.007062924666027879,0,4.236728632726939,-0.29659212861698775,0.0,1,4.1774102070035415,-0.29659212861698775,0.0,1,4.1774102070035415,-0.29659212861698775,0.0,1,4.1774102070035415
27.05,4.208748517165569,0.5697874574914117,0.007533789152122395,3,0.31338310162027644,0.00022601367456367185,0,4.2400868273275965,0.31338310162027644,0.00022601367456367185,0,4.2400868273275965,0.31338310162027644,0.00022601367456367185,0,4.2400868273275965,-0.31338310162027644,0.0,1,4.1774102070035415,-0.31338310162027644,0.0,1,4.1774102070035415,-0.31338310162027644,0.0,1,4.1774102070035415
27.1,4.208748517165569,0.5230411507563654,-0.23213157396976933,3,0.287672632916001,0.0,1,4.237515780457169,0.287672632916001,0.0,1,4.237515780457169,0.287672632916001,0.0,1,4.237515780457169,-0.287672632916001,0.0069639472190930795,0,4.179981253873969,-0.287672632916001,0.0069639472190930795,0,4.179981253873969,-0.287672632916001,0.0069639472190930795,0,4.179981253873969
27.150000000000002,4.215200491180446,0.40573253230406814,-0.42946301543883647,3,0.2231528927672375,0.0,1,4.237515780457169,0.2231528927672375,0.0,1,4.237515780457169,0.2231528927672375,0.0,1,4.237515780457169,-0.2231528927672375,0.012883890463165093,0,4.192885201903723,-0.2231528927672375,0.012883890463165093,0,4.192885201903723,-0.2231528927672375,0.012883890463165093,0,4.192885201903723
27.200000000000003,4.225235148822414,0.22328421154100847,-0.5433646182370905,3,0.12280631634755466,0.0,1,4.237515780457169,0.12280631634755466,0.0,1,4.237515780457169,0.12280631634755466,0.0,1,4.237515780457169,-0.12280631634755466,0.016300938547112714,0,4.212954517187658,-0.12280631634755466,0.016300938547112714,0,4.212954517187658,-0.12280631634755466,0.016300938547112714,0,4.212954517187658
27.25,4.237875010498893,-0.006531455304071309,-0.5690827549873891,3,-0.0035923004172392203,0.0,1,4.237515780457169,-0.0035923004172392203,0.0,1,4.237515780457169,-0.0035923004172392203,0.0,1,4.237515780457169,0.0035923004172392203,0.017072482649621672,0,4.238234240540617,0.0035923004172392203,0.017072482649621672,0,4.238234240540617,0.0035923004172392203,0.017072482649621672,0,4.238234240540617
27.3,4.25100646026785,-0.24528508746692387,-0.5181285316853782,3,-0.13490679810680814,0.0,1,4.237515780457169,-0.13490679810680814,0.0,1,4.237515780457169,-0.13490679810680814,0.0,1,4.237515780457169,0.13490679810680814,0.015543855950561345,0,4.2644971400785305,0.13490679810680814,0.015543855950561345,0,4.2644971400785305,0.13490679810680814,0.015543855950561345,0,4.2644971400785305
27.35,4.261637198723018,-0.4385712411972548,-0.3968296833640275,3,-0.24121418265849018,0.0,1,4.237515780457169,-0.24121418265849018,0.0,1,4.237515780457169,-0.24121418265849018,0.0,1,4.237515780457169,0.24121418265849018,0.011904890500920825,0,4.285758616988867,0.24121418265849018,0.011904890500920825,0,4.285758616988867,0.24121418265849018,0.011904890500920825,0,4.285758616988867
27.400000000000002,4.2676100921222755,-0.5471693030019348,-0.21097191945612354,3,-0.30094311665106416,0.0,1,4.237515780457169,-0.30094311665106416,0.0,1,4.237515780457169,-0.30094311665106416,0.0,1,4.237515780457169,0.30094311665106416,0.006329157583683706,0,4.297704403787382,0.30094311665106416,0.006329157583683706,0,4.297704403787382,0.30094311665106416,0.006329157583683706,0,4.297704403787382
27.450000000000003,4.2676100921222755,-0.5681223179344921,0.020632804176147605,3,-0.3124672748639707,0.0006189841252844281,0,4.236363364635879,-0.3124672748639707,0.0006189841252844281,0,4.236363364635879,-0.3124672748639707,0.0006189841252844281,0,4.236363364635879,0.3124672748639707,0.0,1,4.298856819608672,0.3124672748639707,0.0,1,4.298856819608672,0.3124672748639707,0.0,1,4.298856819608672
27.5,4.270642963642919,-0.5129791993773422,0.2582808095055886,3,-0.2821385596575382,0.007748424285167659,0,4.242429107677165,-0.2821385596575382,0.007748424285167659,0,4.242429107677165,-0.2821385596575382,0.007748424285167659,0,4.242429107677165,0.2821385596575382,0.0,1,4.298856819608672,0.2821385596575382,0.0,1,4.298856819608672,0.2821385596575382,0.0,1,4.298856819608672
27.55,4.27753303356645,-0.3877052007676827,0.44738130168976503,3,-0.2132378604222255,0.01342143905069295,0,4.256209247524228,-0.2132378604222255,0.01342143905069295,0,4.256209247524228,-0.2132378604222255,0.01342143905069295,0,4.256209247524228,0.2132378604222255,0.0,1,4.298856819608672,0.2132378604222255,0.0,1,4.298856819608672,0.2132378604222255,0.0,1,4.298856819608672
27.6,4.287939357802919,-0.1984993055591622,0.5506749373941399,3,-0.10917461805753922,0.016520248121824194,0,4.277021895997165,-0.10917461805753922,0.016520248121824194,0,4.277021895997165,-0.10917461805753922,0.016520248121824194,0,4.277021895997165,0.10917461805753922,0.0,1,4.298856819608672,0.10917461805753922,0.0,1,4.298856819608672,0.10917461805753922,0.0,1,4.298856819608672
27.650000000000002,4.300768632743622,0.03476023881725536,0.5669081674310761,3,0.01911813134949045,0.017007245022932282,0,4.302680445878571,0.01911813134949045,0.017007245022932282,0,4.302680445878571,0.01911813134949045,0.017007245022932282,0,4.302680445878571,-0.01911813134949045,0.0,1,4.298856819608672,-0.01911813134949045,0.0,1,4.298856819608672,-0.01911813134949045,0.0,1,4.298856819608672
27.700000000000003,4.313767733071653,0.27110751750872714,0.5075935895831325,3,0.14910913462979994,0.015227807687493974,0,4.328678646534633,0.14910913462979994,0.015227807687493974,0,4.328678646534633,0.14910913462979994,0.015227807687493974,0,4.328678646534633,-0.14910913462979994,0.0,1,4.298856819608672,-0.14910913462979994,0.0,1,4.298856819608672,-0.14910913462979994,0.0,1,4.298856819608672
27.75,4.3239307466513095,0.4558895825934002,0.3783610268671668,3,0.2507392704263701,0.011350830806015004,0,4.349004673693947,0.2507392704263701,0.011350830806015004,0,4.349004673693947,0.2507392704263701,0.011350830806015004,0,4.349004673693947,-0.2507392704263701,0.0,1,4.298856819608672,-0.2507392704263701,0.0,1,4.298856819608672,-0.2507392704263701,0.0,1,4.298856819608672
27.8,4.329320446566197,0.5538841265004504,0.18587197750351372,3,0.30463626957524775,0.005576159325105411,0,4.3597840735237225,0.30463626957524775,0.005576159325105411,0,4.3597840735237225,0.30463626957524775,0.005576159325105411,0,4.3597840735237225,-0.30463626957524775,0.0,1,4.298856819608672,-0.30463626957524775,0.0,1,4.298856819608672,-0.30463626957524775,0.0,1,4.298856819608672
27.85,4.329320446566197,0.565442196803919,-0.04890348991250916,3,0.3109932082421555,0.0,1,4.360419767390413,0.3109932082421555,0.0,1,4.360419767390413,0.3109932082421555,0.0,1,4.360419767390413,-0.3109932082421555,0.0014671046973752748,0,4.298221125741982,-0.3109932082421555,0.0014671046973752748,0,4.298221125741982,-0.3109932082421555,0.0014671046973752748,0,4.298221125741982
27.900000000000002,4.332811300213179,0.5019721304951558,-0.28375421066161616,3,0.2760846717723357,0.0,1,4.360419767390413,0.2760846717723357,0.0,1,4.360419767390413,0.2760846717723357,0.0,1,4.360419767390413,-0.2760846717723357,0.008512626319848485,0,4.3052028330359455,-0.2760846717723357,0.008512626319848485,0,4.3052028330359455,-0.2760846717723357,0.008512626319848485,0,4.3052028330359455
27.950000000000003,4.340135807110483,0.3687992778168908,-0.46409300786487473,3,0.20283960279928998,0.0,1,4.360419767390413,0.20283960279928998,0.0,1,4.360419767390413,0.20283960279928998,0.0,1,4.360419767390413,-0.20283960279928998,0.01392279023594624,0,4.319851846830554,-0.20283960279928998,0.01392279023594624,0,4.319851846830554,-0.20283960279928998,0.01392279023594624,0,4.319851846830554
28.0,4.3508994986350515,0.17309579555201726,-0.5567995857404076,3,0.0952026875536095,0.0,1,4.360419767390413,0.0952026875536095,0.0,1,4.360419767390413,0.0952026875536095,0.0,1,4.360419767390413,-0.0952026875536095,0.016703987572212226,0,4.34137922987969,-0.0952026875536095,0.016703987572212226,0,4.34137922987969,-0.0952026875536095,0.016703987572212226,0,4.34137922987969
28.05,4.363887630093938,-0.06305204915500288,-0.563726170299357,3,-0.03467862703525159,0.0,1,4.360419767390413,-0.03467862703525159,0.0,1,4.360419767390413,-0.03467862703525159,0.0,1,4.360419767390413,0.03467862703525159,0.01691178510898071,0,4.367355492797463,0.03467862703525159,0.01691178510898071,0,4.367355492797463,0.03467862703525159,0.01691178510898071,0,4.367355492797463
28.1,4.376711325463244,-0.29621014677874424,-0.4961152552811446,3,-0.16291558072830933,0.0,1,4.360419767390413,-0.16291558072830933,0.0,1,4.360419767390413,-0.16291558072830933,0.0,1,4.360419767390413,0.16291558072830933,0.014883457658434338,0,4.3930028835360755,0.16291558072830933,0.014883457658434338,0,4.3930028835360755,0.16291558072830933,0.014883457658434338,0,4.3930028835360755
28.150000000000002,4.386379163971146,-0.47198902874059634,-0.35902224974673047,3,-0.259593965807328,0.0,1,4.360419767390413,-0.259593965807328,0.0,1,4.360419767390413,-0.259593965807328,0.0,1,4.360419767390413,0.259593965807328,0.010770667492401914,0,4.412338560551879,0.259593965807328,0.010770667492401914,0,4.412338560551879,0.259593965807328,0.010770667492401914,0,4.412338560551879
28.200000000000003,4.391188093695589,-0.5594241146395675,-0.16017687714256693,3,-0.3076832630517622,0.0,1,4.360419767390413,-0.3076832630517622,0.0,1,4.360419767390413,-0.3076832630517622,0.0,1,4.360419767390413,0.3076832630517622,0.004805306314277008,0,4.421956420000765,0.3076832630517622,0.004805306314277008,0,4.421956420000765,0.3076832630517622,0.004805306314277008,0,4.421956420000765
28.25,4.391188093695589,-0.5617617231237333,0.0771951830223397,3,-0.30896894771805333,0.002315855490670191,0,4.360291198923783,-0.30896894771805333,0.002315855490670191,0,4.360291198923783,-0.30896894771805333,0.002315855490670191,0,4.360291198923783,0.30896894771805333,0.0,1,4.422084988467394,0.30896894771805333,0.0,1,4.422084988467394,0.30896894771805333,0.0,1,4.422084988467394
28.3,4.39513370065768,-0.4900234147220832,0.30846487838740116,3,-0.2695128780971458,0.009253946351622034,0,4.368182412847966,-0.2695128780971458,0.009253946351622034,0,4.368182412847966,-0.2695128780971458,0.009253946351622034,0,4.368182412847966,0.2695128780971458,0.0,1,4.422084988467394,0.2695128780971458,0.0,1,4.422084988467394,0.2695128780971458,0.0,1,4.422084988467394
28.35,4.402888205121356,-0.34903242447340843,0.4795756096456907,3,-0.19196783346037466,0.01438726828937072,0,4.3836914217753185,-0.19196783346037466,0.01438726828937072,0,4.3836914217753185,-0.19196783346037466,0.01438726828937072,0,4.3836914217753185,0.19196783346037466,0.0,1,4.422084988467394,0.19196783346037466,0.0,1,4.422084988467394,0.19196783346037466,0.0,1,4.422084988467394
28.400000000000002,4.41399330039122,-0.14712160138498134,0.5617605718382823,3,-0.08091688076173975,0.01685281715514847,0,4.405901612315046,-0.08091688076173975,0.01685281715514847,0,4.405901612315046,-0.08091688076173975,0.01685281715514847,0,4.405901612315046,0.08091688076173975,0.0,1,4.422084988467394,0.08091688076173975,0.0,1,4.422084988467394,0.08091688076173975,0.0,1,4.422084988467394
28.450000000000003,4.42710769564723,0.09132194872428273,0.5595503627756332,3,0.050227071798355505,0.016786510883268994,0,4.432130402827066,0.050227071798355505,0.016786510883268994,0,4.432130402827066,0.050227071798355505,0.016786510883268994,0,4.432130402827066,-0.050227071798355505,0.0,1,4.422084988467394,-0.050227071798355505,0.0,1,4.422084988467394,-0.050227071798355505,0.0,1,4.422084988467394
28.5,4.439712944288973,0.3205082876650813,0.4836970898709402,3,0.17627955821579475,0.014510912696128205,0,4.457340900110553,0.17627955821579475,0.014510912696128205,0,4.457340900110553,0.17627955821579475,0.014510912696128205,0,4.457340900110553,-0.17627955821579475,0.0,1,4.422084988467394,-0.17627955821579475,0.0,1,4.422084988467394,-0.17627955821579475,0.0,1,4.422084988467394
28.55,4.448861805085434,0.4868512112370803,0.33883247479932643,3,0.2677681661803942,0.010164974243979793,0,4.475638621703474,0.2677681661803942,0.010164974243979793,0,4.475638621703474,0.2677681661803942,0.010164974243979793,0,4.475638621703474,-0.2677681661803942,0.0,1,4.422084988467394,-0.2677681661803942,0.0,1,4.422084988467394,-0.2677681661803942,0.0,1,4.422084988467394
28.6,4.453094640297427,0.5638118514551363,0.13393661340853313,3,0.31009651830032503,0.004018098402255994,0,4.484104292127459,0.31009651830032503,0.004018098402255994,0,4.484104292127459,0.31009651830032503,0.004018098402255994,0,4.484104292127459,-0.31009651830032503,0.0,1,4.422084988467394,-0.31009651830032503,0.0,1,4.422084988467394,-0.31009651830032503,0.0,1,4.422084988467394
28.650000000000002,4.453094640297427,0.5570934716101372,-0.10542121236939045,3,0.3064014093855755,0.0,1,4.4837347812359845,0.3064014093855755,0.0,1,4.4837347812359845,0.3064014093855755,0.0,1,4.4837347812359845,-0.3064014093855755,0.0031626363710817135,0,4.422454499358869,-0.3064014093855755,0.0031626363710817135,0,4.422454499358869,-0.3064014093855755,0.0031626363710817135,0,4.422454499358869
28.700000000000003,4.457492256980238,0.4771368046499337,-0.3323306198729617,3,0.2624252425574635,0.0,1,4.4837347812359845,0.2624252425574635,0.0,1,4.4837347812359845,0.2624252425574635,0.0,1,4.4837347812359845,-0.2624252425574635,0.009969918596188851,0,4.431249732724492,-0.2624252425574635,0.009969918596188851,0,4.431249732724492,-0.2624252425574635,0.009969918596188851,0,4.431249732724492
28.75,4.465671391416041,0.32842526945351785,-0.49381477083307823,3,0.18063389819943484,0.0,1,4.4837347812359845,0.18063389819943484,0.0,1,4.4837347812359845,0.18063389819943484,0.0,1,4.4837347812359845,-0.18063389819943484,0.014814443124992346,0,4.447608001596098,-0.18063389819943484,0.014814443124992346,0,4.447608001596098,-0.18063389819943484,0.014814443124992346,0,4.447608001596098
28.8,4.477100195670402,0.12062882846513427,-0.5655808609030748,3,0.06634585565582385,0.0,1,4.4837347812359845,0.06634585565582385,0.0,1,4.4837347812359845,0.06634585565582385,0.0,1,4.4837347812359845,-0.06634585565582385,0.016967425827092243,0,4.470465610104819,-0.06634585565582385,0.016967425827092243,0,4.470465610104819,-0.06634585565582385,0.016967425827092243,0,4.470465610104819
28.85,4.490306273051485,-0.11948166937274192,-0.5543923105732654,3,-0.06571491815500806,0.0,1,4.4837347812359845,-0.06571491815500806,0.0,1,4.4837347812359845,-0.06571491815500806,0.0,1,4.4837347812359845,0.06571491815500806,0.016631769317197963,0,4.496877764866985,0.06571491815500806,0.016631769317197963,0,4.496877764866985,0.06571491815500806,0.016631769317197963,0,4.496877764866985
28.900000000000002,4.5026505195576085,-0.34392251493862164,-0.470343138306047,3,-0.18915738321624193,0.0,1,4.4837347812359845,-0.18915738321624193,0.0,1,4.4837347812359845,-0.18915738321624193,0.0,1,4.4837347812359845,0.18915738321624193,0.01411029414918141,0,4.521566257879233,0.18915738321624193,0.01411029414918141,0,4.521566257879233,0.18915738321624193,0.01411029414918141,0,4.521566257879233
28.950000000000003,4.5112603936636955,-0.5004656805038419,-0.3178138777331702,3,-0.27525612427711305,0.0,1,4.4837347812359845,-0.27525612427711305,0.0,1,4.4837347812359845,-0.27525612427711305,0.0,1,4.4837347812359845,0.27525612427711305,0.009534416331995105,0,4.5387860060914065,0.27525612427711305,0.009534416331995105,0,4.5387860060914065,0.27525612427711305,0.009534416331995105,0,4.5387860060914065
29.0,4.514923658748969,-0.5670705002360855,-0.10720543567993407,3,-0.3118887751298471,0.0,1,4.4837347812359845,-0.3118887751298471,0.0,1,4.4837347812359845,-0.3118887751298471,0.0,1,4.4837347812359845,0.3118887751298471,0.003216163070398022,0,4.546112536261953,0.3118887751298471,0.003216163070398022,0,4.546112536261953,0.3118887751298471,0.003216163070398022,0,4.546112536261953
29.05,4.514923658748969,-0.5514480240428534,0.13349186709826427,3,-0.3032964132235694,0.004004756012947928,0,4.484594017426612,-0.3032964132235694,0.004004756012947928,0,4.484594017426612,-0.3032964132235694,0.004004756012947928,0,4.484594017426612,0.3032964132235694,0.0,1,4.545253300071326,0.3032964132235694,0.0,1,4.545253300071326,0.3032964132235694,0.0,1,4.545253300071326
29.1,4.519770879500707,-0.46331673764761333,0.3552750368577812,3,-0.25482420570618736,0.010658251105733436,0,4.494288458930089,-0.25482420570618736,0.010658251105733436,0,4.494288458930089,-0.25482420570618736,0.010658251105733436,0,4.494288458930089,0.25482420570618736,0.0,1,4.545253300071326,0.25482420570618736,0.0,1,4.545253300071326,0.25482420570618736,0.0,1,4.545253300071326
29.150000000000002,4.528368213506484,-0.3070015739062172,0.5068037631132714,3,-0.16885086564841947,0.01520411289339814,0,4.511483126941642,-0.16885086564841947,0.01520411289339814,0,4.511483126941642,-0.16885086564841947,0.01520411289339814,0,4.511483126941642,0.16885086564841947,0.0,1,4.545253300071326,0.16885086564841947,0.0,1,4.545253300071326,0.16885086564841947,0.0,1,4.545253300071326
29.200000000000003,4.540101235498214,-0.09367390132931538,0.5682836430852691,3,-0.051520645731123464,0.017048509292558075,0,4.534949170925102,-0.051520645731123464,0.017048509292558075,0,4.534949170925102,-0.051520645731123464,0.017048509292558075,0,4.534949170925102,0.051520645731123464,0.0,1,4.545253300071326,0.051520645731123464,0.0,1,4.545253300071326,0.051520645731123464,0.0,1,4.545253300071326
29.25,4.5533625127047195,0.14744022969806722,0.5482616457102296,3,0.08109212633393698,0.01644784937130689,0,4.561471725338113,0.08109212633393698,0.01644784937130689,0,4.561471725338113,0.08109212633393698,0.01644784937130689,0,4.561471725338113,-0.08109212633393698,0.0,1,4.545253300071326,-0.08109212633393698,0.0,1,4.545253300071326,-0.08109212633393698,0.0,1,4.545253300071326
29.3,4.565404183604709,0.36637970060696773,0.45605832898911924,3,0.20150883533383226,0.013681749869673576,0,4.585555067138093,0.20150883533383226,0.013681749869673576,0,4.585555067138093,0.20150883533383226,0.013681749869673576,0,4.585555067138093,-0.20150883533383226,0.0,1,4.545253300071326,-0.20150883533383226,0.0,1,4.545253300071326,-0.20150883533383226,0.0,1,4.545253300071326
29.35,4.573458908635072,0.5128292466135628,0.2959918414357783,3,0.28205608563745954,0.008879755243073348,0,4.6016645171988175,0.28205608563745954,0.008879755243073348,0,4.6016645171988175,0.28205608563745954,0.008879755243073348,0,4.6016645171988175,-0.28205608563745954,0.0,1,4.545253300071326,-0.28205608563745954,0.0,1,4.545253300071326,-0.28205608563745954,0.0,1,4.545253300071326
29.400000000000002,4.576560571628725,0.5692231192254551,0.08004197151623205,3,0.31307271557400035,0.0024012591454869612,0,4.607867843186125,0.31307271557400035,0.0024012591454869612,0,4.607867843186125,0.31307271557400035,0.0024012591454869612,0,4.607867843186125,-0.31307271557400035,0.0,1,4.545253300071326,-0.31307271557400035,0.0,1,4.545253300071326,-0.31307271557400035,0.0,1,4.545253300071326
29.450000000000003,4.576560571628725,0.5448341054352441,-0.16131508507801115,3,0.2996587579893843,0.0,1,4.6065264474276635,0.2996587579893843,0.0,1,4.6065264474276635,0.2996587579893843,0.0,1,4.6065264474276635,-0.2996587579893843,0.004839452552340334,0,4.546594695829787,-0.2996587579893843,0.004839452552340334,0,4.546594695829787,-0.2996587579893843,0.004839452552340334,0,4.546594695829787
29.5,4.5818551672921295,0.44856872973698375,-0.3772284962864172,3,0.24671280135534107,0.0,1,4.6065264474276635,0.24671280135534107,0.0,1,4.6065264474276635,0.24671280135534107,0.0,1,4.6065264474276635,-0.24671280135534107,0.011316854888592515,0,4.5571838871565955,-0.24671280135534107,0.011316854888592515,0,4.5571838871565955,-0.24671280135534107,0.011316854888592515,0,4.5571838871565955
29.55,4.590863086687952,0.2847883770856733,-0.5185427368988691,3,0.15663360739712032,0.0,1,4.6065264474276635,0.15663360739712032,0.0,1,4.6065264474276635,0.15663360739712032,0.0,1,4.6065264474276635,-0.15663360739712032,0.015556282106966073,0,4.57519972594824,-0.15663360739712032,0.015556282106966073,0,4.57519972594824,-0.15663360739712032,0.015556282106966073,0,4.57519972594824
29.6,4.602878975351905,0.06631767410469937,-0.5698916987973626,3,0.03647472075758466,0.0,1,4.6065264474276635,0.03647472075758466,0.0,1,4.6065264474276635,0.03647472075758466,0.0,1,4.6065264474276635,-0.03647472075758466,0.017096750963920878,0,4.599231503276146,-0.03647472075758466,0.017096750963920878,0,4.599231503276146,-0.03647472075758466,0.017096750963920878,0,4.599231503276146
29.650000000000002,4.616157205591289,-0.17510469388409675,-0.5411662370054001,3,-0.09630758163625322,0.0,1,4.6065264474276635,-0.09630758163625322,0.0,1,4.6065264474276635,-0.09630758163625322,0.0,1,4.6065264474276635,0.09630758163625322,0.016234987110162004,0,4.625787963754915,0.09630758163625322,0.016234987110162004,0,4.625787963754915,0.09630758163625322,0.016234987110162004,0,4.625787963754915
29.700000000000003,4.627856212491128,-0.38781391024481576,-0.4408488595559906,3,-0.2132976506346487,0.0,1,4.6065264474276635,-0.2132976506346487,0.0,1,4.6065264474276635,-0.2132976506346487,0.0,1,4.6065264474276635,0.2132976506346487,0.013225465786679718,0,4.649185977554593,0.2132976506346487,0.013225465786679718,0,4.649185977554593,0.2132976506346487,0.013225465786679718,0,4.649185977554593
29.75,4.635343432851524,-0.5239451895247454,-0.27339509496285075,3,-0.28816985423861,0.0,1,4.6065264474276635,-0.28816985423861,0.0,1,4.6065264474276635,-0.28816985423861,0.0,1,4.6065264474276635,0.28816985423861,0.008201852848885522,0,4.664160418275385,0.28816985423861,0.008201852848885522,0,4.664160418275385,0.28816985423861,0.008201852848885522,0,4.664160418275385
29.8,4.637892511728431,-0.5702920781957825,-0.0525093197691722,3,-0.31366064300768043,0.0,1,4.6065264474276635,-0.31366064300768043,0.0,1,4.6065264474276635,-0.31366064300768043,0.0,1,4.6065264474276635,0.31366064300768043,0.0015752795930751658,0,4.669258576029199,0.31366064300768043,0.0015752795930751658,0,4.669258576029199,0.31366064300768043,0.0015752795930751658,0,4.669258576029199
29.85,4.637892511728431,-0.5372587867280653,0.18879728036886548,3,-0.2954923327004359,0.005663918411065964,0,4.6083432784583875,-0.2954923327004359,0.005663918411065964,0,4.6083432784583875,-0.2954923327004359,0.005663918411065964,0,4.6083432784583875,0.2954923327004359,0.0,1,4.667441744998475,0.2954923327004359,0.0,1,4.667441744998475,0.2954923327004359,0.0,1,4.667441744998475
29.900000000000002,4.6436322586899434,-0.43289975106420114,0.39812894297419615,3,-0.23809486308531064,0.011943868289225884,0,4.619822772381412,-0.23809486308531064,0.011943868289225884,0,4.619822772381412,-0.23809486308531064,0.011943868289225884,0,4.619822772381412,0.23809486308531064,0.0,1,4.667441744998475,0.23809486308531064,0.0,1,4.667441744998475,0.23809486308531064,0.0,1,4.667441744998475
29.950000000000003,4.653041857818371,-0.2618161305473412,0.5290378805957033,3,-0.14399887180103768,0.0158711364178711,0,4.638641970638267,-0.14399887180103768,0.0158711364178711,0,4.638641970638267,-0.14399887180103768,0.0158711364178711,0,4.638641970638267,0.14399887180103768,0.0,1,4.667441744998475,0.14399887180103768,0.0,1,4.667441744998475,0.14399887180103768,0.0,1,4.667441744998475
30.0,4.665317342387891,-0.038625502010611455,0.5704268676214188,3,-0.0212440261058363,0.017112806028642565,0,4.663192939777308,-0.0212440261058363,0.017112806028642565,0,4.663192939777308,-0.0212440261058363,0.017112806028642565,0,4.663192939777308,0.0212440261058363,0.0,1,4.667441744998475,0.0212440261058363,0.0,1,4.667441744998475,0.0212440261058363,0.0,1,4.667441744998475
