time_s,modulator_m,alpha,phi_rad,stride_half_m,o1,o2,body_x_m,support_legs,LF_contact,LF_lift_m,RM_contact,RM_lift_m,LH_contact,LH_lift_m,RF_contact,RF_lift_m,LM_contact,LM_lift_m,RH_contact,RH_lift_m
0.0,0.0,1.1,0.2,0.055,-0.026965330782974153,-0.5608626776309884,0.0,3,1,0.0,1,0.0,1,0.0,0,0.016825880328929652,0,0.016825880328929652,0,0.016825880328929652
0.05,0.0,1.1,0.2,0.055,-0.15048773554844821,-0.5361652970047982,0.006793732262101074,3,1,0.0,1,0.0,1,0.0,0,0.016084958910143946,0,0.016084958910143946,0,0.016084958910143946
0.1,0.0,1.1,0.2,0.055,-0.2723574166318843,-0.4968677044420164,0.013496564721690057,3,1,0.0,1,0.0,1,0.0,0,0.014906031133260491,0,0.014906031133260491,0,0.014906031133260491
0.15000000000000002,0.0,1.1,0.2,0.055,-0.38183393798121756,-0.44314678690273707,0.01951777339590339,3,1,0.0,1,0.0,1,0.0,0,0.013294403607082112,0,0.013294403607082112,0,0.013294403607082112
0.2,0.0,1.1,0.2,0.055,-0.46876674709139377,-0.37506139898340285,0.02429907789696308,3,1,0.0,1,0.0,1,0.0,0,0.011251841969502085,0,0.011251841969502085,0,0.011251841969502085
0.25,0.0,1.1,0.2,0.055,-0.5279721666813912,-0.29305143475806883,0.027555375974412943,3,1,0.0,1,0.0,1,0.0,0,0.008791543042742064,0,0.008791543042742064,0,0.008791543042742064
0.30000000000000004,0.0,1.1,0.2,0.055,-0.5602757616364435,-0.19790368629653016,0.029332073696940814,3,1,0.0,1,0.0,1,0.0,0,0.005937110588895905,0,0.005937110588895905,0,0.005937110588895905
0.35000000000000003,0.0,1.1,0.2,0.055,-0.5698275479932633,-0.09066444147066507,0.029857421946565904,3,1,0.0,1,0.0,1,0.0,0,0.002719933244119952,0,0.002719933244119952,0,0.002719933244119952
0.4,0.0,1.1,0.2,0.055,-0.5608890041842385,0.026778671892503124,0.029857421946565904,3,0,0.0008033601567750937,0,0.0008033601567750937,0,0.0008033601567750937,1,0.0,1,0.0,1,0.0
0.45,0.0,1.1,0.2,0.055,-0.5362145832822438,0.15029667820173503,0.03121451509617561,3,0,0.0045089003460520504,0,0.0045089003460520504,0,0.0045089003460520504,1,0.0,1,0.0,1,0.0
0.5,0.0,1.1,0.2,0.055,-0.49693916273801675,0.2721766839284162,0.033374663226108096,3,0,0.008165300517852485,0,0.008165300517852485,0,0.008165300517852485,1,0.0,1,0.0,1,0.0
0.55,0.0,1.1,0.2,0.055,-0.4432404311679326,0.3816808314103468,0.03632809346246273,3,0,0.011450424942310404,0,0.011450424942310404,0,0.011450424942310404,1,0.0,1,0.0,1,0.0
0.6000000000000001,0.0,1.1,0.2,0.055,-0.37517689961448375,0.46865391774271226,0.04007158769790241,3,0,0.014059617532281367,0,0.014059617532281367,0,0.014059617532281367,1,0.0,1,0.0,1,0.0
0.65,0.0,1.1,0.2,0.055,-0.29318779318008836,0.5279026370889154,0.044580988551794154,3,0,0.015837079112667463,0,0.015837079112667463,0,0.015837079112667463,1,0.0,1,0.0,1,0.0
0.7000000000000001,0.0,1.1,0.2,0.055,-0.19805952772647206,0.5602447778492974,0.04981304315174306,3,0,0.01680734333547892,0,0.01680734333547892,0,0.01680734333547892,1,0.0,1,0.0,1,0.0
0.75,0.0,1.1,0.2,0.055,-0.09083778158270309,0.5698279897803475,0.055710239189650346,3,0,0.017094839693410427,0,0.017094839693410427,0,0.017094839693410427,1,0.0,1,0.0,1,0.0
0.8,0.0,1.1,0.2,0.055,0.02659202810932504,0.5609152939016011,0.062168878722711894,3,0,0.016827458817048033,0,0.016827458817048033,0,0.016827458817048033,1,0.0,1,0.0,1,0.0
0.8500000000000001,0.0,1.1,0.2,0.055,0.15010561767944428,0.5362638352600133,0.06896212614906845,3,0,0.016087915057800398,0,0.016087915057800398,0,0.016087915057800398,1,0.0,1,0.0,1,0.0
0.9,0.0,1.1,0.2,0.055,0.2719959219079759,0.4970105869745369,0.0756660928816377,3,0,0.014910317609236107,0,0.014910317609236107,0,0.014910317609236107,1,0.0,1,0.0,1,0.0
0.9500000000000001,0.0,1.1,0.2,0.055,0.38152767052582126,0.4433340414055394,0.08169033905561919,3,0,0.013300021242166182,0,0.013300021242166182,0,0.013300021242166182,1,0.0,1,0.0,1,0.0
1.0,0.0,1.1,0.2,0.055,0.46854102159773586,0.37529236727720666,0.08647607336457448,3,0,0.0112587710183162,0,0.0112587710183162,0,0.0112587710183162,1,0.0,1,0.0,1,0.0
1.05,0.0,1.1,0.2,0.055,0.5278330432737215,0.29332412053215834,0.0897371345567537,3,0,0.00879972361596475,0,0.00879972361596475,0,0.00879972361596475,1,0.0,1,0.0,1,0.0
1.1,0.0,1.1,0.2,0.055,0.5602137403278112,0.1982153404478088,0.09151807289472863,3,0,0.005946460213434264,0,0.005946460213434264,0,0.005946460213434264,1,0.0,1,0.0,1,0.0
1.1500000000000001,0.0,1.1,0.2,0.055,0.5698283882108129,0.09101109714274548,0.09204687852829374,3,0,0.0027303329142823645,0,0.0027303329142823645,0,0.0027303329142823645,1,0.0,1,0.0,1,0.0
1.2000000000000002,0.0,1.1,0.2,0.055,0.5609415467764031,-0.02640539945410992,0.09204687852829374,3,1,0.0,1,0.0,1,0.0,0,0.0007921619836232975,0,0.0007921619836232975,0,0.0007921619836232975
1.25,0.0,1.1,0.2,0.055,0.5363130529365153,-0.14991455401696385,0.09340144568948756,3,1,0.0,1,0.0,1,0.0,0,0.004497436620508916,0,0.004497436620508916,0,0.004497436620508916
1.3,0.0,1.1,0.2,0.055,0.4970819771518574,-0.27181513061306833,0.09555915485764375,3,1,0.0,1,0.0,1,0.0,0,0.008154453918392049,0,0.008154453918392049,0,0.008154453918392049
1.35,0.0,1.1,0.2,0.055,0.4434276176148419,-0.3813744553587017,0.09851014463217961,3,1,0.0,1,0.0,1,0.0,0,0.01144123366076105,0,0.01144123366076105,0,0.01144123366076105
1.4000000000000001,0.0,1.1,0.2,0.055,0.3754078019691195,-0.46842805866314624,0.10225123449269434,3,1,0.0,1,0.0,1,0.0,0,0.014052841759894387,0,0.014052841759894387,0,0.014052841759894387
1.4500000000000002,0.0,1.1,0.2,0.055,0.2934604168110516,-0.5277633852233716,0.10675834067638806,3,1,0.0,1,0.0,1,0.0,0,0.015832901556701147,0,0.015832901556701147,0,0.015832901556701147
1.5,0.0,1.1,0.2,0.055,0.19837112445618288,-0.5601826490543758,0.11198825175590583,3,1,0.0,1,0.0,1,0.0,0,0.016805479471631274,0,0.016805479471631274,0,0.016805479471631274
1.55,0.0,1.1,0.2,0.055,0.09118438814144195,-0.5698287432712842,0.11788352225321659,3,1,0.0,1,0.0,1,0.0,0,0.017094862298138527,0,0.017094862298138527,0,0.017094862298138527
1.6,0.0,1.1,0.2,0.055,-0.026218785947505912,-0.5609677628019619,0.12434069682810873,3,1,0.0,1,0.0,1,0.0,0,0.016829032884058858,0,0.016829032884058858,0,0.016829032884058858
1.6500000000000001,0.0,1.1,0.2,0.055,-0.14972348724966106,-0.5363622363101532,0.13113345539972726,3,1,0.0,1,0.0,1,0.0,0,0.016090867089304597,0,0.016090867089304597,0,0.016090867089304597
1.7000000000000002,0.0,1.1,0.2,0.055,-0.2716343100862004,-0.49715333327025835,0.13783855065573694,3,1,0.0,1,0.0,1,0.0,0,0.01491459999810775,0,0.01491459999810775,0,0.01491459999810775
1.75,0.0,1.1,0.2,0.055,-0.38122118594008036,-0.4435211597951271,0.14386582882770033,3,1,0.0,1,0.0,1,0.0,0,0.013305634793853811,0,0.013305634793853811,0,0.013305634793853811
1.8,0.0,1.1,0.2,0.055,-0.4683150289456636,-0.37552320368777187,0.1486559901930074,3,1,0.0,1,0.0,1,0.0,0,0.011265696110633156,0,0.011265696110633156,0,0.011265696110633156
1.85,0.0,1.1,0.2,0.055,-0.5276936629254472,-0.2935966820135415,0.1519218150618955,3,1,0.0,1,0.0,1,0.0,0,0.008807900460406245,0,0.008807900460406245,0,0.008807900460406245
1.9000000000000001,0.0,1.1,0.2,0.055,-0.5601515040113805,-0.1985268797472404,0.15370699632162182,3,1,0.0,1,0.0,1,0.0,0,0.005955806392417212,0,0.005955806392417212,0,0.005955806392417212
1.9500000000000002,0.0,1.1,0.2,0.055,-0.5698290549483758,-0.09135765456945441,0.15423926162315657,3,1,0.0,1,0.0,1,0.0,0,0.0027407296370836323,0,0.0027407296370836323,0,0.0027407296370836323
2.0,0.0,1.1,0.2,0.055,-0.560993941971585,0.026032187610139427,0.15423926162315657,3,0,0.0007809656283041828,0,0.0007809656283041828,0,0.0007809656283041828,1,0.0,1,0.0,1,0.0
2.0500000000000003,0.0,1.1,0.2,0.055,-0.5364113853793246,0.1495324174128828,0.1555913022357309,3,0,0.004485972522386484,0,0.004485972522386484,0,0.004485972522386484,1,0.0,1,0.0,1,0.0
2.1,0.0,1.1,0.2,0.055,-0.4972246553300191,0.27145346036988105,0.1577465723884427,3,0,0.00814360381109643,0,0.00814360381109643,0,0.00814360381109643,1,0.0,1,0.0,1,0.0
2.15,0.0,1.1,0.2,0.055,-0.4436146679456843,0.3810678623010814,0.1606951216945811,3,0,0.011432035869032442,0,0.011432035869032442,0,0.011432035869032442,1,0.0,1,0.0,1,0.0
2.2,0.0,1.1,0.2,0.055,-0.3756385724307154,0.46820193245204517,0.1644338069479044,3,0,0.014046057973561354,0,0.014046057973561354,0,0.014046057973561354,1,0.0,1,0.0,1,0.0
2.25,0.0,1.1,0.2,0.055,-0.2937329161364021,0.5276238763675479,0.16893861804409163,3,0,0.01582871629102644,0,0.01582871629102644,0,0.01582871629102644,1,0.0,1,0.0,1,0.0
2.3000000000000003,0.0,1.1,0.2,0.055,-0.19868260631663143,0.5601203051812138,0.17416638508417903,3,0,0.016803609155436414,0,0.016803609155436414,0,0.016803609155436414,1,0.0,1,0.0,1,0.0
2.35,0.0,1.1,0.2,0.055,-0.09153089641745722,0.5698293232286927,0.18005972912863358,3,0,0.01709487969686078,0,0.01709487969686078,0,0.01709487969686078,1,0.0,1,0.0,1,0.0
2.4000000000000004,0.0,1.1,0.2,0.055,0.025845604462615045,0.5610200842785704,0.18651543667703754,3,0,0.01683060252835711,0,0.01683060252835711,0,0.01683060252835711,1,0.0,1,0.0,1,0.0
2.45,0.0,1.1,0.2,0.055,0.14934134454195547,0.536460500142422,0.1933077023814013,3,0,0.01609381500427266,0,0.01609381500427266,0,0.01609381500427266,1,0.0,1,0.0,1,0.0
2.5,0.0,1.1,0.2,0.055,0.2712725815066208,0.49729594333141963,0.2000139204144579,3,0,0.014918878299942588,0,0.014918878299942588,0,0.014918878299942588,1,0.0,1,0.0,1,0.0
2.5500000000000003,0.0,1.1,0.2,0.055,0.38091448447286047,0.44370814206580694,0.2060442250776011,3,0,0.013311244261974208,0,0.013311244261974208,0,0.013311244261974208,1,0.0,1,0.0,1,0.0
2.6,0.0,1.1,0.2,0.055,0.46808876918908693,0.3757539081955046,0.21083881073699354,3,0,0.011272617245865138,0,0.011272617245865138,0,0.011272617245865138,1,0.0,1,0.0,1,0.0
2.6500000000000004,0.0,1.1,0.2,0.055,0.527554025537293,0.2938691191764086,0.21410939983614485,3,0,0.008816073575292259,0,0.008816073575292259,0,0.008816073575292259,1,0.0,1,0.0,1,0.0
2.7,0.0,1.1,0.2,0.055,0.5600890525462631,0.1988383041600096,0.21589882632163823,3,0,0.0059651491248002885,0,0.0059651491248002885,0,0.0059651491248002885,1,0.0,1,0.0,1,0.0
2.75,0.0,1.1,0.2,0.055,0.5698295480988302,0.09170411367613691,0.21643455357702943,3,0,0.0027511234102841073,0,0.0027511234102841073,0,0.0027511234102841073,1,0.0,1,0.0,1,0.0
2.8000000000000003,0.0,1.1,0.2,0.055,0.5610461897162059,-0.025659036525515752,0.21643455357702943,3,1,0.0,1,0.0,1,0.0,0,0.0007697710957654725,0,0.0007697710957654725,0,0.0007697710957654725
2.85,0.0,1.1,0.2,0.055,0.5365095805978318,-0.149150268672185,0.21778406707853995,3,1,0.0,1,0.0,1,0.0,0,0.00447450806016555,0,0.00447450806016555,0,0.00447450806016555
2.9000000000000004,0.0,1.1,0.2,0.055,0.4973671972747388,-0.2710916735389323,0.2199368981613101,3,1,0.0,1,0.0,1,0.0,0,0.00813275020616797,0,0.00813275020616797,0,0.00813275020616797
2.95,0.0,1.1,0.2,0.055,0.44380158215478976,-0.38076105248660475,0.2228830069929073,3,1,0.0,1,0.0,1,0.0,0,0.011422831574598141,0,0.011422831574598141,0,0.011422831574598141
3.0,0.0,1.1,0.2,0.055,0.37586921097969483,-0.4679755391636222,0.22661928740753753,3,1,0.0,1,0.0,1,0.0,0,0.014039266174908666,0,0.014039266174908666,0,0.014039266174908666
3.0500000000000003,0.0,1.1,0.2,0.055,0.29400529113033635,-0.52748411042232,0.23112180299925225,3,1,0.0,1,0.0,1,0.0,0,0.0158245233126696,0,0.0158245233126696,0,0.0158245233126696
3.1,0.0,1.1,0.2,0.055,0.19899397327303225,-0.560057746088914,0.23634742548140397,3,1,0.0,1,0.0,1,0.0,0,0.01680173238266742,0,0.01680173238266742,0,0.01680173238266742
3.1500000000000004,0.0,1.1,0.2,0.055,0.0918773063361923,-0.5698297295453736,0.24223884216293015,3,1,0.0,1,0.0,1,0.0,0,0.017094891886361208,0,0.017094891886361208,0,0.017094891886361208
3.2,0.0,1.1,0.2,0.055,-0.025472483819402744,-0.5610722582777703,0.2486930806214879,3,1,0.0,1,0.0,1,0.0,0,0.01683216774833311,0,0.01683216774833311,0,0.01683216774833311
3.25,0.0,1.1,0.2,0.055,-0.14895918983885695,-0.5365586267439354,0.2554848494525579,3,1,0.0,1,0.0,1,0.0,0,0.016096758802318062,0,0.016096758802318062,0,0.016096758802318062
3.3000000000000003,0.0,1.1,0.2,0.055,-0.27091073650932995,-0.4974384171602555,0.2621921845194339,3,1,0.0,1,0.0,1,0.0,0,0.014923152514807664,0,0.014923152514807664,0,0.014923152514807664
3.35,0.0,1.1,0.2,0.055,-0.38060756637353327,-0.4438949882119311,0.26822551016196505,3,1,0.0,1,0.0,1,0.0,0,0.013316849646357931,0,0.013316849646357931,0,0.013316849646357931
3.4000000000000004,0.0,1.1,0.2,0.055,-0.4678622423825224,-0.37598448078084445,0.27302451734245947,3,1,0.0,1,0.0,1,0.0,0,0.011279534423425334,0,0.011279534423425334,0,0.011279534423425334
3.45,0.0,1.1,0.2,0.055,-0.5274141310102853,-0.2941414319949617,0.27629987121698646,3,1,0.0,1,0.0,1,0.0,0,0.00882424295984885,0,0.00882424295984885,0,0.00882424295984885
3.5,0.0,1.1,0.2,0.055,-0.5600263857915515,-0.19914961365136055,0.27809354522995605,3,1,0.0,1,0.0,1,0.0,0,0.005974488409540816,0,0.005974488409540816,0,0.005974488409540816
3.5500000000000003,0.0,1.1,0.2,0.055,-0.569829867554898,-0.09205047438833458,0.2786327367269401,3,1,0.0,1,0.0,1,0.0,0,0.0027615142316500373,0,0.0027615142316500373,0,0.0027615142316500373
3.6,0.0,1.1,0.2,0.055,-0.5610982899565318,0.02528594636481527,0.2786327367269401,3,0,0.000758578390944458,0,0.000758578390944458,0,0.000758578390944458,1,0.0,1,0.0,1,0.0
3.6500000000000004,0.0,1.1,0.2,0.055,-0.5366076385791081,0.14876810807723584,0.27997972255269843,3,0,0.004463043242317075,0,0.004463043242317075,0,0.004463043242317075,1,0.0,1,0.0,1,0.0
3.7,0.0,1.1,0.2,0.055,-0.4975096029882479,0.27072977046032926,0.2821301145101957,3,0,0.008121893113809878,0,0.008121893113809878,0,0.008121893113809878,1,0.0,1,0.0,1,0.0
3.75,0.0,1.1,0.2,0.055,-0.4439883602365316,0.38045402616489565,0.2850737828615401,3,0,0.011413620784946869,0,0.011413620784946869,0,0.011413620784946869,1,0.0,1,0.0,1,0.0
3.8000000000000003,0.0,1.1,0.2,0.055,-0.37609971759651334,0.4677488788526963,0.28880765820674115,3,0,0.014032466365580887,0,0.014032466365580887,0,0.014032466365580887,1,0.0,1,0.0,1,0.0
3.85,0.0,1.1,0.2,0.055,-0.29427754176706167,0.5273440872888642,0.29330787787736096,3,0,0.015820322618665925,0,0.015820322618665925,0,0.015820322618665925,1,0.0,1,0.0,1,0.0
3.9000000000000004,0.0,1.1,0.2,0.055,-0.19930522529065936,0.559994971636559,0.2985313552835631,3,0,0.01679984914909677,0,0.01679984914909677,0,0.01679984914909677,1,0.0,1,0.0,1,0.0
3.95,0.0,1.1,0.2,0.055,-0.09222361782328717,0.5698299621139689,0.3044208436942686,3,0,0.017094898863419066,0,0.017094898863419066,0,0.017094898863419066,1,0.0,1,0.0,1,0.0
4.0,0.0,1.1,0.2,0.055,0.02509942418227096,0.5611242847457495,0.3108736110045743,3,0,0.016833728542372483,0,0.016833728542372483,0,0.016833728542372483,1,0.0,1,0.0,1,0.0
4.05,0.0,1.1,0.2,0.055,0.14857702342256593,0.5366566161017202,0.3176648789627905,3,0,0.016099698483051605,0,0.016099698483051605,0,0.016099698483051605,1,0.0,1,0.0,1,0.0
4.1000000000000005,0.0,1.1,0.2,0.055,0.2705487754344479,0.4975807547589942,0.324373325323444,3,0,0.014927422642769826,0,0.014927422642769826,0,0.014927422642769826,1,0.0,1,0.0,1,0.0
4.15,0.0,1.1,0.2,0.055,0.3803004318919738,0.4440816982278951,0.3304096664286079,3,0,0.013322450946836853,0,0.013322450946836853,0,0.013322450946836853,1,0.0,1,0.0,1,0.0
4.2,0.0,1.1,0.2,0.055,0.46763544858109124,0.3762149214242637,0.33521309234650937,3,0,0.01128644764272791,0,0.01128644764272791,0,0.01128644764272791,1,0.0,1,0.0,1,0.0
4.25,0.0,1.1,0.2,0.055,0.5272739792457511,0.2944136204434139,0.33849321153306566,3,0,0.008832408613302417,0,0.008832408613302417,0,0.008832408613302417,1,0.0,1,0.0,1,0.0
4.3,0.0,1.1,0.2,0.055,0.5599635036063192,0.19946080818659698,0.34029113537289685,3,0,0.005983824245597909,0,0.005983824245597909,0,0.005983824245597909,1,0.0,1,0.0,1,0.0
4.3500000000000005,0.0,1.1,0.2,0.055,0.5698300132091423,0.09239673663178545,0.3408337934010522,3,0,0.0027719020989535634,0,0.0027719020989535634,0,0.0027719020989535634,1,0.0,1,0.0,1,0.0
4.4,0.0,1.1,0.2,0.055,0.5611502426386725,-0.02491291729226601,0.3408337934010522,3,1,0.0,1,0.0,1,0.0,0,0.0007473875187679803,0,0.0007473875187679803,0,0.0007473875187679803
4.45,0.0,1.1,0.2,0.055,0.5367055593101359,-0.1483859359100712,0.34217825098412175,3,1,0.0,1,0.0,1,0.0,0,0.004451578077302136,0,0.004451578077302136,0,0.004451578077302136
4.5,0.0,1.1,0.2,0.055,0.497651872472772,-0.2703677514742052,0.3443262037601767,3,1,0.0,1,0.0,1,0.0,0,0.008111032544226156,0,0.008111032544226156,0,0.008111032544226156
4.55,0.0,1.1,0.2,0.055,0.4441750021853278,-0.38014678358608084,0.3472674316259862,3,1,0.0,1,0.0,1,0.0,0,0.011404403507582424,0,0.011404403507582424,0,0.011404403507582424
4.6000000000000005,0.0,1.1,0.2,0.055,0.37633009226165964,-0.46752195157469206,0.3509989016717879,3,1,0.0,1,0.0,1,0.0,0,0.014025658547240761,0,0.014025658547240761,0,0.014025658547240761
4.65,0.0,1.1,0.2,0.055,0.29454966802079685,-0.5272038068686592,0.3554968250050354,3,1,0.0,1,0.0,1,0.0,0,0.015816114206059776,0,0.015816114206059776,0,0.015816114206059776
4.7,0.0,1.1,0.2,0.055,0.19961636233484575,-0.5599319816832133,0.3607181568177627,3,1,0.0,1,0.0,1,0.0,0,0.0167979594504964,0,0.0167979594504964,0,0.0167979594504964
4.75,0.0,1.1,0.2,0.055,0.09256983080457742,-0.5698300208269641,0.36660571605192743,3,1,0.0,1,0.0,1,0.0,0,0.017094900624808923,0,0.017094900624808923,0,0.017094900624808923
4.800000000000001,0.0,1.1,0.2,0.055,-0.024726425715274506,-0.5611761636285404,0.3730570101605193,3,1,0.0,1,0.0,1,0.0,0,0.01683528490885621,0,0.01683528490885621,0,0.01683528490885621
4.8500000000000005,0.0,1.1,0.2,0.055,-0.14819484557495455,-0.5367544682027141,0.3798477732528018,3,1,0.0,1,0.0,1,0.0,0,0.01610263404608142,0,0.01610263404608142,0,0.01610263404608142
4.9,0.0,1.1,0.2,0.055,-0.2701866986221219,-0.4977229561298587,0.3865573251703959,3,1,0.0,1,0.0,1,0.0,0,0.01493168868389576,0,0.01493168868389576,0,0.01493168868389576
4.95,0.0,1.1,0.2,0.055,-0.37999308127856135,-0.44426827210813913,0.3925966762165001,3,1,0.0,1,0.0,1,0.0,0,0.013328048163244174,0,0.013328048163244174,0,0.013328048163244174
5.0,0.0,1.1,0.2,0.055,-0.46740838784052213,-0.37644523010626774,0.3974045180774079,3,1,0.0,1,0.0,1,0.0,0,0.011293356903188032,0,0.011293356903188032,0,0.011293356903188032
5.050000000000001,0.0,1.1,0.2,0.055,-0.5271335701453213,-0.29468568449598986,0.4006894031041719,3,1,0.0,1,0.0,1,0.0,0,0.008840570534879695,0,0.008840570534879695,0,0.008840570534879695
5.1000000000000005,0.0,1.1,0.2,0.055,-0.5599004058496223,-0.19977188773108165,0.40249157906790844,3,1,0.0,1,0.0,1,0.0,0,0.005993156631932449,0,0.005993156631932449,0,0.005993156631932449
5.15,0.0,1.1,0.2,0.055,-0.5698299849539706,-0.09274290033242304,0.40303770591864757,3,1,0.0,1,0.0,1,0.0,0,0.002782287009972691,0,0.002782287009972691,0,0.002782287009972691
5.2,0.0,1.1,0.2,0.055,-0.5612020477085828,0.02453994947174907,0.40303770591864757,3,0,0.000736198484152472,0,0.000736198484152472,0,0.000736198484152472,1,0.0,1,0.0,1,0.0
5.25,0.0,1.1,0.2,0.055,-0.5368033427778085,0.14800375245239852,0.4043796346898401,3,0,0.004440112573571956,0,0.004440112573571956,0,0.004440112573571956,1,0.0,1,0.0,1,0.0
5.300000000000001,0.0,1.1,0.2,0.055,-0.49779400573053123,0.27000561692072017,0.4065251482274404,3,0,0.008100168507621604,0,0.008100168507621604,0,0.008100168507621604,1,0.0,1,0.0,1,0.0
5.3500000000000005,0.0,1.1,0.2,0.055,-0.4443615079956408,0.37983932500079093,0.4094639356028594,3,0,0.011395179750023727,0,0.011395179750023727,0,0.011395179750023727,1,0.0,1,0.0,1,0.0
5.4,0.0,1.1,0.2,0.055,-0.376560334955656,0.46729475738564197,0.41319300012005855,3,0,0.01401884272156926,0,0.01401884272156926,0,0.01401884272156926,1,0.0,1,0.0,1,0.0
5.45,0.0,1.1,0.2,0.055,-0.29482166986577235,0.527063269063488,0.4176886267000021,3,0,0.01581189807190464,0,0.01581189807190464,0,0.01581189807190464,1,0.0,1,0.0,1,0.0
5.5,0.0,1.1,0.2,0.055,-0.19992738437098387,0.5598687760879247,0.4229078124022155,3,0,0.016796063282637743,0,0.016796063282637743,0,0.016796063282637743,1,0.0,1,0.0,1,0.0
5.550000000000001,0.0,1.1,0.2,0.055,-0.09291594520609432,0.5698299055766879,0.4287934415562844,3,0,0.017094897167300636,0,0.017094897167300636,0,0.017094897167300636,1,0.0,1,0.0,1,0.0
5.6000000000000005,0.0,1.1,0.2,0.055,0.02435348858212073,0.5612278948720194,0.4352432604146362,3,0,0.01683683684616058,0,0.01683683684616058,0,0.01683683684616058,1,0.0,1,0.0,1,0.0
5.65,0.0,1.1,0.2,0.055,0.1478126565775651,0.5368521830337663,0.4420335146543857,3,0,0.016105565491012986,0,0.016105565491012986,0,0.016105565491012986,1,0.0,1,0.0,1,0.0
5.7,0.0,1.1,0.2,0.055,0.26982450641252387,0.4978650212750658,0.44874416639530845,3,0,0.014935950638251974,0,0.014935950638251974,0,0.014935950638251974,1,0.0,1,0.0,1,0.0
5.75,0.0,1.1,0.2,0.055,0.37968551478417695,0.4444547098471473,0.45478652185574936,3,0,0.013333641295414419,0,0.013333641295414419,0,0.013333641295414419,1,0.0,1,0.0,1,0.0
5.800000000000001,0.0,1.1,0.2,0.055,0.4671810602171506,0.37667540680739486,0.4595987768545629,3,0,0.011300262204221846,0,0.011300262204221846,0,0.011300262204221846,1,0.0,1,0.0,1,0.0
5.8500000000000005,0.0,1.1,0.2,0.055,0.5269929036109303,0.2949576241269251,0.46288842824122084,3,0,0.008848728723807753,0,0.008848728723807753,0,0.008848728723807753,1,0.0,1,0.0,1,0.0
5.9,0.0,1.1,0.2,0.055,0.5598370923804992,0.2000828522502357,0.4646948586235471,3,0,0.006002485567507071,0,0.006002485567507071,0,0.006002485567507071,1,0.0,1,0.0,1,0.0
5.95,0.0,1.1,0.2,0.055,0.5698297826816328,0.09308896541637571,0.46524445659010943,3,0,0.002792668962491271,0,0.002792668962491271,0,0.002792668962491271,1,0.0,1,0.0,1,0.0
6.0,0.0,1.1,0.2,0.055,0.5612537051120606,-0.02416704306679864,0.46524445659010943,3,1,0.0,1,0.0,1,0.0,0,0.0007250112920039591,0,0.0007250112920039591,0,0.0007250112920039591
6.050000000000001,0.0,1.1,0.2,0.055,0.5369009889689296,-0.1476215579855955,0.46658385597798163,3,1,0.0,1,0.0,1,0.0,0,0.004428646739567865,0,0.004428646739567865,0,0.004428646739567865
6.1000000000000005,0.0,1.1,0.2,0.055,0.49793600276373884,-0.26964336714005804,0.46872693021926715,3,1,0.0,1,0.0,1,0.0,0,0.00808930101420174,0,0.00808930101420174,0,0.00808930101420174
6.15,0.0,1.1,0.2,0.055,0.4445478776619761,-0.37953165066015776,0.4716632770998641,3,1,0.0,1,0.0,1,0.0,0,0.011385949519804732,0,0.011385949519804732,0,0.011385949519804732
6.2,0.0,1.1,0.2,0.055,0.37679044565905684,-0.4670672963421847,0.47538993586002465,3,1,0.0,1,0.0,1,0.0,0,0.01401201889026554,0,0.01401201889026554,0,0.01401201889026554
6.25,0.0,1.1,0.2,0.055,0.2950935472762292,-0.5269224737754375,0.4798832652710801,3,1,0.0,1,0.0,1,0.0,0,0.015807674213263127,0,0.015807674213263127,0,0.015807674213263127
6.300000000000001,0.0,1.1,0.2,0.055,0.20023829136452398,-0.5598053547097229,0.48510030434622403,3,1,0.0,1,0.0,1,0.0,0,0.01679416064129169,0,0.01679416064129169,0,0.01679416064129169
6.3500000000000005,0.0,1.1,0.2,0.055,0.0932619609540636,-0.5698296162553117,0.49098400251879926,3,1,0.0,1,0.0,1,0.0,0,0.01709488848765935,0,0.01709488848765935,0,0.01709488848765935
6.4,0.0,1.1,0.2,0.055,-0.023980612946170404,-0.5612794784219066,0.49743234408331216,3,1,0.0,1,0.0,1,0.0,0,0.016838384352657196,0,0.016838384352657196,0,0.016838384352657196
6.45,0.0,1.1,0.2,0.055,-0.14743045671161029,-0.5369497605816349,0.5042220854904114,3,1,0.0,1,0.0,1,0.0,0,0.016108492817449048,0,0.016108492817449048,0,0.016108492817449048
6.5,0.0,1.1,0.2,0.055,-0.2694621991458493,-0.49800695019682584,0.5109338313242945,3,1,0.0,1,0.0,1,0.0,0,0.014940208505904775,0,0.014940208505904775,0,0.014940208505904775
6.550000000000001,0.0,1.1,0.2,0.055,-0.37937773266020314,-0.4446410114394474,0.5169791856675839,3,1,0.0,1,0.0,1,0.0,0,0.013339230343183421,0,0.013339230343183421,0,0.013339230343183421
6.6000000000000005,0.0,1.1,0.2,0.055,-0.4669534657679194,-0.37690545150821647,0.5217958509885083,3,1,0.0,1,0.0,1,0.0,0,0.011307163545246494,0,0.011307163545246494,0,0.011307163545246494
6.65,0.0,1.1,0.2,0.055,-0.5268519795448185,-0.2952294393104667,0.5250902692462378,3,1,0.0,1,0.0,1,0.0,0,0.008856883179314,0,0.008856883179314,0,0.008856883179314
6.7,0.0,1.1,0.2,0.055,-0.5597735630579722,-0.20039370170953916,0.5269009563394612,3,1,0.0,1,0.0,1,0.0,0,0.006011811051286175,0,0.006011811051286175,0,0.006011811051286175
6.75,0.0,1.1,0.2,0.055,-0.5698294062842219,-0.09343493180996666,0.527454027716905,3,1,0.0,1,0.0,1,0.0,0,0.0028030479542989995,0,0.0028030479542989995,0,0.0028030479542989995
6.800000000000001,0.0,1.1,0.2,0.055,-0.5613052147947483,0.023794198240601905,0.527454027716905,3,0,0.0007138259472180571,0,0.0007138259472180571,0,0.0007138259472180571,1,0.0,1,0.0,1,0.0
6.8500000000000005,0.0,1.1,0.2,0.055,-0.5369984978702134,0.14723935279070938,0.5287908971477544,3,0,0.004417180583721281,0,0.004417180583721281,0,0.004417180583721281,1,0.0,1,0.0,1,0.0
6.9,0.0,1.1,0.2,0.055,-0.4980778635746024,0.26928100247242537,0.530931532034013,3,0,0.008078430074172761,0,0.008078430074172761,0,0.008078430074172761,1,0.0,1,0.0,1,0.0
6.95,0.0,1.1,0.2,0.055,-0.4447341111788841,0.3792237608158139,0.5338654384157775,3,0,0.011376712824474416,0,0.011376712824474416,0,0.011376712824474416,1,0.0,1,0.0,1,0.0
7.0,0.0,1.1,0.2,0.055,-0.3770204243524506,0.46683956850156744,0.5375896911912313,3,0,0.014005187055047023,0,0.014005187055047023,0,0.014005187055047023,1,0.0,1,0.0,1,0.0
7.050000000000001,0.0,1.1,0.2,0.055,-0.29536530022642027,0.5267814209069012,0.542080723018163,3,0,0.015803442627207034,0,0.015803442627207034,0,0.015803442627207034,1,0.0,1,0.0,1,0.0
7.1000000000000005,0.0,1.1,0.2,0.055,-0.20054908328097534,0.5597417174076224,0.5472956149501625,3,0,0.01679225152222867,0,0.01679225152222867,0,0.01679225152222867,1,0.0,1,0.0,1,0.0
7.15,0.0,1.1,0.2,0.055,-0.09360787797490568,0.5698291527548504,0.5531773812419963,3,0,0.01709487458264551,0,0.01709487458264551,0,0.01709487458264551,1,0.0,1,0.0,1,0.0
7.2,0.0,1.1,0.2,0.055,0.023607798970437383,0.5613309142237662,0.5596242434739902,3,0,0.016839927426712985,0,0.016839927426712985,0,0.016839927426712985,1,0.0,1,0.0,1,0.0
7.25,0.0,1.1,0.2,0.055,0.1470482462579719,0.5370472008329898,0.5664134680748046,3,0,0.016111416024989694,0,0.016111416024989694,0,0.016111416024989694,1,0.0,1,0.0,1,0.0
7.300000000000001,0.0,1.1,0.2,0.055,0.2690997771623153,0.4981487428973431,0.5731263022745435,3,0,0.014944462286920293,0,0.014944462286920293,0,0.014944462286920293,1,0.0,1,0.0,1,0.0
7.3500000000000005,0.0,1.1,0.2,0.055,0.37906973515852194,0.44482717687961193,0.5791746499643349,3,0,0.013344815306388357,0,0.013344815306388357,0,0.013344815306388357,1,0.0,1,0.0,1,0.0
7.4,0.0,1.1,0.2,0.055,0.4667256045503794,0.37713536418933785,0.583995722780887,3,0,0.011314060925680136,0,0.011314060925680136,0,0.011314060925680136,1,0.0,1,0.0,1,0.0
7.45,0.0,1.1,0.2,0.055,0.5267107978495325,0.29550113002087336,0.5872949084123404,3,0,0.0088650339006262,0,0.0088650339006262,0,0.0088650339006262,1,0.0,1,0.0,1,0.0
7.5,0.0,1.1,0.2,0.055,0.5597098177410476,0.20070443607453037,0.5891098545063738,3,0,0.0060211330822359105,0,0.0060211330822359105,0,0.0060211330822359105,1,0.0,1,0.0,1,0.0
7.550000000000001,0.0,1.1,0.2,0.055,0.5698288556536744,0.09378079943971362,0.5896664015915682,3,0,0.0028134239831914087,0,0.0028134239831914087,0,0.0028134239831914087,1,0.0,1,0.0,1,0.0
7.6000000000000005,0.0,1.1,0.2,0.055,0.5613565767021315,-0.02342141515599922,0.5896664015915682,3,1,0.0,1,0.0,1,0.0,0,0.0007026424546799766,0,0.0007026424546799766,0,0.0007026424546799766
7.65,0.0,1.1,0.2,0.055,0.537095869468284,-0.14685713714845605,0.5910007404894299,3,1,0.0,1,0.0,1,0.0,0,0.004405714114453682,0,0.004405714114453682,0,0.004405714114453682
7.7,0.0,1.1,0.2,0.055,0.4982195881653226,-0.2689185232580493,0.5931389359610928,3,1,0.0,1,0.0,1,0.0,0,0.00806755569774148,0,0.00806755569774148,0,0.00806755569774148
7.75,0.0,1.1,0.2,0.055,0.44492020854095904,-0.3789156557198905,0.5960704018404328,3,1,0.0,1,0.0,1,0.0,0,0.011367469671596714,0,0.011367469671596714,0,0.011367469671596714
7.800000000000001,0.0,1.1,0.2,0.055,0.3772502710164591,-0.4666115739216444,0.5997922484042802,3,1,0.0,1,0.0,1,0.0,0,0.01399834721764933,0,0.01399834721764933,0,0.01399834721764933
7.8500000000000005,0.0,1.1,0.2,0.055,0.2956369286906099,-0.5266401103605788,0.604280982232202,3,1,0.0,1,0.0,1,0.0,0,0.015799203310817363,0,0.015799203310817363,0,0.015799203310817363
7.9,0.0,1.1,0.2,0.055,0.20085976008590545,-0.5596778640406215,0.6094937265054607,3,1,0.0,1,0.0,1,0.0,0,0.016790335921218643,0,0.016790335921218643,0,0.016790335921218643
7.95,0.0,1.1,0.2,0.055,0.09395369619523526,-0.5698285149671619,0.6153735600194475,3,1,0.0,1,0.0,1,0.0,0,0.017094855449014856,0,0.017094855449014856,0,0.017094855449014856
8.0,0.0,1.1,0.2,0.055,-0.023235046817588756,-0.5613822022230055,0.6218189408851529,3,1,0.0,1,0.0,1,0.0,0,0.016841466066690163,0,0.016841466066690163,0,0.016841466066690163
8.05,0.0,1.1,0.2,0.055,-0.14666602549720004,-0.5371445037744098,0.6286076447125315,3,1,0.0,1,0.0,1,0.0,0,0.016114335113232292,0,0.016114335113232292,0,0.016114335113232292
8.1,0.0,1.1,0.2,0.055,-0.2687372408021591,-0.4982903993788146,0.6353215615543043,3,1,0.0,1,0.0,1,0.0,0,0.014948711981364438,0,0.014948711981364438,0,0.014948711981364438
8.15,0.0,1.1,0.2,0.055,-0.37876152253151407,-0.4450132061622565,0.6413728970494188,3,1,0.0,1,0.0,1,0.0,0,0.013350396184867695,0,0.013350396184867695,0,0.013350396184867695
8.200000000000001,0.0,1.1,0.2,0.055,-0.4664974766226892,-0.37736514483139705,0.6461983745244334,3,1,0.0,1,0.0,1,0.0,0,0.011320954344941911,0,0.011320954344941911,0,0.011320954344941911
8.25,0.0,1.1,0.2,0.055,-0.5265693584279258,-0.2957726962324147,0.6495023280237214,3,1,0.0,1,0.0,1,0.0,0,0.008873180886972441,0,0.008873180886972441,0,0.008873180886972441
8.3,0.0,1.1,0.2,0.055,-0.5596458562887168,-0.20101505531080546,0.651321535406065,3,1,0.0,1,0.0,1,0.0,0,0.006030451659324164,0,0.006030451659324164,0,0.006030451659324164
8.35,0.0,1.1,0.2,0.055,-0.5698281306817709,-0.09412656823232755,0.6518815604976829,3,1,0.0,1,0.0,1,0.0,0,0.0028237970469698263,0,0.0028237970469698263,0,0.0028237970469698263
8.4,0.0,1.1,0.2,0.055,-0.5614077907795397,0.023048693975485365,0.6518815604976829,3,0,0.0006914608192645609,0,0.0006914608192645609,0,0.0006914608192645609,1,0.0,1,0.0,1,0.0
8.450000000000001,0.0,1.1,0.2,0.055,-0.5371931037496755,0.14647491133922064,0.6532133682843254,3,0,0.004394247340176619,0,0.004394247340176619,0,0.004394247340176619,1,0.0,1,0.0,1,0.0
8.5,0.0,1.1,0.2,0.055,-0.4983611765380931,0.26855592983717713,0.6553491242809624,3,0,0.008056677895115313,0,0.008056677895115313,0,0.008056677895115313,1,0.0,1,0.0,1,0.0
8.55,0.0,1.1,0.2,0.055,-0.44510616974283845,0.3786073356250179,0.6582781496547014,3,0,0.011358220068750537,0,0.011358220068750537,0,0.011358220068750537,1,0.0,1,0.0,1,0.0
8.6,0.0,1.1,0.2,0.055,-0.37747998563173696,0.466383312660879,0.661997589780812,3,0,0.01399149937982637,0,0.01399149937982637,0,0.01399149937982637,1,0.0,1,0.0,1,0.0
8.65,0.0,1.1,0.2,0.055,-0.2959084326430732,0.5264985420394787,0.6664840251951885,3,0,0.015794956261184358,0,0.015794956261184358,0,0.015794956261184358,1,0.0,1,0.0,1,0.0
8.700000000000001,0.0,1.1,0.2,0.055,-0.20117032174493887,0.5596137944677048,0.6716946212945859,3,0,0.01678841383403114,0,0.01678841383403114,0,0.01678841383403114,1,0.0,1,0.0,1,0.0
8.75,0.0,1.1,0.2,0.055,-0.09429941554185954,0.5698277027839489,0.6775725211357552,3,0,0.017094831083518468,0,0.017094831083518468,0,0.017094831083518468,1,0.0,1,0.0,1,0.0
8.8,0.0,1.1,0.2,0.055,0.022862356649946822,0.5614333423648759,0.6840164186063046,3,0,0.016843000270946276,0,0.016843000270946276,0,0.016843000270946276,1,0.0,1,0.0,1,0.0
8.85,0.0,1.1,0.2,0.055,0.14628379470951436,0.5372416693923838,0.6908045976995808,3,0,0.016117250081771513,0,0.016117250081771513,0,0.016117250081771513,1,0.0,1,0.0,1,0.0
8.9,0.0,1.1,0.2,0.055,0.2683745904056373,0.4984319196434308,0.6975195914628675,3,0,0.014952957589302924,0,0.014952957589302924,0,0.014952957589302924,1,0.0,1,0.0,1,0.0
8.950000000000001,0.0,1.1,0.2,0.055,0.3784530950320587,0.44519909928204116,0.7035739092173209,3,0,0.013355972978461235,0,0.013355972978461235,0,0.013355972978461235,1,0.0,1,0.0,1,0.0
9.0,0.0,1.1,0.2,0.055,0.46626908204361694,0.3775947934150658,0.7084037885029565,3,0,0.011327843802451974,0,0.011327843802451974,0,0.011327843802451974,1,0.0,1,0.0,1,0.0
9.05,0.0,1.1,0.2,0.055,0.5264276611831618,0.2960441379193715,0.7117125103556314,3,0,0.008881324137581146,0,0.008881324137581146,0,0.008881324137581146,1,0.0,1,0.0,1,0.0
9.1,0.0,1.1,0.2,0.055,0.5595816785599567,0.20132555938401772,0.7135359813113552,3,0,0.006039766781520532,0,0.006039766781520532,0,0.006039766781520532,1,0.0,1,0.0,1,0.0
9.15,0.0,1.1,0.2,0.055,0.5698272312601348,0.0944722381147122,0.7140994867098649,3,0,0.002834167143441366,0,0.002834167143441366,0,0.002834167143441366,1,0.0,1,0.0,1,0.0
9.200000000000001,0.0,1.1,0.2,0.055,0.5614588569721459,-0.022676034861209494,0.7140994867098649,3,1,0.0,1,0.0,1,0.0,0,0.0006802810458362848,0,0.0006802810458362848,0,0.0006802810458362848
9.25,0.0,1.1,0.2,0.055,0.5372902007008316,-0.1460926756430566,0.7154287628047872,3,1,0.0,1,0.0,1,0.0,0,0.0043827802692916985,0,0.0043827802692916985,0,0.0043827802692916985
9.3,0.0,1.1,0.2,0.055,0.4985026286951006,-0.26819322255007444,0.7175620792651024,3,1,0.0,1,0.0,1,0.0,0,0.008045796676502234,0,0.008045796676502234,0,0.008045796676502234
9.35,0.0,1.1,0.2,0.055,0.44529199477920406,-0.37829880078432376,0.7204886641304767,3,1,0.0,1,0.0,1,0.0,0,0.011348964023529712,0,0.011348964023529712,0,0.011348964023529712
9.4,0.0,1.1,0.2,0.055,0.3777095681789727,-0.4661547847783442,0.7242056975934895,3,1,0.0,1,0.0,1,0.0,0,0.013984643543350326,0,0.013984643543350326,0,0.013984643543350326
9.450000000000001,0.0,1.1,0.2,0.055,0.29617981205809657,-0.5263567158469189,0.7286898341801376,3,1,0.0,1,0.0,1,0.0,0,0.015790701475407565,0,0.015790701475407565,0,0.015790701475407565
9.5,0.0,1.1,0.2,0.055,0.2014807682237577,-0.5595495085478425,0.7338982815910263,3,1,0.0,1,0.0,1,0.0,0,0.016786485256435273,0,0.016786485256435273,0,0.016786485256435273
9.55,0.0,1.1,0.2,0.055,0.09464503594177869,-0.569826716096757,0.739774246866535,3,1,0.0,1,0.0,1,0.0,0,0.017094801482902707,0,0.017094801482902707,0,0.017094801482902707
9.600000000000001,0.0,1.1,0.2,0.055,-0.02248972862948796,-0.5614843345944719,0.7462166589179547,3,1,0.0,1,0.0,1,0.0,0,0.016844530037834156,0,0.016844530037834156,0,0.016844530037834156
9.65,0.0,1.1,0.2,0.055,-0.1459015541748021,-0.5373386976733101,0.753004309322947,3,1,0.0,1,0.0,1,0.0,0,0.0161201609301993,0,0.0161201609301993,0,0.0161201609301993
9.700000000000001,0.0,1.1,0.2,0.055,-0.2680118263130241,-0.4985733036933747,0.7597203742905491,3,1,0.0,1,0.0,1,0.0,0,0.01495719911080124,0,0.01495719911080124,0,0.01495719911080124
9.75,0.0,1.1,0.2,0.055,-0.3781444529135316,-0.4453848562336693,0.7657776687535772,3,1,0.0,1,0.0,1,0.0,0,0.013361545687010078,0,0.013361545687010078,0,0.013361545687010078
9.8,0.0,1.1,0.2,0.055,-0.46604042087253994,-0.37782430992104926,0.7706119469913227,3,1,0.0,1,0.0,1,0.0,0,0.011334729297631477,0,0.011334729297631477,0,0.011334729297631477
9.850000000000001,0.0,1.1,0.2,0.055,-0.5262857060187132,-0.296315455056036,0.7739254376743622,3,1,0.0,1,0.0,1,0.0,0,0.00888946365168108,0,0.00888946365168108,0,0.00888946365168108
9.9,0.0,1.1,0.2,0.055,-0.5595172844137312,-0.20163594825987816,0.775753174486088,3,1,0.0,1,0.0,1,0.0,0,0.0060490784477963445,0,0.0060490784477963445,0,0.0060490784477963445
9.950000000000001,0.0,1.1,0.2,0.055,-0.5698261572802343,-0.09481780901396424,0.7763201624937458,3,1,0.0,1,0.0,1,0.0,0,0.002844534270418927,0,0.002844534270418927,0,0.002844534270418927
10.0,1.0,1.1,0.4,0.065,-0.561509775224966,0.02230343797497514,0.7763201624937458,3,0,0.0006691031392492542,0,0.0006691031392492542,0,0.0006691031392492542,1,0.0,1,0.0,1,0.0
10.05,1.0,1.1,0.4,0.065,-0.5074944971786317,0.25721662069130424,0.7798311555667575,3,0,0.007716498620739127,0,0.007716498620739127,0,0.007716498620739127,1,0.0,1,0.0,1,0.0
10.100000000000001,1.0,1.1,0.4,0.065,-0.38336235390500817,0.44463551286549674,0.787899744879543,3,0,0.013339065385964901,0,0.013339065385964901,0,0.013339065385964901,1,0.0,1,0.0,1,0.0
10.15,1.0,1.1,0.4,0.065,-0.1954005161139559,0.5474321533428351,0.8001172643359614,3,0,0.016422964600285053,0,0.016422964600285053,0,0.016422964600285053,1,0.0,1,0.0,1,0.0
10.200000000000001,1.0,1.1,0.4,0.065,0.03650852749940258,0.5637696119029904,0.8151913521708297,3,0,0.016913088357089708,0,0.016913088357089708,0,0.016913088357089708,1,0.0,1,0.0,1,0.0
10.25,1.0,1.1,0.4,0.065,0.2715029729734474,0.5046712530806576,0.8304659911266427,3,0,0.01514013759241973,0,0.01514013759241973,0,0.01514013759241973,1,0.0,1,0.0,1,0.0
10.3,1.0,1.1,0.4,0.065,0.45521506995806127,0.375675754828579,0.8424072774306426,3,0,0.01127027264485737,0,0.01127027264485737,0,0.01127027264485737,1,0.0,1,0.0,1,0.0
10.350000000000001,1.0,1.1,0.4,0.065,0.552611721482739,0.18352323677430546,0.8487380597797466,3,0,0.005505697103229163,0,0.005505697103229163,0,0.005505697103229163,1,0.0,1,0.0,1,0.0
10.4,1.0,1.1,0.4,0.065,0.5638787581746055,-0.050733555260956666,0.8487380597797466,3,1,0.0,1,0.0,1,0.0,0,0.0015220066578287,0,0.0015220066578287,0,0.0015220066578287
10.450000000000001,1.0,1.1,0.4,0.065,0.500198741231886,-0.28484292390581006,0.8528772608810233,3,1,0.0,1,0.0,1,0.0,0,0.008545287717174301,0,0.008545287717174301,0,0.008545287717174301
10.5,1.0,1.1,0.4,0.065,0.3668423577630833,-0.4643624019226635,0.8615454258064955,3,1,0.0,1,0.0,1,0.0,0,0.013930872057679905,0,0.013930872057679905,0,0.013930872057679905
10.55,1.0,1.1,0.4,0.065,0.17105983758968732,-0.5564094029929416,0.8742712896177661,3,1,0.0,1,0.0,1,0.0,0,0.01669228208978825,0,0.01669228208978825,0,0.01669228208978825
10.600000000000001,1.0,1.1,0.4,0.065,-0.06493991193076531,-0.5628608862494198,0.8896112733365958,3,1,0.0,1,0.0,1,0.0,0,0.016885826587482593,0,0.016885826587482593,0,0.016885826587482593
10.65,1.0,1.1,0.4,0.065,-0.2976162689214474,-0.494843649564855,0.9047352365409901,3,1,0.0,1,0.0,1,0.0,0,0.01484530948694565,0,0.01484530948694565,0,0.01484530948694565
10.700000000000001,1.0,1.1,0.4,0.065,-0.47267265054727675,-0.3573741595913279,0.9161139013466689,3,1,0.0,1,0.0,1,0.0,0,0.010721224787739837,0,0.010721224787739837,0,0.010721224787739837
10.75,1.0,1.1,0.4,0.065,-0.5594149404148706,-0.1582640055842564,0.9217521501880626,3,1,0.0,1,0.0,1,0.0,0,0.004747920167527692,0,0.004747920167527692,0,0.004747920167527692
10.8,1.0,1.1,0.4,0.065,-0.5611942818951955,0.0791174965989469,0.9217521501880626,3,0,0.002373524897968407,0,0.002373524897968407,0,0.002373524897968407,1,0.0,1,0.0,1,0.0
10.850000000000001,1.0,1.1,0.4,0.065,-0.4889601086567629,0.31000643252701005,0.9264473714485607,3,0,0.009300192975810301,0,0.009300192975810301,0,0.009300192975810301,1,0.0,1,0.0,1,0.0
10.9,1.0,1.1,0.4,0.065,-0.34750553932818495,0.48042707346821006,0.9356419184549182,3,0,0.014412812204046301,0,0.014412812204046301,0,0.014412812204046301,1,0.0,1,0.0,1,0.0
10.950000000000001,1.0,1.1,0.4,0.065,-0.14525073328958246,0.5619033387218594,0.9487884808474275,3,0,0.016857100161655782,0,0.016857100161655782,0,0.016857100161655782,1,0.0,1,0.0,1,0.0
11.0,1.0,1.1,0.4,0.065,0.09326193930317653,0.5590990672299959,0.9642918045659568,3,0,0.016772972016899878,0,0.016772972016899878,0,0.016772972016899878,1,0.0,1,0.0,1,0.0
11.05,1.0,1.1,0.4,0.065,0.3220975488134625,0.4827096258606218,0.9791661191841253,3,0,0.014481288775818654,0,0.014481288775818654,0,0.014481288775818654,1,0.0,1,0.0,1,0.0
11.100000000000001,1.0,1.1,0.4,0.065,0.48775649014690525,0.33734340483844,0.9899339503707991,3,0,0.0101203021451532,0,0.0101203021451532,0,0.0101203021451532,1,0.0,1,0.0,1,0.0
11.15,1.0,1.1,0.4,0.065,0.5640023641453606,0.13207370099877971,0.9948899321806987,3,0,0.003962211029963391,0,0.003962211029963391,0,0.003962211029963391,1,0.0,1,0.0,1,0.0
11.200000000000001,1.0,1.1,0.4,0.065,0.5566761109905976,-0.10736797205421969,0.9948899321806987,3,1,0.0,1,0.0,1,0.0,0,0.0032210391616265908,0,0.0032210391616265908,0,0.0032210391616265908
11.25,1.0,1.1,0.4,0.065,0.47616556814163297,-0.33392518680886185,1.0001231174658813,3,1,0.0,1,0.0,1,0.0,0,0.010017755604265856,0,0.010017755604265856,0,0.010017755604265856
11.3,1.0,1.1,0.4,0.065,0.3269371981038505,-0.4947212496702554,1.0098229615183372,3,1,0.0,1,0.0,1,0.0,0,0.01484163749010766,0,0.01484163749010766,0,0.01484163749010766
11.350000000000001,1.0,1.1,0.4,0.065,0.1187600277091375,-0.5657719329059777,1.0233544775939936,3,1,0.0,1,0.0,1,0.0,0,0.01697315798717933,0,0.01697315798717933,0,0.01697315798717933
11.4,1.0,1.1,0.4,0.065,-0.1214282640153863,-0.5539717782117524,1.0389667165560876,3,1,0.0,1,0.0,1,0.0,0,0.01661915334635257,0,0.01661915334635257,0,0.01661915334635257
11.450000000000001,1.0,1.1,0.4,0.065,-0.3455016534813708,-0.4693613652137,1.0535314868713765,3,1,0.0,1,0.0,1,0.0,0,0.014080840956410998,0,0.014080840956410998,0,0.014080840956410998
11.5,1.0,1.1,0.4,0.065,-0.5013491432052455,-0.3163107351666527,1.0636615737034285,3,1,0.0,1,0.0,1,0.0,0,0.009489322054999581,0,0.009489322054999581,0,0.009489322054999581
11.55,1.0,1.1,0.4,0.065,-0.5672409038902244,-0.10532553243753877,1.0679445381479522,3,1,0.0,1,0.0,1,0.0,0,0.003159765973126163,0,0.003159765973126163,0,0.003159765973126163
11.600000000000001,1.0,1.1,0.4,0.065,-0.5510076212094366,0.13543376026699191,1.0679445381479522,3,0,0.004063012808009758,0,0.004063012808009758,0,0.004063012808009758,1,0.0,1,0.0,1,0.0
11.65,1.0,1.1,0.4,0.065,-0.4623124574454539,0.35682834262488056,1.0737097237926112,3,0,0.010704850278746417,0,0.010704850278746417,0,0.010704850278746417,1,0.0,1,0.0,1,0.0
11.700000000000001,1.0,1.1,0.4,0.065,-0.3054765206405519,0.5076531104963041,1.0839040596849296,3,0,0.015229593314889123,0,0.015229593314889123,0,0.015229593314889123,1,0.0,1,0.0,1,0.0
11.75,1.0,1.1,0.4,0.065,-0.09178135556935695,0.5684239518498565,1.0977942454145575,3,0,0.017052718555495696,0,0.017052718555495696,0,0.017052718555495696,1,0.0,1,0.0,1,0.0
11.8,1.0,1.1,0.4,0.065,0.14937424144812803,0.5477938948173242,1.113469359220694,3,0,0.016433816844519725,0,0.016433816844519725,0,0.016433816844519725,1,0.0,1,0.0,1,0.0
11.850000000000001,1.0,1.1,0.4,0.065,0.3679016966314494,0.45502623065337183,1.1276736438076098,3,0,0.013650786919601154,0,0.013650786919601154,0,0.013650786919601154,1,0.0,1,0.0,1,0.0
11.9,1.0,1.1,0.4,0.065,0.5136394418593512,0.29444214681254893,1.1371465972474235,3,0,0.008833264404376468,0,0.008833264404376468,0,0.008833264404376468,1,0.0,1,0.0,1,0.0
11.950000000000001,1.0,1.1,0.4,0.065,0.5693292635204655,0.07813680919191532,1.140766435655396,3,0,0.0023441042757574595,0,0.0023441042757574595,0,0.0023441042757574595,1,0.0,1,0.0,1,0.0
12.0,1.0,1.1,0.4,0.065,0.5443356894218768,-0.1632387720595349,1.140766435655396,3,1,0.0,1,0.0,1,0.0,0,0.004897163161786047,0,0.004897163161786047,0,0.004897163161786047
12.05,1.0,1.1,0.4,0.065,0.44750650272638987,-0.3787160696007424,1.1470603327906026,3,1,0.0,1,0.0,1,0.0,0,0.011361482088022271,0,0.011361482088022271,0,0.011361482088022271
12.100000000000001,1.0,1.1,0.4,0.065,0.2832131461452592,-0.5193115541960596,1.1577394009683761,3,1,0.0,1,0.0,1,0.0,0,0.015579346625881786,0,0.015579346625881786,0,0.015579346625881786
12.15,1.0,1.1,0.4,0.065,0.06440059637865032,-0.5699620354725251,1.1719622167032058,3,1,0.0,1,0.0,1,0.0,0,0.01709886106417575,0,0.01709886106417575,0,0.01709886106417575
12.200000000000001,1.0,1.1,0.4,0.065,-0.17701600220230243,-0.5406357120545978,1.1876542956109677,3,1,0.0,1,0.0,1,0.0,0,0.016219071361637933,0,0.016219071361637933,0,0.016219071361637933
12.25,1.0,1.1,0.4,0.065,-0.3892650999362504,-0.4397555496620697,1.2014504869636742,3,1,0.0,1,0.0,1,0.0,0,0.01319266648986209,0,0.01319266648986209,0,0.01319266648986209
12.3,1.0,1.1,0.4,0.065,-0.5246717164942265,-0.2717942613357603,1.2102519170399426,3,1,0.0,1,0.0,1,0.0,0,0.008153827840072809,0,0.008153827840072809,0,0.008153827840072809
12.350000000000001,1.0,1.1,0.4,0.065,-0.5703260583771786,-0.050581329365662106,1.2132194492623345,3,1,0.0,1,0.0,1,0.0,0,0.0015174398809698632,0,0.0015174398809698632,0,0.0015174398809698632
12.4,1.0,1.1,0.4,0.065,-0.5366955493635778,0.19069435948051328,1.2132194492623345,3,0,0.005720830784415398,0,0.005720830784415398,0,0.005720830784415398,1,0.0,1,0.0,1,0.0
12.450000000000001,1.0,1.1,0.4,0.065,-0.4317750225243713,0.39954236914283003,1.220039283506883,3,0,0.011986271074284901,0,0.011986271074284901,0,0.011986271074284901,1,0.0,1,0.0,1,0.0
12.5,1.0,1.1,0.4,0.065,-0.26019001111015744,0.5297218280983635,1.2311923092488068,3,0,0.015891654842950905,0,0.015891654842950905,0,0.015891654842950905,1,0.0,1,0.0,1,0.0
12.55,1.0,1.1,0.4,0.065,-0.036687747724424326,0.5704244311119815,1.2457199563688794,3,0,0.017112732933359444,0,0.017112732933359444,0,0.017112732933359444,1,0.0,1,0.0,1,0.0
12.600000000000001,1.0,1.1,0.4,0.065,0.20426217169574662,0.5325162440390419,1.2613817011311905,3,0,0.015975487321171256,0,0.015975487321171256,0,0.015975487321171256,1,0.0,1,0.0,1,0.0
12.65,1.0,1.1,0.4,0.065,0.40954171920047444,0.42356636493065586,1.2747248717189978,3,0,0.012706990947919675,0,0.012706990947919675,0,0.012706990947919675,1,0.0,1,0.0,1,0.0
12.700000000000001,1.0,1.1,0.4,0.065,0.5344637602666886,0.24840494318321507,1.2828448043883018,3,0,0.0074521482954964515,0,0.0074521482954964515,0,0.0074521482954964515,1,0.0,1,0.0,1,0.0
12.75,1.0,1.1,0.4,0.065,0.5702598800842491,0.02272880846528379,1.2851715521764433,3,0,0.0006818642539585136,0,0.0006818642539585136,0,0.0006818642539585136,1,0.0,1,0.0,1,0.0
12.8,1.0,1.1,0.4,0.065,0.52809856113569,-0.21770774961908337,1.2851715521764433,3,1,0.0,1,0.0,1,0.0,0,0.006531232488572501,0,0.006531232488572501,0,0.006531232488572501
12.850000000000001,1.0,1.1,0.4,0.065,0.4151310056053129,-0.4192574061443147,1.2925144432859177,3,1,0.0,1,0.0,1,0.0,0,0.012577722184329442,0,0.012577722184329442,0,0.012577722184329442
12.9,1.0,1.1,0.4,0.065,0.23644374850503488,-0.5388994967541397,1.304129114997436,3,1,0.0,1,0.0,1,0.0,0,0.016166984902624193,0,0.016166984902624193,0,0.016166984902624193
12.950000000000001,1.0,1.1,0.4,0.065,0.008713721308285275,-0.5698349000458688,1.3189315667652246,3,1,0.0,1,0.0,1,0.0,0,0.017095047001376065,0,0.017095047001376065,0,0.017095047001376065
13.0,1.0,1.1,0.4,0.065,-0.23101944799251614,-0.5234431145289887,1.3345142227697766,3,1,0.0,1,0.0,1,0.0,0,0.01570329343586966,0,0.01570329343586966,0,0.01570329343586966
13.05,1.0,1.1,0.4,0.065,-0.42868417426663874,-0.4064704495202393,1.3473624299775946,3,1,0.0,1,0.0,1,0.0,0,0.012194113485607179,0,0.012194113485607179,0,0.012194113485607179
13.100000000000001,1.0,1.1,0.4,0.065,-0.5430311821635796,-0.22431131412862762,1.3547949854908958,3,1,0.0,1,0.0,1,0.0,0,0.006729339423858828,0,0.006729339423858828,0,0.006729339423858828
13.15,1.0,1.1,0.4,0.065,-0.5691518146955478,0.005348039916653493,1.3547949854908958,3,0,0.0001604411974996048,0,0.0001604411974996048,0,0.0001604411974996048,1,0.0,1,0.0,1,0.0
13.200000000000001,1.0,1.1,0.4,0.065,-0.5185504304262353,0.2441857151197631,1.3580840754684012,3,0,0.007325571453592893,0,0.007325571453592893,0,0.007325571453592893,1,0.0,1,0.0,1,0.0
13.25,1.0,1.1,0.4,0.065,-0.39758632316107695,0.43781729094838145,1.3659467424406364,3,0,0.013134518728451443,0,0.013134518728451443,0,0.013134518728451443,1,0.0,1,0.0,1,0.0
13.3,1.0,1.1,0.4,0.065,-0.21201274899268405,0.5468611282213693,1.378009024761582,3,0,0.01640583384664108,0,0.01640583384664108,0,0.01640583384664108,1,0.0,1,0.0,1,0.0
13.350000000000001,1.0,1.1,0.4,0.065,0.019446736782845708,0.5682128017012764,1.3930538913369912,3,0,0.017046384051038293,0,0.017046384051038293,0,0.017046384051038293,1,0.0,1,0.0,1,0.0
13.4,1.0,1.1,0.4,0.065,0.25719513661386456,0.5134209826511713,1.4085075373260076,3,0,0.015402629479535138,0,0.015402629479535138,0,0.015402629479535138,1,0.0,1,0.0,1,0.0
13.450000000000001,1.0,1.1,0.4,0.065,0.4466525610577786,0.3884803988829795,1.420822269914862,3,0,0.011654411966489385,0,0.011654411966489385,0,0.011654411966489385,1,0.0,1,0.0,1,0.0
13.5,1.0,1.1,0.4,0.065,0.5503918011410305,0.19955339779822143,1.4275653205202736,3,0,0.0059866019339466425,0,0.0059866019339466425,0,0.0059866019339466425,1,0.0,1,0.0,1,0.0
13.55,1.0,1.1,0.4,0.065,0.5670199023833851,-0.03357237135401988,1.4275653205202736,3,1,0.0,1,0.0,1,0.0,0,0.0010071711406205964,0,0.0010071711406205964,0,0.0010071711406205964
13.600000000000001,1.0,1.1,0.4,0.065,0.508055215342985,-0.27003647611600506,1.4313980251778995,3,1,0.0,1,0.0,1,0.0,0,0.008101094283480152,0,0.008101094283480152,0,0.008101094283480152
13.65,1.0,1.1,0.4,0.065,0.3791546095798658,-0.4551863298993639,1.439776564552502,3,1,0.0,1,0.0,1,0.0,0,0.013655589896980918,0,0.013655589896980918,0,0.013655589896980918
13.700000000000001,1.0,1.1,0.4,0.065,0.18693884967454538,-0.55362580081154,1.452270588946348,3,1,0.0,1,0.0,1,0.0,0,0.0166087740243462,0,0.0166087740243462,0,0.0166087740243462
13.75,1.0,1.1,0.4,0.065,-0.0477146947028049,-0.5655750252165257,1.4675230693308758,3,1,0.0,1,0.0,1,0.0,0,0.01696725075649577,0,0.01696725075649577,0,0.01696725075649577
13.8,1.0,1.1,0.4,0.065,-0.2826987142842693,-0.5024535600886639,1.482797030603671,3,1,0.0,1,0.0,1,0.0,0,0.015073606802659918,0,0.015073606802659918,0,0.015073606802659918
13.850000000000001,1.0,1.1,0.4,0.065,-0.4634154790172231,-0.36961105872295935,1.494543620311313,3,1,0.0,1,0.0,1,0.0,0,0.01108833176168878,0,0.01108833176168878,0,0.01108833176168878
13.9,1.0,1.1,0.4,0.065,-0.5565658368252263,-0.1741749445654487,1.5005983935688334,3,1,0.0,1,0.0,1,0.0,0,0.0052252483369634615,0,0.0052252483369634615,0,0.0052252483369634615
13.950000000000001,1.0,1.1,0.4,0.065,-0.5638799472757383,0.06186321804216064,1.5005983935688334,3,0,0.001855896541264819,0,0.001855896541264819,0,0.001855896541264819,1,0.0,1,0.0,1,0.0
14.0,1.0,1.1,0.4,0.065,-0.49661645061219023,0.2951710865407356,1.5049705208519637,3,0,0.008855132596222068,0,0.008855132596222068,0,0.008855132596222068,1,0.0,1,0.0,1,0.0
14.05,1.0,1.1,0.4,0.065,-0.35985202805929306,0.47133741697222353,1.513860208317902,3,0,0.014140122509166705,0,0.014140122509166705,0,0.014140122509166705,1,0.0,1,0.0,1,0.0
14.100000000000001,1.0,1.1,0.4,0.065,-0.1612677785935044,0.5592147037221658,1.5267681845331786,3,0,0.016776441111664972,0,0.016776441111664972,0,0.016776441111664972,1,0.0,1,0.0,1,0.0
14.15,1.0,1.1,0.4,0.065,0.07600722618777221,0.5619363154661817,1.5421910598439617,3,0,0.01685808946398545,0,0.01685808946398545,0,0.01685808946398545,1,0.0,1,0.0,1,0.0
14.200000000000001,1.0,1.1,0.4,0.065,0.30744311964257404,0.4905443363846335,1.5572343929185237,3,0,0.014716330091539005,0,0.014716330091539005,0,0.014716330091539005,1,0.0,1,0.0,1,0.0
14.25,1.0,1.1,0.4,0.065,0.47895006620426006,0.34987998402391307,1.5683823444450333,3,0,0.010496399520717391,0,0.010496399520717391,0,0.010496399520717391,1,0.0,1,0.0,1,0.0
14.3,1.0,1.1,0.4,0.065,0.5615752566064416,0.14822370891310516,1.573752981821175,3,0,0.004446711267393154,0,0.004446711267393154,0,0.004446711267393154,1,0.0,1,0.0,1,0.0
14.350000000000001,1.0,1.1,0.4,0.065,0.5597456483380325,-0.09013579327572303,1.573752981821175,3,1,0.0,1,0.0,1,0.0,0,0.002704073798271691,0,0.002704073798271691,0,0.002704073798271691
14.4,1.0,1.1,0.4,0.065,0.4842376957251099,-0.31950466692847146,1.5786609987410152,3,1,0.0,1,0.0,1,0.0,0,0.009585140007854143,0,0.009585140007854143,0,0.009585140007854143
14.450000000000001,1.0,1.1,0.4,0.065,0.3396975833679505,-0.48625184663276366,1.5880561060442304,3,1,0.0,1,0.0,1,0.0,0,0.01458755539898291,0,0.01458755539898291,0,0.01458755539898291
14.5,1.0,1.1,0.4,0.065,0.1350493582252854,-0.5636503877183887,1.6013582406785034,3,1,0.0,1,0.0,1,0.0,0,0.01690951163155166,0,0.01690951163155166,0,0.01690951163155166
14.55,1.0,1.1,0.4,0.065,-0.10423780072809172,-0.5573093388161975,1.616911906010473,3,1,0.0,1,0.0,1,0.0,0,0.016719280164485924,0,0.016719280164485924,0,0.016719280164485924
14.600000000000001,1.0,1.1,0.4,0.065,-0.33134594198847594,-0.47769704860499795,1.6316739351923981,3,1,0.0,1,0.0,1,0.0,0,0.014330911458149938,0,0.014330911458149938,0,0.014330911458149938
14.65,1.0,1.1,0.4,0.065,-0.4932416564468124,-0.32930767825986207,1.64219715663219,3,1,0.0,1,0.0,1,0.0,0,0.009879230347795863,0,0.009879230347795863,0,0.009879230347795863
14.700000000000001,1.0,1.1,0.4,0.065,-0.5654430042743177,-0.12175161897109778,1.6468902442409779,3,1,0.0,1,0.0,1,0.0,0,0.0036525485691329333,0,0.0036525485691329333,0,0.0036525485691329333
14.75,1.0,1.1,0.4,0.065,-0.5546286579595383,0.11830195746946075,1.6468902442409779,3,0,0.0035490587240838223,0,0.0035490587240838223,0,0.0035490587240838223,1,0.0,1,0.0,1,0.0
14.8,1.0,1.1,0.4,0.065,-0.4709229692078908,0.34295755046178394,1.652331114009835,3,0,0.010288726513853519,0,0.010288726513853519,0,0.010288726513853519,1,0.0,1,0.0,1,0.0
14.850000000000001,1.0,1.1,0.4,0.065,-0.3187133210088682,0.499918850451179,1.6622247411427713,3,0,0.01499756551353537,0,0.01499756551353537,0,0.01499756551353537,1,0.0,1,0.0,1,0.0
14.9,1.0,1.1,0.4,0.065,-0.10833765714471572,0.5669560077499161,1.6758991592939412,3,0,0.01700868023249748,0,0.01700868023249748,0,0.01700868023249748,1,0.0,1,0.0,1,0.0
14.950000000000001,1.0,1.1,0.4,0.065,0.13231682238275808,0.5517047597658835,1.691541700463227,3,0,0.016551142792976505,0,0.016551142792976505,0,0.016551142792976505,1,0.0,1,0.0,1,0.0
15.0,1.0,1.1,0.4,0.065,0.35433051965633705,0.46391609822776303,1.7059725907860097,3,0,0.01391748294683289,0,0.01391748294683289,0,0.01391748294683289,1,0.0,1,0.0,1,0.0
15.05,1.0,1.1,0.4,0.065,0.5062832163012793,0.3079177685115984,1.715849516067931,3,0,0.009237533055347953,0,0.009237533055347953,0,0.009237533055347953,1,0.0,1,0.0,1,0.0
15.100000000000001,1.0,1.1,0.4,0.065,0.5681922747118386,0.09481491562826914,1.7198736048646175,3,0,0.002844447468848074,0,0.002844447468848074,0,0.002844447468848074,1,0.0,1,0.0,1,0.0
15.15,1.0,1.1,0.4,0.065,0.5485386869935239,-0.14627082896705998,1.7198736048646175,3,1,0.0,1,0.0,1,0.0,0,0.004388124869011799,0,0.004388124869011799,0,0.004388124869011799
15.200000000000001,1.0,1.1,0.4,0.065,0.45667715485911564,-0.36545632569258557,1.7258446044533542,3,1,0.0,1,0.0,1,0.0,0,0.010963689770777567,0,0.010963689770777567,0,0.010963689770777567
15.25,1.0,1.1,0.4,0.065,0.29692448650090725,-0.5123349489477614,1.7362285278966378,3,1,0.0,1,0.0,1,0.0,0,0.015370048468432842,0,0.015370048468432842,0,0.015370048468432842
15.3,1.0,1.1,0.4,0.065,0.08119111692830128,-0.5691546392601934,1.750251196918857,3,1,0.0,1,0.0,1,0.0,0,0.0170746391778058,0,0.0170746391778058,0,0.0170746391778058
15.350000000000001,1.0,1.1,0.4,0.065,-0.16015231212875863,-0.5451313779482647,1.7659385198075659,3,1,0.0,1,0.0,1,0.0,0,0.01635394133844794,0,0.01635394133844794,0,0.01635394133844794
15.4,1.0,1.1,0.4,0.065,-0.37632691789428974,-0.44920694842351744,1.7799898691823255,3,1,0.0,1,0.0,1,0.0,0,0.013476208452705522,0,0.013476208452705522,0,0.013476208452705522
15.450000000000001,1.0,1.1,0.4,0.065,-0.5180746236063171,-0.28573715366438407,1.7892034700536072,3,1,0.0,1,0.0,1,0.0,0,0.008572114609931522,0,0.008572114609931522,0,0.008572114609931522
15.5,1.0,1.1,0.4,0.065,-0.5698458771173882,-0.06747426518023969,1.792568601531827,3,1,0.0,1,0.0,1,0.0,0,0.002024227955407191,0,0.002024227955407191,0,0.002024227955407191
15.55,1.0,1.1,0.4,0.065,-0.5414836741743454,0.17394953700353327,1.792568601531827,3,0,0.005218486110105998,0,0.005218486110105998,0,0.005218486110105998,1,0.0,1,0.0,1,0.0
15.600000000000001,1.0,1.1,0.4,0.065,-0.44150638957707683,0.3869347401779939,1.7990671250306491,3,0,0.011608042205339817,0,0.011608042205339817,0,0.011608042205339817,1,0.0,1,0.0,1,0.0
15.65,1.0,1.1,0.4,0.065,-0.27435966569236436,0.5235031675638905,1.8099316620831558,3,0,0.015705095026916714,0,0.015705095026916714,0,0.015705095026916714,1,0.0,1,0.0,1,0.0
15.700000000000001,1.0,1.1,0.4,0.065,-0.053672647278768124,0.5702686913791488,1.8242763182800392,3,0,0.017108060741374463,0,0.017108060741374463,0,0.017108060741374463,1,0.0,1,0.0,1,0.0
15.75,1.0,1.1,0.4,0.065,0.18765072967134389,0.5375963289817095,1.8399623377817964,3,0,0.016127889869451285,0,0.016127889869451285,0,0.016127889869451285,1,0.0,1,0.0,1,0.0
15.8,1.0,1.1,0.4,0.065,0.3972727492276523,0.43357650104841555,1.8535877690529567,3,0,0.013007295031452466,0,0.013007295031452466,0,0.013007295031452466,1,0.0,1,0.0,1,0.0
15.850000000000001,1.0,1.1,0.4,0.065,0.5286218311261464,0.2627961393081729,1.8621254593763588,3,0,0.007883884179245187,0,0.007883884179245187,0,0.007883884179245187,1,0.0,1,0.0,1,0.0
15.9,1.0,1.1,0.4,0.065,0.5704256999282615,0.03979483298688639,1.8648427108484966,3,0,0.0011938449896065917,0,0.0011938449896065917,0,0.0011938449896065917,1,0.0,1,0.0,1,0.0
15.950000000000001,1.0,1.1,0.4,0.065,0.5334700167385132,-0.20124410959130434,1.8648427108484966,3,1,0.0,1,0.0,1,0.0,0,0.00603732328773913,0,0.00603732328773913,0,0.00603732328773913
16.0,1.0,1.1,0.4,0.065,0.42541842786454415,-0.4073344292803962,1.8718660641253047,3,1,0.0,1,0.0,1,0.0,0,0.012220032878411885,0,0.012220032878411885,0,0.012220032878411885
16.05,1.0,1.1,0.4,0.065,0.2510509163255444,-0.5334321580019101,1.8831999523753398,3,1,0.0,1,0.0,1,0.0,0,0.0160029647400573,0,0.0160029647400573,0,0.0160029647400573
16.1,1.0,1.1,0.4,0.065,0.02584967387411051,-0.5703194244992631,1.897838033134683,3,1,0.0,1,0.0,1,0.0,0,0.017109582734977893,0,0.017109582734977893,0,0.017109582734977893
16.150000000000002,1.0,1.1,0.4,0.065,-0.21471792354871017,-0.5291053428551992,1.9134749269671663,3,1,0.0,1,0.0,1,0.0,0,0.015873160285655975,0,0.015873160285655975,0,0.015873160285655975
16.2,1.0,1.1,0.4,0.065,-0.4171138033924681,-0.41703344703155176,1.9266306591570104,3,1,0.0,1,0.0,1,0.0,0,0.012511003410946553,0,0.012511003410946553,0,0.012511003410946553
16.25,1.0,1.1,0.4,0.065,-0.5379359554081911,-0.23912856776911015,1.9344840990380325,3,1,0.0,1,0.0,1,0.0,0,0.007173857033073304,0,0.007173857033073304,0,0.007173857033073304
16.3,1.0,1.1,0.4,0.065,-0.5699522813721695,-0.011846300934417816,1.936565160225691,3,1,0.0,1,0.0,1,0.0,0,0.0003553890280325345,0,0.0003553890280325345,0,0.0003553890280325345
16.35,1.0,1.1,0.4,0.065,-0.5245028543843869,0.22806048087361447,1.936565160225691,3,0,0.006841814426208434,0,0.006841814426208434,0,0.006841814426208434,1,0.0,1,0.0,1,0.0
16.400000000000002,1.0,1.1,0.4,0.065,-0.40842297664758165,0.42660544109990367,1.9441103522785834,3,0,0.012798163232997109,0,0.012798163232997109,0,0.012798163232997109,1,0.0,1,0.0,1,0.0
16.45,1.0,1.1,0.4,0.065,-0.2270338980833342,0.542135264164616,1.9559006423852596,3,0,0.01626405792493848,0,0.01626405792493848,0,0.01626405792493848,1,0.0,1,0.0,1,0.0
16.5,1.0,1.1,0.4,0.065,0.0022058792628922297,0.5693265736649834,1.9708012279127642,3,0,0.017079797209949503,0,0.017079797209949503,0,0.017079797209949503,1,0.0,1,0.0,1,0.0
16.55,1.0,1.1,0.4,0.065,0.24126018965999185,0.5196630511590047,1.9863397580885758,3,0,0.01558989153477014,0,0.01558989153477014,0,0.01558989153477014,1,0.0,1,0.0,1,0.0
16.6,1.0,1.1,0.4,0.065,0.4358044624355486,0.3995885844366725,1.9989851358189867,3,0,0.011987657533100174,0,0.011987657533100174,0,0.011987657533100174,1,0.0,1,0.0,1,0.0
16.650000000000002,1.0,1.1,0.4,0.065,0.5460323290290052,0.21477194944332184,2.0061499471475615,3,0,0.006443158483299655,0,0.006443158483299655,0,0.006443158483299655,1,0.0,1,0.0,1,0.0
16.7,1.0,1.1,0.4,0.065,0.5684444851878668,-0.016297190031269795,2.0061499471475615,3,1,0.0,1,0.0,1,0.0,0,0.0004889157009380938,0,0.0004889157009380938,0,0.0004889157009380938
16.75,1.0,1.1,0.4,0.065,0.5145863973894294,-0.25430559368749783,2.00965072285446,3,1,0.0,1,0.0,1,0.0,0,0.007629167810624934,0,0.007629167810624934,0,0.007629167810624934
16.8,1.0,1.1,0.4,0.065,0.3905319957033333,-0.4447065383114172,2.017714258964056,3,1,0.0,1,0.0,1,0.0,0,0.013341196149342515,0,0.013341196149342515,0,0.013341196149342515
16.85,1.0,1.1,0.4,0.065,0.20234800616767137,-0.5496295695069056,2.0299462182838743,3,1,0.0,1,0.0,1,0.0,0,0.016488887085207165,0,0.016488887085207165,0,0.016488887085207165
16.900000000000002,1.0,1.1,0.4,0.065,-0.030417691768286147,-0.5673080758162611,2.0450759886497116,3,1,0.0,1,0.0,1,0.0,0,0.017019242274487832,0,0.017019242274487832,0,0.017019242274487832
16.95,1.0,1.1,0.4,0.065,-0.2671854097247966,-0.5092733336389089,2.0604658903168844,3,1,0.0,1,0.0,1,0.0,0,0.015278200009167266,0,0.015278200009167266,0,0.015278200009167266
17.0,1.0,1.1,0.4,0.065,-0.4533078873221264,-0.38125510071880425,2.072563851360711,3,1,0.0,1,0.0,1,0.0,0,0.011437653021564128,0,0.011437653021564128,0,0.011437653021564128
17.05,1.0,1.1,0.4,0.065,-0.5529295513475854,-0.1897675992191893,2.0790392595223657,3,1,0.0,1,0.0,1,0.0,0,0.005693027976575679,0,0.005693027976575679,0,0.005693027976575679
17.1,1.0,1.1,0.4,0.065,-0.5659192783356698,0.044557191024583866,2.0790392595223657,3,0,0.001336715730737516,0,0.001336715730737516,0,0.001336715730737516,1,0.0,1,0.0,1,0.0
17.150000000000002,1.0,1.1,0.4,0.065,-0.5037242890952682,0.279888564874982,2.083081933822992,3,0,0.00839665694624946,0,0.00839665694624946,0,0.00839665694624946,1,0.0,1,0.0,1,0.0
17.2,1.0,1.1,0.4,0.065,-0.3717599615605222,0.4616052690701225,2.0916596151127504,3,0,0.013848158072103675,0,0.013848158072103675,0,0.013848158072103675,1,0.0,1,0.0,1,0.0
17.25,1.0,1.1,0.4,0.065,-0.1770365107641474,0.5559349589177416,2.1043166394145145,3,0,0.016678048767532247,0,0.016678048767532247,0,0.016678048767532247,1,0.0,1,0.0,1,0.0
17.3,1.0,1.1,0.4,0.065,0.05870525155184557,0.5642798967070765,2.119639853965054,3,0,0.016928396901212294,0,0.016928396901212294,0,0.016928396901212294,1,0.0,1,0.0,1,0.0
17.35,1.0,1.1,0.4,0.065,0.2924042336102094,0.4979396940559296,2.134830287798848,3,0,0.014938190821677888,0,0.014938190821677888,0,0.014938190821677888,1,0.0,1,0.0,1,0.0
17.400000000000002,1.0,1.1,0.4,0.065,0.469595974155629,0.3620488184360509,2.1463477509343,3,0,0.010861464553081526,0,0.010861464553081526,0,0.010861464553081526,1,0.0,1,0.0,1,0.0
17.45,1.0,1.1,0.4,0.065,0.558648568622368,0.16416077874515533,2.1521361695746384,3,0,0.00492482336235466,0,0.00492482336235466,0,0.00492482336235466,1,0.0,1,0.0,1,0.0
17.5,1.0,1.1,0.4,0.065,0.5623916056988568,-0.0728512074254941,2.1521361695746384,3,1,0.0,1,0.0,1,0.0,0,0.0021855362227648227,0,0.0021855362227648227,0,0.0021855362227648227
17.55,1.0,1.1,0.4,0.065,0.4919199925427401,-0.3047218741346436,2.156716824429786,3,1,0.0,1,0.0,1,0.0,0,0.009141656224039308,0,0.009141656224039308,0,0.009141656224039308
17.6,1.0,1.1,0.4,0.065,0.35212409553139573,-0.4772778110127837,2.1658035577355235,3,1,0.0,1,0.0,1,0.0,0,0.01431833433038351,0,0.01431833433038351,0,0.01431833433038351
17.650000000000002,1.0,1.1,0.4,0.065,0.15114670140703382,-0.5610732235202649,2.178867088353607,3,1,0.0,1,0.0,1,0.0,0,0.016832196705607948,0,0.016832196705607948,0,0.016832196705607948
17.7,1.0,1.1,0.4,0.065,-0.08698417831909912,-0.5602559518283993,2.1943455955358053,3,1,0.0,1,0.0,1,0.0,0,0.016807678554851976,0,0.016807678554851976,0,0.016807678554851976
17.75,1.0,1.1,0.4,0.065,-0.31683126371242804,-0.4856656549631336,2.209285656086372,3,1,0.0,1,0.0,1,0.0,0,0.014569969648894007,0,0.014569969648894007,0,0.014569969648894007
17.8,1.0,1.1,0.4,0.065,-0.484649089807524,-0.3419884064309859,2.220193814782553,3,1,0.0,1,0.0,1,0.0,0,0.010259652192929576,0,0.010259652192929576,0,0.010259652192929576
17.85,1.0,1.1,0.4,0.065,-0.5632118092598902,-0.13800084169968782,2.225300391546957,3,1,0.0,1,0.0,1,0.0,0,0.004140025250990635,0,0.004140025250990635,0,0.004140025250990635
17.900000000000002,1.0,1.1,0.4,0.065,-0.5578743555543326,0.10109308698566845,2.225300391546957,3,0,0.003032792609570053,0,0.003032792609570053,0,0.003032792609570053,1,0.0,1,0.0,1,0.0
17.95,1.0,1.1,0.4,0.065,-0.47917719073493903,0.3287225326007447,2.2304157072602178,3,0,0.00986167597802234,0,0.00986167597802234,0,0.00986167597802234,1,0.0,1,0.0,1,0.0
18.0,1.0,1.1,0.4,0.065,-0.33164455916250224,0.49170860364183194,2.240005328312426,3,0,0.014751258109254957,0,0.014751258109254957,0,0.014751258109254957,1,0.0,1,0.0,1,0.0
18.05,1.0,1.1,0.4,0.065,-0.1247300314672951,0.5650672314399758,2.2534547726126144,3,0,0.016952016943199276,0,0.016952016943199276,0,0.016952016943199276,1,0.0,1,0.0,1,0.0
18.1,1.0,1.1,0.4,0.065,0.11516667897615183,0.5552481146581482,2.2690480587914386,3,0,0.016657443439744443,0,0.016657443439744443,0,0.016657443439744443,1,0.0,1,0.0,1,0.0
18.150000000000002,1.0,1.1,0.4,0.065,0.3403861962371658,0.47245516079382455,2.2836873274134044,3,0,0.014173654823814736,0,0.014173654823814736,0,0.014173654823814736,1,0.0,1,0.0,1,0.0
18.2,1.0,1.1,0.4,0.065,0.4984556073325618,0.32109556092401437,2.2939618391346053,3,0,0.00963286682772043,0,0.00963286682772043,0,0.00963286682772043,1,0.0,1,0.0,1,0.0
18.25,1.0,1.1,0.4,0.065,0.5666423944788557,0.11134137531948599,2.2983939802991142,3,0,0.0033402412595845794,0,0.0033402412595845794,0,0.0033402412595845794,1,0.0,1,0.0,1,0.0
18.3,1.0,1.1,0.4,0.065,0.5523784087520446,-0.12919354459774404,2.2983939802991147,3,1,0.0,1,0.0,1,0.0,0,0.0038758063379323213,0,0.0038758063379323213,0,0.0038758063379323213
18.35,1.0,1.1,0.4,0.065,0.46550018990512454,-0.3518131853453769,2.3040410645241645,3,1,0.0,1,0.0,1,0.0,0,0.010554395560361307,0,0.010554395560361307,0,0.010554395560361307
18.400000000000002,1.0,1.1,0.4,0.065,0.3103446225534901,-0.5048897940510477,2.3141261764020205,3,1,0.0,1,0.0,1,0.0,0,0.01514669382153143,0,0.01514669382153143,0,0.01514669382153143
18.45,1.0,1.1,0.4,0.065,0.0978422540679499,-0.567940182057058,2.3279388303535806,3,1,0.0,1,0.0,1,0.0,0,0.01703820546171174,0,0.01703820546171174,0,0.01703820546171174
18.5,1.0,1.1,0.4,0.065,-0.143162143084189,-0.5492663048479342,2.3436041161684695,3,1,0.0,1,0.0,1,0.0,0,0.016477989145438025,0,0.016477989145438025,0,0.016477989145438025
18.55,1.0,1.1,0.4,0.065,-0.36299487364380423,-0.4583129787057284,2.3578932436548445,3,1,0.0,1,0.0,1,0.0,0,0.013749389361171852,0,0.013749389361171852,0,0.013749389361171852
18.6,1.0,1.1,0.4,0.065,-0.5110112701220227,-0.2993951628015578,2.3675143094259288,3,1,0.0,1,0.0,1,0.0,0,0.008981854884046734,0,0.008981854884046734,0,0.008981854884046734
18.650000000000002,1.0,1.1,0.4,0.065,-0.5689634391795875,-0.08424032760129561,2.3712812004146704,3,1,0.0,1,0.0,1,0.0,0,0.0025272098280388683,0,0.0025272098280388683,0,0.0025272098280388683
18.7,1.0,1.1,0.4,0.065,-0.545912763920714,0.15706082891769405,2.3712812004146704,3,0,0.004711824867530821,0,0.004711824867530821,0,0.004711824867530821,1,0.0,1,0.0,1,0.0
18.75,1.0,1.1,0.4,0.065,-0.45089431540692915,0.373923102867497,2.3774573995680663,3,0,0.01121769308602491,0,0.01121769308602491,0,0.01121769308602491,1,0.0,1,0.0,1,0.0
18.8,1.0,1.1,0.4,0.065,-0.288250812467423,0.5168205282872466,2.388029227259134,3,0,0.015504615848617396,0,0.015504615848617396,0,0.015504615848617396,1,0.0,1,0.0,1,0.0
18.85,1.0,1.1,0.4,0.065,-0.07054353706226572,0.5697149558876975,2.4021802001604695,3,0,0.017091448676630924,0,0.017091448676630924,0,0.017091448676630924,1,0.0,1,0.0,1,0.0
18.900000000000002,1.0,1.1,0.4,0.065,0.1708778802077969,0.5423186483971058,2.4178725922830235,3,0,0.016269559451913173,0,0.016269559451913173,0,0.016269559451913173,1,0.0,1,0.0,1,0.0
18.95,1.0,1.1,0.4,0.065,0.38459020484445117,0.44324508709564475,2.431763893384406,3,0,0.013297352612869342,0,0.013297352612869342,0,0.013297352612869342,1,0.0,1,0.0,1,0.0
19.0,1.0,1.1,0.4,0.065,0.5223184197409572,0.27691541845501366,2.440716227352679,3,0,0.00830746255365041,0,0.00830746255365041,0,0.00830746255365041,1,0.0,1,0.0,1,0.0
19.05,1.0,1.1,0.4,0.065,0.5701974526349078,0.05676010618467913,2.443828364490786,3,0,0.0017028031855403738,0,0.0017028031855403738,0,0.0017028031855403738,1,0.0,1,0.0,1,0.0
19.1,1.0,1.1,0.4,0.065,0.538484730499583,-0.18460152899728788,2.443828364490786,3,1,0.0,1,0.0,1,0.0,0,0.005538045869918636,0,0.005538045869918636,0,0.005538045869918636
19.150000000000002,1.0,1.1,0.4,0.065,0.43536629057921156,-0.39498902040297473,2.45053106308561,3,1,0.0,1,0.0,1,0.0,0,0.011849670612089242,0,0.011849670612089242,0,0.011849670612089242
19.200000000000003,1.0,1.1,0.4,0.065,0.2653930478017684,-0.5275061252412637,2.4615793238661436,3,1,0.0,1,0.0,1,0.0,0,0.01582518375723791,0,0.01582518375723791,0,0.01582518375723791
19.25,1.0,1.1,0.4,0.065,0.04289854164288265,-0.5704135673286719,2.476041466766471,3,1,0.0,1,0.0,1,0.0,0,0.017112407019860155,0,0.017112407019860155,0,0.017112407019860155
19.3,1.0,1.1,0.4,0.065,-0.19821999332982865,-0.5344117013731506,2.4917141715396975,3,1,0.0,1,0.0,1,0.0,0,0.01603235104119452,0,0.01603235104119452,0,0.01603235104119452
19.35,1.0,1.1,0.4,0.065,-0.4051129149261286,-0.4272590427278975,2.505162211443457,3,1,0.0,1,0.0,1,0.0,0,0.012817771281836924,0,0.012817771281836924,0,0.012817771281836924
19.400000000000002,1.0,1.1,0.4,0.065,-0.5323851255943947,-0.25368799172599066,2.5134349051368945,3,1,0.0,1,0.0,1,0.0,0,0.00761063975177972,0,0.00761063975177972,0,0.00761063975177972
19.450000000000003,1.0,1.1,0.4,0.065,-0.5703658440274286,-0.028967632264076934,2.5159036518350417,3,1,0.0,1,0.0,1,0.0,0,0.0008690289679223079,0,0.0008690289679223079,0,0.0008690289679223079
19.5,1.0,1.1,0.4,0.065,-0.5301001809210021,0.21172151087909855,2.5159036518350417,3,0,0.006351645326372956,0,0.006351645326372956,0,0.006351645326372956,1,0.0,1,0.0,1,0.0
19.55,1.0,1.1,0.4,0.065,-0.4189245902792185,0.41495579041203645,2.523130065226758,3,0,0.012448673712361092,0,0.012448673712361092,0,0.012448673712361092,1,0.0,1,0.0,1,0.0
19.6,1.0,1.1,0.4,0.065,-0.2418047697304235,0.5369571717978536,2.5346428535624295,3,0,0.01610871515393561,0,0.01610871515393561,0,0.01610871515393561,1,0.0,1,0.0,1,0.0
19.650000000000002,1.0,1.1,0.4,0.065,-0.01497644695371737,0.5700567232727554,2.5493866945429153,3,0,0.01710170169818266,0,0.01710170169818266,0,0.01710170169818266,1,0.0,1,0.0,1,0.0
19.700000000000003,1.0,1.1,0.4,0.065,0.22509437390596934,0.5255507282733699,2.564991297898795,3,0,0.015766521848201098,0,0.015766521848201098,0,0.015766521848201098,1,0.0,1,0.0,1,0.0
19.75,1.0,1.1,0.4,0.065,0.4245120939441253,0.4103643190788369,2.5779534497012753,3,0,0.012310929572365107,0,0.012310929572365107,0,0.012310929572365107,1,0.0,1,0.0,1,0.0
19.8,1.0,1.1,0.4,0.065,0.5412242551145883,0.22974813378972764,2.585539740177355,3,0,0.006892444013691829,0,0.006892444013691829,0,0.006892444013691829,1,0.0,1,0.0,1,0.0
19.85,1.0,1.1,0.4,0.065,0.5694885340278737,0.0009343311863063166,2.5873769183067186,3,0,2.8029935589189494e-05,0,2.8029935589189494e-05,0,2.8029935589189494e-05,1,0.0,1,0.0,1,0.0
19.900000000000002,1.0,1.1,0.4,0.065,0.5207638528122208,-0.2383269652792458,2.5873769183067186,3,1,0.0,1,0.0,1,0.0,0,0.007149808958377374,0,0.007149808958377374,0,0.007149808958377374
19.950000000000003,1.0,1.1,0.4,0.065,0.4015797627439963,-0.43377682252224037,2.5951238841611532,3,1,0.0,1,0.0,1,0.0,0,0.013013304675667211,0,0.013013304675667211,0,0.013013304675667211
20.0,0.0,1.1,0.2,0.055,0.21752307263800347,-0.545188577333788,2.609262799744423,3,1,0.0,1,0.0,1,0.0,0,0.01635565732001364,0,0.01635565732001364,0,0.01635565732001364
20.05,0.0,1.1,0.2,0.055,0.11485327243844336,-0.561683963250652,2.6149096387553983,3,1,0.0,1,0.0,1,0.0,0,0.016850518897519557,0,0.016850518897519557,0,0.016850518897519557
20.1,0.0,1.1,0.2,0.055,0.0010719238222625324,-0.5584900318273198,2.6211676129292885,3,1,0.0,1,0.0,1,0.0,0,0.016754700954819596,0,0.016754700954819596,0,0.016754700954819596
20.150000000000002,0.0,1.1,0.2,0.055,-0.12030915547535626,-0.5387036296734861,2.6278435722906575,3,1,0.0,1,0.0,1,0.0,0,0.01616110889020458,0,0.01616110889020458,0,0.01616110889020458
20.200000000000003,0.0,1.1,0.2,0.055,-0.2424997635622847,-0.50386292233006,2.6345640557354386,3,1,0.0,1,0.0,1,0.0,0,0.0151158876699018,0,0.0151158876699018,0,0.0151158876699018
20.25,0.0,1.1,0.2,0.055,-0.3553422159034655,-0.45438002703296265,2.6407703906142035,3,1,0.0,1,0.0,1,0.0,0,0.013631400810988879,0,0.013631400810988879,0,0.013631400810988879
20.3,0.0,1.1,0.2,0.055,-0.4481504009228482,-0.39033889619613793,2.6458748407902695,3,1,0.0,1,0.0,1,0.0,0,0.011710166885884138,0,0.011710166885884138,0,0.011710166885884138
20.35,0.0,1.1,0.2,0.055,-0.5142142721126224,-0.3121058205897679,2.649508353705707,3,1,0.0,1,0.0,1,0.0,0,0.009363174617693036,0,0.009363174617693036,0,0.009363174617693036
20.400000000000002,0.0,1.1,0.2,0.055,-0.5529128520426938,-0.22042090591316246,2.651636775601861,3,1,0.0,1,0.0,1,0.0,0,0.006612627177394873,0,0.006612627177394873,0,0.006612627177394873
20.450000000000003,0.0,1.1,0.2,0.055,-0.5677867254964716,-0.11627013690584526,2.6524548386418187,3,1,0.0,1,0.0,1,0.0,0,0.0034881041071753577,0,0.0034881041071753577,0,0.0034881041071753577
20.5,0.0,1.1,0.2,0.055,-0.5632119388720971,-0.001265732357180591,2.652203225377478,3,1,0.0,1,0.0,1,0.0,0,3.797197071541773e-05,0,3.797197071541773e-05,0,3.797197071541773e-05
20.55,0.0,1.1,0.2,0.055,-0.5423368867904257,0.12112013124492305,2.652203225377478,3,0,0.0036336039373476912,0,0.0036336039373476912,0,0.0036336039373476912,1,0.0,1,0.0,1,0.0
20.6,0.0,1.1,0.2,0.055,-0.5066479268841255,0.2440693111678203,2.6541661181723244,3,0,0.007322079335034609,0,0.007322079335034609,0,0.007322079335034609,1,0.0,1,0.0,1,0.0
20.650000000000002,0.0,1.1,0.2,0.055,-0.4564878404640171,0.35735077555735595,2.6569249229254304,3,0,0.010720523266720678,0,0.010720523266720678,0,0.010720523266720678,1,0.0,1,0.0,1,0.0
20.700000000000003,0.0,1.1,0.2,0.055,-0.39189186699022466,0.4502465330924794,2.660477701466489,3,0,0.013507395992774382,0,0.013507395992774382,0,0.013507395992774382,1,0.0,1,0.0,1,0.0
20.75,0.0,1.1,0.2,0.055,-0.31320307512995166,0.5161236188579447,2.664805585018804,3,0,0.015483708565738339,0,0.015483708565738339,0,0.015483708565738339,1,0.0,1,0.0,1,0.0
20.8,0.0,1.1,0.2,0.055,-0.22114924225746754,0.5545064393465133,2.6698685458267906,3,0,0.0166351931803954,0,0.0166351931803954,0,0.0166351931803954,1,0.0,1,0.0,1,0.0
20.85,0.0,1.1,0.2,0.055,-0.1167011513601967,0.5690573754925088,2.6756131908261405,3,0,0.017071721264775262,0,0.017071721264775262,0,0.017071721264775262,1,0.0,1,0.0,1,0.0
20.900000000000002,0.0,1.1,0.2,0.055,-0.001452714055766545,0.5642107539484594,2.6819518548778842,3,0,0.016926322618453782,0,0.016926322618453782,0,0.016926322618453782,1,0.0,1,0.0,1,0.0
20.950000000000003,0.0,1.1,0.2,0.055,0.12113658361037304,0.5431253306438596,2.688694266249522,3,0,0.016293759919315788,0,0.016293759919315788,0,0.016293759919315788,1,0.0,1,0.0,1,0.0
21.0,0.0,1.1,0.2,0.055,0.24424802262956288,0.5072767963957248,2.6954653953955776,3,0,0.015218303891871742,0,0.015218303891871742,0,0.015218303891871742,1,0.0,1,0.0,1,0.0
21.05,0.0,1.1,0.2,0.055,0.3576386834516907,0.45699346806905594,2.701701881740794,3,0,0.013709804042071679,0,0.013709804042071679,0,0.013709804042071679,1,0.0,1,0.0,1,0.0
21.1,0.0,1.1,0.2,0.055,0.45058203088510274,0.392299921477915,2.7068137658496325,3,0,0.01176899764433745,0,0.01176899764433745,0,0.01176899764433745,1,0.0,1,0.0,1,0.0
21.150000000000002,0.0,1.1,0.2,0.055,0.5164543045027487,0.3135336698601005,2.7104367408986025,3,0,0.009406010095803014,0,0.009406010095803014,0,0.009406010095803014,1,0.0,1,0.0,1,0.0
21.200000000000003,0.0,1.1,0.2,0.055,0.5548032880166697,0.2214194674358784,2.712545934991868,3,0,0.006642584023076352,0,0.006642584023076352,0,0.006642584023076352,1,0.0,1,0.0,1,0.0
21.25,0.0,1.1,0.2,0.055,0.5693136431845371,0.11692451172372487,2.713344004526101,3,0,0.0035077353517117458,0,0.0035077353517117458,0,0.0035077353517117458,1,0.0,1,0.0,1,0.0
21.3,0.0,1.1,0.2,0.055,0.5644323145936188,0.0016375086599183073,2.7130755314535997,3,0,4.912525979754922e-05,0,4.912525979754922e-05,0,4.912525979754922e-05,1,0.0,1,0.0,1,0.0
21.35,0.0,1.1,0.2,0.055,0.5433221712003464,-0.12098799071108401,2.7130755314535997,3,1,0.0,1,0.0,1,0.0,0,0.0036296397213325202,0,0.0036296397213325202,0,0.0036296397213325202
21.400000000000002,0.0,1.1,0.2,0.055,0.5074584914908171,-0.24413783270166517,2.7150480338376237,3,1,0.0,1,0.0,1,0.0,0,0.007324134981049955,0,0.007324134981049955,0,0.007324134981049955
21.450000000000003,0.0,1.1,0.2,0.055,0.45716747434367866,-0.3575697111649825,2.7178140397807162,3,1,0.0,1,0.0,1,0.0,0,0.010727091334949474,0,0.010727091334949474,0,0.010727091334949474
21.5,0.0,1.1,0.2,0.055,0.3924713823938815,-0.45055307588447174,2.7213723248379558,3,1,0.0,1,0.0,1,0.0,0,0.013516592276534152,0,0.013516592276534152,0,0.013516592276534152
21.55,0.0,1.1,0.2,0.055,0.31370604150896164,-0.5164588909883867,2.7257044185866257,3,1,0.0,1,0.0,1,0.0,0,0.0154937667296516,0,0.0154937667296516,0,0.0154937667296516
21.6,0.0,1.1,0.2,0.055,0.2215952257556307,-0.5548327844613684,2.730770513453059,3,1,0.0,1,0.0,1,0.0,0,0.016644983533841053,0,0.016644983533841053,0,0.016644983533841053
21.650000000000002,0.0,1.1,0.2,0.055,0.11710503983145427,-0.5693610942138676,2.7365174736788886,3,1,0.0,1,0.0,1,0.0,0,0.017080832826416027,0,0.017080832826416027,0,0.017080832826416027
21.700000000000003,0.0,1.1,0.2,0.055,0.0018217608587340936,-0.5644940529347098,2.7428580540223884,3,1,0.0,1,0.0,1,0.0,0,0.016934821588041292,0,0.016934821588041292,0,0.016934821588041292
21.75,0.0,1.1,0.2,0.055,-0.12080555150296943,-0.5433974566638216,2.749602556202282,3,1,0.0,1,0.0,1,0.0,0,0.016301923699914646,0,0.016301923699914646,0,0.016301923699914646
21.8,0.0,1.1,0.2,0.055,-0.24396833733476622,-0.5075483511356235,2.756376509423031,3,1,0.0,1,0.0,1,0.0,0,0.015226450534068703,0,0.015226450534068703,0,0.015226450534068703
21.85,0.0,1.1,0.2,0.055,-0.35742746420024235,-0.4572733952615164,2.7626167614006314,3,1,0.0,1,0.0,1,0.0,0,0.013718201857845492,0,0.013718201857845492,0,0.013718201857845492
21.900000000000002,0.0,1.1,0.2,0.055,-0.45044929609428275,-0.3925942745040745,2.7677329621548044,3,1,0.0,1,0.0,1,0.0,0,0.011777828235122235,0,0.011777828235122235,0,0.011777828235122235
21.950000000000003,0.0,1.1,0.2,0.055,-0.5163965413409062,-0.3138459308914947,2.7713600606433686,3,1,0.0,1,0.0,1,0.0,0,0.009415377926744841,0,0.009415377926744841,0,0.009415377926744841
22.0,0.0,1.1,0.2,0.055,-0.5548074186253036,-0.22175158214442914,2.77347265889401,3,1,0.0,1,0.0,1,0.0,0,0.006652547464332874,0,0.006652547464332874,0,0.006652547464332874
22.05,0.0,1.1,0.2,0.055,-0.5693657055809298,-0.11727675568968396,2.7742733646765694,3,1,0.0,1,0.0,1,0.0,0,0.003518302670690519,0,0.003518302670690519,0,0.003518302670690519
22.1,0.0,1.1,0.2,0.055,-0.5645230077842747,-0.002005874703818761,2.774007016297754,3,1,0.0,1,0.0,1,0.0,0,6.0176241114562826e-05,0,6.0176241114562826e-05,0,6.0176241114562826e-05
22.150000000000002,0.0,1.1,0.2,0.055,-0.5434478076007809,0.1206161909725145,2.774007016297754,3,0,0.0036184857291754347,0,0.0036184857291754347,0,0.0036184857291754347,1,0.0,1,0.0,1,0.0
22.200000000000003,0.0,1.1,0.2,0.055,-0.5076193682352754,0.2437866836226425,2.775977580462856,3,0,0.007313600508679275,0,0.007313600508679275,0,0.007313600508679275,1,0.0,1,0.0,1,0.0
22.25,0.0,1.1,0.2,0.055,-0.4573653401786312,0.3572701740567463,2.778741552005972,3,0,0.01071810522170239,0,0.01071810522170239,0,0.01071810522170239,1,0.0,1,0.0,1,0.0
22.3,0.0,1.1,0.2,0.055,-0.3927071896191988,0.4503301406421582,2.782297750286741,3,0,0.013509904219264745,0,0.013509904219264745,0,0.013509904219264745,1,0.0,1,0.0,1,0.0
22.35,0.0,1.1,0.2,0.055,-0.31397913997236393,0.5163204301414134,2.786627793017317,3,0,0.015489612904242401,0,0.015489612904242401,0,0.015489612904242401,1,0.0,1,0.0,1,0.0
22.400000000000002,0.0,1.1,0.2,0.055,-0.22190393921902454,0.5547707713940502,2.7916919290587505,3,0,0.016643123141821505,0,0.016643123141821505,0,0.016643123141821505,1,0.0,1,0.0,1,0.0
22.450000000000003,0.0,1.1,0.2,0.055,-0.11744664384177247,0.5693615067788153,2.7974370803044994,3,0,0.017080845203364458,0,0.017080845203364458,0,0.017080845203364458,1,0.0,1,0.0,1,0.0
22.5,0.0,1.1,0.2,0.055,-0.0021899433535117656,0.5645452182766566,2.8037761988313536,3,0,0.016936356548299697,0,0.016936356548299697,0,0.016936356548299697,1,0.0,1,0.0,1,0.0
22.55,0.0,1.1,0.2,0.055,0.12042541716965624,0.5434930244932329,2.810520043660128,3,0,0.016304790734796987,0,0.016304790734796987,0,0.016304790734796987,1,0.0,1,0.0,1,0.0
22.6,0.0,1.1,0.2,0.055,0.243602524213724,0.5076864994083095,2.8172947845475513,3,0,0.015230594982249284,0,0.015230594982249284,0,0.015230594982249284,1,0.0,1,0.0,1,0.0
22.650000000000002,0.0,1.1,0.2,0.055,0.3571097659007216,0.4574543956796544,2.8235376828403367,3,0,0.013723631870389632,0,0.013723631870389632,0,0.013723631870389632,1,0.0,1,0.0,1,0.0
22.700000000000003,0.0,1.1,0.2,0.055,0.4502077855716657,0.3928180348139856,2.8286580739222384,3,0,0.011784541044419568,0,0.011784541044419568,0,0.011784541044419568,1,0.0,1,0.0,1,0.0
22.75,0.0,1.1,0.2,0.055,0.5162414488584558,0.3141109555851875,2.832289925403012,3,0,0.009423328667555624,0,0.009423328667555624,0,0.009423328667555624,1,0.0,1,0.0,1,0.0
22.8,0.0,1.1,0.2,0.055,0.5547317691987846,0.22205545356292028,2.8344068930217303,3,0,0.006661663606887608,0,0.006661663606887608,0,0.006661663606887608,1,0.0,1,0.0,1,0.0
22.85,0.0,1.1,0.2,0.055,0.5693554676590655,0.11761613668823923,2.8352111964370454,3,0,0.0035284841006471765,0,0.0035284841006471765,0,0.0035284841006471765,1,0.0,1,0.0,1,0.0
22.900000000000002,0.0,1.1,0.2,0.055,0.5645660174713466,0.0023739878626728955,2.834947776676721,3,0,7.121963588018687e-05,0,7.121963588018687e-05,0,7.121963588018687e-05,1,0.0,1,0.0,1,0.0
22.950000000000003,0.0,1.1,0.2,0.055,0.5435371625289755,-0.12023435615963499,2.834947776676721,3,1,0.0,1,0.0,1,0.0,0,0.0036070306847890495,0,0.0036070306847890495,0,0.0036070306847890495
23.0,0.0,1.1,0.2,0.055,0.5077528077732268,-0.24341783415388094,2.8369159161882873,3,1,0.0,1,0.0,1,0.0,0,0.007302535024616428,0,0.007302535024616428,0,0.007302535024616428
23.05,0.0,1.1,0.2,0.055,0.457542832346871,-0.3569486805851112,2.8396774648367367,3,1,0.0,1,0.0,1,0.0,0,0.010708460417553335,0,0.010708460417553335,0,0.010708460417553335
23.1,0.0,1.1,0.2,0.055,0.39292842958688734,-0.45008472360937773,2.843231256988536,3,1,0.0,1,0.0,1,0.0,0,0.013502541708281331,0,0.013502541708281331,0,0.013502541708281331
23.150000000000002,0.0,1.1,0.2,0.055,0.3142424606785918,-0.5161618275402783,2.8475589852784915,3,1,0.0,1,0.0,1,0.0,0,0.015484854826208348,0,0.015484854826208348,0,0.015484854826208348
23.200000000000003,0.0,1.1,0.2,0.055,0.22220677191469657,-0.5546922398835206,2.8526209481605065,3,1,0.0,1,0.0,1,0.0,0,0.016640767196505618,0,0.016640767196505618,0,0.016640767196505618
23.25,0.0,1.1,0.2,0.055,0.11778552791667782,-0.5693490154675326,2.8583641165803972,3,1,0.0,1,0.0,1,0.0,0,0.017080470464025978,0,0.017080470464025978,0,0.017080470464025978
23.3,0.0,1.1,0.2,0.055,0.002558012930621999,-0.5645864974488064,2.8647016299046304,3,1,0.0,1,0.0,1,0.0,0,0.01693759492346419,0,0.01693759492346419,0,0.01693759492346419
23.35,0.0,1.1,0.2,0.055,-0.12004323814405105,-0.5435810521128486,2.8714446987137374,3,1,0.0,1,0.0,1,0.0,0,0.016307431563385457,0,0.016307431563385457,0,0.016307431563385457
23.400000000000002,0.0,1.1,0.2,0.055,-0.24323301753649415,-0.5078189205915992,2.8782201365803224,3,1,0.0,1,0.0,1,0.0,0,0.015234567617747975,0,0.015234567617747975,0,0.015234567617747975
23.450000000000003,0.0,1.1,0.2,0.055,-0.35678741767310096,-0.45763111516473254,2.884465628587835,3,1,0.0,1,0.0,1,0.0,0,0.013728933454941975,0,0.013728933454941975,0,0.013728933454941975
23.5,0.0,1.1,0.2,0.055,-0.4499614650372266,-0.3930387056120147,2.889590201192862,3,1,0.0,1,0.0,1,0.0,0,0.011791161168360442,0,0.011791161168360442,0,0.011791161168360442
23.55,0.0,1.1,0.2,0.055,-0.5160820227545257,-0.31437387706687253,2.8932268318673136,3,1,0.0,1,0.0,1,0.0,0,0.009431216312006175,0,0.009431216312006175,0,0.009431216312006175
23.6,0.0,1.1,0.2,0.055,-0.5546525576995969,-0.22235802677243297,2.8953482112892925,3,1,0.0,1,0.0,1,0.0,0,0.006670740803172989,0,0.006670740803172989,0,0.006670740803172989
23.650000000000002,0.0,1.1,0.2,0.055,-0.5693424424455693,-0.11795487773466633,2.896156154950321,3,1,0.0,1,0.0,1,0.0,0,0.0035386463320399896,0,0.0035386463320399896,0,0.0035386463320399896
23.700000000000003,0.0,1.1,0.2,0.055,-0.564606881827909,-0.0027420195877847675,2.8958956991163496,3,1,0.0,1,0.0,1,0.0,0,8.226058763354302e-05,0,8.226058763354302e-05,0,8.226058763354302e-05
23.75,0.0,1.1,0.2,0.055,-0.5436248632857067,0.11985211020187087,2.8958956991163496,3,0,0.0035955633060561257,0,0.0035955633060561257,0,0.0035955633060561257,1,0.0,1,0.0,1,0.0
23.8,0.0,1.1,0.2,0.055,-0.5078849663105898,0.2430481570633996,2.897861393449981,3,0,0.007291444711901988,0,0.007291444711901988,0,0.007291444711901988,1,0.0,1,0.0,1,0.0
23.85,0.0,1.1,0.2,0.055,-0.4577193393538367,0.3566260794291953,2.900620502932602,3,0,0.010698782382875858,0,0.010698782382875858,0,0.010698782382875858,1,0.0,1,0.0,1,0.0
23.900000000000002,0.0,1.1,0.2,0.055,-0.3931489308140408,0.4498381143202883,2.904171875402291,3,0,0.013495143429608648,0,0.013495143429608648,0,0.013495143429608648,1,0.0,1,0.0,1,0.0
23.950000000000003,0.0,1.1,0.2,0.055,-0.3145052501804601,0.5160021279691914,2.9084972778371374,3,0,0.015480063839075742,0,0.015480063839075742,0,0.015480063839075742,1,0.0,1,0.0,1,0.0
24.0,0.0,1.1,0.2,0.055,-0.22250924527841429,0.5546127992630773,2.9135570581067505,3,0,0.01663838397789232,0,0.01663838397789232,0,0.01663838397789232,1,0.0,1,0.0,1,0.0
24.05,0.0,1.1,0.2,0.055,-0.11812419848014388,0.5693358084222913,2.9192982356806554,3,0,0.017080074252668737,0,0.017080074252668737,0,0.017080074252668737,1,0.0,1,0.0,1,0.0
24.1,0.0,1.1,0.2,0.055,-0.0029260080481229495,0.5646272163922389,2.9256341361544167,3,0,0.016938816491767168,0,0.016938816491767168,0,0.016938816491767168,1,0.0,1,0.0,1,0.0
24.150000000000002,0.0,1.1,0.2,0.055,0.11966098198145034,0.5436686308647726,2.9323764206060425,3,0,0.016310058925943175,0,0.016310058925943175,0,0.016310058925943175,1,0.0,1,0.0,1,0.0
24.200000000000003,0.0,1.1,0.2,0.055,0.24286326968698804,0.5079509712328693,2.9391525464298476,3,0,0.015238529136986078,0,0.015238529136986078,0,0.015238529136986078,1,0.0,1,0.0,1,0.0
24.25,0.0,1.1,0.2,0.055,0.3564646868101689,0.4578075244134128,2.9454006243716226,3,0,0.013734225732402384,0,0.013734225732402384,0,0.013734225732402384,1,0.0,1,0.0,1,0.0
24.3,0.0,1.1,0.2,0.055,0.4497146928527117,0.39325911910212324,2.950529374703963,3,0,0.011797773573063696,0,0.011797773573063696,0,0.011797773573063696,1,0.0,1,0.0,1,0.0
24.35,0.0,1.1,0.2,0.055,0.5159221623131698,0.31463658932209854,2.9541707855242882,3,0,0.009439097679662957,0,0.009439097679662957,0,0.009439097679662957,1,0.0,1,0.0,1,0.0
24.400000000000002,0.0,1.1,0.2,0.055,0.5545729802475541,0.22266043299028665,2.956296580510679,3,0,0.006679812989708599,0,0.006679812989708599,0,0.006679812989708599,1,0.0,1,0.0,1,0.0
24.450000000000003,0.0,1.1,0.2,0.055,0.5693291256367939,0.11829349267663428,2.957108168507087,3,0,0.003548804780299028,0,0.003548804780299028,0,0.003548804780299028,1,0.0,1,0.0,1,0.0
24.5,0.0,1.1,0.2,0.055,0.5646475105102524,0.003109978345093114,2.9568506796751266,3,0,9.329935035279342e-05,0,9.329935035279342e-05,0,9.329935035279342e-05,1,0.0,1,0.0,1,0.0
24.55,0.0,1.1,0.2,0.055,0.543712361977516,-0.11946985548031505,2.9568506796751266,3,1,0.0,1,0.0,1,0.0,0,0.0035840956644094513,0,0.0035840956644094513,0,0.0035840956644094513
24.6,0.0,1.1,0.2,0.055,0.5080169407446273,-0.24267835890889178,2.9588139278429355,3,1,0.0,1,0.0,1,0.0,0,0.007280350767266753,0,0.007280350767266753,0,0.007280350767266753
24.650000000000002,0.0,1.1,0.2,0.055,0.4578956743363099,-0.3563032441331718,2.961570597495393,3,1,0.0,1,0.0,1,0.0,0,0.010689097323995155,0,0.010689097323995155,0,0.010689097323995155
24.700000000000003,0.0,1.1,0.2,0.055,0.39336927332316246,-0.4495912050240912,2.9651195495511167,3,1,0.0,1,0.0,1,0.0,0,0.013487736150722737,0,0.013487736150722737,0,0.013487736150722737
24.75,0.0,1.1,0.2,0.055,0.3147678963947329,-0.5158421296956358,2.9694426252821793,3,1,0.0,1,0.0,1,0.0,0,0.015475263890869074,0,0.015475263890869074,0,0.015475263890869074
24.8,0.0,1.1,0.2,0.055,0.22281159104358558,-0.5545331038483492,2.974500222076493,3,1,0.0,1,0.0,1,0.0,0,0.016635993115450474,0,0.016635993115450474,0,0.016635993115450474
24.85,0.0,1.1,0.2,0.055,0.11846276083548797,-0.5693223965833923,2.980239407737938,3,1,0.0,1,0.0,1,0.0,0,0.01707967189750177,0,0.01707967189750177,0,0.01707967189750177
24.900000000000002,0.0,1.1,0.2,0.055,0.0032939304724771785,-0.564667766093729,2.986573693407904,3,1,0.0,1,0.0,1,0.0,0,0.01694003298281187,0,0.01694003298281187,0,0.01694003298281187
24.950000000000003,0.0,1.1,0.2,0.055,-0.11927873113215019,-0.5437560580813783,2.9933151897961583,3,1,0.0,1,0.0,1,0.0,0,0.016312681742441347,0,0.016312681742441347,0,0.016312681742441347
25.0,0.0,1.1,0.2,0.055,-0.2424934254790436,-0.5080828759489172,3.0000919979852374,3,1,0.0,1,0.0,1,0.0,0,0.015242486278467516,0,0.015242486278467516,0,0.015242486278467516
25.05,0.0,1.1,0.2,0.055,-0.35614175231007755,-0.45798378993995215,3.0063426559609443,3,1,0.0,1,0.0,1,0.0,0,0.013739513698198563,0,0.013739513698198563,0,0.013739513698198563
25.1,0.0,1.1,0.2,0.055,-0.4494676517432317,-0.3934793940585363,3.0114755804297686,3,1,0.0,1,0.0,1,0.0,0,0.01180438182175609,0,0.01180438182175609,0,0.01180438182175609
25.150000000000002,0.0,1.1,0.2,0.055,-0.5157620309097932,-0.3148991717856567,3.0151217712839284,3,1,0.0,1,0.0,1,0.0,0,0.0094469751535697,0,0.0094469751535697,0,0.0094469751535697
25.200000000000003,0.0,1.1,0.2,0.055,-0.5544931707058001,-0.22296271966787773,3.017251983972709,3,1,0.0,1,0.0,1,0.0,0,0.006688881590036331,0,0.006688881590036331,0,0.006688881590036331
25.25,0.0,1.1,0.2,0.055,-0.569315621761004,-0.11863200305552261,3.0180672187807454,3,1,0.0,1,0.0,1,0.0,0,0.0035589600916656784,0,0.0035589600916656784,0,0.0035589600916656784
25.3,0.0,1.1,0.2,0.055,-0.5646879835275478,-0.003477864415390557,3.0178126986779055,3,1,0.0,1,0.0,1,0.0,0,0.0001043359324617167,0,0.0001043359324617167,0,0.0001043359324617167
25.35,0.0,1.1,0.2,0.055,-0.5437997194727449,0.11908760905097597,3.0178126986779055,3,0,0.003572628271529279,0,0.003572628271529279,0,0.003572628271529279,1,0.0,1,0.0,1,0.0
25.400000000000002,0.0,1.1,0.2,0.055,-0.5081487770717199,0.24230846958444155,3.0197735005099617,3,0,0.0072692540875332464,0,0.0072692540875332464,0,0.0072692540875332464,1,0.0,1,0.0,1,0.0
25.450000000000003,0.0,1.1,0.2,0.055,-0.45807187139149663,0.3559802115558902,3.0225277303223748,3,0,0.010679406346676705,0,0.010679406346676705,0,0.010679406346676705,1,0.0,1,0.0,1,0.0
25.5,0.0,1.1,0.2,0.055,-0.3935894814256519,0.44934403320645416,3.026074261770495,3,0,0.013480320996193625,0,0.013480320996193625,0,0.013480320996193625,1,0.0,1,0.0,1,0.0
25.55,0.0,1.1,0.2,0.055,-0.3150304155717242,0.5156818661109213,3.030395010392462,3,0,0.015470455983327637,0,0.015470455983327637,0,0.015470455983327637,1,0.0,1,0.0,1,0.0
25.6,0.0,1.1,0.2,0.055,-0.22311381890712376,0.554453180937102,3.035450423209015,3,0,0.01663359542811306,0,0.01663359542811306,0,0.01663359542811306,1,0.0,1,0.0,1,0.0
25.650000000000002,0.0,1.1,0.2,0.055,-0.11880121935098557,0.5693088012599529,3.0411876161846023,3,0,0.017079264037798584,0,0.017079264037798584,0,0.017079264037798584,1,0.0,1,0.0,1,0.0
25.700000000000003,0.0,1.1,0.2,0.055,-0.0036617801570756193,0.5647081628839188,3.0475202853402674,3,0,0.016941244886517562,0,0.016941244886517562,0,0.016941244886517562,1,0.0,1,0.0,1,0.0
25.75,0.0,1.1,0.2,0.055,0.11889648928545582,0.5438433462102467,3.0542609901596065,3,0,0.0163153003863074,0,0.0163153003863074,0,0.0163153003863074,1,0.0,1,0.0,1,0.0
25.8,0.0,1.1,0.2,0.055,0.2421234912969171,0.508214644159414,3.061038475270237,3,0,0.015246439324782418,0,0.015246439324782418,0,0.015246439324782418,1,0.0,1,0.0,1,0.0
25.85,0.0,1.1,0.2,0.055,0.3558186219430201,0.4581599187249391,3.0672917074557726,3,0,0.013744797561748174,0,0.013744797561748174,0,0.013744797561748174,1,0.0,1,0.0,1,0.0
25.900000000000002,0.0,1.1,0.2,0.055,0.44922034946426576,0.39369953544689756,3.072428802469441,3,0,0.011810986063406926,0,0.011810986063406926,0,0.011810986063406926,1,0.0,1,0.0,1,0.0
25.950000000000003,0.0,1.1,0.2,0.055,0.5156016353237136,0.31516162776620443,3.07607977319171,3,0,0.009454848832986133,0,0.009454848832986133,0,0.009454848832986133,1,0.0,1,0.0,1,0.0
26.0,0.0,1.1,0.2,0.055,0.5544131345523364,0.2232648887672603,3.0782144056492853,3,0,0.006697946663017809,0,0.006697946663017809,0,0.006697946663017809,1,0.0,1,0.0,1,0.0
26.05,0.0,1.1,0.2,0.055,0.5693019350868896,0.11897040971879301,3.0790332896786854,3,0,0.00356911229156379,0,0.00356911229156379,0,0.00356911229156379,1,0.0,1,0.0,1,0.0
26.1,0.0,1.1,0.2,0.055,0.5647283041710193,0.0038456776803834523,3.0787817399783126,3,0,0.00011537033041150357,0,0.00011537033041150357,0,0.00011537033041150357,1,0.0,1,0.0,1,0.0
26.150000000000002,0.0,1.1,0.2,0.055,0.5438869383038245,-0.11870537187087656,3.0787817399783126,3,1,0.0,1,0.0,1,0.0,0,0.0035611611561262965,0,0.0035611611561262965,0,0.0035611611561262965
26.200000000000003,0.0,1.1,0.2,0.055,0.5082804772215992,-0.24193849066473727,3.0807400953378354,3,1,0.0,1,0.0,1,0.0,0,0.007258154719942118,0,0.007258154719942118,0,0.007258154719942118
26.25,0.0,1.1,0.2,0.055,0.4582479319470084,-0.3556569835147161,3.0834918853279376,3,1,0.0,1,0.0,1,0.0,0,0.010669709505441482,0,0.010669709505441482,0,0.010669709505441482
26.3,0.0,1.1,0.2,0.055,0.3938095561252044,-0.44909660053735706,3.087035995998137,3,1,0.0,1,0.0,1,0.0,0,0.013472898016120711,0,0.013472898016120711,0,0.013472898016120711
26.35,0.0,1.1,0.2,0.055,0.31529280836934376,-0.5155213385461485,3.0913544171247094,3,1,0.0,1,0.0,1,0.0,0,0.015465640156384453,0,0.015465640156384453,0,0.015465640156384453
26.400000000000002,0.0,1.1,0.2,0.055,0.22341592924643594,-0.5543730315396546,3.0964076454764693,3,1,0.0,1,0.0,1,0.0,0,0.016631190946189638,0,0.016631190946189638,0,0.016631190946189638
26.450000000000003,0.0,1.1,0.2,0.055,0.11913957415231574,-0.5692950232313252,3.1021428450066453,3,1,0.0,1,0.0,1,0.0,0,0.017078850696939755,0,0.017078850696939755,0,0.017078850696939755
26.5,0.0,1.1,0.2,0.055,0.004029556968096029,-0.5647484073839065,3.1084738959517773,3,1,0.0,1,0.0,1,0.0,0,0.016942452221517194,0,0.016942452221517194,0,0.016942452221517194
26.55,0.0,1.1,0.2,0.055,-0.11851425683977287,-0.5439304957534437,3.115213805711211,3,1,0.0,1,0.0,1,0.0,0,0.01631791487260331,0,0.01631791487260331,0,0.01631791487260331
26.6,0.0,1.1,0.2,0.055,-0.24175346773134404,-0.5083462762603426,3.121991962310247,3,1,0.0,1,0.0,1,0.0,0,0.015250388287810276,0,0.015250388287810276,0,0.015250388287810276
26.650000000000002,0.0,1.1,0.2,0.055,-0.3554952963082795,-0.4583359110588513,3.1282477628819785,3,1,0.0,1,0.0,1,0.0,0,0.013750077331765538,0,0.013750077331765538,0,0.013750077331765538
26.700000000000003,0.0,1.1,0.2,0.055,-0.448972786440347,-0.3939195434595205,3.1333890248392424,3,1,0.0,1,0.0,1,0.0,0,0.011817586303785614,0,0.011817586303785614,0,0.011817586303785614
26.75,0.0,1.1,0.2,0.055,-0.5154409757707541,-0.31542395737872153,3.1370447752524147,3,1,0.0,1,0.0,1,0.0,0,0.009462718721361646,0,0.009462718721361646,0,0.009462718721361646
26.8,0.0,1.1,0.2,0.055,-0.5543328718827197,-0.22356694034120544,3.1391838295385726,3,1,0.0,1,0.0,1,0.0,0,0.006707008210236163,0,0.006707008210236163,0,0.006707008210236163
26.85,0.0,1.1,0.2,0.055,-0.5692880656792533,-0.11930871264420528,3.1400063651973817,3,1,0.0,1,0.0,1,0.0,0,0.0035792613793261584,0,0.0035792613793261584,0,0.0035792613793261584
26.900000000000002,0.0,1.1,0.2,0.055,-0.5647684725149426,-0.004213418002995927,3.139757787573345,3,1,0.0,1,0.0,1,0.0,0,0.0001264025400898778,0,0.0001264025400898778,0,0.0001264025400898778
26.950000000000003,0.0,1.1,0.2,0.055,-0.5439740185570211,0.11832314422409901,3.139757787573345,3,0,0.0035496943267229702,0,0.0035496943267229702,0,0.0035496943267229702,1,0.0,1,0.0,1,0.0
27.0,0.0,1.1,0.2,0.055,-0.5084120412761678,0.24156842253918792,3.141713696323792,3,0,0.0072470526761756375,0,0.0072470526761756375,0,0.0072470526761756375,1,0.0,1,0.0,1,0.0
27.05,0.0,1.1,0.2,0.055,-0.4584238560604733,0.3553335603598145,3.144463046510655,3,0,0.010660006810794435,0,0.010660006810794435,0,0.010660006810794435,1,0.0,1,0.0,1,0.0
27.1,0.0,1.1,0.2,0.055,-0.3940294974479803,0.44884890718664233,3.1480047362343426,3,0,0.01346546721559927,0,0.01346546721559927,0,0.01346546721559927,1,0.0,1,0.0,1,0.0
27.150000000000002,0.0,1.1,0.2,0.055,-0.3155550747913717,0.515360546988962,3.152320829480456,3,0,0.015460816409668862,0,0.015460816409668862,0,0.015460816409668862,1,0.0,1,0.0,1,0.0
27.200000000000003,0.0,1.1,0.2,0.055,-0.2237179220477995,0.5542926555642786,3.157371872881352,3,0,0.01662877966692836,0,0.01662877966692836,0,0.01662877966692836,1,0.0,1,0.0,1,0.0
27.25,0.0,1.1,0.2,0.055,-0.11947782518697404,0.5692810624159411,3.1631050782086976,3,0,0.017078431872478234,0,0.017078431872478234,0,0.017078431872478234,1,0.0,1,0.0,1,0.0
27.3,0.0,1.1,0.2,0.055,-0.004397260767881832,0.5647884995559302,3.1694345092517477,3,0,0.016943654986677905,0,0.016943654986677905,0,0.016943654986677905,1,0.0,1,0.0,1,0.0
27.35,0.0,1.1,0.2,0.055,0.1181320340556722,0.5440175067120492,3.176173620467043,3,0,0.016320525201361475,0,0.016320525201361475,0,0.016320525201361475,1,0.0,1,0.0,1,0.0
27.400000000000002,0.0,1.1,0.2,0.055,0.2413833551305118,0.5084777722692808,3.1829524431261595,3,0,0.015254333168078425,0,0.015254333168078425,0,0.015254333168078425,1,0.0,1,0.0,1,0.0
27.450000000000003,0.0,1.1,0.2,0.055,0.35517177570520003,0.4585117669516483,3.1892108062577673,3,0,0.013755353008549449,0,0.013755353008549449,0,0.013755353008549449,1,0.0,1,0.0,1,0.0
27.5,0.0,1.1,0.2,0.055,0.44872496278943325,0.39413941808855363,3.1943562315474003,3,0,0.011824182542656608,0,0.011824182542656608,0,0.011824182542656608,1,0.0,1,0.0,1,0.0
27.55,0.0,1.1,0.2,0.055,0.5152800521919996,0.3156861606042168,3.1980167614645416,3,0,0.009470584818126503,0,0.009470584818126503,0,0.009470584818126503,1,0.0,1,0.0,1,0.0
27.6,0.0,1.1,0.2,0.055,0.5542523825668928,0.2238688743623836,3.20016023963516,3,0,0.006716066230871507,0,0.006716066230871507,0,0.006716066230871507,1,0.0,1,0.0,1,0.0
27.650000000000002,0.0,1.1,0.2,0.055,0.5692740134265002,0.11964691177311276,3.200986429332439,3,0,0.0035894073531933827,0,0.0035894073531933827,0,0.0035894073531933827,1,0.0,1,0.0,1,0.0
27.700000000000003,0.0,1.1,0.2,0.055,0.5648084884985488,0.004581085245570583,3.2007408254614007,3,0,0.0001374325573671175,0,0.0001374325573671175,0,0.0001374325573671175,1,0.0,1,0.0,1,0.0
27.75,0.0,1.1,0.2,0.055,0.5440609602159275,-0.11794092636626445,3.2007408254614007,3,1,0.0,1,0.0,1,0.0,0,0.0035382277909879333,0,0.0035382277909879333,0,0.0035382277909879333
27.8,0.0,1.1,0.2,0.055,0.5085434692398216,-0.24119826554751228,3.202694287465087,3,1,0.0,1,0.0,1,0.0,0,0.007235947966425368,0,0.007235947966425368,0,0.007235947966425368
27.85,0.0,1.1,0.2,0.055,0.4585996437321045,-0.35500994238028977,3.205441197868011,3,1,0.0,1,0.0,1,0.0,0,0.010650298271408693,0,0.010650298271408693,0,0.010650298271408693
27.900000000000002,0.0,1.1,0.2,0.055,0.3942493053791786,-0.44860095326189703,3.208980466477422,3,1,0.0,1,0.0,1,0.0,0,0.01345802859785691,0,0.01345802859785691,0,0.01345802859785691
27.950000000000003,0.0,1.1,0.2,0.055,0.3158172148141578,-0.5151994913710715,3.213294231458498,3,1,0.0,1,0.0,1,0.0,0,0.015455984741132143,0,0.015455984741132143,0,0.015455984741132143
28.0,0.0,1.1,0.2,0.055,0.22401979728111251,-0.5542120528730876,3.2183430894228153,3,1,0.0,1,0.0,1,0.0,0,0.01662636158619263,0,0.01662636158619263,0,0.01662636158619263
28.05,0.0,1.1,0.2,0.055,0.11981597239511647,-0.5692669186960025,3.224074299791545,3,1,0.0,1,0.0,1,0.0,0,0.017078007560880074,0,0.017078007560880074,0,0.017078007560880074
28.1,0.0,1.1,0.2,0.055,0.004764891418899594,-0.5648284393344448,3.230402109245237,3,1,0.0,1,0.0,1,0.0,0,0.016944853180033345,0,0.016944853180033345,0,0.016944853180033345
28.150000000000002,0.0,1.1,0.2,0.055,-0.11774982118761954,-0.544104379066032,3.2371404184385955,3,1,0.0,1,0.0,1,0.0,0,0.01632313137198096,0,0.01632313137198096,0,0.01632313137198096
28.200000000000003,0.0,1.1,0.2,0.055,-0.24101315383237124,-0.508609132187915,3.2439199017340576,3,1,0.0,1,0.0,1,0.0,0,0.015258273965637451,0,0.015258273965637451,0,0.015258273965637451
28.25,0.0,1.1,0.2,0.055,-0.35484806042095146,-0.4586874864015623,3.250180821596429,3,1,0.0,1,0.0,1,0.0,0,0.013760624592046869,0,0.013760624592046869,0,0.013760624592046869
28.3,0.0,1.1,0.2,0.055,-0.4484768786172394,-0.39435915931778864,3.2553304065972246,3,1,0.0,1,0.0,1,0.0,0,0.011830774779533659,0,0.011830774779533659,0,0.011830774779533659
28.35,0.0,1.1,0.2,0.055,-0.5151188645173973,-0.3159482374180911,3.2589957158217335,3,1,0.0,1,0.0,1,0.0,0,0.009478447122542732,0,0.009478447122542732,0,0.009478447122542732
28.400000000000002,0.0,1.1,0.2,0.055,-0.5541716664653838,-0.22417069080013993,3.261143619928873,3,1,0.0,1,0.0,1,0.0,0,0.006725120724004198,0,0.006725120724004198,0,0.006725120724004198
28.450000000000003,0.0,1.1,0.2,0.055,-0.5692597782095059,-0.11998500704548783,3.2619734660747994,3,1,0.0,1,0.0,1,0.0,0,0.0035995502113646345,0,0.0035995502113646345,0,0.0035995502113646345
28.5,0.0,1.1,0.2,0.055,-0.5648483520552492,-0.004948679270725054,3.2617308376363154,3,1,0.0,1,0.0,1,0.0,0,0.0001484603781217516,0,0.0001484603781217516,0,0.0001484603781217516
28.55,0.0,1.1,0.2,0.055,-0.5441477632597274,0.1175587185514585,3.2617308376363154,3,0,0.003526761556543755,0,0.003526761556543755,0,0.003526761556543755,1,0.0,1,0.0,1,0.0
28.6,0.0,1.1,0.2,0.055,-0.5086747611136818,0.24082802002726375,3.2636818527543476,3,0,0.0072248406008179125,0,0.0072248406008179125,0,0.0072248406008179125,1,0.0,1,0.0,1,0.0
28.650000000000002,0.0,1.1,0.2,0.055,-0.45877529495974295,0.3546861298630763,3.2664263233928144,3,0,0.010640583895892288,0,0.010640583895892288,0,0.010640583895892288,1,0.0,1,0.0,1,0.0
28.700000000000003,0.0,1.1,0.2,0.055,-0.3944689799023185,0.44835273886870325,3.2699631707209726,3,0,0.013450582166061096,0,0.013450582166061096,0,0.013450582166061096,1,0.0,1,0.0,1,0.0
28.75,0.0,1.1,0.2,0.055,-0.31607922841291347,0.5150381716222198,3.27427460705289,3,0,0.015451145148666592,0,0.015451145148666592,0,0.015451145148666592,1,0.0,1,0.0,1,0.0
28.8,0.0,1.1,0.2,0.055,-0.224321554915622,0.5541312233263037,3.279321279095241,3,0,0.01662393669978911,0,0.01662393669978911,0,0.01662393669978911,1,0.0,1,0.0,1,0.0
28.85,0.0,1.1,0.2,0.055,-0.12015401571673966,0.5692525919520582,3.28505049375118,3,0,0.017077577758561748,0,0.017077577758561748,0,0.017077577758561748,1,0.0,1,0.0,1,0.0
28.900000000000002,0.0,1.1,0.2,0.055,-0.005132448783923701,0.5648682266525823,3.2913766799324846,3,0,0.01694604679957747,0,0.01694604679957747,0,0.01694604679957747,1,0.0,1,0.0,1,0.0
28.950000000000003,0.0,1.1,0.2,0.055,0.11736761848947883,0.5441911127943716,3.298114183632522,3,0,0.016325733383831146,0,0.016325733383831146,0,0.016325733383831146,1,0.0,1,0.0,1,0.0
29.0,0.0,1.1,0.2,0.055,0.24064286417435832,0.5087403560172408,3.30489432214519,3,0,0.015262210680517222,0,0.015262210680517222,0,0.015262210680517222,1,0.0,1,0.0,1,0.0
29.05,0.0,1.1,0.2,0.055,0.3545241507425799,0.4588630694063694,3.311157792906442,3,0,0.013765892082191082,0,0.013765892082191082,0,0.013765892082191082,1,0.0,1,0.0,1,0.0
29.1,0.0,1.1,0.2,0.055,0.44822853402957064,0.3945787671307049,3.3163115339872267,3,0,0.011837363013921146,0,0.011837363013921146,0,0.011837363013921146,1,0.0,1,0.0,1,0.0
29.150000000000002,0.0,1.1,0.2,0.055,0.5149574126768055,0.31621018779552185,3.319981622312825,3,0,0.009486305633865655,0,0.009486305633865655,0,0.009486305633865655,1,0.0,1,0.0,1,0.0
29.200000000000003,0.0,1.1,0.2,0.055,0.5540907234383712,0.22447238962371657,3.322133954404711,3,0,0.006734171688711497,0,0.006734171688711497,0,0.006734171688711497,1,0.0,1,0.0,1,0.0
29.25,0.0,1.1,0.2,0.055,0.5692453599086974,0.12032299840139396,3.3229674594105787,3,0,0.0036096899520418188,0,0.0036096899520418188,0,0.0036096899520418188,1,0.0,1,0.0,1,0.0
29.3,0.0,1.1,0.2,0.055,0.5648880631180528,0.005316199941391718,3.3227278080870932,3,0,0.00015948599824175153,0,0.00015948599824175153,0,0.00015948599824175153,1,0.0,1,0.0,1,0.0
29.35,0.0,1.1,0.2,0.055,0.5442344276673149,-0.1171765210333555,3.3227278080870932,3,1,0.0,1,0.0,1,0.0,0,0.0035152956310006652,0,0.0035152956310006652,0,0.0035152956310006652
29.400000000000002,0.0,1.1,0.2,0.055,0.5088059168987082,-0.24045768631581754,3.324676376179367,3,1,0.0,1,0.0,1,0.0,0,0.007213730589474526,0,0.007213730589474526,0,0.007213730589474526
29.450000000000003,0.0,1.1,0.2,0.055,0.4589508097411666,-0.3543621230954028,3.3274184070730315,3,1,0.0,1,0.0,1,0.0,0,0.010630863692862084,0,0.010630863692862084,0,0.010630863692862084
29.5,0.0,1.1,0.2,0.055,0.39468852100088714,-0.4481042641131623,3.330952832953747,3,1,0.0,1,0.0,1,0.0,0,0.013443127923394868,0,0.013443127923394868,0,0.013443127923394868
29.55,0.0,1.1,0.2,0.055,0.3163411155628144,-0.5148765876724463,3.3352619402528405,3,1,0.0,1,0.0,1,0.0,0,0.015446297630173387,0,0.015446297630173387,0,0.015446297630173387
29.6,0.0,1.1,0.2,0.055,0.22462319492058438,-0.5540501667841143,3.3403064258881634,3,1,0.0,1,0.0,1,0.0,0,0.01662150500352343,0,0.01662150500352343,0,0.01662150500352343
29.650000000000002,0.0,1.1,0.2,0.055,0.12049195509198274,-0.5692380820644543,3.346033644078737,3,1,0.0,1,0.0,1,0.0,0,0.017077142461933627,0,0.017077142461933627,0,0.017077142461933627
29.700000000000003,0.0,1.1,0.2,0.055,0.005499932726045068,-0.5649078614432609,3.3523582053088634,3,1,0.0,1,0.0,1,0.0,0,0.016947235843297825,0,0.016947235843297825,0,0.016947235843297825
29.75,0.0,1.1,0.2,0.055,-0.1169854262147411,-0.5442777078759014,3.359094900050606,3,1,0.0,1,0.0,1,0.0,0,0.01632833123627704,0,0.01632833123627704,0,0.01632833123627704
29.8,0.0,1.1,0.2,0.055,-0.24027248649379868,-0.5088714437581998,3.365875688365955,3,1,0.0,1,0.0,1,0.0,0,0.015266143312745993,0,0.015266143312745993,0,0.015266143312745993
29.85,0.0,1.1,0.2,0.055,-0.35420004695751084,-0.45903851596386214,3.3721417041914585,3,1,0.0,1,0.0,1,0.0,0,0.013771155478915864,0,0.013771155478915864,0,0.013771155478915864
29.900000000000002,0.0,1.1,0.2,0.055,-0.447979929132839,-0.3947982415108071,3.377299597711102,3,1,0.0,1,0.0,1,0.0,0,0.011843947245324213,0,0.011843947245324213,0,0.011843947245324213
29.950000000000003,0.0,1.1,0.2,0.055,-0.5147956966004585,-0.3164720117116898,3.3809744649218207,3,1,0.0,1,0.0,1,0.0,0,0.009494160351350695,0,0.009494160351350695,0,0.009494160351350695
30.0,0.0,1.1,0.2,0.055,-0.5540095533460636,-0.22477397080238815,3.383131227042829,3,1,0.0,1,0.0,1,0.0,0,0.006743219124071644,0,0.006743219124071644,0,0.006743219124071644
