trial_id,condition,seed,time_s,sensor_time_s,sample_age_s,true_distance_m,raw_distance_m,filtered_distance_m,expected_state,state,command,valid,event_label,invalid_reason,noise_sigma_m,delay_ms
C2_n0.01_d300_r03,C2,202630,0.0,0.0,nan,0.6,,,FAR,FAR,0.0,0,INVALID,MISSING_OR_DELAY_BUFFER,0.01,300
C2_n0.01_d300_r03,C2,202630,0.02,0.02,nan,0.6,,,FAR,FAR,0.0,0,INVALID,MISSING_OR_DELAY_BUFFER,0.01,300
C2_n0.01_d300_r03,C2,202630,0.04,0.04,nan,0.6,,,FAR,FAR,0.0,0,INVALID,MISSING_OR_DELAY_BUFFER,0.01,300
C2_n0.01_d300_r03,C2,202630,0.06,0.06,nan,0.6,,,FAR,FAR,0.0,0,INVALID,MISSING_OR_DELAY_BUFFER,0.01,300
C2_n0.01_d300_r03,C2,202630,0.08,0.08,nan,0.6,,,FAR,FAR,0.0,0,INVALID,MISSING_OR_DELAY_BUFFER,0.01,300
C2_n0.01_d300_r03,C2,202630,0.1,0.1,nan,0.6,,,FAR,FAR,0.0,0,INVALID,MISSING_OR_DELAY_BUFFER,0.01,300
C2_n0.01_d300_r03,C2,202630,0.12,0.12,nan,0.6,,,FAR,FAR,0.0,0,INVALID,MISSING_OR_DELAY_BUFFER,0.01,300
C2_n0.01_d300_r03,C2,202630,0.14,0.14,nan,0.6,,,FAR,FAR,0.0,0,INVALID,MISSING_OR_DELAY_BUFFER,0.01,300
C2_n0.01_d300_r03,C2,202630,0.16,0.16,nan,0.6,,,FAR,FAR,0.0,0,INVALID,MISSING_OR_DELAY_BUFFER,0.01,300
C2_n0.01_d300_r03,C2,202630,0.18,0.18,nan,0.6,,,FAR,FAR,0.0,0,INVALID,MISSING_OR_DELAY_BUFFER,0.01,300
C2_n0.01_d300_r03,C2,202630,0.2,0.2,nan,0.6,,,FAR,FAR,0.0,0,INVALID,MISSING_OR_DELAY_BUFFER,0.01,300
C2_n0.01_d300_r03,C2,202630,0.22,0.22,nan,0.6,,,FAR,FAR,0.0,0,INVALID,MISSING_OR_DELAY_BUFFER,0.01,300
C2_n0.01_d300_r03,C2,202630,0.24,0.24,nan,0.6,,,FAR,FAR,0.0,0,INVALID,MISSING_OR_DELAY_BUFFER,0.01,300
C2_n0.01_d300_r03,C2,202630,0.26,0.26,nan,0.6,,,FAR,FAR,0.0,0,INVALID,MISSING_OR_DELAY_BUFFER,0.01,300
C2_n0.01_d300_r03,C2,202630,0.28,0.28,nan,0.6,,,FAR,FAR,0.0,0,INVALID,MISSING_OR_DELAY_BUFFER,0.01,300
C2_n0.01_d300_r03,C2,202630,0.3,0.0,0.3,0.6,0.5971339716188728,0.5971339716188728,FAR,FAR,0.0,1,,,0.01,300
C2_n0.01_d300_r03,C2,202630,0.32,0.02,0.3,0.6,0.5959125410003784,0.5968286139642492,FAR,FAR,0.0,1,,,0.01,300
C2_n0.01_d300_r03,C2,202630,0.34,0.04,0.30000000000000004,0.6,0.5909522086033453,0.5953595126240233,FAR,FAR,0.0,1,,,0.01,300
C2_n0.01_d300_r03,C2,202630,0.36,0.06,0.3,0.6,0.5927706274735758,0.5947122913364113,FAR,FAR,0.0,1,,,0.01,300
C2_n0.01_d300_r03,C2,202630,0.38,0.08,0.3,0.6,0.59637396201337,0.595127709005651,FAR,FAR,0.0,1,,,0.01,300
C2_n0.01_d300_r03,C2,202630,0.4,0.1,0.30000000000000004,0.6,0.6060810874993957,0.5978660536290872,FAR,FAR,0.0,1,,,0.01,300
C2_n0.01_d300_r03,C2,202630,0.42,0.12,0.3,0.6,0.6086451214266796,0.6005608205784853,FAR,FAR,0.0,1,,,0.01,300
C2_n0.01_d300_r03,C2,202630,0.44,0.14,0.3,0.6,0.584695985486213,0.5965946118054172,FAR,FAR,0.0,1,,,0.01,300
C2_n0.01_d300_r03,C2,202630,0.46,0.16,0.30000000000000004,0.6,0.5825502777065122,0.593083528280691,FAR,FAR,0.0,1,,,0.01,300
C2_n0.01_d300_r03,C2,202630,0.48,0.18,0.3,0.6,0.5909479349359251,0.5925496299444996,FAR,FAR,0.0,1,,,0.01,300
C2_n0.01_d300_r03,C2,202630,0.5,0.2,0.3,0.6,0.6162140028540404,0.5984657231718847,FAR,FAR,0.0,1,,,0.01,300
C2_n0.01_d300_r03,C2,202630,0.52,0.22,0.30000000000000004,0.6,0.5935735741469276,0.5972426859156454,FAR,FAR,0.0,1,,,0.01,300
C2_n0.01_d300_r03,C2,202630,0.54,0.24,0.30000000000000004,0.6,0.6103897877379826,0.6005294613712298,FAR,FAR,0.0,1,,,0.01,300
C2_n0.01_d300_r03,C2,202630,0.56,0.26,0.30000000000000004,0.6,0.5830522964677561,0.5961601701453614,FAR,FAR,0.0,1,,,0.01,300
C2_n0.01_d300_r03,C2,202630,0.58,0.28,0.29999999999999993,0.6,0.6119636996418171,0.6001110525194753,FAR,FAR,0.0,1,,,0.01,300
C2_n0.01_d300_r03,C2,202630,0.6,0.3,0.3,0.6,0.6112436335559094,0.6028941977785838,FAR,FAR,0.0,1,,,0.01,300
C2_n0.01_d300_r03,C2,202630,0.62,0.32,0.3,0.6,0.6014392092228574,0.6025304506396522,FAR,FAR,0.0,1,,,0.01,300
C2_n0.01_d300_r03,C2,202630,0.64,0.34,0.3,0.6,0.6010459596953217,0.6021593279035695,FAR,FAR,0.0,1,,,0.01,300
C2_n0.01_d300_r03,C2,202630,0.66,0.36,0.30000000000000004,0.6,0.6029089516848766,0.6023467338488963,FAR,FAR,0.0,1,,,0.01,300
C2_n0.01_d300_r03,C2,202630,0.68,0.38,0.30000000000000004,0.6,0.5921296041152719,0.5997924514154902,FAR,FAR,0.0,1,,,0.01,300
C2_n0.01_d300_r03,C2,202630,0.7,0.4,0.29999999999999993,0.6,0.5884795356166324,0.5969642224657757,FAR,FAR,0.0,1,,,0.01,300
C2_n0.01_d300_r03,C2,202630,0.72,0.42,0.3,0.6,0.6005311346479784,0.5978559505113263,FAR,FAR,0.0,1,,,0.01,300
C2_n0.01_d300_r03,C2,202630,0.74,0.44,0.3,0.6,0.5976280297311757,0.5977989703162887,FAR,FAR,0.0,1,,,0.01,300
C2_n0.01_d300_r03,C2,202630,0.76,0.46,0.3,0.6,0.6009064737368691,0.5985758461714338,FAR,FAR,0.0,1,,,0.01,300
C2_n0.01_d300_r03,C2,202630,0.78,0.48,0.30000000000000004,0.6,0.6061604487903184,0.6004719968261549,FAR,FAR,0.0,1,,,0.01,300
C2_n0.01_d300_r03,C2,202630,0.8,0.5,0.30000000000000004,0.6,0.589811624414312,0.5978069037231942,FAR,FAR,0.0,1,,,0.01,300
C2_n0.01_d300_r03,C2,202630,0.82,0.52,0.29999999999999993,0.6,0.6006662700074663,0.5985217452942622,FAR,FAR,0.0,1,,,0.01,300
C2_n0.01_d300_r03,C2,202630,0.84,0.54,0.29999999999999993,0.6,0.6097184791644535,0.60132092876181,FAR,FAR,0.0,1,,,0.01,300
C2_n0.01_d300_r03,C2,202630,0.86,0.56,0.29999999999999993,0.6,0.6059588666919855,0.6024804132443539,FAR,FAR,0.0,1,,,0.01,300
C2_n0.01_d300_r03,C2,202630,0.88,0.58,0.30000000000000004,0.6,0.605475990446377,0.6032293075448597,FAR,FAR,0.0,1,,,0.01,300
C2_n0.01_d300_r03,C2,202630,0.9,0.6,0.30000000000000004,0.6,0.6110304790470532,0.6051796004204081,FAR,FAR,0.0,1,,,0.01,300
C2_n0.01_d300_r03,C2,202630,0.92,0.62,0.30000000000000004,0.6,0.5934500282346304,0.6022472073739636,FAR,FAR,0.0,1,,,0.01,300
C2_n0.01_d300_r03,C2,202630,0.94,0.64,0.29999999999999993,0.6,0.6162278939510517,0.6057423790182357,FAR,FAR,0.0,1,,,0.01,300
C2_n0.01_d300_r03,C2,202630,0.96,0.66,0.29999999999999993,0.6,0.6229811481487719,0.6100520713008697,FAR,FAR,0.0,1,,,0.01,300
C2_n0.01_d300_r03,C2,202630,0.98,0.68,0.29999999999999993,0.6,0.6005812180334563,0.6076843579840163,FAR,FAR,0.0,1,,,0.01,300
C2_n0.01_d300_r03,C2,202630,1.0,0.7,0.30000000000000004,0.6,0.6033432829369751,0.606599089222256,FAR,FAR,0.0,1,,,0.01,300
C2_n0.01_d300_r03,C2,202630,1.02,0.72,0.30000000000000004,0.6,0.5952254869251765,0.6037556886479862,FAR,FAR,0.0,1,,,0.01,300
C2_n0.01_d300_r03,C2,202630,1.04,0.74,0.30000000000000004,0.6,0.6095140908376787,0.6051952891954093,FAR,FAR,0.0,1,,,0.01,300
C2_n0.01_d300_r03,C2,202630,1.06,0.76,0.30000000000000004,0.6,0.6025643201075233,0.6045375469234378,FAR,FAR,0.0,1,,,0.01,300
C2_n0.01_d300_r03,C2,202630,1.08,0.78,0.30000000000000004,0.6,0.6033095857581158,0.6042305566321072,FAR,FAR,0.0,1,,,0.01,300
C2_n0.01_d300_r03,C2,202630,1.1,0.8,0.30000000000000004,0.6,0.6001832475310677,0.6032187293568473,FAR,FAR,0.0,1,,,0.01,300
C2_n0.01_d300_r03,C2,202630,1.12,0.82,0.30000000000000016,0.6,0.6002100003937548,0.6024665471160742,FAR,FAR,0.0,1,,,0.01,300
C2_n0.01_d300_r03,C2,202630,1.14,0.84,0.29999999999999993,0.6,0.5902326262110341,0.5994080668898142,FAR,FAR,0.0,1,,,0.01,300
C2_n0.01_d300_r03,C2,202630,1.16,0.86,0.29999999999999993,0.6,0.6030537485337252,0.600319487300792,FAR,FAR,0.0,1,,,0.01,300
C2_n0.01_d300_r03,C2,202630,1.18,0.88,0.29999999999999993,0.6,0.6210347695487826,0.6054983078627896,FAR,FAR,0.0,1,,,0.01,300
C2_n0.01_d300_r03,C2,202630,1.2,0.9,0.29999999999999993,0.6,0.6062741827065338,0.6056922765737256,FAR,FAR,0.0,1,,,0.01,300
C2_n0.01_d300_r03,C2,202630,1.22,0.92,0.29999999999999993,0.6,0.5891347443442329,0.6015528935163524,FAR,FAR,0.0,1,,,0.01,300
C2_n0.01_d300_r03,C2,202630,1.24,0.94,0.30000000000000004,0.6,0.6109370982907043,0.6038989447099404,FAR,FAR,0.0,1,,,0.01,300
C2_n0.01_d300_r03,C2,202630,1.26,0.96,0.30000000000000004,0.6,0.6046980487771678,0.6040987207267472,FAR,FAR,0.0,1,,,0.01,300
C2_n0.01_d300_r03,C2,202630,1.28,0.98,0.30000000000000004,0.6,0.6208656682795819,0.6082904576149559,FAR,FAR,0.0,1,,,0.01,300
C2_n0.01_d300_r03,C2,202630,1.3,1.0,0.30000000000000004,0.6,0.5908889161497407,0.6039400722486521,FAR,FAR,0.0,1,,,0.01,300
C2_n0.01_d300_r03,C2,202630,1.32,1.02,0.30000000000000004,0.6,0.5844659831298608,0.5990715499689543,FAR,FAR,0.0,1,,,0.01,300
C2_n0.01_d300_r03,C2,202630,1.34,1.04,0.30000000000000004,0.6,0.6159670115253627,0.6032954153580564,FAR,FAR,0.0,1,,,0.01,300
C2_n0.01_d300_r03,C2,202630,1.36,1.06,0.30000000000000004,0.6,0.5935600884763063,0.6008615836376189,FAR,FAR,0.0,1,,,0.01,300
C2_n0.01_d300_r03,C2,202630,1.38,1.08,0.2999999999999998,0.6,0.5863293592366204,0.5972285275373693,FAR,FAR,0.0,1,,,0.01,300
C2_n0.01_d300_r03,C2,202630,1.4,1.1,0.2999999999999998,0.6,0.593965571957506,0.5964127886424035,FAR,FAR,0.0,1,,,0.01,300
C2_n0.01_d300_r03,C2,202630,1.42,1.12,0.2999999999999998,0.6,0.6008774313623775,0.597528949322397,FAR,FAR,0.0,1,,,0.01,300
C2_n0.01_d300_r03,C2,202630,1.44,1.14,0.30000000000000004,0.6,0.6120331677558093,0.60115500393075,FAR,FAR,0.0,1,,,0.01,300
C2_n0.01_d300_r03,C2,202630,1.46,1.16,0.30000000000000004,0.6,0.6118732908955407,0.6038345756719476,FAR,FAR,0.0,1,,,0.01,300
C2_n0.01_d300_r03,C2,202630,1.48,1.18,0.30000000000000004,0.6,0.6074889824640379,0.6047481773699702,FAR,FAR,0.0,1,,,0.01,300
C2_n0.01_d300_r03,C2,202630,1.5,1.2,0.30000000000000004,0.6,0.600198721743147,0.6036108134632645,FAR,FAR,0.0,1,,,0.01,300
C2_n0.01_d300_r03,C2,202630,1.52,1.22,0.30000000000000004,0.6,0.5897024034986985,0.600133710972123,FAR,FAR,0.0,1,,,0.01,300
C2_n0.01_d300_r03,C2,202630,1.54,1.24,0.30000000000000004,0.6,0.5814744130724254,0.5954688864971986,FAR,FAR,0.0,1,,,0.01,300
C2_n0.01_d300_r03,C2,202630,1.56,1.26,0.30000000000000004,0.6,0.6088082193554412,0.5988037197117593,FAR,FAR,0.0,1,,,0.01,300
C2_n0.01_d300_r03,C2,202630,1.58,1.28,0.30000000000000004,0.6,0.5766966944317787,0.5932769633917642,FAR,FAR,0.0,1,,,0.01,300
C2_n0.01_d300_r03,C2,202630,1.6,1.3,0.30000000000000004,0.6,0.5952754226009737,0.5937765781940666,FAR,FAR,0.0,1,,,0.01,300
C2_n0.01_d300_r03,C2,202630,1.62,1.32,0.30000000000000004,0.6,0.6067626682374564,0.597023100704914,FAR,FAR,0.0,1,,,0.01,300
C2_n0.01_d300_r03,C2,202630,1.64,1.34,0.2999999999999998,0.6,0.6041568126493014,0.5988065286910109,FAR,FAR,0.0,1,,,0.01,300
C2_n0.01_d300_r03,C2,202630,1.66,1.36,0.2999999999999998,0.6,0.6008852751014964,0.5993262152936323,FAR,FAR,0.0,1,,,0.01,300
C2_n0.01_d300_r03,C2,202630,1.68,1.38,0.30000000000000004,0.6,0.6002487209487612,0.5995568417074145,FAR,FAR,0.0,1,,,0.01,300
C2_n0.01_d300_r03,C2,202630,1.7,1.4,0.30000000000000004,0.6,0.6009865730222325,0.599914274536119,FAR,FAR,0.0,1,,,0.01,300
C2_n0.01_d300_r03,C2,202630,1.72,1.42,0.30000000000000004,0.6,0.5952764546437419,0.5987548195630248,FAR,FAR,0.0,1,,,0.01,300
C2_n0.01_d300_r03,C2,202630,1.74,1.44,0.30000000000000004,0.6,0.6226531198276827,0.6047293946291893,FAR,FAR,0.0,1,,,0.01,300
C2_n0.01_d300_r03,C2,202630,1.76,1.46,0.30000000000000004,0.6,0.6102877225879667,0.6061189766188837,FAR,FAR,0.0,1,,,0.01,300
C2_n0.01_d300_r03,C2,202630,1.78,1.48,0.30000000000000004,0.6,0.616934868631919,0.6088229496221426,FAR,FAR,0.0,1,,,0.01,300
C2_n0.01_d300_r03,C2,202630,1.8,1.5,0.30000000000000004,0.6,0.597634342628064,0.6060257978736229,FAR,FAR,0.0,1,,,0.01,300
C2_n0.01_d300_r03,C2,202630,1.82,1.52,0.30000000000000004,0.6,0.6013881988867649,0.6048663981269083,FAR,FAR,0.0,1,,,0.01,300
C2_n0.01_d300_r03,C2,202630,1.84,1.54,0.30000000000000004,0.6,0.6041648599920552,0.6046910135931951,FAR,FAR,0.0,1,,,0.01,300
C2_n0.01_d300_r03,C2,202630,1.86,1.56,0.30000000000000004,0.6,0.615618803043823,0.6074229609558521,FAR,FAR,0.0,1,,,0.01,300
C2_n0.01_d300_r03,C2,202630,1.88,1.58,0.2999999999999998,0.6,0.5990566620016217,0.6053313862172945,FAR,FAR,0.0,1,,,0.01,300
C2_n0.01_d300_r03,C2,202630,1.9,1.6,0.2999999999999998,0.6,0.5895692219187579,0.6013908451426604,FAR,FAR,0.0,1,,,0.01,300
C2_n0.01_d300_r03,C2,202630,1.92,1.62,0.2999999999999998,0.6,0.6130348572827713,0.6043018481776881,FAR,FAR,0.0,1,,,0.01,300
C2_n0.01_d300_r03,C2,202630,1.94,1.64,0.30000000000000004,0.6,0.6078901857417404,0.6051989325687012,FAR,FAR,0.0,1,,,0.01,300
C2_n0.01_d300_r03,C2,202630,1.96,1.66,0.30000000000000004,0.6,0.5882810883412929,0.6009694715118491,FAR,FAR,0.0,1,,,0.01,300
C2_n0.01_d300_r03,C2,202630,1.98,1.68,0.30000000000000004,0.6,0.6095469532168721,0.6031138419381048,FAR,FAR,0.0,1,,,0.01,300
C2_n0.01_d300_r03,C2,202630,2.0,1.7,0.30000000000000004,0.6,0.5958109320326708,0.6012881144617463,FAR,FAR,0.0,1,,,0.01,300
C2_n0.01_d300_r03,C2,202630,2.02,1.72,0.30000000000000004,0.6,0.5955734734601084,0.5998594542113369,FAR,FAR,0.0,1,,,0.01,300
C2_n0.01_d300_r03,C2,202630,2.04,1.74,0.30000000000000004,0.6,0.5982610174818102,0.5994598450289552,FAR,FAR,0.0,1,,,0.01,300
C2_n0.01_d300_r03,C2,202630,2.06,1.76,0.30000000000000004,0.6,0.6150274558463702,0.603351747733309,FAR,FAR,0.0,1,,,0.01,300
C2_n0.01_d300_r03,C2,202630,2.08,1.78,0.30000000000000004,0.6,0.5999179522858165,0.6024932988714359,FAR,FAR,0.0,1,,,0.01,300
C2_n0.01_d300_r03,C2,202630,2.1,1.8,0.30000000000000004,0.6,0.5900923025687567,0.599393049795766,FAR,FAR,0.0,1,,,0.01,300
C2_n0.01_d300_r03,C2,202630,2.12,1.82,0.30000000000000004,0.6,0.5891371081745742,0.5968290643904681,FAR,FAR,0.0,1,,,0.01,300
C2_n0.01_d300_r03,C2,202630,2.14,1.84,0.30000000000000004,0.6,0.611255827879473,0.6004357552627193,FAR,FAR,0.0,1,,,0.01,300
C2_n0.01_d300_r03,C2,202630,2.16,1.86,0.30000000000000004,0.6,0.6121650036132055,0.6033680673503409,FAR,FAR,0.0,1,,,0.01,300
C2_n0.01_d300_r03,C2,202630,2.18,1.88,0.30000000000000027,0.6,0.5956432710707465,0.6014368682804423,FAR,FAR,0.0,1,,,0.01,300
C2_n0.01_d300_r03,C2,202630,2.2,1.9,0.30000000000000027,0.6,0.5975784381880428,0.6004722607573424,FAR,FAR,0.0,1,,,0.01,300
C2_n0.01_d300_r03,C2,202630,2.22,1.92,0.30000000000000027,0.6,0.591896725425144,0.5983283769242929,FAR,FAR,0.0,1,,,0.01,300
C2_n0.01_d300_r03,C2,202630,2.24,1.94,0.30000000000000027,0.6,0.6066238265353452,0.6004022393270559,FAR,FAR,0.0,1,,,0.01,300
C2_n0.01_d300_r03,C2,202630,2.26,1.96,0.2999999999999998,0.6,0.5935542108456994,0.5986902322067168,FAR,FAR,0.0,1,,,0.01,300
C2_n0.01_d300_r03,C2,202630,2.28,1.98,0.2999999999999998,0.6,0.5995176617385792,0.5988970895896824,FAR,FAR,0.0,1,,,0.01,300
C2_n0.01_d300_r03,C2,202630,2.3,2.0,0.2999999999999998,0.6,0.6011036388664792,0.5994487269088815,FAR,FAR,0.0,1,,,0.01,300
C2_n0.01_d300_r03,C2,202630,2.32,2.02,0.2999999999999998,0.6,0.5851510223679106,0.5958743007736388,FAR,FAR,0.0,1,,,0.01,300
C2_n0.01_d300_r03,C2,202630,2.34,2.04,0.2999999999999998,0.6,0.5909842101851184,0.5946517781265087,FAR,FAR,0.0,1,,,0.01,300
C2_n0.01_d300_r03,C2,202630,2.36,2.06,0.2999999999999998,0.6,0.6094669742200405,0.5983555771498916,FAR,FAR,0.0,1,,,0.01,300
C2_n0.01_d300_r03,C2,202630,2.38,2.08,0.2999999999999998,0.6,0.5942757686710487,0.5973356250301809,FAR,FAR,0.0,1,,,0.01,300
C2_n0.01_d300_r03,C2,202630,2.4,2.1,0.2999999999999998,0.6,0.6124903187552356,0.6011242984614446,FAR,FAR,0.0,1,,,0.01,300
C2_n0.01_d300_r03,C2,202630,2.42,2.12,0.2999999999999998,0.6,0.5907982532427419,0.5985427871567689,FAR,FAR,0.0,1,,,0.01,300
C2_n0.01_d300_r03,C2,202630,2.44,2.14,0.2999999999999998,0.6,0.6004185137642127,0.5990117188086299,FAR,FAR,0.0,1,,,0.01,300
C2_n0.01_d300_r03,C2,202630,2.46,2.16,0.2999999999999998,0.6,0.6187159132800173,0.6039377674264768,FAR,FAR,0.0,1,,,0.01,300
C2_n0.01_d300_r03,C2,202630,2.48,2.18,0.2999999999999998,0.6,0.5916289137602029,0.6008605540099083,FAR,FAR,0.0,1,,,0.01,300
C2_n0.01_d300_r03,C2,202630,2.5,2.2,0.2999999999999998,0.6,0.5948528455373241,0.5993586268917623,FAR,FAR,0.0,1,,,0.01,300
C2_n0.01_d300_r03,C2,202630,2.52,2.22,0.2999999999999998,0.6,0.5930551020071472,0.5977827456706085,FAR,FAR,0.0,1,,,0.01,300
C2_n0.01_d300_r03,C2,202630,2.54,2.24,0.2999999999999998,0.6,0.6061202854384964,0.5998671306125805,FAR,FAR,0.0,1,,,0.01,300
C2_n0.01_d300_r03,C2,202630,2.56,2.26,0.30000000000000027,0.6,0.6002739175345154,0.5999688273430642,FAR,FAR,0.0,1,,,0.01,300
C2_n0.01_d300_r03,C2,202630,2.58,2.28,0.30000000000000027,0.6,0.5999593452073757,0.5999664568091421,FAR,FAR,0.0,1,,,0.01,300
C2_n0.01_d300_r03,C2,202630,2.6,2.3,0.30000000000000027,0.6,0.6121327948698062,0.6030080413243081,FAR,FAR,0.0,1,,,0.01,300
C2_n0.01_d300_r03,C2,202630,2.62,2.32,0.30000000000000027,0.6,0.6130091769657375,0.6055083252346655,FAR,FAR,0.0,1,,,0.01,300
C2_n0.01_d300_r03,C2,202630,2.64,2.34,0.30000000000000027,0.6,0.600954348794157,0.6043698311245383,FAR,FAR,0.0,1,,,0.01,300
C2_n0.01_d300_r03,C2,202630,2.66,2.36,0.30000000000000027,0.6,0.6001471525891822,0.6033141614906994,FAR,FAR,0.0,1,,,0.01,300
C2_n0.01_d300_r03,C2,202630,2.68,2.38,0.30000000000000027,0.6,0.6031261365268896,0.603267155249747,FAR,FAR,0.0,1,,,0.01,300
C2_n0.01_d300_r03,C2,202630,2.7,2.4,0.30000000000000027,0.6,0.5913874262865237,0.6002972230089412,FAR,FAR,0.0,1,,,0.01,300
C2_n0.01_d300_r03,C2,202630,2.72,2.42,0.30000000000000027,0.6,0.5838059878686572,0.5961744142238702,FAR,FAR,0.0,1,,,0.01,300
C2_n0.01_d300_r03,C2,202630,2.74,2.44,0.30000000000000027,0.6,0.6162875941073199,0.6012027091947326,FAR,FAR,0.0,1,,,0.01,300
C2_n0.01_d300_r03,C2,202630,2.76,2.46,0.2999999999999998,0.6,0.6064047090524359,0.6025032091591584,FAR,FAR,0.0,1,,,0.01,300
C2_n0.01_d300_r03,C2,202630,2.78,2.48,0.2999999999999998,0.6,0.5949790555094538,0.6006221707467323,FAR,FAR,0.0,1,,,0.01,300
C2_n0.01_d300_r03,C2,202630,2.8,2.5,0.2999999999999998,0.6,0.6000662693560297,0.6004831953990566,FAR,FAR,0.0,1,,,0.01,300
C2_n0.01_d300_r03,C2,202630,2.82,2.52,0.2999999999999998,0.6,0.6039179608575678,0.6013418867636844,FAR,FAR,0.0,1,,,0.01,300
C2_n0.01_d300_r03,C2,202630,2.84,2.54,0.2999999999999998,0.6,0.5982124135662567,0.6005595184643274,FAR,FAR,0.0,1,,,0.01,300
C2_n0.01_d300_r03,C2,202630,2.86,2.56,0.2999999999999998,0.6,0.5713633542701861,0.5932604774157921,FAR,FAR,0.0,1,,,0.01,300
C2_n0.01_d300_r03,C2,202630,2.88,2.58,0.2999999999999998,0.6,0.5905377406119362,0.5925797932148281,FAR,FAR,0.0,1,,,0.01,300
C2_n0.01_d300_r03,C2,202630,2.9,2.6,0.2999999999999998,0.6,0.5980918539806583,0.5939578084062856,FAR,FAR,0.0,1,,,0.01,300
C2_n0.01_d300_r03,C2,202630,2.92,2.62,0.2999999999999998,0.6,0.5878505455754206,0.5924309926985694,FAR,FAR,0.0,1,,,0.01,300
C2_n0.01_d300_r03,C2,202630,2.94,2.64,0.2999999999999998,0.6,0.5927378280619902,0.5925077015394246,FAR,FAR,0.0,1,,,0.01,300
C2_n0.01_d300_r03,C2,202630,2.96,2.66,0.2999999999999998,0.6,0.6122307933675002,0.5974384744964434,FAR,FAR,0.0,1,,,0.01,300
C2_n0.01_d300_r03,C2,202630,2.98,2.68,0.2999999999999998,0.6,0.5854259508997094,0.5944353435972599,FAR,FAR,0.0,1,,,0.01,300
C2_n0.01_d300_r03,C2,202630,3.0,2.7,0.2999999999999998,0.6,0.6015536558172064,0.5962149216522465,FAR,FAR,0.0,1,,,0.01,300
C2_n0.01_d300_r03,C2,202630,3.02,2.72,0.2999999999999998,0.6,0.5865717432817406,0.59380412705962,FAR,FAR,0.0,1,,,0.01,300
C2_n0.01_d300_r03,C2,202630,3.04,2.74,0.2999999999999998,0.6,0.6033709776973948,0.5961958397190636,FAR,FAR,0.0,1,,,0.01,300
C2_n0.01_d300_r03,C2,202630,3.06,2.76,0.30000000000000027,0.6,0.5909170143856626,0.5948761333857133,FAR,FAR,0.0,1,,,0.01,300
C2_n0.01_d300_r03,C2,202630,3.08,2.78,0.30000000000000027,0.6,0.5953840549788777,0.5950031137840044,FAR,FAR,0.0,1,,,0.01,300
C2_n0.01_d300_r03,C2,202630,3.1,2.8,0.30000000000000027,0.6,0.5892541425333955,0.5935658709713522,FAR,FAR,0.0,1,,,0.01,300
C2_n0.01_d300_r03,C2,202630,3.12,2.82,0.30000000000000027,0.6,0.6025878582548355,0.595821367792223,FAR,FAR,0.0,1,,,0.01,300
C2_n0.01_d300_r03,C2,202630,3.14,2.84,0.30000000000000027,0.6,0.6105067835448051,0.5994927217303685,FAR,FAR,0.0,1,,,0.01,300
C2_n0.01_d300_r03,C2,202630,3.16,2.86,0.30000000000000027,0.6,0.6041547960780715,0.6006582403172942,FAR,FAR,0.0,1,,,0.01,300
C2_n0.01_d300_r03,C2,202630,3.18,2.88,0.30000000000000027,0.6,0.5927220920828578,0.5986742032586851,FAR,FAR,0.0,1,,,0.01,300
C2_n0.01_d300_r03,C2,202630,3.2,2.9,0.30000000000000027,0.6,0.6005718219829139,0.5991486079397423,FAR,FAR,0.0,1,,,0.01,300
C2_n0.01_d300_r03,C2,202630,3.22,2.92,0.30000000000000027,0.6,0.6078777826271927,0.601330901611605,FAR,FAR,0.0,1,,,0.01,300
C2_n0.01_d300_r03,C2,202630,3.24,2.94,0.30000000000000027,0.6,0.6188858458782247,0.6057196376782599,FAR,FAR,0.0,1,,,0.01,300
C2_n0.01_d300_r03,C2,202630,3.26,2.96,0.2999999999999998,0.6,0.5987029354417701,0.6039654621191375,FAR,FAR,0.0,1,,,0.01,300
C2_n0.01_d300_r03,C2,202630,3.28,2.98,0.2999999999999998,0.6,0.5948068391361151,0.6016758063733819,FAR,FAR,0.0,1,,,0.01,300
C2_n0.01_d300_r03,C2,202630,3.3,3.0,0.2999999999999998,0.6,0.5884423447014382,0.598367440955396,FAR,FAR,0.0,1,,,0.01,300
C2_n0.01_d300_r03,C2,202630,3.32,3.02,0.2999999999999998,0.6,0.5858962597938295,0.5952496456650044,FAR,FAR,0.0,1,,,0.01,300
C2_n0.01_d300_r03,C2,202630,3.34,3.04,0.2999999999999998,0.6,0.6058729656700724,0.5979054756662714,FAR,FAR,0.0,1,,,0.01,300
C2_n0.01_d300_r03,C2,202630,3.36,3.06,0.2999999999999998,0.6,0.5803221933862688,0.5935096550962707,FAR,FAR,0.0,1,,,0.01,300
C2_n0.01_d300_r03,C2,202630,3.38,3.08,0.2999999999999998,0.6,0.6087140780229094,0.5973107608279304,FAR,FAR,0.0,1,,,0.01,300
C2_n0.01_d300_r03,C2,202630,3.4,3.1,0.2999999999999998,0.6,0.6075963741654761,0.5998821641623169,FAR,FAR,0.0,1,,,0.01,300
C2_n0.01_d300_r03,C2,202630,3.42,3.12,0.2999999999999998,0.6,0.5902957904516367,0.5974855707346468,FAR,FAR,0.0,1,,,0.01,300
C2_n0.01_d300_r03,C2,202630,3.44,3.14,0.2999999999999998,0.6,0.5866823645076504,0.5947847691778977,FAR,FAR,0.0,1,,,0.01,300
C2_n0.01_d300_r03,C2,202630,3.46,3.16,0.2999999999999998,0.6,0.5950238536285181,0.5948445402905528,FAR,FAR,0.0,1,,,0.01,300
C2_n0.01_d300_r03,C2,202630,3.48,3.18,0.2999999999999998,0.6,0.6071291157589088,0.5979156841576417,FAR,FAR,0.0,1,,,0.01,300
C2_n0.01_d300_r03,C2,202630,3.5,3.2,0.2999999999999998,0.6,0.6191273397583887,0.6032185980578285,FAR,FAR,0.0,1,,,0.01,300
C2_n0.01_d300_r03,C2,202630,3.52,3.22,0.2999999999999998,0.6,0.5996572800798009,0.6023282685633216,FAR,FAR,0.0,1,,,0.01,300
C2_n0.01_d300_r03,C2,202630,3.54,3.24,0.2999999999999998,0.6,0.6055988322011929,0.6031459094727893,FAR,FAR,0.0,1,,,0.01,300
C2_n0.01_d300_r03,C2,202630,3.56,3.26,0.30000000000000027,0.6,0.5991092379001413,0.6021367415796273,FAR,FAR,0.0,1,,,0.01,300
C2_n0.01_d300_r03,C2,202630,3.58,3.28,0.30000000000000027,0.6,0.6009081427489706,0.6018295918719632,FAR,FAR,0.0,1,,,0.01,300
C2_n0.01_d300_r03,C2,202630,3.6,3.3,0.30000000000000027,0.6,0.5974526023897496,0.6007353445014098,FAR,FAR,0.0,1,,,0.01,300
C2_n0.01_d300_r03,C2,202630,3.62,3.32,0.30000000000000027,0.6,0.602461121662571,0.6011667887917,FAR,FAR,0.0,1,,,0.01,300
C2_n0.01_d300_r03,C2,202630,3.64,3.34,0.30000000000000027,0.6,0.5952635849138737,0.5996909878222434,FAR,FAR,0.0,1,,,0.01,300
C2_n0.01_d300_r03,C2,202630,3.66,3.36,0.30000000000000027,0.6,0.5971785284257253,0.5990628729731139,FAR,FAR,0.0,1,,,0.01,300
C2_n0.01_d300_r03,C2,202630,3.68,3.38,0.30000000000000027,0.6,0.6083635098622122,0.6013880321953885,FAR,FAR,0.0,1,,,0.01,300
C2_n0.01_d300_r03,C2,202630,3.7,3.4,0.30000000000000027,0.6,0.6141154335566604,0.6045698825357064,FAR,FAR,0.0,1,,,0.01,300
C2_n0.01_d300_r03,C2,202630,3.72,3.42,0.30000000000000027,0.6,0.6027167873194657,0.6041066087316462,FAR,FAR,0.0,1,,,0.01,300
C2_n0.01_d300_r03,C2,202630,3.74,3.44,0.30000000000000027,0.6,0.5936825253882253,0.601500587895791,FAR,FAR,0.0,1,,,0.01,300
C2_n0.01_d300_r03,C2,202630,3.76,3.46,0.2999999999999998,0.6,0.5946509780580979,0.5997881854363677,FAR,FAR,0.0,1,,,0.01,300
C2_n0.01_d300_r03,C2,202630,3.78,3.48,0.2999999999999998,0.6,0.5916726340923114,0.5977592976003536,FAR,FAR,0.0,1,,,0.01,300
C2_n0.01_d300_r03,C2,202630,3.8,3.5,0.2999999999999998,0.6,0.6082167503951356,0.6003736607990491,FAR,FAR,0.0,1,,,0.01,300
C2_n0.01_d300_r03,C2,202630,3.82,3.52,0.2999999999999998,0.6,0.6002811742008332,0.6003505391494951,FAR,FAR,0.0,1,,,0.01,300
C2_n0.01_d300_r03,C2,202630,3.84,3.54,0.2999999999999998,0.6,0.605851499369853,0.6017257792045846,FAR,FAR,0.0,1,,,0.01,300
C2_n0.01_d300_r03,C2,202630,3.86,3.56,0.2999999999999998,0.6,0.6039850457151514,0.6022905958322263,FAR,FAR,0.0,1,,,0.01,300
C2_n0.01_d300_r03,C2,202630,3.88,3.58,0.2999999999999998,0.6,0.5922959632325949,0.5997919376823185,FAR,FAR,0.0,1,,,0.01,300
C2_n0.01_d300_r03,C2,202630,3.9,3.6,0.2999999999999998,0.6,0.5862283751869685,0.596401047058481,FAR,FAR,0.0,1,,,0.01,300
C2_n0.01_d300_r03,C2,202630,3.92,3.62,0.2999999999999998,0.6,0.6010644030173464,0.5975668860481973,FAR,FAR,0.0,1,,,0.01,300
C2_n0.01_d300_r03,C2,202630,3.94,3.64,0.2999999999999998,0.6,0.5958153953306297,0.5971290133688054,FAR,FAR,0.0,1,,,0.01,300
C2_n0.01_d300_r03,C2,202630,3.96,3.66,0.2999999999999998,0.6,0.6053789375437778,0.5991914944125485,FAR,FAR,0.0,1,,,0.01,300
C2_n0.01_d300_r03,C2,202630,3.98,3.68,0.2999999999999998,0.6,0.5837895629322509,0.5953410115424741,FAR,FAR,0.0,1,,,0.01,300
C2_n0.01_d300_r03,C2,202630,4.0,3.7,0.2999999999999998,0.6,0.5769889563582304,0.5907529977464132,FAR,FAR,0.0,1,,,0.01,300
C2_n0.01_d300_r03,C2,202630,4.02,3.72,0.2999999999999994,0.5982500000000001,0.6150656499980324,0.596831160809318,FAR,FAR,0.0,1,,,0.01,300
C2_n0.01_d300_r03,C2,202630,4.04,3.74,0.2999999999999998,0.5965,0.5877570117406005,0.5945626235421386,FAR,FAR,0.0,1,,,0.01,300
C2_n0.01_d300_r03,C2,202630,4.06,3.76,0.2999999999999998,0.59475,0.6002453269738621,0.5959832994000696,FAR,FAR,0.0,1,,,0.01,300
C2_n0.01_d300_r03,C2,202630,4.08,3.78,0.30000000000000027,0.593,0.5973826983134837,0.5963331491284231,FAR,FAR,0.0,1,,,0.01,300
C2_n0.01_d300_r03,C2,202630,4.1,3.8,0.2999999999999998,0.59125,0.6125380268002125,0.6003843685463705,FAR,FAR,0.0,1,,,0.01,300
C2_n0.01_d300_r03,C2,202630,4.12,3.82,0.30000000000000027,0.5894999999999999,0.6064648619649571,0.6019044919010171,FAR,FAR,0.0,1,,,0.01,300
C2_n0.01_d300_r03,C2,202630,4.14,3.84,0.2999999999999998,0.58775,0.5898017329078478,0.5988788021527248,FAR,FAR,0.0,1,,,0.01,300
C2_n0.01_d300_r03,C2,202630,4.16,3.86,0.30000000000000027,0.586,0.5957017374052024,0.5980845359658442,FAR,FAR,0.0,1,,,0.01,300
C2_n0.01_d300_r03,C2,202630,4.18,3.88,0.2999999999999998,0.58425,0.6039590382603246,0.5995531615394643,FAR,FAR,0.0,1,,,0.01,300
C2_n0.01_d300_r03,C2,202630,4.2,3.9,0.30000000000000027,0.5825,0.5978314277973326,0.5991227281039313,FAR,FAR,0.0,1,,,0.01,300
C2_n0.01_d300_r03,C2,202630,4.22,3.92,0.2999999999999998,0.58075,0.6008301649448224,0.5995495873141541,FAR,FAR,0.0,1,,,0.01,300
C2_n0.01_d300_r03,C2,202630,4.24,3.94,0.30000000000000027,0.579,0.5878437960876334,0.5966231395075239,FAR,FAR,0.0,1,,,0.01,300
C2_n0.01_d300_r03,C2,202630,4.26,3.96,0.2999999999999998,0.57725,0.5861779738972109,0.5940118481049457,FAR,FAR,0.0,1,,,0.01,300
C2_n0.01_d300_r03,C2,202630,4.28,3.98,0.30000000000000027,0.5754999999999999,0.5945855774524218,0.5941552804418146,FAR,FAR,0.0,1,,,0.01,300
C2_n0.01_d300_r03,C2,202630,4.3,4.0,0.2999999999999998,0.57375,0.6141461050664244,0.5991529865979671,FAR,FAR,0.0,1,,,0.01,300
C2_n0.01_d300_r03,C2,202630,4.32,4.02,0.3000000000000007,0.572,0.6078186577295691,0.6013194043808676,FAR,FAR,0.0,1,,,0.01,300
C2_n0.01_d300_r03,C2,202630,4.34,4.04,0.2999999999999998,0.57025,0.6006473241464799,0.6011513843222707,FAR,FAR,0.0,1,,,0.01,300
C2_n0.01_d300_r03,C2,202630,4.36,4.06,0.3000000000000007,0.5685,0.6135389441731274,0.6042482742849848,FAR,FAR,0.0,1,,,0.01,300
C2_n0.01_d300_r03,C2,202630,4.38,4.08,0.2999999999999998,0.56675,0.6042566716164351,0.6042503736178474,FAR,FAR,0.0,1,,,0.01,300
C2_n0.01_d300_r03,C2,202630,4.4,4.1,0.3000000000000007,0.565,0.6016753945685966,0.6036066288555347,FAR,FAR,0.0,1,,,0.01,300
C2_n0.01_d300_r03,C2,202630,4.42,4.12,0.2999999999999998,0.56325,0.5967755960009864,0.6018988706418976,FAR,FAR,0.0,1,,,0.01,300
C2_n0.01_d300_r03,C2,202630,4.44,4.14,0.3000000000000007,0.5614999999999999,0.5919214160972247,0.5994045070057294,FAR,FAR,0.0,1,,,0.01,300
C2_n0.01_d300_r03,C2,202630,4.46,4.16,0.2999999999999998,0.55975,0.5971336127024451,0.5988367834299084,FAR,FAR,0.0,1,,,0.01,300
C2_n0.01_d300_r03,C2,202630,4.48,4.18,0.3000000000000007,0.5579999999999999,0.5810730297677525,0.5943958450143695,FAR,FAR,0.0,1,,,0.01,300
C2_n0.01_d300_r03,C2,202630,4.5,4.2,0.2999999999999998,0.55625,0.5853551787125928,0.5921356784389253,FAR,FAR,0.0,1,,,0.01,300
C2_n0.01_d300_r03,C2,202630,4.52,4.22,0.2999999999999998,0.5545,0.5803227097993082,0.589182436279021,FAR,FAR,0.0,1,,,0.01,300
C2_n0.01_d300_r03,C2,202630,4.54,4.24,0.2999999999999998,0.55275,0.5882283605273205,0.5889439173410959,FAR,FAR,0.0,1,,,0.01,300
C2_n0.01_d300_r03,C2,202630,4.56,4.26,0.2999999999999998,0.551,0.5770277518109455,0.5859648759585583,FAR,FAR,0.0,1,,,0.01,300
C2_n0.01_d300_r03,C2,202630,4.58,4.28,0.2999999999999998,0.54925,0.5793314358304189,0.5843065159265235,FAR,FAR,0.0,1,,,0.01,300
C2_n0.01_d300_r03,C2,202630,4.6,4.3,0.2999999999999998,0.5475,0.5890465563663926,0.5854915260364908,FAR,FAR,0.0,1,,,0.01,300
C2_n0.01_d300_r03,C2,202630,4.62,4.32,0.2999999999999998,0.54575,0.5666210048226077,0.58077389573302,FAR,FAR,0.0,1,,,0.01,300
C2_n0.01_d300_r03,C2,202630,4.64,4.34,0.2999999999999998,0.544,0.5809016018403896,0.5808058222598624,FAR,FAR,0.0,1,,,0.01,300
C2_n0.01_d300_r03,C2,202630,4.66,4.36,0.2999999999999998,0.54225,0.5692079042910602,0.5779063427676618,FAR,FAR,0.0,1,,,0.01,300
C2_n0.01_d300_r03,C2,202630,4.68,4.38,0.2999999999999998,0.5405,0.5805550036177622,0.578568507980187,FAR,FAR,0.0,1,,,0.01,300
C2_n0.01_d300_r03,C2,202630,4.7,4.4,0.2999999999999998,0.53875,0.5652902275029204,0.5752489378608703,FAR,FAR,0.0,1,,,0.01,300
C2_n0.01_d300_r03,C2,202630,4.72,4.42,0.2999999999999998,0.537,0.5607349167094458,0.5716204325730141,FAR,FAR,0.0,1,,,0.01,300
C2_n0.01_d300_r03,C2,202630,4.74,4.44,0.2999999999999998,0.53525,0.5572765632590966,0.5680344652445347,FAR,FAR,0.0,1,,,0.01,300
C2_n0.01_d300_r03,C2,202630,4.76,4.46,0.2999999999999998,0.5335,0.5587055195438636,0.5657022288193669,FAR,FAR,0.0,1,,,0.01,300
C2_n0.01_d300_r03,C2,202630,4.78,4.48,0.2999999999999998,0.53175,0.5458107996998206,0.5607293715394803,FAR,FAR,0.0,1,,,0.01,300
C2_n0.01_d300_r03,C2,202630,4.8,4.5,0.2999999999999998,0.53,0.559275051022699,0.560365791410285,FAR,FAR,0.0,1,,,0.01,300
C2_n0.01_d300_r03,C2,202630,4.82,4.52,0.3000000000000007,0.52825,0.5509022172835775,0.5579998978786082,FAR,FAR,0.0,1,,,0.01,300
C2_n0.01_d300_r03,C2,202630,4.84,4.54,0.2999999999999998,0.5265,0.5549268238925097,0.5572316293820836,FAR,FAR,0.0,1,,,0.01,300
C2_n0.01_d300_r03,C2,202630,4.86,4.56,0.3000000000000007,0.5247499999999999,0.5419943890615649,0.553422319301954,FAR,FAR,0.0,1,,,0.01,300
C2_n0.01_d300_r03,C2,202630,4.88,4.58,0.2999999999999998,0.523,0.5186452083629306,0.5447280415671981,FAR,FAR,0.0,1,,,0.01,300
C2_n0.01_d300_r03,C2,202630,4.9,4.6,0.3000000000000007,0.52125,0.5526271854345719,0.5467028275340415,FAR,FAR,0.0,1,,,0.01,300
C2_n0.01_d300_r03,C2,202630,4.92,4.62,0.2999999999999998,0.5195,0.546794513905168,0.5467257491268231,FAR,FAR,0.0,1,,,0.01,300
C2_n0.01_d300_r03,C2,202630,4.94,4.64,0.3000000000000007,0.5177499999999999,0.542643471285349,0.5457051796664546,FAR,FAR,0.0,1,,,0.01,300
C2_n0.01_d300_r03,C2,202630,4.96,4.66,0.2999999999999998,0.516,0.5511314569185876,0.5470617489794879,FAR,FAR,0.0,1,,,0.01,300
C2_n0.01_d300_r03,C2,202630,4.98,4.68,0.3000000000000007,0.51425,0.5376495620901568,0.5447087022571551,FAR,FAR,0.0,1,,,0.01,300
C2_n0.01_d300_r03,C2,202630,5.0,4.7,0.2999999999999998,0.5125,0.5375661601204069,0.5429230667229681,FAR,FAR,0.0,1,,,0.01,300
C2_n0.01_d300_r03,C2,202630,5.02,4.72,0.2999999999999998,0.51075,0.5334004739511287,0.5405424185300083,FAR,FAR,0.0,1,,,0.01,300
C2_n0.01_d300_r03,C2,202630,5.04,4.74,0.2999999999999998,0.509,0.5251465128083773,0.5366934420996006,FAR,FAR,0.0,1,,,0.01,300
C2_n0.01_d300_r03,C2,202630,5.06,4.76,0.2999999999999998,0.50725,0.5138322943181086,0.5309781551542276,FAR,FAR,0.0,1,,,0.01,300
C2_n0.01_d300_r03,C2,202630,5.08,4.78,0.2999999999999998,0.5055,0.5332899277428662,0.5315560983013873,FAR,FAR,0.0,1,,,0.01,300
C2_n0.01_d300_r03,C2,202630,5.1,4.8,0.2999999999999998,0.50375,0.5355797730146348,0.5325620169796992,FAR,FAR,0.0,1,,,0.01,300
C2_n0.01_d300_r03,C2,202630,5.12,4.82,0.2999999999999998,0.502,0.5209143261412067,0.529650094270076,FAR,FAR,0.0,1,,,0.01,300
C2_n0.01_d300_r03,C2,202630,5.14,4.84,0.2999999999999998,0.50025,0.5346102188910015,0.5308901254253074,FAR,FAR,0.0,1,,,0.01,300
C2_n0.01_d300_r03,C2,202630,5.16,4.86,0.2999999999999998,0.49849999999999994,0.52729757005083,0.5299919865816881,FAR,FAR,0.0,1,,,0.01,300
C2_n0.01_d300_r03,C2,202630,5.18,4.88,0.2999999999999998,0.49675,0.5335551791353281,0.5308827847200981,FAR,FAR,0.0,1,,,0.01,300
C2_n0.01_d300_r03,C2,202630,5.2,4.9,0.2999999999999998,0.495,0.5159594187807884,0.5271519432352707,FAR,FAR,0.0,1,,,0.01,300
C2_n0.01_d300_r03,C2,202630,5.22,4.92,0.2999999999999998,0.49325,0.5308194675474613,0.5280688243133184,FAR,FAR,0.0,1,,,0.01,300
C2_n0.01_d300_r03,C2,202630,5.24,4.94,0.2999999999999998,0.49149999999999994,0.50600797881265,0.5225536129381513,FAR,FAR,0.0,1,,,0.01,300
C2_n0.01_d300_r03,C2,202630,5.26,4.96,0.2999999999999998,0.48975,0.5275206488107979,0.523795371906313,FAR,FAR,0.0,1,,,0.01,300
C2_n0.01_d300_r03,C2,202630,5.28,4.98,0.2999999999999998,0.488,0.5027069940439877,0.5185232774407316,FAR,FAR,0.0,1,,,0.01,300
C2_n0.01_d300_r03,C2,202630,5.3,5.0,0.2999999999999998,0.48625,0.5173311576790508,0.5182252475003114,FAR,FAR,0.0,1,,,0.01,300
C2_n0.01_d300_r03,C2,202630,5.32,5.02,0.3000000000000007,0.48449999999999993,0.5143649919279779,0.517260183607228,FAR,FAR,0.0,1,,,0.01,300
C2_n0.01_d300_r03,C2,202630,5.34,5.04,0.2999999999999998,0.48275,0.4946587972433085,0.5116098370162482,FAR,FAR,0.0,1,,,0.01,300
C2_n0.01_d300_r03,C2,202630,5.36,5.06,0.3000000000000007,0.481,0.4988137336456628,0.5084108111736018,FAR,FAR,0.0,1,,,0.01,300
C2_n0.01_d300_r03,C2,202630,5.38,5.08,0.2999999999999998,0.47925,0.48889390473615585,0.5035315845642403,FAR,FAR,0.0,1,,,0.01,300
C2_n0.01_d300_r03,C2,202630,5.4,5.1,0.3000000000000007,0.4774999999999999,0.513450794059649,0.5060113869380924,FAR,FAR,0.0,1,,,0.01,300
C2_n0.01_d300_r03,C2,202630,5.42,5.12,0.2999999999999998,0.47575,0.5115618301268684,0.5073989977352864,FAR,FAR,0.0,1,,,0.01,300
C2_n0.01_d300_r03,C2,202630,5.44,5.14,0.3000000000000007,0.474,0.5039002061768374,0.5065242998456742,FAR,FAR,0.0,1,,,0.01,300
C2_n0.01_d300_r03,C2,202630,5.46,5.16,0.2999999999999998,0.47224999999999995,0.49197210814463366,0.502886251920414,FAR,FAR,0.0,1,,,0.01,300
C2_n0.01_d300_r03,C2,202630,5.48,5.18,0.3000000000000007,0.4704999999999999,0.4940926959846502,0.500687862936473,FAR,FAR,0.0,1,,,0.01,300
C2_n0.01_d300_r03,C2,202630,5.5,5.2,0.2999999999999998,0.46875,0.49234479944896564,0.4986020970645962,FAR,FAR,0.0,1,,,0.01,300
C2_n0.01_d300_r03,C2,202630,5.52,5.22,0.2999999999999998,0.467,0.4874065305609615,0.4958032054386875,FAR,FAR,0.0,1,,,0.01,300
C2_n0.01_d300_r03,C2,202630,5.54,5.24,0.2999999999999998,0.46525,0.4910547147674704,0.49461608277088326,FAR,FAR,0.0,1,,,0.01,300
C2_n0.01_d300_r03,C2,202630,5.56,5.26,0.2999999999999998,0.4635,0.49776370451823065,0.4954029882077201,FAR,FAR,0.0,1,,,0.01,300
C2_n0.01_d300_r03,C2,202630,5.58,5.28,0.2999999999999998,0.46175,0.48936512748928285,0.49389352302811085,FAR,FAR,0.0,1,,,0.01,300
C2_n0.01_d300_r03,C2,202630,5.6,5.3,0.2999999999999998,0.46,0.49001364660524893,0.49292355392239534,FAR,FAR,0.0,1,,,0.01,300
C2_n0.01_d300_r03,C2,202630,5.62,5.32,0.2999999999999998,0.45825,0.4940441417805275,0.4932037008869284,FAR,FAR,0.0,1,,,0.01,300
C2_n0.01_d300_r03,C2,202630,5.64,5.34,0.2999999999999998,0.4565,0.4769503057240578,0.48914035209621076,FAR,FAR,0.0,1,,,0.01,300
C2_n0.01_d300_r03,C2,202630,5.66,5.36,0.2999999999999998,0.45475,0.4716754227580943,0.48477411976168167,FAR,FAR,0.0,1,,,0.01,300
C2_n0.01_d300_r03,C2,202630,5.68,5.38,0.2999999999999998,0.453,0.48401478049548047,0.48458428494513134,FAR,FAR,0.0,1,,,0.01,300
C2_n0.01_d300_r03,C2,202630,5.7,5.4,0.2999999999999998,0.45125,0.48678367843897086,0.48513413331859123,FAR,FAR,0.0,1,,,0.01,300
C2_n0.01_d300_r03,C2,202630,5.72,5.42,0.2999999999999998,0.4495,0.46697693120110717,0.4805948327892202,FAR,FAR,0.0,1,,,0.01,300
C2_n0.01_d300_r03,C2,202630,5.74,5.44,0.2999999999999998,0.44775,0.45140460950568134,0.4732972769683355,FAR,FAR,0.0,1,,,0.01,300
C2_n0.01_d300_r03,C2,202630,5.76,5.46,0.2999999999999998,0.446,0.48715905132191434,0.47676272055673025,FAR,FAR,0.0,1,,,0.01,300
C2_n0.01_d300_r03,C2,202630,5.78,5.48,0.2999999999999998,0.44425,0.47435799412926233,0.4761615389498633,FAR,FAR,0.0,1,,,0.01,300
C2_n0.01_d300_r03,C2,202630,5.8,5.5,0.2999999999999998,0.4425,0.46976271702460437,0.4745618334685486,FAR,FAR,0.0,1,,,0.01,300
C2_n0.01_d300_r03,C2,202630,5.82,5.52,0.3000000000000007,0.44075,0.4774330633289948,0.47527964093366015,FAR,FAR,0.0,1,,,0.01,300
C2_n0.01_d300_r03,C2,202630,5.84,5.54,0.2999999999999998,0.439,0.4679392898794219,0.4734445531701006,FAR,FAR,0.0,1,,,0.01,300
C2_n0.01_d300_r03,C2,202630,5.86,5.56,0.3000000000000007,0.43724999999999997,0.4625122014058332,0.47071146522903373,FAR,FAR,0.0,1,,,0.01,300
C2_n0.01_d300_r03,C2,202630,5.88,5.58,0.2999999999999998,0.4355,0.4571807582774319,0.4673287884911333,FAR,FAR,0.0,1,,,0.01,300
C2_n0.01_d300_r03,C2,202630,5.9,5.6,0.3000000000000007,0.43374999999999997,0.4677057666252261,0.4674230330246565,FAR,FAR,0.0,1,,,0.01,300
C2_n0.01_d300_r03,C2,202630,5.92,5.62,0.2999999999999998,0.432,0.4676414334840292,0.46747763313949964,FAR,FAR,0.0,1,,,0.01,300
C2_n0.01_d300_r03,C2,202630,5.94,5.64,0.3000000000000007,0.43024999999999997,0.44570316963538764,0.46203401726347165,FAR,FAR,0.0,1,,,0.01,300
C2_n0.01_d300_r03,C2,202630,5.96,5.66,0.2999999999999998,0.4285,0.4539298926551355,0.4600079861113876,FAR,FAR,0.0,1,,,0.01,300
C2_n0.01_d300_r03,C2,202630,5.98,5.68,0.3000000000000007,0.42674999999999996,0.4454893213172237,0.4563783199128466,FAR,FAR,0.0,1,,,0.01,300
C2_n0.01_d300_r03,C2,202630,6.0,5.7,0.2999999999999998,0.425,0.45144240561886984,0.45514434133935244,FAR,FAR,0.0,1,,,0.01,300
C2_n0.01_d300_r03,C2,202630,6.02,5.72,0.2999999999999998,0.42325,0.4523247700059379,0.45443944850599877,FAR,FAR,0.0,1,,,0.01,300
C2_n0.01_d300_r03,C2,202630,6.04,5.74,0.2999999999999998,0.4215,0.44009152219965153,0.45085246692941194,FAR,FAR,0.0,1,,,0.01,300
C2_n0.01_d300_r03,C2,202630,6.06,5.76,0.2999999999999998,0.41975,0.45516892138150267,0.45193158054243465,FAR,FAR,0.0,1,,,0.01,300
C2_n0.01_d300_r03,C2,202630,6.08,5.78,0.2999999999999998,0.418,0.4515287019441275,0.45183086089285784,FAR,FAR,0.0,1,,,0.01,300
C2_n0.01_d300_r03,C2,202630,6.1,5.8,0.2999999999999998,0.41625,0.4378215033914157,0.4483285215174973,FAR,FAR,0.0,1,,,0.01,300
C2_n0.01_d300_r03,C2,202630,6.12,5.82,0.2999999999999998,0.4145,0.4344081409896988,0.44484842638554767,FAR,FAR,0.0,1,,,0.01,300
C2_n0.01_d300_r03,C2,202630,6.14,5.84,0.2999999999999998,0.41275,0.43329996470584325,0.4419613109656216,FAR,FAR,0.0,1,,,0.01,300
C2_n0.01_d300_r03,C2,202630,6.16,5.86,0.2999999999999998,0.411,0.44597436614346897,0.44296457476008344,FAR,FAR,0.0,1,,,0.01,300
C2_n0.01_d300_r03,C2,202630,6.18,5.88,0.2999999999999998,0.40925,0.4491694380995507,0.4445157905949503,FAR,FAR,0.0,1,,,0.01,300
C2_n0.01_d300_r03,C2,202630,6.2,5.9,0.2999999999999998,0.4075,0.4373996009194858,0.44273674317608414,FAR,FAR,0.0,1,,,0.01,300
C2_n0.01_d300_r03,C2,202630,6.22,5.92,0.2999999999999998,0.40575,0.42524156043989736,0.4383629474920374,FAR,FAR,0.0,1,,,0.01,300
C2_n0.01_d300_r03,C2,202630,6.24,5.94,0.2999999999999998,0.40399999999999997,0.4163917942655793,0.4328701591854229,FAR,FAR,0.0,1,,,0.01,300
C2_n0.01_d300_r03,C2,202630,6.26,5.96,0.2999999999999998,0.40225,0.4188973432372318,0.4293769551983751,FAR,FAR,0.0,1,,,0.01,300
C2_n0.01_d300_r03,C2,202630,6.28,5.98,0.2999999999999998,0.40049999999999997,0.4254306203948607,0.4283903714974965,FAR,FAR,0.0,1,,,0.01,300
C2_n0.01_d300_r03,C2,202630,6.3,6.0,0.2999999999999998,0.39875,0.42159228717382097,0.42669085041657756,FAR,FAR,0.0,1,,,0.01,300
C2_n0.01_d300_r03,C2,202630,6.32,6.02,0.3000000000000007,0.39699999999999996,0.4224289636266045,0.4256253787190843,FAR,FAR,0.0,1,,,0.01,300
C2_n0.01_d300_r03,C2,202630,6.34,6.04,0.2999999999999998,0.39525,0.4053490253382457,0.42055629037387465,FAR,FAR,0.0,1,,,0.01,300
C2_n0.01_d300_r03,C2,202630,6.36,6.06,0.3000000000000007,0.39349999999999996,0.4326196054167298,0.4235721191345884,FAR,FAR,0.0,1,,,0.01,300
C2_n0.01_d300_r03,C2,202630,6.38,6.08,0.2999999999999998,0.39175,0.42128390686827394,0.4230000660680098,FAR,FAR,0.0,1,,,0.01,300
C2_n0.01_d300_r03,C2,202630,6.4,6.1,0.3000000000000007,0.38999999999999996,0.4242434501308286,0.42331091208371446,FAR,FAR,0.0,1,,,0.01,300
C2_n0.01_d300_r03,C2,202630,6.42,6.12,0.2999999999999998,0.38825,0.4036805565122917,0.41840332319085877,FAR,FAR,0.0,1,,,0.01,300
C2_n0.01_d300_r03,C2,202630,6.44,6.14,0.3000000000000007,0.38649999999999995,0.41815614210039465,0.41834152791824275,FAR,FAR,0.0,1,,,0.01,300
C2_n0.01_d300_r03,C2,202630,6.46,6.16,0.2999999999999998,0.38475,0.40343918394101763,0.41461594192393647,FAR,FAR,0.0,1,,,0.01,300
C2_n0.01_d300_r03,C2,202630,6.48,6.18,0.3000000000000007,0.38299999999999995,0.41129205624017334,0.4137849705029957,FAR,FAR,0.0,1,,,0.01,300
C2_n0.01_d300_r03,C2,202630,6.5,6.2,0.2999999999999998,0.38125,0.41550797736882417,0.4142157222194528,FAR,FAR,0.0,1,,,0.01,300
C2_n0.01_d300_r03,C2,202630,6.52,6.22,0.2999999999999998,0.37950000000000006,0.39237342085456983,0.4087551468782321,FAR,FAR,0.0,1,,,0.01,300
C2_n0.01_d300_r03,C2,202630,6.54,6.24,0.2999999999999998,0.37775000000000003,0.3951053248775774,0.40534269137806844,FAR,FAR,0.0,1,,,0.01,300
C2_n0.01_d300_r03,C2,202630,6.56,6.26,0.2999999999999998,0.376,0.38517261599428193,0.4003001725321218,FAR,FAR,0.0,1,,,0.01,300
C2_n0.01_d300_r03,C2,202630,6.58,6.28,0.2999999999999998,0.37424999999999997,0.41174904901473625,0.4031623916527754,FAR,FAR,0.0,1,,,0.01,300
C2_n0.01_d300_r03,C2,202630,6.6,6.3,0.2999999999999998,0.37250000000000005,0.41081889965163815,0.4050765186524911,FAR,FAR,0.0,1,,,0.01,300
C2_n0.01_d300_r03,C2,202630,6.62,6.32,0.2999999999999998,0.37075,0.3958289445536103,0.4027646251277709,FAR,FAR,0.0,1,,,0.01,300
C2_n0.01_d300_r03,C2,202630,6.64,6.34,0.2999999999999998,0.369,0.4054581414278325,0.4034380042027863,FAR,FAR,0.0,1,,,0.01,300
C2_n0.01_d300_r03,C2,202630,6.66,6.36,0.2999999999999998,0.36724999999999997,0.3894404401851535,0.3999386131983781,FAR,FAR,0.0,1,,,0.01,300
C2_n0.01_d300_r03,C2,202630,6.68,6.38,0.2999999999999998,0.36550000000000005,0.3904367202045637,0.39756313994992454,FAR,FAR,0.0,1,,,0.01,300
C2_n0.01_d300_r03,C2,202630,6.7,6.4,0.2999999999999998,0.36375,0.38347606572541465,0.3940413713937971,FAR,FAR,0.0,1,,,0.01,300
C2_n0.01_d300_r03,C2,202630,6.72,6.42,0.2999999999999998,0.362,0.39188839121252733,0.3935031263484796,FAR,FAR,0.0,1,,,0.01,300
C2_n0.01_d300_r03,C2,202630,6.74,6.44,0.2999999999999998,0.36024999999999996,0.4030274328183971,0.395884202965959,FAR,FAR,0.0,1,,,0.01,300
C2_n0.01_d300_r03,C2,202630,6.76,6.46,0.2999999999999998,0.35850000000000004,0.3825313045327399,0.3925459783576542,FAR,FAR,0.0,1,,,0.01,300
C2_n0.01_d300_r03,C2,202630,6.78,6.48,0.2999999999999998,0.35675,0.38914884986444115,0.39169669623435094,FAR,FAR,0.0,1,,,0.01,300
C2_n0.01_d300_r03,C2,202630,6.8,6.5,0.2999999999999998,0.355,0.3755448286934828,0.3876587293491339,FAR,FAR,0.0,1,,,0.01,300
C2_n0.01_d300_r03,C2,202630,6.82,6.52,0.3000000000000007,0.35324999999999995,0.37992785040841287,0.38572600961395365,FAR,FAR,0.0,1,,,0.01,300
C2_n0.01_d300_r03,C2,202630,6.84,6.54,0.2999999999999998,0.35150000000000003,0.3729746318530023,0.3825381651737158,FAR,FAR,0.0,1,,,0.01,300
C2_n0.01_d300_r03,C2,202630,6.86,6.56,0.3000000000000007,0.34974999999999995,0.3938067755252165,0.38535531776159093,NEAR,FAR,0.0,1,,,0.01,300
C2_n0.01_d300_r03,C2,202630,6.88,6.58,0.2999999999999998,0.348,0.36261941514958757,0.3796713421085901,NEAR,FAR,0.0,1,,,0.01,300
C2_n0.01_d300_r03,C2,202630,6.9,6.6,0.3000000000000007,0.34624999999999995,0.3722784951011677,0.37782313035673454,NEAR,FAR,0.0,1,,,0.01,300
C2_n0.01_d300_r03,C2,202630,6.92,6.62,0.2999999999999998,0.3445,0.3566601990424962,0.37253239752817496,NEAR,FAR,0.0,1,,,0.01,300
C2_n0.01_d300_r03,C2,202630,6.94,6.64,0.3000000000000007,0.34274999999999994,0.3728609399132559,0.3726145331244452,NEAR,FAR,0.0,1,,,0.01,300
C2_n0.01_d300_r03,C2,202630,6.96,6.66,0.2999999999999998,0.34099999999999997,0.37838228141770625,0.37405647019776045,NEAR,FAR,0.0,1,,,0.01,300
C2_n0.01_d300_r03,C2,202630,6.98,6.68,0.3000000000000007,0.33924999999999994,0.36581145563938006,0.37199521655816536,NEAR,FAR,0.0,1,,,0.01,300
C2_n0.01_d300_r03,C2,202630,7.0,6.7,0.2999999999999998,0.3375,0.37739320120727726,0.37334471272044334,NEAR,FAR,0.0,1,,,0.01,300
C2_n0.01_d300_r03,C2,202630,7.02,6.72,0.2999999999999998,0.33575000000000005,0.36584900032492185,0.3714707846215629,NEAR,FAR,0.0,1,,,0.01,300
C2_n0.01_d300_r03,C2,202630,7.04,6.74,0.2999999999999998,0.334,0.374708287000106,0.3722801602161987,NEAR,FAR,0.0,1,,,0.01,300
C2_n0.01_d300_r03,C2,202630,7.06,6.76,0.2999999999999998,0.33225000000000005,0.34517491136567663,0.36550384800356817,NEAR,FAR,0.0,1,,,0.01,300
C2_n0.01_d300_r03,C2,202630,7.08,6.78,0.2999999999999998,0.3305,0.3449580964778387,0.3603674101221358,NEAR,FAR,0.0,1,,,0.01,300
C2_n0.01_d300_r03,C2,202630,7.1,6.8,0.2999999999999998,0.32875000000000004,0.36472344042875604,0.36145641769879083,NEAR,FAR,0.0,1,,,0.01,300
C2_n0.01_d300_r03,C2,202630,7.12,6.82,0.2999999999999998,0.327,0.34763062883888746,0.357999970483815,NEAR,FAR,0.0,1,,,0.01,300
C2_n0.01_d300_r03,C2,202630,7.14,6.84,0.2999999999999998,0.32525000000000004,0.34111769588873514,0.353779401835045,NEAR,FAR,0.0,1,,,0.01,300
C2_n0.01_d300_r03,C2,202630,7.16,6.86,0.2999999999999998,0.3235,0.33209046832700484,0.348357168458035,NEAR,FAR,0.0,1,,,0.01,300
C2_n0.01_d300_r03,C2,202630,7.18,6.88,0.2999999999999998,0.32175000000000004,0.3445120480966241,0.34739588836768226,NEAR,FAR,0.0,1,,,0.01,300
C2_n0.01_d300_r03,C2,202630,7.2,6.9,0.2999999999999998,0.32,0.3481191463484012,0.347576702862862,NEAR,FAR,0.0,1,,,0.01,300
C2_n0.01_d300_r03,C2,202630,7.22,6.92,0.2999999999999998,0.31825000000000003,0.35165057324045984,0.34859517045726146,NEAR,FAR,0.0,1,,,0.01,300
C2_n0.01_d300_r03,C2,202630,7.24,6.94,0.2999999999999998,0.3165,0.3521058489663207,0.3494728400845263,NEAR,FAR,0.0,1,,,0.01,300
C2_n0.01_d300_r03,C2,202630,7.26,6.96,0.2999999999999998,0.31475000000000003,0.34013231091943524,0.3471377077932535,NEAR,FAR,0.0,1,,,0.01,300
C2_n0.01_d300_r03,C2,202630,7.28,6.98,0.2999999999999998,0.313,0.3426140489048084,0.34600679307114224,NEAR,FAR,0.0,1,,,0.01,300
C2_n0.01_d300_r03,C2,202630,7.3,7.0,0.2999999999999998,0.31125,0.34783269134259687,0.3464632676390059,NEAR,FAR,0.0,1,,,0.01,300
C2_n0.01_d300_r03,C2,202630,7.32,7.02,0.3000000000000007,0.3095,0.32732042681865736,0.34167755743391875,NEAR,FAR,0.0,1,,,0.01,300
C2_n0.01_d300_r03,C2,202630,7.34,7.04,0.2999999999999998,0.30775,0.3440071670930918,0.342259959848712,NEAR,FAR,0.0,1,,,0.01,300
C2_n0.01_d300_r03,C2,202630,7.36,7.06,0.3000000000000007,0.306,0.33769986023768034,0.3411199349459541,NEAR,FAR,0.0,1,,,0.01,300
C2_n0.01_d300_r03,C2,202630,7.38,7.08,0.2999999999999998,0.30425,0.32634539696188664,0.3374263004499372,NEAR,FAR,0.0,1,,,0.01,300
C2_n0.01_d300_r03,C2,202630,7.4,7.1,0.3000000000000007,0.3025,0.340231777267578,0.33812766965434743,NEAR,FAR,0.0,1,,,0.01,300
C2_n0.01_d300_r03,C2,202630,7.42,7.12,0.2999999999999998,0.30075,0.3208973241392572,0.3338200832755749,NEAR,FAR,0.0,1,,,0.01,300
C2_n0.01_d300_r03,C2,202630,7.44,7.14,0.3000000000000007,0.299,0.3026690973248534,0.3260323367878945,NEAR,FAR,0.0,1,,,0.01,300
C2_n0.01_d300_r03,C2,202630,7.46,7.16,0.2999999999999998,0.29725,0.3183537668629693,0.3241126943066632,NEAR,FAR,0.0,1,,,0.01,300
C2_n0.01_d300_r03,C2,202630,7.48,7.18,0.3000000000000007,0.2955,0.3320100449396148,0.3260870319649011,NEAR,FAR,0.0,1,,,0.01,300
C2_n0.01_d300_r03,C2,202630,7.5,7.2,0.2999999999999998,0.29375,0.3297660858616088,0.327006795439078,NEAR,FAR,0.0,1,,,0.01,300
C2_n0.01_d300_r03,C2,202630,7.52,7.22,0.2999999999999998,0.29200000000000004,0.3209494091160254,0.32549244885831485,NEAR,FAR,0.0,1,,,0.01,300
C2_n0.01_d300_r03,C2,202630,7.54,7.24,0.2999999999999998,0.29025,0.32713112716471554,0.325902118434915,NEAR,FAR,0.0,1,,,0.01,300
C2_n0.01_d300_r03,C2,202630,7.56,7.26,0.2999999999999998,0.28850000000000003,0.3196911308587932,0.32434937154088456,NEAR,FAR,0.0,1,,,0.01,300
C2_n0.01_d300_r03,C2,202630,7.58,7.28,0.2999999999999998,0.28675,0.3192540842249215,0.3230755497118938,NEAR,FAR,0.0,1,,,0.01,300
C2_n0.01_d300_r03,C2,202630,7.6,7.3,0.2999999999999998,0.28500000000000003,0.29699666432389626,0.3165558283648944,NEAR,NEAR,0.6,1,ENTER_NEAR,,0.01,300
C2_n0.01_d300_r03,C2,202630,7.62,7.32,0.2999999999999998,0.28325,0.3015381429028365,0.3128014069993799,NEAR,NEAR,0.6,1,,,0.01,300
C2_n0.01_d300_r03,C2,202630,7.64,7.34,0.2999999999999998,0.28150000000000003,0.3012280793976565,0.3099080750989491,NEAR,NEAR,0.6,1,,,0.01,300
C2_n0.01_d300_r03,C2,202630,7.66,7.36,0.2999999999999998,0.27975,0.31700382188500736,0.3116820117954636,NEAR,NEAR,0.6,1,,,0.01,300
C2_n0.01_d300_r03,C2,202630,7.68,7.38,0.2999999999999998,0.278,0.2768756218073441,0.30298041429843375,NEAR,NEAR,0.6,1,,,0.01,300
C2_n0.01_d300_r03,C2,202630,7.7,7.4,0.2999999999999998,0.27625,0.29211780248334834,0.3002647613446624,NEAR,NEAR,0.6,1,,,0.01,300
C2_n0.01_d300_r03,C2,202630,7.72,7.42,0.2999999999999998,0.2745,0.28530033389570375,0.29652365448242274,NEAR,NEAR,0.6,1,,,0.01,300
C2_n0.01_d300_r03,C2,202630,7.74,7.44,0.2999999999999998,0.27275,0.2984774090950217,0.2970120931355725,NEAR,NEAR,0.6,1,,,0.01,300
C2_n0.01_d300_r03,C2,202630,7.76,7.46,0.2999999999999998,0.271,0.290789527220833,0.2954564516568876,NEAR,NEAR,0.6,1,,,0.01,300
C2_n0.01_d300_r03,C2,202630,7.78,7.48,0.2999999999999998,0.26925,0.28985082929827605,0.2940550460672347,NEAR,NEAR,0.6,1,,,0.01,300
C2_n0.01_d300_r03,C2,202630,7.8,7.5,0.2999999999999998,0.2675,0.29301014672958076,0.2937938212328212,NEAR,NEAR,0.6,1,,,0.01,300
C2_n0.01_d300_r03,C2,202630,7.82,7.52,0.3000000000000007,0.26575,0.2773155606973719,0.28967425609895886,NEAR,NEAR,0.6,1,,,0.01,300
C2_n0.01_d300_r03,C2,202630,7.84,7.54,0.2999999999999998,0.264,0.2924517766927032,0.29036863624739495,NEAR,NEAR,0.6,1,,,0.01,300
C2_n0.01_d300_r03,C2,202630,7.86,7.56,0.3000000000000007,0.26225,0.2818493153458188,0.2882388060220009,NEAR,NEAR,0.6,1,,,0.01,300
C2_n0.01_d300_r03,C2,202630,7.88,7.58,0.2999999999999998,0.2605,0.2854119874024216,0.28753210136710605,NEAR,NEAR,0.6,1,,,0.01,300
C2_n0.01_d300_r03,C2,202630,7.9,7.6,0.3000000000000007,0.25875,0.30222459901663473,0.2912052257794882,NEAR,NEAR,0.6,1,,,0.01,300
C2_n0.01_d300_r03,C2,202630,7.92,7.62,0.2999999999999998,0.257,0.28199107397066686,0.28890168782728287,NEAR,NEAR,0.6,1,,,0.01,300
C2_n0.01_d300_r03,C2,202630,7.94,7.64,0.3000000000000007,0.25525,0.2882863868276164,0.2887478625773663,NEAR,NEAR,0.6,1,,,0.01,300
C2_n0.01_d300_r03,C2,202630,7.96,7.66,0.2999999999999998,0.2535,0.28846533129527424,0.2886772297568433,NEAR,NEAR,0.6,1,,,0.01,300
C2_n0.01_d300_r03,C2,202630,7.98,7.68,0.3000000000000007,0.25175,0.298796024314256,0.29120692839619644,NEAR,NEAR,0.6,1,,,0.01,300
C2_n0.01_d300_r03,C2,202630,8.0,7.7,0.2999999999999998,0.25,0.28425341021085276,0.2894685488498605,NEAR,NEAR,0.6,1,,,0.01,300
C2_n0.01_d300_r03,C2,202630,8.02,7.72,0.2999999999999998,0.2522533838368113,0.2782114034018305,0.286654262487853,NEAR,NEAR,0.6,1,,,0.01,300
C2_n0.01_d300_r03,C2,202630,8.04,7.74,0.29999999999999893,0.25445562372365543,0.2639398476238732,0.28097565877185804,NEAR,NEAR,0.6,1,,,0.01,300
C2_n0.01_d300_r03,C2,202630,8.06,7.76,0.3000000000000007,0.25655673649976407,0.2799671259752916,0.2807235255727164,NEAR,NEAR,0.6,1,,,0.01,300
C2_n0.01_d300_r03,C2,202630,8.08,7.78,0.2999999999999998,0.25850903423690136,0.2657974254498312,0.27699200054199513,NEAR,NEAR,0.6,1,,,0.01,300
C2_n0.01_d300_r03,C2,202630,8.1,7.8,0.2999999999999998,0.2602682065889303,0.26251736175450185,0.2733733408451218,NEAR,NEAR,0.6,1,,,0.01,300
C2_n0.01_d300_r03,C2,202630,8.12,7.82,0.29999999999999893,0.26179432648204926,0.259490038106892,0.2699025151605644,NEAR,NEAR,0.6,1,,,0.01,300
C2_n0.01_d300_r03,C2,202630,8.14,7.84,0.3000000000000007,0.26305275632004294,0.2747233942579237,0.27110773493490425,NEAR,NEAR,0.6,1,,,0.01,300
C2_n0.01_d300_r03,C2,202630,8.16,7.86,0.2999999999999998,0.2640149341368492,0.2619165945143429,0.2688099498297639,NEAR,NEAR,0.6,1,,,0.01,300
C2_n0.01_d300_r03,C2,202630,8.18,7.88,0.2999999999999998,0.2646590218535229,0.2591121826619614,0.2663855080378133,NEAR,NEAR,0.6,1,,,0.01,300
C2_n0.01_d300_r03,C2,202630,8.2,7.9,0.29999999999999893,0.26497040092642404,0.2495937392562194,0.2621875658424148,NEAR,NEAR,0.6,1,,,0.01,300
C2_n0.01_d300_r03,C2,202630,8.22,7.92,0.3000000000000007,0.2649420041371476,0.25404663453566056,0.26015233301572627,NEAR,NEAR,0.6,1,,,0.01,300
C2_n0.01_d300_r03,C2,202630,8.24,7.94,0.2999999999999998,0.2645744759937201,0.24112301687809207,0.2553950039813177,NEAR,NEAR,0.6,1,,,0.01,300
C2_n0.01_d300_r03,C2,202630,8.26,7.96,0.2999999999999998,0.26387615810251686,0.27429373485006286,0.260119686698504,NEAR,NEAR,0.6,1,,,0.01,300
C2_n0.01_d300_r03,C2,202630,8.28,7.98,0.29999999999999893,0.26286289984290484,0.2737728020831693,0.2635329655446703,NEAR,NEAR,0.6,1,,,0.01,300
C2_n0.01_d300_r03,C2,202630,8.3,8.0,0.3000000000000007,0.2615576986416368,0.24998514977731442,0.26014601160283135,NEAR,NEAR,0.6,1,,,0.01,300
C2_n0.01_d300_r03,C2,202630,8.32,8.02,0.3000000000000007,0.25999017801151375,0.25174314498587597,0.2580452949485925,NEAR,NEAR,0.6,1,,,0.01,300
C2_n0.01_d300_r03,C2,202630,8.34,8.04,0.3000000000000007,0.25819591520101404,0.2573070546268728,0.2578607348681626,NEAR,NEAR,0.6,1,,,0.01,300
C2_n0.01_d300_r03,C2,202630,8.36,8.06,0.29999999999999893,0.2562156337148993,0.24763780515092343,0.2553050024388528,NEAR,NEAR,0.6,1,,,0.01,300
C2_n0.01_d300_r03,C2,202630,8.38,8.08,0.3000000000000007,0.2540942790327598,0.25257732740368916,0.25462308368006187,NEAR,NEAR,0.6,1,,,0.01,300
C2_n0.01_d300_r03,C2,202630,8.4,8.1,0.3000000000000007,0.25187999850346454,0.25520392595521524,0.2547682942488502,NEAR,NEAR,0.6,1,,,0.01,300
C2_n0.01_d300_r03,C2,202630,8.42,8.12,0.3000000000000007,0.24962304856834994,0.261032072883372,0.25633423890748064,NEAR,NEAR,0.6,1,,,0.01,300
C2_n0.01_d300_r03,C2,202630,8.44,8.14,0.29999999999999893,0.2473746541153709,0.2501116610126937,0.2547785944337839,NEAR,NEAR,0.6,1,,,0.01,300
C2_n0.01_d300_r03,C2,202630,8.46,8.16,0.3000000000000007,0.24518584585289177,0.2691707066934147,0.25837662249869164,NEAR,NEAR,0.6,1,,,0.01,300
C2_n0.01_d300_r03,C2,202630,8.48,8.18,0.3000000000000007,0.24310630209067763,0.28558633648156667,0.2651790509944104,NEAR,NEAR,0.6,1,,,0.01,300
C2_n0.01_d300_r03,C2,202630,8.5,8.2,0.3000000000000007,0.24118322121561292,0.2831956878517357,0.26968321020874175,NEAR,NEAR,0.6,1,,,0.01,300
C2_n0.01_d300_r03,C2,202630,8.52,8.22,0.29999999999999893,0.2394602504530173,0.26561570197194784,0.26866633314954325,NEAR,NEAR,0.6,1,,,0.01,300
C2_n0.01_d300_r03,C2,202630,8.54,8.24,0.29999999999999893,0.23797649522693692,0.2782311100235434,0.2710575273680433,NEAR,NEAR,0.6,1,,,0.01,300
C2_n0.01_d300_r03,C2,202630,8.56,8.26,0.3000000000000007,0.23676563160347566,0.26449999520330264,0.2694181443268581,NEAR,NEAR,0.6,1,,,0.01,300
C2_n0.01_d300_r03,C2,202630,8.58,8.28,0.3000000000000007,0.23585514196160703,0.27176830405436214,0.2700056842587341,NEAR,NEAR,0.6,1,,,0.01,300
C2_n0.01_d300_r03,C2,202630,8.6,8.3,0.29999999999999893,0.23526569123906968,0.25277184638799716,0.26569722479104985,NEAR,NEAR,0.6,1,,,0.01,300
C2_n0.01_d300_r03,C2,202630,8.62,8.32,0.29999999999999893,0.23501065791039116,0.2712726605036671,0.26709108371920415,NEAR,NEAR,0.6,1,,,0.01,300
C2_n0.01_d300_r03,C2,202630,8.64,8.34,0.3000000000000007,0.23509583034219989,0.27495096197227475,0.2690560532824718,NEAR,NEAR,0.6,1,,,0.01,300
C2_n0.01_d300_r03,C2,202630,8.66,8.36,0.3000000000000007,0.2355192754175009,0.2726626556768386,0.2699577038810635,NEAR,NEAR,0.6,1,,,0.01,300
C2_n0.01_d300_r03,C2,202630,8.68,8.38,0.29999999999999893,0.23627138241068624,0.2733383835481897,0.27080287379784507,NEAR,NEAR,0.6,1,,,0.01,300
C2_n0.01_d300_r03,C2,202630,8.7,8.4,0.29999999999999893,0.23733508111746973,0.2581547377616661,0.2676408397888003,NEAR,NEAR,0.6,1,,,0.01,300
C2_n0.01_d300_r03,C2,202630,8.72,8.42,0.3000000000000007,0.2386862292889585,0.26729749026998434,0.2675550024090963,NEAR,NEAR,0.6,1,,,0.01,300
C2_n0.01_d300_r03,C2,202630,8.74,8.44,0.3000000000000007,0.24029416057645836,0.2475728707868961,0.26255946950354625,NEAR,NEAR,0.6,1,,,0.01,300
C2_n0.01_d300_r03,C2,202630,8.76,8.46,0.29999999999999893,0.24212238055058052,0.25639876433187125,0.2610192932106275,NEAR,NEAR,0.6,1,,,0.01,300
C2_n0.01_d300_r03,C2,202630,8.78,8.48,0.29999999999999893,0.24412939499744188,0.24646444750994895,0.25738058178545786,NEAR,NEAR,0.6,1,,,0.01,300
C2_n0.01_d300_r03,C2,202630,8.8,8.5,0.3000000000000007,0.24626965169252724,0.2674342740708788,0.2598940048568131,NEAR,NEAR,0.6,1,,,0.01,300
C2_n0.01_d300_r03,C2,202630,8.82,8.52,0.3000000000000007,0.2484945742772318,0.23812774359438496,0.25445243954120605,NEAR,NEAR,0.6,1,,,0.01,300
C2_n0.01_d300_r03,C2,202630,8.84,8.54,0.3000000000000007,0.2507536647726965,0.24419794728225117,0.2518888164764673,NEAR,NEAR,0.6,1,,,0.01,300
C2_n0.01_d300_r03,C2,202630,8.86,8.56,0.29999999999999893,0.25299564970771604,0.22817417078300706,0.24596015505310226,NEAR,NEAR,0.6,1,,,0.01,300
C2_n0.01_d300_r03,C2,202630,8.88,8.58,0.3000000000000007,0.2551696438476178,0.24211064052760323,0.2449977764217275,NEAR,NEAR,0.6,1,,,0.01,300
C2_n0.01_d300_r03,C2,202630,8.9,8.6,0.3000000000000007,0.2572263051115258,0.24007333794621352,0.243766666802849,NEAR,NEAR,0.6,1,,,0.01,300
C2_n0.01_d300_r03,C2,202630,8.92,8.62,0.3000000000000007,0.25911895446541905,0.23928650153238723,0.24264662548523358,NEAR,NEAR,0.6,1,,,0.01,300
C2_n0.01_d300_r03,C2,202630,8.94,8.64,0.29999999999999893,0.26080463537331855,0.2505923276052733,0.24463305101524352,NEAR,NEAR,0.6,1,,,0.01,300
C2_n0.01_d300_r03,C2,202630,8.96,8.66,0.3000000000000007,0.2622450887607578,0.24398685660932803,0.24447150241376467,NEAR,NEAR,0.6,1,,,0.01,300
C2_n0.01_d300_r03,C2,202630,8.98,8.68,0.3000000000000007,0.263407621362269,0.23093462422952926,0.2410872828677058,NEAR,NEAR,0.6,1,,,0.01,300
C2_n0.01_d300_r03,C2,202630,9.0,8.7,0.3000000000000007,0.2642658477444273,0.2319445898259594,0.2388016096072692,NEAR,NEAR,0.6,1,,,0.01,300
C2_n0.01_d300_r03,C2,202630,9.02,8.72,0.29999999999999893,0.264800289163118,0.25575890050572636,0.2430409323318835,NEAR,NEAR,0.6,1,,,0.01,300
C2_n0.01_d300_r03,C2,202630,9.04,8.74,0.29999999999999893,0.2649988156630572,0.2494316750512096,0.24463861801171505,NEAR,NEAR,0.6,1,,,0.01,300
C2_n0.01_d300_r03,C2,202630,9.06,8.76,0.3000000000000007,0.26485692138544975,0.25496429043961366,0.2472200361186897,NEAR,NEAR,0.6,1,,,0.01,300
C2_n0.01_d300_r03,C2,202630,9.08,8.78,0.3000000000000007,0.2643778268352606,0.2542578888563764,0.24897949930311136,NEAR,NEAR,0.6,1,,,0.01,300
C2_n0.01_d300_r03,C2,202630,9.1,8.8,0.29999999999999893,0.2635724057869903,0.2555020534433925,0.25061013783818165,NEAR,NEAR,0.6,1,,,0.01,300
C2_n0.01_d300_r03,C2,202630,9.12,8.82,0.29999999999999893,0.2624589384879372,0.23989838648501158,0.24793219999988914,NEAR,NEAR,0.6,1,,,0.01,300
C2_n0.01_d300_r03,C2,202630,9.14,8.84,0.3000000000000007,0.2610626967603726,0.242828718228176,0.24665632955696085,NEAR,NEAR,0.6,1,,,0.01,300
C2_n0.01_d300_r03,C2,202630,9.16,8.86,0.3000000000000007,0.25941537041936047,0.22212771078075727,0.24052417486290995,NEAR,NEAR,0.6,1,,,0.01,300
C2_n0.01_d300_r03,C2,202630,9.18,8.88,0.29999999999999893,0.2575543480245365,0.24516457724793267,0.24168427545916565,NEAR,NEAR,0.6,1,,,0.01,300
C2_n0.01_d300_r03,C2,202630,9.2,8.9,0.29999999999999893,0.25552186829027024,0.2496712721387282,0.24368102462905628,NEAR,NEAR,0.6,1,,,0.01,300
C2_n0.01_d300_r03,C2,202630,9.22,8.92,0.3000000000000007,0.25336406141424067,0.26607673049796793,0.2492799510962842,NEAR,NEAR,0.6,1,,,0.01,300
C2_n0.01_d300_r03,C2,202630,9.24,8.94,0.3000000000000007,0.25112990208291897,0.26540768181830887,0.25331188377679037,NEAR,NEAR,0.6,1,,,0.01,300
C2_n0.01_d300_r03,C2,202630,9.26,8.96,0.29999999999999893,0.24887009791708103,0.2622859810670521,0.2555554080993558,NEAR,NEAR,0.6,1,,,0.01,300
C2_n0.01_d300_r03,C2,202630,9.28,8.98,0.29999999999999893,0.24663593858575936,0.2683060479755548,0.2587430680684055,NEAR,NEAR,0.6,1,,,0.01,300
C2_n0.01_d300_r03,C2,202630,9.3,9.0,0.3000000000000007,0.24447813170972976,0.25442865458395375,0.2576644646972926,NEAR,NEAR,0.6,1,,,0.01,300
C2_n0.01_d300_r03,C2,202630,9.32,9.02,0.3000000000000007,0.24244565197546356,0.2513742623902137,0.2560919141205229,NEAR,NEAR,0.6,1,,,0.01,300
C2_n0.01_d300_r03,C2,202630,9.34,9.04,0.3000000000000007,0.2405846295806395,0.2611945986402488,0.2573675852504544,NEAR,NEAR,0.6,1,,,0.01,300
C2_n0.01_d300_r03,C2,202630,9.36,9.06,0.29999999999999893,0.23893730323962742,0.2706258566408997,0.2606821530980657,NEAR,NEAR,0.6,1,,,0.01,300
C2_n0.01_d300_r03,C2,202630,9.38,9.08,0.3000000000000007,0.23754106151206275,0.270977633776966,0.2632560232677908,NEAR,NEAR,0.6,1,,,0.01,300
C2_n0.01_d300_r03,C2,202630,9.4,9.1,0.3000000000000007,0.23642759421300968,0.24890239141278592,0.2596676153040396,NEAR,NEAR,0.6,1,,,0.01,300
C2_n0.01_d300_r03,C2,202630,9.42,9.12,0.3000000000000007,0.23562217316473935,0.26458173313191946,0.26089614476100953,NEAR,NEAR,0.6,1,,,0.01,300
C2_n0.01_d300_r03,C2,202630,9.44,9.14,0.29999999999999893,0.23514307861455025,0.2577061463604895,0.26009864516087955,NEAR,NEAR,0.6,1,,,0.01,300
C2_n0.01_d300_r03,C2,202630,9.46,9.16,0.3000000000000007,0.23500118433694275,0.2607012859965833,0.2602493053698055,NEAR,NEAR,0.6,1,,,0.01,300
C2_n0.01_d300_r03,C2,202630,9.48,9.18,0.3000000000000007,0.235199710836882,0.2596440284962999,0.2600979861514291,NEAR,NEAR,0.6,1,,,0.01,300
C2_n0.01_d300_r03,C2,202630,9.5,9.2,0.3000000000000007,0.2357341522555727,0.24710246683839637,0.25684910632317093,NEAR,NEAR,0.6,1,,,0.01,300
C2_n0.01_d300_r03,C2,202630,9.52,9.22,0.29999999999999893,0.23659237863773103,0.2607066717568367,0.25781349768158734,NEAR,NEAR,0.6,1,,,0.01,300
C2_n0.01_d300_r03,C2,202630,9.54,9.24,0.29999999999999893,0.2377549112392422,0.2506504587810378,0.25602273795645,NEAR,NEAR,0.6,1,,,0.01,300
C2_n0.01_d300_r03,C2,202630,9.56,9.26,0.3000000000000007,0.23919536462668142,0.2584631103594488,0.2566328310571997,NEAR,NEAR,0.6,1,,,0.01,300
C2_n0.01_d300_r03,C2,202630,9.58,9.28,0.3000000000000007,0.24088104553458092,0.2557014354446533,0.2563999821540631,NEAR,NEAR,0.6,1,,,0.01,300
C2_n0.01_d300_r03,C2,202630,9.6,9.3,0.29999999999999893,0.24277369488847422,0.23574787422257487,0.25123695517119105,NEAR,NEAR,0.6,1,,,0.01,300
C2_n0.01_d300_r03,C2,202630,9.62,9.32,0.29999999999999893,0.24483035615238213,0.24228870376633352,0.24899989231997666,NEAR,NEAR,0.6,1,,,0.01,300
C2_n0.01_d300_r03,C2,202630,9.64,9.34,0.3000000000000007,0.24700435029228393,0.2521584071861549,0.24978952103652122,NEAR,NEAR,0.6,1,,,0.01,300
C2_n0.01_d300_r03,C2,202630,9.66,9.36,0.3000000000000007,0.24924633522730347,0.23351018101552867,0.2457196860312731,NEAR,NEAR,0.6,1,,,0.01,300
C2_n0.01_d300_r03,C2,202630,9.68,9.38,0.29999999999999893,0.2515054257227682,0.2242394177630577,0.24034961896421922,NEAR,NEAR,0.6,1,,,0.01,300
C2_n0.01_d300_r03,C2,202630,9.7,9.4,0.29999999999999893,0.25373034830747276,0.24015419803647856,0.24030076373228404,NEAR,NEAR,0.6,1,,,0.01,300
C2_n0.01_d300_r03,C2,202630,9.72,9.42,0.3000000000000007,0.2558706050025581,0.23962287233100746,0.2401312908819649,NEAR,NEAR,0.6,1,,,0.01,300
C2_n0.01_d300_r03,C2,202630,9.74,9.44,0.3000000000000007,0.25787761944941945,0.2557242631871287,0.24402953395825586,NEAR,NEAR,0.6,1,,,0.01,300
C2_n0.01_d300_r03,C2,202630,9.76,9.46,0.29999999999999893,0.25970583942354164,0.22815940201587057,0.24006200097265953,NEAR,NEAR,0.6,1,,,0.01,300
C2_n0.01_d300_r03,C2,202630,9.78,9.48,0.29999999999999893,0.2613137707110415,0.2343722327174805,0.2386395589088648,NEAR,NEAR,0.6,1,,,0.01,300
C2_n0.01_d300_r03,C2,202630,9.8,9.5,0.3000000000000007,0.26266491888253024,0.22597867835655672,0.23547433877078777,NEAR,NEAR,0.6,1,,,0.01,300
C2_n0.01_d300_r03,C2,202630,9.82,9.52,0.3000000000000007,0.26372861758931376,0.24250175940587368,0.23723119392955924,NEAR,NEAR,0.6,1,,,0.01,300
C2_n0.01_d300_r03,C2,202630,9.84,9.54,0.3000000000000007,0.2644807245824991,0.24407315707585073,0.2389416847161321,NEAR,NEAR,0.6,1,,,0.01,300
C2_n0.01_d300_r03,C2,202630,9.86,9.56,0.29999999999999893,0.2649041696578001,0.25429227486370576,0.24277933225302553,NEAR,NEAR,0.6,1,,,0.01,300
C2_n0.01_d300_r03,C2,202630,9.88,9.58,0.3000000000000007,0.26498934208960884,0.2404525148374246,0.2421976278991253,NEAR,NEAR,0.6,1,,,0.01,300
C2_n0.01_d300_r03,C2,202630,9.9,9.6,0.3000000000000007,0.26473430876093035,0.2440141323075453,0.2426517540012303,NEAR,NEAR,0.6,1,,,0.01,300
C2_n0.01_d300_r03,C2,202630,9.92,9.62,0.3000000000000007,0.264144858038393,0.2298171075691093,0.23944309239320005,NEAR,NEAR,0.6,1,,,0.01,300
C2_n0.01_d300_r03,C2,202630,9.94,9.64,0.29999999999999893,0.2632343683965243,0.2604794336513921,0.24470217770774805,NEAR,NEAR,0.6,1,,,0.01,300
C2_n0.01_d300_r03,C2,202630,9.96,9.66,0.3000000000000007,0.2620235047730631,0.2604208577538679,0.24863184771927802,NEAR,NEAR,0.6,1,,,0.01,300
C2_n0.01_d300_r03,C2,202630,9.98,9.68,0.3000000000000007,0.2605397495469827,0.24990701264471304,0.24895063895063677,NEAR,NEAR,0.6,1,,,0.01,300
C2_n0.01_d300_r03,C2,202630,10.0,9.7,0.3000000000000007,0.2588167787843871,0.26128936661766766,0.2520353208673945,NEAR,NEAR,0.6,1,,,0.01,300
C2_n0.01_d300_r03,C2,202630,10.02,9.72,0.29999999999999893,0.25689369790932237,0.26253027681315844,0.2546590598538355,NEAR,NEAR,0.6,1,,,0.01,300
C2_n0.01_d300_r03,C2,202630,10.04,9.74,0.29999999999999893,0.25481415414710823,0.2645588095185492,0.25713399727001396,NEAR,NEAR,0.6,1,,,0.01,300
C2_n0.01_d300_r03,C2,202630,10.06,9.76,0.3000000000000007,0.2526253458846291,0.26322771765931174,0.25865742736733843,NEAR,NEAR,0.6,1,,,0.01,300
C2_n0.01_d300_r03,C2,202630,10.08,9.78,0.3000000000000007,0.25037695143165006,0.2718472389509335,0.2619548802632372,NEAR,NEAR,0.6,1,,,0.01,300
C2_n0.01_d300_r03,C2,202630,10.1,9.8,0.29999999999999893,0.24812000149653549,0.2577777268609375,0.2609105919126623,NEAR,NEAR,0.6,1,,,0.01,300
C2_n0.01_d300_r03,C2,202630,10.12,9.82,0.29999999999999893,0.24590572096724023,0.28249234948252366,0.26630603130512764,NEAR,NEAR,0.6,1,,,0.01,300
C2_n0.01_d300_r03,C2,202630,10.14,9.84,0.3000000000000007,0.24378436628510067,0.261317201709735,0.2650588239062795,NEAR,NEAR,0.6,1,,,0.01,300
C2_n0.01_d300_r03,C2,202630,10.16,9.86,0.3000000000000007,0.24180408479898596,0.24921816661509344,0.261098659583483,NEAR,NEAR,0.6,1,,,0.01,300
C2_n0.01_d300_r03,C2,202630,10.18,9.88,0.29999999999999893,0.24000982198848625,0.24411355341052768,0.25685238304024416,NEAR,NEAR,0.6,1,,,0.01,300
C2_n0.01_d300_r03,C2,202630,10.2,9.9,0.29999999999999893,0.23844230135836322,0.26461240183629453,0.2587923877392567,NEAR,NEAR,0.6,1,,,0.01,300
C2_n0.01_d300_r03,C2,202630,10.22,9.92,0.3000000000000007,0.2371371001570952,0.2679852821177036,0.26109061133386846,NEAR,NEAR,0.6,1,,,0.01,300
C2_n0.01_d300_r03,C2,202630,10.24,9.94,0.3000000000000007,0.23612384189748312,0.2575383559799032,0.26020254749537713,NEAR,NEAR,0.6,1,,,0.01,300
C2_n0.01_d300_r03,C2,202630,10.26,9.96,0.29999999999999893,0.2354255240062799,0.24766881561098303,0.2570691145242786,NEAR,NEAR,0.6,1,,,0.01,300
C2_n0.01_d300_r03,C2,202630,10.28,9.98,0.29999999999999893,0.23505799586285242,0.26408613173289813,0.2588233688264335,NEAR,NEAR,0.6,1,,,0.01,300
C2_n0.01_d300_r03,C2,202630,10.3,10.0,0.3000000000000007,0.23502959907357593,0.252406578447672,0.2572191712317431,NEAR,NEAR,0.6,1,,,0.01,300
C2_n0.01_d300_r03,C2,202630,10.32,10.02,0.3000000000000007,0.23534097814647711,0.253550948945858,0.25630211566027183,NEAR,NEAR,0.6,1,,,0.01,300
C2_n0.01_d300_r03,C2,202630,10.34,10.04,0.3000000000000007,0.23598506586315082,0.2589138798350086,0.256955056703956,NEAR,NEAR,0.6,1,,,0.01,300
C2_n0.01_d300_r03,C2,202630,10.36,10.06,0.29999999999999893,0.23694724367995706,0.24182384037657137,0.25317225262210985,NEAR,NEAR,0.6,1,,,0.01,300
C2_n0.01_d300_r03,C2,202630,10.38,10.08,0.3000000000000007,0.23820567351795077,0.25049247303827027,0.25250230772614995,NEAR,NEAR,0.6,1,,,0.01,300
C2_n0.01_d300_r03,C2,202630,10.4,10.1,0.3000000000000007,0.2397317934110697,0.25449935574047233,0.25300156972973054,NEAR,NEAR,0.6,1,,,0.01,300
C2_n0.01_d300_r03,C2,202630,10.42,10.12,0.3000000000000007,0.24149096576309861,0.24492015495387778,0.25098121603576734,NEAR,NEAR,0.6,1,,,0.01,300
C2_n0.01_d300_r03,C2,202630,10.44,10.14,0.29999999999999893,0.24344326350023596,0.2511268113414826,0.25101761486219615,NEAR,NEAR,0.6,1,,,0.01,300
C2_n0.01_d300_r03,C2,202630,10.46,10.16,0.3000000000000007,0.2455443762763446,0.222322979077559,0.24384395591603686,NEAR,NEAR,0.6,1,,,0.01,300
C2_n0.01_d300_r03,C2,202630,10.48,10.18,0.3000000000000007,0.24774661616318866,0.2431345170947462,0.2436665962107142,NEAR,NEAR,0.6,1,,,0.01,300
C2_n0.01_d300_r03,C2,202630,10.5,10.2,0.3000000000000007,0.25,0.2469257814576226,0.2444813925224413,NEAR,NEAR,0.6,1,,,0.01,300
C2_n0.01_d300_r03,C2,202630,10.52,10.22,0.29999999999999893,0.2522533838368113,0.22521963328337793,0.23966595271267546,NEAR,NEAR,0.6,1,,,0.01,300
C2_n0.01_d300_r03,C2,202630,10.54,10.24,0.29999999999999893,0.2544556237236554,0.24340080073021034,0.24059966471705918,NEAR,NEAR,0.6,1,,,0.01,300
C2_n0.01_d300_r03,C2,202630,10.56,10.26,0.3000000000000007,0.256556736499764,0.22709689803783178,0.23722397304725235,NEAR,NEAR,0.6,1,,,0.01,300
C2_n0.01_d300_r03,C2,202630,10.58,10.28,0.3000000000000007,0.25850903423690136,0.22836032915237042,0.23500806207353186,NEAR,NEAR,0.6,1,,,0.01,300
C2_n0.01_d300_r03,C2,202630,10.6,10.3,0.29999999999999893,0.2602682065889303,0.2507185613087695,0.2389356868823413,NEAR,NEAR,0.6,1,,,0.01,300
C2_n0.01_d300_r03,C2,202630,10.62,10.32,0.29999999999999893,0.2617943264820492,0.23156961799922746,0.23709416966156283,NEAR,NEAR,0.6,1,,,0.01,300
C2_n0.01_d300_r03,C2,202630,10.64,10.34,0.3000000000000007,0.26305275632004294,0.22961866578213982,0.23522529369170708,NEAR,NEAR,0.6,1,,,0.01,300
C2_n0.01_d300_r03,C2,202630,10.66,10.36,0.3000000000000007,0.2640149341368492,0.25330798629534945,0.23974596684261767,NEAR,NEAR,0.6,1,,,0.01,300
C2_n0.01_d300_r03,C2,202630,10.68,10.38,0.29999999999999893,0.2646590218535229,0.23887553100308445,0.23952835788273438,NEAR,NEAR,0.6,1,,,0.01,300
C2_n0.01_d300_r03,C2,202630,10.7,10.4,0.29999999999999893,0.26497040092642404,0.2595442148021446,0.24453232211258694,NEAR,NEAR,0.6,1,,,0.01,300
C2_n0.01_d300_r03,C2,202630,10.72,10.42,0.3000000000000007,0.2649420041371476,0.23503929658252784,0.24215906573007218,NEAR,NEAR,0.6,1,,,0.01,300
C2_n0.01_d300_r03,C2,202630,10.74,10.44,0.3000000000000007,0.2645744759937201,0.23454124226617973,0.24025460986409908,NEAR,NEAR,0.6,1,,,0.01,300
C2_n0.01_d300_r03,C2,202630,10.76,10.46,0.29999999999999893,0.26387615810251686,0.25620809555729357,0.2442429812873977,NEAR,NEAR,0.6,1,,,0.01,300
C2_n0.01_d300_r03,C2,202630,10.78,10.48,0.29999999999999893,0.26286289984290484,0.2571818783805834,0.24747770556069412,NEAR,NEAR,0.6,1,,,0.01,300
C2_n0.01_d300_r03,C2,202630,10.8,10.5,0.3000000000000007,0.2615576986416368,0.24038316154270886,0.2457040695561978,NEAR,NEAR,0.6,1,,,0.01,300
C2_n0.01_d300_r03,C2,202630,10.82,10.52,0.3000000000000007,0.25999017801151375,0.25450219333470336,0.2479036005008242,NEAR,NEAR,0.6,1,,,0.01,300
C2_n0.01_d300_r03,C2,202630,10.84,10.54,0.3000000000000007,0.25819591520101404,0.27302135133152133,0.25418303820849847,NEAR,NEAR,0.6,1,,,0.01,300
C2_n0.01_d300_r03,C2,202630,10.86,10.56,0.29999999999999893,0.25621563371489936,0.2621029535861988,0.25616301705292355,NEAR,NEAR,0.6,1,,,0.01,300
C2_n0.01_d300_r03,C2,202630,10.88,10.58,0.3000000000000007,0.2540942790327598,0.2647934021509411,0.25832061332742795,NEAR,NEAR,0.6,1,,,0.01,300
C2_n0.01_d300_r03,C2,202630,10.9,10.6,0.3000000000000007,0.2518799985034645,0.25530296360729005,0.25756620089739346,NEAR,NEAR,0.6,1,,,0.01,300
C2_n0.01_d300_r03,C2,202630,10.92,10.62,0.3000000000000007,0.24962304856834996,0.2651260738193458,0.25945616912788155,NEAR,NEAR,0.6,1,,,0.01,300
C2_n0.01_d300_r03,C2,202630,10.94,10.64,0.29999999999999893,0.24737465411537093,0.2668967677524652,0.26131631878402745,NEAR,NEAR,0.6,1,,,0.01,300
C2_n0.01_d300_r03,C2,202630,10.96,10.66,0.3000000000000007,0.24518584585289174,0.24947690171147238,0.2583564645158887,NEAR,NEAR,0.6,1,,,0.01,300
C2_n0.01_d300_r03,C2,202630,10.98,10.68,0.3000000000000007,0.24310630209067766,0.2723680346191036,0.2618593570416924,NEAR,NEAR,0.6,1,,,0.01,300
C2_n0.01_d300_r03,C2,202630,11.0,10.7,0.3000000000000007,0.24118322121561292,0.23952014826046608,0.25627455484638584,NEAR,NEAR,0.6,1,,,0.01,300
C2_n0.01_d300_r03,C2,202630,11.02,10.72,0.29999999999999893,0.2394602504530173,0.2556810650529923,0.25612618239803747,NEAR,NEAR,0.6,1,,,0.01,300
C2_n0.01_d300_r03,C2,202630,11.04,10.74,0.29999999999999893,0.23797649522693692,0.2724960175930333,0.26021864119678645,NEAR,NEAR,0.6,1,,,0.01,300
C2_n0.01_d300_r03,C2,202630,11.06,10.76,0.3000000000000007,0.2367656316034757,0.25961350227807795,0.2600673564671093,NEAR,NEAR,0.6,1,,,0.01,300
C2_n0.01_d300_r03,C2,202630,11.08,10.78,0.3000000000000007,0.23585514196160703,0.23489104072567787,0.25377327753175144,NEAR,NEAR,0.6,1,,,0.01,300
C2_n0.01_d300_r03,C2,202630,11.1,10.8,0.29999999999999893,0.23526569123906968,0.2628090220070124,0.2560322136505667,NEAR,NEAR,0.6,1,,,0.01,300
C2_n0.01_d300_r03,C2,202630,11.12,10.82,0.29999999999999893,0.23501065791039116,0.26032180085881806,0.25710461045262956,NEAR,NEAR,0.6,1,,,0.01,300
C2_n0.01_d300_r03,C2,202630,11.14,10.84,0.3000000000000007,0.23509583034219989,0.2760259201991426,0.2618349378892578,NEAR,NEAR,0.6,1,,,0.01,300
C2_n0.01_d300_r03,C2,202630,11.16,10.86,0.3000000000000007,0.2355192754175009,0.27443828713040114,0.26498577519954364,NEAR,NEAR,0.6,1,,,0.01,300
C2_n0.01_d300_r03,C2,202630,11.18,10.88,0.29999999999999893,0.2362713824106862,0.2610060595954009,0.26399084629850794,NEAR,NEAR,0.6,1,,,0.01,300
C2_n0.01_d300_r03,C2,202630,11.2,10.9,0.29999999999999893,0.23733508111746973,0.23826826404844847,0.25756020073599306,NEAR,NEAR,0.6,1,,,0.01,300
C2_n0.01_d300_r03,C2,202630,11.22,10.92,0.3000000000000007,0.23868622928895847,0.2569034545670961,0.25739601419376884,NEAR,NEAR,0.6,1,,,0.01,300
C2_n0.01_d300_r03,C2,202630,11.24,10.94,0.3000000000000007,0.24029416057645833,0.2443056064103067,0.2541234122479033,NEAR,NEAR,0.6,1,,,0.01,300
C2_n0.01_d300_r03,C2,202630,11.26,10.96,0.29999999999999893,0.24212238055058055,0.26514688584336654,0.2568792806467691,NEAR,NEAR,0.6,1,,,0.01,300
C2_n0.01_d300_r03,C2,202630,11.28,10.98,0.29999999999999893,0.2441293949974419,0.2423902337956364,0.25325701893398594,NEAR,NEAR,0.6,1,,,0.01,300
C2_n0.01_d300_r03,C2,202630,11.3,11.0,0.3000000000000007,0.24626965169252724,0.2505291677368884,0.25257505613471154,NEAR,NEAR,0.6,1,,,0.01,300
C2_n0.01_d300_r03,C2,202630,11.32,11.02,0.3000000000000007,0.2484945742772318,0.24218522400582593,0.24997759810249015,NEAR,NEAR,0.6,1,,,0.01,300
C2_n0.01_d300_r03,C2,202630,11.34,11.04,0.3000000000000007,0.25075366477269656,0.22919165919226336,0.24478111337493347,NEAR,NEAR,0.6,1,,,0.01,300
C2_n0.01_d300_r03,C2,202630,11.36,11.06,0.29999999999999893,0.252995649707716,0.2377693396797442,0.24302816995113616,NEAR,NEAR,0.6,1,,,0.01,300
C2_n0.01_d300_r03,C2,202630,11.38,11.08,0.3000000000000007,0.2551696438476178,0.2462105805816617,0.24382377260876753,NEAR,NEAR,0.6,1,,,0.01,300
C2_n0.01_d300_r03,C2,202630,11.4,11.1,0.3000000000000007,0.2572263051115258,0.22452605054799368,0.23899934209357407,NEAR,NEAR,0.6,1,,,0.01,300
C2_n0.01_d300_r03,C2,202630,11.42,11.12,0.3000000000000007,0.25911895446541905,0.2397056839612652,0.23917592756049685,NEAR,NEAR,0.6,1,,,0.01,300
C2_n0.01_d300_r03,C2,202630,11.44,11.14,0.29999999999999893,0.26080463537331855,0.24081049295642126,0.23958456890947794,NEAR,NEAR,0.6,1,,,0.01,300
C2_n0.01_d300_r03,C2,202630,11.46,11.16,0.3000000000000007,0.2622450887607578,0.22773466217996263,0.2366220922270991,NEAR,NEAR,0.6,1,,,0.01,300
C2_n0.01_d300_r03,C2,202630,11.48,11.18,0.3000000000000007,0.263407621362269,0.2294231310556566,0.23482235193423848,NEAR,NEAR,0.6,1,,,0.01,300
C2_n0.01_d300_r03,C2,202630,11.5,11.2,0.3000000000000007,0.2642658477444273,0.24123083509187612,0.2364244727236479,NEAR,NEAR,0.6,1,,,0.01,300
C2_n0.01_d300_r03,C2,202630,11.52,11.22,0.29999999999999893,0.264800289163118,0.26010578201982043,0.24234480004769104,NEAR,NEAR,0.6,1,,,0.01,300
C2_n0.01_d300_r03,C2,202630,11.54,11.24,0.29999999999999893,0.2649988156630572,0.24076849043718607,0.2419507226450648,NEAR,NEAR,0.6,1,,,0.01,300
C2_n0.01_d300_r03,C2,202630,11.56,11.26,0.3000000000000007,0.26485692138544975,0.24516216896554513,0.24275358422518487,NEAR,NEAR,0.6,1,,,0.01,300
C2_n0.01_d300_r03,C2,202630,11.58,11.28,0.3000000000000007,0.2643778268352606,0.25203935450727544,0.2450750267957075,NEAR,NEAR,0.6,1,,,0.01,300
C2_n0.01_d300_r03,C2,202630,11.6,11.3,0.29999999999999893,0.2635724057869903,0.25357556081295357,0.247200160300019,NEAR,NEAR,0.6,1,,,0.01,300
C2_n0.01_d300_r03,C2,202630,11.62,11.32,0.29999999999999893,0.2624589384879373,0.2396559918826835,0.24531411819568513,NEAR,NEAR,0.6,1,,,0.01,300
C2_n0.01_d300_r03,C2,202630,11.64,11.34,0.3000000000000007,0.2610626967603726,0.25808542841599424,0.2485069457507624,NEAR,NEAR,0.6,1,,,0.01,300
C2_n0.01_d300_r03,C2,202630,11.66,11.36,0.3000000000000007,0.2594153704193605,0.24430026947190758,0.24745527668104872,NEAR,NEAR,0.6,1,,,0.01,300
C2_n0.01_d300_r03,C2,202630,11.68,11.38,0.29999999999999893,0.2575543480245365,0.23831426929642788,0.2451700248348935,NEAR,NEAR,0.6,1,,,0.01,300
C2_n0.01_d300_r03,C2,202630,11.7,11.4,0.29999999999999893,0.25552186829027024,0.24878996540690604,0.24607500997789664,NEAR,NEAR,0.6,1,,,0.01,300
C2_n0.01_d300_r03,C2,202630,11.72,11.42,0.3000000000000007,0.25336406141424067,0.2606665075848118,0.24972288437962542,NEAR,NEAR,0.6,1,,,0.01,300
C2_n0.01_d300_r03,C2,202630,11.74,11.44,0.3000000000000007,0.25112990208291897,0.2513565214330946,0.2501312936429927,NEAR,NEAR,0.6,1,,,0.01,300
C2_n0.01_d300_r03,C2,202630,11.76,11.46,0.29999999999999893,0.24887009791708103,0.27044787824270866,0.2552104397929217,NEAR,NEAR,0.6,1,,,0.01,300
C2_n0.01_d300_r03,C2,202630,11.78,11.48,0.29999999999999893,0.24663593858575936,0.2514490670219093,0.2542700966001686,NEAR,NEAR,0.6,1,,,0.01,300
C2_n0.01_d300_r03,C2,202630,11.8,11.5,0.3000000000000007,0.2444781317097298,0.24815877491092636,0.25274226617785805,NEAR,NEAR,0.6,1,,,0.01,300
C2_n0.01_d300_r03,C2,202630,11.82,11.52,0.3000000000000007,0.24244565197546356,0.27398464478462603,0.25805286082955003,NEAR,NEAR,0.6,1,,,0.01,300
C2_n0.01_d300_r03,C2,202630,11.84,11.54,0.3000000000000007,0.2405846295806395,0.29332940734902524,0.2668719974594188,NEAR,NEAR,0.6,1,,,0.01,300
C2_n0.01_d300_r03,C2,202630,11.86,11.56,0.29999999999999893,0.23893730323962745,0.2671429088815219,0.2669397253149446,NEAR,NEAR,0.6,1,,,0.01,300
C2_n0.01_d300_r03,C2,202630,11.88,11.58,0.3000000000000007,0.23754106151206278,0.25679435093059416,0.26440338171885697,NEAR,NEAR,0.6,1,,,0.01,300
C2_n0.01_d300_r03,C2,202630,11.9,11.6,0.3000000000000007,0.23642759421300968,0.23113532271966356,0.2560863669690586,NEAR,NEAR,0.6,1,,,0.01,300
C2_n0.01_d300_r03,C2,202630,11.92,11.62,0.3000000000000007,0.23562217316473938,0.2500204342931196,0.25456988380007384,NEAR,NEAR,0.6,1,,,0.01,300
C2_n0.01_d300_r03,C2,202630,11.94,11.64,0.29999999999999893,0.23514307861455025,0.2644600179841887,0.25704241734610256,NEAR,NEAR,0.6,1,,,0.01,300
C2_n0.01_d300_r03,C2,202630,11.96,11.66,0.3000000000000007,0.23500118433694275,0.2594791553395593,0.2576516018444667,NEAR,NEAR,0.6,1,,,0.01,300
C2_n0.01_d300_r03,C2,202630,11.98,11.68,0.3000000000000007,0.235199710836882,0.25419663058910863,0.2567878590306272,NEAR,NEAR,0.6,1,,,0.01,300
C2_n0.01_d300_r03,C2,202630,12.0,11.7,0.3000000000000007,0.25,0.26504013933595794,0.25885092910695984,NEAR,NEAR,0.6,1,,,0.01,300
C2_n0.01_d300_r03,C2,202630,12.02,11.72,0.29999999999999893,0.25175,0.2582794261551112,0.25870805336899766,NEAR,NEAR,0.6,1,,,0.01,300
C2_n0.01_d300_r03,C2,202630,12.04,11.74,0.29999999999999893,0.25349999999999995,0.2453498163001045,0.25536849410177437,NEAR,NEAR,0.6,1,,,0.01,300
C2_n0.01_d300_r03,C2,202630,12.06,11.76,0.3000000000000007,0.25525000000000003,0.2500476072890684,0.2540382723985979,NEAR,NEAR,0.6,1,,,0.01,300
C2_n0.01_d300_r03,C2,202630,12.08,11.78,0.3000000000000007,0.257,0.2608166297583959,0.25573286173854737,NEAR,NEAR,0.6,1,,,0.01,300
C2_n0.01_d300_r03,C2,202630,12.1,11.8,0.29999999999999893,0.25875,0.2525709283314806,0.2549423783867807,NEAR,NEAR,0.6,1,,,0.01,300
C2_n0.01_d300_r03,C2,202630,12.12,11.82,0.29999999999999893,0.26049999999999995,0.23713394721952727,0.2504902705949673,NEAR,NEAR,0.6,1,,,0.01,300
C2_n0.01_d300_r03,C2,202630,12.14,11.84,0.3000000000000007,0.26225000000000004,0.23879968924489475,0.2475676252574492,NEAR,NEAR,0.6,1,,,0.01,300
C2_n0.01_d300_r03,C2,202630,12.16,11.86,0.3000000000000007,0.264,0.2256836275629711,0.24209662583382965,NEAR,NEAR,0.6,1,,,0.01,300
C2_n0.01_d300_r03,C2,202630,12.18,11.88,0.29999999999999893,0.26575,0.2387641263914371,0.24126350097323152,NEAR,NEAR,0.6,1,,,0.01,300
C2_n0.01_d300_r03,C2,202630,12.2,11.9,0.29999999999999893,0.26749999999999996,0.24626189418610606,0.24251309927645015,NEAR,NEAR,0.6,1,,,0.01,300
C2_n0.01_d300_r03,C2,202630,12.22,11.92,0.3000000000000007,0.26925000000000004,0.24355105587290954,0.24277258842556498,NEAR,NEAR,0.6,1,,,0.01,300
C2_n0.01_d300_r03,C2,202630,12.24,11.94,0.3000000000000007,0.271,0.24674305055764403,0.24376520395858475,NEAR,NEAR,0.6,1,,,0.01,300
C2_n0.01_d300_r03,C2,202630,12.26,11.96,0.29999999999999893,0.27275,0.2321553193588788,0.24086273280865828,NEAR,NEAR,0.6,1,,,0.01,300
C2_n0.01_d300_r03,C2,202630,12.28,11.98,0.29999999999999893,0.27449999999999997,0.24359511145657262,0.24154582747063685,NEAR,NEAR,0.6,1,,,0.01,300
C2_n0.01_d300_r03,C2,202630,12.3,12.0,0.3000000000000007,0.27625000000000005,0.25211652050980776,0.24418850073042958,NEAR,NEAR,0.6,1,,,0.01,300
C2_n0.01_d300_r03,C2,202630,12.32,12.02,0.3000000000000007,0.278,0.25525484310511504,0.24695508632410093,NEAR,NEAR,0.6,1,,,0.01,300
C2_n0.01_d300_r03,C2,202630,12.34,12.04,0.3000000000000007,0.27975,0.2541024463813287,0.24874192633840786,NEAR,NEAR,0.6,1,,,0.01,300
C2_n0.01_d300_r03,C2,202630,12.36,12.06,0.29999999999999893,0.2815,0.25687982734574794,0.2507764015902429,NEAR,NEAR,0.6,1,,,0.01,300
C2_n0.01_d300_r03,C2,202630,12.38,12.08,0.3000000000000007,0.28325000000000006,0.24610354667942833,0.24960818786253924,NEAR,NEAR,0.6,1,,,0.01,300
C2_n0.01_d300_r03,C2,202630,12.4,12.1,0.3000000000000007,0.28500000000000003,0.2467280654172893,0.24888815725122676,NEAR,NEAR,0.6,1,,,0.01,300
C2_n0.01_d300_r03,C2,202630,12.42,12.12,0.3000000000000007,0.28675,0.26106438308934304,0.25193221371075586,NEAR,NEAR,0.6,1,,,0.01,300
C2_n0.01_d300_r03,C2,202630,12.44,12.14,0.29999999999999893,0.2885,0.2650736909060262,0.2552175830095735,NEAR,NEAR,0.6,1,,,0.01,300
C2_n0.01_d300_r03,C2,202630,12.46,12.16,0.3000000000000007,0.29025000000000006,0.27091236692271736,0.25914127898785944,NEAR,NEAR,0.6,1,,,0.01,300
C2_n0.01_d300_r03,C2,202630,12.48,12.18,0.3000000000000007,0.29200000000000004,0.25723368895157517,0.25866438147878834,NEAR,NEAR,0.6,1,,,0.01,300
C2_n0.01_d300_r03,C2,202630,12.5,12.2,0.3000000000000007,0.29375,0.2781505681245481,0.2635359281402283,NEAR,NEAR,0.6,1,,,0.01,300
C2_n0.01_d300_r03,C2,202630,12.52,12.22,0.29999999999999893,0.2955,0.2791150785243882,0.2674307157362683,NEAR,NEAR,0.6,1,,,0.01,300
C2_n0.01_d300_r03,C2,202630,12.54,12.24,0.29999999999999893,0.2972499999999999,0.2696070713664268,0.26797480464380796,NEAR,NEAR,0.6,1,,,0.01,300
C2_n0.01_d300_r03,C2,202630,12.56,12.26,0.3000000000000007,0.29900000000000004,0.2597968541494008,0.2659303170202062,NEAR,NEAR,0.6,1,,,0.01,300
C2_n0.01_d300_r03,C2,202630,12.58,12.28,0.3000000000000007,0.30075,0.267927378895262,0.26642958248897014,NEAR,NEAR,0.6,1,,,0.01,300
C2_n0.01_d300_r03,C2,202630,12.6,12.3,0.29999999999999893,0.3025,0.2703786792544468,0.2674168566803393,NEAR,NEAR,0.6,1,,,0.01,300
C2_n0.01_d300_r03,C2,202630,12.62,12.32,0.29999999999999893,0.3042499999999999,0.2814639064819227,0.2709286191307352,NEAR,NEAR,0.6,1,,,0.01,300
C2_n0.01_d300_r03,C2,202630,12.64,12.34,0.3000000000000007,0.30600000000000005,0.27799698019778335,0.2726957093974972,NEAR,NEAR,0.6,1,,,0.01,300
C2_n0.01_d300_r03,C2,202630,12.66,12.36,0.3000000000000007,0.30775,0.2783646231448106,0.27411293783432555,NEAR,NEAR,0.6,1,,,0.01,300
C2_n0.01_d300_r03,C2,202630,12.68,12.38,0.29999999999999893,0.3095,0.28111186800881544,0.27586267037794804,NEAR,NEAR,0.6,1,,,0.01,300
C2_n0.01_d300_r03,C2,202630,12.7,12.4,0.29999999999999893,0.3112499999999999,0.275062551783255,0.27566264072927477,NEAR,NEAR,0.6,1,,,0.01,300
C2_n0.01_d300_r03,C2,202630,12.72,12.42,0.3000000000000007,0.31300000000000006,0.28914716775474036,0.27903377248564115,NEAR,NEAR,0.6,1,,,0.01,300
C2_n0.01_d300_r03,C2,202630,12.74,12.44,0.3000000000000007,0.31475000000000003,0.2713579208388123,0.277114809573934,NEAR,NEAR,0.6,1,,,0.01,300
C2_n0.01_d300_r03,C2,202630,12.76,12.46,0.29999999999999893,0.3165,0.31201880414244937,0.28584080821606284,NEAR,NEAR,0.6,1,,,0.01,300
C2_n0.01_d300_r03,C2,202630,12.78,12.48,0.29999999999999893,0.3182499999999999,0.3001325194146035,0.289413736015698,NEAR,NEAR,0.6,1,,,0.01,300
C2_n0.01_d300_r03,C2,202630,12.8,12.5,0.3000000000000007,0.32000000000000006,0.28633520359391684,0.28864410291025266,NEAR,NEAR,0.6,1,,,0.01,300
C2_n0.01_d300_r03,C2,202630,12.82,12.52,0.3000000000000007,0.32175000000000004,0.28875480760990957,0.2886717790851669,NEAR,NEAR,0.6,1,,,0.01,300
C2_n0.01_d300_r03,C2,202630,12.84,12.54,0.3000000000000007,0.3235,0.2995370375576826,0.29138809370329577,NEAR,NEAR,0.6,1,,,0.01,300
C2_n0.01_d300_r03,C2,202630,12.86,12.56,0.29999999999999893,0.32524999999999993,0.3040256599090447,0.294547485254733,NEAR,NEAR,0.6,1,,,0.01,300
C2_n0.01_d300_r03,C2,202630,12.88,12.58,0.3000000000000007,0.32700000000000007,0.29753960100632026,0.29529551419262984,NEAR,NEAR,0.6,1,,,0.01,300
C2_n0.01_d300_r03,C2,202630,12.9,12.6,0.3000000000000007,0.32875000000000004,0.2959274764271524,0.2954535047512605,NEAR,NEAR,0.6,1,,,0.01,300
C2_n0.01_d300_r03,C2,202630,12.92,12.62,0.3000000000000007,0.3305,0.31262573557567563,0.29974656245736425,NEAR,NEAR,0.6,1,,,0.01,300
C2_n0.01_d300_r03,C2,202630,12.94,12.64,0.29999999999999893,0.33224999999999993,0.31255103775404836,0.30294768128153526,NEAR,NEAR,0.6,1,,,0.01,300
C2_n0.01_d300_r03,C2,202630,12.96,12.66,0.3000000000000007,0.3340000000000001,0.3079913567724338,0.3042086001542599,NEAR,NEAR,0.6,1,,,0.01,300
C2_n0.01_d300_r03,C2,202630,12.98,12.68,0.3000000000000007,0.33575000000000005,0.29681529510638943,0.30236027389229225,NEAR,NEAR,0.6,1,,,0.01,300
C2_n0.01_d300_r03,C2,202630,13.0,12.7,0.3000000000000007,0.3375,0.31235697460676054,0.30485944907090934,NEAR,NEAR,0.6,1,,,0.01,300
C2_n0.01_d300_r03,C2,202630,13.02,12.72,0.29999999999999893,0.33924999999999994,0.3094989591798109,0.30601932659813474,NEAR,NEAR,0.6,1,,,0.01,300
C2_n0.01_d300_r03,C2,202630,13.04,12.74,0.29999999999999893,0.3409999999999999,0.31548566402723716,0.30838591095541035,NEAR,NEAR,0.6,1,,,0.01,300
C2_n0.01_d300_r03,C2,202630,13.06,12.76,0.3000000000000007,0.34275000000000005,0.3135461945451625,0.3096759818528484,NEAR,NEAR,0.6,1,,,0.01,300
C2_n0.01_d300_r03,C2,202630,13.08,12.78,0.3000000000000007,0.34450000000000003,0.32150516360318976,0.3126332772904337,NEAR,NEAR,0.6,1,,,0.01,300
C2_n0.01_d300_r03,C2,202630,13.1,12.8,0.29999999999999893,0.34624999999999995,0.33174687496909167,0.31741167671009823,NEAR,NEAR,0.6,1,,,0.01,300
C2_n0.01_d300_r03,C2,202630,13.12,12.82,0.29999999999999893,0.3479999999999999,0.33327005342532595,0.32137627088890514,NEAR,NEAR,0.6,1,,,0.01,300
C2_n0.01_d300_r03,C2,202630,13.14,12.84,0.3000000000000007,0.34975000000000006,0.34015416018272077,0.326070743212359,NEAR,NEAR,0.6,1,,,0.01,300
C2_n0.01_d300_r03,C2,202630,13.16,12.86,0.3000000000000007,0.35150000000000003,0.33519514453558924,0.32835184354316654,FAR,NEAR,0.6,1,,,0.01,300
C2_n0.01_d300_r03,C2,202630,13.18,12.88,0.29999999999999893,0.35324999999999995,0.32472805013685035,0.3274458951915875,FAR,NEAR,0.6,1,,,0.01,300
C2_n0.01_d300_r03,C2,202630,13.2,12.9,0.29999999999999893,0.3549999999999999,0.3127579337632082,0.3237739048344927,FAR,NEAR,0.6,1,,,0.01,300
C2_n0.01_d300_r03,C2,202630,13.22,12.92,0.3000000000000007,0.35675000000000007,0.33122653282605463,0.32563706183238317,FAR,NEAR,0.6,1,,,0.01,300
C2_n0.01_d300_r03,C2,202630,13.24,12.94,0.3000000000000007,0.35850000000000004,0.33356253615494286,0.3276184304130231,FAR,NEAR,0.6,1,,,0.01,300
C2_n0.01_d300_r03,C2,202630,13.26,12.96,0.29999999999999893,0.36024999999999996,0.3417589141897406,0.3311535513572025,FAR,NEAR,0.6,1,,,0.01,300
C2_n0.01_d300_r03,C2,202630,13.28,12.98,0.29999999999999893,0.36199999999999993,0.3386550033783916,0.33302891436249976,FAR,NEAR,0.6,1,,,0.01,300
C2_n0.01_d300_r03,C2,202630,13.3,13.0,0.3000000000000007,0.3637500000000001,0.3333591849628431,0.33311148201258556,FAR,NEAR,0.6,1,,,0.01,300
C2_n0.01_d300_r03,C2,202630,13.32,13.02,0.3000000000000007,0.36550000000000005,0.3354507834576806,0.3336963073738593,FAR,NEAR,0.6,1,,,0.01,300
C2_n0.01_d300_r03,C2,202630,13.34,13.04,0.3000000000000007,0.36724999999999997,0.3415991529375177,0.3356720187647739,FAR,NEAR,0.6,1,,,0.01,300
C2_n0.01_d300_r03,C2,202630,13.36,13.06,0.29999999999999893,0.36899999999999994,0.34078462420389544,0.3369501701245543,FAR,NEAR,0.6,1,,,0.01,300
C2_n0.01_d300_r03,C2,202630,13.38,13.08,0.3000000000000007,0.3707500000000001,0.33899474126751006,0.33746131291029324,FAR,NEAR,0.6,1,,,0.01,300
C2_n0.01_d300_r03,C2,202630,13.4,13.1,0.3000000000000007,0.37250000000000005,0.35166767156361434,0.3410129025736235,FAR,NEAR,0.6,1,,,0.01,300
C2_n0.01_d300_r03,C2,202630,13.42,13.12,0.3000000000000007,0.37424999999999997,0.35521373184242494,0.34456310989082384,FAR,NEAR,0.6,1,,,0.01,300
C2_n0.01_d300_r03,C2,202630,13.44,13.14,0.29999999999999893,0.37599999999999995,0.35467965101931326,0.3470922451729462,FAR,NEAR,0.6,1,,,0.01,300
C2_n0.01_d300_r03,C2,202630,13.46,13.16,0.3000000000000007,0.37775000000000003,0.35467269342491187,0.3489873572359376,FAR,NEAR,0.6,1,,,0.01,300
C2_n0.01_d300_r03,C2,202630,13.48,13.18,0.3000000000000007,0.37950000000000006,0.35036290767932443,0.3493312448467843,FAR,NEAR,0.6,1,,,0.01,300
C2_n0.01_d300_r03,C2,202630,13.5,13.2,0.3000000000000007,0.38125,0.3462623871650081,0.34856403042634027,FAR,NEAR,0.6,1,,,0.01,300
C2_n0.01_d300_r03,C2,202630,13.52,13.22,0.29999999999999893,0.38299999999999995,0.35359467830936464,0.3498216923970964,FAR,NEAR,0.6,1,,,0.01,300
C2_n0.01_d300_r03,C2,202630,13.54,13.24,0.29999999999999893,0.3847499999999999,0.3519726063865059,0.3503594208944487,FAR,NEAR,0.6,1,,,0.01,300
C2_n0.01_d300_r03,C2,202630,13.56,13.26,0.3000000000000007,0.38650000000000007,0.35537800805374337,0.3516140676842724,FAR,NEAR,0.6,1,,,0.01,300
C2_n0.01_d300_r03,C2,202630,13.58,13.28,0.3000000000000007,0.38825,0.34670105444225124,0.3503858143737671,FAR,NEAR,0.6,1,,,0.01,300
C2_n0.01_d300_r03,C2,202630,13.6,13.3,0.29999999999999893,0.38999999999999996,0.36889733065200986,0.3550136934433278,FAR,NEAR,0.6,1,,,0.01,300
C2_n0.01_d300_r03,C2,202630,13.62,13.32,0.29999999999999893,0.39174999999999993,0.36578977519235706,0.35770771388058514,FAR,NEAR,0.6,1,,,0.01,300
C2_n0.01_d300_r03,C2,202630,13.64,13.34,0.3000000000000007,0.39350000000000007,0.3727655057660522,0.3614721618519519,FAR,NEAR,0.6,1,,,0.01,300
C2_n0.01_d300_r03,C2,202630,13.66,13.36,0.3000000000000007,0.39525,0.36758705539706366,0.3630008852382299,FAR,NEAR,0.6,1,,,0.01,300
C2_n0.01_d300_r03,C2,202630,13.68,13.38,0.29999999999999893,0.39699999999999996,0.36533216526622553,0.3635837052452288,FAR,NEAR,0.6,1,,,0.01,300
C2_n0.01_d300_r03,C2,202630,13.7,13.4,0.29999999999999893,0.39874999999999994,0.35651569314292,0.36181670221965156,FAR,NEAR,0.6,1,,,0.01,300
C2_n0.01_d300_r03,C2,202630,13.72,13.42,0.3000000000000007,0.4005000000000001,0.38852243857819746,0.36849313630928804,FAR,NEAR,0.6,1,,,0.01,300
C2_n0.01_d300_r03,C2,202630,13.74,13.44,0.3000000000000007,0.40225,0.3672169993324689,0.3681741020650833,FAR,NEAR,0.6,1,,,0.01,300
C2_n0.01_d300_r03,C2,202630,13.76,13.46,0.29999999999999893,0.40399999999999997,0.38714288688066606,0.372916298268979,FAR,NEAR,0.6,1,,,0.01,300
C2_n0.01_d300_r03,C2,202630,13.78,13.48,0.29999999999999893,0.40574999999999994,0.37493700547385006,0.3734214750701968,FAR,NEAR,0.6,1,,,0.01,300
C2_n0.01_d300_r03,C2,202630,13.8,13.5,0.3000000000000007,0.4075000000000001,0.37814465761107136,0.37460227070541546,FAR,NEAR,0.6,1,,,0.01,300
C2_n0.01_d300_r03,C2,202630,13.82,13.52,0.3000000000000007,0.40925,0.377373989615801,0.37529520043301184,FAR,NEAR,0.6,1,,,0.01,300
C2_n0.01_d300_r03,C2,202630,13.84,13.54,0.3000000000000007,0.411,0.38368190484280473,0.37739187653546,FAR,NEAR,0.6,1,,,0.01,300
C2_n0.01_d300_r03,C2,202630,13.86,13.56,0.29999999999999893,0.41274999999999995,0.3898981366850417,0.3805184415728554,FAR,FAR,0.0,1,EXIT_NEAR,,0.01,300
C2_n0.01_d300_r03,C2,202630,13.88,13.58,0.3000000000000007,0.4145000000000001,0.39375467119844004,0.38382749897925156,FAR,FAR,0.0,1,,,0.01,300
C2_n0.01_d300_r03,C2,202630,13.9,13.6,0.3000000000000007,0.41625,0.3840826398989853,0.38389128420918495,FAR,FAR,0.0,1,,,0.01,300
C2_n0.01_d300_r03,C2,202630,13.92,13.62,0.3000000000000007,0.418,0.388115261364991,0.3849472784981365,FAR,FAR,0.0,1,,,0.01,300
C2_n0.01_d300_r03,C2,202630,13.94,13.64,0.29999999999999893,0.41974999999999996,0.40070357374404014,0.3888863523096124,FAR,FAR,0.0,1,,,0.01,300
C2_n0.01_d300_r03,C2,202630,13.96,13.66,0.3000000000000007,0.4215000000000001,0.40160860561578626,0.3920669156361558,FAR,FAR,0.0,1,,,0.01,300
C2_n0.01_d300_r03,C2,202630,13.98,13.68,0.3000000000000007,0.42325,0.39601608897464563,0.39305420897077825,FAR,FAR,0.0,1,,,0.01,300
C2_n0.01_d300_r03,C2,202630,14.0,13.7,0.3000000000000007,0.425,0.3992440891183583,0.3946016790076733,FAR,FAR,0.0,1,,,0.01,300
C2_n0.01_d300_r03,C2,202630,14.02,13.72,0.29999999999999893,0.42674999999999996,0.40538938110696277,0.39729860453249566,FAR,FAR,0.0,1,,,0.01,300
C2_n0.01_d300_r03,C2,202630,14.04,13.74,0.29999999999999893,0.4284999999999999,0.3978785280722156,0.39744358541742564,FAR,FAR,0.0,1,,,0.01,300
C2_n0.01_d300_r03,C2,202630,14.06,13.76,0.3000000000000007,0.43025,0.41105669977431925,0.40084686400664904,FAR,FAR,0.0,1,,,0.01,300
C2_n0.01_d300_r03,C2,202630,14.08,13.78,0.3000000000000007,0.432,0.41044056855122946,0.4032452901427942,FAR,FAR,0.0,1,,,0.01,300
C2_n0.01_d300_r03,C2,202630,14.1,13.8,0.29999999999999893,0.43374999999999997,0.42232091374316705,0.40801419604288736,FAR,FAR,0.0,1,,,0.01,300
C2_n0.01_d300_r03,C2,202630,14.12,13.82,0.29999999999999893,0.4354999999999999,0.4131449269235352,0.4092968787630493,FAR,FAR,0.0,1,,,0.01,300
C2_n0.01_d300_r03,C2,202630,14.14,13.84,0.3000000000000007,0.43725,0.39315137151151713,0.4052605019501663,FAR,FAR,0.0,1,,,0.01,300
C2_n0.01_d300_r03,C2,202630,14.16,13.86,0.3000000000000007,0.439,0.40220648184640784,0.4044969969242267,FAR,FAR,0.0,1,,,0.01,300
C2_n0.01_d300_r03,C2,202630,14.18,13.88,0.29999999999999893,0.44075,0.4039655666885761,0.404364139365314,FAR,FAR,0.0,1,,,0.01,300
C2_n0.01_d300_r03,C2,202630,14.2,13.9,0.29999999999999893,0.4424999999999999,0.4080361257189129,0.4052821359537137,FAR,FAR,0.0,1,,,0.01,300
C2_n0.01_d300_r03,C2,202630,14.22,13.92,0.3000000000000007,0.44425000000000003,0.4266945218466198,0.4106352324269402,FAR,FAR,0.0,1,,,0.01,300
C2_n0.01_d300_r03,C2,202630,14.24,13.94,0.3000000000000007,0.446,0.4267558287351954,0.414665381504004,FAR,FAR,0.0,1,,,0.01,300
C2_n0.01_d300_r03,C2,202630,14.26,13.96,0.29999999999999893,0.44775,0.4117500655249171,0.4139365525092323,FAR,FAR,0.0,1,,,0.01,300
C2_n0.01_d300_r03,C2,202630,14.28,13.98,0.29999999999999893,0.4494999999999999,0.4194333377153822,0.4153107488107698,FAR,FAR,0.0,1,,,0.01,300
C2_n0.01_d300_r03,C2,202630,14.3,14.0,0.3000000000000007,0.45125000000000004,0.420888571195037,0.4167052044068366,FAR,FAR,0.0,1,,,0.01,300
C2_n0.01_d300_r03,C2,202630,14.32,14.02,0.3000000000000007,0.453,0.4201422032226766,0.41756445411079657,FAR,FAR,0.0,1,,,0.01,300
C2_n0.01_d300_r03,C2,202630,14.34,14.04,0.3000000000000007,0.45475,0.4238962166668064,0.419147394749799,FAR,FAR,0.0,1,,,0.01,300
C2_n0.01_d300_r03,C2,202630,14.36,14.06,0.29999999999999893,0.4564999999999999,0.4273491355207949,0.42119782994254795,FAR,FAR,0.0,1,,,0.01,300
C2_n0.01_d300_r03,C2,202630,14.38,14.08,0.3000000000000007,0.45825000000000005,0.42443062101244555,0.4220060277100224,FAR,FAR,0.0,1,,,0.01,300
C2_n0.01_d300_r03,C2,202630,14.4,14.1,0.3000000000000007,0.46,0.4300335528433749,0.4240129089933605,FAR,FAR,0.0,1,,,0.01,300
C2_n0.01_d300_r03,C2,202630,14.42,14.12,0.3000000000000007,0.46175,0.44715331765992705,0.42979801116000216,FAR,FAR,0.0,1,,,0.01,300
C2_n0.01_d300_r03,C2,202630,14.44,14.14,0.29999999999999893,0.4634999999999999,0.4431303209755646,0.43313108861389277,FAR,FAR,0.0,1,,,0.01,300
C2_n0.01_d300_r03,C2,202630,14.46,14.16,0.3000000000000007,0.46525000000000005,0.4168992432616159,0.42907312727582353,FAR,FAR,0.0,1,,,0.01,300
C2_n0.01_d300_r03,C2,202630,14.48,14.18,0.3000000000000007,0.467,0.45144659962659606,0.43466649536351665,FAR,FAR,0.0,1,,,0.01,300
C2_n0.01_d300_r03,C2,202630,14.5,14.2,0.3000000000000007,0.46875,0.44219650365539087,0.43654899743648523,FAR,FAR,0.0,1,,,0.01,300
C2_n0.01_d300_r03,C2,202630,14.52,14.22,0.29999999999999893,0.4704999999999999,0.4282126173663672,0.43446490241895575,FAR,FAR,0.0,1,,,0.01,300
C2_n0.01_d300_r03,C2,202630,14.54,14.24,0.29999999999999893,0.47224999999999995,0.4512199150187747,0.43865365556891045,FAR,FAR,0.0,1,,,0.01,300
C2_n0.01_d300_r03,C2,202630,14.56,14.26,0.3000000000000007,0.47400000000000003,0.4501160717995423,0.4415192596265684,FAR,FAR,0.0,1,,,0.01,300
C2_n0.01_d300_r03,C2,202630,14.58,14.28,0.3000000000000007,0.47575,0.4371480210180936,0.4404264499744497,FAR,FAR,0.0,1,,,0.01,300
C2_n0.01_d300_r03,C2,202630,14.6,14.3,0.29999999999999893,0.4774999999999999,0.44064358794941483,0.44048073446819097,FAR,FAR,0.0,1,,,0.01,300
C2_n0.01_d300_r03,C2,202630,14.62,14.32,0.29999999999999893,0.47924999999999995,0.4526365783461984,0.4435196954376929,FAR,FAR,0.0,1,,,0.01,300
C2_n0.01_d300_r03,C2,202630,14.64,14.34,0.3000000000000007,0.48100000000000004,0.4442932113143795,0.44371307440686447,FAR,FAR,0.0,1,,,0.01,300
C2_n0.01_d300_r03,C2,202630,14.66,14.36,0.3000000000000007,0.48275,0.45719145565540825,0.4470826697190004,FAR,FAR,0.0,1,,,0.01,300
C2_n0.01_d300_r03,C2,202630,14.68,14.38,0.29999999999999893,0.48449999999999993,0.45932072395434825,0.45014218327783734,FAR,FAR,0.0,1,,,0.01,300
C2_n0.01_d300_r03,C2,202630,14.7,14.4,0.29999999999999893,0.48624999999999996,0.4622217399339851,0.45316207244187423,FAR,FAR,0.0,1,,,0.01,300
C2_n0.01_d300_r03,C2,202630,14.72,14.42,0.3000000000000007,0.48800000000000004,0.45606200011088205,0.45388705435912624,FAR,FAR,0.0,1,,,0.01,300
C2_n0.01_d300_r03,C2,202630,14.74,14.44,0.3000000000000007,0.48975,0.44820641713502896,0.4524668950531019,FAR,FAR,0.0,1,,,0.01,300
C2_n0.01_d300_r03,C2,202630,14.76,14.46,0.29999999999999893,0.49149999999999994,0.46023699996283896,0.4544094212805362,FAR,FAR,0.0,1,,,0.01,300
C2_n0.01_d300_r03,C2,202630,14.78,14.48,0.29999999999999893,0.49324999999999997,0.47801563163096583,0.46031097386814357,FAR,FAR,0.0,1,,,0.01,300
C2_n0.01_d300_r03,C2,202630,14.8,14.5,0.3000000000000007,0.49500000000000005,0.47059080094803424,0.4628809306381162,FAR,FAR,0.0,1,,,0.01,300
C2_n0.01_d300_r03,C2,202630,14.82,14.52,0.3000000000000007,0.49675,0.4654730378402402,0.4635289574386472,FAR,FAR,0.0,1,,,0.01,300
C2_n0.01_d300_r03,C2,202630,14.84,14.54,0.3000000000000007,0.49849999999999994,0.4521299579468128,0.4606792075656886,FAR,FAR,0.0,1,,,0.01,300
C2_n0.01_d300_r03,C2,202630,14.86,14.56,0.29999999999999893,0.5002499999999999,0.4745256320681042,0.4641408136912925,FAR,FAR,0.0,1,,,0.01,300
C2_n0.01_d300_r03,C2,202630,14.88,14.58,0.3000000000000007,0.502,0.4728335518147405,0.46631399822215447,FAR,FAR,0.0,1,,,0.01,300
C2_n0.01_d300_r03,C2,202630,14.9,14.6,0.3000000000000007,0.50375,0.468405993875039,0.46683699713537563,FAR,FAR,0.0,1,,,0.01,300
C2_n0.01_d300_r03,C2,202630,14.92,14.62,0.3000000000000007,0.5055000000000001,0.4707966079720145,0.46782689984453535,FAR,FAR,0.0,1,,,0.01,300
C2_n0.01_d300_r03,C2,202630,14.94,14.64,0.29999999999999893,0.50725,0.46970517774894316,0.4682964693206373,FAR,FAR,0.0,1,,,0.01,300
C2_n0.01_d300_r03,C2,202630,14.96,14.66,0.3000000000000007,0.5090000000000001,0.4821106168033006,0.47175000619130314,FAR,FAR,0.0,1,,,0.01,300
C2_n0.01_d300_r03,C2,202630,14.98,14.68,0.3000000000000007,0.51075,0.4829549395468177,0.47455123953018175,FAR,FAR,0.0,1,,,0.01,300
C2_n0.01_d300_r03,C2,202630,15.0,14.7,0.3000000000000007,0.5125,0.4753270756794682,0.4747451985675033,FAR,FAR,0.0,1,,,0.01,300
C2_n0.01_d300_r03,C2,202630,15.02,14.72,0.29999999999999893,0.5142499999999999,0.4789641013583334,0.47579992426521084,FAR,FAR,0.0,1,,,0.01,300
C2_n0.01_d300_r03,C2,202630,15.04,14.74,0.29999999999999893,0.5159999999999999,0.48926112856171444,0.4791652253393367,FAR,FAR,0.0,1,,,0.01,300
C2_n0.01_d300_r03,C2,202630,15.06,14.76,0.3000000000000007,0.51775,0.4878814704182573,0.48134428660906686,FAR,FAR,0.0,1,,,0.01,300
C2_n0.01_d300_r03,C2,202630,15.08,14.78,0.3000000000000007,0.5195,0.4980439496957882,0.4855192023807472,FAR,FAR,0.0,1,,,0.01,300
C2_n0.01_d300_r03,C2,202630,15.1,14.8,0.29999999999999893,0.52125,0.4938850452652297,0.4876106631018678,FAR,FAR,0.0,1,,,0.01,300
C2_n0.01_d300_r03,C2,202630,15.12,14.82,0.29999999999999893,0.5229999999999999,0.4910126319781877,0.4884611553209478,FAR,FAR,0.0,1,,,0.01,300
C2_n0.01_d300_r03,C2,202630,15.14,14.84,0.3000000000000007,0.52475,0.49542405010640933,0.4902018790173132,FAR,FAR,0.0,1,,,0.01,300
C2_n0.01_d300_r03,C2,202630,15.16,14.86,0.3000000000000007,0.5265,0.4796351282541994,0.4875601913265347,FAR,FAR,0.0,1,,,0.01,300
C2_n0.01_d300_r03,C2,202630,15.18,14.88,0.29999999999999893,0.5282499999999999,0.49425040817367766,0.4892327455383204,FAR,FAR,0.0,1,,,0.01,300
C2_n0.01_d300_r03,C2,202630,15.2,14.9,0.29999999999999893,0.5299999999999999,0.496441390799587,0.4910349068536371,FAR,FAR,0.0,1,,,0.01,300
C2_n0.01_d300_r03,C2,202630,15.22,14.92,0.3000000000000007,0.5317500000000001,0.4999905452109652,0.49327381644296914,FAR,FAR,0.0,1,,,0.01,300
C2_n0.01_d300_r03,C2,202630,15.24,14.94,0.3000000000000007,0.5335,0.513905975705078,0.4984318562584964,FAR,FAR,0.0,1,,,0.01,300
C2_n0.01_d300_r03,C2,202630,15.26,14.96,0.29999999999999893,0.53525,0.5059692633956581,0.5003162080427868,FAR,FAR,0.0,1,,,0.01,300
C2_n0.01_d300_r03,C2,202630,15.28,14.98,0.29999999999999893,0.5369999999999999,0.5090685365702141,0.5025042901746436,FAR,FAR,0.0,1,,,0.01,300
C2_n0.01_d300_r03,C2,202630,15.3,15.0,0.3000000000000007,0.5387500000000001,0.5111968502241565,0.5046774301870218,FAR,FAR,0.0,1,,,0.01,300
C2_n0.01_d300_r03,C2,202630,15.32,15.02,0.3000000000000007,0.5405,0.5120330380518837,0.5065163321532373,FAR,FAR,0.0,1,,,0.01,300
C2_n0.01_d300_r03,C2,202630,15.34,15.04,0.3000000000000007,0.5422499999999999,0.5004487440603914,0.5049994351300259,FAR,FAR,0.0,1,,,0.01,300
C2_n0.01_d300_r03,C2,202630,15.36,15.06,0.29999999999999893,0.5439999999999999,0.5313586079590479,0.5115892283372814,FAR,FAR,0.0,1,,,0.01,300
C2_n0.01_d300_r03,C2,202630,15.38,15.08,0.3000000000000007,0.5457500000000001,0.5130226430645373,0.5119475820190953,FAR,FAR,0.0,1,,,0.01,300
C2_n0.01_d300_r03,C2,202630,15.4,15.1,0.3000000000000007,0.5475,0.5247824861426178,0.5151563080499759,FAR,FAR,0.0,1,,,0.01,300
C2_n0.01_d300_r03,C2,202630,15.42,15.12,0.3000000000000007,0.54925,0.5189802013324734,0.5161122813706003,FAR,FAR,0.0,1,,,0.01,300
C2_n0.01_d300_r03,C2,202630,15.44,15.14,0.29999999999999893,0.5509999999999999,0.5264393068435039,0.5186940377388262,FAR,FAR,0.0,1,,,0.01,300
C2_n0.01_d300_r03,C2,202630,15.46,15.16,0.3000000000000007,0.5527500000000001,0.5142025576448311,0.5175711677153274,FAR,FAR,0.0,1,,,0.01,300
C2_n0.01_d300_r03,C2,202630,15.48,15.18,0.3000000000000007,0.5545,0.529201330392831,0.5204787083847033,FAR,FAR,0.0,1,,,0.01,300
C2_n0.01_d300_r03,C2,202630,15.5,15.2,0.3000000000000007,0.5562499999999999,0.5283463809896098,0.52244562653593,FAR,FAR,0.0,1,,,0.01,300
C2_n0.01_d300_r03,C2,202630,15.52,15.22,0.29999999999999893,0.5579999999999999,0.5337689767987355,0.5252764641016313,FAR,FAR,0.0,1,,,0.01,300
C2_n0.01_d300_r03,C2,202630,15.54,15.24,0.29999999999999893,0.55975,0.5258623536139503,0.5254229364797111,FAR,FAR,0.0,1,,,0.01,300
C2_n0.01_d300_r03,C2,202630,15.56,15.26,0.3000000000000007,0.5615,0.5313156116775631,0.5268961052791741,FAR,FAR,0.0,1,,,0.01,300
C2_n0.01_d300_r03,C2,202630,15.58,15.28,0.3000000000000007,0.56325,0.5280104333860448,0.5271746873058918,FAR,FAR,0.0,1,,,0.01,300
C2_n0.01_d300_r03,C2,202630,15.6,15.3,0.29999999999999893,0.565,0.5505311038675752,0.5330137914463127,FAR,FAR,0.0,1,,,0.01,300
C2_n0.01_d300_r03,C2,202630,15.62,15.32,0.29999999999999893,0.5667499999999999,0.5369804867371596,0.5340054652690244,FAR,FAR,0.0,1,,,0.01,300
C2_n0.01_d300_r03,C2,202630,15.64,15.34,0.3000000000000007,0.5685,0.5259753340034382,0.5319979324526278,FAR,FAR,0.0,1,,,0.01,300
C2_n0.01_d300_r03,C2,202630,15.66,15.36,0.3000000000000007,0.5702499999999999,0.5551399508277511,0.5377834370464086,FAR,FAR,0.0,1,,,0.01,300
C2_n0.01_d300_r03,C2,202630,15.68,15.38,0.29999999999999893,0.572,0.5523115147970342,0.5414154564840651,FAR,FAR,0.0,1,,,0.01,300
C2_n0.01_d300_r03,C2,202630,15.7,15.4,0.29999999999999893,0.57375,0.5498896178017862,0.5435339968134953,FAR,FAR,0.0,1,,,0.01,300
C2_n0.01_d300_r03,C2,202630,15.72,15.42,0.3000000000000007,0.5755,0.5618249327544828,0.5481067307987422,FAR,FAR,0.0,1,,,0.01,300
C2_n0.01_d300_r03,C2,202630,15.74,15.44,0.3000000000000007,0.57725,0.5427770450309405,0.5467743093567917,FAR,FAR,0.0,1,,,0.01,300
C2_n0.01_d300_r03,C2,202630,15.76,15.46,0.29999999999999893,0.579,0.5651562385323394,0.5513697916506786,FAR,FAR,0.0,1,,,0.01,300
C2_n0.01_d300_r03,C2,202630,15.78,15.48,0.29999999999999893,0.5807499999999999,0.5623023818464827,0.5541029391996296,FAR,FAR,0.0,1,,,0.01,300
C2_n0.01_d300_r03,C2,202630,15.8,15.5,0.3000000000000007,0.5825,0.5550868047301842,0.5543489055822683,FAR,FAR,0.0,1,,,0.01,300
C2_n0.01_d300_r03,C2,202630,15.82,15.52,0.3000000000000007,0.5842499999999999,0.5509019389695492,0.5534871639290886,FAR,FAR,0.0,1,,,0.01,300
C2_n0.01_d300_r03,C2,202630,15.84,15.54,0.3000000000000007,0.586,0.5520392224317149,0.5531251785547452,FAR,FAR,0.0,1,,,0.01,300
C2_n0.01_d300_r03,C2,202630,15.86,15.56,0.29999999999999893,0.58775,0.5664579624186696,0.5564583745207263,FAR,FAR,0.0,1,,,0.01,300
C2_n0.01_d300_r03,C2,202630,15.88,15.58,0.3000000000000007,0.5895,0.5663573747330648,0.558933124573811,FAR,FAR,0.0,1,,,0.01,300
C2_n0.01_d300_r03,C2,202630,15.9,15.6,0.3000000000000007,0.59125,0.5548856855270214,0.5579212648121136,FAR,FAR,0.0,1,,,0.01,300
C2_n0.01_d300_r03,C2,202630,15.92,15.62,0.3000000000000007,0.593,0.5540878707321719,0.5569629162921281,FAR,FAR,0.0,1,,,0.01,300
C2_n0.01_d300_r03,C2,202630,15.94,15.64,0.29999999999999893,0.5947499999999999,0.5584348914356251,0.5573309100780024,FAR,FAR,0.0,1,,,0.01,300
C2_n0.01_d300_r03,C2,202630,15.96,15.66,0.3000000000000007,0.5965,0.5831211338781275,0.5637784660280336,FAR,FAR,0.0,1,,,0.01,300
C2_n0.01_d300_r03,C2,202630,15.98,15.68,0.3000000000000007,0.59825,0.5546182207749857,0.5614884047147717,FAR,FAR,0.0,1,,,0.01,300
C2_n0.01_d300_r03,C2,202630,16.0,15.7,0.3000000000000007,0.6,0.5717383528488351,0.5640508917482876,FAR,FAR,0.0,1,,,0.01,300
C2_n0.01_d300_r03,C2,202630,16.02,15.72,0.29999999999999893,0.6,0.5901944570391588,0.5705867830710054,FAR,FAR,0.0,1,,,0.01,300
C2_n0.01_d300_r03,C2,202630,16.04,15.74,0.29999999999999893,0.6,0.5676497780954308,0.5698525318271117,FAR,FAR,0.0,1,,,0.01,300
C2_n0.01_d300_r03,C2,202630,16.06,15.76,0.29999999999999893,0.6,0.5805064158143961,0.5725160028239328,FAR,FAR,0.0,1,,,0.01,300
C2_n0.01_d300_r03,C2,202630,16.08,15.78,0.29999999999999893,0.6,0.5783286104920473,0.5739691547409613,FAR,FAR,0.0,1,,,0.01,300
C2_n0.01_d300_r03,C2,202630,16.1,15.8,0.3000000000000007,0.6,0.5608516472881242,0.570689777877752,FAR,FAR,0.0,1,,,0.01,300
C2_n0.01_d300_r03,C2,202630,16.12,15.82,0.3000000000000007,0.6,0.5830784161638765,0.5737869374492831,FAR,FAR,0.0,1,,,0.01,300
C2_n0.01_d300_r03,C2,202630,16.14,15.84,0.3000000000000007,0.6,0.5928235647962662,0.5785460942860289,FAR,FAR,0.0,1,,,0.01,300
C2_n0.01_d300_r03,C2,202630,16.16,15.86,0.3000000000000007,0.6,0.5892805329753894,0.5812297039583689,FAR,FAR,0.0,1,,,0.01,300
C2_n0.01_d300_r03,C2,202630,16.18,15.88,0.29999999999999893,0.6,0.5954772906391591,0.5847916006285665,FAR,FAR,0.0,1,,,0.01,300
C2_n0.01_d300_r03,C2,202630,16.2,15.9,0.29999999999999893,0.6,0.6046478987905233,0.5897556751690557,FAR,FAR,0.0,1,,,0.01,300
C2_n0.01_d300_r03,C2,202630,16.22,15.92,0.29999999999999893,0.6,0.5991685891131873,0.5921089036550886,FAR,FAR,0.0,1,,,0.01,300
C2_n0.01_d300_r03,C2,202630,16.24,15.94,0.29999999999999893,0.6,0.5933565259473156,0.5924208092281453,FAR,FAR,0.0,1,,,0.01,300
C2_n0.01_d300_r03,C2,202630,16.26,15.96,0.3000000000000007,0.6,0.6093554308683646,0.5966544646382002,FAR,FAR,0.0,1,,,0.01,300
C2_n0.01_d300_r03,C2,202630,16.28,15.98,0.3000000000000007,0.6,0.5980010309749465,0.5969911062223867,FAR,FAR,0.0,1,,,0.01,300
C2_n0.01_d300_r03,C2,202630,16.3,16.0,0.3000000000000007,0.6,0.595399371821261,0.5965931726221053,FAR,FAR,0.0,1,,,0.01,300
C2_n0.01_d300_r03,C2,202630,16.32,16.02,0.3000000000000007,0.6,0.6028676007059733,0.5981617796430723,FAR,FAR,0.0,1,,,0.01,300
C2_n0.01_d300_r03,C2,202630,16.34,16.04,0.3000000000000007,0.6,0.5848704905544494,0.5948389573709165,FAR,FAR,0.0,1,,,0.01,300
C2_n0.01_d300_r03,C2,202630,16.36,16.06,0.3000000000000007,0.6,0.5990914010170592,0.5959020682824522,FAR,FAR,0.0,1,,,0.01,300
C2_n0.01_d300_r03,C2,202630,16.38,16.08,0.3000000000000007,0.6,0.598001911779932,0.5964270291568221,FAR,FAR,0.0,1,,,0.01,300
C2_n0.01_d300_r03,C2,202630,16.4,16.1,0.29999999999999716,0.6,0.600204681156214,0.59737144215667,FAR,FAR,0.0,1,,,0.01,300
C2_n0.01_d300_r03,C2,202630,16.42,16.12,0.3000000000000007,0.6,0.6032182431024289,0.5988331423931097,FAR,FAR,0.0,1,,,0.01,300
C2_n0.01_d300_r03,C2,202630,16.44,16.14,0.3000000000000007,0.6,0.5946499841007652,0.5977873528200236,FAR,FAR,0.0,1,,,0.01,300
C2_n0.01_d300_r03,C2,202630,16.46,16.16,0.3000000000000007,0.6,0.5894110385537251,0.595693274253449,FAR,FAR,0.0,1,,,0.01,300
C2_n0.01_d300_r03,C2,202630,16.48,16.18,0.3000000000000007,0.6,0.6188153523367586,0.6014737937742763,FAR,FAR,0.0,1,,,0.01,300
C2_n0.01_d300_r03,C2,202630,16.5,16.2,0.3000000000000007,0.6,0.5958643140718449,0.6000714238486684,FAR,FAR,0.0,1,,,0.01,300
C2_n0.01_d300_r03,C2,202630,16.52,16.22,0.3000000000000007,0.6,0.6133575716332257,0.6033929607948078,FAR,FAR,0.0,1,,,0.01,300
C2_n0.01_d300_r03,C2,202630,16.54,16.24,0.3000000000000007,0.6,0.5812123626976875,0.5978478112705277,FAR,FAR,0.0,1,,,0.01,300
C2_n0.01_d300_r03,C2,202630,16.56,16.26,0.29999999999999716,0.6,0.6014646037822864,0.5987520093984673,FAR,FAR,0.0,1,,,0.01,300
C2_n0.01_d300_r03,C2,202630,16.58,16.28,0.29999999999999716,0.6,0.603353015493061,0.5999022609221157,FAR,FAR,0.0,1,,,0.01,300
C2_n0.01_d300_r03,C2,202630,16.6,16.3,0.3000000000000007,0.6,0.6106710700578715,0.6025944632060547,FAR,FAR,0.0,1,,,0.01,300
C2_n0.01_d300_r03,C2,202630,16.62,16.32,0.3000000000000007,0.6,0.5981281486728323,0.6014778845727491,FAR,FAR,0.0,1,,,0.01,300
C2_n0.01_d300_r03,C2,202630,16.64,16.34,0.3000000000000007,0.6,0.5970681772431677,0.6003754577403537,FAR,FAR,0.0,1,,,0.01,300
C2_n0.01_d300_r03,C2,202630,16.66,16.36,0.3000000000000007,0.6,0.5981779740420549,0.599826086815779,FAR,FAR,0.0,1,,,0.01,300
C2_n0.01_d300_r03,C2,202630,16.68,16.38,0.3000000000000007,0.6,0.5985582662850587,0.5995091316830989,FAR,FAR,0.0,1,,,0.01,300
C2_n0.01_d300_r03,C2,202630,16.7,16.4,0.3000000000000007,0.6,0.5827339543946547,0.5953153373609879,FAR,FAR,0.0,1,,,0.01,300
C2_n0.01_d300_r03,C2,202630,16.72,16.42,0.29999999999999716,0.6,0.5973540478801989,0.5958250149907907,FAR,FAR,0.0,1,,,0.01,300
C2_n0.01_d300_r03,C2,202630,16.74,16.44,0.29999999999999716,0.6,0.6188987858033191,0.6015934576939228,FAR,FAR,0.0,1,,,0.01,300
C2_n0.01_d300_r03,C2,202630,16.76,16.46,0.3000000000000007,0.6,0.5850007945278534,0.5974452919024055,FAR,FAR,0.0,1,,,0.01,300
C2_n0.01_d300_r03,C2,202630,16.78,16.48,0.3000000000000007,0.6,0.5924337828743041,0.5961924146453802,FAR,FAR,0.0,1,,,0.01,300
C2_n0.01_d300_r03,C2,202630,16.8,16.5,0.3000000000000007,0.6,0.6393364346724072,0.606978419652137,FAR,FAR,0.0,1,,,0.01,300
C2_n0.01_d300_r03,C2,202630,16.82,16.52,0.3000000000000007,0.6,0.5924099624050655,0.6033363053403691,FAR,FAR,0.0,1,,,0.01,300
C2_n0.01_d300_r03,C2,202630,16.84,16.54,0.3000000000000007,0.6,0.5926889236521764,0.6006744599183209,FAR,FAR,0.0,1,,,0.01,300
C2_n0.01_d300_r03,C2,202630,16.86,16.56,0.3000000000000007,0.6,0.594949297566182,0.5992431693302862,FAR,FAR,0.0,1,,,0.01,300
C2_n0.01_d300_r03,C2,202630,16.88,16.58,0.3000000000000007,0.6,0.6020525955426917,0.5999455258833876,FAR,FAR,0.0,1,,,0.01,300
C2_n0.01_d300_r03,C2,202630,16.9,16.6,0.29999999999999716,0.6,0.6092298233753268,0.6022666002563724,FAR,FAR,0.0,1,,,0.01,300
C2_n0.01_d300_r03,C2,202630,16.92,16.62,0.3000000000000007,0.6,0.5888402428521791,0.598910010905324,FAR,FAR,0.0,1,,,0.01,300
C2_n0.01_d300_r03,C2,202630,16.94,16.64,0.3000000000000007,0.6,0.5676054578717448,0.5910838726469292,FAR,FAR,0.0,1,,,0.01,300
C2_n0.01_d300_r03,C2,202630,16.96,16.66,0.3000000000000007,0.6,0.6056891842123389,0.5947352005382815,FAR,FAR,0.0,1,,,0.01,300
C2_n0.01_d300_r03,C2,202630,16.98,16.68,0.3000000000000007,0.6,0.6111256979093775,0.5988328248810555,FAR,FAR,0.0,1,,,0.01,300
C2_n0.01_d300_r03,C2,202630,17.0,16.7,0.3000000000000007,0.6,0.6187187021769448,0.6038042942050278,FAR,FAR,0.0,1,,,0.01,300
C2_n0.01_d300_r03,C2,202630,17.02,16.72,0.3000000000000007,0.6,0.609768109331946,0.6052952479867574,FAR,FAR,0.0,1,,,0.01,300
C2_n0.01_d300_r03,C2,202630,17.04,16.74,0.3000000000000007,0.6,0.5891594523448431,0.6012612990762789,FAR,FAR,0.0,1,,,0.01,300
C2_n0.01_d300_r03,C2,202630,17.06,16.76,0.29999999999999716,0.6,0.5925580198794324,0.5990854792770672,FAR,FAR,0.0,1,,,0.01,300
C2_n0.01_d300_r03,C2,202630,17.08,16.78,0.29999999999999716,0.6,0.5918974457668235,0.5972884708995063,FAR,FAR,0.0,1,,,0.01,300
C2_n0.01_d300_r03,C2,202630,17.1,16.8,0.3000000000000007,0.6,0.6112953537828623,0.6007901916203453,FAR,FAR,0.0,1,,,0.01,300
C2_n0.01_d300_r03,C2,202630,17.12,16.82,0.3000000000000007,0.6,0.5890650319615996,0.5978589017056589,FAR,FAR,0.0,1,,,0.01,300
C2_n0.01_d300_r03,C2,202630,17.14,16.84,0.3000000000000007,0.6,0.610082866678227,0.6009148929488008,FAR,FAR,0.0,1,,,0.01,300
C2_n0.01_d300_r03,C2,202630,17.16,16.86,0.3000000000000007,0.6,0.6058379753906097,0.602145663559253,FAR,FAR,0.0,1,,,0.01,300
C2_n0.01_d300_r03,C2,202630,17.18,16.88,0.3000000000000007,0.6,0.60378788161015,0.6025562180719772,FAR,FAR,0.0,1,,,0.01,300
C2_n0.01_d300_r03,C2,202630,17.2,16.9,0.3000000000000007,0.6,0.5886539033153957,0.5990806393828318,FAR,FAR,0.0,1,,,0.01,300
C2_n0.01_d300_r03,C2,202630,17.22,16.92,0.29999999999999716,0.6,0.6081972939215025,0.6013598030174995,FAR,FAR,0.0,1,,,0.01,300
C2_n0.01_d300_r03,C2,202630,17.24,16.94,0.29999999999999716,0.6,0.5927287051364715,0.5992020285472425,FAR,FAR,0.0,1,,,0.01,300
C2_n0.01_d300_r03,C2,202630,17.26,16.96,0.3000000000000007,0.6,0.6122507319922601,0.6024642044084969,FAR,FAR,0.0,1,,,0.01,300
C2_n0.01_d300_r03,C2,202630,17.28,16.98,0.3000000000000007,0.6,0.5931302668919314,0.6001307200293555,FAR,FAR,0.0,1,,,0.01,300
C2_n0.01_d300_r03,C2,202630,17.3,17.0,0.3000000000000007,0.6,0.6139368084358955,0.6035822421309905,FAR,FAR,0.0,1,,,0.01,300
C2_n0.01_d300_r03,C2,202630,17.32,17.02,0.3000000000000007,0.6,0.5985271325283852,0.6023184647303392,FAR,FAR,0.0,1,,,0.01,300
C2_n0.01_d300_r03,C2,202630,17.34,17.04,0.3000000000000007,0.6,0.584295419136322,0.5978127033318349,FAR,FAR,0.0,1,,,0.01,300
C2_n0.01_d300_r03,C2,202630,17.36,17.06,0.3000000000000007,0.6,0.6030104571308471,0.599112141781588,FAR,FAR,0.0,1,,,0.01,300
C2_n0.01_d300_r03,C2,202630,17.38,17.08,0.3000000000000007,0.6,0.6027877241617957,0.6000310373766399,FAR,FAR,0.0,1,,,0.01,300
C2_n0.01_d300_r03,C2,202630,17.4,17.1,0.29999999999999716,0.6,0.5971144720438705,0.5993018960434475,FAR,FAR,0.0,1,,,0.01,300
C2_n0.01_d300_r03,C2,202630,17.42,17.12,0.3000000000000007,0.6,0.5878777830606418,0.5964458677977461,FAR,FAR,0.0,1,,,0.01,300
C2_n0.01_d300_r03,C2,202630,17.44,17.14,0.3000000000000007,0.6,0.5915843503902426,0.5952304884458702,FAR,FAR,0.0,1,,,0.01,300
C2_n0.01_d300_r03,C2,202630,17.46,17.16,0.3000000000000007,0.6,0.587707043368537,0.5933496271765368,FAR,FAR,0.0,1,,,0.01,300
C2_n0.01_d300_r03,C2,202630,17.48,17.18,0.3000000000000007,0.6,0.5963067365048353,0.5940889045086115,FAR,FAR,0.0,1,,,0.01,300
C2_n0.01_d300_r03,C2,202630,17.5,17.2,0.3000000000000007,0.6,0.5798949384640543,0.5905404129974722,FAR,FAR,0.0,1,,,0.01,300
C2_n0.01_d300_r03,C2,202630,17.52,17.22,0.3000000000000007,0.6,0.6182169106576485,0.5974595374125162,FAR,FAR,0.0,1,,,0.01,300
C2_n0.01_d300_r03,C2,202630,17.54,17.24,0.3000000000000007,0.6,0.5884150852674751,0.5951984243762559,FAR,FAR,0.0,1,,,0.01,300
C2_n0.01_d300_r03,C2,202630,17.56,17.26,0.29999999999999716,0.6,0.5804252686230542,0.5915051354379555,FAR,FAR,0.0,1,,,0.01,300
C2_n0.01_d300_r03,C2,202630,17.58,17.28,0.29999999999999716,0.6,0.5994231257984909,0.5934846330280893,FAR,FAR,0.0,1,,,0.01,300
C2_n0.01_d300_r03,C2,202630,17.6,17.3,0.3000000000000007,0.6,0.6129918789303102,0.5983614445036445,FAR,FAR,0.0,1,,,0.01,300
C2_n0.01_d300_r03,C2,202630,17.62,17.32,0.3000000000000007,0.6,0.5863697692584673,0.5953635256923502,FAR,FAR,0.0,1,,,0.01,300
C2_n0.01_d300_r03,C2,202630,17.64,17.34,0.3000000000000007,0.6,0.612459401445736,0.5996374946306966,FAR,FAR,0.0,1,,,0.01,300
C2_n0.01_d300_r03,C2,202630,17.66,17.36,0.3000000000000007,0.6,0.602315465701109,0.6003069873982997,FAR,FAR,0.0,1,,,0.01,300
C2_n0.01_d300_r03,C2,202630,17.68,17.38,0.3000000000000007,0.6,0.5947920012408349,0.5989282408589335,FAR,FAR,0.0,1,,,0.01,300
C2_n0.01_d300_r03,C2,202630,17.7,17.4,0.3000000000000007,0.6,0.6013183628873178,0.5995257713660296,FAR,FAR,0.0,1,,,0.01,300
C2_n0.01_d300_r03,C2,202630,17.72,17.42,0.29999999999999716,0.6,0.6134152183292396,0.6029981331068321,FAR,FAR,0.0,1,,,0.01,300
C2_n0.01_d300_r03,C2,202630,17.74,17.44,0.29999999999999716,0.6,0.6074354541719722,0.6041074633731172,FAR,FAR,0.0,1,,,0.01,300
C2_n0.01_d300_r03,C2,202630,17.76,17.46,0.3000000000000007,0.6,0.5991431295894015,0.6028663799271883,FAR,FAR,0.0,1,,,0.01,300
C2_n0.01_d300_r03,C2,202630,17.78,17.48,0.3000000000000007,0.6,0.5983610028373382,0.6017400356547258,FAR,FAR,0.0,1,,,0.01,300
C2_n0.01_d300_r03,C2,202630,17.8,17.5,0.3000000000000007,0.6,0.5980112848920207,0.6008078479640495,FAR,FAR,0.0,1,,,0.01,300
C2_n0.01_d300_r03,C2,202630,17.82,17.52,0.3000000000000007,0.6,0.5984386274696772,0.6002155428404564,FAR,FAR,0.0,1,,,0.01,300
C2_n0.01_d300_r03,C2,202630,17.84,17.54,0.3000000000000007,0.6,0.5983921489524888,0.5997596943684644,FAR,FAR,0.0,1,,,0.01,300
C2_n0.01_d300_r03,C2,202630,17.86,17.56,0.3000000000000007,0.6,0.592094279495776,0.5978433406502923,FAR,FAR,0.0,1,,,0.01,300
C2_n0.01_d300_r03,C2,202630,17.88,17.58,0.3000000000000007,0.6,0.5984751530776152,0.5980012937571231,FAR,FAR,0.0,1,,,0.01,300
C2_n0.01_d300_r03,C2,202630,17.9,17.6,0.29999999999999716,0.6,0.6015449672610618,0.5988872121331077,FAR,FAR,0.0,1,,,0.01,300
C2_n0.01_d300_r03,C2,202630,17.92,17.62,0.3000000000000007,0.6,0.6172607466329209,0.603480595758061,FAR,FAR,0.0,1,,,0.01,300
C2_n0.01_d300_r03,C2,202630,17.94,17.64,0.3000000000000007,0.6,0.6012089572316047,0.602912686126447,FAR,FAR,0.0,1,,,0.01,300
C2_n0.01_d300_r03,C2,202630,17.96,17.66,0.3000000000000007,0.6,0.6010517174780804,0.6024474439643553,FAR,FAR,0.0,1,,,0.01,300
C2_n0.01_d300_r03,C2,202630,17.98,17.68,0.3000000000000007,0.6,0.6011087652287931,0.6021127742804648,FAR,FAR,0.0,1,,,0.01,300
C2_n0.01_d300_r03,C2,202630,18.0,17.7,0.3000000000000007,0.6,0.5973501578762646,0.6009221201794148,FAR,FAR,0.0,1,,,0.01,300
C2_n0.01_d300_r03,C2,202630,18.02,17.72,0.3000000000000007,0.6,0.6139997478305554,0.6041915270922,FAR,FAR,0.0,1,,,0.01,300
C2_n0.01_d300_r03,C2,202630,18.04,17.74,0.3000000000000007,0.6,0.6058235591235193,0.6045995351000298,FAR,FAR,0.0,1,,,0.01,300
C2_n0.01_d300_r03,C2,202630,18.06,17.76,0.29999999999999716,0.6,0.6185254621487508,0.60808101686221,FAR,FAR,0.0,1,,,0.01,300
C2_n0.01_d300_r03,C2,202630,18.08,17.78,0.29999999999999716,0.6,0.592924501082059,0.6042918879171723,FAR,FAR,0.0,1,,,0.01,300
C2_n0.01_d300_r03,C2,202630,18.1,17.8,0.3000000000000007,0.6,0.613379716740341,0.6065638451229645,FAR,FAR,0.0,1,,,0.01,300
C2_n0.01_d300_r03,C2,202630,18.12,17.82,0.3000000000000007,0.6,0.6019142503998922,0.6054014464421964,FAR,FAR,0.0,1,,,0.01,300
C2_n0.01_d300_r03,C2,202630,18.14,17.84,0.3000000000000007,0.6,0.5983021442283869,0.603626620888744,FAR,FAR,0.0,1,,,0.01,300
C2_n0.01_d300_r03,C2,202630,18.16,17.86,0.3000000000000007,0.6,0.5926494342238554,0.6008823242225219,FAR,FAR,0.0,1,,,0.01,300
C2_n0.01_d300_r03,C2,202630,18.18,17.88,0.3000000000000007,0.6,0.6202567396464562,0.6057259280785054,FAR,FAR,0.0,1,,,0.01,300
C2_n0.01_d300_r03,C2,202630,18.2,17.9,0.3000000000000007,0.6,0.608115574557587,0.6063233396982759,FAR,FAR,0.0,1,,,0.01,300
C2_n0.01_d300_r03,C2,202630,18.22,17.92,0.29999999999999716,0.6,0.6042355703096156,0.6058013973511108,FAR,FAR,0.0,1,,,0.01,300
C2_n0.01_d300_r03,C2,202630,18.24,17.94,0.29999999999999716,0.6,0.6072896016888472,0.606173448435545,FAR,FAR,0.0,1,,,0.01,300
C2_n0.01_d300_r03,C2,202630,18.26,17.96,0.3000000000000007,0.6,0.5902397130858624,0.6021900145981244,FAR,FAR,0.0,1,,,0.01,300
C2_n0.01_d300_r03,C2,202630,18.28,17.98,0.3000000000000007,0.6,0.5961219617161977,0.6006730013776427,FAR,FAR,0.0,1,,,0.01,300
C2_n0.01_d300_r03,C2,202630,18.3,18.0,0.3000000000000007,0.6,0.6097322747780701,0.6029378197277495,FAR,FAR,0.0,1,,,0.01,300
C2_n0.01_d300_r03,C2,202630,18.32,18.02,0.3000000000000007,0.6,0.6127906165393275,0.605401018930644,FAR,FAR,0.0,1,,,0.01,300
C2_n0.01_d300_r03,C2,202630,18.34,18.04,0.3000000000000007,0.6,0.5956439389995315,0.6029617489478659,FAR,FAR,0.0,1,,,0.01,300
C2_n0.01_d300_r03,C2,202630,18.36,18.06,0.3000000000000007,0.6,0.5923902336856592,0.6003188701323142,FAR,FAR,0.0,1,,,0.01,300
C2_n0.01_d300_r03,C2,202630,18.38,18.08,0.3000000000000007,0.6,0.5953192599027247,0.5990689675749168,FAR,FAR,0.0,1,,,0.01,300
C2_n0.01_d300_r03,C2,202630,18.4,18.1,0.29999999999999716,0.6,0.6023651221563782,0.5998930062202821,FAR,FAR,0.0,1,,,0.01,300
C2_n0.01_d300_r03,C2,202630,18.42,18.12,0.3000000000000007,0.6,0.5991103761909844,0.5996973487129577,FAR,FAR,0.0,1,,,0.01,300
C2_n0.01_d300_r03,C2,202630,18.44,18.14,0.3000000000000007,0.6,0.5843094851896026,0.5958503828321189,FAR,FAR,0.0,1,,,0.01,300
C2_n0.01_d300_r03,C2,202630,18.46,18.16,0.3000000000000007,0.6,0.6169017118852886,0.6011132150954113,FAR,FAR,0.0,1,,,0.01,300
C2_n0.01_d300_r03,C2,202630,18.48,18.18,0.3000000000000007,0.6,0.601561394702528,0.6012252599971905,FAR,FAR,0.0,1,,,0.01,300
C2_n0.01_d300_r03,C2,202630,18.5,18.2,0.3000000000000007,0.6,0.5805355947352692,0.5960528436817102,FAR,FAR,0.0,1,,,0.01,300
C2_n0.01_d300_r03,C2,202630,18.52,18.22,0.3000000000000007,0.6,0.6187962823188451,0.601738703340994,FAR,FAR,0.0,1,,,0.01,300
C2_n0.01_d300_r03,C2,202630,18.54,18.24,0.3000000000000007,0.6,0.6090744311311375,0.6035726352885299,FAR,FAR,0.0,1,,,0.01,300
C2_n0.01_d300_r03,C2,202630,18.56,18.26,0.29999999999999716,0.6,0.6062327863657418,0.6042376730578328,FAR,FAR,0.0,1,,,0.01,300
C2_n0.01_d300_r03,C2,202630,18.58,18.28,0.29999999999999716,0.6,0.5904939359426403,0.6008017387790346,FAR,FAR,0.0,1,,,0.01,300
C2_n0.01_d300_r03,C2,202630,18.6,18.3,0.3000000000000007,0.6,0.5888416021750874,0.5978117046280479,FAR,FAR,0.0,1,,,0.01,300
C2_n0.01_d300_r03,C2,202630,18.62,18.32,0.3000000000000007,0.6,0.6169710228877913,0.6026015341929837,FAR,FAR,0.0,1,,,0.01,300
C2_n0.01_d300_r03,C2,202630,18.64,18.34,0.3000000000000007,0.6,0.6071867830522318,0.6037478464077958,FAR,FAR,0.0,1,,,0.01,300
C2_n0.01_d300_r03,C2,202630,18.66,18.36,0.3000000000000007,0.6,0.6061713279145114,0.6043537167844747,FAR,FAR,0.0,1,,,0.01,300
C2_n0.01_d300_r03,C2,202630,18.68,18.38,0.3000000000000007,0.6,0.594146330271915,0.6018018701563348,FAR,FAR,0.0,1,,,0.01,300
C2_n0.01_d300_r03,C2,202630,18.7,18.4,0.3000000000000007,0.6,0.591654598708729,0.5992650522944334,FAR,FAR,0.0,1,,,0.01,300
C2_n0.01_d300_r03,C2,202630,18.72,18.42,0.29999999999999716,0.6,0.5943395402093573,0.5980336742731643,FAR,FAR,0.0,1,,,0.01,300
C2_n0.01_d300_r03,C2,202630,18.74,18.44,0.29999999999999716,0.6,0.5941282039025421,0.5970573066805087,FAR,FAR,0.0,1,,,0.01,300
C2_n0.01_d300_r03,C2,202630,18.76,18.46,0.3000000000000007,0.6,0.600961456470092,0.5980333441279045,FAR,FAR,0.0,1,,,0.01,300
C2_n0.01_d300_r03,C2,202630,18.78,18.48,0.3000000000000007,0.6,0.5996278696871872,0.5984319755177252,FAR,FAR,0.0,1,,,0.01,300
C2_n0.01_d300_r03,C2,202630,18.8,18.5,0.3000000000000007,0.6,0.6099607405257438,0.6013141667697298,FAR,FAR,0.0,1,,,0.01,300
C2_n0.01_d300_r03,C2,202630,18.82,18.52,0.3000000000000007,0.6,0.604576227166878,0.6021296818690168,FAR,FAR,0.0,1,,,0.01,300
C2_n0.01_d300_r03,C2,202630,18.84,18.54,0.3000000000000007,0.6,0.6069290776552633,0.6033295308155784,FAR,FAR,0.0,1,,,0.01,300
C2_n0.01_d300_r03,C2,202630,18.86,18.56,0.3000000000000007,0.6,0.5888783475578953,0.5997167350011576,FAR,FAR,0.0,1,,,0.01,300
C2_n0.01_d300_r03,C2,202630,18.88,18.58,0.3000000000000007,0.6,0.600013838748747,0.599791010938055,FAR,FAR,0.0,1,,,0.01,300
C2_n0.01_d300_r03,C2,202630,18.9,18.6,0.29999999999999716,0.6,0.5997353754580318,0.5997771020680491,FAR,FAR,0.0,1,,,0.01,300
C2_n0.01_d300_r03,C2,202630,18.92,18.62,0.3000000000000007,0.6,0.5956402052688422,0.5987428778682474,FAR,FAR,0.0,1,,,0.01,300
C2_n0.01_d300_r03,C2,202630,18.94,18.64,0.3000000000000007,0.6,0.6190447693965875,0.6038183507503324,FAR,FAR,0.0,1,,,0.01,300
C2_n0.01_d300_r03,C2,202630,18.96,18.66,0.3000000000000007,0.6,0.6024958859641466,0.603487734553786,FAR,FAR,0.0,1,,,0.01,300
C2_n0.01_d300_r03,C2,202630,18.98,18.68,0.3000000000000007,0.6,0.6057575698749499,0.604055193384077,FAR,FAR,0.0,1,,,0.01,300
C2_n0.01_d300_r03,C2,202630,19.0,18.7,0.3000000000000007,0.6,0.5904392395486927,0.6006512049252309,FAR,FAR,0.0,1,,,0.01,300
C2_n0.01_d300_r03,C2,202630,19.02,18.72,0.3000000000000007,0.6,0.613258462530843,0.6038030193266339,FAR,FAR,0.0,1,,,0.01,300
C2_n0.01_d300_r03,C2,202630,19.04,18.74,0.3000000000000007,0.6,0.5935786244052084,0.6012469205962776,FAR,FAR,0.0,1,,,0.01,300
C2_n0.01_d300_r03,C2,202630,19.06,18.76,0.29999999999999716,0.6,0.6143994187034086,0.6045350451230603,FAR,FAR,0.0,1,,,0.01,300
C2_n0.01_d300_r03,C2,202630,19.08,18.78,0.29999999999999716,0.6,0.6068672506052798,0.6051180964936153,FAR,FAR,0.0,1,,,0.01,300
C2_n0.01_d300_r03,C2,202630,19.1,18.8,0.3000000000000007,0.6,0.6154277095495178,0.6076954997575909,FAR,FAR,0.0,1,,,0.01,300
C2_n0.01_d300_r03,C2,202630,19.12,18.82,0.3000000000000007,0.6,0.6135712441007213,0.6091644358433734,FAR,FAR,0.0,1,,,0.01,300
C2_n0.01_d300_r03,C2,202630,19.14,18.84,0.3000000000000007,0.6,0.6120225189286472,0.6098789566146918,FAR,FAR,0.0,1,,,0.01,300
C2_n0.01_d300_r03,C2,202630,19.16,18.86,0.3000000000000007,0.6,0.5962455773898975,0.6064706118084933,FAR,FAR,0.0,1,,,0.01,300
C2_n0.01_d300_r03,C2,202630,19.18,18.88,0.3000000000000007,0.6,0.6202454070975181,0.6099143106307494,FAR,FAR,0.0,1,,,0.01,300
C2_n0.01_d300_r03,C2,202630,19.2,18.9,0.3000000000000007,0.6,0.5922117594688334,0.6054886728402704,FAR,FAR,0.0,1,,,0.01,300
C2_n0.01_d300_r03,C2,202630,19.22,18.92,0.29999999999999716,0.6,0.6088576000606867,0.6063309046453744,FAR,FAR,0.0,1,,,0.01,300
C2_n0.01_d300_r03,C2,202630,19.24,18.94,0.29999999999999716,0.6,0.5819717057551663,0.6002411049228225,FAR,FAR,0.0,1,,,0.01,300
C2_n0.01_d300_r03,C2,202630,19.26,18.96,0.3000000000000007,0.6,0.6001653456309447,0.600222165099853,FAR,FAR,0.0,1,,,0.01,300
C2_n0.01_d300_r03,C2,202630,19.28,18.98,0.3000000000000007,0.6,0.5992644704426022,0.5999827414355403,FAR,FAR,0.0,1,,,0.01,300
C2_n0.01_d300_r03,C2,202630,19.3,19.0,0.3000000000000007,0.6,0.6064511743075729,0.6015998496535484,FAR,FAR,0.0,1,,,0.01,300
C2_n0.01_d300_r03,C2,202630,19.32,19.02,0.3000000000000007,0.6,0.599769120814274,0.6011421674437298,FAR,FAR,0.0,1,,,0.01,300
C2_n0.01_d300_r03,C2,202630,19.34,19.04,0.3000000000000007,0.6,0.6094072879002712,0.6032084475578652,FAR,FAR,0.0,1,,,0.01,300
C2_n0.01_d300_r03,C2,202630,19.36,19.06,0.3000000000000007,0.6,0.6056740999274289,0.6038248606502561,FAR,FAR,0.0,1,,,0.01,300
C2_n0.01_d300_r03,C2,202630,19.38,19.08,0.3000000000000007,0.6,0.5945569202669783,0.6015078755544366,FAR,FAR,0.0,1,,,0.01,300
C2_n0.01_d300_r03,C2,202630,19.4,19.1,0.29999999999999716,0.6,0.5995643223629266,0.6010219872565591,FAR,FAR,0.0,1,,,0.01,300
C2_n0.01_d300_r03,C2,202630,19.42,19.12,0.3000000000000007,0.6,0.6094173956161668,0.6031208393464611,FAR,FAR,0.0,1,,,0.01,300
C2_n0.01_d300_r03,C2,202630,19.44,19.14,0.3000000000000007,0.6,0.572874314362847,0.5955592081005576,FAR,FAR,0.0,1,,,0.01,300
C2_n0.01_d300_r03,C2,202630,19.46,19.16,0.3000000000000007,0.6,0.603933172735854,0.5976526992593817,FAR,FAR,0.0,1,,,0.01,300
C2_n0.01_d300_r03,C2,202630,19.48,19.18,0.3000000000000007,0.6,0.5922622966621518,0.5963050986100742,FAR,FAR,0.0,1,,,0.01,300
C2_n0.01_d300_r03,C2,202630,19.5,19.2,0.3000000000000007,0.6,0.6023488798458596,0.5978160439190205,FAR,FAR,0.0,1,,,0.01,300
C2_n0.01_d300_r03,C2,202630,19.52,19.22,0.3000000000000007,0.6,0.6160712078045079,0.6023798348903924,FAR,FAR,0.0,1,,,0.01,300
C2_n0.01_d300_r03,C2,202630,19.54,19.24,0.3000000000000007,0.6,0.5967448657851885,0.6009710926140914,FAR,FAR,0.0,1,,,0.01,300
C2_n0.01_d300_r03,C2,202630,19.56,19.26,0.29999999999999716,0.6,0.5929407541030367,0.5989635079863278,FAR,FAR,0.0,1,,,0.01,300
C2_n0.01_d300_r03,C2,202630,19.58,19.28,0.29999999999999716,0.6,0.5957410354469592,0.5981578898514857,FAR,FAR,0.0,1,,,0.01,300
C2_n0.01_d300_r03,C2,202630,19.6,19.3,0.3000000000000007,0.6,0.6073118534892232,0.60044638076092,FAR,FAR,0.0,1,,,0.01,300
C2_n0.01_d300_r03,C2,202630,19.62,19.32,0.3000000000000007,0.6,0.6230706592208918,0.606102450375913,FAR,FAR,0.0,1,,,0.01,300
C2_n0.01_d300_r03,C2,202630,19.64,19.34,0.3000000000000007,0.6,0.6015880636626558,0.6049738536975988,FAR,FAR,0.0,1,,,0.01,300
C2_n0.01_d300_r03,C2,202630,19.66,19.36,0.3000000000000007,0.6,0.6063828417601764,0.6053261007132432,FAR,FAR,0.0,1,,,0.01,300
C2_n0.01_d300_r03,C2,202630,19.68,19.38,0.3000000000000007,0.6,0.5893824117769687,0.6013401784791745,FAR,FAR,0.0,1,,,0.01,300
C2_n0.01_d300_r03,C2,202630,19.7,19.4,0.3000000000000007,0.6,0.6080809740351205,0.6030253773681611,FAR,FAR,0.0,1,,,0.01,300
C2_n0.01_d300_r03,C2,202630,19.72,19.42,0.29999999999999716,0.6,0.6052135967667631,0.6035724322178115,FAR,FAR,0.0,1,,,0.01,300
C2_n0.01_d300_r03,C2,202630,19.74,19.44,0.29999999999999716,0.6,0.5924061298274147,0.6007808566202123,FAR,FAR,0.0,1,,,0.01,300
C2_n0.01_d300_r03,C2,202630,19.76,19.46,0.3000000000000007,0.6,0.6076499079929312,0.602498119463392,FAR,FAR,0.0,1,,,0.01,300
C2_n0.01_d300_r03,C2,202630,19.78,19.48,0.3000000000000007,0.6,0.605328645294596,0.603205750921193,FAR,FAR,0.0,1,,,0.01,300
C2_n0.01_d300_r03,C2,202630,19.8,19.5,0.3000000000000007,0.6,0.6063320186748994,0.6039873178596196,FAR,FAR,0.0,1,,,0.01,300
C2_n0.01_d300_r03,C2,202630,19.82,19.52,0.3000000000000007,0.6,0.5898301119166227,0.6004480163738704,FAR,FAR,0.0,1,,,0.01,300
C2_n0.01_d300_r03,C2,202630,19.84,19.54,0.3000000000000007,0.6,0.6040141952076863,0.6013395610823243,FAR,FAR,0.0,1,,,0.01,300
C2_n0.01_d300_r03,C2,202630,19.86,19.56,0.3000000000000007,0.6,0.6058535320655659,0.6024680538281347,FAR,FAR,0.0,1,,,0.01,300
C2_n0.01_d300_r03,C2,202630,19.88,19.58,0.3000000000000007,0.6,0.6001504376984483,0.6018886497957131,FAR,FAR,0.0,1,,,0.01,300
C2_n0.01_d300_r03,C2,202630,19.9,19.6,0.29999999999999716,0.6,0.5952338365189064,0.6002249464765115,FAR,FAR,0.0,1,,,0.01,300
C2_n0.01_d300_r03,C2,202630,19.92,19.62,0.3000000000000007,0.6,0.588268822899681,0.5972359155823038,FAR,FAR,0.0,1,,,0.01,300
C2_n0.01_d300_r03,C2,202630,19.94,19.64,0.3000000000000007,0.6,0.5948635894205754,0.5966428340418717,FAR,FAR,0.0,1,,,0.01,300
C2_n0.01_d300_r03,C2,202630,19.96,19.66,0.3000000000000007,0.6,0.599144842377811,0.5972683361258565,FAR,FAR,0.0,1,,,0.01,300
C2_n0.01_d300_r03,C2,202630,19.98,19.68,0.3000000000000007,0.6,0.5835429330159104,0.5938369853483699,FAR,FAR,0.0,1,,,0.01,300
C2_n0.01_d300_r03,C2,202630,20.0,19.7,0.3000000000000007,0.6,0.5951376283981277,0.5941621461108093,FAR,FAR,0.0,1,,,0.01,300
