trial_id,condition,seed,time_s,sensor_time_s,sample_age_s,true_distance_m,raw_distance_m,filtered_distance_m,expected_state,state,command,valid,event_label,invalid_reason,noise_sigma_m,delay_ms
C2_n0.03_d000_r03,C2,202635,0.0,0.0,0.0,0.6,0.531063598141133,0.531063598141133,FAR,FAR,0.0,1,,,0.03,0
C2_n0.03_d000_r03,C2,202635,0.02,0.02,0.0,0.6,0.5825985396347313,0.5439473335145326,FAR,FAR,0.0,1,,,0.03,0
C2_n0.03_d000_r03,C2,202635,0.04,0.04,0.0,0.6,0.599723406410279,0.5578913517384692,FAR,FAR,0.0,1,,,0.03,0
C2_n0.03_d000_r03,C2,202635,0.06,0.06,0.0,0.6,0.5911922687113949,0.5662165809817006,FAR,FAR,0.0,1,,,0.03,0
C2_n0.03_d000_r03,C2,202635,0.08,0.08,0.0,0.6,0.5729316509707055,0.5678953484789518,FAR,FAR,0.0,1,,,0.03,0
C2_n0.03_d000_r03,C2,202635,0.1,0.1,0.0,0.6,0.5810817567780908,0.5711919505537366,FAR,FAR,0.0,1,,,0.03,0
C2_n0.03_d000_r03,C2,202635,0.12,0.12,0.0,0.6,0.6124867519415041,0.5815156509006785,FAR,FAR,0.0,1,,,0.03,0
C2_n0.03_d000_r03,C2,202635,0.14,0.14,0.0,0.6,0.5522138690751832,0.5741902054443047,FAR,FAR,0.0,1,,,0.03,0
C2_n0.03_d000_r03,C2,202635,0.16,0.16,0.0,0.6,0.6469127216264189,0.5923708344898332,FAR,FAR,0.0,1,,,0.03,0
C2_n0.03_d000_r03,C2,202635,0.18,0.18,0.0,0.6,0.6380595827378638,0.6037930215518409,FAR,FAR,0.0,1,,,0.03,0
C2_n0.03_d000_r03,C2,202635,0.2,0.2,0.0,0.6,0.6594402802595631,0.6177048362287715,FAR,FAR,0.0,1,,,0.03,0
C2_n0.03_d000_r03,C2,202635,0.22,0.22,0.0,0.6,0.5475251344216396,0.6001599107769886,FAR,FAR,0.0,1,,,0.03,0
C2_n0.03_d000_r03,C2,202635,0.24,0.24,0.0,0.6,0.6312044993315611,0.6079210579156318,FAR,FAR,0.0,1,,,0.03,0
C2_n0.03_d000_r03,C2,202635,0.26,0.26,0.0,0.6,0.6392232205661071,0.6157465985782506,FAR,FAR,0.0,1,,,0.03,0
C2_n0.03_d000_r03,C2,202635,0.28,0.28,0.0,0.6,0.6440072263942078,0.6228117555322399,FAR,FAR,0.0,1,,,0.03,0
C2_n0.03_d000_r03,C2,202635,0.3,0.3,0.0,0.6,0.5972344603709085,0.6164174317419071,FAR,FAR,0.0,1,,,0.03,0
C2_n0.03_d000_r03,C2,202635,0.32,0.32,0.0,0.6,0.577337778032115,0.6066475183144591,FAR,FAR,0.0,1,,,0.03,0
C2_n0.03_d000_r03,C2,202635,0.34,0.34,0.0,0.6,0.6068995357579628,0.606710522675335,FAR,FAR,0.0,1,,,0.03,0
C2_n0.03_d000_r03,C2,202635,0.36,0.36,0.0,0.6,0.6023196936850902,0.6056128154277738,FAR,FAR,0.0,1,,,0.03,0
C2_n0.03_d000_r03,C2,202635,0.38,0.38,0.0,0.6,0.6163782012938029,0.608304161894281,FAR,FAR,0.0,1,,,0.03,0
C2_n0.03_d000_r03,C2,202635,0.4,0.4,0.0,0.6,0.5951641871430106,0.6050191682064634,FAR,FAR,0.0,1,,,0.03,0
C2_n0.03_d000_r03,C2,202635,0.42,0.42,0.0,0.6,0.5697330702533792,0.5961976437181924,FAR,FAR,0.0,1,,,0.03,0
C2_n0.03_d000_r03,C2,202635,0.44,0.44,0.0,0.6,0.5671320497244454,0.5889312452197557,FAR,FAR,0.0,1,,,0.03,0
C2_n0.03_d000_r03,C2,202635,0.46,0.46,0.0,0.6,0.596376309412076,0.5907925112678358,FAR,FAR,0.0,1,,,0.03,0
C2_n0.03_d000_r03,C2,202635,0.48,0.48,0.0,0.6,0.6285071066796019,0.6002211601207773,FAR,FAR,0.0,1,,,0.03,0
C2_n0.03_d000_r03,C2,202635,0.5,0.5,0.0,0.6,0.6097476748317527,0.6026027887985211,FAR,FAR,0.0,1,,,0.03,0
C2_n0.03_d000_r03,C2,202635,0.52,0.52,0.0,0.6,0.5560213054553472,0.5909574179627276,FAR,FAR,0.0,1,,,0.03,0
C2_n0.03_d000_r03,C2,202635,0.54,0.54,0.0,0.6,0.6465568078631966,0.6048572654378449,FAR,FAR,0.0,1,,,0.03,0
C2_n0.03_d000_r03,C2,202635,0.56,0.56,0.0,0.6,0.5885064494571197,0.6007695614426636,FAR,FAR,0.0,1,,,0.03,0
C2_n0.03_d000_r03,C2,202635,0.58,0.58,0.0,0.6,0.5745682195067764,0.5942192259586918,FAR,FAR,0.0,1,,,0.03,0
C2_n0.03_d000_r03,C2,202635,0.6,0.6,0.0,0.6,0.5813072994505685,0.590991244331661,FAR,FAR,0.0,1,,,0.03,0
C2_n0.03_d000_r03,C2,202635,0.62,0.62,0.0,0.6,0.6733087607163295,0.6115706234278281,FAR,FAR,0.0,1,,,0.03,0
C2_n0.03_d000_r03,C2,202635,0.64,0.64,0.0,0.6,0.6271340438365002,0.6154614785299961,FAR,FAR,0.0,1,,,0.03,0
C2_n0.03_d000_r03,C2,202635,0.66,0.66,0.0,0.6,0.5964447427718128,0.6107072945904503,FAR,FAR,0.0,1,,,0.03,0
C2_n0.03_d000_r03,C2,202635,0.68,0.68,0.0,0.6,0.5365055673652493,0.59215686278415,FAR,FAR,0.0,1,,,0.03,0
C2_n0.03_d000_r03,C2,202635,0.7,0.7,0.0,0.6,0.6196071686573592,0.5990194392524524,FAR,FAR,0.0,1,,,0.03,0
C2_n0.03_d000_r03,C2,202635,0.72,0.72,0.0,0.6,0.6233175502088604,0.6050939669915544,FAR,FAR,0.0,1,,,0.03,0
C2_n0.03_d000_r03,C2,202635,0.74,0.74,0.0,0.6,0.5813082212457878,0.5991475305551127,FAR,FAR,0.0,1,,,0.03,0
C2_n0.03_d000_r03,C2,202635,0.76,0.76,0.0,0.6,0.6534092168380766,0.6127129521258537,FAR,FAR,0.0,1,,,0.03,0
C2_n0.03_d000_r03,C2,202635,0.78,0.78,0.0,0.6,0.6556894915576924,0.6234570869838134,FAR,FAR,0.0,1,,,0.03,0
C2_n0.03_d000_r03,C2,202635,0.8,0.8,0.0,0.6,0.6176511693600585,0.6220056075778747,FAR,FAR,0.0,1,,,0.03,0
C2_n0.03_d000_r03,C2,202635,0.82,0.82,0.0,0.6,0.5668830967910101,0.6082249798811585,FAR,FAR,0.0,1,,,0.03,0
C2_n0.03_d000_r03,C2,202635,0.84,0.84,0.0,0.6,0.6437818916604473,0.6171142078259807,FAR,FAR,0.0,1,,,0.03,0
C2_n0.03_d000_r03,C2,202635,0.86,0.86,0.0,0.6,0.5779842685167159,0.6073317229986644,FAR,FAR,0.0,1,,,0.03,0
C2_n0.03_d000_r03,C2,202635,0.88,0.88,0.0,0.6,0.6029010437971142,0.6062240531982769,FAR,FAR,0.0,1,,,0.03,0
C2_n0.03_d000_r03,C2,202635,0.9,0.9,0.0,0.6,0.5753206908211568,0.5984982126039968,FAR,FAR,0.0,1,,,0.03,0
C2_n0.03_d000_r03,C2,202635,0.92,0.92,0.0,0.6,0.5925408880885933,0.597008881475146,FAR,FAR,0.0,1,,,0.03,0
C2_n0.03_d000_r03,C2,202635,0.94,0.94,0.0,0.6,0.599635334008104,0.5976654946083855,FAR,FAR,0.0,1,,,0.03,0
C2_n0.03_d000_r03,C2,202635,0.96,0.96,0.0,0.6,0.5908793242314878,0.5959689520141611,FAR,FAR,0.0,1,,,0.03,0
C2_n0.03_d000_r03,C2,202635,0.98,0.98,0.0,0.6,0.5924638042706767,0.59509266507829,FAR,FAR,0.0,1,,,0.03,0
C2_n0.03_d000_r03,C2,202635,1.0,1.0,0.0,0.6,0.6126986108984285,0.5994941515333245,FAR,FAR,0.0,1,,,0.03,0
C2_n0.03_d000_r03,C2,202635,1.02,1.02,0.0,0.6,0.600699063814579,0.5997953796036382,FAR,FAR,0.0,1,,,0.03,0
C2_n0.03_d000_r03,C2,202635,1.04,1.04,0.0,0.6,0.5986877301841425,0.5995184672487642,FAR,FAR,0.0,1,,,0.03,0
C2_n0.03_d000_r03,C2,202635,1.06,1.06,0.0,0.6,0.6495355698957237,0.6120227429105041,FAR,FAR,0.0,1,,,0.03,0
C2_n0.03_d000_r03,C2,202635,1.08,1.08,0.0,0.6,0.6172341975689959,0.613325606575127,FAR,FAR,0.0,1,,,0.03,0
C2_n0.03_d000_r03,C2,202635,1.1,1.1,0.0,0.6,0.5553134523671047,0.5988225680231214,FAR,FAR,0.0,1,,,0.03,0
C2_n0.03_d000_r03,C2,202635,1.12,1.12,0.0,0.6,0.6093303405741317,0.601449511160874,FAR,FAR,0.0,1,,,0.03,0
C2_n0.03_d000_r03,C2,202635,1.14,1.14,0.0,0.6,0.5955345532978703,0.599970771695123,FAR,FAR,0.0,1,,,0.03,0
C2_n0.03_d000_r03,C2,202635,1.16,1.16,0.0,0.6,0.6323209150940585,0.6080583075448569,FAR,FAR,0.0,1,,,0.03,0
C2_n0.03_d000_r03,C2,202635,1.18,1.18,0.0,0.6,0.59026818458995,0.6036107768061302,FAR,FAR,0.0,1,,,0.03,0
C2_n0.03_d000_r03,C2,202635,1.2,1.2,0.0,0.6,0.6198614911119894,0.607673455382595,FAR,FAR,0.0,1,,,0.03,0
C2_n0.03_d000_r03,C2,202635,1.22,1.22,0.0,0.6,0.6285236835016687,0.6128860124123634,FAR,FAR,0.0,1,,,0.03,0
C2_n0.03_d000_r03,C2,202635,1.24,1.24,0.0,0.6,0.606206242197269,0.6112160698585898,FAR,FAR,0.0,1,,,0.03,0
C2_n0.03_d000_r03,C2,202635,1.26,1.26,0.0,0.6,0.6287777357667665,0.615606486335634,FAR,FAR,0.0,1,,,0.03,0
C2_n0.03_d000_r03,C2,202635,1.28,1.28,0.0,0.6,0.62009588885804,0.6167288369662355,FAR,FAR,0.0,1,,,0.03,0
C2_n0.03_d000_r03,C2,202635,1.3,1.3,0.0,0.6,0.6091040515209949,0.6148226406049253,FAR,FAR,0.0,1,,,0.03,0
C2_n0.03_d000_r03,C2,202635,1.32,1.32,0.0,0.6,0.6295089685345241,0.618494222587325,FAR,FAR,0.0,1,,,0.03,0
C2_n0.03_d000_r03,C2,202635,1.34,1.34,0.0,0.6,0.6460717204951203,0.6253885970642739,FAR,FAR,0.0,1,,,0.03,0
C2_n0.03_d000_r03,C2,202635,1.36,1.36,0.0,0.6,0.6118534171209813,0.6220048020784508,FAR,FAR,0.0,1,,,0.03,0
C2_n0.03_d000_r03,C2,202635,1.38,1.38,0.0,0.6,0.5440236594487826,0.6025095164210337,FAR,FAR,0.0,1,,,0.03,0
C2_n0.03_d000_r03,C2,202635,1.4,1.4,0.0,0.6,0.5968684701267597,0.6010992548474652,FAR,FAR,0.0,1,,,0.03,0
C2_n0.03_d000_r03,C2,202635,1.42,1.42,0.0,0.6,0.5815530838587519,0.5962127121002869,FAR,FAR,0.0,1,,,0.03,0
C2_n0.03_d000_r03,C2,202635,1.44,1.44,0.0,0.6,0.5990940857830865,0.5969330555209869,FAR,FAR,0.0,1,,,0.03,0
C2_n0.03_d000_r03,C2,202635,1.46,1.46,0.0,0.6,0.5805040146941556,0.592825795314279,FAR,FAR,0.0,1,,,0.03,0
C2_n0.03_d000_r03,C2,202635,1.48,1.48,0.0,0.6,0.6091349240576036,0.5969030775001102,FAR,FAR,0.0,1,,,0.03,0
C2_n0.03_d000_r03,C2,202635,1.5,1.5,0.0,0.6,0.6336533102670425,0.6060906356918433,FAR,FAR,0.0,1,,,0.03,0
C2_n0.03_d000_r03,C2,202635,1.52,1.52,0.0,0.6,0.5855510372359142,0.600955736077861,FAR,FAR,0.0,1,,,0.03,0
C2_n0.03_d000_r03,C2,202635,1.54,1.54,0.0,0.6,0.5648876812561936,0.5919387223724442,FAR,FAR,0.0,1,,,0.03,0
C2_n0.03_d000_r03,C2,202635,1.56,1.56,0.0,0.6,0.6055158261218961,0.5953329983098071,FAR,FAR,0.0,1,,,0.03,0
C2_n0.03_d000_r03,C2,202635,1.58,1.58,0.0,0.6,0.5651517023897186,0.587787674329785,FAR,FAR,0.0,1,,,0.03,0
C2_n0.03_d000_r03,C2,202635,1.6,1.6,0.0,0.6,0.6057435378399071,0.5922766402073155,FAR,FAR,0.0,1,,,0.03,0
C2_n0.03_d000_r03,C2,202635,1.62,1.62,0.0,0.6,0.5667682638824492,0.585899546126099,FAR,FAR,0.0,1,,,0.03,0
C2_n0.03_d000_r03,C2,202635,1.64,1.64,0.0,0.6,0.6299714980940002,0.5969175341180742,FAR,FAR,0.0,1,,,0.03,0
C2_n0.03_d000_r03,C2,202635,1.66,1.66,0.0,0.6,0.6057518017102521,0.5991261010161187,FAR,FAR,0.0,1,,,0.03,0
C2_n0.03_d000_r03,C2,202635,1.68,1.68,0.0,0.6,0.6036044229841774,0.6002456815081334,FAR,FAR,0.0,1,,,0.03,0
C2_n0.03_d000_r03,C2,202635,1.7,1.7,0.0,0.6,0.5963169176067333,0.5992634905327834,FAR,FAR,0.0,1,,,0.03,0
C2_n0.03_d000_r03,C2,202635,1.72,1.72,0.0,0.6,0.5841045205043988,0.5954737480256872,FAR,FAR,0.0,1,,,0.03,0
C2_n0.03_d000_r03,C2,202635,1.74,1.74,0.0,0.6,0.5950648708751285,0.5953715287380474,FAR,FAR,0.0,1,,,0.03,0
C2_n0.03_d000_r03,C2,202635,1.76,1.76,0.0,0.6,0.5918806646725215,0.5944988127216659,FAR,FAR,0.0,1,,,0.03,0
C2_n0.03_d000_r03,C2,202635,1.78,1.78,0.0,0.6,0.5821510884610518,0.5914118816565124,FAR,FAR,0.0,1,,,0.03,0
C2_n0.03_d000_r03,C2,202635,1.8,1.8,0.0,0.6,0.6595850525332251,0.6084551743756905,FAR,FAR,0.0,1,,,0.03,0
C2_n0.03_d000_r03,C2,202635,1.82,1.82,0.0,0.6,0.6325066944781749,0.6144680544013116,FAR,FAR,0.0,1,,,0.03,0
C2_n0.03_d000_r03,C2,202635,1.84,1.84,0.0,0.6,0.5781369763543363,0.6053852848895678,FAR,FAR,0.0,1,,,0.03,0
C2_n0.03_d000_r03,C2,202635,1.86,1.86,0.0,0.6,0.612479020522396,0.6071587187977748,FAR,FAR,0.0,1,,,0.03,0
C2_n0.03_d000_r03,C2,202635,1.88,1.88,0.0,0.6,0.5228599281919891,0.5860840211463284,FAR,FAR,0.0,1,,,0.03,0
C2_n0.03_d000_r03,C2,202635,1.9,1.9,0.0,0.6,0.603807505752384,0.5905148922978423,FAR,FAR,0.0,1,,,0.03,0
C2_n0.03_d000_r03,C2,202635,1.92,1.92,0.0,0.6,0.5895160707117376,0.5902651869013161,FAR,FAR,0.0,1,,,0.03,0
C2_n0.03_d000_r03,C2,202635,1.94,1.94,0.0,0.6,0.6569882443441731,0.6069459512620303,FAR,FAR,0.0,1,,,0.03,0
C2_n0.03_d000_r03,C2,202635,1.96,1.96,0.0,0.6,0.6122933712732292,0.60828280626483,FAR,FAR,0.0,1,,,0.03,0
C2_n0.03_d000_r03,C2,202635,1.98,1.98,0.0,0.6,0.6099942672573466,0.6087106715129591,FAR,FAR,0.0,1,,,0.03,0
C2_n0.03_d000_r03,C2,202635,2.0,2.0,0.0,0.6,0.579085135820629,0.6013042875898766,FAR,FAR,0.0,1,,,0.03,0
C2_n0.03_d000_r03,C2,202635,2.02,2.02,0.0,0.6,0.5840576180917756,0.5969926202153514,FAR,FAR,0.0,1,,,0.03,0
C2_n0.03_d000_r03,C2,202635,2.04,2.04,0.0,0.6,0.5815615216154889,0.5931348455653858,FAR,FAR,0.0,1,,,0.03,0
C2_n0.03_d000_r03,C2,202635,2.06,2.06,0.0,0.6,0.6242900796475259,0.6009236540859209,FAR,FAR,0.0,1,,,0.03,0
C2_n0.03_d000_r03,C2,202635,2.08,2.08,0.0,0.6,0.6022099112897448,0.6012452183868768,FAR,FAR,0.0,1,,,0.03,0
C2_n0.03_d000_r03,C2,202635,2.1,2.1,0.0,0.6,0.597723803793539,0.6003648647385423,FAR,FAR,0.0,1,,,0.03,0
C2_n0.03_d000_r03,C2,202635,2.12,2.12,0.0,0.6,0.5354028345185269,0.5841243571835384,FAR,FAR,0.0,1,,,0.03,0
C2_n0.03_d000_r03,C2,202635,2.14,2.14,0.0,0.6,0.6264918583590957,0.5947162324774278,FAR,FAR,0.0,1,,,0.03,0
C2_n0.03_d000_r03,C2,202635,2.16,2.16,0.0,0.6,0.640444815851084,0.6061483783208419,FAR,FAR,0.0,1,,,0.03,0
C2_n0.03_d000_r03,C2,202635,2.18,2.18,0.0,0.6,0.6170072011974125,0.6088630840399846,FAR,FAR,0.0,1,,,0.03,0
C2_n0.03_d000_r03,C2,202635,2.2,2.2,0.0,0.6,0.6081282342141815,0.6086793715835338,FAR,FAR,0.0,1,,,0.03,0
C2_n0.03_d000_r03,C2,202635,2.22,2.22,0.0,0.6,0.5821867321405186,0.60205621172278,FAR,FAR,0.0,1,,,0.03,0
C2_n0.03_d000_r03,C2,202635,2.24,2.24,0.0,0.6,0.6414547614392564,0.6119058491518992,FAR,FAR,0.0,1,,,0.03,0
C2_n0.03_d000_r03,C2,202635,2.26,2.26,0.0,0.6,0.6004199859808121,0.6090343833591274,FAR,FAR,0.0,1,,,0.03,0
C2_n0.03_d000_r03,C2,202635,2.28,2.28,0.0,0.6,0.6329819999687366,0.6150212875115297,FAR,FAR,0.0,1,,,0.03,0
C2_n0.03_d000_r03,C2,202635,2.3,2.3,0.0,0.6,0.6243407898732594,0.6173511631019621,FAR,FAR,0.0,1,,,0.03,0
C2_n0.03_d000_r03,C2,202635,2.32,2.32,0.0,0.6,0.5912270798018547,0.6108201422769353,FAR,FAR,0.0,1,,,0.03,0
C2_n0.03_d000_r03,C2,202635,2.34,2.34,0.0,0.6,0.5901069468813199,0.6056418434280314,FAR,FAR,0.0,1,,,0.03,0
C2_n0.03_d000_r03,C2,202635,2.36,2.36,0.0,0.6,0.5389422959800991,0.5889669565660484,FAR,FAR,0.0,1,,,0.03,0
C2_n0.03_d000_r03,C2,202635,2.38,2.38,0.0,0.6,0.5986621174072608,0.5913907467763515,FAR,FAR,0.0,1,,,0.03,0
C2_n0.03_d000_r03,C2,202635,2.4,2.4,0.0,0.6,0.6076480600304267,0.5954550750898703,FAR,FAR,0.0,1,,,0.03,0
C2_n0.03_d000_r03,C2,202635,2.42,2.42,0.0,0.6,0.6114903713161488,0.5994638991464399,FAR,FAR,0.0,1,,,0.03,0
C2_n0.03_d000_r03,C2,202635,2.44,2.44,0.0,0.6,0.620200612416781,0.6046480774640252,FAR,FAR,0.0,1,,,0.03,0
C2_n0.03_d000_r03,C2,202635,2.46,2.46,0.0,0.6,0.5610487153603949,0.5937482369381176,FAR,FAR,0.0,1,,,0.03,0
C2_n0.03_d000_r03,C2,202635,2.48,2.48,0.0,0.6,0.6199229285422955,0.600291909839162,FAR,FAR,0.0,1,,,0.03,0
C2_n0.03_d000_r03,C2,202635,2.5,2.5,0.0,0.6,0.6330222391490686,0.6084744921666386,FAR,FAR,0.0,1,,,0.03,0
C2_n0.03_d000_r03,C2,202635,2.52,2.52,0.0,0.6,0.5977354609845461,0.6057897343711155,FAR,FAR,0.0,1,,,0.03,0
C2_n0.03_d000_r03,C2,202635,2.54,2.54,0.0,0.6,0.6082633204884313,0.6064081309004444,FAR,FAR,0.0,1,,,0.03,0
C2_n0.03_d000_r03,C2,202635,2.56,2.56,0.0,0.6,0.6276322894071883,0.6117141705271304,FAR,FAR,0.0,1,,,0.03,0
C2_n0.03_d000_r03,C2,202635,2.58,2.58,0.0,0.6,0.6349051154096523,0.6175119067477609,FAR,FAR,0.0,1,,,0.03,0
C2_n0.03_d000_r03,C2,202635,2.6,2.6,0.0,0.6,0.5376752677800035,0.5975527470058216,FAR,FAR,0.0,1,,,0.03,0
C2_n0.03_d000_r03,C2,202635,2.62,2.62,0.0,0.6,0.611880104547124,0.6011345863911473,FAR,FAR,0.0,1,,,0.03,0
C2_n0.03_d000_r03,C2,202635,2.64,2.64,0.0,0.6,0.6595212741076654,0.6157312583202768,FAR,FAR,0.0,1,,,0.03,0
C2_n0.03_d000_r03,C2,202635,2.66,2.66,0.0,0.6,0.6108719625686237,0.6145164343823635,FAR,FAR,0.0,1,,,0.03,0
C2_n0.03_d000_r03,C2,202635,2.68,2.68,0.0,0.6,0.5711192939205121,0.6036671492669006,FAR,FAR,0.0,1,,,0.03,0
C2_n0.03_d000_r03,C2,202635,2.7,2.7,0.0,0.6,0.6308885142743645,0.6104724905187666,FAR,FAR,0.0,1,,,0.03,0
C2_n0.03_d000_r03,C2,202635,2.72,2.72,0.0,0.6,0.6481052066361721,0.619880669548118,FAR,FAR,0.0,1,,,0.03,0
C2_n0.03_d000_r03,C2,202635,2.74,2.74,0.0,0.6,0.5629320441606224,0.6056435132012441,FAR,FAR,0.0,1,,,0.03,0
C2_n0.03_d000_r03,C2,202635,2.76,2.76,0.0,0.6,0.6345969529422957,0.612881873136507,FAR,FAR,0.0,1,,,0.03,0
C2_n0.03_d000_r03,C2,202635,2.78,2.78,0.0,0.6,0.6036295009835642,0.6105687800982713,FAR,FAR,0.0,1,,,0.03,0
C2_n0.03_d000_r03,C2,202635,2.8,2.8,0.0,0.6,0.6104723867005643,0.6105446817488446,FAR,FAR,0.0,1,,,0.03,0
C2_n0.03_d000_r03,C2,202635,2.82,2.82,0.0,0.6,0.5724800804204757,0.6010285314167524,FAR,FAR,0.0,1,,,0.03,0
C2_n0.03_d000_r03,C2,202635,2.84,2.84,0.0,0.6,0.5415012664921963,0.5861467151856135,FAR,FAR,0.0,1,,,0.03,0
C2_n0.03_d000_r03,C2,202635,2.86,2.86,0.0,0.6,0.5921730707147036,0.587653304067886,FAR,FAR,0.0,1,,,0.03,0
C2_n0.03_d000_r03,C2,202635,2.88,2.88,0.0,0.6,0.5796753201423231,0.5856588080864953,FAR,FAR,0.0,1,,,0.03,0
C2_n0.03_d000_r03,C2,202635,2.9,2.9,0.0,0.6,0.6332894626548712,0.5975664717285892,FAR,FAR,0.0,1,,,0.03,0
C2_n0.03_d000_r03,C2,202635,2.92,2.92,0.0,0.6,0.5844121117650904,0.5942778817377146,FAR,FAR,0.0,1,,,0.03,0
C2_n0.03_d000_r03,C2,202635,2.94,2.94,0.0,0.6,0.6217505392889655,0.6011460461255274,FAR,FAR,0.0,1,,,0.03,0
C2_n0.03_d000_r03,C2,202635,2.96,2.96,0.0,0.6,0.6536817582023818,0.614279974144741,FAR,FAR,0.0,1,,,0.03,0
C2_n0.03_d000_r03,C2,202635,2.98,2.98,0.0,0.6,0.5898546933503955,0.6081736539461546,FAR,FAR,0.0,1,,,0.03,0
C2_n0.03_d000_r03,C2,202635,3.0,3.0,0.0,0.6,0.6027612445161163,0.6068205515886451,FAR,FAR,0.0,1,,,0.03,0
C2_n0.03_d000_r03,C2,202635,3.02,3.02,0.0,0.6,0.5876860252282038,0.6020369199985348,FAR,FAR,0.0,1,,,0.03,0
C2_n0.03_d000_r03,C2,202635,3.04,3.04,0.0,0.6,0.6117888255621725,0.6044748963894443,FAR,FAR,0.0,1,,,0.03,0
C2_n0.03_d000_r03,C2,202635,3.06,3.06,0.0,0.6,0.5853962596463208,0.5997052372036634,FAR,FAR,0.0,1,,,0.03,0
C2_n0.03_d000_r03,C2,202635,3.08,3.08,0.0,0.6,0.6349939278230887,0.6085274098585197,FAR,FAR,0.0,1,,,0.03,0
C2_n0.03_d000_r03,C2,202635,3.1,3.1,0.0,0.6,0.5903639262037927,0.603986538944838,FAR,FAR,0.0,1,,,0.03,0
C2_n0.03_d000_r03,C2,202635,3.12,3.12,0.0,0.6,0.5780683318010205,0.5975069871588836,FAR,FAR,0.0,1,,,0.03,0
C2_n0.03_d000_r03,C2,202635,3.14,3.14,0.0,0.6,0.6392354437376212,0.607939101303568,FAR,FAR,0.0,1,,,0.03,0
C2_n0.03_d000_r03,C2,202635,3.16,3.16,0.0,0.6,0.6387112035642605,0.6156321268687411,FAR,FAR,0.0,1,,,0.03,0
C2_n0.03_d000_r03,C2,202635,3.18,3.18,0.0,0.6,0.6063564959766579,0.6133132191457203,FAR,FAR,0.0,1,,,0.03,0
C2_n0.03_d000_r03,C2,202635,3.2,3.2,0.0,0.6,0.5901433802914297,0.6075207594321477,FAR,FAR,0.0,1,,,0.03,0
C2_n0.03_d000_r03,C2,202635,3.22,3.22,0.0,0.6,0.560272011635163,0.5957085724829015,FAR,FAR,0.0,1,,,0.03,0
C2_n0.03_d000_r03,C2,202635,3.24,3.24,0.0,0.6,0.5733814224173175,0.5901267849665055,FAR,FAR,0.0,1,,,0.03,0
C2_n0.03_d000_r03,C2,202635,3.26,3.26,0.0,0.6,0.585419247974558,0.5889499007185186,FAR,FAR,0.0,1,,,0.03,0
C2_n0.03_d000_r03,C2,202635,3.28,3.28,0.0,0.6,0.5738089607667974,0.5851646657305883,FAR,FAR,0.0,1,,,0.03,0
C2_n0.03_d000_r03,C2,202635,3.3,3.3,0.0,0.6,0.5849007741595271,0.585098692837823,FAR,FAR,0.0,1,,,0.03,0
C2_n0.03_d000_r03,C2,202635,3.32,3.32,0.0,0.6,0.6357065380878424,0.5977506541503279,FAR,FAR,0.0,1,,,0.03,0
C2_n0.03_d000_r03,C2,202635,3.34,3.34,0.0,0.6,0.640569604944435,0.6084553918488547,FAR,FAR,0.0,1,,,0.03,0
C2_n0.03_d000_r03,C2,202635,3.36,3.36,0.0,0.6,0.6105274554737645,0.6089734077550821,FAR,FAR,0.0,1,,,0.03,0
C2_n0.03_d000_r03,C2,202635,3.38,3.38,0.0,0.6,0.5529758937703521,0.5949740292588996,FAR,FAR,0.0,1,,,0.03,0
C2_n0.03_d000_r03,C2,202635,3.4,3.4,0.0,0.6,0.55965351867633,0.5861439016132572,FAR,FAR,0.0,1,,,0.03,0
C2_n0.03_d000_r03,C2,202635,3.42,3.42,0.0,0.6,0.587016559024486,0.5863620659660644,FAR,FAR,0.0,1,,,0.03,0
C2_n0.03_d000_r03,C2,202635,3.44,3.44,0.0,0.6,0.5787548075351812,0.5844602513583437,FAR,FAR,0.0,1,,,0.03,0
C2_n0.03_d000_r03,C2,202635,3.46,3.46,0.0,0.6,0.5901311490404342,0.5858779757788664,FAR,FAR,0.0,1,,,0.03,0
C2_n0.03_d000_r03,C2,202635,3.48,3.48,0.0,0.6,0.5910309347013729,0.587166215509493,FAR,FAR,0.0,1,,,0.03,0
C2_n0.03_d000_r03,C2,202635,3.5,3.5,0.0,0.6,0.6060438219397221,0.5918856171170502,FAR,FAR,0.0,1,,,0.03,0
C2_n0.03_d000_r03,C2,202635,3.52,3.52,0.0,0.6,0.5864683189667984,0.5905312925794872,FAR,FAR,0.0,1,,,0.03,0
C2_n0.03_d000_r03,C2,202635,3.54,3.54,0.0,0.6,0.5746829407398357,0.5865692046195743,FAR,FAR,0.0,1,,,0.03,0
C2_n0.03_d000_r03,C2,202635,3.56,3.56,0.0,0.6,0.597797469548771,0.5893762708518735,FAR,FAR,0.0,1,,,0.03,0
C2_n0.03_d000_r03,C2,202635,3.58,3.58,0.0,0.6,0.63107037232267,0.5997997962195727,FAR,FAR,0.0,1,,,0.03,0
C2_n0.03_d000_r03,C2,202635,3.6,3.6,0.0,0.6,0.6095245540075024,0.6022309856665551,FAR,FAR,0.0,1,,,0.03,0
C2_n0.03_d000_r03,C2,202635,3.62,3.62,0.0,0.6,0.5754694088664425,0.5955405914665269,FAR,FAR,0.0,1,,,0.03,0
C2_n0.03_d000_r03,C2,202635,3.64,3.64,0.0,0.6,0.6331433532885755,0.604941281922039,FAR,FAR,0.0,1,,,0.03,0
C2_n0.03_d000_r03,C2,202635,3.66,3.66,0.0,0.6,0.5959712446122979,0.6026987725946037,FAR,FAR,0.0,1,,,0.03,0
C2_n0.03_d000_r03,C2,202635,3.68,3.68,0.0,0.6,0.5871477817106359,0.5988110248736118,FAR,FAR,0.0,1,,,0.03,0
C2_n0.03_d000_r03,C2,202635,3.7,3.7,0.0,0.6,0.6233891396351686,0.604955553564001,FAR,FAR,0.0,1,,,0.03,0
C2_n0.03_d000_r03,C2,202635,3.72,3.72,0.0,0.6,0.5737277413136624,0.5971486005014164,FAR,FAR,0.0,1,,,0.03,0
C2_n0.03_d000_r03,C2,202635,3.74,3.74,0.0,0.6,0.6449303608047066,0.6090940405772389,FAR,FAR,0.0,1,,,0.03,0
C2_n0.03_d000_r03,C2,202635,3.76,3.76,0.0,0.6,0.5863107261723737,0.6033982119760226,FAR,FAR,0.0,1,,,0.03,0
C2_n0.03_d000_r03,C2,202635,3.78,3.78,0.0,0.6,0.6280686863465853,0.6095658305686633,FAR,FAR,0.0,1,,,0.03,0
C2_n0.03_d000_r03,C2,202635,3.8,3.8,0.0,0.6,0.5816219150846362,0.6025798516976566,FAR,FAR,0.0,1,,,0.03,0
C2_n0.03_d000_r03,C2,202635,3.82,3.82,0.0,0.6,0.6097290599073278,0.6043671537500744,FAR,FAR,0.0,1,,,0.03,0
C2_n0.03_d000_r03,C2,202635,3.84,3.84,0.0,0.6,0.57597928689372,0.5972701870359859,FAR,FAR,0.0,1,,,0.03,0
C2_n0.03_d000_r03,C2,202635,3.86,3.86,0.0,0.6,0.5922792673283482,0.5960224571090765,FAR,FAR,0.0,1,,,0.03,0
C2_n0.03_d000_r03,C2,202635,3.88,3.88,0.0,0.6,0.6414974976097568,0.6073912172342466,FAR,FAR,0.0,1,,,0.03,0
C2_n0.03_d000_r03,C2,202635,3.9,3.9,0.0,0.6,0.6126040784379441,0.608694432535171,FAR,FAR,0.0,1,,,0.03,0
C2_n0.03_d000_r03,C2,202635,3.92,3.92,0.0,0.6,0.6037665434344871,0.60746246026,FAR,FAR,0.0,1,,,0.03,0
C2_n0.03_d000_r03,C2,202635,3.94,3.94,0.0,0.6,0.5667097360732445,0.5972742792133111,FAR,FAR,0.0,1,,,0.03,0
C2_n0.03_d000_r03,C2,202635,3.96,3.96,0.0,0.6,0.6430667024410478,0.6087223850202452,FAR,FAR,0.0,1,,,0.03,0
C2_n0.03_d000_r03,C2,202635,3.98,3.98,0.0,0.6,0.5703373182323701,0.5991261183232764,FAR,FAR,0.0,1,,,0.03,0
C2_n0.03_d000_r03,C2,202635,4.0,4.0,0.0,0.6,0.6358159548396367,0.6082985774523665,FAR,FAR,0.0,1,,,0.03,0
C2_n0.03_d000_r03,C2,202635,4.02,4.02,0.0,0.5982500000000001,0.6120804433189821,0.6092440439190204,FAR,FAR,0.0,1,,,0.03,0
C2_n0.03_d000_r03,C2,202635,4.04,4.04,0.0,0.5965,0.6486965842657442,0.6191071790057014,FAR,FAR,0.0,1,,,0.03,0
C2_n0.03_d000_r03,C2,202635,4.06,4.06,0.0,0.59475,0.554813024392486,0.6030336403523976,FAR,FAR,0.0,1,,,0.03,0
C2_n0.03_d000_r03,C2,202635,4.08,4.08,0.0,0.593,0.6203782087797076,0.607369782459225,FAR,FAR,0.0,1,,,0.03,0
C2_n0.03_d000_r03,C2,202635,4.1,4.1,0.0,0.59125,0.5370253943397493,0.5897836854293561,FAR,FAR,0.0,1,,,0.03,0
C2_n0.03_d000_r03,C2,202635,4.12,4.12,0.0,0.5894999999999999,0.5973454820637486,0.5916741345879543,FAR,FAR,0.0,1,,,0.03,0
C2_n0.03_d000_r03,C2,202635,4.14,4.14,0.0,0.58775,0.5634546081647047,0.5846192529821419,FAR,FAR,0.0,1,,,0.03,0
C2_n0.03_d000_r03,C2,202635,4.16,4.16,0.0,0.586,0.5465238514647853,0.5750954026028028,FAR,FAR,0.0,1,,,0.03,0
C2_n0.03_d000_r03,C2,202635,4.18,4.18,0.0,0.58425,0.5892920255481623,0.5786445583391426,FAR,FAR,0.0,1,,,0.03,0
C2_n0.03_d000_r03,C2,202635,4.2,4.2,0.0,0.5825,0.5856076192881948,0.5803853235764057,FAR,FAR,0.0,1,,,0.03,0
C2_n0.03_d000_r03,C2,202635,4.22,4.22,0.0,0.58075,0.5684851801973975,0.5774102877316536,FAR,FAR,0.0,1,,,0.03,0
C2_n0.03_d000_r03,C2,202635,4.24,4.24,0.0,0.579,0.5722020510197459,0.5761082285536767,FAR,FAR,0.0,1,,,0.03,0
C2_n0.03_d000_r03,C2,202635,4.26,4.26,0.0,0.57725,0.5741893580218472,0.5756285109207193,FAR,FAR,0.0,1,,,0.03,0
C2_n0.03_d000_r03,C2,202635,4.28,4.28,0.0,0.5754999999999999,0.5441525557131235,0.5677595221188203,FAR,FAR,0.0,1,,,0.03,0
C2_n0.03_d000_r03,C2,202635,4.3,4.3,0.0,0.57375,0.5628887978715152,0.566541841056994,FAR,FAR,0.0,1,,,0.03,0
C2_n0.03_d000_r03,C2,202635,4.32,4.32,0.0,0.572,0.5515749196870992,0.5628001107145203,FAR,FAR,0.0,1,,,0.03,0
C2_n0.03_d000_r03,C2,202635,4.34,4.34,0.0,0.57025,0.5935533364635144,0.5704884171517688,FAR,FAR,0.0,1,,,0.03,0
C2_n0.03_d000_r03,C2,202635,4.36,4.36,0.0,0.5685,0.5605159951397405,0.5679953116487617,FAR,FAR,0.0,1,,,0.03,0
C2_n0.03_d000_r03,C2,202635,4.38,4.38,0.0,0.56675,0.5455580525620565,0.5623859968770855,FAR,FAR,0.0,1,,,0.03,0
C2_n0.03_d000_r03,C2,202635,4.4,4.4,0.0,0.565,0.5840592831883715,0.567804318454907,FAR,FAR,0.0,1,,,0.03,0
C2_n0.03_d000_r03,C2,202635,4.42,4.42,0.0,0.56325,0.5675964101181877,0.5677523413707272,FAR,FAR,0.0,1,,,0.03,0
C2_n0.03_d000_r03,C2,202635,4.44,4.44,0.0,0.5614999999999999,0.5185139549283672,0.5554427447601371,FAR,FAR,0.0,1,,,0.03,0
C2_n0.03_d000_r03,C2,202635,4.46,4.46,0.0,0.55975,0.6161500441348695,0.5706195696038202,FAR,FAR,0.0,1,,,0.03,0
C2_n0.03_d000_r03,C2,202635,4.48,4.48,0.0,0.5579999999999999,0.5846296985883821,0.5741221018499607,FAR,FAR,0.0,1,,,0.03,0
C2_n0.03_d000_r03,C2,202635,4.5,4.5,0.0,0.55625,0.5146481539763109,0.5592536148815482,FAR,FAR,0.0,1,,,0.03,0
C2_n0.03_d000_r03,C2,202635,4.52,4.52,0.0,0.5545,0.5419778201474477,0.554934666198023,FAR,FAR,0.0,1,,,0.03,0
C2_n0.03_d000_r03,C2,202635,4.54,4.54,0.0,0.55275,0.5635177323743567,0.5570804327421064,FAR,FAR,0.0,1,,,0.03,0
C2_n0.03_d000_r03,C2,202635,4.56,4.56,0.0,0.551,0.5542326490016225,0.5563684868069854,FAR,FAR,0.0,1,,,0.03,0
C2_n0.03_d000_r03,C2,202635,4.58,4.58,0.0,0.54925,0.5398804855024489,0.5522464864808513,FAR,FAR,0.0,1,,,0.03,0
C2_n0.03_d000_r03,C2,202635,4.6,4.6,0.0,0.5475,0.5731546748525699,0.5574735335737809,FAR,FAR,0.0,1,,,0.03,0
C2_n0.03_d000_r03,C2,202635,4.62,4.62,0.0,0.54575,0.5528694272165381,0.5563225069844702,FAR,FAR,0.0,1,,,0.03,0
C2_n0.03_d000_r03,C2,202635,4.64,4.64,0.0,0.544,0.5357484469843171,0.5511789919844319,FAR,FAR,0.0,1,,,0.03,0
C2_n0.03_d000_r03,C2,202635,4.66,4.66,0.0,0.54225,0.528364315070458,0.5454753227559384,FAR,FAR,0.0,1,,,0.03,0
C2_n0.03_d000_r03,C2,202635,4.68,4.68,0.0,0.5405,0.5847677873741192,0.5552984389104836,FAR,FAR,0.0,1,,,0.03,0
C2_n0.03_d000_r03,C2,202635,4.7,4.7,0.0,0.53875,0.5455380031009976,0.5528583299581121,FAR,FAR,0.0,1,,,0.03,0
C2_n0.03_d000_r03,C2,202635,4.72,4.72,0.0,0.537,0.5304604874963522,0.5472588693426722,FAR,FAR,0.0,1,,,0.03,0
C2_n0.03_d000_r03,C2,202635,4.74,4.74,0.0,0.53525,0.5401460817741833,0.54548067245055,FAR,FAR,0.0,1,,,0.03,0
C2_n0.03_d000_r03,C2,202635,4.76,4.76,0.0,0.5335,0.5432481639769283,0.5449225453321446,FAR,FAR,0.0,1,,,0.03,0
C2_n0.03_d000_r03,C2,202635,4.78,4.78,0.0,0.53175,0.5800366900242356,0.5537010815051674,FAR,FAR,0.0,1,,,0.03,0
C2_n0.03_d000_r03,C2,202635,4.8,4.8,0.0,0.53,0.5063367569914932,0.5418600003767489,FAR,FAR,0.0,1,,,0.03,0
C2_n0.03_d000_r03,C2,202635,4.82,4.82,0.0,0.52825,0.5497778852022159,0.5438394715831156,FAR,FAR,0.0,1,,,0.03,0
C2_n0.03_d000_r03,C2,202635,4.84,4.84,0.0,0.5265,0.4666656862555095,0.5245460252512141,FAR,FAR,0.0,1,,,0.03,0
C2_n0.03_d000_r03,C2,202635,4.86,4.86,0.0,0.5247499999999999,0.5456684617243225,0.5298266343694912,FAR,FAR,0.0,1,,,0.03,0
C2_n0.03_d000_r03,C2,202635,4.88,4.88,0.0,0.523,0.49232537700139395,0.5204513200274669,FAR,FAR,0.0,1,,,0.03,0
C2_n0.03_d000_r03,C2,202635,4.9,4.9,0.0,0.52125,0.4658592195454983,0.5068032949069747,FAR,FAR,0.0,1,,,0.03,0
C2_n0.03_d000_r03,C2,202635,4.92,4.92,0.0,0.5195,0.5681402280412204,0.5221375281905362,FAR,FAR,0.0,1,,,0.03,0
C2_n0.03_d000_r03,C2,202635,4.94,4.94,0.0,0.5177499999999999,0.486169298468303,0.5131454707599779,FAR,FAR,0.0,1,,,0.03,0
C2_n0.03_d000_r03,C2,202635,4.96,4.96,0.0,0.516,0.5320735660353105,0.517877494578811,FAR,FAR,0.0,1,,,0.03,0
C2_n0.03_d000_r03,C2,202635,4.98,4.98,0.0,0.51425,0.47795241856375115,0.5078962255750461,FAR,FAR,0.0,1,,,0.03,0
C2_n0.03_d000_r03,C2,202635,5.0,5.0,0.0,0.5125,0.41760963429027714,0.48532457775385385,FAR,FAR,0.0,1,,,0.03,0
C2_n0.03_d000_r03,C2,202635,5.02,5.02,0.0,0.51075,0.49072353934297197,0.4866743181511334,FAR,FAR,0.0,1,,,0.03,0
C2_n0.03_d000_r03,C2,202635,5.04,5.04,0.0,0.509,0.5104995811770355,0.492630633907609,FAR,FAR,0.0,1,,,0.03,0
C2_n0.03_d000_r03,C2,202635,5.06,5.06,0.0,0.50725,0.4770116087766669,0.48872587762487346,FAR,FAR,0.0,1,,,0.03,0
C2_n0.03_d000_r03,C2,202635,5.08,5.08,0.0,0.5055,0.4545535931021801,0.4801828064942001,FAR,FAR,0.0,1,,,0.03,0
C2_n0.03_d000_r03,C2,202635,5.1,5.1,0.0,0.50375,0.49116397445847937,0.48292809848526996,FAR,FAR,0.0,1,,,0.03,0
C2_n0.03_d000_r03,C2,202635,5.12,5.12,0.0,0.502,0.4912738322783873,0.48501453193354926,FAR,FAR,0.0,1,,,0.03,0
C2_n0.03_d000_r03,C2,202635,5.14,5.14,0.0,0.50025,0.4709935148261616,0.4815092776567024,FAR,FAR,0.0,1,,,0.03,0
C2_n0.03_d000_r03,C2,202635,5.16,5.16,0.0,0.49849999999999994,0.4811995896113066,0.4814318556453534,FAR,FAR,0.0,1,,,0.03,0
C2_n0.03_d000_r03,C2,202635,5.18,5.18,0.0,0.49675,0.5230965082271195,0.4918480187907949,FAR,FAR,0.0,1,,,0.03,0
C2_n0.03_d000_r03,C2,202635,5.2,5.2,0.0,0.495,0.4911566946178584,0.4916751877475608,FAR,FAR,0.0,1,,,0.03,0
C2_n0.03_d000_r03,C2,202635,5.22,5.22,0.0,0.49325,0.4662963807232387,0.48533048599148026,FAR,FAR,0.0,1,,,0.03,0
C2_n0.03_d000_r03,C2,202635,5.24,5.24,0.0,0.49149999999999994,0.4957779621316236,0.4879423550265161,FAR,FAR,0.0,1,,,0.03,0
C2_n0.03_d000_r03,C2,202635,5.26,5.26,0.0,0.48975,0.4734681093112271,0.4843237935976939,FAR,FAR,0.0,1,,,0.03,0
C2_n0.03_d000_r03,C2,202635,5.28,5.28,0.0,0.488,0.46800566429711665,0.4802442612725496,FAR,FAR,0.0,1,,,0.03,0
C2_n0.03_d000_r03,C2,202635,5.3,5.3,0.0,0.48625,0.4397342988824628,0.4701167706750279,FAR,FAR,0.0,1,,,0.03,0
C2_n0.03_d000_r03,C2,202635,5.32,5.32,0.0,0.48449999999999993,0.47671784283653396,0.47176703871540443,FAR,FAR,0.0,1,,,0.03,0
C2_n0.03_d000_r03,C2,202635,5.34,5.34,0.0,0.48275,0.4739312010174867,0.472308079290925,FAR,FAR,0.0,1,,,0.03,0
C2_n0.03_d000_r03,C2,202635,5.36,5.36,0.0,0.481,0.5295255303080445,0.48661244204520493,FAR,FAR,0.0,1,,,0.03,0
C2_n0.03_d000_r03,C2,202635,5.38,5.38,0.0,0.47925,0.4555546493039715,0.47884799385989657,FAR,FAR,0.0,1,,,0.03,0
C2_n0.03_d000_r03,C2,202635,5.4,5.4,0.0,0.4774999999999999,0.5038063931823421,0.4850875936905079,FAR,FAR,0.0,1,,,0.03,0
C2_n0.03_d000_r03,C2,202635,5.42,5.42,0.0,0.47575,0.4762688793114868,0.48288291509575265,FAR,FAR,0.0,1,,,0.03,0
C2_n0.03_d000_r03,C2,202635,5.44,5.44,0.0,0.474,0.5163292382244232,0.4912444958779203,FAR,FAR,0.0,1,,,0.03,0
C2_n0.03_d000_r03,C2,202635,5.46,5.46,0.0,0.47224999999999995,0.4586264914261,0.4830899947649652,FAR,FAR,0.0,1,,,0.03,0
C2_n0.03_d000_r03,C2,202635,5.48,5.48,0.0,0.4704999999999999,0.4281806035200697,0.46936264695374136,FAR,FAR,0.0,1,,,0.03,0
C2_n0.03_d000_r03,C2,202635,5.5,5.5,0.0,0.46875,0.46518510119996237,0.4683182605152966,FAR,FAR,0.0,1,,,0.03,0
C2_n0.03_d000_r03,C2,202635,5.52,5.52,0.0,0.467,0.483887740686682,0.47221063055814294,FAR,FAR,0.0,1,,,0.03,0
C2_n0.03_d000_r03,C2,202635,5.54,5.54,0.0,0.46525,0.4740013748045468,0.4726583166197439,FAR,FAR,0.0,1,,,0.03,0
C2_n0.03_d000_r03,C2,202635,5.56,5.56,0.0,0.4635,0.44968752212743107,0.4669156179966657,FAR,FAR,0.0,1,,,0.03,0
C2_n0.03_d000_r03,C2,202635,5.58,5.58,0.0,0.46175,0.5057658597658129,0.47662817843895255,FAR,FAR,0.0,1,,,0.03,0
C2_n0.03_d000_r03,C2,202635,5.6,5.6,0.0,0.46,0.44117121875574405,0.46776393851815046,FAR,FAR,0.0,1,,,0.03,0
C2_n0.03_d000_r03,C2,202635,5.62,5.62,0.0,0.45825,0.44713030771842566,0.46260553081821926,FAR,FAR,0.0,1,,,0.03,0
C2_n0.03_d000_r03,C2,202635,5.64,5.64,0.0,0.4565,0.42944048275890023,0.4543142688033895,FAR,FAR,0.0,1,,,0.03,0
C2_n0.03_d000_r03,C2,202635,5.66,5.66,0.0,0.45475,0.4808419962346779,0.4609462006612116,FAR,FAR,0.0,1,,,0.03,0
C2_n0.03_d000_r03,C2,202635,5.68,5.68,0.0,0.453,0.4280801620297243,0.4527296910033398,FAR,FAR,0.0,1,,,0.03,0
C2_n0.03_d000_r03,C2,202635,5.7,5.7,0.0,0.45125,0.48316019236319874,0.46033731634330455,FAR,FAR,0.0,1,,,0.03,0
C2_n0.03_d000_r03,C2,202635,5.72,5.72,0.0,0.4495,0.4592322872893734,0.46006105907982175,FAR,FAR,0.0,1,,,0.03,0
C2_n0.03_d000_r03,C2,202635,5.74,5.74,0.0,0.44775,0.4803853653551167,0.4651421356486455,FAR,FAR,0.0,1,,,0.03,0
C2_n0.03_d000_r03,C2,202635,5.76,5.76,0.0,0.446,0.4511064493053798,0.4616332140628291,FAR,FAR,0.0,1,,,0.03,0
C2_n0.03_d000_r03,C2,202635,5.78,5.78,0.0,0.44425,0.43991516715346257,0.45620370233548746,FAR,FAR,0.0,1,,,0.03,0
C2_n0.03_d000_r03,C2,202635,5.8,5.8,0.0,0.4425,0.4407711251357057,0.452345558035542,FAR,FAR,0.0,1,,,0.03,0
C2_n0.03_d000_r03,C2,202635,5.82,5.82,0.0,0.44075,0.48391936042986583,0.4602390086341229,FAR,FAR,0.0,1,,,0.03,0
C2_n0.03_d000_r03,C2,202635,5.84,5.84,0.0,0.439,0.41304174553163153,0.4484396928585001,FAR,FAR,0.0,1,,,0.03,0
C2_n0.03_d000_r03,C2,202635,5.86,5.86,0.0,0.43724999999999997,0.4705689872928489,0.4539720164670873,FAR,FAR,0.0,1,,,0.03,0
C2_n0.03_d000_r03,C2,202635,5.88,5.88,0.0,0.4355,0.45194528837826276,0.45346533444488113,FAR,FAR,0.0,1,,,0.03,0
C2_n0.03_d000_r03,C2,202635,5.9,5.9,0.0,0.43374999999999997,0.4240851413956169,0.44612028618256505,FAR,FAR,0.0,1,,,0.03,0
C2_n0.03_d000_r03,C2,202635,5.92,5.92,0.0,0.432,0.38704936706616033,0.43135255640346387,FAR,FAR,0.0,1,,,0.03,0
C2_n0.03_d000_r03,C2,202635,5.94,5.94,0.0,0.43024999999999997,0.42346360676933126,0.4293803189949307,FAR,FAR,0.0,1,,,0.03,0
C2_n0.03_d000_r03,C2,202635,5.96,5.96,0.0,0.4285,0.4348942507724932,0.43075880193932137,FAR,FAR,0.0,1,,,0.03,0
C2_n0.03_d000_r03,C2,202635,5.98,5.98,0.0,0.42674999999999996,0.418411432962645,0.42767195969515226,FAR,FAR,0.0,1,,,0.03,0
C2_n0.03_d000_r03,C2,202635,6.0,6.0,0.0,0.425,0.43327394364409416,0.4290724556823877,FAR,FAR,0.0,1,,,0.03,0
C2_n0.03_d000_r03,C2,202635,6.02,6.02,0.0,0.42325,0.3714329961207355,0.41466259079197465,FAR,FAR,0.0,1,,,0.03,0
C2_n0.03_d000_r03,C2,202635,6.04,6.04,0.0,0.4215,0.41173200928376347,0.41392994541492184,FAR,FAR,0.0,1,,,0.03,0
C2_n0.03_d000_r03,C2,202635,6.06,6.06,0.0,0.41975,0.43615147520326103,0.41948532786200665,FAR,FAR,0.0,1,,,0.03,0
C2_n0.03_d000_r03,C2,202635,6.08,6.08,0.0,0.418,0.3794777501301137,0.40948343342903337,FAR,FAR,0.0,1,,,0.03,0
C2_n0.03_d000_r03,C2,202635,6.1,6.1,0.0,0.41625,0.455258613867331,0.42092722853860776,FAR,FAR,0.0,1,,,0.03,0
C2_n0.03_d000_r03,C2,202635,6.12,6.12,0.0,0.4145,0.40597028163142324,0.4171879918118116,FAR,FAR,0.0,1,,,0.03,0
C2_n0.03_d000_r03,C2,202635,6.14,6.14,0.0,0.41275,0.4643188340003844,0.4289707023589548,FAR,FAR,0.0,1,,,0.03,0
C2_n0.03_d000_r03,C2,202635,6.16,6.16,0.0,0.411,0.4615227475633319,0.43710871366004905,FAR,FAR,0.0,1,,,0.03,0
C2_n0.03_d000_r03,C2,202635,6.18,6.18,0.0,0.40925,0.4133609390558472,0.4311717700089986,FAR,FAR,0.0,1,,,0.03,0
C2_n0.03_d000_r03,C2,202635,6.2,6.2,0.0,0.4075,0.44681019925831544,0.4350813773213278,FAR,FAR,0.0,1,,,0.03,0
C2_n0.03_d000_r03,C2,202635,6.22,6.22,0.0,0.40575,0.3919096934452901,0.4242884563523184,FAR,FAR,0.0,1,,,0.03,0
C2_n0.03_d000_r03,C2,202635,6.24,6.24,0.0,0.40399999999999997,0.37934754007406113,0.41305322728275407,FAR,FAR,0.0,1,,,0.03,0
C2_n0.03_d000_r03,C2,202635,6.26,6.26,0.0,0.40225,0.4494883743120236,0.4221620140400715,FAR,FAR,0.0,1,,,0.03,0
C2_n0.03_d000_r03,C2,202635,6.28,6.28,0.0,0.40049999999999997,0.38252884721900704,0.4122537223348054,FAR,FAR,0.0,1,,,0.03,0
C2_n0.03_d000_r03,C2,202635,6.3,6.3,0.0,0.39875,0.40036195229124777,0.409280779823916,FAR,FAR,0.0,1,,,0.03,0
C2_n0.03_d000_r03,C2,202635,6.32,6.32,0.0,0.39699999999999996,0.3545463805737273,0.3955971800113688,FAR,FAR,0.0,1,,,0.03,0
C2_n0.03_d000_r03,C2,202635,6.34,6.34,0.0,0.39525,0.43482484822313405,0.4054040970643101,FAR,FAR,0.0,1,,,0.03,0
C2_n0.03_d000_r03,C2,202635,6.36,6.36,0.0,0.39349999999999996,0.4095395204985858,0.406437952922879,FAR,FAR,0.0,1,,,0.03,0
C2_n0.03_d000_r03,C2,202635,6.38,6.38,0.0,0.39175,0.41401140259765223,0.4083313153415723,FAR,FAR,0.0,1,,,0.03,0
C2_n0.03_d000_r03,C2,202635,6.4,6.4,0.0,0.38999999999999996,0.3886879627208124,0.4034204771863823,FAR,FAR,0.0,1,,,0.03,0
C2_n0.03_d000_r03,C2,202635,6.42,6.42,0.0,0.38825,0.3618874734800742,0.3930372262598053,FAR,FAR,0.0,1,,,0.03,0
C2_n0.03_d000_r03,C2,202635,6.44,6.44,0.0,0.38649999999999995,0.4264364274183403,0.4013870265494391,FAR,FAR,0.0,1,,,0.03,0
C2_n0.03_d000_r03,C2,202635,6.46,6.46,0.0,0.38475,0.36709818296555435,0.39281481565346793,FAR,FAR,0.0,1,,,0.03,0
C2_n0.03_d000_r03,C2,202635,6.48,6.48,0.0,0.38299999999999995,0.35029747498507896,0.3821854804863707,FAR,FAR,0.0,1,,,0.03,0
C2_n0.03_d000_r03,C2,202635,6.5,6.5,0.0,0.38125,0.3738505918940374,0.38010175833828735,FAR,FAR,0.0,1,,,0.03,0
C2_n0.03_d000_r03,C2,202635,6.52,6.52,0.0,0.37950000000000006,0.32741505717377234,0.36693008304715863,FAR,FAR,0.0,1,,,0.03,0
C2_n0.03_d000_r03,C2,202635,6.54,6.54,0.0,0.37775000000000003,0.41495424361364014,0.378936123188779,FAR,FAR,0.0,1,,,0.03,0
C2_n0.03_d000_r03,C2,202635,6.56,6.56,0.0,0.376,0.417180736012178,0.3884972763946287,FAR,FAR,0.0,1,,,0.03,0
C2_n0.03_d000_r03,C2,202635,6.58,6.58,0.0,0.37424999999999997,0.38376258919333595,0.3873136045943055,FAR,FAR,0.0,1,,,0.03,0
C2_n0.03_d000_r03,C2,202635,6.6,6.6,0.0,0.37250000000000005,0.39116899510927944,0.388277452223049,FAR,FAR,0.0,1,,,0.03,0
C2_n0.03_d000_r03,C2,202635,6.62,6.62,0.0,0.37075,0.2891802898046517,0.36350316161844964,FAR,FAR,0.0,1,,,0.03,0
C2_n0.03_d000_r03,C2,202635,6.64,6.64,0.0,0.369,0.4027900866843751,0.373324892884931,FAR,FAR,0.0,1,,,0.03,0
C2_n0.03_d000_r03,C2,202635,6.66,6.66,0.0,0.36724999999999997,0.32966626435922436,0.3624102357535043,FAR,FAR,0.0,1,,,0.03,0
C2_n0.03_d000_r03,C2,202635,6.68,6.68,0.0,0.36550000000000005,0.402100792110305,0.37233287484270444,FAR,FAR,0.0,1,,,0.03,0
C2_n0.03_d000_r03,C2,202635,6.7,6.7,0.0,0.36375,0.36920452713460733,0.3715507879156802,FAR,FAR,0.0,1,,,0.03,0
C2_n0.03_d000_r03,C2,202635,6.72,6.72,0.0,0.362,0.3797122522775279,0.37359115400614207,FAR,FAR,0.0,1,,,0.03,0
C2_n0.03_d000_r03,C2,202635,6.74,6.74,0.0,0.36024999999999996,0.3644792249921499,0.371313171752644,FAR,FAR,0.0,1,,,0.03,0
C2_n0.03_d000_r03,C2,202635,6.76,6.76,0.0,0.35850000000000004,0.3204805760707249,0.3586050228321642,FAR,FAR,0.0,1,,,0.03,0
C2_n0.03_d000_r03,C2,202635,6.78,6.78,0.0,0.35675,0.40196107628737826,0.3694440361959677,FAR,FAR,0.0,1,,,0.03,0
C2_n0.03_d000_r03,C2,202635,6.8,6.8,0.0,0.355,0.31089651260082773,0.35480715529718276,FAR,FAR,0.0,1,,,0.03,0
C2_n0.03_d000_r03,C2,202635,6.82,6.82,0.0,0.35324999999999995,0.3183865202693962,0.34570199654023614,FAR,FAR,0.0,1,,,0.03,0
C2_n0.03_d000_r03,C2,202635,6.84,6.84,0.0,0.35150000000000003,0.32092403772215755,0.3395075068357165,FAR,FAR,0.0,1,,,0.03,0
C2_n0.03_d000_r03,C2,202635,6.86,6.86,0.0,0.34974999999999995,0.37875750948422615,0.3493200074978439,NEAR,FAR,0.0,1,,,0.03,0
C2_n0.03_d000_r03,C2,202635,6.88,6.88,0.0,0.348,0.40629409239434267,0.3635635287219686,NEAR,FAR,0.0,1,,,0.03,0
C2_n0.03_d000_r03,C2,202635,6.9,6.9,0.0,0.34624999999999995,0.3721023401144536,0.3656982315700899,NEAR,FAR,0.0,1,,,0.03,0
C2_n0.03_d000_r03,C2,202635,6.92,6.92,0.0,0.3445,0.32925863808757466,0.3565883331994611,NEAR,FAR,0.0,1,,,0.03,0
C2_n0.03_d000_r03,C2,202635,6.94,6.94,0.0,0.34274999999999994,0.3236208191248731,0.3483464546808141,NEAR,FAR,0.0,1,,,0.03,0
C2_n0.03_d000_r03,C2,202635,6.96,6.96,0.0,0.34099999999999997,0.3733097059980028,0.35458726751011127,NEAR,FAR,0.0,1,,,0.03,0
C2_n0.03_d000_r03,C2,202635,6.98,6.98,0.0,0.33924999999999994,0.3186360013934411,0.3455994509809437,NEAR,FAR,0.0,1,,,0.03,0
C2_n0.03_d000_r03,C2,202635,7.0,7.0,0.0,0.3375,0.3577035394946778,0.3486254731093772,NEAR,FAR,0.0,1,,,0.03,0
C2_n0.03_d000_r03,C2,202635,7.02,7.02,0.0,0.33575000000000005,0.34980319227024065,0.34891990289959307,NEAR,FAR,0.0,1,,,0.03,0
C2_n0.03_d000_r03,C2,202635,7.04,7.04,0.0,0.334,0.39119684719412917,0.3594891389732271,NEAR,FAR,0.0,1,,,0.03,0
C2_n0.03_d000_r03,C2,202635,7.06,7.06,0.0,0.33225000000000005,0.3419029474281195,0.3550925910869502,NEAR,FAR,0.0,1,,,0.03,0
C2_n0.03_d000_r03,C2,202635,7.08,7.08,0.0,0.3305,0.33399639277950705,0.3498185415100894,NEAR,FAR,0.0,1,,,0.03,0
C2_n0.03_d000_r03,C2,202635,7.1,7.1,0.0,0.32875000000000004,0.27552535867944467,0.3312452458024282,NEAR,FAR,0.0,1,,,0.03,0
C2_n0.03_d000_r03,C2,202635,7.12,7.12,0.0,0.327,0.3303096345453227,0.3310113429881518,NEAR,FAR,0.0,1,,,0.03,0
C2_n0.03_d000_r03,C2,202635,7.14,7.14,0.0,0.32525000000000004,0.3439384356314893,0.33424311614898616,NEAR,FAR,0.0,1,,,0.03,0
C2_n0.03_d000_r03,C2,202635,7.16,7.16,0.0,0.3235,0.2984638671741541,0.32529830390527814,NEAR,FAR,0.0,1,,,0.03,0
C2_n0.03_d000_r03,C2,202635,7.18,7.18,0.0,0.32175000000000004,0.34832677127596895,0.33105542074795086,NEAR,FAR,0.0,1,,,0.03,0
C2_n0.03_d000_r03,C2,202635,7.2,7.2,0.0,0.32,0.3294356345026673,0.33065047418662996,NEAR,FAR,0.0,1,,,0.03,0
C2_n0.03_d000_r03,C2,202635,7.22,7.22,0.0,0.31825000000000003,0.3033378772061123,0.32382232494150054,NEAR,FAR,0.0,1,,,0.03,0
C2_n0.03_d000_r03,C2,202635,7.24,7.24,0.0,0.3165,0.3319278071459911,0.3258486954926232,NEAR,FAR,0.0,1,,,0.03,0
C2_n0.03_d000_r03,C2,202635,7.26,7.26,0.0,0.31475000000000003,0.3311593999487143,0.327176371606646,NEAR,FAR,0.0,1,,,0.03,0
C2_n0.03_d000_r03,C2,202635,7.28,7.28,0.0,0.313,0.2965062676696669,0.3195088456224012,NEAR,NEAR,0.6,1,ENTER_NEAR,,0.03,0
C2_n0.03_d000_r03,C2,202635,7.3,7.3,0.0,0.31125,0.331665642428123,0.3225480448238317,NEAR,NEAR,0.6,1,,,0.03,0
C2_n0.03_d000_r03,C2,202635,7.32,7.32,0.0,0.3095,0.32753974255542984,0.32379596925673126,NEAR,NEAR,0.6,1,,,0.03,0
C2_n0.03_d000_r03,C2,202635,7.34,7.34,0.0,0.30775,0.3204202438231548,0.32295203789833715,NEAR,NEAR,0.6,1,,,0.03,0
C2_n0.03_d000_r03,C2,202635,7.36,7.36,0.0,0.306,0.30950867460231696,0.3195911970743321,NEAR,NEAR,0.6,1,,,0.03,0
C2_n0.03_d000_r03,C2,202635,7.38,7.38,0.0,0.30425,0.34542954412114335,0.3260507838360349,NEAR,NEAR,0.6,1,,,0.03,0
C2_n0.03_d000_r03,C2,202635,7.4,7.4,0.0,0.3025,0.25106733891144534,0.3073049226048875,NEAR,NEAR,0.6,1,,,0.03,0
C2_n0.03_d000_r03,C2,202635,7.42,7.42,0.0,0.30075,0.24822729447000075,0.2925355155711658,NEAR,NEAR,0.6,1,,,0.03,0
C2_n0.03_d000_r03,C2,202635,7.44,7.44,0.0,0.299,0.2838412418364273,0.2903619471374812,NEAR,NEAR,0.6,1,,,0.03,0
C2_n0.03_d000_r03,C2,202635,7.46,7.46,0.0,0.29725,0.2959293517149397,0.29175379828184583,NEAR,NEAR,0.6,1,,,0.03,0
C2_n0.03_d000_r03,C2,202635,7.48,7.48,0.0,0.2955,0.2832776653186389,0.2896347650410441,NEAR,NEAR,0.6,1,,,0.03,0
C2_n0.03_d000_r03,C2,202635,7.5,7.5,0.0,0.29375,0.2567123733239023,0.28140416711175864,NEAR,NEAR,0.6,1,,,0.03,0
C2_n0.03_d000_r03,C2,202635,7.52,7.52,0.0,0.29200000000000004,0.2856226791308776,0.2824587951165384,NEAR,NEAR,0.6,1,,,0.03,0
C2_n0.03_d000_r03,C2,202635,7.54,7.54,0.0,0.29025,0.2973282832672635,0.2861761671542197,NEAR,NEAR,0.6,1,,,0.03,0
C2_n0.03_d000_r03,C2,202635,7.56,7.56,0.0,0.28850000000000003,0.331497734182846,0.29750655891137623,NEAR,NEAR,0.6,1,,,0.03,0
C2_n0.03_d000_r03,C2,202635,7.58,7.58,0.0,0.28675,0.3329154336690966,0.3063587776008063,NEAR,NEAR,0.6,1,,,0.03,0
C2_n0.03_d000_r03,C2,202635,7.6,7.6,0.0,0.28500000000000003,0.3364346296739067,0.3138777406190814,NEAR,NEAR,0.6,1,,,0.03,0
C2_n0.03_d000_r03,C2,202635,7.62,7.62,0.0,0.28325,0.26144969823255426,0.30077073002244964,NEAR,NEAR,0.6,1,,,0.03,0
C2_n0.03_d000_r03,C2,202635,7.64,7.64,0.0,0.28150000000000003,0.24500380421018758,0.28682899856938415,NEAR,NEAR,0.6,1,,,0.03,0
C2_n0.03_d000_r03,C2,202635,7.66,7.66,0.0,0.27975,0.28474882858323325,0.28630895607284645,NEAR,NEAR,0.6,1,,,0.03,0
C2_n0.03_d000_r03,C2,202635,7.68,7.68,0.0,0.278,0.2539026792989136,0.27820738687936325,NEAR,NEAR,0.6,1,,,0.03,0
C2_n0.03_d000_r03,C2,202635,7.7,7.7,0.0,0.27625,0.2613562246234407,0.2739945963153826,NEAR,NEAR,0.6,1,,,0.03,0
C2_n0.03_d000_r03,C2,202635,7.72,7.72,0.0,0.2745,0.2897821386339061,0.27794148189501344,NEAR,NEAR,0.6,1,,,0.03,0
C2_n0.03_d000_r03,C2,202635,7.74,7.74,0.0,0.27275,0.27137938447418436,0.27630095753980616,NEAR,NEAR,0.6,1,,,0.03,0
C2_n0.03_d000_r03,C2,202635,7.76,7.76,0.0,0.271,0.3027017806894995,0.2829011633272295,NEAR,NEAR,0.6,1,,,0.03,0
C2_n0.03_d000_r03,C2,202635,7.78,7.78,0.0,0.26925,0.2478133443060291,0.2741292085719294,NEAR,NEAR,0.6,1,,,0.03,0
C2_n0.03_d000_r03,C2,202635,7.8,7.8,0.0,0.2675,0.3050413293756987,0.2818572387728717,NEAR,NEAR,0.6,1,,,0.03,0
C2_n0.03_d000_r03,C2,202635,7.82,7.82,0.0,0.26575,0.23539813810060747,0.27024246360480564,NEAR,NEAR,0.6,1,,,0.03,0
C2_n0.03_d000_r03,C2,202635,7.84,7.84,0.0,0.264,0.3728626927736366,0.2958975208970134,NEAR,NEAR,0.6,1,,,0.03,0
C2_n0.03_d000_r03,C2,202635,7.86,7.86,0.0,0.26225,0.25213853825490323,0.28495777523648586,NEAR,NEAR,0.6,1,,,0.03,0
C2_n0.03_d000_r03,C2,202635,7.88,7.88,0.0,0.2605,0.2625305110915376,0.27935095920024877,NEAR,NEAR,0.6,1,,,0.03,0
C2_n0.03_d000_r03,C2,202635,7.9,7.9,0.0,0.25875,0.25294430560169356,0.27274929580060997,NEAR,NEAR,0.6,1,,,0.03,0
C2_n0.03_d000_r03,C2,202635,7.92,7.92,0.0,0.257,0.23353767296276257,0.2629463900911481,NEAR,NEAR,0.6,1,,,0.03,0
C2_n0.03_d000_r03,C2,202635,7.94,7.94,0.0,0.25525,0.2299795401946651,0.25470467761702736,NEAR,NEAR,0.6,1,,,0.03,0
C2_n0.03_d000_r03,C2,202635,7.96,7.96,0.0,0.2535,0.2384500260562093,0.2506410147268228,NEAR,NEAR,0.6,1,,,0.03,0
C2_n0.03_d000_r03,C2,202635,7.98,7.98,0.0,0.25175,0.16519587379962242,0.22927972949502273,NEAR,NEAR,0.6,1,,,0.03,0
C2_n0.03_d000_r03,C2,202635,8.0,8.0,0.0,0.25,0.2319531837547591,0.22994809305995684,NEAR,NEAR,0.6,1,,,0.03,0
C2_n0.03_d000_r03,C2,202635,8.02,8.02,0.0,0.2522533838368113,0.30937213026175076,0.2498041023604053,NEAR,NEAR,0.6,1,,,0.03,0
C2_n0.03_d000_r03,C2,202635,8.04,8.04,0.0,0.25445562372365543,0.22158658019444488,0.2427497218189152,NEAR,NEAR,0.6,1,,,0.03,0
C2_n0.03_d000_r03,C2,202635,8.06,8.06,0.0,0.25655673649976407,0.24213815500594082,0.2425968301156716,NEAR,NEAR,0.6,1,,,0.03,0
C2_n0.03_d000_r03,C2,202635,8.08,8.08,0.0,0.25850903423690136,0.25255559615288037,0.2450865216249738,NEAR,NEAR,0.6,1,,,0.03,0
C2_n0.03_d000_r03,C2,202635,8.1,8.1,0.0,0.2602682065889303,0.31788374874428404,0.26328582840480136,NEAR,NEAR,0.6,1,,,0.03,0
C2_n0.03_d000_r03,C2,202635,8.12,8.12,0.0,0.26179432648204926,0.2554234441619995,0.2613202323441009,NEAR,NEAR,0.6,1,,,0.03,0
C2_n0.03_d000_r03,C2,202635,8.14,8.14,0.0,0.26305275632004294,0.2911540649724082,0.26877869050117775,NEAR,NEAR,0.6,1,,,0.03,0
C2_n0.03_d000_r03,C2,202635,8.16,8.16,0.0,0.2640149341368492,0.28162357854502434,0.2719899125121394,NEAR,NEAR,0.6,1,,,0.03,0
C2_n0.03_d000_r03,C2,202635,8.18,8.18,0.0,0.2646590218535229,0.27180007407309853,0.2719424529023792,NEAR,NEAR,0.6,1,,,0.03,0
C2_n0.03_d000_r03,C2,202635,8.2,8.2,0.0,0.26497040092642404,0.2656823218563093,0.2703774201408617,NEAR,NEAR,0.6,1,,,0.03,0
C2_n0.03_d000_r03,C2,202635,8.22,8.22,0.0,0.2649420041371476,0.255826617086392,0.2667397193772443,NEAR,NEAR,0.6,1,,,0.03,0
C2_n0.03_d000_r03,C2,202635,8.24,8.24,0.0,0.2645744759937201,0.2950298913802804,0.2738122623780033,NEAR,NEAR,0.6,1,,,0.03,0
C2_n0.03_d000_r03,C2,202635,8.26,8.26,0.0,0.26387615810251686,0.26018299217862206,0.270404944828158,NEAR,NEAR,0.6,1,,,0.03,0
C2_n0.03_d000_r03,C2,202635,8.28,8.28,0.0,0.26286289984290484,0.25529071985438817,0.26662638858471555,NEAR,NEAR,0.6,1,,,0.03,0
C2_n0.03_d000_r03,C2,202635,8.3,8.3,0.0,0.2615576986416368,0.26982086716830894,0.2674250082306139,NEAR,NEAR,0.6,1,,,0.03,0
C2_n0.03_d000_r03,C2,202635,8.32,8.32,0.0,0.25999017801151375,0.2732664447703922,0.26888536736555846,NEAR,NEAR,0.6,1,,,0.03,0
C2_n0.03_d000_r03,C2,202635,8.34,8.34,0.0,0.25819591520101404,0.24985331949702022,0.2641273553984239,NEAR,NEAR,0.6,1,,,0.03,0
C2_n0.03_d000_r03,C2,202635,8.36,8.36,0.0,0.2562156337148993,0.2595549680476354,0.26298425856072677,NEAR,NEAR,0.6,1,,,0.03,0
C2_n0.03_d000_r03,C2,202635,8.38,8.38,0.0,0.2540942790327598,0.2668317942694125,0.2639461424878982,NEAR,NEAR,0.6,1,,,0.03,0
C2_n0.03_d000_r03,C2,202635,8.4,8.4,0.0,0.25187999850346454,0.2550123755130306,0.2617127007441813,NEAR,NEAR,0.6,1,,,0.03,0
C2_n0.03_d000_r03,C2,202635,8.42,8.42,0.0,0.24962304856834994,0.27595674273831716,0.26527371124271526,NEAR,NEAR,0.6,1,,,0.03,0
C2_n0.03_d000_r03,C2,202635,8.44,8.44,0.0,0.2473746541153709,0.2387238808235625,0.2586362536379271,NEAR,NEAR,0.6,1,,,0.03,0
C2_n0.03_d000_r03,C2,202635,8.46,8.46,0.0,0.24518584585289177,0.26861602747434354,0.2611311970970312,NEAR,NEAR,0.6,1,,,0.03,0
C2_n0.03_d000_r03,C2,202635,8.48,8.48,0.0,0.24310630209067763,0.24194870914950925,0.2563355751101507,NEAR,NEAR,0.6,1,,,0.03,0
C2_n0.03_d000_r03,C2,202635,8.5,8.5,0.0,0.24118322121561292,0.2399577707874616,0.2522411240294784,NEAR,NEAR,0.6,1,,,0.03,0
C2_n0.03_d000_r03,C2,202635,8.52,8.52,0.0,0.2394602504530173,0.2413446117062529,0.24951699594867202,NEAR,NEAR,0.6,1,,,0.03,0
C2_n0.03_d000_r03,C2,202635,8.54,8.54,0.0,0.23797649522693692,0.23401347986369714,0.2456411169274283,NEAR,NEAR,0.6,1,,,0.03,0
C2_n0.03_d000_r03,C2,202635,8.56,8.56,0.0,0.23676563160347566,0.19345632566936055,0.23259491911291136,NEAR,NEAR,0.6,1,,,0.03,0
C2_n0.03_d000_r03,C2,202635,8.58,8.58,0.0,0.23585514196160703,0.19851987228900905,0.2240761574069358,NEAR,NEAR,0.6,1,,,0.03,0
C2_n0.03_d000_r03,C2,202635,8.6,8.6,0.0,0.23526569123906968,0.2797632594125873,0.23799793290834867,NEAR,NEAR,0.6,1,,,0.03,0
C2_n0.03_d000_r03,C2,202635,8.62,8.62,0.0,0.23501065791039116,0.217615068621359,0.23290221683660123,NEAR,NEAR,0.6,1,,,0.03,0
C2_n0.03_d000_r03,C2,202635,8.64,8.64,0.0,0.23509583034219989,0.2854625808335507,0.24604230783583858,NEAR,NEAR,0.6,1,,,0.03,0
C2_n0.03_d000_r03,C2,202635,8.66,8.66,0.0,0.2355192754175009,0.2799387371278881,0.25451641515885093,NEAR,NEAR,0.6,1,,,0.03,0
C2_n0.03_d000_r03,C2,202635,8.68,8.68,0.0,0.23627138241068624,0.27420190606196937,0.25943778788463057,NEAR,NEAR,0.6,1,,,0.03,0
C2_n0.03_d000_r03,C2,202635,8.7,8.7,0.0,0.23733508111746973,0.2311414184003352,0.25236369551355675,NEAR,NEAR,0.6,1,,,0.03,0
C2_n0.03_d000_r03,C2,202635,8.72,8.72,0.0,0.2386862292889585,0.2333254857478741,0.24760414307213607,NEAR,NEAR,0.6,1,,,0.03,0
C2_n0.03_d000_r03,C2,202635,8.74,8.74,0.0,0.24029416057645836,0.27530344760132924,0.25452896920443435,NEAR,NEAR,0.6,1,,,0.03,0
C2_n0.03_d000_r03,C2,202635,8.76,8.76,0.0,0.24212238055058052,0.21968076230666955,0.24581691747999315,NEAR,NEAR,0.6,1,,,0.03,0
C2_n0.03_d000_r03,C2,202635,8.78,8.78,0.0,0.24412939499744188,0.24155979953259404,0.2447526379931434,NEAR,NEAR,0.6,1,,,0.03,0
C2_n0.03_d000_r03,C2,202635,8.8,8.8,0.0,0.24626965169252724,0.2165480435539181,0.23770148938333707,NEAR,NEAR,0.6,1,,,0.03,0
C2_n0.03_d000_r03,C2,202635,8.82,8.82,0.0,0.2484945742772318,0.3096641615884483,0.2556921574346149,NEAR,NEAR,0.6,1,,,0.03,0
C2_n0.03_d000_r03,C2,202635,8.84,8.84,0.0,0.2507536647726965,0.30126166934859994,0.2670845354131111,NEAR,NEAR,0.6,1,,,0.03,0
C2_n0.03_d000_r03,C2,202635,8.86,8.86,0.0,0.25299564970771604,0.29636722915034164,0.27440520884741876,NEAR,NEAR,0.6,1,,,0.03,0
C2_n0.03_d000_r03,C2,202635,8.88,8.88,0.0,0.2551696438476178,0.31024450559928973,0.2833650330353865,NEAR,NEAR,0.6,1,,,0.03,0
C2_n0.03_d000_r03,C2,202635,8.9,8.9,0.0,0.2572263051115258,0.2275578925902045,0.269413247924091,NEAR,NEAR,0.6,1,,,0.03,0
C2_n0.03_d000_r03,C2,202635,8.92,8.92,0.0,0.25911895446541905,0.26629899966769555,0.2686346858599922,NEAR,NEAR,0.6,1,,,0.03,0
C2_n0.03_d000_r03,C2,202635,8.94,8.94,0.0,0.26080463537331855,0.22330886642412473,0.2573032310010253,NEAR,NEAR,0.6,1,,,0.03,0
C2_n0.03_d000_r03,C2,202635,8.96,8.96,0.0,0.2622450887607578,0.270242750362761,0.2605381108414593,NEAR,NEAR,0.6,1,,,0.03,0
C2_n0.03_d000_r03,C2,202635,8.98,8.98,0.0,0.263407621362269,0.23404782183637388,0.25391553859018795,NEAR,NEAR,0.6,1,,,0.03,0
C2_n0.03_d000_r03,C2,202635,9.0,9.0,0.0,0.2642658477444273,0.2708275336658835,0.2581435373591119,NEAR,NEAR,0.6,1,,,0.03,0
C2_n0.03_d000_r03,C2,202635,9.02,9.02,0.0,0.264800289163118,0.2747519164470787,0.2622956321311036,NEAR,NEAR,0.6,1,,,0.03,0
C2_n0.03_d000_r03,C2,202635,9.04,9.04,0.0,0.2649988156630572,0.2610751231751871,0.26199050489212444,NEAR,NEAR,0.6,1,,,0.03,0
C2_n0.03_d000_r03,C2,202635,9.06,9.06,0.0,0.26485692138544975,0.23850447678137887,0.25611899786443804,NEAR,NEAR,0.6,1,,,0.03,0
C2_n0.03_d000_r03,C2,202635,9.08,9.08,0.0,0.2643778268352606,0.23545810624902108,0.2509537749605838,NEAR,NEAR,0.6,1,,,0.03,0
C2_n0.03_d000_r03,C2,202635,9.1,9.1,0.0,0.2635724057869903,0.3053638347684194,0.2645562899125427,NEAR,NEAR,0.6,1,,,0.03,0
C2_n0.03_d000_r03,C2,202635,9.12,9.12,0.0,0.2624589384879372,0.25814583526761536,0.2629536762513109,NEAR,NEAR,0.6,1,,,0.03,0
C2_n0.03_d000_r03,C2,202635,9.14,9.14,0.0,0.2610626967603726,0.2767168390520625,0.26639446695149877,NEAR,NEAR,0.6,1,,,0.03,0
C2_n0.03_d000_r03,C2,202635,9.16,9.16,0.0,0.25941537041936047,0.24365669489405836,0.26071002393713866,NEAR,NEAR,0.6,1,,,0.03,0
C2_n0.03_d000_r03,C2,202635,9.18,9.18,0.0,0.2575543480245365,0.2722243555388523,0.2635886068375671,NEAR,NEAR,0.6,1,,,0.03,0
C2_n0.03_d000_r03,C2,202635,9.2,9.2,0.0,0.25552186829027024,0.28968696230026886,0.27011319570324255,NEAR,NEAR,0.6,1,,,0.03,0
C2_n0.03_d000_r03,C2,202635,9.22,9.22,0.0,0.25336406141424067,0.24137240499824764,0.26292799802699385,NEAR,NEAR,0.6,1,,,0.03,0
C2_n0.03_d000_r03,C2,202635,9.24,9.24,0.0,0.25112990208291897,0.23297154058854855,0.25543888366738254,NEAR,NEAR,0.6,1,,,0.03,0
C2_n0.03_d000_r03,C2,202635,9.26,9.26,0.0,0.24887009791708103,0.26925821046430237,0.2588937153666125,NEAR,NEAR,0.6,1,,,0.03,0
C2_n0.03_d000_r03,C2,202635,9.28,9.28,0.0,0.24663593858575936,0.21022534649157804,0.24672662314785387,NEAR,NEAR,0.6,1,,,0.03,0
C2_n0.03_d000_r03,C2,202635,9.3,9.3,0.0,0.24447813170972976,0.214827305031915,0.23875179361886917,NEAR,NEAR,0.6,1,,,0.03,0
C2_n0.03_d000_r03,C2,202635,9.32,9.32,0.0,0.24244565197546356,0.26631372153016586,0.24564227559669333,NEAR,NEAR,0.6,1,,,0.03,0
C2_n0.03_d000_r03,C2,202635,9.34,9.34,0.0,0.2405846295806395,0.2165370873513917,0.2383659785353679,NEAR,NEAR,0.6,1,,,0.03,0
C2_n0.03_d000_r03,C2,202635,9.36,9.36,0.0,0.23893730323962742,0.17440729520973425,0.2223763077039595,NEAR,NEAR,0.6,1,,,0.03,0
C2_n0.03_d000_r03,C2,202635,9.38,9.38,0.0,0.23754106151206275,0.23612623058522736,0.22581378842427646,NEAR,NEAR,0.6,1,,,0.03,0
C2_n0.03_d000_r03,C2,202635,9.4,9.4,0.0,0.23642759421300968,0.215924643046068,0.22334150207972436,NEAR,NEAR,0.6,1,,,0.03,0
C2_n0.03_d000_r03,C2,202635,9.42,9.42,0.0,0.23562217316473935,0.17367404204068954,0.21092463706996567,NEAR,NEAR,0.6,1,,,0.03,0
C2_n0.03_d000_r03,C2,202635,9.44,9.44,0.0,0.23514307861455025,0.16902646936846533,0.20045009514459058,NEAR,NEAR,0.6,1,,,0.03,0
C2_n0.03_d000_r03,C2,202635,9.46,9.46,0.0,0.23500118433694275,0.22072232163329253,0.20551815176676608,NEAR,NEAR,0.6,1,,,0.03,0
C2_n0.03_d000_r03,C2,202635,9.48,9.48,0.0,0.235199710836882,0.1852440059296051,0.20044961530747582,NEAR,NEAR,0.6,1,,,0.03,0
C2_n0.03_d000_r03,C2,202635,9.5,9.5,0.0,0.2357341522555727,0.23073668036340308,0.20802138157145764,NEAR,NEAR,0.6,1,,,0.03,0
C2_n0.03_d000_r03,C2,202635,9.52,9.52,0.0,0.23659237863773103,0.27166049841562545,0.22393116078249958,NEAR,NEAR,0.6,1,,,0.03,0
C2_n0.03_d000_r03,C2,202635,9.54,9.54,0.0,0.2377549112392422,0.2499710094470079,0.23044112294862665,NEAR,NEAR,0.6,1,,,0.03,0
C2_n0.03_d000_r03,C2,202635,9.56,9.56,0.0,0.23919536462668142,0.24040313295357346,0.23293162544986334,NEAR,NEAR,0.6,1,,,0.03,0
C2_n0.03_d000_r03,C2,202635,9.58,9.58,0.0,0.24088104553458092,0.22149291402542604,0.23007194759375402,NEAR,NEAR,0.6,1,,,0.03,0
C2_n0.03_d000_r03,C2,202635,9.6,9.6,0.0,0.24277369488847422,0.23770142801558727,0.23197931769921232,NEAR,NEAR,0.6,1,,,0.03,0
C2_n0.03_d000_r03,C2,202635,9.62,9.62,0.0,0.24483035615238213,0.2510125741193257,0.23673763180424068,NEAR,NEAR,0.6,1,,,0.03,0
C2_n0.03_d000_r03,C2,202635,9.64,9.64,0.0,0.24700435029228393,0.2369410775962598,0.23678849325224546,NEAR,NEAR,0.6,1,,,0.03,0
C2_n0.03_d000_r03,C2,202635,9.66,9.66,0.0,0.24924633522730347,0.24453537605375683,0.2387252139526233,NEAR,NEAR,0.6,1,,,0.03,0
C2_n0.03_d000_r03,C2,202635,9.68,9.68,0.0,0.2515054257227682,0.23666748219206862,0.23821078101248466,NEAR,NEAR,0.6,1,,,0.03,0
C2_n0.03_d000_r03,C2,202635,9.7,9.7,0.0,0.25373034830747276,0.23366672239349107,0.23707476635773625,NEAR,NEAR,0.6,1,,,0.03,0
C2_n0.03_d000_r03,C2,202635,9.72,9.72,0.0,0.2558706050025581,0.24603223549113,0.23931413364108467,NEAR,NEAR,0.6,1,,,0.03,0
C2_n0.03_d000_r03,C2,202635,9.74,9.74,0.0,0.25787761944941945,0.24796719800914618,0.24147739973310006,NEAR,NEAR,0.6,1,,,0.03,0
C2_n0.03_d000_r03,C2,202635,9.76,9.76,0.0,0.25970583942354164,0.2848279055926635,0.2523150261979909,NEAR,NEAR,0.6,1,,,0.03,0
C2_n0.03_d000_r03,C2,202635,9.78,9.78,0.0,0.2613137707110415,0.3119117162287105,0.26721419870567076,NEAR,NEAR,0.6,1,,,0.03,0
C2_n0.03_d000_r03,C2,202635,9.8,9.8,0.0,0.26266491888253024,0.21660020185023415,0.2545606994918116,NEAR,NEAR,0.6,1,,,0.03,0
C2_n0.03_d000_r03,C2,202635,9.82,9.82,0.0,0.26372861758931376,0.2626398619398652,0.256580490103825,NEAR,NEAR,0.6,1,,,0.03,0
C2_n0.03_d000_r03,C2,202635,9.84,9.84,0.0,0.2644807245824991,0.24561687591540712,0.2538395865567205,NEAR,NEAR,0.6,1,,,0.03,0
C2_n0.03_d000_r03,C2,202635,9.86,9.86,0.0,0.2649041696578001,0.29463455910535885,0.2640383296938801,NEAR,NEAR,0.6,1,,,0.03,0
C2_n0.03_d000_r03,C2,202635,9.88,9.88,0.0,0.26498934208960884,0.287237007293879,0.26983799909387984,NEAR,NEAR,0.6,1,,,0.03,0
C2_n0.03_d000_r03,C2,202635,9.9,9.9,0.0,0.26473430876093035,0.250240008929072,0.2649385015526779,NEAR,NEAR,0.6,1,,,0.03,0
C2_n0.03_d000_r03,C2,202635,9.92,9.92,0.0,0.264144858038393,0.28451999239328046,0.2698338742628285,NEAR,NEAR,0.6,1,,,0.03,0
C2_n0.03_d000_r03,C2,202635,9.94,9.94,0.0,0.2632343683965243,0.22774514950015884,0.25931169307216106,NEAR,NEAR,0.6,1,,,0.03,0
C2_n0.03_d000_r03,C2,202635,9.96,9.96,0.0,0.2620235047730631,0.2764572665990132,0.2635980864538741,NEAR,NEAR,0.6,1,,,0.03,0
C2_n0.03_d000_r03,C2,202635,9.98,9.98,0.0,0.2605397495469827,0.2676019237026727,0.2645990457660738,NEAR,NEAR,0.6,1,,,0.03,0
C2_n0.03_d000_r03,C2,202635,10.0,10.0,0.0,0.2588167787843871,0.2832232086217628,0.269255086479996,NEAR,NEAR,0.6,1,,,0.03,0
C2_n0.03_d000_r03,C2,202635,10.02,10.02,0.0,0.25689369790932237,0.2545586965139998,0.26558098898849697,NEAR,NEAR,0.6,1,,,0.03,0
C2_n0.03_d000_r03,C2,202635,10.04,10.04,0.0,0.25481415414710823,0.2854091623548441,0.2705380323300837,NEAR,NEAR,0.6,1,,,0.03,0
C2_n0.03_d000_r03,C2,202635,10.06,10.06,0.0,0.2526253458846291,0.3123534150156475,0.2809918780014747,NEAR,NEAR,0.6,1,,,0.03,0
C2_n0.03_d000_r03,C2,202635,10.08,10.08,0.0,0.25037695143165006,0.24814821089732014,0.27278096122543605,NEAR,NEAR,0.6,1,,,0.03,0
C2_n0.03_d000_r03,C2,202635,10.1,10.1,0.0,0.24812000149653549,0.24881959056605799,0.26679061856059155,NEAR,NEAR,0.6,1,,,0.03,0
C2_n0.03_d000_r03,C2,202635,10.12,10.12,0.0,0.24590572096724023,0.21158438438530291,0.2529890600167694,NEAR,NEAR,0.6,1,,,0.03,0
C2_n0.03_d000_r03,C2,202635,10.14,10.14,0.0,0.24378436628510067,0.2523473091426832,0.2528286222982479,NEAR,NEAR,0.6,1,,,0.03,0
C2_n0.03_d000_r03,C2,202635,10.16,10.16,0.0,0.24180408479898596,0.2268558924813169,0.24633543984401512,NEAR,NEAR,0.6,1,,,0.03,0
C2_n0.03_d000_r03,C2,202635,10.18,10.18,0.0,0.24000982198848625,0.24926300844991284,0.24706733199548953,NEAR,NEAR,0.6,1,,,0.03,0
C2_n0.03_d000_r03,C2,202635,10.2,10.2,0.0,0.23844230135836322,0.21057912829699763,0.23794528107086657,NEAR,NEAR,0.6,1,,,0.03,0
C2_n0.03_d000_r03,C2,202635,10.22,10.22,0.0,0.2371371001570952,0.1928723574576799,0.2266770501675699,NEAR,NEAR,0.6,1,,,0.03,0
C2_n0.03_d000_r03,C2,202635,10.24,10.24,0.0,0.23612384189748312,0.24346137853556649,0.23087313225956904,NEAR,NEAR,0.6,1,,,0.03,0
C2_n0.03_d000_r03,C2,202635,10.26,10.26,0.0,0.2354255240062799,0.23538989057248638,0.23200232183779837,NEAR,NEAR,0.6,1,,,0.03,0
C2_n0.03_d000_r03,C2,202635,10.28,10.28,0.0,0.23505799586285242,0.23700736727029978,0.23325358319592374,NEAR,NEAR,0.6,1,,,0.03,0
C2_n0.03_d000_r03,C2,202635,10.3,10.3,0.0,0.23502959907357593,0.22928521046036926,0.2322614900120351,NEAR,NEAR,0.6,1,,,0.03,0
C2_n0.03_d000_r03,C2,202635,10.32,10.32,0.0,0.23534097814647711,0.2092728240501274,0.22651432352155818,NEAR,NEAR,0.6,1,,,0.03,0
C2_n0.03_d000_r03,C2,202635,10.34,10.34,0.0,0.23598506586315082,0.22795492189985997,0.22687447311613362,NEAR,NEAR,0.6,1,,,0.03,0
C2_n0.03_d000_r03,C2,202635,10.36,10.36,0.0,0.23694724367995706,0.26409125559242214,0.23617866873520577,NEAR,NEAR,0.6,1,,,0.03,0
C2_n0.03_d000_r03,C2,202635,10.38,10.38,0.0,0.23820567351795077,0.26327429545546466,0.2429525754152705,NEAR,NEAR,0.6,1,,,0.03,0
C2_n0.03_d000_r03,C2,202635,10.4,10.4,0.0,0.2397317934110697,0.2393807531578123,0.24205961985090593,NEAR,NEAR,0.6,1,,,0.03,0
C2_n0.03_d000_r03,C2,202635,10.42,10.42,0.0,0.24149096576309861,0.26685978939176597,0.24825966223612095,NEAR,NEAR,0.6,1,,,0.03,0
C2_n0.03_d000_r03,C2,202635,10.44,10.44,0.0,0.24344326350023596,0.23624964103310164,0.24525715693536612,NEAR,NEAR,0.6,1,,,0.03,0
C2_n0.03_d000_r03,C2,202635,10.46,10.46,0.0,0.2455443762763446,0.25600189386275374,0.24794334116721303,NEAR,NEAR,0.6,1,,,0.03,0
C2_n0.03_d000_r03,C2,202635,10.48,10.48,0.0,0.24774661616318866,0.24777021628908638,0.24790005994768136,NEAR,NEAR,0.6,1,,,0.03,0
C2_n0.03_d000_r03,C2,202635,10.5,10.5,0.0,0.25,0.23461751513759047,0.24457942374515862,NEAR,NEAR,0.6,1,,,0.03,0
C2_n0.03_d000_r03,C2,202635,10.52,10.52,0.0,0.2522533838368113,0.2906273069723024,0.2560913945519446,NEAR,NEAR,0.6,1,,,0.03,0
C2_n0.03_d000_r03,C2,202635,10.54,10.54,0.0,0.2544556237236554,0.2872805957454523,0.2638886948503215,NEAR,NEAR,0.6,1,,,0.03,0
C2_n0.03_d000_r03,C2,202635,10.56,10.56,0.0,0.256556736499764,0.2706963812387956,0.26559061644744003,NEAR,NEAR,0.6,1,,,0.03,0
C2_n0.03_d000_r03,C2,202635,10.58,10.58,0.0,0.25850903423690136,0.24629584742692387,0.260766924192311,NEAR,NEAR,0.6,1,,,0.03,0
C2_n0.03_d000_r03,C2,202635,10.6,10.6,0.0,0.2602682065889303,0.22801840899062686,0.25257979539189,NEAR,NEAR,0.6,1,,,0.03,0
C2_n0.03_d000_r03,C2,202635,10.62,10.62,0.0,0.2617943264820492,0.27495015112692667,0.25817238432564915,NEAR,NEAR,0.6,1,,,0.03,0
C2_n0.03_d000_r03,C2,202635,10.64,10.64,0.0,0.26305275632004294,0.2596144828090854,0.2585329089465082,NEAR,NEAR,0.6,1,,,0.03,0
C2_n0.03_d000_r03,C2,202635,10.66,10.66,0.0,0.2640149341368492,0.2626268202297513,0.25955638676731896,NEAR,NEAR,0.6,1,,,0.03,0
C2_n0.03_d000_r03,C2,202635,10.68,10.68,0.0,0.2646590218535229,0.23618157863047168,0.25371268473310715,NEAR,NEAR,0.6,1,,,0.03,0
C2_n0.03_d000_r03,C2,202635,10.7,10.7,0.0,0.26497040092642404,0.30064307841116966,0.2654452831526228,NEAR,NEAR,0.6,1,,,0.03,0
C2_n0.03_d000_r03,C2,202635,10.72,10.72,0.0,0.2649420041371476,0.25727524382921074,0.26340277332176976,NEAR,NEAR,0.6,1,,,0.03,0
C2_n0.03_d000_r03,C2,202635,10.74,10.74,0.0,0.2645744759937201,0.24058258115407904,0.2576977252798471,NEAR,NEAR,0.6,1,,,0.03,0
C2_n0.03_d000_r03,C2,202635,10.76,10.76,0.0,0.26387615810251686,0.25277760790186893,0.2564676959353525,NEAR,NEAR,0.6,1,,,0.03,0
C2_n0.03_d000_r03,C2,202635,10.78,10.78,0.0,0.26286289984290484,0.3017133488884951,0.2677791091736382,NEAR,NEAR,0.6,1,,,0.03,0
C2_n0.03_d000_r03,C2,202635,10.8,10.8,0.0,0.2615576986416368,0.2798630081828697,0.27080008392594607,NEAR,NEAR,0.6,1,,,0.03,0
C2_n0.03_d000_r03,C2,202635,10.82,10.82,0.0,0.25999017801151375,0.29427365969102093,0.27666847786721477,NEAR,NEAR,0.6,1,,,0.03,0
C2_n0.03_d000_r03,C2,202635,10.84,10.84,0.0,0.25819591520101404,0.2097099670435401,0.2599288501612961,NEAR,NEAR,0.6,1,,,0.03,0
C2_n0.03_d000_r03,C2,202635,10.86,10.86,0.0,0.25621563371489936,0.2448749344288532,0.25616537122818533,NEAR,NEAR,0.6,1,,,0.03,0
C2_n0.03_d000_r03,C2,202635,10.88,10.88,0.0,0.2540942790327598,0.3012275198422002,0.26743090838168904,NEAR,NEAR,0.6,1,,,0.03,0
C2_n0.03_d000_r03,C2,202635,10.9,10.9,0.0,0.2518799985034645,0.21172821888875198,0.25350523600845476,NEAR,NEAR,0.6,1,,,0.03,0
C2_n0.03_d000_r03,C2,202635,10.92,10.92,0.0,0.24962304856834996,0.2647832712000828,0.2563247448063618,NEAR,NEAR,0.6,1,,,0.03,0
C2_n0.03_d000_r03,C2,202635,10.94,10.94,0.0,0.24737465411537093,0.26128242432775023,0.2575641646867089,NEAR,NEAR,0.6,1,,,0.03,0
C2_n0.03_d000_r03,C2,202635,10.96,10.96,0.0,0.24518584585289174,0.2221224837873459,0.24870374446186816,NEAR,NEAR,0.6,1,,,0.03,0
C2_n0.03_d000_r03,C2,202635,10.98,10.98,0.0,0.24310630209067766,0.20982134146489245,0.23898314371262425,NEAR,NEAR,0.6,1,,,0.03,0
C2_n0.03_d000_r03,C2,202635,11.0,11.0,0.0,0.24118322121561292,0.2212866855756152,0.234559029178372,NEAR,NEAR,0.6,1,,,0.03,0
C2_n0.03_d000_r03,C2,202635,11.02,11.02,0.0,0.2394602504530173,0.22033493852568123,0.2310030065151993,NEAR,NEAR,0.6,1,,,0.03,0
C2_n0.03_d000_r03,C2,202635,11.04,11.04,0.0,0.23797649522693692,0.16315241536833236,0.21404035872848257,NEAR,NEAR,0.6,1,,,0.03,0
C2_n0.03_d000_r03,C2,202635,11.06,11.06,0.0,0.2367656316034757,0.23086690263618306,0.21824699470540768,NEAR,NEAR,0.6,1,,,0.03,0
C2_n0.03_d000_r03,C2,202635,11.08,11.08,0.0,0.23585514196160703,0.22352605563933894,0.2195667599388905,NEAR,NEAR,0.6,1,,,0.03,0
C2_n0.03_d000_r03,C2,202635,11.1,11.1,0.0,0.23526569123906968,0.25413741745736557,0.22820942431850927,NEAR,NEAR,0.6,1,,,0.03,0
C2_n0.03_d000_r03,C2,202635,11.12,11.12,0.0,0.23501065791039116,0.24462617255315774,0.23231361137717138,NEAR,NEAR,0.6,1,,,0.03,0
C2_n0.03_d000_r03,C2,202635,11.14,11.14,0.0,0.23509583034219989,0.22406355978158715,0.23025109847827535,NEAR,NEAR,0.6,1,,,0.03,0
C2_n0.03_d000_r03,C2,202635,11.16,11.16,0.0,0.2355192754175009,0.2688856654264692,0.23990974021532382,NEAR,NEAR,0.6,1,,,0.03,0
C2_n0.03_d000_r03,C2,202635,11.18,11.18,0.0,0.2362713824106862,0.16951117091978446,0.22231009789143896,NEAR,NEAR,0.6,1,,,0.03,0
C2_n0.03_d000_r03,C2,202635,11.2,11.2,0.0,0.23733508111746973,0.2584794603409154,0.23135243850380807,NEAR,NEAR,0.6,1,,,0.03,0
C2_n0.03_d000_r03,C2,202635,11.22,11.22,0.0,0.23868622928895847,0.1946594435804448,0.22217918977296724,NEAR,NEAR,0.6,1,,,0.03,0
C2_n0.03_d000_r03,C2,202635,11.24,11.24,0.0,0.24029416057645833,0.2789093538020716,0.23636173078024333,NEAR,NEAR,0.6,1,,,0.03,0
C2_n0.03_d000_r03,C2,202635,11.26,11.26,0.0,0.24212238055058055,0.2393230844809557,0.23710206920542143,NEAR,NEAR,0.6,1,,,0.03,0
C2_n0.03_d000_r03,C2,202635,11.28,11.28,0.0,0.2441293949974419,0.32062024974379677,0.25798161434001526,NEAR,NEAR,0.6,1,,,0.03,0
C2_n0.03_d000_r03,C2,202635,11.3,11.3,0.0,0.24626965169252724,0.2495759242500451,0.2558801918175227,NEAR,NEAR,0.6,1,,,0.03,0
C2_n0.03_d000_r03,C2,202635,11.32,11.32,0.0,0.2484945742772318,0.17432560151448884,0.23549154424176424,NEAR,NEAR,0.6,1,,,0.03,0
C2_n0.03_d000_r03,C2,202635,11.34,11.34,0.0,0.25075366477269656,0.23864105490210527,0.23627892190684952,NEAR,NEAR,0.6,1,,,0.03,0
C2_n0.03_d000_r03,C2,202635,11.36,11.36,0.0,0.252995649707716,0.2689845401214591,0.24445532646050191,NEAR,NEAR,0.6,1,,,0.03,0
C2_n0.03_d000_r03,C2,202635,11.38,11.38,0.0,0.2551696438476178,0.25611726418499325,0.24737081089162474,NEAR,NEAR,0.6,1,,,0.03,0
C2_n0.03_d000_r03,C2,202635,11.4,11.4,0.0,0.2572263051115258,0.2614518593200184,0.25089107299872315,NEAR,NEAR,0.6,1,,,0.03,0
C2_n0.03_d000_r03,C2,202635,11.42,11.42,0.0,0.25911895446541905,0.27434507897700655,0.256754574493294,NEAR,NEAR,0.6,1,,,0.03,0
C2_n0.03_d000_r03,C2,202635,11.44,11.44,0.0,0.26080463537331855,0.17977334631173492,0.2375092674479042,NEAR,NEAR,0.6,1,,,0.03,0
C2_n0.03_d000_r03,C2,202635,11.46,11.46,0.0,0.2622450887607578,0.25643710520509017,0.24224122688720068,NEAR,NEAR,0.6,1,,,0.03,0
C2_n0.03_d000_r03,C2,202635,11.48,11.48,0.0,0.263407621362269,0.26850913194283993,0.24880820315111046,NEAR,NEAR,0.6,1,,,0.03,0
C2_n0.03_d000_r03,C2,202635,11.5,11.5,0.0,0.2642658477444273,0.2545030035410785,0.25023190324860245,NEAR,NEAR,0.6,1,,,0.03,0
C2_n0.03_d000_r03,C2,202635,11.52,11.52,0.0,0.264800289163118,0.23471623774143235,0.24635298687180993,NEAR,NEAR,0.6,1,,,0.03,0
C2_n0.03_d000_r03,C2,202635,11.54,11.54,0.0,0.2649988156630572,0.2874892670229579,0.25663705690959693,NEAR,NEAR,0.6,1,,,0.03,0
C2_n0.03_d000_r03,C2,202635,11.56,11.56,0.0,0.26485692138544975,0.2505654322402009,0.2551191507422479,NEAR,NEAR,0.6,1,,,0.03,0
C2_n0.03_d000_r03,C2,202635,11.58,11.58,0.0,0.2643778268352606,0.29453845442113474,0.2649739766619696,NEAR,NEAR,0.6,1,,,0.03,0
C2_n0.03_d000_r03,C2,202635,11.6,11.6,0.0,0.2635724057869903,0.2710228151776255,0.26648618629088355,NEAR,NEAR,0.6,1,,,0.03,0
C2_n0.03_d000_r03,C2,202635,11.62,11.62,0.0,0.2624589384879373,0.20661677705647002,0.25151883398228014,NEAR,NEAR,0.6,1,,,0.03,0
C2_n0.03_d000_r03,C2,202635,11.64,11.64,0.0,0.2610626967603726,0.2655294951423686,0.2550214992723023,NEAR,NEAR,0.6,1,,,0.03,0
C2_n0.03_d000_r03,C2,202635,11.66,11.66,0.0,0.2594153704193605,0.3031673401288773,0.267057959486446,NEAR,NEAR,0.6,1,,,0.03,0
C2_n0.03_d000_r03,C2,202635,11.68,11.68,0.0,0.2575543480245365,0.2704854710740155,0.2679148373833384,NEAR,NEAR,0.6,1,,,0.03,0
C2_n0.03_d000_r03,C2,202635,11.7,11.7,0.0,0.25552186829027024,0.24728772042649833,0.26275805814412834,NEAR,NEAR,0.6,1,,,0.03,0
C2_n0.03_d000_r03,C2,202635,11.72,11.72,0.0,0.25336406141424067,0.22549291072191324,0.2534417712885746,NEAR,NEAR,0.6,1,,,0.03,0
C2_n0.03_d000_r03,C2,202635,11.74,11.74,0.0,0.25112990208291897,0.21071463336879243,0.24275998680862904,NEAR,NEAR,0.6,1,,,0.03,0
C2_n0.03_d000_r03,C2,202635,11.76,11.76,0.0,0.24887009791708103,0.23938612062381473,0.24191652026242547,NEAR,NEAR,0.6,1,,,0.03,0
C2_n0.03_d000_r03,C2,202635,11.78,11.78,0.0,0.24663593858575936,0.2609261873496775,0.24666893703423848,NEAR,NEAR,0.6,1,,,0.03,0
C2_n0.03_d000_r03,C2,202635,11.8,11.8,0.0,0.2444781317097298,0.26298662171073395,0.25074835820336233,NEAR,NEAR,0.6,1,,,0.03,0
C2_n0.03_d000_r03,C2,202635,11.82,11.82,0.0,0.24244565197546356,0.20577598005046033,0.23950526366513686,NEAR,NEAR,0.6,1,,,0.03,0
C2_n0.03_d000_r03,C2,202635,11.84,11.84,0.0,0.2405846295806395,0.23327907053127334,0.23794871538167095,NEAR,NEAR,0.6,1,,,0.03,0
C2_n0.03_d000_r03,C2,202635,11.86,11.86,0.0,0.23893730323962745,0.23127445619813086,0.23628015058578594,NEAR,NEAR,0.6,1,,,0.03,0
C2_n0.03_d000_r03,C2,202635,11.88,11.88,0.0,0.23754106151206278,0.2016534366888119,0.22762347211154244,NEAR,NEAR,0.6,1,,,0.03,0
C2_n0.03_d000_r03,C2,202635,11.9,11.9,0.0,0.23642759421300968,0.2077066475350799,0.2226442659674268,NEAR,NEAR,0.6,1,,,0.03,0
C2_n0.03_d000_r03,C2,202635,11.92,11.92,0.0,0.23562217316473938,0.20703694195639089,0.21874243496466783,NEAR,NEAR,0.6,1,,,0.03,0
C2_n0.03_d000_r03,C2,202635,11.94,11.94,0.0,0.23514307861455025,0.23941164369705514,0.22390973714776466,NEAR,NEAR,0.6,1,,,0.03,0
C2_n0.03_d000_r03,C2,202635,11.96,11.96,0.0,0.23500118433694275,0.2775645094958866,0.23732343023479516,NEAR,NEAR,0.6,1,,,0.03,0
C2_n0.03_d000_r03,C2,202635,11.98,11.98,0.0,0.235199710836882,0.22491836917979136,0.2342221649710442,NEAR,NEAR,0.6,1,,,0.03,0
C2_n0.03_d000_r03,C2,202635,12.0,12.0,0.0,0.25,0.24551135207909514,0.23704446174805693,NEAR,NEAR,0.6,1,,,0.03,0
C2_n0.03_d000_r03,C2,202635,12.02,12.02,0.0,0.25175,0.24737521558565176,0.23962715020745565,NEAR,NEAR,0.6,1,,,0.03,0
C2_n0.03_d000_r03,C2,202635,12.04,12.04,0.0,0.25349999999999995,0.2694063722498293,0.24707195571804907,NEAR,NEAR,0.6,1,,,0.03,0
C2_n0.03_d000_r03,C2,202635,12.06,12.06,0.0,0.25525000000000003,0.24172960184284614,0.24573636724924836,NEAR,NEAR,0.6,1,,,0.03,0
C2_n0.03_d000_r03,C2,202635,12.08,12.08,0.0,0.257,0.24972810821664182,0.24673430249109674,NEAR,NEAR,0.6,1,,,0.03,0
C2_n0.03_d000_r03,C2,202635,12.1,12.1,0.0,0.25875,0.25010629444442867,0.24757730047942972,NEAR,NEAR,0.6,1,,,0.03,0
C2_n0.03_d000_r03,C2,202635,12.12,12.12,0.0,0.26049999999999995,0.22392299530135498,0.24166372418491103,NEAR,NEAR,0.6,1,,,0.03,0
C2_n0.03_d000_r03,C2,202635,12.14,12.14,0.0,0.26225000000000004,0.3059291380510552,0.25773007765144706,NEAR,NEAR,0.6,1,,,0.03,0
C2_n0.03_d000_r03,C2,202635,12.16,12.16,0.0,0.264,0.29138982328107066,0.26614501405885294,NEAR,NEAR,0.6,1,,,0.03,0
C2_n0.03_d000_r03,C2,202635,12.18,12.18,0.0,0.26575,0.23834479091912433,0.2591949582739208,NEAR,NEAR,0.6,1,,,0.03,0
C2_n0.03_d000_r03,C2,202635,12.2,12.2,0.0,0.26749999999999996,0.2319964335391694,0.25239532709023293,NEAR,NEAR,0.6,1,,,0.03,0
C2_n0.03_d000_r03,C2,202635,12.22,12.22,0.0,0.26925000000000004,0.26957404500112,0.2566900065679547,NEAR,NEAR,0.6,1,,,0.03,0
C2_n0.03_d000_r03,C2,202635,12.24,12.24,0.0,0.271,0.2805715738038457,0.26266039837692745,NEAR,NEAR,0.6,1,,,0.03,0
C2_n0.03_d000_r03,C2,202635,12.26,12.26,0.0,0.27275,0.26375354773281595,0.2629336857158996,NEAR,NEAR,0.6,1,,,0.03,0
C2_n0.03_d000_r03,C2,202635,12.28,12.28,0.0,0.27449999999999997,0.3095608552714423,0.27459047810478526,NEAR,NEAR,0.6,1,,,0.03,0
C2_n0.03_d000_r03,C2,202635,12.3,12.3,0.0,0.27625000000000005,0.28603701219783595,0.27745211162804795,NEAR,NEAR,0.6,1,,,0.03,0
C2_n0.03_d000_r03,C2,202635,12.32,12.32,0.0,0.278,0.25303174374338455,0.2713470196568821,NEAR,NEAR,0.6,1,,,0.03,0
C2_n0.03_d000_r03,C2,202635,12.34,12.34,0.0,0.27975,0.29210826610678614,0.27653733126935814,NEAR,NEAR,0.6,1,,,0.03,0
C2_n0.03_d000_r03,C2,202635,12.36,12.36,0.0,0.2815,0.26423060742880994,0.27346065030922106,NEAR,NEAR,0.6,1,,,0.03,0
C2_n0.03_d000_r03,C2,202635,12.38,12.38,0.0,0.28325000000000006,0.3087253939309047,0.28227683621464195,NEAR,NEAR,0.6,1,,,0.03,0
C2_n0.03_d000_r03,C2,202635,12.4,12.4,0.0,0.28500000000000003,0.30095809010847774,0.28694714968810087,NEAR,NEAR,0.6,1,,,0.03,0
C2_n0.03_d000_r03,C2,202635,12.42,12.42,0.0,0.28675,0.3361602966317278,0.2992504364240076,NEAR,NEAR,0.6,1,,,0.03,0
C2_n0.03_d000_r03,C2,202635,12.44,12.44,0.0,0.2885,0.2907002027373007,0.2971128780023309,NEAR,NEAR,0.6,1,,,0.03,0
C2_n0.03_d000_r03,C2,202635,12.46,12.46,0.0,0.29025000000000006,0.28098367630921023,0.2930805775790507,NEAR,NEAR,0.6,1,,,0.03,0
C2_n0.03_d000_r03,C2,202635,12.48,12.48,0.0,0.29200000000000004,0.2661465642257108,0.2863470742407157,NEAR,NEAR,0.6,1,,,0.03,0
C2_n0.03_d000_r03,C2,202635,12.5,12.5,0.0,0.29375,0.2828512334138745,0.28547311403400544,NEAR,NEAR,0.6,1,,,0.03,0
C2_n0.03_d000_r03,C2,202635,12.52,12.52,0.0,0.2955,0.2671762632759348,0.2808989013444878,NEAR,NEAR,0.6,1,,,0.03,0
C2_n0.03_d000_r03,C2,202635,12.54,12.54,0.0,0.2972499999999999,0.26914959665843025,0.27796157517297343,NEAR,NEAR,0.6,1,,,0.03,0
C2_n0.03_d000_r03,C2,202635,12.56,12.56,0.0,0.29900000000000004,0.3317755235753147,0.29141506227355873,NEAR,NEAR,0.6,1,,,0.03,0
C2_n0.03_d000_r03,C2,202635,12.58,12.58,0.0,0.30075,0.30156534630890647,0.2939526332823957,NEAR,NEAR,0.6,1,,,0.03,0
C2_n0.03_d000_r03,C2,202635,12.6,12.6,0.0,0.3025,0.27013913722375316,0.28799925926773506,NEAR,NEAR,0.6,1,,,0.03,0
C2_n0.03_d000_r03,C2,202635,12.62,12.62,0.0,0.3042499999999999,0.3499835349818601,0.30349532819626635,NEAR,NEAR,0.6,1,,,0.03,0
C2_n0.03_d000_r03,C2,202635,12.64,12.64,0.0,0.30600000000000005,0.33246789990625036,0.31073847112376235,NEAR,NEAR,0.6,1,,,0.03,0
C2_n0.03_d000_r03,C2,202635,12.66,12.66,0.0,0.30775,0.27590323875648737,0.30202966303194356,NEAR,NEAR,0.6,1,,,0.03,0
C2_n0.03_d000_r03,C2,202635,12.68,12.68,0.0,0.3095,0.29402893435847216,0.3000294808635757,NEAR,NEAR,0.6,1,,,0.03,0
C2_n0.03_d000_r03,C2,202635,12.7,12.7,0.0,0.3112499999999999,0.30575264137228014,0.30146027099075184,NEAR,NEAR,0.6,1,,,0.03,0
C2_n0.03_d000_r03,C2,202635,12.72,12.72,0.0,0.31300000000000006,0.2794463957816083,0.29595680218846593,NEAR,NEAR,0.6,1,,,0.03,0
C2_n0.03_d000_r03,C2,202635,12.74,12.74,0.0,0.31475000000000003,0.29553249716441465,0.2958507259324531,NEAR,NEAR,0.6,1,,,0.03,0
C2_n0.03_d000_r03,C2,202635,12.76,12.76,0.0,0.3165,0.32380200237900103,0.3028385450440901,NEAR,NEAR,0.6,1,,,0.03,0
C2_n0.03_d000_r03,C2,202635,12.78,12.78,0.0,0.3182499999999999,0.29161844241711293,0.3000335193873458,NEAR,NEAR,0.6,1,,,0.03,0
C2_n0.03_d000_r03,C2,202635,12.8,12.8,0.0,0.32000000000000006,0.29678333877454277,0.29922097423414507,NEAR,NEAR,0.6,1,,,0.03,0
C2_n0.03_d000_r03,C2,202635,12.82,12.82,0.0,0.32175000000000004,0.29849500875150575,0.29903948286348525,NEAR,NEAR,0.6,1,,,0.03,0
C2_n0.03_d000_r03,C2,202635,12.84,12.84,0.0,0.3235,0.3758122087018295,0.3182326643230713,NEAR,NEAR,0.6,1,,,0.03,0
C2_n0.03_d000_r03,C2,202635,12.86,12.86,0.0,0.32524999999999993,0.30867623037916486,0.31584355583709467,NEAR,NEAR,0.6,1,,,0.03,0
C2_n0.03_d000_r03,C2,202635,12.88,12.88,0.0,0.32700000000000007,0.3345267370412727,0.3205143511381392,NEAR,NEAR,0.6,1,,,0.03,0
C2_n0.03_d000_r03,C2,202635,12.9,12.9,0.0,0.32875000000000004,0.358277123186083,0.32995504415012517,NEAR,NEAR,0.6,1,,,0.03,0
C2_n0.03_d000_r03,C2,202635,12.92,12.92,0.0,0.3305,0.30641020543698105,0.32406883447183915,NEAR,NEAR,0.6,1,,,0.03,0
C2_n0.03_d000_r03,C2,202635,12.94,12.94,0.0,0.33224999999999993,0.35875907811263075,0.33274139538203706,NEAR,NEAR,0.6,1,,,0.03,0
C2_n0.03_d000_r03,C2,202635,12.96,12.96,0.0,0.3340000000000001,0.3435908574443664,0.3354537608976194,NEAR,NEAR,0.6,1,,,0.03,0
C2_n0.03_d000_r03,C2,202635,12.98,12.98,0.0,0.33575000000000005,0.3500712713857993,0.33910813851966437,NEAR,NEAR,0.6,1,,,0.03,0
C2_n0.03_d000_r03,C2,202635,13.0,13.0,0.0,0.3375,0.33059338753761847,0.3369794507741529,NEAR,NEAR,0.6,1,,,0.03,0
C2_n0.03_d000_r03,C2,202635,13.02,13.02,0.0,0.33924999999999994,0.2853021747164426,0.3240601317597253,NEAR,NEAR,0.6,1,,,0.03,0
C2_n0.03_d000_r03,C2,202635,13.04,13.04,0.0,0.3409999999999999,0.358760041920115,0.33273510929982275,NEAR,NEAR,0.6,1,,,0.03,0
C2_n0.03_d000_r03,C2,202635,13.06,13.06,0.0,0.34275000000000005,0.317164343465781,0.3288424178413123,NEAR,NEAR,0.6,1,,,0.03,0
C2_n0.03_d000_r03,C2,202635,13.08,13.08,0.0,0.34450000000000003,0.38736025132011764,0.3434718762110136,NEAR,NEAR,0.6,1,,,0.03,0
C2_n0.03_d000_r03,C2,202635,13.1,13.1,0.0,0.34624999999999995,0.34063019791894217,0.34276145663799573,NEAR,NEAR,0.6,1,,,0.03,0
C2_n0.03_d000_r03,C2,202635,13.12,13.12,0.0,0.3479999999999999,0.39795817274906375,0.35656063566576274,NEAR,NEAR,0.6,1,,,0.03,0
C2_n0.03_d000_r03,C2,202635,13.14,13.14,0.0,0.34975000000000006,0.34966100203888806,0.3548357272590441,NEAR,NEAR,0.6,1,,,0.03,0
C2_n0.03_d000_r03,C2,202635,13.16,13.16,0.0,0.35150000000000003,0.36107804831859347,0.3563963075239315,FAR,NEAR,0.6,1,,,0.03,0
C2_n0.03_d000_r03,C2,202635,13.18,13.18,0.0,0.35324999999999995,0.36350165254035965,0.35817264377803854,FAR,NEAR,0.6,1,,,0.03,0
C2_n0.03_d000_r03,C2,202635,13.2,13.2,0.0,0.3549999999999999,0.3511864776531463,0.3564261022468155,FAR,NEAR,0.6,1,,,0.03,0
C2_n0.03_d000_r03,C2,202635,13.22,13.22,0.0,0.35675000000000007,0.3179916397591457,0.3468174866248981,FAR,NEAR,0.6,1,,,0.03,0
C2_n0.03_d000_r03,C2,202635,13.24,13.24,0.0,0.35850000000000004,0.33468982786572,0.34378557193510356,FAR,NEAR,0.6,1,,,0.03,0
C2_n0.03_d000_r03,C2,202635,13.26,13.26,0.0,0.36024999999999996,0.3745779668697263,0.35148367066875924,FAR,NEAR,0.6,1,,,0.03,0
C2_n0.03_d000_r03,C2,202635,13.28,13.28,0.0,0.36199999999999993,0.3746268813198261,0.357269473331526,FAR,NEAR,0.6,1,,,0.03,0
C2_n0.03_d000_r03,C2,202635,13.3,13.3,0.0,0.3637500000000001,0.3553294499768055,0.35678446749284587,FAR,NEAR,0.6,1,,,0.03,0
C2_n0.03_d000_r03,C2,202635,13.32,13.32,0.0,0.36550000000000005,0.36808539916909855,0.359609700411909,FAR,NEAR,0.6,1,,,0.03,0
C2_n0.03_d000_r03,C2,202635,13.34,13.34,0.0,0.36724999999999997,0.3415687716806098,0.35509946822908417,FAR,NEAR,0.6,1,,,0.03,0
C2_n0.03_d000_r03,C2,202635,13.36,13.36,0.0,0.36899999999999994,0.3770135262534948,0.3605779827351868,FAR,NEAR,0.6,1,,,0.03,0
C2_n0.03_d000_r03,C2,202635,13.38,13.38,0.0,0.3707500000000001,0.32447365977248277,0.3515519019945108,FAR,NEAR,0.6,1,,,0.03,0
C2_n0.03_d000_r03,C2,202635,13.4,13.4,0.0,0.37250000000000005,0.3001917839774625,0.3387118724902487,FAR,NEAR,0.6,1,,,0.03,0
C2_n0.03_d000_r03,C2,202635,13.42,13.42,0.0,0.37424999999999997,0.3584119367543515,0.3436368885562744,FAR,NEAR,0.6,1,,,0.03,0
C2_n0.03_d000_r03,C2,202635,13.44,13.44,0.0,0.37599999999999995,0.3461327757114223,0.34426086034506137,FAR,NEAR,0.6,1,,,0.03,0
C2_n0.03_d000_r03,C2,202635,13.46,13.46,0.0,0.37775000000000003,0.34010994368062397,0.343223131178952,FAR,NEAR,0.6,1,,,0.03,0
C2_n0.03_d000_r03,C2,202635,13.48,13.48,0.0,0.37950000000000006,0.372376838654693,0.35051155804788725,FAR,NEAR,0.6,1,,,0.03,0
C2_n0.03_d000_r03,C2,202635,13.5,13.5,0.0,0.38125,0.38072425080134586,0.35806473123625193,FAR,NEAR,0.6,1,,,0.03,0
C2_n0.03_d000_r03,C2,202635,13.52,13.52,0.0,0.38299999999999995,0.38921196029751387,0.36585153850156743,FAR,NEAR,0.6,1,,,0.03,0
C2_n0.03_d000_r03,C2,202635,13.54,13.54,0.0,0.3847499999999999,0.39795968057162107,0.3738785740190808,FAR,NEAR,0.6,1,,,0.03,0
C2_n0.03_d000_r03,C2,202635,13.56,13.56,0.0,0.38650000000000007,0.4153762770851579,0.38425299978560007,FAR,FAR,0.0,1,EXIT_NEAR,,0.03,0
C2_n0.03_d000_r03,C2,202635,13.58,13.58,0.0,0.38825,0.3813529465710812,0.38352798648197034,FAR,FAR,0.0,1,,,0.03,0
C2_n0.03_d000_r03,C2,202635,13.6,13.6,0.0,0.38999999999999996,0.42128709027279054,0.3929677624296754,FAR,FAR,0.0,1,,,0.03,0
C2_n0.03_d000_r03,C2,202635,13.62,13.62,0.0,0.39174999999999993,0.3891248133172361,0.39200702515156555,FAR,FAR,0.0,1,,,0.03,0
C2_n0.03_d000_r03,C2,202635,13.64,13.64,0.0,0.39350000000000007,0.30870397414927564,0.3711812624009931,FAR,FAR,0.0,1,,,0.03,0
C2_n0.03_d000_r03,C2,202635,13.66,13.66,0.0,0.39525,0.3609406183067232,0.3686211013774256,FAR,FAR,0.0,1,,,0.03,0
C2_n0.03_d000_r03,C2,202635,13.68,13.68,0.0,0.39699999999999996,0.38395570815466523,0.3724547530717355,FAR,FAR,0.0,1,,,0.03,0
C2_n0.03_d000_r03,C2,202635,13.7,13.7,0.0,0.39874999999999994,0.37850772280574324,0.3739679955052374,FAR,FAR,0.0,1,,,0.03,0
C2_n0.03_d000_r03,C2,202635,13.72,13.72,0.0,0.4005000000000001,0.4006538938362049,0.3806394700879793,FAR,FAR,0.0,1,,,0.03,0
C2_n0.03_d000_r03,C2,202635,13.74,13.74,0.0,0.40225,0.46286448963662136,0.40119572497513983,FAR,FAR,0.0,1,,,0.03,0
C2_n0.03_d000_r03,C2,202635,13.76,13.76,0.0,0.40399999999999997,0.36839561224928863,0.392995696793677,FAR,FAR,0.0,1,,,0.03,0
C2_n0.03_d000_r03,C2,202635,13.78,13.78,0.0,0.40574999999999994,0.3520880866685551,0.38276879426239657,FAR,FAR,0.0,1,,,0.03,0
C2_n0.03_d000_r03,C2,202635,13.8,13.8,0.0,0.4075000000000001,0.411810409263627,0.3900291980127042,FAR,FAR,0.0,1,,,0.03,0
C2_n0.03_d000_r03,C2,202635,13.82,13.82,0.0,0.40925,0.4233077533460148,0.39834883684603184,FAR,FAR,0.0,1,,,0.03,0
C2_n0.03_d000_r03,C2,202635,13.84,13.84,0.0,0.411,0.43960580509663916,0.40866307890868364,FAR,FAR,0.0,1,,,0.03,0
C2_n0.03_d000_r03,C2,202635,13.86,13.86,0.0,0.41274999999999995,0.44598781207688476,0.41799426220073393,FAR,FAR,0.0,1,,,0.03,0
C2_n0.03_d000_r03,C2,202635,13.88,13.88,0.0,0.4145000000000001,0.4433277110963429,0.4243276244246362,FAR,FAR,0.0,1,,,0.03,0
C2_n0.03_d000_r03,C2,202635,13.9,13.9,0.0,0.41625,0.42760276637799377,0.4251464099129756,FAR,FAR,0.0,1,,,0.03,0
C2_n0.03_d000_r03,C2,202635,13.92,13.92,0.0,0.418,0.4168659914838451,0.42307630530569296,FAR,FAR,0.0,1,,,0.03,0
C2_n0.03_d000_r03,C2,202635,13.94,13.94,0.0,0.41974999999999996,0.42487653070077813,0.4235263616544642,FAR,FAR,0.0,1,,,0.03,0
C2_n0.03_d000_r03,C2,202635,13.96,13.96,0.0,0.4215000000000001,0.4121710088538714,0.42068752345431604,FAR,FAR,0.0,1,,,0.03,0
C2_n0.03_d000_r03,C2,202635,13.98,13.98,0.0,0.42325,0.42968232519644795,0.42293622388984903,FAR,FAR,0.0,1,,,0.03,0
C2_n0.03_d000_r03,C2,202635,14.0,14.0,0.0,0.425,0.42225843183211287,0.422766775875415,FAR,FAR,0.0,1,,,0.03,0
C2_n0.03_d000_r03,C2,202635,14.02,14.02,0.0,0.42674999999999996,0.44717425086915585,0.4288686446238502,FAR,FAR,0.0,1,,,0.03,0
C2_n0.03_d000_r03,C2,202635,14.04,14.04,0.0,0.4284999999999999,0.4553020770204186,0.4354770027229923,FAR,FAR,0.0,1,,,0.03,0
C2_n0.03_d000_r03,C2,202635,14.06,14.06,0.0,0.43025,0.42052838500630463,0.4317398482938204,FAR,FAR,0.0,1,,,0.03,0
C2_n0.03_d000_r03,C2,202635,14.08,14.08,0.0,0.432,0.4459940775397102,0.43530340560529285,FAR,FAR,0.0,1,,,0.03,0
C2_n0.03_d000_r03,C2,202635,14.1,14.1,0.0,0.43374999999999997,0.4310464223544369,0.4342391597925789,FAR,FAR,0.0,1,,,0.03,0
C2_n0.03_d000_r03,C2,202635,14.12,14.12,0.0,0.4354999999999999,0.48110871148987217,0.4459565477169022,FAR,FAR,0.0,1,,,0.03,0
C2_n0.03_d000_r03,C2,202635,14.14,14.14,0.0,0.43725,0.4619094622727377,0.44994477635586105,FAR,FAR,0.0,1,,,0.03,0
C2_n0.03_d000_r03,C2,202635,14.16,14.16,0.0,0.439,0.47456593070622516,0.45610006494345207,FAR,FAR,0.0,1,,,0.03,0
C2_n0.03_d000_r03,C2,202635,14.18,14.18,0.0,0.44075,0.4060023433588168,0.4435756345472932,FAR,FAR,0.0,1,,,0.03,0
C2_n0.03_d000_r03,C2,202635,14.2,14.2,0.0,0.4424999999999999,0.4091135475974274,0.43496011280982677,FAR,FAR,0.0,1,,,0.03,0
C2_n0.03_d000_r03,C2,202635,14.22,14.22,0.0,0.44425000000000003,0.44084577017392684,0.43643152715085176,FAR,FAR,0.0,1,,,0.03,0
C2_n0.03_d000_r03,C2,202635,14.24,14.24,0.0,0.446,0.42962743132882936,0.4347305031953462,FAR,FAR,0.0,1,,,0.03,0
C2_n0.03_d000_r03,C2,202635,14.26,14.26,0.0,0.44775,0.4672890644405247,0.44287014350664083,FAR,FAR,0.0,1,,,0.03,0
C2_n0.03_d000_r03,C2,202635,14.28,14.28,0.0,0.4494999999999999,0.3904062386493923,0.4297541672923287,FAR,FAR,0.0,1,,,0.03,0
C2_n0.03_d000_r03,C2,202635,14.3,14.3,0.0,0.45125000000000004,0.445006269639856,0.43356719287921053,FAR,FAR,0.0,1,,,0.03,0
C2_n0.03_d000_r03,C2,202635,14.32,14.32,0.0,0.453,0.4491847610376367,0.4374715849188171,FAR,FAR,0.0,1,,,0.03,0
C2_n0.03_d000_r03,C2,202635,14.34,14.34,0.0,0.45475,0.46467629593571513,0.4442727626730416,FAR,FAR,0.0,1,,,0.03,0
C2_n0.03_d000_r03,C2,202635,14.36,14.36,0.0,0.4564999999999999,0.46934237684087426,0.45054016621499976,FAR,FAR,0.0,1,,,0.03,0
C2_n0.03_d000_r03,C2,202635,14.38,14.38,0.0,0.45825000000000005,0.4705810881825296,0.45555039670688224,FAR,FAR,0.0,1,,,0.03,0
C2_n0.03_d000_r03,C2,202635,14.4,14.4,0.0,0.46,0.4754525494243234,0.46052593488624255,FAR,FAR,0.0,1,,,0.03,0
C2_n0.03_d000_r03,C2,202635,14.42,14.42,0.0,0.46175,0.4709451580281865,0.46313074067172855,FAR,FAR,0.0,1,,,0.03,0
C2_n0.03_d000_r03,C2,202635,14.44,14.44,0.0,0.4634999999999999,0.41013408239468774,0.4498815761024684,FAR,FAR,0.0,1,,,0.03,0
C2_n0.03_d000_r03,C2,202635,14.46,14.46,0.0,0.46525000000000005,0.4947282351166247,0.46109324085600745,FAR,FAR,0.0,1,,,0.03,0
C2_n0.03_d000_r03,C2,202635,14.48,14.48,0.0,0.467,0.47826037120568565,0.46538502344342697,FAR,FAR,0.0,1,,,0.03,0
C2_n0.03_d000_r03,C2,202635,14.5,14.5,0.0,0.46875,0.46360551026209285,0.46494014514809345,FAR,FAR,0.0,1,,,0.03,0
C2_n0.03_d000_r03,C2,202635,14.52,14.52,0.0,0.4704999999999999,0.4797241150070267,0.46863613761282674,FAR,FAR,0.0,1,,,0.03,0
C2_n0.03_d000_r03,C2,202635,14.54,14.54,0.0,0.47224999999999995,0.4939489394060531,0.47496433806113336,FAR,FAR,0.0,1,,,0.03,0
C2_n0.03_d000_r03,C2,202635,14.56,14.56,0.0,0.47400000000000003,0.4826892990592404,0.47689557831066015,FAR,FAR,0.0,1,,,0.03,0
C2_n0.03_d000_r03,C2,202635,14.58,14.58,0.0,0.47575,0.4701141230946814,0.4752002145066655,FAR,FAR,0.0,1,,,0.03,0
C2_n0.03_d000_r03,C2,202635,14.6,14.6,0.0,0.4774999999999999,0.45007663104498896,0.46891931864124636,FAR,FAR,0.0,1,,,0.03,0
C2_n0.03_d000_r03,C2,202635,14.62,14.62,0.0,0.47924999999999995,0.44021279477646236,0.46174268767505033,FAR,FAR,0.0,1,,,0.03,0
C2_n0.03_d000_r03,C2,202635,14.64,14.64,0.0,0.48100000000000004,0.5071455268626635,0.4730933974719536,FAR,FAR,0.0,1,,,0.03,0
C2_n0.03_d000_r03,C2,202635,14.66,14.66,0.0,0.48275,0.47684315299819185,0.4740308363535132,FAR,FAR,0.0,1,,,0.03,0
C2_n0.03_d000_r03,C2,202635,14.68,14.68,0.0,0.48449999999999993,0.4212045388016692,0.4608242619655522,FAR,FAR,0.0,1,,,0.03,0
C2_n0.03_d000_r03,C2,202635,14.7,14.7,0.0,0.48624999999999996,0.4800455266080187,0.4656295781261688,FAR,FAR,0.0,1,,,0.03,0
C2_n0.03_d000_r03,C2,202635,14.72,14.72,0.0,0.48800000000000004,0.5131075242855155,0.47749906466600545,FAR,FAR,0.0,1,,,0.03,0
C2_n0.03_d000_r03,C2,202635,14.74,14.74,0.0,0.48975,0.5179561445201355,0.487613334629538,FAR,FAR,0.0,1,,,0.03,0
C2_n0.03_d000_r03,C2,202635,14.76,14.76,0.0,0.49149999999999994,0.4691733032087519,0.4830033267743415,FAR,FAR,0.0,1,,,0.03,0
C2_n0.03_d000_r03,C2,202635,14.78,14.78,0.0,0.49324999999999997,0.5076421079977841,0.4891630220802021,FAR,FAR,0.0,1,,,0.03,0
C2_n0.03_d000_r03,C2,202635,14.8,14.8,0.0,0.49500000000000005,0.5231354820041391,0.4976561370611864,FAR,FAR,0.0,1,,,0.03,0
C2_n0.03_d000_r03,C2,202635,14.82,14.82,0.0,0.49675,0.5429833902102983,0.5089879503484643,FAR,FAR,0.0,1,,,0.03,0
C2_n0.03_d000_r03,C2,202635,14.84,14.84,0.0,0.49849999999999994,0.4896027617290498,0.5041416531936107,FAR,FAR,0.0,1,,,0.03,0
C2_n0.03_d000_r03,C2,202635,14.86,14.86,0.0,0.5002499999999999,0.527229025010392,0.509913496147806,FAR,FAR,0.0,1,,,0.03,0
C2_n0.03_d000_r03,C2,202635,14.88,14.88,0.0,0.502,0.4498086308075287,0.49488727981273667,FAR,FAR,0.0,1,,,0.03,0
C2_n0.03_d000_r03,C2,202635,14.9,14.9,0.0,0.50375,0.5373292012450097,0.5054977601708049,FAR,FAR,0.0,1,,,0.03,0
C2_n0.03_d000_r03,C2,202635,14.92,14.92,0.0,0.5055000000000001,0.5129871692132494,0.507370112431416,FAR,FAR,0.0,1,,,0.03,0
C2_n0.03_d000_r03,C2,202635,14.94,14.94,0.0,0.50725,0.5229900979242097,0.5112751088046145,FAR,FAR,0.0,1,,,0.03,0
C2_n0.03_d000_r03,C2,202635,14.96,14.96,0.0,0.5090000000000001,0.49626856828697147,0.5075234736752037,FAR,FAR,0.0,1,,,0.03,0
C2_n0.03_d000_r03,C2,202635,14.98,14.98,0.0,0.51075,0.49228912131678876,0.5037148855856,FAR,FAR,0.0,1,,,0.03,0
C2_n0.03_d000_r03,C2,202635,15.0,15.0,0.0,0.5125,0.5566851975498656,0.5169574635766664,FAR,FAR,0.0,1,,,0.03,0
C2_n0.03_d000_r03,C2,202635,15.02,15.02,0.0,0.5142499999999999,0.5248573260652944,0.5189324291988233,FAR,FAR,0.0,1,,,0.03,0
C2_n0.03_d000_r03,C2,202635,15.04,15.04,0.0,0.5159999999999999,0.4557952286194894,0.5031481290539899,FAR,FAR,0.0,1,,,0.03,0
C2_n0.03_d000_r03,C2,202635,15.06,15.06,0.0,0.51775,0.5089312883465562,0.5045939188771315,FAR,FAR,0.0,1,,,0.03,0
C2_n0.03_d000_r03,C2,202635,15.08,15.08,0.0,0.5195,0.49270677015082076,0.5016221316955538,FAR,FAR,0.0,1,,,0.03,0
C2_n0.03_d000_r03,C2,202635,15.1,15.1,0.0,0.52125,0.5268752952892364,0.5079354225939745,FAR,FAR,0.0,1,,,0.03,0
C2_n0.03_d000_r03,C2,202635,15.12,15.12,0.0,0.5229999999999999,0.5103978583211668,0.5085510315257726,FAR,FAR,0.0,1,,,0.03,0
C2_n0.03_d000_r03,C2,202635,15.14,15.14,0.0,0.52475,0.5554064620452199,0.5202648891556345,FAR,FAR,0.0,1,,,0.03,0
C2_n0.03_d000_r03,C2,202635,15.16,15.16,0.0,0.5265,0.5108047859122931,0.5178998633447991,FAR,FAR,0.0,1,,,0.03,0
C2_n0.03_d000_r03,C2,202635,15.18,15.18,0.0,0.5282499999999999,0.5825255029946529,0.5340562732572626,FAR,FAR,0.0,1,,,0.03,0
C2_n0.03_d000_r03,C2,202635,15.2,15.2,0.0,0.5299999999999999,0.58686453845419,0.5472583395564944,FAR,FAR,0.0,1,,,0.03,0
C2_n0.03_d000_r03,C2,202635,15.22,15.22,0.0,0.5317500000000001,0.5587567896616054,0.5501329520827721,FAR,FAR,0.0,1,,,0.03,0
C2_n0.03_d000_r03,C2,202635,15.24,15.24,0.0,0.5335,0.5484533801766072,0.5497130591062309,FAR,FAR,0.0,1,,,0.03,0
C2_n0.03_d000_r03,C2,202635,15.26,15.26,0.0,0.53525,0.5023617692555629,0.537875236643564,FAR,FAR,0.0,1,,,0.03,0
C2_n0.03_d000_r03,C2,202635,15.28,15.28,0.0,0.5369999999999999,0.5461809892258627,0.5399516747891386,FAR,FAR,0.0,1,,,0.03,0
C2_n0.03_d000_r03,C2,202635,15.3,15.3,0.0,0.5387500000000001,0.5735872734839463,0.5483605744628406,FAR,FAR,0.0,1,,,0.03,0
C2_n0.03_d000_r03,C2,202635,15.32,15.32,0.0,0.5405,0.515861634874015,0.5402358395656341,FAR,FAR,0.0,1,,,0.03,0
C2_n0.03_d000_r03,C2,202635,15.34,15.34,0.0,0.5422499999999999,0.5178766483919675,0.5346460417722174,FAR,FAR,0.0,1,,,0.03,0
C2_n0.03_d000_r03,C2,202635,15.36,15.36,0.0,0.5439999999999999,0.5617798416945412,0.5414294917527984,FAR,FAR,0.0,1,,,0.03,0
C2_n0.03_d000_r03,C2,202635,15.38,15.38,0.0,0.5457500000000001,0.5568815049588455,0.5452924950543102,FAR,FAR,0.0,1,,,0.03,0
C2_n0.03_d000_r03,C2,202635,15.4,15.4,0.0,0.5475,0.5447683616701322,0.5451614617082656,FAR,FAR,0.0,1,,,0.03,0
C2_n0.03_d000_r03,C2,202635,15.42,15.42,0.0,0.54925,0.5475945540424446,0.5457697347918103,FAR,FAR,0.0,1,,,0.03,0
C2_n0.03_d000_r03,C2,202635,15.44,15.44,0.0,0.5509999999999999,0.5268049547433538,0.5410285397796961,FAR,FAR,0.0,1,,,0.03,0
C2_n0.03_d000_r03,C2,202635,15.46,15.46,0.0,0.5527500000000001,0.5710734742505699,0.5485397733974146,FAR,FAR,0.0,1,,,0.03,0
C2_n0.03_d000_r03,C2,202635,15.48,15.48,0.0,0.5545,0.5092388564725292,0.5387145441661932,FAR,FAR,0.0,1,,,0.03,0
C2_n0.03_d000_r03,C2,202635,15.5,15.5,0.0,0.5562499999999999,0.5569656357559266,0.5432773170636266,FAR,FAR,0.0,1,,,0.03,0
C2_n0.03_d000_r03,C2,202635,15.52,15.52,0.0,0.5579999999999999,0.5634102308161651,0.5483105455017612,FAR,FAR,0.0,1,,,0.03,0
C2_n0.03_d000_r03,C2,202635,15.54,15.54,0.0,0.55975,0.6182191685052993,0.5657877012526458,FAR,FAR,0.0,1,,,0.03,0
C2_n0.03_d000_r03,C2,202635,15.56,15.56,0.0,0.5615,0.5863985297569285,0.5709404083787164,FAR,FAR,0.0,1,,,0.03,0
C2_n0.03_d000_r03,C2,202635,15.58,15.58,0.0,0.56325,0.5302618935729116,0.5607707796772652,FAR,FAR,0.0,1,,,0.03,0
C2_n0.03_d000_r03,C2,202635,15.6,15.6,0.0,0.565,0.6187258285921884,0.575259541905996,FAR,FAR,0.0,1,,,0.03,0
C2_n0.03_d000_r03,C2,202635,15.62,15.62,0.0,0.5667499999999999,0.5416070657304745,0.5668464228621156,FAR,FAR,0.0,1,,,0.03,0
C2_n0.03_d000_r03,C2,202635,15.64,15.64,0.0,0.5685,0.5454504149240034,0.5614974208775876,FAR,FAR,0.0,1,,,0.03,0
C2_n0.03_d000_r03,C2,202635,15.66,15.66,0.0,0.5702499999999999,0.6004426985697174,0.57123374030062,FAR,FAR,0.0,1,,,0.03,0
C2_n0.03_d000_r03,C2,202635,15.68,15.68,0.0,0.572,0.6007834076168999,0.57862115712969,FAR,FAR,0.0,1,,,0.03,0
C2_n0.03_d000_r03,C2,202635,15.7,15.7,0.0,0.57375,0.5705285994101487,0.5765980176998047,FAR,FAR,0.0,1,,,0.03,0
C2_n0.03_d000_r03,C2,202635,15.72,15.72,0.0,0.5755,0.562859504458065,0.5731633893893697,FAR,FAR,0.0,1,,,0.03,0
C2_n0.03_d000_r03,C2,202635,15.74,15.74,0.0,0.57725,0.5804996831225283,0.5749974628226594,FAR,FAR,0.0,1,,,0.03,0
C2_n0.03_d000_r03,C2,202635,15.76,15.76,0.0,0.579,0.5434331782365849,0.5671063916761407,FAR,FAR,0.0,1,,,0.03,0
C2_n0.03_d000_r03,C2,202635,15.78,15.78,0.0,0.5807499999999999,0.5507335284885807,0.5630131758792507,FAR,FAR,0.0,1,,,0.03,0
C2_n0.03_d000_r03,C2,202635,15.8,15.8,0.0,0.5825,0.5406345651155289,0.5574185231883202,FAR,FAR,0.0,1,,,0.03,0
C2_n0.03_d000_r03,C2,202635,15.82,15.82,0.0,0.5842499999999999,0.534963575483201,0.5518047862620403,FAR,FAR,0.0,1,,,0.03,0
C2_n0.03_d000_r03,C2,202635,15.84,15.84,0.0,0.586,0.5791244623319008,0.5586347052795054,FAR,FAR,0.0,1,,,0.03,0
C2_n0.03_d000_r03,C2,202635,15.86,15.86,0.0,0.58775,0.58624475734039,0.5655372182947266,FAR,FAR,0.0,1,,,0.03,0
C2_n0.03_d000_r03,C2,202635,15.88,15.88,0.0,0.5895,0.5866588730207293,0.5708176319762273,FAR,FAR,0.0,1,,,0.03,0
C2_n0.03_d000_r03,C2,202635,15.9,15.9,0.0,0.59125,0.5551783059385482,0.5669078004668076,FAR,FAR,0.0,1,,,0.03,0
C2_n0.03_d000_r03,C2,202635,15.92,15.92,0.0,0.593,0.5529779671379841,0.5634253421346017,FAR,FAR,0.0,1,,,0.03,0
C2_n0.03_d000_r03,C2,202635,15.94,15.94,0.0,0.5947499999999999,0.6387325522617188,0.582252144666381,FAR,FAR,0.0,1,,,0.03,0
C2_n0.03_d000_r03,C2,202635,15.96,15.96,0.0,0.5965,0.6231677793632772,0.592481053340605,FAR,FAR,0.0,1,,,0.03,0
C2_n0.03_d000_r03,C2,202635,15.98,15.98,0.0,0.59825,0.6144795557440478,0.5979806789414657,FAR,FAR,0.0,1,,,0.03,0
C2_n0.03_d000_r03,C2,202635,16.0,16.0,0.0,0.6,0.6085368718569534,0.6006197271703376,FAR,FAR,0.0,1,,,0.03,0
C2_n0.03_d000_r03,C2,202635,16.02,16.02,0.0,0.6,0.5791526890064761,0.5952529676293722,FAR,FAR,0.0,1,,,0.03,0
C2_n0.03_d000_r03,C2,202635,16.04,16.04,0.0,0.6,0.5720834211137817,0.5894605810004746,FAR,FAR,0.0,1,,,0.03,0
C2_n0.03_d000_r03,C2,202635,16.06,16.06,0.0,0.6,0.6188527300981823,0.5968086182749015,FAR,FAR,0.0,1,,,0.03,0
C2_n0.03_d000_r03,C2,202635,16.08,16.08,0.0,0.6,0.6323347597507207,0.6056901536438564,FAR,FAR,0.0,1,,,0.03,0
C2_n0.03_d000_r03,C2,202635,16.1,16.1,0.0,0.6,0.6175668085497259,0.6086593173703237,FAR,FAR,0.0,1,,,0.03,0
C2_n0.03_d000_r03,C2,202635,16.12,16.12,0.0,0.6,0.5535416908943154,0.5948799107513216,FAR,FAR,0.0,1,,,0.03,0
C2_n0.03_d000_r03,C2,202635,16.14,16.14,0.0,0.6,0.5398130393455581,0.5811131928998807,FAR,FAR,0.0,1,,,0.03,0
C2_n0.03_d000_r03,C2,202635,16.16,16.16,0.0,0.6,0.6416521534039058,0.596247933025887,FAR,FAR,0.0,1,,,0.03,0
C2_n0.03_d000_r03,C2,202635,16.18,16.18,0.0,0.6,0.6166951544549372,0.6013597383831495,FAR,FAR,0.0,1,,,0.03,0
C2_n0.03_d000_r03,C2,202635,16.2,16.2,0.0,0.6,0.608747951818168,0.6032067917419042,FAR,FAR,0.0,1,,,0.03,0
C2_n0.03_d000_r03,C2,202635,16.22,16.22,0.0,0.6,0.6280096360631809,0.6094075028222233,FAR,FAR,0.0,1,,,0.03,0
C2_n0.03_d000_r03,C2,202635,16.24,16.24,0.0,0.6,0.6089883848752372,0.6093027233354767,FAR,FAR,0.0,1,,,0.03,0
C2_n0.03_d000_r03,C2,202635,16.26,16.26,0.0,0.6,0.6250367420919822,0.6132362280246031,FAR,FAR,0.0,1,,,0.03,0
C2_n0.03_d000_r03,C2,202635,16.28,16.28,0.0,0.6,0.6666608782725445,0.6265923905865884,FAR,FAR,0.0,1,,,0.03,0
C2_n0.03_d000_r03,C2,202635,16.3,16.3,0.0,0.6,0.6039127227565163,0.6209224736290704,FAR,FAR,0.0,1,,,0.03,0
C2_n0.03_d000_r03,C2,202635,16.32,16.32,0.0,0.6,0.6072678687187564,0.6175088224014919,FAR,FAR,0.0,1,,,0.03,0
C2_n0.03_d000_r03,C2,202635,16.34,16.34,0.0,0.6,0.5755569053571168,0.6070208431403981,FAR,FAR,0.0,1,,,0.03,0
C2_n0.03_d000_r03,C2,202635,16.36,16.36,0.0,0.6,0.6440770889834285,0.6162849046011557,FAR,FAR,0.0,1,,,0.03,0
C2_n0.03_d000_r03,C2,202635,16.38,16.38,0.0,0.6,0.5778510520731417,0.6066764414691522,FAR,FAR,0.0,1,,,0.03,0
C2_n0.03_d000_r03,C2,202635,16.4,16.4,0.0,0.6,0.5829646072309599,0.6007484829096041,FAR,FAR,0.0,1,,,0.03,0
C2_n0.03_d000_r03,C2,202635,16.42,16.42,0.0,0.6,0.6275272332052669,0.6074431704835198,FAR,FAR,0.0,1,,,0.03,0
C2_n0.03_d000_r03,C2,202635,16.44,16.44,0.0,0.6,0.6328806580144888,0.6138025423662621,FAR,FAR,0.0,1,,,0.03,0
C2_n0.03_d000_r03,C2,202635,16.46,16.46,0.0,0.6,0.6016682989852236,0.6107689815210025,FAR,FAR,0.0,1,,,0.03,0
C2_n0.03_d000_r03,C2,202635,16.48,16.48,0.0,0.6,0.5973830201852561,0.6074224911870658,FAR,FAR,0.0,1,,,0.03,0
C2_n0.03_d000_r03,C2,202635,16.5,16.5,0.0,0.6,0.6014571498447198,0.6059311558514793,FAR,FAR,0.0,1,,,0.03,0
C2_n0.03_d000_r03,C2,202635,16.52,16.52,0.0,0.6,0.6134352117783872,0.6078071698332063,FAR,FAR,0.0,1,,,0.03,0
C2_n0.03_d000_r03,C2,202635,16.54,16.54,0.0,0.6,0.5629146859709715,0.5965840488676475,FAR,FAR,0.0,1,,,0.03,0
C2_n0.03_d000_r03,C2,202635,16.56,16.56,0.0,0.6,0.5569881427331305,0.5866850723340182,FAR,FAR,0.0,1,,,0.03,0
C2_n0.03_d000_r03,C2,202635,16.58,16.58,0.0,0.6,0.5969350444162438,0.5892475653545746,FAR,FAR,0.0,1,,,0.03,0
C2_n0.03_d000_r03,C2,202635,16.6,16.6,0.0,0.6,0.5897436664603667,0.5893715906310226,FAR,FAR,0.0,1,,,0.03,0
C2_n0.03_d000_r03,C2,202635,16.62,16.62,0.0,0.6,0.6386013282080579,0.6016790250252815,FAR,FAR,0.0,1,,,0.03,0
C2_n0.03_d000_r03,C2,202635,16.64,16.64,0.0,0.6,0.6228270636677807,0.6069660346859063,FAR,FAR,0.0,1,,,0.03,0
C2_n0.03_d000_r03,C2,202635,16.66,16.66,0.0,0.6,0.5746469337553152,0.5988862594532585,FAR,FAR,0.0,1,,,0.03,0
C2_n0.03_d000_r03,C2,202635,16.68,16.68,0.0,0.6,0.5806744537677027,0.5943333080318696,FAR,FAR,0.0,1,,,0.03,0
C2_n0.03_d000_r03,C2,202635,16.7,16.7,0.0,0.6,0.5962971879090355,0.594824278001161,FAR,FAR,0.0,1,,,0.03,0
C2_n0.03_d000_r03,C2,202635,16.72,16.72,0.0,0.6,0.5707800435915933,0.5888132193987691,FAR,FAR,0.0,1,,,0.03,0
C2_n0.03_d000_r03,C2,202635,16.74,16.74,0.0,0.6,0.564481553089345,0.582730302821413,FAR,FAR,0.0,1,,,0.03,0
C2_n0.03_d000_r03,C2,202635,16.76,16.76,0.0,0.6,0.5507353968750702,0.5747315763348273,FAR,FAR,0.0,1,,,0.03,0
C2_n0.03_d000_r03,C2,202635,16.78,16.78,0.0,0.6,0.6149539331096141,0.584787165528524,FAR,FAR,0.0,1,,,0.03,0
C2_n0.03_d000_r03,C2,202635,16.8,16.8,0.0,0.6,0.5713358203720299,0.5814243292394005,FAR,FAR,0.0,1,,,0.03,0
C2_n0.03_d000_r03,C2,202635,16.82,16.82,0.0,0.6,0.5870961916538874,0.5828422948430222,FAR,FAR,0.0,1,,,0.03,0
C2_n0.03_d000_r03,C2,202635,16.84,16.84,0.0,0.6,0.6179536158105419,0.591620125084902,FAR,FAR,0.0,1,,,0.03,0
C2_n0.03_d000_r03,C2,202635,16.86,16.86,0.0,0.6,0.6064961076130484,0.5953391207169386,FAR,FAR,0.0,1,,,0.03,0
C2_n0.03_d000_r03,C2,202635,16.88,16.88,0.0,0.6,0.6344160360664405,0.605108349554314,FAR,FAR,0.0,1,,,0.03,0
C2_n0.03_d000_r03,C2,202635,16.9,16.9,0.0,0.6,0.6173881506681385,0.6081782998327702,FAR,FAR,0.0,1,,,0.03,0
C2_n0.03_d000_r03,C2,202635,16.92,16.92,0.0,0.6,0.6235183596838866,0.6120133147955492,FAR,FAR,0.0,1,,,0.03,0
C2_n0.03_d000_r03,C2,202635,16.94,16.94,0.0,0.6,0.5724406194441822,0.6021201409577075,FAR,FAR,0.0,1,,,0.03,0
C2_n0.03_d000_r03,C2,202635,16.96,16.96,0.0,0.6,0.5501371700776558,0.5891243982376946,FAR,FAR,0.0,1,,,0.03,0
C2_n0.03_d000_r03,C2,202635,16.98,16.98,0.0,0.6,0.5440271965225268,0.5778500978089026,FAR,FAR,0.0,1,,,0.03,0
C2_n0.03_d000_r03,C2,202635,17.0,17.0,0.0,0.6,0.5453549696760245,0.5697263157756831,FAR,FAR,0.0,1,,,0.03,0
C2_n0.03_d000_r03,C2,202635,17.02,17.02,0.0,0.6,0.5831505778259426,0.573082381288248,FAR,FAR,0.0,1,,,0.03,0
C2_n0.03_d000_r03,C2,202635,17.04,17.04,0.0,0.6,0.6439915279834787,0.5908096679620556,FAR,FAR,0.0,1,,,0.03,0
C2_n0.03_d000_r03,C2,202635,17.06,17.06,0.0,0.6,0.6071978918770993,0.5949067239408166,FAR,FAR,0.0,1,,,0.03,0
C2_n0.03_d000_r03,C2,202635,17.08,17.08,0.0,0.6,0.580256648304048,0.5912442050316244,FAR,FAR,0.0,1,,,0.03,0
C2_n0.03_d000_r03,C2,202635,17.1,17.1,0.0,0.6,0.6250512394419625,0.599695963634209,FAR,FAR,0.0,1,,,0.03,0
C2_n0.03_d000_r03,C2,202635,17.12,17.12,0.0,0.6,0.6406854849196741,0.6099433439555753,FAR,FAR,0.0,1,,,0.03,0
C2_n0.03_d000_r03,C2,202635,17.14,17.14,0.0,0.6,0.640113681342791,0.6174859283023792,FAR,FAR,0.0,1,,,0.03,0
C2_n0.03_d000_r03,C2,202635,17.16,17.16,0.0,0.6,0.5630106727861446,0.6038671144233205,FAR,FAR,0.0,1,,,0.03,0
C2_n0.03_d000_r03,C2,202635,17.18,17.18,0.0,0.6,0.6020787939873131,0.6034200343143187,FAR,FAR,0.0,1,,,0.03,0
C2_n0.03_d000_r03,C2,202635,17.2,17.2,0.0,0.6,0.5759631743144684,0.5965558193143561,FAR,FAR,0.0,1,,,0.03,0
C2_n0.03_d000_r03,C2,202635,17.22,17.22,0.0,0.6,0.5938084249565303,0.5958689707248996,FAR,FAR,0.0,1,,,0.03,0
C2_n0.03_d000_r03,C2,202635,17.24,17.24,0.0,0.6,0.5697867648185002,0.5893484192482998,FAR,FAR,0.0,1,,,0.03,0
C2_n0.03_d000_r03,C2,202635,17.26,17.26,0.0,0.6,0.6209381273157512,0.5972458462651626,FAR,FAR,0.0,1,,,0.03,0
C2_n0.03_d000_r03,C2,202635,17.28,17.28,0.0,0.6,0.5637566470797856,0.5888735464688184,FAR,FAR,0.0,1,,,0.03,0
C2_n0.03_d000_r03,C2,202635,17.3,17.3,0.0,0.6,0.5481362191200869,0.5786892146316356,FAR,FAR,0.0,1,,,0.03,0
C2_n0.03_d000_r03,C2,202635,17.32,17.32,0.0,0.6,0.6096344428510673,0.5864255216864935,FAR,FAR,0.0,1,,,0.03,0
C2_n0.03_d000_r03,C2,202635,17.34,17.34,0.0,0.6,0.5941268142464611,0.5883508448264854,FAR,FAR,0.0,1,,,0.03,0
C2_n0.03_d000_r03,C2,202635,17.36,17.36,0.0,0.6,0.6009657291877992,0.5915045659168139,FAR,FAR,0.0,1,,,0.03,0
C2_n0.03_d000_r03,C2,202635,17.38,17.38,0.0,0.6,0.661154803072978,0.608917125205855,FAR,FAR,0.0,1,,,0.03,0
C2_n0.03_d000_r03,C2,202635,17.4,17.4,0.0,0.6,0.5723425012938551,0.599773469227855,FAR,FAR,0.0,1,,,0.03,0
C2_n0.03_d000_r03,C2,202635,17.42,17.42,0.0,0.6,0.5532622640977213,0.5881456679453215,FAR,FAR,0.0,1,,,0.03,0
C2_n0.03_d000_r03,C2,202635,17.44,17.44,0.0,0.6,0.599198980385908,0.5909089960554681,FAR,FAR,0.0,1,,,0.03,0
C2_n0.03_d000_r03,C2,202635,17.46,17.46,0.0,0.6,0.6199264088746526,0.5981633492602643,FAR,FAR,0.0,1,,,0.03,0
C2_n0.03_d000_r03,C2,202635,17.48,17.48,0.0,0.6,0.5883605608341168,0.5957126521537274,FAR,FAR,0.0,1,,,0.03,0
C2_n0.03_d000_r03,C2,202635,17.5,17.5,0.0,0.6,0.6114790089807463,0.5996542413604822,FAR,FAR,0.0,1,,,0.03,0
C2_n0.03_d000_r03,C2,202635,17.52,17.52,0.0,0.6,0.5881585823944682,0.5967803266189786,FAR,FAR,0.0,1,,,0.03,0
C2_n0.03_d000_r03,C2,202635,17.54,17.54,0.0,0.6,0.6121587126109497,0.6006249231169714,FAR,FAR,0.0,1,,,0.03,0
C2_n0.03_d000_r03,C2,202635,17.56,17.56,0.0,0.6,0.5995818749429442,0.6003641610734646,FAR,FAR,0.0,1,,,0.03,0
C2_n0.03_d000_r03,C2,202635,17.58,17.58,0.0,0.6,0.6179401977002451,0.6047581702301597,FAR,FAR,0.0,1,,,0.03,0
C2_n0.03_d000_r03,C2,202635,17.6,17.6,0.0,0.6,0.6116385280023402,0.6064782596732048,FAR,FAR,0.0,1,,,0.03,0
C2_n0.03_d000_r03,C2,202635,17.62,17.62,0.0,0.6,0.6453900716913172,0.6162062126777329,FAR,FAR,0.0,1,,,0.03,0
C2_n0.03_d000_r03,C2,202635,17.64,17.64,0.0,0.6,0.6071433454112212,0.613940495861105,FAR,FAR,0.0,1,,,0.03,0
C2_n0.03_d000_r03,C2,202635,17.66,17.66,0.0,0.6,0.6460854555152138,0.6219767357746322,FAR,FAR,0.0,1,,,0.03,0
C2_n0.03_d000_r03,C2,202635,17.68,17.68,0.0,0.6,0.6299668273866592,0.6239742586776389,FAR,FAR,0.0,1,,,0.03,0
C2_n0.03_d000_r03,C2,202635,17.7,17.7,0.0,0.6,0.611758876772583,0.6209204132013749,FAR,FAR,0.0,1,,,0.03,0
C2_n0.03_d000_r03,C2,202635,17.72,17.72,0.0,0.6,0.5905870615551275,0.6133370752898131,FAR,FAR,0.0,1,,,0.03,0
C2_n0.03_d000_r03,C2,202635,17.74,17.74,0.0,0.6,0.625596889719043,0.6164020288971206,FAR,FAR,0.0,1,,,0.03,0
C2_n0.03_d000_r03,C2,202635,17.76,17.76,0.0,0.6,0.6117092257282124,0.6152288281048935,FAR,FAR,0.0,1,,,0.03,0
C2_n0.03_d000_r03,C2,202635,17.78,17.78,0.0,0.6,0.6175915704696913,0.6158195136960929,FAR,FAR,0.0,1,,,0.03,0
C2_n0.03_d000_r03,C2,202635,17.8,17.8,0.0,0.6,0.6257133037469241,0.6182929612088007,FAR,FAR,0.0,1,,,0.03,0
C2_n0.03_d000_r03,C2,202635,17.82,17.82,0.0,0.6,0.5917486553946906,0.6116568847552731,FAR,FAR,0.0,1,,,0.03,0
C2_n0.03_d000_r03,C2,202635,17.84,17.84,0.0,0.6,0.5752898021117352,0.6025651140943886,FAR,FAR,0.0,1,,,0.03,0
C2_n0.03_d000_r03,C2,202635,17.86,17.86,0.0,0.6,0.6238872117824279,0.6078956385163985,FAR,FAR,0.0,1,,,0.03,0
C2_n0.03_d000_r03,C2,202635,17.88,17.88,0.0,0.6,0.6448140890125058,0.6171252511404253,FAR,FAR,0.0,1,,,0.03,0
C2_n0.03_d000_r03,C2,202635,17.9,17.9,0.0,0.6,0.6082635946227996,0.6149098370110189,FAR,FAR,0.0,1,,,0.03,0
C2_n0.03_d000_r03,C2,202635,17.92,17.92,0.0,0.6,0.59127956346626,0.6090022686248291,FAR,FAR,0.0,1,,,0.03,0
C2_n0.03_d000_r03,C2,202635,17.94,17.94,0.0,0.6,0.5883167670441016,0.6038308932296472,FAR,FAR,0.0,1,,,0.03,0
C2_n0.03_d000_r03,C2,202635,17.96,17.96,0.0,0.6,0.6317971233205243,0.6108224507523665,FAR,FAR,0.0,1,,,0.03,0
C2_n0.03_d000_r03,C2,202635,17.98,17.98,0.0,0.6,0.6056161019748969,0.6095208635579992,FAR,FAR,0.0,1,,,0.03,0
C2_n0.03_d000_r03,C2,202635,18.0,18.0,0.0,0.6,0.585764998513846,0.6035818972969609,FAR,FAR,0.0,1,,,0.03,0
C2_n0.03_d000_r03,C2,202635,18.02,18.02,0.0,0.6,0.5760899245072642,0.5967089040995367,FAR,FAR,0.0,1,,,0.03,0
C2_n0.03_d000_r03,C2,202635,18.04,18.04,0.0,0.6,0.58150213316503,0.5929072113659101,FAR,FAR,0.0,1,,,0.03,0
C2_n0.03_d000_r03,C2,202635,18.06,18.06,0.0,0.6,0.5819200362304907,0.5901604175820553,FAR,FAR,0.0,1,,,0.03,0
C2_n0.03_d000_r03,C2,202635,18.08,18.08,0.0,0.6,0.5844979016690243,0.5887447886037975,FAR,FAR,0.0,1,,,0.03,0
C2_n0.03_d000_r03,C2,202635,18.1,18.1,0.0,0.6,0.5916767209789334,0.5894777716975815,FAR,FAR,0.0,1,,,0.03,0
C2_n0.03_d000_r03,C2,202635,18.12,18.12,0.0,0.6,0.5536871965959267,0.5805301279221678,FAR,FAR,0.0,1,,,0.03,0
C2_n0.03_d000_r03,C2,202635,18.14,18.14,0.0,0.6,0.615517459400516,0.5892769607917548,FAR,FAR,0.0,1,,,0.03,0
C2_n0.03_d000_r03,C2,202635,18.16,18.16,0.0,0.6,0.5898164459536159,0.5894118320822201,FAR,FAR,0.0,1,,,0.03,0
C2_n0.03_d000_r03,C2,202635,18.18,18.18,0.0,0.6,0.6277437646191858,0.5989948152164616,FAR,FAR,0.0,1,,,0.03,0
C2_n0.03_d000_r03,C2,202635,18.2,18.2,0.0,0.6,0.5366701020941305,0.5834136369358788,FAR,FAR,0.0,1,,,0.03,0
C2_n0.03_d000_r03,C2,202635,18.22,18.22,0.0,0.6,0.6483634603896118,0.599651092799312,FAR,FAR,0.0,1,,,0.03,0
C2_n0.03_d000_r03,C2,202635,18.24,18.24,0.0,0.6,0.6484895121517481,0.611860697637421,FAR,FAR,0.0,1,,,0.03,0
C2_n0.03_d000_r03,C2,202635,18.26,18.26,0.0,0.6,0.5683505325024917,0.6009831563536887,FAR,FAR,0.0,1,,,0.03,0
C2_n0.03_d000_r03,C2,202635,18.28,18.28,0.0,0.6,0.6426462561562828,0.6113989313043372,FAR,FAR,0.0,1,,,0.03,0
C2_n0.03_d000_r03,C2,202635,18.3,18.3,0.0,0.6,0.6658515367154265,0.6250120826571095,FAR,FAR,0.0,1,,,0.03,0
C2_n0.03_d000_r03,C2,202635,18.32,18.32,0.0,0.6,0.6484582340156221,0.6308736204967377,FAR,FAR,0.0,1,,,0.03,0
C2_n0.03_d000_r03,C2,202635,18.34,18.34,0.0,0.6,0.6114039878944459,0.6260062123461647,FAR,FAR,0.0,1,,,0.03,0
C2_n0.03_d000_r03,C2,202635,18.36,18.36,0.0,0.6,0.6163441124832417,0.623590687380434,FAR,FAR,0.0,1,,,0.03,0
C2_n0.03_d000_r03,C2,202635,18.38,18.38,0.0,0.6,0.561448533107477,0.6080551488121948,FAR,FAR,0.0,1,,,0.03,0
C2_n0.03_d000_r03,C2,202635,18.4,18.4,0.0,0.6,0.6083063692496662,0.6081179539215626,FAR,FAR,0.0,1,,,0.03,0
C2_n0.03_d000_r03,C2,202635,18.42,18.42,0.0,0.6,0.6183980412900518,0.6106879757636849,FAR,FAR,0.0,1,,,0.03,0
C2_n0.03_d000_r03,C2,202635,18.44,18.44,0.0,0.6,0.5758203314056529,0.6019710646741769,FAR,FAR,0.0,1,,,0.03,0
C2_n0.03_d000_r03,C2,202635,18.46,18.46,0.0,0.6,0.5718637024564213,0.5944442241197381,FAR,FAR,0.0,1,,,0.03,0
C2_n0.03_d000_r03,C2,202635,18.48,18.48,0.0,0.6,0.5813167406810819,0.591162353260074,FAR,FAR,0.0,1,,,0.03,0
C2_n0.03_d000_r03,C2,202635,18.5,18.5,0.0,0.6,0.6100955474194922,0.5958956517999285,FAR,FAR,0.0,1,,,0.03,0
C2_n0.03_d000_r03,C2,202635,18.52,18.52,0.0,0.6,0.6418850342845845,0.6073929974210925,FAR,FAR,0.0,1,,,0.03,0
C2_n0.03_d000_r03,C2,202635,18.54,18.54,0.0,0.6,0.5791271679419018,0.6003265400512948,FAR,FAR,0.0,1,,,0.03,0
C2_n0.03_d000_r03,C2,202635,18.56,18.56,0.0,0.6,0.5827465906615048,0.5959315527038473,FAR,FAR,0.0,1,,,0.03,0
C2_n0.03_d000_r03,C2,202635,18.58,18.58,0.0,0.6,0.6026296749703698,0.5976060832704779,FAR,FAR,0.0,1,,,0.03,0
C2_n0.03_d000_r03,C2,202635,18.6,18.6,0.0,0.6,0.6149341780436121,0.6019381069637615,FAR,FAR,0.0,1,,,0.03,0
C2_n0.03_d000_r03,C2,202635,18.62,18.62,0.0,0.6,0.6276148593407916,0.608357295058019,FAR,FAR,0.0,1,,,0.03,0
C2_n0.03_d000_r03,C2,202635,18.64,18.64,0.0,0.6,0.6466466142230775,0.6179296248492836,FAR,FAR,0.0,1,,,0.03,0
C2_n0.03_d000_r03,C2,202635,18.66,18.66,0.0,0.6,0.6397010093715823,0.6233724709798583,FAR,FAR,0.0,1,,,0.03,0
C2_n0.03_d000_r03,C2,202635,18.68,18.68,0.0,0.6,0.5846987393119149,0.6137040380628724,FAR,FAR,0.0,1,,,0.03,0
C2_n0.03_d000_r03,C2,202635,18.7,18.7,0.0,0.6,0.552555061035613,0.5984167938060576,FAR,FAR,0.0,1,,,0.03,0
C2_n0.03_d000_r03,C2,202635,18.72,18.72,0.0,0.6,0.5867815316679791,0.595507978271538,FAR,FAR,0.0,1,,,0.03,0
C2_n0.03_d000_r03,C2,202635,18.74,18.74,0.0,0.6,0.6046070794136222,0.597782753557059,FAR,FAR,0.0,1,,,0.03,0
C2_n0.03_d000_r03,C2,202635,18.76,18.76,0.0,0.6,0.5725836545355776,0.5914829788016887,FAR,FAR,0.0,1,,,0.03,0
C2_n0.03_d000_r03,C2,202635,18.78,18.78,0.0,0.6,0.6167935931939338,0.59781063239975,FAR,FAR,0.0,1,,,0.03,0
C2_n0.03_d000_r03,C2,202635,18.8,18.8,0.0,0.6,0.5856826630029395,0.5947786400505474,FAR,FAR,0.0,1,,,0.03,0
C2_n0.03_d000_r03,C2,202635,18.82,18.82,0.0,0.6,0.5960484379980673,0.5950960895374273,FAR,FAR,0.0,1,,,0.03,0
C2_n0.03_d000_r03,C2,202635,18.84,18.84,0.0,0.6,0.5674056092650246,0.5881734694693266,FAR,FAR,0.0,1,,,0.03,0
C2_n0.03_d000_r03,C2,202635,18.86,18.86,0.0,0.6,0.5226448852164132,0.5717913234060983,FAR,FAR,0.0,1,,,0.03,0
C2_n0.03_d000_r03,C2,202635,18.88,18.88,0.0,0.6,0.6787061645657527,0.5985200336960119,FAR,FAR,0.0,1,,,0.03,0
C2_n0.03_d000_r03,C2,202635,18.9,18.9,0.0,0.6,0.5997445304110723,0.598826157874777,FAR,FAR,0.0,1,,,0.03,0
C2_n0.03_d000_r03,C2,202635,18.92,18.92,0.0,0.6,0.6081287363315309,0.6011518024889655,FAR,FAR,0.0,1,,,0.03,0
C2_n0.03_d000_r03,C2,202635,18.94,18.94,0.0,0.6,0.6253068239582122,0.6071905578562772,FAR,FAR,0.0,1,,,0.03,0
C2_n0.03_d000_r03,C2,202635,18.96,18.96,0.0,0.6,0.5820825468884878,0.6009135551143299,FAR,FAR,0.0,1,,,0.03,0
C2_n0.03_d000_r03,C2,202635,18.98,18.98,0.0,0.6,0.5423256947646204,0.5862665900269025,FAR,FAR,0.0,1,,,0.03,0
C2_n0.03_d000_r03,C2,202635,19.0,19.0,0.0,0.6,0.5947711603454028,0.5883927326065276,FAR,FAR,0.0,1,,,0.03,0
C2_n0.03_d000_r03,C2,202635,19.02,19.02,0.0,0.6,0.5859221453947465,0.5877750858035823,FAR,FAR,0.0,1,,,0.03,0
C2_n0.03_d000_r03,C2,202635,19.04,19.04,0.0,0.6,0.5875512968689981,0.5877191385699363,FAR,FAR,0.0,1,,,0.03,0
C2_n0.03_d000_r03,C2,202635,19.06,19.06,0.0,0.6,0.6039569856102295,0.5917786003300096,FAR,FAR,0.0,1,,,0.03,0
C2_n0.03_d000_r03,C2,202635,19.08,19.08,0.0,0.6,0.6779214984235487,0.6133143248533943,FAR,FAR,0.0,1,,,0.03,0
C2_n0.03_d000_r03,C2,202635,19.1,19.1,0.0,0.6,0.6202894803084404,0.6150581137171558,FAR,FAR,0.0,1,,,0.03,0
C2_n0.03_d000_r03,C2,202635,19.12,19.12,0.0,0.6,0.5810097881477213,0.6065460323247972,FAR,FAR,0.0,1,,,0.03,0
C2_n0.03_d000_r03,C2,202635,19.14,19.14,0.0,0.6,0.5564209180972405,0.594014753767908,FAR,FAR,0.0,1,,,0.03,0
C2_n0.03_d000_r03,C2,202635,19.16,19.16,0.0,0.6,0.6679332776688557,0.6124943847431449,FAR,FAR,0.0,1,,,0.03,0
C2_n0.03_d000_r03,C2,202635,19.18,19.18,0.0,0.6,0.6628723785162302,0.6250888831864162,FAR,FAR,0.0,1,,,0.03,0
C2_n0.03_d000_r03,C2,202635,19.2,19.2,0.0,0.6,0.6103673121552818,0.6214084904286326,FAR,FAR,0.0,1,,,0.03,0
C2_n0.03_d000_r03,C2,202635,19.22,19.22,0.0,0.6,0.6539400663893277,0.6295413844188064,FAR,FAR,0.0,1,,,0.03,0
C2_n0.03_d000_r03,C2,202635,19.24,19.24,0.0,0.6,0.5946158797249809,0.62081000824535,FAR,FAR,0.0,1,,,0.03,0
C2_n0.03_d000_r03,C2,202635,19.26,19.26,0.0,0.6,0.5851556399431833,0.6118964161698084,FAR,FAR,0.0,1,,,0.03,0
C2_n0.03_d000_r03,C2,202635,19.28,19.28,0.0,0.6,0.5613600959731468,0.5992623361206431,FAR,FAR,0.0,1,,,0.03,0
C2_n0.03_d000_r03,C2,202635,19.3,19.3,0.0,0.6,0.5695136576476334,0.5918251665023906,FAR,FAR,0.0,1,,,0.03,0
C2_n0.03_d000_r03,C2,202635,19.32,19.32,0.0,0.6,0.6290610428045175,0.6011341355779223,FAR,FAR,0.0,1,,,0.03,0
C2_n0.03_d000_r03,C2,202635,19.34,19.34,0.0,0.6,0.5540015440504451,0.589350987696053,FAR,FAR,0.0,1,,,0.03,0
C2_n0.03_d000_r03,C2,202635,19.36,19.36,0.0,0.6,0.6044537864562517,0.5931266873861026,FAR,FAR,0.0,1,,,0.03,0
C2_n0.03_d000_r03,C2,202635,19.38,19.38,0.0,0.6,0.5796557775897364,0.5897589599370111,FAR,FAR,0.0,1,,,0.03,0
C2_n0.03_d000_r03,C2,202635,19.4,19.4,0.0,0.6,0.5364526545869907,0.576432383599506,FAR,FAR,0.0,1,,,0.03,0
C2_n0.03_d000_r03,C2,202635,19.42,19.42,0.0,0.6,0.5817882800001255,0.5777713576996608,FAR,FAR,0.0,1,,,0.03,0
C2_n0.03_d000_r03,C2,202635,19.44,19.44,0.0,0.6,0.5992880253983174,0.5831505246243249,FAR,FAR,0.0,1,,,0.03,0
C2_n0.03_d000_r03,C2,202635,19.46,19.46,0.0,0.6,0.534348196299399,0.5709499425430935,FAR,FAR,0.0,1,,,0.03,0
C2_n0.03_d000_r03,C2,202635,19.48,19.48,0.0,0.6,0.5830107599141291,0.5739651468858524,FAR,FAR,0.0,1,,,0.03,0
C2_n0.03_d000_r03,C2,202635,19.5,19.5,0.0,0.6,0.6375474280882668,0.589860717186456,FAR,FAR,0.0,1,,,0.03,0
C2_n0.03_d000_r03,C2,202635,19.52,19.52,0.0,0.6,0.6157891993207425,0.5963428377200277,FAR,FAR,0.0,1,,,0.03,0
C2_n0.03_d000_r03,C2,202635,19.54,19.54,0.0,0.6,0.6172057009156635,0.6015585535189367,FAR,FAR,0.0,1,,,0.03,0
C2_n0.03_d000_r03,C2,202635,19.56,19.56,0.0,0.6,0.6439510876961017,0.612156687063228,FAR,FAR,0.0,1,,,0.03,0
C2_n0.03_d000_r03,C2,202635,19.58,19.58,0.0,0.6,0.5653477712956697,0.6004544581213385,FAR,FAR,0.0,1,,,0.03,0
C2_n0.03_d000_r03,C2,202635,19.6,19.6,0.0,0.6,0.6313873605052781,0.6081876837173233,FAR,FAR,0.0,1,,,0.03,0
C2_n0.03_d000_r03,C2,202635,19.62,19.62,0.0,0.6,0.6153390651525656,0.609975529076134,FAR,FAR,0.0,1,,,0.03,0
C2_n0.03_d000_r03,C2,202635,19.64,19.64,0.0,0.6,0.5779215481852199,0.6019620338534054,FAR,FAR,0.0,1,,,0.03,0
C2_n0.03_d000_r03,C2,202635,19.66,19.66,0.0,0.6,0.5492944991653611,0.5887951501813944,FAR,FAR,0.0,1,,,0.03,0
C2_n0.03_d000_r03,C2,202635,19.68,19.68,0.0,0.6,0.6073540288839459,0.5934348698570322,FAR,FAR,0.0,1,,,0.03,0
C2_n0.03_d000_r03,C2,202635,19.7,19.7,0.0,0.6,0.6394759495000166,0.6049451397677783,FAR,FAR,0.0,1,,,0.03,0
C2_n0.03_d000_r03,C2,202635,19.72,19.72,0.0,0.6,0.5727050014779536,0.5968851051953221,FAR,FAR,0.0,1,,,0.03,0
C2_n0.03_d000_r03,C2,202635,19.74,19.74,0.0,0.6,0.6057826073716536,0.599109480739405,FAR,FAR,0.0,1,,,0.03,0
C2_n0.03_d000_r03,C2,202635,19.76,19.76,0.0,0.6,0.6151611505418559,0.6031223981900177,FAR,FAR,0.0,1,,,0.03,0
C2_n0.03_d000_r03,C2,202635,19.78,19.78,0.0,0.6,0.5214352222642171,0.5827006042085675,FAR,FAR,0.0,1,,,0.03,0
C2_n0.03_d000_r03,C2,202635,19.8,19.8,0.0,0.6,0.5757625204857554,0.5809660832778645,FAR,FAR,0.0,1,,,0.03,0
C2_n0.03_d000_r03,C2,202635,19.82,19.82,0.0,0.6,0.5828165567753594,0.5814287016522381,FAR,FAR,0.0,1,,,0.03,0
C2_n0.03_d000_r03,C2,202635,19.84,19.84,0.0,0.6,0.6394738253230013,0.595939982569929,FAR,FAR,0.0,1,,,0.03,0
C2_n0.03_d000_r03,C2,202635,19.86,19.86,0.0,0.6,0.5831942673575374,0.5927535537668311,FAR,FAR,0.0,1,,,0.03,0
C2_n0.03_d000_r03,C2,202635,19.88,19.88,0.0,0.6,0.6268658169880145,0.601281619572127,FAR,FAR,0.0,1,,,0.03,0
C2_n0.03_d000_r03,C2,202635,19.9,19.9,0.0,0.6,0.6250972601811122,0.6072355297243732,FAR,FAR,0.0,1,,,0.03,0
C2_n0.03_d000_r03,C2,202635,19.92,19.92,0.0,0.6,0.6118787911914085,0.608396345091132,FAR,FAR,0.0,1,,,0.03,0
C2_n0.03_d000_r03,C2,202635,19.94,19.94,0.0,0.6,0.6103645341340009,0.6088883923518493,FAR,FAR,0.0,1,,,0.03,0
C2_n0.03_d000_r03,C2,202635,19.96,19.96,0.0,0.6,0.5848741084780913,0.6028848213834098,FAR,FAR,0.0,1,,,0.03,0
C2_n0.03_d000_r03,C2,202635,19.98,19.98,0.0,0.6,0.600919241149272,0.6023934263248754,FAR,FAR,0.0,1,,,0.03,0
C2_n0.03_d000_r03,C2,202635,20.0,20.0,0.0,0.6,0.6441007458349475,0.6128202562023934,FAR,FAR,0.0,1,,,0.03,0
