trial_id,condition,seed,time_s,sensor_time_s,sample_age_s,true_distance_m,raw_distance_m,filtered_distance_m,expected_state,state,command,valid,event_label,invalid_reason,noise_sigma_m,delay_ms
C2_n0.03_d000_r05,C2,202637,0.0,0.0,0.0,0.6,0.5258982338778042,0.5258982338778042,FAR,FAR,0.0,1,,,0.03,0
C2_n0.03_d000_r05,C2,202637,0.02,0.02,0.0,0.6,0.6125806567045281,0.5475688395844852,FAR,FAR,0.0,1,,,0.03,0
C2_n0.03_d000_r05,C2,202637,0.04,0.04,0.0,0.6,0.6032307820196902,0.5614843251932865,FAR,FAR,0.0,1,,,0.03,0
C2_n0.03_d000_r05,C2,202637,0.06,0.06,0.0,0.6,0.5908148395669918,0.5688169537867128,FAR,FAR,0.0,1,,,0.03,0
C2_n0.03_d000_r05,C2,202637,0.08,0.08,0.0,0.6,0.5559374542611585,0.5655970789053243,FAR,FAR,0.0,1,,,0.03,0
C2_n0.03_d000_r05,C2,202637,0.1,0.1,0.0,0.6,0.5937623546426696,0.5726383978396605,FAR,FAR,0.0,1,,,0.03,0
C2_n0.03_d000_r05,C2,202637,0.12,0.12,0.0,0.6,0.5704612698297665,0.5720941158371871,FAR,FAR,0.0,1,,,0.03,0
C2_n0.03_d000_r05,C2,202637,0.14,0.14,0.0,0.6,0.5932800708221656,0.5773906045834317,FAR,FAR,0.0,1,,,0.03,0
C2_n0.03_d000_r05,C2,202637,0.16,0.16,0.0,0.6,0.5616756308838156,0.5734618611585277,FAR,FAR,0.0,1,,,0.03,0
C2_n0.03_d000_r05,C2,202637,0.18,0.18,0.0,0.6,0.6311541007437658,0.5878849210548373,FAR,FAR,0.0,1,,,0.03,0
C2_n0.03_d000_r05,C2,202637,0.2,0.2,0.0,0.6,0.6201238722083662,0.5959446588432196,FAR,FAR,0.0,1,,,0.03,0
C2_n0.03_d000_r05,C2,202637,0.22,0.22,0.0,0.6,0.5796278124491298,0.5918654472446971,FAR,FAR,0.0,1,,,0.03,0
C2_n0.03_d000_r05,C2,202637,0.24,0.24,0.0,0.6,0.5635010654049007,0.584774351784748,FAR,FAR,0.0,1,,,0.03,0
C2_n0.03_d000_r05,C2,202637,0.26,0.26,0.0,0.6,0.6091352353038839,0.5908645726645321,FAR,FAR,0.0,1,,,0.03,0
C2_n0.03_d000_r05,C2,202637,0.28,0.28,0.0,0.6,0.5554776446772395,0.5820178406677089,FAR,FAR,0.0,1,,,0.03,0
C2_n0.03_d000_r05,C2,202637,0.3,0.3,0.0,0.6,0.539615371990396,0.5714172234983808,FAR,FAR,0.0,1,,,0.03,0
C2_n0.03_d000_r05,C2,202637,0.32,0.32,0.0,0.6,0.5714013630351085,0.5714132583825626,FAR,FAR,0.0,1,,,0.03,0
C2_n0.03_d000_r05,C2,202637,0.34,0.34,0.0,0.6,0.5632085548252269,0.5693620824932287,FAR,FAR,0.0,1,,,0.03,0
C2_n0.03_d000_r05,C2,202637,0.36,0.36,0.0,0.6,0.5820242219667066,0.5725276173615982,FAR,FAR,0.0,1,,,0.03,0
C2_n0.03_d000_r05,C2,202637,0.38,0.38,0.0,0.6,0.6460181798864709,0.5909002579928163,FAR,FAR,0.0,1,,,0.03,0
C2_n0.03_d000_r05,C2,202637,0.4,0.4,0.0,0.6,0.6259703251416362,0.5996677747800212,FAR,FAR,0.0,1,,,0.03,0
C2_n0.03_d000_r05,C2,202637,0.42,0.42,0.0,0.6,0.5707477995992929,0.5924377809848391,FAR,FAR,0.0,1,,,0.03,0
C2_n0.03_d000_r05,C2,202637,0.44,0.44,0.0,0.6,0.63653902717466,0.6034630925322944,FAR,FAR,0.0,1,,,0.03,0
C2_n0.03_d000_r05,C2,202637,0.46,0.46,0.0,0.6,0.6000573639370423,0.6026116603834814,FAR,FAR,0.0,1,,,0.03,0
C2_n0.03_d000_r05,C2,202637,0.48,0.48,0.0,0.6,0.6448830645249181,0.6131795114188405,FAR,FAR,0.0,1,,,0.03,0
C2_n0.03_d000_r05,C2,202637,0.5,0.5,0.0,0.6,0.6172173446168209,0.6141889697183356,FAR,FAR,0.0,1,,,0.03,0
C2_n0.03_d000_r05,C2,202637,0.52,0.52,0.0,0.6,0.5776707316607074,0.6050594102039285,FAR,FAR,0.0,1,,,0.03,0
C2_n0.03_d000_r05,C2,202637,0.54,0.54,0.0,0.6,0.6391411987378581,0.6135798573374109,FAR,FAR,0.0,1,,,0.03,0
C2_n0.03_d000_r05,C2,202637,0.56,0.56,0.0,0.6,0.5707645551699919,0.6028760317955562,FAR,FAR,0.0,1,,,0.03,0
C2_n0.03_d000_r05,C2,202637,0.58,0.58,0.0,0.6,0.6463390544427051,0.6137417874573434,FAR,FAR,0.0,1,,,0.03,0
C2_n0.03_d000_r05,C2,202637,0.6,0.6,0.0,0.6,0.6381083630702045,0.6198334313605587,FAR,FAR,0.0,1,,,0.03,0
C2_n0.03_d000_r05,C2,202637,0.62,0.62,0.0,0.6,0.5834161847913173,0.6107291197182483,FAR,FAR,0.0,1,,,0.03,0
C2_n0.03_d000_r05,C2,202637,0.64,0.64,0.0,0.6,0.5808217456781751,0.60325227620823,FAR,FAR,0.0,1,,,0.03,0
C2_n0.03_d000_r05,C2,202637,0.66,0.66,0.0,0.6,0.6165025041836267,0.6065648332020792,FAR,FAR,0.0,1,,,0.03,0
C2_n0.03_d000_r05,C2,202637,0.68,0.68,0.0,0.6,0.5772568662835313,0.5992378414724422,FAR,FAR,0.0,1,,,0.03,0
C2_n0.03_d000_r05,C2,202637,0.7,0.7,0.0,0.6,0.6097212399474881,0.6018586910912036,FAR,FAR,0.0,1,,,0.03,0
C2_n0.03_d000_r05,C2,202637,0.72,0.72,0.0,0.6,0.5667397946956673,0.5930789669923195,FAR,FAR,0.0,1,,,0.03,0
C2_n0.03_d000_r05,C2,202637,0.74,0.74,0.0,0.6,0.5901077133549861,0.5923361535829862,FAR,FAR,0.0,1,,,0.03,0
C2_n0.03_d000_r05,C2,202637,0.76,0.76,0.0,0.6,0.6243366403608767,0.6003362752774588,FAR,FAR,0.0,1,,,0.03,0
C2_n0.03_d000_r05,C2,202637,0.78,0.78,0.0,0.6,0.6452409842885788,0.6115624525302388,FAR,FAR,0.0,1,,,0.03,0
C2_n0.03_d000_r05,C2,202637,0.8,0.8,0.0,0.6,0.6173624455434489,0.6130124507835413,FAR,FAR,0.0,1,,,0.03,0
C2_n0.03_d000_r05,C2,202637,0.82,0.82,0.0,0.6,0.6062409836126192,0.6113195839908108,FAR,FAR,0.0,1,,,0.03,0
C2_n0.03_d000_r05,C2,202637,0.84,0.84,0.0,0.6,0.5948538949196907,0.6072031617230307,FAR,FAR,0.0,1,,,0.03,0
C2_n0.03_d000_r05,C2,202637,0.86,0.86,0.0,0.6,0.6298388560264143,0.6128620852988766,FAR,FAR,0.0,1,,,0.03,0
C2_n0.03_d000_r05,C2,202637,0.88,0.88,0.0,0.6,0.6474060618724301,0.621498079442265,FAR,FAR,0.0,1,,,0.03,0
C2_n0.03_d000_r05,C2,202637,0.9,0.9,0.0,0.6,0.6047094055701788,0.6173009109742434,FAR,FAR,0.0,1,,,0.03,0
C2_n0.03_d000_r05,C2,202637,0.92,0.92,0.0,0.6,0.5636142703998135,0.603879250830636,FAR,FAR,0.0,1,,,0.03,0
C2_n0.03_d000_r05,C2,202637,0.94,0.94,0.0,0.6,0.6392820709714953,0.6127299558658508,FAR,FAR,0.0,1,,,0.03,0
C2_n0.03_d000_r05,C2,202637,0.96,0.96,0.0,0.6,0.5372533879710559,0.5938608138921521,FAR,FAR,0.0,1,,,0.03,0
C2_n0.03_d000_r05,C2,202637,0.98,0.98,0.0,0.6,0.6333026873149562,0.603721282247853,FAR,FAR,0.0,1,,,0.03,0
C2_n0.03_d000_r05,C2,202637,1.0,1.0,0.0,0.6,0.6010642766655506,0.6030570308522775,FAR,FAR,0.0,1,,,0.03,0
C2_n0.03_d000_r05,C2,202637,1.02,1.02,0.0,0.6,0.5844353638249569,0.5984016140954473,FAR,FAR,0.0,1,,,0.03,0
C2_n0.03_d000_r05,C2,202637,1.04,1.04,0.0,0.6,0.5982801841564506,0.5983712566106981,FAR,FAR,0.0,1,,,0.03,0
C2_n0.03_d000_r05,C2,202637,1.06,1.06,0.0,0.6,0.6486803939836273,0.6109485409539304,FAR,FAR,0.0,1,,,0.03,0
C2_n0.03_d000_r05,C2,202637,1.08,1.08,0.0,0.6,0.604665918462178,0.6093778853309922,FAR,FAR,0.0,1,,,0.03,0
C2_n0.03_d000_r05,C2,202637,1.1,1.1,0.0,0.6,0.6273279243123743,0.6138653950763377,FAR,FAR,0.0,1,,,0.03,0
C2_n0.03_d000_r05,C2,202637,1.12,1.12,0.0,0.6,0.6079144203626256,0.6123776513979097,FAR,FAR,0.0,1,,,0.03,0
C2_n0.03_d000_r05,C2,202637,1.14,1.14,0.0,0.6,0.5835571309777279,0.6051725212928643,FAR,FAR,0.0,1,,,0.03,0
C2_n0.03_d000_r05,C2,202637,1.16,1.16,0.0,0.6,0.6517734347094281,0.6168227496470052,FAR,FAR,0.0,1,,,0.03,0
C2_n0.03_d000_r05,C2,202637,1.18,1.18,0.0,0.6,0.5770190609942093,0.6068718274838062,FAR,FAR,0.0,1,,,0.03,0
C2_n0.03_d000_r05,C2,202637,1.2,1.2,0.0,0.6,0.5987997064135657,0.604853797216246,FAR,FAR,0.0,1,,,0.03,0
C2_n0.03_d000_r05,C2,202637,1.22,1.22,0.0,0.6,0.6019329884187188,0.6041235950168642,FAR,FAR,0.0,1,,,0.03,0
C2_n0.03_d000_r05,C2,202637,1.24,1.24,0.0,0.6,0.5627466616038483,0.5937793616636102,FAR,FAR,0.0,1,,,0.03,0
C2_n0.03_d000_r05,C2,202637,1.26,1.26,0.0,0.6,0.5768725551359667,0.5895526600316994,FAR,FAR,0.0,1,,,0.03,0
C2_n0.03_d000_r05,C2,202637,1.28,1.28,0.0,0.6,0.540420533506869,0.5772696284004918,FAR,FAR,0.0,1,,,0.03,0
C2_n0.03_d000_r05,C2,202637,1.3,1.3,0.0,0.6,0.6051477825935223,0.5842391669487494,FAR,FAR,0.0,1,,,0.03,0
C2_n0.03_d000_r05,C2,202637,1.32,1.32,0.0,0.6,0.6599308311499218,0.6031620829990425,FAR,FAR,0.0,1,,,0.03,0
C2_n0.03_d000_r05,C2,202637,1.34,1.34,0.0,0.6,0.6001631224008133,0.6024123428494852,FAR,FAR,0.0,1,,,0.03,0
C2_n0.03_d000_r05,C2,202637,1.36,1.36,0.0,0.6,0.6124190617762083,0.604914022581166,FAR,FAR,0.0,1,,,0.03,0
C2_n0.03_d000_r05,C2,202637,1.38,1.38,0.0,0.6,0.6283496880309499,0.610772938943612,FAR,FAR,0.0,1,,,0.03,0
C2_n0.03_d000_r05,C2,202637,1.4,1.4,0.0,0.6,0.6484205590982096,0.6201848439822614,FAR,FAR,0.0,1,,,0.03,0
C2_n0.03_d000_r05,C2,202637,1.42,1.42,0.0,0.6,0.6113509225202124,0.6179763636167491,FAR,FAR,0.0,1,,,0.03,0
C2_n0.03_d000_r05,C2,202637,1.44,1.44,0.0,0.6,0.597723051051058,0.6129130354753263,FAR,FAR,0.0,1,,,0.03,0
C2_n0.03_d000_r05,C2,202637,1.46,1.46,0.0,0.6,0.6104083083462228,0.6122868536930504,FAR,FAR,0.0,1,,,0.03,0
C2_n0.03_d000_r05,C2,202637,1.48,1.48,0.0,0.6,0.6496320684808424,0.6216231573899984,FAR,FAR,0.0,1,,,0.03,0
C2_n0.03_d000_r05,C2,202637,1.5,1.5,0.0,0.6,0.6072752000166305,0.6180361680466564,FAR,FAR,0.0,1,,,0.03,0
C2_n0.03_d000_r05,C2,202637,1.52,1.52,0.0,0.6,0.5743877121990503,0.6071240540847549,FAR,FAR,0.0,1,,,0.03,0
C2_n0.03_d000_r05,C2,202637,1.54,1.54,0.0,0.6,0.6222706845695767,0.6109107117059603,FAR,FAR,0.0,1,,,0.03,0
C2_n0.03_d000_r05,C2,202637,1.56,1.56,0.0,0.6,0.5934625624166631,0.606548674383636,FAR,FAR,0.0,1,,,0.03,0
C2_n0.03_d000_r05,C2,202637,1.58,1.58,0.0,0.6,0.6062023447501391,0.6064620919752618,FAR,FAR,0.0,1,,,0.03,0
C2_n0.03_d000_r05,C2,202637,1.6,1.6,0.0,0.6,0.611455343976346,0.6077104049755329,FAR,FAR,0.0,1,,,0.03,0
C2_n0.03_d000_r05,C2,202637,1.62,1.62,0.0,0.6,0.6267052495544696,0.612459116120267,FAR,FAR,0.0,1,,,0.03,0
C2_n0.03_d000_r05,C2,202637,1.64,1.64,0.0,0.6,0.6608045914192672,0.624545484945017,FAR,FAR,0.0,1,,,0.03,0
C2_n0.03_d000_r05,C2,202637,1.66,1.66,0.0,0.6,0.5719842760704165,0.6114051827263669,FAR,FAR,0.0,1,,,0.03,0
C2_n0.03_d000_r05,C2,202637,1.68,1.68,0.0,0.6,0.6152484833745171,0.6123660078884045,FAR,FAR,0.0,1,,,0.03,0
C2_n0.03_d000_r05,C2,202637,1.7,1.7,0.0,0.6,0.5938228464028236,0.6077302175170093,FAR,FAR,0.0,1,,,0.03,0
C2_n0.03_d000_r05,C2,202637,1.72,1.72,0.0,0.6,0.5749185137161837,0.5995272915668028,FAR,FAR,0.0,1,,,0.03,0
C2_n0.03_d000_r05,C2,202637,1.74,1.74,0.0,0.6,0.592025273902557,0.5976517871507414,FAR,FAR,0.0,1,,,0.03,0
C2_n0.03_d000_r05,C2,202637,1.76,1.76,0.0,0.6,0.5854507666731253,0.5946015320313374,FAR,FAR,0.0,1,,,0.03,0
C2_n0.03_d000_r05,C2,202637,1.78,1.78,0.0,0.6,0.5831686519849912,0.5917433120197508,FAR,FAR,0.0,1,,,0.03,0
C2_n0.03_d000_r05,C2,202637,1.8,1.8,0.0,0.6,0.6131221495562237,0.5970880214038691,FAR,FAR,0.0,1,,,0.03,0
C2_n0.03_d000_r05,C2,202637,1.82,1.82,0.0,0.6,0.6231208994258004,0.6035962409093518,FAR,FAR,0.0,1,,,0.03,0
C2_n0.03_d000_r05,C2,202637,1.84,1.84,0.0,0.6,0.6070916086939872,0.6044700828555106,FAR,FAR,0.0,1,,,0.03,0
C2_n0.03_d000_r05,C2,202637,1.86,1.86,0.0,0.6,0.6161241748091802,0.607383605843928,FAR,FAR,0.0,1,,,0.03,0
C2_n0.03_d000_r05,C2,202637,1.88,1.88,0.0,0.6,0.5887523284385302,0.6027257864925786,FAR,FAR,0.0,1,,,0.03,0
C2_n0.03_d000_r05,C2,202637,1.9,1.9,0.0,0.6,0.572780400347696,0.5952394399563579,FAR,FAR,0.0,1,,,0.03,0
C2_n0.03_d000_r05,C2,202637,1.92,1.92,0.0,0.6,0.6331807768288567,0.6047247741744826,FAR,FAR,0.0,1,,,0.03,0
C2_n0.03_d000_r05,C2,202637,1.94,1.94,0.0,0.6,0.5713595556904355,0.5963834695534708,FAR,FAR,0.0,1,,,0.03,0
C2_n0.03_d000_r05,C2,202637,1.96,1.96,0.0,0.6,0.6033354736571295,0.5981214705793855,FAR,FAR,0.0,1,,,0.03,0
C2_n0.03_d000_r05,C2,202637,1.98,1.98,0.0,0.6,0.5765211808176309,0.5927213981389468,FAR,FAR,0.0,1,,,0.03,0
C2_n0.03_d000_r05,C2,202637,2.0,2.0,0.0,0.6,0.6172603310331665,0.5988561313625017,FAR,FAR,0.0,1,,,0.03,0
C2_n0.03_d000_r05,C2,202637,2.02,2.02,0.0,0.6,0.5958579913340382,0.5981065963553858,FAR,FAR,0.0,1,,,0.03,0
C2_n0.03_d000_r05,C2,202637,2.04,2.04,0.0,0.6,0.6340988480801534,0.6071046592865776,FAR,FAR,0.0,1,,,0.03,0
C2_n0.03_d000_r05,C2,202637,2.06,2.06,0.0,0.6,0.6089499221402128,0.6075659749999864,FAR,FAR,0.0,1,,,0.03,0
C2_n0.03_d000_r05,C2,202637,2.08,2.08,0.0,0.6,0.5566067506653234,0.5948261689163207,FAR,FAR,0.0,1,,,0.03,0
C2_n0.03_d000_r05,C2,202637,2.1,2.1,0.0,0.6,0.6331465114608211,0.6044062545524458,FAR,FAR,0.0,1,,,0.03,0
C2_n0.03_d000_r05,C2,202637,2.12,2.12,0.0,0.6,0.6119362135560403,0.6062887443033445,FAR,FAR,0.0,1,,,0.03,0
C2_n0.03_d000_r05,C2,202637,2.14,2.14,0.0,0.6,0.6043504230383314,0.6058041639870912,FAR,FAR,0.0,1,,,0.03,0
C2_n0.03_d000_r05,C2,202637,2.16,2.16,0.0,0.6,0.5946761184555674,0.6030221526042103,FAR,FAR,0.0,1,,,0.03,0
C2_n0.03_d000_r05,C2,202637,2.18,2.18,0.0,0.6,0.6525651643269511,0.6154079055348955,FAR,FAR,0.0,1,,,0.03,0
C2_n0.03_d000_r05,C2,202637,2.2,2.2,0.0,0.6,0.6147573805111279,0.6152452742789536,FAR,FAR,0.0,1,,,0.03,0
C2_n0.03_d000_r05,C2,202637,2.22,2.22,0.0,0.6,0.5789652225554733,0.6061752613480835,FAR,FAR,0.0,1,,,0.03,0
C2_n0.03_d000_r05,C2,202637,2.24,2.24,0.0,0.6,0.599368570112549,0.6044735885391999,FAR,FAR,0.0,1,,,0.03,0
C2_n0.03_d000_r05,C2,202637,2.26,2.26,0.0,0.6,0.6056906700245146,0.6047778589105286,FAR,FAR,0.0,1,,,0.03,0
C2_n0.03_d000_r05,C2,202637,2.28,2.28,0.0,0.6,0.6210612857082521,0.6088487156099595,FAR,FAR,0.0,1,,,0.03,0
C2_n0.03_d000_r05,C2,202637,2.3,2.3,0.0,0.6,0.583927371333419,0.6026183795408244,FAR,FAR,0.0,1,,,0.03,0
C2_n0.03_d000_r05,C2,202637,2.32,2.32,0.0,0.6,0.6413295437750927,0.6122961705993915,FAR,FAR,0.0,1,,,0.03,0
C2_n0.03_d000_r05,C2,202637,2.34,2.34,0.0,0.6,0.5344110855064347,0.5928248993261522,FAR,FAR,0.0,1,,,0.03,0
C2_n0.03_d000_r05,C2,202637,2.36,2.36,0.0,0.6,0.5746106825984008,0.5882713451442143,FAR,FAR,0.0,1,,,0.03,0
C2_n0.03_d000_r05,C2,202637,2.38,2.38,0.0,0.6,0.6003312823224679,0.5912863294387777,FAR,FAR,0.0,1,,,0.03,0
C2_n0.03_d000_r05,C2,202637,2.4,2.4,0.0,0.6,0.6177923522581782,0.5979128351436278,FAR,FAR,0.0,1,,,0.03,0
C2_n0.03_d000_r05,C2,202637,2.42,2.42,0.0,0.6,0.6052562722157104,0.5997486944116485,FAR,FAR,0.0,1,,,0.03,0
C2_n0.03_d000_r05,C2,202637,2.44,2.44,0.0,0.6,0.56459275478946,0.5909597095061013,FAR,FAR,0.0,1,,,0.03,0
C2_n0.03_d000_r05,C2,202637,2.46,2.46,0.0,0.6,0.5738231758076877,0.5866755760814979,FAR,FAR,0.0,1,,,0.03,0
C2_n0.03_d000_r05,C2,202637,2.48,2.48,0.0,0.6,0.6407532270753058,0.6001949888299498,FAR,FAR,0.0,1,,,0.03,0
C2_n0.03_d000_r05,C2,202637,2.5,2.5,0.0,0.6,0.6137758236749863,0.6035901975412089,FAR,FAR,0.0,1,,,0.03,0
C2_n0.03_d000_r05,C2,202637,2.52,2.52,0.0,0.6,0.6005678431446064,0.6028346089420583,FAR,FAR,0.0,1,,,0.03,0
C2_n0.03_d000_r05,C2,202637,2.54,2.54,0.0,0.6,0.6359191255903154,0.6111057381041226,FAR,FAR,0.0,1,,,0.03,0
C2_n0.03_d000_r05,C2,202637,2.56,2.56,0.0,0.6,0.5947089760820824,0.6070065475986126,FAR,FAR,0.0,1,,,0.03,0
C2_n0.03_d000_r05,C2,202637,2.58,2.58,0.0,0.6,0.6738981198501098,0.623729440661487,FAR,FAR,0.0,1,,,0.03,0
C2_n0.03_d000_r05,C2,202637,2.6,2.6,0.0,0.6,0.604673832222686,0.6189655385517867,FAR,FAR,0.0,1,,,0.03,0
C2_n0.03_d000_r05,C2,202637,2.62,2.62,0.0,0.6,0.6159697020403245,0.6182165794239212,FAR,FAR,0.0,1,,,0.03,0
C2_n0.03_d000_r05,C2,202637,2.64,2.64,0.0,0.6,0.5945029717426993,0.6122881775036157,FAR,FAR,0.0,1,,,0.03,0
C2_n0.03_d000_r05,C2,202637,2.66,2.66,0.0,0.6,0.622355959143182,0.6148051229135073,FAR,FAR,0.0,1,,,0.03,0
C2_n0.03_d000_r05,C2,202637,2.68,2.68,0.0,0.6,0.5816946332396274,0.6065275004950373,FAR,FAR,0.0,1,,,0.03,0
C2_n0.03_d000_r05,C2,202637,2.7,2.7,0.0,0.6,0.5297573083027374,0.5873349524469624,FAR,FAR,0.0,1,,,0.03,0
C2_n0.03_d000_r05,C2,202637,2.72,2.72,0.0,0.6,0.6031209261037371,0.5912814458611562,FAR,FAR,0.0,1,,,0.03,0
C2_n0.03_d000_r05,C2,202637,2.74,2.74,0.0,0.6,0.5943963767441828,0.5920601785819128,FAR,FAR,0.0,1,,,0.03,0
C2_n0.03_d000_r05,C2,202637,2.76,2.76,0.0,0.6,0.6309392692807809,0.6017799512566299,FAR,FAR,0.0,1,,,0.03,0
C2_n0.03_d000_r05,C2,202637,2.78,2.78,0.0,0.6,0.5788373424419235,0.5960442990529533,FAR,FAR,0.0,1,,,0.03,0
C2_n0.03_d000_r05,C2,202637,2.8,2.8,0.0,0.6,0.5979206974413048,0.5965133986500412,FAR,FAR,0.0,1,,,0.03,0
C2_n0.03_d000_r05,C2,202637,2.82,2.82,0.0,0.6,0.6332438377435581,0.6056960084234204,FAR,FAR,0.0,1,,,0.03,0
C2_n0.03_d000_r05,C2,202637,2.84,2.84,0.0,0.6,0.605892137297228,0.6057450406418723,FAR,FAR,0.0,1,,,0.03,0
C2_n0.03_d000_r05,C2,202637,2.86,2.86,0.0,0.6,0.5738421693226949,0.597769322812078,FAR,FAR,0.0,1,,,0.03,0
C2_n0.03_d000_r05,C2,202637,2.88,2.88,0.0,0.6,0.5977178078202979,0.597756444064133,FAR,FAR,0.0,1,,,0.03,0
C2_n0.03_d000_r05,C2,202637,2.9,2.9,0.0,0.6,0.5896578520064056,0.5957317960497012,FAR,FAR,0.0,1,,,0.03,0
C2_n0.03_d000_r05,C2,202637,2.92,2.92,0.0,0.6,0.5283939790132132,0.5788973417905792,FAR,FAR,0.0,1,,,0.03,0
C2_n0.03_d000_r05,C2,202637,2.94,2.94,0.0,0.6,0.5720279799481746,0.577180001329978,FAR,FAR,0.0,1,,,0.03,0
C2_n0.03_d000_r05,C2,202637,2.96,2.96,0.0,0.6,0.5535196655784007,0.5712649173920836,FAR,FAR,0.0,1,,,0.03,0
C2_n0.03_d000_r05,C2,202637,2.98,2.98,0.0,0.6,0.6108261125081671,0.5811552161711044,FAR,FAR,0.0,1,,,0.03,0
C2_n0.03_d000_r05,C2,202637,3.0,3.0,0.0,0.6,0.5948895252503258,0.5845887934409097,FAR,FAR,0.0,1,,,0.03,0
C2_n0.03_d000_r05,C2,202637,3.02,3.02,0.0,0.6,0.5962520447041663,0.5875046062567238,FAR,FAR,0.0,1,,,0.03,0
C2_n0.03_d000_r05,C2,202637,3.04,3.04,0.0,0.6,0.6168127723685165,0.594831647784672,FAR,FAR,0.0,1,,,0.03,0
C2_n0.03_d000_r05,C2,202637,3.06,3.06,0.0,0.6,0.6098431296301932,0.5985845182460523,FAR,FAR,0.0,1,,,0.03,0
C2_n0.03_d000_r05,C2,202637,3.08,3.08,0.0,0.6,0.5476828277966119,0.5858590956336922,FAR,FAR,0.0,1,,,0.03,0
C2_n0.03_d000_r05,C2,202637,3.1,3.1,0.0,0.6,0.6136170605615886,0.5927985868656663,FAR,FAR,0.0,1,,,0.03,0
C2_n0.03_d000_r05,C2,202637,3.12,3.12,0.0,0.6,0.5980691905700746,0.5941162377917684,FAR,FAR,0.0,1,,,0.03,0
C2_n0.03_d000_r05,C2,202637,3.14,3.14,0.0,0.6,0.5354204753386946,0.5794422971784999,FAR,FAR,0.0,1,,,0.03,0
C2_n0.03_d000_r05,C2,202637,3.16,3.16,0.0,0.6,0.6099682758864818,0.5870737918554955,FAR,FAR,0.0,1,,,0.03,0
C2_n0.03_d000_r05,C2,202637,3.18,3.18,0.0,0.6,0.6104027006416883,0.5929060190520437,FAR,FAR,0.0,1,,,0.03,0
C2_n0.03_d000_r05,C2,202637,3.2,3.2,0.0,0.6,0.5964572776302386,0.5937938336965924,FAR,FAR,0.0,1,,,0.03,0
C2_n0.03_d000_r05,C2,202637,3.22,3.22,0.0,0.6,0.6106435934830204,0.5980062736431995,FAR,FAR,0.0,1,,,0.03,0
C2_n0.03_d000_r05,C2,202637,3.24,3.24,0.0,0.6,0.6255033230228032,0.6048805359881004,FAR,FAR,0.0,1,,,0.03,0
C2_n0.03_d000_r05,C2,202637,3.26,3.26,0.0,0.6,0.6601457787893981,0.6186968466884248,FAR,FAR,0.0,1,,,0.03,0
C2_n0.03_d000_r05,C2,202637,3.28,3.28,0.0,0.6,0.6089536933059083,0.6162610583427957,FAR,FAR,0.0,1,,,0.03,0
C2_n0.03_d000_r05,C2,202637,3.3,3.3,0.0,0.6,0.5793200750190397,0.6070258125118566,FAR,FAR,0.0,1,,,0.03,0
C2_n0.03_d000_r05,C2,202637,3.32,3.32,0.0,0.6,0.6165907639487314,0.6094170503710753,FAR,FAR,0.0,1,,,0.03,0
C2_n0.03_d000_r05,C2,202637,3.34,3.34,0.0,0.6,0.5712980987401828,0.5998873124633521,FAR,FAR,0.0,1,,,0.03,0
C2_n0.03_d000_r05,C2,202637,3.36,3.36,0.0,0.6,0.5655730873733082,0.5913087561908412,FAR,FAR,0.0,1,,,0.03,0
C2_n0.03_d000_r05,C2,202637,3.38,3.38,0.0,0.6,0.6085670356378109,0.5956233260525836,FAR,FAR,0.0,1,,,0.03,0
C2_n0.03_d000_r05,C2,202637,3.4,3.4,0.0,0.6,0.6229426844162513,0.6024531656435006,FAR,FAR,0.0,1,,,0.03,0
C2_n0.03_d000_r05,C2,202637,3.42,3.42,0.0,0.6,0.6116684518060098,0.6047569871841278,FAR,FAR,0.0,1,,,0.03,0
C2_n0.03_d000_r05,C2,202637,3.44,3.44,0.0,0.6,0.6027565917193355,0.6042568883179298,FAR,FAR,0.0,1,,,0.03,0
C2_n0.03_d000_r05,C2,202637,3.46,3.46,0.0,0.6,0.5792619973585837,0.5980081655780933,FAR,FAR,0.0,1,,,0.03,0
C2_n0.03_d000_r05,C2,202637,3.48,3.48,0.0,0.6,0.6119027281431613,0.6014818062193603,FAR,FAR,0.0,1,,,0.03,0
C2_n0.03_d000_r05,C2,202637,3.5,3.5,0.0,0.6,0.6026944207893589,0.60178495986186,FAR,FAR,0.0,1,,,0.03,0
C2_n0.03_d000_r05,C2,202637,3.52,3.52,0.0,0.6,0.5858229138567332,0.5977944483605783,FAR,FAR,0.0,1,,,0.03,0
C2_n0.03_d000_r05,C2,202637,3.54,3.54,0.0,0.6,0.5852171563623858,0.5946501253610301,FAR,FAR,0.0,1,,,0.03,0
C2_n0.03_d000_r05,C2,202637,3.56,3.56,0.0,0.6,0.6054369606979921,0.5973468341952706,FAR,FAR,0.0,1,,,0.03,0
C2_n0.03_d000_r05,C2,202637,3.58,3.58,0.0,0.6,0.6062429265281053,0.5995708572784793,FAR,FAR,0.0,1,,,0.03,0
C2_n0.03_d000_r05,C2,202637,3.6,3.6,0.0,0.6,0.6037743388715671,0.6006217276767511,FAR,FAR,0.0,1,,,0.03,0
C2_n0.03_d000_r05,C2,202637,3.62,3.62,0.0,0.6,0.6014033093658151,0.6008171230990171,FAR,FAR,0.0,1,,,0.03,0
C2_n0.03_d000_r05,C2,202637,3.64,3.64,0.0,0.6,0.5801192888740989,0.5956426645427876,FAR,FAR,0.0,1,,,0.03,0
C2_n0.03_d000_r05,C2,202637,3.66,3.66,0.0,0.6,0.5580589417390139,0.5862467338418441,FAR,FAR,0.0,1,,,0.03,0
C2_n0.03_d000_r05,C2,202637,3.68,3.68,0.0,0.6,0.6866391797497339,0.6113448453188165,FAR,FAR,0.0,1,,,0.03,0
C2_n0.03_d000_r05,C2,202637,3.7,3.7,0.0,0.6,0.5568908687777807,0.5977313511835576,FAR,FAR,0.0,1,,,0.03,0
C2_n0.03_d000_r05,C2,202637,3.72,3.72,0.0,0.6,0.5957129050777513,0.597226739657106,FAR,FAR,0.0,1,,,0.03,0
C2_n0.03_d000_r05,C2,202637,3.74,3.74,0.0,0.6,0.5935756292136418,0.59631396204624,FAR,FAR,0.0,1,,,0.03,0
C2_n0.03_d000_r05,C2,202637,3.76,3.76,0.0,0.6,0.5847645456688175,0.5934266079518844,FAR,FAR,0.0,1,,,0.03,0
C2_n0.03_d000_r05,C2,202637,3.78,3.78,0.0,0.6,0.6080912869318029,0.597092777696864,FAR,FAR,0.0,1,,,0.03,0
C2_n0.03_d000_r05,C2,202637,3.8,3.8,0.0,0.6,0.588100472312245,0.5948447013507092,FAR,FAR,0.0,1,,,0.03,0
C2_n0.03_d000_r05,C2,202637,3.82,3.82,0.0,0.6,0.6418941737484783,0.6066070694501515,FAR,FAR,0.0,1,,,0.03,0
C2_n0.03_d000_r05,C2,202637,3.84,3.84,0.0,0.6,0.556515051748862,0.5940840650248291,FAR,FAR,0.0,1,,,0.03,0
C2_n0.03_d000_r05,C2,202637,3.86,3.86,0.0,0.6,0.6366777986861185,0.6047324984401514,FAR,FAR,0.0,1,,,0.03,0
C2_n0.03_d000_r05,C2,202637,3.88,3.88,0.0,0.6,0.605902604887969,0.6050250250521059,FAR,FAR,0.0,1,,,0.03,0
C2_n0.03_d000_r05,C2,202637,3.9,3.9,0.0,0.6,0.6090345781379422,0.6060274133235649,FAR,FAR,0.0,1,,,0.03,0
C2_n0.03_d000_r05,C2,202637,3.92,3.92,0.0,0.6,0.6260431132728673,0.6110313383108905,FAR,FAR,0.0,1,,,0.03,0
C2_n0.03_d000_r05,C2,202637,3.94,3.94,0.0,0.6,0.6200834745532628,0.6132943723714837,FAR,FAR,0.0,1,,,0.03,0
C2_n0.03_d000_r05,C2,202637,3.96,3.96,0.0,0.6,0.5494010212407517,0.5973210345888007,FAR,FAR,0.0,1,,,0.03,0
C2_n0.03_d000_r05,C2,202637,3.98,3.98,0.0,0.6,0.5501946856792836,0.5855394473614215,FAR,FAR,0.0,1,,,0.03,0
C2_n0.03_d000_r05,C2,202637,4.0,4.0,0.0,0.6,0.6262053157125327,0.5957059144491993,FAR,FAR,0.0,1,,,0.03,0
C2_n0.03_d000_r05,C2,202637,4.02,4.02,0.0,0.5982500000000001,0.5878470126458543,0.593741188998363,FAR,FAR,0.0,1,,,0.03,0
C2_n0.03_d000_r05,C2,202637,4.04,4.04,0.0,0.5965,0.5772262524525184,0.5896124548619018,FAR,FAR,0.0,1,,,0.03,0
C2_n0.03_d000_r05,C2,202637,4.06,4.06,0.0,0.59475,0.5838273007947532,0.5881661663451148,FAR,FAR,0.0,1,,,0.03,0
C2_n0.03_d000_r05,C2,202637,4.08,4.08,0.0,0.593,0.6352779774577626,0.5999441191232767,FAR,FAR,0.0,1,,,0.03,0
C2_n0.03_d000_r05,C2,202637,4.1,4.1,0.0,0.59125,0.5716844074546302,0.5928791912061151,FAR,FAR,0.0,1,,,0.03,0
C2_n0.03_d000_r05,C2,202637,4.12,4.12,0.0,0.5894999999999999,0.5886319620618177,0.5918173839200407,FAR,FAR,0.0,1,,,0.03,0
C2_n0.03_d000_r05,C2,202637,4.14,4.14,0.0,0.58775,0.5894915909302977,0.5912359356726049,FAR,FAR,0.0,1,,,0.03,0
C2_n0.03_d000_r05,C2,202637,4.16,4.16,0.0,0.586,0.6480135960889642,0.6054303507766947,FAR,FAR,0.0,1,,,0.03,0
C2_n0.03_d000_r05,C2,202637,4.18,4.18,0.0,0.58425,0.5880192187797116,0.6010775677774489,FAR,FAR,0.0,1,,,0.03,0
C2_n0.03_d000_r05,C2,202637,4.2,4.2,0.0,0.5825,0.5576222908929986,0.5902137485563363,FAR,FAR,0.0,1,,,0.03,0
C2_n0.03_d000_r05,C2,202637,4.22,4.22,0.0,0.58075,0.5657985803514031,0.584109956505103,FAR,FAR,0.0,1,,,0.03,0
C2_n0.03_d000_r05,C2,202637,4.24,4.24,0.0,0.579,0.5735791739630092,0.5814772608695795,FAR,FAR,0.0,1,,,0.03,0
C2_n0.03_d000_r05,C2,202637,4.26,4.26,0.0,0.57725,0.5887673942208763,0.5832997942074037,FAR,FAR,0.0,1,,,0.03,0
C2_n0.03_d000_r05,C2,202637,4.28,4.28,0.0,0.5754999999999999,0.555788221081346,0.5764219009258893,FAR,FAR,0.0,1,,,0.03,0
C2_n0.03_d000_r05,C2,202637,4.3,4.3,0.0,0.57375,0.5759221667822183,0.5762969673899716,FAR,FAR,0.0,1,,,0.03,0
C2_n0.03_d000_r05,C2,202637,4.32,4.32,0.0,0.572,0.5475726774624461,0.5691158949080902,FAR,FAR,0.0,1,,,0.03,0
C2_n0.03_d000_r05,C2,202637,4.34,4.34,0.0,0.57025,0.5433806593015518,0.5626820860064556,FAR,FAR,0.0,1,,,0.03,0
C2_n0.03_d000_r05,C2,202637,4.36,4.36,0.0,0.5685,0.5791305095535125,0.5667941918932199,FAR,FAR,0.0,1,,,0.03,0
C2_n0.03_d000_r05,C2,202637,4.38,4.38,0.0,0.56675,0.5561077331961204,0.5641225772189451,FAR,FAR,0.0,1,,,0.03,0
C2_n0.03_d000_r05,C2,202637,4.4,4.4,0.0,0.565,0.6284349995912469,0.5802006828120205,FAR,FAR,0.0,1,,,0.03,0
C2_n0.03_d000_r05,C2,202637,4.42,4.42,0.0,0.56325,0.589960733950366,0.5826406955966069,FAR,FAR,0.0,1,,,0.03,0
C2_n0.03_d000_r05,C2,202637,4.44,4.44,0.0,0.5614999999999999,0.5936532234465841,0.5853938275591012,FAR,FAR,0.0,1,,,0.03,0
C2_n0.03_d000_r05,C2,202637,4.46,4.46,0.0,0.55975,0.566141115431378,0.5805806495271704,FAR,FAR,0.0,1,,,0.03,0
C2_n0.03_d000_r05,C2,202637,4.48,4.48,0.0,0.5579999999999999,0.5860252474719538,0.5819417990133662,FAR,FAR,0.0,1,,,0.03,0
C2_n0.03_d000_r05,C2,202637,4.5,4.5,0.0,0.55625,0.5892021376795088,0.5837568836799019,FAR,FAR,0.0,1,,,0.03,0
C2_n0.03_d000_r05,C2,202637,4.52,4.52,0.0,0.5545,0.5599659980212881,0.5778091622652484,FAR,FAR,0.0,1,,,0.03,0
C2_n0.03_d000_r05,C2,202637,4.54,4.54,0.0,0.55275,0.5391074916520253,0.5681337446119425,FAR,FAR,0.0,1,,,0.03,0
C2_n0.03_d000_r05,C2,202637,4.56,4.56,0.0,0.551,0.5250529385205758,0.5573635430891009,FAR,FAR,0.0,1,,,0.03,0
C2_n0.03_d000_r05,C2,202637,4.58,4.58,0.0,0.54925,0.5435129753798542,0.5539009011617892,FAR,FAR,0.0,1,,,0.03,0
C2_n0.03_d000_r05,C2,202637,4.6,4.6,0.0,0.5475,0.5939474104574255,0.5639125284856983,FAR,FAR,0.0,1,,,0.03,0
C2_n0.03_d000_r05,C2,202637,4.62,4.62,0.0,0.54575,0.535190209016831,0.5567319486184814,FAR,FAR,0.0,1,,,0.03,0
C2_n0.03_d000_r05,C2,202637,4.64,4.64,0.0,0.544,0.5780146568489314,0.5620526256760939,FAR,FAR,0.0,1,,,0.03,0
C2_n0.03_d000_r05,C2,202637,4.66,4.66,0.0,0.54225,0.5169672297801289,0.5507812767021026,FAR,FAR,0.0,1,,,0.03,0
C2_n0.03_d000_r05,C2,202637,4.68,4.68,0.0,0.5405,0.5422741657097969,0.5486544989540262,FAR,FAR,0.0,1,,,0.03,0
C2_n0.03_d000_r05,C2,202637,4.7,4.7,0.0,0.53875,0.5147813639592594,0.5401862152053345,FAR,FAR,0.0,1,,,0.03,0
C2_n0.03_d000_r05,C2,202637,4.72,4.72,0.0,0.537,0.5358191734515063,0.5390944547668775,FAR,FAR,0.0,1,,,0.03,0
C2_n0.03_d000_r05,C2,202637,4.74,4.74,0.0,0.53525,0.5201913327167116,0.534368674254336,FAR,FAR,0.0,1,,,0.03,0
C2_n0.03_d000_r05,C2,202637,4.76,4.76,0.0,0.5335,0.5395639884809579,0.5356675028109914,FAR,FAR,0.0,1,,,0.03,0
C2_n0.03_d000_r05,C2,202637,4.78,4.78,0.0,0.53175,0.5752053417214075,0.5455519625385954,FAR,FAR,0.0,1,,,0.03,0
C2_n0.03_d000_r05,C2,202637,4.8,4.8,0.0,0.53,0.5476205297519666,0.5460691043419382,FAR,FAR,0.0,1,,,0.03,0
C2_n0.03_d000_r05,C2,202637,4.82,4.82,0.0,0.52825,0.5381796728905794,0.5440967464790984,FAR,FAR,0.0,1,,,0.03,0
C2_n0.03_d000_r05,C2,202637,4.84,4.84,0.0,0.5265,0.5252683720691748,0.5393896528766176,FAR,FAR,0.0,1,,,0.03,0
C2_n0.03_d000_r05,C2,202637,4.86,4.86,0.0,0.5247499999999999,0.4901599423309302,0.5270822252401957,FAR,FAR,0.0,1,,,0.03,0
C2_n0.03_d000_r05,C2,202637,4.88,4.88,0.0,0.523,0.5677461118094164,0.5372481968825008,FAR,FAR,0.0,1,,,0.03,0
C2_n0.03_d000_r05,C2,202637,4.9,4.9,0.0,0.52125,0.5106572012010973,0.5306004479621499,FAR,FAR,0.0,1,,,0.03,0
C2_n0.03_d000_r05,C2,202637,4.92,4.92,0.0,0.5195,0.5022464226312324,0.5235119416294205,FAR,FAR,0.0,1,,,0.03,0
C2_n0.03_d000_r05,C2,202637,4.94,4.94,0.0,0.5177499999999999,0.4818501044504338,0.5130964823346739,FAR,FAR,0.0,1,,,0.03,0
C2_n0.03_d000_r05,C2,202637,4.96,4.96,0.0,0.516,0.5208336960409454,0.5150307857612417,FAR,FAR,0.0,1,,,0.03,0
C2_n0.03_d000_r05,C2,202637,4.98,4.98,0.0,0.51425,0.5485433341584639,0.5234089228605473,FAR,FAR,0.0,1,,,0.03,0
C2_n0.03_d000_r05,C2,202637,5.0,5.0,0.0,0.5125,0.5234206788152327,0.5234118618492186,FAR,FAR,0.0,1,,,0.03,0
C2_n0.03_d000_r05,C2,202637,5.02,5.02,0.0,0.51075,0.5724661934599785,0.5356754447519086,FAR,FAR,0.0,1,,,0.03,0
C2_n0.03_d000_r05,C2,202637,5.04,5.04,0.0,0.509,0.508580510540561,0.5289017111990717,FAR,FAR,0.0,1,,,0.03,0
C2_n0.03_d000_r05,C2,202637,5.06,5.06,0.0,0.50725,0.4654470474556289,0.5130380452632111,FAR,FAR,0.0,1,,,0.03,0
C2_n0.03_d000_r05,C2,202637,5.08,5.08,0.0,0.5055,0.5347075771577023,0.5184554282368339,FAR,FAR,0.0,1,,,0.03,0
C2_n0.03_d000_r05,C2,202637,5.1,5.1,0.0,0.50375,0.5228973865527426,0.5195659178158111,FAR,FAR,0.0,1,,,0.03,0
C2_n0.03_d000_r05,C2,202637,5.12,5.12,0.0,0.502,0.49981491366831,0.5146281667789359,FAR,FAR,0.0,1,,,0.03,0
C2_n0.03_d000_r05,C2,202637,5.14,5.14,0.0,0.50025,0.5013654762766289,0.5113124941533591,FAR,FAR,0.0,1,,,0.03,0
C2_n0.03_d000_r05,C2,202637,5.16,5.16,0.0,0.49849999999999994,0.5068582111063218,0.5101989233915998,FAR,FAR,0.0,1,,,0.03,0
C2_n0.03_d000_r05,C2,202637,5.18,5.18,0.0,0.49675,0.4400096872177074,0.49265161434812665,FAR,FAR,0.0,1,,,0.03,0
C2_n0.03_d000_r05,C2,202637,5.2,5.2,0.0,0.495,0.5025323943584691,0.49512180935071226,FAR,FAR,0.0,1,,,0.03,0
C2_n0.03_d000_r05,C2,202637,5.22,5.22,0.0,0.49325,0.4884759018744551,0.49346033248164795,FAR,FAR,0.0,1,,,0.03,0
C2_n0.03_d000_r05,C2,202637,5.24,5.24,0.0,0.49149999999999994,0.4733684559138233,0.4884373633396918,FAR,FAR,0.0,1,,,0.03,0
C2_n0.03_d000_r05,C2,202637,5.26,5.26,0.0,0.48975,0.4892347750780535,0.4886367162742822,FAR,FAR,0.0,1,,,0.03,0
C2_n0.03_d000_r05,C2,202637,5.28,5.28,0.0,0.488,0.5128210518129037,0.49468280015893756,FAR,FAR,0.0,1,,,0.03,0
C2_n0.03_d000_r05,C2,202637,5.3,5.3,0.0,0.48625,0.5042396376089319,0.49707200952143615,FAR,FAR,0.0,1,,,0.03,0
C2_n0.03_d000_r05,C2,202637,5.32,5.32,0.0,0.48449999999999993,0.46758634415937556,0.48970059318092096,FAR,FAR,0.0,1,,,0.03,0
C2_n0.03_d000_r05,C2,202637,5.34,5.34,0.0,0.48275,0.4590850446338755,0.4820467060441596,FAR,FAR,0.0,1,,,0.03,0
C2_n0.03_d000_r05,C2,202637,5.36,5.36,0.0,0.481,0.49062058848283796,0.48419017665382924,FAR,FAR,0.0,1,,,0.03,0
C2_n0.03_d000_r05,C2,202637,5.38,5.38,0.0,0.47925,0.4202728412450917,0.4682108428016448,FAR,FAR,0.0,1,,,0.03,0
C2_n0.03_d000_r05,C2,202637,5.4,5.4,0.0,0.4774999999999999,0.5122636750389135,0.479224050860962,FAR,FAR,0.0,1,,,0.03,0
C2_n0.03_d000_r05,C2,202637,5.42,5.42,0.0,0.47575,0.43354528941662657,0.4678043604998781,FAR,FAR,0.0,1,,,0.03,0
C2_n0.03_d000_r05,C2,202637,5.44,5.44,0.0,0.474,0.5092597755055193,0.4781682142512884,FAR,FAR,0.0,1,,,0.03,0
C2_n0.03_d000_r05,C2,202637,5.46,5.46,0.0,0.47224999999999995,0.4430321199743792,0.4693841906820611,FAR,FAR,0.0,1,,,0.03,0
C2_n0.03_d000_r05,C2,202637,5.48,5.48,0.0,0.4704999999999999,0.4313705505435127,0.459880780647424,FAR,FAR,0.0,1,,,0.03,0
C2_n0.03_d000_r05,C2,202637,5.5,5.5,0.0,0.46875,0.4705035118827877,0.46253646345626487,FAR,FAR,0.0,1,,,0.03,0
C2_n0.03_d000_r05,C2,202637,5.52,5.52,0.0,0.467,0.42187073870748765,0.4523700322690705,FAR,FAR,0.0,1,,,0.03,0
C2_n0.03_d000_r05,C2,202637,5.54,5.54,0.0,0.46525,0.4449233351547891,0.45050835799050015,FAR,FAR,0.0,1,,,0.03,0
C2_n0.03_d000_r05,C2,202637,5.56,5.56,0.0,0.4635,0.4937572063626944,0.46132057008354876,FAR,FAR,0.0,1,,,0.03,0
C2_n0.03_d000_r05,C2,202637,5.58,5.58,0.0,0.46175,0.46780466917763414,0.4629415948570701,FAR,FAR,0.0,1,,,0.03,0
C2_n0.03_d000_r05,C2,202637,5.6,5.6,0.0,0.46,0.4636555537212981,0.4631200845731271,FAR,FAR,0.0,1,,,0.03,0
C2_n0.03_d000_r05,C2,202637,5.62,5.62,0.0,0.45825,0.47699048173944514,0.4665876838647066,FAR,FAR,0.0,1,,,0.03,0
C2_n0.03_d000_r05,C2,202637,5.64,5.64,0.0,0.4565,0.428580693097284,0.4570859361728509,FAR,FAR,0.0,1,,,0.03,0
C2_n0.03_d000_r05,C2,202637,5.66,5.66,0.0,0.45475,0.489475738048406,0.4651833866417397,FAR,FAR,0.0,1,,,0.03,0
C2_n0.03_d000_r05,C2,202637,5.68,5.68,0.0,0.453,0.48246256356793343,0.46950318087328813,FAR,FAR,0.0,1,,,0.03,0
C2_n0.03_d000_r05,C2,202637,5.7,5.7,0.0,0.45125,0.4462901467319559,0.4636999223379551,FAR,FAR,0.0,1,,,0.03,0
C2_n0.03_d000_r05,C2,202637,5.72,5.72,0.0,0.4495,0.465663877823448,0.4641909112093283,FAR,FAR,0.0,1,,,0.03,0
C2_n0.03_d000_r05,C2,202637,5.74,5.74,0.0,0.44775,0.45867821362826894,0.4628127368140635,FAR,FAR,0.0,1,,,0.03,0
C2_n0.03_d000_r05,C2,202637,5.76,5.76,0.0,0.446,0.4617338341296202,0.46254301114295265,FAR,FAR,0.0,1,,,0.03,0
C2_n0.03_d000_r05,C2,202637,5.78,5.78,0.0,0.44425,0.4458078615304957,0.4583592237398384,FAR,FAR,0.0,1,,,0.03,0
C2_n0.03_d000_r05,C2,202637,5.8,5.8,0.0,0.4425,0.4585993753210003,0.45841926163512886,FAR,FAR,0.0,1,,,0.03,0
C2_n0.03_d000_r05,C2,202637,5.82,5.82,0.0,0.44075,0.4349890496851639,0.4525617086476376,FAR,FAR,0.0,1,,,0.03,0
C2_n0.03_d000_r05,C2,202637,5.84,5.84,0.0,0.439,0.43189313315962297,0.44739456477563394,FAR,FAR,0.0,1,,,0.03,0
C2_n0.03_d000_r05,C2,202637,5.86,5.86,0.0,0.43724999999999997,0.46434821649526375,0.4516329777055414,FAR,FAR,0.0,1,,,0.03,0
C2_n0.03_d000_r05,C2,202637,5.88,5.88,0.0,0.4355,0.4533983214021115,0.4520743136296839,FAR,FAR,0.0,1,,,0.03,0
C2_n0.03_d000_r05,C2,202637,5.9,5.9,0.0,0.43374999999999997,0.46008788243063264,0.45407770582992113,FAR,FAR,0.0,1,,,0.03,0
C2_n0.03_d000_r05,C2,202637,5.92,5.92,0.0,0.432,0.4653074408203702,0.4568851395775334,FAR,FAR,0.0,1,,,0.03,0
C2_n0.03_d000_r05,C2,202637,5.94,5.94,0.0,0.43024999999999997,0.4364985982283329,0.4517885042402333,FAR,FAR,0.0,1,,,0.03,0
C2_n0.03_d000_r05,C2,202637,5.96,5.96,0.0,0.4285,0.40920126138332136,0.44114169352600535,FAR,FAR,0.0,1,,,0.03,0
C2_n0.03_d000_r05,C2,202637,5.98,5.98,0.0,0.42674999999999996,0.4397318165528908,0.4407892242827267,FAR,FAR,0.0,1,,,0.03,0
C2_n0.03_d000_r05,C2,202637,6.0,6.0,0.0,0.425,0.4041863329919707,0.4316385014600377,FAR,FAR,0.0,1,,,0.03,0
C2_n0.03_d000_r05,C2,202637,6.02,6.02,0.0,0.42325,0.434436474364723,0.43233799468620904,FAR,FAR,0.0,1,,,0.03,0
C2_n0.03_d000_r05,C2,202637,6.04,6.04,0.0,0.4215,0.45566320621143375,0.4381692975675152,FAR,FAR,0.0,1,,,0.03,0
C2_n0.03_d000_r05,C2,202637,6.06,6.06,0.0,0.41975,0.5051751423215999,0.4549207587560363,FAR,FAR,0.0,1,,,0.03,0
C2_n0.03_d000_r05,C2,202637,6.08,6.08,0.0,0.418,0.4614556844801056,0.4565544901870537,FAR,FAR,0.0,1,,,0.03,0
C2_n0.03_d000_r05,C2,202637,6.1,6.1,0.0,0.41625,0.4782607737954477,0.46198106108915216,FAR,FAR,0.0,1,,,0.03,0
C2_n0.03_d000_r05,C2,202637,6.12,6.12,0.0,0.4145,0.38775717149973604,0.44342508869179814,FAR,FAR,0.0,1,,,0.03,0
C2_n0.03_d000_r05,C2,202637,6.14,6.14,0.0,0.41275,0.37472533104512434,0.4262501492801297,FAR,FAR,0.0,1,,,0.03,0
C2_n0.03_d000_r05,C2,202637,6.16,6.16,0.0,0.411,0.43600776586713164,0.4286895534268802,FAR,FAR,0.0,1,,,0.03,0
C2_n0.03_d000_r05,C2,202637,6.18,6.18,0.0,0.40925,0.4233087695372268,0.42734435745446686,FAR,FAR,0.0,1,,,0.03,0
C2_n0.03_d000_r05,C2,202637,6.2,6.2,0.0,0.4075,0.3328700494901512,0.4037257804633879,FAR,FAR,0.0,1,,,0.03,0
C2_n0.03_d000_r05,C2,202637,6.22,6.22,0.0,0.40575,0.43317750906409924,0.4110887126135658,FAR,FAR,0.0,1,,,0.03,0
C2_n0.03_d000_r05,C2,202637,6.24,6.24,0.0,0.40399999999999997,0.4134260879788224,0.41167305645487995,FAR,FAR,0.0,1,,,0.03,0
C2_n0.03_d000_r05,C2,202637,6.26,6.26,0.0,0.40225,0.4395483975489848,0.41864189172840616,FAR,FAR,0.0,1,,,0.03,0
C2_n0.03_d000_r05,C2,202637,6.28,6.28,0.0,0.40049999999999997,0.42511205222153603,0.42025943185168857,FAR,FAR,0.0,1,,,0.03,0
C2_n0.03_d000_r05,C2,202637,6.3,6.3,0.0,0.39875,0.42421136246290486,0.42124741450449266,FAR,FAR,0.0,1,,,0.03,0
C2_n0.03_d000_r05,C2,202637,6.32,6.32,0.0,0.39699999999999996,0.3774891734562367,0.41030785424242866,FAR,FAR,0.0,1,,,0.03,0
C2_n0.03_d000_r05,C2,202637,6.34,6.34,0.0,0.39525,0.41136799821068404,0.4105728902344925,FAR,FAR,0.0,1,,,0.03,0
C2_n0.03_d000_r05,C2,202637,6.36,6.36,0.0,0.39349999999999996,0.43047368479032266,0.41554808887345007,FAR,FAR,0.0,1,,,0.03,0
C2_n0.03_d000_r05,C2,202637,6.38,6.38,0.0,0.39175,0.3911784445269909,0.4094556777868352,FAR,FAR,0.0,1,,,0.03,0
C2_n0.03_d000_r05,C2,202637,6.4,6.4,0.0,0.38999999999999996,0.3872553113054672,0.4039055861664932,FAR,FAR,0.0,1,,,0.03,0
C2_n0.03_d000_r05,C2,202637,6.42,6.42,0.0,0.38825,0.38868614289452136,0.4001007253485003,FAR,FAR,0.0,1,,,0.03,0
C2_n0.03_d000_r05,C2,202637,6.44,6.44,0.0,0.38649999999999995,0.41737151044376913,0.4044184216223175,FAR,FAR,0.0,1,,,0.03,0
C2_n0.03_d000_r05,C2,202637,6.46,6.46,0.0,0.38475,0.3851620459456429,0.39960432770314885,FAR,FAR,0.0,1,,,0.03,0
C2_n0.03_d000_r05,C2,202637,6.48,6.48,0.0,0.38299999999999995,0.3887361345866168,0.3968872794240158,FAR,FAR,0.0,1,,,0.03,0
C2_n0.03_d000_r05,C2,202637,6.5,6.5,0.0,0.38125,0.3905718856000275,0.3953084309680187,FAR,FAR,0.0,1,,,0.03,0
C2_n0.03_d000_r05,C2,202637,6.52,6.52,0.0,0.37950000000000006,0.3708497084810752,0.38919375034628284,FAR,FAR,0.0,1,,,0.03,0
C2_n0.03_d000_r05,C2,202637,6.54,6.54,0.0,0.37775000000000003,0.35536355097018685,0.38073620050225887,FAR,FAR,0.0,1,,,0.03,0
C2_n0.03_d000_r05,C2,202637,6.56,6.56,0.0,0.376,0.29832258663577743,0.3601327970356385,FAR,FAR,0.0,1,,,0.03,0
C2_n0.03_d000_r05,C2,202637,6.58,6.58,0.0,0.37424999999999997,0.34735532805919755,0.35693842979152823,FAR,FAR,0.0,1,,,0.03,0
C2_n0.03_d000_r05,C2,202637,6.6,6.6,0.0,0.37250000000000005,0.4128206317098897,0.3709089802711186,FAR,FAR,0.0,1,,,0.03,0
C2_n0.03_d000_r05,C2,202637,6.62,6.62,0.0,0.37075,0.3873499788310958,0.3750192299111129,FAR,FAR,0.0,1,,,0.03,0
C2_n0.03_d000_r05,C2,202637,6.64,6.64,0.0,0.369,0.39846495313529906,0.3808806607171595,FAR,FAR,0.0,1,,,0.03,0
C2_n0.03_d000_r05,C2,202637,6.66,6.66,0.0,0.36724999999999997,0.42342649382273123,0.3915171189935524,FAR,FAR,0.0,1,,,0.03,0
C2_n0.03_d000_r05,C2,202637,6.68,6.68,0.0,0.36550000000000005,0.3270243567565049,0.37539392843429054,FAR,FAR,0.0,1,,,0.03,0
C2_n0.03_d000_r05,C2,202637,6.7,6.7,0.0,0.36375,0.36473045911338814,0.3727280611040649,FAR,FAR,0.0,1,,,0.03,0
C2_n0.03_d000_r05,C2,202637,6.72,6.72,0.0,0.362,0.39521622648644794,0.3783501024496607,FAR,FAR,0.0,1,,,0.03,0
C2_n0.03_d000_r05,C2,202637,6.74,6.74,0.0,0.36024999999999996,0.38107351182943194,0.3790309547946035,FAR,FAR,0.0,1,,,0.03,0
C2_n0.03_d000_r05,C2,202637,6.76,6.76,0.0,0.35850000000000004,0.37833856072661703,0.3788578562776069,FAR,FAR,0.0,1,,,0.03,0
C2_n0.03_d000_r05,C2,202637,6.78,6.78,0.0,0.35675,0.3552499854699601,0.37295588857569517,FAR,FAR,0.0,1,,,0.03,0
C2_n0.03_d000_r05,C2,202637,6.8,6.8,0.0,0.355,0.3653007989898987,0.37104211617924604,FAR,FAR,0.0,1,,,0.03,0
C2_n0.03_d000_r05,C2,202637,6.82,6.82,0.0,0.35324999999999995,0.3751198408873199,0.3720615473562645,FAR,FAR,0.0,1,,,0.03,0
C2_n0.03_d000_r05,C2,202637,6.84,6.84,0.0,0.35150000000000003,0.3343453995387498,0.3626325104018858,FAR,FAR,0.0,1,,,0.03,0
C2_n0.03_d000_r05,C2,202637,6.86,6.86,0.0,0.34974999999999995,0.2984217327407366,0.34657981598659854,NEAR,FAR,0.0,1,,,0.03,0
C2_n0.03_d000_r05,C2,202637,6.88,6.88,0.0,0.348,0.33429507920414875,0.3435086317909861,NEAR,FAR,0.0,1,,,0.03,0
C2_n0.03_d000_r05,C2,202637,6.9,6.9,0.0,0.34624999999999995,0.3374080917893085,0.3419834967905667,NEAR,FAR,0.0,1,,,0.03,0
C2_n0.03_d000_r05,C2,202637,6.92,6.92,0.0,0.3445,0.34795450258899585,0.343476248240174,NEAR,FAR,0.0,1,,,0.03,0
C2_n0.03_d000_r05,C2,202637,6.94,6.94,0.0,0.34274999999999994,0.3526911275754137,0.34577996807398387,NEAR,FAR,0.0,1,,,0.03,0
C2_n0.03_d000_r05,C2,202637,6.96,6.96,0.0,0.34099999999999997,0.37284973275390987,0.3525474092439653,NEAR,FAR,0.0,1,,,0.03,0
C2_n0.03_d000_r05,C2,202637,6.98,6.98,0.0,0.33924999999999994,0.3240876800951625,0.3454324769567646,NEAR,FAR,0.0,1,,,0.03,0
C2_n0.03_d000_r05,C2,202637,7.0,7.0,0.0,0.3375,0.29752707103166987,0.33345612547549097,NEAR,FAR,0.0,1,,,0.03,0
C2_n0.03_d000_r05,C2,202637,7.02,7.02,0.0,0.33575000000000005,0.3436558202971595,0.33600604918090815,NEAR,FAR,0.0,1,,,0.03,0
C2_n0.03_d000_r05,C2,202637,7.04,7.04,0.0,0.334,0.3772827754758574,0.3463252307546455,NEAR,FAR,0.0,1,,,0.03,0
C2_n0.03_d000_r05,C2,202637,7.06,7.06,0.0,0.33225000000000005,0.33881070760421106,0.3444465999670369,NEAR,FAR,0.0,1,,,0.03,0
C2_n0.03_d000_r05,C2,202637,7.08,7.08,0.0,0.3305,0.3227379881940815,0.33901944702379805,NEAR,FAR,0.0,1,,,0.03,0
C2_n0.03_d000_r05,C2,202637,7.1,7.1,0.0,0.32875000000000004,0.3087106760273477,0.3314422542746855,NEAR,FAR,0.0,1,,,0.03,0
C2_n0.03_d000_r05,C2,202637,7.12,7.12,0.0,0.327,0.343654645527843,0.3344953520879749,NEAR,FAR,0.0,1,,,0.03,0
C2_n0.03_d000_r05,C2,202637,7.14,7.14,0.0,0.32525000000000004,0.36073349326175885,0.34105488738142087,NEAR,FAR,0.0,1,,,0.03,0
C2_n0.03_d000_r05,C2,202637,7.16,7.16,0.0,0.3235,0.33536364214742675,0.33963207607292234,NEAR,FAR,0.0,1,,,0.03,0
C2_n0.03_d000_r05,C2,202637,7.18,7.18,0.0,0.32175000000000004,0.3518979887929057,0.3426985542529182,NEAR,FAR,0.0,1,,,0.03,0
C2_n0.03_d000_r05,C2,202637,7.2,7.2,0.0,0.32,0.34537129510111114,0.34336673946496643,NEAR,FAR,0.0,1,,,0.03,0
C2_n0.03_d000_r05,C2,202637,7.22,7.22,0.0,0.31825000000000003,0.2754232611394991,0.3263808698835996,NEAR,FAR,0.0,1,,,0.03,0
C2_n0.03_d000_r05,C2,202637,7.24,7.24,0.0,0.3165,0.2983775675449137,0.31938004429892813,NEAR,NEAR,0.6,1,ENTER_NEAR,,0.03,0
C2_n0.03_d000_r05,C2,202637,7.26,7.26,0.0,0.31475000000000003,0.3080442478657131,0.3165460951906244,NEAR,NEAR,0.6,1,,,0.03,0
C2_n0.03_d000_r05,C2,202637,7.28,7.28,0.0,0.313,0.3093698274350179,0.31475202825172277,NEAR,NEAR,0.6,1,,,0.03,0
C2_n0.03_d000_r05,C2,202637,7.3,7.3,0.0,0.31125,0.28521110288527635,0.30736679691011115,NEAR,NEAR,0.6,1,,,0.03,0
C2_n0.03_d000_r05,C2,202637,7.32,7.32,0.0,0.3095,0.2843858077470625,0.301621549619349,NEAR,NEAR,0.6,1,,,0.03,0
C2_n0.03_d000_r05,C2,202637,7.34,7.34,0.0,0.30775,0.3482246217023457,0.31327231764009816,NEAR,NEAR,0.6,1,,,0.03,0
C2_n0.03_d000_r05,C2,202637,7.36,7.36,0.0,0.306,0.3281732784925762,0.31699755785321765,NEAR,NEAR,0.6,1,,,0.03,0
C2_n0.03_d000_r05,C2,202637,7.38,7.38,0.0,0.30425,0.26598897819524825,0.3042454129387253,NEAR,NEAR,0.6,1,,,0.03,0
C2_n0.03_d000_r05,C2,202637,7.4,7.4,0.0,0.3025,0.26481679778318556,0.29438825914984035,NEAR,NEAR,0.6,1,,,0.03,0
C2_n0.03_d000_r05,C2,202637,7.42,7.42,0.0,0.30075,0.29635657336343096,0.294880337703238,NEAR,NEAR,0.6,1,,,0.03,0
C2_n0.03_d000_r05,C2,202637,7.44,7.44,0.0,0.299,0.2637830396981667,0.28710601320197016,NEAR,NEAR,0.6,1,,,0.03,0
C2_n0.03_d000_r05,C2,202637,7.46,7.46,0.0,0.29725,0.24100454720173214,0.2755806467019106,NEAR,NEAR,0.6,1,,,0.03,0
C2_n0.03_d000_r05,C2,202637,7.48,7.48,0.0,0.2955,0.2958190676091217,0.2806402519287134,NEAR,NEAR,0.6,1,,,0.03,0
C2_n0.03_d000_r05,C2,202637,7.5,7.5,0.0,0.29375,0.29644161026494,0.28459059151277,NEAR,NEAR,0.6,1,,,0.03,0
C2_n0.03_d000_r05,C2,202637,7.52,7.52,0.0,0.29200000000000004,0.29298545738843906,0.28668930798168724,NEAR,NEAR,0.6,1,,,0.03,0
C2_n0.03_d000_r05,C2,202637,7.54,7.54,0.0,0.29025,0.27858160402187154,0.2846623819917333,NEAR,NEAR,0.6,1,,,0.03,0
C2_n0.03_d000_r05,C2,202637,7.56,7.56,0.0,0.28850000000000003,0.33027322462899406,0.2960650926510485,NEAR,NEAR,0.6,1,,,0.03,0
C2_n0.03_d000_r05,C2,202637,7.58,7.58,0.0,0.28675,0.25205660068903224,0.28506296966054445,NEAR,NEAR,0.6,1,,,0.03,0
C2_n0.03_d000_r05,C2,202637,7.6,7.6,0.0,0.28500000000000003,0.3223949917048648,0.2943959751716245,NEAR,NEAR,0.6,1,,,0.03,0
C2_n0.03_d000_r05,C2,202637,7.62,7.62,0.0,0.28325,0.3071787115726396,0.2975916592718783,NEAR,NEAR,0.6,1,,,0.03,0
C2_n0.03_d000_r05,C2,202637,7.64,7.64,0.0,0.28150000000000003,0.31521750410883076,0.3019981204811164,NEAR,NEAR,0.6,1,,,0.03,0
C2_n0.03_d000_r05,C2,202637,7.66,7.66,0.0,0.27975,0.2941909590958705,0.3000463301348049,NEAR,NEAR,0.6,1,,,0.03,0
C2_n0.03_d000_r05,C2,202637,7.68,7.68,0.0,0.278,0.25302735706450113,0.288291586867229,NEAR,NEAR,0.6,1,,,0.03,0
C2_n0.03_d000_r05,C2,202637,7.7,7.7,0.0,0.27625,0.2871515947742817,0.28800658884399216,NEAR,NEAR,0.6,1,,,0.03,0
C2_n0.03_d000_r05,C2,202637,7.72,7.72,0.0,0.2745,0.28042914613581427,0.2861122281669477,NEAR,NEAR,0.6,1,,,0.03,0
C2_n0.03_d000_r05,C2,202637,7.74,7.74,0.0,0.27275,0.27074668784463696,0.28227084308637,NEAR,NEAR,0.6,1,,,0.03,0
C2_n0.03_d000_r05,C2,202637,7.76,7.76,0.0,0.271,0.24193579843202212,0.272187081922783,NEAR,NEAR,0.6,1,,,0.03,0
C2_n0.03_d000_r05,C2,202637,7.78,7.78,0.0,0.26925,0.2862837153183708,0.27571124027168,NEAR,NEAR,0.6,1,,,0.03,0
C2_n0.03_d000_r05,C2,202637,7.8,7.8,0.0,0.2675,0.31530625526682254,0.2856099940204656,NEAR,NEAR,0.6,1,,,0.03,0
C2_n0.03_d000_r05,C2,202637,7.82,7.82,0.0,0.26575,0.30687546926445625,0.2909263628314633,NEAR,NEAR,0.6,1,,,0.03,0
C2_n0.03_d000_r05,C2,202637,7.84,7.84,0.0,0.264,0.28780005414387566,0.29014478565956636,NEAR,NEAR,0.6,1,,,0.03,0
C2_n0.03_d000_r05,C2,202637,7.86,7.86,0.0,0.26225,0.2613320008529693,0.2829415894579171,NEAR,NEAR,0.6,1,,,0.03,0
C2_n0.03_d000_r05,C2,202637,7.88,7.88,0.0,0.2605,0.2331990077326208,0.270505944026593,NEAR,NEAR,0.6,1,,,0.03,0
C2_n0.03_d000_r05,C2,202637,7.9,7.9,0.0,0.25875,0.27147578028875075,0.27074840309213244,NEAR,NEAR,0.6,1,,,0.03,0
C2_n0.03_d000_r05,C2,202637,7.92,7.92,0.0,0.257,0.22349954334963806,0.2589361881565089,NEAR,NEAR,0.6,1,,,0.03,0
C2_n0.03_d000_r05,C2,202637,7.94,7.94,0.0,0.25525,0.20198902731126742,0.24469939794519852,NEAR,NEAR,0.6,1,,,0.03,0
C2_n0.03_d000_r05,C2,202637,7.96,7.96,0.0,0.2535,0.23772294186336307,0.24295528392473964,NEAR,NEAR,0.6,1,,,0.03,0
C2_n0.03_d000_r05,C2,202637,7.98,7.98,0.0,0.25175,0.24663538947535973,0.24387531031239468,NEAR,NEAR,0.6,1,,,0.03,0
C2_n0.03_d000_r05,C2,202637,8.0,8.0,0.0,0.25,0.25147224690500863,0.24577454446054814,NEAR,NEAR,0.6,1,,,0.03,0
C2_n0.03_d000_r05,C2,202637,8.02,8.02,0.0,0.2522533838368113,0.2655776309566762,0.25072531608458015,NEAR,NEAR,0.6,1,,,0.03,0
C2_n0.03_d000_r05,C2,202637,8.04,8.04,0.0,0.25445562372365543,0.2779804103817517,0.25753908965887307,NEAR,NEAR,0.6,1,,,0.03,0
C2_n0.03_d000_r05,C2,202637,8.06,8.06,0.0,0.25655673649976407,0.24024389792845025,0.25321529172626733,NEAR,NEAR,0.6,1,,,0.03,0
C2_n0.03_d000_r05,C2,202637,8.08,8.08,0.0,0.25850903423690136,0.27871324542077136,0.2595897801498933,NEAR,NEAR,0.6,1,,,0.03,0
C2_n0.03_d000_r05,C2,202637,8.1,8.1,0.0,0.2602682065889303,0.2949380526459163,0.26842684827389907,NEAR,NEAR,0.6,1,,,0.03,0
C2_n0.03_d000_r05,C2,202637,8.12,8.12,0.0,0.26179432648204926,0.20750442879217004,0.2531962434034668,NEAR,NEAR,0.6,1,,,0.03,0
C2_n0.03_d000_r05,C2,202637,8.14,8.14,0.0,0.26305275632004294,0.2866395192727671,0.2615570623707919,NEAR,NEAR,0.6,1,,,0.03,0
C2_n0.03_d000_r05,C2,202637,8.16,8.16,0.0,0.2640149341368492,0.309778621172263,0.2736124520711597,NEAR,NEAR,0.6,1,,,0.03,0
C2_n0.03_d000_r05,C2,202637,8.18,8.18,0.0,0.2646590218535229,0.2253678404343909,0.2615512991619675,NEAR,NEAR,0.6,1,,,0.03,0
C2_n0.03_d000_r05,C2,202637,8.2,8.2,0.0,0.26497040092642404,0.1781334245289341,0.24069683050370916,NEAR,NEAR,0.6,1,,,0.03,0
C2_n0.03_d000_r05,C2,202637,8.22,8.22,0.0,0.2649420041371476,0.24197476062735254,0.24101631303462,NEAR,NEAR,0.6,1,,,0.03,0
C2_n0.03_d000_r05,C2,202637,8.24,8.24,0.0,0.2645744759937201,0.2764229462581548,0.2498679713405037,NEAR,NEAR,0.6,1,,,0.03,0
C2_n0.03_d000_r05,C2,202637,8.26,8.26,0.0,0.26387615810251686,0.24293327440277554,0.24813429710607168,NEAR,NEAR,0.6,1,,,0.03,0
C2_n0.03_d000_r05,C2,202637,8.28,8.28,0.0,0.26286289984290484,0.2548186146979471,0.24980537650404053,NEAR,NEAR,0.6,1,,,0.03,0
C2_n0.03_d000_r05,C2,202637,8.3,8.3,0.0,0.2615576986416368,0.19566618931338953,0.23627057970637777,NEAR,NEAR,0.6,1,,,0.03,0
C2_n0.03_d000_r05,C2,202637,8.32,8.32,0.0,0.25999017801151375,0.26714929296726253,0.24399025802159896,NEAR,NEAR,0.6,1,,,0.03,0
C2_n0.03_d000_r05,C2,202637,8.34,8.34,0.0,0.25819591520101404,0.28207652569745484,0.25351182494056296,NEAR,NEAR,0.6,1,,,0.03,0
C2_n0.03_d000_r05,C2,202637,8.36,8.36,0.0,0.2562156337148993,0.2592848494921886,0.25495508107846937,NEAR,NEAR,0.6,1,,,0.03,0
C2_n0.03_d000_r05,C2,202637,8.38,8.38,0.0,0.2540942790327598,0.19903361922970733,0.24097471561627887,NEAR,NEAR,0.6,1,,,0.03,0
C2_n0.03_d000_r05,C2,202637,8.4,8.4,0.0,0.25187999850346454,0.23768927441983004,0.24015335531716664,NEAR,NEAR,0.6,1,,,0.03,0
C2_n0.03_d000_r05,C2,202637,8.42,8.42,0.0,0.24962304856834994,0.30772572532888515,0.2570464478200963,NEAR,NEAR,0.6,1,,,0.03,0
C2_n0.03_d000_r05,C2,202637,8.44,8.44,0.0,0.2473746541153709,0.2349485602229697,0.25152197592081466,NEAR,NEAR,0.6,1,,,0.03,0
C2_n0.03_d000_r05,C2,202637,8.46,8.46,0.0,0.24518584585289177,0.18731580564099584,0.23547043335085993,NEAR,NEAR,0.6,1,,,0.03,0
C2_n0.03_d000_r05,C2,202637,8.48,8.48,0.0,0.24310630209067763,0.26125645129163166,0.24191693783605286,NEAR,NEAR,0.6,1,,,0.03,0
C2_n0.03_d000_r05,C2,202637,8.5,8.5,0.0,0.24118322121561292,0.2263794696088951,0.23803257077926343,NEAR,NEAR,0.6,1,,,0.03,0
C2_n0.03_d000_r05,C2,202637,8.52,8.52,0.0,0.2394602504530173,0.2618169182422845,0.2439786576450187,NEAR,NEAR,0.6,1,,,0.03,0
C2_n0.03_d000_r05,C2,202637,8.54,8.54,0.0,0.23797649522693692,0.25658881677680023,0.24713119742796408,NEAR,NEAR,0.6,1,,,0.03,0
C2_n0.03_d000_r05,C2,202637,8.56,8.56,0.0,0.23676563160347566,0.2716937293471654,0.2532718304077644,NEAR,NEAR,0.6,1,,,0.03,0
C2_n0.03_d000_r05,C2,202637,8.58,8.58,0.0,0.23585514196160703,0.21147629651725844,0.24282294693513792,NEAR,NEAR,0.6,1,,,0.03,0
C2_n0.03_d000_r05,C2,202637,8.6,8.6,0.0,0.23526569123906968,0.2874841973138874,0.2539882595298253,NEAR,NEAR,0.6,1,,,0.03,0
C2_n0.03_d000_r05,C2,202637,8.62,8.62,0.0,0.23501065791039116,0.22976332276645234,0.24793202533898206,NEAR,NEAR,0.6,1,,,0.03,0
C2_n0.03_d000_r05,C2,202637,8.64,8.64,0.0,0.23509583034219989,0.2610562914140392,0.2512130918577463,NEAR,NEAR,0.6,1,,,0.03,0
C2_n0.03_d000_r05,C2,202637,8.66,8.66,0.0,0.2355192754175009,0.25497177730768306,0.2521527632202305,NEAR,NEAR,0.6,1,,,0.03,0
C2_n0.03_d000_r05,C2,202637,8.68,8.68,0.0,0.23627138241068624,0.25220941938392605,0.2521669272611544,NEAR,NEAR,0.6,1,,,0.03,0
C2_n0.03_d000_r05,C2,202637,8.7,8.7,0.0,0.23733508111746973,0.2347331688173705,0.24780848765020844,NEAR,NEAR,0.6,1,,,0.03,0
C2_n0.03_d000_r05,C2,202637,8.72,8.72,0.0,0.2386862292889585,0.16630168324318656,0.22743178654845297,NEAR,NEAR,0.6,1,,,0.03,0
C2_n0.03_d000_r05,C2,202637,8.74,8.74,0.0,0.24029416057645836,0.2582879835006883,0.23514583578651183,NEAR,NEAR,0.6,1,,,0.03,0
C2_n0.03_d000_r05,C2,202637,8.76,8.76,0.0,0.24212238055058052,0.22980336406770674,0.23381021785681055,NEAR,NEAR,0.6,1,,,0.03,0
C2_n0.03_d000_r05,C2,202637,8.78,8.78,0.0,0.24412939499744188,0.23068503361540427,0.23302892179645898,NEAR,NEAR,0.6,1,,,0.03,0
C2_n0.03_d000_r05,C2,202637,8.8,8.8,0.0,0.24626965169252724,0.23400473014770598,0.23327287388427073,NEAR,NEAR,0.6,1,,,0.03,0
C2_n0.03_d000_r05,C2,202637,8.82,8.82,0.0,0.2484945742772318,0.20102201004677617,0.22521015792489707,NEAR,NEAR,0.6,1,,,0.03,0
C2_n0.03_d000_r05,C2,202637,8.84,8.84,0.0,0.2507536647726965,0.1916460830017172,0.21681913919410212,NEAR,NEAR,0.6,1,,,0.03,0
C2_n0.03_d000_r05,C2,202637,8.86,8.86,0.0,0.25299564970771604,0.26399400349457397,0.2286128552692201,NEAR,NEAR,0.6,1,,,0.03,0
C2_n0.03_d000_r05,C2,202637,8.88,8.88,0.0,0.2551696438476178,0.2970865513908307,0.24573127929962274,NEAR,NEAR,0.6,1,,,0.03,0
C2_n0.03_d000_r05,C2,202637,8.9,8.9,0.0,0.2572263051115258,0.24820617246737234,0.24635000259156015,NEAR,NEAR,0.6,1,,,0.03,0
C2_n0.03_d000_r05,C2,202637,8.92,8.92,0.0,0.25911895446541905,0.31061912842975997,0.2624172840511101,NEAR,NEAR,0.6,1,,,0.03,0
C2_n0.03_d000_r05,C2,202637,8.94,8.94,0.0,0.26080463537331855,0.18565816124845605,0.24322750335044657,NEAR,NEAR,0.6,1,,,0.03,0
C2_n0.03_d000_r05,C2,202637,8.96,8.96,0.0,0.2622450887607578,0.2907024914079948,0.25509625036483363,NEAR,NEAR,0.6,1,,,0.03,0
C2_n0.03_d000_r05,C2,202637,8.98,8.98,0.0,0.263407621362269,0.23452815125906137,0.24995422558839056,NEAR,NEAR,0.6,1,,,0.03,0
C2_n0.03_d000_r05,C2,202637,9.0,9.0,0.0,0.2642658477444273,0.25745706653976136,0.25182993582623325,NEAR,NEAR,0.6,1,,,0.03,0
C2_n0.03_d000_r05,C2,202637,9.02,9.02,0.0,0.264800289163118,0.25261540832823093,0.25202630395173264,NEAR,NEAR,0.6,1,,,0.03,0
C2_n0.03_d000_r05,C2,202637,9.04,9.04,0.0,0.2649988156630572,0.2678318177730645,0.2559776824070656,NEAR,NEAR,0.6,1,,,0.03,0
C2_n0.03_d000_r05,C2,202637,9.06,9.06,0.0,0.26485692138544975,0.2504528378043677,0.2545964712563911,NEAR,NEAR,0.6,1,,,0.03,0
C2_n0.03_d000_r05,C2,202637,9.08,9.08,0.0,0.2643778268352606,0.27963237443092326,0.26085544705002417,NEAR,NEAR,0.6,1,,,0.03,0
C2_n0.03_d000_r05,C2,202637,9.1,9.1,0.0,0.2635724057869903,0.30667084610657347,0.2723092968141615,NEAR,NEAR,0.6,1,,,0.03,0
C2_n0.03_d000_r05,C2,202637,9.12,9.12,0.0,0.2624589384879372,0.2557791769629654,0.2681767668513625,NEAR,NEAR,0.6,1,,,0.03,0
C2_n0.03_d000_r05,C2,202637,9.14,9.14,0.0,0.2610626967603726,0.3068431445965503,0.27784336128765946,NEAR,NEAR,0.6,1,,,0.03,0
C2_n0.03_d000_r05,C2,202637,9.16,9.16,0.0,0.25941537041936047,0.2513855074515254,0.27122889782862597,NEAR,NEAR,0.6,1,,,0.03,0
C2_n0.03_d000_r05,C2,202637,9.18,9.18,0.0,0.2575543480245365,0.2839745465570697,0.27441531001073693,NEAR,NEAR,0.6,1,,,0.03,0
C2_n0.03_d000_r05,C2,202637,9.2,9.2,0.0,0.25552186829027024,0.24004616467971004,0.2658230236779802,NEAR,NEAR,0.6,1,,,0.03,0
C2_n0.03_d000_r05,C2,202637,9.22,9.22,0.0,0.25336406141424067,0.23808414081631982,0.25888830296256515,NEAR,NEAR,0.6,1,,,0.03,0
C2_n0.03_d000_r05,C2,202637,9.24,9.24,0.0,0.25112990208291897,0.26453714027620046,0.26030051229097395,NEAR,NEAR,0.6,1,,,0.03,0
C2_n0.03_d000_r05,C2,202637,9.26,9.26,0.0,0.24887009791708103,0.30101271650376893,0.2704785633441727,NEAR,NEAR,0.6,1,,,0.03,0
C2_n0.03_d000_r05,C2,202637,9.28,9.28,0.0,0.24663593858575936,0.2053976749792181,0.25420834125293407,NEAR,NEAR,0.6,1,,,0.03,0
C2_n0.03_d000_r05,C2,202637,9.3,9.3,0.0,0.24447813170972976,0.15737297485686913,0.2299994996539178,NEAR,NEAR,0.6,1,,,0.03,0
C2_n0.03_d000_r05,C2,202637,9.32,9.32,0.0,0.24244565197546356,0.22797373183628217,0.2294930576995089,NEAR,NEAR,0.6,1,,,0.03,0
C2_n0.03_d000_r05,C2,202637,9.34,9.34,0.0,0.2405846295806395,0.26566318810488926,0.23853559030085397,NEAR,NEAR,0.6,1,,,0.03,0
C2_n0.03_d000_r05,C2,202637,9.36,9.36,0.0,0.23893730323962742,0.22759619300447909,0.23580074097676026,NEAR,NEAR,0.6,1,,,0.03,0
C2_n0.03_d000_r05,C2,202637,9.38,9.38,0.0,0.23754106151206275,0.2601120446149241,0.24187856688630122,NEAR,NEAR,0.6,1,,,0.03,0
C2_n0.03_d000_r05,C2,202637,9.4,9.4,0.0,0.23642759421300968,0.2487755587481495,0.24360281485176327,NEAR,NEAR,0.6,1,,,0.03,0
C2_n0.03_d000_r05,C2,202637,9.42,9.42,0.0,0.23562217316473935,0.23342299811870834,0.24105786066849955,NEAR,NEAR,0.6,1,,,0.03,0
C2_n0.03_d000_r05,C2,202637,9.44,9.44,0.0,0.23514307861455025,0.2005528341296761,0.23093160403379367,NEAR,NEAR,0.6,1,,,0.03,0
C2_n0.03_d000_r05,C2,202637,9.46,9.46,0.0,0.23500118433694275,0.3401359780898666,0.2582326975478119,NEAR,NEAR,0.6,1,,,0.03,0
C2_n0.03_d000_r05,C2,202637,9.48,9.48,0.0,0.235199710836882,0.23867984964902825,0.253344485573116,NEAR,NEAR,0.6,1,,,0.03,0
C2_n0.03_d000_r05,C2,202637,9.5,9.5,0.0,0.2357341522555727,0.26264333815036556,0.25566919871742844,NEAR,NEAR,0.6,1,,,0.03,0
C2_n0.03_d000_r05,C2,202637,9.52,9.52,0.0,0.23659237863773103,0.17503509475570975,0.23551067272699877,NEAR,NEAR,0.6,1,,,0.03,0
C2_n0.03_d000_r05,C2,202637,9.54,9.54,0.0,0.2377549112392422,0.22887554012951522,0.23385188957762787,NEAR,NEAR,0.6,1,,,0.03,0
C2_n0.03_d000_r05,C2,202637,9.56,9.56,0.0,0.23919536462668142,0.2180327733603349,0.22989711052330464,NEAR,NEAR,0.6,1,,,0.03,0
C2_n0.03_d000_r05,C2,202637,9.58,9.58,0.0,0.24088104553458092,0.2438374217913209,0.23338218834030872,NEAR,NEAR,0.6,1,,,0.03,0
C2_n0.03_d000_r05,C2,202637,9.6,9.6,0.0,0.24277369488847422,0.20421869361450726,0.22609131465885837,NEAR,NEAR,0.6,1,,,0.03,0
C2_n0.03_d000_r05,C2,202637,9.62,9.62,0.0,0.24483035615238213,0.24195658071339857,0.23005763117249342,NEAR,NEAR,0.6,1,,,0.03,0
C2_n0.03_d000_r05,C2,202637,9.64,9.64,0.0,0.24700435029228393,0.256051600128086,0.23655612341139154,NEAR,NEAR,0.6,1,,,0.03,0
C2_n0.03_d000_r05,C2,202637,9.66,9.66,0.0,0.24924633522730347,0.22345102460743285,0.23327984871040186,NEAR,NEAR,0.6,1,,,0.03,0
C2_n0.03_d000_r05,C2,202637,9.68,9.68,0.0,0.2515054257227682,0.2665657290490011,0.24160131879505167,NEAR,NEAR,0.6,1,,,0.03,0
C2_n0.03_d000_r05,C2,202637,9.7,9.7,0.0,0.25373034830747276,0.29484604069703635,0.2549124992705478,NEAR,NEAR,0.6,1,,,0.03,0
C2_n0.03_d000_r05,C2,202637,9.72,9.72,0.0,0.2558706050025581,0.28402935131729184,0.2621917122822338,NEAR,NEAR,0.6,1,,,0.03,0
C2_n0.03_d000_r05,C2,202637,9.74,9.74,0.0,0.25787761944941945,0.28351450079737667,0.2675224094110195,NEAR,NEAR,0.6,1,,,0.03,0
C2_n0.03_d000_r05,C2,202637,9.76,9.76,0.0,0.25970583942354164,0.2575581531440025,0.26503134534426526,NEAR,NEAR,0.6,1,,,0.03,0
C2_n0.03_d000_r05,C2,202637,9.78,9.78,0.0,0.2613137707110415,0.27289504424159905,0.26699727006859875,NEAR,NEAR,0.6,1,,,0.03,0
C2_n0.03_d000_r05,C2,202637,9.8,9.8,0.0,0.26266491888253024,0.2805466667799726,0.2703846192464422,NEAR,NEAR,0.6,1,,,0.03,0
C2_n0.03_d000_r05,C2,202637,9.82,9.82,0.0,0.26372861758931376,0.2914966768874504,0.27566263365669424,NEAR,NEAR,0.6,1,,,0.03,0
C2_n0.03_d000_r05,C2,202637,9.84,9.84,0.0,0.2644807245824991,0.27675021874736283,0.2759345299293614,NEAR,NEAR,0.6,1,,,0.03,0
C2_n0.03_d000_r05,C2,202637,9.86,9.86,0.0,0.2649041696578001,0.25663869572095693,0.2711105713772603,NEAR,NEAR,0.6,1,,,0.03,0
C2_n0.03_d000_r05,C2,202637,9.88,9.88,0.0,0.26498934208960884,0.2621785873615947,0.2688775753733439,NEAR,NEAR,0.6,1,,,0.03,0
C2_n0.03_d000_r05,C2,202637,9.9,9.9,0.0,0.26473430876093035,0.31606599046527495,0.28067467914632666,NEAR,NEAR,0.6,1,,,0.03,0
C2_n0.03_d000_r05,C2,202637,9.92,9.92,0.0,0.264144858038393,0.2535172957502052,0.2738853332972963,NEAR,NEAR,0.6,1,,,0.03,0
C2_n0.03_d000_r05,C2,202637,9.94,9.94,0.0,0.2632343683965243,0.2300011259975307,0.2629142814723549,NEAR,NEAR,0.6,1,,,0.03,0
C2_n0.03_d000_r05,C2,202637,9.96,9.96,0.0,0.2620235047730631,0.34505849684095025,0.28345033531450375,NEAR,NEAR,0.6,1,,,0.03,0
C2_n0.03_d000_r05,C2,202637,9.98,9.98,0.0,0.2605397495469827,0.25394170939351174,0.27607317883425575,NEAR,NEAR,0.6,1,,,0.03,0
C2_n0.03_d000_r05,C2,202637,10.0,10.0,0.0,0.2588167787843871,0.2246995813330117,0.26322977945894477,NEAR,NEAR,0.6,1,,,0.03,0
C2_n0.03_d000_r05,C2,202637,10.02,10.02,0.0,0.25689369790932237,0.2629605769270396,0.2631624788259685,NEAR,NEAR,0.6,1,,,0.03,0
C2_n0.03_d000_r05,C2,202637,10.04,10.04,0.0,0.25481415414710823,0.2374622357739622,0.2567374180629669,NEAR,NEAR,0.6,1,,,0.03,0
C2_n0.03_d000_r05,C2,202637,10.06,10.06,0.0,0.2526253458846291,0.2884568476149569,0.2646672754509644,NEAR,NEAR,0.6,1,,,0.03,0
C2_n0.03_d000_r05,C2,202637,10.08,10.08,0.0,0.25037695143165006,0.23002815650655606,0.2560074957148623,NEAR,NEAR,0.6,1,,,0.03,0
C2_n0.03_d000_r05,C2,202637,10.1,10.1,0.0,0.24812000149653549,0.22365756403305223,0.24792001279440978,NEAR,NEAR,0.6,1,,,0.03,0
C2_n0.03_d000_r05,C2,202637,10.12,10.12,0.0,0.24590572096724023,0.24112670186734708,0.2462216850626441,NEAR,NEAR,0.6,1,,,0.03,0
C2_n0.03_d000_r05,C2,202637,10.14,10.14,0.0,0.24378436628510067,0.24337849285317073,0.24551088701027576,NEAR,NEAR,0.6,1,,,0.03,0
C2_n0.03_d000_r05,C2,202637,10.16,10.16,0.0,0.24180408479898596,0.15566747891684485,0.22305003498691803,NEAR,NEAR,0.6,1,,,0.03,0
C2_n0.03_d000_r05,C2,202637,10.18,10.18,0.0,0.24000982198848625,0.25824033348151465,0.2318476096105672,NEAR,NEAR,0.6,1,,,0.03,0
C2_n0.03_d000_r05,C2,202637,10.2,10.2,0.0,0.23844230135836322,0.22880838677535603,0.23108780390176442,NEAR,NEAR,0.6,1,,,0.03,0
C2_n0.03_d000_r05,C2,202637,10.22,10.22,0.0,0.2371371001570952,0.23573562170094808,0.23224975835156034,NEAR,NEAR,0.6,1,,,0.03,0
C2_n0.03_d000_r05,C2,202637,10.24,10.24,0.0,0.23612384189748312,0.2013111333783794,0.22451510210826509,NEAR,NEAR,0.6,1,,,0.03,0
C2_n0.03_d000_r05,C2,202637,10.26,10.26,0.0,0.2354255240062799,0.24281113345946195,0.2290891099460643,NEAR,NEAR,0.6,1,,,0.03,0
C2_n0.03_d000_r05,C2,202637,10.28,10.28,0.0,0.23505799586285242,0.2569703287244566,0.23605941464066235,NEAR,NEAR,0.6,1,,,0.03,0
C2_n0.03_d000_r05,C2,202637,10.3,10.3,0.0,0.23502959907357593,0.15640885641580593,0.21614677508444824,NEAR,NEAR,0.6,1,,,0.03,0
C2_n0.03_d000_r05,C2,202637,10.32,10.32,0.0,0.23534097814647711,0.25793808144299185,0.22659460167408413,NEAR,NEAR,0.6,1,,,0.03,0
C2_n0.03_d000_r05,C2,202637,10.34,10.34,0.0,0.23598506586315082,0.222153896395515,0.22548442535444185,NEAR,NEAR,0.6,1,,,0.03,0
C2_n0.03_d000_r05,C2,202637,10.36,10.36,0.0,0.23694724367995706,0.23338029689596512,0.22745839323982264,NEAR,NEAR,0.6,1,,,0.03,0
C2_n0.03_d000_r05,C2,202637,10.38,10.38,0.0,0.23820567351795077,0.24149957125341232,0.23096868774322005,NEAR,NEAR,0.6,1,,,0.03,0
C2_n0.03_d000_r05,C2,202637,10.4,10.4,0.0,0.2397317934110697,0.19450504099824123,0.22185277605697534,NEAR,NEAR,0.6,1,,,0.03,0
C2_n0.03_d000_r05,C2,202637,10.42,10.42,0.0,0.24149096576309861,0.21724892020184242,0.22070181209319212,NEAR,NEAR,0.6,1,,,0.03,0
C2_n0.03_d000_r05,C2,202637,10.44,10.44,0.0,0.24344326350023596,0.22272936428504184,0.22120870014115457,NEAR,NEAR,0.6,1,,,0.03,0
C2_n0.03_d000_r05,C2,202637,10.46,10.46,0.0,0.2455443762763446,0.22021136696241694,0.22095936684647016,NEAR,NEAR,0.6,1,,,0.03,0
C2_n0.03_d000_r05,C2,202637,10.48,10.48,0.0,0.24774661616318866,0.245540824759889,0.22710473132482487,NEAR,NEAR,0.6,1,,,0.03,0
C2_n0.03_d000_r05,C2,202637,10.5,10.5,0.0,0.25,0.21420528133197778,0.2238798688266131,NEAR,NEAR,0.6,1,,,0.03,0
C2_n0.03_d000_r05,C2,202637,10.52,10.52,0.0,0.2522533838368113,0.23101591105120878,0.22566387938276203,NEAR,NEAR,0.6,1,,,0.03,0
C2_n0.03_d000_r05,C2,202637,10.54,10.54,0.0,0.2544556237236554,0.2798575184637423,0.2392122891530071,NEAR,NEAR,0.6,1,,,0.03,0
C2_n0.03_d000_r05,C2,202637,10.56,10.56,0.0,0.256556736499764,0.25868772388486055,0.24408114783597046,NEAR,NEAR,0.6,1,,,0.03,0
C2_n0.03_d000_r05,C2,202637,10.58,10.58,0.0,0.25850903423690136,0.2773885587100412,0.25240800055448814,NEAR,NEAR,0.6,1,,,0.03,0
C2_n0.03_d000_r05,C2,202637,10.6,10.6,0.0,0.2602682065889303,0.2719350651452038,0.2572897667021671,NEAR,NEAR,0.6,1,,,0.03,0
C2_n0.03_d000_r05,C2,202637,10.62,10.62,0.0,0.2617943264820492,0.23667672521019692,0.25213650632917456,NEAR,NEAR,0.6,1,,,0.03,0
C2_n0.03_d000_r05,C2,202637,10.64,10.64,0.0,0.26305275632004294,0.23178942289279567,0.24704973547007986,NEAR,NEAR,0.6,1,,,0.03,0
C2_n0.03_d000_r05,C2,202637,10.66,10.66,0.0,0.2640149341368492,0.2694229862104726,0.2526430481551781,NEAR,NEAR,0.6,1,,,0.03,0
C2_n0.03_d000_r05,C2,202637,10.68,10.68,0.0,0.2646590218535229,0.23919411974511023,0.2492808160526611,NEAR,NEAR,0.6,1,,,0.03,0
C2_n0.03_d000_r05,C2,202637,10.7,10.7,0.0,0.26497040092642404,0.29487408919740016,0.2606791343388459,NEAR,NEAR,0.6,1,,,0.03,0
C2_n0.03_d000_r05,C2,202637,10.72,10.72,0.0,0.2649420041371476,0.26197307043650053,0.26100261836325955,NEAR,NEAR,0.6,1,,,0.03,0
C2_n0.03_d000_r05,C2,202637,10.74,10.74,0.0,0.2645744759937201,0.27967339181587964,0.2656703117264146,NEAR,NEAR,0.6,1,,,0.03,0
C2_n0.03_d000_r05,C2,202637,10.76,10.76,0.0,0.26387615810251686,0.30070561783086086,0.2744291382525262,NEAR,NEAR,0.6,1,,,0.03,0
C2_n0.03_d000_r05,C2,202637,10.78,10.78,0.0,0.26286289984290484,0.27946137143528205,0.27568719654821516,NEAR,NEAR,0.6,1,,,0.03,0
C2_n0.03_d000_r05,C2,202637,10.8,10.8,0.0,0.2615576986416368,0.2760726895126072,0.2757835697893132,NEAR,NEAR,0.6,1,,,0.03,0
C2_n0.03_d000_r05,C2,202637,10.82,10.82,0.0,0.25999017801151375,0.22708615469855062,0.2636092160166225,NEAR,NEAR,0.6,1,,,0.03,0
C2_n0.03_d000_r05,C2,202637,10.84,10.84,0.0,0.25819591520101404,0.2435827477634023,0.25860259895331744,NEAR,NEAR,0.6,1,,,0.03,0
C2_n0.03_d000_r05,C2,202637,10.86,10.86,0.0,0.25621563371489936,0.22840344002685614,0.25105280922170214,NEAR,NEAR,0.6,1,,,0.03,0
C2_n0.03_d000_r05,C2,202637,10.88,10.88,0.0,0.2540942790327598,0.2549410138552247,0.25202486038008276,NEAR,NEAR,0.6,1,,,0.03,0
C2_n0.03_d000_r05,C2,202637,10.9,10.9,0.0,0.2518799985034645,0.33044511536311644,0.2716299241258412,NEAR,NEAR,0.6,1,,,0.03,0
C2_n0.03_d000_r05,C2,202637,10.92,10.92,0.0,0.24962304856834996,0.33128892242357344,0.28654467370027425,NEAR,NEAR,0.6,1,,,0.03,0
C2_n0.03_d000_r05,C2,202637,10.94,10.94,0.0,0.24737465411537093,0.2551598833682295,0.27869847611726306,NEAR,NEAR,0.6,1,,,0.03,0
C2_n0.03_d000_r05,C2,202637,10.96,10.96,0.0,0.24518584585289174,0.22331384268397428,0.26485231775894086,NEAR,NEAR,0.6,1,,,0.03,0
C2_n0.03_d000_r05,C2,202637,10.98,10.98,0.0,0.24310630209067766,0.22768606917517004,0.2555607556129982,NEAR,NEAR,0.6,1,,,0.03,0
C2_n0.03_d000_r05,C2,202637,11.0,11.0,0.0,0.24118322121561292,0.253494999768819,0.2550443166519534,NEAR,NEAR,0.6,1,,,0.03,0
C2_n0.03_d000_r05,C2,202637,11.02,11.02,0.0,0.2394602504530173,0.18643069988091782,0.23789091245919447,NEAR,NEAR,0.6,1,,,0.03,0
C2_n0.03_d000_r05,C2,202637,11.04,11.04,0.0,0.23797649522693692,0.2252106594402052,0.23472084920444716,NEAR,NEAR,0.6,1,,,0.03,0
C2_n0.03_d000_r05,C2,202637,11.06,11.06,0.0,0.2367656316034757,0.22646672168251977,0.23265731732396533,NEAR,NEAR,0.6,1,,,0.03,0
C2_n0.03_d000_r05,C2,202637,11.08,11.08,0.0,0.23585514196160703,0.2367441078801096,0.2336790149630014,NEAR,NEAR,0.6,1,,,0.03,0
C2_n0.03_d000_r05,C2,202637,11.1,11.1,0.0,0.23526569123906968,0.22320260825158833,0.23105991328514813,NEAR,NEAR,0.6,1,,,0.03,0
C2_n0.03_d000_r05,C2,202637,11.12,11.12,0.0,0.23501065791039116,0.20398191981455965,0.224290414917501,NEAR,NEAR,0.6,1,,,0.03,0
C2_n0.03_d000_r05,C2,202637,11.14,11.14,0.0,0.23509583034219989,0.26342673177895926,0.23407449413286557,NEAR,NEAR,0.6,1,,,0.03,0
C2_n0.03_d000_r05,C2,202637,11.16,11.16,0.0,0.2355192754175009,0.2453037491428992,0.23688180788537397,NEAR,NEAR,0.6,1,,,0.03,0
C2_n0.03_d000_r05,C2,202637,11.18,11.18,0.0,0.2362713824106862,0.2367625929540873,0.2368520041525523,NEAR,NEAR,0.6,1,,,0.03,0
C2_n0.03_d000_r05,C2,202637,11.2,11.2,0.0,0.23733508111746973,0.2529332739449299,0.2408723216006467,NEAR,NEAR,0.6,1,,,0.03,0
C2_n0.03_d000_r05,C2,202637,11.22,11.22,0.0,0.23868622928895847,0.23812808810332065,0.24018626322631517,NEAR,NEAR,0.6,1,,,0.03,0
C2_n0.03_d000_r05,C2,202637,11.24,11.24,0.0,0.24029416057645833,0.22722405866509976,0.2369457120860113,NEAR,NEAR,0.6,1,,,0.03,0
C2_n0.03_d000_r05,C2,202637,11.26,11.26,0.0,0.24212238055058055,0.2628057617456177,0.2434107245009129,NEAR,NEAR,0.6,1,,,0.03,0
C2_n0.03_d000_r05,C2,202637,11.28,11.28,0.0,0.2441293949974419,0.21616614947377197,0.23659958074412765,NEAR,NEAR,0.6,1,,,0.03,0
C2_n0.03_d000_r05,C2,202637,11.3,11.3,0.0,0.24626965169252724,0.22530605498075806,0.23377619930328525,NEAR,NEAR,0.6,1,,,0.03,0
C2_n0.03_d000_r05,C2,202637,11.32,11.32,0.0,0.2484945742772318,0.21069804307928858,0.2280066602472861,NEAR,NEAR,0.6,1,,,0.03,0
C2_n0.03_d000_r05,C2,202637,11.34,11.34,0.0,0.25075366477269656,0.3172851354059489,0.2503262790369518,NEAR,NEAR,0.6,1,,,0.03,0
C2_n0.03_d000_r05,C2,202637,11.36,11.36,0.0,0.252995649707716,0.2737477381653424,0.25618164381904945,NEAR,NEAR,0.6,1,,,0.03,0
C2_n0.03_d000_r05,C2,202637,11.38,11.38,0.0,0.2551696438476178,0.2679627655435088,0.2591269242501643,NEAR,NEAR,0.6,1,,,0.03,0
C2_n0.03_d000_r05,C2,202637,11.4,11.4,0.0,0.2572263051115258,0.28218186592065614,0.26489065966778724,NEAR,NEAR,0.6,1,,,0.03,0
C2_n0.03_d000_r05,C2,202637,11.42,11.42,0.0,0.25911895446541905,0.2909724912128679,0.2714111175540574,NEAR,NEAR,0.6,1,,,0.03,0
C2_n0.03_d000_r05,C2,202637,11.44,11.44,0.0,0.26080463537331855,0.2816727511084116,0.27397652594264593,NEAR,NEAR,0.6,1,,,0.03,0
C2_n0.03_d000_r05,C2,202637,11.46,11.46,0.0,0.2622450887607578,0.26489632078042136,0.2717064746520898,NEAR,NEAR,0.6,1,,,0.03,0
C2_n0.03_d000_r05,C2,202637,11.48,11.48,0.0,0.263407621362269,0.22879326286909035,0.2609781717063399,NEAR,NEAR,0.6,1,,,0.03,0
C2_n0.03_d000_r05,C2,202637,11.5,11.5,0.0,0.2642658477444273,0.2944145302722334,0.2693372613478133,NEAR,NEAR,0.6,1,,,0.03,0
C2_n0.03_d000_r05,C2,202637,11.52,11.52,0.0,0.264800289163118,0.23988748236855728,0.26197481660299926,NEAR,NEAR,0.6,1,,,0.03,0
C2_n0.03_d000_r05,C2,202637,11.54,11.54,0.0,0.2649988156630572,0.28699590920986184,0.2682300897547149,NEAR,NEAR,0.6,1,,,0.03,0
C2_n0.03_d000_r05,C2,202637,11.56,11.56,0.0,0.26485692138544975,0.2887442694458433,0.273358634677497,NEAR,NEAR,0.6,1,,,0.03,0
C2_n0.03_d000_r05,C2,202637,11.58,11.58,0.0,0.2643778268352606,0.24487628742701303,0.266238047864876,NEAR,NEAR,0.6,1,,,0.03,0
C2_n0.03_d000_r05,C2,202637,11.6,11.6,0.0,0.2635724057869903,0.26727314323301665,0.26649682170691114,NEAR,NEAR,0.6,1,,,0.03,0
C2_n0.03_d000_r05,C2,202637,11.62,11.62,0.0,0.2624589384879373,0.31194115396962063,0.27785790477258854,NEAR,NEAR,0.6,1,,,0.03,0
C2_n0.03_d000_r05,C2,202637,11.64,11.64,0.0,0.2610626967603726,0.22424599980184107,0.26445492852990166,NEAR,NEAR,0.6,1,,,0.03,0
C2_n0.03_d000_r05,C2,202637,11.66,11.66,0.0,0.2594153704193605,0.3083955707571388,0.27544008908671097,NEAR,NEAR,0.6,1,,,0.03,0
C2_n0.03_d000_r05,C2,202637,11.68,11.68,0.0,0.2575543480245365,0.2582703689905044,0.2711476590626593,NEAR,NEAR,0.6,1,,,0.03,0
C2_n0.03_d000_r05,C2,202637,11.7,11.7,0.0,0.25552186829027024,0.25466593131520776,0.2670272271257964,NEAR,NEAR,0.6,1,,,0.03,0
C2_n0.03_d000_r05,C2,202637,11.72,11.72,0.0,0.25336406141424067,0.2669580477007235,0.2670099322695282,NEAR,NEAR,0.6,1,,,0.03,0
C2_n0.03_d000_r05,C2,202637,11.74,11.74,0.0,0.25112990208291897,0.22270571648090615,0.2559338783223727,NEAR,NEAR,0.6,1,,,0.03,0
C2_n0.03_d000_r05,C2,202637,11.76,11.76,0.0,0.24887009791708103,0.2317140094762648,0.2498789111108457,NEAR,NEAR,0.6,1,,,0.03,0
C2_n0.03_d000_r05,C2,202637,11.78,11.78,0.0,0.24663593858575936,0.27038851171287637,0.25500631126135337,NEAR,NEAR,0.6,1,,,0.03,0
C2_n0.03_d000_r05,C2,202637,11.8,11.8,0.0,0.2444781317097298,0.2510046168346674,0.25400588765468185,NEAR,NEAR,0.6,1,,,0.03,0
C2_n0.03_d000_r05,C2,202637,11.82,11.82,0.0,0.24244565197546356,0.2533585066371074,0.25384404240028824,NEAR,NEAR,0.6,1,,,0.03,0
C2_n0.03_d000_r05,C2,202637,11.84,11.84,0.0,0.2405846295806395,0.23086368745978048,0.2480989536651613,NEAR,NEAR,0.6,1,,,0.03,0
C2_n0.03_d000_r05,C2,202637,11.86,11.86,0.0,0.23893730323962745,0.19479662900711653,0.2347733725006501,NEAR,NEAR,0.6,1,,,0.03,0
C2_n0.03_d000_r05,C2,202637,11.88,11.88,0.0,0.23754106151206278,0.20300697264302717,0.22683177253624437,NEAR,NEAR,0.6,1,,,0.03,0
C2_n0.03_d000_r05,C2,202637,11.9,11.9,0.0,0.23642759421300968,0.2595007678249443,0.23499902135841938,NEAR,NEAR,0.6,1,,,0.03,0
C2_n0.03_d000_r05,C2,202637,11.92,11.92,0.0,0.23562217316473938,0.24940716812417266,0.23860105804985768,NEAR,NEAR,0.6,1,,,0.03,0
C2_n0.03_d000_r05,C2,202637,11.94,11.94,0.0,0.23514307861455025,0.2505238990040525,0.24158176828840638,NEAR,NEAR,0.6,1,,,0.03,0
C2_n0.03_d000_r05,C2,202637,11.96,11.96,0.0,0.23500118433694275,0.23903671248367728,0.24094550433722411,NEAR,NEAR,0.6,1,,,0.03,0
C2_n0.03_d000_r05,C2,202637,11.98,11.98,0.0,0.235199710836882,0.1445047450401955,0.21683531451296695,NEAR,NEAR,0.6,1,,,0.03,0
C2_n0.03_d000_r05,C2,202637,12.0,12.0,0.0,0.25,0.26510568416768865,0.2289029069266474,NEAR,NEAR,0.6,1,,,0.03,0
C2_n0.03_d000_r05,C2,202637,12.02,12.02,0.0,0.25175,0.25307873386881574,0.23494686366218948,NEAR,NEAR,0.6,1,,,0.03,0
C2_n0.03_d000_r05,C2,202637,12.04,12.04,0.0,0.25349999999999995,0.20470384036760744,0.227386107838544,NEAR,NEAR,0.6,1,,,0.03,0
C2_n0.03_d000_r05,C2,202637,12.06,12.06,0.0,0.25525000000000003,0.2932990397067087,0.24386434080558517,NEAR,NEAR,0.6,1,,,0.03,0
C2_n0.03_d000_r05,C2,202637,12.08,12.08,0.0,0.257,0.2573664220756807,0.24723986112310906,NEAR,NEAR,0.6,1,,,0.03,0
C2_n0.03_d000_r05,C2,202637,12.1,12.1,0.0,0.25875,0.26654258015525945,0.25206554088114663,NEAR,NEAR,0.6,1,,,0.03,0
C2_n0.03_d000_r05,C2,202637,12.12,12.12,0.0,0.26049999999999995,0.30373032842858,0.264981737768005,NEAR,NEAR,0.6,1,,,0.03,0
C2_n0.03_d000_r05,C2,202637,12.14,12.14,0.0,0.26225000000000004,0.2488223268258746,0.2609418850324724,NEAR,NEAR,0.6,1,,,0.03,0
C2_n0.03_d000_r05,C2,202637,12.16,12.16,0.0,0.264,0.24184252473344425,0.25616704495771536,NEAR,NEAR,0.6,1,,,0.03,0
C2_n0.03_d000_r05,C2,202637,12.18,12.18,0.0,0.26575,0.2665153630531053,0.2587541244815629,NEAR,NEAR,0.6,1,,,0.03,0
C2_n0.03_d000_r05,C2,202637,12.2,12.2,0.0,0.26749999999999996,0.2648819024054388,0.26028606896253187,NEAR,NEAR,0.6,1,,,0.03,0
C2_n0.03_d000_r05,C2,202637,12.22,12.22,0.0,0.26925000000000004,0.266421261694251,0.2618198671454616,NEAR,NEAR,0.6,1,,,0.03,0
C2_n0.03_d000_r05,C2,202637,12.24,12.24,0.0,0.271,0.3059772284102301,0.2728592074616537,NEAR,NEAR,0.6,1,,,0.03,0
C2_n0.03_d000_r05,C2,202637,12.26,12.26,0.0,0.27275,0.26628736395230584,0.27121624658431676,NEAR,NEAR,0.6,1,,,0.03,0
C2_n0.03_d000_r05,C2,202637,12.28,12.28,0.0,0.27449999999999997,0.2850800131451866,0.2746821882245342,NEAR,NEAR,0.6,1,,,0.03,0
C2_n0.03_d000_r05,C2,202637,12.3,12.3,0.0,0.27625000000000005,0.2991482406353848,0.2807987013272468,NEAR,NEAR,0.6,1,,,0.03,0
C2_n0.03_d000_r05,C2,202637,12.32,12.32,0.0,0.278,0.28151455955453514,0.2809776658840689,NEAR,NEAR,0.6,1,,,0.03,0
C2_n0.03_d000_r05,C2,202637,12.34,12.34,0.0,0.27975,0.23048810659125207,0.26835527606086473,NEAR,NEAR,0.6,1,,,0.03,0
C2_n0.03_d000_r05,C2,202637,12.36,12.36,0.0,0.2815,0.29527987168847164,0.2750864249677665,NEAR,NEAR,0.6,1,,,0.03,0
C2_n0.03_d000_r05,C2,202637,12.38,12.38,0.0,0.28325000000000006,0.2800425492246398,0.2763254560319848,NEAR,NEAR,0.6,1,,,0.03,0
C2_n0.03_d000_r05,C2,202637,12.4,12.4,0.0,0.28500000000000003,0.27048908658981186,0.27486636367144157,NEAR,NEAR,0.6,1,,,0.03,0
C2_n0.03_d000_r05,C2,202637,12.42,12.42,0.0,0.28675,0.2600367807326,0.27115896793673117,NEAR,NEAR,0.6,1,,,0.03,0
C2_n0.03_d000_r05,C2,202637,12.44,12.44,0.0,0.2885,0.27718936412732686,0.2726665669843801,NEAR,NEAR,0.6,1,,,0.03,0
C2_n0.03_d000_r05,C2,202637,12.46,12.46,0.0,0.29025000000000006,0.26549432795552197,0.2708735072271655,NEAR,NEAR,0.6,1,,,0.03,0
C2_n0.03_d000_r05,C2,202637,12.48,12.48,0.0,0.29200000000000004,0.30081533324192283,0.27835896373085484,NEAR,NEAR,0.6,1,,,0.03,0
C2_n0.03_d000_r05,C2,202637,12.5,12.5,0.0,0.29375,0.3461811930532221,0.2953145210614467,NEAR,NEAR,0.6,1,,,0.03,0
C2_n0.03_d000_r05,C2,202637,12.52,12.52,0.0,0.2955,0.2891969017513897,0.29378511623393244,NEAR,NEAR,0.6,1,,,0.03,0
C2_n0.03_d000_r05,C2,202637,12.54,12.54,0.0,0.2972499999999999,0.28745162985870587,0.2922017446401258,NEAR,NEAR,0.6,1,,,0.03,0
C2_n0.03_d000_r05,C2,202637,12.56,12.56,0.0,0.29900000000000004,0.35702856261644755,0.3084084491342063,NEAR,NEAR,0.6,1,,,0.03,0
C2_n0.03_d000_r05,C2,202637,12.58,12.58,0.0,0.30075,0.27526196468415876,0.3001218280216944,NEAR,NEAR,0.6,1,,,0.03,0
C2_n0.03_d000_r05,C2,202637,12.6,12.6,0.0,0.3025,0.3217499015063448,0.305528846392857,NEAR,NEAR,0.6,1,,,0.03,0
C2_n0.03_d000_r05,C2,202637,12.62,12.62,0.0,0.3042499999999999,0.3785028333928054,0.3237723431428441,NEAR,NEAR,0.6,1,,,0.03,0
C2_n0.03_d000_r05,C2,202637,12.64,12.64,0.0,0.30600000000000005,0.3451539893762803,0.32911775470120314,NEAR,NEAR,0.6,1,,,0.03,0
C2_n0.03_d000_r05,C2,202637,12.66,12.66,0.0,0.30775,0.31600275194783095,0.3258390040128601,NEAR,NEAR,0.6,1,,,0.03,0
C2_n0.03_d000_r05,C2,202637,12.68,12.68,0.0,0.3095,0.3586181078775409,0.3340337799790303,NEAR,NEAR,0.6,1,,,0.03,0
C2_n0.03_d000_r05,C2,202637,12.7,12.7,0.0,0.3112499999999999,0.27922548616311343,0.32033170652505105,NEAR,NEAR,0.6,1,,,0.03,0
C2_n0.03_d000_r05,C2,202637,12.72,12.72,0.0,0.31300000000000006,0.3033833120989378,0.31609460791852273,NEAR,NEAR,0.6,1,,,0.03,0
C2_n0.03_d000_r05,C2,202637,12.74,12.74,0.0,0.31475000000000003,0.32455228840112404,0.31820902803917306,NEAR,NEAR,0.6,1,,,0.03,0
C2_n0.03_d000_r05,C2,202637,12.76,12.76,0.0,0.3165,0.3254767891846987,0.32002596832555447,NEAR,NEAR,0.6,1,,,0.03,0
C2_n0.03_d000_r05,C2,202637,12.78,12.78,0.0,0.3182499999999999,0.32258329227468135,0.3206652993128362,NEAR,NEAR,0.6,1,,,0.03,0
C2_n0.03_d000_r05,C2,202637,12.8,12.8,0.0,0.32000000000000006,0.32143576947232566,0.3208579168527086,NEAR,NEAR,0.6,1,,,0.03,0
C2_n0.03_d000_r05,C2,202637,12.82,12.82,0.0,0.32175000000000004,0.2508195857419532,0.3033483340750197,NEAR,NEAR,0.6,1,,,0.03,0
C2_n0.03_d000_r05,C2,202637,12.84,12.84,0.0,0.3235,0.32249659554755367,0.3081353994431532,NEAR,NEAR,0.6,1,,,0.03,0
C2_n0.03_d000_r05,C2,202637,12.86,12.86,0.0,0.32524999999999993,0.30665920060462715,0.3077663497335217,NEAR,NEAR,0.6,1,,,0.03,0
C2_n0.03_d000_r05,C2,202637,12.88,12.88,0.0,0.32700000000000007,0.286592601237605,0.3024729126095425,NEAR,NEAR,0.6,1,,,0.03,0
C2_n0.03_d000_r05,C2,202637,12.9,12.9,0.0,0.32875000000000004,0.2997534996372028,0.3017930593664576,NEAR,NEAR,0.6,1,,,0.03,0
C2_n0.03_d000_r05,C2,202637,12.92,12.92,0.0,0.3305,0.3134077497849473,0.30469673197108005,NEAR,NEAR,0.6,1,,,0.03,0
C2_n0.03_d000_r05,C2,202637,12.94,12.94,0.0,0.33224999999999993,0.31195678215907824,0.3065117445180796,NEAR,NEAR,0.6,1,,,0.03,0
C2_n0.03_d000_r05,C2,202637,12.96,12.96,0.0,0.3340000000000001,0.3287495589488408,0.3120711981257699,NEAR,NEAR,0.6,1,,,0.03,0
C2_n0.03_d000_r05,C2,202637,12.98,12.98,0.0,0.33575000000000005,0.3473869397650824,0.320900133535598,NEAR,NEAR,0.6,1,,,0.03,0
C2_n0.03_d000_r05,C2,202637,13.0,13.0,0.0,0.3375,0.36819844765365756,0.3327247120651129,NEAR,NEAR,0.6,1,,,0.03,0
C2_n0.03_d000_r05,C2,202637,13.02,13.02,0.0,0.33924999999999994,0.3154412237217967,0.32840383997928385,NEAR,NEAR,0.6,1,,,0.03,0
C2_n0.03_d000_r05,C2,202637,13.04,13.04,0.0,0.3409999999999999,0.3596100551510679,0.33620539377222985,NEAR,NEAR,0.6,1,,,0.03,0
C2_n0.03_d000_r05,C2,202637,13.06,13.06,0.0,0.34275000000000005,0.4011524321167739,0.3524421533583659,NEAR,NEAR,0.6,1,,,0.03,0
C2_n0.03_d000_r05,C2,202637,13.08,13.08,0.0,0.34450000000000003,0.3724344306890824,0.357440222691045,NEAR,NEAR,0.6,1,,,0.03,0
C2_n0.03_d000_r05,C2,202637,13.1,13.1,0.0,0.34624999999999995,0.27178527411311104,0.3360264855465615,NEAR,NEAR,0.6,1,,,0.03,0
C2_n0.03_d000_r05,C2,202637,13.12,13.12,0.0,0.3479999999999999,0.33046281151649376,0.33463556703904457,NEAR,NEAR,0.6,1,,,0.03,0
C2_n0.03_d000_r05,C2,202637,13.14,13.14,0.0,0.34975000000000006,0.3148295951992899,0.3296840740791059,NEAR,NEAR,0.6,1,,,0.03,0
C2_n0.03_d000_r05,C2,202637,13.16,13.16,0.0,0.35150000000000003,0.3929676707038024,0.34550497323528,FAR,NEAR,0.6,1,,,0.03,0
C2_n0.03_d000_r05,C2,202637,13.18,13.18,0.0,0.35324999999999995,0.40260421328960777,0.35977978324886195,FAR,NEAR,0.6,1,,,0.03,0
C2_n0.03_d000_r05,C2,202637,13.2,13.2,0.0,0.3549999999999999,0.3298437938334653,0.3522957858950128,FAR,NEAR,0.6,1,,,0.03,0
C2_n0.03_d000_r05,C2,202637,13.22,13.22,0.0,0.35675000000000007,0.4107908479561039,0.36691955141028554,FAR,NEAR,0.6,1,,,0.03,0
C2_n0.03_d000_r05,C2,202637,13.24,13.24,0.0,0.35850000000000004,0.31619100688926133,0.35423741528002944,FAR,NEAR,0.6,1,,,0.03,0
C2_n0.03_d000_r05,C2,202637,13.26,13.26,0.0,0.36024999999999996,0.36474482440250644,0.3568642675606487,FAR,NEAR,0.6,1,,,0.03,0
C2_n0.03_d000_r05,C2,202637,13.28,13.28,0.0,0.36199999999999993,0.4149239196081055,0.37137918057251296,FAR,NEAR,0.6,1,,,0.03,0
C2_n0.03_d000_r05,C2,202637,13.3,13.3,0.0,0.3637500000000001,0.33502624265037445,0.3622909460919783,FAR,NEAR,0.6,1,,,0.03,0
C2_n0.03_d000_r05,C2,202637,13.32,13.32,0.0,0.36550000000000005,0.3470555036059855,0.3584820854704801,FAR,NEAR,0.6,1,,,0.03,0
C2_n0.03_d000_r05,C2,202637,13.34,13.34,0.0,0.36724999999999997,0.34570270872899567,0.355287241285109,FAR,NEAR,0.6,1,,,0.03,0
C2_n0.03_d000_r05,C2,202637,13.36,13.36,0.0,0.36899999999999994,0.3523130125059368,0.354543684090316,FAR,NEAR,0.6,1,,,0.03,0
C2_n0.03_d000_r05,C2,202637,13.38,13.38,0.0,0.3707500000000001,0.3560104440872771,0.3549103740895563,FAR,NEAR,0.6,1,,,0.03,0
C2_n0.03_d000_r05,C2,202637,13.4,13.4,0.0,0.37250000000000005,0.4167665052420182,0.37037440687767176,FAR,NEAR,0.6,1,,,0.03,0
C2_n0.03_d000_r05,C2,202637,13.42,13.42,0.0,0.37424999999999997,0.31573324554577986,0.35671411654469876,FAR,NEAR,0.6,1,,,0.03,0
C2_n0.03_d000_r05,C2,202637,13.44,13.44,0.0,0.37599999999999995,0.3613607544203696,0.3578757760136165,FAR,NEAR,0.6,1,,,0.03,0
C2_n0.03_d000_r05,C2,202637,13.46,13.46,0.0,0.37775000000000003,0.404813521122269,0.3696102122907796,FAR,NEAR,0.6,1,,,0.03,0
C2_n0.03_d000_r05,C2,202637,13.48,13.48,0.0,0.37950000000000006,0.38987916731919164,0.37467745104788264,FAR,NEAR,0.6,1,,,0.03,0
C2_n0.03_d000_r05,C2,202637,13.5,13.5,0.0,0.38125,0.3559779378310701,0.3700025727436795,FAR,NEAR,0.6,1,,,0.03,0
C2_n0.03_d000_r05,C2,202637,13.52,13.52,0.0,0.38299999999999995,0.4201357504335203,0.3825358671661397,FAR,FAR,0.0,1,EXIT_NEAR,,0.03,0
C2_n0.03_d000_r05,C2,202637,13.54,13.54,0.0,0.3847499999999999,0.3567636830202187,0.37609282112965947,FAR,FAR,0.0,1,,,0.03,0
C2_n0.03_d000_r05,C2,202637,13.56,13.56,0.0,0.38650000000000007,0.42733076111444784,0.3889023061258566,FAR,FAR,0.0,1,,,0.03,0
C2_n0.03_d000_r05,C2,202637,13.58,13.58,0.0,0.38825,0.3596627679318634,0.3815924215773583,FAR,FAR,0.0,1,,,0.03,0
C2_n0.03_d000_r05,C2,202637,13.6,13.6,0.0,0.38999999999999996,0.39286215817821535,0.3844098557275726,FAR,FAR,0.0,1,,,0.03,0
C2_n0.03_d000_r05,C2,202637,13.62,13.62,0.0,0.39174999999999993,0.3827779024895685,0.3840018674180716,FAR,FAR,0.0,1,,,0.03,0
C2_n0.03_d000_r05,C2,202637,13.64,13.64,0.0,0.39350000000000007,0.3815865246235846,0.3833980317194498,FAR,FAR,0.0,1,,,0.03,0
C2_n0.03_d000_r05,C2,202637,13.66,13.66,0.0,0.39525,0.38357309506627174,0.38344179755615526,FAR,FAR,0.0,1,,,0.03,0
C2_n0.03_d000_r05,C2,202637,13.68,13.68,0.0,0.39699999999999996,0.38036847894964554,0.38267346790452783,FAR,FAR,0.0,1,,,0.03,0
C2_n0.03_d000_r05,C2,202637,13.7,13.7,0.0,0.39874999999999994,0.3618611182000548,0.3774703804784096,FAR,FAR,0.0,1,,,0.03,0
C2_n0.03_d000_r05,C2,202637,13.72,13.72,0.0,0.4005000000000001,0.4251841348935229,0.3893988190821879,FAR,FAR,0.0,1,,,0.03,0
C2_n0.03_d000_r05,C2,202637,13.74,13.74,0.0,0.40225,0.3954374784285415,0.3909084839187763,FAR,FAR,0.0,1,,,0.03,0
C2_n0.03_d000_r05,C2,202637,13.76,13.76,0.0,0.40399999999999997,0.3962752329721887,0.39225017118212946,FAR,FAR,0.0,1,,,0.03,0
C2_n0.03_d000_r05,C2,202637,13.78,13.78,0.0,0.40574999999999994,0.4017441932843854,0.3946236767076934,FAR,FAR,0.0,1,,,0.03,0
C2_n0.03_d000_r05,C2,202637,13.8,13.8,0.0,0.4075000000000001,0.4251192720983778,0.4022475755553645,FAR,FAR,0.0,1,,,0.03,0
C2_n0.03_d000_r05,C2,202637,13.82,13.82,0.0,0.40925,0.4061792413318505,0.403230491999486,FAR,FAR,0.0,1,,,0.03,0
C2_n0.03_d000_r05,C2,202637,13.84,13.84,0.0,0.411,0.3702347621949455,0.3949815595483509,FAR,FAR,0.0,1,,,0.03,0
C2_n0.03_d000_r05,C2,202637,13.86,13.86,0.0,0.41274999999999995,0.3915760388909517,0.39413017938400113,FAR,FAR,0.0,1,,,0.03,0
C2_n0.03_d000_r05,C2,202637,13.88,13.88,0.0,0.4145000000000001,0.4177087164521006,0.40002481365102605,FAR,FAR,0.0,1,,,0.03,0
C2_n0.03_d000_r05,C2,202637,13.9,13.9,0.0,0.41625,0.35076076755929453,0.38770880212809317,FAR,FAR,0.0,1,,,0.03,0
C2_n0.03_d000_r05,C2,202637,13.92,13.92,0.0,0.418,0.4064861255244368,0.39240313297717905,FAR,FAR,0.0,1,,,0.03,0
C2_n0.03_d000_r05,C2,202637,13.94,13.94,0.0,0.41974999999999996,0.434482164941478,0.4029228909682538,FAR,FAR,0.0,1,,,0.03,0
C2_n0.03_d000_r05,C2,202637,13.96,13.96,0.0,0.4215000000000001,0.3762190133944865,0.39624692157481195,FAR,FAR,0.0,1,,,0.03,0
C2_n0.03_d000_r05,C2,202637,13.98,13.98,0.0,0.42325,0.39508075031376505,0.3959553787595502,FAR,FAR,0.0,1,,,0.03,0
C2_n0.03_d000_r05,C2,202637,14.0,14.0,0.0,0.425,0.3802804809613225,0.3920366543099933,FAR,FAR,0.0,1,,,0.03,0
C2_n0.03_d000_r05,C2,202637,14.02,14.02,0.0,0.42674999999999996,0.48113815743180927,0.41431203009044726,FAR,FAR,0.0,1,,,0.03,0
C2_n0.03_d000_r05,C2,202637,14.04,14.04,0.0,0.4284999999999999,0.4506360139025485,0.42339302604347256,FAR,FAR,0.0,1,,,0.03,0
C2_n0.03_d000_r05,C2,202637,14.06,14.06,0.0,0.43025,0.4520682124140232,0.4305618226361102,FAR,FAR,0.0,1,,,0.03,0
C2_n0.03_d000_r05,C2,202637,14.08,14.08,0.0,0.432,0.40844873677423177,0.42503355117064057,FAR,FAR,0.0,1,,,0.03,0
C2_n0.03_d000_r05,C2,202637,14.1,14.1,0.0,0.43374999999999997,0.4136991604787057,0.4221999534976568,FAR,FAR,0.0,1,,,0.03,0
C2_n0.03_d000_r05,C2,202637,14.12,14.12,0.0,0.4354999999999999,0.42449925347114636,0.4227747784910292,FAR,FAR,0.0,1,,,0.03,0
C2_n0.03_d000_r05,C2,202637,14.14,14.14,0.0,0.43725,0.47873228949059565,0.4367641562409208,FAR,FAR,0.0,1,,,0.03,0
C2_n0.03_d000_r05,C2,202637,14.16,14.16,0.0,0.439,0.45336563863921203,0.4409145268404936,FAR,FAR,0.0,1,,,0.03,0
C2_n0.03_d000_r05,C2,202637,14.18,14.18,0.0,0.44075,0.39511149060734024,0.42946376778220524,FAR,FAR,0.0,1,,,0.03,0
C2_n0.03_d000_r05,C2,202637,14.2,14.2,0.0,0.4424999999999999,0.4434036509143987,0.4329487385652536,FAR,FAR,0.0,1,,,0.03,0
C2_n0.03_d000_r05,C2,202637,14.22,14.22,0.0,0.44425000000000003,0.368785848591128,0.41690801607172223,FAR,FAR,0.0,1,,,0.03,0
C2_n0.03_d000_r05,C2,202637,14.24,14.24,0.0,0.446,0.4094555989640525,0.4150449117948048,FAR,FAR,0.0,1,,,0.03,0
C2_n0.03_d000_r05,C2,202637,14.26,14.26,0.0,0.44775,0.48129715173657267,0.4316079717802468,FAR,FAR,0.0,1,,,0.03,0
C2_n0.03_d000_r05,C2,202637,14.28,14.28,0.0,0.4494999999999999,0.38201926889758564,0.4192107960595815,FAR,FAR,0.0,1,,,0.03,0
C2_n0.03_d000_r05,C2,202637,14.3,14.3,0.0,0.45125000000000004,0.45234757903313644,0.42749499180297024,FAR,FAR,0.0,1,,,0.03,0
C2_n0.03_d000_r05,C2,202637,14.32,14.32,0.0,0.453,0.47091496881548034,0.43834998605609776,FAR,FAR,0.0,1,,,0.03,0
C2_n0.03_d000_r05,C2,202637,14.34,14.34,0.0,0.45475,0.4533150569480154,0.44209125377907715,FAR,FAR,0.0,1,,,0.03,0
C2_n0.03_d000_r05,C2,202637,14.36,14.36,0.0,0.4564999999999999,0.43600428920429124,0.4405695126353807,FAR,FAR,0.0,1,,,0.03,0
C2_n0.03_d000_r05,C2,202637,14.38,14.38,0.0,0.45825000000000005,0.4398266761856583,0.44038380352295003,FAR,FAR,0.0,1,,,0.03,0
C2_n0.03_d000_r05,C2,202637,14.4,14.4,0.0,0.46,0.4273173176201713,0.4371171820472553,FAR,FAR,0.0,1,,,0.03,0
C2_n0.03_d000_r05,C2,202637,14.42,14.42,0.0,0.46175,0.48836405386906406,0.4499289000027075,FAR,FAR,0.0,1,,,0.03,0
C2_n0.03_d000_r05,C2,202637,14.44,14.44,0.0,0.4634999999999999,0.5170586226916889,0.46671133067495285,FAR,FAR,0.0,1,,,0.03,0
C2_n0.03_d000_r05,C2,202637,14.46,14.46,0.0,0.46525000000000005,0.49562924767977684,0.47394080992615883,FAR,FAR,0.0,1,,,0.03,0
C2_n0.03_d000_r05,C2,202637,14.48,14.48,0.0,0.467,0.4418106152175453,0.4659082612490054,FAR,FAR,0.0,1,,,0.03,0
C2_n0.03_d000_r05,C2,202637,14.5,14.5,0.0,0.46875,0.5253107149106683,0.48075887466442113,FAR,FAR,0.0,1,,,0.03,0
C2_n0.03_d000_r05,C2,202637,14.52,14.52,0.0,0.4704999999999999,0.4635883639453256,0.47646624698464723,FAR,FAR,0.0,1,,,0.03,0
C2_n0.03_d000_r05,C2,202637,14.54,14.54,0.0,0.47224999999999995,0.4380615619549199,0.4668650757272154,FAR,FAR,0.0,1,,,0.03,0
C2_n0.03_d000_r05,C2,202637,14.56,14.56,0.0,0.47400000000000003,0.4928739294660241,0.47336728916191756,FAR,FAR,0.0,1,,,0.03,0
C2_n0.03_d000_r05,C2,202637,14.58,14.58,0.0,0.47575,0.4519689954306197,0.46801771572909306,FAR,FAR,0.0,1,,,0.03,0
C2_n0.03_d000_r05,C2,202637,14.6,14.6,0.0,0.4774999999999999,0.5258203886071031,0.4824683839485956,FAR,FAR,0.0,1,,,0.03,0
C2_n0.03_d000_r05,C2,202637,14.62,14.62,0.0,0.47924999999999995,0.4632425507251204,0.4776619256427268,FAR,FAR,0.0,1,,,0.03,0
C2_n0.03_d000_r05,C2,202637,14.64,14.64,0.0,0.48100000000000004,0.4882407059811863,0.48030662072734165,FAR,FAR,0.0,1,,,0.03,0
C2_n0.03_d000_r05,C2,202637,14.66,14.66,0.0,0.48275,0.49761213189442716,0.484632998519113,FAR,FAR,0.0,1,,,0.03,0
C2_n0.03_d000_r05,C2,202637,14.68,14.68,0.0,0.48449999999999993,0.4756667261075884,0.48239143041623184,FAR,FAR,0.0,1,,,0.03,0
C2_n0.03_d000_r05,C2,202637,14.7,14.7,0.0,0.48624999999999996,0.5127830218659567,0.48998932827866304,FAR,FAR,0.0,1,,,0.03,0
C2_n0.03_d000_r05,C2,202637,14.72,14.72,0.0,0.48800000000000004,0.4841737025679435,0.4885354218509832,FAR,FAR,0.0,1,,,0.03,0
C2_n0.03_d000_r05,C2,202637,14.74,14.74,0.0,0.48975,0.4943794155399592,0.4899964202732272,FAR,FAR,0.0,1,,,0.03,0
C2_n0.03_d000_r05,C2,202637,14.76,14.76,0.0,0.49149999999999994,0.542212245987945,0.5030503767019067,FAR,FAR,0.0,1,,,0.03,0
C2_n0.03_d000_r05,C2,202637,14.78,14.78,0.0,0.49324999999999997,0.5268699442246481,0.5090052685825921,FAR,FAR,0.0,1,,,0.03,0
C2_n0.03_d000_r05,C2,202637,14.8,14.8,0.0,0.49500000000000005,0.4645572127050781,0.4978932546132136,FAR,FAR,0.0,1,,,0.03,0
C2_n0.03_d000_r05,C2,202637,14.82,14.82,0.0,0.49675,0.495319458963189,0.4972498057007075,FAR,FAR,0.0,1,,,0.03,0
C2_n0.03_d000_r05,C2,202637,14.84,14.84,0.0,0.49849999999999994,0.5111261319013773,0.500718887250875,FAR,FAR,0.0,1,,,0.03,0
C2_n0.03_d000_r05,C2,202637,14.86,14.86,0.0,0.5002499999999999,0.5332118750911367,0.5088421342109404,FAR,FAR,0.0,1,,,0.03,0
C2_n0.03_d000_r05,C2,202637,14.88,14.88,0.0,0.502,0.4975985728057732,0.5060312438596486,FAR,FAR,0.0,1,,,0.03,0
C2_n0.03_d000_r05,C2,202637,14.9,14.9,0.0,0.50375,0.46366233959762915,0.49543901779414373,FAR,FAR,0.0,1,,,0.03,0
C2_n0.03_d000_r05,C2,202637,14.92,14.92,0.0,0.5055000000000001,0.50374750785524,0.4975161403094178,FAR,FAR,0.0,1,,,0.03,0
C2_n0.03_d000_r05,C2,202637,14.94,14.94,0.0,0.50725,0.5155744824534669,0.5020307258454301,FAR,FAR,0.0,1,,,0.03,0
C2_n0.03_d000_r05,C2,202637,14.96,14.96,0.0,0.5090000000000001,0.4790206783366213,0.4962782139682279,FAR,FAR,0.0,1,,,0.03,0
C2_n0.03_d000_r05,C2,202637,14.98,14.98,0.0,0.51075,0.5252759064703915,0.5035276370937688,FAR,FAR,0.0,1,,,0.03,0
C2_n0.03_d000_r05,C2,202637,15.0,15.0,0.0,0.5125,0.48799210075152627,0.4996437530082081,FAR,FAR,0.0,1,,,0.03,0
C2_n0.03_d000_r05,C2,202637,15.02,15.02,0.0,0.5142499999999999,0.5161425773111588,0.5037684590839457,FAR,FAR,0.0,1,,,0.03,0
C2_n0.03_d000_r05,C2,202637,15.04,15.04,0.0,0.5159999999999999,0.49850954418017557,0.5024537303580032,FAR,FAR,0.0,1,,,0.03,0
C2_n0.03_d000_r05,C2,202637,15.06,15.06,0.0,0.51775,0.49250993118242087,0.4999677805641076,FAR,FAR,0.0,1,,,0.03,0
C2_n0.03_d000_r05,C2,202637,15.08,15.08,0.0,0.5195,0.5295153767951377,0.5073546796218651,FAR,FAR,0.0,1,,,0.03,0
C2_n0.03_d000_r05,C2,202637,15.1,15.1,0.0,0.52125,0.5185055246494262,0.5101423908787553,FAR,FAR,0.0,1,,,0.03,0
C2_n0.03_d000_r05,C2,202637,15.12,15.12,0.0,0.5229999999999999,0.5218739136020776,0.5130752715595859,FAR,FAR,0.0,1,,,0.03,0
C2_n0.03_d000_r05,C2,202637,15.14,15.14,0.0,0.52475,0.5168187811158638,0.5140111489486554,FAR,FAR,0.0,1,,,0.03,0
C2_n0.03_d000_r05,C2,202637,15.16,15.16,0.0,0.5265,0.5590652856282459,0.5252746831185531,FAR,FAR,0.0,1,,,0.03,0
C2_n0.03_d000_r05,C2,202637,15.18,15.18,0.0,0.5282499999999999,0.5859302525621058,0.5404385754794413,FAR,FAR,0.0,1,,,0.03,0
C2_n0.03_d000_r05,C2,202637,15.2,15.2,0.0,0.5299999999999999,0.576798053342004,0.5495284449450819,FAR,FAR,0.0,1,,,0.03,0
C2_n0.03_d000_r05,C2,202637,15.22,15.22,0.0,0.5317500000000001,0.5247318440157174,0.5433292947127408,FAR,FAR,0.0,1,,,0.03,0
C2_n0.03_d000_r05,C2,202637,15.24,15.24,0.0,0.5335,0.5473441586309102,0.5443330106922832,FAR,FAR,0.0,1,,,0.03,0
C2_n0.03_d000_r05,C2,202637,15.26,15.26,0.0,0.53525,0.6187431910522083,0.5629355557822645,FAR,FAR,0.0,1,,,0.03,0
C2_n0.03_d000_r05,C2,202637,15.28,15.28,0.0,0.5369999999999999,0.5286631760660806,0.5543674608532185,FAR,FAR,0.0,1,,,0.03,0
C2_n0.03_d000_r05,C2,202637,15.3,15.3,0.0,0.5387500000000001,0.568601981612611,0.5579260910430667,FAR,FAR,0.0,1,,,0.03,0
C2_n0.03_d000_r05,C2,202637,15.32,15.32,0.0,0.5405,0.5445285678240678,0.554576710238317,FAR,FAR,0.0,1,,,0.03,0
C2_n0.03_d000_r05,C2,202637,15.34,15.34,0.0,0.5422499999999999,0.5408706614277581,0.5511501980356772,FAR,FAR,0.0,1,,,0.03,0
C2_n0.03_d000_r05,C2,202637,15.36,15.36,0.0,0.5439999999999999,0.5470705541325258,0.5501302870598894,FAR,FAR,0.0,1,,,0.03,0
C2_n0.03_d000_r05,C2,202637,15.38,15.38,0.0,0.5457500000000001,0.5488719619740621,0.5498157057884325,FAR,FAR,0.0,1,,,0.03,0
C2_n0.03_d000_r05,C2,202637,15.4,15.4,0.0,0.5475,0.5826878432628656,0.5580337401570408,FAR,FAR,0.0,1,,,0.03,0
C2_n0.03_d000_r05,C2,202637,15.42,15.42,0.0,0.54925,0.529831796353211,0.5509832542060833,FAR,FAR,0.0,1,,,0.03,0
C2_n0.03_d000_r05,C2,202637,15.44,15.44,0.0,0.5509999999999999,0.5525939253161656,0.5513859219836039,FAR,FAR,0.0,1,,,0.03,0
C2_n0.03_d000_r05,C2,202637,15.46,15.46,0.0,0.5527500000000001,0.5392786101692828,0.5483590940300236,FAR,FAR,0.0,1,,,0.03,0
C2_n0.03_d000_r05,C2,202637,15.48,15.48,0.0,0.5545,0.5609466046886536,0.5515059716946811,FAR,FAR,0.0,1,,,0.03,0
C2_n0.03_d000_r05,C2,202637,15.5,15.5,0.0,0.5562499999999999,0.5250870179882614,0.5449012332680762,FAR,FAR,0.0,1,,,0.03,0
C2_n0.03_d000_r05,C2,202637,15.52,15.52,0.0,0.5579999999999999,0.5461479413176265,0.5452129102804637,FAR,FAR,0.0,1,,,0.03,0
C2_n0.03_d000_r05,C2,202637,15.54,15.54,0.0,0.55975,0.5526663771476739,0.5470762769972662,FAR,FAR,0.0,1,,,0.03,0
C2_n0.03_d000_r05,C2,202637,15.56,15.56,0.0,0.5615,0.5424125859855974,0.5459103542443491,FAR,FAR,0.0,1,,,0.03,0
C2_n0.03_d000_r05,C2,202637,15.58,15.58,0.0,0.56325,0.5559291774544338,0.5484150600468702,FAR,FAR,0.0,1,,,0.03,0
C2_n0.03_d000_r05,C2,202637,15.6,15.6,0.0,0.565,0.5530767263412097,0.5495804766204551,FAR,FAR,0.0,1,,,0.03,0
C2_n0.03_d000_r05,C2,202637,15.62,15.62,0.0,0.5667499999999999,0.538660606384034,0.5468505090613498,FAR,FAR,0.0,1,,,0.03,0
C2_n0.03_d000_r05,C2,202637,15.64,15.64,0.0,0.5685,0.5686461162486547,0.552299410858176,FAR,FAR,0.0,1,,,0.03,0
C2_n0.03_d000_r05,C2,202637,15.66,15.66,0.0,0.5702499999999999,0.5775410599776715,0.5586098231380499,FAR,FAR,0.0,1,,,0.03,0
C2_n0.03_d000_r05,C2,202637,15.68,15.68,0.0,0.572,0.6027278329525056,0.5696393255916639,FAR,FAR,0.0,1,,,0.03,0
C2_n0.03_d000_r05,C2,202637,15.7,15.7,0.0,0.57375,0.5778555550513189,0.5716933829565776,FAR,FAR,0.0,1,,,0.03,0
C2_n0.03_d000_r05,C2,202637,15.72,15.72,0.0,0.5755,0.5877884878177574,0.5757171591718725,FAR,FAR,0.0,1,,,0.03,0
C2_n0.03_d000_r05,C2,202637,15.74,15.74,0.0,0.57725,0.6259458003275451,0.5882743194607907,FAR,FAR,0.0,1,,,0.03,0
C2_n0.03_d000_r05,C2,202637,15.76,15.76,0.0,0.579,0.5963330529804303,0.5902890028407006,FAR,FAR,0.0,1,,,0.03,0
C2_n0.03_d000_r05,C2,202637,15.78,15.78,0.0,0.5807499999999999,0.5847601556305059,0.5889067910381519,FAR,FAR,0.0,1,,,0.03,0
C2_n0.03_d000_r05,C2,202637,15.8,15.8,0.0,0.5825,0.5683414783378931,0.5837654628630872,FAR,FAR,0.0,1,,,0.03,0
C2_n0.03_d000_r05,C2,202637,15.82,15.82,0.0,0.5842499999999999,0.534579730688104,0.5714690298193414,FAR,FAR,0.0,1,,,0.03,0
C2_n0.03_d000_r05,C2,202637,15.84,15.84,0.0,0.586,0.5964871017353265,0.5777235477983377,FAR,FAR,0.0,1,,,0.03,0
C2_n0.03_d000_r05,C2,202637,15.86,15.86,0.0,0.58775,0.6220853651171496,0.5888140021280407,FAR,FAR,0.0,1,,,0.03,0
C2_n0.03_d000_r05,C2,202637,15.88,15.88,0.0,0.5895,0.5906331079766779,0.5892687785902,FAR,FAR,0.0,1,,,0.03,0
C2_n0.03_d000_r05,C2,202637,15.9,15.9,0.0,0.59125,0.6249902044845103,0.5981991350637775,FAR,FAR,0.0,1,,,0.03,0
C2_n0.03_d000_r05,C2,202637,15.92,15.92,0.0,0.593,0.610526439577486,0.6012809611922046,FAR,FAR,0.0,1,,,0.03,0
C2_n0.03_d000_r05,C2,202637,15.94,15.94,0.0,0.5947499999999999,0.6062358096227648,0.6025196732998447,FAR,FAR,0.0,1,,,0.03,0
C2_n0.03_d000_r05,C2,202637,15.96,15.96,0.0,0.5965,0.6089500219480884,0.6041272604619056,FAR,FAR,0.0,1,,,0.03,0
C2_n0.03_d000_r05,C2,202637,15.98,15.98,0.0,0.59825,0.5939132445631642,0.6015737564872202,FAR,FAR,0.0,1,,,0.03,0
C2_n0.03_d000_r05,C2,202637,16.0,16.0,0.0,0.6,0.5983964397458187,0.6007794273018698,FAR,FAR,0.0,1,,,0.03,0
C2_n0.03_d000_r05,C2,202637,16.02,16.02,0.0,0.6,0.5963737078755638,0.5996779974452933,FAR,FAR,0.0,1,,,0.03,0
C2_n0.03_d000_r05,C2,202637,16.04,16.04,0.0,0.6,0.6376785801263929,0.6091781431155682,FAR,FAR,0.0,1,,,0.03,0
C2_n0.03_d000_r05,C2,202637,16.06,16.06,0.0,0.6,0.5826408126639352,0.6025438105026599,FAR,FAR,0.0,1,,,0.03,0
C2_n0.03_d000_r05,C2,202637,16.08,16.08,0.0,0.6,0.5920114758151086,0.5999107268307721,FAR,FAR,0.0,1,,,0.03,0
C2_n0.03_d000_r05,C2,202637,16.1,16.1,0.0,0.6,0.5784996570339918,0.5945579593815771,FAR,FAR,0.0,1,,,0.03,0
C2_n0.03_d000_r05,C2,202637,16.12,16.12,0.0,0.6,0.593246747246824,0.5942301563478888,FAR,FAR,0.0,1,,,0.03,0
C2_n0.03_d000_r05,C2,202637,16.14,16.14,0.0,0.6,0.5973570232034262,0.5950118730617731,FAR,FAR,0.0,1,,,0.03,0
C2_n0.03_d000_r05,C2,202637,16.16,16.16,0.0,0.6,0.6260356487172293,0.6027678169756371,FAR,FAR,0.0,1,,,0.03,0
C2_n0.03_d000_r05,C2,202637,16.18,16.18,0.0,0.6,0.6272164790636449,0.6088799824976391,FAR,FAR,0.0,1,,,0.03,0
C2_n0.03_d000_r05,C2,202637,16.2,16.2,0.0,0.6,0.5824027439795683,0.6022606728681213,FAR,FAR,0.0,1,,,0.03,0
C2_n0.03_d000_r05,C2,202637,16.22,16.22,0.0,0.6,0.5778957050685526,0.5961694309182292,FAR,FAR,0.0,1,,,0.03,0
C2_n0.03_d000_r05,C2,202637,16.24,16.24,0.0,0.6,0.6001176662147634,0.5971564897423627,FAR,FAR,0.0,1,,,0.03,0
C2_n0.03_d000_r05,C2,202637,16.26,16.26,0.0,0.6,0.558439514046731,0.5874772458184547,FAR,FAR,0.0,1,,,0.03,0
C2_n0.03_d000_r05,C2,202637,16.28,16.28,0.0,0.6,0.5995135634352047,0.5904863252226422,FAR,FAR,0.0,1,,,0.03,0
C2_n0.03_d000_r05,C2,202637,16.3,16.3,0.0,0.6,0.5689605924640296,0.5851048920329891,FAR,FAR,0.0,1,,,0.03,0
C2_n0.03_d000_r05,C2,202637,16.32,16.32,0.0,0.6,0.6054942370721386,0.5902022282927765,FAR,FAR,0.0,1,,,0.03,0
C2_n0.03_d000_r05,C2,202637,16.34,16.34,0.0,0.6,0.599380886700049,0.5924968928945946,FAR,FAR,0.0,1,,,0.03,0
C2_n0.03_d000_r05,C2,202637,16.36,16.36,0.0,0.6,0.6068248834730836,0.5960788905392169,FAR,FAR,0.0,1,,,0.03,0
C2_n0.03_d000_r05,C2,202637,16.38,16.38,0.0,0.6,0.6131686653849812,0.600351334250658,FAR,FAR,0.0,1,,,0.03,0
C2_n0.03_d000_r05,C2,202637,16.4,16.4,0.0,0.6,0.5907840718973114,0.5979595186623213,FAR,FAR,0.0,1,,,0.03,0
C2_n0.03_d000_r05,C2,202637,16.42,16.42,0.0,0.6,0.6231769127268483,0.604263867178453,FAR,FAR,0.0,1,,,0.03,0
C2_n0.03_d000_r05,C2,202637,16.44,16.44,0.0,0.6,0.614919698624662,0.6069278250400053,FAR,FAR,0.0,1,,,0.03,0
C2_n0.03_d000_r05,C2,202637,16.46,16.46,0.0,0.6,0.5836654436458658,0.6011122296914704,FAR,FAR,0.0,1,,,0.03,0
C2_n0.03_d000_r05,C2,202637,16.48,16.48,0.0,0.6,0.5329204804086385,0.5840642923707624,FAR,FAR,0.0,1,,,0.03,0
C2_n0.03_d000_r05,C2,202637,16.5,16.5,0.0,0.6,0.6503318360513658,0.6006311782909133,FAR,FAR,0.0,1,,,0.03,0
C2_n0.03_d000_r05,C2,202637,16.52,16.52,0.0,0.6,0.6398455993586153,0.6104347835578388,FAR,FAR,0.0,1,,,0.03,0
C2_n0.03_d000_r05,C2,202637,16.54,16.54,0.0,0.6,0.5840233283171388,0.6038319197476638,FAR,FAR,0.0,1,,,0.03,0
C2_n0.03_d000_r05,C2,202637,16.56,16.56,0.0,0.6,0.6192462475322148,0.6076855016938015,FAR,FAR,0.0,1,,,0.03,0
C2_n0.03_d000_r05,C2,202637,16.58,16.58,0.0,0.6,0.589963685391516,0.6032550476182301,FAR,FAR,0.0,1,,,0.03,0
C2_n0.03_d000_r05,C2,202637,16.6,16.6,0.0,0.6,0.5964542383425457,0.601554845299309,FAR,FAR,0.0,1,,,0.03,0
C2_n0.03_d000_r05,C2,202637,16.62,16.62,0.0,0.6,0.6112822704043687,0.603986701575574,FAR,FAR,0.0,1,,,0.03,0
C2_n0.03_d000_r05,C2,202637,16.64,16.64,0.0,0.6,0.6247045380363225,0.6091661606907611,FAR,FAR,0.0,1,,,0.03,0
C2_n0.03_d000_r05,C2,202637,16.66,16.66,0.0,0.6,0.627598641528212,0.6137742809001239,FAR,FAR,0.0,1,,,0.03,0
C2_n0.03_d000_r05,C2,202637,16.68,16.68,0.0,0.6,0.591271980421761,0.6081487057805331,FAR,FAR,0.0,1,,,0.03,0
C2_n0.03_d000_r05,C2,202637,16.7,16.7,0.0,0.6,0.6452003381338273,0.6174116138688567,FAR,FAR,0.0,1,,,0.03,0
C2_n0.03_d000_r05,C2,202637,16.72,16.72,0.0,0.6,0.6745779164924812,0.6317031895247628,FAR,FAR,0.0,1,,,0.03,0
C2_n0.03_d000_r05,C2,202637,16.74,16.74,0.0,0.6,0.6020516040682067,0.6242902931606238,FAR,FAR,0.0,1,,,0.03,0
C2_n0.03_d000_r05,C2,202637,16.76,16.76,0.0,0.6,0.5980040663203533,0.6177187364505562,FAR,FAR,0.0,1,,,0.03,0
C2_n0.03_d000_r05,C2,202637,16.78,16.78,0.0,0.6,0.5887091301785513,0.610466334882555,FAR,FAR,0.0,1,,,0.03,0
C2_n0.03_d000_r05,C2,202637,16.8,16.8,0.0,0.6,0.5792548065449097,0.6026634527981436,FAR,FAR,0.0,1,,,0.03,0
C2_n0.03_d000_r05,C2,202637,16.82,16.82,0.0,0.6,0.5799675943329311,0.5969894881818405,FAR,FAR,0.0,1,,,0.03,0
C2_n0.03_d000_r05,C2,202637,16.84,16.84,0.0,0.6,0.6035489147566973,0.5986293448255546,FAR,FAR,0.0,1,,,0.03,0
C2_n0.03_d000_r05,C2,202637,16.86,16.86,0.0,0.6,0.625472029901876,0.605340016094635,FAR,FAR,0.0,1,,,0.03,0
C2_n0.03_d000_r05,C2,202637,16.88,16.88,0.0,0.6,0.6019684710626435,0.6044971298366371,FAR,FAR,0.0,1,,,0.03,0
C2_n0.03_d000_r05,C2,202637,16.9,16.9,0.0,0.6,0.6296308904292033,0.6107805699847786,FAR,FAR,0.0,1,,,0.03,0
C2_n0.03_d000_r05,C2,202637,16.92,16.92,0.0,0.6,0.6089574342803532,0.6103247860586722,FAR,FAR,0.0,1,,,0.03,0
C2_n0.03_d000_r05,C2,202637,16.94,16.94,0.0,0.6,0.6429120366339847,0.6184715987025003,FAR,FAR,0.0,1,,,0.03,0
C2_n0.03_d000_r05,C2,202637,16.96,16.96,0.0,0.6,0.5525902824733894,0.6020012696452226,FAR,FAR,0.0,1,,,0.03,0
C2_n0.03_d000_r05,C2,202637,16.98,16.98,0.0,0.6,0.6010960409016108,0.6017749624593196,FAR,FAR,0.0,1,,,0.03,0
C2_n0.03_d000_r05,C2,202637,17.0,17.0,0.0,0.6,0.6080201121174779,0.6033362498738591,FAR,FAR,0.0,1,,,0.03,0
C2_n0.03_d000_r05,C2,202637,17.02,17.02,0.0,0.6,0.5788527945085818,0.5972153860325399,FAR,FAR,0.0,1,,,0.03,0
C2_n0.03_d000_r05,C2,202637,17.04,17.04,0.0,0.6,0.576491839701845,0.5920344994498661,FAR,FAR,0.0,1,,,0.03,0
C2_n0.03_d000_r05,C2,202637,17.06,17.06,0.0,0.6,0.5970363700340502,0.5932849670959122,FAR,FAR,0.0,1,,,0.03,0
C2_n0.03_d000_r05,C2,202637,17.08,17.08,0.0,0.6,0.5922054556455608,0.5930150892333244,FAR,FAR,0.0,1,,,0.03,0
C2_n0.03_d000_r05,C2,202637,17.1,17.1,0.0,0.6,0.5872951037802837,0.5915850928700642,FAR,FAR,0.0,1,,,0.03,0
C2_n0.03_d000_r05,C2,202637,17.12,17.12,0.0,0.6,0.6248834932840082,0.5999096929735501,FAR,FAR,0.0,1,,,0.03,0
C2_n0.03_d000_r05,C2,202637,17.14,17.14,0.0,0.6,0.6585916499225644,0.6145801822108037,FAR,FAR,0.0,1,,,0.03,0
C2_n0.03_d000_r05,C2,202637,17.16,17.16,0.0,0.6,0.6151141566692465,0.6147136758254144,FAR,FAR,0.0,1,,,0.03,0
C2_n0.03_d000_r05,C2,202637,17.18,17.18,0.0,0.6,0.6647375977940142,0.6272196563175643,FAR,FAR,0.0,1,,,0.03,0
C2_n0.03_d000_r05,C2,202637,17.2,17.2,0.0,0.6,0.595064153197916,0.6191807805376521,FAR,FAR,0.0,1,,,0.03,0
C2_n0.03_d000_r05,C2,202637,17.22,17.22,0.0,0.6,0.5817344094954656,0.6098191877771055,FAR,FAR,0.0,1,,,0.03,0
C2_n0.03_d000_r05,C2,202637,17.24,17.24,0.0,0.6,0.6445869389699662,0.6185111255753207,FAR,FAR,0.0,1,,,0.03,0
C2_n0.03_d000_r05,C2,202637,17.26,17.26,0.0,0.6,0.563073884948664,0.6046518154186565,FAR,FAR,0.0,1,,,0.03,0
C2_n0.03_d000_r05,C2,202637,17.28,17.28,0.0,0.6,0.5861518770919997,0.6000268308369923,FAR,FAR,0.0,1,,,0.03,0
C2_n0.03_d000_r05,C2,202637,17.3,17.3,0.0,0.6,0.621349047843798,0.6053573850886937,FAR,FAR,0.0,1,,,0.03,0
C2_n0.03_d000_r05,C2,202637,17.32,17.32,0.0,0.6,0.5803667123151413,0.5991097168953057,FAR,FAR,0.0,1,,,0.03,0
C2_n0.03_d000_r05,C2,202637,17.34,17.34,0.0,0.6,0.6240627944410944,0.6053479862817528,FAR,FAR,0.0,1,,,0.03,0
C2_n0.03_d000_r05,C2,202637,17.36,17.36,0.0,0.6,0.5828264780637253,0.5997176092272459,FAR,FAR,0.0,1,,,0.03,0
C2_n0.03_d000_r05,C2,202637,17.38,17.38,0.0,0.6,0.6230449414595496,0.6055494422853218,FAR,FAR,0.0,1,,,0.03,0
C2_n0.03_d000_r05,C2,202637,17.4,17.4,0.0,0.6,0.5527334121508647,0.5923454347517075,FAR,FAR,0.0,1,,,0.03,0
C2_n0.03_d000_r05,C2,202637,17.42,17.42,0.0,0.6,0.5716136235824687,0.5871624819593979,FAR,FAR,0.0,1,,,0.03,0
C2_n0.03_d000_r05,C2,202637,17.44,17.44,0.0,0.6,0.5209468975070939,0.5706085858463219,FAR,FAR,0.0,1,,,0.03,0
C2_n0.03_d000_r05,C2,202637,17.46,17.46,0.0,0.6,0.5861188060832656,0.5744861409055578,FAR,FAR,0.0,1,,,0.03,0
C2_n0.03_d000_r05,C2,202637,17.48,17.48,0.0,0.6,0.6386175152675724,0.5905189844960614,FAR,FAR,0.0,1,,,0.03,0
C2_n0.03_d000_r05,C2,202637,17.5,17.5,0.0,0.6,0.6280146058493039,0.5998928898343721,FAR,FAR,0.0,1,,,0.03,0
C2_n0.03_d000_r05,C2,202637,17.52,17.52,0.0,0.6,0.5683968212015804,0.5920188726761741,FAR,FAR,0.0,1,,,0.03,0
C2_n0.03_d000_r05,C2,202637,17.54,17.54,0.0,0.6,0.5659484556224791,0.5855012684127504,FAR,FAR,0.0,1,,,0.03,0
C2_n0.03_d000_r05,C2,202637,17.56,17.56,0.0,0.6,0.56486912923319,0.5803432336178602,FAR,FAR,0.0,1,,,0.03,0
C2_n0.03_d000_r05,C2,202637,17.58,17.58,0.0,0.6,0.6387638438877178,0.5949483861853246,FAR,FAR,0.0,1,,,0.03,0
C2_n0.03_d000_r05,C2,202637,17.6,17.6,0.0,0.6,0.6745424423066058,0.6148469002156449,FAR,FAR,0.0,1,,,0.03,0
C2_n0.03_d000_r05,C2,202637,17.62,17.62,0.0,0.6,0.618845535158861,0.6158465589514489,FAR,FAR,0.0,1,,,0.03,0
C2_n0.03_d000_r05,C2,202637,17.64,17.64,0.0,0.6,0.593357723960336,0.6102243502036706,FAR,FAR,0.0,1,,,0.03,0
C2_n0.03_d000_r05,C2,202637,17.66,17.66,0.0,0.6,0.6218464567793074,0.6131298768475798,FAR,FAR,0.0,1,,,0.03,0
C2_n0.03_d000_r05,C2,202637,17.68,17.68,0.0,0.6,0.5964659241710824,0.6089638886784554,FAR,FAR,0.0,1,,,0.03,0
C2_n0.03_d000_r05,C2,202637,17.7,17.7,0.0,0.6,0.580424826864024,0.6018291232248476,FAR,FAR,0.0,1,,,0.03,0
C2_n0.03_d000_r05,C2,202637,17.72,17.72,0.0,0.6,0.6351175792186793,0.6101512372233056,FAR,FAR,0.0,1,,,0.03,0
C2_n0.03_d000_r05,C2,202637,17.74,17.74,0.0,0.6,0.5479135163019655,0.5945918069929705,FAR,FAR,0.0,1,,,0.03,0
C2_n0.03_d000_r05,C2,202637,17.76,17.76,0.0,0.6,0.6701542259280617,0.6134824117267433,FAR,FAR,0.0,1,,,0.03,0
C2_n0.03_d000_r05,C2,202637,17.78,17.78,0.0,0.6,0.6831414106533793,0.6308971614584024,FAR,FAR,0.0,1,,,0.03,0
C2_n0.03_d000_r05,C2,202637,17.8,17.8,0.0,0.6,0.5874074136482074,0.6200247245058537,FAR,FAR,0.0,1,,,0.03,0
C2_n0.03_d000_r05,C2,202637,17.82,17.82,0.0,0.6,0.6221998051844154,0.6205684946754941,FAR,FAR,0.0,1,,,0.03,0
C2_n0.03_d000_r05,C2,202637,17.84,17.84,0.0,0.6,0.6177306177255281,0.6198590254380026,FAR,FAR,0.0,1,,,0.03,0
C2_n0.03_d000_r05,C2,202637,17.86,17.86,0.0,0.6,0.5739399575808581,0.6083792584737164,FAR,FAR,0.0,1,,,0.03,0
C2_n0.03_d000_r05,C2,202637,17.88,17.88,0.0,0.6,0.5693631724176811,0.5986252369597076,FAR,FAR,0.0,1,,,0.03,0
C2_n0.03_d000_r05,C2,202637,17.9,17.9,0.0,0.6,0.5947011888130876,0.5976442249230526,FAR,FAR,0.0,1,,,0.03,0
C2_n0.03_d000_r05,C2,202637,17.92,17.92,0.0,0.6,0.6294388227634776,0.6055928743831589,FAR,FAR,0.0,1,,,0.03,0
C2_n0.03_d000_r05,C2,202637,17.94,17.94,0.0,0.6,0.5795369518960689,0.5990788937613865,FAR,FAR,0.0,1,,,0.03,0
C2_n0.03_d000_r05,C2,202637,17.96,17.96,0.0,0.6,0.6105990409487413,0.6019589305582251,FAR,FAR,0.0,1,,,0.03,0
C2_n0.03_d000_r05,C2,202637,17.98,17.98,0.0,0.6,0.5784987175132016,0.5960938772969693,FAR,FAR,0.0,1,,,0.03,0
C2_n0.03_d000_r05,C2,202637,18.0,18.0,0.0,0.6,0.5851440842357486,0.5933564290316641,FAR,FAR,0.0,1,,,0.03,0
C2_n0.03_d000_r05,C2,202637,18.02,18.02,0.0,0.6,0.5568842261592102,0.5842383783135506,FAR,FAR,0.0,1,,,0.03,0
C2_n0.03_d000_r05,C2,202637,18.04,18.04,0.0,0.6,0.5974562603764623,0.5875428488292785,FAR,FAR,0.0,1,,,0.03,0
C2_n0.03_d000_r05,C2,202637,18.06,18.06,0.0,0.6,0.5733190810141814,0.5839869068755043,FAR,FAR,0.0,1,,,0.03,0
C2_n0.03_d000_r05,C2,202637,18.08,18.08,0.0,0.6,0.6075569987741566,0.5898794298501673,FAR,FAR,0.0,1,,,0.03,0
C2_n0.03_d000_r05,C2,202637,18.1,18.1,0.0,0.6,0.5725363096458871,0.5855436497990972,FAR,FAR,0.0,1,,,0.03,0
C2_n0.03_d000_r05,C2,202637,18.12,18.12,0.0,0.6,0.5586209544352858,0.5788129759581444,FAR,FAR,0.0,1,,,0.03,0
C2_n0.03_d000_r05,C2,202637,18.14,18.14,0.0,0.6,0.5977226071350397,0.5835403837523683,FAR,FAR,0.0,1,,,0.03,0
C2_n0.03_d000_r05,C2,202637,18.16,18.16,0.0,0.6,0.612842555925548,0.5908659267956632,FAR,FAR,0.0,1,,,0.03,0
C2_n0.03_d000_r05,C2,202637,18.18,18.18,0.0,0.6,0.5899925850500889,0.5906475913592696,FAR,FAR,0.0,1,,,0.03,0
C2_n0.03_d000_r05,C2,202637,18.2,18.2,0.0,0.6,0.5460911017104038,0.5795084689470531,FAR,FAR,0.0,1,,,0.03,0
C2_n0.03_d000_r05,C2,202637,18.22,18.22,0.0,0.6,0.6044452687918493,0.5857426689082521,FAR,FAR,0.0,1,,,0.03,0
C2_n0.03_d000_r05,C2,202637,18.24,18.24,0.0,0.6,0.5108055413589506,0.5670083870209267,FAR,FAR,0.0,1,,,0.03,0
C2_n0.03_d000_r05,C2,202637,18.26,18.26,0.0,0.6,0.6091755886369723,0.577550187424938,FAR,FAR,0.0,1,,,0.03,0
C2_n0.03_d000_r05,C2,202637,18.28,18.28,0.0,0.6,0.6174884972894288,0.5875347648910607,FAR,FAR,0.0,1,,,0.03,0
C2_n0.03_d000_r05,C2,202637,18.3,18.3,0.0,0.6,0.6285110392647419,0.597778833484481,FAR,FAR,0.0,1,,,0.03,0
C2_n0.03_d000_r05,C2,202637,18.32,18.32,0.0,0.6,0.5645912465181103,0.5894819367428884,FAR,FAR,0.0,1,,,0.03,0
C2_n0.03_d000_r05,C2,202637,18.34,18.34,0.0,0.6,0.6026875322668054,0.5927833356238676,FAR,FAR,0.0,1,,,0.03,0
C2_n0.03_d000_r05,C2,202637,18.36,18.36,0.0,0.6,0.5752499592444158,0.5883999915290047,FAR,FAR,0.0,1,,,0.03,0
C2_n0.03_d000_r05,C2,202637,18.38,18.38,0.0,0.6,0.6068229128686072,0.5930057218639053,FAR,FAR,0.0,1,,,0.03,0
C2_n0.03_d000_r05,C2,202637,18.4,18.4,0.0,0.6,0.6167771165061002,0.598948570524454,FAR,FAR,0.0,1,,,0.03,0
C2_n0.03_d000_r05,C2,202637,18.42,18.42,0.0,0.6,0.6138166170211369,0.6026655821486248,FAR,FAR,0.0,1,,,0.03,0
C2_n0.03_d000_r05,C2,202637,18.44,18.44,0.0,0.6,0.6233414717876781,0.6078345545583881,FAR,FAR,0.0,1,,,0.03,0
C2_n0.03_d000_r05,C2,202637,18.46,18.46,0.0,0.6,0.6167708663951057,0.6100686325175675,FAR,FAR,0.0,1,,,0.03,0
C2_n0.03_d000_r05,C2,202637,18.48,18.48,0.0,0.6,0.5495948547079567,0.5949501880651648,FAR,FAR,0.0,1,,,0.03,0
C2_n0.03_d000_r05,C2,202637,18.5,18.5,0.0,0.6,0.6166506904092907,0.6003753136511962,FAR,FAR,0.0,1,,,0.03,0
C2_n0.03_d000_r05,C2,202637,18.52,18.52,0.0,0.6,0.5792110244058384,0.5950842413398567,FAR,FAR,0.0,1,,,0.03,0
C2_n0.03_d000_r05,C2,202637,18.54,18.54,0.0,0.6,0.6476660223989138,0.608229686604621,FAR,FAR,0.0,1,,,0.03,0
C2_n0.03_d000_r05,C2,202637,18.56,18.56,0.0,0.6,0.5686354612474169,0.59833113026532,FAR,FAR,0.0,1,,,0.03,0
C2_n0.03_d000_r05,C2,202637,18.58,18.58,0.0,0.6,0.555189300669565,0.5875456728663813,FAR,FAR,0.0,1,,,0.03,0
C2_n0.03_d000_r05,C2,202637,18.6,18.6,0.0,0.6,0.5802428555084403,0.585719968526896,FAR,FAR,0.0,1,,,0.03,0
C2_n0.03_d000_r05,C2,202637,18.62,18.62,0.0,0.6,0.6015521290059047,0.5896780086466482,FAR,FAR,0.0,1,,,0.03,0
C2_n0.03_d000_r05,C2,202637,18.64,18.64,0.0,0.6,0.6172627793888236,0.5965742013321921,FAR,FAR,0.0,1,,,0.03,0
C2_n0.03_d000_r05,C2,202637,18.66,18.66,0.0,0.6,0.5572576857014846,0.5867450724245151,FAR,FAR,0.0,1,,,0.03,0
C2_n0.03_d000_r05,C2,202637,18.68,18.68,0.0,0.6,0.6037455282229834,0.5909951863741322,FAR,FAR,0.0,1,,,0.03,0
C2_n0.03_d000_r05,C2,202637,18.7,18.7,0.0,0.6,0.6316344550085878,0.6011550035327461,FAR,FAR,0.0,1,,,0.03,0
C2_n0.03_d000_r05,C2,202637,18.72,18.72,0.0,0.6,0.5852334570606881,0.5971746169147316,FAR,FAR,0.0,1,,,0.03,0
C2_n0.03_d000_r05,C2,202637,18.74,18.74,0.0,0.6,0.63899814901709,0.6076304999403213,FAR,FAR,0.0,1,,,0.03,0
C2_n0.03_d000_r05,C2,202637,18.76,18.76,0.0,0.6,0.6344331550294492,0.6143311637126032,FAR,FAR,0.0,1,,,0.03,0
C2_n0.03_d000_r05,C2,202637,18.78,18.78,0.0,0.6,0.5875725779774814,0.6076415172788228,FAR,FAR,0.0,1,,,0.03,0
C2_n0.03_d000_r05,C2,202637,18.8,18.8,0.0,0.6,0.5345875569961394,0.5893780272081519,FAR,FAR,0.0,1,,,0.03,0
C2_n0.03_d000_r05,C2,202637,18.82,18.82,0.0,0.6,0.6223870764516117,0.5976302895190169,FAR,FAR,0.0,1,,,0.03,0
C2_n0.03_d000_r05,C2,202637,18.84,18.84,0.0,0.6,0.5887663618332017,0.5954143075975631,FAR,FAR,0.0,1,,,0.03,0
C2_n0.03_d000_r05,C2,202637,18.86,18.86,0.0,0.6,0.5957495250964423,0.5954981119722829,FAR,FAR,0.0,1,,,0.03,0
C2_n0.03_d000_r05,C2,202637,18.88,18.88,0.0,0.6,0.5667193916199014,0.5883034318841875,FAR,FAR,0.0,1,,,0.03,0
C2_n0.03_d000_r05,C2,202637,18.9,18.9,0.0,0.6,0.5718128346329111,0.5841807825713684,FAR,FAR,0.0,1,,,0.03,0
C2_n0.03_d000_r05,C2,202637,18.92,18.92,0.0,0.6,0.5572904642073554,0.5774582029803651,FAR,FAR,0.0,1,,,0.03,0
C2_n0.03_d000_r05,C2,202637,18.94,18.94,0.0,0.6,0.5640246645869914,0.5740998183820217,FAR,FAR,0.0,1,,,0.03,0
C2_n0.03_d000_r05,C2,202637,18.96,18.96,0.0,0.6,0.5888207802401237,0.5777800588465473,FAR,FAR,0.0,1,,,0.03,0
C2_n0.03_d000_r05,C2,202637,18.98,18.98,0.0,0.6,0.6102666716702102,0.585901712052463,FAR,FAR,0.0,1,,,0.03,0
C2_n0.03_d000_r05,C2,202637,19.0,19.0,0.0,0.6,0.6619826016512571,0.6049219344521615,FAR,FAR,0.0,1,,,0.03,0
C2_n0.03_d000_r05,C2,202637,19.02,19.02,0.0,0.6,0.5904580215157543,0.6013059562180597,FAR,FAR,0.0,1,,,0.03,0
C2_n0.03_d000_r05,C2,202637,19.04,19.04,0.0,0.6,0.6433530533460673,0.6118177305000616,FAR,FAR,0.0,1,,,0.03,0
C2_n0.03_d000_r05,C2,202637,19.06,19.06,0.0,0.6,0.6528333126527558,0.6220716260382352,FAR,FAR,0.0,1,,,0.03,0
C2_n0.03_d000_r05,C2,202637,19.08,19.08,0.0,0.6,0.5885623208321185,0.6136942997367061,FAR,FAR,0.0,1,,,0.03,0
C2_n0.03_d000_r05,C2,202637,19.1,19.1,0.0,0.6,0.5836023812948671,0.6061713201262463,FAR,FAR,0.0,1,,,0.03,0
C2_n0.03_d000_r05,C2,202637,19.12,19.12,0.0,0.6,0.5838050316168868,0.6005797479989065,FAR,FAR,0.0,1,,,0.03,0
C2_n0.03_d000_r05,C2,202637,19.14,19.14,0.0,0.6,0.578947793594364,0.5951717593977708,FAR,FAR,0.0,1,,,0.03,0
C2_n0.03_d000_r05,C2,202637,19.16,19.16,0.0,0.6,0.5669482484791573,0.5881158816681173,FAR,FAR,0.0,1,,,0.03,0
C2_n0.03_d000_r05,C2,202637,19.18,19.18,0.0,0.6,0.6042338848231268,0.5921453824568697,FAR,FAR,0.0,1,,,0.03,0
C2_n0.03_d000_r05,C2,202637,19.2,19.2,0.0,0.6,0.6296508719680425,0.6015217548346629,FAR,FAR,0.0,1,,,0.03,0
C2_n0.03_d000_r05,C2,202637,19.22,19.22,0.0,0.6,0.6069460596146119,0.6028778310296501,FAR,FAR,0.0,1,,,0.03,0
C2_n0.03_d000_r05,C2,202637,19.24,19.24,0.0,0.6,0.6311003416782842,0.6099334586918086,FAR,FAR,0.0,1,,,0.03,0
C2_n0.03_d000_r05,C2,202637,19.26,19.26,0.0,0.6,0.6755140375459904,0.626328603405354,FAR,FAR,0.0,1,,,0.03,0
C2_n0.03_d000_r05,C2,202637,19.28,19.28,0.0,0.6,0.6115107390552772,0.6226241373178347,FAR,FAR,0.0,1,,,0.03,0
C2_n0.03_d000_r05,C2,202637,19.3,19.3,0.0,0.6,0.6254277237281503,0.6233250339204136,FAR,FAR,0.0,1,,,0.03,0
C2_n0.03_d000_r05,C2,202637,19.32,19.32,0.0,0.6,0.6524222195878403,0.6305993303372703,FAR,FAR,0.0,1,,,0.03,0
C2_n0.03_d000_r05,C2,202637,19.34,19.34,0.0,0.6,0.5961558725847887,0.6219884658991499,FAR,FAR,0.0,1,,,0.03,0
C2_n0.03_d000_r05,C2,202637,19.36,19.36,0.0,0.6,0.5847382742287117,0.6126759179815404,FAR,FAR,0.0,1,,,0.03,0
C2_n0.03_d000_r05,C2,202637,19.38,19.38,0.0,0.6,0.5650264725277998,0.6007635566181053,FAR,FAR,0.0,1,,,0.03,0
C2_n0.03_d000_r05,C2,202637,19.4,19.4,0.0,0.6,0.6175965383059515,0.6049718020400668,FAR,FAR,0.0,1,,,0.03,0
C2_n0.03_d000_r05,C2,202637,19.42,19.42,0.0,0.6,0.5625471511360327,0.5943656393140584,FAR,FAR,0.0,1,,,0.03,0
C2_n0.03_d000_r05,C2,202637,19.44,19.44,0.0,0.6,0.5840864931314279,0.5917958527684007,FAR,FAR,0.0,1,,,0.03,0
C2_n0.03_d000_r05,C2,202637,19.46,19.46,0.0,0.6,0.5752576846956003,0.5876613107502007,FAR,FAR,0.0,1,,,0.03,0
C2_n0.03_d000_r05,C2,202637,19.48,19.48,0.0,0.6,0.5948789605395123,0.5894657231975285,FAR,FAR,0.0,1,,,0.03,0
C2_n0.03_d000_r05,C2,202637,19.5,19.5,0.0,0.6,0.6102952462175348,0.5946731039525301,FAR,FAR,0.0,1,,,0.03,0
C2_n0.03_d000_r05,C2,202637,19.52,19.52,0.0,0.6,0.6436480229831959,0.6069168337101966,FAR,FAR,0.0,1,,,0.03,0
C2_n0.03_d000_r05,C2,202637,19.54,19.54,0.0,0.6,0.5438538498131883,0.5911510877359445,FAR,FAR,0.0,1,,,0.03,0
C2_n0.03_d000_r05,C2,202637,19.56,19.56,0.0,0.6,0.596309404188283,0.5924406668490292,FAR,FAR,0.0,1,,,0.03,0
C2_n0.03_d000_r05,C2,202637,19.58,19.58,0.0,0.6,0.5571028471370623,0.5836062119210375,FAR,FAR,0.0,1,,,0.03,0
C2_n0.03_d000_r05,C2,202637,19.6,19.6,0.0,0.6,0.5935131624204757,0.586082949545897,FAR,FAR,0.0,1,,,0.03,0
C2_n0.03_d000_r05,C2,202637,19.62,19.62,0.0,0.6,0.5734362549166476,0.5829212758885847,FAR,FAR,0.0,1,,,0.03,0
C2_n0.03_d000_r05,C2,202637,19.64,19.64,0.0,0.6,0.6465830417296247,0.5988367173488447,FAR,FAR,0.0,1,,,0.03,0
C2_n0.03_d000_r05,C2,202637,19.66,19.66,0.0,0.6,0.5306929174159482,0.5818007673656206,FAR,FAR,0.0,1,,,0.03,0
C2_n0.03_d000_r05,C2,202637,19.68,19.68,0.0,0.6,0.5898324867273104,0.583808697206043,FAR,FAR,0.0,1,,,0.03,0
C2_n0.03_d000_r05,C2,202637,19.7,19.7,0.0,0.6,0.5935237646506768,0.5862374640672015,FAR,FAR,0.0,1,,,0.03,0
C2_n0.03_d000_r05,C2,202637,19.72,19.72,0.0,0.6,0.6001365897932912,0.5897122454987239,FAR,FAR,0.0,1,,,0.03,0
C2_n0.03_d000_r05,C2,202637,19.74,19.74,0.0,0.6,0.6036431678891417,0.5931949760963283,FAR,FAR,0.0,1,,,0.03,0
C2_n0.03_d000_r05,C2,202637,19.76,19.76,0.0,0.6,0.6674437810082907,0.6117571773243189,FAR,FAR,0.0,1,,,0.03,0
C2_n0.03_d000_r05,C2,202637,19.78,19.78,0.0,0.6,0.5798853051967449,0.6037892092924254,FAR,FAR,0.0,1,,,0.03,0
C2_n0.03_d000_r05,C2,202637,19.8,19.8,0.0,0.6,0.5858559182400888,0.5993058865293412,FAR,FAR,0.0,1,,,0.03,0
C2_n0.03_d000_r05,C2,202637,19.82,19.82,0.0,0.6,0.5985388663646031,0.5991141314881567,FAR,FAR,0.0,1,,,0.03,0
C2_n0.03_d000_r05,C2,202637,19.84,19.84,0.0,0.6,0.6086142831148889,0.6014891693948398,FAR,FAR,0.0,1,,,0.03,0
C2_n0.03_d000_r05,C2,202637,19.86,19.86,0.0,0.6,0.6097254791140713,0.6035482468246476,FAR,FAR,0.0,1,,,0.03,0
C2_n0.03_d000_r05,C2,202637,19.88,19.88,0.0,0.6,0.556526635115801,0.5917928438974359,FAR,FAR,0.0,1,,,0.03,0
C2_n0.03_d000_r05,C2,202637,19.9,19.9,0.0,0.6,0.5725009834419706,0.5869698787835697,FAR,FAR,0.0,1,,,0.03,0
C2_n0.03_d000_r05,C2,202637,19.92,19.92,0.0,0.6,0.5804219256890648,0.5853328905099434,FAR,FAR,0.0,1,,,0.03,0
C2_n0.03_d000_r05,C2,202637,19.94,19.94,0.0,0.6,0.6110976926040422,0.5917740910334681,FAR,FAR,0.0,1,,,0.03,0
C2_n0.03_d000_r05,C2,202637,19.96,19.96,0.0,0.6,0.5759145863100792,0.5878092148526208,FAR,FAR,0.0,1,,,0.03,0
C2_n0.03_d000_r05,C2,202637,19.98,19.98,0.0,0.6,0.5601348312103234,0.5808906189420464,FAR,FAR,0.0,1,,,0.03,0
C2_n0.03_d000_r05,C2,202637,20.0,20.0,0.0,0.6,0.6308932564166788,0.5933912783107045,FAR,FAR,0.0,1,,,0.03,0
