trial_id,condition,seed,time_s,sensor_time_s,sample_age_s,true_distance_m,raw_distance_m,filtered_distance_m,expected_state,state,command,valid,event_label,invalid_reason,noise_sigma_m,delay_ms
C2_n0.03_d300_r02,C2,202644,0.0,0.0,nan,0.6,,,FAR,FAR,0.0,0,INVALID,MISSING_OR_DELAY_BUFFER,0.03,300
C2_n0.03_d300_r02,C2,202644,0.02,0.02,nan,0.6,,,FAR,FAR,0.0,0,INVALID,MISSING_OR_DELAY_BUFFER,0.03,300
C2_n0.03_d300_r02,C2,202644,0.04,0.04,nan,0.6,,,FAR,FAR,0.0,0,INVALID,MISSING_OR_DELAY_BUFFER,0.03,300
C2_n0.03_d300_r02,C2,202644,0.06,0.06,nan,0.6,,,FAR,FAR,0.0,0,INVALID,MISSING_OR_DELAY_BUFFER,0.03,300
C2_n0.03_d300_r02,C2,202644,0.08,0.08,nan,0.6,,,FAR,FAR,0.0,0,INVALID,MISSING_OR_DELAY_BUFFER,0.03,300
C2_n0.03_d300_r02,C2,202644,0.1,0.1,nan,0.6,,,FAR,FAR,0.0,0,INVALID,MISSING_OR_DELAY_BUFFER,0.03,300
C2_n0.03_d300_r02,C2,202644,0.12,0.12,nan,0.6,,,FAR,FAR,0.0,0,INVALID,MISSING_OR_DELAY_BUFFER,0.03,300
C2_n0.03_d300_r02,C2,202644,0.14,0.14,nan,0.6,,,FAR,FAR,0.0,0,INVALID,MISSING_OR_DELAY_BUFFER,0.03,300
C2_n0.03_d300_r02,C2,202644,0.16,0.16,nan,0.6,,,FAR,FAR,0.0,0,INVALID,MISSING_OR_DELAY_BUFFER,0.03,300
C2_n0.03_d300_r02,C2,202644,0.18,0.18,nan,0.6,,,FAR,FAR,0.0,0,INVALID,MISSING_OR_DELAY_BUFFER,0.03,300
C2_n0.03_d300_r02,C2,202644,0.2,0.2,nan,0.6,,,FAR,FAR,0.0,0,INVALID,MISSING_OR_DELAY_BUFFER,0.03,300
C2_n0.03_d300_r02,C2,202644,0.22,0.22,nan,0.6,,,FAR,FAR,0.0,0,INVALID,MISSING_OR_DELAY_BUFFER,0.03,300
C2_n0.03_d300_r02,C2,202644,0.24,0.24,nan,0.6,,,FAR,FAR,0.0,0,INVALID,MISSING_OR_DELAY_BUFFER,0.03,300
C2_n0.03_d300_r02,C2,202644,0.26,0.26,nan,0.6,,,FAR,FAR,0.0,0,INVALID,MISSING_OR_DELAY_BUFFER,0.03,300
C2_n0.03_d300_r02,C2,202644,0.28,0.28,nan,0.6,,,FAR,FAR,0.0,0,INVALID,MISSING_OR_DELAY_BUFFER,0.03,300
C2_n0.03_d300_r02,C2,202644,0.3,0.0,0.3,0.6,0.6173959899057653,0.6173959899057653,FAR,FAR,0.0,1,,,0.03,300
C2_n0.03_d300_r02,C2,202644,0.32,0.02,0.3,0.6,0.64720918286313,0.6248492881451064,FAR,FAR,0.0,1,,,0.03,300
C2_n0.03_d300_r02,C2,202644,0.34,0.04,0.30000000000000004,0.6,0.5653617175801985,0.6099773955038794,FAR,FAR,0.0,1,,,0.03,300
C2_n0.03_d300_r02,C2,202644,0.36,0.06,0.3,0.6,0.6244076273016255,0.613584953453316,FAR,FAR,0.0,1,,,0.03,300
C2_n0.03_d300_r02,C2,202644,0.38,0.08,0.3,0.6,0.5963853904876629,0.6092850627119027,FAR,FAR,0.0,1,,,0.03,300
C2_n0.03_d300_r02,C2,202644,0.4,0.1,0.30000000000000004,0.6,0.6029803500329758,0.607708884542171,FAR,FAR,0.0,1,,,0.03,300
C2_n0.03_d300_r02,C2,202644,0.42,0.12,0.3,0.6,0.625624532760372,0.6121877965967213,FAR,FAR,0.0,1,,,0.03,300
C2_n0.03_d300_r02,C2,202644,0.44,0.14,0.3,0.6,0.5536941003519176,0.5975643725355204,FAR,FAR,0.0,1,,,0.03,300
C2_n0.03_d300_r02,C2,202644,0.46,0.16,0.30000000000000004,0.6,0.6035477510696917,0.5990602171690632,FAR,FAR,0.0,1,,,0.03,300
C2_n0.03_d300_r02,C2,202644,0.48,0.18,0.3,0.6,0.6087639699623556,0.6014861553673863,FAR,FAR,0.0,1,,,0.03,300
C2_n0.03_d300_r02,C2,202644,0.5,0.2,0.3,0.6,0.5754690066412281,0.5949818681858468,FAR,FAR,0.0,1,,,0.03,300
C2_n0.03_d300_r02,C2,202644,0.52,0.22,0.30000000000000004,0.6,0.5729754670807162,0.5894802679095641,FAR,FAR,0.0,1,,,0.03,300
C2_n0.03_d300_r02,C2,202644,0.54,0.24,0.30000000000000004,0.6,0.6238689625040112,0.5980774415581759,FAR,FAR,0.0,1,,,0.03,300
C2_n0.03_d300_r02,C2,202644,0.56,0.26,0.30000000000000004,0.6,0.6130008529480461,0.6018082944056434,FAR,FAR,0.0,1,,,0.03,300
C2_n0.03_d300_r02,C2,202644,0.58,0.28,0.29999999999999993,0.6,0.6436247458060289,0.6122624072557398,FAR,FAR,0.0,1,,,0.03,300
C2_n0.03_d300_r02,C2,202644,0.6,0.3,0.3,0.6,0.6061587464997306,0.6107364920667375,FAR,FAR,0.0,1,,,0.03,300
C2_n0.03_d300_r02,C2,202644,0.62,0.32,0.3,0.6,0.6351537632182841,0.6168408098546242,FAR,FAR,0.0,1,,,0.03,300
C2_n0.03_d300_r02,C2,202644,0.64,0.34,0.3,0.6,0.6040380327063927,0.6136401155675664,FAR,FAR,0.0,1,,,0.03,300
C2_n0.03_d300_r02,C2,202644,0.66,0.36,0.30000000000000004,0.6,0.5863963223296627,0.6068291672580904,FAR,FAR,0.0,1,,,0.03,300
C2_n0.03_d300_r02,C2,202644,0.68,0.38,0.30000000000000004,0.6,0.607722489420083,0.6070524977985886,FAR,FAR,0.0,1,,,0.03,300
C2_n0.03_d300_r02,C2,202644,0.7,0.4,0.29999999999999993,0.6,0.6364327204023676,0.6143975534495334,FAR,FAR,0.0,1,,,0.03,300
C2_n0.03_d300_r02,C2,202644,0.72,0.42,0.3,0.6,0.6289332165629361,0.6180314692278841,FAR,FAR,0.0,1,,,0.03,300
C2_n0.03_d300_r02,C2,202644,0.74,0.44,0.3,0.6,0.6211637593087624,0.6188145417481037,FAR,FAR,0.0,1,,,0.03,300
C2_n0.03_d300_r02,C2,202644,0.76,0.46,0.3,0.6,0.6137188290992146,0.6175406135858814,FAR,FAR,0.0,1,,,0.03,300
C2_n0.03_d300_r02,C2,202644,0.78,0.48,0.30000000000000004,0.6,0.5720051338973638,0.606156743663752,FAR,FAR,0.0,1,,,0.03,300
C2_n0.03_d300_r02,C2,202644,0.8,0.5,0.30000000000000004,0.6,0.6510462084097023,0.6173791098502396,FAR,FAR,0.0,1,,,0.03,300
C2_n0.03_d300_r02,C2,202644,0.82,0.52,0.29999999999999993,0.6,0.6562958260732801,0.6271082889059997,FAR,FAR,0.0,1,,,0.03,300
C2_n0.03_d300_r02,C2,202644,0.84,0.54,0.29999999999999993,0.6,0.574746355718276,0.6140178056090687,FAR,FAR,0.0,1,,,0.03,300
C2_n0.03_d300_r02,C2,202644,0.86,0.56,0.29999999999999993,0.6,0.614172366349237,0.6140564457941108,FAR,FAR,0.0,1,,,0.03,300
C2_n0.03_d300_r02,C2,202644,0.88,0.58,0.30000000000000004,0.6,0.6193979730074191,0.6153918275974379,FAR,FAR,0.0,1,,,0.03,300
C2_n0.03_d300_r02,C2,202644,0.9,0.6,0.30000000000000004,0.6,0.6446650891083001,0.6227101429751535,FAR,FAR,0.0,1,,,0.03,300
C2_n0.03_d300_r02,C2,202644,0.92,0.62,0.30000000000000004,0.6,0.6263479930304254,0.6236196054889714,FAR,FAR,0.0,1,,,0.03,300
C2_n0.03_d300_r02,C2,202644,0.94,0.64,0.29999999999999993,0.6,0.5978810192710322,0.6171849589344867,FAR,FAR,0.0,1,,,0.03,300
C2_n0.03_d300_r02,C2,202644,0.96,0.66,0.29999999999999993,0.6,0.5875449683665984,0.6097749612925146,FAR,FAR,0.0,1,,,0.03,300
C2_n0.03_d300_r02,C2,202644,0.98,0.68,0.29999999999999993,0.6,0.5980856723642919,0.6068526390604589,FAR,FAR,0.0,1,,,0.03,300
C2_n0.03_d300_r02,C2,202644,1.0,0.7,0.30000000000000004,0.6,0.602768100203237,0.6058315043461535,FAR,FAR,0.0,1,,,0.03,300
C2_n0.03_d300_r02,C2,202644,1.02,0.72,0.30000000000000004,0.6,0.6125095387788769,0.6075010129543343,FAR,FAR,0.0,1,,,0.03,300
C2_n0.03_d300_r02,C2,202644,1.04,0.74,0.30000000000000004,0.6,0.6397458274075167,0.61556221656763,FAR,FAR,0.0,1,,,0.03,300
C2_n0.03_d300_r02,C2,202644,1.06,0.76,0.30000000000000004,0.6,0.5685090473188732,0.6037989242554408,FAR,FAR,0.0,1,,,0.03,300
C2_n0.03_d300_r02,C2,202644,1.08,0.78,0.30000000000000004,0.6,0.6103412044620529,0.6054344943070937,FAR,FAR,0.0,1,,,0.03,300
C2_n0.03_d300_r02,C2,202644,1.1,0.8,0.30000000000000004,0.6,0.6426548676119092,0.6147395876332976,FAR,FAR,0.0,1,,,0.03,300
C2_n0.03_d300_r02,C2,202644,1.12,0.82,0.30000000000000016,0.6,0.641648021622206,0.6214666961305246,FAR,FAR,0.0,1,,,0.03,300
C2_n0.03_d300_r02,C2,202644,1.14,0.84,0.29999999999999993,0.6,0.5890696365256716,0.6133674312293114,FAR,FAR,0.0,1,,,0.03,300
C2_n0.03_d300_r02,C2,202644,1.16,0.86,0.29999999999999993,0.6,0.6437660948432159,0.6209670971327875,FAR,FAR,0.0,1,,,0.03,300
C2_n0.03_d300_r02,C2,202644,1.18,0.88,0.29999999999999993,0.6,0.6151337264356952,0.6195087544585145,FAR,FAR,0.0,1,,,0.03,300
C2_n0.03_d300_r02,C2,202644,1.2,0.9,0.29999999999999993,0.6,0.6214473874732688,0.6199934127122031,FAR,FAR,0.0,1,,,0.03,300
C2_n0.03_d300_r02,C2,202644,1.22,0.92,0.29999999999999993,0.6,0.6189572242073449,0.6197343655859886,FAR,FAR,0.0,1,,,0.03,300
C2_n0.03_d300_r02,C2,202644,1.24,0.94,0.30000000000000004,0.6,0.5859692180557038,0.6112930787034174,FAR,FAR,0.0,1,,,0.03,300
C2_n0.03_d300_r02,C2,202644,1.26,0.96,0.30000000000000004,0.6,0.572428858671077,0.6015770236953323,FAR,FAR,0.0,1,,,0.03,300
C2_n0.03_d300_r02,C2,202644,1.28,0.98,0.30000000000000004,0.6,0.6366576399900683,0.6103471777690164,FAR,FAR,0.0,1,,,0.03,300
C2_n0.03_d300_r02,C2,202644,1.3,1.0,0.30000000000000004,0.6,0.6261324784416845,0.6142935029371834,FAR,FAR,0.0,1,,,0.03,300
C2_n0.03_d300_r02,C2,202644,1.32,1.02,0.30000000000000004,0.6,0.5882117741614663,0.6077730707432542,FAR,FAR,0.0,1,,,0.03,300
C2_n0.03_d300_r02,C2,202644,1.34,1.04,0.30000000000000004,0.6,0.591173701269145,0.6036232283747268,FAR,FAR,0.0,1,,,0.03,300
C2_n0.03_d300_r02,C2,202644,1.36,1.06,0.30000000000000004,0.6,0.6038038621935649,0.6036683868294364,FAR,FAR,0.0,1,,,0.03,300
C2_n0.03_d300_r02,C2,202644,1.38,1.08,0.2999999999999998,0.6,0.5724259222747636,0.5958577706907682,FAR,FAR,0.0,1,,,0.03,300
C2_n0.03_d300_r02,C2,202644,1.4,1.1,0.2999999999999998,0.6,0.5886056652978725,0.5940447443425443,FAR,FAR,0.0,1,,,0.03,300
C2_n0.03_d300_r02,C2,202644,1.42,1.12,0.2999999999999998,0.6,0.5902207887104666,0.5930887554345249,FAR,FAR,0.0,1,,,0.03,300
C2_n0.03_d300_r02,C2,202644,1.44,1.14,0.30000000000000004,0.6,0.564374939421902,0.5859103014313691,FAR,FAR,0.0,1,,,0.03,300
C2_n0.03_d300_r02,C2,202644,1.46,1.16,0.30000000000000004,0.6,0.6296161071504477,0.5968367528611388,FAR,FAR,0.0,1,,,0.03,300
C2_n0.03_d300_r02,C2,202644,1.48,1.18,0.30000000000000004,0.6,0.5740069320486402,0.5911292976580141,FAR,FAR,0.0,1,,,0.03,300
C2_n0.03_d300_r02,C2,202644,1.5,1.2,0.30000000000000004,0.6,0.5634550487741045,0.5842107354370367,FAR,FAR,0.0,1,,,0.03,300
C2_n0.03_d300_r02,C2,202644,1.52,1.22,0.30000000000000004,0.6,0.6072971080001475,0.5899823285778144,FAR,FAR,0.0,1,,,0.03,300
C2_n0.03_d300_r02,C2,202644,1.54,1.24,0.30000000000000004,0.6,0.5246730348401552,0.5736550051433996,FAR,FAR,0.0,1,,,0.03,300
C2_n0.03_d300_r02,C2,202644,1.56,1.26,0.30000000000000004,0.6,0.615285274301378,0.5840625724328943,FAR,FAR,0.0,1,,,0.03,300
C2_n0.03_d300_r02,C2,202644,1.58,1.28,0.30000000000000004,0.6,0.6280926453953357,0.5950700906735047,FAR,FAR,0.0,1,,,0.03,300
C2_n0.03_d300_r02,C2,202644,1.6,1.3,0.30000000000000004,0.6,0.6185572262630016,0.6009418745708789,FAR,FAR,0.0,1,,,0.03,300
C2_n0.03_d300_r02,C2,202644,1.62,1.32,0.30000000000000004,0.6,0.6048448955473753,0.601917629815003,FAR,FAR,0.0,1,,,0.03,300
C2_n0.03_d300_r02,C2,202644,1.64,1.34,0.2999999999999998,0.6,0.5386374976340519,0.5860975967697651,FAR,FAR,0.0,1,,,0.03,300
C2_n0.03_d300_r02,C2,202644,1.66,1.36,0.2999999999999998,0.6,0.6136786396110365,0.5929928574800829,FAR,FAR,0.0,1,,,0.03,300
C2_n0.03_d300_r02,C2,202644,1.68,1.38,0.30000000000000004,0.6,0.6077648596826365,0.5966858580307213,FAR,FAR,0.0,1,,,0.03,300
C2_n0.03_d300_r02,C2,202644,1.7,1.4,0.30000000000000004,0.6,0.6121513769630474,0.6005522377638028,FAR,FAR,0.0,1,,,0.03,300
C2_n0.03_d300_r02,C2,202644,1.72,1.42,0.30000000000000004,0.6,0.5912940616827436,0.5982376937435381,FAR,FAR,0.0,1,,,0.03,300
C2_n0.03_d300_r02,C2,202644,1.74,1.44,0.30000000000000004,0.6,0.6083399707669049,0.6007632629993798,FAR,FAR,0.0,1,,,0.03,300
C2_n0.03_d300_r02,C2,202644,1.76,1.46,0.30000000000000004,0.6,0.5883100282958106,0.5976499543234874,FAR,FAR,0.0,1,,,0.03,300
C2_n0.03_d300_r02,C2,202644,1.78,1.48,0.30000000000000004,0.6,0.6120106237970727,0.6012401216918838,FAR,FAR,0.0,1,,,0.03,300
C2_n0.03_d300_r02,C2,202644,1.8,1.5,0.30000000000000004,0.6,0.6027901837644205,0.601627637210018,FAR,FAR,0.0,1,,,0.03,300
C2_n0.03_d300_r02,C2,202644,1.82,1.52,0.30000000000000004,0.6,0.5696155197545288,0.5936246078461457,FAR,FAR,0.0,1,,,0.03,300
C2_n0.03_d300_r02,C2,202644,1.84,1.54,0.30000000000000004,0.6,0.5362070423292201,0.5792702164669143,FAR,FAR,0.0,1,,,0.03,300
C2_n0.03_d300_r02,C2,202644,1.86,1.56,0.30000000000000004,0.6,0.5967181507702193,0.5836322000427405,FAR,FAR,0.0,1,,,0.03,300
C2_n0.03_d300_r02,C2,202644,1.88,1.58,0.2999999999999998,0.6,0.6081775818438857,0.5897685454930268,FAR,FAR,0.0,1,,,0.03,300
C2_n0.03_d300_r02,C2,202644,1.9,1.6,0.2999999999999998,0.6,0.6041081918445897,0.5933534570809176,FAR,FAR,0.0,1,,,0.03,300
C2_n0.03_d300_r02,C2,202644,1.92,1.62,0.2999999999999998,0.6,0.607869390237932,0.5969824403701711,FAR,FAR,0.0,1,,,0.03,300
C2_n0.03_d300_r02,C2,202644,1.94,1.64,0.30000000000000004,0.6,0.6012431486202697,0.5980476174326957,FAR,FAR,0.0,1,,,0.03,300
C2_n0.03_d300_r02,C2,202644,1.96,1.66,0.30000000000000004,0.6,0.5959264048445438,0.5975173142856578,FAR,FAR,0.0,1,,,0.03,300
C2_n0.03_d300_r02,C2,202644,1.98,1.68,0.30000000000000004,0.6,0.5538456363295616,0.5865993947966337,FAR,FAR,0.0,1,,,0.03,300
C2_n0.03_d300_r02,C2,202644,2.0,1.7,0.30000000000000004,0.6,0.5732511410300195,0.5832623313549802,FAR,FAR,0.0,1,,,0.03,300
C2_n0.03_d300_r02,C2,202644,2.02,1.72,0.30000000000000004,0.6,0.5540297987923073,0.5759541982143119,FAR,FAR,0.0,1,,,0.03,300
C2_n0.03_d300_r02,C2,202644,2.04,1.74,0.30000000000000004,0.6,0.5669841356655044,0.57371168257711,FAR,FAR,0.0,1,,,0.03,300
C2_n0.03_d300_r02,C2,202644,2.06,1.76,0.30000000000000004,0.6,0.6074890682950014,0.5821560290065828,FAR,FAR,0.0,1,,,0.03,300
C2_n0.03_d300_r02,C2,202644,2.08,1.78,0.30000000000000004,0.6,0.6024129650606319,0.5872202630200951,FAR,FAR,0.0,1,,,0.03,300
C2_n0.03_d300_r02,C2,202644,2.1,1.8,0.30000000000000004,0.6,0.6163816538215335,0.5945106107204547,FAR,FAR,0.0,1,,,0.03,300
C2_n0.03_d300_r02,C2,202644,2.12,1.82,0.30000000000000004,0.6,0.5409499551810844,0.5811204468356121,FAR,FAR,0.0,1,,,0.03,300
C2_n0.03_d300_r02,C2,202644,2.14,1.84,0.30000000000000004,0.6,0.595708878484694,0.5847675547478826,FAR,FAR,0.0,1,,,0.03,300
C2_n0.03_d300_r02,C2,202644,2.16,1.86,0.30000000000000004,0.6,0.6025853422095305,0.5892220016132945,FAR,FAR,0.0,1,,,0.03,300
C2_n0.03_d300_r02,C2,202644,2.18,1.88,0.30000000000000027,0.6,0.614396467536904,0.595515618094197,FAR,FAR,0.0,1,,,0.03,300
C2_n0.03_d300_r02,C2,202644,2.2,1.9,0.30000000000000027,0.6,0.6357374591762355,0.6055710783647066,FAR,FAR,0.0,1,,,0.03,300
C2_n0.03_d300_r02,C2,202644,2.22,1.92,0.30000000000000027,0.6,0.6091974509013662,0.6064776714988716,FAR,FAR,0.0,1,,,0.03,300
C2_n0.03_d300_r02,C2,202644,2.24,1.94,0.30000000000000027,0.6,0.6133008412906829,0.6081834639468244,FAR,FAR,0.0,1,,,0.03,300
C2_n0.03_d300_r02,C2,202644,2.26,1.96,0.2999999999999998,0.6,0.5690031683607077,0.5983883900502953,FAR,FAR,0.0,1,,,0.03,300
C2_n0.03_d300_r02,C2,202644,2.28,1.98,0.2999999999999998,0.6,0.5937366673801954,0.5972254593827704,FAR,FAR,0.0,1,,,0.03,300
C2_n0.03_d300_r02,C2,202644,2.3,2.0,0.2999999999999998,0.6,0.5486205714099479,0.5850742373895648,FAR,FAR,0.0,1,,,0.03,300
C2_n0.03_d300_r02,C2,202644,2.32,2.02,0.2999999999999998,0.6,0.6268119831260786,0.5955086738236932,FAR,FAR,0.0,1,,,0.03,300
C2_n0.03_d300_r02,C2,202644,2.34,2.04,0.2999999999999998,0.6,0.526327399858321,0.5782133553323502,FAR,FAR,0.0,1,,,0.03,300
C2_n0.03_d300_r02,C2,202644,2.36,2.06,0.2999999999999998,0.6,0.6500068441954345,0.5961617275481212,FAR,FAR,0.0,1,,,0.03,300
C2_n0.03_d300_r02,C2,202644,2.38,2.08,0.2999999999999998,0.6,0.5996795561128299,0.5970411846892985,FAR,FAR,0.0,1,,,0.03,300
C2_n0.03_d300_r02,C2,202644,2.4,2.1,0.2999999999999998,0.6,0.5625955403967141,0.5884297736161523,FAR,FAR,0.0,1,,,0.03,300
C2_n0.03_d300_r02,C2,202644,2.42,2.12,0.2999999999999998,0.6,0.63176350500825,0.5992632064641767,FAR,FAR,0.0,1,,,0.03,300
C2_n0.03_d300_r02,C2,202644,2.44,2.14,0.2999999999999998,0.6,0.5498275615305119,0.5869042952307606,FAR,FAR,0.0,1,,,0.03,300
C2_n0.03_d300_r02,C2,202644,2.46,2.16,0.2999999999999998,0.6,0.5704615390704679,0.5827936061906874,FAR,FAR,0.0,1,,,0.03,300
C2_n0.03_d300_r02,C2,202644,2.48,2.18,0.2999999999999998,0.6,0.6187019997556089,0.5917707045819178,FAR,FAR,0.0,1,,,0.03,300
C2_n0.03_d300_r02,C2,202644,2.5,2.2,0.2999999999999998,0.6,0.5737565789023372,0.5872671731620227,FAR,FAR,0.0,1,,,0.03,300
C2_n0.03_d300_r02,C2,202644,2.52,2.22,0.2999999999999998,0.6,0.649679828616402,0.6028703370256175,FAR,FAR,0.0,1,,,0.03,300
C2_n0.03_d300_r02,C2,202644,2.54,2.24,0.2999999999999998,0.6,0.609533526872711,0.604536134487391,FAR,FAR,0.0,1,,,0.03,300
C2_n0.03_d300_r02,C2,202644,2.56,2.26,0.30000000000000027,0.6,0.55421309281332,0.5919553740688732,FAR,FAR,0.0,1,,,0.03,300
C2_n0.03_d300_r02,C2,202644,2.58,2.28,0.30000000000000027,0.6,0.6418272834854357,0.6044233514230138,FAR,FAR,0.0,1,,,0.03,300
C2_n0.03_d300_r02,C2,202644,2.6,2.3,0.30000000000000027,0.6,0.5294293800215486,0.5856748585726474,FAR,FAR,0.0,1,,,0.03,300
C2_n0.03_d300_r02,C2,202644,2.62,2.32,0.30000000000000027,0.6,0.5630594718919861,0.5800210119024821,FAR,FAR,0.0,1,,,0.03,300
C2_n0.03_d300_r02,C2,202644,2.64,2.34,0.30000000000000027,0.6,0.627179803942268,0.5918107099124286,FAR,FAR,0.0,1,,,0.03,300
C2_n0.03_d300_r02,C2,202644,2.66,2.36,0.30000000000000027,0.6,0.6176363432358475,0.5982671182432833,FAR,FAR,0.0,1,,,0.03,300
C2_n0.03_d300_r02,C2,202644,2.68,2.38,0.30000000000000027,0.6,0.6015963460458001,0.5990994251939125,FAR,FAR,0.0,1,,,0.03,300
C2_n0.03_d300_r02,C2,202644,2.7,2.4,0.30000000000000027,0.6,0.5746270749309622,0.592981337628175,FAR,FAR,0.0,1,,,0.03,300
C2_n0.03_d300_r02,C2,202644,2.72,2.42,0.30000000000000027,0.6,0.6642503227688445,0.6107985839133423,FAR,FAR,0.0,1,,,0.03,300
C2_n0.03_d300_r02,C2,202644,2.74,2.44,0.30000000000000027,0.6,0.6044496368127041,0.6092113471381828,FAR,FAR,0.0,1,,,0.03,300
C2_n0.03_d300_r02,C2,202644,2.76,2.46,0.2999999999999998,0.6,0.6673003662433258,0.6237336019144686,FAR,FAR,0.0,1,,,0.03,300
C2_n0.03_d300_r02,C2,202644,2.78,2.48,0.2999999999999998,0.6,0.6171075478651976,0.6220770884021508,FAR,FAR,0.0,1,,,0.03,300
C2_n0.03_d300_r02,C2,202644,2.8,2.5,0.2999999999999998,0.6,0.6400434939315263,0.6265686897844946,FAR,FAR,0.0,1,,,0.03,300
C2_n0.03_d300_r02,C2,202644,2.82,2.52,0.2999999999999998,0.6,0.6234048587078994,0.6257777320153458,FAR,FAR,0.0,1,,,0.03,300
C2_n0.03_d300_r02,C2,202644,2.84,2.54,0.2999999999999998,0.6,0.5865444297037211,0.6159694064374396,FAR,FAR,0.0,1,,,0.03,300
C2_n0.03_d300_r02,C2,202644,2.86,2.56,0.2999999999999998,0.6,0.5938028594744532,0.610427769696693,FAR,FAR,0.0,1,,,0.03,300
C2_n0.03_d300_r02,C2,202644,2.88,2.58,0.2999999999999998,0.6,0.5829697148972456,0.6035632559968311,FAR,FAR,0.0,1,,,0.03,300
C2_n0.03_d300_r02,C2,202644,2.9,2.6,0.2999999999999998,0.6,0.6209967354949596,0.6079216258713632,FAR,FAR,0.0,1,,,0.03,300
C2_n0.03_d300_r02,C2,202644,2.92,2.62,0.2999999999999998,0.6,0.625362752586852,0.6122819075502354,FAR,FAR,0.0,1,,,0.03,300
C2_n0.03_d300_r02,C2,202644,2.94,2.64,0.2999999999999998,0.6,0.6100242372251563,0.6117174899689657,FAR,FAR,0.0,1,,,0.03,300
C2_n0.03_d300_r02,C2,202644,2.96,2.66,0.2999999999999998,0.6,0.5797777258338187,0.6037325489351789,FAR,FAR,0.0,1,,,0.03,300
C2_n0.03_d300_r02,C2,202644,2.98,2.68,0.2999999999999998,0.6,0.5873400998113494,0.5996344366542214,FAR,FAR,0.0,1,,,0.03,300
C2_n0.03_d300_r02,C2,202644,3.0,2.7,0.2999999999999998,0.6,0.5953200589906991,0.5985558422383408,FAR,FAR,0.0,1,,,0.03,300
C2_n0.03_d300_r02,C2,202644,3.02,2.72,0.2999999999999998,0.6,0.6376209620517668,0.6083221221916972,FAR,FAR,0.0,1,,,0.03,300
C2_n0.03_d300_r02,C2,202644,3.04,2.74,0.2999999999999998,0.6,0.6038816143170966,0.607211995223047,FAR,FAR,0.0,1,,,0.03,300
C2_n0.03_d300_r02,C2,202644,3.06,2.76,0.30000000000000027,0.6,0.5849752226735138,0.6016528020856637,FAR,FAR,0.0,1,,,0.03,300
C2_n0.03_d300_r02,C2,202644,3.08,2.78,0.30000000000000027,0.6,0.6110673356392834,0.6040064354740686,FAR,FAR,0.0,1,,,0.03,300
C2_n0.03_d300_r02,C2,202644,3.1,2.8,0.30000000000000027,0.6,0.5425438164595949,0.5886407807204502,FAR,FAR,0.0,1,,,0.03,300
C2_n0.03_d300_r02,C2,202644,3.12,2.82,0.30000000000000027,0.6,0.5966361298543796,0.5906396180039326,FAR,FAR,0.0,1,,,0.03,300
C2_n0.03_d300_r02,C2,202644,3.14,2.84,0.30000000000000027,0.6,0.5726635422947332,0.5861455990766328,FAR,FAR,0.0,1,,,0.03,300
C2_n0.03_d300_r02,C2,202644,3.16,2.86,0.30000000000000027,0.6,0.5665525408839864,0.5812473345284712,FAR,FAR,0.0,1,,,0.03,300
C2_n0.03_d300_r02,C2,202644,3.18,2.88,0.30000000000000027,0.6,0.6060244030416316,0.5874416016567613,FAR,FAR,0.0,1,,,0.03,300
C2_n0.03_d300_r02,C2,202644,3.2,2.9,0.30000000000000027,0.6,0.6088584081631337,0.5927958032833544,FAR,FAR,0.0,1,,,0.03,300
C2_n0.03_d300_r02,C2,202644,3.22,2.92,0.30000000000000027,0.6,0.5967790448972675,0.5937916136868326,FAR,FAR,0.0,1,,,0.03,300
C2_n0.03_d300_r02,C2,202644,3.24,2.94,0.30000000000000027,0.6,0.6062672213979652,0.5969105156146157,FAR,FAR,0.0,1,,,0.03,300
C2_n0.03_d300_r02,C2,202644,3.26,2.96,0.2999999999999998,0.6,0.5853321306593235,0.5940159193757927,FAR,FAR,0.0,1,,,0.03,300
C2_n0.03_d300_r02,C2,202644,3.28,2.98,0.2999999999999998,0.6,0.615288025801396,0.5993339459821936,FAR,FAR,0.0,1,,,0.03,300
C2_n0.03_d300_r02,C2,202644,3.3,3.0,0.2999999999999998,0.6,0.6001258330349682,0.5995319177453873,FAR,FAR,0.0,1,,,0.03,300
C2_n0.03_d300_r02,C2,202644,3.32,3.02,0.2999999999999998,0.6,0.5983947980058959,0.5992476378105145,FAR,FAR,0.0,1,,,0.03,300
C2_n0.03_d300_r02,C2,202644,3.34,3.04,0.2999999999999998,0.6,0.6019114846857775,0.5999135995293302,FAR,FAR,0.0,1,,,0.03,300
C2_n0.03_d300_r02,C2,202644,3.36,3.06,0.2999999999999998,0.6,0.572700879353923,0.5931104194854784,FAR,FAR,0.0,1,,,0.03,300
C2_n0.03_d300_r02,C2,202644,3.38,3.08,0.2999999999999998,0.6,0.582305167586452,0.5904091065107218,FAR,FAR,0.0,1,,,0.03,300
C2_n0.03_d300_r02,C2,202644,3.4,3.1,0.2999999999999998,0.6,0.6714530746446625,0.610670098544207,FAR,FAR,0.0,1,,,0.03,300
C2_n0.03_d300_r02,C2,202644,3.42,3.12,0.2999999999999998,0.6,0.5873924700619235,0.6048506914236361,FAR,FAR,0.0,1,,,0.03,300
C2_n0.03_d300_r02,C2,202644,3.44,3.14,0.2999999999999998,0.6,0.6443409388756572,0.6147232532866415,FAR,FAR,0.0,1,,,0.03,300
C2_n0.03_d300_r02,C2,202644,3.46,3.16,0.2999999999999998,0.6,0.5729872252624447,0.6042892462805922,FAR,FAR,0.0,1,,,0.03,300
C2_n0.03_d300_r02,C2,202644,3.48,3.18,0.2999999999999998,0.6,0.5713503695870812,0.5960545271072144,FAR,FAR,0.0,1,,,0.03,300
C2_n0.03_d300_r02,C2,202644,3.5,3.2,0.2999999999999998,0.6,0.5462335999905154,0.5835992953280397,FAR,FAR,0.0,1,,,0.03,300
C2_n0.03_d300_r02,C2,202644,3.52,3.22,0.2999999999999998,0.6,0.5958835051728955,0.5866703477892536,FAR,FAR,0.0,1,,,0.03,300
C2_n0.03_d300_r02,C2,202644,3.54,3.24,0.2999999999999998,0.6,0.5590632849772073,0.579768582086242,FAR,FAR,0.0,1,,,0.03,300
C2_n0.03_d300_r02,C2,202644,3.56,3.26,0.30000000000000027,0.6,0.5830496031352803,0.5805888373485016,FAR,FAR,0.0,1,,,0.03,300
C2_n0.03_d300_r02,C2,202644,3.58,3.28,0.30000000000000027,0.6,0.5960941524131967,0.5844651661146754,FAR,FAR,0.0,1,,,0.03,300
C2_n0.03_d300_r02,C2,202644,3.6,3.3,0.30000000000000027,0.6,0.6584304878256912,0.6029564965424293,FAR,FAR,0.0,1,,,0.03,300
C2_n0.03_d300_r02,C2,202644,3.62,3.32,0.30000000000000027,0.6,0.5989195835992943,0.6019472683066456,FAR,FAR,0.0,1,,,0.03,300
C2_n0.03_d300_r02,C2,202644,3.64,3.34,0.30000000000000027,0.6,0.6165626613382745,0.6056011165645528,FAR,FAR,0.0,1,,,0.03,300
C2_n0.03_d300_r02,C2,202644,3.66,3.36,0.30000000000000027,0.6,0.5618301033647898,0.5946583632646121,FAR,FAR,0.0,1,,,0.03,300
C2_n0.03_d300_r02,C2,202644,3.68,3.38,0.30000000000000027,0.6,0.592461994080106,0.5941092709684855,FAR,FAR,0.0,1,,,0.03,300
C2_n0.03_d300_r02,C2,202644,3.7,3.4,0.30000000000000027,0.6,0.6178513040305814,0.6000447792340096,FAR,FAR,0.0,1,,,0.03,300
C2_n0.03_d300_r02,C2,202644,3.72,3.42,0.30000000000000027,0.6,0.6045998832565989,0.6011835552396569,FAR,FAR,0.0,1,,,0.03,300
C2_n0.03_d300_r02,C2,202644,3.74,3.44,0.30000000000000027,0.6,0.5970571339918099,0.6001519499276952,FAR,FAR,0.0,1,,,0.03,300
C2_n0.03_d300_r02,C2,202644,3.76,3.46,0.2999999999999998,0.6,0.6213731692753475,0.6054572547646082,FAR,FAR,0.0,1,,,0.03,300
C2_n0.03_d300_r02,C2,202644,3.78,3.48,0.2999999999999998,0.6,0.6110503589400034,0.606855530808457,FAR,FAR,0.0,1,,,0.03,300
C2_n0.03_d300_r02,C2,202644,3.8,3.5,0.2999999999999998,0.6,0.5668398346837087,0.5968516067772699,FAR,FAR,0.0,1,,,0.03,300
C2_n0.03_d300_r02,C2,202644,3.82,3.52,0.2999999999999998,0.6,0.5524548699125387,0.5857524225610871,FAR,FAR,0.0,1,,,0.03,300
C2_n0.03_d300_r02,C2,202644,3.84,3.54,0.2999999999999998,0.6,0.5692162562094929,0.5816183809731885,FAR,FAR,0.0,1,,,0.03,300
C2_n0.03_d300_r02,C2,202644,3.86,3.56,0.2999999999999998,0.6,0.5874517742207688,0.5830767292850836,FAR,FAR,0.0,1,,,0.03,300
C2_n0.03_d300_r02,C2,202644,3.88,3.58,0.2999999999999998,0.6,0.593562017432622,0.5856980513219682,FAR,FAR,0.0,1,,,0.03,300
C2_n0.03_d300_r02,C2,202644,3.9,3.6,0.2999999999999998,0.6,0.6551691044148439,0.603065814595187,FAR,FAR,0.0,1,,,0.03,300
C2_n0.03_d300_r02,C2,202644,3.92,3.62,0.2999999999999998,0.6,0.5797961901226413,0.5972484084770506,FAR,FAR,0.0,1,,,0.03,300
C2_n0.03_d300_r02,C2,202644,3.94,3.64,0.2999999999999998,0.6,0.6277663389073533,0.6048778910846263,FAR,FAR,0.0,1,,,0.03,300
C2_n0.03_d300_r02,C2,202644,3.96,3.66,0.2999999999999998,0.6,0.5722362401707096,0.5967174783561472,FAR,FAR,0.0,1,,,0.03,300
C2_n0.03_d300_r02,C2,202644,3.98,3.68,0.2999999999999998,0.6,0.5852556297328319,0.5938520162003184,FAR,FAR,0.0,1,,,0.03,300
C2_n0.03_d300_r02,C2,202644,4.0,3.7,0.2999999999999998,0.6,0.5980962647629202,0.5949130783409688,FAR,FAR,0.0,1,,,0.03,300
C2_n0.03_d300_r02,C2,202644,4.02,3.72,0.2999999999999994,0.5982500000000001,0.587358586296634,0.5930244553298851,FAR,FAR,0.0,1,,,0.03,300
C2_n0.03_d300_r02,C2,202644,4.04,3.74,0.2999999999999998,0.5965,0.6098523790397525,0.597231436257352,FAR,FAR,0.0,1,,,0.03,300
C2_n0.03_d300_r02,C2,202644,4.06,3.76,0.2999999999999998,0.59475,0.6415301617533956,0.6083061176313629,FAR,FAR,0.0,1,,,0.03,300
C2_n0.03_d300_r02,C2,202644,4.08,3.78,0.30000000000000027,0.593,0.619536968435068,0.6111138303322892,FAR,FAR,0.0,1,,,0.03,300
C2_n0.03_d300_r02,C2,202644,4.1,3.8,0.2999999999999998,0.59125,0.6805262378632853,0.6284669322150382,FAR,FAR,0.0,1,,,0.03,300
C2_n0.03_d300_r02,C2,202644,4.12,3.82,0.30000000000000027,0.5894999999999999,0.5614250494866698,0.6117064615329462,FAR,FAR,0.0,1,,,0.03,300
C2_n0.03_d300_r02,C2,202644,4.14,3.84,0.2999999999999998,0.58775,0.5826974563184861,0.6044542102293311,FAR,FAR,0.0,1,,,0.03,300
C2_n0.03_d300_r02,C2,202644,4.16,3.86,0.30000000000000027,0.586,0.6146932962140456,0.6070139817255097,FAR,FAR,0.0,1,,,0.03,300
C2_n0.03_d300_r02,C2,202644,4.18,3.88,0.2999999999999998,0.58425,0.5959737542836566,0.6042539248650465,FAR,FAR,0.0,1,,,0.03,300
C2_n0.03_d300_r02,C2,202644,4.2,3.9,0.30000000000000027,0.5825,0.5331239577869873,0.5864714330955316,FAR,FAR,0.0,1,,,0.03,300
C2_n0.03_d300_r02,C2,202644,4.22,3.92,0.2999999999999998,0.58075,0.5796889672834655,0.5847758166425151,FAR,FAR,0.0,1,,,0.03,300
C2_n0.03_d300_r02,C2,202644,4.24,3.94,0.30000000000000027,0.579,0.6693255940100669,0.6059132609844031,FAR,FAR,0.0,1,,,0.03,300
C2_n0.03_d300_r02,C2,202644,4.26,3.96,0.2999999999999998,0.57725,0.6047888725601015,0.6056321638783277,FAR,FAR,0.0,1,,,0.03,300
C2_n0.03_d300_r02,C2,202644,4.28,3.98,0.30000000000000027,0.5754999999999999,0.6085169722936782,0.6063533659821654,FAR,FAR,0.0,1,,,0.03,300
C2_n0.03_d300_r02,C2,202644,4.3,4.0,0.2999999999999998,0.57375,0.6548455856606568,0.6184764209017882,FAR,FAR,0.0,1,,,0.03,300
C2_n0.03_d300_r02,C2,202644,4.32,4.02,0.3000000000000007,0.572,0.617627905898583,0.6182642921509869,FAR,FAR,0.0,1,,,0.03,300
C2_n0.03_d300_r02,C2,202644,4.34,4.04,0.2999999999999998,0.57025,0.6112794742599198,0.6165180876782201,FAR,FAR,0.0,1,,,0.03,300
C2_n0.03_d300_r02,C2,202644,4.36,4.06,0.3000000000000007,0.5685,0.5431327280904761,0.5981717477812841,FAR,FAR,0.0,1,,,0.03,300
C2_n0.03_d300_r02,C2,202644,4.38,4.08,0.2999999999999998,0.56675,0.597288694258075,0.5979509844004818,FAR,FAR,0.0,1,,,0.03,300
C2_n0.03_d300_r02,C2,202644,4.4,4.1,0.3000000000000007,0.565,0.639131501508623,0.608246113677517,FAR,FAR,0.0,1,,,0.03,300
C2_n0.03_d300_r02,C2,202644,4.42,4.12,0.2999999999999998,0.56325,0.5687766893501202,0.5983787575956678,FAR,FAR,0.0,1,,,0.03,300
C2_n0.03_d300_r02,C2,202644,4.44,4.14,0.3000000000000007,0.5614999999999999,0.615646549019364,0.6026957054515919,FAR,FAR,0.0,1,,,0.03,300
C2_n0.03_d300_r02,C2,202644,4.46,4.16,0.2999999999999998,0.55975,0.6198496649360122,0.606984195322697,FAR,FAR,0.0,1,,,0.03,300
C2_n0.03_d300_r02,C2,202644,4.48,4.18,0.3000000000000007,0.5579999999999999,0.5762673542209691,0.599304985047265,FAR,FAR,0.0,1,,,0.03,300
C2_n0.03_d300_r02,C2,202644,4.5,4.2,0.2999999999999998,0.55625,0.6106758005165893,0.602147688914596,FAR,FAR,0.0,1,,,0.03,300
C2_n0.03_d300_r02,C2,202644,4.52,4.22,0.2999999999999998,0.5545,0.571651812710963,0.5945237198636878,FAR,FAR,0.0,1,,,0.03,300
C2_n0.03_d300_r02,C2,202644,4.54,4.24,0.2999999999999998,0.55275,0.5956795257054329,0.5948126713241241,FAR,FAR,0.0,1,,,0.03,300
C2_n0.03_d300_r02,C2,202644,4.56,4.26,0.2999999999999998,0.551,0.5627282816556195,0.586791573906998,FAR,FAR,0.0,1,,,0.03,300
C2_n0.03_d300_r02,C2,202644,4.58,4.28,0.2999999999999998,0.54925,0.5554174693816777,0.5789480477756679,FAR,FAR,0.0,1,,,0.03,300
C2_n0.03_d300_r02,C2,202644,4.6,4.3,0.2999999999999998,0.5475,0.6154500037803886,0.588073536776848,FAR,FAR,0.0,1,,,0.03,300
C2_n0.03_d300_r02,C2,202644,4.62,4.32,0.2999999999999998,0.54575,0.5155917761281307,0.5699530966146688,FAR,FAR,0.0,1,,,0.03,300
C2_n0.03_d300_r02,C2,202644,4.64,4.34,0.2999999999999998,0.544,0.5260207505064644,0.5589700100876177,FAR,FAR,0.0,1,,,0.03,300
C2_n0.03_d300_r02,C2,202644,4.66,4.36,0.2999999999999998,0.54225,0.6147925013241485,0.5729256328967504,FAR,FAR,0.0,1,,,0.03,300
C2_n0.03_d300_r02,C2,202644,4.68,4.38,0.2999999999999998,0.5405,0.6207478895521892,0.58488119706061,FAR,FAR,0.0,1,,,0.03,300
C2_n0.03_d300_r02,C2,202644,4.7,4.4,0.2999999999999998,0.53875,0.5515456154439955,0.5765473016564564,FAR,FAR,0.0,1,,,0.03,300
C2_n0.03_d300_r02,C2,202644,4.72,4.42,0.2999999999999998,0.537,0.5598072939216211,0.5723622997227475,FAR,FAR,0.0,1,,,0.03,300
C2_n0.03_d300_r02,C2,202644,4.74,4.44,0.2999999999999998,0.53525,0.5002540060392994,0.5543352263018855,FAR,FAR,0.0,1,,,0.03,300
C2_n0.03_d300_r02,C2,202644,4.76,4.46,0.2999999999999998,0.5335,0.5720465116259077,0.5587630476328911,FAR,FAR,0.0,1,,,0.03,300
C2_n0.03_d300_r02,C2,202644,4.78,4.48,0.2999999999999998,0.53175,0.5518634380822283,0.5570381452452253,FAR,FAR,0.0,1,,,0.03,300
C2_n0.03_d300_r02,C2,202644,4.8,4.5,0.2999999999999998,0.53,0.5746454987802553,0.5614399836289828,FAR,FAR,0.0,1,,,0.03,300
C2_n0.03_d300_r02,C2,202644,4.82,4.52,0.3000000000000007,0.52825,0.5357074239160787,0.5550068437007568,FAR,FAR,0.0,1,,,0.03,300
C2_n0.03_d300_r02,C2,202644,4.84,4.54,0.2999999999999998,0.5265,0.5302198353226599,0.5488100916062326,FAR,FAR,0.0,1,,,0.03,300
C2_n0.03_d300_r02,C2,202644,4.86,4.56,0.3000000000000007,0.5247499999999999,0.5948972073688801,0.5603318705468945,FAR,FAR,0.0,1,,,0.03,300
C2_n0.03_d300_r02,C2,202644,4.88,4.58,0.2999999999999998,0.523,0.5707380650848973,0.5629334191813952,FAR,FAR,0.0,1,,,0.03,300
C2_n0.03_d300_r02,C2,202644,4.9,4.6,0.3000000000000007,0.52125,0.5736936491789296,0.5656234766807788,FAR,FAR,0.0,1,,,0.03,300
C2_n0.03_d300_r02,C2,202644,4.92,4.62,0.2999999999999998,0.5195,0.544085253649276,0.5602389209229031,FAR,FAR,0.0,1,,,0.03,300
C2_n0.03_d300_r02,C2,202644,4.94,4.64,0.3000000000000007,0.5177499999999999,0.46410920796478194,0.5362064926833727,FAR,FAR,0.0,1,,,0.03,300
C2_n0.03_d300_r02,C2,202644,4.96,4.66,0.2999999999999998,0.516,0.5158968373944152,0.5311290788611334,FAR,FAR,0.0,1,,,0.03,300
C2_n0.03_d300_r02,C2,202644,4.98,4.68,0.3000000000000007,0.51425,0.5590279315666737,0.5381037920375185,FAR,FAR,0.0,1,,,0.03,300
C2_n0.03_d300_r02,C2,202644,5.0,4.7,0.2999999999999998,0.5125,0.5138411132533726,0.532038122341482,FAR,FAR,0.0,1,,,0.03,300
C2_n0.03_d300_r02,C2,202644,5.02,4.72,0.2999999999999998,0.51075,0.5179936359926933,0.5285270007542848,FAR,FAR,0.0,1,,,0.03,300
C2_n0.03_d300_r02,C2,202644,5.04,4.74,0.2999999999999998,0.509,0.5126324181689275,0.5245533551079455,FAR,FAR,0.0,1,,,0.03,300
C2_n0.03_d300_r02,C2,202644,5.06,4.76,0.2999999999999998,0.50725,0.5605479544046864,0.5335520049321307,FAR,FAR,0.0,1,,,0.03,300
C2_n0.03_d300_r02,C2,202644,5.08,4.78,0.2999999999999998,0.5055,0.5377787055349827,0.5346086800828438,FAR,FAR,0.0,1,,,0.03,300
C2_n0.03_d300_r02,C2,202644,5.1,4.8,0.2999999999999998,0.50375,0.5084294023642641,0.5280638606531989,FAR,FAR,0.0,1,,,0.03,300
C2_n0.03_d300_r02,C2,202644,5.12,4.82,0.2999999999999998,0.502,0.5176924455388789,0.5254710068746189,FAR,FAR,0.0,1,,,0.03,300
C2_n0.03_d300_r02,C2,202644,5.14,4.84,0.2999999999999998,0.50025,0.5439010531180395,0.530078518435474,FAR,FAR,0.0,1,,,0.03,300
C2_n0.03_d300_r02,C2,202644,5.16,4.86,0.2999999999999998,0.49849999999999994,0.5143631465547648,0.5261496754652967,FAR,FAR,0.0,1,,,0.03,300
C2_n0.03_d300_r02,C2,202644,5.18,4.88,0.2999999999999998,0.49675,0.5160035882943357,0.5236131536725563,FAR,FAR,0.0,1,,,0.03,300
C2_n0.03_d300_r02,C2,202644,5.2,4.9,0.2999999999999998,0.495,0.55721538324474,0.5320137110656022,FAR,FAR,0.0,1,,,0.03,300
C2_n0.03_d300_r02,C2,202644,5.22,4.92,0.2999999999999998,0.49325,0.5313886531292561,0.5318574465815157,FAR,FAR,0.0,1,,,0.03,300
C2_n0.03_d300_r02,C2,202644,5.24,4.94,0.2999999999999998,0.49149999999999994,0.4959925089878782,0.5228912121831063,FAR,FAR,0.0,1,,,0.03,300
C2_n0.03_d300_r02,C2,202644,5.26,4.96,0.2999999999999998,0.48975,0.5469440964490652,0.528904433249596,FAR,FAR,0.0,1,,,0.03,300
C2_n0.03_d300_r02,C2,202644,5.28,4.98,0.2999999999999998,0.488,0.5361232042268854,0.5307091259939184,FAR,FAR,0.0,1,,,0.03,300
C2_n0.03_d300_r02,C2,202644,5.3,5.0,0.2999999999999998,0.48625,0.5521991461560556,0.5360816310344527,FAR,FAR,0.0,1,,,0.03,300
C2_n0.03_d300_r02,C2,202644,5.32,5.02,0.3000000000000007,0.48449999999999993,0.5471648136450954,0.5388524266871134,FAR,FAR,0.0,1,,,0.03,300
C2_n0.03_d300_r02,C2,202644,5.34,5.04,0.2999999999999998,0.48275,0.5033719608056751,0.5299823102167538,FAR,FAR,0.0,1,,,0.03,300
C2_n0.03_d300_r02,C2,202644,5.36,5.06,0.3000000000000007,0.481,0.539792925978831,0.5324349641572731,FAR,FAR,0.0,1,,,0.03,300
C2_n0.03_d300_r02,C2,202644,5.38,5.08,0.2999999999999998,0.47925,0.5024438050863257,0.5249371743895362,FAR,FAR,0.0,1,,,0.03,300
C2_n0.03_d300_r02,C2,202644,5.4,5.1,0.3000000000000007,0.4774999999999999,0.5361785339195683,0.5277475142720442,FAR,FAR,0.0,1,,,0.03,300
C2_n0.03_d300_r02,C2,202644,5.42,5.12,0.2999999999999998,0.47575,0.4680741245449085,0.5128291668402603,FAR,FAR,0.0,1,,,0.03,300
C2_n0.03_d300_r02,C2,202644,5.44,5.14,0.3000000000000007,0.474,0.507054778404327,0.5113855697312769,FAR,FAR,0.0,1,,,0.03,300
C2_n0.03_d300_r02,C2,202644,5.46,5.16,0.2999999999999998,0.47224999999999995,0.472201190965169,0.5015894750397499,FAR,FAR,0.0,1,,,0.03,300
C2_n0.03_d300_r02,C2,202644,5.48,5.18,0.3000000000000007,0.4704999999999999,0.5227698452170759,0.5068845675840814,FAR,FAR,0.0,1,,,0.03,300
C2_n0.03_d300_r02,C2,202644,5.5,5.2,0.2999999999999998,0.46875,0.5228647618796087,0.5108796161579632,FAR,FAR,0.0,1,,,0.03,300
C2_n0.03_d300_r02,C2,202644,5.52,5.22,0.2999999999999998,0.467,0.49198790948144006,0.5061566894888324,FAR,FAR,0.0,1,,,0.03,300
C2_n0.03_d300_r02,C2,202644,5.54,5.24,0.2999999999999998,0.46525,0.47096106683787864,0.49735778382609397,FAR,FAR,0.0,1,,,0.03,300
C2_n0.03_d300_r02,C2,202644,5.56,5.26,0.2999999999999998,0.4635,0.48711954314821954,0.4947982236566254,FAR,FAR,0.0,1,,,0.03,300
C2_n0.03_d300_r02,C2,202644,5.58,5.28,0.2999999999999998,0.46175,0.5151799916390951,0.4998936656522428,FAR,FAR,0.0,1,,,0.03,300
C2_n0.03_d300_r02,C2,202644,5.6,5.3,0.2999999999999998,0.46,0.5257827146024437,0.5063659278897931,FAR,FAR,0.0,1,,,0.03,300
C2_n0.03_d300_r02,C2,202644,5.62,5.32,0.2999999999999998,0.45825,0.4853006021623307,0.5010995964579275,FAR,FAR,0.0,1,,,0.03,300
C2_n0.03_d300_r02,C2,202644,5.64,5.34,0.2999999999999998,0.4565,0.4704428942063129,0.4934354208950238,FAR,FAR,0.0,1,,,0.03,300
C2_n0.03_d300_r02,C2,202644,5.66,5.36,0.2999999999999998,0.45475,0.48860425144179154,0.49222762853171576,FAR,FAR,0.0,1,,,0.03,300
C2_n0.03_d300_r02,C2,202644,5.68,5.38,0.2999999999999998,0.453,0.46710773112456905,0.4859476541799291,FAR,FAR,0.0,1,,,0.03,300
C2_n0.03_d300_r02,C2,202644,5.7,5.4,0.2999999999999998,0.45125,0.4264105613859055,0.4710633809814232,FAR,FAR,0.0,1,,,0.03,300
C2_n0.03_d300_r02,C2,202644,5.72,5.42,0.2999999999999998,0.4495,0.43415220704883417,0.4618355874982759,FAR,FAR,0.0,1,,,0.03,300
C2_n0.03_d300_r02,C2,202644,5.74,5.44,0.2999999999999998,0.44775,0.4838357130510006,0.467335618886457,FAR,FAR,0.0,1,,,0.03,300
C2_n0.03_d300_r02,C2,202644,5.76,5.46,0.2999999999999998,0.446,0.5440604317308976,0.4865168220975672,FAR,FAR,0.0,1,,,0.03,300
C2_n0.03_d300_r02,C2,202644,5.78,5.48,0.2999999999999998,0.44425,0.49948183623298453,0.4897580756314215,FAR,FAR,0.0,1,,,0.03,300
C2_n0.03_d300_r02,C2,202644,5.8,5.5,0.2999999999999998,0.4425,0.4517763455031325,0.48026264309934924,FAR,FAR,0.0,1,,,0.03,300
C2_n0.03_d300_r02,C2,202644,5.82,5.52,0.3000000000000007,0.44075,0.4706941552093384,0.4778705211268465,FAR,FAR,0.0,1,,,0.03,300
C2_n0.03_d300_r02,C2,202644,5.84,5.54,0.2999999999999998,0.439,0.45874417743144275,0.47308893520299555,FAR,FAR,0.0,1,,,0.03,300
C2_n0.03_d300_r02,C2,202644,5.86,5.56,0.3000000000000007,0.43724999999999997,0.48368362338948256,0.4757376072496173,FAR,FAR,0.0,1,,,0.03,300
C2_n0.03_d300_r02,C2,202644,5.88,5.58,0.2999999999999998,0.4355,0.46967242977925355,0.47422131288202635,FAR,FAR,0.0,1,,,0.03,300
C2_n0.03_d300_r02,C2,202644,5.9,5.6,0.3000000000000007,0.43374999999999997,0.4659379164862374,0.4721504637830791,FAR,FAR,0.0,1,,,0.03,300
C2_n0.03_d300_r02,C2,202644,5.92,5.62,0.2999999999999998,0.432,0.43835212826571085,0.46370087990373704,FAR,FAR,0.0,1,,,0.03,300
C2_n0.03_d300_r02,C2,202644,5.94,5.64,0.3000000000000007,0.43024999999999997,0.4934320695589686,0.47113367731754496,FAR,FAR,0.0,1,,,0.03,300
C2_n0.03_d300_r02,C2,202644,5.96,5.66,0.2999999999999998,0.4285,0.49255336483044987,0.4764885991957712,FAR,FAR,0.0,1,,,0.03,300
C2_n0.03_d300_r02,C2,202644,5.98,5.68,0.3000000000000007,0.42674999999999996,0.3929270308696198,0.4555982071142333,FAR,FAR,0.0,1,,,0.03,300
C2_n0.03_d300_r02,C2,202644,6.0,5.7,0.2999999999999998,0.425,0.48621325750413275,0.4632519697117082,FAR,FAR,0.0,1,,,0.03,300
C2_n0.03_d300_r02,C2,202644,6.02,5.72,0.2999999999999998,0.42325,0.4435923325754272,0.45833706042763794,FAR,FAR,0.0,1,,,0.03,300
C2_n0.03_d300_r02,C2,202644,6.04,5.74,0.2999999999999998,0.4215,0.43485074527507106,0.4524654816394962,FAR,FAR,0.0,1,,,0.03,300
C2_n0.03_d300_r02,C2,202644,6.06,5.76,0.2999999999999998,0.41975,0.44731929796254655,0.4511789357202588,FAR,FAR,0.0,1,,,0.03,300
C2_n0.03_d300_r02,C2,202644,6.08,5.78,0.2999999999999998,0.418,0.4297495855880935,0.4458215981872175,FAR,FAR,0.0,1,,,0.03,300
C2_n0.03_d300_r02,C2,202644,6.1,5.8,0.2999999999999998,0.41625,0.42271197776342545,0.44004419308126946,FAR,FAR,0.0,1,,,0.03,300
C2_n0.03_d300_r02,C2,202644,6.12,5.82,0.2999999999999998,0.4145,0.4650452906643633,0.44629446747704293,FAR,FAR,0.0,1,,,0.03,300
C2_n0.03_d300_r02,C2,202644,6.14,5.84,0.2999999999999998,0.41275,0.4350861332800837,0.44349238392780316,FAR,FAR,0.0,1,,,0.03,300
C2_n0.03_d300_r02,C2,202644,6.16,5.86,0.2999999999999998,0.411,0.4216727839694813,0.4380374839382227,FAR,FAR,0.0,1,,,0.03,300
C2_n0.03_d300_r02,C2,202644,6.18,5.88,0.2999999999999998,0.40925,0.4429058487029227,0.4392545751293977,FAR,FAR,0.0,1,,,0.03,300
C2_n0.03_d300_r02,C2,202644,6.2,5.9,0.2999999999999998,0.4075,0.44534243769169546,0.44077654076997214,FAR,FAR,0.0,1,,,0.03,300
C2_n0.03_d300_r02,C2,202644,6.22,5.92,0.2999999999999998,0.40575,0.45781546555900243,0.4450362719672297,FAR,FAR,0.0,1,,,0.03,300
C2_n0.03_d300_r02,C2,202644,6.24,5.94,0.2999999999999998,0.40399999999999997,0.4413993855020906,0.44412705035094496,FAR,FAR,0.0,1,,,0.03,300
C2_n0.03_d300_r02,C2,202644,6.26,5.96,0.2999999999999998,0.40225,0.4325045423797499,0.4412214233581462,FAR,FAR,0.0,1,,,0.03,300
C2_n0.03_d300_r02,C2,202644,6.28,5.98,0.2999999999999998,0.40049999999999997,0.44556963409995975,0.4423084760435996,FAR,FAR,0.0,1,,,0.03,300
C2_n0.03_d300_r02,C2,202644,6.3,6.0,0.2999999999999998,0.39875,0.4431999109556356,0.44253133477160855,FAR,FAR,0.0,1,,,0.03,300
C2_n0.03_d300_r02,C2,202644,6.32,6.02,0.3000000000000007,0.39699999999999996,0.43644896074835915,0.4410107412657962,FAR,FAR,0.0,1,,,0.03,300
C2_n0.03_d300_r02,C2,202644,6.34,6.04,0.2999999999999998,0.39525,0.4623152443276038,0.4463368670312481,FAR,FAR,0.0,1,,,0.03,300
C2_n0.03_d300_r02,C2,202644,6.36,6.06,0.3000000000000007,0.39349999999999996,0.4447211552408335,0.4459329390836444,FAR,FAR,0.0,1,,,0.03,300
C2_n0.03_d300_r02,C2,202644,6.38,6.08,0.2999999999999998,0.39175,0.4046864488469181,0.43562131652446284,FAR,FAR,0.0,1,,,0.03,300
C2_n0.03_d300_r02,C2,202644,6.4,6.1,0.3000000000000007,0.38999999999999996,0.43197048643936276,0.4347086090031878,FAR,FAR,0.0,1,,,0.03,300
C2_n0.03_d300_r02,C2,202644,6.42,6.12,0.2999999999999998,0.38825,0.42540544670349106,0.43238281842826365,FAR,FAR,0.0,1,,,0.03,300
C2_n0.03_d300_r02,C2,202644,6.44,6.14,0.3000000000000007,0.38649999999999995,0.40036871856379413,0.42437929346214626,FAR,FAR,0.0,1,,,0.03,300
C2_n0.03_d300_r02,C2,202644,6.46,6.16,0.2999999999999998,0.38475,0.4516114081830387,0.4311873221423694,FAR,FAR,0.0,1,,,0.03,300
C2_n0.03_d300_r02,C2,202644,6.48,6.18,0.3000000000000007,0.38299999999999995,0.4046029879890885,0.42454123860404913,FAR,FAR,0.0,1,,,0.03,300
C2_n0.03_d300_r02,C2,202644,6.5,6.2,0.2999999999999998,0.38125,0.4410138559565692,0.4286593929421792,FAR,FAR,0.0,1,,,0.03,300
C2_n0.03_d300_r02,C2,202644,6.52,6.22,0.2999999999999998,0.37950000000000006,0.4327100333771536,0.4296720530509228,FAR,FAR,0.0,1,,,0.03,300
C2_n0.03_d300_r02,C2,202644,6.54,6.24,0.2999999999999998,0.37775000000000003,0.3927023508727907,0.4204296275063898,FAR,FAR,0.0,1,,,0.03,300
C2_n0.03_d300_r02,C2,202644,6.56,6.26,0.2999999999999998,0.376,0.4323121211234355,0.4234002509106512,FAR,FAR,0.0,1,,,0.03,300
C2_n0.03_d300_r02,C2,202644,6.58,6.28,0.2999999999999998,0.37424999999999997,0.3550795043274345,0.406320064264847,FAR,FAR,0.0,1,,,0.03,300
C2_n0.03_d300_r02,C2,202644,6.6,6.3,0.2999999999999998,0.37250000000000005,0.3618882493269671,0.395212110530377,FAR,FAR,0.0,1,,,0.03,300
C2_n0.03_d300_r02,C2,202644,6.62,6.32,0.2999999999999998,0.37075,0.4032459067705589,0.3972205595904225,FAR,FAR,0.0,1,,,0.03,300
C2_n0.03_d300_r02,C2,202644,6.64,6.34,0.2999999999999998,0.369,0.4266308748270339,0.4045731383995753,FAR,FAR,0.0,1,,,0.03,300
C2_n0.03_d300_r02,C2,202644,6.66,6.36,0.2999999999999998,0.36724999999999997,0.4279012083244473,0.4104051558807933,FAR,FAR,0.0,1,,,0.03,300
C2_n0.03_d300_r02,C2,202644,6.68,6.38,0.2999999999999998,0.36550000000000005,0.3864608176994918,0.40441907133546795,FAR,FAR,0.0,1,,,0.03,300
C2_n0.03_d300_r02,C2,202644,6.7,6.4,0.2999999999999998,0.36375,0.40704838560989287,0.4050763999040742,FAR,FAR,0.0,1,,,0.03,300
C2_n0.03_d300_r02,C2,202644,6.72,6.42,0.2999999999999998,0.362,0.3508595264593083,0.39152218154288276,FAR,FAR,0.0,1,,,0.03,300
C2_n0.03_d300_r02,C2,202644,6.74,6.44,0.2999999999999998,0.36024999999999996,0.3464171134735491,0.38024591452554934,FAR,FAR,0.0,1,,,0.03,300
C2_n0.03_d300_r02,C2,202644,6.76,6.46,0.2999999999999998,0.35850000000000004,0.3667240460849903,0.37686544741540956,FAR,FAR,0.0,1,,,0.03,300
C2_n0.03_d300_r02,C2,202644,6.78,6.48,0.2999999999999998,0.35675,0.3723156231581127,0.3757279913510853,FAR,FAR,0.0,1,,,0.03,300
C2_n0.03_d300_r02,C2,202644,6.8,6.5,0.2999999999999998,0.355,0.39003382465189845,0.37930444967628857,FAR,FAR,0.0,1,,,0.03,300
C2_n0.03_d300_r02,C2,202644,6.82,6.52,0.3000000000000007,0.35324999999999995,0.3513322947707756,0.3723114109499103,FAR,FAR,0.0,1,,,0.03,300
C2_n0.03_d300_r02,C2,202644,6.84,6.54,0.2999999999999998,0.35150000000000003,0.4199043047311072,0.3842096343952095,FAR,FAR,0.0,1,,,0.03,300
C2_n0.03_d300_r02,C2,202644,6.86,6.56,0.3000000000000007,0.34974999999999995,0.3475580837821085,0.3750467467419343,NEAR,FAR,0.0,1,,,0.03,300
C2_n0.03_d300_r02,C2,202644,6.88,6.58,0.2999999999999998,0.348,0.3283610151129628,0.3633753138346914,NEAR,FAR,0.0,1,,,0.03,300
C2_n0.03_d300_r02,C2,202644,6.9,6.6,0.3000000000000007,0.34624999999999995,0.4109799505979166,0.3752764730254977,NEAR,FAR,0.0,1,,,0.03,300
C2_n0.03_d300_r02,C2,202644,6.92,6.62,0.2999999999999998,0.3445,0.36400095613070405,0.37245759380179927,NEAR,FAR,0.0,1,,,0.03,300
C2_n0.03_d300_r02,C2,202644,6.94,6.64,0.3000000000000007,0.34274999999999994,0.3827356129897687,0.37502709859879163,NEAR,FAR,0.0,1,,,0.03,300
C2_n0.03_d300_r02,C2,202644,6.96,6.66,0.2999999999999998,0.34099999999999997,0.3414642297584609,0.36663638138870897,NEAR,FAR,0.0,1,,,0.03,300
C2_n0.03_d300_r02,C2,202644,6.98,6.68,0.3000000000000007,0.33924999999999994,0.3651554370928326,0.3662661453147399,NEAR,FAR,0.0,1,,,0.03,300
C2_n0.03_d300_r02,C2,202644,7.0,6.7,0.2999999999999998,0.3375,0.35834689941207015,0.3642863338390725,NEAR,FAR,0.0,1,,,0.03,300
C2_n0.03_d300_r02,C2,202644,7.02,6.72,0.2999999999999998,0.33575000000000005,0.3391614951332102,0.35800512416260694,NEAR,FAR,0.0,1,,,0.03,300
C2_n0.03_d300_r02,C2,202644,7.04,6.74,0.2999999999999998,0.334,0.29395656482588994,0.3419929843284277,NEAR,FAR,0.0,1,,,0.03,300
C2_n0.03_d300_r02,C2,202644,7.06,6.76,0.2999999999999998,0.33225000000000005,0.36389506224961626,0.3474685038087248,NEAR,FAR,0.0,1,,,0.03,300
C2_n0.03_d300_r02,C2,202644,7.08,6.78,0.2999999999999998,0.3305,0.4063143319310858,0.36217996083931503,NEAR,FAR,0.0,1,,,0.03,300
C2_n0.03_d300_r02,C2,202644,7.1,6.8,0.2999999999999998,0.32875000000000004,0.38560125570343484,0.36803528455534495,NEAR,FAR,0.0,1,,,0.03,300
C2_n0.03_d300_r02,C2,202644,7.12,6.82,0.2999999999999998,0.327,0.33549107274021206,0.35989923160156173,NEAR,FAR,0.0,1,,,0.03,300
C2_n0.03_d300_r02,C2,202644,7.14,6.84,0.2999999999999998,0.32525000000000004,0.37572069643131956,0.3638545978090012,NEAR,FAR,0.0,1,,,0.03,300
C2_n0.03_d300_r02,C2,202644,7.16,6.86,0.2999999999999998,0.3235,0.3553127679773962,0.3617191403510999,NEAR,FAR,0.0,1,,,0.03,300
C2_n0.03_d300_r02,C2,202644,7.18,6.88,0.2999999999999998,0.32175000000000004,0.3260742610762189,0.35280792053237964,NEAR,FAR,0.0,1,,,0.03,300
C2_n0.03_d300_r02,C2,202644,7.2,6.9,0.2999999999999998,0.32,0.3650550269819074,0.3558696971447616,NEAR,FAR,0.0,1,,,0.03,300
C2_n0.03_d300_r02,C2,202644,7.22,6.92,0.2999999999999998,0.31825000000000003,0.32347399384442344,0.34777077131967704,NEAR,FAR,0.0,1,,,0.03,300
C2_n0.03_d300_r02,C2,202644,7.24,6.94,0.2999999999999998,0.3165,0.3278924177858229,0.3428011829362135,NEAR,FAR,0.0,1,,,0.03,300
C2_n0.03_d300_r02,C2,202644,7.26,6.96,0.2999999999999998,0.31475000000000003,0.30661584490469856,0.33375484842833475,NEAR,FAR,0.0,1,,,0.03,300
C2_n0.03_d300_r02,C2,202644,7.28,6.98,0.2999999999999998,0.313,0.33453100373086414,0.3339488872539671,NEAR,FAR,0.0,1,,,0.03,300
C2_n0.03_d300_r02,C2,202644,7.3,7.0,0.2999999999999998,0.31125,0.34967539781166496,0.33788051489339155,NEAR,FAR,0.0,1,,,0.03,300
C2_n0.03_d300_r02,C2,202644,7.32,7.02,0.3000000000000007,0.3095,0.30469017271428733,0.32958292934861544,NEAR,FAR,0.0,1,,,0.03,300
C2_n0.03_d300_r02,C2,202644,7.34,7.04,0.2999999999999998,0.30775,0.3540512120284184,0.33570000001856615,NEAR,FAR,0.0,1,,,0.03,300
C2_n0.03_d300_r02,C2,202644,7.36,7.06,0.3000000000000007,0.306,0.31724720619293134,0.3310868015621574,NEAR,FAR,0.0,1,,,0.03,300
C2_n0.03_d300_r02,C2,202644,7.38,7.08,0.2999999999999998,0.30425,0.3240223981711334,0.3293207007144014,NEAR,FAR,0.0,1,,,0.03,300
C2_n0.03_d300_r02,C2,202644,7.4,7.1,0.3000000000000007,0.3025,0.31664115284143063,0.3261508137461587,NEAR,FAR,0.0,1,,,0.03,300
C2_n0.03_d300_r02,C2,202644,7.42,7.12,0.2999999999999998,0.30075,0.3275818394852509,0.3265085701809317,NEAR,FAR,0.0,1,,,0.03,300
C2_n0.03_d300_r02,C2,202644,7.44,7.14,0.3000000000000007,0.299,0.39254533494695226,0.34301776137243684,NEAR,FAR,0.0,1,,,0.03,300
C2_n0.03_d300_r02,C2,202644,7.46,7.16,0.2999999999999998,0.29725,0.3584777420092139,0.34688275653163114,NEAR,FAR,0.0,1,,,0.03,300
C2_n0.03_d300_r02,C2,202644,7.48,7.18,0.3000000000000007,0.2955,0.2843148697945967,0.33124078484737257,NEAR,FAR,0.0,1,,,0.03,300
C2_n0.03_d300_r02,C2,202644,7.5,7.2,0.2999999999999998,0.29375,0.35649221337994785,0.3375536419805164,NEAR,FAR,0.0,1,,,0.03,300
C2_n0.03_d300_r02,C2,202644,7.52,7.22,0.2999999999999998,0.29200000000000004,0.32394609753131776,0.3341517558682167,NEAR,FAR,0.0,1,,,0.03,300
C2_n0.03_d300_r02,C2,202644,7.54,7.24,0.2999999999999998,0.29025,0.31008762180141963,0.32813572235151744,NEAR,FAR,0.0,1,,,0.03,300
C2_n0.03_d300_r02,C2,202644,7.56,7.26,0.2999999999999998,0.28850000000000003,0.3058548242838692,0.32256549783460536,NEAR,FAR,0.0,1,,,0.03,300
C2_n0.03_d300_r02,C2,202644,7.58,7.28,0.2999999999999998,0.28675,0.3025254289188089,0.31755548060565625,NEAR,NEAR,0.6,1,ENTER_NEAR,,0.03,300
C2_n0.03_d300_r02,C2,202644,7.6,7.3,0.2999999999999998,0.28500000000000003,0.29413287843853186,0.31169983006387514,NEAR,NEAR,0.6,1,,,0.03,300
C2_n0.03_d300_r02,C2,202644,7.62,7.32,0.2999999999999998,0.28325,0.3102593740765808,0.3113397160670516,NEAR,NEAR,0.6,1,,,0.03,300
C2_n0.03_d300_r02,C2,202644,7.64,7.34,0.2999999999999998,0.28150000000000003,0.365755036405941,0.3249435461517739,NEAR,NEAR,0.6,1,,,0.03,300
C2_n0.03_d300_r02,C2,202644,7.66,7.36,0.2999999999999998,0.27975,0.33484584335333434,0.32741912045216404,NEAR,NEAR,0.6,1,,,0.03,300
C2_n0.03_d300_r02,C2,202644,7.68,7.38,0.2999999999999998,0.278,0.2955666290404989,0.31945599759924775,NEAR,NEAR,0.6,1,,,0.03,300
C2_n0.03_d300_r02,C2,202644,7.7,7.4,0.2999999999999998,0.27625,0.36637138893810905,0.3311848454339631,NEAR,NEAR,0.6,1,,,0.03,300
C2_n0.03_d300_r02,C2,202644,7.72,7.42,0.2999999999999998,0.2745,0.3238462619996486,0.3293501995753845,NEAR,NEAR,0.6,1,,,0.03,300
C2_n0.03_d300_r02,C2,202644,7.74,7.44,0.2999999999999998,0.27275,0.32247501133598355,0.32763140251553424,NEAR,NEAR,0.6,1,,,0.03,300
C2_n0.03_d300_r02,C2,202644,7.76,7.46,0.2999999999999998,0.271,0.25388821619159146,0.30919560593454853,NEAR,NEAR,0.6,1,,,0.03,300
C2_n0.03_d300_r02,C2,202644,7.78,7.48,0.2999999999999998,0.26925,0.2990701843592198,0.30666425054071633,NEAR,NEAR,0.6,1,,,0.03,300
C2_n0.03_d300_r02,C2,202644,7.8,7.5,0.2999999999999998,0.2675,0.2944533037507637,0.30361151384322815,NEAR,NEAR,0.6,1,,,0.03,300
C2_n0.03_d300_r02,C2,202644,7.82,7.52,0.3000000000000007,0.26575,0.26345707598295576,0.2935729043781601,NEAR,NEAR,0.6,1,,,0.03,300
C2_n0.03_d300_r02,C2,202644,7.84,7.54,0.2999999999999998,0.264,0.35206269372641186,0.30819535171522305,NEAR,NEAR,0.6,1,,,0.03,300
C2_n0.03_d300_r02,C2,202644,7.86,7.56,0.3000000000000007,0.26225,0.22480505782728955,0.28734777824323965,NEAR,NEAR,0.6,1,,,0.03,300
C2_n0.03_d300_r02,C2,202644,7.88,7.58,0.2999999999999998,0.2605,0.30318481226260974,0.29130703674808217,NEAR,NEAR,0.6,1,,,0.03,300
C2_n0.03_d300_r02,C2,202644,7.9,7.6,0.3000000000000007,0.25875,0.2798279941199376,0.288437276091046,NEAR,NEAR,0.6,1,,,0.03,300
C2_n0.03_d300_r02,C2,202644,7.92,7.62,0.2999999999999998,0.257,0.2996205690814792,0.2912330993386543,NEAR,NEAR,0.6,1,,,0.03,300
C2_n0.03_d300_r02,C2,202644,7.94,7.64,0.3000000000000007,0.25525,0.27669334924203903,0.2875981618145005,NEAR,NEAR,0.6,1,,,0.03,300
C2_n0.03_d300_r02,C2,202644,7.96,7.66,0.2999999999999998,0.2535,0.2908242441317454,0.28840468239381173,NEAR,NEAR,0.6,1,,,0.03,300
C2_n0.03_d300_r02,C2,202644,7.98,7.68,0.3000000000000007,0.25175,0.32358190198614756,0.29719898729189564,NEAR,NEAR,0.6,1,,,0.03,300
C2_n0.03_d300_r02,C2,202644,8.0,7.7,0.2999999999999998,0.25,0.28857989383721133,0.29504421392822455,NEAR,NEAR,0.6,1,,,0.03,300
C2_n0.03_d300_r02,C2,202644,8.02,7.72,0.2999999999999998,0.2522533838368113,0.30093472094951723,0.2965168406835477,NEAR,NEAR,0.6,1,,,0.03,300
C2_n0.03_d300_r02,C2,202644,8.04,7.74,0.29999999999999893,0.25445562372365543,0.2775685968064161,0.29177977971426483,NEAR,NEAR,0.6,1,,,0.03,300
C2_n0.03_d300_r02,C2,202644,8.06,7.76,0.3000000000000007,0.25655673649976407,0.2919747147959889,0.29182851348469585,NEAR,NEAR,0.6,1,,,0.03,300
C2_n0.03_d300_r02,C2,202644,8.08,7.78,0.2999999999999998,0.25850903423690136,0.3414360877719308,0.3042304070565046,NEAR,NEAR,0.6,1,,,0.03,300
C2_n0.03_d300_r02,C2,202644,8.1,7.8,0.2999999999999998,0.2602682065889303,0.2869219461219036,0.29990329182285436,NEAR,NEAR,0.6,1,,,0.03,300
C2_n0.03_d300_r02,C2,202644,8.12,7.82,0.29999999999999893,0.26179432648204926,0.23430421789452963,0.28350352334077317,NEAR,NEAR,0.6,1,,,0.03,300
C2_n0.03_d300_r02,C2,202644,8.14,7.84,0.3000000000000007,0.26305275632004294,0.23176663492362035,0.2705693012364849,NEAR,NEAR,0.6,1,,,0.03,300
C2_n0.03_d300_r02,C2,202644,8.16,7.86,0.2999999999999998,0.2640149341368492,0.20734852993856645,0.2547641084120053,NEAR,NEAR,0.6,1,,,0.03,300
C2_n0.03_d300_r02,C2,202644,8.18,7.88,0.2999999999999998,0.2646590218535229,0.25394765243212847,0.2545599944170361,NEAR,NEAR,0.6,1,,,0.03,300
C2_n0.03_d300_r02,C2,202644,8.2,7.9,0.29999999999999893,0.26497040092642404,0.23876970653038673,0.25061242244537374,NEAR,NEAR,0.6,1,,,0.03,300
C2_n0.03_d300_r02,C2,202644,8.22,7.92,0.3000000000000007,0.2649420041371476,0.2881880095345381,0.2600063192176648,NEAR,NEAR,0.6,1,,,0.03,300
C2_n0.03_d300_r02,C2,202644,8.24,7.94,0.2999999999999998,0.2645744759937201,0.3011885703925837,0.27030188201139455,NEAR,NEAR,0.6,1,,,0.03,300
C2_n0.03_d300_r02,C2,202644,8.26,7.96,0.2999999999999998,0.26387615810251686,0.2404612059059078,0.2628417129850229,NEAR,NEAR,0.6,1,,,0.03,300
C2_n0.03_d300_r02,C2,202644,8.28,7.98,0.29999999999999893,0.26286289984290484,0.25421723352952375,0.26068559312114814,NEAR,NEAR,0.6,1,,,0.03,300
C2_n0.03_d300_r02,C2,202644,8.3,8.0,0.3000000000000007,0.2615576986416368,0.22263514596293874,0.25117298133159577,NEAR,NEAR,0.6,1,,,0.03,300
C2_n0.03_d300_r02,C2,202644,8.32,8.02,0.3000000000000007,0.25999017801151375,0.24352531653684234,0.2492610651329074,NEAR,NEAR,0.6,1,,,0.03,300
C2_n0.03_d300_r02,C2,202644,8.34,8.04,0.3000000000000007,0.25819591520101404,0.26405150206543243,0.25295867436603864,NEAR,NEAR,0.6,1,,,0.03,300
C2_n0.03_d300_r02,C2,202644,8.36,8.06,0.29999999999999893,0.2562156337148993,0.2966421330135921,0.26387953902792705,NEAR,NEAR,0.6,1,,,0.03,300
C2_n0.03_d300_r02,C2,202644,8.38,8.08,0.3000000000000007,0.2540942790327598,0.31901165687511746,0.27766256848972465,NEAR,NEAR,0.6,1,,,0.03,300
C2_n0.03_d300_r02,C2,202644,8.4,8.1,0.3000000000000007,0.25187999850346454,0.2622243175151004,0.2738030057460686,NEAR,NEAR,0.6,1,,,0.03,300
C2_n0.03_d300_r02,C2,202644,8.42,8.12,0.3000000000000007,0.24962304856834994,0.3052012440634849,0.2816525653254227,NEAR,NEAR,0.6,1,,,0.03,300
C2_n0.03_d300_r02,C2,202644,8.44,8.14,0.29999999999999893,0.2473746541153709,0.2601733024775974,0.2762827496134664,NEAR,NEAR,0.6,1,,,0.03,300
C2_n0.03_d300_r02,C2,202644,8.46,8.16,0.3000000000000007,0.24518584585289177,0.20513636539641858,0.25849615355920447,NEAR,NEAR,0.6,1,,,0.03,300
C2_n0.03_d300_r02,C2,202644,8.48,8.18,0.3000000000000007,0.24310630209067763,0.28999543820715873,0.26637097472119303,NEAR,NEAR,0.6,1,,,0.03,300
C2_n0.03_d300_r02,C2,202644,8.5,8.2,0.3000000000000007,0.24118322121561292,0.2779323855362965,0.2692613274249689,NEAR,NEAR,0.6,1,,,0.03,300
C2_n0.03_d300_r02,C2,202644,8.52,8.22,0.29999999999999893,0.2394602504530173,0.29380156893335785,0.2753963878020661,NEAR,NEAR,0.6,1,,,0.03,300
C2_n0.03_d300_r02,C2,202644,8.54,8.24,0.29999999999999893,0.23797649522693692,0.2749518586340353,0.2752852555100584,NEAR,NEAR,0.6,1,,,0.03,300
C2_n0.03_d300_r02,C2,202644,8.56,8.26,0.3000000000000007,0.23676563160347566,0.23910988638575661,0.2662414132289829,NEAR,NEAR,0.6,1,,,0.03,300
C2_n0.03_d300_r02,C2,202644,8.58,8.28,0.3000000000000007,0.23585514196160703,0.27214838020623194,0.26771815497329515,NEAR,NEAR,0.6,1,,,0.03,300
C2_n0.03_d300_r02,C2,202644,8.6,8.3,0.29999999999999893,0.23526569123906968,0.29254943831549823,0.2739259758088459,NEAR,NEAR,0.6,1,,,0.03,300
C2_n0.03_d300_r02,C2,202644,8.62,8.32,0.29999999999999893,0.23501065791039116,0.2475788136088768,0.26733918525885364,NEAR,NEAR,0.6,1,,,0.03,300
C2_n0.03_d300_r02,C2,202644,8.64,8.34,0.3000000000000007,0.23509583034219989,0.320885834200667,0.280725847494307,NEAR,NEAR,0.6,1,,,0.03,300
C2_n0.03_d300_r02,C2,202644,8.66,8.36,0.3000000000000007,0.2355192754175009,0.28455152387820654,0.2816822665902819,NEAR,NEAR,0.6,1,,,0.03,300
C2_n0.03_d300_r02,C2,202644,8.68,8.38,0.29999999999999893,0.23627138241068624,0.2884063092655572,0.2833632772591007,NEAR,NEAR,0.6,1,,,0.03,300
C2_n0.03_d300_r02,C2,202644,8.7,8.4,0.29999999999999893,0.23733508111746973,0.2558419304764103,0.2764829405634281,NEAR,NEAR,0.6,1,,,0.03,300
C2_n0.03_d300_r02,C2,202644,8.72,8.42,0.3000000000000007,0.2386862292889585,0.24462810635214885,0.2685192320106083,NEAR,NEAR,0.6,1,,,0.03,300
C2_n0.03_d300_r02,C2,202644,8.74,8.44,0.3000000000000007,0.24029416057645836,0.2387694088150469,0.26108177621171796,NEAR,NEAR,0.6,1,,,0.03,300
C2_n0.03_d300_r02,C2,202644,8.76,8.46,0.29999999999999893,0.24212238055058052,0.28741754175393663,0.26766571759727265,NEAR,NEAR,0.6,1,,,0.03,300
C2_n0.03_d300_r02,C2,202644,8.78,8.48,0.29999999999999893,0.24412939499744188,0.23996161530392052,0.2607396920239346,NEAR,NEAR,0.6,1,,,0.03,300
C2_n0.03_d300_r02,C2,202644,8.8,8.5,0.3000000000000007,0.24626965169252724,0.23653740614711796,0.2546891205547304,NEAR,NEAR,0.6,1,,,0.03,300
C2_n0.03_d300_r02,C2,202644,8.82,8.52,0.3000000000000007,0.2484945742772318,0.2641009654350926,0.25704208177482096,NEAR,NEAR,0.6,1,,,0.03,300
C2_n0.03_d300_r02,C2,202644,8.84,8.54,0.3000000000000007,0.2507536647726965,0.28353479162067236,0.2636652592362838,NEAR,NEAR,0.6,1,,,0.03,300
C2_n0.03_d300_r02,C2,202644,8.86,8.56,0.29999999999999893,0.25299564970771604,0.2515437424577654,0.2606348800416542,NEAR,NEAR,0.6,1,,,0.03,300
C2_n0.03_d300_r02,C2,202644,8.88,8.58,0.3000000000000007,0.2551696438476178,0.1866998570847776,0.24215112430243502,NEAR,NEAR,0.6,1,,,0.03,300
C2_n0.03_d300_r02,C2,202644,8.9,8.6,0.3000000000000007,0.2572263051115258,0.24856811997914888,0.24375537322161347,NEAR,NEAR,0.6,1,,,0.03,300
C2_n0.03_d300_r02,C2,202644,8.92,8.62,0.3000000000000007,0.25911895446541905,0.2102729378441945,0.23538476437725875,NEAR,NEAR,0.6,1,,,0.03,300
C2_n0.03_d300_r02,C2,202644,8.94,8.64,0.29999999999999893,0.26080463537331855,0.21504096779491075,0.23029881523167176,NEAR,NEAR,0.6,1,,,0.03,300
C2_n0.03_d300_r02,C2,202644,8.96,8.66,0.3000000000000007,0.2622450887607578,0.2697744710287123,0.2401677291809319,NEAR,NEAR,0.6,1,,,0.03,300
C2_n0.03_d300_r02,C2,202644,8.98,8.68,0.3000000000000007,0.263407621362269,0.19803080309705717,0.22963349765996321,NEAR,NEAR,0.6,1,,,0.03,300
C2_n0.03_d300_r02,C2,202644,9.0,8.7,0.3000000000000007,0.2642658477444273,0.22075218761264892,0.22741317014813464,NEAR,NEAR,0.6,1,,,0.03,300
C2_n0.03_d300_r02,C2,202644,9.02,8.72,0.29999999999999893,0.264800289163118,0.26951843706214523,0.2379394868766373,NEAR,NEAR,0.6,1,,,0.03,300
C2_n0.03_d300_r02,C2,202644,9.04,8.74,0.29999999999999893,0.2649988156630572,0.2459841828689816,0.23995066087472336,NEAR,NEAR,0.6,1,,,0.03,300
C2_n0.03_d300_r02,C2,202644,9.06,8.76,0.3000000000000007,0.26485692138544975,0.23286783260609023,0.23817995380756507,NEAR,NEAR,0.6,1,,,0.03,300
C2_n0.03_d300_r02,C2,202644,9.08,8.78,0.3000000000000007,0.2643778268352606,0.2439713217249711,0.23962779578691656,NEAR,NEAR,0.6,1,,,0.03,300
C2_n0.03_d300_r02,C2,202644,9.1,8.8,0.29999999999999893,0.2635724057869903,0.23016806687373007,0.23726286355861992,NEAR,NEAR,0.6,1,,,0.03,300
C2_n0.03_d300_r02,C2,202644,9.12,8.82,0.29999999999999893,0.2624589384879372,0.23887304609169452,0.23766540919188855,NEAR,NEAR,0.6,1,,,0.03,300
C2_n0.03_d300_r02,C2,202644,9.14,8.84,0.3000000000000007,0.2610626967603726,0.24637107920996804,0.2398418266964084,NEAR,NEAR,0.6,1,,,0.03,300
C2_n0.03_d300_r02,C2,202644,9.16,8.86,0.3000000000000007,0.25941537041936047,0.21498937430100787,0.23362871359755827,NEAR,NEAR,0.6,1,,,0.03,300
C2_n0.03_d300_r02,C2,202644,9.18,8.88,0.29999999999999893,0.2575543480245365,0.29503602063003925,0.24898054035567851,NEAR,NEAR,0.6,1,,,0.03,300
C2_n0.03_d300_r02,C2,202644,9.2,8.9,0.29999999999999893,0.25552186829027024,0.28922829676269646,0.259042479457433,NEAR,NEAR,0.6,1,,,0.03,300
C2_n0.03_d300_r02,C2,202644,9.22,8.92,0.3000000000000007,0.25336406141424067,0.22449648125303037,0.25040597990633234,NEAR,NEAR,0.6,1,,,0.03,300
C2_n0.03_d300_r02,C2,202644,9.24,8.94,0.3000000000000007,0.25112990208291897,0.2360459419516719,0.24681597041766723,NEAR,NEAR,0.6,1,,,0.03,300
C2_n0.03_d300_r02,C2,202644,9.26,8.96,0.29999999999999893,0.24887009791708103,0.27901441268391847,0.25486558098423007,NEAR,NEAR,0.6,1,,,0.03,300
C2_n0.03_d300_r02,C2,202644,9.28,8.98,0.29999999999999893,0.24663593858575936,0.29162066064749875,0.26405435090004725,NEAR,NEAR,0.6,1,,,0.03,300
C2_n0.03_d300_r02,C2,202644,9.3,9.0,0.3000000000000007,0.24447813170972976,0.28522497813116576,0.2693470077078269,NEAR,NEAR,0.6,1,,,0.03,300
C2_n0.03_d300_r02,C2,202644,9.32,9.02,0.3000000000000007,0.24244565197546356,0.3001030591086658,0.2770360205580366,NEAR,NEAR,0.6,1,,,0.03,300
C2_n0.03_d300_r02,C2,202644,9.34,9.04,0.3000000000000007,0.2405846295806395,0.21947230080398064,0.2626450906195226,NEAR,NEAR,0.6,1,,,0.03,300
C2_n0.03_d300_r02,C2,202644,9.36,9.06,0.29999999999999893,0.23893730323962742,0.22980904508769942,0.25443607923656686,NEAR,NEAR,0.6,1,,,0.03,300
C2_n0.03_d300_r02,C2,202644,9.38,9.08,0.3000000000000007,0.23754106151206275,0.27905206522451526,0.26059007573355397,NEAR,NEAR,0.6,1,,,0.03,300
C2_n0.03_d300_r02,C2,202644,9.4,9.1,0.3000000000000007,0.23642759421300968,0.3390248386399781,0.28019876646016,NEAR,NEAR,0.6,1,,,0.03,300
C2_n0.03_d300_r02,C2,202644,9.42,9.12,0.3000000000000007,0.23562217316473935,0.26214061381212655,0.27568422829815165,NEAR,NEAR,0.6,1,,,0.03,300
C2_n0.03_d300_r02,C2,202644,9.44,9.14,0.29999999999999893,0.23514307861455025,0.2414281370181867,0.2671202054781604,NEAR,NEAR,0.6,1,,,0.03,300
C2_n0.03_d300_r02,C2,202644,9.46,9.16,0.3000000000000007,0.23500118433694275,0.3573234820755099,0.2896710246274978,NEAR,NEAR,0.6,1,,,0.03,300
C2_n0.03_d300_r02,C2,202644,9.48,9.18,0.3000000000000007,0.235199710836882,0.2866018653110411,0.2889037347983836,NEAR,NEAR,0.6,1,,,0.03,300
C2_n0.03_d300_r02,C2,202644,9.5,9.2,0.3000000000000007,0.2357341522555727,0.2888881616814548,0.2888998415191514,NEAR,NEAR,0.6,1,,,0.03,300
C2_n0.03_d300_r02,C2,202644,9.52,9.22,0.29999999999999893,0.23659237863773103,0.27266982548933466,0.2848423375116972,NEAR,NEAR,0.6,1,,,0.03,300
C2_n0.03_d300_r02,C2,202644,9.54,9.24,0.29999999999999893,0.2377549112392422,0.26005065714012787,0.27864441741880486,NEAR,NEAR,0.6,1,,,0.03,300
C2_n0.03_d300_r02,C2,202644,9.56,9.26,0.3000000000000007,0.23919536462668142,0.2756976131800352,0.27790771635911243,NEAR,NEAR,0.6,1,,,0.03,300
C2_n0.03_d300_r02,C2,202644,9.58,9.28,0.3000000000000007,0.24088104553458092,0.28258536918835253,0.2790771295664225,NEAR,NEAR,0.6,1,,,0.03,300
C2_n0.03_d300_r02,C2,202644,9.6,9.3,0.29999999999999893,0.24277369488847422,0.27852443282759964,0.27893895538171676,NEAR,NEAR,0.6,1,,,0.03,300
C2_n0.03_d300_r02,C2,202644,9.62,9.32,0.29999999999999893,0.24483035615238213,0.2667830950777622,0.2758999903057281,NEAR,NEAR,0.6,1,,,0.03,300
C2_n0.03_d300_r02,C2,202644,9.64,9.34,0.3000000000000007,0.24700435029228393,0.24888977632692244,0.2691474368110267,NEAR,NEAR,0.6,1,,,0.03,300
C2_n0.03_d300_r02,C2,202644,9.66,9.36,0.3000000000000007,0.24924633522730347,0.20850472109309334,0.25398675788154335,NEAR,NEAR,0.6,1,,,0.03,300
C2_n0.03_d300_r02,C2,202644,9.68,9.38,0.29999999999999893,0.2515054257227682,0.29347081688152454,0.26385777263153865,NEAR,NEAR,0.6,1,,,0.03,300
C2_n0.03_d300_r02,C2,202644,9.7,9.4,0.29999999999999893,0.25373034830747276,0.24149195842790475,0.2582663190806302,NEAR,NEAR,0.6,1,,,0.03,300
C2_n0.03_d300_r02,C2,202644,9.72,9.42,0.3000000000000007,0.2558706050025581,0.26346947955250394,0.2595671091985986,NEAR,NEAR,0.6,1,,,0.03,300
C2_n0.03_d300_r02,C2,202644,9.74,9.44,0.3000000000000007,0.25787761944941945,0.22990890410245726,0.25215255792456326,NEAR,NEAR,0.6,1,,,0.03,300
C2_n0.03_d300_r02,C2,202644,9.76,9.46,0.29999999999999893,0.25970583942354164,0.3014833293903698,0.2644852507910149,NEAR,NEAR,0.6,1,,,0.03,300
C2_n0.03_d300_r02,C2,202644,9.78,9.48,0.29999999999999893,0.2613137707110415,0.19896107574165023,0.24810420702867375,NEAR,NEAR,0.6,1,,,0.03,300
C2_n0.03_d300_r02,C2,202644,9.8,9.5,0.3000000000000007,0.26266491888253024,0.2674637844706415,0.2529441013891657,NEAR,NEAR,0.6,1,,,0.03,300
C2_n0.03_d300_r02,C2,202644,9.82,9.52,0.3000000000000007,0.26372861758931376,0.24570235178639774,0.2511336639884737,NEAR,NEAR,0.6,1,,,0.03,300
C2_n0.03_d300_r02,C2,202644,9.84,9.54,0.3000000000000007,0.2644807245824991,0.2454901206079985,0.2497227781433549,NEAR,NEAR,0.6,1,,,0.03,300
C2_n0.03_d300_r02,C2,202644,9.86,9.56,0.29999999999999893,0.2649041696578001,0.19763679126415024,0.23670128142355373,NEAR,NEAR,0.6,1,,,0.03,300
C2_n0.03_d300_r02,C2,202644,9.88,9.58,0.3000000000000007,0.26498934208960884,0.25092217193171135,0.24025650405059312,NEAR,NEAR,0.6,1,,,0.03,300
C2_n0.03_d300_r02,C2,202644,9.9,9.6,0.3000000000000007,0.26473430876093035,0.254984688333862,0.24393855012141036,NEAR,NEAR,0.6,1,,,0.03,300
C2_n0.03_d300_r02,C2,202644,9.92,9.62,0.3000000000000007,0.264144858038393,0.27029840500531765,0.25052851384238717,NEAR,NEAR,0.6,1,,,0.03,300
C2_n0.03_d300_r02,C2,202644,9.94,9.64,0.29999999999999893,0.2632343683965243,0.22759928929061896,0.2447962077044451,NEAR,NEAR,0.6,1,,,0.03,300
C2_n0.03_d300_r02,C2,202644,9.96,9.66,0.3000000000000007,0.2620235047730631,0.3056797046897085,0.26001708195076095,NEAR,NEAR,0.6,1,,,0.03,300
C2_n0.03_d300_r02,C2,202644,9.98,9.68,0.3000000000000007,0.2605397495469827,0.25469859851405935,0.2586874610915855,NEAR,NEAR,0.6,1,,,0.03,300
C2_n0.03_d300_r02,C2,202644,10.0,9.7,0.3000000000000007,0.2588167787843871,0.26247619778249365,0.25963464526431257,NEAR,NEAR,0.6,1,,,0.03,300
C2_n0.03_d300_r02,C2,202644,10.02,9.72,0.29999999999999893,0.25689369790932237,0.18228424292015144,0.2402970446782723,NEAR,NEAR,0.6,1,,,0.03,300
C2_n0.03_d300_r02,C2,202644,10.04,9.74,0.29999999999999893,0.25481415414710823,0.24910244357242836,0.2424983944018113,NEAR,NEAR,0.6,1,,,0.03,300
C2_n0.03_d300_r02,C2,202644,10.06,9.76,0.3000000000000007,0.2526253458846291,0.27843826564636287,0.2514833622129492,NEAR,NEAR,0.6,1,,,0.03,300
C2_n0.03_d300_r02,C2,202644,10.08,9.78,0.3000000000000007,0.25037695143165006,0.26079302484384204,0.2538107778706724,NEAR,NEAR,0.6,1,,,0.03,300
C2_n0.03_d300_r02,C2,202644,10.1,9.8,0.29999999999999893,0.24812000149653549,0.24921180114129415,0.2526610336883278,NEAR,NEAR,0.6,1,,,0.03,300
C2_n0.03_d300_r02,C2,202644,10.12,9.82,0.29999999999999893,0.24590572096724023,0.28490614340757153,0.26072231111813876,NEAR,NEAR,0.6,1,,,0.03,300
C2_n0.03_d300_r02,C2,202644,10.14,9.84,0.3000000000000007,0.24378436628510067,0.2896891516646333,0.26796402125476243,NEAR,NEAR,0.6,1,,,0.03,300
C2_n0.03_d300_r02,C2,202644,10.16,9.86,0.3000000000000007,0.24180408479898596,0.31029906442940997,0.2785477820484243,NEAR,NEAR,0.6,1,,,0.03,300
C2_n0.03_d300_r02,C2,202644,10.18,9.88,0.29999999999999893,0.24000982198848625,0.2806554664934341,0.27907470315967675,NEAR,NEAR,0.6,1,,,0.03,300
C2_n0.03_d300_r02,C2,202644,10.2,9.9,0.29999999999999893,0.23844230135836322,0.25841120722169814,0.2739088291751821,NEAR,NEAR,0.6,1,,,0.03,300
C2_n0.03_d300_r02,C2,202644,10.22,9.92,0.3000000000000007,0.2371371001570952,0.25709757012394024,0.26970601441237163,NEAR,NEAR,0.6,1,,,0.03,300
C2_n0.03_d300_r02,C2,202644,10.24,9.94,0.3000000000000007,0.23612384189748312,0.24333811499873276,0.2631140395589619,NEAR,NEAR,0.6,1,,,0.03,300
C2_n0.03_d300_r02,C2,202644,10.26,9.96,0.29999999999999893,0.2354255240062799,0.31801056519664395,0.27683817096838237,NEAR,NEAR,0.6,1,,,0.03,300
C2_n0.03_d300_r02,C2,202644,10.28,9.98,0.29999999999999893,0.23505799586285242,0.23992739533436613,0.2676104770598783,NEAR,NEAR,0.6,1,,,0.03,300
C2_n0.03_d300_r02,C2,202644,10.3,10.0,0.3000000000000007,0.23502959907357593,0.21189929700332483,0.2536826820457399,NEAR,NEAR,0.6,1,,,0.03,300
C2_n0.03_d300_r02,C2,202644,10.32,10.02,0.3000000000000007,0.23534097814647711,0.23896075706961903,0.2500022008017097,NEAR,NEAR,0.6,1,,,0.03,300
C2_n0.03_d300_r02,C2,202644,10.34,10.04,0.3000000000000007,0.23598506586315082,0.2518101829750824,0.25045419634505284,NEAR,NEAR,0.6,1,,,0.03,300
C2_n0.03_d300_r02,C2,202644,10.36,10.06,0.29999999999999893,0.23694724367995706,0.26265750324914783,0.2535050230710766,NEAR,NEAR,0.6,1,,,0.03,300
C2_n0.03_d300_r02,C2,202644,10.38,10.08,0.3000000000000007,0.23820567351795077,0.26322204521681525,0.2559342786075113,NEAR,NEAR,0.6,1,,,0.03,300
C2_n0.03_d300_r02,C2,202644,10.4,10.1,0.3000000000000007,0.2397317934110697,0.27989235824585634,0.2619237985170976,NEAR,NEAR,0.6,1,,,0.03,300
C2_n0.03_d300_r02,C2,202644,10.42,10.12,0.3000000000000007,0.24149096576309861,0.2553564938727316,0.2602819723560061,NEAR,NEAR,0.6,1,,,0.03,300
C2_n0.03_d300_r02,C2,202644,10.44,10.14,0.29999999999999893,0.24344326350023596,0.25397474866006836,0.2587051664320216,NEAR,NEAR,0.6,1,,,0.03,300
C2_n0.03_d300_r02,C2,202644,10.46,10.16,0.3000000000000007,0.2455443762763446,0.20241340750314737,0.24463222669980306,NEAR,NEAR,0.6,1,,,0.03,300
C2_n0.03_d300_r02,C2,202644,10.48,10.18,0.3000000000000007,0.24774661616318866,0.219626725762036,0.23838085146536128,NEAR,NEAR,0.6,1,,,0.03,300
C2_n0.03_d300_r02,C2,202644,10.5,10.2,0.3000000000000007,0.25,0.22237712754319638,0.23437992048482006,NEAR,NEAR,0.6,1,,,0.03,300
C2_n0.03_d300_r02,C2,202644,10.52,10.22,0.29999999999999893,0.2522533838368113,0.2526075896864077,0.23893683778521696,NEAR,NEAR,0.6,1,,,0.03,300
C2_n0.03_d300_r02,C2,202644,10.54,10.24,0.29999999999999893,0.2544556237236554,0.23855374839711838,0.2388410654381923,NEAR,NEAR,0.6,1,,,0.03,300
C2_n0.03_d300_r02,C2,202644,10.56,10.26,0.3000000000000007,0.256556736499764,0.19853533335372783,0.2287646324170762,NEAR,NEAR,0.6,1,,,0.03,300
C2_n0.03_d300_r02,C2,202644,10.58,10.28,0.3000000000000007,0.25850903423690136,0.22041057604027353,0.22667611832287554,NEAR,NEAR,0.6,1,,,0.03,300
C2_n0.03_d300_r02,C2,202644,10.6,10.3,0.29999999999999893,0.2602682065889303,0.19169258857268415,0.21793023588532767,NEAR,NEAR,0.6,1,,,0.03,300
C2_n0.03_d300_r02,C2,202644,10.62,10.32,0.29999999999999893,0.2617943264820492,0.23393410588582303,0.22193120338545153,NEAR,NEAR,0.6,1,,,0.03,300
C2_n0.03_d300_r02,C2,202644,10.64,10.34,0.3000000000000007,0.26305275632004294,0.217896658313594,0.22092256711748715,NEAR,NEAR,0.6,1,,,0.03,300
C2_n0.03_d300_r02,C2,202644,10.66,10.36,0.3000000000000007,0.2640149341368492,0.2583101283678517,0.2302694574300783,NEAR,NEAR,0.6,1,,,0.03,300
C2_n0.03_d300_r02,C2,202644,10.68,10.38,0.29999999999999893,0.2646590218535229,0.3047303185943758,0.24888467272115267,NEAR,NEAR,0.6,1,,,0.03,300
C2_n0.03_d300_r02,C2,202644,10.7,10.4,0.29999999999999893,0.26497040092642404,0.27554434505192305,0.25554959080384526,NEAR,NEAR,0.6,1,,,0.03,300
C2_n0.03_d300_r02,C2,202644,10.72,10.42,0.3000000000000007,0.2649420041371476,0.23749505153726774,0.2510359559872009,NEAR,NEAR,0.6,1,,,0.03,300
C2_n0.03_d300_r02,C2,202644,10.74,10.44,0.3000000000000007,0.2645744759937201,0.269338926032114,0.2556116984984292,NEAR,NEAR,0.6,1,,,0.03,300
C2_n0.03_d300_r02,C2,202644,10.76,10.46,0.29999999999999893,0.26387615810251686,0.2757519431639066,0.26064675966479856,NEAR,NEAR,0.6,1,,,0.03,300
C2_n0.03_d300_r02,C2,202644,10.78,10.48,0.29999999999999893,0.26286289984290484,0.29432478227554215,0.26906626531748445,NEAR,NEAR,0.6,1,,,0.03,300
C2_n0.03_d300_r02,C2,202644,10.8,10.5,0.3000000000000007,0.2615576986416368,0.2653720617185005,0.26814271441773846,NEAR,NEAR,0.6,1,,,0.03,300
C2_n0.03_d300_r02,C2,202644,10.82,10.52,0.3000000000000007,0.25999017801151375,0.21419251514147167,0.25465516459867177,NEAR,NEAR,0.6,1,,,0.03,300
C2_n0.03_d300_r02,C2,202644,10.84,10.54,0.3000000000000007,0.25819591520101404,0.25650330397372206,0.25511719944243433,NEAR,NEAR,0.6,1,,,0.03,300
C2_n0.03_d300_r02,C2,202644,10.86,10.56,0.29999999999999893,0.25621563371489936,0.27328823513049505,0.2596599583644495,NEAR,NEAR,0.6,1,,,0.03,300
C2_n0.03_d300_r02,C2,202644,10.88,10.58,0.3000000000000007,0.2540942790327598,0.2310806446405035,0.25251512993346303,NEAR,NEAR,0.6,1,,,0.03,300
C2_n0.03_d300_r02,C2,202644,10.9,10.6,0.3000000000000007,0.2518799985034645,0.26513688841334004,0.25567056955343226,NEAR,NEAR,0.6,1,,,0.03,300
C2_n0.03_d300_r02,C2,202644,10.92,10.62,0.3000000000000007,0.24962304856834996,0.28356862116654485,0.2626450824567104,NEAR,NEAR,0.6,1,,,0.03,300
C2_n0.03_d300_r02,C2,202644,10.94,10.64,0.29999999999999893,0.24737465411537093,0.2993186121268993,0.27181346487425767,NEAR,NEAR,0.6,1,,,0.03,300
C2_n0.03_d300_r02,C2,202644,10.96,10.66,0.3000000000000007,0.24518584585289174,0.2891017351975622,0.2761355324550838,NEAR,NEAR,0.6,1,,,0.03,300
C2_n0.03_d300_r02,C2,202644,10.98,10.68,0.3000000000000007,0.24310630209067766,0.29804081032630153,0.28161185192288823,NEAR,NEAR,0.6,1,,,0.03,300
C2_n0.03_d300_r02,C2,202644,11.0,10.7,0.3000000000000007,0.24118322121561292,0.24940583787002055,0.2735603484096713,NEAR,NEAR,0.6,1,,,0.03,300
C2_n0.03_d300_r02,C2,202644,11.02,10.72,0.29999999999999893,0.2394602504530173,0.32102937112352514,0.2854276040881347,NEAR,NEAR,0.6,1,,,0.03,300
C2_n0.03_d300_r02,C2,202644,11.04,10.74,0.29999999999999893,0.23797649522693692,0.2867792872761314,0.2857655248851339,NEAR,NEAR,0.6,1,,,0.03,300
C2_n0.03_d300_r02,C2,202644,11.06,10.76,0.3000000000000007,0.2367656316034757,0.27261062018228205,0.28247679870942094,NEAR,NEAR,0.6,1,,,0.03,300
C2_n0.03_d300_r02,C2,202644,11.08,10.78,0.3000000000000007,0.23585514196160703,0.23536952908942502,0.27069998130442197,NEAR,NEAR,0.6,1,,,0.03,300
C2_n0.03_d300_r02,C2,202644,11.1,10.8,0.29999999999999893,0.23526569123906968,0.2265545819924377,0.2596636314764259,NEAR,NEAR,0.6,1,,,0.03,300
C2_n0.03_d300_r02,C2,202644,11.12,10.82,0.29999999999999893,0.23501065791039116,0.3065795547328488,0.27139261229053163,NEAR,NEAR,0.6,1,,,0.03,300
C2_n0.03_d300_r02,C2,202644,11.14,10.84,0.3000000000000007,0.23509583034219989,0.23753766738548274,0.2629288760642694,NEAR,NEAR,0.6,1,,,0.03,300
C2_n0.03_d300_r02,C2,202644,11.16,10.86,0.3000000000000007,0.2355192754175009,0.2463063058261744,0.2587732335047457,NEAR,NEAR,0.6,1,,,0.03,300
C2_n0.03_d300_r02,C2,202644,11.18,10.88,0.29999999999999893,0.2362713824106862,0.23585909915900918,0.2530446999183116,NEAR,NEAR,0.6,1,,,0.03,300
C2_n0.03_d300_r02,C2,202644,11.2,10.9,0.29999999999999893,0.23733508111746973,0.18378825535185114,0.23573058877669648,NEAR,NEAR,0.6,1,,,0.03,300
C2_n0.03_d300_r02,C2,202644,11.22,10.92,0.3000000000000007,0.23868622928895847,0.2914367482953275,0.24965712865635423,NEAR,NEAR,0.6,1,,,0.03,300
C2_n0.03_d300_r02,C2,202644,11.24,10.94,0.3000000000000007,0.24029416057645833,0.24218201162734715,0.24778834939910244,NEAR,NEAR,0.6,1,,,0.03,300
C2_n0.03_d300_r02,C2,202644,11.26,10.96,0.29999999999999893,0.24212238055058055,0.21169828869892554,0.23876583422405823,NEAR,NEAR,0.6,1,,,0.03,300
C2_n0.03_d300_r02,C2,202644,11.28,10.98,0.29999999999999893,0.2441293949974419,0.29769842027137855,0.25349898073588834,NEAR,NEAR,0.6,1,,,0.03,300
C2_n0.03_d300_r02,C2,202644,11.3,11.0,0.3000000000000007,0.24626965169252724,0.2393055287382543,0.24995061773647984,NEAR,NEAR,0.6,1,,,0.03,300
C2_n0.03_d300_r02,C2,202644,11.32,11.02,0.3000000000000007,0.2484945742772318,0.24888729647852378,0.24968478742199082,NEAR,NEAR,0.6,1,,,0.03,300
C2_n0.03_d300_r02,C2,202644,11.34,11.04,0.3000000000000007,0.25075366477269656,0.24153999019314168,0.24764858811477852,NEAR,NEAR,0.6,1,,,0.03,300
C2_n0.03_d300_r02,C2,202644,11.36,11.06,0.29999999999999893,0.252995649707716,0.21380438682483927,0.2391875377922937,NEAR,NEAR,0.6,1,,,0.03,300
C2_n0.03_d300_r02,C2,202644,11.38,11.08,0.3000000000000007,0.2551696438476178,0.2901462720064447,0.25192722134583145,NEAR,NEAR,0.6,1,,,0.03,300
C2_n0.03_d300_r02,C2,202644,11.4,11.1,0.3000000000000007,0.2572263051115258,0.22272494297678583,0.24462665175357004,NEAR,NEAR,0.6,1,,,0.03,300
C2_n0.03_d300_r02,C2,202644,11.42,11.12,0.3000000000000007,0.25911895446541905,0.19378138749019969,0.23191533568772746,NEAR,NEAR,0.6,1,,,0.03,300
C2_n0.03_d300_r02,C2,202644,11.44,11.14,0.29999999999999893,0.26080463537331855,0.1947674420239135,0.22262836227177396,NEAR,NEAR,0.6,1,,,0.03,300
C2_n0.03_d300_r02,C2,202644,11.46,11.16,0.3000000000000007,0.2622450887607578,0.24713268138050914,0.22875444204895776,NEAR,NEAR,0.6,1,,,0.03,300
C2_n0.03_d300_r02,C2,202644,11.48,11.18,0.3000000000000007,0.263407621362269,0.24802313506888604,0.23357161530393983,NEAR,NEAR,0.6,1,,,0.03,300
C2_n0.03_d300_r02,C2,202644,11.5,11.2,0.3000000000000007,0.2642658477444273,0.2637283479485007,0.24111079846508005,NEAR,NEAR,0.6,1,,,0.03,300
C2_n0.03_d300_r02,C2,202644,11.52,11.22,0.29999999999999893,0.264800289163118,0.20162242671519376,0.2312387055276085,NEAR,NEAR,0.6,1,,,0.03,300
C2_n0.03_d300_r02,C2,202644,11.54,11.24,0.29999999999999893,0.2649988156630572,0.223965375543932,0.22942037303168938,NEAR,NEAR,0.6,1,,,0.03,300
C2_n0.03_d300_r02,C2,202644,11.56,11.26,0.3000000000000007,0.26485692138544975,0.2878588009617156,0.24402998001419596,NEAR,NEAR,0.6,1,,,0.03,300
C2_n0.03_d300_r02,C2,202644,11.58,11.28,0.3000000000000007,0.2643778268352606,0.27581323793664597,0.25197579449480845,NEAR,NEAR,0.6,1,,,0.03,300
C2_n0.03_d300_r02,C2,202644,11.6,11.3,0.29999999999999893,0.2635724057869903,0.23585391171390926,0.24794532379958364,NEAR,NEAR,0.6,1,,,0.03,300
C2_n0.03_d300_r02,C2,202644,11.62,11.32,0.29999999999999893,0.2624589384879373,0.24193584163084955,0.24644295325740012,NEAR,NEAR,0.6,1,,,0.03,300
C2_n0.03_d300_r02,C2,202644,11.64,11.34,0.3000000000000007,0.2610626967603726,0.2726587710795565,0.2529969077129392,NEAR,NEAR,0.6,1,,,0.03,300
C2_n0.03_d300_r02,C2,202644,11.66,11.36,0.3000000000000007,0.2594153704193605,0.25056866505903547,0.25238984704946327,NEAR,NEAR,0.6,1,,,0.03,300
C2_n0.03_d300_r02,C2,202644,11.68,11.38,0.29999999999999893,0.2575543480245365,0.26042751424815813,0.254399263849137,NEAR,NEAR,0.6,1,,,0.03,300
C2_n0.03_d300_r02,C2,202644,11.7,11.4,0.29999999999999893,0.25552186829027024,0.22383185929107896,0.2467574127096225,NEAR,NEAR,0.6,1,,,0.03,300
C2_n0.03_d300_r02,C2,202644,11.72,11.42,0.3000000000000007,0.25336406141424067,0.2542223019757674,0.24862363502615875,NEAR,NEAR,0.6,1,,,0.03,300
C2_n0.03_d300_r02,C2,202644,11.74,11.44,0.3000000000000007,0.25112990208291897,0.28002881589226175,0.2564749302426845,NEAR,NEAR,0.6,1,,,0.03,300
C2_n0.03_d300_r02,C2,202644,11.76,11.46,0.29999999999999893,0.24887009791708103,0.2627620854514639,0.2580467190448793,NEAR,NEAR,0.6,1,,,0.03,300
C2_n0.03_d300_r02,C2,202644,11.78,11.48,0.29999999999999893,0.24663593858575936,0.29064246347875844,0.2661956551533491,NEAR,NEAR,0.6,1,,,0.03,300
C2_n0.03_d300_r02,C2,202644,11.8,11.5,0.3000000000000007,0.2444781317097298,0.29237890671837885,0.2727414680446065,NEAR,NEAR,0.6,1,,,0.03,300
C2_n0.03_d300_r02,C2,202644,11.82,11.52,0.3000000000000007,0.24244565197546356,0.2853370668556438,0.27589036774736586,NEAR,NEAR,0.6,1,,,0.03,300
C2_n0.03_d300_r02,C2,202644,11.84,11.54,0.3000000000000007,0.2405846295806395,0.24096241297765986,0.26715837905493933,NEAR,NEAR,0.6,1,,,0.03,300
C2_n0.03_d300_r02,C2,202644,11.86,11.56,0.29999999999999893,0.23893730323962745,0.24025605634679853,0.2604327983779041,NEAR,NEAR,0.6,1,,,0.03,300
C2_n0.03_d300_r02,C2,202644,11.88,11.58,0.3000000000000007,0.23754106151206278,0.2347554383727003,0.25401345837660316,NEAR,NEAR,0.6,1,,,0.03,300
C2_n0.03_d300_r02,C2,202644,11.9,11.6,0.3000000000000007,0.23642759421300968,0.2627532260234502,0.2561984002883149,NEAR,NEAR,0.6,1,,,0.03,300
C2_n0.03_d300_r02,C2,202644,11.92,11.62,0.3000000000000007,0.23562217316473938,0.2951296391361706,0.26593121000027886,NEAR,NEAR,0.6,1,,,0.03,300
C2_n0.03_d300_r02,C2,202644,11.94,11.64,0.29999999999999893,0.23514307861455025,0.23689335131527695,0.25867174532902837,NEAR,NEAR,0.6,1,,,0.03,300
C2_n0.03_d300_r02,C2,202644,11.96,11.66,0.3000000000000007,0.23500118433694275,0.2877753394127729,0.2659476438499645,NEAR,NEAR,0.6,1,,,0.03,300
C2_n0.03_d300_r02,C2,202644,11.98,11.68,0.3000000000000007,0.235199710836882,0.24924924295483175,0.2617730436261813,NEAR,NEAR,0.6,1,,,0.03,300
C2_n0.03_d300_r02,C2,202644,12.0,11.7,0.3000000000000007,0.25,0.25599557822149416,0.2603286772750095,NEAR,NEAR,0.6,1,,,0.03,300
C2_n0.03_d300_r02,C2,202644,12.02,11.72,0.29999999999999893,0.25175,0.20133463110886216,0.2455801657334727,NEAR,NEAR,0.6,1,,,0.03,300
C2_n0.03_d300_r02,C2,202644,12.04,11.74,0.29999999999999893,0.25349999999999995,0.29106960653266345,0.2569525259332704,NEAR,NEAR,0.6,1,,,0.03,300
C2_n0.03_d300_r02,C2,202644,12.06,11.76,0.3000000000000007,0.25525000000000003,0.2011665072231637,0.24300602125574372,NEAR,NEAR,0.6,1,,,0.03,300
C2_n0.03_d300_r02,C2,202644,12.08,11.78,0.3000000000000007,0.257,0.27731808233601,0.2515840365258103,NEAR,NEAR,0.6,1,,,0.03,300
C2_n0.03_d300_r02,C2,202644,12.1,11.8,0.29999999999999893,0.25875,0.22658199858156536,0.24533352703974906,NEAR,NEAR,0.6,1,,,0.03,300
C2_n0.03_d300_r02,C2,202644,12.12,11.82,0.29999999999999893,0.26049999999999995,0.19411640799134056,0.23252924727764693,NEAR,NEAR,0.6,1,,,0.03,300
C2_n0.03_d300_r02,C2,202644,12.14,11.84,0.3000000000000007,0.26225000000000004,0.2617537088258698,0.23983536266470265,NEAR,NEAR,0.6,1,,,0.03,300
C2_n0.03_d300_r02,C2,202644,12.16,11.86,0.3000000000000007,0.264,0.2530539926084403,0.24314002015063707,NEAR,NEAR,0.6,1,,,0.03,300
C2_n0.03_d300_r02,C2,202644,12.18,11.88,0.29999999999999893,0.26575,0.2590688494849652,0.2471222274842191,NEAR,NEAR,0.6,1,,,0.03,300
C2_n0.03_d300_r02,C2,202644,12.2,11.9,0.29999999999999893,0.26749999999999996,0.18672946042552088,0.23202403571954455,NEAR,NEAR,0.6,1,,,0.03,300
C2_n0.03_d300_r02,C2,202644,12.22,11.92,0.3000000000000007,0.26925000000000004,0.22547988829085028,0.230387998862371,NEAR,NEAR,0.6,1,,,0.03,300
C2_n0.03_d300_r02,C2,202644,12.24,11.94,0.3000000000000007,0.271,0.26498024366418055,0.2390360600628234,NEAR,NEAR,0.6,1,,,0.03,300
C2_n0.03_d300_r02,C2,202644,12.26,11.96,0.29999999999999893,0.27275,0.24802422181245953,0.24128310050023244,NEAR,NEAR,0.6,1,,,0.03,300
C2_n0.03_d300_r02,C2,202644,12.28,11.98,0.29999999999999893,0.27449999999999997,0.2222412326041148,0.236522633526203,NEAR,NEAR,0.6,1,,,0.03,300
C2_n0.03_d300_r02,C2,202644,12.3,12.0,0.3000000000000007,0.27625000000000005,0.26407416725670185,0.24341051695882773,NEAR,NEAR,0.6,1,,,0.03,300
C2_n0.03_d300_r02,C2,202644,12.32,12.02,0.3000000000000007,0.278,0.2705624293082291,0.2501984950461781,NEAR,NEAR,0.6,1,,,0.03,300
C2_n0.03_d300_r02,C2,202644,12.34,12.04,0.3000000000000007,0.27975,0.25734975309254426,0.2519863095577696,NEAR,NEAR,0.6,1,,,0.03,300
C2_n0.03_d300_r02,C2,202644,12.36,12.06,0.29999999999999893,0.2815,0.2674242078319051,0.2558457841263035,NEAR,NEAR,0.6,1,,,0.03,300
C2_n0.03_d300_r02,C2,202644,12.38,12.08,0.3000000000000007,0.28325000000000006,0.19508617173992215,0.24065588102970814,NEAR,NEAR,0.6,1,,,0.03,300
C2_n0.03_d300_r02,C2,202644,12.4,12.1,0.3000000000000007,0.28500000000000003,0.2608754869358781,0.2457107825062506,NEAR,NEAR,0.6,1,,,0.03,300
C2_n0.03_d300_r02,C2,202644,12.42,12.12,0.3000000000000007,0.28675,0.2254497932973123,0.24064553520401605,NEAR,NEAR,0.6,1,,,0.03,300
C2_n0.03_d300_r02,C2,202644,12.44,12.14,0.29999999999999893,0.2885,0.2735558806931344,0.24887312157629565,NEAR,NEAR,0.6,1,,,0.03,300
C2_n0.03_d300_r02,C2,202644,12.46,12.16,0.3000000000000007,0.29025000000000006,0.3025664443379299,0.2622964522667042,NEAR,NEAR,0.6,1,,,0.03,300
C2_n0.03_d300_r02,C2,202644,12.48,12.18,0.3000000000000007,0.29200000000000004,0.2473729986333185,0.2585655888583578,NEAR,NEAR,0.6,1,,,0.03,300
C2_n0.03_d300_r02,C2,202644,12.5,12.2,0.3000000000000007,0.29375,0.2894910180079682,0.2662969461457604,NEAR,NEAR,0.6,1,,,0.03,300
C2_n0.03_d300_r02,C2,202644,12.52,12.22,0.29999999999999893,0.2955,0.2491753482259607,0.2620165466658105,NEAR,NEAR,0.6,1,,,0.03,300
C2_n0.03_d300_r02,C2,202644,12.54,12.24,0.29999999999999893,0.2972499999999999,0.27246604877470404,0.2646289221930339,NEAR,NEAR,0.6,1,,,0.03,300
C2_n0.03_d300_r02,C2,202644,12.56,12.26,0.3000000000000007,0.29900000000000004,0.3202566165216636,0.2785358457751913,NEAR,NEAR,0.6,1,,,0.03,300
C2_n0.03_d300_r02,C2,202644,12.58,12.28,0.3000000000000007,0.30075,0.29482029001504106,0.28260695683515374,NEAR,NEAR,0.6,1,,,0.03,300
C2_n0.03_d300_r02,C2,202644,12.6,12.3,0.29999999999999893,0.3025,0.2844491834905649,0.28306751349900655,NEAR,NEAR,0.6,1,,,0.03,300
C2_n0.03_d300_r02,C2,202644,12.62,12.32,0.29999999999999893,0.3042499999999999,0.23355494096632967,0.2706893703658373,NEAR,NEAR,0.6,1,,,0.03,300
C2_n0.03_d300_r02,C2,202644,12.64,12.34,0.3000000000000007,0.30600000000000005,0.3090062193101435,0.28026858260191384,NEAR,NEAR,0.6,1,,,0.03,300
C2_n0.03_d300_r02,C2,202644,12.66,12.36,0.3000000000000007,0.30775,0.28881312962973005,0.2824047193588679,NEAR,NEAR,0.6,1,,,0.03,300
C2_n0.03_d300_r02,C2,202644,12.68,12.38,0.29999999999999893,0.3095,0.24792503273578373,0.2737847977030969,NEAR,NEAR,0.6,1,,,0.03,300
C2_n0.03_d300_r02,C2,202644,12.7,12.4,0.29999999999999893,0.3112499999999999,0.3262229890363001,0.2868943455363977,NEAR,NEAR,0.6,1,,,0.03,300
C2_n0.03_d300_r02,C2,202644,12.72,12.42,0.3000000000000007,0.31300000000000006,0.2954123905277609,0.2890238567842385,NEAR,NEAR,0.6,1,,,0.03,300
C2_n0.03_d300_r02,C2,202644,12.74,12.44,0.3000000000000007,0.31475000000000003,0.24099306690307867,0.2770161593139485,NEAR,NEAR,0.6,1,,,0.03,300
C2_n0.03_d300_r02,C2,202644,12.76,12.46,0.29999999999999893,0.3165,0.3543916567721102,0.29636003367848895,NEAR,NEAR,0.6,1,,,0.03,300
C2_n0.03_d300_r02,C2,202644,12.78,12.48,0.29999999999999893,0.3182499999999999,0.2869199449391893,0.29400001149366406,NEAR,NEAR,0.6,1,,,0.03,300
C2_n0.03_d300_r02,C2,202644,12.8,12.5,0.3000000000000007,0.32000000000000006,0.24166439046744617,0.2809161062371096,NEAR,NEAR,0.6,1,,,0.03,300
C2_n0.03_d300_r02,C2,202644,12.82,12.52,0.3000000000000007,0.32175000000000004,0.2750856202772143,0.27945848474713575,NEAR,NEAR,0.6,1,,,0.03,300
C2_n0.03_d300_r02,C2,202644,12.84,12.54,0.3000000000000007,0.3235,0.29249218241143704,0.28271690916321107,NEAR,NEAR,0.6,1,,,0.03,300
C2_n0.03_d300_r02,C2,202644,12.86,12.56,0.29999999999999893,0.32524999999999993,0.26563608833846764,0.2784467039570252,NEAR,NEAR,0.6,1,,,0.03,300
C2_n0.03_d300_r02,C2,202644,12.88,12.58,0.3000000000000007,0.32700000000000007,0.29640775156754007,0.2829369658596539,NEAR,NEAR,0.6,1,,,0.03,300
C2_n0.03_d300_r02,C2,202644,12.9,12.6,0.3000000000000007,0.32875000000000004,0.2801323832860759,0.28223582021625937,NEAR,NEAR,0.6,1,,,0.03,300
C2_n0.03_d300_r02,C2,202644,12.92,12.62,0.3000000000000007,0.3305,0.30812159072077144,0.2887072628423874,NEAR,NEAR,0.6,1,,,0.03,300
C2_n0.03_d300_r02,C2,202644,12.94,12.64,0.29999999999999893,0.33224999999999993,0.3317512478974031,0.29946825910614133,NEAR,NEAR,0.6,1,,,0.03,300
C2_n0.03_d300_r02,C2,202644,12.96,12.66,0.3000000000000007,0.3340000000000001,0.2733731263311989,0.29294447591240574,NEAR,NEAR,0.6,1,,,0.03,300
C2_n0.03_d300_r02,C2,202644,12.98,12.68,0.3000000000000007,0.33575000000000005,0.3330248327615734,0.30296456512469766,NEAR,NEAR,0.6,1,,,0.03,300
C2_n0.03_d300_r02,C2,202644,13.0,12.7,0.3000000000000007,0.3375,0.3038137638931885,0.3031768648168204,NEAR,NEAR,0.6,1,,,0.03,300
C2_n0.03_d300_r02,C2,202644,13.02,12.72,0.29999999999999893,0.33924999999999994,0.3221685242248762,0.30792477966883436,NEAR,NEAR,0.6,1,,,0.03,300
C2_n0.03_d300_r02,C2,202644,13.04,12.74,0.29999999999999893,0.3409999999999999,0.3093963306546748,0.3082926674152945,NEAR,NEAR,0.6,1,,,0.03,300
C2_n0.03_d300_r02,C2,202644,13.06,12.76,0.3000000000000007,0.34275000000000005,0.3089784352751146,0.3084641093802495,NEAR,NEAR,0.6,1,,,0.03,300
C2_n0.03_d300_r02,C2,202644,13.08,12.78,0.3000000000000007,0.34450000000000003,0.30765130305703003,0.3082609077994446,NEAR,NEAR,0.6,1,,,0.03,300
C2_n0.03_d300_r02,C2,202644,13.1,12.8,0.29999999999999893,0.34624999999999995,0.22107426505278166,0.28646424711277885,NEAR,NEAR,0.6,1,,,0.03,300
C2_n0.03_d300_r02,C2,202644,13.12,12.82,0.29999999999999893,0.3479999999999999,0.3450796287965099,0.3011180925337116,NEAR,NEAR,0.6,1,,,0.03,300
C2_n0.03_d300_r02,C2,202644,13.14,12.84,0.3000000000000007,0.34975000000000006,0.31064692343125894,0.30350030025809843,NEAR,NEAR,0.6,1,,,0.03,300
C2_n0.03_d300_r02,C2,202644,13.16,12.86,0.3000000000000007,0.35150000000000003,0.2917189137113153,0.3005549536214026,FAR,NEAR,0.6,1,,,0.03,300
C2_n0.03_d300_r02,C2,202644,13.18,12.88,0.29999999999999893,0.35324999999999995,0.2745897291249573,0.2940636474972913,FAR,NEAR,0.6,1,,,0.03,300
C2_n0.03_d300_r02,C2,202644,13.2,12.9,0.29999999999999893,0.3549999999999999,0.31177017339811397,0.29849027897249697,FAR,NEAR,0.6,1,,,0.03,300
C2_n0.03_d300_r02,C2,202644,13.22,12.92,0.3000000000000007,0.35675000000000007,0.3330809158858772,0.307137938200842,FAR,NEAR,0.6,1,,,0.03,300
C2_n0.03_d300_r02,C2,202644,13.24,12.94,0.3000000000000007,0.35850000000000004,0.33304366379656347,0.3136143695997724,FAR,NEAR,0.6,1,,,0.03,300
C2_n0.03_d300_r02,C2,202644,13.26,12.96,0.29999999999999893,0.36024999999999996,0.2772970292305166,0.30453503450745845,FAR,NEAR,0.6,1,,,0.03,300
C2_n0.03_d300_r02,C2,202644,13.28,12.98,0.29999999999999893,0.36199999999999993,0.3223770297572626,0.3089955333199095,FAR,NEAR,0.6,1,,,0.03,300
C2_n0.03_d300_r02,C2,202644,13.3,13.0,0.3000000000000007,0.3637500000000001,0.3344216016931936,0.3153520504132305,FAR,NEAR,0.6,1,,,0.03,300
C2_n0.03_d300_r02,C2,202644,13.32,13.02,0.3000000000000007,0.36550000000000005,0.3592784447515509,0.3263336489978106,FAR,NEAR,0.6,1,,,0.03,300
C2_n0.03_d300_r02,C2,202644,13.34,13.04,0.3000000000000007,0.36724999999999997,0.3225026537641996,0.3253759001894079,FAR,NEAR,0.6,1,,,0.03,300
C2_n0.03_d300_r02,C2,202644,13.36,13.06,0.29999999999999893,0.36899999999999994,0.33156072698400163,0.32692210688805634,FAR,NEAR,0.6,1,,,0.03,300
C2_n0.03_d300_r02,C2,202644,13.38,13.08,0.3000000000000007,0.3707500000000001,0.3551154584680013,0.3339704447830426,FAR,NEAR,0.6,1,,,0.03,300
C2_n0.03_d300_r02,C2,202644,13.4,13.1,0.3000000000000007,0.37250000000000005,0.3560713167494291,0.3394956627746392,FAR,NEAR,0.6,1,,,0.03,300
C2_n0.03_d300_r02,C2,202644,13.42,13.12,0.3000000000000007,0.37424999999999997,0.3478362696807974,0.3415808145011787,FAR,NEAR,0.6,1,,,0.03,300
C2_n0.03_d300_r02,C2,202644,13.44,13.14,0.29999999999999893,0.37599999999999995,0.35381546013236986,0.3446394759089765,FAR,NEAR,0.6,1,,,0.03,300
C2_n0.03_d300_r02,C2,202644,13.46,13.16,0.3000000000000007,0.37775000000000003,0.3371412934627014,0.3427649302974077,FAR,NEAR,0.6,1,,,0.03,300
C2_n0.03_d300_r02,C2,202644,13.48,13.18,0.3000000000000007,0.37950000000000006,0.3834947431633827,0.3529473835139014,FAR,NEAR,0.6,1,,,0.03,300
C2_n0.03_d300_r02,C2,202644,13.5,13.2,0.3000000000000007,0.38125,0.29138152033083176,0.337555917718134,FAR,NEAR,0.6,1,,,0.03,300
C2_n0.03_d300_r02,C2,202644,13.52,13.22,0.29999999999999893,0.38299999999999995,0.3540281915397991,0.34167398617355027,FAR,NEAR,0.6,1,,,0.03,300
C2_n0.03_d300_r02,C2,202644,13.54,13.24,0.29999999999999893,0.3847499999999999,0.3829386041524518,0.35199014066827566,FAR,NEAR,0.6,1,,,0.03,300
C2_n0.03_d300_r02,C2,202644,13.56,13.26,0.3000000000000007,0.38650000000000007,0.3748722600597594,0.3577106705161466,FAR,NEAR,0.6,1,,,0.03,300
C2_n0.03_d300_r02,C2,202644,13.58,13.28,0.3000000000000007,0.38825,0.3490373172610165,0.3555423322023641,FAR,NEAR,0.6,1,,,0.03,300
C2_n0.03_d300_r02,C2,202644,13.6,13.3,0.29999999999999893,0.38999999999999996,0.3633362251679393,0.3574908054437579,FAR,NEAR,0.6,1,,,0.03,300
C2_n0.03_d300_r02,C2,202644,13.62,13.32,0.29999999999999893,0.39174999999999993,0.28325365989080975,0.3389315190555209,FAR,NEAR,0.6,1,,,0.03,300
C2_n0.03_d300_r02,C2,202644,13.64,13.34,0.3000000000000007,0.39350000000000007,0.38240949648495537,0.3498010134128795,FAR,NEAR,0.6,1,,,0.03,300
C2_n0.03_d300_r02,C2,202644,13.66,13.36,0.3000000000000007,0.39525,0.3680108263016218,0.35435346663506506,FAR,NEAR,0.6,1,,,0.03,300
C2_n0.03_d300_r02,C2,202644,13.68,13.38,0.29999999999999893,0.39699999999999996,0.4217223591072965,0.37119568975312295,FAR,NEAR,0.6,1,,,0.03,300
C2_n0.03_d300_r02,C2,202644,13.7,13.4,0.29999999999999893,0.39874999999999994,0.37942386721181043,0.3732527341177948,FAR,NEAR,0.6,1,,,0.03,300
C2_n0.03_d300_r02,C2,202644,13.72,13.42,0.3000000000000007,0.4005000000000001,0.37787051408476025,0.37440717910953614,FAR,NEAR,0.6,1,,,0.03,300
C2_n0.03_d300_r02,C2,202644,13.74,13.44,0.3000000000000007,0.40225,0.4179037810362522,0.38528132959121514,FAR,FAR,0.0,1,EXIT_NEAR,,0.03,300
C2_n0.03_d300_r02,C2,202644,13.76,13.46,0.29999999999999893,0.40399999999999997,0.4429298101254874,0.39969344972478316,FAR,FAR,0.0,1,,,0.03,300
C2_n0.03_d300_r02,C2,202644,13.78,13.48,0.29999999999999893,0.40574999999999994,0.35358313101797123,0.3881658700480801,FAR,FAR,0.0,1,,,0.03,300
C2_n0.03_d300_r02,C2,202644,13.8,13.5,0.3000000000000007,0.4075000000000001,0.4047234253192381,0.39230525886586964,FAR,FAR,0.0,1,,,0.03,300
C2_n0.03_d300_r02,C2,202644,13.82,13.52,0.3000000000000007,0.40925,0.37296522864177484,0.38747025130984597,FAR,FAR,0.0,1,,,0.03,300
C2_n0.03_d300_r02,C2,202644,13.84,13.54,0.3000000000000007,0.411,0.4054595900220116,0.3919675859878874,FAR,FAR,0.0,1,,,0.03,300
C2_n0.03_d300_r02,C2,202644,13.86,13.56,0.29999999999999893,0.41274999999999995,0.4150953585622803,0.39774952913148565,FAR,FAR,0.0,1,,,0.03,300
C2_n0.03_d300_r02,C2,202644,13.88,13.58,0.3000000000000007,0.4145000000000001,0.3780549387732074,0.3928258815419161,FAR,FAR,0.0,1,,,0.03,300
C2_n0.03_d300_r02,C2,202644,13.9,13.6,0.3000000000000007,0.41625,0.3971048000676726,0.39389561117335525,FAR,FAR,0.0,1,,,0.03,300
C2_n0.03_d300_r02,C2,202644,13.92,13.62,0.3000000000000007,0.418,0.39358616373119065,0.3938182493128141,FAR,FAR,0.0,1,,,0.03,300
C2_n0.03_d300_r02,C2,202644,13.94,13.64,0.29999999999999893,0.41974999999999996,0.4120357066977396,0.39837261365904547,FAR,FAR,0.0,1,,,0.03,300
C2_n0.03_d300_r02,C2,202644,13.96,13.66,0.3000000000000007,0.4215000000000001,0.42386321868561994,0.4047452649156891,FAR,FAR,0.0,1,,,0.03,300
C2_n0.03_d300_r02,C2,202644,13.98,13.68,0.3000000000000007,0.42325,0.40655929333393065,0.40519877202024945,FAR,FAR,0.0,1,,,0.03,300
C2_n0.03_d300_r02,C2,202644,14.0,13.7,0.3000000000000007,0.425,0.34215827242955865,0.38943864712257675,FAR,FAR,0.0,1,,,0.03,300
C2_n0.03_d300_r02,C2,202644,14.02,13.72,0.29999999999999893,0.42674999999999996,0.41398192887523494,0.39557446756074127,FAR,FAR,0.0,1,,,0.03,300
C2_n0.03_d300_r02,C2,202644,14.04,13.74,0.29999999999999893,0.4284999999999999,0.41551152910242406,0.40055873294616196,FAR,FAR,0.0,1,,,0.03,300
C2_n0.03_d300_r02,C2,202644,14.06,13.76,0.3000000000000007,0.43025,0.4383618298742936,0.41000950717819484,FAR,FAR,0.0,1,,,0.03,300
C2_n0.03_d300_r02,C2,202644,14.08,13.78,0.3000000000000007,0.432,0.41681171172527537,0.411710058314965,FAR,FAR,0.0,1,,,0.03,300
C2_n0.03_d300_r02,C2,202644,14.1,13.8,0.29999999999999893,0.43374999999999997,0.39929240424847534,0.40860564479834255,FAR,FAR,0.0,1,,,0.03,300
C2_n0.03_d300_r02,C2,202644,14.12,13.82,0.29999999999999893,0.4354999999999999,0.4167294336340024,0.4106365920072575,FAR,FAR,0.0,1,,,0.03,300
C2_n0.03_d300_r02,C2,202644,14.14,13.84,0.3000000000000007,0.43725,0.4885207762513784,0.4301076380682877,FAR,FAR,0.0,1,,,0.03,300
C2_n0.03_d300_r02,C2,202644,14.16,13.86,0.3000000000000007,0.439,0.3959246443808573,0.4215618896464301,FAR,FAR,0.0,1,,,0.03,300
C2_n0.03_d300_r02,C2,202644,14.18,13.88,0.29999999999999893,0.44075,0.3979334211760841,0.4156547725288436,FAR,FAR,0.0,1,,,0.03,300
C2_n0.03_d300_r02,C2,202644,14.2,13.9,0.29999999999999893,0.4424999999999999,0.4551215411878158,0.42552146469358665,FAR,FAR,0.0,1,,,0.03,300
C2_n0.03_d300_r02,C2,202644,14.22,13.92,0.3000000000000007,0.44425000000000003,0.4100609505907345,0.4216563361678736,FAR,FAR,0.0,1,,,0.03,300
C2_n0.03_d300_r02,C2,202644,14.24,13.94,0.3000000000000007,0.446,0.3736476472774312,0.40965416394526305,FAR,FAR,0.0,1,,,0.03,300
C2_n0.03_d300_r02,C2,202644,14.26,13.96,0.29999999999999893,0.44775,0.4218709126332598,0.41270835111726223,FAR,FAR,0.0,1,,,0.03,300
C2_n0.03_d300_r02,C2,202644,14.28,13.98,0.29999999999999893,0.4494999999999999,0.43989616050038,0.41950530346304166,FAR,FAR,0.0,1,,,0.03,300
C2_n0.03_d300_r02,C2,202644,14.3,14.0,0.3000000000000007,0.45125000000000004,0.43909869294771814,0.4244036508342108,FAR,FAR,0.0,1,,,0.03,300
C2_n0.03_d300_r02,C2,202644,14.32,14.02,0.3000000000000007,0.453,0.4266248389421349,0.4249589478611918,FAR,FAR,0.0,1,,,0.03,300
C2_n0.03_d300_r02,C2,202644,14.34,14.04,0.3000000000000007,0.45475,0.5034985096468141,0.44459383830759736,FAR,FAR,0.0,1,,,0.03,300
C2_n0.03_d300_r02,C2,202644,14.36,14.06,0.29999999999999893,0.4564999999999999,0.38332787179673417,0.42927734667988154,FAR,FAR,0.0,1,,,0.03,300
C2_n0.03_d300_r02,C2,202644,14.38,14.08,0.3000000000000007,0.45825000000000005,0.40898093696269616,0.4242032442505852,FAR,FAR,0.0,1,,,0.03,300
C2_n0.03_d300_r02,C2,202644,14.4,14.1,0.3000000000000007,0.46,0.4224875978968562,0.4237743326621529,FAR,FAR,0.0,1,,,0.03,300
C2_n0.03_d300_r02,C2,202644,14.42,14.12,0.3000000000000007,0.46175,0.4657666503564997,0.43427241208573963,FAR,FAR,0.0,1,,,0.03,300
C2_n0.03_d300_r02,C2,202644,14.44,14.14,0.29999999999999893,0.4634999999999999,0.43190149401276845,0.4336796825674968,FAR,FAR,0.0,1,,,0.03,300
C2_n0.03_d300_r02,C2,202644,14.46,14.16,0.3000000000000007,0.46525000000000005,0.46033071709433876,0.44034244119920724,FAR,FAR,0.0,1,,,0.03,300
C2_n0.03_d300_r02,C2,202644,14.48,14.18,0.3000000000000007,0.467,0.43951475398073914,0.4401355193945902,FAR,FAR,0.0,1,,,0.03,300
C2_n0.03_d300_r02,C2,202644,14.5,14.2,0.3000000000000007,0.46875,0.47296734380680067,0.44834347549764286,FAR,FAR,0.0,1,,,0.03,300
C2_n0.03_d300_r02,C2,202644,14.52,14.22,0.29999999999999893,0.4704999999999999,0.44355018660991125,0.4471451532757099,FAR,FAR,0.0,1,,,0.03,300
C2_n0.03_d300_r02,C2,202644,14.54,14.24,0.29999999999999893,0.47224999999999995,0.5054760006018382,0.461727865107242,FAR,FAR,0.0,1,,,0.03,300
C2_n0.03_d300_r02,C2,202644,14.56,14.26,0.3000000000000007,0.47400000000000003,0.44807289305015047,0.4583141220929691,FAR,FAR,0.0,1,,,0.03,300
C2_n0.03_d300_r02,C2,202644,14.58,14.28,0.3000000000000007,0.47575,0.44268937543646475,0.454407935428843,FAR,FAR,0.0,1,,,0.03,300
C2_n0.03_d300_r02,C2,202644,14.6,14.3,0.29999999999999893,0.4774999999999999,0.44846995581517374,0.45292344052542566,FAR,FAR,0.0,1,,,0.03,300
C2_n0.03_d300_r02,C2,202644,14.62,14.32,0.29999999999999893,0.47924999999999995,0.43746065578981413,0.4490577443415228,FAR,FAR,0.0,1,,,0.03,300
C2_n0.03_d300_r02,C2,202644,14.64,14.34,0.3000000000000007,0.48100000000000004,0.49329458835950774,0.460116955346019,FAR,FAR,0.0,1,,,0.03,300
C2_n0.03_d300_r02,C2,202644,14.66,14.36,0.3000000000000007,0.48275,0.4871584402257515,0.46687732656595216,FAR,FAR,0.0,1,,,0.03,300
C2_n0.03_d300_r02,C2,202644,14.68,14.38,0.29999999999999893,0.48449999999999993,0.4401359591609224,0.4601919847146947,FAR,FAR,0.0,1,,,0.03,300
C2_n0.03_d300_r02,C2,202644,14.7,14.4,0.29999999999999893,0.48624999999999996,0.4411811655263549,0.45543927991760974,FAR,FAR,0.0,1,,,0.03,300
C2_n0.03_d300_r02,C2,202644,14.72,14.42,0.3000000000000007,0.48800000000000004,0.49506725914118827,0.46534627472350437,FAR,FAR,0.0,1,,,0.03,300
C2_n0.03_d300_r02,C2,202644,14.74,14.44,0.3000000000000007,0.48975,0.46316402783078736,0.4648007130003251,FAR,FAR,0.0,1,,,0.03,300
C2_n0.03_d300_r02,C2,202644,14.76,14.46,0.29999999999999893,0.49149999999999994,0.47640791087200274,0.4677025124682445,FAR,FAR,0.0,1,,,0.03,300
C2_n0.03_d300_r02,C2,202644,14.78,14.48,0.29999999999999893,0.49324999999999997,0.5023768093950423,0.47637108669994394,FAR,FAR,0.0,1,,,0.03,300
C2_n0.03_d300_r02,C2,202644,14.8,14.5,0.3000000000000007,0.49500000000000005,0.4538835117970388,0.47074919297421763,FAR,FAR,0.0,1,,,0.03,300
C2_n0.03_d300_r02,C2,202644,14.82,14.52,0.3000000000000007,0.49675,0.42835345330508734,0.4601502580569351,FAR,FAR,0.0,1,,,0.03,300
C2_n0.03_d300_r02,C2,202644,14.84,14.54,0.3000000000000007,0.49849999999999994,0.4852233439928758,0.46641852954092033,FAR,FAR,0.0,1,,,0.03,300
C2_n0.03_d300_r02,C2,202644,14.86,14.56,0.29999999999999893,0.5002499999999999,0.507325411494607,0.476645250029342,FAR,FAR,0.0,1,,,0.03,300
C2_n0.03_d300_r02,C2,202644,14.88,14.58,0.3000000000000007,0.502,0.47442081494927096,0.4760891412593242,FAR,FAR,0.0,1,,,0.03,300
C2_n0.03_d300_r02,C2,202644,14.9,14.6,0.3000000000000007,0.50375,0.4334190487454892,0.46542161813086547,FAR,FAR,0.0,1,,,0.03,300
C2_n0.03_d300_r02,C2,202644,14.92,14.62,0.3000000000000007,0.5055000000000001,0.44670271602094214,0.4607418926033846,FAR,FAR,0.0,1,,,0.03,300
C2_n0.03_d300_r02,C2,202644,14.94,14.64,0.29999999999999893,0.50725,0.47966684129624454,0.4654731297765996,FAR,FAR,0.0,1,,,0.03,300
C2_n0.03_d300_r02,C2,202644,14.96,14.66,0.3000000000000007,0.5090000000000001,0.5090338800656456,0.47636331734886117,FAR,FAR,0.0,1,,,0.03,300
C2_n0.03_d300_r02,C2,202644,14.98,14.68,0.3000000000000007,0.51075,0.5195659575560357,0.48716397740065487,FAR,FAR,0.0,1,,,0.03,300
C2_n0.03_d300_r02,C2,202644,15.0,14.7,0.3000000000000007,0.5125,0.527560690187747,0.4972631555974279,FAR,FAR,0.0,1,,,0.03,300
C2_n0.03_d300_r02,C2,202644,15.02,14.72,0.29999999999999893,0.5142499999999999,0.503431914739909,0.4988053453830482,FAR,FAR,0.0,1,,,0.03,300
C2_n0.03_d300_r02,C2,202644,15.04,14.74,0.29999999999999893,0.5159999999999999,0.48391088958647954,0.495081731433906,FAR,FAR,0.0,1,,,0.03,300
C2_n0.03_d300_r02,C2,202644,15.06,14.76,0.3000000000000007,0.51775,0.45700111052935055,0.48556157620776713,FAR,FAR,0.0,1,,,0.03,300
C2_n0.03_d300_r02,C2,202644,15.08,14.78,0.3000000000000007,0.5195,0.4973014293435587,0.488496539491715,FAR,FAR,0.0,1,,,0.03,300
C2_n0.03_d300_r02,C2,202644,15.1,14.8,0.29999999999999893,0.52125,0.5133969031880702,0.49472163041580386,FAR,FAR,0.0,1,,,0.03,300
C2_n0.03_d300_r02,C2,202644,15.12,14.82,0.29999999999999893,0.5229999999999999,0.50523507781885,0.4973499922665654,FAR,FAR,0.0,1,,,0.03,300
C2_n0.03_d300_r02,C2,202644,15.14,14.84,0.3000000000000007,0.52475,0.5224412737509935,0.5036228126376724,FAR,FAR,0.0,1,,,0.03,300
C2_n0.03_d300_r02,C2,202644,15.16,14.86,0.3000000000000007,0.5265,0.5121650657807896,0.5057583759234517,FAR,FAR,0.0,1,,,0.03,300
C2_n0.03_d300_r02,C2,202644,15.18,14.88,0.29999999999999893,0.5282499999999999,0.5295830621890469,0.5117145474898506,FAR,FAR,0.0,1,,,0.03,300
C2_n0.03_d300_r02,C2,202644,15.2,14.9,0.29999999999999893,0.5299999999999999,0.5315069312585629,0.5166626434320286,FAR,FAR,0.0,1,,,0.03,300
C2_n0.03_d300_r02,C2,202644,15.22,14.92,0.3000000000000007,0.5317500000000001,0.5039651665443162,0.5134882742101005,FAR,FAR,0.0,1,,,0.03,300
C2_n0.03_d300_r02,C2,202644,15.24,14.94,0.3000000000000007,0.5335,0.482540997387664,0.5057514550044913,FAR,FAR,0.0,1,,,0.03,300
C2_n0.03_d300_r02,C2,202644,15.26,14.96,0.29999999999999893,0.53525,0.5866691026271716,0.5259808669101613,FAR,FAR,0.0,1,,,0.03,300
C2_n0.03_d300_r02,C2,202644,15.28,14.98,0.29999999999999893,0.5369999999999999,0.4803455623180715,0.5145720407621389,FAR,FAR,0.0,1,,,0.03,300
C2_n0.03_d300_r02,C2,202644,15.3,15.0,0.3000000000000007,0.5387500000000001,0.42702019394261703,0.4926840790572585,FAR,FAR,0.0,1,,,0.03,300
C2_n0.03_d300_r02,C2,202644,15.32,15.02,0.3000000000000007,0.5405,0.4772533890801041,0.4888264065629699,FAR,FAR,0.0,1,,,0.03,300
C2_n0.03_d300_r02,C2,202644,15.34,15.04,0.3000000000000007,0.5422499999999999,0.4867540143152674,0.48830830850104423,FAR,FAR,0.0,1,,,0.03,300
C2_n0.03_d300_r02,C2,202644,15.36,15.06,0.29999999999999893,0.5439999999999999,0.5314683219285314,0.49909831185791603,FAR,FAR,0.0,1,,,0.03,300
C2_n0.03_d300_r02,C2,202644,15.38,15.08,0.3000000000000007,0.5457500000000001,0.49462609598162594,0.49798025788884354,FAR,FAR,0.0,1,,,0.03,300
C2_n0.03_d300_r02,C2,202644,15.4,15.1,0.3000000000000007,0.5475,0.48449480480557755,0.49460889461802704,FAR,FAR,0.0,1,,,0.03,300
C2_n0.03_d300_r02,C2,202644,15.42,15.12,0.3000000000000007,0.54925,0.6036180302069373,0.5218611785152546,FAR,FAR,0.0,1,,,0.03,300
C2_n0.03_d300_r02,C2,202644,15.44,15.14,0.29999999999999893,0.5509999999999999,0.5164293348178054,0.5205032175908924,FAR,FAR,0.0,1,,,0.03,300
C2_n0.03_d300_r02,C2,202644,15.46,15.16,0.3000000000000007,0.5527500000000001,0.4879746046292374,0.5123710643504786,FAR,FAR,0.0,1,,,0.03,300
C2_n0.03_d300_r02,C2,202644,15.48,15.18,0.3000000000000007,0.5545,0.5624365461953861,0.5248874348117055,FAR,FAR,0.0,1,,,0.03,300
C2_n0.03_d300_r02,C2,202644,15.5,15.2,0.3000000000000007,0.5562499999999999,0.4789879182435638,0.5134125556696701,FAR,FAR,0.0,1,,,0.03,300
C2_n0.03_d300_r02,C2,202644,15.52,15.22,0.29999999999999893,0.5579999999999999,0.5056533339182905,0.5114727502318253,FAR,FAR,0.0,1,,,0.03,300
C2_n0.03_d300_r02,C2,202644,15.54,15.24,0.29999999999999893,0.55975,0.5437727164695191,0.5195477417912487,FAR,FAR,0.0,1,,,0.03,300
C2_n0.03_d300_r02,C2,202644,15.56,15.26,0.3000000000000007,0.5615,0.5537034165214993,0.5280866604738115,FAR,FAR,0.0,1,,,0.03,300
C2_n0.03_d300_r02,C2,202644,15.58,15.28,0.3000000000000007,0.56325,0.5986998019252344,0.5457399458366672,FAR,FAR,0.0,1,,,0.03,300
C2_n0.03_d300_r02,C2,202644,15.6,15.3,0.29999999999999893,0.565,0.5176246532112011,0.5387111226803006,FAR,FAR,0.0,1,,,0.03,300
C2_n0.03_d300_r02,C2,202644,15.62,15.32,0.29999999999999893,0.5667499999999999,0.506330740917202,0.530616027239526,FAR,FAR,0.0,1,,,0.03,300
C2_n0.03_d300_r02,C2,202644,15.64,15.34,0.3000000000000007,0.5685,0.5183782253406173,0.5275565767647987,FAR,FAR,0.0,1,,,0.03,300
C2_n0.03_d300_r02,C2,202644,15.66,15.36,0.3000000000000007,0.5702499999999999,0.5564341237324595,0.534775963506714,FAR,FAR,0.0,1,,,0.03,300
C2_n0.03_d300_r02,C2,202644,15.68,15.38,0.29999999999999893,0.572,0.5598508954658017,0.5410446964964859,FAR,FAR,0.0,1,,,0.03,300
C2_n0.03_d300_r02,C2,202644,15.7,15.4,0.29999999999999893,0.57375,0.5571065497454153,0.5450601598087182,FAR,FAR,0.0,1,,,0.03,300
C2_n0.03_d300_r02,C2,202644,15.72,15.42,0.3000000000000007,0.5755,0.5800300249003285,0.5538026260816209,FAR,FAR,0.0,1,,,0.03,300
C2_n0.03_d300_r02,C2,202644,15.74,15.44,0.3000000000000007,0.57725,0.5547433564728518,0.5540378086794286,FAR,FAR,0.0,1,,,0.03,300
C2_n0.03_d300_r02,C2,202644,15.76,15.46,0.29999999999999893,0.579,0.5918665373071503,0.5634949908363591,FAR,FAR,0.0,1,,,0.03,300
C2_n0.03_d300_r02,C2,202644,15.78,15.48,0.29999999999999893,0.5807499999999999,0.5213575799227805,0.5529606381079645,FAR,FAR,0.0,1,,,0.03,300
C2_n0.03_d300_r02,C2,202644,15.8,15.5,0.3000000000000007,0.5825,0.5952605383281079,0.5635356131630004,FAR,FAR,0.0,1,,,0.03,300
C2_n0.03_d300_r02,C2,202644,15.82,15.52,0.3000000000000007,0.5842499999999999,0.5438797838129137,0.5586216558254787,FAR,FAR,0.0,1,,,0.03,300
C2_n0.03_d300_r02,C2,202644,15.84,15.54,0.3000000000000007,0.586,0.6035855358896274,0.5698626258415158,FAR,FAR,0.0,1,,,0.03,300
C2_n0.03_d300_r02,C2,202644,15.86,15.56,0.29999999999999893,0.58775,0.5907962489724057,0.5750960316242383,FAR,FAR,0.0,1,,,0.03,300
C2_n0.03_d300_r02,C2,202644,15.88,15.58,0.3000000000000007,0.5895,0.5818477241638029,0.5767839547591295,FAR,FAR,0.0,1,,,0.03,300
C2_n0.03_d300_r02,C2,202644,15.9,15.6,0.3000000000000007,0.59125,0.5367588716476506,0.5667776839812597,FAR,FAR,0.0,1,,,0.03,300
C2_n0.03_d300_r02,C2,202644,15.92,15.62,0.3000000000000007,0.593,0.5876340623935704,0.5719917785843374,FAR,FAR,0.0,1,,,0.03,300
C2_n0.03_d300_r02,C2,202644,15.94,15.64,0.29999999999999893,0.5947499999999999,0.5275667675390314,0.5608855258230109,FAR,FAR,0.0,1,,,0.03,300
C2_n0.03_d300_r02,C2,202644,15.96,15.66,0.3000000000000007,0.5965,0.6055043981127536,0.5720402438954466,FAR,FAR,0.0,1,,,0.03,300
C2_n0.03_d300_r02,C2,202644,15.98,15.68,0.3000000000000007,0.59825,0.561316562044982,0.5693593234328305,FAR,FAR,0.0,1,,,0.03,300
C2_n0.03_d300_r02,C2,202644,16.0,15.7,0.3000000000000007,0.6,0.5447050009556467,0.5631957428135346,FAR,FAR,0.0,1,,,0.03,300
C2_n0.03_d300_r02,C2,202644,16.02,15.72,0.29999999999999893,0.6,0.579048194016495,0.5671588556142747,FAR,FAR,0.0,1,,,0.03,300
C2_n0.03_d300_r02,C2,202644,16.04,15.74,0.29999999999999893,0.6,0.5870508068087245,0.5721318434128871,FAR,FAR,0.0,1,,,0.03,300
C2_n0.03_d300_r02,C2,202644,16.06,15.76,0.29999999999999893,0.6,0.6084285783077102,0.5812060271365929,FAR,FAR,0.0,1,,,0.03,300
C2_n0.03_d300_r02,C2,202644,16.08,15.78,0.29999999999999893,0.6,0.5895653389219122,0.5832958550829227,FAR,FAR,0.0,1,,,0.03,300
C2_n0.03_d300_r02,C2,202644,16.1,15.8,0.3000000000000007,0.6,0.6136580497432714,0.5908864037480098,FAR,FAR,0.0,1,,,0.03,300
C2_n0.03_d300_r02,C2,202644,16.12,15.82,0.3000000000000007,0.6,0.6143658564253128,0.5967562669173355,FAR,FAR,0.0,1,,,0.03,300
C2_n0.03_d300_r02,C2,202644,16.14,15.84,0.3000000000000007,0.6,0.5908184665675372,0.595271816829886,FAR,FAR,0.0,1,,,0.03,300
C2_n0.03_d300_r02,C2,202644,16.16,15.86,0.3000000000000007,0.6,0.625447913795653,0.6028158410713278,FAR,FAR,0.0,1,,,0.03,300
C2_n0.03_d300_r02,C2,202644,16.18,15.88,0.29999999999999893,0.6,0.5741645530282521,0.5956530190605589,FAR,FAR,0.0,1,,,0.03,300
C2_n0.03_d300_r02,C2,202644,16.2,15.9,0.29999999999999893,0.6,0.5492287360449527,0.5840469483066574,FAR,FAR,0.0,1,,,0.03,300
C2_n0.03_d300_r02,C2,202644,16.22,15.92,0.29999999999999893,0.6,0.6064701574184447,0.5896527505846042,FAR,FAR,0.0,1,,,0.03,300
C2_n0.03_d300_r02,C2,202644,16.24,15.94,0.29999999999999893,0.6,0.5667357321386779,0.5839234959731225,FAR,FAR,0.0,1,,,0.03,300
C2_n0.03_d300_r02,C2,202644,16.26,15.96,0.3000000000000007,0.6,0.5842119542888696,0.5839956105520593,FAR,FAR,0.0,1,,,0.03,300
C2_n0.03_d300_r02,C2,202644,16.28,15.98,0.3000000000000007,0.6,0.6047217720775755,0.5891771509334383,FAR,FAR,0.0,1,,,0.03,300
C2_n0.03_d300_r02,C2,202644,16.3,16.0,0.3000000000000007,0.6,0.625982559143148,0.5983785029858657,FAR,FAR,0.0,1,,,0.03,300
C2_n0.03_d300_r02,C2,202644,16.32,16.02,0.3000000000000007,0.6,0.6054281541811876,0.6001409157846962,FAR,FAR,0.0,1,,,0.03,300
C2_n0.03_d300_r02,C2,202644,16.34,16.04,0.3000000000000007,0.6,0.649467317499689,0.6124725162134443,FAR,FAR,0.0,1,,,0.03,300
C2_n0.03_d300_r02,C2,202644,16.36,16.06,0.3000000000000007,0.6,0.6117785419090183,0.6122990226373378,FAR,FAR,0.0,1,,,0.03,300
C2_n0.03_d300_r02,C2,202644,16.38,16.08,0.3000000000000007,0.6,0.6558085784105034,0.6231764115806292,FAR,FAR,0.0,1,,,0.03,300
C2_n0.03_d300_r02,C2,202644,16.4,16.1,0.29999999999999716,0.6,0.5751636703889645,0.6111732262827131,FAR,FAR,0.0,1,,,0.03,300
C2_n0.03_d300_r02,C2,202644,16.42,16.12,0.3000000000000007,0.6,0.6239484972795839,0.6143670440319309,FAR,FAR,0.0,1,,,0.03,300
C2_n0.03_d300_r02,C2,202644,16.44,16.14,0.3000000000000007,0.6,0.5768542984639544,0.6049888576399367,FAR,FAR,0.0,1,,,0.03,300
C2_n0.03_d300_r02,C2,202644,16.46,16.16,0.3000000000000007,0.6,0.6454632115314929,0.6151074461128258,FAR,FAR,0.0,1,,,0.03,300
C2_n0.03_d300_r02,C2,202644,16.48,16.18,0.3000000000000007,0.6,0.6254878568608754,0.6177025487998381,FAR,FAR,0.0,1,,,0.03,300
C2_n0.03_d300_r02,C2,202644,16.5,16.2,0.3000000000000007,0.6,0.5591469592900811,0.6030636514223988,FAR,FAR,0.0,1,,,0.03,300
C2_n0.03_d300_r02,C2,202644,16.52,16.22,0.3000000000000007,0.6,0.5912816423022573,0.6001181491423635,FAR,FAR,0.0,1,,,0.03,300
C2_n0.03_d300_r02,C2,202644,16.54,16.24,0.3000000000000007,0.6,0.6382959023193002,0.6096625874365977,FAR,FAR,0.0,1,,,0.03,300
C2_n0.03_d300_r02,C2,202644,16.56,16.26,0.29999999999999716,0.6,0.5401187312858192,0.5922766233989031,FAR,FAR,0.0,1,,,0.03,300
C2_n0.03_d300_r02,C2,202644,16.58,16.28,0.29999999999999716,0.6,0.5691925420724732,0.5865056030672956,FAR,FAR,0.0,1,,,0.03,300
C2_n0.03_d300_r02,C2,202644,16.6,16.3,0.3000000000000007,0.6,0.6672159366615278,0.6066831864658537,FAR,FAR,0.0,1,,,0.03,300
C2_n0.03_d300_r02,C2,202644,16.62,16.32,0.3000000000000007,0.6,0.6457357856719762,0.6164463362673843,FAR,FAR,0.0,1,,,0.03,300
C2_n0.03_d300_r02,C2,202644,16.64,16.34,0.3000000000000007,0.6,0.6253454478460043,0.6186711141620393,FAR,FAR,0.0,1,,,0.03,300
C2_n0.03_d300_r02,C2,202644,16.66,16.36,0.3000000000000007,0.6,0.5393275443411524,0.5988352217068176,FAR,FAR,0.0,1,,,0.03,300
C2_n0.03_d300_r02,C2,202644,16.68,16.38,0.3000000000000007,0.6,0.5523516737818427,0.5872143347255738,FAR,FAR,0.0,1,,,0.03,300
C2_n0.03_d300_r02,C2,202644,16.7,16.4,0.3000000000000007,0.6,0.5844262019313595,0.5865173015270202,FAR,FAR,0.0,1,,,0.03,300
C2_n0.03_d300_r02,C2,202644,16.72,16.42,0.29999999999999716,0.6,0.6208623658703408,0.5951035676128503,FAR,FAR,0.0,1,,,0.03,300
C2_n0.03_d300_r02,C2,202644,16.74,16.44,0.29999999999999716,0.6,0.5673587938432219,0.5881673741704432,FAR,FAR,0.0,1,,,0.03,300
C2_n0.03_d300_r02,C2,202644,16.76,16.46,0.3000000000000007,0.6,0.6216768649252327,0.5965447468591405,FAR,FAR,0.0,1,,,0.03,300
C2_n0.03_d300_r02,C2,202644,16.78,16.48,0.3000000000000007,0.6,0.5785830666884979,0.5920543268164798,FAR,FAR,0.0,1,,,0.03,300
C2_n0.03_d300_r02,C2,202644,16.8,16.5,0.3000000000000007,0.6,0.60798051798588,0.5960358746088299,FAR,FAR,0.0,1,,,0.03,300
C2_n0.03_d300_r02,C2,202644,16.82,16.52,0.3000000000000007,0.6,0.5779857362424797,0.5915233400172424,FAR,FAR,0.0,1,,,0.03,300
C2_n0.03_d300_r02,C2,202644,16.84,16.54,0.3000000000000007,0.6,0.6111542713817334,0.5964310728583652,FAR,FAR,0.0,1,,,0.03,300
C2_n0.03_d300_r02,C2,202644,16.86,16.56,0.3000000000000007,0.6,0.5491126144781215,0.5846014582633043,FAR,FAR,0.0,1,,,0.03,300
C2_n0.03_d300_r02,C2,202644,16.88,16.58,0.3000000000000007,0.6,0.5389602236423985,0.5731911496080779,FAR,FAR,0.0,1,,,0.03,300
C2_n0.03_d300_r02,C2,202644,16.9,16.6,0.29999999999999716,0.6,0.5690814881144972,0.5721637342346828,FAR,FAR,0.0,1,,,0.03,300
C2_n0.03_d300_r02,C2,202644,16.92,16.62,0.3000000000000007,0.6,0.5559520092004666,0.5681108029761288,FAR,FAR,0.0,1,,,0.03,300
C2_n0.03_d300_r02,C2,202644,16.94,16.64,0.3000000000000007,0.6,0.5790765132202799,0.5708522305371666,FAR,FAR,0.0,1,,,0.03,300
C2_n0.03_d300_r02,C2,202644,16.96,16.66,0.3000000000000007,0.6,0.581143111599155,0.5734249508026636,FAR,FAR,0.0,1,,,0.03,300
C2_n0.03_d300_r02,C2,202644,16.98,16.68,0.3000000000000007,0.6,0.6272406629426163,0.5868788788376518,FAR,FAR,0.0,1,,,0.03,300
C2_n0.03_d300_r02,C2,202644,17.0,16.7,0.3000000000000007,0.6,0.6322559857857458,0.5982231555746753,FAR,FAR,0.0,1,,,0.03,300
C2_n0.03_d300_r02,C2,202644,17.02,16.72,0.3000000000000007,0.6,0.6169033616014109,0.6028932070813592,FAR,FAR,0.0,1,,,0.03,300
C2_n0.03_d300_r02,C2,202644,17.04,16.74,0.3000000000000007,0.6,0.5582519767931684,0.5917328995093115,FAR,FAR,0.0,1,,,0.03,300
C2_n0.03_d300_r02,C2,202644,17.06,16.76,0.29999999999999716,0.6,0.5648934604363699,0.5850230397410762,FAR,FAR,0.0,1,,,0.03,300
C2_n0.03_d300_r02,C2,202644,17.08,16.78,0.29999999999999716,0.6,0.5983596573319393,0.588357194138792,FAR,FAR,0.0,1,,,0.03,300
C2_n0.03_d300_r02,C2,202644,17.1,16.8,0.3000000000000007,0.6,0.6073436019223277,0.5931037960846759,FAR,FAR,0.0,1,,,0.03,300
C2_n0.03_d300_r02,C2,202644,17.12,16.82,0.3000000000000007,0.6,0.48948198080851846,0.5671983422656366,FAR,FAR,0.0,1,,,0.03,300
C2_n0.03_d300_r02,C2,202644,17.14,16.84,0.3000000000000007,0.6,0.5853737043136484,0.5717421827776396,FAR,FAR,0.0,1,,,0.03,300
C2_n0.03_d300_r02,C2,202644,17.16,16.86,0.3000000000000007,0.6,0.5834815246920418,0.5746770182562401,FAR,FAR,0.0,1,,,0.03,300
C2_n0.03_d300_r02,C2,202644,17.18,16.88,0.3000000000000007,0.6,0.6272946380347595,0.5878314232008699,FAR,FAR,0.0,1,,,0.03,300
C2_n0.03_d300_r02,C2,202644,17.2,16.9,0.3000000000000007,0.6,0.6280601543012728,0.5978886059759706,FAR,FAR,0.0,1,,,0.03,300
C2_n0.03_d300_r02,C2,202644,17.22,16.92,0.29999999999999716,0.6,0.5918298501154879,0.59637391701085,FAR,FAR,0.0,1,,,0.03,300
C2_n0.03_d300_r02,C2,202644,17.24,16.94,0.29999999999999716,0.6,0.5800038104133562,0.5922813903614765,FAR,FAR,0.0,1,,,0.03,300
C2_n0.03_d300_r02,C2,202644,17.26,16.96,0.3000000000000007,0.6,0.5624402727703789,0.5848211109637022,FAR,FAR,0.0,1,,,0.03,300
C2_n0.03_d300_r02,C2,202644,17.28,16.98,0.3000000000000007,0.6,0.5741190159390167,0.5821455872075308,FAR,FAR,0.0,1,,,0.03,300
C2_n0.03_d300_r02,C2,202644,17.3,17.0,0.3000000000000007,0.6,0.5848463481865664,0.5828207774522898,FAR,FAR,0.0,1,,,0.03,300
C2_n0.03_d300_r02,C2,202644,17.32,17.02,0.3000000000000007,0.6,0.5691050213396307,0.579391838424125,FAR,FAR,0.0,1,,,0.03,300
C2_n0.03_d300_r02,C2,202644,17.34,17.04,0.3000000000000007,0.6,0.6139248870018922,0.5880251005685668,FAR,FAR,0.0,1,,,0.03,300
C2_n0.03_d300_r02,C2,202644,17.36,17.06,0.3000000000000007,0.6,0.6086318338954391,0.5931767839002848,FAR,FAR,0.0,1,,,0.03,300
C2_n0.03_d300_r02,C2,202644,17.38,17.08,0.3000000000000007,0.6,0.6014135237708973,0.595235968867938,FAR,FAR,0.0,1,,,0.03,300
C2_n0.03_d300_r02,C2,202644,17.4,17.1,0.29999999999999716,0.6,0.570703499922843,0.5891028516316642,FAR,FAR,0.0,1,,,0.03,300
C2_n0.03_d300_r02,C2,202644,17.42,17.12,0.3000000000000007,0.6,0.6163485600263785,0.5959142787303428,FAR,FAR,0.0,1,,,0.03,300
C2_n0.03_d300_r02,C2,202644,17.44,17.14,0.3000000000000007,0.6,0.5745047948923059,0.5905619077708335,FAR,FAR,0.0,1,,,0.03,300
C2_n0.03_d300_r02,C2,202644,17.46,17.16,0.3000000000000007,0.6,0.5452477970716684,0.5792333800960422,FAR,FAR,0.0,1,,,0.03,300
C2_n0.03_d300_r02,C2,202644,17.48,17.18,0.3000000000000007,0.6,0.613974598162437,0.587918684612641,FAR,FAR,0.0,1,,,0.03,300
C2_n0.03_d300_r02,C2,202644,17.5,17.2,0.3000000000000007,0.6,0.6229566608719264,0.5966781786774623,FAR,FAR,0.0,1,,,0.03,300
C2_n0.03_d300_r02,C2,202644,17.52,17.22,0.3000000000000007,0.6,0.5376570502318941,0.5819228965660702,FAR,FAR,0.0,1,,,0.03,300
C2_n0.03_d300_r02,C2,202644,17.54,17.24,0.3000000000000007,0.6,0.5925562839876417,0.584581243421463,FAR,FAR,0.0,1,,,0.03,300
C2_n0.03_d300_r02,C2,202644,17.56,17.26,0.29999999999999716,0.6,0.6011146453636919,0.5887145939070202,FAR,FAR,0.0,1,,,0.03,300
C2_n0.03_d300_r02,C2,202644,17.58,17.28,0.29999999999999716,0.6,0.5814051559528752,0.5868872344184839,FAR,FAR,0.0,1,,,0.03,300
C2_n0.03_d300_r02,C2,202644,17.6,17.3,0.3000000000000007,0.6,0.5527468003953987,0.5783521259127126,FAR,FAR,0.0,1,,,0.03,300
C2_n0.03_d300_r02,C2,202644,17.62,17.32,0.3000000000000007,0.6,0.6480669892544594,0.5957808417481493,FAR,FAR,0.0,1,,,0.03,300
C2_n0.03_d300_r02,C2,202644,17.64,17.34,0.3000000000000007,0.6,0.6214411839030698,0.6021959272868793,FAR,FAR,0.0,1,,,0.03,300
C2_n0.03_d300_r02,C2,202644,17.66,17.36,0.3000000000000007,0.6,0.6166758843907876,0.6058159165628564,FAR,FAR,0.0,1,,,0.03,300
C2_n0.03_d300_r02,C2,202644,17.68,17.38,0.3000000000000007,0.6,0.5786515073574404,0.5990248142615023,FAR,FAR,0.0,1,,,0.03,300
C2_n0.03_d300_r02,C2,202644,17.7,17.4,0.3000000000000007,0.6,0.615909587787275,0.6032460076429456,FAR,FAR,0.0,1,,,0.03,300
C2_n0.03_d300_r02,C2,202644,17.72,17.42,0.29999999999999716,0.6,0.562239797808115,0.5929944551842379,FAR,FAR,0.0,1,,,0.03,300
C2_n0.03_d300_r02,C2,202644,17.74,17.44,0.29999999999999716,0.6,0.6297361789371198,0.6021798861224583,FAR,FAR,0.0,1,,,0.03,300
C2_n0.03_d300_r02,C2,202644,17.76,17.46,0.3000000000000007,0.6,0.5979306091676471,0.6011175668837555,FAR,FAR,0.0,1,,,0.03,300
C2_n0.03_d300_r02,C2,202644,17.78,17.48,0.3000000000000007,0.6,0.6528524971092757,0.6140512994401356,FAR,FAR,0.0,1,,,0.03,300
C2_n0.03_d300_r02,C2,202644,17.8,17.5,0.3000000000000007,0.6,0.576869902444442,0.6047559501912122,FAR,FAR,0.0,1,,,0.03,300
C2_n0.03_d300_r02,C2,202644,17.82,17.52,0.3000000000000007,0.6,0.5971460211443993,0.602853467929509,FAR,FAR,0.0,1,,,0.03,300
C2_n0.03_d300_r02,C2,202644,17.84,17.54,0.3000000000000007,0.6,0.6122600306256285,0.6052051086035388,FAR,FAR,0.0,1,,,0.03,300
C2_n0.03_d300_r02,C2,202644,17.86,17.56,0.3000000000000007,0.6,0.6127435641952057,0.6070897225014555,FAR,FAR,0.0,1,,,0.03,300
C2_n0.03_d300_r02,C2,202644,17.88,17.58,0.3000000000000007,0.6,0.6022624641871065,0.6058829079228683,FAR,FAR,0.0,1,,,0.03,300
C2_n0.03_d300_r02,C2,202644,17.9,17.6,0.29999999999999716,0.6,0.6571072800077046,0.6186890009440773,FAR,FAR,0.0,1,,,0.03,300
C2_n0.03_d300_r02,C2,202644,17.92,17.62,0.3000000000000007,0.6,0.5792085812595699,0.6088188960229505,FAR,FAR,0.0,1,,,0.03,300
C2_n0.03_d300_r02,C2,202644,17.94,17.64,0.3000000000000007,0.6,0.592185053616922,0.6046604354214433,FAR,FAR,0.0,1,,,0.03,300
C2_n0.03_d300_r02,C2,202644,17.96,17.66,0.3000000000000007,0.6,0.614286965588143,0.6070670679631183,FAR,FAR,0.0,1,,,0.03,300
C2_n0.03_d300_r02,C2,202644,17.98,17.68,0.3000000000000007,0.6,0.5816907441562246,0.6007229870113948,FAR,FAR,0.0,1,,,0.03,300
C2_n0.03_d300_r02,C2,202644,18.0,17.7,0.3000000000000007,0.6,0.6445266411524113,0.6116739005466489,FAR,FAR,0.0,1,,,0.03,300
C2_n0.03_d300_r02,C2,202644,18.02,17.72,0.3000000000000007,0.6,0.5779143428326641,0.6032340111181527,FAR,FAR,0.0,1,,,0.03,300
C2_n0.03_d300_r02,C2,202644,18.04,17.74,0.3000000000000007,0.6,0.5986060947742678,0.6020770320321814,FAR,FAR,0.0,1,,,0.03,300
C2_n0.03_d300_r02,C2,202644,18.06,17.76,0.29999999999999716,0.6,0.5669621801318773,0.5932983190571054,FAR,FAR,0.0,1,,,0.03,300
C2_n0.03_d300_r02,C2,202644,18.08,17.78,0.29999999999999716,0.6,0.5695746078093159,0.587367391245158,FAR,FAR,0.0,1,,,0.03,300
C2_n0.03_d300_r02,C2,202644,18.1,17.8,0.3000000000000007,0.6,0.5659459244932622,0.582012024557184,FAR,FAR,0.0,1,,,0.03,300
C2_n0.03_d300_r02,C2,202644,18.12,17.82,0.3000000000000007,0.6,0.6247688145653922,0.592701222059236,FAR,FAR,0.0,1,,,0.03,300
C2_n0.03_d300_r02,C2,202644,18.14,17.84,0.3000000000000007,0.6,0.6157106030765013,0.5984535673135524,FAR,FAR,0.0,1,,,0.03,300
C2_n0.03_d300_r02,C2,202644,18.16,17.86,0.3000000000000007,0.6,0.5690029322119565,0.5910909085381535,FAR,FAR,0.0,1,,,0.03,300
C2_n0.03_d300_r02,C2,202644,18.18,17.88,0.3000000000000007,0.6,0.5822551940946085,0.5888819799272672,FAR,FAR,0.0,1,,,0.03,300
C2_n0.03_d300_r02,C2,202644,18.2,17.9,0.3000000000000007,0.6,0.6266183116001017,0.5983160628454759,FAR,FAR,0.0,1,,,0.03,300
C2_n0.03_d300_r02,C2,202644,18.22,17.92,0.29999999999999716,0.6,0.6419092886543775,0.6092143692977012,FAR,FAR,0.0,1,,,0.03,300
C2_n0.03_d300_r02,C2,202644,18.24,17.94,0.29999999999999716,0.6,0.5447705779063937,0.5931034214498744,FAR,FAR,0.0,1,,,0.03,300
C2_n0.03_d300_r02,C2,202644,18.26,17.96,0.3000000000000007,0.6,0.5376036263305526,0.579228472670044,FAR,FAR,0.0,1,,,0.03,300
C2_n0.03_d300_r02,C2,202644,18.28,17.98,0.3000000000000007,0.6,0.5903455696711392,0.5820077469203178,FAR,FAR,0.0,1,,,0.03,300
C2_n0.03_d300_r02,C2,202644,18.3,18.0,0.3000000000000007,0.6,0.5972255982001808,0.5858122097402836,FAR,FAR,0.0,1,,,0.03,300
C2_n0.03_d300_r02,C2,202644,18.32,18.02,0.3000000000000007,0.6,0.5961743230637327,0.5884027380711458,FAR,FAR,0.0,1,,,0.03,300
C2_n0.03_d300_r02,C2,202644,18.34,18.04,0.3000000000000007,0.6,0.6492486724469111,0.6036142216650872,FAR,FAR,0.0,1,,,0.03,300
C2_n0.03_d300_r02,C2,202644,18.36,18.06,0.3000000000000007,0.6,0.6016458568150839,0.6031221304525863,FAR,FAR,0.0,1,,,0.03,300
C2_n0.03_d300_r02,C2,202644,18.38,18.08,0.3000000000000007,0.6,0.616224489354084,0.6063977201779607,FAR,FAR,0.0,1,,,0.03,300
C2_n0.03_d300_r02,C2,202644,18.4,18.1,0.29999999999999716,0.6,0.6075737277775738,0.6066917220778639,FAR,FAR,0.0,1,,,0.03,300
C2_n0.03_d300_r02,C2,202644,18.42,18.12,0.3000000000000007,0.6,0.6298017385307214,0.6124692261910784,FAR,FAR,0.0,1,,,0.03,300
C2_n0.03_d300_r02,C2,202644,18.44,18.14,0.3000000000000007,0.6,0.6211288820886226,0.6146341401654645,FAR,FAR,0.0,1,,,0.03,300
C2_n0.03_d300_r02,C2,202644,18.46,18.16,0.3000000000000007,0.6,0.6468048480039537,0.6226768171250867,FAR,FAR,0.0,1,,,0.03,300
C2_n0.03_d300_r02,C2,202644,18.48,18.18,0.3000000000000007,0.6,0.5810952236854041,0.6122814187651661,FAR,FAR,0.0,1,,,0.03,300
C2_n0.03_d300_r02,C2,202644,18.5,18.2,0.3000000000000007,0.6,0.5368213412884888,0.5934163993959968,FAR,FAR,0.0,1,,,0.03,300
C2_n0.03_d300_r02,C2,202644,18.52,18.22,0.3000000000000007,0.6,0.6103458699398634,0.5976487670319635,FAR,FAR,0.0,1,,,0.03,300
C2_n0.03_d300_r02,C2,202644,18.54,18.24,0.3000000000000007,0.6,0.597295360255526,0.5975604153378541,FAR,FAR,0.0,1,,,0.03,300
C2_n0.03_d300_r02,C2,202644,18.56,18.26,0.29999999999999716,0.6,0.6176758415331112,0.6025892718866683,FAR,FAR,0.0,1,,,0.03,300
C2_n0.03_d300_r02,C2,202644,18.58,18.28,0.29999999999999716,0.6,0.6264265948036666,0.6085486026159179,FAR,FAR,0.0,1,,,0.03,300
C2_n0.03_d300_r02,C2,202644,18.6,18.3,0.3000000000000007,0.6,0.5720356602421884,0.5994203670224856,FAR,FAR,0.0,1,,,0.03,300
C2_n0.03_d300_r02,C2,202644,18.62,18.32,0.3000000000000007,0.6,0.6342870502066104,0.6081370378185168,FAR,FAR,0.0,1,,,0.03,300
C2_n0.03_d300_r02,C2,202644,18.64,18.34,0.3000000000000007,0.6,0.6003846691675069,0.6061989456557643,FAR,FAR,0.0,1,,,0.03,300
C2_n0.03_d300_r02,C2,202644,18.66,18.36,0.3000000000000007,0.6,0.5990906304232364,0.6044218668476322,FAR,FAR,0.0,1,,,0.03,300
C2_n0.03_d300_r02,C2,202644,18.68,18.38,0.3000000000000007,0.6,0.6131061870848548,0.6065929469069379,FAR,FAR,0.0,1,,,0.03,300
C2_n0.03_d300_r02,C2,202644,18.7,18.4,0.3000000000000007,0.6,0.6227962426149027,0.6106437708339292,FAR,FAR,0.0,1,,,0.03,300
C2_n0.03_d300_r02,C2,202644,18.72,18.42,0.29999999999999716,0.6,0.5961850722551881,0.6070290961892439,FAR,FAR,0.0,1,,,0.03,300
C2_n0.03_d300_r02,C2,202644,18.74,18.44,0.29999999999999716,0.6,0.5990768043753385,0.6050410232357676,FAR,FAR,0.0,1,,,0.03,300
C2_n0.03_d300_r02,C2,202644,18.76,18.46,0.3000000000000007,0.6,0.580642577324309,0.5989414117579029,FAR,FAR,0.0,1,,,0.03,300
C2_n0.03_d300_r02,C2,202644,18.78,18.48,0.3000000000000007,0.6,0.575922448072412,0.5931866708365302,FAR,FAR,0.0,1,,,0.03,300
C2_n0.03_d300_r02,C2,202644,18.8,18.5,0.3000000000000007,0.6,0.5958693252408547,0.5938573344376114,FAR,FAR,0.0,1,,,0.03,300
C2_n0.03_d300_r02,C2,202644,18.82,18.52,0.3000000000000007,0.6,0.6259359134128132,0.6018769791814118,FAR,FAR,0.0,1,,,0.03,300
C2_n0.03_d300_r02,C2,202644,18.84,18.54,0.3000000000000007,0.6,0.5612607052420032,0.5917229106965597,FAR,FAR,0.0,1,,,0.03,300
C2_n0.03_d300_r02,C2,202644,18.86,18.56,0.3000000000000007,0.6,0.5961335559407417,0.5928255720076052,FAR,FAR,0.0,1,,,0.03,300
C2_n0.03_d300_r02,C2,202644,18.88,18.58,0.3000000000000007,0.6,0.5997485643383271,0.5945563200902857,FAR,FAR,0.0,1,,,0.03,300
C2_n0.03_d300_r02,C2,202644,18.9,18.6,0.29999999999999716,0.6,0.6405415114289862,0.6060526179249608,FAR,FAR,0.0,1,,,0.03,300
C2_n0.03_d300_r02,C2,202644,18.92,18.62,0.3000000000000007,0.6,0.5481579190035857,0.591578943194617,FAR,FAR,0.0,1,,,0.03,300
C2_n0.03_d300_r02,C2,202644,18.94,18.64,0.3000000000000007,0.6,0.5674051600599992,0.5855354974109626,FAR,FAR,0.0,1,,,0.03,300
C2_n0.03_d300_r02,C2,202644,18.96,18.66,0.3000000000000007,0.6,0.6103727566563248,0.5917448122223031,FAR,FAR,0.0,1,,,0.03,300
C2_n0.03_d300_r02,C2,202644,18.98,18.68,0.3000000000000007,0.6,0.5865036389423792,0.5904345189023221,FAR,FAR,0.0,1,,,0.03,300
C2_n0.03_d300_r02,C2,202644,19.0,18.7,0.3000000000000007,0.6,0.561049342384013,0.5830882247727449,FAR,FAR,0.0,1,,,0.03,300
C2_n0.03_d300_r02,C2,202644,19.02,18.72,0.3000000000000007,0.6,0.6092310835202095,0.589623939459611,FAR,FAR,0.0,1,,,0.03,300
C2_n0.03_d300_r02,C2,202644,19.04,18.74,0.3000000000000007,0.6,0.5512014131013243,0.5800183078700394,FAR,FAR,0.0,1,,,0.03,300
C2_n0.03_d300_r02,C2,202644,19.06,18.76,0.29999999999999716,0.6,0.591622755899502,0.582919419877405,FAR,FAR,0.0,1,,,0.03,300
C2_n0.03_d300_r02,C2,202644,19.08,18.78,0.29999999999999716,0.6,0.5571087070801741,0.5764667416780973,FAR,FAR,0.0,1,,,0.03,300
C2_n0.03_d300_r02,C2,202644,19.1,18.8,0.3000000000000007,0.6,0.5967854937138252,0.5815464296870293,FAR,FAR,0.0,1,,,0.03,300
C2_n0.03_d300_r02,C2,202644,19.12,18.82,0.3000000000000007,0.6,0.6294280869889375,0.5935168440125063,FAR,FAR,0.0,1,,,0.03,300
C2_n0.03_d300_r02,C2,202644,19.14,18.84,0.3000000000000007,0.6,0.5487781835607405,0.5823321788995648,FAR,FAR,0.0,1,,,0.03,300
C2_n0.03_d300_r02,C2,202644,19.16,18.86,0.3000000000000007,0.6,0.5635172729107424,0.5776284524023592,FAR,FAR,0.0,1,,,0.03,300
C2_n0.03_d300_r02,C2,202644,19.18,18.88,0.3000000000000007,0.6,0.6021026289309424,0.583746996534505,FAR,FAR,0.0,1,,,0.03,300
C2_n0.03_d300_r02,C2,202644,19.2,18.9,0.3000000000000007,0.6,0.5685862014038314,0.5799567977518366,FAR,FAR,0.0,1,,,0.03,300
C2_n0.03_d300_r02,C2,202644,19.22,18.92,0.29999999999999716,0.6,0.5278489172974666,0.5669298276382441,FAR,FAR,0.0,1,,,0.03,300
C2_n0.03_d300_r02,C2,202644,19.24,18.94,0.29999999999999716,0.6,0.6411770842851298,0.5854916417999655,FAR,FAR,0.0,1,,,0.03,300
C2_n0.03_d300_r02,C2,202644,19.26,18.96,0.3000000000000007,0.6,0.6461861403542059,0.6006652664385256,FAR,FAR,0.0,1,,,0.03,300
C2_n0.03_d300_r02,C2,202644,19.28,18.98,0.3000000000000007,0.6,0.5747987459976274,0.5941986363283009,FAR,FAR,0.0,1,,,0.03,300
C2_n0.03_d300_r02,C2,202644,19.3,19.0,0.3000000000000007,0.6,0.6112130783999017,0.5984522468462011,FAR,FAR,0.0,1,,,0.03,300
C2_n0.03_d300_r02,C2,202644,19.32,19.02,0.3000000000000007,0.6,0.5922447751253773,0.5969003789159951,FAR,FAR,0.0,1,,,0.03,300
C2_n0.03_d300_r02,C2,202644,19.34,19.04,0.3000000000000007,0.6,0.5723442555209326,0.5907613480672295,FAR,FAR,0.0,1,,,0.03,300
C2_n0.03_d300_r02,C2,202644,19.36,19.06,0.3000000000000007,0.6,0.6168000779603838,0.5972710305405181,FAR,FAR,0.0,1,,,0.03,300
C2_n0.03_d300_r02,C2,202644,19.38,19.08,0.3000000000000007,0.6,0.6543766306373648,0.6115474305647297,FAR,FAR,0.0,1,,,0.03,300
C2_n0.03_d300_r02,C2,202644,19.4,19.1,0.29999999999999716,0.6,0.5786471127528441,0.6033223511117582,FAR,FAR,0.0,1,,,0.03,300
C2_n0.03_d300_r02,C2,202644,19.42,19.12,0.3000000000000007,0.6,0.657873516682843,0.6169601425045295,FAR,FAR,0.0,1,,,0.03,300
C2_n0.03_d300_r02,C2,202644,19.44,19.14,0.3000000000000007,0.6,0.5988271666664582,0.6124268985450116,FAR,FAR,0.0,1,,,0.03,300
C2_n0.03_d300_r02,C2,202644,19.46,19.16,0.3000000000000007,0.6,0.6171031170224491,0.613595953164371,FAR,FAR,0.0,1,,,0.03,300
C2_n0.03_d300_r02,C2,202644,19.48,19.18,0.3000000000000007,0.6,0.6020107188406937,0.6106996445834516,FAR,FAR,0.0,1,,,0.03,300
C2_n0.03_d300_r02,C2,202644,19.5,19.2,0.3000000000000007,0.6,0.6037387599943383,0.6089594234361733,FAR,FAR,0.0,1,,,0.03,300
C2_n0.03_d300_r02,C2,202644,19.52,19.22,0.3000000000000007,0.6,0.6115215908624009,0.6095999652927302,FAR,FAR,0.0,1,,,0.03,300
C2_n0.03_d300_r02,C2,202644,19.54,19.24,0.3000000000000007,0.6,0.6198554778499406,0.6121638434320328,FAR,FAR,0.0,1,,,0.03,300
C2_n0.03_d300_r02,C2,202644,19.56,19.26,0.29999999999999716,0.6,0.594992549901136,0.6078710200493086,FAR,FAR,0.0,1,,,0.03,300
C2_n0.03_d300_r02,C2,202644,19.58,19.28,0.29999999999999716,0.6,0.6063854716852769,0.6074996329583007,FAR,FAR,0.0,1,,,0.03,300
C2_n0.03_d300_r02,C2,202644,19.6,19.3,0.3000000000000007,0.6,0.5925937163672043,0.6037731538105265,FAR,FAR,0.0,1,,,0.03,300
C2_n0.03_d300_r02,C2,202644,19.62,19.32,0.3000000000000007,0.6,0.6340926917120833,0.6113530382859158,FAR,FAR,0.0,1,,,0.03,300
C2_n0.03_d300_r02,C2,202644,19.64,19.34,0.3000000000000007,0.6,0.5770437082843518,0.6027757057855248,FAR,FAR,0.0,1,,,0.03,300
C2_n0.03_d300_r02,C2,202644,19.66,19.36,0.3000000000000007,0.6,0.5585997567707323,0.5917317185318266,FAR,FAR,0.0,1,,,0.03,300
C2_n0.03_d300_r02,C2,202644,19.68,19.38,0.3000000000000007,0.6,0.6062073034609426,0.5953506147641056,FAR,FAR,0.0,1,,,0.03,300
C2_n0.03_d300_r02,C2,202644,19.7,19.4,0.3000000000000007,0.6,0.5702567387273135,0.5890771457549075,FAR,FAR,0.0,1,,,0.03,300
C2_n0.03_d300_r02,C2,202644,19.72,19.42,0.29999999999999716,0.6,0.6023916844545584,0.5924057804298203,FAR,FAR,0.0,1,,,0.03,300
C2_n0.03_d300_r02,C2,202644,19.74,19.44,0.29999999999999716,0.6,0.606024796514606,0.5958105344510167,FAR,FAR,0.0,1,,,0.03,300
C2_n0.03_d300_r02,C2,202644,19.76,19.46,0.3000000000000007,0.6,0.6354641296139796,0.6057239332417574,FAR,FAR,0.0,1,,,0.03,300
C2_n0.03_d300_r02,C2,202644,19.78,19.48,0.3000000000000007,0.6,0.5802566412806126,0.5993571102514712,FAR,FAR,0.0,1,,,0.03,300
C2_n0.03_d300_r02,C2,202644,19.8,19.5,0.3000000000000007,0.6,0.623678701940513,0.6054375081737317,FAR,FAR,0.0,1,,,0.03,300
C2_n0.03_d300_r02,C2,202644,19.82,19.52,0.3000000000000007,0.6,0.5827333353053585,0.5997614649566383,FAR,FAR,0.0,1,,,0.03,300
C2_n0.03_d300_r02,C2,202644,19.84,19.54,0.3000000000000007,0.6,0.6155045653453194,0.6036972400538085,FAR,FAR,0.0,1,,,0.03,300
C2_n0.03_d300_r02,C2,202644,19.86,19.56,0.3000000000000007,0.6,0.6318082298199624,0.610724987495347,FAR,FAR,0.0,1,,,0.03,300
C2_n0.03_d300_r02,C2,202644,19.88,19.58,0.3000000000000007,0.6,0.5718212321026324,0.6009990486471684,FAR,FAR,0.0,1,,,0.03,300
C2_n0.03_d300_r02,C2,202644,19.9,19.6,0.29999999999999716,0.6,0.616519477321131,0.604879155815659,FAR,FAR,0.0,1,,,0.03,300
C2_n0.03_d300_r02,C2,202644,19.92,19.62,0.3000000000000007,0.6,0.5963299899852578,0.6027418643580587,FAR,FAR,0.0,1,,,0.03,300
C2_n0.03_d300_r02,C2,202644,19.94,19.64,0.3000000000000007,0.6,0.5331836896638268,0.5853523206845007,FAR,FAR,0.0,1,,,0.03,300
C2_n0.03_d300_r02,C2,202644,19.96,19.66,0.3000000000000007,0.6,0.5711611431422865,0.5818045262989472,FAR,FAR,0.0,1,,,0.03,300
C2_n0.03_d300_r02,C2,202644,19.98,19.68,0.3000000000000007,0.6,0.6246874686793185,0.59252526189404,FAR,FAR,0.0,1,,,0.03,300
C2_n0.03_d300_r02,C2,202644,20.0,19.7,0.3000000000000007,0.6,0.5876304989990023,0.5913015711702806,FAR,FAR,0.0,1,,,0.03,300
