trial_id,condition,seed,time_s,sensor_time_s,sample_age_s,true_distance_m,raw_distance_m,filtered_distance_m,expected_state,state,command,valid,event_label,invalid_reason,noise_sigma_m,delay_ms
C2_n0.01_d300_r04,C2,202631,0.0,0.0,nan,0.6,,,FAR,FAR,0.0,0,INVALID,MISSING_OR_DELAY_BUFFER,0.01,300
C2_n0.01_d300_r04,C2,202631,0.02,0.02,nan,0.6,,,FAR,FAR,0.0,0,INVALID,MISSING_OR_DELAY_BUFFER,0.01,300
C2_n0.01_d300_r04,C2,202631,0.04,0.04,nan,0.6,,,FAR,FAR,0.0,0,INVALID,MISSING_OR_DELAY_BUFFER,0.01,300
C2_n0.01_d300_r04,C2,202631,0.06,0.06,nan,0.6,,,FAR,FAR,0.0,0,INVALID,MISSING_OR_DELAY_BUFFER,0.01,300
C2_n0.01_d300_r04,C2,202631,0.08,0.08,nan,0.6,,,FAR,FAR,0.0,0,INVALID,MISSING_OR_DELAY_BUFFER,0.01,300
C2_n0.01_d300_r04,C2,202631,0.1,0.1,nan,0.6,,,FAR,FAR,0.0,0,INVALID,MISSING_OR_DELAY_BUFFER,0.01,300
C2_n0.01_d300_r04,C2,202631,0.12,0.12,nan,0.6,,,FAR,FAR,0.0,0,INVALID,MISSING_OR_DELAY_BUFFER,0.01,300
C2_n0.01_d300_r04,C2,202631,0.14,0.14,nan,0.6,,,FAR,FAR,0.0,0,INVALID,MISSING_OR_DELAY_BUFFER,0.01,300
C2_n0.01_d300_r04,C2,202631,0.16,0.16,nan,0.6,,,FAR,FAR,0.0,0,INVALID,MISSING_OR_DELAY_BUFFER,0.01,300
C2_n0.01_d300_r04,C2,202631,0.18,0.18,nan,0.6,,,FAR,FAR,0.0,0,INVALID,MISSING_OR_DELAY_BUFFER,0.01,300
C2_n0.01_d300_r04,C2,202631,0.2,0.2,nan,0.6,,,FAR,FAR,0.0,0,INVALID,MISSING_OR_DELAY_BUFFER,0.01,300
C2_n0.01_d300_r04,C2,202631,0.22,0.22,nan,0.6,,,FAR,FAR,0.0,0,INVALID,MISSING_OR_DELAY_BUFFER,0.01,300
C2_n0.01_d300_r04,C2,202631,0.24,0.24,nan,0.6,,,FAR,FAR,0.0,0,INVALID,MISSING_OR_DELAY_BUFFER,0.01,300
C2_n0.01_d300_r04,C2,202631,0.26,0.26,nan,0.6,,,FAR,FAR,0.0,0,INVALID,MISSING_OR_DELAY_BUFFER,0.01,300
C2_n0.01_d300_r04,C2,202631,0.28,0.28,nan,0.6,,,FAR,FAR,0.0,0,INVALID,MISSING_OR_DELAY_BUFFER,0.01,300
C2_n0.01_d300_r04,C2,202631,0.3,0.0,0.3,0.6,0.6035685328969876,0.6035685328969876,FAR,FAR,0.0,1,,,0.01,300
C2_n0.01_d300_r04,C2,202631,0.32,0.02,0.3,0.6,0.5955003477982119,0.6015514866222937,FAR,FAR,0.0,1,,,0.01,300
C2_n0.01_d300_r04,C2,202631,0.34,0.04,0.30000000000000004,0.6,0.5961378315638741,0.6001980728576888,FAR,FAR,0.0,1,,,0.01,300
C2_n0.01_d300_r04,C2,202631,0.36,0.06,0.3,0.6,0.6040480979856895,0.601160579139689,FAR,FAR,0.0,1,,,0.01,300
C2_n0.01_d300_r04,C2,202631,0.38,0.08,0.3,0.6,0.5990588654516329,0.600635150717675,FAR,FAR,0.0,1,,,0.01,300
C2_n0.01_d300_r04,C2,202631,0.4,0.1,0.30000000000000004,0.6,0.6185342256001103,0.6051099194382838,FAR,FAR,0.0,1,,,0.01,300
C2_n0.01_d300_r04,C2,202631,0.42,0.12,0.3,0.6,0.6054391379957843,0.6051922240776589,FAR,FAR,0.0,1,,,0.01,300
C2_n0.01_d300_r04,C2,202631,0.44,0.14,0.3,0.6,0.5850666714685153,0.6001608359253731,FAR,FAR,0.0,1,,,0.01,300
C2_n0.01_d300_r04,C2,202631,0.46,0.16,0.30000000000000004,0.6,0.6167033141265735,0.6042964554756731,FAR,FAR,0.0,1,,,0.01,300
C2_n0.01_d300_r04,C2,202631,0.48,0.18,0.3,0.6,0.60677674673106,0.6049165282895198,FAR,FAR,0.0,1,,,0.01,300
C2_n0.01_d300_r04,C2,202631,0.5,0.2,0.3,0.6,0.5927056748602965,0.601863814932214,FAR,FAR,0.0,1,,,0.01,300
C2_n0.01_d300_r04,C2,202631,0.52,0.22,0.30000000000000004,0.6,0.5945997164992092,0.6000477903239627,FAR,FAR,0.0,1,,,0.01,300
C2_n0.01_d300_r04,C2,202631,0.54,0.24,0.30000000000000004,0.6,0.5858701550754427,0.5965033815118327,FAR,FAR,0.0,1,,,0.01,300
C2_n0.01_d300_r04,C2,202631,0.56,0.26,0.30000000000000004,0.6,0.5911616073462067,0.5951679379704262,FAR,FAR,0.0,1,,,0.01,300
C2_n0.01_d300_r04,C2,202631,0.58,0.28,0.29999999999999993,0.6,0.5923828367990428,0.5944716626775803,FAR,FAR,0.0,1,,,0.01,300
C2_n0.01_d300_r04,C2,202631,0.6,0.3,0.3,0.6,0.6126803934566003,0.5990238453723353,FAR,FAR,0.0,1,,,0.01,300
C2_n0.01_d300_r04,C2,202631,0.62,0.32,0.3,0.6,0.6287974897886416,0.6064672564764119,FAR,FAR,0.0,1,,,0.01,300
C2_n0.01_d300_r04,C2,202631,0.64,0.34,0.3,0.6,0.6051588978162972,0.6061401668113832,FAR,FAR,0.0,1,,,0.01,300
C2_n0.01_d300_r04,C2,202631,0.66,0.36,0.30000000000000004,0.6,0.6042635073469707,0.60567100194528,FAR,FAR,0.0,1,,,0.01,300
C2_n0.01_d300_r04,C2,202631,0.68,0.38,0.30000000000000004,0.6,0.6131562879382105,0.6075423234435127,FAR,FAR,0.0,1,,,0.01,300
C2_n0.01_d300_r04,C2,202631,0.7,0.4,0.29999999999999993,0.6,0.6084606130165201,0.6077718958367645,FAR,FAR,0.0,1,,,0.01,300
C2_n0.01_d300_r04,C2,202631,0.72,0.42,0.3,0.6,0.6023286470688709,0.6064110836447911,FAR,FAR,0.0,1,,,0.01,300
C2_n0.01_d300_r04,C2,202631,0.74,0.44,0.3,0.6,0.5981576773295951,0.6043477320659921,FAR,FAR,0.0,1,,,0.01,300
C2_n0.01_d300_r04,C2,202631,0.76,0.46,0.3,0.6,0.613152490285024,0.6065489216207501,FAR,FAR,0.0,1,,,0.01,300
C2_n0.01_d300_r04,C2,202631,0.78,0.48,0.30000000000000004,0.6,0.5962950601493487,0.6039854562528998,FAR,FAR,0.0,1,,,0.01,300
C2_n0.01_d300_r04,C2,202631,0.8,0.5,0.30000000000000004,0.6,0.6125371169639411,0.6061233714306602,FAR,FAR,0.0,1,,,0.01,300
C2_n0.01_d300_r04,C2,202631,0.82,0.52,0.29999999999999993,0.6,0.5940264025489534,0.6030991292102335,FAR,FAR,0.0,1,,,0.01,300
C2_n0.01_d300_r04,C2,202631,0.84,0.54,0.29999999999999993,0.6,0.6088636334239309,0.6045402552636578,FAR,FAR,0.0,1,,,0.01,300
C2_n0.01_d300_r04,C2,202631,0.86,0.56,0.29999999999999993,0.6,0.598742171663978,0.603090734363738,FAR,FAR,0.0,1,,,0.01,300
C2_n0.01_d300_r04,C2,202631,0.88,0.58,0.30000000000000004,0.6,0.6125080406461919,0.6054450609343515,FAR,FAR,0.0,1,,,0.01,300
C2_n0.01_d300_r04,C2,202631,0.9,0.6,0.30000000000000004,0.6,0.5993829416018451,0.6039295311012249,FAR,FAR,0.0,1,,,0.01,300
C2_n0.01_d300_r04,C2,202631,0.92,0.62,0.30000000000000004,0.6,0.604834420728404,0.6041557535080198,FAR,FAR,0.0,1,,,0.01,300
C2_n0.01_d300_r04,C2,202631,0.94,0.64,0.29999999999999993,0.6,0.5974201663328993,0.6024718567142396,FAR,FAR,0.0,1,,,0.01,300
C2_n0.01_d300_r04,C2,202631,0.96,0.66,0.29999999999999993,0.6,0.5860956401725025,0.5983778025788054,FAR,FAR,0.0,1,,,0.01,300
C2_n0.01_d300_r04,C2,202631,0.98,0.68,0.29999999999999993,0.6,0.5970837345216563,0.5980542855645181,FAR,FAR,0.0,1,,,0.01,300
C2_n0.01_d300_r04,C2,202631,1.0,0.7,0.30000000000000004,0.6,0.6139296570370723,0.6020231284326567,FAR,FAR,0.0,1,,,0.01,300
C2_n0.01_d300_r04,C2,202631,1.02,0.72,0.30000000000000004,0.6,0.5983719880671404,0.6011103433412777,FAR,FAR,0.0,1,,,0.01,300
C2_n0.01_d300_r04,C2,202631,1.04,0.74,0.30000000000000004,0.6,0.5953699146230054,0.5996752361617096,FAR,FAR,0.0,1,,,0.01,300
C2_n0.01_d300_r04,C2,202631,1.06,0.76,0.30000000000000004,0.6,0.6122463155098894,0.6028180059987545,FAR,FAR,0.0,1,,,0.01,300
C2_n0.01_d300_r04,C2,202631,1.08,0.78,0.30000000000000004,0.6,0.6135825768179922,0.6055091487035639,FAR,FAR,0.0,1,,,0.01,300
C2_n0.01_d300_r04,C2,202631,1.1,0.8,0.30000000000000004,0.6,0.6000800023489801,0.604151862114918,FAR,FAR,0.0,1,,,0.01,300
C2_n0.01_d300_r04,C2,202631,1.12,0.82,0.30000000000000016,0.6,0.6160481981662589,0.6071259461277532,FAR,FAR,0.0,1,,,0.01,300
C2_n0.01_d300_r04,C2,202631,1.14,0.84,0.29999999999999993,0.6,0.57474398631274,0.5990304561739999,FAR,FAR,0.0,1,,,0.01,300
C2_n0.01_d300_r04,C2,202631,1.16,0.86,0.29999999999999993,0.6,0.6001429359894669,0.5993085761278666,FAR,FAR,0.0,1,,,0.01,300
C2_n0.01_d300_r04,C2,202631,1.18,0.88,0.29999999999999993,0.6,0.6008082705605875,0.5996834997360468,FAR,FAR,0.0,1,,,0.01,300
C2_n0.01_d300_r04,C2,202631,1.2,0.9,0.29999999999999993,0.6,0.5996371104835722,0.5996719024229281,FAR,FAR,0.0,1,,,0.01,300
C2_n0.01_d300_r04,C2,202631,1.22,0.92,0.29999999999999993,0.6,0.5949182883216155,0.5984834988976,FAR,FAR,0.0,1,,,0.01,300
C2_n0.01_d300_r04,C2,202631,1.24,0.94,0.30000000000000004,0.6,0.6046092479571303,0.6000149361624826,FAR,FAR,0.0,1,,,0.01,300
C2_n0.01_d300_r04,C2,202631,1.26,0.96,0.30000000000000004,0.6,0.5978088941443435,0.5994634256579479,FAR,FAR,0.0,1,,,0.01,300
C2_n0.01_d300_r04,C2,202631,1.28,0.98,0.30000000000000004,0.6,0.596813011280655,0.5988008220636246,FAR,FAR,0.0,1,,,0.01,300
C2_n0.01_d300_r04,C2,202631,1.3,1.0,0.30000000000000004,0.6,0.5842874165624193,0.5951724706883234,FAR,FAR,0.0,1,,,0.01,300
C2_n0.01_d300_r04,C2,202631,1.32,1.02,0.30000000000000004,0.6,0.5921172472099477,0.5944086648187294,FAR,FAR,0.0,1,,,0.01,300
C2_n0.01_d300_r04,C2,202631,1.34,1.04,0.30000000000000004,0.6,0.6085777579349048,0.5979509380977732,FAR,FAR,0.0,1,,,0.01,300
C2_n0.01_d300_r04,C2,202631,1.36,1.06,0.30000000000000004,0.6,0.6113130397005214,0.6012914634984603,FAR,FAR,0.0,1,,,0.01,300
C2_n0.01_d300_r04,C2,202631,1.38,1.08,0.2999999999999998,0.6,0.6070188225246979,0.6027233032550197,FAR,FAR,0.0,1,,,0.01,300
C2_n0.01_d300_r04,C2,202631,1.4,1.1,0.2999999999999998,0.6,0.5966057489155888,0.6011939146701619,FAR,FAR,0.0,1,,,0.01,300
C2_n0.01_d300_r04,C2,202631,1.42,1.12,0.2999999999999998,0.6,0.6068624741698802,0.6026110545450915,FAR,FAR,0.0,1,,,0.01,300
C2_n0.01_d300_r04,C2,202631,1.44,1.14,0.30000000000000004,0.6,0.6201492779599056,0.606995610398795,FAR,FAR,0.0,1,,,0.01,300
C2_n0.01_d300_r04,C2,202631,1.46,1.16,0.30000000000000004,0.6,0.6191020814534016,0.6100222281624467,FAR,FAR,0.0,1,,,0.01,300
C2_n0.01_d300_r04,C2,202631,1.48,1.18,0.30000000000000004,0.6,0.6044535941270749,0.6086300696536038,FAR,FAR,0.0,1,,,0.01,300
C2_n0.01_d300_r04,C2,202631,1.5,1.2,0.30000000000000004,0.6,0.5842878481368484,0.6025445142744149,FAR,FAR,0.0,1,,,0.01,300
C2_n0.01_d300_r04,C2,202631,1.52,1.22,0.30000000000000004,0.6,0.5967519979158744,0.6010963851847797,FAR,FAR,0.0,1,,,0.01,300
C2_n0.01_d300_r04,C2,202631,1.54,1.24,0.30000000000000004,0.6,0.6010111085757028,0.6010750660325105,FAR,FAR,0.0,1,,,0.01,300
C2_n0.01_d300_r04,C2,202631,1.56,1.26,0.30000000000000004,0.6,0.6032704231840086,0.601623905320385,FAR,FAR,0.0,1,,,0.01,300
C2_n0.01_d300_r04,C2,202631,1.58,1.28,0.30000000000000004,0.6,0.5960893033340149,0.6002402548237925,FAR,FAR,0.0,1,,,0.01,300
C2_n0.01_d300_r04,C2,202631,1.6,1.3,0.30000000000000004,0.6,0.6016488622670808,0.6005924066846146,FAR,FAR,0.0,1,,,0.01,300
C2_n0.01_d300_r04,C2,202631,1.62,1.32,0.30000000000000004,0.6,0.5981233157092976,0.5999751339407853,FAR,FAR,0.0,1,,,0.01,300
C2_n0.01_d300_r04,C2,202631,1.64,1.34,0.2999999999999998,0.6,0.6076151813540865,0.6018851457941106,FAR,FAR,0.0,1,,,0.01,300
C2_n0.01_d300_r04,C2,202631,1.66,1.36,0.2999999999999998,0.6,0.6021323047420479,0.6019469355310949,FAR,FAR,0.0,1,,,0.01,300
C2_n0.01_d300_r04,C2,202631,1.68,1.38,0.30000000000000004,0.6,0.6073734564275117,0.6033035657551991,FAR,FAR,0.0,1,,,0.01,300
C2_n0.01_d300_r04,C2,202631,1.7,1.4,0.30000000000000004,0.6,0.6219815072702843,0.6079730511339704,FAR,FAR,0.0,1,,,0.01,300
C2_n0.01_d300_r04,C2,202631,1.72,1.42,0.30000000000000004,0.6,0.5977946890395603,0.6054284606103679,FAR,FAR,0.0,1,,,0.01,300
C2_n0.01_d300_r04,C2,202631,1.74,1.44,0.30000000000000004,0.6,0.5762813774658276,0.5981416898242329,FAR,FAR,0.0,1,,,0.01,300
C2_n0.01_d300_r04,C2,202631,1.76,1.46,0.30000000000000004,0.6,0.6012186836470003,0.5989109382799247,FAR,FAR,0.0,1,,,0.01,300
C2_n0.01_d300_r04,C2,202631,1.78,1.48,0.30000000000000004,0.6,0.589207426364578,0.596485060301088,FAR,FAR,0.0,1,,,0.01,300
C2_n0.01_d300_r04,C2,202631,1.8,1.5,0.30000000000000004,0.6,0.607233591166707,0.5991721930174928,FAR,FAR,0.0,1,,,0.01,300
C2_n0.01_d300_r04,C2,202631,1.82,1.52,0.30000000000000004,0.6,0.5937527466470384,0.5978173314248791,FAR,FAR,0.0,1,,,0.01,300
C2_n0.01_d300_r04,C2,202631,1.84,1.54,0.30000000000000004,0.6,0.6131826842868052,0.6016586696403606,FAR,FAR,0.0,1,,,0.01,300
C2_n0.01_d300_r04,C2,202631,1.86,1.56,0.30000000000000004,0.6,0.5950334752054692,0.6000023710316378,FAR,FAR,0.0,1,,,0.01,300
C2_n0.01_d300_r04,C2,202631,1.88,1.58,0.2999999999999998,0.6,0.5841335228173474,0.5960351589780652,FAR,FAR,0.0,1,,,0.01,300
C2_n0.01_d300_r04,C2,202631,1.9,1.6,0.2999999999999998,0.6,0.610917769001145,0.5997558114838352,FAR,FAR,0.0,1,,,0.01,300
C2_n0.01_d300_r04,C2,202631,1.92,1.62,0.2999999999999998,0.6,0.5987958877547791,0.5995158305515711,FAR,FAR,0.0,1,,,0.01,300
C2_n0.01_d300_r04,C2,202631,1.94,1.64,0.30000000000000004,0.6,0.6028750286690591,0.6003556300809431,FAR,FAR,0.0,1,,,0.01,300
C2_n0.01_d300_r04,C2,202631,1.96,1.66,0.30000000000000004,0.6,0.609357272444901,0.6026060406719326,FAR,FAR,0.0,1,,,0.01,300
C2_n0.01_d300_r04,C2,202631,1.98,1.68,0.30000000000000004,0.6,0.6065393126067404,0.6035893586556345,FAR,FAR,0.0,1,,,0.01,300
C2_n0.01_d300_r04,C2,202631,2.0,1.7,0.30000000000000004,0.6,0.6013552519985156,0.6030308319913548,FAR,FAR,0.0,1,,,0.01,300
C2_n0.01_d300_r04,C2,202631,2.02,1.72,0.30000000000000004,0.6,0.59385481745412,0.600736828357046,FAR,FAR,0.0,1,,,0.01,300
C2_n0.01_d300_r04,C2,202631,2.04,1.74,0.30000000000000004,0.6,0.6077746532269417,0.6024962845745199,FAR,FAR,0.0,1,,,0.01,300
C2_n0.01_d300_r04,C2,202631,2.06,1.76,0.30000000000000004,0.6,0.5905872133707276,0.5995190167735718,FAR,FAR,0.0,1,,,0.01,300
C2_n0.01_d300_r04,C2,202631,2.08,1.78,0.30000000000000004,0.6,0.6014801976148233,0.6000093119838846,FAR,FAR,0.0,1,,,0.01,300
C2_n0.01_d300_r04,C2,202631,2.1,1.8,0.30000000000000004,0.6,0.6164978309960573,0.6041314417369278,FAR,FAR,0.0,1,,,0.01,300
C2_n0.01_d300_r04,C2,202631,2.12,1.82,0.30000000000000004,0.6,0.5919242171786557,0.6010796355973598,FAR,FAR,0.0,1,,,0.01,300
C2_n0.01_d300_r04,C2,202631,2.14,1.84,0.30000000000000004,0.6,0.5860614569329902,0.5973250909312674,FAR,FAR,0.0,1,,,0.01,300
C2_n0.01_d300_r04,C2,202631,2.16,1.86,0.30000000000000004,0.6,0.608296345775267,0.6000679046422672,FAR,FAR,0.0,1,,,0.01,300
C2_n0.01_d300_r04,C2,202631,2.18,1.88,0.30000000000000027,0.6,0.6017002403020603,0.6004759885572155,FAR,FAR,0.0,1,,,0.01,300
C2_n0.01_d300_r04,C2,202631,2.2,1.9,0.30000000000000027,0.6,0.5946760551903291,0.5990260052154939,FAR,FAR,0.0,1,,,0.01,300
C2_n0.01_d300_r04,C2,202631,2.22,1.92,0.30000000000000027,0.6,0.5854308148666612,0.5956272076282857,FAR,FAR,0.0,1,,,0.01,300
C2_n0.01_d300_r04,C2,202631,2.24,1.94,0.30000000000000027,0.6,0.5940410680776245,0.5952306727406205,FAR,FAR,0.0,1,,,0.01,300
C2_n0.01_d300_r04,C2,202631,2.26,1.96,0.2999999999999998,0.6,0.6126436845872053,0.5995839257022667,FAR,FAR,0.0,1,,,0.01,300
C2_n0.01_d300_r04,C2,202631,2.28,1.98,0.2999999999999998,0.6,0.5917964208208983,0.5976370494819245,FAR,FAR,0.0,1,,,0.01,300
C2_n0.01_d300_r04,C2,202631,2.3,2.0,0.2999999999999998,0.6,0.6192384226494747,0.6030373927738121,FAR,FAR,0.0,1,,,0.01,300
C2_n0.01_d300_r04,C2,202631,2.32,2.02,0.2999999999999998,0.6,0.5889120143577152,0.5995060481697878,FAR,FAR,0.0,1,,,0.01,300
C2_n0.01_d300_r04,C2,202631,2.34,2.04,0.2999999999999998,0.6,0.6073228008308658,0.6014602363350573,FAR,FAR,0.0,1,,,0.01,300
C2_n0.01_d300_r04,C2,202631,2.36,2.06,0.2999999999999998,0.6,0.6076992774940689,0.6030199966248102,FAR,FAR,0.0,1,,,0.01,300
C2_n0.01_d300_r04,C2,202631,2.38,2.08,0.2999999999999998,0.6,0.5907794126785918,0.5999598506382556,FAR,FAR,0.0,1,,,0.01,300
C2_n0.01_d300_r04,C2,202631,2.4,2.1,0.2999999999999998,0.6,0.6140021818707934,0.6034704334463901,FAR,FAR,0.0,1,,,0.01,300
C2_n0.01_d300_r04,C2,202631,2.42,2.12,0.2999999999999998,0.6,0.6119231258442809,0.6055836065458627,FAR,FAR,0.0,1,,,0.01,300
C2_n0.01_d300_r04,C2,202631,2.44,2.14,0.2999999999999998,0.6,0.6052423921511789,0.6054983029471919,FAR,FAR,0.0,1,,,0.01,300
C2_n0.01_d300_r04,C2,202631,2.46,2.16,0.2999999999999998,0.6,0.5869671612670506,0.6008655175271566,FAR,FAR,0.0,1,,,0.01,300
C2_n0.01_d300_r04,C2,202631,2.48,2.18,0.2999999999999998,0.6,0.6018021206063275,0.6010996682969494,FAR,FAR,0.0,1,,,0.01,300
C2_n0.01_d300_r04,C2,202631,2.5,2.2,0.2999999999999998,0.6,0.5955516777186118,0.599712670652365,FAR,FAR,0.0,1,,,0.01,300
C2_n0.01_d300_r04,C2,202631,2.52,2.22,0.2999999999999998,0.6,0.5835581392563214,0.595674037803354,FAR,FAR,0.0,1,,,0.01,300
C2_n0.01_d300_r04,C2,202631,2.54,2.24,0.2999999999999998,0.6,0.6004359022295098,0.596864503909893,FAR,FAR,0.0,1,,,0.01,300
C2_n0.01_d300_r04,C2,202631,2.56,2.26,0.30000000000000027,0.6,0.5956473270464322,0.5965602096940278,FAR,FAR,0.0,1,,,0.01,300
C2_n0.01_d300_r04,C2,202631,2.58,2.28,0.30000000000000027,0.6,0.6045364116149742,0.5985542601742644,FAR,FAR,0.0,1,,,0.01,300
C2_n0.01_d300_r04,C2,202631,2.6,2.3,0.30000000000000027,0.6,0.602311578904979,0.599493589856943,FAR,FAR,0.0,1,,,0.01,300
C2_n0.01_d300_r04,C2,202631,2.62,2.32,0.30000000000000027,0.6,0.6056496311393821,0.6010326001775528,FAR,FAR,0.0,1,,,0.01,300
C2_n0.01_d300_r04,C2,202631,2.64,2.34,0.30000000000000027,0.6,0.5972588417723974,0.6000891605762639,FAR,FAR,0.0,1,,,0.01,300
C2_n0.01_d300_r04,C2,202631,2.66,2.36,0.30000000000000027,0.6,0.611008657381023,0.6028190347774537,FAR,FAR,0.0,1,,,0.01,300
C2_n0.01_d300_r04,C2,202631,2.68,2.38,0.30000000000000027,0.6,0.6100793180409775,0.6046341055933346,FAR,FAR,0.0,1,,,0.01,300
C2_n0.01_d300_r04,C2,202631,2.7,2.4,0.30000000000000027,0.6,0.6019417973106501,0.6039610285226635,FAR,FAR,0.0,1,,,0.01,300
C2_n0.01_d300_r04,C2,202631,2.72,2.42,0.30000000000000027,0.6,0.6097908859961776,0.605418492891042,FAR,FAR,0.0,1,,,0.01,300
C2_n0.01_d300_r04,C2,202631,2.74,2.44,0.30000000000000027,0.6,0.6063220933247466,0.6056443929994682,FAR,FAR,0.0,1,,,0.01,300
C2_n0.01_d300_r04,C2,202631,2.76,2.46,0.2999999999999998,0.6,0.5888590668120753,0.60144806145262,FAR,FAR,0.0,1,,,0.01,300
C2_n0.01_d300_r04,C2,202631,2.78,2.48,0.2999999999999998,0.6,0.6081433844876336,0.6031218922113735,FAR,FAR,0.0,1,,,0.01,300
C2_n0.01_d300_r04,C2,202631,2.8,2.5,0.2999999999999998,0.6,0.6009749603240481,0.6025851592395421,FAR,FAR,0.0,1,,,0.01,300
C2_n0.01_d300_r04,C2,202631,2.82,2.52,0.2999999999999998,0.6,0.5943180458791386,0.6005183808994412,FAR,FAR,0.0,1,,,0.01,300
C2_n0.01_d300_r04,C2,202631,2.84,2.54,0.2999999999999998,0.6,0.5838850837288744,0.5963600566067995,FAR,FAR,0.0,1,,,0.01,300
C2_n0.01_d300_r04,C2,202631,2.86,2.56,0.2999999999999998,0.6,0.5995745095199758,0.5971636698350935,FAR,FAR,0.0,1,,,0.01,300
C2_n0.01_d300_r04,C2,202631,2.88,2.58,0.2999999999999998,0.6,0.5974177394201123,0.5972271872313482,FAR,FAR,0.0,1,,,0.01,300
C2_n0.01_d300_r04,C2,202631,2.9,2.6,0.2999999999999998,0.6,0.6121277904507331,0.6009523380361944,FAR,FAR,0.0,1,,,0.01,300
C2_n0.01_d300_r04,C2,202631,2.92,2.62,0.2999999999999998,0.6,0.6001968928580287,0.600763476741653,FAR,FAR,0.0,1,,,0.01,300
C2_n0.01_d300_r04,C2,202631,2.94,2.64,0.2999999999999998,0.6,0.6108785140359569,0.603292236065229,FAR,FAR,0.0,1,,,0.01,300
C2_n0.01_d300_r04,C2,202631,2.96,2.66,0.2999999999999998,0.6,0.6045763976067718,0.6036132764506147,FAR,FAR,0.0,1,,,0.01,300
C2_n0.01_d300_r04,C2,202631,2.98,2.68,0.2999999999999998,0.6,0.607217342842537,0.6045142930485953,FAR,FAR,0.0,1,,,0.01,300
C2_n0.01_d300_r04,C2,202631,3.0,2.7,0.2999999999999998,0.6,0.6013475304919623,0.6037226024094371,FAR,FAR,0.0,1,,,0.01,300
C2_n0.01_d300_r04,C2,202631,3.02,2.72,0.2999999999999998,0.6,0.5997412375993184,0.6027272612069074,FAR,FAR,0.0,1,,,0.01,300
C2_n0.01_d300_r04,C2,202631,3.04,2.74,0.2999999999999998,0.6,0.5974583601671096,0.601410035946958,FAR,FAR,0.0,1,,,0.01,300
C2_n0.01_d300_r04,C2,202631,3.06,2.76,0.30000000000000027,0.6,0.6072699559621407,0.6028750159507537,FAR,FAR,0.0,1,,,0.01,300
C2_n0.01_d300_r04,C2,202631,3.08,2.78,0.30000000000000027,0.6,0.5880699104010461,0.5991737395633268,FAR,FAR,0.0,1,,,0.01,300
C2_n0.01_d300_r04,C2,202631,3.1,2.8,0.30000000000000027,0.6,0.6066579316189954,0.6010447875772439,FAR,FAR,0.0,1,,,0.01,300
C2_n0.01_d300_r04,C2,202631,3.12,2.82,0.30000000000000027,0.6,0.6007775783498087,0.6009779852703852,FAR,FAR,0.0,1,,,0.01,300
C2_n0.01_d300_r04,C2,202631,3.14,2.84,0.30000000000000027,0.6,0.608993075034942,0.6029817577115244,FAR,FAR,0.0,1,,,0.01,300
C2_n0.01_d300_r04,C2,202631,3.16,2.86,0.30000000000000027,0.6,0.5877093778931085,0.5991636627569205,FAR,FAR,0.0,1,,,0.01,300
C2_n0.01_d300_r04,C2,202631,3.18,2.88,0.30000000000000027,0.6,0.60427870782637,0.6004424240242829,FAR,FAR,0.0,1,,,0.01,300
C2_n0.01_d300_r04,C2,202631,3.2,2.9,0.30000000000000027,0.6,0.5918972335042904,0.5983061263942848,FAR,FAR,0.0,1,,,0.01,300
C2_n0.01_d300_r04,C2,202631,3.22,2.92,0.30000000000000027,0.6,0.597172803000605,0.5980227955458649,FAR,FAR,0.0,1,,,0.01,300
C2_n0.01_d300_r04,C2,202631,3.24,2.94,0.30000000000000027,0.6,0.6145198591344477,0.6021470614430106,FAR,FAR,0.0,1,,,0.01,300
C2_n0.01_d300_r04,C2,202631,3.26,2.96,0.2999999999999998,0.6,0.5928649478658468,0.5998265330487196,FAR,FAR,0.0,1,,,0.01,300
C2_n0.01_d300_r04,C2,202631,3.28,2.98,0.2999999999999998,0.6,0.6038051386147905,0.6008211844402374,FAR,FAR,0.0,1,,,0.01,300
C2_n0.01_d300_r04,C2,202631,3.3,3.0,0.2999999999999998,0.6,0.5981147333066734,0.6001445716568463,FAR,FAR,0.0,1,,,0.01,300
C2_n0.01_d300_r04,C2,202631,3.32,3.02,0.2999999999999998,0.6,0.6094326824667787,0.6024665993593294,FAR,FAR,0.0,1,,,0.01,300
C2_n0.01_d300_r04,C2,202631,3.34,3.04,0.2999999999999998,0.6,0.6136619194901773,0.6052654293920414,FAR,FAR,0.0,1,,,0.01,300
C2_n0.01_d300_r04,C2,202631,3.36,3.06,0.2999999999999998,0.6,0.6055936274316459,0.6053474789019425,FAR,FAR,0.0,1,,,0.01,300
C2_n0.01_d300_r04,C2,202631,3.38,3.08,0.2999999999999998,0.6,0.6027065007352578,0.6046872343602713,FAR,FAR,0.0,1,,,0.01,300
C2_n0.01_d300_r04,C2,202631,3.4,3.1,0.2999999999999998,0.6,0.5974805926163405,0.6028855739242885,FAR,FAR,0.0,1,,,0.01,300
C2_n0.01_d300_r04,C2,202631,3.42,3.12,0.2999999999999998,0.6,0.5784212533369657,0.5967694937774578,FAR,FAR,0.0,1,,,0.01,300
C2_n0.01_d300_r04,C2,202631,3.44,3.14,0.2999999999999998,0.6,0.5988072067240732,0.5972789220141117,FAR,FAR,0.0,1,,,0.01,300
C2_n0.01_d300_r04,C2,202631,3.46,3.16,0.2999999999999998,0.6,0.6242999531786838,0.6040341798052548,FAR,FAR,0.0,1,,,0.01,300
C2_n0.01_d300_r04,C2,202631,3.48,3.18,0.2999999999999998,0.6,0.5892699845927353,0.6003431310021249,FAR,FAR,0.0,1,,,0.01,300
C2_n0.01_d300_r04,C2,202631,3.5,3.2,0.2999999999999998,0.6,0.6088840374052373,0.602478357602903,FAR,FAR,0.0,1,,,0.01,300
C2_n0.01_d300_r04,C2,202631,3.52,3.22,0.2999999999999998,0.6,0.5970545385751955,0.6011224028459762,FAR,FAR,0.0,1,,,0.01,300
C2_n0.01_d300_r04,C2,202631,3.54,3.24,0.2999999999999998,0.6,0.60415339357949,0.6018801505293546,FAR,FAR,0.0,1,,,0.01,300
C2_n0.01_d300_r04,C2,202631,3.56,3.26,0.30000000000000027,0.6,0.6139030906357412,0.6048858855559512,FAR,FAR,0.0,1,,,0.01,300
C2_n0.01_d300_r04,C2,202631,3.58,3.28,0.30000000000000027,0.6,0.5951353298999315,0.6024482466419463,FAR,FAR,0.0,1,,,0.01,300
C2_n0.01_d300_r04,C2,202631,3.6,3.3,0.30000000000000027,0.6,0.6021142075176243,0.6023647368608658,FAR,FAR,0.0,1,,,0.01,300
C2_n0.01_d300_r04,C2,202631,3.62,3.32,0.30000000000000027,0.6,0.5987672559247392,0.6014653666268341,FAR,FAR,0.0,1,,,0.01,300
C2_n0.01_d300_r04,C2,202631,3.64,3.34,0.30000000000000027,0.6,0.6096557901019574,0.603512972495615,FAR,FAR,0.0,1,,,0.01,300
C2_n0.01_d300_r04,C2,202631,3.66,3.36,0.30000000000000027,0.6,0.5999046590533137,0.6026108941350397,FAR,FAR,0.0,1,,,0.01,300
C2_n0.01_d300_r04,C2,202631,3.68,3.38,0.30000000000000027,0.6,0.5957753103719294,0.600901998194262,FAR,FAR,0.0,1,,,0.01,300
C2_n0.01_d300_r04,C2,202631,3.7,3.4,0.30000000000000027,0.6,0.6176294542399917,0.6050838622056944,FAR,FAR,0.0,1,,,0.01,300
C2_n0.01_d300_r04,C2,202631,3.72,3.42,0.30000000000000027,0.6,0.5990851776290582,0.6035841910615354,FAR,FAR,0.0,1,,,0.01,300
C2_n0.01_d300_r04,C2,202631,3.74,3.44,0.30000000000000027,0.6,0.5864542312467507,0.5993017011078392,FAR,FAR,0.0,1,,,0.01,300
C2_n0.01_d300_r04,C2,202631,3.76,3.46,0.2999999999999998,0.6,0.6043891273743155,0.6005735576744583,FAR,FAR,0.0,1,,,0.01,300
C2_n0.01_d300_r04,C2,202631,3.78,3.48,0.2999999999999998,0.6,0.5986191238999156,0.6000849492308226,FAR,FAR,0.0,1,,,0.01,300
C2_n0.01_d300_r04,C2,202631,3.8,3.5,0.2999999999999998,0.6,0.5977214903379792,0.5994940845076117,FAR,FAR,0.0,1,,,0.01,300
C2_n0.01_d300_r04,C2,202631,3.82,3.52,0.2999999999999998,0.6,0.5965273875080831,0.5987524102577295,FAR,FAR,0.0,1,,,0.01,300
C2_n0.01_d300_r04,C2,202631,3.84,3.54,0.2999999999999998,0.6,0.5952959147123468,0.5978882863713838,FAR,FAR,0.0,1,,,0.01,300
C2_n0.01_d300_r04,C2,202631,3.86,3.56,0.2999999999999998,0.6,0.6199971922093486,0.603415512830875,FAR,FAR,0.0,1,,,0.01,300
C2_n0.01_d300_r04,C2,202631,3.88,3.58,0.2999999999999998,0.6,0.5996478196144105,0.6024735895267589,FAR,FAR,0.0,1,,,0.01,300
C2_n0.01_d300_r04,C2,202631,3.9,3.6,0.2999999999999998,0.6,0.6028842913074364,0.6025762649719283,FAR,FAR,0.0,1,,,0.01,300
C2_n0.01_d300_r04,C2,202631,3.92,3.62,0.2999999999999998,0.6,0.5951340661670645,0.6007157152707123,FAR,FAR,0.0,1,,,0.01,300
C2_n0.01_d300_r04,C2,202631,3.94,3.64,0.2999999999999998,0.6,0.6035425724497006,0.6014224295654593,FAR,FAR,0.0,1,,,0.01,300
C2_n0.01_d300_r04,C2,202631,3.96,3.66,0.2999999999999998,0.6,0.5875774928071978,0.597961195375894,FAR,FAR,0.0,1,,,0.01,300
C2_n0.01_d300_r04,C2,202631,3.98,3.68,0.2999999999999998,0.6,0.5984482026578285,0.5980829471963777,FAR,FAR,0.0,1,,,0.01,300
C2_n0.01_d300_r04,C2,202631,4.0,3.7,0.2999999999999998,0.6,0.5966944632146896,0.5977358262009557,FAR,FAR,0.0,1,,,0.01,300
C2_n0.01_d300_r04,C2,202631,4.02,3.72,0.2999999999999994,0.5982500000000001,0.6014399065566723,0.5986618462898848,FAR,FAR,0.0,1,,,0.01,300
C2_n0.01_d300_r04,C2,202631,4.04,3.74,0.2999999999999998,0.5965,0.5917341579634068,0.5969299242082653,FAR,FAR,0.0,1,,,0.01,300
C2_n0.01_d300_r04,C2,202631,4.06,3.76,0.2999999999999998,0.59475,0.5996244699406083,0.597603560641351,FAR,FAR,0.0,1,,,0.01,300
C2_n0.01_d300_r04,C2,202631,4.08,3.78,0.30000000000000027,0.593,0.608597268189213,0.6003519875283165,FAR,FAR,0.0,1,,,0.01,300
C2_n0.01_d300_r04,C2,202631,4.1,3.8,0.2999999999999998,0.59125,0.6014181943515883,0.6006185392341344,FAR,FAR,0.0,1,,,0.01,300
C2_n0.01_d300_r04,C2,202631,4.12,3.82,0.30000000000000027,0.5894999999999999,0.5994611705056078,0.6003291970520027,FAR,FAR,0.0,1,,,0.01,300
C2_n0.01_d300_r04,C2,202631,4.14,3.84,0.2999999999999998,0.58775,0.5883728305159031,0.5973401054179779,FAR,FAR,0.0,1,,,0.01,300
C2_n0.01_d300_r04,C2,202631,4.16,3.86,0.30000000000000027,0.586,0.5960066193805714,0.5970067339086262,FAR,FAR,0.0,1,,,0.01,300
C2_n0.01_d300_r04,C2,202631,4.18,3.88,0.2999999999999998,0.58425,0.5945990608731152,0.5964048156497485,FAR,FAR,0.0,1,,,0.01,300
C2_n0.01_d300_r04,C2,202631,4.2,3.9,0.30000000000000027,0.5825,0.6171543562096261,0.6015922007897179,FAR,FAR,0.0,1,,,0.01,300
C2_n0.01_d300_r04,C2,202631,4.22,3.92,0.2999999999999998,0.58075,0.59781080905016,0.6006468528548284,FAR,FAR,0.0,1,,,0.01,300
C2_n0.01_d300_r04,C2,202631,4.24,3.94,0.30000000000000027,0.579,0.5836900601330731,0.5964076546743896,FAR,FAR,0.0,1,,,0.01,300
C2_n0.01_d300_r04,C2,202631,4.26,3.96,0.2999999999999998,0.57725,0.5935309024170543,0.5956884666100558,FAR,FAR,0.0,1,,,0.01,300
C2_n0.01_d300_r04,C2,202631,4.28,3.98,0.30000000000000027,0.5754999999999999,0.6047067268395129,0.59794303166742,FAR,FAR,0.0,1,,,0.01,300
C2_n0.01_d300_r04,C2,202631,4.3,4.0,0.2999999999999998,0.57375,0.6091783748190139,0.6007518674553185,FAR,FAR,0.0,1,,,0.01,300
C2_n0.01_d300_r04,C2,202631,4.32,4.02,0.3000000000000007,0.572,0.593416864656025,0.5989181167554951,FAR,FAR,0.0,1,,,0.01,300
C2_n0.01_d300_r04,C2,202631,4.34,4.04,0.2999999999999998,0.57025,0.6000988829522431,0.5992133083046821,FAR,FAR,0.0,1,,,0.01,300
C2_n0.01_d300_r04,C2,202631,4.36,4.06,0.3000000000000007,0.5685,0.5961942806882512,0.5984585514005745,FAR,FAR,0.0,1,,,0.01,300
C2_n0.01_d300_r04,C2,202631,4.38,4.08,0.2999999999999998,0.56675,0.5985774772254814,0.5984882828568012,FAR,FAR,0.0,1,,,0.01,300
C2_n0.01_d300_r04,C2,202631,4.4,4.1,0.3000000000000007,0.565,0.6034087507153869,0.5997183998214477,FAR,FAR,0.0,1,,,0.01,300
C2_n0.01_d300_r04,C2,202631,4.42,4.12,0.2999999999999998,0.56325,0.5881568745542578,0.5968280185046502,FAR,FAR,0.0,1,,,0.01,300
C2_n0.01_d300_r04,C2,202631,4.44,4.14,0.3000000000000007,0.5614999999999999,0.5857922244241058,0.5940690699845141,FAR,FAR,0.0,1,,,0.01,300
C2_n0.01_d300_r04,C2,202631,4.46,4.16,0.2999999999999998,0.55975,0.5954979801692722,0.5944262975307036,FAR,FAR,0.0,1,,,0.01,300
C2_n0.01_d300_r04,C2,202631,4.48,4.18,0.3000000000000007,0.5579999999999999,0.5973579444860362,0.5951592092695368,FAR,FAR,0.0,1,,,0.01,300
C2_n0.01_d300_r04,C2,202631,4.5,4.2,0.2999999999999998,0.55625,0.5953234989927476,0.5952002817003395,FAR,FAR,0.0,1,,,0.01,300
C2_n0.01_d300_r04,C2,202631,4.52,4.22,0.2999999999999998,0.5545,0.5769998917618959,0.5906501842157286,FAR,FAR,0.0,1,,,0.01,300
C2_n0.01_d300_r04,C2,202631,4.54,4.24,0.2999999999999998,0.55275,0.5854960571157927,0.5893616524407446,FAR,FAR,0.0,1,,,0.01,300
C2_n0.01_d300_r04,C2,202631,4.56,4.26,0.2999999999999998,0.551,0.5964938622475165,0.5911447048924375,FAR,FAR,0.0,1,,,0.01,300
C2_n0.01_d300_r04,C2,202631,4.58,4.28,0.2999999999999998,0.54925,0.5761562257004645,0.5873975850944443,FAR,FAR,0.0,1,,,0.01,300
C2_n0.01_d300_r04,C2,202631,4.6,4.3,0.2999999999999998,0.5475,0.5791870703965861,0.5853449564199797,FAR,FAR,0.0,1,,,0.01,300
C2_n0.01_d300_r04,C2,202631,4.62,4.32,0.2999999999999998,0.54575,0.5644657806220992,0.5801251624705096,FAR,FAR,0.0,1,,,0.01,300
C2_n0.01_d300_r04,C2,202631,4.64,4.34,0.2999999999999998,0.544,0.5754239420016831,0.578949857353303,FAR,FAR,0.0,1,,,0.01,300
C2_n0.01_d300_r04,C2,202631,4.66,4.36,0.2999999999999998,0.54225,0.5845491076424891,0.5803496699255994,FAR,FAR,0.0,1,,,0.01,300
C2_n0.01_d300_r04,C2,202631,4.68,4.38,0.2999999999999998,0.5405,0.5794066762652504,0.5801139215105122,FAR,FAR,0.0,1,,,0.01,300
C2_n0.01_d300_r04,C2,202631,4.7,4.4,0.2999999999999998,0.53875,0.5479217359040838,0.5720658751089052,FAR,FAR,0.0,1,,,0.01,300
C2_n0.01_d300_r04,C2,202631,4.72,4.42,0.2999999999999998,0.537,0.5598390180971788,0.5690091608559735,FAR,FAR,0.0,1,,,0.01,300
C2_n0.01_d300_r04,C2,202631,4.74,4.44,0.2999999999999998,0.53525,0.5507087003611463,0.5644340457322667,FAR,FAR,0.0,1,,,0.01,300
C2_n0.01_d300_r04,C2,202631,4.76,4.46,0.2999999999999998,0.5335,0.5714237053778182,0.5661814606436546,FAR,FAR,0.0,1,,,0.01,300
C2_n0.01_d300_r04,C2,202631,4.78,4.48,0.2999999999999998,0.53175,0.5570648839176511,0.5639023164621537,FAR,FAR,0.0,1,,,0.01,300
C2_n0.01_d300_r04,C2,202631,4.8,4.5,0.2999999999999998,0.53,0.5717384030341439,0.5658613381051513,FAR,FAR,0.0,1,,,0.01,300
C2_n0.01_d300_r04,C2,202631,4.82,4.52,0.3000000000000007,0.52825,0.5389632880721421,0.5591368255968989,FAR,FAR,0.0,1,,,0.01,300
C2_n0.01_d300_r04,C2,202631,4.84,4.54,0.2999999999999998,0.5265,0.5569609358264409,0.5585928531542844,FAR,FAR,0.0,1,,,0.01,300
C2_n0.01_d300_r04,C2,202631,4.86,4.56,0.3000000000000007,0.5247499999999999,0.5734073413169436,0.5622964751949492,FAR,FAR,0.0,1,,,0.01,300
C2_n0.01_d300_r04,C2,202631,4.88,4.58,0.2999999999999998,0.523,0.5665157371534161,0.5633512906845659,FAR,FAR,0.0,1,,,0.01,300
C2_n0.01_d300_r04,C2,202631,4.9,4.6,0.3000000000000007,0.52125,0.5482648160566638,0.5595796720275904,FAR,FAR,0.0,1,,,0.01,300
C2_n0.01_d300_r04,C2,202631,4.92,4.62,0.2999999999999998,0.5195,0.5437449272793428,0.5556209858405285,FAR,FAR,0.0,1,,,0.01,300
C2_n0.01_d300_r04,C2,202631,4.94,4.64,0.3000000000000007,0.5177499999999999,0.5489146569026709,0.5539444036060641,FAR,FAR,0.0,1,,,0.01,300
C2_n0.01_d300_r04,C2,202631,4.96,4.66,0.2999999999999998,0.516,0.5455516718851392,0.5518462206758329,FAR,FAR,0.0,1,,,0.01,300
C2_n0.01_d300_r04,C2,202631,4.98,4.68,0.3000000000000007,0.51425,0.5464761634218103,0.5505037063623273,FAR,FAR,0.0,1,,,0.01,300
C2_n0.01_d300_r04,C2,202631,5.0,4.7,0.2999999999999998,0.5125,0.5489575448724541,0.5501171659898589,FAR,FAR,0.0,1,,,0.01,300
C2_n0.01_d300_r04,C2,202631,5.02,4.72,0.2999999999999998,0.51075,0.5269078186595983,0.5443148291572938,FAR,FAR,0.0,1,,,0.01,300
C2_n0.01_d300_r04,C2,202631,5.04,4.74,0.2999999999999998,0.509,0.5030319833369972,0.5339941177022196,FAR,FAR,0.0,1,,,0.01,300
C2_n0.01_d300_r04,C2,202631,5.06,4.76,0.2999999999999998,0.50725,0.551337163399296,0.5383298791264887,FAR,FAR,0.0,1,,,0.01,300
C2_n0.01_d300_r04,C2,202631,5.08,4.78,0.2999999999999998,0.5055,0.5070126686850848,0.5305005765161377,FAR,FAR,0.0,1,,,0.01,300
C2_n0.01_d300_r04,C2,202631,5.1,4.8,0.2999999999999998,0.50375,0.522344390144269,0.5284615299231705,FAR,FAR,0.0,1,,,0.01,300
C2_n0.01_d300_r04,C2,202631,5.12,4.82,0.2999999999999998,0.502,0.5387055122094597,0.5310225254947428,FAR,FAR,0.0,1,,,0.01,300
C2_n0.01_d300_r04,C2,202631,5.14,4.84,0.2999999999999998,0.50025,0.5368115223799775,0.5324697747160515,FAR,FAR,0.0,1,,,0.01,300
C2_n0.01_d300_r04,C2,202631,5.16,4.86,0.2999999999999998,0.49849999999999994,0.527742831098465,0.5312880388116549,FAR,FAR,0.0,1,,,0.01,300
C2_n0.01_d300_r04,C2,202631,5.18,4.88,0.2999999999999998,0.49675,0.5182907011436318,0.5280387043946492,FAR,FAR,0.0,1,,,0.01,300
C2_n0.01_d300_r04,C2,202631,5.2,4.9,0.2999999999999998,0.495,0.5200110034789153,0.5260317791657156,FAR,FAR,0.0,1,,,0.01,300
C2_n0.01_d300_r04,C2,202631,5.22,4.92,0.2999999999999998,0.49325,0.5192177557403773,0.524328273309381,FAR,FAR,0.0,1,,,0.01,300
C2_n0.01_d300_r04,C2,202631,5.24,4.94,0.2999999999999998,0.49149999999999994,0.5431030122321935,0.5290219580400841,FAR,FAR,0.0,1,,,0.01,300
C2_n0.01_d300_r04,C2,202631,5.26,4.96,0.2999999999999998,0.48975,0.5227877705374492,0.5274634111644254,FAR,FAR,0.0,1,,,0.01,300
C2_n0.01_d300_r04,C2,202631,5.28,4.98,0.2999999999999998,0.488,0.5010870698580876,0.520869325837841,FAR,FAR,0.0,1,,,0.01,300
C2_n0.01_d300_r04,C2,202631,5.3,5.0,0.2999999999999998,0.48625,0.504390445140344,0.5167496056634667,FAR,FAR,0.0,1,,,0.01,300
C2_n0.01_d300_r04,C2,202631,5.32,5.02,0.3000000000000007,0.48449999999999993,0.5289770902397688,0.5198064768075422,FAR,FAR,0.0,1,,,0.01,300
C2_n0.01_d300_r04,C2,202631,5.34,5.04,0.2999999999999998,0.48275,0.5191836672405428,0.5196507744157923,FAR,FAR,0.0,1,,,0.01,300
C2_n0.01_d300_r04,C2,202631,5.36,5.06,0.3000000000000007,0.481,0.5069986223596732,0.5164877364017626,FAR,FAR,0.0,1,,,0.01,300
C2_n0.01_d300_r04,C2,202631,5.38,5.08,0.2999999999999998,0.47925,0.5061243325925626,0.5138968854494625,FAR,FAR,0.0,1,,,0.01,300
C2_n0.01_d300_r04,C2,202631,5.4,5.1,0.3000000000000007,0.4774999999999999,0.4900069441899448,0.5079244001345831,FAR,FAR,0.0,1,,,0.01,300
C2_n0.01_d300_r04,C2,202631,5.42,5.12,0.2999999999999998,0.47575,0.5040332336314117,0.5069516085087902,FAR,FAR,0.0,1,,,0.01,300
C2_n0.01_d300_r04,C2,202631,5.44,5.14,0.3000000000000007,0.474,0.4968708314838992,0.5044314142525674,FAR,FAR,0.0,1,,,0.01,300
C2_n0.01_d300_r04,C2,202631,5.46,5.16,0.2999999999999998,0.47224999999999995,0.4867039026053786,0.4999995363407702,FAR,FAR,0.0,1,,,0.01,300
C2_n0.01_d300_r04,C2,202631,5.48,5.18,0.3000000000000007,0.4704999999999999,0.4996938457693089,0.4999231136979049,FAR,FAR,0.0,1,,,0.01,300
C2_n0.01_d300_r04,C2,202631,5.5,5.2,0.2999999999999998,0.46875,0.5002294374556772,0.49999969463734795,FAR,FAR,0.0,1,,,0.01,300
C2_n0.01_d300_r04,C2,202631,5.52,5.22,0.2999999999999998,0.467,0.4764734103045983,0.4941181235541605,FAR,FAR,0.0,1,,,0.01,300
C2_n0.01_d300_r04,C2,202631,5.54,5.24,0.2999999999999998,0.46525,0.4955200516215479,0.49446860557100736,FAR,FAR,0.0,1,,,0.01,300
C2_n0.01_d300_r04,C2,202631,5.56,5.26,0.2999999999999998,0.4635,0.49653024910747234,0.4949840164551236,FAR,FAR,0.0,1,,,0.01,300
C2_n0.01_d300_r04,C2,202631,5.58,5.28,0.2999999999999998,0.46175,0.47543939646688943,0.49009786145806505,FAR,FAR,0.0,1,,,0.01,300
C2_n0.01_d300_r04,C2,202631,5.6,5.3,0.2999999999999998,0.46,0.507278840912759,0.4943931063217385,FAR,FAR,0.0,1,,,0.01,300
C2_n0.01_d300_r04,C2,202631,5.62,5.32,0.2999999999999998,0.45825,0.4853820359764782,0.4921403387354234,FAR,FAR,0.0,1,,,0.01,300
C2_n0.01_d300_r04,C2,202631,5.64,5.34,0.2999999999999998,0.4565,0.4919693951722149,0.4920976028446213,FAR,FAR,0.0,1,,,0.01,300
C2_n0.01_d300_r04,C2,202631,5.66,5.36,0.2999999999999998,0.45475,0.4780209568340961,0.48857844134198997,FAR,FAR,0.0,1,,,0.01,300
C2_n0.01_d300_r04,C2,202631,5.68,5.38,0.2999999999999998,0.453,0.48622095367448925,0.4879890694251148,FAR,FAR,0.0,1,,,0.01,300
C2_n0.01_d300_r04,C2,202631,5.7,5.4,0.2999999999999998,0.45125,0.46546202717231266,0.48235730886191425,FAR,FAR,0.0,1,,,0.01,300
C2_n0.01_d300_r04,C2,202631,5.72,5.42,0.2999999999999998,0.4495,0.4638263556453628,0.4777245705577764,FAR,FAR,0.0,1,,,0.01,300
C2_n0.01_d300_r04,C2,202631,5.74,5.44,0.2999999999999998,0.44775,0.48461796966173143,0.47944792033376515,FAR,FAR,0.0,1,,,0.01,300
C2_n0.01_d300_r04,C2,202631,5.76,5.46,0.2999999999999998,0.446,0.474633072104665,0.4782442082764901,FAR,FAR,0.0,1,,,0.01,300
C2_n0.01_d300_r04,C2,202631,5.78,5.48,0.2999999999999998,0.44425,0.46286760570662866,0.4744000576340247,FAR,FAR,0.0,1,,,0.01,300
C2_n0.01_d300_r04,C2,202631,5.8,5.5,0.2999999999999998,0.4425,0.46661214103809573,0.4724530784850424,FAR,FAR,0.0,1,,,0.01,300
C2_n0.01_d300_r04,C2,202631,5.82,5.52,0.3000000000000007,0.44075,0.46994540328973805,0.47182615968621633,FAR,FAR,0.0,1,,,0.01,300
C2_n0.01_d300_r04,C2,202631,5.84,5.54,0.2999999999999998,0.439,0.4638474993083681,0.4698314945917543,FAR,FAR,0.0,1,,,0.01,300
C2_n0.01_d300_r04,C2,202631,5.86,5.56,0.3000000000000007,0.43724999999999997,0.46928764347728064,0.46969553181313584,FAR,FAR,0.0,1,,,0.01,300
C2_n0.01_d300_r04,C2,202631,5.88,5.58,0.2999999999999998,0.4355,0.4823466463783973,0.47285831045445115,FAR,FAR,0.0,1,,,0.01,300
C2_n0.01_d300_r04,C2,202631,5.9,5.6,0.3000000000000007,0.43374999999999997,0.45332939413894063,0.46797608137557356,FAR,FAR,0.0,1,,,0.01,300
C2_n0.01_d300_r04,C2,202631,5.92,5.62,0.2999999999999998,0.432,0.4702346042400166,0.46854071209168435,FAR,FAR,0.0,1,,,0.01,300
C2_n0.01_d300_r04,C2,202631,5.94,5.64,0.3000000000000007,0.43024999999999997,0.4466376687683527,0.46306495126085145,FAR,FAR,0.0,1,,,0.01,300
C2_n0.01_d300_r04,C2,202631,5.96,5.66,0.2999999999999998,0.4285,0.46510370352468844,0.46357463932681064,FAR,FAR,0.0,1,,,0.01,300
C2_n0.01_d300_r04,C2,202631,5.98,5.68,0.3000000000000007,0.42674999999999996,0.4380705491422946,0.45719861678068163,FAR,FAR,0.0,1,,,0.01,300
C2_n0.01_d300_r04,C2,202631,6.0,5.7,0.2999999999999998,0.425,0.43619594044367693,0.45194794769643043,FAR,FAR,0.0,1,,,0.01,300
C2_n0.01_d300_r04,C2,202631,6.02,5.72,0.2999999999999998,0.42325,0.4459085235420209,0.45043809165782805,FAR,FAR,0.0,1,,,0.01,300
C2_n0.01_d300_r04,C2,202631,6.04,5.74,0.2999999999999998,0.4215,0.4576550191126634,0.45224232352153687,FAR,FAR,0.0,1,,,0.01,300
C2_n0.01_d300_r04,C2,202631,6.06,5.76,0.2999999999999998,0.41975,0.4374245682972265,0.44853788471545925,FAR,FAR,0.0,1,,,0.01,300
C2_n0.01_d300_r04,C2,202631,6.08,5.78,0.2999999999999998,0.418,0.43081629593974313,0.4441074875215302,FAR,FAR,0.0,1,,,0.01,300
C2_n0.01_d300_r04,C2,202631,6.1,5.8,0.2999999999999998,0.41625,0.44652866649909084,0.44471278226592037,FAR,FAR,0.0,1,,,0.01,300
C2_n0.01_d300_r04,C2,202631,6.12,5.82,0.2999999999999998,0.4145,0.4441334695947067,0.4445679540981169,FAR,FAR,0.0,1,,,0.01,300
C2_n0.01_d300_r04,C2,202631,6.14,5.84,0.2999999999999998,0.41275,0.44053872239187086,0.4435606461715554,FAR,FAR,0.0,1,,,0.01,300
C2_n0.01_d300_r04,C2,202631,6.16,5.86,0.2999999999999998,0.411,0.44527616878748294,0.4439895268255373,FAR,FAR,0.0,1,,,0.01,300
C2_n0.01_d300_r04,C2,202631,6.18,5.88,0.2999999999999998,0.40925,0.44473033762062575,0.4441747295243094,FAR,FAR,0.0,1,,,0.01,300
C2_n0.01_d300_r04,C2,202631,6.2,5.9,0.2999999999999998,0.4075,0.4294511136257717,0.440493825549675,FAR,FAR,0.0,1,,,0.01,300
C2_n0.01_d300_r04,C2,202631,6.22,5.92,0.2999999999999998,0.40575,0.42406025481653004,0.43638543286638876,FAR,FAR,0.0,1,,,0.01,300
C2_n0.01_d300_r04,C2,202631,6.24,5.94,0.2999999999999998,0.40399999999999997,0.4386620434929937,0.43695458552304,FAR,FAR,0.0,1,,,0.01,300
C2_n0.01_d300_r04,C2,202631,6.26,5.96,0.2999999999999998,0.40225,0.41515385963419643,0.4315044040508291,FAR,FAR,0.0,1,,,0.01,300
C2_n0.01_d300_r04,C2,202631,6.28,5.98,0.2999999999999998,0.40049999999999997,0.43586542961269853,0.43259466044129646,FAR,FAR,0.0,1,,,0.01,300
C2_n0.01_d300_r04,C2,202631,6.3,6.0,0.2999999999999998,0.39875,0.428172123003257,0.43148902608178663,FAR,FAR,0.0,1,,,0.01,300
C2_n0.01_d300_r04,C2,202631,6.32,6.02,0.3000000000000007,0.39699999999999996,0.4266486110615283,0.43027892232672205,FAR,FAR,0.0,1,,,0.01,300
C2_n0.01_d300_r04,C2,202631,6.34,6.04,0.2999999999999998,0.39525,0.4314550877104244,0.43057296367264764,FAR,FAR,0.0,1,,,0.01,300
C2_n0.01_d300_r04,C2,202631,6.36,6.06,0.3000000000000007,0.39349999999999996,0.4104372557958378,0.4255390367034452,FAR,FAR,0.0,1,,,0.01,300
C2_n0.01_d300_r04,C2,202631,6.38,6.08,0.2999999999999998,0.39175,0.4266351888374347,0.4258130747369425,FAR,FAR,0.0,1,,,0.01,300
C2_n0.01_d300_r04,C2,202631,6.4,6.1,0.3000000000000007,0.38999999999999996,0.42006978345732515,0.4243772519170381,FAR,FAR,0.0,1,,,0.01,300
C2_n0.01_d300_r04,C2,202631,6.42,6.12,0.2999999999999998,0.38825,0.4212943619608039,0.42360652942797955,FAR,FAR,0.0,1,,,0.01,300
C2_n0.01_d300_r04,C2,202631,6.44,6.14,0.3000000000000007,0.38649999999999995,0.42762060830844145,0.424610049148095,FAR,FAR,0.0,1,,,0.01,300
C2_n0.01_d300_r04,C2,202631,6.46,6.16,0.2999999999999998,0.38475,0.4086095316824628,0.42060991978168694,FAR,FAR,0.0,1,,,0.01,300
C2_n0.01_d300_r04,C2,202631,6.48,6.18,0.3000000000000007,0.38299999999999995,0.4198656289806781,0.4204238470814347,FAR,FAR,0.0,1,,,0.01,300
C2_n0.01_d300_r04,C2,202631,6.5,6.2,0.2999999999999998,0.38125,0.4086385222192426,0.41747751586588666,FAR,FAR,0.0,1,,,0.01,300
C2_n0.01_d300_r04,C2,202631,6.52,6.22,0.2999999999999998,0.37950000000000006,0.426102184009586,0.41963368290181147,FAR,FAR,0.0,1,,,0.01,300
C2_n0.01_d300_r04,C2,202631,6.54,6.24,0.2999999999999998,0.37775000000000003,0.4031807194740626,0.41552044204487426,FAR,FAR,0.0,1,,,0.01,300
C2_n0.01_d300_r04,C2,202631,6.56,6.26,0.2999999999999998,0.376,0.4091792448655169,0.4139351427500349,FAR,FAR,0.0,1,,,0.01,300
C2_n0.01_d300_r04,C2,202631,6.58,6.28,0.2999999999999998,0.37424999999999997,0.3972873772410634,0.40977320137279205,FAR,FAR,0.0,1,,,0.01,300
C2_n0.01_d300_r04,C2,202631,6.6,6.3,0.2999999999999998,0.37250000000000005,0.4005110500329916,0.4074576635378419,FAR,FAR,0.0,1,,,0.01,300
C2_n0.01_d300_r04,C2,202631,6.62,6.32,0.2999999999999998,0.37075,0.40038656421347296,0.40568988870674966,FAR,FAR,0.0,1,,,0.01,300
C2_n0.01_d300_r04,C2,202631,6.64,6.34,0.2999999999999998,0.369,0.3884137116895981,0.40137084445246174,FAR,FAR,0.0,1,,,0.01,300
C2_n0.01_d300_r04,C2,202631,6.66,6.36,0.2999999999999998,0.36724999999999997,0.3657735264730945,0.39247151495761995,FAR,FAR,0.0,1,,,0.01,300
C2_n0.01_d300_r04,C2,202631,6.68,6.38,0.2999999999999998,0.36550000000000005,0.38759146517178045,0.3912515025111601,FAR,FAR,0.0,1,,,0.01,300
C2_n0.01_d300_r04,C2,202631,6.7,6.4,0.2999999999999998,0.36375,0.3911075361145573,0.3912155109120094,FAR,FAR,0.0,1,,,0.01,300
C2_n0.01_d300_r04,C2,202631,6.72,6.42,0.2999999999999998,0.362,0.3842540691175154,0.3894751504633859,FAR,FAR,0.0,1,,,0.01,300
C2_n0.01_d300_r04,C2,202631,6.74,6.44,0.2999999999999998,0.36024999999999996,0.38094157818962276,0.38734175739494514,FAR,FAR,0.0,1,,,0.01,300
C2_n0.01_d300_r04,C2,202631,6.76,6.46,0.2999999999999998,0.35850000000000004,0.3878977903646524,0.38748076563737194,FAR,FAR,0.0,1,,,0.01,300
C2_n0.01_d300_r04,C2,202631,6.78,6.48,0.2999999999999998,0.35675,0.3876529603280458,0.3875238143100404,FAR,FAR,0.0,1,,,0.01,300
C2_n0.01_d300_r04,C2,202631,6.8,6.5,0.2999999999999998,0.355,0.384523669593673,0.3867737781309486,FAR,FAR,0.0,1,,,0.01,300
C2_n0.01_d300_r04,C2,202631,6.82,6.52,0.3000000000000007,0.35324999999999995,0.3913570254601973,0.38791958996326076,FAR,FAR,0.0,1,,,0.01,300
C2_n0.01_d300_r04,C2,202631,6.84,6.54,0.2999999999999998,0.35150000000000003,0.37518906289748827,0.38473695819681764,FAR,FAR,0.0,1,,,0.01,300
C2_n0.01_d300_r04,C2,202631,6.86,6.56,0.3000000000000007,0.34974999999999995,0.3698552175037271,0.381016523023545,NEAR,FAR,0.0,1,,,0.01,300
C2_n0.01_d300_r04,C2,202631,6.88,6.58,0.2999999999999998,0.348,0.36117401722441395,0.37605589657376226,NEAR,FAR,0.0,1,,,0.01,300
C2_n0.01_d300_r04,C2,202631,6.9,6.6,0.3000000000000007,0.34624999999999995,0.3870964108980303,0.37881602515482926,NEAR,FAR,0.0,1,,,0.01,300
C2_n0.01_d300_r04,C2,202631,6.92,6.62,0.2999999999999998,0.3445,0.37216137469963845,0.3771523625410315,NEAR,FAR,0.0,1,,,0.01,300
C2_n0.01_d300_r04,C2,202631,6.94,6.64,0.3000000000000007,0.34274999999999994,0.37082139519307383,0.3755696207040421,NEAR,FAR,0.0,1,,,0.01,300
C2_n0.01_d300_r04,C2,202631,6.96,6.66,0.2999999999999998,0.34099999999999997,0.34785641757146407,0.3686413199208976,NEAR,FAR,0.0,1,,,0.01,300
C2_n0.01_d300_r04,C2,202631,6.98,6.68,0.3000000000000007,0.33924999999999994,0.36823602241854503,0.3685399955453095,NEAR,FAR,0.0,1,,,0.01,300
C2_n0.01_d300_r04,C2,202631,7.0,6.7,0.2999999999999998,0.3375,0.35889602073274407,0.3661290018421681,NEAR,FAR,0.0,1,,,0.01,300
C2_n0.01_d300_r04,C2,202631,7.02,6.72,0.2999999999999998,0.33575000000000005,0.3572516775841185,0.36390967077765574,NEAR,FAR,0.0,1,,,0.01,300
C2_n0.01_d300_r04,C2,202631,7.04,6.74,0.2999999999999998,0.334,0.36675069499069135,0.36461992683091465,NEAR,FAR,0.0,1,,,0.01,300
C2_n0.01_d300_r04,C2,202631,7.06,6.76,0.2999999999999998,0.33225000000000005,0.3437395742315768,0.35939983868108016,NEAR,FAR,0.0,1,,,0.01,300
C2_n0.01_d300_r04,C2,202631,7.08,6.78,0.2999999999999998,0.3305,0.37933687494153884,0.36438409774619485,NEAR,FAR,0.0,1,,,0.01,300
C2_n0.01_d300_r04,C2,202631,7.1,6.8,0.2999999999999998,0.32875000000000004,0.36142820648486146,0.3636451249308615,NEAR,FAR,0.0,1,,,0.01,300
C2_n0.01_d300_r04,C2,202631,7.12,6.82,0.2999999999999998,0.327,0.35804967731520476,0.3622462630269473,NEAR,FAR,0.0,1,,,0.01,300
C2_n0.01_d300_r04,C2,202631,7.14,6.84,0.2999999999999998,0.32525000000000004,0.3383979491487253,0.3562841845573918,NEAR,FAR,0.0,1,,,0.01,300
C2_n0.01_d300_r04,C2,202631,7.16,6.86,0.2999999999999998,0.3235,0.3501309786718505,0.35474588308600646,NEAR,FAR,0.0,1,,,0.01,300
C2_n0.01_d300_r04,C2,202631,7.18,6.88,0.2999999999999998,0.32175000000000004,0.3583946517850581,0.35565807526076937,NEAR,FAR,0.0,1,,,0.01,300
C2_n0.01_d300_r04,C2,202631,7.2,6.9,0.2999999999999998,0.32,0.3219012518649863,0.34721886941182356,NEAR,FAR,0.0,1,,,0.01,300
C2_n0.01_d300_r04,C2,202631,7.22,6.92,0.2999999999999998,0.31825000000000003,0.36233970263926224,0.3509990777186832,NEAR,FAR,0.0,1,,,0.01,300
C2_n0.01_d300_r04,C2,202631,7.24,6.94,0.2999999999999998,0.3165,0.3390591306267624,0.348014090945703,NEAR,FAR,0.0,1,,,0.01,300
C2_n0.01_d300_r04,C2,202631,7.26,6.96,0.2999999999999998,0.31475000000000003,0.3463487591140504,0.34759775798778986,NEAR,FAR,0.0,1,,,0.01,300
C2_n0.01_d300_r04,C2,202631,7.28,6.98,0.2999999999999998,0.313,0.3234352033765935,0.3415571193349908,NEAR,FAR,0.0,1,,,0.01,300
C2_n0.01_d300_r04,C2,202631,7.3,7.0,0.2999999999999998,0.31125,0.33359548116135546,0.339566709791582,NEAR,FAR,0.0,1,,,0.01,300
C2_n0.01_d300_r04,C2,202631,7.32,7.02,0.3000000000000007,0.3095,0.33465149055857485,0.3383379049833302,NEAR,FAR,0.0,1,,,0.01,300
C2_n0.01_d300_r04,C2,202631,7.34,7.04,0.2999999999999998,0.30775,0.3290246367162012,0.336009587916548,NEAR,FAR,0.0,1,,,0.01,300
C2_n0.01_d300_r04,C2,202631,7.36,7.06,0.3000000000000007,0.306,0.34725235312202934,0.3388202792179183,NEAR,FAR,0.0,1,,,0.01,300
C2_n0.01_d300_r04,C2,202631,7.38,7.08,0.2999999999999998,0.30425,0.3137390208484657,0.3325499646255552,NEAR,FAR,0.0,1,,,0.01,300
C2_n0.01_d300_r04,C2,202631,7.4,7.1,0.3000000000000007,0.3025,0.3267247459044027,0.33109365994526707,NEAR,FAR,0.0,1,,,0.01,300
C2_n0.01_d300_r04,C2,202631,7.42,7.12,0.2999999999999998,0.30075,0.3270578333357047,0.3300847032928765,NEAR,FAR,0.0,1,,,0.01,300
C2_n0.01_d300_r04,C2,202631,7.44,7.14,0.3000000000000007,0.299,0.32769009941836214,0.3294860523242479,NEAR,FAR,0.0,1,,,0.01,300
C2_n0.01_d300_r04,C2,202631,7.46,7.16,0.2999999999999998,0.29725,0.31313877251815714,0.32539923237272517,NEAR,FAR,0.0,1,,,0.01,300
C2_n0.01_d300_r04,C2,202631,7.48,7.18,0.3000000000000007,0.2955,0.3279558166615045,0.32603837844492,NEAR,FAR,0.0,1,,,0.01,300
C2_n0.01_d300_r04,C2,202631,7.5,7.2,0.2999999999999998,0.29375,0.32280709151407727,0.32523055671220935,NEAR,FAR,0.0,1,,,0.01,300
C2_n0.01_d300_r04,C2,202631,7.52,7.22,0.2999999999999998,0.29200000000000004,0.3125930180887438,0.32207117205634295,NEAR,FAR,0.0,1,,,0.01,300
C2_n0.01_d300_r04,C2,202631,7.54,7.24,0.2999999999999998,0.29025,0.3173351962012261,0.32088717809256373,NEAR,FAR,0.0,1,,,0.01,300
C2_n0.01_d300_r04,C2,202631,7.56,7.26,0.2999999999999998,0.28850000000000003,0.32739795617604217,0.32251487261343337,NEAR,FAR,0.0,1,,,0.01,300
C2_n0.01_d300_r04,C2,202631,7.58,7.28,0.2999999999999998,0.28675,0.31826777448148247,0.32145309808044564,NEAR,FAR,0.0,1,,,0.01,300
C2_n0.01_d300_r04,C2,202631,7.6,7.3,0.2999999999999998,0.28500000000000003,0.31182131464309165,0.31904515222110713,NEAR,NEAR,0.6,1,ENTER_NEAR,,0.01,300
C2_n0.01_d300_r04,C2,202631,7.62,7.32,0.2999999999999998,0.28325,0.3091175742339833,0.3165632577243262,NEAR,NEAR,0.6,1,,,0.01,300
C2_n0.01_d300_r04,C2,202631,7.64,7.34,0.2999999999999998,0.28150000000000003,0.310076685803839,0.3149416147442044,NEAR,NEAR,0.6,1,,,0.01,300
C2_n0.01_d300_r04,C2,202631,7.66,7.36,0.2999999999999998,0.27975,0.3173004043555891,0.3155313121470506,NEAR,NEAR,0.6,1,,,0.01,300
C2_n0.01_d300_r04,C2,202631,7.68,7.38,0.2999999999999998,0.278,0.29124459784694584,0.3094596335720244,NEAR,NEAR,0.6,1,,,0.01,300
C2_n0.01_d300_r04,C2,202631,7.7,7.4,0.2999999999999998,0.27625,0.2980974519892614,0.30661908817633365,NEAR,NEAR,0.6,1,,,0.01,300
C2_n0.01_d300_r04,C2,202631,7.72,7.42,0.2999999999999998,0.2745,0.3100452175980578,0.3074756205317647,NEAR,NEAR,0.6,1,,,0.01,300
C2_n0.01_d300_r04,C2,202631,7.74,7.44,0.2999999999999998,0.27275,0.29542019354290927,0.3044617637845508,NEAR,NEAR,0.6,1,,,0.01,300
C2_n0.01_d300_r04,C2,202631,7.76,7.46,0.2999999999999998,0.271,0.3003404602688943,0.3034314379056367,NEAR,NEAR,0.6,1,,,0.01,300
C2_n0.01_d300_r04,C2,202631,7.78,7.48,0.2999999999999998,0.26925,0.2953058628389771,0.3014000441389718,NEAR,NEAR,0.6,1,,,0.01,300
C2_n0.01_d300_r04,C2,202631,7.8,7.5,0.2999999999999998,0.2675,0.2912572992995988,0.2988643579291286,NEAR,NEAR,0.6,1,,,0.01,300
C2_n0.01_d300_r04,C2,202631,7.82,7.52,0.3000000000000007,0.26575,0.2869348691387177,0.29588198573152585,NEAR,NEAR,0.6,1,,,0.01,300
C2_n0.01_d300_r04,C2,202631,7.84,7.54,0.2999999999999998,0.264,0.2828495888384321,0.29262388650825244,NEAR,NEAR,0.6,1,,,0.01,300
C2_n0.01_d300_r04,C2,202631,7.86,7.56,0.3000000000000007,0.26225,0.291320377123612,0.2922980091620923,NEAR,NEAR,0.6,1,,,0.01,300
C2_n0.01_d300_r04,C2,202631,7.88,7.58,0.2999999999999998,0.2605,0.2785995319341439,0.2888733898551052,NEAR,NEAR,0.6,1,,,0.01,300
C2_n0.01_d300_r04,C2,202631,7.9,7.6,0.3000000000000007,0.25875,0.2930290319222994,0.28991230037190374,NEAR,NEAR,0.6,1,,,0.01,300
C2_n0.01_d300_r04,C2,202631,7.92,7.62,0.2999999999999998,0.257,0.28567974975651617,0.28885416271805686,NEAR,NEAR,0.6,1,,,0.01,300
C2_n0.01_d300_r04,C2,202631,7.94,7.64,0.3000000000000007,0.25525,0.2788445628367093,0.28635176274771995,NEAR,NEAR,0.6,1,,,0.01,300
C2_n0.01_d300_r04,C2,202631,7.96,7.66,0.2999999999999998,0.2535,0.29187485346001274,0.28773253542579313,NEAR,NEAR,0.6,1,,,0.01,300
C2_n0.01_d300_r04,C2,202631,7.98,7.68,0.3000000000000007,0.25175,0.2660515814190575,0.2823122969241092,NEAR,NEAR,0.6,1,,,0.01,300
C2_n0.01_d300_r04,C2,202631,8.0,7.7,0.2999999999999998,0.25,0.2734707741139346,0.28010191622156555,NEAR,NEAR,0.6,1,,,0.01,300
C2_n0.01_d300_r04,C2,202631,8.02,7.72,0.2999999999999998,0.2522533838368113,0.2732206585852909,0.2783816018124969,NEAR,NEAR,0.6,1,,,0.01,300
C2_n0.01_d300_r04,C2,202631,8.04,7.74,0.29999999999999893,0.25445562372365543,0.29134955746993196,0.2816235907268556,NEAR,NEAR,0.6,1,,,0.01,300
C2_n0.01_d300_r04,C2,202631,8.06,7.76,0.3000000000000007,0.25655673649976407,0.2806546358427949,0.2813813520058404,NEAR,NEAR,0.6,1,,,0.01,300
C2_n0.01_d300_r04,C2,202631,8.08,7.78,0.2999999999999998,0.25850903423690136,0.2741892350949364,0.27958332277811443,NEAR,NEAR,0.6,1,,,0.01,300
C2_n0.01_d300_r04,C2,202631,8.1,7.8,0.2999999999999998,0.2602682065889303,0.259734505051131,0.2746211183463686,NEAR,NEAR,0.6,1,,,0.01,300
C2_n0.01_d300_r04,C2,202631,8.12,7.82,0.29999999999999893,0.26179432648204926,0.2644198152189671,0.2720707925645182,NEAR,NEAR,0.6,1,,,0.01,300
C2_n0.01_d300_r04,C2,202631,8.14,7.84,0.3000000000000007,0.26305275632004294,0.27628381698177074,0.27312404866883133,NEAR,NEAR,0.6,1,,,0.01,300
C2_n0.01_d300_r04,C2,202631,8.16,7.86,0.2999999999999998,0.2640149341368492,0.2616844821110574,0.27026415702938783,NEAR,NEAR,0.6,1,,,0.01,300
C2_n0.01_d300_r04,C2,202631,8.18,7.88,0.2999999999999998,0.2646590218535229,0.2705820575477592,0.2703436321589807,NEAR,NEAR,0.6,1,,,0.01,300
C2_n0.01_d300_r04,C2,202631,8.2,7.9,0.29999999999999893,0.26497040092642404,0.2683744800000973,0.2698513441192599,NEAR,NEAR,0.6,1,,,0.01,300
C2_n0.01_d300_r04,C2,202631,8.22,7.92,0.3000000000000007,0.2649420041371476,0.25524340255941635,0.266199358729299,NEAR,NEAR,0.6,1,,,0.01,300
C2_n0.01_d300_r04,C2,202631,8.24,7.94,0.2999999999999998,0.2645744759937201,0.2523706297045248,0.26274217647310544,NEAR,NEAR,0.6,1,,,0.01,300
C2_n0.01_d300_r04,C2,202631,8.26,7.96,0.2999999999999998,0.26387615810251686,0.25169302144468325,0.2599798877159999,NEAR,NEAR,0.6,1,,,0.01,300
C2_n0.01_d300_r04,C2,202631,8.28,7.98,0.29999999999999893,0.26286289984290484,0.23768955376222686,0.25440730422755664,NEAR,NEAR,0.6,1,,,0.01,300
C2_n0.01_d300_r04,C2,202631,8.3,8.0,0.3000000000000007,0.2615576986416368,0.2373260783211387,0.25013699775095216,NEAR,NEAR,0.6,1,,,0.01,300
C2_n0.01_d300_r04,C2,202631,8.32,8.02,0.3000000000000007,0.25999017801151375,0.2405651084601118,0.24774402542824206,NEAR,NEAR,0.6,1,,,0.01,300
C2_n0.01_d300_r04,C2,202631,8.34,8.04,0.3000000000000007,0.25819591520101404,0.26017849743719845,0.2508526434304812,NEAR,NEAR,0.6,1,,,0.01,300
C2_n0.01_d300_r04,C2,202631,8.36,8.06,0.29999999999999893,0.2562156337148993,0.25105637391438357,0.2509035760514568,NEAR,NEAR,0.6,1,,,0.01,300
C2_n0.01_d300_r04,C2,202631,8.38,8.08,0.3000000000000007,0.2540942790327598,0.25102155820757943,0.25093307159048744,NEAR,NEAR,0.6,1,,,0.01,300
C2_n0.01_d300_r04,C2,202631,8.4,8.1,0.3000000000000007,0.25187999850346454,0.2644256206775946,0.25430620886226424,NEAR,NEAR,0.6,1,,,0.01,300
C2_n0.01_d300_r04,C2,202631,8.42,8.12,0.3000000000000007,0.24962304856834994,0.25126655935248976,0.25354629648482063,NEAR,NEAR,0.6,1,,,0.01,300
C2_n0.01_d300_r04,C2,202631,8.44,8.14,0.29999999999999893,0.2473746541153709,0.25386486061990093,0.2536259375185907,NEAR,NEAR,0.6,1,,,0.01,300
C2_n0.01_d300_r04,C2,202631,8.46,8.16,0.3000000000000007,0.24518584585289177,0.27561425123647015,0.25912301594806053,NEAR,NEAR,0.6,1,,,0.01,300
C2_n0.01_d300_r04,C2,202631,8.48,8.18,0.3000000000000007,0.24310630209067763,0.24079926266892898,0.25454207762827763,NEAR,NEAR,0.6,1,,,0.01,300
C2_n0.01_d300_r04,C2,202631,8.5,8.2,0.3000000000000007,0.24118322121561292,0.26547049146672963,0.25727418108789063,NEAR,NEAR,0.6,1,,,0.01,300
C2_n0.01_d300_r04,C2,202631,8.52,8.22,0.29999999999999893,0.2394602504530173,0.25043131633395765,0.2555634648994074,NEAR,NEAR,0.6,1,,,0.01,300
C2_n0.01_d300_r04,C2,202631,8.54,8.24,0.29999999999999893,0.23797649522693692,0.2589917221414353,0.25642052920991437,NEAR,NEAR,0.6,1,,,0.01,300
C2_n0.01_d300_r04,C2,202631,8.56,8.26,0.3000000000000007,0.23676563160347566,0.2900043125013686,0.26481647503277794,NEAR,NEAR,0.6,1,,,0.01,300
C2_n0.01_d300_r04,C2,202631,8.58,8.28,0.3000000000000007,0.23585514196160703,0.2574126420593542,0.26296551678942204,NEAR,NEAR,0.6,1,,,0.01,300
C2_n0.01_d300_r04,C2,202631,8.6,8.3,0.29999999999999893,0.23526569123906968,0.25538041716418736,0.26106924188311337,NEAR,NEAR,0.6,1,,,0.01,300
C2_n0.01_d300_r04,C2,202631,8.62,8.32,0.29999999999999893,0.23501065791039116,0.2624576256461287,0.2614163378238672,NEAR,NEAR,0.6,1,,,0.01,300
C2_n0.01_d300_r04,C2,202631,8.64,8.34,0.3000000000000007,0.23509583034219989,0.25724232243061024,0.26037283397555294,NEAR,NEAR,0.6,1,,,0.01,300
C2_n0.01_d300_r04,C2,202631,8.66,8.36,0.3000000000000007,0.2355192754175009,0.25953313539018147,0.2601629093292101,NEAR,NEAR,0.6,1,,,0.01,300
C2_n0.01_d300_r04,C2,202631,8.68,8.38,0.29999999999999893,0.23627138241068624,0.24231890114447419,0.2557019072830261,NEAR,NEAR,0.6,1,,,0.01,300
C2_n0.01_d300_r04,C2,202631,8.7,8.4,0.29999999999999893,0.23733508111746973,0.24950096171895594,0.2541516708920086,NEAR,NEAR,0.6,1,,,0.01,300
C2_n0.01_d300_r04,C2,202631,8.72,8.42,0.3000000000000007,0.2386862292889585,0.2709121930091239,0.2583418014212874,NEAR,NEAR,0.6,1,,,0.01,300
C2_n0.01_d300_r04,C2,202631,8.74,8.44,0.3000000000000007,0.24029416057645836,0.2391133626028152,0.2535346917166693,NEAR,NEAR,0.6,1,,,0.01,300
C2_n0.01_d300_r04,C2,202631,8.76,8.46,0.29999999999999893,0.24212238055058052,0.2533835662885043,0.25349691035962807,NEAR,NEAR,0.6,1,,,0.01,300
C2_n0.01_d300_r04,C2,202631,8.78,8.48,0.29999999999999893,0.24412939499744188,0.23288806890003103,0.2483446999947288,NEAR,NEAR,0.6,1,,,0.01,300
C2_n0.01_d300_r04,C2,202631,8.8,8.5,0.3000000000000007,0.24626965169252724,0.24715526080995953,0.2480473401985365,NEAR,NEAR,0.6,1,,,0.01,300
C2_n0.01_d300_r04,C2,202631,8.82,8.52,0.3000000000000007,0.2484945742772318,0.22335636462490477,0.2418745963051286,NEAR,NEAR,0.6,1,,,0.01,300
C2_n0.01_d300_r04,C2,202631,8.84,8.54,0.3000000000000007,0.2507536647726965,0.23241975241953658,0.2395108853337306,NEAR,NEAR,0.6,1,,,0.01,300
C2_n0.01_d300_r04,C2,202631,8.86,8.56,0.29999999999999893,0.25299564970771604,0.22171329531481293,0.23506148782900116,NEAR,NEAR,0.6,1,,,0.01,300
C2_n0.01_d300_r04,C2,202631,8.88,8.58,0.3000000000000007,0.2551696438476178,0.24186203495186162,0.23676162460971628,NEAR,NEAR,0.6,1,,,0.01,300
C2_n0.01_d300_r04,C2,202631,8.9,8.6,0.3000000000000007,0.2572263051115258,0.23897767264224545,0.23731563661784857,NEAR,NEAR,0.6,1,,,0.01,300
C2_n0.01_d300_r04,C2,202631,8.92,8.62,0.3000000000000007,0.25911895446541905,0.24031291538709998,0.23806495631016142,NEAR,NEAR,0.6,1,,,0.01,300
C2_n0.01_d300_r04,C2,202631,8.94,8.64,0.29999999999999893,0.26080463537331855,0.23197883321031304,0.2365434255351993,NEAR,NEAR,0.6,1,,,0.01,300
C2_n0.01_d300_r04,C2,202631,8.96,8.66,0.3000000000000007,0.2622450887607578,0.2163261154327522,0.23148909800958756,NEAR,NEAR,0.6,1,,,0.01,300
C2_n0.01_d300_r04,C2,202631,8.98,8.68,0.3000000000000007,0.263407621362269,0.24664514595514297,0.2352781099959764,NEAR,NEAR,0.6,1,,,0.01,300
C2_n0.01_d300_r04,C2,202631,9.0,8.7,0.3000000000000007,0.2642658477444273,0.23462326084804636,0.2351143977089939,NEAR,NEAR,0.6,1,,,0.01,300
C2_n0.01_d300_r04,C2,202631,9.02,8.72,0.29999999999999893,0.264800289163118,0.22940560314461028,0.23368719906789798,NEAR,NEAR,0.6,1,,,0.01,300
C2_n0.01_d300_r04,C2,202631,9.04,8.74,0.29999999999999893,0.2649988156630572,0.2456195404634121,0.2366702844167765,NEAR,NEAR,0.6,1,,,0.01,300
C2_n0.01_d300_r04,C2,202631,9.06,8.76,0.3000000000000007,0.26485692138544975,0.2313404987467394,0.23533783799926722,NEAR,NEAR,0.6,1,,,0.01,300
C2_n0.01_d300_r04,C2,202631,9.08,8.78,0.3000000000000007,0.2643778268352606,0.24961069809008316,0.2389060530219712,NEAR,NEAR,0.6,1,,,0.01,300
C2_n0.01_d300_r04,C2,202631,9.1,8.8,0.29999999999999893,0.2635724057869903,0.22751870485616002,0.2360592159805184,NEAR,NEAR,0.6,1,,,0.01,300
C2_n0.01_d300_r04,C2,202631,9.12,8.82,0.29999999999999893,0.2624589384879372,0.23639985875331151,0.23614437667371668,NEAR,NEAR,0.6,1,,,0.01,300
C2_n0.01_d300_r04,C2,202631,9.14,8.84,0.3000000000000007,0.2610626967603726,0.26970737961814223,0.24453512740982308,NEAR,NEAR,0.6,1,,,0.01,300
C2_n0.01_d300_r04,C2,202631,9.16,8.86,0.3000000000000007,0.25941537041936047,0.2656998976178734,0.24982631996183566,NEAR,NEAR,0.6,1,,,0.01,300
C2_n0.01_d300_r04,C2,202631,9.18,8.88,0.29999999999999893,0.2575543480245365,0.25229972065871614,0.25044467013605576,NEAR,NEAR,0.6,1,,,0.01,300
C2_n0.01_d300_r04,C2,202631,9.2,8.9,0.29999999999999893,0.25552186829027024,0.24034135692316777,0.24791884183283375,NEAR,NEAR,0.6,1,,,0.01,300
C2_n0.01_d300_r04,C2,202631,9.22,8.92,0.3000000000000007,0.25336406141424067,0.27492530795510894,0.2546704583634025,NEAR,NEAR,0.6,1,,,0.01,300
C2_n0.01_d300_r04,C2,202631,9.24,8.94,0.3000000000000007,0.25112990208291897,0.2688169791206802,0.25820708855272195,NEAR,NEAR,0.6,1,,,0.01,300
C2_n0.01_d300_r04,C2,202631,9.26,8.96,0.29999999999999893,0.24887009791708103,0.25173114342533387,0.2565881022708749,NEAR,NEAR,0.6,1,,,0.01,300
C2_n0.01_d300_r04,C2,202631,9.28,8.98,0.29999999999999893,0.24663593858575936,0.2535375489447657,0.25582546393934763,NEAR,NEAR,0.6,1,,,0.01,300
C2_n0.01_d300_r04,C2,202631,9.3,9.0,0.3000000000000007,0.24447813170972976,0.26384389868093033,0.25783007262474333,NEAR,NEAR,0.6,1,,,0.01,300
C2_n0.01_d300_r04,C2,202631,9.32,9.02,0.3000000000000007,0.24244565197546356,0.24410828355115324,0.2543996253563458,NEAR,NEAR,0.6,1,,,0.01,300
C2_n0.01_d300_r04,C2,202631,9.34,9.04,0.3000000000000007,0.2405846295806395,0.2469196679138237,0.25252963599571526,NEAR,NEAR,0.6,1,,,0.01,300
C2_n0.01_d300_r04,C2,202631,9.36,9.06,0.29999999999999893,0.23893730323962742,0.2634007439565707,0.2552474129859291,NEAR,NEAR,0.6,1,,,0.01,300
C2_n0.01_d300_r04,C2,202631,9.38,9.08,0.3000000000000007,0.23754106151206275,0.25828951628864183,0.2560079388116073,NEAR,NEAR,0.6,1,,,0.01,300
C2_n0.01_d300_r04,C2,202631,9.4,9.1,0.3000000000000007,0.23642759421300968,0.24794851976160898,0.25399308404910775,NEAR,NEAR,0.6,1,,,0.01,300
C2_n0.01_d300_r04,C2,202631,9.42,9.12,0.3000000000000007,0.23562217316473935,0.2639203675653218,0.2564749049281613,NEAR,NEAR,0.6,1,,,0.01,300
C2_n0.01_d300_r04,C2,202631,9.44,9.14,0.29999999999999893,0.23514307861455025,0.24804439736097839,0.25436727803636555,NEAR,NEAR,0.6,1,,,0.01,300
C2_n0.01_d300_r04,C2,202631,9.46,9.16,0.3000000000000007,0.23500118433694275,0.25095006342318943,0.2535129743830715,NEAR,NEAR,0.6,1,,,0.01,300
C2_n0.01_d300_r04,C2,202631,9.48,9.18,0.3000000000000007,0.235199710836882,0.23300848823357015,0.24838685284569617,NEAR,NEAR,0.6,1,,,0.01,300
C2_n0.01_d300_r04,C2,202631,9.5,9.2,0.3000000000000007,0.2357341522555727,0.24323780162960523,0.24709959004167342,NEAR,NEAR,0.6,1,,,0.01,300
C2_n0.01_d300_r04,C2,202631,9.52,9.22,0.29999999999999893,0.23659237863773103,0.25095982521294785,0.24806464883449203,NEAR,NEAR,0.6,1,,,0.01,300
C2_n0.01_d300_r04,C2,202631,9.54,9.24,0.29999999999999893,0.2377549112392422,0.27060555701336464,0.25369987587921017,NEAR,NEAR,0.6,1,,,0.01,300
C2_n0.01_d300_r04,C2,202631,9.56,9.26,0.3000000000000007,0.23919536462668142,0.23773971558519005,0.24970983580570513,NEAR,NEAR,0.6,1,,,0.01,300
C2_n0.01_d300_r04,C2,202631,9.58,9.28,0.3000000000000007,0.24088104553458092,0.2404579962397642,0.24739687591421988,NEAR,NEAR,0.6,1,,,0.01,300
C2_n0.01_d300_r04,C2,202631,9.6,9.3,0.29999999999999893,0.24277369488847422,0.26240242938404545,0.25114826428167625,NEAR,NEAR,0.6,1,,,0.01,300
C2_n0.01_d300_r04,C2,202631,9.62,9.32,0.29999999999999893,0.24483035615238213,0.24745229120007997,0.2502242710112772,NEAR,NEAR,0.6,1,,,0.01,300
C2_n0.01_d300_r04,C2,202631,9.64,9.34,0.3000000000000007,0.24700435029228393,0.24275625745330492,0.24835726762178412,NEAR,NEAR,0.6,1,,,0.01,300
C2_n0.01_d300_r04,C2,202631,9.66,9.36,0.3000000000000007,0.24924633522730347,0.24351463865284934,0.24714661037955044,NEAR,NEAR,0.6,1,,,0.01,300
C2_n0.01_d300_r04,C2,202631,9.68,9.38,0.29999999999999893,0.2515054257227682,0.23445483026278977,0.24397366535036027,NEAR,NEAR,0.6,1,,,0.01,300
C2_n0.01_d300_r04,C2,202631,9.7,9.4,0.29999999999999893,0.25373034830747276,0.24246166570287184,0.24359566543848818,NEAR,NEAR,0.6,1,,,0.01,300
C2_n0.01_d300_r04,C2,202631,9.72,9.42,0.3000000000000007,0.2558706050025581,0.2415862789268717,0.24309331881058405,NEAR,NEAR,0.6,1,,,0.01,300
C2_n0.01_d300_r04,C2,202631,9.74,9.44,0.3000000000000007,0.25787761944941945,0.23833543204499633,0.2419038471191871,NEAR,NEAR,0.6,1,,,0.01,300
C2_n0.01_d300_r04,C2,202631,9.76,9.46,0.29999999999999893,0.25970583942354164,0.22821246669200285,0.23848100201239103,NEAR,NEAR,0.6,1,,,0.01,300
C2_n0.01_d300_r04,C2,202631,9.78,9.48,0.29999999999999893,0.2613137707110415,0.23685889747137726,0.23807547587713757,NEAR,NEAR,0.6,1,,,0.01,300
C2_n0.01_d300_r04,C2,202631,9.8,9.5,0.3000000000000007,0.26266491888253024,0.22868809489624548,0.23572863063191457,NEAR,NEAR,0.6,1,,,0.01,300
C2_n0.01_d300_r04,C2,202631,9.82,9.52,0.3000000000000007,0.26372861758931376,0.25051276109420145,0.2394246632474863,NEAR,NEAR,0.6,1,,,0.01,300
C2_n0.01_d300_r04,C2,202631,9.84,9.54,0.3000000000000007,0.2644807245824991,0.24654275872487233,0.24120418711683278,NEAR,NEAR,0.6,1,,,0.01,300
C2_n0.01_d300_r04,C2,202631,9.86,9.56,0.29999999999999893,0.2649041696578001,0.2446710460809666,0.24207090185786623,NEAR,NEAR,0.6,1,,,0.01,300
C2_n0.01_d300_r04,C2,202631,9.88,9.58,0.3000000000000007,0.26498934208960884,0.23374128738758848,0.2399884982402968,NEAR,NEAR,0.6,1,,,0.01,300
C2_n0.01_d300_r04,C2,202631,9.9,9.6,0.3000000000000007,0.26473430876093035,0.23769709926009563,0.23941564849524652,NEAR,NEAR,0.6,1,,,0.01,300
C2_n0.01_d300_r04,C2,202631,9.92,9.62,0.3000000000000007,0.264144858038393,0.22989644810214166,0.23703584839697028,NEAR,NEAR,0.6,1,,,0.01,300
C2_n0.01_d300_r04,C2,202631,9.94,9.64,0.29999999999999893,0.2632343683965243,0.2518584526205636,0.2407414994528686,NEAR,NEAR,0.6,1,,,0.01,300
C2_n0.01_d300_r04,C2,202631,9.96,9.66,0.3000000000000007,0.2620235047730631,0.2581299579605306,0.2450886140797841,NEAR,NEAR,0.6,1,,,0.01,300
C2_n0.01_d300_r04,C2,202631,9.98,9.68,0.3000000000000007,0.2605397495469827,0.2509309955270555,0.24654920944160197,NEAR,NEAR,0.6,1,,,0.01,300
C2_n0.01_d300_r04,C2,202631,10.0,9.7,0.3000000000000007,0.2588167787843871,0.24677340376493792,0.24660525802243596,NEAR,NEAR,0.6,1,,,0.01,300
C2_n0.01_d300_r04,C2,202631,10.02,9.72,0.29999999999999893,0.25689369790932237,0.25661020582538807,0.249106494973174,NEAR,NEAR,0.6,1,,,0.01,300
C2_n0.01_d300_r04,C2,202631,10.04,9.74,0.29999999999999893,0.25481415414710823,0.2576688592776454,0.2512470860492918,NEAR,NEAR,0.6,1,,,0.01,300
C2_n0.01_d300_r04,C2,202631,10.06,9.76,0.3000000000000007,0.2526253458846291,0.25928980151173264,0.25325776491490204,NEAR,NEAR,0.6,1,,,0.01,300
C2_n0.01_d300_r04,C2,202631,10.08,9.78,0.3000000000000007,0.25037695143165006,0.2442999409681504,0.25101830892821414,NEAR,NEAR,0.6,1,,,0.01,300
C2_n0.01_d300_r04,C2,202631,10.1,9.8,0.29999999999999893,0.24812000149653549,0.26434243259265827,0.2543493398443252,NEAR,NEAR,0.6,1,,,0.01,300
C2_n0.01_d300_r04,C2,202631,10.12,9.82,0.29999999999999893,0.24590572096724023,0.2669063008618695,0.25748858009871123,NEAR,NEAR,0.6,1,,,0.01,300
C2_n0.01_d300_r04,C2,202631,10.14,9.84,0.3000000000000007,0.24378436628510067,0.2563456330156822,0.25720284332795396,NEAR,NEAR,0.6,1,,,0.01,300
C2_n0.01_d300_r04,C2,202631,10.16,9.86,0.3000000000000007,0.24180408479898596,0.2657204822665665,0.2593322530626071,NEAR,NEAR,0.6,1,,,0.01,300
C2_n0.01_d300_r04,C2,202631,10.18,9.88,0.29999999999999893,0.24000982198848625,0.2612494482016798,0.25981155184737525,NEAR,NEAR,0.6,1,,,0.01,300
C2_n0.01_d300_r04,C2,202631,10.2,9.9,0.29999999999999893,0.23844230135836322,0.2902605686352908,0.2674238060443541,NEAR,NEAR,0.6,1,,,0.01,300
C2_n0.01_d300_r04,C2,202631,10.22,9.92,0.3000000000000007,0.2371371001570952,0.27680599670448697,0.2697693537093873,NEAR,NEAR,0.6,1,,,0.01,300
C2_n0.01_d300_r04,C2,202631,10.24,9.94,0.3000000000000007,0.23612384189748312,0.25289839284390414,0.26555161349301654,NEAR,NEAR,0.6,1,,,0.01,300
C2_n0.01_d300_r04,C2,202631,10.26,9.96,0.29999999999999893,0.2354255240062799,0.2573553707186759,0.2635025527994314,NEAR,NEAR,0.6,1,,,0.01,300
C2_n0.01_d300_r04,C2,202631,10.28,9.98,0.29999999999999893,0.23505799586285242,0.2729266770718605,0.2658585838675387,NEAR,NEAR,0.6,1,,,0.01,300
C2_n0.01_d300_r04,C2,202631,10.3,10.0,0.3000000000000007,0.23502959907357593,0.26105680907644513,0.2646581401697653,NEAR,NEAR,0.6,1,,,0.01,300
C2_n0.01_d300_r04,C2,202631,10.32,10.02,0.3000000000000007,0.23534097814647711,0.2663143936590285,0.2650722035420811,NEAR,NEAR,0.6,1,,,0.01,300
C2_n0.01_d300_r04,C2,202631,10.34,10.04,0.3000000000000007,0.23598506586315082,0.26482599594624623,0.2650106516431224,NEAR,NEAR,0.6,1,,,0.01,300
C2_n0.01_d300_r04,C2,202631,10.36,10.06,0.29999999999999893,0.23694724367995706,0.2623226461979606,0.26433865028183196,NEAR,NEAR,0.6,1,,,0.01,300
C2_n0.01_d300_r04,C2,202631,10.38,10.08,0.3000000000000007,0.23820567351795077,0.25408401106102035,0.26177499047662905,NEAR,NEAR,0.6,1,,,0.01,300
C2_n0.01_d300_r04,C2,202631,10.4,10.1,0.3000000000000007,0.2397317934110697,0.24382448414815897,0.2572873638945115,NEAR,NEAR,0.6,1,,,0.01,300
C2_n0.01_d300_r04,C2,202631,10.42,10.12,0.3000000000000007,0.24149096576309861,0.24424499779594913,0.2540267723698709,NEAR,NEAR,0.6,1,,,0.01,300
C2_n0.01_d300_r04,C2,202631,10.44,10.14,0.29999999999999893,0.24344326350023596,0.2550328879358181,0.2542783012613577,NEAR,NEAR,0.6,1,,,0.01,300
C2_n0.01_d300_r04,C2,202631,10.46,10.16,0.3000000000000007,0.2455443762763446,0.24938424222980088,0.2530547865034685,NEAR,NEAR,0.6,1,,,0.01,300
C2_n0.01_d300_r04,C2,202631,10.48,10.18,0.3000000000000007,0.24774661616318866,0.24852555667341267,0.25192247904595455,NEAR,NEAR,0.6,1,,,0.01,300
C2_n0.01_d300_r04,C2,202631,10.5,10.2,0.3000000000000007,0.25,0.2411942730508168,0.24924042754717013,NEAR,NEAR,0.6,1,,,0.01,300
C2_n0.01_d300_r04,C2,202631,10.52,10.22,0.29999999999999893,0.2522533838368113,0.2210932707139181,0.2422036383388571,NEAR,NEAR,0.6,1,,,0.01,300
C2_n0.01_d300_r04,C2,202631,10.54,10.24,0.29999999999999893,0.2544556237236554,0.2271685660459994,0.2384448702656427,NEAR,NEAR,0.6,1,,,0.01,300
C2_n0.01_d300_r04,C2,202631,10.56,10.26,0.3000000000000007,0.256556736499764,0.23826108033114435,0.2383989227820181,NEAR,NEAR,0.6,1,,,0.01,300
C2_n0.01_d300_r04,C2,202631,10.58,10.28,0.3000000000000007,0.25850903423690136,0.22889416698049836,0.23602273383163816,NEAR,NEAR,0.6,1,,,0.01,300
C2_n0.01_d300_r04,C2,202631,10.6,10.3,0.29999999999999893,0.2602682065889303,0.25350947723026057,0.24039441968129377,NEAR,NEAR,0.6,1,,,0.01,300
C2_n0.01_d300_r04,C2,202631,10.62,10.32,0.29999999999999893,0.2617943264820492,0.24073285493459431,0.2404790284946189,NEAR,NEAR,0.6,1,,,0.01,300
C2_n0.01_d300_r04,C2,202631,10.64,10.34,0.3000000000000007,0.26305275632004294,0.22918442206203857,0.23765537688647384,NEAR,NEAR,0.6,1,,,0.01,300
C2_n0.01_d300_r04,C2,202631,10.66,10.36,0.3000000000000007,0.2640149341368492,0.24774121288420653,0.240176835885907,NEAR,NEAR,0.6,1,,,0.01,300
C2_n0.01_d300_r04,C2,202631,10.68,10.38,0.29999999999999893,0.2646590218535229,0.22704501565969726,0.23689388082935456,NEAR,NEAR,0.6,1,,,0.01,300
C2_n0.01_d300_r04,C2,202631,10.7,10.4,0.29999999999999893,0.26497040092642404,0.24860229145971682,0.2398209834869451,NEAR,NEAR,0.6,1,,,0.01,300
C2_n0.01_d300_r04,C2,202631,10.72,10.42,0.3000000000000007,0.2649420041371476,0.256623104812549,0.24402151381834608,NEAR,NEAR,0.6,1,,,0.01,300
C2_n0.01_d300_r04,C2,202631,10.74,10.44,0.3000000000000007,0.2645744759937201,0.2350686692360988,0.24178330267278425,NEAR,NEAR,0.6,1,,,0.01,300
C2_n0.01_d300_r04,C2,202631,10.76,10.46,0.29999999999999893,0.26387615810251686,0.2603761964999174,0.24643152612956754,NEAR,NEAR,0.6,1,,,0.01,300
C2_n0.01_d300_r04,C2,202631,10.78,10.48,0.29999999999999893,0.26286289984290484,0.25330456427515646,0.24814978566596477,NEAR,NEAR,0.6,1,,,0.01,300
C2_n0.01_d300_r04,C2,202631,10.8,10.5,0.3000000000000007,0.2615576986416368,0.24829692213751084,0.24818656978385129,NEAR,NEAR,0.6,1,,,0.01,300
C2_n0.01_d300_r04,C2,202631,10.82,10.52,0.3000000000000007,0.25999017801151375,0.2518966222735683,0.24911408290628057,NEAR,NEAR,0.6,1,,,0.01,300
C2_n0.01_d300_r04,C2,202631,10.84,10.54,0.3000000000000007,0.25819591520101404,0.2484800692232777,0.24895557948552985,NEAR,NEAR,0.6,1,,,0.01,300
C2_n0.01_d300_r04,C2,202631,10.86,10.56,0.29999999999999893,0.25621563371489936,0.2561902800708624,0.250764254631863,NEAR,NEAR,0.6,1,,,0.01,300
C2_n0.01_d300_r04,C2,202631,10.88,10.58,0.3000000000000007,0.2540942790327598,0.2693334738960115,0.25540655944790014,NEAR,NEAR,0.6,1,,,0.01,300
C2_n0.01_d300_r04,C2,202631,10.9,10.6,0.3000000000000007,0.2518799985034645,0.28247935044788824,0.2621747571978972,NEAR,NEAR,0.6,1,,,0.01,300
C2_n0.01_d300_r04,C2,202631,10.92,10.62,0.3000000000000007,0.24962304856834996,0.2559588540237003,0.26062078140434797,NEAR,NEAR,0.6,1,,,0.01,300
C2_n0.01_d300_r04,C2,202631,10.94,10.64,0.29999999999999893,0.24737465411537093,0.2461924870590519,0.25701370781802396,NEAR,NEAR,0.6,1,,,0.01,300
C2_n0.01_d300_r04,C2,202631,10.96,10.66,0.3000000000000007,0.24518584585289174,0.272793497728373,0.26095865529561124,NEAR,NEAR,0.6,1,,,0.01,300
C2_n0.01_d300_r04,C2,202631,10.98,10.68,0.3000000000000007,0.24310630209067766,0.26334879797864863,0.2615561909663706,NEAR,NEAR,0.6,1,,,0.01,300
C2_n0.01_d300_r04,C2,202631,11.0,10.7,0.3000000000000007,0.24118322121561292,0.25425111389674193,0.2597299216989635,NEAR,NEAR,0.6,1,,,0.01,300
C2_n0.01_d300_r04,C2,202631,11.02,10.72,0.29999999999999893,0.2394602504530173,0.2684113473096997,0.2619002781016475,NEAR,NEAR,0.6,1,,,0.01,300
C2_n0.01_d300_r04,C2,202631,11.04,10.74,0.29999999999999893,0.23797649522693692,0.257670529374945,0.2608428409199719,NEAR,NEAR,0.6,1,,,0.01,300
C2_n0.01_d300_r04,C2,202631,11.06,10.76,0.3000000000000007,0.2367656316034757,0.2581808194060235,0.2601773355414848,NEAR,NEAR,0.6,1,,,0.01,300
C2_n0.01_d300_r04,C2,202631,11.08,10.78,0.3000000000000007,0.23585514196160703,0.25972501861220276,0.2600642563091643,NEAR,NEAR,0.6,1,,,0.01,300
C2_n0.01_d300_r04,C2,202631,11.1,10.8,0.29999999999999893,0.23526569123906968,0.2514610432438615,0.2579134530428386,NEAR,NEAR,0.6,1,,,0.01,300
C2_n0.01_d300_r04,C2,202631,11.12,10.82,0.29999999999999893,0.23501065791039116,0.24597547461640723,0.25492895843623076,NEAR,NEAR,0.6,1,,,0.01,300
C2_n0.01_d300_r04,C2,202631,11.14,10.84,0.3000000000000007,0.23509583034219989,0.24833294456954386,0.253279954969559,NEAR,NEAR,0.6,1,,,0.01,300
C2_n0.01_d300_r04,C2,202631,11.16,10.86,0.3000000000000007,0.2355192754175009,0.2641890774183438,0.2560072355817552,NEAR,NEAR,0.6,1,,,0.01,300
C2_n0.01_d300_r04,C2,202631,11.18,10.88,0.29999999999999893,0.2362713824106862,0.23648996580084886,0.2511279181365286,NEAR,NEAR,0.6,1,,,0.01,300
C2_n0.01_d300_r04,C2,202631,11.2,10.9,0.29999999999999893,0.23733508111746973,0.23748599436684117,0.24771743719410674,NEAR,NEAR,0.6,1,,,0.01,300
C2_n0.01_d300_r04,C2,202631,11.22,10.92,0.3000000000000007,0.23868622928895847,0.24713431693040988,0.24757165712818252,NEAR,NEAR,0.6,1,,,0.01,300
C2_n0.01_d300_r04,C2,202631,11.24,10.94,0.3000000000000007,0.24029416057645833,0.2569311769301097,0.24991153707866431,NEAR,NEAR,0.6,1,,,0.01,300
C2_n0.01_d300_r04,C2,202631,11.26,10.96,0.29999999999999893,0.24212238055058055,0.24475635295227,0.24862274104706572,NEAR,NEAR,0.6,1,,,0.01,300
C2_n0.01_d300_r04,C2,202631,11.28,10.98,0.29999999999999893,0.2441293949974419,0.24825809286429204,0.2485315790013723,NEAR,NEAR,0.6,1,,,0.01,300
C2_n0.01_d300_r04,C2,202631,11.3,11.0,0.3000000000000007,0.24626965169252724,0.25414964246672744,0.2499360948677111,NEAR,NEAR,0.6,1,,,0.01,300
C2_n0.01_d300_r04,C2,202631,11.32,11.02,0.3000000000000007,0.2484945742772318,0.2453681099803131,0.2487940986458616,NEAR,NEAR,0.6,1,,,0.01,300
C2_n0.01_d300_r04,C2,202631,11.34,11.04,0.3000000000000007,0.25075366477269656,0.2362304009750299,0.24565317422815366,NEAR,NEAR,0.6,1,,,0.01,300
C2_n0.01_d300_r04,C2,202631,11.36,11.06,0.29999999999999893,0.252995649707716,0.2365982867115379,0.24338945234899972,NEAR,NEAR,0.6,1,,,0.01,300
C2_n0.01_d300_r04,C2,202631,11.38,11.08,0.3000000000000007,0.2551696438476178,0.2545816148417373,0.24618749297218412,NEAR,NEAR,0.6,1,,,0.01,300
C2_n0.01_d300_r04,C2,202631,11.4,11.1,0.3000000000000007,0.2572263051115258,0.2533407424793326,0.24797580534897123,NEAR,NEAR,0.6,1,,,0.01,300
C2_n0.01_d300_r04,C2,202631,11.42,11.12,0.3000000000000007,0.25911895446541905,0.25000716606432916,0.24848364552781071,NEAR,NEAR,0.6,1,,,0.01,300
C2_n0.01_d300_r04,C2,202631,11.44,11.14,0.29999999999999893,0.26080463537331855,0.2213564483154997,0.24170184622473295,NEAR,NEAR,0.6,1,,,0.01,300
C2_n0.01_d300_r04,C2,202631,11.46,11.16,0.3000000000000007,0.2622450887607578,0.23465990976039575,0.23994136210864866,NEAR,NEAR,0.6,1,,,0.01,300
C2_n0.01_d300_r04,C2,202631,11.48,11.18,0.3000000000000007,0.263407621362269,0.23146754999540992,0.23782290908033898,NEAR,NEAR,0.6,1,,,0.01,300
C2_n0.01_d300_r04,C2,202631,11.5,11.2,0.3000000000000007,0.2642658477444273,0.22818759656929194,0.2354140809525772,NEAR,NEAR,0.6,1,,,0.01,300
C2_n0.01_d300_r04,C2,202631,11.52,11.22,0.29999999999999893,0.264800289163118,0.22268901180135542,0.23223281366477178,NEAR,NEAR,0.6,1,,,0.01,300
C2_n0.01_d300_r04,C2,202631,11.54,11.24,0.29999999999999893,0.2649988156630572,0.23796113384868128,0.23366489371074917,NEAR,NEAR,0.6,1,,,0.01,300
C2_n0.01_d300_r04,C2,202631,11.56,11.26,0.3000000000000007,0.26485692138544975,0.2210407501078602,0.23050885781002692,NEAR,NEAR,0.6,1,,,0.01,300
C2_n0.01_d300_r04,C2,202631,11.58,11.28,0.3000000000000007,0.2643778268352606,0.24133028849674093,0.2332142154817054,NEAR,NEAR,0.6,1,,,0.01,300
C2_n0.01_d300_r04,C2,202631,11.6,11.3,0.29999999999999893,0.2635724057869903,0.2521186951746869,0.23794033540495077,NEAR,NEAR,0.6,1,,,0.01,300
C2_n0.01_d300_r04,C2,202631,11.62,11.32,0.29999999999999893,0.2624589384879373,0.24479913104506756,0.23965503431497998,NEAR,NEAR,0.6,1,,,0.01,300
C2_n0.01_d300_r04,C2,202631,11.64,11.34,0.3000000000000007,0.2610626967603726,0.25726761699567247,0.2440581799851531,NEAR,NEAR,0.6,1,,,0.01,300
C2_n0.01_d300_r04,C2,202631,11.66,11.36,0.3000000000000007,0.2594153704193605,0.259437374095628,0.24790297851277182,NEAR,NEAR,0.6,1,,,0.01,300
C2_n0.01_d300_r04,C2,202631,11.68,11.38,0.29999999999999893,0.2575543480245365,0.24749374961229775,0.24780067128765332,NEAR,NEAR,0.6,1,,,0.01,300
C2_n0.01_d300_r04,C2,202631,11.7,11.4,0.29999999999999893,0.25552186829027024,0.263226689426584,0.251657175822386,NEAR,NEAR,0.6,1,,,0.01,300
C2_n0.01_d300_r04,C2,202631,11.72,11.42,0.3000000000000007,0.25336406141424067,0.253148930891294,0.252030114589613,NEAR,NEAR,0.6,1,,,0.01,300
C2_n0.01_d300_r04,C2,202631,11.74,11.44,0.3000000000000007,0.25112990208291897,0.26604961190782206,0.25553498891916526,NEAR,NEAR,0.6,1,,,0.01,300
C2_n0.01_d300_r04,C2,202631,11.76,11.46,0.29999999999999893,0.24887009791708103,0.2637302374873307,0.2575838010612066,NEAR,NEAR,0.6,1,,,0.01,300
C2_n0.01_d300_r04,C2,202631,11.78,11.48,0.29999999999999893,0.24663593858575936,0.25196713795519904,0.2561796352847047,NEAR,NEAR,0.6,1,,,0.01,300
C2_n0.01_d300_r04,C2,202631,11.8,11.5,0.3000000000000007,0.2444781317097298,0.255905809471161,0.2561111788313188,NEAR,NEAR,0.6,1,,,0.01,300
C2_n0.01_d300_r04,C2,202631,11.82,11.52,0.3000000000000007,0.24244565197546356,0.2574601592485921,0.2564484239356371,NEAR,NEAR,0.6,1,,,0.01,300
C2_n0.01_d300_r04,C2,202631,11.84,11.54,0.3000000000000007,0.2405846295806395,0.2608668214949734,0.2575530233254712,NEAR,NEAR,0.6,1,,,0.01,300
C2_n0.01_d300_r04,C2,202631,11.86,11.56,0.29999999999999893,0.23893730323962745,0.25978925369008465,0.2581120809166245,NEAR,NEAR,0.6,1,,,0.01,300
C2_n0.01_d300_r04,C2,202631,11.88,11.58,0.3000000000000007,0.23754106151206278,0.2681336870374489,0.2606174824468306,NEAR,NEAR,0.6,1,,,0.01,300
C2_n0.01_d300_r04,C2,202631,11.9,11.6,0.3000000000000007,0.23642759421300968,0.25825206867365275,0.2600261290035361,NEAR,NEAR,0.6,1,,,0.01,300
C2_n0.01_d300_r04,C2,202631,11.92,11.62,0.3000000000000007,0.23562217316473938,0.2654551696873628,0.2613833891744928,NEAR,NEAR,0.6,1,,,0.01,300
C2_n0.01_d300_r04,C2,202631,11.94,11.64,0.29999999999999893,0.23514307861455025,0.2549769096393345,0.2597817692907032,NEAR,NEAR,0.6,1,,,0.01,300
C2_n0.01_d300_r04,C2,202631,11.96,11.66,0.3000000000000007,0.23500118433694275,0.2609098956862405,0.2600638008895875,NEAR,NEAR,0.6,1,,,0.01,300
C2_n0.01_d300_r04,C2,202631,11.98,11.68,0.3000000000000007,0.235199710836882,0.25466940430888785,0.25871520174441265,NEAR,NEAR,0.6,1,,,0.01,300
C2_n0.01_d300_r04,C2,202631,12.0,11.7,0.3000000000000007,0.25,0.2543332031348653,0.2576197020920258,NEAR,NEAR,0.6,1,,,0.01,300
C2_n0.01_d300_r04,C2,202631,12.02,11.72,0.29999999999999893,0.25175,0.2562093415218923,0.2572671119494924,NEAR,NEAR,0.6,1,,,0.01,300
C2_n0.01_d300_r04,C2,202631,12.04,11.74,0.29999999999999893,0.25349999999999995,0.2638730961832682,0.25891860800793637,NEAR,NEAR,0.6,1,,,0.01,300
C2_n0.01_d300_r04,C2,202631,12.06,11.76,0.3000000000000007,0.25525000000000003,0.2531807927771168,0.25748415420023146,NEAR,NEAR,0.6,1,,,0.01,300
C2_n0.01_d300_r04,C2,202631,12.08,11.78,0.3000000000000007,0.257,0.236263460795987,0.25217898084917034,NEAR,NEAR,0.6,1,,,0.01,300
C2_n0.01_d300_r04,C2,202631,12.1,11.8,0.29999999999999893,0.25875,0.2470372525440755,0.2508935487728966,NEAR,NEAR,0.6,1,,,0.01,300
C2_n0.01_d300_r04,C2,202631,12.12,11.82,0.29999999999999893,0.26049999999999995,0.22548928939742585,0.24454248392902891,NEAR,NEAR,0.6,1,,,0.01,300
C2_n0.01_d300_r04,C2,202631,12.14,11.84,0.3000000000000007,0.26225000000000004,0.24580878532347383,0.24485905927764015,NEAR,NEAR,0.6,1,,,0.01,300
C2_n0.01_d300_r04,C2,202631,12.16,11.86,0.3000000000000007,0.264,0.2284527903120275,0.24075749203623698,NEAR,NEAR,0.6,1,,,0.01,300
C2_n0.01_d300_r04,C2,202631,12.18,11.88,0.29999999999999893,0.26575,0.22716930809364497,0.23736044605058898,NEAR,NEAR,0.6,1,,,0.01,300
C2_n0.01_d300_r04,C2,202631,12.2,11.9,0.29999999999999893,0.26749999999999996,0.2253110866003594,0.2343481061880316,NEAR,NEAR,0.6,1,,,0.01,300
C2_n0.01_d300_r04,C2,202631,12.22,11.92,0.3000000000000007,0.26925000000000004,0.26022531517501785,0.24081740843477817,NEAR,NEAR,0.6,1,,,0.01,300
C2_n0.01_d300_r04,C2,202631,12.24,11.94,0.3000000000000007,0.271,0.2462250115519865,0.24216930921408025,NEAR,NEAR,0.6,1,,,0.01,300
C2_n0.01_d300_r04,C2,202631,12.26,11.96,0.29999999999999893,0.27275,0.2337052875128171,0.2400533037887645,NEAR,NEAR,0.6,1,,,0.01,300
C2_n0.01_d300_r04,C2,202631,12.28,11.98,0.29999999999999893,0.27449999999999997,0.23321973549691205,0.2383449117158014,NEAR,NEAR,0.6,1,,,0.01,300
C2_n0.01_d300_r04,C2,202631,12.3,12.0,0.3000000000000007,0.27625000000000005,0.25916995864410497,0.2435511734478773,NEAR,NEAR,0.6,1,,,0.01,300
C2_n0.01_d300_r04,C2,202631,12.32,12.02,0.3000000000000007,0.278,0.23795457545175253,0.2421520239488461,NEAR,NEAR,0.6,1,,,0.01,300
C2_n0.01_d300_r04,C2,202631,12.34,12.04,0.3000000000000007,0.27975,0.2585556297591608,0.24625292540142477,NEAR,NEAR,0.6,1,,,0.01,300
C2_n0.01_d300_r04,C2,202631,12.36,12.06,0.29999999999999893,0.2815,0.2565736447747517,0.2488331052447565,NEAR,NEAR,0.6,1,,,0.01,300
C2_n0.01_d300_r04,C2,202631,12.38,12.08,0.3000000000000007,0.28325000000000006,0.2721583498679964,0.2546644164005665,NEAR,NEAR,0.6,1,,,0.01,300
C2_n0.01_d300_r04,C2,202631,12.4,12.1,0.3000000000000007,0.28500000000000003,0.2614445074421723,0.25635943916096793,NEAR,NEAR,0.6,1,,,0.01,300
C2_n0.01_d300_r04,C2,202631,12.42,12.12,0.3000000000000007,0.28675,0.2536625643510093,0.2556852204584783,NEAR,NEAR,0.6,1,,,0.01,300
C2_n0.01_d300_r04,C2,202631,12.44,12.14,0.29999999999999893,0.2885,0.2641589749687673,0.2578036590860505,NEAR,NEAR,0.6,1,,,0.01,300
C2_n0.01_d300_r04,C2,202631,12.46,12.16,0.3000000000000007,0.29025000000000006,0.2740457146917003,0.26186417298746295,NEAR,NEAR,0.6,1,,,0.01,300
C2_n0.01_d300_r04,C2,202631,12.48,12.18,0.3000000000000007,0.29200000000000004,0.2503668493984831,0.258989842090218,NEAR,NEAR,0.6,1,,,0.01,300
C2_n0.01_d300_r04,C2,202631,12.5,12.2,0.3000000000000007,0.29375,0.2706879695175703,0.2619143739470561,NEAR,NEAR,0.6,1,,,0.01,300
C2_n0.01_d300_r04,C2,202631,12.52,12.22,0.29999999999999893,0.2955,0.2693319627759035,0.26376877115426794,NEAR,NEAR,0.6,1,,,0.01,300
C2_n0.01_d300_r04,C2,202631,12.54,12.24,0.29999999999999893,0.2972499999999999,0.2774635750715496,0.2671924721335883,NEAR,NEAR,0.6,1,,,0.01,300
C2_n0.01_d300_r04,C2,202631,12.56,12.26,0.3000000000000007,0.29900000000000004,0.27512775844515686,0.26917629371148044,NEAR,NEAR,0.6,1,,,0.01,300
C2_n0.01_d300_r04,C2,202631,12.58,12.28,0.3000000000000007,0.30075,0.28249240409615534,0.27250532130764915,NEAR,NEAR,0.6,1,,,0.01,300
C2_n0.01_d300_r04,C2,202631,12.6,12.3,0.29999999999999893,0.3025,0.2773601411911212,0.2737190262785172,NEAR,NEAR,0.6,1,,,0.01,300
C2_n0.01_d300_r04,C2,202631,12.62,12.32,0.29999999999999893,0.3042499999999999,0.2708227137973295,0.27299494815822023,NEAR,NEAR,0.6,1,,,0.01,300
C2_n0.01_d300_r04,C2,202631,12.64,12.34,0.3000000000000007,0.30600000000000005,0.28737550261984757,0.27659008677362706,NEAR,NEAR,0.6,1,,,0.01,300
C2_n0.01_d300_r04,C2,202631,12.66,12.36,0.3000000000000007,0.30775,0.2716096768769831,0.2753449842994661,NEAR,NEAR,0.6,1,,,0.01,300
C2_n0.01_d300_r04,C2,202631,12.68,12.38,0.29999999999999893,0.3095,0.29463641637758864,0.2801678423189967,NEAR,NEAR,0.6,1,,,0.01,300
C2_n0.01_d300_r04,C2,202631,12.7,12.4,0.29999999999999893,0.3112499999999999,0.26105100944899406,0.27538863410149605,NEAR,NEAR,0.6,1,,,0.01,300
C2_n0.01_d300_r04,C2,202631,12.72,12.42,0.3000000000000007,0.31300000000000006,0.296805786892612,0.28074292229927506,NEAR,NEAR,0.6,1,,,0.01,300
C2_n0.01_d300_r04,C2,202631,12.74,12.44,0.3000000000000007,0.31475000000000003,0.28337076146756535,0.28139988209134764,NEAR,NEAR,0.6,1,,,0.01,300
C2_n0.01_d300_r04,C2,202631,12.76,12.46,0.29999999999999893,0.3165,0.28137054530634653,0.2813925478950974,NEAR,NEAR,0.6,1,,,0.01,300
C2_n0.01_d300_r04,C2,202631,12.78,12.48,0.29999999999999893,0.3182499999999999,0.2836841336588104,0.28196544433602566,NEAR,NEAR,0.6,1,,,0.01,300
C2_n0.01_d300_r04,C2,202631,12.8,12.5,0.3000000000000007,0.32000000000000006,0.29401172664410014,0.2849770149130443,NEAR,NEAR,0.6,1,,,0.01,300
C2_n0.01_d300_r04,C2,202631,12.82,12.52,0.3000000000000007,0.32175000000000004,0.29416753693874614,0.28727464541946973,NEAR,NEAR,0.6,1,,,0.01,300
C2_n0.01_d300_r04,C2,202631,12.84,12.54,0.3000000000000007,0.3235,0.301726743085844,0.2908876698360633,NEAR,NEAR,0.6,1,,,0.01,300
C2_n0.01_d300_r04,C2,202631,12.86,12.56,0.29999999999999893,0.32524999999999993,0.29424419870182045,0.29172680205250257,NEAR,NEAR,0.6,1,,,0.01,300
C2_n0.01_d300_r04,C2,202631,12.88,12.58,0.3000000000000007,0.32700000000000007,0.31914457918456396,0.2985812463355179,NEAR,NEAR,0.6,1,,,0.01,300
C2_n0.01_d300_r04,C2,202631,12.9,12.6,0.3000000000000007,0.32875000000000004,0.29138567662177595,0.2967823539070824,NEAR,NEAR,0.6,1,,,0.01,300
C2_n0.01_d300_r04,C2,202631,12.92,12.62,0.3000000000000007,0.3305,0.3142281339971366,0.301143798929596,NEAR,NEAR,0.6,1,,,0.01,300
C2_n0.01_d300_r04,C2,202631,12.94,12.64,0.29999999999999893,0.33224999999999993,0.28730339734363675,0.29768369853310617,NEAR,NEAR,0.6,1,,,0.01,300
C2_n0.01_d300_r04,C2,202631,12.96,12.66,0.3000000000000007,0.3340000000000001,0.30229278255239383,0.29883596953792807,NEAR,NEAR,0.6,1,,,0.01,300
C2_n0.01_d300_r04,C2,202631,12.98,12.68,0.3000000000000007,0.33575000000000005,0.3062563535037513,0.30069106552938385,NEAR,NEAR,0.6,1,,,0.01,300
C2_n0.01_d300_r04,C2,202631,13.0,12.7,0.3000000000000007,0.3375,0.30439007429786924,0.3016158177215052,NEAR,NEAR,0.6,1,,,0.01,300
C2_n0.01_d300_r04,C2,202631,13.02,12.72,0.29999999999999893,0.33924999999999994,0.33015804421731526,0.30875137434545774,NEAR,NEAR,0.6,1,,,0.01,300
C2_n0.01_d300_r04,C2,202631,13.04,12.74,0.29999999999999893,0.3409999999999999,0.32509631723793103,0.3128376100685761,NEAR,NEAR,0.6,1,,,0.01,300
C2_n0.01_d300_r04,C2,202631,13.06,12.76,0.3000000000000007,0.34275000000000005,0.32084900738567335,0.3148404593978504,NEAR,NEAR,0.6,1,,,0.01,300
C2_n0.01_d300_r04,C2,202631,13.08,12.78,0.3000000000000007,0.34450000000000003,0.30561502432739324,0.31253410063023607,NEAR,NEAR,0.6,1,,,0.01,300
C2_n0.01_d300_r04,C2,202631,13.1,12.8,0.29999999999999893,0.34624999999999995,0.3129640138586858,0.3126415789373485,NEAR,NEAR,0.6,1,,,0.01,300
C2_n0.01_d300_r04,C2,202631,13.12,12.82,0.29999999999999893,0.3479999999999999,0.32740954513093723,0.31633357048574573,NEAR,NEAR,0.6,1,,,0.01,300
C2_n0.01_d300_r04,C2,202631,13.14,12.84,0.3000000000000007,0.34975000000000006,0.3205783992650827,0.31739477768058,NEAR,NEAR,0.6,1,,,0.01,300
C2_n0.01_d300_r04,C2,202631,13.16,12.86,0.3000000000000007,0.35150000000000003,0.32926102234631577,0.32036133884701395,FAR,NEAR,0.6,1,,,0.01,300
C2_n0.01_d300_r04,C2,202631,13.18,12.88,0.29999999999999893,0.35324999999999995,0.32778292905807743,0.3222167363997798,FAR,NEAR,0.6,1,,,0.01,300
C2_n0.01_d300_r04,C2,202631,13.2,12.9,0.29999999999999893,0.3549999999999999,0.3189046202817549,0.3213887073702736,FAR,NEAR,0.6,1,,,0.01,300
C2_n0.01_d300_r04,C2,202631,13.22,12.92,0.3000000000000007,0.35675000000000007,0.32505605397772724,0.322305544022137,FAR,NEAR,0.6,1,,,0.01,300
C2_n0.01_d300_r04,C2,202631,13.24,12.94,0.3000000000000007,0.35850000000000004,0.3340151320097552,0.32523294101904154,FAR,NEAR,0.6,1,,,0.01,300
C2_n0.01_d300_r04,C2,202631,13.26,12.96,0.29999999999999893,0.36024999999999996,0.3281899679675898,0.3259721977561786,FAR,NEAR,0.6,1,,,0.01,300
C2_n0.01_d300_r04,C2,202631,13.28,12.98,0.29999999999999893,0.36199999999999993,0.3417672718212691,0.3299209662724512,FAR,NEAR,0.6,1,,,0.01,300
C2_n0.01_d300_r04,C2,202631,13.3,13.0,0.3000000000000007,0.3637500000000001,0.34059911523556036,0.3325905035132285,FAR,NEAR,0.6,1,,,0.01,300
C2_n0.01_d300_r04,C2,202631,13.32,13.02,0.3000000000000007,0.36550000000000005,0.34726188967020233,0.33625835005247195,FAR,NEAR,0.6,1,,,0.01,300
C2_n0.01_d300_r04,C2,202631,13.34,13.04,0.3000000000000007,0.36724999999999997,0.34163876984323616,0.33760345500016303,FAR,NEAR,0.6,1,,,0.01,300
C2_n0.01_d300_r04,C2,202631,13.36,13.06,0.29999999999999893,0.36899999999999994,0.3483209413720807,0.34028282659314246,FAR,NEAR,0.6,1,,,0.01,300
C2_n0.01_d300_r04,C2,202631,13.38,13.08,0.3000000000000007,0.3707500000000001,0.34805967557213346,0.3422270388378902,FAR,NEAR,0.6,1,,,0.01,300
C2_n0.01_d300_r04,C2,202631,13.4,13.1,0.3000000000000007,0.37250000000000005,0.3404019350199616,0.3417707628834081,FAR,NEAR,0.6,1,,,0.01,300
C2_n0.01_d300_r04,C2,202631,13.42,13.12,0.3000000000000007,0.37424999999999997,0.34483570320339313,0.3425369979634043,FAR,NEAR,0.6,1,,,0.01,300
C2_n0.01_d300_r04,C2,202631,13.44,13.14,0.29999999999999893,0.37599999999999995,0.3497474429764536,0.3443396092166666,FAR,NEAR,0.6,1,,,0.01,300
C2_n0.01_d300_r04,C2,202631,13.46,13.16,0.3000000000000007,0.37775000000000003,0.3581627942373497,0.3477954054718374,FAR,NEAR,0.6,1,,,0.01,300
C2_n0.01_d300_r04,C2,202631,13.48,13.18,0.3000000000000007,0.37950000000000006,0.34811478721698697,0.34787525090812477,FAR,NEAR,0.6,1,,,0.01,300
C2_n0.01_d300_r04,C2,202631,13.5,13.2,0.3000000000000007,0.38125,0.357009002868365,0.35015868889818486,FAR,NEAR,0.6,1,,,0.01,300
C2_n0.01_d300_r04,C2,202631,13.52,13.22,0.29999999999999893,0.38299999999999995,0.36147353789439457,0.35298740114723726,FAR,NEAR,0.6,1,,,0.01,300
C2_n0.01_d300_r04,C2,202631,13.54,13.24,0.29999999999999893,0.3847499999999999,0.37029724985802814,0.35731486332493495,FAR,NEAR,0.6,1,,,0.01,300
C2_n0.01_d300_r04,C2,202631,13.56,13.26,0.3000000000000007,0.38650000000000007,0.3501936864536713,0.355534569107119,FAR,NEAR,0.6,1,,,0.01,300
C2_n0.01_d300_r04,C2,202631,13.58,13.28,0.3000000000000007,0.38825,0.3564762896404582,0.3557699992404538,FAR,NEAR,0.6,1,,,0.01,300
C2_n0.01_d300_r04,C2,202631,13.6,13.3,0.29999999999999893,0.38999999999999996,0.3846376829236032,0.3629869201612411,FAR,NEAR,0.6,1,,,0.01,300
C2_n0.01_d300_r04,C2,202631,13.62,13.32,0.29999999999999893,0.39174999999999993,0.3632046617144845,0.36304135554955197,FAR,NEAR,0.6,1,,,0.01,300
C2_n0.01_d300_r04,C2,202631,13.64,13.34,0.3000000000000007,0.39350000000000007,0.3781968633655748,0.3668302325035577,FAR,NEAR,0.6,1,,,0.01,300
C2_n0.01_d300_r04,C2,202631,13.66,13.36,0.3000000000000007,0.39525,0.36931799146986083,0.36745217224513343,FAR,NEAR,0.6,1,,,0.01,300
C2_n0.01_d300_r04,C2,202631,13.68,13.38,0.29999999999999893,0.39699999999999996,0.3702628503185418,0.36815484176348556,FAR,NEAR,0.6,1,,,0.01,300
C2_n0.01_d300_r04,C2,202631,13.7,13.4,0.29999999999999893,0.39874999999999994,0.3756655900723024,0.3700325288406897,FAR,NEAR,0.6,1,,,0.01,300
C2_n0.01_d300_r04,C2,202631,13.72,13.42,0.3000000000000007,0.4005000000000001,0.37913847810023055,0.37230901615557493,FAR,NEAR,0.6,1,,,0.01,300
C2_n0.01_d300_r04,C2,202631,13.74,13.44,0.3000000000000007,0.40225,0.3739352988027485,0.3727155868173683,FAR,NEAR,0.6,1,,,0.01,300
C2_n0.01_d300_r04,C2,202631,13.76,13.46,0.29999999999999893,0.40399999999999997,0.3771495112193881,0.37382406791787326,FAR,NEAR,0.6,1,,,0.01,300
C2_n0.01_d300_r04,C2,202631,13.78,13.48,0.29999999999999893,0.40574999999999994,0.379101560842114,0.37514344114893344,FAR,NEAR,0.6,1,,,0.01,300
C2_n0.01_d300_r04,C2,202631,13.8,13.5,0.3000000000000007,0.4075000000000001,0.39815721831611683,0.3808968854407293,FAR,FAR,0.0,1,EXIT_NEAR,,0.01,300
C2_n0.01_d300_r04,C2,202631,13.82,13.52,0.3000000000000007,0.40925,0.36305543060855494,0.3764365217326857,FAR,FAR,0.0,1,,,0.01,300
C2_n0.01_d300_r04,C2,202631,13.84,13.54,0.3000000000000007,0.411,0.3634781518054541,0.37319692925087783,FAR,FAR,0.0,1,,,0.01,300
C2_n0.01_d300_r04,C2,202631,13.86,13.56,0.29999999999999893,0.41274999999999995,0.3875224234524984,0.37677830280128294,FAR,FAR,0.0,1,,,0.01,300
C2_n0.01_d300_r04,C2,202631,13.88,13.58,0.3000000000000007,0.4145000000000001,0.4037565568836305,0.3835228663218698,FAR,FAR,0.0,1,,,0.01,300
C2_n0.01_d300_r04,C2,202631,13.9,13.6,0.3000000000000007,0.41625,0.39413835225482124,0.38617673780510764,FAR,FAR,0.0,1,,,0.01,300
C2_n0.01_d300_r04,C2,202631,13.92,13.62,0.3000000000000007,0.418,0.4022439728570703,0.39019354656809835,FAR,FAR,0.0,1,,,0.01,300
C2_n0.01_d300_r04,C2,202631,13.94,13.64,0.29999999999999893,0.41974999999999996,0.3720699045169023,0.3856626360552993,FAR,FAR,0.0,1,,,0.01,300
C2_n0.01_d300_r04,C2,202631,13.96,13.66,0.3000000000000007,0.4215000000000001,0.38763722961232217,0.3861562844445551,FAR,FAR,0.0,1,,,0.01,300
C2_n0.01_d300_r04,C2,202631,13.98,13.68,0.3000000000000007,0.42325,0.41130305523071614,0.39244297714109533,FAR,FAR,0.0,1,,,0.01,300
C2_n0.01_d300_r04,C2,202631,14.0,13.7,0.3000000000000007,0.425,0.39484262403296333,0.39304288886406236,FAR,FAR,0.0,1,,,0.01,300
C2_n0.01_d300_r04,C2,202631,14.02,13.72,0.29999999999999893,0.42674999999999996,0.39937505703217296,0.39462593090609005,FAR,FAR,0.0,1,,,0.01,300
C2_n0.01_d300_r04,C2,202631,14.04,13.74,0.29999999999999893,0.4284999999999999,0.40875641135405283,0.39815855101808073,FAR,FAR,0.0,1,,,0.01,300
C2_n0.01_d300_r04,C2,202631,14.06,13.76,0.3000000000000007,0.43025,0.4171147375487016,0.40289759765073596,FAR,FAR,0.0,1,,,0.01,300
C2_n0.01_d300_r04,C2,202631,14.08,13.78,0.3000000000000007,0.432,0.4117061626622802,0.40509973890362205,FAR,FAR,0.0,1,,,0.01,300
C2_n0.01_d300_r04,C2,202631,14.1,13.8,0.29999999999999893,0.43374999999999997,0.42640105667465095,0.41042506834637926,FAR,FAR,0.0,1,,,0.01,300
C2_n0.01_d300_r04,C2,202631,14.12,13.82,0.29999999999999893,0.4354999999999999,0.39086096693256245,0.40553404299292506,FAR,FAR,0.0,1,,,0.01,300
C2_n0.01_d300_r04,C2,202631,14.14,13.84,0.3000000000000007,0.43725,0.39968335741294425,0.40407137159792983,FAR,FAR,0.0,1,,,0.01,300
C2_n0.01_d300_r04,C2,202631,14.16,13.86,0.3000000000000007,0.439,0.4103863682702511,0.40565012076601015,FAR,FAR,0.0,1,,,0.01,300
C2_n0.01_d300_r04,C2,202631,14.18,13.88,0.29999999999999893,0.44075,0.4175918772465335,0.408635559886141,FAR,FAR,0.0,1,,,0.01,300
C2_n0.01_d300_r04,C2,202631,14.2,13.9,0.29999999999999893,0.4424999999999999,0.42123822360545843,0.41178622581597035,FAR,FAR,0.0,1,,,0.01,300
C2_n0.01_d300_r04,C2,202631,14.22,13.92,0.3000000000000007,0.44425000000000003,0.4152179822636199,0.41264416492788275,FAR,FAR,0.0,1,,,0.01,300
C2_n0.01_d300_r04,C2,202631,14.24,13.94,0.3000000000000007,0.446,0.41228377171572644,0.4125540666248437,FAR,FAR,0.0,1,,,0.01,300
C2_n0.01_d300_r04,C2,202631,14.26,13.96,0.29999999999999893,0.44775,0.42739866932149095,0.41626521729900545,FAR,FAR,0.0,1,,,0.01,300
C2_n0.01_d300_r04,C2,202631,14.28,13.98,0.29999999999999893,0.4494999999999999,0.4052404503552299,0.4135090255630615,FAR,FAR,0.0,1,,,0.01,300
C2_n0.01_d300_r04,C2,202631,14.3,14.0,0.3000000000000007,0.45125000000000004,0.42912193953027383,0.4174122540548646,FAR,FAR,0.0,1,,,0.01,300
C2_n0.01_d300_r04,C2,202631,14.32,14.02,0.3000000000000007,0.453,0.43574299674418426,0.4219949397271945,FAR,FAR,0.0,1,,,0.01,300
C2_n0.01_d300_r04,C2,202631,14.34,14.04,0.3000000000000007,0.45475,0.4430417101886123,0.42725663234254896,FAR,FAR,0.0,1,,,0.01,300
C2_n0.01_d300_r04,C2,202631,14.36,14.06,0.29999999999999893,0.4564999999999999,0.42667069623228293,0.4271101483149825,FAR,FAR,0.0,1,,,0.01,300
C2_n0.01_d300_r04,C2,202631,14.38,14.08,0.3000000000000007,0.45825000000000005,0.43313244956599056,0.42861572362773454,FAR,FAR,0.0,1,,,0.01,300
C2_n0.01_d300_r04,C2,202631,14.4,14.1,0.3000000000000007,0.46,0.44434164678487165,0.43254720441701877,FAR,FAR,0.0,1,,,0.01,300
C2_n0.01_d300_r04,C2,202631,14.42,14.12,0.3000000000000007,0.46175,0.43325181928451256,0.4327233581338922,FAR,FAR,0.0,1,,,0.01,300
C2_n0.01_d300_r04,C2,202631,14.44,14.14,0.29999999999999893,0.4634999999999999,0.449524836736321,0.4369237277844994,FAR,FAR,0.0,1,,,0.01,300
C2_n0.01_d300_r04,C2,202631,14.46,14.16,0.3000000000000007,0.46525000000000005,0.4191472198636207,0.4324796008042797,FAR,FAR,0.0,1,,,0.01,300
C2_n0.01_d300_r04,C2,202631,14.48,14.18,0.3000000000000007,0.467,0.4570380229816485,0.4386192063486219,FAR,FAR,0.0,1,,,0.01,300
C2_n0.01_d300_r04,C2,202631,14.5,14.2,0.3000000000000007,0.46875,0.44619536219382555,0.4405132453099228,FAR,FAR,0.0,1,,,0.01,300
C2_n0.01_d300_r04,C2,202631,14.52,14.22,0.29999999999999893,0.4704999999999999,0.42790339508708264,0.43736078275421275,FAR,FAR,0.0,1,,,0.01,300
C2_n0.01_d300_r04,C2,202631,14.54,14.24,0.29999999999999893,0.47224999999999995,0.460307648465026,0.44309749918191604,FAR,FAR,0.0,1,,,0.01,300
C2_n0.01_d300_r04,C2,202631,14.56,14.26,0.3000000000000007,0.47400000000000003,0.4812594922743104,0.45263799745501465,FAR,FAR,0.0,1,,,0.01,300
C2_n0.01_d300_r04,C2,202631,14.58,14.28,0.3000000000000007,0.47575,0.45983764279675327,0.45443790879044926,FAR,FAR,0.0,1,,,0.01,300
C2_n0.01_d300_r04,C2,202631,14.6,14.3,0.29999999999999893,0.4774999999999999,0.4698547032010655,0.45829210739310333,FAR,FAR,0.0,1,,,0.01,300
C2_n0.01_d300_r04,C2,202631,14.62,14.32,0.29999999999999893,0.47924999999999995,0.44438577481690233,0.454815524249053,FAR,FAR,0.0,1,,,0.01,300
C2_n0.01_d300_r04,C2,202631,14.64,14.34,0.3000000000000007,0.48100000000000004,0.4581200010772494,0.45564164345610214,FAR,FAR,0.0,1,,,0.01,300
C2_n0.01_d300_r04,C2,202631,14.66,14.36,0.3000000000000007,0.48275,0.46459014197231807,0.45787876808515615,FAR,FAR,0.0,1,,,0.01,300
C2_n0.01_d300_r04,C2,202631,14.68,14.38,0.29999999999999893,0.48449999999999993,0.4429657866421676,0.45415052272440903,FAR,FAR,0.0,1,,,0.01,300
C2_n0.01_d300_r04,C2,202631,14.7,14.4,0.29999999999999893,0.48624999999999996,0.449690663774276,0.4530355579868758,FAR,FAR,0.0,1,,,0.01,300
C2_n0.01_d300_r04,C2,202631,14.72,14.42,0.3000000000000007,0.48800000000000004,0.45987144043222633,0.45474452859821346,FAR,FAR,0.0,1,,,0.01,300
C2_n0.01_d300_r04,C2,202631,14.74,14.44,0.3000000000000007,0.48975,0.4378747246193056,0.4505270776034865,FAR,FAR,0.0,1,,,0.01,300
C2_n0.01_d300_r04,C2,202631,14.76,14.46,0.29999999999999893,0.49149999999999994,0.4488862950767012,0.4501168819717902,FAR,FAR,0.0,1,,,0.01,300
C2_n0.01_d300_r04,C2,202631,14.78,14.48,0.29999999999999893,0.49324999999999997,0.4680783791190688,0.4546072562586098,FAR,FAR,0.0,1,,,0.01,300
C2_n0.01_d300_r04,C2,202631,14.8,14.5,0.3000000000000007,0.49500000000000005,0.4747043257408841,0.45963152362917836,FAR,FAR,0.0,1,,,0.01,300
C2_n0.01_d300_r04,C2,202631,14.82,14.52,0.3000000000000007,0.49675,0.48100679742790503,0.46497534207886004,FAR,FAR,0.0,1,,,0.01,300
C2_n0.01_d300_r04,C2,202631,14.84,14.54,0.3000000000000007,0.49849999999999994,0.4735784293454468,0.46712611389550673,FAR,FAR,0.0,1,,,0.01,300
C2_n0.01_d300_r04,C2,202631,14.86,14.56,0.29999999999999893,0.5002499999999999,0.4803260940528835,0.47042610893485093,FAR,FAR,0.0,1,,,0.01,300
C2_n0.01_d300_r04,C2,202631,14.88,14.58,0.3000000000000007,0.502,0.46889058900674974,0.47004222895282566,FAR,FAR,0.0,1,,,0.01,300
C2_n0.01_d300_r04,C2,202631,14.9,14.6,0.3000000000000007,0.50375,0.4752115390039469,0.47133455646560596,FAR,FAR,0.0,1,,,0.01,300
C2_n0.01_d300_r04,C2,202631,14.92,14.62,0.3000000000000007,0.5055000000000001,0.47190915018766605,0.47147820489612097,FAR,FAR,0.0,1,,,0.01,300
C2_n0.01_d300_r04,C2,202631,14.94,14.64,0.29999999999999893,0.50725,0.48404497852931727,0.47461989830442003,FAR,FAR,0.0,1,,,0.01,300
C2_n0.01_d300_r04,C2,202631,14.96,14.66,0.3000000000000007,0.5090000000000001,0.49389114570704795,0.47943771015507697,FAR,FAR,0.0,1,,,0.01,300
C2_n0.01_d300_r04,C2,202631,14.98,14.68,0.3000000000000007,0.51075,0.4791183593334596,0.47935787244967265,FAR,FAR,0.0,1,,,0.01,300
C2_n0.01_d300_r04,C2,202631,15.0,14.7,0.3000000000000007,0.5125,0.4763961011418519,0.4786174296227174,FAR,FAR,0.0,1,,,0.01,300
C2_n0.01_d300_r04,C2,202631,15.02,14.72,0.29999999999999893,0.5142499999999999,0.4918843990252619,0.48193417197335353,FAR,FAR,0.0,1,,,0.01,300
C2_n0.01_d300_r04,C2,202631,15.04,14.74,0.29999999999999893,0.5159999999999999,0.4865635508252407,0.48309151668632533,FAR,FAR,0.0,1,,,0.01,300
C2_n0.01_d300_r04,C2,202631,15.06,14.76,0.3000000000000007,0.51775,0.488894585092059,0.48454228378775877,FAR,FAR,0.0,1,,,0.01,300
C2_n0.01_d300_r04,C2,202631,15.08,14.78,0.3000000000000007,0.5195,0.5008301705216037,0.48861425547121995,FAR,FAR,0.0,1,,,0.01,300
C2_n0.01_d300_r04,C2,202631,15.1,14.8,0.29999999999999893,0.52125,0.5144515616638745,0.4950735820193836,FAR,FAR,0.0,1,,,0.01,300
C2_n0.01_d300_r04,C2,202631,15.12,14.82,0.29999999999999893,0.5229999999999999,0.4884467222519195,0.4934168670775176,FAR,FAR,0.0,1,,,0.01,300
C2_n0.01_d300_r04,C2,202631,15.14,14.84,0.3000000000000007,0.52475,0.49932621931031784,0.49489420513571764,FAR,FAR,0.0,1,,,0.01,300
C2_n0.01_d300_r04,C2,202631,15.16,14.86,0.3000000000000007,0.5265,0.49818800263804425,0.4957176545112993,FAR,FAR,0.0,1,,,0.01,300
C2_n0.01_d300_r04,C2,202631,15.18,14.88,0.29999999999999893,0.5282499999999999,0.5018931483828724,0.49726152797919254,FAR,FAR,0.0,1,,,0.01,300
C2_n0.01_d300_r04,C2,202631,15.2,14.9,0.29999999999999893,0.5299999999999999,0.5115824867991874,0.5008417676841912,FAR,FAR,0.0,1,,,0.01,300
C2_n0.01_d300_r04,C2,202631,15.22,14.92,0.3000000000000007,0.5317500000000001,0.5218327179658593,0.5060895052546082,FAR,FAR,0.0,1,,,0.01,300
C2_n0.01_d300_r04,C2,202631,15.24,14.94,0.3000000000000007,0.5335,0.5157971902281693,0.5085164264979984,FAR,FAR,0.0,1,,,0.01,300
C2_n0.01_d300_r04,C2,202631,15.26,14.96,0.29999999999999893,0.53525,0.509445205258311,0.5087486211880766,FAR,FAR,0.0,1,,,0.01,300
C2_n0.01_d300_r04,C2,202631,15.28,14.98,0.29999999999999893,0.5369999999999999,0.5130730272871229,0.5098297227128381,FAR,FAR,0.0,1,,,0.01,300
C2_n0.01_d300_r04,C2,202631,15.3,15.0,0.3000000000000007,0.5387500000000001,0.5255025668275844,0.5137479337415247,FAR,FAR,0.0,1,,,0.01,300
C2_n0.01_d300_r04,C2,202631,15.32,15.02,0.3000000000000007,0.5405,0.5153560399220557,0.5141499602866575,FAR,FAR,0.0,1,,,0.01,300
C2_n0.01_d300_r04,C2,202631,15.34,15.04,0.3000000000000007,0.5422499999999999,0.5167898468394059,0.5148099319248446,FAR,FAR,0.0,1,,,0.01,300
C2_n0.01_d300_r04,C2,202631,15.36,15.06,0.29999999999999893,0.5439999999999999,0.4998606743614384,0.511072617533993,FAR,FAR,0.0,1,,,0.01,300
C2_n0.01_d300_r04,C2,202631,15.38,15.08,0.3000000000000007,0.5457500000000001,0.5248398269325352,0.5145144198836286,FAR,FAR,0.0,1,,,0.01,300
C2_n0.01_d300_r04,C2,202631,15.4,15.1,0.3000000000000007,0.5475,0.5180855262313763,0.5154071964705655,FAR,FAR,0.0,1,,,0.01,300
C2_n0.01_d300_r04,C2,202631,15.42,15.12,0.3000000000000007,0.54925,0.5363329104471696,0.5206386249647166,FAR,FAR,0.0,1,,,0.01,300
C2_n0.01_d300_r04,C2,202631,15.44,15.14,0.29999999999999893,0.5509999999999999,0.512049561535713,0.5184913591074657,FAR,FAR,0.0,1,,,0.01,300
C2_n0.01_d300_r04,C2,202631,15.46,15.16,0.3000000000000007,0.5527500000000001,0.5312398599769264,0.5216784843248309,FAR,FAR,0.0,1,,,0.01,300
C2_n0.01_d300_r04,C2,202631,15.48,15.18,0.3000000000000007,0.5545,0.5246084514751478,0.52241097611241,FAR,FAR,0.0,1,,,0.01,300
C2_n0.01_d300_r04,C2,202631,15.5,15.2,0.3000000000000007,0.5562499999999999,0.5385409648607035,0.5264434732994834,FAR,FAR,0.0,1,,,0.01,300
C2_n0.01_d300_r04,C2,202631,15.52,15.22,0.29999999999999893,0.5579999999999999,0.5337086123836687,0.5282597580705297,FAR,FAR,0.0,1,,,0.01,300
C2_n0.01_d300_r04,C2,202631,15.54,15.24,0.29999999999999893,0.55975,0.5291456196727322,0.5284812234710803,FAR,FAR,0.0,1,,,0.01,300
C2_n0.01_d300_r04,C2,202631,15.56,15.26,0.3000000000000007,0.5615,0.5500801104075662,0.5338809452052018,FAR,FAR,0.0,1,,,0.01,300
C2_n0.01_d300_r04,C2,202631,15.58,15.28,0.3000000000000007,0.56325,0.546828323768702,0.5371177898460768,FAR,FAR,0.0,1,,,0.01,300
C2_n0.01_d300_r04,C2,202631,15.6,15.3,0.29999999999999893,0.565,0.5427052517189386,0.5385146553142923,FAR,FAR,0.0,1,,,0.01,300
C2_n0.01_d300_r04,C2,202631,15.62,15.32,0.29999999999999893,0.5667499999999999,0.5326051758494389,0.5370372854480789,FAR,FAR,0.0,1,,,0.01,300
C2_n0.01_d300_r04,C2,202631,15.64,15.34,0.3000000000000007,0.5685,0.553516339344813,0.5411570489222625,FAR,FAR,0.0,1,,,0.01,300
C2_n0.01_d300_r04,C2,202631,15.66,15.36,0.3000000000000007,0.5702499999999999,0.5532355158433131,0.5441766656525251,FAR,FAR,0.0,1,,,0.01,300
C2_n0.01_d300_r04,C2,202631,15.68,15.38,0.29999999999999893,0.572,0.5568034016825787,0.5473333496600385,FAR,FAR,0.0,1,,,0.01,300
C2_n0.01_d300_r04,C2,202631,15.7,15.4,0.29999999999999893,0.57375,0.5542702149525217,0.5490675659831593,FAR,FAR,0.0,1,,,0.01,300
C2_n0.01_d300_r04,C2,202631,15.72,15.42,0.3000000000000007,0.5755,0.5557516694664697,0.5507385918539869,FAR,FAR,0.0,1,,,0.01,300
C2_n0.01_d300_r04,C2,202631,15.74,15.44,0.3000000000000007,0.57725,0.5372738844060646,0.5473724149920063,FAR,FAR,0.0,1,,,0.01,300
C2_n0.01_d300_r04,C2,202631,15.76,15.46,0.29999999999999893,0.579,0.5520739253079908,0.5485477925710024,FAR,FAR,0.0,1,,,0.01,300
C2_n0.01_d300_r04,C2,202631,15.78,15.48,0.29999999999999893,0.5807499999999999,0.5451945945839963,0.5477094930742509,FAR,FAR,0.0,1,,,0.01,300
C2_n0.01_d300_r04,C2,202631,15.8,15.5,0.3000000000000007,0.5825,0.5591200488107776,0.5505621320083826,FAR,FAR,0.0,1,,,0.01,300
C2_n0.01_d300_r04,C2,202631,15.82,15.52,0.3000000000000007,0.5842499999999999,0.5556783348236473,0.5518411827121987,FAR,FAR,0.0,1,,,0.01,300
C2_n0.01_d300_r04,C2,202631,15.84,15.54,0.3000000000000007,0.586,0.5358381068666441,0.54784041375081,FAR,FAR,0.0,1,,,0.01,300
C2_n0.01_d300_r04,C2,202631,15.86,15.56,0.29999999999999893,0.58775,0.5670558311902513,0.5526442681106704,FAR,FAR,0.0,1,,,0.01,300
C2_n0.01_d300_r04,C2,202631,15.88,15.58,0.3000000000000007,0.5895,0.5669011992057036,0.5562085008844286,FAR,FAR,0.0,1,,,0.01,300
C2_n0.01_d300_r04,C2,202631,15.9,15.6,0.3000000000000007,0.59125,0.573800667242471,0.5606065424739393,FAR,FAR,0.0,1,,,0.01,300
C2_n0.01_d300_r04,C2,202631,15.92,15.62,0.3000000000000007,0.593,0.5650591661107651,0.5617196983831457,FAR,FAR,0.0,1,,,0.01,300
C2_n0.01_d300_r04,C2,202631,15.94,15.64,0.29999999999999893,0.5947499999999999,0.558808533121469,0.5609919070677266,FAR,FAR,0.0,1,,,0.01,300
C2_n0.01_d300_r04,C2,202631,15.96,15.66,0.3000000000000007,0.5965,0.567960537694985,0.5627340647245411,FAR,FAR,0.0,1,,,0.01,300
C2_n0.01_d300_r04,C2,202631,15.98,15.68,0.3000000000000007,0.59825,0.575878584099587,0.5660201945683025,FAR,FAR,0.0,1,,,0.01,300
C2_n0.01_d300_r04,C2,202631,16.0,15.7,0.3000000000000007,0.6,0.5834265556118728,0.5703717848291951,FAR,FAR,0.0,1,,,0.01,300
C2_n0.01_d300_r04,C2,202631,16.02,15.72,0.29999999999999893,0.6,0.5603723008333847,0.5678719138302426,FAR,FAR,0.0,1,,,0.01,300
C2_n0.01_d300_r04,C2,202631,16.04,15.74,0.29999999999999893,0.6,0.5714621314412053,0.5687694682329832,FAR,FAR,0.0,1,,,0.01,300
C2_n0.01_d300_r04,C2,202631,16.06,15.76,0.29999999999999893,0.6,0.5775097918416969,0.5709545491351617,FAR,FAR,0.0,1,,,0.01,300
C2_n0.01_d300_r04,C2,202631,16.08,15.78,0.29999999999999893,0.6,0.56018039280389,0.5682610100523438,FAR,FAR,0.0,1,,,0.01,300
C2_n0.01_d300_r04,C2,202631,16.1,15.8,0.3000000000000007,0.6,0.5928936350635928,0.574419166305156,FAR,FAR,0.0,1,,,0.01,300
C2_n0.01_d300_r04,C2,202631,16.12,15.82,0.3000000000000007,0.6,0.5929968821986203,0.579063595278522,FAR,FAR,0.0,1,,,0.01,300
C2_n0.01_d300_r04,C2,202631,16.14,15.84,0.3000000000000007,0.6,0.5838006479244654,0.5802478584400078,FAR,FAR,0.0,1,,,0.01,300
C2_n0.01_d300_r04,C2,202631,16.16,15.86,0.3000000000000007,0.6,0.603537881074235,0.5860703640985646,FAR,FAR,0.0,1,,,0.01,300
C2_n0.01_d300_r04,C2,202631,16.18,15.88,0.29999999999999893,0.6,0.6027388243069621,0.590237479150664,FAR,FAR,0.0,1,,,0.01,300
C2_n0.01_d300_r04,C2,202631,16.2,15.9,0.29999999999999893,0.6,0.5887674428878397,0.5898699700849579,FAR,FAR,0.0,1,,,0.01,300
C2_n0.01_d300_r04,C2,202631,16.22,15.92,0.29999999999999893,0.6,0.590185187108838,0.589948774340928,FAR,FAR,0.0,1,,,0.01,300
C2_n0.01_d300_r04,C2,202631,16.24,15.94,0.29999999999999893,0.6,0.5849665879589576,0.5887032277454354,FAR,FAR,0.0,1,,,0.01,300
C2_n0.01_d300_r04,C2,202631,16.26,15.96,0.3000000000000007,0.6,0.6043098978460293,0.5926048952705838,FAR,FAR,0.0,1,,,0.01,300
C2_n0.01_d300_r04,C2,202631,16.28,15.98,0.3000000000000007,0.6,0.5948930136617597,0.5931769248683778,FAR,FAR,0.0,1,,,0.01,300
C2_n0.01_d300_r04,C2,202631,16.3,16.0,0.3000000000000007,0.6,0.6049973010458345,0.5961320189127419,FAR,FAR,0.0,1,,,0.01,300
C2_n0.01_d300_r04,C2,202631,16.32,16.02,0.3000000000000007,0.6,0.6081386442658829,0.5991336752510272,FAR,FAR,0.0,1,,,0.01,300
C2_n0.01_d300_r04,C2,202631,16.34,16.04,0.3000000000000007,0.6,0.6260332259212227,0.6058585629185761,FAR,FAR,0.0,1,,,0.01,300
C2_n0.01_d300_r04,C2,202631,16.36,16.06,0.3000000000000007,0.6,0.6131103798769211,0.6076715171581624,FAR,FAR,0.0,1,,,0.01,300
C2_n0.01_d300_r04,C2,202631,16.38,16.08,0.3000000000000007,0.6,0.599346481031417,0.605590258126476,FAR,FAR,0.0,1,,,0.01,300
C2_n0.01_d300_r04,C2,202631,16.4,16.1,0.29999999999999716,0.6,0.5892735838561016,0.6015110895588824,FAR,FAR,0.0,1,,,0.01,300
C2_n0.01_d300_r04,C2,202631,16.42,16.12,0.3000000000000007,0.6,0.6112337496511029,0.6039417545819376,FAR,FAR,0.0,1,,,0.01,300
C2_n0.01_d300_r04,C2,202631,16.44,16.14,0.3000000000000007,0.6,0.6022463890544291,0.6035179132000604,FAR,FAR,0.0,1,,,0.01,300
C2_n0.01_d300_r04,C2,202631,16.46,16.16,0.3000000000000007,0.6,0.5987195487748873,0.6023183220937671,FAR,FAR,0.0,1,,,0.01,300
C2_n0.01_d300_r04,C2,202631,16.48,16.18,0.3000000000000007,0.6,0.5887262732849642,0.5989203098915664,FAR,FAR,0.0,1,,,0.01,300
C2_n0.01_d300_r04,C2,202631,16.5,16.2,0.3000000000000007,0.6,0.5959647214379503,0.5981814127781624,FAR,FAR,0.0,1,,,0.01,300
C2_n0.01_d300_r04,C2,202631,16.52,16.22,0.3000000000000007,0.6,0.6038731506897845,0.5996043472560679,FAR,FAR,0.0,1,,,0.01,300
C2_n0.01_d300_r04,C2,202631,16.54,16.24,0.3000000000000007,0.6,0.6118991341435316,0.6026780439779338,FAR,FAR,0.0,1,,,0.01,300
C2_n0.01_d300_r04,C2,202631,16.56,16.26,0.29999999999999716,0.6,0.6010494725671953,0.6022709011252492,FAR,FAR,0.0,1,,,0.01,300
C2_n0.01_d300_r04,C2,202631,16.58,16.28,0.29999999999999716,0.6,0.5931942246138306,0.6000017319973945,FAR,FAR,0.0,1,,,0.01,300
C2_n0.01_d300_r04,C2,202631,16.6,16.3,0.3000000000000007,0.6,0.5992949023923183,0.5998250245961254,FAR,FAR,0.0,1,,,0.01,300
C2_n0.01_d300_r04,C2,202631,16.62,16.32,0.3000000000000007,0.6,0.5989313333467322,0.5996016017837771,FAR,FAR,0.0,1,,,0.01,300
C2_n0.01_d300_r04,C2,202631,16.64,16.34,0.3000000000000007,0.6,0.6010479723613287,0.5999631944281649,FAR,FAR,0.0,1,,,0.01,300
C2_n0.01_d300_r04,C2,202631,16.66,16.36,0.3000000000000007,0.6,0.6068436210912053,0.601683301093925,FAR,FAR,0.0,1,,,0.01,300
C2_n0.01_d300_r04,C2,202631,16.68,16.38,0.3000000000000007,0.6,0.5942171045997017,0.5998167519703692,FAR,FAR,0.0,1,,,0.01,300
C2_n0.01_d300_r04,C2,202631,16.7,16.4,0.3000000000000007,0.6,0.605430541817361,0.6012201994321171,FAR,FAR,0.0,1,,,0.01,300
C2_n0.01_d300_r04,C2,202631,16.72,16.42,0.29999999999999716,0.6,0.5974767413203538,0.6002843349041763,FAR,FAR,0.0,1,,,0.01,300
C2_n0.01_d300_r04,C2,202631,16.74,16.44,0.29999999999999716,0.6,0.5879169920627056,0.5971924991938087,FAR,FAR,0.0,1,,,0.01,300
C2_n0.01_d300_r04,C2,202631,16.76,16.46,0.3000000000000007,0.6,0.6092031796399799,0.6001951693053516,FAR,FAR,0.0,1,,,0.01,300
C2_n0.01_d300_r04,C2,202631,16.78,16.48,0.3000000000000007,0.6,0.6082821352271173,0.602216910785793,FAR,FAR,0.0,1,,,0.01,300
C2_n0.01_d300_r04,C2,202631,16.8,16.5,0.3000000000000007,0.6,0.5765159358551378,0.5957916670531292,FAR,FAR,0.0,1,,,0.01,300
C2_n0.01_d300_r04,C2,202631,16.82,16.52,0.3000000000000007,0.6,0.6107533643782591,0.5995320913844117,FAR,FAR,0.0,1,,,0.01,300
C2_n0.01_d300_r04,C2,202631,16.84,16.54,0.3000000000000007,0.6,0.5839254693554209,0.595630435877164,FAR,FAR,0.0,1,,,0.01,300
C2_n0.01_d300_r04,C2,202631,16.86,16.56,0.3000000000000007,0.6,0.6022289746408405,0.5972800705680832,FAR,FAR,0.0,1,,,0.01,300
C2_n0.01_d300_r04,C2,202631,16.88,16.58,0.3000000000000007,0.6,0.5884292977991029,0.5950673773758381,FAR,FAR,0.0,1,,,0.01,300
C2_n0.01_d300_r04,C2,202631,16.9,16.6,0.29999999999999716,0.6,0.5871146073717813,0.5930791848748239,FAR,FAR,0.0,1,,,0.01,300
C2_n0.01_d300_r04,C2,202631,16.92,16.62,0.3000000000000007,0.6,0.6145723060767959,0.5984524651753169,FAR,FAR,0.0,1,,,0.01,300
C2_n0.01_d300_r04,C2,202631,16.94,16.64,0.3000000000000007,0.6,0.6226993205421517,0.6045141790170256,FAR,FAR,0.0,1,,,0.01,300
C2_n0.01_d300_r04,C2,202631,16.96,16.66,0.3000000000000007,0.6,0.5958268556173582,0.6023423481671087,FAR,FAR,0.0,1,,,0.01,300
C2_n0.01_d300_r04,C2,202631,16.98,16.68,0.3000000000000007,0.6,0.5899485918215835,0.5992439090807274,FAR,FAR,0.0,1,,,0.01,300
C2_n0.01_d300_r04,C2,202631,17.0,16.7,0.3000000000000007,0.6,0.6185602539729593,0.6040729953037853,FAR,FAR,0.0,1,,,0.01,300
C2_n0.01_d300_r04,C2,202631,17.02,16.72,0.3000000000000007,0.6,0.6015328114542601,0.603437949341404,FAR,FAR,0.0,1,,,0.01,300
C2_n0.01_d300_r04,C2,202631,17.04,16.74,0.3000000000000007,0.6,0.5911840546016387,0.6003744756564626,FAR,FAR,0.0,1,,,0.01,300
C2_n0.01_d300_r04,C2,202631,17.06,16.76,0.29999999999999716,0.6,0.6060421279513096,0.6017913887301743,FAR,FAR,0.0,1,,,0.01,300
C2_n0.01_d300_r04,C2,202631,17.08,16.78,0.29999999999999716,0.6,0.601403205079294,0.6016943428174543,FAR,FAR,0.0,1,,,0.01,300
C2_n0.01_d300_r04,C2,202631,17.1,16.8,0.3000000000000007,0.6,0.6099597951874981,0.6037607059099652,FAR,FAR,0.0,1,,,0.01,300
C2_n0.01_d300_r04,C2,202631,17.12,16.82,0.3000000000000007,0.6,0.610608947133841,0.6054727662159342,FAR,FAR,0.0,1,,,0.01,300
C2_n0.01_d300_r04,C2,202631,17.14,16.84,0.3000000000000007,0.6,0.5917984978333852,0.602054199120297,FAR,FAR,0.0,1,,,0.01,300
C2_n0.01_d300_r04,C2,202631,17.16,16.86,0.3000000000000007,0.6,0.6009853848766101,0.6017869955593753,FAR,FAR,0.0,1,,,0.01,300
C2_n0.01_d300_r04,C2,202631,17.18,16.88,0.3000000000000007,0.6,0.5908397854155512,0.5990501930234193,FAR,FAR,0.0,1,,,0.01,300
C2_n0.01_d300_r04,C2,202631,17.2,16.9,0.3000000000000007,0.6,0.577329780537199,0.5936200899018642,FAR,FAR,0.0,1,,,0.01,300
C2_n0.01_d300_r04,C2,202631,17.22,16.92,0.29999999999999716,0.6,0.6070823115724816,0.5969856453195186,FAR,FAR,0.0,1,,,0.01,300
C2_n0.01_d300_r04,C2,202631,17.24,16.94,0.29999999999999716,0.6,0.5977418838101345,0.5971747049421725,FAR,FAR,0.0,1,,,0.01,300
C2_n0.01_d300_r04,C2,202631,17.26,16.96,0.3000000000000007,0.6,0.6183606262506298,0.6024711852692868,FAR,FAR,0.0,1,,,0.01,300
C2_n0.01_d300_r04,C2,202631,17.28,16.98,0.3000000000000007,0.6,0.6136060483973665,0.6052549010513067,FAR,FAR,0.0,1,,,0.01,300
C2_n0.01_d300_r04,C2,202631,17.3,17.0,0.3000000000000007,0.6,0.6060245401669786,0.6054473108302247,FAR,FAR,0.0,1,,,0.01,300
C2_n0.01_d300_r04,C2,202631,17.32,17.02,0.3000000000000007,0.6,0.6069551614953094,0.6058242734964959,FAR,FAR,0.0,1,,,0.01,300
C2_n0.01_d300_r04,C2,202631,17.34,17.04,0.3000000000000007,0.6,0.5990491861196041,0.604130501652273,FAR,FAR,0.0,1,,,0.01,300
C2_n0.01_d300_r04,C2,202631,17.36,17.06,0.3000000000000007,0.6,0.6026673119713672,0.6037647042320465,FAR,FAR,0.0,1,,,0.01,300
C2_n0.01_d300_r04,C2,202631,17.38,17.08,0.3000000000000007,0.6,0.6058479600897593,0.6042855181964748,FAR,FAR,0.0,1,,,0.01,300
C2_n0.01_d300_r04,C2,202631,17.4,17.1,0.29999999999999716,0.6,0.6146513365292812,0.6068769727796763,FAR,FAR,0.0,1,,,0.01,300
C2_n0.01_d300_r04,C2,202631,17.42,17.12,0.3000000000000007,0.6,0.5861762076739221,0.6017017815032377,FAR,FAR,0.0,1,,,0.01,300
C2_n0.01_d300_r04,C2,202631,17.44,17.14,0.3000000000000007,0.6,0.5928864728372238,0.5994979543367343,FAR,FAR,0.0,1,,,0.01,300
C2_n0.01_d300_r04,C2,202631,17.46,17.16,0.3000000000000007,0.6,0.6076381844076542,0.6015330118544642,FAR,FAR,0.0,1,,,0.01,300
C2_n0.01_d300_r04,C2,202631,17.48,17.18,0.3000000000000007,0.6,0.5827827254301855,0.5968454402483945,FAR,FAR,0.0,1,,,0.01,300
C2_n0.01_d300_r04,C2,202631,17.5,17.2,0.3000000000000007,0.6,0.6045541653677438,0.5987726215282319,FAR,FAR,0.0,1,,,0.01,300
C2_n0.01_d300_r04,C2,202631,17.52,17.22,0.3000000000000007,0.6,0.6249340524271145,0.6053129792529526,FAR,FAR,0.0,1,,,0.01,300
C2_n0.01_d300_r04,C2,202631,17.54,17.24,0.3000000000000007,0.6,0.6020107018168984,0.604487409893939,FAR,FAR,0.0,1,,,0.01,300
C2_n0.01_d300_r04,C2,202631,17.56,17.26,0.29999999999999716,0.6,0.6198023739452082,0.6083161509067563,FAR,FAR,0.0,1,,,0.01,300
C2_n0.01_d300_r04,C2,202631,17.58,17.28,0.29999999999999716,0.6,0.5864117736202094,0.6028400565851195,FAR,FAR,0.0,1,,,0.01,300
C2_n0.01_d300_r04,C2,202631,17.6,17.3,0.3000000000000007,0.6,0.6121508962033517,0.6051677664896775,FAR,FAR,0.0,1,,,0.01,300
C2_n0.01_d300_r04,C2,202631,17.62,17.32,0.3000000000000007,0.6,0.5931703561869102,0.6021684139139857,FAR,FAR,0.0,1,,,0.01,300
C2_n0.01_d300_r04,C2,202631,17.64,17.34,0.3000000000000007,0.6,0.5886004628920246,0.5987764261584955,FAR,FAR,0.0,1,,,0.01,300
C2_n0.01_d300_r04,C2,202631,17.66,17.36,0.3000000000000007,0.6,0.6191314588705613,0.6038651843365119,FAR,FAR,0.0,1,,,0.01,300
C2_n0.01_d300_r04,C2,202631,17.68,17.38,0.3000000000000007,0.6,0.5862389198287169,0.5994586182095631,FAR,FAR,0.0,1,,,0.01,300
C2_n0.01_d300_r04,C2,202631,17.7,17.4,0.3000000000000007,0.6,0.6030918572370367,0.6003669279664315,FAR,FAR,0.0,1,,,0.01,300
C2_n0.01_d300_r04,C2,202631,17.72,17.42,0.29999999999999716,0.6,0.6025671264732672,0.6009169775931404,FAR,FAR,0.0,1,,,0.01,300
C2_n0.01_d300_r04,C2,202631,17.74,17.44,0.29999999999999716,0.6,0.5931950721057967,0.5989865012213045,FAR,FAR,0.0,1,,,0.01,300
C2_n0.01_d300_r04,C2,202631,17.76,17.46,0.3000000000000007,0.6,0.596557393400177,0.5983792242660226,FAR,FAR,0.0,1,,,0.01,300
C2_n0.01_d300_r04,C2,202631,17.78,17.48,0.3000000000000007,0.6,0.6009679927680422,0.5990264163915275,FAR,FAR,0.0,1,,,0.01,300
C2_n0.01_d300_r04,C2,202631,17.8,17.5,0.3000000000000007,0.6,0.6225027048072835,0.6048954884954665,FAR,FAR,0.0,1,,,0.01,300
C2_n0.01_d300_r04,C2,202631,17.82,17.52,0.3000000000000007,0.6,0.5992234411215805,0.603477476651995,FAR,FAR,0.0,1,,,0.01,300
C2_n0.01_d300_r04,C2,202631,17.84,17.54,0.3000000000000007,0.6,0.5918004775530045,0.6005582268772474,FAR,FAR,0.0,1,,,0.01,300
C2_n0.01_d300_r04,C2,202631,17.86,17.56,0.3000000000000007,0.6,0.6063742607338419,0.602012235341396,FAR,FAR,0.0,1,,,0.01,300
C2_n0.01_d300_r04,C2,202631,17.88,17.58,0.3000000000000007,0.6,0.5873383740550151,0.5983437700198009,FAR,FAR,0.0,1,,,0.01,300
C2_n0.01_d300_r04,C2,202631,17.9,17.6,0.29999999999999716,0.6,0.6056388489463381,0.6001675397514352,FAR,FAR,0.0,1,,,0.01,300
C2_n0.01_d300_r04,C2,202631,17.92,17.62,0.3000000000000007,0.6,0.5942300275097032,0.5986831616910022,FAR,FAR,0.0,1,,,0.01,300
C2_n0.01_d300_r04,C2,202631,17.94,17.64,0.3000000000000007,0.6,0.5983927770533483,0.5986105655315888,FAR,FAR,0.0,1,,,0.01,300
C2_n0.01_d300_r04,C2,202631,17.96,17.66,0.3000000000000007,0.6,0.5939261889280731,0.5974394713807099,FAR,FAR,0.0,1,,,0.01,300
C2_n0.01_d300_r04,C2,202631,17.98,17.68,0.3000000000000007,0.6,0.5979156941112928,0.5975585270633555,FAR,FAR,0.0,1,,,0.01,300
C2_n0.01_d300_r04,C2,202631,18.0,17.7,0.3000000000000007,0.6,0.5966067698082195,0.5973205877495715,FAR,FAR,0.0,1,,,0.01,300
C2_n0.01_d300_r04,C2,202631,18.02,17.72,0.3000000000000007,0.6,0.5831455172543024,0.5937768201257543,FAR,FAR,0.0,1,,,0.01,300
C2_n0.01_d300_r04,C2,202631,18.04,17.74,0.3000000000000007,0.6,0.6030269932842522,0.5960893634153788,FAR,FAR,0.0,1,,,0.01,300
C2_n0.01_d300_r04,C2,202631,18.06,17.76,0.29999999999999716,0.6,0.6129819816300577,0.6003125179690485,FAR,FAR,0.0,1,,,0.01,300
C2_n0.01_d300_r04,C2,202631,18.08,17.78,0.29999999999999716,0.6,0.6033029246261361,0.6010601196333204,FAR,FAR,0.0,1,,,0.01,300
C2_n0.01_d300_r04,C2,202631,18.1,17.8,0.3000000000000007,0.6,0.6020631500472875,0.6013108772368121,FAR,FAR,0.0,1,,,0.01,300
C2_n0.01_d300_r04,C2,202631,18.12,17.82,0.3000000000000007,0.6,0.6057689031589714,0.6024253837173519,FAR,FAR,0.0,1,,,0.01,300
C2_n0.01_d300_r04,C2,202631,18.14,17.84,0.3000000000000007,0.6,0.6168822011248503,0.6060395880692264,FAR,FAR,0.0,1,,,0.01,300
C2_n0.01_d300_r04,C2,202631,18.16,17.86,0.3000000000000007,0.6,0.5848288766879498,0.6007369102239073,FAR,FAR,0.0,1,,,0.01,300
C2_n0.01_d300_r04,C2,202631,18.18,17.88,0.3000000000000007,0.6,0.5892645884487467,0.5978688297801171,FAR,FAR,0.0,1,,,0.01,300
C2_n0.01_d300_r04,C2,202631,18.2,17.9,0.3000000000000007,0.6,0.6010003165789999,0.5986517014798378,FAR,FAR,0.0,1,,,0.01,300
C2_n0.01_d300_r04,C2,202631,18.22,17.92,0.29999999999999716,0.6,0.5935154751801311,0.5973676449049111,FAR,FAR,0.0,1,,,0.01,300
C2_n0.01_d300_r04,C2,202631,18.24,17.94,0.29999999999999716,0.6,0.603512423104017,0.5989038394546876,FAR,FAR,0.0,1,,,0.01,300
C2_n0.01_d300_r04,C2,202631,18.26,17.96,0.3000000000000007,0.6,0.6106352482609998,0.6018366916562656,FAR,FAR,0.0,1,,,0.01,300
C2_n0.01_d300_r04,C2,202631,18.28,17.98,0.3000000000000007,0.6,0.5986873481526332,0.6010493557803576,FAR,FAR,0.0,1,,,0.01,300
C2_n0.01_d300_r04,C2,202631,18.3,18.0,0.3000000000000007,0.6,0.59467564355044,0.5994559277228781,FAR,FAR,0.0,1,,,0.01,300
C2_n0.01_d300_r04,C2,202631,18.32,18.02,0.3000000000000007,0.6,0.6014585212239507,0.5999565760981462,FAR,FAR,0.0,1,,,0.01,300
C2_n0.01_d300_r04,C2,202631,18.34,18.04,0.3000000000000007,0.6,0.6070681529349333,0.6017344703073431,FAR,FAR,0.0,1,,,0.01,300
C2_n0.01_d300_r04,C2,202631,18.36,18.06,0.3000000000000007,0.6,0.5865796372447827,0.597945762041703,FAR,FAR,0.0,1,,,0.01,300
C2_n0.01_d300_r04,C2,202631,18.38,18.08,0.3000000000000007,0.6,0.6118434169292676,0.6014201757635942,FAR,FAR,0.0,1,,,0.01,300
C2_n0.01_d300_r04,C2,202631,18.4,18.1,0.29999999999999716,0.6,0.5939256473852266,0.5995465436690023,FAR,FAR,0.0,1,,,0.01,300
C2_n0.01_d300_r04,C2,202631,18.42,18.12,0.3000000000000007,0.6,0.608134859487118,0.6016936226235312,FAR,FAR,0.0,1,,,0.01,300
C2_n0.01_d300_r04,C2,202631,18.44,18.14,0.3000000000000007,0.6,0.6018509379425678,0.6017329514532903,FAR,FAR,0.0,1,,,0.01,300
C2_n0.01_d300_r04,C2,202631,18.46,18.16,0.3000000000000007,0.6,0.6040841523761239,0.6023207516839987,FAR,FAR,0.0,1,,,0.01,300
C2_n0.01_d300_r04,C2,202631,18.48,18.18,0.3000000000000007,0.6,0.5929616596256501,0.5999809786694115,FAR,FAR,0.0,1,,,0.01,300
C2_n0.01_d300_r04,C2,202631,18.5,18.2,0.3000000000000007,0.6,0.5910853818778025,0.5977570794715092,FAR,FAR,0.0,1,,,0.01,300
C2_n0.01_d300_r04,C2,202631,18.52,18.22,0.3000000000000007,0.6,0.5992948927807971,0.5981415327988312,FAR,FAR,0.0,1,,,0.01,300
C2_n0.01_d300_r04,C2,202631,18.54,18.24,0.3000000000000007,0.6,0.6099270211880871,0.6010879048961452,FAR,FAR,0.0,1,,,0.01,300
C2_n0.01_d300_r04,C2,202631,18.56,18.26,0.29999999999999716,0.6,0.6011178326145908,0.6010953868257566,FAR,FAR,0.0,1,,,0.01,300
C2_n0.01_d300_r04,C2,202631,18.58,18.28,0.29999999999999716,0.6,0.5913350162571792,0.5986552941836122,FAR,FAR,0.0,1,,,0.01,300
C2_n0.01_d300_r04,C2,202631,18.6,18.3,0.3000000000000007,0.6,0.5924286199199646,0.5970986256177003,FAR,FAR,0.0,1,,,0.01,300
C2_n0.01_d300_r04,C2,202631,18.62,18.32,0.3000000000000007,0.6,0.6160617336937944,0.6018394026367239,FAR,FAR,0.0,1,,,0.01,300
C2_n0.01_d300_r04,C2,202631,18.64,18.34,0.3000000000000007,0.6,0.5882556626909343,0.5984434676502765,FAR,FAR,0.0,1,,,0.01,300
C2_n0.01_d300_r04,C2,202631,18.66,18.36,0.3000000000000007,0.6,0.6062331167494975,0.6003908799250818,FAR,FAR,0.0,1,,,0.01,300
C2_n0.01_d300_r04,C2,202631,18.68,18.38,0.3000000000000007,0.6,0.6127166116288524,0.6034723128510244,FAR,FAR,0.0,1,,,0.01,300
C2_n0.01_d300_r04,C2,202631,18.7,18.4,0.3000000000000007,0.6,0.5971747307710993,0.6018979173310431,FAR,FAR,0.0,1,,,0.01,300
C2_n0.01_d300_r04,C2,202631,18.72,18.42,0.29999999999999716,0.6,0.6198526152521702,0.6063865918113249,FAR,FAR,0.0,1,,,0.01,300
C2_n0.01_d300_r04,C2,202631,18.74,18.44,0.29999999999999716,0.6,0.5887972744658806,0.6019892624749639,FAR,FAR,0.0,1,,,0.01,300
C2_n0.01_d300_r04,C2,202631,18.76,18.46,0.3000000000000007,0.6,0.613779580770314,0.6049368420488014,FAR,FAR,0.0,1,,,0.01,300
C2_n0.01_d300_r04,C2,202631,18.78,18.48,0.3000000000000007,0.6,0.5967044542605786,0.6028787451017457,FAR,FAR,0.0,1,,,0.01,300
C2_n0.01_d300_r04,C2,202631,18.8,18.5,0.3000000000000007,0.6,0.6059318978718767,0.6036420332942785,FAR,FAR,0.0,1,,,0.01,300
C2_n0.01_d300_r04,C2,202631,18.82,18.52,0.3000000000000007,0.6,0.6008189857366979,0.6029362714048834,FAR,FAR,0.0,1,,,0.01,300
C2_n0.01_d300_r04,C2,202631,18.84,18.54,0.3000000000000007,0.6,0.5937328535488666,0.6006354169408792,FAR,FAR,0.0,1,,,0.01,300
C2_n0.01_d300_r04,C2,202631,18.86,18.56,0.3000000000000007,0.6,0.5962914427375554,0.5995494233900482,FAR,FAR,0.0,1,,,0.01,300
C2_n0.01_d300_r04,C2,202631,18.88,18.58,0.3000000000000007,0.6,0.5865416423444092,0.5962974781286385,FAR,FAR,0.0,1,,,0.01,300
C2_n0.01_d300_r04,C2,202631,18.9,18.6,0.29999999999999716,0.6,0.6044645779212312,0.5983392530767867,FAR,FAR,0.0,1,,,0.01,300
C2_n0.01_d300_r04,C2,202631,18.92,18.62,0.3000000000000007,0.6,0.5947747070272889,0.5974481165644122,FAR,FAR,0.0,1,,,0.01,300
C2_n0.01_d300_r04,C2,202631,18.94,18.64,0.3000000000000007,0.6,0.5838768590067646,0.5940553021750002,FAR,FAR,0.0,1,,,0.01,300
C2_n0.01_d300_r04,C2,202631,18.96,18.66,0.3000000000000007,0.6,0.6057897079625909,0.5969889036218979,FAR,FAR,0.0,1,,,0.01,300
C2_n0.01_d300_r04,C2,202631,18.98,18.68,0.3000000000000007,0.6,0.5976081870125854,0.5971437244695699,FAR,FAR,0.0,1,,,0.01,300
C2_n0.01_d300_r04,C2,202631,19.0,18.7,0.3000000000000007,0.6,0.5764908711314032,0.5919805111350283,FAR,FAR,0.0,1,,,0.01,300
C2_n0.01_d300_r04,C2,202631,19.02,18.72,0.3000000000000007,0.6,0.5935123566136344,0.5923634725046798,FAR,FAR,0.0,1,,,0.01,300
C2_n0.01_d300_r04,C2,202631,19.04,18.74,0.3000000000000007,0.6,0.6111457391303755,0.5970590391611037,FAR,FAR,0.0,1,,,0.01,300
C2_n0.01_d300_r04,C2,202631,19.06,18.76,0.29999999999999716,0.6,0.5935963856119093,0.5961933757738052,FAR,FAR,0.0,1,,,0.01,300
C2_n0.01_d300_r04,C2,202631,19.08,18.78,0.29999999999999716,0.6,0.611197424163407,0.5999443878712056,FAR,FAR,0.0,1,,,0.01,300
C2_n0.01_d300_r04,C2,202631,19.1,18.8,0.3000000000000007,0.6,0.6001433112831647,0.5999941187241954,FAR,FAR,0.0,1,,,0.01,300
C2_n0.01_d300_r04,C2,202631,19.12,18.82,0.3000000000000007,0.6,0.6029705906345054,0.6007382367017728,FAR,FAR,0.0,1,,,0.01,300
C2_n0.01_d300_r04,C2,202631,19.14,18.84,0.3000000000000007,0.6,0.6115346116209587,0.6034373304315693,FAR,FAR,0.0,1,,,0.01,300
C2_n0.01_d300_r04,C2,202631,19.16,18.86,0.3000000000000007,0.6,0.6178606655334425,0.6070431642070376,FAR,FAR,0.0,1,,,0.01,300
C2_n0.01_d300_r04,C2,202631,19.18,18.88,0.3000000000000007,0.6,0.5937453627654012,0.6037187138466285,FAR,FAR,0.0,1,,,0.01,300
C2_n0.01_d300_r04,C2,202631,19.2,18.9,0.3000000000000007,0.6,0.579324867645984,0.5976202522964673,FAR,FAR,0.0,1,,,0.01,300
C2_n0.01_d300_r04,C2,202631,19.22,18.92,0.29999999999999716,0.6,0.5864099056170571,0.5948176656266148,FAR,FAR,0.0,1,,,0.01,300
C2_n0.01_d300_r04,C2,202631,19.24,18.94,0.29999999999999716,0.6,0.600393970557099,0.5962117418592359,FAR,FAR,0.0,1,,,0.01,300
C2_n0.01_d300_r04,C2,202631,19.26,18.96,0.3000000000000007,0.6,0.6045551945576254,0.5982976050338332,FAR,FAR,0.0,1,,,0.01,300
C2_n0.01_d300_r04,C2,202631,19.28,18.98,0.3000000000000007,0.6,0.5882513983409688,0.5957860533606171,FAR,FAR,0.0,1,,,0.01,300
C2_n0.01_d300_r04,C2,202631,19.3,19.0,0.3000000000000007,0.6,0.5888946308159897,0.5940631977244601,FAR,FAR,0.0,1,,,0.01,300
C2_n0.01_d300_r04,C2,202631,19.32,19.02,0.3000000000000007,0.6,0.5917820069649237,0.593492900034576,FAR,FAR,0.0,1,,,0.01,300
C2_n0.01_d300_r04,C2,202631,19.34,19.04,0.3000000000000007,0.6,0.5895788585883929,0.5925143896730302,FAR,FAR,0.0,1,,,0.01,300
C2_n0.01_d300_r04,C2,202631,19.36,19.06,0.3000000000000007,0.6,0.6065876878362112,0.5960327142138254,FAR,FAR,0.0,1,,,0.01,300
C2_n0.01_d300_r04,C2,202631,19.38,19.08,0.3000000000000007,0.6,0.5969727146705929,0.5962677143280173,FAR,FAR,0.0,1,,,0.01,300
C2_n0.01_d300_r04,C2,202631,19.4,19.1,0.29999999999999716,0.6,0.6069850524359504,0.5989470488550006,FAR,FAR,0.0,1,,,0.01,300
C2_n0.01_d300_r04,C2,202631,19.42,19.12,0.3000000000000007,0.6,0.590251529950938,0.5967731691289849,FAR,FAR,0.0,1,,,0.01,300
C2_n0.01_d300_r04,C2,202631,19.44,19.14,0.3000000000000007,0.6,0.6006331129403636,0.5977381550818296,FAR,FAR,0.0,1,,,0.01,300
C2_n0.01_d300_r04,C2,202631,19.46,19.16,0.3000000000000007,0.6,0.608292757325848,0.6003768056428341,FAR,FAR,0.0,1,,,0.01,300
C2_n0.01_d300_r04,C2,202631,19.48,19.18,0.3000000000000007,0.6,0.5873336746972952,0.5971160229064494,FAR,FAR,0.0,1,,,0.01,300
C2_n0.01_d300_r04,C2,202631,19.5,19.2,0.3000000000000007,0.6,0.5952344664132958,0.5966456337831609,FAR,FAR,0.0,1,,,0.01,300
C2_n0.01_d300_r04,C2,202631,19.52,19.22,0.3000000000000007,0.6,0.5895473737528978,0.5948710687755951,FAR,FAR,0.0,1,,,0.01,300
C2_n0.01_d300_r04,C2,202631,19.54,19.24,0.3000000000000007,0.6,0.5885828072447232,0.5932990033928771,FAR,FAR,0.0,1,,,0.01,300
C2_n0.01_d300_r04,C2,202631,19.56,19.26,0.29999999999999716,0.6,0.6047709794012858,0.5961669973949792,FAR,FAR,0.0,1,,,0.01,300
C2_n0.01_d300_r04,C2,202631,19.58,19.28,0.29999999999999716,0.6,0.5992020841263083,0.5969257690778115,FAR,FAR,0.0,1,,,0.01,300
C2_n0.01_d300_r04,C2,202631,19.6,19.3,0.3000000000000007,0.6,0.6035163450730869,0.5985734130766304,FAR,FAR,0.0,1,,,0.01,300
C2_n0.01_d300_r04,C2,202631,19.62,19.32,0.3000000000000007,0.6,0.6105034607860913,0.6015559250039957,FAR,FAR,0.0,1,,,0.01,300
C2_n0.01_d300_r04,C2,202631,19.64,19.34,0.3000000000000007,0.6,0.596950139595436,0.6004044786518558,FAR,FAR,0.0,1,,,0.01,300
C2_n0.01_d300_r04,C2,202631,19.66,19.36,0.3000000000000007,0.6,0.6059474729189103,0.6017902272186194,FAR,FAR,0.0,1,,,0.01,300
C2_n0.01_d300_r04,C2,202631,19.68,19.38,0.3000000000000007,0.6,0.6166207061863561,0.6054978469605536,FAR,FAR,0.0,1,,,0.01,300
C2_n0.01_d300_r04,C2,202631,19.7,19.4,0.3000000000000007,0.6,0.5923398705555463,0.6022083528593019,FAR,FAR,0.0,1,,,0.01,300
C2_n0.01_d300_r04,C2,202631,19.72,19.42,0.29999999999999716,0.6,0.5950607376076511,0.6004214490463892,FAR,FAR,0.0,1,,,0.01,300
C2_n0.01_d300_r04,C2,202631,19.74,19.44,0.29999999999999716,0.6,0.6027922947912462,0.6010141604826034,FAR,FAR,0.0,1,,,0.01,300
C2_n0.01_d300_r04,C2,202631,19.76,19.46,0.3000000000000007,0.6,0.5994773928448489,0.6006299685731648,FAR,FAR,0.0,1,,,0.01,300
C2_n0.01_d300_r04,C2,202631,19.78,19.48,0.3000000000000007,0.6,0.5925111015536206,0.5986002518182787,FAR,FAR,0.0,1,,,0.01,300
C2_n0.01_d300_r04,C2,202631,19.8,19.5,0.3000000000000007,0.6,0.6033707466204203,0.5997928755188141,FAR,FAR,0.0,1,,,0.01,300
C2_n0.01_d300_r04,C2,202631,19.82,19.52,0.3000000000000007,0.6,0.5988564622330406,0.5995587721973707,FAR,FAR,0.0,1,,,0.01,300
C2_n0.01_d300_r04,C2,202631,19.84,19.54,0.3000000000000007,0.6,0.579224562690001,0.5944752198205283,FAR,FAR,0.0,1,,,0.01,300
C2_n0.01_d300_r04,C2,202631,19.86,19.56,0.3000000000000007,0.6,0.6034657784575833,0.5967228594797921,FAR,FAR,0.0,1,,,0.01,300
C2_n0.01_d300_r04,C2,202631,19.88,19.58,0.3000000000000007,0.6,0.5952481291286669,0.5963541768920109,FAR,FAR,0.0,1,,,0.01,300
C2_n0.01_d300_r04,C2,202631,19.9,19.6,0.29999999999999716,0.6,0.5987741717980409,0.5969591756185184,FAR,FAR,0.0,1,,,0.01,300
C2_n0.01_d300_r04,C2,202631,19.92,19.62,0.3000000000000007,0.6,0.6126708509094791,0.6008870944412585,FAR,FAR,0.0,1,,,0.01,300
C2_n0.01_d300_r04,C2,202631,19.94,19.64,0.3000000000000007,0.6,0.5994059082827903,0.6005167979016415,FAR,FAR,0.0,1,,,0.01,300
C2_n0.01_d300_r04,C2,202631,19.96,19.66,0.3000000000000007,0.6,0.5904023852435801,0.5979881947371262,FAR,FAR,0.0,1,,,0.01,300
C2_n0.01_d300_r04,C2,202631,19.98,19.68,0.3000000000000007,0.6,0.5902737360294946,0.5960595800602183,FAR,FAR,0.0,1,,,0.01,300
C2_n0.01_d300_r04,C2,202631,20.0,19.7,0.3000000000000007,0.6,0.6127811491943818,0.6002399723437591,FAR,FAR,0.0,1,,,0.01,300
