trial_id,condition,seed,time_s,sensor_time_s,sample_age_s,true_distance_m,raw_distance_m,filtered_distance_m,expected_state,state,command,valid,event_label,invalid_reason,noise_sigma_m,delay_ms
C2_n0.01_d300_r05,C2,202632,0.0,0.0,nan,0.6,,,FAR,FAR,0.0,0,INVALID,MISSING_OR_DELAY_BUFFER,0.01,300
C2_n0.01_d300_r05,C2,202632,0.02,0.02,nan,0.6,,,FAR,FAR,0.0,0,INVALID,MISSING_OR_DELAY_BUFFER,0.01,300
C2_n0.01_d300_r05,C2,202632,0.04,0.04,nan,0.6,,,FAR,FAR,0.0,0,INVALID,MISSING_OR_DELAY_BUFFER,0.01,300
C2_n0.01_d300_r05,C2,202632,0.06,0.06,nan,0.6,,,FAR,FAR,0.0,0,INVALID,MISSING_OR_DELAY_BUFFER,0.01,300
C2_n0.01_d300_r05,C2,202632,0.08,0.08,nan,0.6,,,FAR,FAR,0.0,0,INVALID,MISSING_OR_DELAY_BUFFER,0.01,300
C2_n0.01_d300_r05,C2,202632,0.1,0.1,nan,0.6,,,FAR,FAR,0.0,0,INVALID,MISSING_OR_DELAY_BUFFER,0.01,300
C2_n0.01_d300_r05,C2,202632,0.12,0.12,nan,0.6,,,FAR,FAR,0.0,0,INVALID,MISSING_OR_DELAY_BUFFER,0.01,300
C2_n0.01_d300_r05,C2,202632,0.14,0.14,nan,0.6,,,FAR,FAR,0.0,0,INVALID,MISSING_OR_DELAY_BUFFER,0.01,300
C2_n0.01_d300_r05,C2,202632,0.16,0.16,nan,0.6,,,FAR,FAR,0.0,0,INVALID,MISSING_OR_DELAY_BUFFER,0.01,300
C2_n0.01_d300_r05,C2,202632,0.18,0.18,nan,0.6,,,FAR,FAR,0.0,0,INVALID,MISSING_OR_DELAY_BUFFER,0.01,300
C2_n0.01_d300_r05,C2,202632,0.2,0.2,nan,0.6,,,FAR,FAR,0.0,0,INVALID,MISSING_OR_DELAY_BUFFER,0.01,300
C2_n0.01_d300_r05,C2,202632,0.22,0.22,nan,0.6,,,FAR,FAR,0.0,0,INVALID,MISSING_OR_DELAY_BUFFER,0.01,300
C2_n0.01_d300_r05,C2,202632,0.24,0.24,nan,0.6,,,FAR,FAR,0.0,0,INVALID,MISSING_OR_DELAY_BUFFER,0.01,300
C2_n0.01_d300_r05,C2,202632,0.26,0.26,nan,0.6,,,FAR,FAR,0.0,0,INVALID,MISSING_OR_DELAY_BUFFER,0.01,300
C2_n0.01_d300_r05,C2,202632,0.28,0.28,nan,0.6,,,FAR,FAR,0.0,0,INVALID,MISSING_OR_DELAY_BUFFER,0.01,300
C2_n0.01_d300_r05,C2,202632,0.3,0.0,0.3,0.6,0.6073116491050019,0.6073116491050019,FAR,FAR,0.0,1,,,0.01,300
C2_n0.01_d300_r05,C2,202632,0.32,0.02,0.3,0.6,0.6063768319920292,0.6070779448267587,FAR,FAR,0.0,1,,,0.01,300
C2_n0.01_d300_r05,C2,202632,0.34,0.04,0.30000000000000004,0.6,0.6150182896586699,0.6090630310347365,FAR,FAR,0.0,1,,,0.01,300
C2_n0.01_d300_r05,C2,202632,0.36,0.06,0.3,0.6,0.6179961715613091,0.6112963161663796,FAR,FAR,0.0,1,,,0.01,300
C2_n0.01_d300_r05,C2,202632,0.38,0.08,0.3,0.6,0.602244473760741,0.60903335556497,FAR,FAR,0.0,1,,,0.01,300
C2_n0.01_d300_r05,C2,202632,0.4,0.1,0.30000000000000004,0.6,0.5937123541088724,0.6052031052009456,FAR,FAR,0.0,1,,,0.01,300
C2_n0.01_d300_r05,C2,202632,0.42,0.12,0.3,0.6,0.6089403975248832,0.60613742828193,FAR,FAR,0.0,1,,,0.01,300
C2_n0.01_d300_r05,C2,202632,0.44,0.14,0.3,0.6,0.613613863718567,0.6080065371410892,FAR,FAR,0.0,1,,,0.01,300
C2_n0.01_d300_r05,C2,202632,0.46,0.16,0.30000000000000004,0.6,0.5885594281266481,0.603144759887479,FAR,FAR,0.0,1,,,0.01,300
C2_n0.01_d300_r05,C2,202632,0.48,0.18,0.3,0.6,0.5866786257172932,0.5990282263449325,FAR,FAR,0.0,1,,,0.01,300
C2_n0.01_d300_r05,C2,202632,0.5,0.2,0.3,0.6,0.5947131711697512,0.5979494625511371,FAR,FAR,0.0,1,,,0.01,300
C2_n0.01_d300_r05,C2,202632,0.52,0.22,0.30000000000000004,0.6,0.605984183425584,0.5999581427697488,FAR,FAR,0.0,1,,,0.01,300
C2_n0.01_d300_r05,C2,202632,0.54,0.24,0.30000000000000004,0.6,0.5965279162273017,0.599100586134137,FAR,FAR,0.0,1,,,0.01,300
C2_n0.01_d300_r05,C2,202632,0.56,0.26,0.30000000000000004,0.6,0.5985893712341419,0.5989727824091382,FAR,FAR,0.0,1,,,0.01,300
C2_n0.01_d300_r05,C2,202632,0.58,0.28,0.29999999999999993,0.6,0.579675206100489,0.5941483883319759,FAR,FAR,0.0,1,,,0.01,300
C2_n0.01_d300_r05,C2,202632,0.6,0.3,0.3,0.6,0.58469736759499,0.5917856331477294,FAR,FAR,0.0,1,,,0.01,300
C2_n0.01_d300_r05,C2,202632,0.62,0.32,0.3,0.6,0.5937029223079099,0.5922649554377745,FAR,FAR,0.0,1,,,0.01,300
C2_n0.01_d300_r05,C2,202632,0.64,0.34,0.3,0.6,0.6069240163543664,0.5959297206669225,FAR,FAR,0.0,1,,,0.01,300
C2_n0.01_d300_r05,C2,202632,0.66,0.36,0.30000000000000004,0.6,0.5905696947884045,0.594589714197293,FAR,FAR,0.0,1,,,0.01,300
C2_n0.01_d300_r05,C2,202632,0.68,0.38,0.30000000000000004,0.6,0.6069936809558336,0.5976907058869282,FAR,FAR,0.0,1,,,0.01,300
C2_n0.01_d300_r05,C2,202632,0.7,0.4,0.29999999999999993,0.6,0.6218155260700796,0.6037219109327161,FAR,FAR,0.0,1,,,0.01,300
C2_n0.01_d300_r05,C2,202632,0.72,0.42,0.3,0.6,0.60469042327903,0.6039640390192946,FAR,FAR,0.0,1,,,0.01,300
C2_n0.01_d300_r05,C2,202632,0.74,0.44,0.3,0.6,0.6158674499010888,0.6069398917397432,FAR,FAR,0.0,1,,,0.01,300
C2_n0.01_d300_r05,C2,202632,0.76,0.46,0.3,0.6,0.5958972184167899,0.6041792234090049,FAR,FAR,0.0,1,,,0.01,300
C2_n0.01_d300_r05,C2,202632,0.78,0.48,0.30000000000000004,0.6,0.595109448112676,0.6019117795849227,FAR,FAR,0.0,1,,,0.01,300
C2_n0.01_d300_r05,C2,202632,0.8,0.5,0.30000000000000004,0.6,0.5896283938841436,0.598840933159728,FAR,FAR,0.0,1,,,0.01,300
C2_n0.01_d300_r05,C2,202632,0.82,0.52,0.29999999999999993,0.6,0.5887857396698382,0.5963271347872555,FAR,FAR,0.0,1,,,0.01,300
C2_n0.01_d300_r05,C2,202632,0.84,0.54,0.29999999999999993,0.6,0.6138076744290719,0.6006972696977095,FAR,FAR,0.0,1,,,0.01,300
C2_n0.01_d300_r05,C2,202632,0.86,0.56,0.29999999999999993,0.6,0.6026834108342666,0.6011938049818488,FAR,FAR,0.0,1,,,0.01,300
C2_n0.01_d300_r05,C2,202632,0.88,0.58,0.30000000000000004,0.6,0.6083262368905216,0.602976912959017,FAR,FAR,0.0,1,,,0.01,300
C2_n0.01_d300_r05,C2,202632,0.9,0.6,0.30000000000000004,0.6,0.5978937084711654,0.6017061118370541,FAR,FAR,0.0,1,,,0.01,300
C2_n0.01_d300_r05,C2,202632,0.92,0.62,0.30000000000000004,0.6,0.6232370704719594,0.6070888514957804,FAR,FAR,0.0,1,,,0.01,300
C2_n0.01_d300_r05,C2,202632,0.94,0.64,0.29999999999999993,0.6,0.6187822750139513,0.6100122073753231,FAR,FAR,0.0,1,,,0.01,300
C2_n0.01_d300_r05,C2,202632,0.96,0.66,0.29999999999999993,0.6,0.5995597529835799,0.6073990937773873,FAR,FAR,0.0,1,,,0.01,300
C2_n0.01_d300_r05,C2,202632,0.98,0.68,0.29999999999999993,0.6,0.603495756705581,0.6064232595094358,FAR,FAR,0.0,1,,,0.01,300
C2_n0.01_d300_r05,C2,202632,1.0,0.7,0.30000000000000004,0.6,0.5908946135789149,0.6025410980268056,FAR,FAR,0.0,1,,,0.01,300
C2_n0.01_d300_r05,C2,202632,1.02,0.72,0.30000000000000004,0.6,0.5971929506539665,0.6012040611835958,FAR,FAR,0.0,1,,,0.01,300
C2_n0.01_d300_r05,C2,202632,1.04,0.74,0.30000000000000004,0.6,0.5872379639433053,0.5977125368735232,FAR,FAR,0.0,1,,,0.01,300
C2_n0.01_d300_r05,C2,202632,1.06,0.76,0.30000000000000004,0.6,0.6019065311524225,0.598761035443248,FAR,FAR,0.0,1,,,0.01,300
C2_n0.01_d300_r05,C2,202632,1.08,0.78,0.30000000000000004,0.6,0.5993897721107071,0.5989182196101128,FAR,FAR,0.0,1,,,0.01,300
C2_n0.01_d300_r05,C2,202632,1.1,0.8,0.30000000000000004,0.6,0.5897132579951362,0.5966169792063687,FAR,FAR,0.0,1,,,0.01,300
C2_n0.01_d300_r05,C2,202632,1.12,0.82,0.30000000000000016,0.6,0.6116314954152587,0.6003706082585912,FAR,FAR,0.0,1,,,0.01,300
C2_n0.01_d300_r05,C2,202632,1.14,0.84,0.29999999999999993,0.6,0.5960343329253761,0.5992865394252874,FAR,FAR,0.0,1,,,0.01,300
C2_n0.01_d300_r05,C2,202632,1.16,0.86,0.29999999999999993,0.6,0.5850525833921169,0.5957280504169948,FAR,FAR,0.0,1,,,0.01,300
C2_n0.01_d300_r05,C2,202632,1.18,0.88,0.29999999999999993,0.6,0.6089817971205864,0.5990414870928927,FAR,FAR,0.0,1,,,0.01,300
C2_n0.01_d300_r05,C2,202632,1.2,0.9,0.29999999999999993,0.6,0.5907169760607048,0.5969603593348457,FAR,FAR,0.0,1,,,0.01,300
C2_n0.01_d300_r05,C2,202632,1.22,0.92,0.29999999999999993,0.6,0.5999437833912623,0.5977062153489499,FAR,FAR,0.0,1,,,0.01,300
C2_n0.01_d300_r05,C2,202632,1.24,0.94,0.30000000000000004,0.6,0.5881597814567919,0.5953196068759103,FAR,FAR,0.0,1,,,0.01,300
C2_n0.01_d300_r05,C2,202632,1.26,0.96,0.30000000000000004,0.6,0.5970896681637162,0.5957621221978618,FAR,FAR,0.0,1,,,0.01,300
C2_n0.01_d300_r05,C2,202632,1.28,0.98,0.30000000000000004,0.6,0.6088725925906706,0.5990397397960641,FAR,FAR,0.0,1,,,0.01,300
C2_n0.01_d300_r05,C2,202632,1.3,1.0,0.30000000000000004,0.6,0.596092778665307,0.5983029995133748,FAR,FAR,0.0,1,,,0.01,300
C2_n0.01_d300_r05,C2,202632,1.32,1.02,0.30000000000000004,0.6,0.608681479560413,0.6008976195251343,FAR,FAR,0.0,1,,,0.01,300
C2_n0.01_d300_r05,C2,202632,1.34,1.04,0.30000000000000004,0.6,0.5908677905720138,0.5983901622868542,FAR,FAR,0.0,1,,,0.01,300
C2_n0.01_d300_r05,C2,202632,1.36,1.06,0.30000000000000004,0.6,0.5968152561069869,0.5979964357418873,FAR,FAR,0.0,1,,,0.01,300
C2_n0.01_d300_r05,C2,202632,1.38,1.08,0.2999999999999998,0.6,0.6088899622518342,0.6007198173693741,FAR,FAR,0.0,1,,,0.01,300
C2_n0.01_d300_r05,C2,202632,1.4,1.1,0.2999999999999998,0.6,0.5881695525505819,0.597582251164676,FAR,FAR,0.0,1,,,0.01,300
C2_n0.01_d300_r05,C2,202632,1.42,1.12,0.2999999999999998,0.6,0.5865367946615266,0.5948208870388887,FAR,FAR,0.0,1,,,0.01,300
C2_n0.01_d300_r05,C2,202632,1.44,1.14,0.30000000000000004,0.6,0.5910585460867506,0.5938803018008542,FAR,FAR,0.0,1,,,0.01,300
C2_n0.01_d300_r05,C2,202632,1.46,1.16,0.30000000000000004,0.6,0.5933796510240015,0.593755139106641,FAR,FAR,0.0,1,,,0.01,300
C2_n0.01_d300_r05,C2,202632,1.48,1.18,0.30000000000000004,0.6,0.5981154643487463,0.5948452204171673,FAR,FAR,0.0,1,,,0.01,300
C2_n0.01_d300_r05,C2,202632,1.5,1.2,0.30000000000000004,0.6,0.6041904368290598,0.5971815245201404,FAR,FAR,0.0,1,,,0.01,300
C2_n0.01_d300_r05,C2,202632,1.52,1.22,0.30000000000000004,0.6,0.5940761945960612,0.5964051920391206,FAR,FAR,0.0,1,,,0.01,300
C2_n0.01_d300_r05,C2,202632,1.54,1.24,0.30000000000000004,0.6,0.6052373423140227,0.5986132296078461,FAR,FAR,0.0,1,,,0.01,300
C2_n0.01_d300_r05,C2,202632,1.56,1.26,0.30000000000000004,0.6,0.5953960762145372,0.5978089412595189,FAR,FAR,0.0,1,,,0.01,300
C2_n0.01_d300_r05,C2,202632,1.58,1.28,0.30000000000000004,0.6,0.5970139079334477,0.597610182928001,FAR,FAR,0.0,1,,,0.01,300
C2_n0.01_d300_r05,C2,202632,1.6,1.3,0.30000000000000004,0.6,0.6060387084907501,0.5997173143186882,FAR,FAR,0.0,1,,,0.01,300
C2_n0.01_d300_r05,C2,202632,1.62,1.32,0.30000000000000004,0.6,0.5950822939761171,0.5985585592330455,FAR,FAR,0.0,1,,,0.01,300
C2_n0.01_d300_r05,C2,202632,1.64,1.34,0.2999999999999998,0.6,0.5725049561518402,0.5920451584627442,FAR,FAR,0.0,1,,,0.01,300
C2_n0.01_d300_r05,C2,202632,1.66,1.36,0.2999999999999998,0.6,0.6067720659843188,0.5957268853431379,FAR,FAR,0.0,1,,,0.01,300
C2_n0.01_d300_r05,C2,202632,1.68,1.38,0.30000000000000004,0.6,0.6026076299744364,0.5974470715009625,FAR,FAR,0.0,1,,,0.01,300
C2_n0.01_d300_r05,C2,202632,1.7,1.4,0.30000000000000004,0.6,0.602676496634344,0.5987544277843079,FAR,FAR,0.0,1,,,0.01,300
C2_n0.01_d300_r05,C2,202632,1.72,1.42,0.30000000000000004,0.6,0.6053430210759796,0.6004015761072258,FAR,FAR,0.0,1,,,0.01,300
C2_n0.01_d300_r05,C2,202632,1.74,1.44,0.30000000000000004,0.6,0.5925472004281122,0.5984379821874474,FAR,FAR,0.0,1,,,0.01,300
C2_n0.01_d300_r05,C2,202632,1.76,1.46,0.30000000000000004,0.6,0.6001431542605191,0.5988642752057153,FAR,FAR,0.0,1,,,0.01,300
C2_n0.01_d300_r05,C2,202632,1.78,1.48,0.30000000000000004,0.6,0.5914823204481615,0.5970187865163268,FAR,FAR,0.0,1,,,0.01,300
C2_n0.01_d300_r05,C2,202632,1.8,1.5,0.30000000000000004,0.6,0.60169380483516,0.5981875410960351,FAR,FAR,0.0,1,,,0.01,300
C2_n0.01_d300_r05,C2,202632,1.82,1.52,0.30000000000000004,0.6,0.5848145297446905,0.594844288258199,FAR,FAR,0.0,1,,,0.01,300
C2_n0.01_d300_r05,C2,202632,1.84,1.54,0.30000000000000004,0.6,0.622646295159668,0.6017947899835663,FAR,FAR,0.0,1,,,0.01,300
C2_n0.01_d300_r05,C2,202632,1.86,1.56,0.30000000000000004,0.6,0.5749301248911449,0.5950786237104609,FAR,FAR,0.0,1,,,0.01,300
C2_n0.01_d300_r05,C2,202632,1.88,1.58,0.2999999999999998,0.6,0.6004331692907235,0.5964172601055265,FAR,FAR,0.0,1,,,0.01,300
C2_n0.01_d300_r05,C2,202632,1.9,1.6,0.2999999999999998,0.6,0.5906622245584612,0.5949785012187602,FAR,FAR,0.0,1,,,0.01,300
C2_n0.01_d300_r05,C2,202632,1.92,1.62,0.2999999999999998,0.6,0.6033646727555315,0.5970750441029531,FAR,FAR,0.0,1,,,0.01,300
C2_n0.01_d300_r05,C2,202632,1.94,1.64,0.30000000000000004,0.6,0.5975656228058444,0.5971976887786759,FAR,FAR,0.0,1,,,0.01,300
C2_n0.01_d300_r05,C2,202632,1.96,1.66,0.30000000000000004,0.6,0.6107164314548537,0.6005773744477203,FAR,FAR,0.0,1,,,0.01,300
C2_n0.01_d300_r05,C2,202632,1.98,1.68,0.30000000000000004,0.6,0.6002916289689644,0.6005059380780313,FAR,FAR,0.0,1,,,0.01,300
C2_n0.01_d300_r05,C2,202632,2.0,1.7,0.30000000000000004,0.6,0.6146830803731054,0.6040502236517998,FAR,FAR,0.0,1,,,0.01,300
C2_n0.01_d300_r05,C2,202632,2.02,1.72,0.30000000000000004,0.6,0.6089239342613273,0.6052686513041817,FAR,FAR,0.0,1,,,0.01,300
C2_n0.01_d300_r05,C2,202632,2.04,1.74,0.30000000000000004,0.6,0.6078321187346536,0.6059095181617997,FAR,FAR,0.0,1,,,0.01,300
C2_n0.01_d300_r05,C2,202632,2.06,1.76,0.30000000000000004,0.6,0.5931789859016989,0.6027268850967745,FAR,FAR,0.0,1,,,0.01,300
C2_n0.01_d300_r05,C2,202632,2.08,1.78,0.30000000000000004,0.6,0.5947009658780235,0.6007204052920867,FAR,FAR,0.0,1,,,0.01,300
C2_n0.01_d300_r05,C2,202632,2.1,1.8,0.30000000000000004,0.6,0.6008176525768945,0.6007447171132887,FAR,FAR,0.0,1,,,0.01,300
C2_n0.01_d300_r05,C2,202632,2.12,1.82,0.30000000000000004,0.6,0.5882339821485124,0.5976170333720946,FAR,FAR,0.0,1,,,0.01,300
C2_n0.01_d300_r05,C2,202632,2.14,1.84,0.30000000000000004,0.6,0.6166676739821698,0.6023796935246134,FAR,FAR,0.0,1,,,0.01,300
C2_n0.01_d300_r05,C2,202632,2.16,1.86,0.30000000000000004,0.6,0.5978839873610938,0.6012557669837335,FAR,FAR,0.0,1,,,0.01,300
C2_n0.01_d300_r05,C2,202632,2.18,1.88,0.30000000000000027,0.6,0.604453915293119,0.6020553040610799,FAR,FAR,0.0,1,,,0.01,300
C2_n0.01_d300_r05,C2,202632,2.2,1.9,0.30000000000000027,0.6,0.6123438804162546,0.6046274481498736,FAR,FAR,0.0,1,,,0.01,300
C2_n0.01_d300_r05,C2,202632,2.22,1.92,0.30000000000000027,0.6,0.5929996449979348,0.6017204973618889,FAR,FAR,0.0,1,,,0.01,300
C2_n0.01_d300_r05,C2,202632,2.24,1.94,0.30000000000000027,0.6,0.6026075305888907,0.6019422556686393,FAR,FAR,0.0,1,,,0.01,300
C2_n0.01_d300_r05,C2,202632,2.26,1.96,0.2999999999999998,0.6,0.6123173306083078,0.6045360244035565,FAR,FAR,0.0,1,,,0.01,300
C2_n0.01_d300_r05,C2,202632,2.28,1.98,0.2999999999999998,0.6,0.5969848044216142,0.6026482194080709,FAR,FAR,0.0,1,,,0.01,300
C2_n0.01_d300_r05,C2,202632,2.3,2.0,0.2999999999999998,0.6,0.6048756582782407,0.6032050791256134,FAR,FAR,0.0,1,,,0.01,300
C2_n0.01_d300_r05,C2,202632,2.32,2.02,0.2999999999999998,0.6,0.5960901274774785,0.6014263412135796,FAR,FAR,0.0,1,,,0.01,300
C2_n0.01_d300_r05,C2,202632,2.34,2.04,0.2999999999999998,0.6,0.5920905157190928,0.5990923848399579,FAR,FAR,0.0,1,,,0.01,300
C2_n0.01_d300_r05,C2,202632,2.36,2.06,0.2999999999999998,0.6,0.6041122866809858,0.6003473603002148,FAR,FAR,0.0,1,,,0.01,300
C2_n0.01_d300_r05,C2,202632,2.38,2.08,0.2999999999999998,0.6,0.6051658844342285,0.6015519913337183,FAR,FAR,0.0,1,,,0.01,300
C2_n0.01_d300_r05,C2,202632,2.4,2.1,0.2999999999999998,0.6,0.5892992960699667,0.5984888175177804,FAR,FAR,0.0,1,,,0.01,300
C2_n0.01_d300_r05,C2,202632,2.42,2.12,0.2999999999999998,0.6,0.5925706210289492,0.5970092683955726,FAR,FAR,0.0,1,,,0.01,300
C2_n0.01_d300_r05,C2,202632,2.44,2.14,0.2999999999999998,0.6,0.604346395711095,0.5988435502244531,FAR,FAR,0.0,1,,,0.01,300
C2_n0.01_d300_r05,C2,202632,2.46,2.16,0.2999999999999998,0.6,0.600086957241407,0.5991544019786916,FAR,FAR,0.0,1,,,0.01,300
C2_n0.01_d300_r05,C2,202632,2.48,2.18,0.2999999999999998,0.6,0.5997144759821851,0.5992944204795649,FAR,FAR,0.0,1,,,0.01,300
C2_n0.01_d300_r05,C2,202632,2.5,2.2,0.2999999999999998,0.6,0.6071402980451351,0.6012558898709575,FAR,FAR,0.0,1,,,0.01,300
C2_n0.01_d300_r05,C2,202632,2.52,2.22,0.2999999999999998,0.6,0.5874618936841606,0.5978073908242583,FAR,FAR,0.0,1,,,0.01,300
C2_n0.01_d300_r05,C2,202632,2.54,2.24,0.2999999999999998,0.6,0.5919430912784507,0.5963413159378064,FAR,FAR,0.0,1,,,0.01,300
C2_n0.01_d300_r05,C2,202632,2.56,2.26,0.30000000000000027,0.6,0.6085260661375749,0.5993875034877485,FAR,FAR,0.0,1,,,0.01,300
C2_n0.01_d300_r05,C2,202632,2.58,2.28,0.30000000000000027,0.6,0.5959719428052144,0.598533613317115,FAR,FAR,0.0,1,,,0.01,300
C2_n0.01_d300_r05,C2,202632,2.6,2.3,0.30000000000000027,0.6,0.588168123675579,0.595942240906731,FAR,FAR,0.0,1,,,0.01,300
C2_n0.01_d300_r05,C2,202632,2.62,2.32,0.30000000000000027,0.6,0.6266231749533665,0.6036124744183898,FAR,FAR,0.0,1,,,0.01,300
C2_n0.01_d300_r05,C2,202632,2.64,2.34,0.30000000000000027,0.6,0.6010157062152923,0.6029632823676154,FAR,FAR,0.0,1,,,0.01,300
C2_n0.01_d300_r05,C2,202632,2.66,2.36,0.30000000000000027,0.6,0.5907561906982509,0.5999115094502743,FAR,FAR,0.0,1,,,0.01,300
C2_n0.01_d300_r05,C2,202632,2.68,2.38,0.30000000000000027,0.6,0.6102503739104532,0.602496225565319,FAR,FAR,0.0,1,,,0.01,300
C2_n0.01_d300_r05,C2,202632,2.7,2.4,0.30000000000000027,0.6,0.6082218219790397,0.6039276246687492,FAR,FAR,0.0,1,,,0.01,300
C2_n0.01_d300_r05,C2,202632,2.72,2.42,0.30000000000000027,0.6,0.5966449077015753,0.6021069454269556,FAR,FAR,0.0,1,,,0.01,300
C2_n0.01_d300_r05,C2,202632,2.74,2.44,0.30000000000000027,0.6,0.5983988710407018,0.6011799268303921,FAR,FAR,0.0,1,,,0.01,300
C2_n0.01_d300_r05,C2,202632,2.76,2.46,0.2999999999999998,0.6,0.6005282314089319,0.601017002975027,FAR,FAR,0.0,1,,,0.01,300
C2_n0.01_d300_r05,C2,202632,2.78,2.48,0.2999999999999998,0.6,0.5935676014590543,0.5991546525960338,FAR,FAR,0.0,1,,,0.01,300
C2_n0.01_d300_r05,C2,202632,2.8,2.5,0.2999999999999998,0.6,0.5879813603704707,0.596361329539643,FAR,FAR,0.0,1,,,0.01,300
C2_n0.01_d300_r05,C2,202632,2.82,2.52,0.2999999999999998,0.6,0.6075576953166414,0.5991604209838927,FAR,FAR,0.0,1,,,0.01,300
C2_n0.01_d300_r05,C2,202632,2.84,2.54,0.2999999999999998,0.6,0.5842154110147971,0.5954241684916188,FAR,FAR,0.0,1,,,0.01,300
C2_n0.01_d300_r05,C2,202632,2.86,2.56,0.2999999999999998,0.6,0.5958628543390199,0.5955338399534691,FAR,FAR,0.0,1,,,0.01,300
C2_n0.01_d300_r05,C2,202632,2.88,2.58,0.2999999999999998,0.6,0.607715051488542,0.5985791428372373,FAR,FAR,0.0,1,,,0.01,300
C2_n0.01_d300_r05,C2,202632,2.9,2.6,0.2999999999999998,0.6,0.5949023691768378,0.5976599494221375,FAR,FAR,0.0,1,,,0.01,300
C2_n0.01_d300_r05,C2,202632,2.92,2.62,0.2999999999999998,0.6,0.615296322917505,0.6020690427959794,FAR,FAR,0.0,1,,,0.01,300
C2_n0.01_d300_r05,C2,202632,2.94,2.64,0.2999999999999998,0.6,0.5972053381918064,0.6008531166449361,FAR,FAR,0.0,1,,,0.01,300
C2_n0.01_d300_r05,C2,202632,2.96,2.66,0.2999999999999998,0.6,0.5820845136125282,0.5961609658868341,FAR,FAR,0.0,1,,,0.01,300
C2_n0.01_d300_r05,C2,202632,2.98,2.68,0.2999999999999998,0.6,0.6047696727102865,0.5983131425926972,FAR,FAR,0.0,1,,,0.01,300
C2_n0.01_d300_r05,C2,202632,3.0,2.7,0.2999999999999998,0.6,0.6177883398061605,0.603181941896063,FAR,FAR,0.0,1,,,0.01,300
C2_n0.01_d300_r05,C2,202632,3.02,2.72,0.2999999999999998,0.6,0.5946127928549396,0.6010396546357821,FAR,FAR,0.0,1,,,0.01,300
C2_n0.01_d300_r05,C2,202632,3.04,2.74,0.2999999999999998,0.6,0.5761588233626297,0.594819446817494,FAR,FAR,0.0,1,,,0.01,300
C2_n0.01_d300_r05,C2,202632,3.06,2.76,0.30000000000000027,0.6,0.5967280907579793,0.5952966078026154,FAR,FAR,0.0,1,,,0.01,300
C2_n0.01_d300_r05,C2,202632,3.08,2.78,0.30000000000000027,0.6,0.6086149632862538,0.598626196673525,FAR,FAR,0.0,1,,,0.01,300
C2_n0.01_d300_r05,C2,202632,3.1,2.8,0.30000000000000027,0.6,0.608412923968277,0.601072878497213,FAR,FAR,0.0,1,,,0.01,300
C2_n0.01_d300_r05,C2,202632,3.12,2.82,0.30000000000000027,0.6,0.5985172896911509,0.6004339812956975,FAR,FAR,0.0,1,,,0.01,300
C2_n0.01_d300_r05,C2,202632,3.14,2.84,0.30000000000000027,0.6,0.5956542297897499,0.5992390434192106,FAR,FAR,0.0,1,,,0.01,300
C2_n0.01_d300_r05,C2,202632,3.16,2.86,0.30000000000000027,0.6,0.609203273158409,0.6017301008540102,FAR,FAR,0.0,1,,,0.01,300
C2_n0.01_d300_r05,C2,202632,3.18,2.88,0.30000000000000027,0.6,0.6052939490073153,0.6026210628923365,FAR,FAR,0.0,1,,,0.01,300
C2_n0.01_d300_r05,C2,202632,3.2,2.9,0.30000000000000027,0.6,0.6153870092752238,0.6058125494880584,FAR,FAR,0.0,1,,,0.01,300
C2_n0.01_d300_r05,C2,202632,3.22,2.92,0.30000000000000027,0.6,0.5947155084845132,0.6030382892371721,FAR,FAR,0.0,1,,,0.01,300
C2_n0.01_d300_r05,C2,202632,3.24,2.94,0.30000000000000027,0.6,0.5993168324048843,0.6021079250291002,FAR,FAR,0.0,1,,,0.01,300
C2_n0.01_d300_r05,C2,202632,3.26,2.96,0.2999999999999998,0.6,0.5920490166051323,0.5995931979231082,FAR,FAR,0.0,1,,,0.01,300
C2_n0.01_d300_r05,C2,202632,3.28,2.98,0.2999999999999998,0.6,0.6025813042776682,0.6003402245117482,FAR,FAR,0.0,1,,,0.01,300
C2_n0.01_d300_r05,C2,202632,3.3,3.0,0.2999999999999998,0.6,0.6021006555488159,0.6007803322710151,FAR,FAR,0.0,1,,,0.01,300
C2_n0.01_d300_r05,C2,202632,3.32,3.02,0.2999999999999998,0.6,0.5913322823439442,0.5984183197892474,FAR,FAR,0.0,1,,,0.01,300
C2_n0.01_d300_r05,C2,202632,3.34,3.04,0.2999999999999998,0.6,0.6012511927089061,0.5991265380191622,FAR,FAR,0.0,1,,,0.01,300
C2_n0.01_d300_r05,C2,202632,3.36,3.06,0.2999999999999998,0.6,0.6038232822386225,0.6003007240740272,FAR,FAR,0.0,1,,,0.01,300
C2_n0.01_d300_r05,C2,202632,3.38,3.08,0.2999999999999998,0.6,0.6124218128043235,0.6033309962566014,FAR,FAR,0.0,1,,,0.01,300
C2_n0.01_d300_r05,C2,202632,3.4,3.1,0.2999999999999998,0.6,0.5935373929285183,0.6008825954245806,FAR,FAR,0.0,1,,,0.01,300
C2_n0.01_d300_r05,C2,202632,3.42,3.12,0.2999999999999998,0.6,0.5931724171211712,0.5989550508487282,FAR,FAR,0.0,1,,,0.01,300
C2_n0.01_d300_r05,C2,202632,3.44,3.14,0.2999999999999998,0.6,0.6011740223432603,0.5995097937223612,FAR,FAR,0.0,1,,,0.01,300
C2_n0.01_d300_r05,C2,202632,3.46,3.16,0.2999999999999998,0.6,0.5965654357849186,0.5987737042380006,FAR,FAR,0.0,1,,,0.01,300
C2_n0.01_d300_r05,C2,202632,3.48,3.18,0.2999999999999998,0.6,0.6038089834836622,0.600032524049416,FAR,FAR,0.0,1,,,0.01,300
C2_n0.01_d300_r05,C2,202632,3.5,3.2,0.2999999999999998,0.6,0.6112902276497598,0.6028469499495019,FAR,FAR,0.0,1,,,0.01,300
C2_n0.01_d300_r05,C2,202632,3.52,3.22,0.2999999999999998,0.6,0.5881929235599006,0.5991834433521016,FAR,FAR,0.0,1,,,0.01,300
C2_n0.01_d300_r05,C2,202632,3.54,3.24,0.2999999999999998,0.6,0.6130276678753157,0.6026444994829051,FAR,FAR,0.0,1,,,0.01,300
C2_n0.01_d300_r05,C2,202632,3.56,3.26,0.30000000000000027,0.6,0.6066112280795184,0.6036361816320585,FAR,FAR,0.0,1,,,0.01,300
C2_n0.01_d300_r05,C2,202632,3.58,3.28,0.30000000000000027,0.6,0.601612786574232,0.6031303328676019,FAR,FAR,0.0,1,,,0.01,300
C2_n0.01_d300_r05,C2,202632,3.6,3.3,0.30000000000000027,0.6,0.595120435344628,0.6011278584868585,FAR,FAR,0.0,1,,,0.01,300
C2_n0.01_d300_r05,C2,202632,3.62,3.32,0.30000000000000027,0.6,0.5939446816836448,0.599332064286055,FAR,FAR,0.0,1,,,0.01,300
C2_n0.01_d300_r05,C2,202632,3.64,3.34,0.30000000000000027,0.6,0.5994645851933565,0.5993651945128804,FAR,FAR,0.0,1,,,0.01,300
C2_n0.01_d300_r05,C2,202632,3.66,3.36,0.30000000000000027,0.6,0.5902595727328024,0.5970887890678609,FAR,FAR,0.0,1,,,0.01,300
C2_n0.01_d300_r05,C2,202632,3.68,3.38,0.30000000000000027,0.6,0.5931013988315998,0.5960919415087956,FAR,FAR,0.0,1,,,0.01,300
C2_n0.01_d300_r05,C2,202632,3.7,3.4,0.30000000000000027,0.6,0.5896590983177525,0.5944837307110349,FAR,FAR,0.0,1,,,0.01,300
C2_n0.01_d300_r05,C2,202632,3.72,3.42,0.30000000000000027,0.6,0.590071959789731,0.5933807879807089,FAR,FAR,0.0,1,,,0.01,300
C2_n0.01_d300_r05,C2,202632,3.74,3.44,0.30000000000000027,0.6,0.5970771237045739,0.5943048719116751,FAR,FAR,0.0,1,,,0.01,300
C2_n0.01_d300_r05,C2,202632,3.76,3.46,0.2999999999999998,0.6,0.5932205905933626,0.5940338015820971,FAR,FAR,0.0,1,,,0.01,300
C2_n0.01_d300_r05,C2,202632,3.78,3.48,0.2999999999999998,0.6,0.6052050520077908,0.5968266141885205,FAR,FAR,0.0,1,,,0.01,300
C2_n0.01_d300_r05,C2,202632,3.8,3.5,0.2999999999999998,0.6,0.6010975760342372,0.5978943546499496,FAR,FAR,0.0,1,,,0.01,300
C2_n0.01_d300_r05,C2,202632,3.82,3.52,0.2999999999999998,0.6,0.589344073809413,0.5957567844398154,FAR,FAR,0.0,1,,,0.01,300
C2_n0.01_d300_r05,C2,202632,3.84,3.54,0.2999999999999998,0.6,0.5969064627884699,0.596044204026979,FAR,FAR,0.0,1,,,0.01,300
C2_n0.01_d300_r05,C2,202632,3.86,3.56,0.2999999999999998,0.6,0.5922394001705468,0.5950930030628709,FAR,FAR,0.0,1,,,0.01,300
C2_n0.01_d300_r05,C2,202632,3.88,3.58,0.2999999999999998,0.6,0.5743357109993636,0.5899036800469941,FAR,FAR,0.0,1,,,0.01,300
C2_n0.01_d300_r05,C2,202632,3.9,3.6,0.2999999999999998,0.6,0.5933839090399581,0.5907737372952351,FAR,FAR,0.0,1,,,0.01,300
C2_n0.01_d300_r05,C2,202632,3.92,3.62,0.2999999999999998,0.6,0.5706164237327288,0.5857344089046085,FAR,FAR,0.0,1,,,0.01,300
C2_n0.01_d300_r05,C2,202632,3.94,3.64,0.2999999999999998,0.6,0.6031376049906798,0.5900852079261263,FAR,FAR,0.0,1,,,0.01,300
C2_n0.01_d300_r05,C2,202632,3.96,3.66,0.2999999999999998,0.6,0.5860936839756146,0.5890873269384984,FAR,FAR,0.0,1,,,0.01,300
C2_n0.01_d300_r05,C2,202632,3.98,3.68,0.2999999999999998,0.6,0.5976583812425909,0.5912300905145216,FAR,FAR,0.0,1,,,0.01,300
C2_n0.01_d300_r05,C2,202632,4.0,3.7,0.2999999999999998,0.6,0.6020885838163894,0.5939447138399885,FAR,FAR,0.0,1,,,0.01,300
C2_n0.01_d300_r05,C2,202632,4.02,3.72,0.2999999999999994,0.5982500000000001,0.6024435614254086,0.5960694257363435,FAR,FAR,0.0,1,,,0.01,300
C2_n0.01_d300_r05,C2,202632,4.04,3.74,0.2999999999999998,0.5965,0.6063739858190441,0.5986455657570187,FAR,FAR,0.0,1,,,0.01,300
C2_n0.01_d300_r05,C2,202632,4.06,3.76,0.2999999999999998,0.59475,0.607281727133991,0.6008046061012617,FAR,FAR,0.0,1,,,0.01,300
C2_n0.01_d300_r05,C2,202632,4.08,3.78,0.30000000000000027,0.593,0.5932988537566523,0.5989281680151094,FAR,FAR,0.0,1,,,0.01,300
C2_n0.01_d300_r05,C2,202632,4.1,3.8,0.2999999999999998,0.59125,0.5764477424669082,0.5933080616280592,FAR,FAR,0.0,1,,,0.01,300
C2_n0.01_d300_r05,C2,202632,4.12,3.82,0.30000000000000027,0.5894999999999999,0.5792604758847156,0.5897961651922233,FAR,FAR,0.0,1,,,0.01,300
C2_n0.01_d300_r05,C2,202632,4.14,3.84,0.2999999999999998,0.58775,0.6157205057526691,0.5962772503323348,FAR,FAR,0.0,1,,,0.01,300
C2_n0.01_d300_r05,C2,202632,4.16,3.86,0.30000000000000027,0.586,0.5737476597464131,0.5906448526858543,FAR,FAR,0.0,1,,,0.01,300
C2_n0.01_d300_r05,C2,202632,4.18,3.88,0.2999999999999998,0.58425,0.5940872269181862,0.5915054462439373,FAR,FAR,0.0,1,,,0.01,300
C2_n0.01_d300_r05,C2,202632,4.2,3.9,0.30000000000000027,0.5825,0.6006846010803304,0.5938002349530356,FAR,FAR,0.0,1,,,0.01,300
C2_n0.01_d300_r05,C2,202632,4.22,3.92,0.2999999999999998,0.58075,0.6037434717502737,0.5962860441523451,FAR,FAR,0.0,1,,,0.01,300
C2_n0.01_d300_r05,C2,202632,4.24,3.94,0.30000000000000027,0.579,0.6052141436214942,0.5985180690196323,FAR,FAR,0.0,1,,,0.01,300
C2_n0.01_d300_r05,C2,202632,4.26,3.96,0.2999999999999998,0.57725,0.5947096544347098,0.5975659653734017,FAR,FAR,0.0,1,,,0.01,300
C2_n0.01_d300_r05,C2,202632,4.28,3.98,0.30000000000000027,0.5754999999999999,0.5914728169284248,0.5960426782621575,FAR,FAR,0.0,1,,,0.01,300
C2_n0.01_d300_r05,C2,202632,4.3,4.0,0.2999999999999998,0.57375,0.6090933258403715,0.599305340156711,FAR,FAR,0.0,1,,,0.01,300
C2_n0.01_d300_r05,C2,202632,4.32,4.02,0.3000000000000007,0.572,0.6114732299177482,0.6023473125969703,FAR,FAR,0.0,1,,,0.01,300
C2_n0.01_d300_r05,C2,202632,4.34,4.04,0.2999999999999998,0.57025,0.5878520405610657,0.5987234945879941,FAR,FAR,0.0,1,,,0.01,300
C2_n0.01_d300_r05,C2,202632,4.36,4.06,0.3000000000000007,0.5685,0.5807044416956494,0.5942187313649079,FAR,FAR,0.0,1,,,0.01,300
C2_n0.01_d300_r05,C2,202632,4.38,4.08,0.2999999999999998,0.56675,0.5975026453697444,0.595039709866117,FAR,FAR,0.0,1,,,0.01,300
C2_n0.01_d300_r05,C2,202632,4.4,4.1,0.3000000000000007,0.565,0.6067819922168666,0.5979752804538044,FAR,FAR,0.0,1,,,0.01,300
C2_n0.01_d300_r05,C2,202632,4.42,4.12,0.2999999999999998,0.56325,0.5955283308805984,0.5973635430605029,FAR,FAR,0.0,1,,,0.01,300
C2_n0.01_d300_r05,C2,202632,4.44,4.14,0.3000000000000007,0.5614999999999999,0.583897104142207,0.593996933330929,FAR,FAR,0.0,1,,,0.01,300
C2_n0.01_d300_r05,C2,202632,4.46,4.16,0.2999999999999998,0.55975,0.5968739201341187,0.5947161800317264,FAR,FAR,0.0,1,,,0.01,300
C2_n0.01_d300_r05,C2,202632,4.48,4.18,0.3000000000000007,0.5579999999999999,0.5816793081265965,0.591456962055444,FAR,FAR,0.0,1,,,0.01,300
C2_n0.01_d300_r05,C2,202632,4.5,4.2,0.2999999999999998,0.55625,0.5759795642749312,0.5875876126103158,FAR,FAR,0.0,1,,,0.01,300
C2_n0.01_d300_r05,C2,202632,4.52,4.22,0.2999999999999998,0.5545,0.5648589076747857,0.5819054363764332,FAR,FAR,0.0,1,,,0.01,300
C2_n0.01_d300_r05,C2,202632,4.54,4.24,0.2999999999999998,0.55275,0.5999754817684564,0.586422947724439,FAR,FAR,0.0,1,,,0.01,300
C2_n0.01_d300_r05,C2,202632,4.56,4.26,0.2999999999999998,0.551,0.5574776658326448,0.5791866272514905,FAR,FAR,0.0,1,,,0.01,300
C2_n0.01_d300_r05,C2,202632,4.58,4.28,0.2999999999999998,0.54925,0.586993619246266,0.5811383752501844,FAR,FAR,0.0,1,,,0.01,300
C2_n0.01_d300_r05,C2,202632,4.6,4.3,0.2999999999999998,0.5475,0.5728925624392993,0.5790769220474632,FAR,FAR,0.0,1,,,0.01,300
C2_n0.01_d300_r05,C2,202632,4.62,4.32,0.2999999999999998,0.54575,0.5615427186410505,0.5746933711958601,FAR,FAR,0.0,1,,,0.01,300
C2_n0.01_d300_r05,C2,202632,4.64,4.34,0.2999999999999998,0.544,0.592195796428576,0.579068977504039,FAR,FAR,0.0,1,,,0.01,300
C2_n0.01_d300_r05,C2,202632,4.66,4.36,0.2999999999999998,0.54225,0.5598946035697747,0.5742753840204728,FAR,FAR,0.0,1,,,0.01,300
C2_n0.01_d300_r05,C2,202632,4.68,4.38,0.2999999999999998,0.5405,0.5537095349546297,0.5691339217540121,FAR,FAR,0.0,1,,,0.01,300
C2_n0.01_d300_r05,C2,202632,4.7,4.4,0.2999999999999998,0.53875,0.5637455502617233,0.5677868288809399,FAR,FAR,0.0,1,,,0.01,300
C2_n0.01_d300_r05,C2,202632,4.72,4.42,0.2999999999999998,0.537,0.5564396115142893,0.5649500245392773,FAR,FAR,0.0,1,,,0.01,300
C2_n0.01_d300_r05,C2,202632,4.74,4.44,0.2999999999999998,0.53525,0.5557514742885544,0.5626503869765966,FAR,FAR,0.0,1,,,0.01,300
C2_n0.01_d300_r05,C2,202632,4.76,4.46,0.2999999999999998,0.5335,0.5664617469810644,0.5636032269777136,FAR,FAR,0.0,1,,,0.01,300
C2_n0.01_d300_r05,C2,202632,4.78,4.48,0.2999999999999998,0.53175,0.5527772821764003,0.5608967407773853,FAR,FAR,0.0,1,,,0.01,300
C2_n0.01_d300_r05,C2,202632,4.8,4.5,0.2999999999999998,0.53,0.5584850461370676,0.5602938171173059,FAR,FAR,0.0,1,,,0.01,300
C2_n0.01_d300_r05,C2,202632,4.82,4.52,0.3000000000000007,0.52825,0.5472105915848929,0.5570230107342026,FAR,FAR,0.0,1,,,0.01,300
C2_n0.01_d300_r05,C2,202632,4.84,4.54,0.2999999999999998,0.5265,0.549744357636033,0.5552033474596603,FAR,FAR,0.0,1,,,0.01,300
C2_n0.01_d300_r05,C2,202632,4.86,4.56,0.3000000000000007,0.5247499999999999,0.5318761604458571,0.5493715507062095,FAR,FAR,0.0,1,,,0.01,300
C2_n0.01_d300_r05,C2,202632,4.88,4.58,0.2999999999999998,0.523,0.5586220522990718,0.5516841761044251,FAR,FAR,0.0,1,,,0.01,300
C2_n0.01_d300_r05,C2,202632,4.9,4.6,0.3000000000000007,0.52125,0.5490686002003657,0.5510302821284103,FAR,FAR,0.0,1,,,0.01,300
C2_n0.01_d300_r05,C2,202632,4.92,4.62,0.2999999999999998,0.5195,0.543085504983825,0.549044087842264,FAR,FAR,0.0,1,,,0.01,300
C2_n0.01_d300_r05,C2,202632,4.94,4.64,0.3000000000000007,0.5177499999999999,0.5335347391947192,0.5451667506803778,FAR,FAR,0.0,1,,,0.01,300
C2_n0.01_d300_r05,C2,202632,4.96,4.66,0.2999999999999998,0.516,0.5589194990825147,0.548604937780912,FAR,FAR,0.0,1,,,0.01,300
C2_n0.01_d300_r05,C2,202632,4.98,4.68,0.3000000000000007,0.51425,0.5385024159623084,0.5460793073262611,FAR,FAR,0.0,1,,,0.01,300
C2_n0.01_d300_r05,C2,202632,5.0,4.7,0.2999999999999998,0.5125,0.5451371309375573,0.5458437632290851,FAR,FAR,0.0,1,,,0.01,300
C2_n0.01_d300_r05,C2,202632,5.02,4.72,0.2999999999999998,0.51075,0.529477058549422,0.5417520870591693,FAR,FAR,0.0,1,,,0.01,300
C2_n0.01_d300_r05,C2,202632,5.04,4.74,0.2999999999999998,0.509,0.5154574526417774,0.5351784284548213,FAR,FAR,0.0,1,,,0.01,300
C2_n0.01_d300_r05,C2,202632,5.06,4.76,0.2999999999999998,0.50725,0.5388413600395892,0.5360941613510133,FAR,FAR,0.0,1,,,0.01,300
C2_n0.01_d300_r05,C2,202632,5.08,4.78,0.2999999999999998,0.5055,0.5214838146550526,0.5324415746770231,FAR,FAR,0.0,1,,,0.01,300
C2_n0.01_d300_r05,C2,202632,5.1,4.8,0.2999999999999998,0.50375,0.5436905466564004,0.5352538176718674,FAR,FAR,0.0,1,,,0.01,300
C2_n0.01_d300_r05,C2,202632,5.12,4.82,0.2999999999999998,0.502,0.5288300024008119,0.5336478638541036,FAR,FAR,0.0,1,,,0.01,300
C2_n0.01_d300_r05,C2,202632,5.14,4.84,0.2999999999999998,0.50025,0.5304506597674411,0.532848562832438,FAR,FAR,0.0,1,,,0.01,300
C2_n0.01_d300_r05,C2,202632,5.16,4.86,0.2999999999999998,0.49849999999999994,0.5192725368911747,0.5294545563471221,FAR,FAR,0.0,1,,,0.01,300
C2_n0.01_d300_r05,C2,202632,5.18,4.88,0.2999999999999998,0.49675,0.5127057226947467,0.5252673479340283,FAR,FAR,0.0,1,,,0.01,300
C2_n0.01_d300_r05,C2,202632,5.2,4.9,0.2999999999999998,0.495,0.5181226076146912,0.523481162854194,FAR,FAR,0.0,1,,,0.01,300
C2_n0.01_d300_r05,C2,202632,5.22,4.92,0.2999999999999998,0.49325,0.5348128114758474,0.5263140750096074,FAR,FAR,0.0,1,,,0.01,300
C2_n0.01_d300_r05,C2,202632,5.24,4.94,0.2999999999999998,0.49149999999999994,0.5136290294475274,0.5231428136190874,FAR,FAR,0.0,1,,,0.01,300
C2_n0.01_d300_r05,C2,202632,5.26,4.96,0.2999999999999998,0.48975,0.5142624643569494,0.520922726303553,FAR,FAR,0.0,1,,,0.01,300
C2_n0.01_d300_r05,C2,202632,5.28,4.98,0.2999999999999998,0.488,0.5218650987548856,0.5211583194163861,FAR,FAR,0.0,1,,,0.01,300
C2_n0.01_d300_r05,C2,202632,5.3,5.0,0.2999999999999998,0.48625,0.51539943698499,0.5197185988085371,FAR,FAR,0.0,1,,,0.01,300
C2_n0.01_d300_r05,C2,202632,5.32,5.02,0.3000000000000007,0.48449999999999993,0.5071550459641129,0.5165777105974311,FAR,FAR,0.0,1,,,0.01,300
C2_n0.01_d300_r05,C2,202632,5.34,5.04,0.2999999999999998,0.48275,0.503976782232826,0.5134274785062798,FAR,FAR,0.0,1,,,0.01,300
C2_n0.01_d300_r05,C2,202632,5.36,5.06,0.3000000000000007,0.481,0.5122636658670832,0.5131365253464806,FAR,FAR,0.0,1,,,0.01,300
C2_n0.01_d300_r05,C2,202632,5.38,5.08,0.2999999999999998,0.47925,0.5013574843272282,0.5101917650916674,FAR,FAR,0.0,1,,,0.01,300
C2_n0.01_d300_r05,C2,202632,5.4,5.1,0.3000000000000007,0.4774999999999999,0.5069803384476473,0.5093889084306624,FAR,FAR,0.0,1,,,0.01,300
C2_n0.01_d300_r05,C2,202632,5.42,5.12,0.2999999999999998,0.47575,0.5101332547311145,0.5095749950057754,FAR,FAR,0.0,1,,,0.01,300
C2_n0.01_d300_r05,C2,202632,5.44,5.14,0.3000000000000007,0.474,0.5001468208461585,0.5072179514658712,FAR,FAR,0.0,1,,,0.01,300
C2_n0.01_d300_r05,C2,202632,5.46,5.16,0.2999999999999998,0.47224999999999995,0.5178675613996223,0.509880353949309,FAR,FAR,0.0,1,,,0.01,300
C2_n0.01_d300_r05,C2,202632,5.48,5.18,0.3000000000000007,0.4704999999999999,0.5069236288451671,0.5091411726732735,FAR,FAR,0.0,1,,,0.01,300
C2_n0.01_d300_r05,C2,202632,5.5,5.2,0.2999999999999998,0.46875,0.5018400567671921,0.5073158936967532,FAR,FAR,0.0,1,,,0.01,300
C2_n0.01_d300_r05,C2,202632,5.52,5.22,0.2999999999999998,0.467,0.49864414493327974,0.5051479565058848,FAR,FAR,0.0,1,,,0.01,300
C2_n0.01_d300_r05,C2,202632,5.54,5.24,0.2999999999999998,0.46525,0.4858274261988727,0.5003178239291318,FAR,FAR,0.0,1,,,0.01,300
C2_n0.01_d300_r05,C2,202632,5.56,5.26,0.2999999999999998,0.4635,0.479100476373235,0.4950134870401576,FAR,FAR,0.0,1,,,0.01,300
C2_n0.01_d300_r05,C2,202632,5.58,5.28,0.2999999999999998,0.46175,0.4977653199515773,0.49570144526801246,FAR,FAR,0.0,1,,,0.01,300
C2_n0.01_d300_r05,C2,202632,5.6,5.3,0.2999999999999998,0.46,0.49210317758409405,0.4948018783470329,FAR,FAR,0.0,1,,,0.01,300
C2_n0.01_d300_r05,C2,202632,5.62,5.32,0.2999999999999998,0.45825,0.4862295660959919,0.4926588002842726,FAR,FAR,0.0,1,,,0.01,300
C2_n0.01_d300_r05,C2,202632,5.64,5.34,0.2999999999999998,0.4565,0.47647994915148806,0.4886140875010765,FAR,FAR,0.0,1,,,0.01,300
C2_n0.01_d300_r05,C2,202632,5.66,5.36,0.2999999999999998,0.45475,0.47274508694281225,0.48464683736151043,FAR,FAR,0.0,1,,,0.01,300
C2_n0.01_d300_r05,C2,202632,5.68,5.38,0.2999999999999998,0.453,0.4811326517271362,0.48376829095291685,FAR,FAR,0.0,1,,,0.01,300
C2_n0.01_d300_r05,C2,202632,5.7,5.4,0.2999999999999998,0.45125,0.4817002222909815,0.483251273787433,FAR,FAR,0.0,1,,,0.01,300
C2_n0.01_d300_r05,C2,202632,5.72,5.42,0.2999999999999998,0.4495,0.4667822695671328,0.47913402273235794,FAR,FAR,0.0,1,,,0.01,300
C2_n0.01_d300_r05,C2,202632,5.74,5.44,0.2999999999999998,0.44775,0.46944431409608617,0.47671159557329,FAR,FAR,0.0,1,,,0.01,300
C2_n0.01_d300_r05,C2,202632,5.76,5.46,0.2999999999999998,0.446,0.4820209418767225,0.4780389321491481,FAR,FAR,0.0,1,,,0.01,300
C2_n0.01_d300_r05,C2,202632,5.78,5.48,0.2999999999999998,0.44425,0.470610703666899,0.47618187502858583,FAR,FAR,0.0,1,,,0.01,300
C2_n0.01_d300_r05,C2,202632,5.8,5.5,0.2999999999999998,0.4425,0.4745724009012142,0.47577950649674294,FAR,FAR,0.0,1,,,0.01,300
C2_n0.01_d300_r05,C2,202632,5.82,5.52,0.3000000000000007,0.44075,0.45831078273465775,0.47141232555622165,FAR,FAR,0.0,1,,,0.01,300
C2_n0.01_d300_r05,C2,202632,5.84,5.54,0.2999999999999998,0.439,0.4638476501831723,0.4695211567129593,FAR,FAR,0.0,1,,,0.01,300
C2_n0.01_d300_r05,C2,202632,5.86,5.56,0.3000000000000007,0.43724999999999997,0.4601150196690307,0.46716962245197713,FAR,FAR,0.0,1,,,0.01,300
C2_n0.01_d300_r05,C2,202632,5.88,5.58,0.2999999999999998,0.4355,0.46146454328735387,0.4657433526608213,FAR,FAR,0.0,1,,,0.01,300
C2_n0.01_d300_r05,C2,202632,5.9,5.6,0.3000000000000007,0.43374999999999997,0.4702038750905195,0.46685848326824586,FAR,FAR,0.0,1,,,0.01,300
C2_n0.01_d300_r05,C2,202632,5.92,5.62,0.2999999999999998,0.432,0.454777553858819,0.46383825091588915,FAR,FAR,0.0,1,,,0.01,300
C2_n0.01_d300_r05,C2,202632,5.94,5.64,0.3000000000000007,0.43024999999999997,0.46361811706128525,0.46378321745223816,FAR,FAR,0.0,1,,,0.01,300
C2_n0.01_d300_r05,C2,202632,5.96,5.66,0.2999999999999998,0.4285,0.4628499503462734,0.463549900675747,FAR,FAR,0.0,1,,,0.01,300
C2_n0.01_d300_r05,C2,202632,5.98,5.68,0.3000000000000007,0.42674999999999996,0.42734563399695213,0.4544988340060483,FAR,FAR,0.0,1,,,0.01,300
C2_n0.01_d300_r05,C2,202632,6.0,5.7,0.2999999999999998,0.425,0.45744339470904,0.4552349741817962,FAR,FAR,0.0,1,,,0.01,300
C2_n0.01_d300_r05,C2,202632,6.02,5.72,0.2999999999999998,0.42325,0.46942581728436406,0.4587826849574381,FAR,FAR,0.0,1,,,0.01,300
C2_n0.01_d300_r05,C2,202632,6.04,5.74,0.2999999999999998,0.4215,0.4567424836249354,0.45827263462431245,FAR,FAR,0.0,1,,,0.01,300
C2_n0.01_d300_r05,C2,202632,6.06,5.76,0.2999999999999998,0.41975,0.4427168178281071,0.4543836804252611,FAR,FAR,0.0,1,,,0.01,300
C2_n0.01_d300_r05,C2,202632,6.08,5.78,0.2999999999999998,0.418,0.4668911380384867,0.45751054482856757,FAR,FAR,0.0,1,,,0.01,300
C2_n0.01_d300_r05,C2,202632,6.1,5.8,0.2999999999999998,0.41625,0.44521460075567443,0.4544365588103443,FAR,FAR,0.0,1,,,0.01,300
C2_n0.01_d300_r05,C2,202632,6.12,5.82,0.2999999999999998,0.4145,0.4440818564529466,0.4518478832209949,FAR,FAR,0.0,1,,,0.01,300
C2_n0.01_d300_r05,C2,202632,6.14,5.84,0.2999999999999998,0.41275,0.4538361732756044,0.4523449557346473,FAR,FAR,0.0,1,,,0.01,300
C2_n0.01_d300_r05,C2,202632,6.16,5.86,0.2999999999999998,0.411,0.4429828886579178,0.45000443896546494,FAR,FAR,0.0,1,,,0.01,300
C2_n0.01_d300_r05,C2,202632,6.18,5.88,0.2999999999999998,0.40925,0.4341488800013529,0.4460405492244369,FAR,FAR,0.0,1,,,0.01,300
C2_n0.01_d300_r05,C2,202632,6.2,5.9,0.2999999999999998,0.4075,0.43530875338200214,0.4433576002638282,FAR,FAR,0.0,1,,,0.01,300
C2_n0.01_d300_r05,C2,202632,6.22,5.92,0.2999999999999998,0.40575,0.43596822094050036,0.44151025543299627,FAR,FAR,0.0,1,,,0.01,300
C2_n0.01_d300_r05,C2,202632,6.24,5.94,0.2999999999999998,0.40399999999999997,0.41189939423517685,0.43410754013354147,FAR,FAR,0.0,1,,,0.01,300
C2_n0.01_d300_r05,C2,202632,6.26,5.96,0.2999999999999998,0.40225,0.4281393113138195,0.43261548292861096,FAR,FAR,0.0,1,,,0.01,300
C2_n0.01_d300_r05,C2,202632,6.28,5.98,0.2999999999999998,0.40049999999999997,0.4301084262751555,0.4319887187652471,FAR,FAR,0.0,1,,,0.01,300
C2_n0.01_d300_r05,C2,202632,6.3,6.0,0.2999999999999998,0.39875,0.42804751953183917,0.4310034189568951,FAR,FAR,0.0,1,,,0.01,300
C2_n0.01_d300_r05,C2,202632,6.32,6.02,0.3000000000000007,0.39699999999999996,0.4206769417746816,0.42842179966134175,FAR,FAR,0.0,1,,,0.01,300
C2_n0.01_d300_r05,C2,202632,6.34,6.04,0.2999999999999998,0.39525,0.4229220864629993,0.4270468713617561,FAR,FAR,0.0,1,,,0.01,300
C2_n0.01_d300_r05,C2,202632,6.36,6.06,0.3000000000000007,0.39349999999999996,0.44361732698741096,0.4311894852681698,FAR,FAR,0.0,1,,,0.01,300
C2_n0.01_d300_r05,C2,202632,6.38,6.08,0.2999999999999998,0.39175,0.4238777383259794,0.4293615485326222,FAR,FAR,0.0,1,,,0.01,300
C2_n0.01_d300_r05,C2,202632,6.4,6.1,0.3000000000000007,0.38999999999999996,0.3993043198370239,0.42184724135872265,FAR,FAR,0.0,1,,,0.01,300
C2_n0.01_d300_r05,C2,202632,6.42,6.12,0.2999999999999998,0.38825,0.40721520438832026,0.418189232116122,FAR,FAR,0.0,1,,,0.01,300
C2_n0.01_d300_r05,C2,202632,6.44,6.14,0.3000000000000007,0.38649999999999995,0.41677446082770325,0.41783553929401734,FAR,FAR,0.0,1,,,0.01,300
C2_n0.01_d300_r05,C2,202632,6.46,6.16,0.2999999999999998,0.38475,0.4123629691258681,0.41646739675198,FAR,FAR,0.0,1,,,0.01,300
C2_n0.01_d300_r05,C2,202632,6.48,6.18,0.3000000000000007,0.38299999999999995,0.4108943755150933,0.41507414144275834,FAR,FAR,0.0,1,,,0.01,300
C2_n0.01_d300_r05,C2,202632,6.5,6.2,0.2999999999999998,0.38125,0.4034298390669686,0.4121630658488109,FAR,FAR,0.0,1,,,0.01,300
C2_n0.01_d300_r05,C2,202632,6.52,6.22,0.2999999999999998,0.37950000000000006,0.40001679537397167,0.4091264982301011,FAR,FAR,0.0,1,,,0.01,300
C2_n0.01_d300_r05,C2,202632,6.54,6.24,0.2999999999999998,0.37775000000000003,0.4064805288640581,0.40846500588859036,FAR,FAR,0.0,1,,,0.01,300
C2_n0.01_d300_r05,C2,202632,6.56,6.26,0.2999999999999998,0.376,0.4110542860241138,0.4091123259224712,FAR,FAR,0.0,1,,,0.01,300
C2_n0.01_d300_r05,C2,202632,6.58,6.28,0.2999999999999998,0.37424999999999997,0.3816125674707441,0.4022373863095394,FAR,FAR,0.0,1,,,0.01,300
C2_n0.01_d300_r05,C2,202632,6.6,6.3,0.2999999999999998,0.37250000000000005,0.4005673637022419,0.401819880657715,FAR,FAR,0.0,1,,,0.01,300
C2_n0.01_d300_r05,C2,202632,6.62,6.32,0.2999999999999998,0.37075,0.4006767606184485,0.4015341006478984,FAR,FAR,0.0,1,,,0.01,300
C2_n0.01_d300_r05,C2,202632,6.64,6.34,0.2999999999999998,0.369,0.38942087870084346,0.3985057951611347,FAR,FAR,0.0,1,,,0.01,300
C2_n0.01_d300_r05,C2,202632,6.66,6.36,0.2999999999999998,0.36724999999999997,0.4028675954910636,0.3995962452436169,FAR,FAR,0.0,1,,,0.01,300
C2_n0.01_d300_r05,C2,202632,6.68,6.38,0.2999999999999998,0.36550000000000005,0.39308843899076956,0.3979692936804051,FAR,FAR,0.0,1,,,0.01,300
C2_n0.01_d300_r05,C2,202632,6.7,6.4,0.2999999999999998,0.36375,0.40221035152642876,0.39902955814191104,FAR,FAR,0.0,1,,,0.01,300
C2_n0.01_d300_r05,C2,202632,6.72,6.42,0.2999999999999998,0.362,0.3757457373913901,0.39320860295428084,FAR,FAR,0.0,1,,,0.01,300
C2_n0.01_d300_r05,C2,202632,6.74,6.44,0.2999999999999998,0.36024999999999996,0.3979246381156513,0.3943876117446235,FAR,FAR,0.0,1,,,0.01,300
C2_n0.01_d300_r05,C2,202632,6.76,6.46,0.2999999999999998,0.35850000000000004,0.392049121872843,0.3938029892766784,FAR,FAR,0.0,1,,,0.01,300
C2_n0.01_d300_r05,C2,202632,6.78,6.48,0.2999999999999998,0.35675,0.3796942298495196,0.3902757994198887,FAR,FAR,0.0,1,,,0.01,300
C2_n0.01_d300_r05,C2,202632,6.8,6.5,0.2999999999999998,0.355,0.3854260588078942,0.3890633642668901,FAR,FAR,0.0,1,,,0.01,300
C2_n0.01_d300_r05,C2,202632,6.82,6.52,0.3000000000000007,0.35324999999999995,0.3767283740631846,0.3859796167159637,FAR,FAR,0.0,1,,,0.01,300
C2_n0.01_d300_r05,C2,202632,6.84,6.54,0.2999999999999998,0.35150000000000003,0.37528694258466233,0.38330644818313836,FAR,FAR,0.0,1,,,0.01,300
C2_n0.01_d300_r05,C2,202632,6.86,6.56,0.3000000000000007,0.34974999999999995,0.37682508805068154,0.3816861081500242,NEAR,FAR,0.0,1,,,0.01,300
C2_n0.01_d300_r05,C2,202632,6.88,6.58,0.2999999999999998,0.348,0.3701455780649052,0.37880097562874443,NEAR,FAR,0.0,1,,,0.01,300
C2_n0.01_d300_r05,C2,202632,6.9,6.6,0.3000000000000007,0.34624999999999995,0.33890067715471967,0.3688259010102382,NEAR,FAR,0.0,1,,,0.01,300
C2_n0.01_d300_r05,C2,202632,6.92,6.62,0.2999999999999998,0.3445,0.383313361102878,0.3724477660333982,NEAR,FAR,0.0,1,,,0.01,300
C2_n0.01_d300_r05,C2,202632,6.94,6.64,0.3000000000000007,0.34274999999999994,0.3744666320530148,0.3729524825383023,NEAR,FAR,0.0,1,,,0.01,300
C2_n0.01_d300_r05,C2,202632,6.96,6.66,0.2999999999999998,0.34099999999999997,0.35879395707649886,0.36941285117285144,NEAR,FAR,0.0,1,,,0.01,300
C2_n0.01_d300_r05,C2,202632,6.98,6.68,0.3000000000000007,0.33924999999999994,0.3639812674662303,0.36805495524619614,NEAR,FAR,0.0,1,,,0.01,300
C2_n0.01_d300_r05,C2,202632,7.0,6.7,0.2999999999999998,0.3375,0.3412166240642252,0.36134537245070336,NEAR,FAR,0.0,1,,,0.01,300
C2_n0.01_d300_r05,C2,202632,7.02,6.72,0.2999999999999998,0.33575000000000005,0.3446817347589938,0.3571794630277759,NEAR,FAR,0.0,1,,,0.01,300
C2_n0.01_d300_r05,C2,202632,7.04,6.74,0.2999999999999998,0.334,0.3670029887941568,0.3596353444693711,NEAR,FAR,0.0,1,,,0.01,300
C2_n0.01_d300_r05,C2,202632,7.06,6.76,0.2999999999999998,0.33225000000000005,0.3665736306311502,0.3613699160098159,NEAR,FAR,0.0,1,,,0.01,300
C2_n0.01_d300_r05,C2,202632,7.08,6.78,0.2999999999999998,0.3305,0.3747074288030715,0.3647042942081298,NEAR,FAR,0.0,1,,,0.01,300
C2_n0.01_d300_r05,C2,202632,7.1,6.8,0.2999999999999998,0.32875000000000004,0.34411308266674706,0.3595564913227841,NEAR,FAR,0.0,1,,,0.01,300
C2_n0.01_d300_r05,C2,202632,7.12,6.82,0.2999999999999998,0.327,0.356217659449888,0.35872178335456006,NEAR,FAR,0.0,1,,,0.01,300
C2_n0.01_d300_r05,C2,202632,7.14,6.84,0.2999999999999998,0.32525000000000004,0.35734424441299983,0.35837739861917006,NEAR,FAR,0.0,1,,,0.01,300
C2_n0.01_d300_r05,C2,202632,7.16,6.86,0.2999999999999998,0.3235,0.3474094834661956,0.35563541983092645,NEAR,FAR,0.0,1,,,0.01,300
C2_n0.01_d300_r05,C2,202632,7.18,6.88,0.2999999999999998,0.32175000000000004,0.3534523517861625,0.3550896528197355,NEAR,FAR,0.0,1,,,0.01,300
C2_n0.01_d300_r05,C2,202632,7.2,6.9,0.2999999999999998,0.32,0.35916400473805205,0.3561082407993146,NEAR,FAR,0.0,1,,,0.01,300
C2_n0.01_d300_r05,C2,202632,7.22,6.92,0.2999999999999998,0.31825000000000003,0.36293181276923375,0.3578141337917944,NEAR,FAR,0.0,1,,,0.01,300
C2_n0.01_d300_r05,C2,202632,7.24,6.94,0.2999999999999998,0.3165,0.3302011525721864,0.3509108884868924,NEAR,FAR,0.0,1,,,0.01,300
C2_n0.01_d300_r05,C2,202632,7.26,6.96,0.2999999999999998,0.31475000000000003,0.3387514855154539,0.3478710377440328,NEAR,FAR,0.0,1,,,0.01,300
C2_n0.01_d300_r05,C2,202632,7.28,6.98,0.2999999999999998,0.313,0.358654225071205,0.3505668345758258,NEAR,FAR,0.0,1,,,0.01,300
C2_n0.01_d300_r05,C2,202632,7.3,7.0,0.2999999999999998,0.31125,0.3221388689180932,0.34345984316139266,NEAR,FAR,0.0,1,,,0.01,300
C2_n0.01_d300_r05,C2,202632,7.32,7.02,0.3000000000000007,0.3095,0.3375581699486862,0.34198442485821606,NEAR,FAR,0.0,1,,,0.01,300
C2_n0.01_d300_r05,C2,202632,7.34,7.04,0.2999999999999998,0.30775,0.33999784319586823,0.3414877794426291,NEAR,FAR,0.0,1,,,0.01,300
C2_n0.01_d300_r05,C2,202632,7.36,7.06,0.3000000000000007,0.306,0.3203889913401637,0.33621308241701275,NEAR,FAR,0.0,1,,,0.01,300
C2_n0.01_d300_r05,C2,202632,7.38,7.08,0.2999999999999998,0.30425,0.3359009051516382,0.33613503810066914,NEAR,FAR,0.0,1,,,0.01,300
C2_n0.01_d300_r05,C2,202632,7.4,7.1,0.3000000000000007,0.3025,0.3146065709623292,0.33075292131608414,NEAR,FAR,0.0,1,,,0.01,300
C2_n0.01_d300_r05,C2,202632,7.42,7.12,0.2999999999999998,0.30075,0.33557099390591455,0.3319574394635417,NEAR,FAR,0.0,1,,,0.01,300
C2_n0.01_d300_r05,C2,202632,7.44,7.14,0.3000000000000007,0.299,0.31455556237376,0.3276069701910963,NEAR,FAR,0.0,1,,,0.01,300
C2_n0.01_d300_r05,C2,202632,7.46,7.16,0.2999999999999998,0.29725,0.3135538194180143,0.3240936824978258,NEAR,FAR,0.0,1,,,0.01,300
C2_n0.01_d300_r05,C2,202632,7.48,7.18,0.3000000000000007,0.2955,0.3022894406123722,0.3186426220264624,NEAR,NEAR,0.6,1,ENTER_NEAR,,0.01,300
C2_n0.01_d300_r05,C2,202632,7.5,7.2,0.2999999999999998,0.29375,0.31459259172763643,0.3176301144517559,NEAR,NEAR,0.6,1,,,0.01,300
C2_n0.01_d300_r05,C2,202632,7.52,7.22,0.2999999999999998,0.29200000000000004,0.314863761068623,0.3169385261059726,NEAR,NEAR,0.6,1,,,0.01,300
C2_n0.01_d300_r05,C2,202632,7.54,7.24,0.2999999999999998,0.29025,0.32049119562276007,0.31782669348516945,NEAR,NEAR,0.6,1,,,0.01,300
C2_n0.01_d300_r05,C2,202632,7.56,7.26,0.2999999999999998,0.28850000000000003,0.2977669970430151,0.31281176937463084,NEAR,NEAR,0.6,1,,,0.01,300
C2_n0.01_d300_r05,C2,202632,7.58,7.28,0.2999999999999998,0.28675,0.32046007249495645,0.31472384515471225,NEAR,NEAR,0.6,1,,,0.01,300
C2_n0.01_d300_r05,C2,202632,7.6,7.3,0.2999999999999998,0.28500000000000003,0.311401267224218,0.3138932006720887,NEAR,NEAR,0.6,1,,,0.01,300
C2_n0.01_d300_r05,C2,202632,7.62,7.32,0.2999999999999998,0.28325,0.3031230764910535,0.3112006696268299,NEAR,NEAR,0.6,1,,,0.01,300
C2_n0.01_d300_r05,C2,202632,7.64,7.34,0.2999999999999998,0.28150000000000003,0.3174500330876386,0.3127630104920321,NEAR,NEAR,0.6,1,,,0.01,300
C2_n0.01_d300_r05,C2,202632,7.66,7.36,0.2999999999999998,0.27975,0.2884992134832846,0.30669706123984525,NEAR,NEAR,0.6,1,,,0.01,300
C2_n0.01_d300_r05,C2,202632,7.68,7.38,0.2999999999999998,0.278,0.31696915657889874,0.30926508507460865,NEAR,NEAR,0.6,1,,,0.01,300
C2_n0.01_d300_r05,C2,202632,7.7,7.4,0.2999999999999998,0.27625,0.2829017093162926,0.30267424113502966,NEAR,NEAR,0.6,1,,,0.01,300
C2_n0.01_d300_r05,C2,202632,7.72,7.42,0.2999999999999998,0.2745,0.31188718916075614,0.3049774781414613,NEAR,NEAR,0.6,1,,,0.01,300
C2_n0.01_d300_r05,C2,202632,7.74,7.44,0.2999999999999998,0.27275,0.3071810320105335,0.30552836660872934,NEAR,NEAR,0.6,1,,,0.01,300
C2_n0.01_d300_r05,C2,202632,7.76,7.46,0.2999999999999998,0.271,0.2775444496063653,0.2985323873581383,NEAR,NEAR,0.6,1,,,0.01,300
C2_n0.01_d300_r05,C2,202632,7.78,7.48,0.2999999999999998,0.26925,0.28285965614231395,0.29461420455418225,NEAR,NEAR,0.6,1,,,0.01,300
C2_n0.01_d300_r05,C2,202632,7.8,7.5,0.2999999999999998,0.2675,0.28501544038213755,0.2922145135111711,NEAR,NEAR,0.6,1,,,0.01,300
C2_n0.01_d300_r05,C2,202632,7.82,7.52,0.3000000000000007,0.26575,0.275101131310163,0.2879361679609191,NEAR,NEAR,0.6,1,,,0.01,300
C2_n0.01_d300_r05,C2,202632,7.84,7.54,0.2999999999999998,0.264,0.3013876361817463,0.29129903501612586,NEAR,NEAR,0.6,1,,,0.01,300
C2_n0.01_d300_r05,C2,202632,7.86,7.56,0.3000000000000007,0.26225,0.2838006373900372,0.2894244356096037,NEAR,NEAR,0.6,1,,,0.01,300
C2_n0.01_d300_r05,C2,202632,7.88,7.58,0.2999999999999998,0.2605,0.3080676933529406,0.29408525004543795,NEAR,NEAR,0.6,1,,,0.01,300
C2_n0.01_d300_r05,C2,202632,7.9,7.6,0.3000000000000007,0.25875,0.2809972223061651,0.29081324311061973,NEAR,NEAR,0.6,1,,,0.01,300
C2_n0.01_d300_r05,C2,202632,7.92,7.62,0.2999999999999998,0.257,0.28759408469035885,0.2900084535055545,NEAR,NEAR,0.6,1,,,0.01,300
C2_n0.01_d300_r05,C2,202632,7.94,7.64,0.3000000000000007,0.25525,0.3012772886127419,0.29282566228235135,NEAR,NEAR,0.6,1,,,0.01,300
C2_n0.01_d300_r05,C2,202632,7.96,7.66,0.2999999999999998,0.2535,0.27487092020160964,0.28833697676216596,NEAR,NEAR,0.6,1,,,0.01,300
C2_n0.01_d300_r05,C2,202632,7.98,7.68,0.3000000000000007,0.25175,0.26145511235503927,0.2816165106603843,NEAR,NEAR,0.6,1,,,0.01,300
C2_n0.01_d300_r05,C2,202632,8.0,7.7,0.2999999999999998,0.25,0.2797030273836934,0.28113813984121155,NEAR,NEAR,0.6,1,,,0.01,300
C2_n0.01_d300_r05,C2,202632,8.02,7.72,0.2999999999999998,0.2522533838368113,0.24973682137282532,0.27328781022411497,NEAR,NEAR,0.6,1,,,0.01,300
C2_n0.01_d300_r05,C2,202632,8.04,7.74,0.29999999999999893,0.25445562372365543,0.2594373687473671,0.26982519985492803,NEAR,NEAR,0.6,1,,,0.01,300
C2_n0.01_d300_r05,C2,202632,8.06,7.76,0.3000000000000007,0.25655673649976407,0.2763519634226159,0.27145689074685,NEAR,NEAR,0.6,1,,,0.01,300
C2_n0.01_d300_r05,C2,202632,8.08,7.78,0.2999999999999998,0.25850903423690136,0.2533050566442943,0.26691893222121105,NEAR,NEAR,0.6,1,,,0.01,300
C2_n0.01_d300_r05,C2,202632,8.1,7.8,0.2999999999999998,0.2602682065889303,0.2742737323520188,0.26875763225391297,NEAR,NEAR,0.6,1,,,0.01,300
C2_n0.01_d300_r05,C2,202632,8.12,7.82,0.29999999999999893,0.26179432648204926,0.2617588114502547,0.2670079270529984,NEAR,NEAR,0.6,1,,,0.01,300
C2_n0.01_d300_r05,C2,202632,8.14,7.84,0.3000000000000007,0.26305275632004294,0.2733017717400642,0.26858138822476485,NEAR,NEAR,0.6,1,,,0.01,300
C2_n0.01_d300_r05,C2,202632,8.16,7.86,0.2999999999999998,0.2640149341368492,0.27468553560820735,0.27010742507062546,NEAR,NEAR,0.6,1,,,0.01,300
C2_n0.01_d300_r05,C2,202632,8.18,7.88,0.2999999999999998,0.2646590218535229,0.26905459598068765,0.269844217798141,NEAR,NEAR,0.6,1,,,0.01,300
C2_n0.01_d300_r05,C2,202632,8.2,7.9,0.29999999999999893,0.26497040092642404,0.2601559533770668,0.2674221516928724,NEAR,NEAR,0.6,1,,,0.01,300
C2_n0.01_d300_r05,C2,202632,8.22,7.92,0.3000000000000007,0.2649420041371476,0.2699955179597946,0.26806549325960294,NEAR,NEAR,0.6,1,,,0.01,300
C2_n0.01_d300_r05,C2,202632,8.24,7.94,0.2999999999999998,0.2645744759937201,0.249976884587497,0.26354334109157646,NEAR,NEAR,0.6,1,,,0.01,300
C2_n0.01_d300_r05,C2,202632,8.26,7.96,0.2999999999999998,0.26387615810251686,0.2622168162255839,0.26321170987507836,NEAR,NEAR,0.6,1,,,0.01,300
C2_n0.01_d300_r05,C2,202632,8.28,7.98,0.29999999999999893,0.26286289984290484,0.25828892695898825,0.26198101414605585,NEAR,NEAR,0.6,1,,,0.01,300
C2_n0.01_d300_r05,C2,202632,8.3,8.0,0.3000000000000007,0.2615576986416368,0.2490693293924953,0.2587530929576657,NEAR,NEAR,0.6,1,,,0.01,300
C2_n0.01_d300_r05,C2,202632,8.32,8.02,0.3000000000000007,0.25999017801151375,0.2687381294769834,0.2612493520874951,NEAR,NEAR,0.6,1,,,0.01,300
C2_n0.01_d300_r05,C2,202632,8.34,8.04,0.3000000000000007,0.25819591520101404,0.2767871010186805,0.26513378932029147,NEAR,NEAR,0.6,1,,,0.01,300
C2_n0.01_d300_r05,C2,202632,8.36,8.06,0.29999999999999893,0.2562156337148993,0.2598091348843256,0.26380262571130003,NEAR,NEAR,0.6,1,,,0.01,300
C2_n0.01_d300_r05,C2,202632,8.38,8.08,0.3000000000000007,0.2540942790327598,0.26920217707331995,0.265152513551805,NEAR,NEAR,0.6,1,,,0.01,300
C2_n0.01_d300_r05,C2,202632,8.4,8.1,0.3000000000000007,0.25187999850346454,0.24700225449201285,0.260614948786857,NEAR,NEAR,0.6,1,,,0.01,300
C2_n0.01_d300_r05,C2,202632,8.42,8.12,0.3000000000000007,0.24962304856834994,0.2532274026601126,0.2587680622551709,NEAR,NEAR,0.6,1,,,0.01,300
C2_n0.01_d300_r05,C2,202632,8.44,8.14,0.29999999999999893,0.2473746541153709,0.2585705558593679,0.25871868565622014,NEAR,NEAR,0.6,1,,,0.01,300
C2_n0.01_d300_r05,C2,202632,8.46,8.16,0.3000000000000007,0.24518584585289177,0.262987171810056,0.2597858071946791,NEAR,NEAR,0.6,1,,,0.01,300
C2_n0.01_d300_r05,C2,202632,8.48,8.18,0.3000000000000007,0.24310630209067763,0.2518950902119026,0.257813127948985,NEAR,NEAR,0.6,1,,,0.01,300
C2_n0.01_d300_r05,C2,202632,8.5,8.2,0.3000000000000007,0.24118322121561292,0.25551546508246414,0.2572387122323547,NEAR,NEAR,0.6,1,,,0.01,300
C2_n0.01_d300_r05,C2,202632,8.52,8.22,0.29999999999999893,0.2394602504530173,0.26421723734047287,0.25898334350938423,NEAR,NEAR,0.6,1,,,0.01,300
C2_n0.01_d300_r05,C2,202632,8.54,8.24,0.29999999999999893,0.23797649522693692,0.2706109401504139,0.26189024266964167,NEAR,NEAR,0.6,1,,,0.01,300
C2_n0.01_d300_r05,C2,202632,8.56,8.26,0.3000000000000007,0.23676563160347566,0.26878886696790416,0.2636148987442073,NEAR,NEAR,0.6,1,,,0.01,300
C2_n0.01_d300_r05,C2,202632,8.58,8.28,0.3000000000000007,0.23585514196160703,0.263983919670216,0.2637071539757095,NEAR,NEAR,0.6,1,,,0.01,300
C2_n0.01_d300_r05,C2,202632,8.6,8.3,0.29999999999999893,0.23526569123906968,0.2352650855874343,0.2565966368786407,NEAR,NEAR,0.6,1,,,0.01,300
C2_n0.01_d300_r05,C2,202632,8.62,8.32,0.29999999999999893,0.23501065791039116,0.2503003119682106,0.25502255565103316,NEAR,NEAR,0.6,1,,,0.01,300
C2_n0.01_d300_r05,C2,202632,8.64,8.34,0.3000000000000007,0.23509583034219989,0.2639097787205205,0.257244361418405,NEAR,NEAR,0.6,1,,,0.01,300
C2_n0.01_d300_r05,C2,202632,8.66,8.36,0.3000000000000007,0.2355192754175009,0.2545211262638143,0.25656355262975733,NEAR,NEAR,0.6,1,,,0.01,300
C2_n0.01_d300_r05,C2,202632,8.68,8.38,0.29999999999999893,0.23627138241068624,0.2499114565524083,0.25490052861042006,NEAR,NEAR,0.6,1,,,0.01,300
C2_n0.01_d300_r05,C2,202632,8.7,8.4,0.29999999999999893,0.23733508111746973,0.27359970780910114,0.2595753234100904,NEAR,NEAR,0.6,1,,,0.01,300
C2_n0.01_d300_r05,C2,202632,8.72,8.42,0.3000000000000007,0.2386862292889585,0.2456816661024567,0.256101909083182,NEAR,NEAR,0.6,1,,,0.01,300
C2_n0.01_d300_r05,C2,202632,8.74,8.44,0.3000000000000007,0.24029416057645836,0.2513184746356308,0.25490605047129417,NEAR,NEAR,0.6,1,,,0.01,300
C2_n0.01_d300_r05,C2,202632,8.76,8.46,0.29999999999999893,0.24212238055058052,0.25181968706199853,0.2541344596189703,NEAR,NEAR,0.6,1,,,0.01,300
C2_n0.01_d300_r05,C2,202632,8.78,8.48,0.29999999999999893,0.24412939499744188,0.24865435171213254,0.25276443264226084,NEAR,NEAR,0.6,1,,,0.01,300
C2_n0.01_d300_r05,C2,202632,8.8,8.5,0.3000000000000007,0.24626965169252724,0.24952171361990388,0.2519537528866716,NEAR,NEAR,0.6,1,,,0.01,300
C2_n0.01_d300_r05,C2,202632,8.82,8.52,0.3000000000000007,0.2484945742772318,0.23095352398918892,0.24670369566230094,NEAR,NEAR,0.6,1,,,0.01,300
C2_n0.01_d300_r05,C2,202632,8.84,8.54,0.3000000000000007,0.2507536647726965,0.2599116619639019,0.25000568723770117,NEAR,NEAR,0.6,1,,,0.01,300
C2_n0.01_d300_r05,C2,202632,8.86,8.56,0.29999999999999893,0.25299564970771604,0.22653636682210335,0.2441383571338017,NEAR,NEAR,0.6,1,,,0.01,300
C2_n0.01_d300_r05,C2,202632,8.88,8.58,0.3000000000000007,0.2551696438476178,0.24636811343359916,0.24469579620875104,NEAR,NEAR,0.6,1,,,0.01,300
C2_n0.01_d300_r05,C2,202632,8.9,8.6,0.3000000000000007,0.2572263051115258,0.2342957982444278,0.24209579671767023,NEAR,NEAR,0.6,1,,,0.01,300
C2_n0.01_d300_r05,C2,202632,8.92,8.62,0.3000000000000007,0.25911895446541905,0.22576154286034023,0.23801223325333773,NEAR,NEAR,0.6,1,,,0.01,300
C2_n0.01_d300_r05,C2,202632,8.94,8.64,0.29999999999999893,0.26080463537331855,0.2196959984871399,0.23343317456178825,NEAR,NEAR,0.6,1,,,0.01,300
C2_n0.01_d300_r05,C2,202632,8.96,8.66,0.3000000000000007,0.2622450887607578,0.23398950066219823,0.23357225608689075,NEAR,NEAR,0.6,1,,,0.01,300
C2_n0.01_d300_r05,C2,202632,8.98,8.68,0.3000000000000007,0.263407621362269,0.2428499203431976,0.23589167215096749,NEAR,NEAR,0.6,1,,,0.01,300
C2_n0.01_d300_r05,C2,202632,9.0,8.7,0.3000000000000007,0.2642658477444273,0.2529646043262816,0.24015990519479602,NEAR,NEAR,0.6,1,,,0.01,300
C2_n0.01_d300_r05,C2,202632,9.02,8.72,0.29999999999999893,0.264800289163118,0.2333968660214683,0.23846914540146408,NEAR,NEAR,0.6,1,,,0.01,300
C2_n0.01_d300_r05,C2,202632,9.04,8.74,0.29999999999999893,0.2649988156630572,0.24520988358374055,0.2401543299470332,NEAR,NEAR,0.6,1,,,0.01,300
C2_n0.01_d300_r05,C2,202632,9.06,8.76,0.3000000000000007,0.26485692138544975,0.25256784618358774,0.24325770900617183,NEAR,NEAR,0.6,1,,,0.01,300
C2_n0.01_d300_r05,C2,202632,9.08,8.78,0.3000000000000007,0.2643778268352606,0.24285681850467528,0.2431574863807977,NEAR,NEAR,0.6,1,,,0.01,300
C2_n0.01_d300_r05,C2,202632,9.1,8.8,0.29999999999999893,0.2635724057869903,0.23565246715305901,0.24128123157386303,NEAR,NEAR,0.6,1,,,0.01,300
C2_n0.01_d300_r05,C2,202632,9.12,8.82,0.29999999999999893,0.2624589384879372,0.2432252544926316,0.24176723730355515,NEAR,NEAR,0.6,1,,,0.01,300
C2_n0.01_d300_r05,C2,202632,9.14,8.84,0.3000000000000007,0.2610626967603726,0.23717106089410359,0.24061819320119227,NEAR,NEAR,0.6,1,,,0.01,300
C2_n0.01_d300_r05,C2,202632,9.16,8.86,0.3000000000000007,0.25941537041936047,0.2668721768898139,0.24718168912334768,NEAR,NEAR,0.6,1,,,0.01,300
C2_n0.01_d300_r05,C2,202632,9.18,8.88,0.29999999999999893,0.2575543480245365,0.264285313768303,0.2514575952845865,NEAR,NEAR,0.6,1,,,0.01,300
C2_n0.01_d300_r05,C2,202632,9.2,8.9,0.29999999999999893,0.25552186829027024,0.2556349475103374,0.2525019333410242,NEAR,NEAR,0.6,1,,,0.01,300
C2_n0.01_d300_r05,C2,202632,9.22,8.92,0.3000000000000007,0.25336406141424067,0.273877641066278,0.2578458602723377,NEAR,NEAR,0.6,1,,,0.01,300
C2_n0.01_d300_r05,C2,202632,9.24,8.94,0.3000000000000007,0.25112990208291897,0.265716686334968,0.2598135667879953,NEAR,NEAR,0.6,1,,,0.01,300
C2_n0.01_d300_r05,C2,202632,9.26,8.96,0.29999999999999893,0.24887009791708103,0.24560221646747882,0.25626072920786613,NEAR,NEAR,0.6,1,,,0.01,300
C2_n0.01_d300_r05,C2,202632,9.28,8.98,0.29999999999999893,0.24663593858575936,0.2540483239246147,0.25570762788705326,NEAR,NEAR,0.6,1,,,0.01,300
C2_n0.01_d300_r05,C2,202632,9.3,9.0,0.3000000000000007,0.24447813170972976,0.25618330608059586,0.2558265474354389,NEAR,NEAR,0.6,1,,,0.01,300
C2_n0.01_d300_r05,C2,202632,9.32,9.02,0.3000000000000007,0.24244565197546356,0.2579075755694888,0.2563468044689514,NEAR,NEAR,0.6,1,,,0.01,300
C2_n0.01_d300_r05,C2,202632,9.34,9.04,0.3000000000000007,0.2405846295806395,0.2718387554273011,0.26021979220853886,NEAR,NEAR,0.6,1,,,0.01,300
C2_n0.01_d300_r05,C2,202632,9.36,9.06,0.29999999999999893,0.23893730323962742,0.2685828405271867,0.2623105542882008,NEAR,NEAR,0.6,1,,,0.01,300
C2_n0.01_d300_r05,C2,202632,9.38,9.08,0.3000000000000007,0.23754106151206275,0.26667128307561616,0.2634007364850547,NEAR,NEAR,0.6,1,,,0.01,300
C2_n0.01_d300_r05,C2,202632,9.4,9.1,0.3000000000000007,0.23642759421300968,0.25290227284647365,0.26077612057540944,NEAR,NEAR,0.6,1,,,0.01,300
C2_n0.01_d300_r05,C2,202632,9.42,9.12,0.3000000000000007,0.23562217316473935,0.25267828441353546,0.25875166153494095,NEAR,NEAR,0.6,1,,,0.01,300
C2_n0.01_d300_r05,C2,202632,9.44,9.14,0.29999999999999893,0.23514307861455025,0.2436793935940301,0.2549835945497132,NEAR,NEAR,0.6,1,,,0.01,300
C2_n0.01_d300_r05,C2,202632,9.46,9.16,0.3000000000000007,0.23500118433694275,0.24725344079487652,0.25305105611100404,NEAR,NEAR,0.6,1,,,0.01,300
C2_n0.01_d300_r05,C2,202632,9.48,9.18,0.3000000000000007,0.235199710836882,0.2720460551252212,0.2577998058645583,NEAR,NEAR,0.6,1,,,0.01,300
C2_n0.01_d300_r05,C2,202632,9.5,9.2,0.3000000000000007,0.2357341522555727,0.2646279929703366,0.25950685264100287,NEAR,NEAR,0.6,1,,,0.01,300
C2_n0.01_d300_r05,C2,202632,9.52,9.22,0.29999999999999893,0.23659237863773103,0.250223283125657,0.2571859602621664,NEAR,NEAR,0.6,1,,,0.01,300
C2_n0.01_d300_r05,C2,202632,9.54,9.24,0.29999999999999893,0.2377549112392422,0.26754595141089754,0.25977595804934916,NEAR,NEAR,0.6,1,,,0.01,300
C2_n0.01_d300_r05,C2,202632,9.56,9.26,0.3000000000000007,0.23919536462668142,0.25261884585423305,0.2579866800005701,NEAR,NEAR,0.6,1,,,0.01,300
C2_n0.01_d300_r05,C2,202632,9.58,9.28,0.3000000000000007,0.24088104553458092,0.24638563782205294,0.25508641945594085,NEAR,NEAR,0.6,1,,,0.01,300
C2_n0.01_d300_r05,C2,202632,9.6,9.3,0.29999999999999893,0.24277369488847422,0.24761262815936336,0.2532179716317965,NEAR,NEAR,0.6,1,,,0.01,300
C2_n0.01_d300_r05,C2,202632,9.62,9.32,0.29999999999999893,0.24483035615238213,0.24165355843256756,0.25032686833198925,NEAR,NEAR,0.6,1,,,0.01,300
C2_n0.01_d300_r05,C2,202632,9.64,9.34,0.3000000000000007,0.24700435029228393,0.22718320703647704,0.24454095300811118,NEAR,NEAR,0.6,1,,,0.01,300
C2_n0.01_d300_r05,C2,202632,9.66,9.36,0.3000000000000007,0.24924633522730347,0.2413733196171109,0.24374904466036112,NEAR,NEAR,0.6,1,,,0.01,300
C2_n0.01_d300_r05,C2,202632,9.68,9.38,0.29999999999999893,0.2515054257227682,0.2285493885609447,0.239949130635507,NEAR,NEAR,0.6,1,,,0.01,300
C2_n0.01_d300_r05,C2,202632,9.7,9.4,0.29999999999999893,0.25373034830747276,0.2442336870051413,0.24102026972791557,NEAR,NEAR,0.6,1,,,0.01,300
C2_n0.01_d300_r05,C2,202632,9.72,9.42,0.3000000000000007,0.2558706050025581,0.2423547101794143,0.24135387984079026,NEAR,NEAR,0.6,1,,,0.01,300
C2_n0.01_d300_r05,C2,202632,9.74,9.44,0.3000000000000007,0.25787761944941945,0.22264405954850702,0.23667642476771944,NEAR,NEAR,0.6,1,,,0.01,300
C2_n0.01_d300_r05,C2,202632,9.76,9.46,0.29999999999999893,0.25970583942354164,0.24393273780195873,0.23849050302627928,NEAR,NEAR,0.6,1,,,0.01,300
C2_n0.01_d300_r05,C2,202632,9.78,9.48,0.29999999999999893,0.2613137707110415,0.2395080518133152,0.23874489022303824,NEAR,NEAR,0.6,1,,,0.01,300
C2_n0.01_d300_r05,C2,202632,9.8,9.5,0.3000000000000007,0.26266491888253024,0.23742400188353457,0.2384146681381623,NEAR,NEAR,0.6,1,,,0.01,300
C2_n0.01_d300_r05,C2,202632,9.82,9.52,0.3000000000000007,0.26372861758931376,0.2412224118538384,0.23911660406708135,NEAR,NEAR,0.6,1,,,0.01,300
C2_n0.01_d300_r05,C2,202632,9.84,9.54,0.3000000000000007,0.2644807245824991,0.23095289602080024,0.23707567705551108,NEAR,NEAR,0.6,1,,,0.01,300
C2_n0.01_d300_r05,C2,202632,9.86,9.56,0.29999999999999893,0.2649041696578001,0.24281555656712023,0.23851064693341334,NEAR,NEAR,0.6,1,,,0.01,300
C2_n0.01_d300_r05,C2,202632,9.88,9.58,0.3000000000000007,0.26498934208960884,0.24993319603659742,0.24136628420920936,NEAR,NEAR,0.6,1,,,0.01,300
C2_n0.01_d300_r05,C2,202632,9.9,9.6,0.3000000000000007,0.26473430876093035,0.237557333196064,0.24041404645592301,NEAR,NEAR,0.6,1,,,0.01,300
C2_n0.01_d300_r05,C2,202632,9.92,9.62,0.3000000000000007,0.264144858038393,0.25793116142583833,0.24479332519840186,NEAR,NEAR,0.6,1,,,0.01,300
C2_n0.01_d300_r05,C2,202632,9.94,9.64,0.29999999999999893,0.2632343683965243,0.24508881165529636,0.2448671968126255,NEAR,NEAR,0.6,1,,,0.01,300
C2_n0.01_d300_r05,C2,202632,9.96,9.66,0.3000000000000007,0.2620235047730631,0.24514870943032047,0.24493757496704927,NEAR,NEAR,0.6,1,,,0.01,300
C2_n0.01_d300_r05,C2,202632,9.98,9.68,0.3000000000000007,0.2605397495469827,0.24295405793772434,0.24444169570971802,NEAR,NEAR,0.6,1,,,0.01,300
C2_n0.01_d300_r05,C2,202632,10.0,9.7,0.3000000000000007,0.2588167787843871,0.2672467033659976,0.2501429476237879,NEAR,NEAR,0.6,1,,,0.01,300
C2_n0.01_d300_r05,C2,202632,10.02,9.72,0.29999999999999893,0.25689369790932237,0.24812137476884197,0.24963755441005142,NEAR,NEAR,0.6,1,,,0.01,300
C2_n0.01_d300_r05,C2,202632,10.04,9.74,0.29999999999999893,0.25481415414710823,0.26810165011992293,0.25425357833751927,NEAR,NEAR,0.6,1,,,0.01,300
C2_n0.01_d300_r05,C2,202632,10.06,9.76,0.3000000000000007,0.2526253458846291,0.27327031757970394,0.25900776314806545,NEAR,NEAR,0.6,1,,,0.01,300
C2_n0.01_d300_r05,C2,202632,10.08,9.78,0.3000000000000007,0.25037695143165006,0.25921153587121776,0.2590587063288535,NEAR,NEAR,0.6,1,,,0.01,300
C2_n0.01_d300_r05,C2,202632,10.1,9.8,0.29999999999999893,0.24812000149653549,0.2653907008849846,0.2606417049678863,NEAR,NEAR,0.6,1,,,0.01,300
C2_n0.01_d300_r05,C2,202632,10.12,9.82,0.29999999999999893,0.24590572096724023,0.25965616336360997,0.2603953195668172,NEAR,NEAR,0.6,1,,,0.01,300
C2_n0.01_d300_r05,C2,202632,10.14,9.84,0.3000000000000007,0.24378436628510067,0.275734782857628,0.2642301853895199,NEAR,NEAR,0.6,1,,,0.01,300
C2_n0.01_d300_r05,C2,202632,10.16,9.86,0.3000000000000007,0.24180408479898596,0.24962171743231304,0.2605780684002182,NEAR,NEAR,0.6,1,,,0.01,300
C2_n0.01_d300_r05,C2,202632,10.18,9.88,0.29999999999999893,0.24000982198848625,0.2680946231934851,0.26245720709853493,NEAR,NEAR,0.6,1,,,0.01,300
C2_n0.01_d300_r05,C2,202632,10.2,9.9,0.29999999999999893,0.23844230135836322,0.25408750537054625,0.26036478166653776,NEAR,NEAR,0.6,1,,,0.01,300
C2_n0.01_d300_r05,C2,202632,10.22,9.92,0.3000000000000007,0.2371371001570952,0.254885601068681,0.2589949865170736,NEAR,NEAR,0.6,1,,,0.01,300
C2_n0.01_d300_r05,C2,202632,10.24,9.94,0.3000000000000007,0.23612384189748312,0.26567910514464554,0.26066601617396656,NEAR,NEAR,0.6,1,,,0.01,300
C2_n0.01_d300_r05,C2,202632,10.26,9.96,0.29999999999999893,0.2354255240062799,0.2615212174262166,0.26087981648702907,NEAR,NEAR,0.6,1,,,0.01,300
C2_n0.01_d300_r05,C2,202632,10.28,9.98,0.29999999999999893,0.23505799586285242,0.280992417173308,0.2659079666585988,NEAR,NEAR,0.6,1,,,0.01,300
C2_n0.01_d300_r05,C2,202632,10.3,10.0,0.3000000000000007,0.23502959907357593,0.2636770246529444,0.26535023115718515,NEAR,NEAR,0.6,1,,,0.01,300
C2_n0.01_d300_r05,C2,202632,10.32,10.02,0.3000000000000007,0.23534097814647711,0.24200161814178545,0.2595130779033352,NEAR,NEAR,0.6,1,,,0.01,300
C2_n0.01_d300_r05,C2,202632,10.34,10.04,0.3000000000000007,0.23598506586315082,0.2426434172017523,0.25529566272793947,NEAR,NEAR,0.6,1,,,0.01,300
C2_n0.01_d300_r05,C2,202632,10.36,10.06,0.29999999999999893,0.23694724367995706,0.24358967935232634,0.2523691668840362,NEAR,NEAR,0.6,1,,,0.01,300
C2_n0.01_d300_r05,C2,202632,10.38,10.08,0.3000000000000007,0.23820567351795077,0.23984707308922856,0.2492386434353343,NEAR,NEAR,0.6,1,,,0.01,300
C2_n0.01_d300_r05,C2,202632,10.4,10.1,0.3000000000000007,0.2397317934110697,0.22688357498090736,0.24364987632172758,NEAR,NEAR,0.6,1,,,0.01,300
C2_n0.01_d300_r05,C2,202632,10.42,10.12,0.3000000000000007,0.24149096576309861,0.23266014315117886,0.2409024430290904,NEAR,NEAR,0.6,1,,,0.01,300
C2_n0.01_d300_r05,C2,202632,10.44,10.14,0.29999999999999893,0.24344326350023596,0.2491199499179798,0.24295681975131275,NEAR,NEAR,0.6,1,,,0.01,300
C2_n0.01_d300_r05,C2,202632,10.46,10.16,0.3000000000000007,0.2455443762763446,0.2469790870533226,0.2439623865768152,NEAR,NEAR,0.6,1,,,0.01,300
C2_n0.01_d300_r05,C2,202632,10.48,10.18,0.3000000000000007,0.24774661616318866,0.24341530673238285,0.24382561661570712,NEAR,NEAR,0.6,1,,,0.01,300
C2_n0.01_d300_r05,C2,202632,10.5,10.2,0.3000000000000007,0.25,0.21806295502141196,0.23738495121713332,NEAR,NEAR,0.6,1,,,0.01,300
C2_n0.01_d300_r05,C2,202632,10.52,10.22,0.29999999999999893,0.2522533838368113,0.24710916926283194,0.239816005728558,NEAR,NEAR,0.6,1,,,0.01,300
C2_n0.01_d300_r05,C2,202632,10.54,10.24,0.29999999999999893,0.2544556237236554,0.2067602821141517,0.23155207482495643,NEAR,NEAR,0.6,1,,,0.01,300
C2_n0.01_d300_r05,C2,202632,10.56,10.26,0.3000000000000007,0.256556736499764,0.22653433984197488,0.23029764107921105,NEAR,NEAR,0.6,1,,,0.01,300
C2_n0.01_d300_r05,C2,202632,10.58,10.28,0.3000000000000007,0.25850903423690136,0.2346475273686517,0.23138511265157122,NEAR,NEAR,0.6,1,,,0.01,300
C2_n0.01_d300_r05,C2,202632,10.6,10.3,0.29999999999999893,0.2602682065889303,0.23483088892262846,0.23224655671933553,NEAR,NEAR,0.6,1,,,0.01,300
C2_n0.01_d300_r05,C2,202632,10.62,10.32,0.29999999999999893,0.2617943264820492,0.23577886235257584,0.23312963312764562,NEAR,NEAR,0.6,1,,,0.01,300
C2_n0.01_d300_r05,C2,202632,10.64,10.34,0.3000000000000007,0.26305275632004294,0.23530457937757346,0.23367336969012759,NEAR,NEAR,0.6,1,,,0.01,300
C2_n0.01_d300_r05,C2,202632,10.66,10.36,0.3000000000000007,0.2640149341368492,0.2344612054883485,0.2338703286396828,NEAR,NEAR,0.6,1,,,0.01,300
C2_n0.01_d300_r05,C2,202632,10.68,10.38,0.29999999999999893,0.2646590218535229,0.24620513630943391,0.23695403055712055,NEAR,NEAR,0.6,1,,,0.01,300
C2_n0.01_d300_r05,C2,202632,10.7,10.4,0.29999999999999893,0.26497040092642404,0.2366121562013227,0.2368685619681711,NEAR,NEAR,0.6,1,,,0.01,300
C2_n0.01_d300_r05,C2,202632,10.72,10.42,0.3000000000000007,0.2649420041371476,0.23705289793875803,0.23691464596081785,NEAR,NEAR,0.6,1,,,0.01,300
C2_n0.01_d300_r05,C2,202632,10.74,10.44,0.3000000000000007,0.2645744759937201,0.24010890428187953,0.2377132105410833,NEAR,NEAR,0.6,1,,,0.01,300
C2_n0.01_d300_r05,C2,202632,10.76,10.46,0.29999999999999893,0.26387615810251686,0.25011202495649365,0.24081291414493589,NEAR,NEAR,0.6,1,,,0.01,300
C2_n0.01_d300_r05,C2,202632,10.78,10.48,0.29999999999999893,0.26286289984290484,0.2557094876150611,0.24453705751246718,NEAR,NEAR,0.6,1,,,0.01,300
C2_n0.01_d300_r05,C2,202632,10.8,10.5,0.3000000000000007,0.2615576986416368,0.24286282868958983,0.24411850030674784,NEAR,NEAR,0.6,1,,,0.01,300
C2_n0.01_d300_r05,C2,202632,10.82,10.52,0.3000000000000007,0.25999017801151375,0.2405215931197742,0.2432192735100044,NEAR,NEAR,0.6,1,,,0.01,300
C2_n0.01_d300_r05,C2,202632,10.84,10.54,0.3000000000000007,0.25819591520101404,0.25237255915870116,0.2455075949221786,NEAR,NEAR,0.6,1,,,0.01,300
C2_n0.01_d300_r05,C2,202632,10.86,10.56,0.29999999999999893,0.25621563371489936,0.2542932783475325,0.24770401577851708,NEAR,NEAR,0.6,1,,,0.01,300
C2_n0.01_d300_r05,C2,202632,10.88,10.58,0.3000000000000007,0.2540942790327598,0.26137869765237465,0.2511226862469815,NEAR,NEAR,0.6,1,,,0.01,300
C2_n0.01_d300_r05,C2,202632,10.9,10.6,0.3000000000000007,0.2518799985034645,0.2700988877294595,0.25586673661760095,NEAR,NEAR,0.6,1,,,0.01,300
C2_n0.01_d300_r05,C2,202632,10.92,10.62,0.3000000000000007,0.24962304856834996,0.26403986491156767,0.25791001869109265,NEAR,NEAR,0.6,1,,,0.01,300
C2_n0.01_d300_r05,C2,202632,10.94,10.64,0.29999999999999893,0.24737465411537093,0.2776498339989359,0.26284497251805344,NEAR,NEAR,0.6,1,,,0.01,300
C2_n0.01_d300_r05,C2,202632,10.96,10.66,0.3000000000000007,0.24518584585289174,0.2571718272048749,0.2614266861897588,NEAR,NEAR,0.6,1,,,0.01,300
C2_n0.01_d300_r05,C2,202632,10.98,10.68,0.3000000000000007,0.24310630209067766,0.26955858103895625,0.26345965990205816,NEAR,NEAR,0.6,1,,,0.01,300
C2_n0.01_d300_r05,C2,202632,11.0,10.7,0.3000000000000007,0.24118322121561292,0.27744437955517903,0.2669558398153384,NEAR,NEAR,0.6,1,,,0.01,300
C2_n0.01_d300_r05,C2,202632,11.02,10.72,0.29999999999999893,0.2394602504530173,0.270113838500836,0.26774533948671275,NEAR,NEAR,0.6,1,,,0.01,300
C2_n0.01_d300_r05,C2,202632,11.04,10.74,0.29999999999999893,0.23797649522693692,0.2900379978328926,0.2733185040732577,NEAR,NEAR,0.6,1,,,0.01,300
C2_n0.01_d300_r05,C2,202632,11.06,10.76,0.3000000000000007,0.2367656316034757,0.2664795480200805,0.2716087650599634,NEAR,NEAR,0.6,1,,,0.01,300
C2_n0.01_d300_r05,C2,202632,11.08,10.78,0.3000000000000007,0.23585514196160703,0.27929415601809016,0.2735301127994951,NEAR,NEAR,0.6,1,,,0.01,300
C2_n0.01_d300_r05,C2,202632,11.1,10.8,0.29999999999999893,0.23526569123906968,0.2567229193706166,0.26932831444227545,NEAR,NEAR,0.6,1,,,0.01,300
C2_n0.01_d300_r05,C2,202632,11.12,10.82,0.29999999999999893,0.23501065791039116,0.26272897639364506,0.26767847993011784,NEAR,NEAR,0.6,1,,,0.01,300
C2_n0.01_d300_r05,C2,202632,11.14,10.84,0.3000000000000007,0.23509583034219989,0.2698228557820547,0.26821457389310205,NEAR,NEAR,0.6,1,,,0.01,300
C2_n0.01_d300_r05,C2,202632,11.16,10.86,0.3000000000000007,0.2355192754175009,0.2472222875394702,0.2629665023046941,NEAR,NEAR,0.6,1,,,0.01,300
C2_n0.01_d300_r05,C2,202632,11.18,10.88,0.29999999999999893,0.2362713824106862,0.2418214531212587,0.25768024000883527,NEAR,NEAR,0.6,1,,,0.01,300
C2_n0.01_d300_r05,C2,202632,11.2,10.9,0.29999999999999893,0.23733508111746973,0.24329001079453788,0.2540826827052609,NEAR,NEAR,0.6,1,,,0.01,300
C2_n0.01_d300_r05,C2,202632,11.22,10.92,0.3000000000000007,0.23868622928895847,0.2503449832069171,0.25314825783067496,NEAR,NEAR,0.6,1,,,0.01,300
C2_n0.01_d300_r05,C2,202632,11.24,10.94,0.3000000000000007,0.24029416057645833,0.2505914070312397,0.2525090451308162,NEAR,NEAR,0.6,1,,,0.01,300
C2_n0.01_d300_r05,C2,202632,11.26,10.96,0.29999999999999893,0.24212238055058055,0.24129156900603507,0.2497046760996209,NEAR,NEAR,0.6,1,,,0.01,300
C2_n0.01_d300_r05,C2,202632,11.28,10.98,0.29999999999999893,0.2441293949974419,0.2545211416003769,0.2509087924748099,NEAR,NEAR,0.6,1,,,0.01,300
C2_n0.01_d300_r05,C2,202632,11.3,11.0,0.3000000000000007,0.24626965169252724,0.230195301812441,0.24573041980921767,NEAR,NEAR,0.6,1,,,0.01,300
C2_n0.01_d300_r05,C2,202632,11.32,11.02,0.3000000000000007,0.2484945742772318,0.2443912049488721,0.2453956160941313,NEAR,NEAR,0.6,1,,,0.01,300
C2_n0.01_d300_r05,C2,202632,11.34,11.04,0.3000000000000007,0.25075366477269656,0.23446352258157674,0.24266259271599266,NEAR,NEAR,0.6,1,,,0.01,300
C2_n0.01_d300_r05,C2,202632,11.36,11.06,0.29999999999999893,0.252995649707716,0.23707801617774765,0.24126644858143143,NEAR,NEAR,0.6,1,,,0.01,300
C2_n0.01_d300_r05,C2,202632,11.38,11.08,0.3000000000000007,0.2551696438476178,0.2425507985949846,0.24158753608481973,NEAR,NEAR,0.6,1,,,0.01,300
C2_n0.01_d300_r05,C2,202632,11.4,11.1,0.3000000000000007,0.2572263051115258,0.23635360728049434,0.24027905388373838,NEAR,NEAR,0.6,1,,,0.01,300
C2_n0.01_d300_r05,C2,202632,11.42,11.12,0.3000000000000007,0.25911895446541905,0.24405839087416534,0.24122388813134513,NEAR,NEAR,0.6,1,,,0.01,300
C2_n0.01_d300_r05,C2,202632,11.44,11.14,0.29999999999999893,0.26080463537331855,0.24717076062978724,0.24271060625595567,NEAR,NEAR,0.6,1,,,0.01,300
C2_n0.01_d300_r05,C2,202632,11.46,11.16,0.3000000000000007,0.2622450887607578,0.2510790449334861,0.24480271592533828,NEAR,NEAR,0.6,1,,,0.01,300
C2_n0.01_d300_r05,C2,202632,11.48,11.18,0.3000000000000007,0.263407621362269,0.25568831179155915,0.2475241148918935,NEAR,NEAR,0.6,1,,,0.01,300
C2_n0.01_d300_r05,C2,202632,11.5,11.2,0.3000000000000007,0.2642658477444273,0.25804266489742284,0.2501537523932758,NEAR,NEAR,0.6,1,,,0.01,300
C2_n0.01_d300_r05,C2,202632,11.52,11.22,0.29999999999999893,0.264800289163118,0.25437967142482565,0.2512102321511633,NEAR,NEAR,0.6,1,,,0.01,300
C2_n0.01_d300_r05,C2,202632,11.54,11.24,0.29999999999999893,0.2649988156630572,0.2599468505509087,0.2533943867510996,NEAR,NEAR,0.6,1,,,0.01,300
C2_n0.01_d300_r05,C2,202632,11.56,11.26,0.3000000000000007,0.26485692138544975,0.24562041470426973,0.2514508937393921,NEAR,NEAR,0.6,1,,,0.01,300
C2_n0.01_d300_r05,C2,202632,11.58,11.28,0.3000000000000007,0.2643778268352606,0.253343574394049,0.25192406390305633,NEAR,NEAR,0.6,1,,,0.01,300
C2_n0.01_d300_r05,C2,202632,11.6,11.3,0.29999999999999893,0.2635724057869903,0.25306897260140987,0.2522102910776447,NEAR,NEAR,0.6,1,,,0.01,300
C2_n0.01_d300_r05,C2,202632,11.62,11.32,0.29999999999999893,0.2624589384879373,0.2673283168756394,0.25598979752714335,NEAR,NEAR,0.6,1,,,0.01,300
C2_n0.01_d300_r05,C2,202632,11.64,11.34,0.3000000000000007,0.2610626967603726,0.24151168763026656,0.2523702700529242,NEAR,NEAR,0.6,1,,,0.01,300
C2_n0.01_d300_r05,C2,202632,11.66,11.36,0.3000000000000007,0.2594153704193605,0.2610744650588245,0.25454631880439926,NEAR,NEAR,0.6,1,,,0.01,300
C2_n0.01_d300_r05,C2,202632,11.68,11.38,0.29999999999999893,0.2575543480245365,0.2553161676605627,0.2547387810184401,NEAR,NEAR,0.6,1,,,0.01,300
C2_n0.01_d300_r05,C2,202632,11.7,11.4,0.29999999999999893,0.25552186829027024,0.2571022201111504,0.2553296407916177,NEAR,NEAR,0.6,1,,,0.01,300
C2_n0.01_d300_r05,C2,202632,11.72,11.42,0.3000000000000007,0.25336406141424067,0.2531874021440469,0.254794081129725,NEAR,NEAR,0.6,1,,,0.01,300
C2_n0.01_d300_r05,C2,202632,11.74,11.44,0.3000000000000007,0.25112990208291897,0.2762578920908012,0.2601600338699941,NEAR,NEAR,0.6,1,,,0.01,300
C2_n0.01_d300_r05,C2,202632,11.76,11.46,0.29999999999999893,0.24887009791708103,0.2552159082333337,0.258924002460829,NEAR,NEAR,0.6,1,,,0.01,300
C2_n0.01_d300_r05,C2,202632,11.78,11.48,0.29999999999999893,0.24663593858575936,0.24961970695974825,0.2565979285855588,NEAR,NEAR,0.6,1,,,0.01,300
C2_n0.01_d300_r05,C2,202632,11.8,11.5,0.3000000000000007,0.2444781317097298,0.2693076271680661,0.2597753532311856,NEAR,NEAR,0.6,1,,,0.01,300
C2_n0.01_d300_r05,C2,202632,11.82,11.52,0.3000000000000007,0.24244565197546356,0.27439079340365125,0.263429213274302,NEAR,NEAR,0.6,1,,,0.01,300
C2_n0.01_d300_r05,C2,202632,11.84,11.54,0.3000000000000007,0.2405846295806395,0.2694584552549738,0.26493652376946997,NEAR,NEAR,0.6,1,,,0.01,300
C2_n0.01_d300_r05,C2,202632,11.86,11.56,0.29999999999999893,0.23893730323962745,0.27984453933431547,0.26866352766068136,NEAR,NEAR,0.6,1,,,0.01,300
C2_n0.01_d300_r05,C2,202632,11.88,11.58,0.3000000000000007,0.23754106151206278,0.2832656395224711,0.27231405562612876,NEAR,NEAR,0.6,1,,,0.01,300
C2_n0.01_d300_r05,C2,202632,11.9,11.6,0.3000000000000007,0.23642759421300968,0.27881940606524724,0.27394039323590835,NEAR,NEAR,0.6,1,,,0.01,300
C2_n0.01_d300_r05,C2,202632,11.92,11.62,0.3000000000000007,0.23562217316473938,0.26404901138598397,0.27146754777342724,NEAR,NEAR,0.6,1,,,0.01,300
C2_n0.01_d300_r05,C2,202632,11.94,11.64,0.29999999999999893,0.23514307861455025,0.2563127711810798,0.2676788536253404,NEAR,NEAR,0.6,1,,,0.01,300
C2_n0.01_d300_r05,C2,202632,11.96,11.66,0.3000000000000007,0.23500118433694275,0.2613864870543724,0.2661057619825984,NEAR,NEAR,0.6,1,,,0.01,300
C2_n0.01_d300_r05,C2,202632,11.98,11.68,0.3000000000000007,0.235199710836882,0.25968083210428927,0.26449952951302114,NEAR,NEAR,0.6,1,,,0.01,300
C2_n0.01_d300_r05,C2,202632,12.0,11.7,0.3000000000000007,0.25,0.25021988759380454,0.260929619033217,NEAR,NEAR,0.6,1,,,0.01,300
C2_n0.01_d300_r05,C2,202632,12.02,11.72,0.29999999999999893,0.25175,0.24634040109211686,0.2572823145479419,NEAR,NEAR,0.6,1,,,0.01,300
C2_n0.01_d300_r05,C2,202632,12.04,11.74,0.29999999999999893,0.25349999999999995,0.24230687798662137,0.2535384554076118,NEAR,NEAR,0.6,1,,,0.01,300
C2_n0.01_d300_r05,C2,202632,12.06,11.76,0.3000000000000007,0.25525000000000003,0.2533465555796056,0.25349048045061023,NEAR,NEAR,0.6,1,,,0.01,300
C2_n0.01_d300_r05,C2,202632,12.08,11.78,0.3000000000000007,0.257,0.23926230827986686,0.2499334374079244,NEAR,NEAR,0.6,1,,,0.01,300
C2_n0.01_d300_r05,C2,202632,12.1,11.8,0.29999999999999893,0.25875,0.24011053734621102,0.24747771239249605,NEAR,NEAR,0.6,1,,,0.01,300
C2_n0.01_d300_r05,C2,202632,12.12,11.82,0.29999999999999893,0.26049999999999995,0.24514639617671144,0.2468948833385499,NEAR,NEAR,0.6,1,,,0.01,300
C2_n0.01_d300_r05,C2,202632,12.14,11.84,0.3000000000000007,0.26225000000000004,0.2479352157039713,0.24715496642990525,NEAR,NEAR,0.6,1,,,0.01,300
C2_n0.01_d300_r05,C2,202632,12.16,11.86,0.3000000000000007,0.264,0.220670890982367,0.24053394756802068,NEAR,NEAR,0.6,1,,,0.01,300
C2_n0.01_d300_r05,C2,202632,12.18,11.88,0.29999999999999893,0.26575,0.23911247300667085,0.2401785789276832,NEAR,NEAR,0.6,1,,,0.01,300
C2_n0.01_d300_r05,C2,202632,12.2,11.9,0.29999999999999893,0.26749999999999996,0.24524681400122506,0.24144563769606867,NEAR,NEAR,0.6,1,,,0.01,300
C2_n0.01_d300_r05,C2,202632,12.22,11.92,0.3000000000000007,0.26925000000000004,0.23800764939375008,0.24058614062048903,NEAR,NEAR,0.6,1,,,0.01,300
C2_n0.01_d300_r05,C2,202632,12.24,11.94,0.3000000000000007,0.271,0.22916690849514398,0.23773133258915277,NEAR,NEAR,0.6,1,,,0.01,300
C2_n0.01_d300_r05,C2,202632,12.26,11.96,0.29999999999999893,0.27275,0.2468937220832133,0.2400219299626679,NEAR,NEAR,0.6,1,,,0.01,300
C2_n0.01_d300_r05,C2,202632,12.28,11.98,0.29999999999999893,0.27449999999999997,0.229823796018507,0.23747239647662768,NEAR,NEAR,0.6,1,,,0.01,300
C2_n0.01_d300_r05,C2,202632,12.3,12.0,0.3000000000000007,0.27625000000000005,0.2568474101242326,0.24231614988852893,NEAR,NEAR,0.6,1,,,0.01,300
C2_n0.01_d300_r05,C2,202632,12.32,12.02,0.3000000000000007,0.278,0.2567724018634324,0.2459302128822548,NEAR,NEAR,0.6,1,,,0.01,300
C2_n0.01_d300_r05,C2,202632,12.34,12.04,0.3000000000000007,0.27975,0.2428238693134325,0.24515362699004922,NEAR,NEAR,0.6,1,,,0.01,300
C2_n0.01_d300_r05,C2,202632,12.36,12.06,0.29999999999999893,0.2815,0.26761601689717185,0.2507692244668299,NEAR,NEAR,0.6,1,,,0.01,300
C2_n0.01_d300_r05,C2,202632,12.38,12.08,0.3000000000000007,0.28325000000000006,0.2518155955855582,0.251030817246512,NEAR,NEAR,0.6,1,,,0.01,300
C2_n0.01_d300_r05,C2,202632,12.4,12.1,0.3000000000000007,0.28500000000000003,0.26271533331961183,0.25395194626478695,NEAR,NEAR,0.6,1,,,0.01,300
C2_n0.01_d300_r05,C2,202632,12.42,12.12,0.3000000000000007,0.28675,0.2597446207745073,0.25540011489221703,NEAR,NEAR,0.6,1,,,0.01,300
C2_n0.01_d300_r05,C2,202632,12.44,12.14,0.29999999999999893,0.2885,0.26772344584967855,0.2584809476315824,NEAR,NEAR,0.6,1,,,0.01,300
C2_n0.01_d300_r05,C2,202632,12.46,12.16,0.3000000000000007,0.29025000000000006,0.275604999484972,0.26276196059492984,NEAR,NEAR,0.6,1,,,0.01,300
C2_n0.01_d300_r05,C2,202632,12.48,12.18,0.3000000000000007,0.29200000000000004,0.25452106144131165,0.2607017358065253,NEAR,NEAR,0.6,1,,,0.01,300
C2_n0.01_d300_r05,C2,202632,12.5,12.2,0.3000000000000007,0.29375,0.2665834905714258,0.2621721744977504,NEAR,NEAR,0.6,1,,,0.01,300
C2_n0.01_d300_r05,C2,202632,12.52,12.22,0.29999999999999893,0.2955,0.2646175433383342,0.26278351670789635,NEAR,NEAR,0.6,1,,,0.01,300
C2_n0.01_d300_r05,C2,202632,12.54,12.24,0.29999999999999893,0.2972499999999999,0.2842042570993381,0.2681387018057568,NEAR,NEAR,0.6,1,,,0.01,300
C2_n0.01_d300_r05,C2,202632,12.56,12.26,0.3000000000000007,0.29900000000000004,0.2622981917983464,0.2666785743039042,NEAR,NEAR,0.6,1,,,0.01,300
C2_n0.01_d300_r05,C2,202632,12.58,12.28,0.3000000000000007,0.30075,0.2734594141158123,0.2683737842568812,NEAR,NEAR,0.6,1,,,0.01,300
C2_n0.01_d300_r05,C2,202632,12.6,12.3,0.29999999999999893,0.3025,0.275600807072155,0.27018053996069963,NEAR,NEAR,0.6,1,,,0.01,300
C2_n0.01_d300_r05,C2,202632,12.62,12.32,0.29999999999999893,0.3042499999999999,0.2588582044591151,0.26734995608530354,NEAR,NEAR,0.6,1,,,0.01,300
C2_n0.01_d300_r05,C2,202632,12.64,12.34,0.3000000000000007,0.30600000000000005,0.2801883980346956,0.27055956657265157,NEAR,NEAR,0.6,1,,,0.01,300
C2_n0.01_d300_r05,C2,202632,12.66,12.36,0.3000000000000007,0.30775,0.26313439933805965,0.2687032747640036,NEAR,NEAR,0.6,1,,,0.01,300
C2_n0.01_d300_r05,C2,202632,12.68,12.38,0.29999999999999893,0.3095,0.2884396315328011,0.273637363956203,NEAR,NEAR,0.6,1,,,0.01,300
C2_n0.01_d300_r05,C2,202632,12.7,12.4,0.29999999999999893,0.3112499999999999,0.2884603502996011,0.2773431105420525,NEAR,NEAR,0.6,1,,,0.01,300
C2_n0.01_d300_r05,C2,202632,12.72,12.42,0.3000000000000007,0.31300000000000006,0.2787218656735805,0.2776877993249345,NEAR,NEAR,0.6,1,,,0.01,300
C2_n0.01_d300_r05,C2,202632,12.74,12.44,0.3000000000000007,0.31475000000000003,0.2917482041335732,0.2812029005270942,NEAR,NEAR,0.6,1,,,0.01,300
C2_n0.01_d300_r05,C2,202632,12.76,12.46,0.29999999999999893,0.3165,0.29798668570859105,0.2853988468224684,NEAR,NEAR,0.6,1,,,0.01,300
C2_n0.01_d300_r05,C2,202632,12.78,12.48,0.29999999999999893,0.3182499999999999,0.2830036277976267,0.284800042066258,NEAR,NEAR,0.6,1,,,0.01,300
C2_n0.01_d300_r05,C2,202632,12.8,12.5,0.3000000000000007,0.32000000000000006,0.29320986172558605,0.28690249698109,NEAR,NEAR,0.6,1,,,0.01,300
C2_n0.01_d300_r05,C2,202632,12.82,12.52,0.3000000000000007,0.32175000000000004,0.29361705739009814,0.288581137083342,NEAR,NEAR,0.6,1,,,0.01,300
C2_n0.01_d300_r05,C2,202632,12.84,12.54,0.3000000000000007,0.3235,0.2871411583018712,0.2882211423879743,NEAR,NEAR,0.6,1,,,0.01,300
C2_n0.01_d300_r05,C2,202632,12.86,12.56,0.29999999999999893,0.32524999999999993,0.2944181567920336,0.2897703959889891,NEAR,NEAR,0.6,1,,,0.01,300
C2_n0.01_d300_r05,C2,202632,12.88,12.58,0.3000000000000007,0.32700000000000007,0.30898269172344395,0.2945734699226028,NEAR,NEAR,0.6,1,,,0.01,300
C2_n0.01_d300_r05,C2,202632,12.9,12.6,0.3000000000000007,0.32875000000000004,0.30638139733804653,0.2975254517764637,NEAR,NEAR,0.6,1,,,0.01,300
C2_n0.01_d300_r05,C2,202632,12.92,12.62,0.3000000000000007,0.3305,0.30982809719738136,0.30060111313169313,NEAR,NEAR,0.6,1,,,0.01,300
C2_n0.01_d300_r05,C2,202632,12.94,12.64,0.29999999999999893,0.33224999999999993,0.3035512302012566,0.30133864239908403,NEAR,NEAR,0.6,1,,,0.01,300
C2_n0.01_d300_r05,C2,202632,12.96,12.66,0.3000000000000007,0.3340000000000001,0.29865369933688934,0.30066740663353536,NEAR,NEAR,0.6,1,,,0.01,300
C2_n0.01_d300_r05,C2,202632,12.98,12.68,0.3000000000000007,0.33575000000000005,0.3120310689022454,0.3035083222007129,NEAR,NEAR,0.6,1,,,0.01,300
C2_n0.01_d300_r05,C2,202632,13.0,12.7,0.3000000000000007,0.3375,0.3093856109056157,0.3049776443769386,NEAR,NEAR,0.6,1,,,0.01,300
C2_n0.01_d300_r05,C2,202632,13.02,12.72,0.29999999999999893,0.33924999999999994,0.31518647357727814,0.3075298516770235,NEAR,NEAR,0.6,1,,,0.01,300
C2_n0.01_d300_r05,C2,202632,13.04,12.74,0.29999999999999893,0.3409999999999999,0.31090404077115613,0.30837339895055665,NEAR,NEAR,0.6,1,,,0.01,300
C2_n0.01_d300_r05,C2,202632,13.06,12.76,0.3000000000000007,0.34275000000000005,0.30733868494989863,0.3081147204503922,NEAR,NEAR,0.6,1,,,0.01,300
C2_n0.01_d300_r05,C2,202632,13.08,12.78,0.3000000000000007,0.34450000000000003,0.31555548537681005,0.30997491168199665,NEAR,NEAR,0.6,1,,,0.01,300
C2_n0.01_d300_r05,C2,202632,13.1,12.8,0.29999999999999893,0.34624999999999995,0.31439610073360225,0.3110802089448981,NEAR,NEAR,0.6,1,,,0.01,300
C2_n0.01_d300_r05,C2,202632,13.12,12.82,0.29999999999999893,0.3479999999999999,0.3303588730211519,0.31589987496396155,NEAR,NEAR,0.6,1,,,0.01,300
C2_n0.01_d300_r05,C2,202632,13.14,12.84,0.3000000000000007,0.34975000000000006,0.3338372027307201,0.32038420690565117,NEAR,NEAR,0.6,1,,,0.01,300
C2_n0.01_d300_r05,C2,202632,13.16,12.86,0.3000000000000007,0.35150000000000003,0.3254828614795416,0.3216588705491238,FAR,NEAR,0.6,1,,,0.01,300
C2_n0.01_d300_r05,C2,202632,13.18,12.88,0.29999999999999893,0.35324999999999995,0.3456108458590374,0.3276468643766022,FAR,NEAR,0.6,1,,,0.01,300
C2_n0.01_d300_r05,C2,202632,13.2,12.9,0.29999999999999893,0.3549999999999999,0.32076056903602723,0.32592529054145847,FAR,NEAR,0.6,1,,,0.01,300
C2_n0.01_d300_r05,C2,202632,13.22,12.92,0.3000000000000007,0.35675000000000007,0.3272308861762287,0.32625168945015104,FAR,NEAR,0.6,1,,,0.01,300
C2_n0.01_d300_r05,C2,202632,13.24,12.94,0.3000000000000007,0.35850000000000004,0.3460449119547363,0.3311999950762974,FAR,NEAR,0.6,1,,,0.01,300
C2_n0.01_d300_r05,C2,202632,13.26,12.96,0.29999999999999893,0.36024999999999996,0.33607055292673416,0.3324176345389066,FAR,NEAR,0.6,1,,,0.01,300
C2_n0.01_d300_r05,C2,202632,13.28,12.98,0.29999999999999893,0.36199999999999993,0.3124138265481379,0.3274166825412144,FAR,NEAR,0.6,1,,,0.01,300
C2_n0.01_d300_r05,C2,202632,13.3,13.0,0.3000000000000007,0.3637500000000001,0.33004467936350385,0.3280736817467868,FAR,NEAR,0.6,1,,,0.01,300
C2_n0.01_d300_r05,C2,202632,13.32,13.02,0.3000000000000007,0.36550000000000005,0.3304896491038802,0.32867767358606015,FAR,NEAR,0.6,1,,,0.01,300
C2_n0.01_d300_r05,C2,202632,13.34,13.04,0.3000000000000007,0.36724999999999997,0.34145100703846465,0.3318710069491613,FAR,NEAR,0.6,1,,,0.01,300
C2_n0.01_d300_r05,C2,202632,13.36,13.06,0.29999999999999893,0.36899999999999994,0.3425522939879746,0.3345413287088646,FAR,NEAR,0.6,1,,,0.01,300
C2_n0.01_d300_r05,C2,202632,13.38,13.08,0.3000000000000007,0.3707500000000001,0.3476425626263674,0.3378166371882403,FAR,NEAR,0.6,1,,,0.01,300
C2_n0.01_d300_r05,C2,202632,13.4,13.1,0.3000000000000007,0.37250000000000005,0.3519815746958204,0.3413578715651353,FAR,NEAR,0.6,1,,,0.01,300
C2_n0.01_d300_r05,C2,202632,13.42,13.12,0.3000000000000007,0.37424999999999997,0.3637025755344509,0.3469440475574642,FAR,NEAR,0.6,1,,,0.01,300
C2_n0.01_d300_r05,C2,202632,13.44,13.14,0.29999999999999893,0.37599999999999995,0.34629373158321575,0.3467814685639021,FAR,NEAR,0.6,1,,,0.01,300
C2_n0.01_d300_r05,C2,202632,13.46,13.16,0.3000000000000007,0.37775000000000003,0.33988016417067346,0.3450561424655949,FAR,NEAR,0.6,1,,,0.01,300
C2_n0.01_d300_r05,C2,202632,13.48,13.18,0.3000000000000007,0.37950000000000006,0.32881196639647636,0.34099509844831527,FAR,NEAR,0.6,1,,,0.01,300
C2_n0.01_d300_r05,C2,202632,13.5,13.2,0.3000000000000007,0.38125,0.34899933403522854,0.34299615734504363,FAR,NEAR,0.6,1,,,0.01,300
C2_n0.01_d300_r05,C2,202632,13.52,13.22,0.29999999999999893,0.38299999999999995,0.36278139667395987,0.34794246717727273,FAR,NEAR,0.6,1,,,0.01,300
C2_n0.01_d300_r05,C2,202632,13.54,13.24,0.29999999999999893,0.3847499999999999,0.3716762386897537,0.353875910055393,FAR,NEAR,0.6,1,,,0.01,300
C2_n0.01_d300_r05,C2,202632,13.56,13.26,0.3000000000000007,0.38650000000000007,0.3529119347250082,0.3536349162227968,FAR,NEAR,0.6,1,,,0.01,300
C2_n0.01_d300_r05,C2,202632,13.58,13.28,0.3000000000000007,0.38825,0.36727209257633525,0.35704421031118144,FAR,NEAR,0.6,1,,,0.01,300
C2_n0.01_d300_r05,C2,202632,13.6,13.3,0.29999999999999893,0.38999999999999996,0.3672545940461008,0.35959680624491125,FAR,NEAR,0.6,1,,,0.01,300
C2_n0.01_d300_r05,C2,202632,13.62,13.32,0.29999999999999893,0.39174999999999993,0.37184235197765003,0.36265819267809596,FAR,NEAR,0.6,1,,,0.01,300
C2_n0.01_d300_r05,C2,202632,13.64,13.34,0.3000000000000007,0.39350000000000007,0.3658176521412409,0.3634480575438822,FAR,NEAR,0.6,1,,,0.01,300
C2_n0.01_d300_r05,C2,202632,13.66,13.36,0.3000000000000007,0.39525,0.35838473945344806,0.3621822280212737,FAR,NEAR,0.6,1,,,0.01,300
C2_n0.01_d300_r05,C2,202632,13.68,13.38,0.29999999999999893,0.39699999999999996,0.3720648087733689,0.3646528732092975,FAR,NEAR,0.6,1,,,0.01,300
C2_n0.01_d300_r05,C2,202632,13.7,13.4,0.29999999999999893,0.39874999999999994,0.38397926580449004,0.36948447135809565,FAR,NEAR,0.6,1,,,0.01,300
C2_n0.01_d300_r05,C2,202632,13.72,13.42,0.3000000000000007,0.4005000000000001,0.3739777523275221,0.37060779160045226,FAR,NEAR,0.6,1,,,0.01,300
C2_n0.01_d300_r05,C2,202632,13.74,13.44,0.3000000000000007,0.40225,0.3854011809424977,0.37430613893596365,FAR,NEAR,0.6,1,,,0.01,300
C2_n0.01_d300_r05,C2,202632,13.76,13.46,0.29999999999999893,0.40399999999999997,0.3716034094717371,0.373630456569907,FAR,NEAR,0.6,1,,,0.01,300
C2_n0.01_d300_r05,C2,202632,13.78,13.48,0.29999999999999893,0.40574999999999994,0.3816556955011385,0.37563676630271486,FAR,NEAR,0.6,1,,,0.01,300
C2_n0.01_d300_r05,C2,202632,13.8,13.5,0.3000000000000007,0.4075000000000001,0.3681750101380367,0.3737713272615453,FAR,NEAR,0.6,1,,,0.01,300
C2_n0.01_d300_r05,C2,202632,13.82,13.52,0.3000000000000007,0.40925,0.38528989428237526,0.3766509690167528,FAR,NEAR,0.6,1,,,0.01,300
C2_n0.01_d300_r05,C2,202632,13.84,13.54,0.3000000000000007,0.411,0.3771803247190629,0.37678330794233034,FAR,NEAR,0.6,1,,,0.01,300
C2_n0.01_d300_r05,C2,202632,13.86,13.56,0.29999999999999893,0.41274999999999995,0.36486464406151436,0.37380364197212634,FAR,NEAR,0.6,1,,,0.01,300
C2_n0.01_d300_r05,C2,202632,13.88,13.58,0.3000000000000007,0.4145000000000001,0.3961191624074809,0.379382522080965,FAR,NEAR,0.6,1,,,0.01,300
C2_n0.01_d300_r05,C2,202632,13.9,13.6,0.3000000000000007,0.41625,0.39522534878700755,0.3833432287574756,FAR,FAR,0.0,1,EXIT_NEAR,,0.01,300
C2_n0.01_d300_r05,C2,202632,13.92,13.62,0.3000000000000007,0.418,0.3828157559202882,0.3832113605481788,FAR,FAR,0.0,1,,,0.01,300
C2_n0.01_d300_r05,C2,202632,13.94,13.64,0.29999999999999893,0.41974999999999996,0.41435153701850325,0.3909964046657599,FAR,FAR,0.0,1,,,0.01,300
C2_n0.01_d300_r05,C2,202632,13.96,13.66,0.3000000000000007,0.4215000000000001,0.3971001106054019,0.3925223311506704,FAR,FAR,0.0,1,,,0.01,300
C2_n0.01_d300_r05,C2,202632,13.98,13.68,0.3000000000000007,0.42325,0.3886076377897844,0.3915436578104489,FAR,FAR,0.0,1,,,0.01,300
C2_n0.01_d300_r05,C2,202632,14.0,13.7,0.3000000000000007,0.425,0.4049029089470882,0.3948834705946087,FAR,FAR,0.0,1,,,0.01,300
C2_n0.01_d300_r05,C2,202632,14.02,13.72,0.29999999999999893,0.42674999999999996,0.4016829507353208,0.39658334062978673,FAR,FAR,0.0,1,,,0.01,300
C2_n0.01_d300_r05,C2,202632,14.04,13.74,0.29999999999999893,0.4284999999999999,0.39679202869597907,0.3966355126463348,FAR,FAR,0.0,1,,,0.01,300
C2_n0.01_d300_r05,C2,202632,14.06,13.76,0.3000000000000007,0.43025,0.4157609050872305,0.4014168607565587,FAR,FAR,0.0,1,,,0.01,300
C2_n0.01_d300_r05,C2,202632,14.08,13.78,0.3000000000000007,0.432,0.4179624523390336,0.4055532586521774,FAR,FAR,0.0,1,,,0.01,300
C2_n0.01_d300_r05,C2,202632,14.1,13.8,0.29999999999999893,0.43374999999999997,0.4075947970207679,0.40606364324432503,FAR,FAR,0.0,1,,,0.01,300
C2_n0.01_d300_r05,C2,202632,14.12,13.82,0.29999999999999893,0.4354999999999999,0.40319426451285795,0.40534629856145826,FAR,FAR,0.0,1,,,0.01,300
C2_n0.01_d300_r05,C2,202632,14.14,13.84,0.3000000000000007,0.43725,0.42167812457706244,0.4094292550653593,FAR,FAR,0.0,1,,,0.01,300
C2_n0.01_d300_r05,C2,202632,14.16,13.86,0.3000000000000007,0.439,0.42502821221444553,0.4133289943526309,FAR,FAR,0.0,1,,,0.01,300
C2_n0.01_d300_r05,C2,202632,14.18,13.88,0.29999999999999893,0.44075,0.4196699204112731,0.41491422586729143,FAR,FAR,0.0,1,,,0.01,300
C2_n0.01_d300_r05,C2,202632,14.2,13.9,0.29999999999999893,0.4424999999999999,0.401876634077826,0.411654827919925,FAR,FAR,0.0,1,,,0.01,300
C2_n0.01_d300_r05,C2,202632,14.22,13.92,0.3000000000000007,0.44425000000000003,0.4157649116796303,0.41268234885985133,FAR,FAR,0.0,1,,,0.01,300
C2_n0.01_d300_r05,C2,202632,14.24,13.94,0.3000000000000007,0.446,0.412572740560928,0.4126549467851205,FAR,FAR,0.0,1,,,0.01,300
C2_n0.01_d300_r05,C2,202632,14.26,13.96,0.29999999999999893,0.44775,0.4248768271699192,0.4157104168813202,FAR,FAR,0.0,1,,,0.01,300
C2_n0.01_d300_r05,C2,202632,14.28,13.98,0.29999999999999893,0.4494999999999999,0.41911988910725934,0.416562784937805,FAR,FAR,0.0,1,,,0.01,300
C2_n0.01_d300_r05,C2,202632,14.3,14.0,0.3000000000000007,0.45125000000000004,0.4309037771799146,0.4201480329983324,FAR,FAR,0.0,1,,,0.01,300
C2_n0.01_d300_r05,C2,202632,14.32,14.02,0.3000000000000007,0.453,0.43599175785863226,0.4241089642134074,FAR,FAR,0.0,1,,,0.01,300
C2_n0.01_d300_r05,C2,202632,14.34,14.04,0.3000000000000007,0.45475,0.4271415215822104,0.4248671035556082,FAR,FAR,0.0,1,,,0.01,300
C2_n0.01_d300_r05,C2,202632,14.36,14.06,0.29999999999999893,0.4564999999999999,0.4374788641236086,0.42802004369760827,FAR,FAR,0.0,1,,,0.01,300
C2_n0.01_d300_r05,C2,202632,14.38,14.08,0.3000000000000007,0.45825000000000005,0.42447075578325705,0.42713272171902045,FAR,FAR,0.0,1,,,0.01,300
C2_n0.01_d300_r05,C2,202632,14.4,14.1,0.3000000000000007,0.46,0.4230531189319759,0.42611282102225934,FAR,FAR,0.0,1,,,0.01,300
C2_n0.01_d300_r05,C2,202632,14.42,14.12,0.3000000000000007,0.46175,0.4388645515741934,0.42930075366024284,FAR,FAR,0.0,1,,,0.01,300
C2_n0.01_d300_r05,C2,202632,14.44,14.14,0.29999999999999893,0.4634999999999999,0.4163982547070616,0.42607512892194754,FAR,FAR,0.0,1,,,0.01,300
C2_n0.01_d300_r05,C2,202632,14.46,14.16,0.3000000000000007,0.46525000000000005,0.4415258246397045,0.4299378028513868,FAR,FAR,0.0,1,,,0.01,300
C2_n0.01_d300_r05,C2,202632,14.48,14.18,0.3000000000000007,0.467,0.4539106798181985,0.4359310220930897,FAR,FAR,0.0,1,,,0.01,300
C2_n0.01_d300_r05,C2,202632,14.5,14.2,0.3000000000000007,0.46875,0.435319691843955,0.43577818953080605,FAR,FAR,0.0,1,,,0.01,300
C2_n0.01_d300_r05,C2,202632,14.52,14.22,0.29999999999999893,0.4704999999999999,0.4362870517180681,0.43590540507762154,FAR,FAR,0.0,1,,,0.01,300
C2_n0.01_d300_r05,C2,202632,14.54,14.24,0.29999999999999893,0.47224999999999995,0.44041142400049055,0.4370319098083388,FAR,FAR,0.0,1,,,0.01,300
C2_n0.01_d300_r05,C2,202632,14.56,14.26,0.3000000000000007,0.47400000000000003,0.4520059593434008,0.4407754221921043,FAR,FAR,0.0,1,,,0.01,300
C2_n0.01_d300_r05,C2,202632,14.58,14.28,0.3000000000000007,0.47575,0.44150939345091866,0.4409589150068079,FAR,FAR,0.0,1,,,0.01,300
C2_n0.01_d300_r05,C2,202632,14.6,14.3,0.29999999999999893,0.4774999999999999,0.43855218897159,0.44035723349800343,FAR,FAR,0.0,1,,,0.01,300
C2_n0.01_d300_r05,C2,202632,14.62,14.32,0.29999999999999893,0.47924999999999995,0.45962100705621645,0.44517317688755664,FAR,FAR,0.0,1,,,0.01,300
C2_n0.01_d300_r05,C2,202632,14.64,14.34,0.3000000000000007,0.48100000000000004,0.4600796330707046,0.44889979093334365,FAR,FAR,0.0,1,,,0.01,300
C2_n0.01_d300_r05,C2,202632,14.66,14.36,0.3000000000000007,0.48275,0.4543803955896629,0.45026994209742344,FAR,FAR,0.0,1,,,0.01,300
C2_n0.01_d300_r05,C2,202632,14.68,14.38,0.29999999999999893,0.48449999999999993,0.4583823143418787,0.4522980351585373,FAR,FAR,0.0,1,,,0.01,300
C2_n0.01_d300_r05,C2,202632,14.7,14.4,0.29999999999999893,0.48624999999999996,0.4622942044179189,0.4547970774733827,FAR,FAR,0.0,1,,,0.01,300
C2_n0.01_d300_r05,C2,202632,14.72,14.42,0.3000000000000007,0.48800000000000004,0.45802971973623324,0.45560523803909536,FAR,FAR,0.0,1,,,0.01,300
C2_n0.01_d300_r05,C2,202632,14.74,14.44,0.3000000000000007,0.48975,0.4631987313495749,0.45750361136671525,FAR,FAR,0.0,1,,,0.01,300
C2_n0.01_d300_r05,C2,202632,14.76,14.46,0.29999999999999893,0.49149999999999994,0.4678496281029498,0.4600901155507739,FAR,FAR,0.0,1,,,0.01,300
C2_n0.01_d300_r05,C2,202632,14.78,14.48,0.29999999999999893,0.49324999999999997,0.47151925992344723,0.4629474016439422,FAR,FAR,0.0,1,,,0.01,300
C2_n0.01_d300_r05,C2,202632,14.8,14.5,0.3000000000000007,0.49500000000000005,0.4664912400841901,0.46383336125400415,FAR,FAR,0.0,1,,,0.01,300
C2_n0.01_d300_r05,C2,202632,14.82,14.52,0.3000000000000007,0.49675,0.46741132084110637,0.4647278511507797,FAR,FAR,0.0,1,,,0.01,300
C2_n0.01_d300_r05,C2,202632,14.84,14.54,0.3000000000000007,0.49849999999999994,0.47045782127509195,0.46616034368185777,FAR,FAR,0.0,1,,,0.01,300
C2_n0.01_d300_r05,C2,202632,14.86,14.56,0.29999999999999893,0.5002499999999999,0.4649645079550111,0.4658613847501461,FAR,FAR,0.0,1,,,0.01,300
C2_n0.01_d300_r05,C2,202632,14.88,14.58,0.3000000000000007,0.502,0.465977620267505,0.46589044362948584,FAR,FAR,0.0,1,,,0.01,300
C2_n0.01_d300_r05,C2,202632,14.9,14.6,0.3000000000000007,0.50375,0.48879029049099654,0.47161540534486346,FAR,FAR,0.0,1,,,0.01,300
C2_n0.01_d300_r05,C2,202632,14.92,14.62,0.3000000000000007,0.5055000000000001,0.4647389359141813,0.46989628798719296,FAR,FAR,0.0,1,,,0.01,300
C2_n0.01_d300_r05,C2,202632,14.94,14.64,0.29999999999999893,0.50725,0.49424913016906413,0.4759844985326607,FAR,FAR,0.0,1,,,0.01,300
C2_n0.01_d300_r05,C2,202632,14.96,14.66,0.3000000000000007,0.5090000000000001,0.47375674744202884,0.47542756076000275,FAR,FAR,0.0,1,,,0.01,300
C2_n0.01_d300_r05,C2,202632,14.98,14.68,0.3000000000000007,0.51075,0.49260887383771734,0.4797228890294314,FAR,FAR,0.0,1,,,0.01,300
C2_n0.01_d300_r05,C2,202632,15.0,14.7,0.3000000000000007,0.5125,0.4809499005808108,0.48002964191727626,FAR,FAR,0.0,1,,,0.01,300
C2_n0.01_d300_r05,C2,202632,15.02,14.72,0.29999999999999893,0.5142499999999999,0.48528865231867685,0.4813443945176264,FAR,FAR,0.0,1,,,0.01,300
C2_n0.01_d300_r05,C2,202632,15.04,14.74,0.29999999999999893,0.5159999999999999,0.4811383034730784,0.4812928717564894,FAR,FAR,0.0,1,,,0.01,300
C2_n0.01_d300_r05,C2,202632,15.06,14.76,0.3000000000000007,0.51775,0.4975971833766685,0.4853689496615341,FAR,FAR,0.0,1,,,0.01,300
C2_n0.01_d300_r05,C2,202632,15.08,14.78,0.3000000000000007,0.5195,0.48882786612940987,0.48623367877850304,FAR,FAR,0.0,1,,,0.01,300
C2_n0.01_d300_r05,C2,202632,15.1,14.8,0.29999999999999893,0.52125,0.49997222936031904,0.48966831642395703,FAR,FAR,0.0,1,,,0.01,300
C2_n0.01_d300_r05,C2,202632,15.12,14.82,0.29999999999999893,0.5229999999999999,0.4987153364630541,0.4919300714337313,FAR,FAR,0.0,1,,,0.01,300
C2_n0.01_d300_r05,C2,202632,15.14,14.84,0.3000000000000007,0.52475,0.49952053624959886,0.4938276876376982,FAR,FAR,0.0,1,,,0.01,300
C2_n0.01_d300_r05,C2,202632,15.16,14.86,0.3000000000000007,0.5265,0.5037382702120925,0.4963053332812968,FAR,FAR,0.0,1,,,0.01,300
C2_n0.01_d300_r05,C2,202632,15.18,14.88,0.29999999999999893,0.5282499999999999,0.4938330744120056,0.495687268563974,FAR,FAR,0.0,1,,,0.01,300
C2_n0.01_d300_r05,C2,202632,15.2,14.9,0.29999999999999893,0.5299999999999999,0.5082743520778941,0.498834039442454,FAR,FAR,0.0,1,,,0.01,300
C2_n0.01_d300_r05,C2,202632,15.22,14.92,0.3000000000000007,0.5317500000000001,0.4987818190057725,0.49882098433328365,FAR,FAR,0.0,1,,,0.01,300
C2_n0.01_d300_r05,C2,202632,15.24,14.94,0.3000000000000007,0.5335,0.5041482859245703,0.5001528097311053,FAR,FAR,0.0,1,,,0.01,300
C2_n0.01_d300_r05,C2,202632,15.26,14.96,0.29999999999999893,0.53525,0.48966766804346734,0.49753152430919584,FAR,FAR,0.0,1,,,0.01,300
C2_n0.01_d300_r05,C2,202632,15.28,14.98,0.29999999999999893,0.5369999999999999,0.5052174700921153,0.4994530107549257,FAR,FAR,0.0,1,,,0.01,300
C2_n0.01_d300_r05,C2,202632,15.3,15.0,0.3000000000000007,0.5387500000000001,0.5150995941566395,0.5033646566053541,FAR,FAR,0.0,1,,,0.01,300
C2_n0.01_d300_r05,C2,202632,15.32,15.02,0.3000000000000007,0.5405,0.5121782043564639,0.5055680435431316,FAR,FAR,0.0,1,,,0.01,300
C2_n0.01_d300_r05,C2,202632,15.34,15.04,0.3000000000000007,0.5422499999999999,0.5357006053097771,0.513101183984793,FAR,FAR,0.0,1,,,0.01,300
C2_n0.01_d300_r05,C2,202632,15.36,15.06,0.29999999999999893,0.5439999999999999,0.5036459304189153,0.5107373705933236,FAR,FAR,0.0,1,,,0.01,300
C2_n0.01_d300_r05,C2,202632,15.38,15.08,0.3000000000000007,0.5457500000000001,0.5325755366039759,0.5161969120959866,FAR,FAR,0.0,1,,,0.01,300
C2_n0.01_d300_r05,C2,202632,15.4,15.1,0.3000000000000007,0.5475,0.5451042821254304,0.5234237546033476,FAR,FAR,0.0,1,,,0.01,300
C2_n0.01_d300_r05,C2,202632,15.42,15.12,0.3000000000000007,0.54925,0.5253738451665801,0.5239112772441556,FAR,FAR,0.0,1,,,0.01,300
C2_n0.01_d300_r05,C2,202632,15.44,15.14,0.29999999999999893,0.5509999999999999,0.5156079609782387,0.5218354481776764,FAR,FAR,0.0,1,,,0.01,300
C2_n0.01_d300_r05,C2,202632,15.46,15.16,0.3000000000000007,0.5527500000000001,0.5125982176173169,0.5195261405375865,FAR,FAR,0.0,1,,,0.01,300
C2_n0.01_d300_r05,C2,202632,15.48,15.18,0.3000000000000007,0.5545,0.5303175677949277,0.5222239973519218,FAR,FAR,0.0,1,,,0.01,300
C2_n0.01_d300_r05,C2,202632,15.5,15.2,0.3000000000000007,0.5562499999999999,0.5221149103383672,0.5221967255985331,FAR,FAR,0.0,1,,,0.01,300
C2_n0.01_d300_r05,C2,202632,15.52,15.22,0.29999999999999893,0.5579999999999999,0.5205017485787082,0.521772981343577,FAR,FAR,0.0,1,,,0.01,300
C2_n0.01_d300_r05,C2,202632,15.54,15.24,0.29999999999999893,0.55975,0.5298708488521763,0.5237974482207268,FAR,FAR,0.0,1,,,0.01,300
C2_n0.01_d300_r05,C2,202632,15.56,15.26,0.3000000000000007,0.5615,0.5500320881022915,0.530356108191118,FAR,FAR,0.0,1,,,0.01,300
C2_n0.01_d300_r05,C2,202632,15.58,15.28,0.3000000000000007,0.56325,0.5465738815442621,0.534410551529404,FAR,FAR,0.0,1,,,0.01,300
C2_n0.01_d300_r05,C2,202632,15.6,15.3,0.29999999999999893,0.565,0.5363690799864832,0.5349001836436738,FAR,FAR,0.0,1,,,0.01,300
C2_n0.01_d300_r05,C2,202632,15.62,15.32,0.29999999999999893,0.5667499999999999,0.535051060568339,0.53493790287484,FAR,FAR,0.0,1,,,0.01,300
C2_n0.01_d300_r05,C2,202632,15.64,15.34,0.3000000000000007,0.5685,0.5342808226324566,0.5347736328142442,FAR,FAR,0.0,1,,,0.01,300
C2_n0.01_d300_r05,C2,202632,15.66,15.36,0.3000000000000007,0.5702499999999999,0.5460661251271732,0.5375967558924765,FAR,FAR,0.0,1,,,0.01,300
C2_n0.01_d300_r05,C2,202632,15.68,15.38,0.29999999999999893,0.572,0.5302446815051918,0.5357587372956554,FAR,FAR,0.0,1,,,0.01,300
C2_n0.01_d300_r05,C2,202632,15.7,15.4,0.29999999999999893,0.57375,0.5367041995064744,0.5359951028483602,FAR,FAR,0.0,1,,,0.01,300
C2_n0.01_d300_r05,C2,202632,15.72,15.42,0.3000000000000007,0.5755,0.5605833150150562,0.5421421558900341,FAR,FAR,0.0,1,,,0.01,300
C2_n0.01_d300_r05,C2,202632,15.74,15.44,0.3000000000000007,0.57725,0.5535344070961202,0.5449902186915556,FAR,FAR,0.0,1,,,0.01,300
C2_n0.01_d300_r05,C2,202632,15.76,15.46,0.29999999999999893,0.579,0.5574248633563597,0.5480988798577566,FAR,FAR,0.0,1,,,0.01,300
C2_n0.01_d300_r05,C2,202632,15.78,15.48,0.29999999999999893,0.5807499999999999,0.5501411890054067,0.5486094571446691,FAR,FAR,0.0,1,,,0.01,300
C2_n0.01_d300_r05,C2,202632,15.8,15.5,0.3000000000000007,0.5825,0.5513516086106635,0.5492949950111677,FAR,FAR,0.0,1,,,0.01,300
C2_n0.01_d300_r05,C2,202632,15.82,15.52,0.3000000000000007,0.5842499999999999,0.5649368424042498,0.5532054568594382,FAR,FAR,0.0,1,,,0.01,300
C2_n0.01_d300_r05,C2,202632,15.84,15.54,0.3000000000000007,0.586,0.5648895616189618,0.5561264830493191,FAR,FAR,0.0,1,,,0.01,300
C2_n0.01_d300_r05,C2,202632,15.86,15.56,0.29999999999999893,0.58775,0.55766692347146,0.5565115931548543,FAR,FAR,0.0,1,,,0.01,300
C2_n0.01_d300_r05,C2,202632,15.88,15.58,0.3000000000000007,0.5895,0.5639780740136345,0.5583782133695494,FAR,FAR,0.0,1,,,0.01,300
C2_n0.01_d300_r05,C2,202632,15.9,15.6,0.3000000000000007,0.59125,0.5663089230317331,0.5603608907850953,FAR,FAR,0.0,1,,,0.01,300
C2_n0.01_d300_r05,C2,202632,15.92,15.62,0.3000000000000007,0.593,0.5555882971131049,0.5591677423670978,FAR,FAR,0.0,1,,,0.01,300
C2_n0.01_d300_r05,C2,202632,15.94,15.64,0.29999999999999893,0.5947499999999999,0.5601194624357799,0.5594056723842683,FAR,FAR,0.0,1,,,0.01,300
C2_n0.01_d300_r05,C2,202632,15.96,15.66,0.3000000000000007,0.5965,0.5732542609798397,0.5628678195331611,FAR,FAR,0.0,1,,,0.01,300
C2_n0.01_d300_r05,C2,202632,15.98,15.68,0.3000000000000007,0.59825,0.5707721635846607,0.564843905546036,FAR,FAR,0.0,1,,,0.01,300
C2_n0.01_d300_r05,C2,202632,16.0,15.7,0.3000000000000007,0.6,0.5594140844152992,0.5634864502633518,FAR,FAR,0.0,1,,,0.01,300
C2_n0.01_d300_r05,C2,202632,16.02,15.72,0.29999999999999893,0.6,0.5799287412586246,0.56759702301217,FAR,FAR,0.0,1,,,0.01,300
C2_n0.01_d300_r05,C2,202632,16.04,15.74,0.29999999999999893,0.6,0.5928076407465577,0.5738996774457669,FAR,FAR,0.0,1,,,0.01,300
C2_n0.01_d300_r05,C2,202632,16.06,15.76,0.29999999999999893,0.6,0.5760999264348448,0.5744497396930364,FAR,FAR,0.0,1,,,0.01,300
C2_n0.01_d300_r05,C2,202632,16.08,15.78,0.29999999999999893,0.6,0.5687537489202578,0.5730257419998417,FAR,FAR,0.0,1,,,0.01,300
C2_n0.01_d300_r05,C2,202632,16.1,15.8,0.3000000000000007,0.6,0.5801747117565362,0.5748129844390153,FAR,FAR,0.0,1,,,0.01,300
C2_n0.01_d300_r05,C2,202632,16.12,15.82,0.3000000000000007,0.6,0.5775708828114521,0.5755024590321245,FAR,FAR,0.0,1,,,0.01,300
C2_n0.01_d300_r05,C2,202632,16.14,15.84,0.3000000000000007,0.6,0.5861775988020916,0.5781712439746163,FAR,FAR,0.0,1,,,0.01,300
C2_n0.01_d300_r05,C2,202632,16.16,15.86,0.3000000000000007,0.6,0.5742837467160051,0.5771993696599635,FAR,FAR,0.0,1,,,0.01,300
C2_n0.01_d300_r05,C2,202632,16.18,15.88,0.29999999999999893,0.6,0.5921811672875269,0.5809448190668544,FAR,FAR,0.0,1,,,0.01,300
C2_n0.01_d300_r05,C2,202632,16.2,15.9,0.29999999999999893,0.6,0.6000686727466213,0.5857257824867961,FAR,FAR,0.0,1,,,0.01,300
C2_n0.01_d300_r05,C2,202632,16.22,15.92,0.29999999999999893,0.6,0.590079936971886,0.5868143211080685,FAR,FAR,0.0,1,,,0.01,300
C2_n0.01_d300_r05,C2,202632,16.24,15.94,0.29999999999999893,0.6,0.5995600433526378,0.5900007516692108,FAR,FAR,0.0,1,,,0.01,300
C2_n0.01_d300_r05,C2,202632,16.26,15.96,0.3000000000000007,0.6,0.6052746806356292,0.5938192339108155,FAR,FAR,0.0,1,,,0.01,300
C2_n0.01_d300_r05,C2,202632,16.28,15.98,0.3000000000000007,0.6,0.5978678919173004,0.5948313984124367,FAR,FAR,0.0,1,,,0.01,300
C2_n0.01_d300_r05,C2,202632,16.3,16.0,0.3000000000000007,0.6,0.6095630688679256,0.5985143160263089,FAR,FAR,0.0,1,,,0.01,300
C2_n0.01_d300_r05,C2,202632,16.32,16.02,0.3000000000000007,0.6,0.5948232427876671,0.5975915477166485,FAR,FAR,0.0,1,,,0.01,300
C2_n0.01_d300_r05,C2,202632,16.34,16.04,0.3000000000000007,0.6,0.5852456617944528,0.5945050762360995,FAR,FAR,0.0,1,,,0.01,300
C2_n0.01_d300_r05,C2,202632,16.36,16.06,0.3000000000000007,0.6,0.6066388008377073,0.5975385073865014,FAR,FAR,0.0,1,,,0.01,300
C2_n0.01_d300_r05,C2,202632,16.38,16.08,0.3000000000000007,0.6,0.5963014135774338,0.5972292339342344,FAR,FAR,0.0,1,,,0.01,300
C2_n0.01_d300_r05,C2,202632,16.4,16.1,0.29999999999999716,0.6,0.5841442995279275,0.5939580003326577,FAR,FAR,0.0,1,,,0.01,300
C2_n0.01_d300_r05,C2,202632,16.42,16.12,0.3000000000000007,0.6,0.6088624859485346,0.5976841217366269,FAR,FAR,0.0,1,,,0.01,300
C2_n0.01_d300_r05,C2,202632,16.44,16.14,0.3000000000000007,0.6,0.6137350240771361,0.6016968473217542,FAR,FAR,0.0,1,,,0.01,300
C2_n0.01_d300_r05,C2,202632,16.46,16.16,0.3000000000000007,0.6,0.5801398563693426,0.5963075995836513,FAR,FAR,0.0,1,,,0.01,300
C2_n0.01_d300_r05,C2,202632,16.48,16.18,0.3000000000000007,0.6,0.5948851680724145,0.5959519917058421,FAR,FAR,0.0,1,,,0.01,300
C2_n0.01_d300_r05,C2,202632,16.5,16.2,0.3000000000000007,0.6,0.6027726305178672,0.5976571514088483,FAR,FAR,0.0,1,,,0.01,300
C2_n0.01_d300_r05,C2,202632,16.52,16.22,0.3000000000000007,0.6,0.5988702657971945,0.5979604300059349,FAR,FAR,0.0,1,,,0.01,300
C2_n0.01_d300_r05,C2,202632,16.54,16.24,0.3000000000000007,0.6,0.5830516015116273,0.594233222882358,FAR,FAR,0.0,1,,,0.01,300
C2_n0.01_d300_r05,C2,202632,16.56,16.26,0.29999999999999716,0.6,0.6107082584235638,0.5983519817676595,FAR,FAR,0.0,1,,,0.01,300
C2_n0.01_d300_r05,C2,202632,16.58,16.28,0.29999999999999716,0.6,0.5857362813543017,0.59519805666432,FAR,FAR,0.0,1,,,0.01,300
C2_n0.01_d300_r05,C2,202632,16.6,16.3,0.3000000000000007,0.6,0.6085455168556116,0.598534921712143,FAR,FAR,0.0,1,,,0.01,300
C2_n0.01_d300_r05,C2,202632,16.62,16.32,0.3000000000000007,0.6,0.5976079322571615,0.5983031743483975,FAR,FAR,0.0,1,,,0.01,300
C2_n0.01_d300_r05,C2,202632,16.64,16.34,0.3000000000000007,0.6,0.6004800000081073,0.598847380763325,FAR,FAR,0.0,1,,,0.01,300
C2_n0.01_d300_r05,C2,202632,16.66,16.36,0.3000000000000007,0.6,0.5936854777756034,0.5975569050163946,FAR,FAR,0.0,1,,,0.01,300
C2_n0.01_d300_r05,C2,202632,16.68,16.38,0.3000000000000007,0.6,0.6112586285966883,0.600982335911468,FAR,FAR,0.0,1,,,0.01,300
C2_n0.01_d300_r05,C2,202632,16.7,16.4,0.3000000000000007,0.6,0.6105690459529314,0.6033790134218338,FAR,FAR,0.0,1,,,0.01,300
C2_n0.01_d300_r05,C2,202632,16.72,16.42,0.29999999999999716,0.6,0.6163525395049493,0.6066223949426126,FAR,FAR,0.0,1,,,0.01,300
C2_n0.01_d300_r05,C2,202632,16.74,16.44,0.29999999999999716,0.6,0.6119671805917917,0.6079585913549074,FAR,FAR,0.0,1,,,0.01,300
C2_n0.01_d300_r05,C2,202632,16.76,16.46,0.3000000000000007,0.6,0.5795024471513868,0.6008445553040273,FAR,FAR,0.0,1,,,0.01,300
C2_n0.01_d300_r05,C2,202632,16.78,16.48,0.3000000000000007,0.6,0.6010235068139507,0.6008892931815082,FAR,FAR,0.0,1,,,0.01,300
C2_n0.01_d300_r05,C2,202632,16.8,16.5,0.3000000000000007,0.6,0.5943969066088315,0.599266196538339,FAR,FAR,0.0,1,,,0.01,300
C2_n0.01_d300_r05,C2,202632,16.82,16.52,0.3000000000000007,0.6,0.6003014006267025,0.5995249975604299,FAR,FAR,0.0,1,,,0.01,300
C2_n0.01_d300_r05,C2,202632,16.84,16.54,0.3000000000000007,0.6,0.5907138404845006,0.5973222082914476,FAR,FAR,0.0,1,,,0.01,300
C2_n0.01_d300_r05,C2,202632,16.86,16.56,0.3000000000000007,0.6,0.5827857468394365,0.5936880929284448,FAR,FAR,0.0,1,,,0.01,300
C2_n0.01_d300_r05,C2,202632,16.88,16.58,0.3000000000000007,0.6,0.6072241000634013,0.5970720947121839,FAR,FAR,0.0,1,,,0.01,300
C2_n0.01_d300_r05,C2,202632,16.9,16.6,0.29999999999999716,0.6,0.5933719392597333,0.5961470558490712,FAR,FAR,0.0,1,,,0.01,300
C2_n0.01_d300_r05,C2,202632,16.92,16.62,0.3000000000000007,0.6,0.5831360015129451,0.5928942922650396,FAR,FAR,0.0,1,,,0.01,300
C2_n0.01_d300_r05,C2,202632,16.94,16.64,0.3000000000000007,0.6,0.6197367154325487,0.599604898056917,FAR,FAR,0.0,1,,,0.01,300
C2_n0.01_d300_r05,C2,202632,16.96,16.66,0.3000000000000007,0.6,0.6007374549549657,0.5998880372814291,FAR,FAR,0.0,1,,,0.01,300
C2_n0.01_d300_r05,C2,202632,16.98,16.68,0.3000000000000007,0.6,0.6108712783054617,0.6026338475374373,FAR,FAR,0.0,1,,,0.01,300
C2_n0.01_d300_r05,C2,202632,17.0,16.7,0.3000000000000007,0.6,0.5959045237904033,0.6009515166006788,FAR,FAR,0.0,1,,,0.01,300
C2_n0.01_d300_r05,C2,202632,17.02,16.72,0.3000000000000007,0.6,0.5896394695500106,0.5981235048380117,FAR,FAR,0.0,1,,,0.01,300
C2_n0.01_d300_r05,C2,202632,17.04,16.74,0.3000000000000007,0.6,0.6014321166349189,0.5989506577872385,FAR,FAR,0.0,1,,,0.01,300
C2_n0.01_d300_r05,C2,202632,17.06,16.76,0.29999999999999716,0.6,0.6171172251753756,0.6034922996342729,FAR,FAR,0.0,1,,,0.01,300
C2_n0.01_d300_r05,C2,202632,17.08,16.78,0.29999999999999716,0.6,0.6116489224058427,0.6055314553271653,FAR,FAR,0.0,1,,,0.01,300
C2_n0.01_d300_r05,C2,202632,17.1,16.8,0.3000000000000007,0.6,0.6057192747362199,0.605578410179429,FAR,FAR,0.0,1,,,0.01,300
C2_n0.01_d300_r05,C2,202632,17.12,16.82,0.3000000000000007,0.6,0.6110127481492756,0.6069369946718907,FAR,FAR,0.0,1,,,0.01,300
C2_n0.01_d300_r05,C2,202632,17.14,16.84,0.3000000000000007,0.6,0.610491259185031,0.6078255608001757,FAR,FAR,0.0,1,,,0.01,300
C2_n0.01_d300_r05,C2,202632,17.16,16.86,0.3000000000000007,0.6,0.6023353786980219,0.6064530152746372,FAR,FAR,0.0,1,,,0.01,300
C2_n0.01_d300_r05,C2,202632,17.18,16.88,0.3000000000000007,0.6,0.5969459085537678,0.6040762385944198,FAR,FAR,0.0,1,,,0.01,300
C2_n0.01_d300_r05,C2,202632,17.2,16.9,0.3000000000000007,0.6,0.6081268592133777,0.6050888937491593,FAR,FAR,0.0,1,,,0.01,300
C2_n0.01_d300_r05,C2,202632,17.22,16.92,0.29999999999999716,0.6,0.5790834424568688,0.5985875309260866,FAR,FAR,0.0,1,,,0.01,300
C2_n0.01_d300_r05,C2,202632,17.24,16.94,0.29999999999999716,0.6,0.6163633061434254,0.6030314747304213,FAR,FAR,0.0,1,,,0.01,300
C2_n0.01_d300_r05,C2,202632,17.26,16.96,0.3000000000000007,0.6,0.6038269687954402,0.603230348246676,FAR,FAR,0.0,1,,,0.01,300
C2_n0.01_d300_r05,C2,202632,17.28,16.98,0.3000000000000007,0.6,0.5955729385055679,0.6013159958113989,FAR,FAR,0.0,1,,,0.01,300
C2_n0.01_d300_r05,C2,202632,17.3,17.0,0.3000000000000007,0.6,0.616900414255916,0.6052121004225282,FAR,FAR,0.0,1,,,0.01,300
C2_n0.01_d300_r05,C2,202632,17.32,17.02,0.3000000000000007,0.6,0.5948965638102284,0.6026332162694532,FAR,FAR,0.0,1,,,0.01,300
C2_n0.01_d300_r05,C2,202632,17.34,17.04,0.3000000000000007,0.6,0.5977092872177108,0.6014022340065176,FAR,FAR,0.0,1,,,0.01,300
C2_n0.01_d300_r05,C2,202632,17.36,17.06,0.3000000000000007,0.6,0.5931832597844796,0.5993474904510081,FAR,FAR,0.0,1,,,0.01,300
C2_n0.01_d300_r05,C2,202632,17.38,17.08,0.3000000000000007,0.6,0.5828477236249859,0.5952225487445025,FAR,FAR,0.0,1,,,0.01,300
C2_n0.01_d300_r05,C2,202632,17.4,17.1,0.29999999999999716,0.6,0.6115871786519972,0.5993137062213763,FAR,FAR,0.0,1,,,0.01,300
C2_n0.01_d300_r05,C2,202632,17.42,17.12,0.3000000000000007,0.6,0.6052856610547412,0.6008066949297175,FAR,FAR,0.0,1,,,0.01,300
C2_n0.01_d300_r05,C2,202632,17.44,17.14,0.3000000000000007,0.6,0.61076895814123,0.6032972607325956,FAR,FAR,0.0,1,,,0.01,300
C2_n0.01_d300_r05,C2,202632,17.46,17.16,0.3000000000000007,0.6,0.6205496373467027,0.6076103548861224,FAR,FAR,0.0,1,,,0.01,300
C2_n0.01_d300_r05,C2,202632,17.48,17.18,0.3000000000000007,0.6,0.6025309455390268,0.6063405025493485,FAR,FAR,0.0,1,,,0.01,300
C2_n0.01_d300_r05,C2,202632,17.5,17.2,0.3000000000000007,0.6,0.6103536602102758,0.6073437919645803,FAR,FAR,0.0,1,,,0.01,300
C2_n0.01_d300_r05,C2,202632,17.52,17.22,0.3000000000000007,0.6,0.5934931085328639,0.6038811211066513,FAR,FAR,0.0,1,,,0.01,300
C2_n0.01_d300_r05,C2,202632,17.54,17.24,0.3000000000000007,0.6,0.5843158758499903,0.5989898097924861,FAR,FAR,0.0,1,,,0.01,300
C2_n0.01_d300_r05,C2,202632,17.56,17.26,0.29999999999999716,0.6,0.5949697763250654,0.5979848014256309,FAR,FAR,0.0,1,,,0.01,300
C2_n0.01_d300_r05,C2,202632,17.58,17.28,0.29999999999999716,0.6,0.6049922175364352,0.599736655453332,FAR,FAR,0.0,1,,,0.01,300
C2_n0.01_d300_r05,C2,202632,17.6,17.3,0.3000000000000007,0.6,0.6051106780281895,0.6010801610970463,FAR,FAR,0.0,1,,,0.01,300
C2_n0.01_d300_r05,C2,202632,17.62,17.32,0.3000000000000007,0.6,0.5867513719155375,0.5974979638016691,FAR,FAR,0.0,1,,,0.01,300
C2_n0.01_d300_r05,C2,202632,17.64,17.34,0.3000000000000007,0.6,0.6030774725464705,0.5988928409878694,FAR,FAR,0.0,1,,,0.01,300
C2_n0.01_d300_r05,C2,202632,17.66,17.36,0.3000000000000007,0.6,0.6070928965551968,0.6009428548797013,FAR,FAR,0.0,1,,,0.01,300
C2_n0.01_d300_r05,C2,202632,17.68,17.38,0.3000000000000007,0.6,0.6160397233164466,0.6047170719888877,FAR,FAR,0.0,1,,,0.01,300
C2_n0.01_d300_r05,C2,202632,17.7,17.4,0.3000000000000007,0.6,0.5849071057586214,0.5997645804313211,FAR,FAR,0.0,1,,,0.01,300
C2_n0.01_d300_r05,C2,202632,17.72,17.42,0.29999999999999716,0.6,0.6077427685238379,0.6017591274544503,FAR,FAR,0.0,1,,,0.01,300
C2_n0.01_d300_r05,C2,202632,17.74,17.44,0.29999999999999716,0.6,0.597231901033507,0.6006273208492144,FAR,FAR,0.0,1,,,0.01,300
C2_n0.01_d300_r05,C2,202632,17.76,17.46,0.3000000000000007,0.6,0.5997525723277549,0.6004086337188496,FAR,FAR,0.0,1,,,0.01,300
C2_n0.01_d300_r05,C2,202632,17.78,17.48,0.3000000000000007,0.6,0.5810663561742064,0.5955730643326888,FAR,FAR,0.0,1,,,0.01,300
C2_n0.01_d300_r05,C2,202632,17.8,17.5,0.3000000000000007,0.6,0.6049742167454878,0.5979233524358885,FAR,FAR,0.0,1,,,0.01,300
C2_n0.01_d300_r05,C2,202632,17.82,17.52,0.3000000000000007,0.6,0.5880465619037254,0.5954541548028477,FAR,FAR,0.0,1,,,0.01,300
C2_n0.01_d300_r05,C2,202632,17.84,17.54,0.3000000000000007,0.6,0.5946568306460304,0.5952548237636434,FAR,FAR,0.0,1,,,0.01,300
C2_n0.01_d300_r05,C2,202632,17.86,17.56,0.3000000000000007,0.6,0.6026499797828113,0.5971036127684354,FAR,FAR,0.0,1,,,0.01,300
C2_n0.01_d300_r05,C2,202632,17.88,17.58,0.3000000000000007,0.6,0.5940299621204993,0.5963352001064514,FAR,FAR,0.0,1,,,0.01,300
C2_n0.01_d300_r05,C2,202632,17.9,17.6,0.29999999999999716,0.6,0.5868455932919291,0.5939627984028208,FAR,FAR,0.0,1,,,0.01,300
C2_n0.01_d300_r05,C2,202632,17.92,17.62,0.3000000000000007,0.6,0.5868417575751341,0.5921825381958992,FAR,FAR,0.0,1,,,0.01,300
C2_n0.01_d300_r05,C2,202632,17.94,17.64,0.3000000000000007,0.6,0.5969004214936706,0.593362009020342,FAR,FAR,0.0,1,,,0.01,300
C2_n0.01_d300_r05,C2,202632,17.96,17.66,0.3000000000000007,0.6,0.6050591192092465,0.5962862865675681,FAR,FAR,0.0,1,,,0.01,300
C2_n0.01_d300_r05,C2,202632,17.98,17.68,0.3000000000000007,0.6,0.6027061485576664,0.5978912520650927,FAR,FAR,0.0,1,,,0.01,300
C2_n0.01_d300_r05,C2,202632,18.0,17.7,0.3000000000000007,0.6,0.6009747264152723,0.5986621206526377,FAR,FAR,0.0,1,,,0.01,300
C2_n0.01_d300_r05,C2,202632,18.02,17.72,0.3000000000000007,0.6,0.6063677977962242,0.6005885399385343,FAR,FAR,0.0,1,,,0.01,300
C2_n0.01_d300_r05,C2,202632,18.04,17.74,0.3000000000000007,0.6,0.5949908388621769,0.5991891146694449,FAR,FAR,0.0,1,,,0.01,300
C2_n0.01_d300_r05,C2,202632,18.06,17.76,0.29999999999999716,0.6,0.5897376835182553,0.5968262568816475,FAR,FAR,0.0,1,,,0.01,300
C2_n0.01_d300_r05,C2,202632,18.08,17.78,0.29999999999999716,0.6,0.6153675211458687,0.6014615729477027,FAR,FAR,0.0,1,,,0.01,300
C2_n0.01_d300_r05,C2,202632,18.1,17.8,0.3000000000000007,0.6,0.6078135486246219,0.6030495668669326,FAR,FAR,0.0,1,,,0.01,300
C2_n0.01_d300_r05,C2,202632,18.12,17.82,0.3000000000000007,0.6,0.6104817540246884,0.6049076136563716,FAR,FAR,0.0,1,,,0.01,300
C2_n0.01_d300_r05,C2,202632,18.14,17.84,0.3000000000000007,0.6,0.6179366756622944,0.6081648791578522,FAR,FAR,0.0,1,,,0.01,300
C2_n0.01_d300_r05,C2,202632,18.16,17.86,0.3000000000000007,0.6,0.5953583779404175,0.6049632538534935,FAR,FAR,0.0,1,,,0.01,300
C2_n0.01_d300_r05,C2,202632,18.18,17.88,0.3000000000000007,0.6,0.6043436088268477,0.604808342596832,FAR,FAR,0.0,1,,,0.01,300
C2_n0.01_d300_r05,C2,202632,18.2,17.9,0.3000000000000007,0.6,0.5910980642206539,0.6013807730027875,FAR,FAR,0.0,1,,,0.01,300
C2_n0.01_d300_r05,C2,202632,18.22,17.92,0.29999999999999716,0.6,0.6028694705527597,0.6017529473902805,FAR,FAR,0.0,1,,,0.01,300
C2_n0.01_d300_r05,C2,202632,18.24,17.94,0.29999999999999716,0.6,0.6059692773448473,0.6028070298789222,FAR,FAR,0.0,1,,,0.01,300
C2_n0.01_d300_r05,C2,202632,18.26,17.96,0.3000000000000007,0.6,0.6012771275618161,0.6024245542996456,FAR,FAR,0.0,1,,,0.01,300
C2_n0.01_d300_r05,C2,202632,18.28,17.98,0.3000000000000007,0.6,0.5999935951438896,0.6018168145107066,FAR,FAR,0.0,1,,,0.01,300
C2_n0.01_d300_r05,C2,202632,18.3,18.0,0.3000000000000007,0.6,0.5976205920181554,0.6007677588875688,FAR,FAR,0.0,1,,,0.01,300
C2_n0.01_d300_r05,C2,202632,18.32,18.02,0.3000000000000007,0.6,0.6019234464430028,0.6010566807764273,FAR,FAR,0.0,1,,,0.01,300
C2_n0.01_d300_r05,C2,202632,18.34,18.04,0.3000000000000007,0.6,0.6083733221507874,0.6028858411200173,FAR,FAR,0.0,1,,,0.01,300
C2_n0.01_d300_r05,C2,202632,18.36,18.06,0.3000000000000007,0.6,0.5667124859515624,0.5938425023279036,FAR,FAR,0.0,1,,,0.01,300
C2_n0.01_d300_r05,C2,202632,18.38,18.08,0.3000000000000007,0.6,0.5994105744686343,0.5952345203630862,FAR,FAR,0.0,1,,,0.01,300
C2_n0.01_d300_r05,C2,202632,18.4,18.1,0.29999999999999716,0.6,0.6187423201476975,0.6011114703092391,FAR,FAR,0.0,1,,,0.01,300
C2_n0.01_d300_r05,C2,202632,18.42,18.12,0.3000000000000007,0.6,0.59105686012953,0.5985978177643118,FAR,FAR,0.0,1,,,0.01,300
C2_n0.01_d300_r05,C2,202632,18.44,18.14,0.3000000000000007,0.6,0.6091716756205338,0.6012412822283673,FAR,FAR,0.0,1,,,0.01,300
C2_n0.01_d300_r05,C2,202632,18.46,18.16,0.3000000000000007,0.6,0.5912572946556061,0.5987452853351769,FAR,FAR,0.0,1,,,0.01,300
C2_n0.01_d300_r05,C2,202632,18.48,18.18,0.3000000000000007,0.6,0.6178557742758184,0.6035229075703372,FAR,FAR,0.0,1,,,0.01,300
C2_n0.01_d300_r05,C2,202632,18.5,18.2,0.3000000000000007,0.6,0.5951374829052516,0.6014265514040658,FAR,FAR,0.0,1,,,0.01,300
C2_n0.01_d300_r05,C2,202632,18.52,18.22,0.3000000000000007,0.6,0.5963198088443347,0.600149865764133,FAR,FAR,0.0,1,,,0.01,300
C2_n0.01_d300_r05,C2,202632,18.54,18.24,0.3000000000000007,0.6,0.5991048213070597,0.5998886046498647,FAR,FAR,0.0,1,,,0.01,300
C2_n0.01_d300_r05,C2,202632,18.56,18.26,0.29999999999999716,0.6,0.5950398169979338,0.598676407736882,FAR,FAR,0.0,1,,,0.01,300
C2_n0.01_d300_r05,C2,202632,18.58,18.28,0.29999999999999716,0.6,0.5727561591646497,0.592196345593824,FAR,FAR,0.0,1,,,0.01,300
C2_n0.01_d300_r05,C2,202632,18.6,18.3,0.3000000000000007,0.6,0.5981012042845777,0.5936725602665124,FAR,FAR,0.0,1,,,0.01,300
C2_n0.01_d300_r05,C2,202632,18.62,18.32,0.3000000000000007,0.6,0.6032284702925943,0.5960615377730328,FAR,FAR,0.0,1,,,0.01,300
C2_n0.01_d300_r05,C2,202632,18.64,18.34,0.3000000000000007,0.6,0.6137755401792072,0.6004900383745764,FAR,FAR,0.0,1,,,0.01,300
C2_n0.01_d300_r05,C2,202632,18.66,18.36,0.3000000000000007,0.6,0.6046737592496806,0.6015359685933525,FAR,FAR,0.0,1,,,0.01,300
C2_n0.01_d300_r05,C2,202632,18.68,18.38,0.3000000000000007,0.6,0.6082010096851566,0.6032022288663035,FAR,FAR,0.0,1,,,0.01,300
C2_n0.01_d300_r05,C2,202632,18.7,18.4,0.3000000000000007,0.6,0.607550316884746,0.6042892508709141,FAR,FAR,0.0,1,,,0.01,300
C2_n0.01_d300_r05,C2,202632,18.72,18.42,0.29999999999999716,0.6,0.605872738496557,0.6046851227773249,FAR,FAR,0.0,1,,,0.01,300
C2_n0.01_d300_r05,C2,202632,18.74,18.44,0.29999999999999716,0.6,0.5889714649159187,0.6007567083119734,FAR,FAR,0.0,1,,,0.01,300
C2_n0.01_d300_r05,C2,202632,18.76,18.46,0.3000000000000007,0.6,0.597833706882726,0.6000259579546615,FAR,FAR,0.0,1,,,0.01,300
C2_n0.01_d300_r05,C2,202632,18.78,18.48,0.3000000000000007,0.6,0.5876208112114247,0.5969246712688523,FAR,FAR,0.0,1,,,0.01,300
C2_n0.01_d300_r05,C2,202632,18.8,18.5,0.3000000000000007,0.6,0.5926953115193132,0.5958673313314675,FAR,FAR,0.0,1,,,0.01,300
C2_n0.01_d300_r05,C2,202632,18.82,18.52,0.3000000000000007,0.6,0.605404906045802,0.5982517250100512,FAR,FAR,0.0,1,,,0.01,300
C2_n0.01_d300_r05,C2,202632,18.84,18.54,0.3000000000000007,0.6,0.5904217641774818,0.5962942348019089,FAR,FAR,0.0,1,,,0.01,300
C2_n0.01_d300_r05,C2,202632,18.86,18.56,0.3000000000000007,0.6,0.5970424086734906,0.5964812782698043,FAR,FAR,0.0,1,,,0.01,300
C2_n0.01_d300_r05,C2,202632,18.88,18.58,0.3000000000000007,0.6,0.6134719584819879,0.6007289483228502,FAR,FAR,0.0,1,,,0.01,300
C2_n0.01_d300_r05,C2,202632,18.9,18.6,0.29999999999999716,0.6,0.5963027106626587,0.5996223889078023,FAR,FAR,0.0,1,,,0.01,300
C2_n0.01_d300_r05,C2,202632,18.92,18.62,0.3000000000000007,0.6,0.600696858437922,0.5998910062903322,FAR,FAR,0.0,1,,,0.01,300
C2_n0.01_d300_r05,C2,202632,18.94,18.64,0.3000000000000007,0.6,0.592226708765501,0.5979749319091244,FAR,FAR,0.0,1,,,0.01,300
C2_n0.01_d300_r05,C2,202632,18.96,18.66,0.3000000000000007,0.6,0.5932525181751755,0.5967943284756372,FAR,FAR,0.0,1,,,0.01,300
C2_n0.01_d300_r05,C2,202632,18.98,18.68,0.3000000000000007,0.6,0.6043235912966614,0.5986766441808933,FAR,FAR,0.0,1,,,0.01,300
C2_n0.01_d300_r05,C2,202632,19.0,18.7,0.3000000000000007,0.6,0.5916054911546874,0.5969088559243418,FAR,FAR,0.0,1,,,0.01,300
C2_n0.01_d300_r05,C2,202632,19.02,18.72,0.3000000000000007,0.6,0.6056485257392732,0.5990937733780747,FAR,FAR,0.0,1,,,0.01,300
C2_n0.01_d300_r05,C2,202632,19.04,18.74,0.3000000000000007,0.6,0.5825651173429046,0.5949616093692821,FAR,FAR,0.0,1,,,0.01,300
C2_n0.01_d300_r05,C2,202632,19.06,18.76,0.29999999999999716,0.6,0.5942439590603362,0.5947821967920456,FAR,FAR,0.0,1,,,0.01,300
C2_n0.01_d300_r05,C2,202632,19.08,18.78,0.29999999999999716,0.6,0.6202758609895053,0.6011556128414105,FAR,FAR,0.0,1,,,0.01,300
C2_n0.01_d300_r05,C2,202632,19.1,18.8,0.3000000000000007,0.6,0.6036500958171213,0.6017792335853382,FAR,FAR,0.0,1,,,0.01,300
C2_n0.01_d300_r05,C2,202632,19.12,18.82,0.3000000000000007,0.6,0.5848364682636654,0.59754354225492,FAR,FAR,0.0,1,,,0.01,300
C2_n0.01_d300_r05,C2,202632,19.14,18.84,0.3000000000000007,0.6,0.6074952068675402,0.600031458408075,FAR,FAR,0.0,1,,,0.01,300
C2_n0.01_d300_r05,C2,202632,19.16,18.86,0.3000000000000007,0.6,0.5989127658510017,0.5997517852688067,FAR,FAR,0.0,1,,,0.01,300
C2_n0.01_d300_r05,C2,202632,19.18,18.88,0.3000000000000007,0.6,0.6114484161846793,0.6026759429977748,FAR,FAR,0.0,1,,,0.01,300
C2_n0.01_d300_r05,C2,202632,19.2,18.9,0.3000000000000007,0.6,0.6041958850849191,0.6030559285195609,FAR,FAR,0.0,1,,,0.01,300
C2_n0.01_d300_r05,C2,202632,19.22,18.92,0.29999999999999716,0.6,0.5869738508522909,0.5990354091027434,FAR,FAR,0.0,1,,,0.01,300
C2_n0.01_d300_r05,C2,202632,19.24,18.94,0.29999999999999716,0.6,0.6036507809843862,0.6001892520731541,FAR,FAR,0.0,1,,,0.01,300
C2_n0.01_d300_r05,C2,202632,19.26,18.96,0.3000000000000007,0.6,0.5903510003246527,0.5977296891360288,FAR,FAR,0.0,1,,,0.01,300
C2_n0.01_d300_r05,C2,202632,19.28,18.98,0.3000000000000007,0.6,0.5974724129246309,0.5976653700831793,FAR,FAR,0.0,1,,,0.01,300
C2_n0.01_d300_r05,C2,202632,19.3,19.0,0.3000000000000007,0.6,0.6106019346098156,0.6008995112148384,FAR,FAR,0.0,1,,,0.01,300
C2_n0.01_d300_r05,C2,202632,19.32,19.02,0.3000000000000007,0.6,0.6061562872094267,0.6022137052134855,FAR,FAR,0.0,1,,,0.01,300
C2_n0.01_d300_r05,C2,202632,19.34,19.04,0.3000000000000007,0.6,0.6035277599779556,0.602542218904603,FAR,FAR,0.0,1,,,0.01,300
C2_n0.01_d300_r05,C2,202632,19.36,19.06,0.3000000000000007,0.6,0.6211109763586482,0.6071844082681144,FAR,FAR,0.0,1,,,0.01,300
C2_n0.01_d300_r05,C2,202632,19.38,19.08,0.3000000000000007,0.6,0.5999499717899818,0.6053757991485812,FAR,FAR,0.0,1,,,0.01,300
C2_n0.01_d300_r05,C2,202632,19.4,19.1,0.29999999999999716,0.6,0.6057090195904278,0.6054591042590429,FAR,FAR,0.0,1,,,0.01,300
C2_n0.01_d300_r05,C2,202632,19.42,19.12,0.3000000000000007,0.6,0.5958945299025513,0.6030679606699201,FAR,FAR,0.0,1,,,0.01,300
C2_n0.01_d300_r05,C2,202632,19.44,19.14,0.3000000000000007,0.6,0.5990624887943715,0.6020665927010329,FAR,FAR,0.0,1,,,0.01,300
C2_n0.01_d300_r05,C2,202632,19.46,19.16,0.3000000000000007,0.6,0.5926673410104343,0.5997167797783832,FAR,FAR,0.0,1,,,0.01,300
C2_n0.01_d300_r05,C2,202632,19.48,19.18,0.3000000000000007,0.6,0.616877733455779,0.6040070181977322,FAR,FAR,0.0,1,,,0.01,300
C2_n0.01_d300_r05,C2,202632,19.5,19.2,0.3000000000000007,0.6,0.593563954461529,0.6013962522636813,FAR,FAR,0.0,1,,,0.01,300
C2_n0.01_d300_r05,C2,202632,19.52,19.22,0.3000000000000007,0.6,0.5853834348938843,0.597393047921232,FAR,FAR,0.0,1,,,0.01,300
C2_n0.01_d300_r05,C2,202632,19.54,19.24,0.3000000000000007,0.6,0.5817032714894276,0.5934706038132809,FAR,FAR,0.0,1,,,0.01,300
C2_n0.01_d300_r05,C2,202632,19.56,19.26,0.29999999999999716,0.6,0.5893439653714836,0.5924389442028315,FAR,FAR,0.0,1,,,0.01,300
C2_n0.01_d300_r05,C2,202632,19.58,19.28,0.29999999999999716,0.6,0.6088741273119164,0.5965477399801027,FAR,FAR,0.0,1,,,0.01,300
C2_n0.01_d300_r05,C2,202632,19.6,19.3,0.3000000000000007,0.6,0.5930913016994542,0.5956836304099405,FAR,FAR,0.0,1,,,0.01,300
C2_n0.01_d300_r05,C2,202632,19.62,19.32,0.3000000000000007,0.6,0.5990778218435336,0.5965321782683388,FAR,FAR,0.0,1,,,0.01,300
C2_n0.01_d300_r05,C2,202632,19.64,19.34,0.3000000000000007,0.6,0.6098173420664711,0.5998534692178719,FAR,FAR,0.0,1,,,0.01,300
C2_n0.01_d300_r05,C2,202632,19.66,19.36,0.3000000000000007,0.6,0.5902730742969873,0.5974583704876507,FAR,FAR,0.0,1,,,0.01,300
C2_n0.01_d300_r05,C2,202632,19.68,19.38,0.3000000000000007,0.6,0.5934621285706657,0.5964593100084045,FAR,FAR,0.0,1,,,0.01,300
C2_n0.01_d300_r05,C2,202632,19.7,19.4,0.3000000000000007,0.6,0.5954408527262759,0.5962046956878723,FAR,FAR,0.0,1,,,0.01,300
C2_n0.01_d300_r05,C2,202632,19.72,19.42,0.29999999999999716,0.6,0.5974334854530082,0.5965118931291562,FAR,FAR,0.0,1,,,0.01,300
C2_n0.01_d300_r05,C2,202632,19.74,19.44,0.29999999999999716,0.6,0.595340859692654,0.5962191347700306,FAR,FAR,0.0,1,,,0.01,300
C2_n0.01_d300_r05,C2,202632,19.76,19.46,0.3000000000000007,0.6,0.6131980611908944,0.6004638663752465,FAR,FAR,0.0,1,,,0.01,300
C2_n0.01_d300_r05,C2,202632,19.78,19.48,0.3000000000000007,0.6,0.6026850990827642,0.601019174552126,FAR,FAR,0.0,1,,,0.01,300
C2_n0.01_d300_r05,C2,202632,19.8,19.5,0.3000000000000007,0.6,0.6066628365713091,0.6024300900569217,FAR,FAR,0.0,1,,,0.01,300
C2_n0.01_d300_r05,C2,202632,19.82,19.52,0.3000000000000007,0.6,0.6097839024640822,0.6042685431587118,FAR,FAR,0.0,1,,,0.01,300
C2_n0.01_d300_r05,C2,202632,19.84,19.54,0.3000000000000007,0.6,0.59444958977648,0.6018138048131538,FAR,FAR,0.0,1,,,0.01,300
C2_n0.01_d300_r05,C2,202632,19.86,19.56,0.3000000000000007,0.6,0.6073714843777472,0.6032032247043022,FAR,FAR,0.0,1,,,0.01,300
C2_n0.01_d300_r05,C2,202632,19.88,19.58,0.3000000000000007,0.6,0.6235322489813395,0.6082854807735616,FAR,FAR,0.0,1,,,0.01,300
C2_n0.01_d300_r05,C2,202632,19.9,19.6,0.29999999999999716,0.6,0.6035988853482901,0.6071138319172438,FAR,FAR,0.0,1,,,0.01,300
C2_n0.01_d300_r05,C2,202632,19.92,19.62,0.3000000000000007,0.6,0.5967847816899036,0.6045315693604087,FAR,FAR,0.0,1,,,0.01,300
C2_n0.01_d300_r05,C2,202632,19.94,19.64,0.3000000000000007,0.6,0.6023859999883688,0.6039951770173988,FAR,FAR,0.0,1,,,0.01,300
C2_n0.01_d300_r05,C2,202632,19.96,19.66,0.3000000000000007,0.6,0.588108646517785,0.6000235443924954,FAR,FAR,0.0,1,,,0.01,300
C2_n0.01_d300_r05,C2,202632,19.98,19.68,0.3000000000000007,0.6,0.6178299103427636,0.6044751358800624,FAR,FAR,0.0,1,,,0.01,300
C2_n0.01_d300_r05,C2,202632,20.0,19.7,0.3000000000000007,0.6,0.6233951894935292,0.6092051492834292,FAR,FAR,0.0,1,,,0.01,300
