trial_id,condition,seed,time_s,sensor_time_s,sample_age_s,true_distance_m,raw_distance_m,filtered_distance_m,expected_state,state,command,valid,event_label,invalid_reason,noise_sigma_m,delay_ms
C2_n0.01_d300_r01,C2,202628,0.0,0.0,nan,0.6,,,FAR,FAR,0.0,0,INVALID,MISSING_OR_DELAY_BUFFER,0.01,300
C2_n0.01_d300_r01,C2,202628,0.02,0.02,nan,0.6,,,FAR,FAR,0.0,0,INVALID,MISSING_OR_DELAY_BUFFER,0.01,300
C2_n0.01_d300_r01,C2,202628,0.04,0.04,nan,0.6,,,FAR,FAR,0.0,0,INVALID,MISSING_OR_DELAY_BUFFER,0.01,300
C2_n0.01_d300_r01,C2,202628,0.06,0.06,nan,0.6,,,FAR,FAR,0.0,0,INVALID,MISSING_OR_DELAY_BUFFER,0.01,300
C2_n0.01_d300_r01,C2,202628,0.08,0.08,nan,0.6,,,FAR,FAR,0.0,0,INVALID,MISSING_OR_DELAY_BUFFER,0.01,300
C2_n0.01_d300_r01,C2,202628,0.1,0.1,nan,0.6,,,FAR,FAR,0.0,0,INVALID,MISSING_OR_DELAY_BUFFER,0.01,300
C2_n0.01_d300_r01,C2,202628,0.12,0.12,nan,0.6,,,FAR,FAR,0.0,0,INVALID,MISSING_OR_DELAY_BUFFER,0.01,300
C2_n0.01_d300_r01,C2,202628,0.14,0.14,nan,0.6,,,FAR,FAR,0.0,0,INVALID,MISSING_OR_DELAY_BUFFER,0.01,300
C2_n0.01_d300_r01,C2,202628,0.16,0.16,nan,0.6,,,FAR,FAR,0.0,0,INVALID,MISSING_OR_DELAY_BUFFER,0.01,300
C2_n0.01_d300_r01,C2,202628,0.18,0.18,nan,0.6,,,FAR,FAR,0.0,0,INVALID,MISSING_OR_DELAY_BUFFER,0.01,300
C2_n0.01_d300_r01,C2,202628,0.2,0.2,nan,0.6,,,FAR,FAR,0.0,0,INVALID,MISSING_OR_DELAY_BUFFER,0.01,300
C2_n0.01_d300_r01,C2,202628,0.22,0.22,nan,0.6,,,FAR,FAR,0.0,0,INVALID,MISSING_OR_DELAY_BUFFER,0.01,300
C2_n0.01_d300_r01,C2,202628,0.24,0.24,nan,0.6,,,FAR,FAR,0.0,0,INVALID,MISSING_OR_DELAY_BUFFER,0.01,300
C2_n0.01_d300_r01,C2,202628,0.26,0.26,nan,0.6,,,FAR,FAR,0.0,0,INVALID,MISSING_OR_DELAY_BUFFER,0.01,300
C2_n0.01_d300_r01,C2,202628,0.28,0.28,nan,0.6,,,FAR,FAR,0.0,0,INVALID,MISSING_OR_DELAY_BUFFER,0.01,300
C2_n0.01_d300_r01,C2,202628,0.3,0.0,0.3,0.6,0.611994242762346,0.611994242762346,FAR,FAR,0.0,1,,,0.01,300
C2_n0.01_d300_r01,C2,202628,0.32,0.02,0.3,0.6,0.596655950964931,0.6081596698129923,FAR,FAR,0.0,1,,,0.01,300
C2_n0.01_d300_r01,C2,202628,0.34,0.04,0.30000000000000004,0.6,0.6149783458170828,0.6098643388140149,FAR,FAR,0.0,1,,,0.01,300
C2_n0.01_d300_r01,C2,202628,0.36,0.06,0.3,0.6,0.6012829097536119,0.6077189815489141,FAR,FAR,0.0,1,,,0.01,300
C2_n0.01_d300_r01,C2,202628,0.38,0.08,0.3,0.6,0.5789610509412673,0.6005294988970025,FAR,FAR,0.0,1,,,0.01,300
C2_n0.01_d300_r01,C2,202628,0.4,0.1,0.30000000000000004,0.6,0.5976427484774428,0.5998078112921126,FAR,FAR,0.0,1,,,0.01,300
C2_n0.01_d300_r01,C2,202628,0.42,0.12,0.3,0.6,0.5943016552908801,0.5984312722918045,FAR,FAR,0.0,1,,,0.01,300
C2_n0.01_d300_r01,C2,202628,0.44,0.14,0.3,0.6,0.5817094693477323,0.5942508215557865,FAR,FAR,0.0,1,,,0.01,300
C2_n0.01_d300_r01,C2,202628,0.46,0.16,0.30000000000000004,0.6,0.6014107128333855,0.5960407943751862,FAR,FAR,0.0,1,,,0.01,300
C2_n0.01_d300_r01,C2,202628,0.48,0.18,0.3,0.6,0.5905484960577569,0.5946677197958289,FAR,FAR,0.0,1,,,0.01,300
C2_n0.01_d300_r01,C2,202628,0.5,0.2,0.3,0.6,0.5958240689926453,0.594956807095033,FAR,FAR,0.0,1,,,0.01,300
C2_n0.01_d300_r01,C2,202628,0.52,0.22,0.30000000000000004,0.6,0.5971313366470462,0.5955004394830363,FAR,FAR,0.0,1,,,0.01,300
C2_n0.01_d300_r01,C2,202628,0.54,0.24,0.30000000000000004,0.6,0.5915677352054267,0.594517263413634,FAR,FAR,0.0,1,,,0.01,300
C2_n0.01_d300_r01,C2,202628,0.56,0.26,0.30000000000000004,0.6,0.6117698806965534,0.5988304177343639,FAR,FAR,0.0,1,,,0.01,300
C2_n0.01_d300_r01,C2,202628,0.58,0.28,0.29999999999999993,0.6,0.606990877370403,0.6008705326433736,FAR,FAR,0.0,1,,,0.01,300
C2_n0.01_d300_r01,C2,202628,0.6,0.3,0.3,0.6,0.6113137302244875,0.6034813320386521,FAR,FAR,0.0,1,,,0.01,300
C2_n0.01_d300_r01,C2,202628,0.62,0.32,0.3,0.6,0.5961469446920745,0.6016477352020076,FAR,FAR,0.0,1,,,0.01,300
C2_n0.01_d300_r01,C2,202628,0.64,0.34,0.3,0.6,0.5985686826207433,0.6008779720566916,FAR,FAR,0.0,1,,,0.01,300
C2_n0.01_d300_r01,C2,202628,0.66,0.36,0.30000000000000004,0.6,0.5838522432631678,0.5966215398583106,FAR,FAR,0.0,1,,,0.01,300
C2_n0.01_d300_r01,C2,202628,0.68,0.38,0.30000000000000004,0.6,0.5939159349501738,0.5959451386312764,FAR,FAR,0.0,1,,,0.01,300
C2_n0.01_d300_r01,C2,202628,0.7,0.4,0.29999999999999993,0.6,0.5963704577361659,0.5960514684074988,FAR,FAR,0.0,1,,,0.01,300
C2_n0.01_d300_r01,C2,202628,0.72,0.42,0.3,0.6,0.5942227027558881,0.5955942769945961,FAR,FAR,0.0,1,,,0.01,300
C2_n0.01_d300_r01,C2,202628,0.74,0.44,0.3,0.6,0.5999401638808725,0.5966807487161652,FAR,FAR,0.0,1,,,0.01,300
C2_n0.01_d300_r01,C2,202628,0.76,0.46,0.3,0.6,0.5894447826070885,0.594871757188896,FAR,FAR,0.0,1,,,0.01,300
C2_n0.01_d300_r01,C2,202628,0.78,0.48,0.30000000000000004,0.6,0.621788558536147,0.6016009575257087,FAR,FAR,0.0,1,,,0.01,300
C2_n0.01_d300_r01,C2,202628,0.8,0.5,0.30000000000000004,0.6,0.5903758330922815,0.598794676417352,FAR,FAR,0.0,1,,,0.01,300
C2_n0.01_d300_r01,C2,202628,0.82,0.52,0.29999999999999993,0.6,0.5981244721770641,0.59862712535728,FAR,FAR,0.0,1,,,0.01,300
C2_n0.01_d300_r01,C2,202628,0.84,0.54,0.29999999999999993,0.6,0.5963952647575026,0.5980691602073356,FAR,FAR,0.0,1,,,0.01,300
C2_n0.01_d300_r01,C2,202628,0.86,0.56,0.29999999999999993,0.6,0.6053695659733332,0.599894261648835,FAR,FAR,0.0,1,,,0.01,300
C2_n0.01_d300_r01,C2,202628,0.88,0.58,0.30000000000000004,0.6,0.6003324373679454,0.6000038055786125,FAR,FAR,0.0,1,,,0.01,300
C2_n0.01_d300_r01,C2,202628,0.9,0.6,0.30000000000000004,0.6,0.5936895913330482,0.5984252520172215,FAR,FAR,0.0,1,,,0.01,300
C2_n0.01_d300_r01,C2,202628,0.92,0.62,0.30000000000000004,0.6,0.5985741997670807,0.5984624889546863,FAR,FAR,0.0,1,,,0.01,300
C2_n0.01_d300_r01,C2,202628,0.94,0.64,0.29999999999999993,0.6,0.6163766265347974,0.6029410233497141,FAR,FAR,0.0,1,,,0.01,300
C2_n0.01_d300_r01,C2,202628,0.96,0.66,0.29999999999999993,0.6,0.5863033341397405,0.5987816010472207,FAR,FAR,0.0,1,,,0.01,300
C2_n0.01_d300_r01,C2,202628,0.98,0.68,0.29999999999999993,0.6,0.574511915666069,0.5927141797019327,FAR,FAR,0.0,1,,,0.01,300
C2_n0.01_d300_r01,C2,202628,1.0,0.7,0.30000000000000004,0.6,0.606284494414622,0.596106758380105,FAR,FAR,0.0,1,,,0.01,300
C2_n0.01_d300_r01,C2,202628,1.02,0.72,0.30000000000000004,0.6,0.5914207863741188,0.5949352653786084,FAR,FAR,0.0,1,,,0.01,300
C2_n0.01_d300_r01,C2,202628,1.04,0.74,0.30000000000000004,0.6,0.5936007138438019,0.5946016274949067,FAR,FAR,0.0,1,,,0.01,300
C2_n0.01_d300_r01,C2,202628,1.06,0.76,0.30000000000000004,0.6,0.6107621044423529,0.5986417467317683,FAR,FAR,0.0,1,,,0.01,300
C2_n0.01_d300_r01,C2,202628,1.08,0.78,0.30000000000000004,0.6,0.6051052047915221,0.6002576112467067,FAR,FAR,0.0,1,,,0.01,300
C2_n0.01_d300_r01,C2,202628,1.1,0.8,0.30000000000000004,0.6,0.5902798097016537,0.5977631608604435,FAR,FAR,0.0,1,,,0.01,300
C2_n0.01_d300_r01,C2,202628,1.12,0.82,0.30000000000000016,0.6,0.6055795652806325,0.5997172619654907,FAR,FAR,0.0,1,,,0.01,300
C2_n0.01_d300_r01,C2,202628,1.14,0.84,0.29999999999999993,0.6,0.5751202707105333,0.5935680141517513,FAR,FAR,0.0,1,,,0.01,300
C2_n0.01_d300_r01,C2,202628,1.16,0.86,0.29999999999999993,0.6,0.5795147031724425,0.5900546864069242,FAR,FAR,0.0,1,,,0.01,300
C2_n0.01_d300_r01,C2,202628,1.18,0.88,0.29999999999999993,0.6,0.5911360484377743,0.5903250269146367,FAR,FAR,0.0,1,,,0.01,300
C2_n0.01_d300_r01,C2,202628,1.2,0.9,0.29999999999999993,0.6,0.6052354265747096,0.594052626829655,FAR,FAR,0.0,1,,,0.01,300
C2_n0.01_d300_r01,C2,202628,1.22,0.92,0.29999999999999993,0.6,0.5932734137014861,0.5938578235476129,FAR,FAR,0.0,1,,,0.01,300
C2_n0.01_d300_r01,C2,202628,1.24,0.94,0.30000000000000004,0.6,0.6041559553515424,0.5964323564985953,FAR,FAR,0.0,1,,,0.01,300
C2_n0.01_d300_r01,C2,202628,1.26,0.96,0.30000000000000004,0.6,0.589742596720146,0.594759916553983,FAR,FAR,0.0,1,,,0.01,300
C2_n0.01_d300_r01,C2,202628,1.28,0.98,0.30000000000000004,0.6,0.5887994375803691,0.5932697968105796,FAR,FAR,0.0,1,,,0.01,300
C2_n0.01_d300_r01,C2,202628,1.3,1.0,0.30000000000000004,0.6,0.5933729162702893,0.593295576675507,FAR,FAR,0.0,1,,,0.01,300
C2_n0.01_d300_r01,C2,202628,1.32,1.02,0.30000000000000004,0.6,0.6055693362862272,0.596364016578187,FAR,FAR,0.0,1,,,0.01,300
C2_n0.01_d300_r01,C2,202628,1.34,1.04,0.30000000000000004,0.6,0.6132159872806126,0.6005770092537934,FAR,FAR,0.0,1,,,0.01,300
C2_n0.01_d300_r01,C2,202628,1.36,1.06,0.30000000000000004,0.6,0.5961185079815187,0.5994623839357247,FAR,FAR,0.0,1,,,0.01,300
C2_n0.01_d300_r01,C2,202628,1.38,1.08,0.2999999999999998,0.6,0.6172030471300878,0.6038975497343155,FAR,FAR,0.0,1,,,0.01,300
C2_n0.01_d300_r01,C2,202628,1.4,1.1,0.2999999999999998,0.6,0.5875427333320996,0.5998088456337616,FAR,FAR,0.0,1,,,0.01,300
C2_n0.01_d300_r01,C2,202628,1.42,1.12,0.2999999999999998,0.6,0.6052720935915445,0.6011746576232073,FAR,FAR,0.0,1,,,0.01,300
C2_n0.01_d300_r01,C2,202628,1.44,1.14,0.30000000000000004,0.6,0.6007416191148325,0.6010663979961136,FAR,FAR,0.0,1,,,0.01,300
C2_n0.01_d300_r01,C2,202628,1.46,1.16,0.30000000000000004,0.6,0.5912297475673874,0.598607235388932,FAR,FAR,0.0,1,,,0.01,300
C2_n0.01_d300_r01,C2,202628,1.48,1.18,0.30000000000000004,0.6,0.5960453487146571,0.5979667637203633,FAR,FAR,0.0,1,,,0.01,300
C2_n0.01_d300_r01,C2,202628,1.5,1.2,0.30000000000000004,0.6,0.5932489633426905,0.5967873136259451,FAR,FAR,0.0,1,,,0.01,300
C2_n0.01_d300_r01,C2,202628,1.52,1.22,0.30000000000000004,0.6,0.6159416085645704,0.6015758873606014,FAR,FAR,0.0,1,,,0.01,300
C2_n0.01_d300_r01,C2,202628,1.54,1.24,0.30000000000000004,0.6,0.6109442895279359,0.603917987902435,FAR,FAR,0.0,1,,,0.01,300
C2_n0.01_d300_r01,C2,202628,1.56,1.26,0.30000000000000004,0.6,0.5984312310107516,0.6025462986795141,FAR,FAR,0.0,1,,,0.01,300
C2_n0.01_d300_r01,C2,202628,1.58,1.28,0.30000000000000004,0.6,0.5847877812001925,0.5981066693096837,FAR,FAR,0.0,1,,,0.01,300
C2_n0.01_d300_r01,C2,202628,1.6,1.3,0.30000000000000004,0.6,0.5982222271077441,0.5981355587591988,FAR,FAR,0.0,1,,,0.01,300
C2_n0.01_d300_r01,C2,202628,1.62,1.32,0.30000000000000004,0.6,0.5907915086282595,0.596299546226464,FAR,FAR,0.0,1,,,0.01,300
C2_n0.01_d300_r01,C2,202628,1.64,1.34,0.2999999999999998,0.6,0.5972715924270063,0.5965425577765996,FAR,FAR,0.0,1,,,0.01,300
C2_n0.01_d300_r01,C2,202628,1.66,1.36,0.2999999999999998,0.6,0.5931488012028867,0.5956941186331715,FAR,FAR,0.0,1,,,0.01,300
C2_n0.01_d300_r01,C2,202628,1.68,1.38,0.30000000000000004,0.6,0.5953762169571661,0.5956146432141701,FAR,FAR,0.0,1,,,0.01,300
C2_n0.01_d300_r01,C2,202628,1.7,1.4,0.30000000000000004,0.6,0.5989174903789174,0.596440355005357,FAR,FAR,0.0,1,,,0.01,300
C2_n0.01_d300_r01,C2,202628,1.72,1.42,0.30000000000000004,0.6,0.6107546694388937,0.6000189336137411,FAR,FAR,0.0,1,,,0.01,300
C2_n0.01_d300_r01,C2,202628,1.74,1.44,0.30000000000000004,0.6,0.6082571601305705,0.6020784902429485,FAR,FAR,0.0,1,,,0.01,300
C2_n0.01_d300_r01,C2,202628,1.76,1.46,0.30000000000000004,0.6,0.6014190137727713,0.6019136211254041,FAR,FAR,0.0,1,,,0.01,300
C2_n0.01_d300_r01,C2,202628,1.78,1.48,0.30000000000000004,0.6,0.5959970239471511,0.6004344718308409,FAR,FAR,0.0,1,,,0.01,300
C2_n0.01_d300_r01,C2,202628,1.8,1.5,0.30000000000000004,0.6,0.5951788909158179,0.5991205766020851,FAR,FAR,0.0,1,,,0.01,300
C2_n0.01_d300_r01,C2,202628,1.82,1.52,0.30000000000000004,0.6,0.5964635207287485,0.598456312633751,FAR,FAR,0.0,1,,,0.01,300
C2_n0.01_d300_r01,C2,202628,1.84,1.54,0.30000000000000004,0.6,0.6131356880186133,0.6021261564799666,FAR,FAR,0.0,1,,,0.01,300
C2_n0.01_d300_r01,C2,202628,1.86,1.56,0.30000000000000004,0.6,0.5911964976968488,0.5993937417841871,FAR,FAR,0.0,1,,,0.01,300
C2_n0.01_d300_r01,C2,202628,1.88,1.58,0.2999999999999998,0.6,0.6150942598728714,0.6033188713063582,FAR,FAR,0.0,1,,,0.01,300
C2_n0.01_d300_r01,C2,202628,1.9,1.6,0.2999999999999998,0.6,0.6027889112482703,0.6031863812918362,FAR,FAR,0.0,1,,,0.01,300
C2_n0.01_d300_r01,C2,202628,1.92,1.62,0.2999999999999998,0.6,0.6018879743497538,0.6028617795563156,FAR,FAR,0.0,1,,,0.01,300
C2_n0.01_d300_r01,C2,202628,1.94,1.64,0.30000000000000004,0.6,0.6118869003475343,0.6051180597541203,FAR,FAR,0.0,1,,,0.01,300
C2_n0.01_d300_r01,C2,202628,1.96,1.66,0.30000000000000004,0.6,0.6176116523125166,0.6082414578937193,FAR,FAR,0.0,1,,,0.01,300
C2_n0.01_d300_r01,C2,202628,1.98,1.68,0.30000000000000004,0.6,0.5912989619254029,0.6040058339016402,FAR,FAR,0.0,1,,,0.01,300
C2_n0.01_d300_r01,C2,202628,2.0,1.7,0.30000000000000004,0.6,0.6075606365255048,0.6048945345576064,FAR,FAR,0.0,1,,,0.01,300
C2_n0.01_d300_r01,C2,202628,2.02,1.72,0.30000000000000004,0.6,0.6125650879812804,0.606812172913525,FAR,FAR,0.0,1,,,0.01,300
C2_n0.01_d300_r01,C2,202628,2.04,1.74,0.30000000000000004,0.6,0.6164071346109559,0.6092109133378827,FAR,FAR,0.0,1,,,0.01,300
C2_n0.01_d300_r01,C2,202628,2.06,1.76,0.30000000000000004,0.6,0.595536777420978,0.6057923793586565,FAR,FAR,0.0,1,,,0.01,300
C2_n0.01_d300_r01,C2,202628,2.08,1.78,0.30000000000000004,0.6,0.5970094455586915,0.6035966459086652,FAR,FAR,0.0,1,,,0.01,300
C2_n0.01_d300_r01,C2,202628,2.1,1.8,0.30000000000000004,0.6,0.5981979154111282,0.602246963284281,FAR,FAR,0.0,1,,,0.01,300
C2_n0.01_d300_r01,C2,202628,2.12,1.82,0.30000000000000004,0.6,0.6154152284811628,0.6055390295835015,FAR,FAR,0.0,1,,,0.01,300
C2_n0.01_d300_r01,C2,202628,2.14,1.84,0.30000000000000004,0.6,0.6068169159875025,0.6058585011845017,FAR,FAR,0.0,1,,,0.01,300
C2_n0.01_d300_r01,C2,202628,2.16,1.86,0.30000000000000004,0.6,0.6107843147197655,0.6070899545683176,FAR,FAR,0.0,1,,,0.01,300
C2_n0.01_d300_r01,C2,202628,2.18,1.88,0.30000000000000027,0.6,0.5896037936467832,0.602718414337934,FAR,FAR,0.0,1,,,0.01,300
C2_n0.01_d300_r01,C2,202628,2.2,1.9,0.30000000000000027,0.6,0.6013826109441318,0.6023844634894835,FAR,FAR,0.0,1,,,0.01,300
C2_n0.01_d300_r01,C2,202628,2.22,1.92,0.30000000000000027,0.6,0.5949595771759703,0.6005282419111052,FAR,FAR,0.0,1,,,0.01,300
C2_n0.01_d300_r01,C2,202628,2.24,1.94,0.30000000000000027,0.6,0.6129895282137843,0.603643563486775,FAR,FAR,0.0,1,,,0.01,300
C2_n0.01_d300_r01,C2,202628,2.26,1.96,0.2999999999999998,0.6,0.5841175057103066,0.5987620490426578,FAR,FAR,0.0,1,,,0.01,300
C2_n0.01_d300_r01,C2,202628,2.28,1.98,0.2999999999999998,0.6,0.5990838459058888,0.5988424982584656,FAR,FAR,0.0,1,,,0.01,300
C2_n0.01_d300_r01,C2,202628,2.3,2.0,0.2999999999999998,0.6,0.5915804298993446,0.5970269811686854,FAR,FAR,0.0,1,,,0.01,300
C2_n0.01_d300_r01,C2,202628,2.32,2.02,0.2999999999999998,0.6,0.595979256153248,0.596765049914826,FAR,FAR,0.0,1,,,0.01,300
C2_n0.01_d300_r01,C2,202628,2.34,2.04,0.2999999999999998,0.6,0.616476665721281,0.6016929538664397,FAR,FAR,0.0,1,,,0.01,300
C2_n0.01_d300_r01,C2,202628,2.36,2.06,0.2999999999999998,0.6,0.6222218477668177,0.6068251773415342,FAR,FAR,0.0,1,,,0.01,300
C2_n0.01_d300_r01,C2,202628,2.38,2.08,0.2999999999999998,0.6,0.5909105079736648,0.6028465099995669,FAR,FAR,0.0,1,,,0.01,300
C2_n0.01_d300_r01,C2,202628,2.4,2.1,0.2999999999999998,0.6,0.6066549671476482,0.6037986242865871,FAR,FAR,0.0,1,,,0.01,300
C2_n0.01_d300_r01,C2,202628,2.42,2.12,0.2999999999999998,0.6,0.5933616938193351,0.6011893916697741,FAR,FAR,0.0,1,,,0.01,300
C2_n0.01_d300_r01,C2,202628,2.44,2.14,0.2999999999999998,0.6,0.5931054158524037,0.5991683977154315,FAR,FAR,0.0,1,,,0.01,300
C2_n0.01_d300_r01,C2,202628,2.46,2.16,0.2999999999999998,0.6,0.6075539617799184,0.6012647887315532,FAR,FAR,0.0,1,,,0.01,300
C2_n0.01_d300_r01,C2,202628,2.48,2.18,0.2999999999999998,0.6,0.5869868970174336,0.5976953158030233,FAR,FAR,0.0,1,,,0.01,300
C2_n0.01_d300_r01,C2,202628,2.5,2.2,0.2999999999999998,0.6,0.6022707898402189,0.5988391843123222,FAR,FAR,0.0,1,,,0.01,300
C2_n0.01_d300_r01,C2,202628,2.52,2.22,0.2999999999999998,0.6,0.6038450800714674,0.6000906582521085,FAR,FAR,0.0,1,,,0.01,300
C2_n0.01_d300_r01,C2,202628,2.54,2.24,0.2999999999999998,0.6,0.6079710881439514,0.6020607657250692,FAR,FAR,0.0,1,,,0.01,300
C2_n0.01_d300_r01,C2,202628,2.56,2.26,0.30000000000000027,0.6,0.6050363795506593,0.6028046691814667,FAR,FAR,0.0,1,,,0.01,300
C2_n0.01_d300_r01,C2,202628,2.58,2.28,0.30000000000000027,0.6,0.5941570221360746,0.6006427574201187,FAR,FAR,0.0,1,,,0.01,300
C2_n0.01_d300_r01,C2,202628,2.6,2.3,0.30000000000000027,0.6,0.6122457888682921,0.6035435152821621,FAR,FAR,0.0,1,,,0.01,300
C2_n0.01_d300_r01,C2,202628,2.62,2.32,0.30000000000000027,0.6,0.592237002078777,0.6007168869813159,FAR,FAR,0.0,1,,,0.01,300
C2_n0.01_d300_r01,C2,202628,2.64,2.34,0.30000000000000027,0.6,0.612031645766177,0.6035455766775312,FAR,FAR,0.0,1,,,0.01,300
C2_n0.01_d300_r01,C2,202628,2.66,2.36,0.30000000000000027,0.6,0.5966801559866657,0.6018292215048149,FAR,FAR,0.0,1,,,0.01,300
C2_n0.01_d300_r01,C2,202628,2.68,2.38,0.30000000000000027,0.6,0.5872486580622566,0.5981840806441753,FAR,FAR,0.0,1,,,0.01,300
C2_n0.01_d300_r01,C2,202628,2.7,2.4,0.30000000000000027,0.6,0.6019024370380331,0.5991136697426398,FAR,FAR,0.0,1,,,0.01,300
C2_n0.01_d300_r01,C2,202628,2.72,2.42,0.30000000000000027,0.6,0.5845081891025101,0.5954622995826073,FAR,FAR,0.0,1,,,0.01,300
C2_n0.01_d300_r01,C2,202628,2.74,2.44,0.30000000000000027,0.6,0.6065494075601658,0.5982340765769969,FAR,FAR,0.0,1,,,0.01,300
C2_n0.01_d300_r01,C2,202628,2.76,2.46,0.2999999999999998,0.6,0.6062254178972479,0.6002319119070596,FAR,FAR,0.0,1,,,0.01,300
C2_n0.01_d300_r01,C2,202628,2.78,2.48,0.2999999999999998,0.6,0.5825697764281215,0.5958163780373251,FAR,FAR,0.0,1,,,0.01,300
C2_n0.01_d300_r01,C2,202628,2.8,2.5,0.2999999999999998,0.6,0.5808429776187435,0.5920730279326797,FAR,FAR,0.0,1,,,0.01,300
C2_n0.01_d300_r01,C2,202628,2.82,2.52,0.2999999999999998,0.6,0.5917323830072148,0.5919878667013134,FAR,FAR,0.0,1,,,0.01,300
C2_n0.01_d300_r01,C2,202628,2.84,2.54,0.2999999999999998,0.6,0.5889920882709375,0.5912389220937194,FAR,FAR,0.0,1,,,0.01,300
C2_n0.01_d300_r01,C2,202628,2.86,2.56,0.2999999999999998,0.6,0.6103430198254839,0.5960149465266605,FAR,FAR,0.0,1,,,0.01,300
C2_n0.01_d300_r01,C2,202628,2.88,2.58,0.2999999999999998,0.6,0.5962585386117465,0.596075844547932,FAR,FAR,0.0,1,,,0.01,300
C2_n0.01_d300_r01,C2,202628,2.9,2.6,0.2999999999999998,0.6,0.6080089567671794,0.599059122602744,FAR,FAR,0.0,1,,,0.01,300
C2_n0.01_d300_r01,C2,202628,2.92,2.62,0.2999999999999998,0.6,0.5869403782735255,0.5960294365204394,FAR,FAR,0.0,1,,,0.01,300
C2_n0.01_d300_r01,C2,202628,2.94,2.64,0.2999999999999998,0.6,0.6117538414453889,0.5999605377516768,FAR,FAR,0.0,1,,,0.01,300
C2_n0.01_d300_r01,C2,202628,2.96,2.66,0.2999999999999998,0.6,0.6098918030395678,0.6024433540736496,FAR,FAR,0.0,1,,,0.01,300
C2_n0.01_d300_r01,C2,202628,2.98,2.68,0.2999999999999998,0.6,0.6163451770671459,0.6059188098220236,FAR,FAR,0.0,1,,,0.01,300
C2_n0.01_d300_r01,C2,202628,3.0,2.7,0.2999999999999998,0.6,0.6082487407128601,0.6065012925447327,FAR,FAR,0.0,1,,,0.01,300
C2_n0.01_d300_r01,C2,202628,3.02,2.72,0.2999999999999998,0.6,0.6103182977569278,0.6074555438477816,FAR,FAR,0.0,1,,,0.01,300
C2_n0.01_d300_r01,C2,202628,3.04,2.74,0.2999999999999998,0.6,0.6035232229066182,0.6064724636124907,FAR,FAR,0.0,1,,,0.01,300
C2_n0.01_d300_r01,C2,202628,3.06,2.76,0.30000000000000027,0.6,0.6025004339977105,0.6054794562087957,FAR,FAR,0.0,1,,,0.01,300
C2_n0.01_d300_r01,C2,202628,3.08,2.78,0.30000000000000027,0.6,0.5983185050370206,0.603689218415852,FAR,FAR,0.0,1,,,0.01,300
C2_n0.01_d300_r01,C2,202628,3.1,2.8,0.30000000000000027,0.6,0.5910187561023066,0.6005216028374656,FAR,FAR,0.0,1,,,0.01,300
C2_n0.01_d300_r01,C2,202628,3.12,2.82,0.30000000000000027,0.6,0.5791291099047909,0.5951734796042969,FAR,FAR,0.0,1,,,0.01,300
C2_n0.01_d300_r01,C2,202628,3.14,2.84,0.30000000000000027,0.6,0.6125575473207371,0.599519496533407,FAR,FAR,0.0,1,,,0.01,300
C2_n0.01_d300_r01,C2,202628,3.16,2.86,0.30000000000000027,0.6,0.6101515664979363,0.6021775140245393,FAR,FAR,0.0,1,,,0.01,300
C2_n0.01_d300_r01,C2,202628,3.18,2.88,0.30000000000000027,0.6,0.5867661838989151,0.5983246814931333,FAR,FAR,0.0,1,,,0.01,300
C2_n0.01_d300_r01,C2,202628,3.2,2.9,0.30000000000000027,0.6,0.5871573504567638,0.595532848734041,FAR,FAR,0.0,1,,,0.01,300
C2_n0.01_d300_r01,C2,202628,3.22,2.92,0.30000000000000027,0.6,0.5958872036188533,0.5956214374552441,FAR,FAR,0.0,1,,,0.01,300
C2_n0.01_d300_r01,C2,202628,3.24,2.94,0.30000000000000027,0.6,0.5914242226287678,0.594572133748625,FAR,FAR,0.0,1,,,0.01,300
C2_n0.01_d300_r01,C2,202628,3.26,2.96,0.2999999999999998,0.6,0.6059404025032237,0.5974142009372747,FAR,FAR,0.0,1,,,0.01,300
C2_n0.01_d300_r01,C2,202628,3.28,2.98,0.2999999999999998,0.6,0.5670853787006317,0.5898319953781139,FAR,FAR,0.0,1,,,0.01,300
C2_n0.01_d300_r01,C2,202628,3.3,3.0,0.2999999999999998,0.6,0.5922173503275157,0.5904283341154644,FAR,FAR,0.0,1,,,0.01,300
C2_n0.01_d300_r01,C2,202628,3.32,3.02,0.2999999999999998,0.6,0.5959029054627748,0.5917969769522919,FAR,FAR,0.0,1,,,0.01,300
C2_n0.01_d300_r01,C2,202628,3.34,3.04,0.2999999999999998,0.6,0.5904017197108753,0.5914481626419378,FAR,FAR,0.0,1,,,0.01,300
C2_n0.01_d300_r01,C2,202628,3.36,3.06,0.2999999999999998,0.6,0.573210119660968,0.5868886518966954,FAR,FAR,0.0,1,,,0.01,300
C2_n0.01_d300_r01,C2,202628,3.38,3.08,0.2999999999999998,0.6,0.5894555078524429,0.5875303658856322,FAR,FAR,0.0,1,,,0.01,300
C2_n0.01_d300_r01,C2,202628,3.4,3.1,0.2999999999999998,0.6,0.6190163087496477,0.5954018516016362,FAR,FAR,0.0,1,,,0.01,300
C2_n0.01_d300_r01,C2,202628,3.42,3.12,0.2999999999999998,0.6,0.5959289174827909,0.5955336180719248,FAR,FAR,0.0,1,,,0.01,300
C2_n0.01_d300_r01,C2,202628,3.44,3.14,0.2999999999999998,0.6,0.6011032001629829,0.5969260135946893,FAR,FAR,0.0,1,,,0.01,300
C2_n0.01_d300_r01,C2,202628,3.46,3.16,0.2999999999999998,0.6,0.6178644529074642,0.6021606234228831,FAR,FAR,0.0,1,,,0.01,300
C2_n0.01_d300_r01,C2,202628,3.48,3.18,0.2999999999999998,0.6,0.6061482424770592,0.6031575281864272,FAR,FAR,0.0,1,,,0.01,300
C2_n0.01_d300_r01,C2,202628,3.5,3.2,0.2999999999999998,0.6,0.58770350966188,0.5992940235552904,FAR,FAR,0.0,1,,,0.01,300
C2_n0.01_d300_r01,C2,202628,3.52,3.22,0.2999999999999998,0.6,0.5990843695248174,0.5992416100476721,FAR,FAR,0.0,1,,,0.01,300
C2_n0.01_d300_r01,C2,202628,3.54,3.24,0.2999999999999998,0.6,0.6059011451282919,0.600906493817827,FAR,FAR,0.0,1,,,0.01,300
C2_n0.01_d300_r01,C2,202628,3.56,3.26,0.30000000000000027,0.6,0.6160139894536316,0.6046833677267782,FAR,FAR,0.0,1,,,0.01,300
C2_n0.01_d300_r01,C2,202628,3.58,3.28,0.30000000000000027,0.6,0.6034430171827914,0.6043732800907815,FAR,FAR,0.0,1,,,0.01,300
C2_n0.01_d300_r01,C2,202628,3.6,3.3,0.30000000000000027,0.6,0.5954347683340648,0.6021386521516023,FAR,FAR,0.0,1,,,0.01,300
C2_n0.01_d300_r01,C2,202628,3.62,3.32,0.30000000000000027,0.6,0.6008802047314646,0.6018240402965679,FAR,FAR,0.0,1,,,0.01,300
C2_n0.01_d300_r01,C2,202628,3.64,3.34,0.30000000000000027,0.6,0.5890019403288279,0.5986185153046328,FAR,FAR,0.0,1,,,0.01,300
C2_n0.01_d300_r01,C2,202628,3.66,3.36,0.30000000000000027,0.6,0.5838825788137637,0.5949345311819155,FAR,FAR,0.0,1,,,0.01,300
C2_n0.01_d300_r01,C2,202628,3.68,3.38,0.30000000000000027,0.6,0.6032810975217682,0.5970211727668786,FAR,FAR,0.0,1,,,0.01,300
C2_n0.01_d300_r01,C2,202628,3.7,3.4,0.30000000000000027,0.6,0.576724552508384,0.591947017702255,FAR,FAR,0.0,1,,,0.01,300
C2_n0.01_d300_r01,C2,202628,3.72,3.42,0.30000000000000027,0.6,0.6053383487951914,0.5952948504754891,FAR,FAR,0.0,1,,,0.01,300
C2_n0.01_d300_r01,C2,202628,3.74,3.44,0.30000000000000027,0.6,0.6145685120142199,0.6001132658601718,FAR,FAR,0.0,1,,,0.01,300
C2_n0.01_d300_r01,C2,202628,3.76,3.46,0.2999999999999998,0.6,0.5939648116906734,0.5985761523177971,FAR,FAR,0.0,1,,,0.01,300
C2_n0.01_d300_r01,C2,202628,3.78,3.48,0.2999999999999998,0.6,0.6037206054036997,0.5998622655892728,FAR,FAR,0.0,1,,,0.01,300
C2_n0.01_d300_r01,C2,202628,3.8,3.5,0.2999999999999998,0.6,0.6213516405628701,0.6052346093326721,FAR,FAR,0.0,1,,,0.01,300
C2_n0.01_d300_r01,C2,202628,3.82,3.52,0.2999999999999998,0.6,0.5967984267941253,0.6031255636980355,FAR,FAR,0.0,1,,,0.01,300
C2_n0.01_d300_r01,C2,202628,3.84,3.54,0.2999999999999998,0.6,0.5940517804383331,0.6008571178831099,FAR,FAR,0.0,1,,,0.01,300
C2_n0.01_d300_r01,C2,202628,3.86,3.56,0.2999999999999998,0.6,0.605972943607563,0.6021360743142232,FAR,FAR,0.0,1,,,0.01,300
C2_n0.01_d300_r01,C2,202628,3.88,3.58,0.2999999999999998,0.6,0.5917793481260132,0.5995468927671708,FAR,FAR,0.0,1,,,0.01,300
C2_n0.01_d300_r01,C2,202628,3.9,3.6,0.2999999999999998,0.6,0.602912838798768,0.60038837927507,FAR,FAR,0.0,1,,,0.01,300
C2_n0.01_d300_r01,C2,202628,3.92,3.62,0.2999999999999998,0.6,0.59854836790949,0.599928376433675,FAR,FAR,0.0,1,,,0.01,300
C2_n0.01_d300_r01,C2,202628,3.94,3.64,0.2999999999999998,0.6,0.571900067860821,0.5929212992904616,FAR,FAR,0.0,1,,,0.01,300
C2_n0.01_d300_r01,C2,202628,3.96,3.66,0.2999999999999998,0.6,0.6013857921517111,0.595037422505774,FAR,FAR,0.0,1,,,0.01,300
C2_n0.01_d300_r01,C2,202628,3.98,3.68,0.2999999999999998,0.6,0.6193223763397574,0.6011086609642698,FAR,FAR,0.0,1,,,0.01,300
C2_n0.01_d300_r01,C2,202628,4.0,3.7,0.2999999999999998,0.6,0.6058699814055558,0.6022989910745913,FAR,FAR,0.0,1,,,0.01,300
C2_n0.01_d300_r01,C2,202628,4.02,3.72,0.2999999999999994,0.5982500000000001,0.6016292295130632,0.6021315506842093,FAR,FAR,0.0,1,,,0.01,300
C2_n0.01_d300_r01,C2,202628,4.04,3.74,0.2999999999999998,0.5965,0.5939811371830045,0.6000939473089081,FAR,FAR,0.0,1,,,0.01,300
C2_n0.01_d300_r01,C2,202628,4.06,3.76,0.2999999999999998,0.59475,0.6095990000704868,0.6024702104993028,FAR,FAR,0.0,1,,,0.01,300
C2_n0.01_d300_r01,C2,202628,4.08,3.78,0.30000000000000027,0.593,0.5898596485963484,0.5993175700235642,FAR,FAR,0.0,1,,,0.01,300
C2_n0.01_d300_r01,C2,202628,4.1,3.8,0.2999999999999998,0.59125,0.5992278058341671,0.599295128976215,FAR,FAR,0.0,1,,,0.01,300
C2_n0.01_d300_r01,C2,202628,4.12,3.82,0.30000000000000027,0.5894999999999999,0.6075440951362489,0.6013573705162234,FAR,FAR,0.0,1,,,0.01,300
C2_n0.01_d300_r01,C2,202628,4.14,3.84,0.2999999999999998,0.58775,0.6083493154780947,0.6031053567566912,FAR,FAR,0.0,1,,,0.01,300
C2_n0.01_d300_r01,C2,202628,4.16,3.86,0.30000000000000027,0.586,0.5925457668165144,0.600465459271647,FAR,FAR,0.0,1,,,0.01,300
C2_n0.01_d300_r01,C2,202628,4.18,3.88,0.2999999999999998,0.58425,0.5921869879761239,0.5983958414477661,FAR,FAR,0.0,1,,,0.01,300
C2_n0.01_d300_r01,C2,202628,4.2,3.9,0.30000000000000027,0.5825,0.5802418294176227,0.5938573384402303,FAR,FAR,0.0,1,,,0.01,300
C2_n0.01_d300_r01,C2,202628,4.22,3.92,0.2999999999999998,0.58075,0.5998074843814765,0.5953448749255418,FAR,FAR,0.0,1,,,0.01,300
C2_n0.01_d300_r01,C2,202628,4.24,3.94,0.30000000000000027,0.579,0.5910062741253632,0.5942602247254971,FAR,FAR,0.0,1,,,0.01,300
C2_n0.01_d300_r01,C2,202628,4.26,3.96,0.2999999999999998,0.57725,0.6143953543567059,0.5992940071332993,FAR,FAR,0.0,1,,,0.01,300
C2_n0.01_d300_r01,C2,202628,4.28,3.98,0.30000000000000027,0.5754999999999999,0.5957330010861716,0.5984037556215174,FAR,FAR,0.0,1,,,0.01,300
C2_n0.01_d300_r01,C2,202628,4.3,4.0,0.2999999999999998,0.57375,0.5947027417067662,0.5974785021428296,FAR,FAR,0.0,1,,,0.01,300
C2_n0.01_d300_r01,C2,202628,4.32,4.02,0.3000000000000007,0.572,0.5929179740518213,0.5963383701200775,FAR,FAR,0.0,1,,,0.01,300
C2_n0.01_d300_r01,C2,202628,4.34,4.04,0.2999999999999998,0.57025,0.607298731766784,0.5990784605317541,FAR,FAR,0.0,1,,,0.01,300
C2_n0.01_d300_r01,C2,202628,4.36,4.06,0.3000000000000007,0.5685,0.58843612493716,0.5964178766331055,FAR,FAR,0.0,1,,,0.01,300
C2_n0.01_d300_r01,C2,202628,4.38,4.08,0.2999999999999998,0.56675,0.6085215304015757,0.5994437900752231,FAR,FAR,0.0,1,,,0.01,300
C2_n0.01_d300_r01,C2,202628,4.4,4.1,0.3000000000000007,0.565,0.6028040006857571,0.6002838427278566,FAR,FAR,0.0,1,,,0.01,300
C2_n0.01_d300_r01,C2,202628,4.42,4.12,0.2999999999999998,0.56325,0.5753535379539922,0.5940512665343906,FAR,FAR,0.0,1,,,0.01,300
C2_n0.01_d300_r01,C2,202628,4.44,4.14,0.3000000000000007,0.5614999999999999,0.6014149998810945,0.5958921998710666,FAR,FAR,0.0,1,,,0.01,300
C2_n0.01_d300_r01,C2,202628,4.46,4.16,0.2999999999999998,0.55975,0.5829210741379824,0.5926494184377955,FAR,FAR,0.0,1,,,0.01,300
C2_n0.01_d300_r01,C2,202628,4.48,4.18,0.3000000000000007,0.5579999999999999,0.5781620487201452,0.589027576008383,FAR,FAR,0.0,1,,,0.01,300
C2_n0.01_d300_r01,C2,202628,4.5,4.2,0.2999999999999998,0.55625,0.5665807042065902,0.5834158580579347,FAR,FAR,0.0,1,,,0.01,300
C2_n0.01_d300_r01,C2,202628,4.52,4.22,0.2999999999999998,0.5545,0.5695774360669492,0.5799562525601883,FAR,FAR,0.0,1,,,0.01,300
C2_n0.01_d300_r01,C2,202628,4.54,4.24,0.2999999999999998,0.55275,0.5771436779934587,0.5792531089185059,FAR,FAR,0.0,1,,,0.01,300
C2_n0.01_d300_r01,C2,202628,4.56,4.26,0.2999999999999998,0.551,0.5863633415396312,0.5810306670737873,FAR,FAR,0.0,1,,,0.01,300
C2_n0.01_d300_r01,C2,202628,4.58,4.28,0.2999999999999998,0.54925,0.575558235896322,0.5796625592794209,FAR,FAR,0.0,1,,,0.01,300
C2_n0.01_d300_r01,C2,202628,4.6,4.3,0.2999999999999998,0.5475,0.5664254403490379,0.5763532795468251,FAR,FAR,0.0,1,,,0.01,300
C2_n0.01_d300_r01,C2,202628,4.62,4.32,0.2999999999999998,0.54575,0.5594274037540324,0.572121810598627,FAR,FAR,0.0,1,,,0.01,300
C2_n0.01_d300_r01,C2,202628,4.64,4.34,0.2999999999999998,0.544,0.5652822168494006,0.5704119121613204,FAR,FAR,0.0,1,,,0.01,300
C2_n0.01_d300_r01,C2,202628,4.66,4.36,0.2999999999999998,0.54225,0.5703548297226253,0.5703976415516466,FAR,FAR,0.0,1,,,0.01,300
C2_n0.01_d300_r01,C2,202628,4.68,4.38,0.2999999999999998,0.5405,0.5600880911615906,0.5678202539541326,FAR,FAR,0.0,1,,,0.01,300
C2_n0.01_d300_r01,C2,202628,4.7,4.4,0.2999999999999998,0.53875,0.573187033608981,0.5691619488678448,FAR,FAR,0.0,1,,,0.01,300
C2_n0.01_d300_r01,C2,202628,4.72,4.42,0.2999999999999998,0.537,0.5630497006388855,0.567633886810605,FAR,FAR,0.0,1,,,0.01,300
C2_n0.01_d300_r01,C2,202628,4.74,4.44,0.2999999999999998,0.53525,0.5482717214741594,0.5627933454764936,FAR,FAR,0.0,1,,,0.01,300
C2_n0.01_d300_r01,C2,202628,4.76,4.46,0.2999999999999998,0.5335,0.5565580347554722,0.5612345177962382,FAR,FAR,0.0,1,,,0.01,300
C2_n0.01_d300_r01,C2,202628,4.78,4.48,0.2999999999999998,0.53175,0.5655448510295655,0.5623121011045701,FAR,FAR,0.0,1,,,0.01,300
C2_n0.01_d300_r01,C2,202628,4.8,4.5,0.2999999999999998,0.53,0.5697178292357398,0.5641635331373626,FAR,FAR,0.0,1,,,0.01,300
C2_n0.01_d300_r01,C2,202628,4.82,4.52,0.3000000000000007,0.52825,0.5486030853053355,0.5602734211793559,FAR,FAR,0.0,1,,,0.01,300
C2_n0.01_d300_r01,C2,202628,4.84,4.54,0.2999999999999998,0.5265,0.5447889345945894,0.5564022995331642,FAR,FAR,0.0,1,,,0.01,300
C2_n0.01_d300_r01,C2,202628,4.86,4.56,0.3000000000000007,0.5247499999999999,0.5732901686366133,0.5606242668090264,FAR,FAR,0.0,1,,,0.01,300
C2_n0.01_d300_r01,C2,202628,4.88,4.58,0.2999999999999998,0.523,0.5308137519744159,0.5531716381003738,FAR,FAR,0.0,1,,,0.01,300
C2_n0.01_d300_r01,C2,202628,4.9,4.6,0.3000000000000007,0.52125,0.5437809874550321,0.5508239754390385,FAR,FAR,0.0,1,,,0.01,300
C2_n0.01_d300_r01,C2,202628,4.92,4.62,0.2999999999999998,0.5195,0.5531593764785913,0.5514078256989267,FAR,FAR,0.0,1,,,0.01,300
C2_n0.01_d300_r01,C2,202628,4.94,4.64,0.3000000000000007,0.5177499999999999,0.5382477526844984,0.5481178074453196,FAR,FAR,0.0,1,,,0.01,300
C2_n0.01_d300_r01,C2,202628,4.96,4.66,0.2999999999999998,0.516,0.5467280412803948,0.5477703659040885,FAR,FAR,0.0,1,,,0.01,300
C2_n0.01_d300_r01,C2,202628,4.98,4.68,0.3000000000000007,0.51425,0.5465925675708487,0.5474759163207785,FAR,FAR,0.0,1,,,0.01,300
C2_n0.01_d300_r01,C2,202628,5.0,4.7,0.2999999999999998,0.5125,0.5305602310474878,0.5432469950024559,FAR,FAR,0.0,1,,,0.01,300
C2_n0.01_d300_r01,C2,202628,5.02,4.72,0.2999999999999998,0.51075,0.545684683405831,0.5438564171032997,FAR,FAR,0.0,1,,,0.01,300
C2_n0.01_d300_r01,C2,202628,5.04,4.74,0.2999999999999998,0.509,0.540120248967369,0.542922375069317,FAR,FAR,0.0,1,,,0.01,300
C2_n0.01_d300_r01,C2,202628,5.06,4.76,0.2999999999999998,0.50725,0.5413112657955476,0.5425195977508747,FAR,FAR,0.0,1,,,0.01,300
C2_n0.01_d300_r01,C2,202628,5.08,4.78,0.2999999999999998,0.5055,0.5134972691553557,0.535264015601995,FAR,FAR,0.0,1,,,0.01,300
C2_n0.01_d300_r01,C2,202628,5.1,4.8,0.2999999999999998,0.50375,0.5273429852725593,0.5332837580196361,FAR,FAR,0.0,1,,,0.01,300
C2_n0.01_d300_r01,C2,202628,5.12,4.82,0.2999999999999998,0.502,0.5260637154942417,0.5314787473882875,FAR,FAR,0.0,1,,,0.01,300
C2_n0.01_d300_r01,C2,202628,5.14,4.84,0.2999999999999998,0.50025,0.5071737528679273,0.5254024987581974,FAR,FAR,0.0,1,,,0.01,300
C2_n0.01_d300_r01,C2,202628,5.16,4.86,0.2999999999999998,0.49849999999999994,0.5377602768441229,0.5284919432796787,FAR,FAR,0.0,1,,,0.01,300
C2_n0.01_d300_r01,C2,202628,5.18,4.88,0.2999999999999998,0.49675,0.511549006090942,0.5242562089824946,FAR,FAR,0.0,1,,,0.01,300
C2_n0.01_d300_r01,C2,202628,5.2,4.9,0.2999999999999998,0.495,0.5244784767776756,0.5243117759312899,FAR,FAR,0.0,1,,,0.01,300
C2_n0.01_d300_r01,C2,202628,5.22,4.92,0.2999999999999998,0.49325,0.507461721992941,0.5200992624467027,FAR,FAR,0.0,1,,,0.01,300
C2_n0.01_d300_r01,C2,202628,5.24,4.94,0.2999999999999998,0.49149999999999994,0.5237008785648427,0.5209996664762377,FAR,FAR,0.0,1,,,0.01,300
C2_n0.01_d300_r01,C2,202628,5.26,4.96,0.2999999999999998,0.48975,0.5199324582975628,0.520732864431569,FAR,FAR,0.0,1,,,0.01,300
C2_n0.01_d300_r01,C2,202628,5.28,4.98,0.2999999999999998,0.488,0.5190110986635891,0.520302422989574,FAR,FAR,0.0,1,,,0.01,300
C2_n0.01_d300_r01,C2,202628,5.3,5.0,0.2999999999999998,0.48625,0.5140965612745197,0.5187509575608104,FAR,FAR,0.0,1,,,0.01,300
C2_n0.01_d300_r01,C2,202628,5.32,5.02,0.3000000000000007,0.48449999999999993,0.5154300888899035,0.5179207403930837,FAR,FAR,0.0,1,,,0.01,300
C2_n0.01_d300_r01,C2,202628,5.34,5.04,0.2999999999999998,0.48275,0.515372509942974,0.5172836827805563,FAR,FAR,0.0,1,,,0.01,300
C2_n0.01_d300_r01,C2,202628,5.36,5.06,0.3000000000000007,0.481,0.5273247857423965,0.5197939585210163,FAR,FAR,0.0,1,,,0.01,300
C2_n0.01_d300_r01,C2,202628,5.38,5.08,0.2999999999999998,0.47925,0.5019551828318539,0.5153342645987257,FAR,FAR,0.0,1,,,0.01,300
C2_n0.01_d300_r01,C2,202628,5.4,5.1,0.3000000000000007,0.4774999999999999,0.5161913861473448,0.5155485449858804,FAR,FAR,0.0,1,,,0.01,300
C2_n0.01_d300_r01,C2,202628,5.42,5.12,0.2999999999999998,0.47575,0.4891104110604985,0.508939011504535,FAR,FAR,0.0,1,,,0.01,300
C2_n0.01_d300_r01,C2,202628,5.44,5.14,0.3000000000000007,0.474,0.5109029809860134,0.5094300038749047,FAR,FAR,0.0,1,,,0.01,300
C2_n0.01_d300_r01,C2,202628,5.46,5.16,0.2999999999999998,0.47224999999999995,0.4880909489901419,0.504095240153714,FAR,FAR,0.0,1,,,0.01,300
C2_n0.01_d300_r01,C2,202628,5.48,5.18,0.3000000000000007,0.4704999999999999,0.5093176947699092,0.5054008538077628,FAR,FAR,0.0,1,,,0.01,300
C2_n0.01_d300_r01,C2,202628,5.5,5.2,0.2999999999999998,0.46875,0.4922105396211153,0.5021032752611009,FAR,FAR,0.0,1,,,0.01,300
C2_n0.01_d300_r01,C2,202628,5.52,5.22,0.2999999999999998,0.467,0.4752548553201452,0.49539117027586194,FAR,FAR,0.0,1,,,0.01,300
C2_n0.01_d300_r01,C2,202628,5.54,5.24,0.2999999999999998,0.46525,0.49685175104239204,0.49575631546749444,FAR,FAR,0.0,1,,,0.01,300
C2_n0.01_d300_r01,C2,202628,5.56,5.26,0.2999999999999998,0.4635,0.5000680293615682,0.4968342439410129,FAR,FAR,0.0,1,,,0.01,300
C2_n0.01_d300_r01,C2,202628,5.58,5.28,0.2999999999999998,0.46175,0.48837659212632145,0.49471983098734,FAR,FAR,0.0,1,,,0.01,300
C2_n0.01_d300_r01,C2,202628,5.6,5.3,0.2999999999999998,0.46,0.45976830009328784,0.485981948263827,FAR,FAR,0.0,1,,,0.01,300
C2_n0.01_d300_r01,C2,202628,5.62,5.32,0.2999999999999998,0.45825,0.48992777587578146,0.4869684051668156,FAR,FAR,0.0,1,,,0.01,300
C2_n0.01_d300_r01,C2,202628,5.64,5.34,0.2999999999999998,0.4565,0.4790912079809226,0.48499910587034234,FAR,FAR,0.0,1,,,0.01,300
C2_n0.01_d300_r01,C2,202628,5.66,5.36,0.2999999999999998,0.45475,0.467245536378056,0.4805607134972707,FAR,FAR,0.0,1,,,0.01,300
C2_n0.01_d300_r01,C2,202628,5.68,5.38,0.2999999999999998,0.453,0.48111371158862426,0.48069896302010906,FAR,FAR,0.0,1,,,0.01,300
C2_n0.01_d300_r01,C2,202628,5.7,5.4,0.2999999999999998,0.45125,0.49029287542991906,0.4830974411225616,FAR,FAR,0.0,1,,,0.01,300
C2_n0.01_d300_r01,C2,202628,5.72,5.42,0.2999999999999998,0.4495,0.4764240019720246,0.48142908133492734,FAR,FAR,0.0,1,,,0.01,300
C2_n0.01_d300_r01,C2,202628,5.74,5.44,0.2999999999999998,0.44775,0.4821293602900146,0.48160415107369914,FAR,FAR,0.0,1,,,0.01,300
C2_n0.01_d300_r01,C2,202628,5.76,5.46,0.2999999999999998,0.446,0.46312252553831934,0.47698374468985416,FAR,FAR,0.0,1,,,0.01,300
C2_n0.01_d300_r01,C2,202628,5.78,5.48,0.2999999999999998,0.44425,0.4581429500717549,0.47227354603532934,FAR,FAR,0.0,1,,,0.01,300
C2_n0.01_d300_r01,C2,202628,5.8,5.5,0.2999999999999998,0.4425,0.4891743969669751,0.47649875876824077,FAR,FAR,0.0,1,,,0.01,300
C2_n0.01_d300_r01,C2,202628,5.82,5.52,0.3000000000000007,0.44075,0.4856173114415586,0.4787783969365702,FAR,FAR,0.0,1,,,0.01,300
C2_n0.01_d300_r01,C2,202628,5.84,5.54,0.2999999999999998,0.439,0.46936240833654264,0.4764243997865633,FAR,FAR,0.0,1,,,0.01,300
C2_n0.01_d300_r01,C2,202628,5.86,5.56,0.3000000000000007,0.43724999999999997,0.461564178539823,0.4727093444748782,FAR,FAR,0.0,1,,,0.01,300
C2_n0.01_d300_r01,C2,202628,5.88,5.58,0.2999999999999998,0.4355,0.44767620752327947,0.4664510602369785,FAR,FAR,0.0,1,,,0.01,300
C2_n0.01_d300_r01,C2,202628,5.9,5.6,0.3000000000000007,0.43374999999999997,0.4553322737171241,0.46367136360701494,FAR,FAR,0.0,1,,,0.01,300
C2_n0.01_d300_r01,C2,202628,5.92,5.62,0.2999999999999998,0.432,0.4623284512062984,0.4633356355068358,FAR,FAR,0.0,1,,,0.01,300
C2_n0.01_d300_r01,C2,202628,5.94,5.64,0.3000000000000007,0.43024999999999997,0.455509420449401,0.4613790817424771,FAR,FAR,0.0,1,,,0.01,300
C2_n0.01_d300_r01,C2,202628,5.96,5.66,0.2999999999999998,0.4285,0.46203819899718984,0.46154386105615525,FAR,FAR,0.0,1,,,0.01,300
C2_n0.01_d300_r01,C2,202628,5.98,5.68,0.3000000000000007,0.42674999999999996,0.45675251817194573,0.4603460253351028,FAR,FAR,0.0,1,,,0.01,300
C2_n0.01_d300_r01,C2,202628,6.0,5.7,0.2999999999999998,0.425,0.45290127733038155,0.4584848383339225,FAR,FAR,0.0,1,,,0.01,300
C2_n0.01_d300_r01,C2,202628,6.02,5.72,0.2999999999999998,0.42325,0.44308320136778706,0.4546344290923886,FAR,FAR,0.0,1,,,0.01,300
C2_n0.01_d300_r01,C2,202628,6.04,5.74,0.2999999999999998,0.4215,0.45376728704116676,0.45441764357958314,FAR,FAR,0.0,1,,,0.01,300
C2_n0.01_d300_r01,C2,202628,6.06,5.76,0.2999999999999998,0.41975,0.4505351515843613,0.4534470205807777,FAR,FAR,0.0,1,,,0.01,300
C2_n0.01_d300_r01,C2,202628,6.08,5.78,0.2999999999999998,0.418,0.4536581270589561,0.4534997972003223,FAR,FAR,0.0,1,,,0.01,300
C2_n0.01_d300_r01,C2,202628,6.1,5.8,0.2999999999999998,0.41625,0.450970739859281,0.452867532865062,FAR,FAR,0.0,1,,,0.01,300
C2_n0.01_d300_r01,C2,202628,6.12,5.82,0.2999999999999998,0.4145,0.45067101012050387,0.45231840217892244,FAR,FAR,0.0,1,,,0.01,300
C2_n0.01_d300_r01,C2,202628,6.14,5.84,0.2999999999999998,0.41275,0.4436482200799918,0.4501508566541898,FAR,FAR,0.0,1,,,0.01,300
C2_n0.01_d300_r01,C2,202628,6.16,5.86,0.2999999999999998,0.411,0.41914886008630126,0.4424003575122176,FAR,FAR,0.0,1,,,0.01,300
C2_n0.01_d300_r01,C2,202628,6.18,5.88,0.2999999999999998,0.40925,0.4287131322699117,0.4389785512016411,FAR,FAR,0.0,1,,,0.01,300
C2_n0.01_d300_r01,C2,202628,6.2,5.9,0.2999999999999998,0.4075,0.43728088435316775,0.43855413448952274,FAR,FAR,0.0,1,,,0.01,300
C2_n0.01_d300_r01,C2,202628,6.22,5.92,0.2999999999999998,0.40575,0.4388051997477922,0.4386169008040901,FAR,FAR,0.0,1,,,0.01,300
C2_n0.01_d300_r01,C2,202628,6.24,5.94,0.2999999999999998,0.40399999999999997,0.4373387417809678,0.4382973610483095,FAR,FAR,0.0,1,,,0.01,300
C2_n0.01_d300_r01,C2,202628,6.26,5.96,0.2999999999999998,0.40225,0.41987981335436636,0.43369297412482377,FAR,FAR,0.0,1,,,0.01,300
C2_n0.01_d300_r01,C2,202628,6.28,5.98,0.2999999999999998,0.40049999999999997,0.44499468127703584,0.4365184009128768,FAR,FAR,0.0,1,,,0.01,300
C2_n0.01_d300_r01,C2,202628,6.3,6.0,0.2999999999999998,0.39875,0.42642040254934427,0.43399390132199367,FAR,FAR,0.0,1,,,0.01,300
C2_n0.01_d300_r01,C2,202628,6.32,6.02,0.3000000000000007,0.39699999999999996,0.4228476886333741,0.4312073481498388,FAR,FAR,0.0,1,,,0.01,300
C2_n0.01_d300_r01,C2,202628,6.34,6.04,0.2999999999999998,0.39525,0.4203225879286067,0.4284861580945308,FAR,FAR,0.0,1,,,0.01,300
C2_n0.01_d300_r01,C2,202628,6.36,6.06,0.3000000000000007,0.39349999999999996,0.4256945058470264,0.42778824503265467,FAR,FAR,0.0,1,,,0.01,300
C2_n0.01_d300_r01,C2,202628,6.38,6.08,0.2999999999999998,0.39175,0.42750643987225856,0.42771779374255564,FAR,FAR,0.0,1,,,0.01,300
C2_n0.01_d300_r01,C2,202628,6.4,6.1,0.3000000000000007,0.38999999999999996,0.41059823982299903,0.4234379052626665,FAR,FAR,0.0,1,,,0.01,300
C2_n0.01_d300_r01,C2,202628,6.42,6.12,0.2999999999999998,0.38825,0.39812962194114154,0.41711083443228525,FAR,FAR,0.0,1,,,0.01,300
C2_n0.01_d300_r01,C2,202628,6.44,6.14,0.3000000000000007,0.38649999999999995,0.4118100441902799,0.41578563687178394,FAR,FAR,0.0,1,,,0.01,300
C2_n0.01_d300_r01,C2,202628,6.46,6.16,0.2999999999999998,0.38475,0.4163957366545524,0.41593816181747606,FAR,FAR,0.0,1,,,0.01,300
C2_n0.01_d300_r01,C2,202628,6.48,6.18,0.3000000000000007,0.38299999999999995,0.41360555008248406,0.41535500888372806,FAR,FAR,0.0,1,,,0.01,300
C2_n0.01_d300_r01,C2,202628,6.5,6.2,0.2999999999999998,0.38125,0.4015343643372417,0.4118998477471065,FAR,FAR,0.0,1,,,0.01,300
C2_n0.01_d300_r01,C2,202628,6.52,6.22,0.2999999999999998,0.37950000000000006,0.39860163442407265,0.408575294416348,FAR,FAR,0.0,1,,,0.01,300
C2_n0.01_d300_r01,C2,202628,6.54,6.24,0.2999999999999998,0.37775000000000003,0.41166741046585104,0.40934832342872374,FAR,FAR,0.0,1,,,0.01,300
C2_n0.01_d300_r01,C2,202628,6.56,6.26,0.2999999999999998,0.376,0.38466117080690476,0.40317653527326897,FAR,FAR,0.0,1,,,0.01,300
C2_n0.01_d300_r01,C2,202628,6.58,6.28,0.2999999999999998,0.37424999999999997,0.42938955776533616,0.40972979089628575,FAR,FAR,0.0,1,,,0.01,300
C2_n0.01_d300_r01,C2,202628,6.6,6.3,0.2999999999999998,0.37250000000000005,0.39906543010797807,0.40706370069920883,FAR,FAR,0.0,1,,,0.01,300
C2_n0.01_d300_r01,C2,202628,6.62,6.32,0.2999999999999998,0.37075,0.39211837487543544,0.4033273692432655,FAR,FAR,0.0,1,,,0.01,300
C2_n0.01_d300_r01,C2,202628,6.64,6.34,0.2999999999999998,0.369,0.39852210604834687,0.40212605344453584,FAR,FAR,0.0,1,,,0.01,300
C2_n0.01_d300_r01,C2,202628,6.66,6.36,0.2999999999999998,0.36724999999999997,0.4041251359531428,0.40262582407168757,FAR,FAR,0.0,1,,,0.01,300
C2_n0.01_d300_r01,C2,202628,6.68,6.38,0.2999999999999998,0.36550000000000005,0.38586349791328656,0.3984352425320873,FAR,FAR,0.0,1,,,0.01,300
C2_n0.01_d300_r01,C2,202628,6.7,6.4,0.2999999999999998,0.36375,0.3868721488994539,0.39554446912392893,FAR,FAR,0.0,1,,,0.01,300
C2_n0.01_d300_r01,C2,202628,6.72,6.42,0.2999999999999998,0.362,0.38099258188368623,0.3919064973138683,FAR,FAR,0.0,1,,,0.01,300
C2_n0.01_d300_r01,C2,202628,6.74,6.44,0.2999999999999998,0.36024999999999996,0.392065467510836,0.39194623986311017,FAR,FAR,0.0,1,,,0.01,300
C2_n0.01_d300_r01,C2,202628,6.76,6.46,0.2999999999999998,0.35850000000000004,0.38566884783884264,0.3903768918570433,FAR,FAR,0.0,1,,,0.01,300
C2_n0.01_d300_r01,C2,202628,6.78,6.48,0.2999999999999998,0.35675,0.3904763643984894,0.39040175999240484,FAR,FAR,0.0,1,,,0.01,300
C2_n0.01_d300_r01,C2,202628,6.8,6.5,0.2999999999999998,0.355,0.3799343476085857,0.38778490689645007,FAR,FAR,0.0,1,,,0.01,300
C2_n0.01_d300_r01,C2,202628,6.82,6.52,0.3000000000000007,0.35324999999999995,0.3724426136682628,0.38394933358940325,FAR,FAR,0.0,1,,,0.01,300
C2_n0.01_d300_r01,C2,202628,6.84,6.54,0.2999999999999998,0.35150000000000003,0.3670281785388929,0.37971904482677565,FAR,FAR,0.0,1,,,0.01,300
C2_n0.01_d300_r01,C2,202628,6.86,6.56,0.3000000000000007,0.34974999999999995,0.3642049454628996,0.3758405199858066,NEAR,FAR,0.0,1,,,0.01,300
C2_n0.01_d300_r01,C2,202628,6.88,6.58,0.2999999999999998,0.348,0.3947237133189849,0.38056131831910117,NEAR,FAR,0.0,1,,,0.01,300
C2_n0.01_d300_r01,C2,202628,6.9,6.6,0.3000000000000007,0.34624999999999995,0.369407338890256,0.3777728234618899,NEAR,FAR,0.0,1,,,0.01,300
C2_n0.01_d300_r01,C2,202628,6.92,6.62,0.2999999999999998,0.3445,0.37844237232690886,0.3779402106781446,NEAR,FAR,0.0,1,,,0.01,300
C2_n0.01_d300_r01,C2,202628,6.94,6.64,0.3000000000000007,0.34274999999999994,0.3697026636996917,0.37588082393353134,NEAR,FAR,0.0,1,,,0.01,300
C2_n0.01_d300_r01,C2,202628,6.96,6.66,0.2999999999999998,0.34099999999999997,0.36368206048244206,0.372831133070759,NEAR,FAR,0.0,1,,,0.01,300
C2_n0.01_d300_r01,C2,202628,6.98,6.68,0.3000000000000007,0.33924999999999994,0.35346807150468734,0.3679903676792411,NEAR,FAR,0.0,1,,,0.01,300
C2_n0.01_d300_r01,C2,202628,7.0,6.7,0.2999999999999998,0.3375,0.36792524074116106,0.3679740859447211,NEAR,FAR,0.0,1,,,0.01,300
C2_n0.01_d300_r01,C2,202628,7.02,6.72,0.2999999999999998,0.33575000000000005,0.3660422481714597,0.3674911265014057,NEAR,FAR,0.0,1,,,0.01,300
C2_n0.01_d300_r01,C2,202628,7.04,6.74,0.2999999999999998,0.334,0.3642456321785939,0.36667975292070276,NEAR,FAR,0.0,1,,,0.01,300
C2_n0.01_d300_r01,C2,202628,7.06,6.76,0.2999999999999998,0.33225000000000005,0.37447906903855477,0.3686295819501658,NEAR,FAR,0.0,1,,,0.01,300
C2_n0.01_d300_r01,C2,202628,7.08,6.78,0.2999999999999998,0.3305,0.359677206433758,0.3663914880710639,NEAR,FAR,0.0,1,,,0.01,300
C2_n0.01_d300_r01,C2,202628,7.1,6.8,0.2999999999999998,0.32875000000000004,0.3551197606835926,0.36357355622419607,NEAR,FAR,0.0,1,,,0.01,300
C2_n0.01_d300_r01,C2,202628,7.12,6.82,0.2999999999999998,0.327,0.3553258746037892,0.36151163581909435,NEAR,FAR,0.0,1,,,0.01,300
C2_n0.01_d300_r01,C2,202628,7.14,6.84,0.2999999999999998,0.32525000000000004,0.34599866951295344,0.35763339424255913,NEAR,FAR,0.0,1,,,0.01,300
C2_n0.01_d300_r01,C2,202628,7.16,6.86,0.2999999999999998,0.3235,0.3384975637882474,0.3528494366289812,NEAR,FAR,0.0,1,,,0.01,300
C2_n0.01_d300_r01,C2,202628,7.18,6.88,0.2999999999999998,0.32175000000000004,0.35544757231111074,0.3534989705495136,NEAR,FAR,0.0,1,,,0.01,300
C2_n0.01_d300_r01,C2,202628,7.2,6.9,0.2999999999999998,0.32,0.33836957431538295,0.34971662149098093,NEAR,FAR,0.0,1,,,0.01,300
C2_n0.01_d300_r01,C2,202628,7.22,6.92,0.2999999999999998,0.31825000000000003,0.3316418799157787,0.3451979360971804,NEAR,FAR,0.0,1,,,0.01,300
C2_n0.01_d300_r01,C2,202628,7.24,6.94,0.2999999999999998,0.3165,0.3389346013805326,0.34363210241801845,NEAR,FAR,0.0,1,,,0.01,300
C2_n0.01_d300_r01,C2,202628,7.26,6.96,0.2999999999999998,0.31475000000000003,0.33895262998526626,0.3424622343098304,NEAR,FAR,0.0,1,,,0.01,300
C2_n0.01_d300_r01,C2,202628,7.28,6.98,0.2999999999999998,0.313,0.33631279559094496,0.340924874630109,NEAR,FAR,0.0,1,,,0.01,300
C2_n0.01_d300_r01,C2,202628,7.3,7.0,0.2999999999999998,0.31125,0.32831092988889266,0.3377713884448049,NEAR,FAR,0.0,1,,,0.01,300
C2_n0.01_d300_r01,C2,202628,7.32,7.02,0.3000000000000007,0.3095,0.34057210506970226,0.33847156760102926,NEAR,FAR,0.0,1,,,0.01,300
C2_n0.01_d300_r01,C2,202628,7.34,7.04,0.2999999999999998,0.30775,0.31712477350839163,0.3331348690778698,NEAR,FAR,0.0,1,,,0.01,300
C2_n0.01_d300_r01,C2,202628,7.36,7.06,0.3000000000000007,0.306,0.32028859058350484,0.32992329945427856,NEAR,FAR,0.0,1,,,0.01,300
C2_n0.01_d300_r01,C2,202628,7.38,7.08,0.2999999999999998,0.30425,0.3241936401674367,0.3284908846325681,NEAR,FAR,0.0,1,,,0.01,300
C2_n0.01_d300_r01,C2,202628,7.4,7.1,0.3000000000000007,0.3025,0.33537871657638674,0.3302128426185228,NEAR,FAR,0.0,1,,,0.01,300
C2_n0.01_d300_r01,C2,202628,7.42,7.12,0.2999999999999998,0.30075,0.3466467861093984,0.3343213284912417,NEAR,FAR,0.0,1,,,0.01,300
C2_n0.01_d300_r01,C2,202628,7.44,7.14,0.3000000000000007,0.299,0.33811115432351435,0.3352687849493099,NEAR,FAR,0.0,1,,,0.01,300
C2_n0.01_d300_r01,C2,202628,7.46,7.16,0.2999999999999998,0.29725,0.3242337022959988,0.33251001428598215,NEAR,FAR,0.0,1,,,0.01,300
C2_n0.01_d300_r01,C2,202628,7.48,7.18,0.3000000000000007,0.2955,0.3068838003765427,0.3261034608086223,NEAR,FAR,0.0,1,,,0.01,300
C2_n0.01_d300_r01,C2,202628,7.5,7.2,0.2999999999999998,0.29375,0.3341534157702373,0.32811594954902606,NEAR,FAR,0.0,1,,,0.01,300
C2_n0.01_d300_r01,C2,202628,7.52,7.22,0.2999999999999998,0.29200000000000004,0.32573994442804305,0.32752194826878034,NEAR,FAR,0.0,1,,,0.01,300
C2_n0.01_d300_r01,C2,202628,7.54,7.24,0.2999999999999998,0.29025,0.30491916612394054,0.3218712527325704,NEAR,FAR,0.0,1,,,0.01,300
C2_n0.01_d300_r01,C2,202628,7.56,7.26,0.2999999999999998,0.28850000000000003,0.31879703912451146,0.32110269933055563,NEAR,FAR,0.0,1,,,0.01,300
C2_n0.01_d300_r01,C2,202628,7.58,7.28,0.2999999999999998,0.28675,0.33298397390668605,0.3240730179745882,NEAR,FAR,0.0,1,,,0.01,300
C2_n0.01_d300_r01,C2,202628,7.6,7.3,0.2999999999999998,0.28500000000000003,0.3101958513033233,0.320603726306772,NEAR,FAR,0.0,1,,,0.01,300
C2_n0.01_d300_r01,C2,202628,7.62,7.32,0.2999999999999998,0.28325,0.3070106239654119,0.3172054507214319,NEAR,NEAR,0.6,1,ENTER_NEAR,,0.01,300
C2_n0.01_d300_r01,C2,202628,7.64,7.34,0.2999999999999998,0.28150000000000003,0.28915913526750686,0.31019387185795066,NEAR,NEAR,0.6,1,,,0.01,300
C2_n0.01_d300_r01,C2,202628,7.66,7.36,0.2999999999999998,0.27975,0.30681772782709216,0.309349835850236,NEAR,NEAR,0.6,1,,,0.01,300
C2_n0.01_d300_r01,C2,202628,7.68,7.38,0.2999999999999998,0.278,0.2999380088031834,0.30699687908847284,NEAR,NEAR,0.6,1,,,0.01,300
C2_n0.01_d300_r01,C2,202628,7.7,7.4,0.2999999999999998,0.27625,0.3039808076287913,0.3062428612235525,NEAR,NEAR,0.6,1,,,0.01,300
C2_n0.01_d300_r01,C2,202628,7.72,7.42,0.2999999999999998,0.2745,0.2975987237599456,0.3040818268576508,NEAR,NEAR,0.6,1,,,0.01,300
C2_n0.01_d300_r01,C2,202628,7.74,7.44,0.2999999999999998,0.27275,0.2854873772499976,0.29943321445573745,NEAR,NEAR,0.6,1,,,0.01,300
C2_n0.01_d300_r01,C2,202628,7.76,7.46,0.2999999999999998,0.271,0.2883850840078476,0.296671181843765,NEAR,NEAR,0.6,1,,,0.01,300
C2_n0.01_d300_r01,C2,202628,7.78,7.48,0.2999999999999998,0.26925,0.28857177456972066,0.2946463300252539,NEAR,NEAR,0.6,1,,,0.01,300
C2_n0.01_d300_r01,C2,202628,7.8,7.5,0.2999999999999998,0.2675,0.3047583618213193,0.2971743379742703,NEAR,NEAR,0.6,1,,,0.01,300
C2_n0.01_d300_r01,C2,202628,7.82,7.52,0.3000000000000007,0.26575,0.2936969826574352,0.29630499914506153,NEAR,NEAR,0.6,1,,,0.01,300
C2_n0.01_d300_r01,C2,202628,7.84,7.54,0.2999999999999998,0.264,0.2906975342030643,0.29490313290956227,NEAR,NEAR,0.6,1,,,0.01,300
C2_n0.01_d300_r01,C2,202628,7.86,7.56,0.3000000000000007,0.26225,0.2874531320131083,0.2930406326854488,NEAR,NEAR,0.6,1,,,0.01,300
C2_n0.01_d300_r01,C2,202628,7.88,7.58,0.2999999999999998,0.2605,0.27695593339528407,0.2890194578629076,NEAR,NEAR,0.6,1,,,0.01,300
C2_n0.01_d300_r01,C2,202628,7.9,7.6,0.3000000000000007,0.25875,0.26598062045644266,0.2832597485112914,NEAR,NEAR,0.6,1,,,0.01,300
C2_n0.01_d300_r01,C2,202628,7.92,7.62,0.2999999999999998,0.257,0.2806479849022446,0.2826068076090297,NEAR,NEAR,0.6,1,,,0.01,300
C2_n0.01_d300_r01,C2,202628,7.94,7.64,0.3000000000000007,0.25525,0.2816277645510415,0.28236204684453264,NEAR,NEAR,0.6,1,,,0.01,300
C2_n0.01_d300_r01,C2,202628,7.96,7.66,0.2999999999999998,0.2535,0.2717841972728038,0.27971758445160044,NEAR,NEAR,0.6,1,,,0.01,300
C2_n0.01_d300_r01,C2,202628,7.98,7.68,0.3000000000000007,0.25175,0.26366052117319133,0.27570331863199815,NEAR,NEAR,0.6,1,,,0.01,300
C2_n0.01_d300_r01,C2,202628,8.0,7.7,0.2999999999999998,0.25,0.267320145152467,0.27360752526211535,NEAR,NEAR,0.6,1,,,0.01,300
C2_n0.01_d300_r01,C2,202628,8.02,7.72,0.2999999999999998,0.2522533838368113,0.27415741896075796,0.27374499868677604,NEAR,NEAR,0.6,1,,,0.01,300
C2_n0.01_d300_r01,C2,202628,8.04,7.74,0.29999999999999893,0.25445562372365543,0.2630232761386964,0.27106456804975615,NEAR,NEAR,0.6,1,,,0.01,300
C2_n0.01_d300_r01,C2,202628,8.06,7.76,0.3000000000000007,0.25655673649976407,0.2838755570571449,0.27426731530160336,NEAR,NEAR,0.6,1,,,0.01,300
C2_n0.01_d300_r01,C2,202628,8.08,7.78,0.2999999999999998,0.25850903423690136,0.2924045094466336,0.27880161383786095,NEAR,NEAR,0.6,1,,,0.01,300
C2_n0.01_d300_r01,C2,202628,8.1,7.8,0.2999999999999998,0.2602682065889303,0.27692103924866107,0.278331470190561,NEAR,NEAR,0.6,1,,,0.01,300
C2_n0.01_d300_r01,C2,202628,8.12,7.82,0.29999999999999893,0.26179432648204926,0.2757458330858517,0.27768506091438366,NEAR,NEAR,0.6,1,,,0.01,300
C2_n0.01_d300_r01,C2,202628,8.14,7.84,0.3000000000000007,0.26305275632004294,0.27672708282967146,0.2774455663932056,NEAR,NEAR,0.6,1,,,0.01,300
C2_n0.01_d300_r01,C2,202628,8.16,7.86,0.2999999999999998,0.2640149341368492,0.25928495554206515,0.2729054136804205,NEAR,NEAR,0.6,1,,,0.01,300
C2_n0.01_d300_r01,C2,202628,8.18,7.88,0.2999999999999998,0.2646590218535229,0.2788575158476495,0.2743934392222277,NEAR,NEAR,0.6,1,,,0.01,300
C2_n0.01_d300_r01,C2,202628,8.2,7.9,0.29999999999999893,0.26497040092642404,0.26212961258738376,0.2713274825635167,NEAR,NEAR,0.6,1,,,0.01,300
C2_n0.01_d300_r01,C2,202628,8.22,7.92,0.3000000000000007,0.2649420041371476,0.26245530505894576,0.269109438187374,NEAR,NEAR,0.6,1,,,0.01,300
C2_n0.01_d300_r01,C2,202628,8.24,7.94,0.2999999999999998,0.2645744759937201,0.25455366904303117,0.2654704959012883,NEAR,NEAR,0.6,1,,,0.01,300
C2_n0.01_d300_r01,C2,202628,8.26,7.96,0.2999999999999998,0.26387615810251686,0.2549854449585207,0.2628492331655964,NEAR,NEAR,0.6,1,,,0.01,300
C2_n0.01_d300_r01,C2,202628,8.28,7.98,0.29999999999999893,0.26286289984290484,0.2350588878397989,0.255901646834147,NEAR,NEAR,0.6,1,,,0.01,300
C2_n0.01_d300_r01,C2,202628,8.3,8.0,0.3000000000000007,0.2615576986416368,0.2596231619403209,0.25683202561069046,NEAR,NEAR,0.6,1,,,0.01,300
C2_n0.01_d300_r01,C2,202628,8.32,8.02,0.3000000000000007,0.25999017801151375,0.2572596636004209,0.2569389351081231,NEAR,NEAR,0.6,1,,,0.01,300
C2_n0.01_d300_r01,C2,202628,8.34,8.04,0.3000000000000007,0.25819591520101404,0.2603994305620978,0.2578040589716168,NEAR,NEAR,0.6,1,,,0.01,300
C2_n0.01_d300_r01,C2,202628,8.36,8.06,0.29999999999999893,0.2562156337148993,0.26025853717328995,0.25841767852203507,NEAR,NEAR,0.6,1,,,0.01,300
C2_n0.01_d300_r01,C2,202628,8.38,8.08,0.3000000000000007,0.2540942790327598,0.24878560429175187,0.25600965996446423,NEAR,NEAR,0.6,1,,,0.01,300
C2_n0.01_d300_r01,C2,202628,8.4,8.1,0.3000000000000007,0.25187999850346454,0.26174914077332195,0.2574445301666787,NEAR,NEAR,0.6,1,,,0.01,300
C2_n0.01_d300_r01,C2,202628,8.42,8.12,0.3000000000000007,0.24962304856834994,0.2674557335497807,0.25994733101245415,NEAR,NEAR,0.6,1,,,0.01,300
C2_n0.01_d300_r01,C2,202628,8.44,8.14,0.29999999999999893,0.2473746541153709,0.26546335229716644,0.2613263363336322,NEAR,NEAR,0.6,1,,,0.01,300
C2_n0.01_d300_r01,C2,202628,8.46,8.16,0.3000000000000007,0.24518584585289177,0.27525026853639206,0.26480731938432217,NEAR,NEAR,0.6,1,,,0.01,300
C2_n0.01_d300_r01,C2,202628,8.48,8.18,0.3000000000000007,0.24310630209067763,0.27265185356584776,0.2667684529297036,NEAR,NEAR,0.6,1,,,0.01,300
C2_n0.01_d300_r01,C2,202628,8.5,8.2,0.3000000000000007,0.24118322121561292,0.26517759484031955,0.2663707384073576,NEAR,NEAR,0.6,1,,,0.01,300
C2_n0.01_d300_r01,C2,202628,8.52,8.22,0.29999999999999893,0.2394602504530173,0.2722044256476206,0.2678291602174233,NEAR,NEAR,0.6,1,,,0.01,300
C2_n0.01_d300_r01,C2,202628,8.54,8.24,0.29999999999999893,0.23797649522693692,0.2634647667327,0.2667380618462425,NEAR,NEAR,0.6,1,,,0.01,300
C2_n0.01_d300_r01,C2,202628,8.56,8.26,0.3000000000000007,0.23676563160347566,0.2629953088926384,0.2658023736078415,NEAR,NEAR,0.6,1,,,0.01,300
C2_n0.01_d300_r01,C2,202628,8.58,8.28,0.3000000000000007,0.23585514196160703,0.2534873495741167,0.2627236175994103,NEAR,NEAR,0.6,1,,,0.01,300
C2_n0.01_d300_r01,C2,202628,8.6,8.3,0.29999999999999893,0.23526569123906968,0.25244827630812505,0.260154782276589,NEAR,NEAR,0.6,1,,,0.01,300
C2_n0.01_d300_r01,C2,202628,8.62,8.32,0.29999999999999893,0.23501065791039116,0.27232189713701166,0.26319656099169464,NEAR,NEAR,0.6,1,,,0.01,300
C2_n0.01_d300_r01,C2,202628,8.64,8.34,0.3000000000000007,0.23509583034219989,0.2561012658461462,0.2614227372053075,NEAR,NEAR,0.6,1,,,0.01,300
C2_n0.01_d300_r01,C2,202628,8.66,8.36,0.3000000000000007,0.2355192754175009,0.2424837694480516,0.2566879952659935,NEAR,NEAR,0.6,1,,,0.01,300
C2_n0.01_d300_r01,C2,202628,8.68,8.38,0.29999999999999893,0.23627138241068624,0.2491414095633574,0.25480134884033445,NEAR,NEAR,0.6,1,,,0.01,300
C2_n0.01_d300_r01,C2,202628,8.7,8.4,0.29999999999999893,0.23733508111746973,0.26615048219790427,0.25763863217972693,NEAR,NEAR,0.6,1,,,0.01,300
C2_n0.01_d300_r01,C2,202628,8.72,8.42,0.3000000000000007,0.2386862292889585,0.25220150418156617,0.25627935018018677,NEAR,NEAR,0.6,1,,,0.01,300
C2_n0.01_d300_r01,C2,202628,8.74,8.44,0.3000000000000007,0.24029416057645836,0.23793940996973612,0.2516943651275741,NEAR,NEAR,0.6,1,,,0.01,300
C2_n0.01_d300_r01,C2,202628,8.76,8.46,0.29999999999999893,0.24212238055058052,0.23272620505656821,0.24695232510982262,NEAR,NEAR,0.6,1,,,0.01,300
C2_n0.01_d300_r01,C2,202628,8.78,8.48,0.29999999999999893,0.24412939499744188,0.24031530804725212,0.24529307084417998,NEAR,NEAR,0.6,1,,,0.01,300
C2_n0.01_d300_r01,C2,202628,8.8,8.5,0.3000000000000007,0.24626965169252724,0.2483679053639865,0.2460617794741316,NEAR,NEAR,0.6,1,,,0.01,300
C2_n0.01_d300_r01,C2,202628,8.82,8.52,0.3000000000000007,0.2484945742772318,0.234279608783444,0.24311623680145972,NEAR,NEAR,0.6,1,,,0.01,300
C2_n0.01_d300_r01,C2,202628,8.84,8.54,0.3000000000000007,0.2507536647726965,0.2432032582212905,0.24313799215641743,NEAR,NEAR,0.6,1,,,0.01,300
C2_n0.01_d300_r01,C2,202628,8.86,8.56,0.29999999999999893,0.25299564970771604,0.22149150584694194,0.23772637057904855,NEAR,NEAR,0.6,1,,,0.01,300
C2_n0.01_d300_r01,C2,202628,8.88,8.58,0.3000000000000007,0.2551696438476178,0.23240818869449154,0.2363968251079093,NEAR,NEAR,0.6,1,,,0.01,300
C2_n0.01_d300_r01,C2,202628,8.9,8.6,0.3000000000000007,0.2572263051115258,0.23893598416068076,0.23703161487110216,NEAR,NEAR,0.6,1,,,0.01,300
C2_n0.01_d300_r01,C2,202628,8.92,8.62,0.3000000000000007,0.25911895446541905,0.22348567125132357,0.23364512896615752,NEAR,NEAR,0.6,1,,,0.01,300
C2_n0.01_d300_r01,C2,202628,8.94,8.64,0.29999999999999893,0.26080463537331855,0.23898314684509836,0.23497963343589273,NEAR,NEAR,0.6,1,,,0.01,300
C2_n0.01_d300_r01,C2,202628,8.96,8.66,0.3000000000000007,0.2622450887607578,0.24218035483465664,0.23677981378558371,NEAR,NEAR,0.6,1,,,0.01,300
C2_n0.01_d300_r01,C2,202628,8.98,8.68,0.3000000000000007,0.263407621362269,0.23253785472777272,0.235719324021131,NEAR,NEAR,0.6,1,,,0.01,300
C2_n0.01_d300_r01,C2,202628,9.0,8.7,0.3000000000000007,0.2642658477444273,0.23578846843681467,0.2357366101250519,NEAR,NEAR,0.6,1,,,0.01,300
C2_n0.01_d300_r01,C2,202628,9.02,8.72,0.29999999999999893,0.264800289163118,0.23060141863499728,0.23445281225253825,NEAR,NEAR,0.6,1,,,0.01,300
C2_n0.01_d300_r01,C2,202628,9.04,8.74,0.29999999999999893,0.2649988156630572,0.23631967174662258,0.23491952712605935,NEAR,NEAR,0.6,1,,,0.01,300
C2_n0.01_d300_r01,C2,202628,9.06,8.76,0.3000000000000007,0.26485692138544975,0.23244558515856897,0.23430104163418675,NEAR,NEAR,0.6,1,,,0.01,300
C2_n0.01_d300_r01,C2,202628,9.08,8.78,0.3000000000000007,0.2643778268352606,0.23210858400846746,0.23375292722775692,NEAR,NEAR,0.6,1,,,0.01,300
C2_n0.01_d300_r01,C2,202628,9.1,8.8,0.29999999999999893,0.2635724057869903,0.23979888736330135,0.23526441726164302,NEAR,NEAR,0.6,1,,,0.01,300
C2_n0.01_d300_r01,C2,202628,9.12,8.82,0.29999999999999893,0.2624589384879372,0.2526259446148577,0.2396047990999467,NEAR,NEAR,0.6,1,,,0.01,300
C2_n0.01_d300_r01,C2,202628,9.14,8.84,0.3000000000000007,0.2610626967603726,0.2568048004453862,0.24390479943630658,NEAR,NEAR,0.6,1,,,0.01,300
C2_n0.01_d300_r01,C2,202628,9.16,8.86,0.3000000000000007,0.25941537041936047,0.25559919739456527,0.24682839892587125,NEAR,NEAR,0.6,1,,,0.01,300
C2_n0.01_d300_r01,C2,202628,9.18,8.88,0.29999999999999893,0.2575543480245365,0.26158144934282496,0.25051666153010965,NEAR,NEAR,0.6,1,,,0.01,300
C2_n0.01_d300_r01,C2,202628,9.2,8.9,0.29999999999999893,0.25552186829027024,0.2453298533110126,0.24921995947533537,NEAR,NEAR,0.6,1,,,0.01,300
C2_n0.01_d300_r01,C2,202628,9.22,8.92,0.3000000000000007,0.25336406141424067,0.2614421881746408,0.25227551665016174,NEAR,NEAR,0.6,1,,,0.01,300
C2_n0.01_d300_r01,C2,202628,9.24,8.94,0.3000000000000007,0.25112990208291897,0.2701613085280908,0.25674696461964397,NEAR,NEAR,0.6,1,,,0.01,300
C2_n0.01_d300_r01,C2,202628,9.26,8.96,0.29999999999999893,0.24887009791708103,0.25883896179569293,0.2572699639136562,NEAR,NEAR,0.6,1,,,0.01,300
C2_n0.01_d300_r01,C2,202628,9.28,8.98,0.29999999999999893,0.24663593858575936,0.26268764823349494,0.2586243849936159,NEAR,NEAR,0.6,1,,,0.01,300
C2_n0.01_d300_r01,C2,202628,9.3,9.0,0.3000000000000007,0.24447813170972976,0.26204981072025646,0.25948074142527605,NEAR,NEAR,0.6,1,,,0.01,300
C2_n0.01_d300_r01,C2,202628,9.32,9.02,0.3000000000000007,0.24244565197546356,0.267627356188418,0.26151739511606154,NEAR,NEAR,0.6,1,,,0.01,300
C2_n0.01_d300_r01,C2,202628,9.34,9.04,0.3000000000000007,0.2405846295806395,0.26489891696915313,0.2623627755793344,NEAR,NEAR,0.6,1,,,0.01,300
C2_n0.01_d300_r01,C2,202628,9.36,9.06,0.29999999999999893,0.23893730323962742,0.25395943655104114,0.26026194082226106,NEAR,NEAR,0.6,1,,,0.01,300
C2_n0.01_d300_r01,C2,202628,9.38,9.08,0.3000000000000007,0.23754106151206275,0.2557737039917514,0.25913988161463364,NEAR,NEAR,0.6,1,,,0.01,300
C2_n0.01_d300_r01,C2,202628,9.4,9.1,0.3000000000000007,0.23642759421300968,0.26135692995146265,0.2596941436988409,NEAR,NEAR,0.6,1,,,0.01,300
C2_n0.01_d300_r01,C2,202628,9.42,9.12,0.3000000000000007,0.23562217316473935,0.253266584142439,0.25808725380974046,NEAR,NEAR,0.6,1,,,0.01,300
C2_n0.01_d300_r01,C2,202628,9.44,9.14,0.29999999999999893,0.23514307861455025,0.2637059723990334,0.2594919334570637,NEAR,NEAR,0.6,1,,,0.01,300
C2_n0.01_d300_r01,C2,202628,9.46,9.16,0.3000000000000007,0.23500118433694275,0.25503693341081096,0.2583781834455005,NEAR,NEAR,0.6,1,,,0.01,300
C2_n0.01_d300_r01,C2,202628,9.48,9.18,0.3000000000000007,0.235199710836882,0.23161482211443962,0.2516873431127353,NEAR,NEAR,0.6,1,,,0.01,300
C2_n0.01_d300_r01,C2,202628,9.5,9.2,0.3000000000000007,0.2357341522555727,0.2792543800074266,0.2585791023364081,NEAR,NEAR,0.6,1,,,0.01,300
C2_n0.01_d300_r01,C2,202628,9.52,9.22,0.29999999999999893,0.23659237863773103,0.24025883748969237,0.2539990361247291,NEAR,NEAR,0.6,1,,,0.01,300
C2_n0.01_d300_r01,C2,202628,9.54,9.24,0.29999999999999893,0.2377549112392422,0.247340883461463,0.2523344979589126,NEAR,NEAR,0.6,1,,,0.01,300
C2_n0.01_d300_r01,C2,202628,9.56,9.26,0.3000000000000007,0.23919536462668142,0.26418086586870443,0.25529608993636055,NEAR,NEAR,0.6,1,,,0.01,300
C2_n0.01_d300_r01,C2,202628,9.58,9.28,0.3000000000000007,0.24088104553458092,0.24117454640589378,0.2517657040537439,NEAR,NEAR,0.6,1,,,0.01,300
C2_n0.01_d300_r01,C2,202628,9.6,9.3,0.29999999999999893,0.24277369488847422,0.2529140137718507,0.2520527814832706,NEAR,NEAR,0.6,1,,,0.01,300
C2_n0.01_d300_r01,C2,202628,9.62,9.32,0.29999999999999893,0.24483035615238213,0.2448253199527493,0.2502459161006403,NEAR,NEAR,0.6,1,,,0.01,300
C2_n0.01_d300_r01,C2,202628,9.64,9.34,0.3000000000000007,0.24700435029228393,0.21125112493806003,0.2404972183099952,NEAR,NEAR,0.6,1,,,0.01,300
C2_n0.01_d300_r01,C2,202628,9.66,9.36,0.3000000000000007,0.24924633522730347,0.2338757390296096,0.2388418484898988,NEAR,NEAR,0.6,1,,,0.01,300
C2_n0.01_d300_r01,C2,202628,9.68,9.38,0.29999999999999893,0.2515054257227682,0.22666886788833812,0.23579860333950864,NEAR,NEAR,0.6,1,,,0.01,300
C2_n0.01_d300_r01,C2,202628,9.7,9.4,0.29999999999999893,0.25373034830747276,0.25544996116172763,0.2407114427950634,NEAR,NEAR,0.6,1,,,0.01,300
C2_n0.01_d300_r01,C2,202628,9.72,9.42,0.3000000000000007,0.2558706050025581,0.234833158630493,0.2392418717539208,NEAR,NEAR,0.6,1,,,0.01,300
C2_n0.01_d300_r01,C2,202628,9.74,9.44,0.3000000000000007,0.25787761944941945,0.23652192184386633,0.23856188427640718,NEAR,NEAR,0.6,1,,,0.01,300
C2_n0.01_d300_r01,C2,202628,9.76,9.46,0.29999999999999893,0.25970583942354164,0.23160700116274127,0.23682316349799068,NEAR,NEAR,0.6,1,,,0.01,300
C2_n0.01_d300_r01,C2,202628,9.78,9.48,0.29999999999999893,0.2613137707110415,0.2548542361384194,0.24133093165809785,NEAR,NEAR,0.6,1,,,0.01,300
C2_n0.01_d300_r01,C2,202628,9.8,9.5,0.3000000000000007,0.26266491888253024,0.2331459921399981,0.23928469677857292,NEAR,NEAR,0.6,1,,,0.01,300
C2_n0.01_d300_r01,C2,202628,9.82,9.52,0.3000000000000007,0.26372861758931376,0.23502568602335605,0.2382199440897687,NEAR,NEAR,0.6,1,,,0.01,300
C2_n0.01_d300_r01,C2,202628,9.84,9.54,0.3000000000000007,0.2644807245824991,0.23598220064662997,0.23766050822898402,NEAR,NEAR,0.6,1,,,0.01,300
C2_n0.01_d300_r01,C2,202628,9.86,9.56,0.29999999999999893,0.2649041696578001,0.22664644740534734,0.23490699302307486,NEAR,NEAR,0.6,1,,,0.01,300
C2_n0.01_d300_r01,C2,202628,9.88,9.58,0.3000000000000007,0.26498934208960884,0.2513575782982572,0.23901963934187045,NEAR,NEAR,0.6,1,,,0.01,300
C2_n0.01_d300_r01,C2,202628,9.9,9.6,0.3000000000000007,0.26473430876093035,0.24862652565765886,0.24142136092081756,NEAR,NEAR,0.6,1,,,0.01,300
C2_n0.01_d300_r01,C2,202628,9.92,9.62,0.3000000000000007,0.264144858038393,0.24181444536156982,0.24151963203100563,NEAR,NEAR,0.6,1,,,0.01,300
C2_n0.01_d300_r01,C2,202628,9.94,9.64,0.29999999999999893,0.2632343683965243,0.2591054068078143,0.2459160757252078,NEAR,NEAR,0.6,1,,,0.01,300
C2_n0.01_d300_r01,C2,202628,9.96,9.66,0.3000000000000007,0.2620235047730631,0.27008419972869985,0.2519581067260808,NEAR,NEAR,0.6,1,,,0.01,300
C2_n0.01_d300_r01,C2,202628,9.98,9.68,0.3000000000000007,0.2605397495469827,0.26942448022904303,0.2563247001018214,NEAR,NEAR,0.6,1,,,0.01,300
C2_n0.01_d300_r01,C2,202628,10.0,9.7,0.3000000000000007,0.2588167787843871,0.2543531344510761,0.2558318086891351,NEAR,NEAR,0.6,1,,,0.01,300
C2_n0.01_d300_r01,C2,202628,10.02,9.72,0.29999999999999893,0.25689369790932237,0.26832246845199664,0.25895447362985047,NEAR,NEAR,0.6,1,,,0.01,300
C2_n0.01_d300_r01,C2,202628,10.04,9.74,0.29999999999999893,0.25481415414710823,0.2793082588158333,0.2640429199263462,NEAR,NEAR,0.6,1,,,0.01,300
C2_n0.01_d300_r01,C2,202628,10.06,9.76,0.3000000000000007,0.2526253458846291,0.24881852518934713,0.26023682124209646,NEAR,NEAR,0.6,1,,,0.01,300
C2_n0.01_d300_r01,C2,202628,10.08,9.78,0.3000000000000007,0.25037695143165006,0.26358695957709616,0.26107435582584637,NEAR,NEAR,0.6,1,,,0.01,300
C2_n0.01_d300_r01,C2,202628,10.1,9.8,0.29999999999999893,0.24812000149653549,0.283830911280669,0.266763494689552,NEAR,NEAR,0.6,1,,,0.01,300
C2_n0.01_d300_r01,C2,202628,10.12,9.82,0.29999999999999893,0.24590572096724023,0.25301777827394106,0.2633270655856493,NEAR,NEAR,0.6,1,,,0.01,300
C2_n0.01_d300_r01,C2,202628,10.14,9.84,0.3000000000000007,0.24378436628510067,0.2605986836925365,0.2626449701123711,NEAR,NEAR,0.6,1,,,0.01,300
C2_n0.01_d300_r01,C2,202628,10.16,9.86,0.3000000000000007,0.24180408479898596,0.2577885844482494,0.26143087369634066,NEAR,NEAR,0.6,1,,,0.01,300
C2_n0.01_d300_r01,C2,202628,10.18,9.88,0.29999999999999893,0.24000982198848625,0.2674036902057504,0.2629240778236931,NEAR,NEAR,0.6,1,,,0.01,300
C2_n0.01_d300_r01,C2,202628,10.2,9.9,0.29999999999999893,0.23844230135836322,0.24569527259680277,0.2586168765169705,NEAR,NEAR,0.6,1,,,0.01,300
C2_n0.01_d300_r01,C2,202628,10.22,9.92,0.3000000000000007,0.2371371001570952,0.2687263945727106,0.2611442560309055,NEAR,NEAR,0.6,1,,,0.01,300
C2_n0.01_d300_r01,C2,202628,10.24,9.94,0.3000000000000007,0.23612384189748312,0.25818811167326217,0.2604052199414947,NEAR,NEAR,0.6,1,,,0.01,300
C2_n0.01_d300_r01,C2,202628,10.26,9.96,0.29999999999999893,0.2354255240062799,0.2559556840342146,0.2592928359646747,NEAR,NEAR,0.6,1,,,0.01,300
C2_n0.01_d300_r01,C2,202628,10.28,9.98,0.29999999999999893,0.23505799586285242,0.27016985354172757,0.2620120903589379,NEAR,NEAR,0.6,1,,,0.01,300
C2_n0.01_d300_r01,C2,202628,10.3,10.0,0.3000000000000007,0.23502959907357593,0.2578586307024323,0.2609737254448115,NEAR,NEAR,0.6,1,,,0.01,300
C2_n0.01_d300_r01,C2,202628,10.32,10.02,0.3000000000000007,0.23534097814647711,0.2563332528940236,0.25981360730711456,NEAR,NEAR,0.6,1,,,0.01,300
C2_n0.01_d300_r01,C2,202628,10.34,10.04,0.3000000000000007,0.23598506586315082,0.26373696750340175,0.26079444735618634,NEAR,NEAR,0.6,1,,,0.01,300
C2_n0.01_d300_r01,C2,202628,10.36,10.06,0.29999999999999893,0.23694724367995706,0.25493119138927434,0.2593286333644583,NEAR,NEAR,0.6,1,,,0.01,300
C2_n0.01_d300_r01,C2,202628,10.38,10.08,0.3000000000000007,0.23820567351795077,0.25151476024962205,0.25737516508574926,NEAR,NEAR,0.6,1,,,0.01,300
C2_n0.01_d300_r01,C2,202628,10.4,10.1,0.3000000000000007,0.2397317934110697,0.24162666837568816,0.253438040908234,NEAR,NEAR,0.6,1,,,0.01,300
C2_n0.01_d300_r01,C2,202628,10.42,10.12,0.3000000000000007,0.24149096576309861,0.25564145310039915,0.25398889395627533,NEAR,NEAR,0.6,1,,,0.01,300
C2_n0.01_d300_r01,C2,202628,10.44,10.14,0.29999999999999893,0.24344326350023596,0.22911929187713215,0.24777149343648952,NEAR,NEAR,0.6,1,,,0.01,300
C2_n0.01_d300_r01,C2,202628,10.46,10.16,0.3000000000000007,0.2455443762763446,0.2457799322500143,0.2472736031398707,NEAR,NEAR,0.6,1,,,0.01,300
C2_n0.01_d300_r01,C2,202628,10.48,10.18,0.3000000000000007,0.24774661616318866,0.2487491861414951,0.2476424988902768,NEAR,NEAR,0.6,1,,,0.01,300
C2_n0.01_d300_r01,C2,202628,10.5,10.2,0.3000000000000007,0.25,0.23027152584676694,0.24329975562939934,NEAR,NEAR,0.6,1,,,0.01,300
C2_n0.01_d300_r01,C2,202628,10.52,10.22,0.29999999999999893,0.2522533838368113,0.23382450259897558,0.2409309423717934,NEAR,NEAR,0.6,1,,,0.01,300
C2_n0.01_d300_r01,C2,202628,10.54,10.24,0.29999999999999893,0.2544556237236554,0.23940478753416414,0.2405494036623861,NEAR,NEAR,0.6,1,,,0.01,300
C2_n0.01_d300_r01,C2,202628,10.56,10.26,0.3000000000000007,0.256556736499764,0.22319423261734986,0.23621061090112705,NEAR,NEAR,0.6,1,,,0.01,300
C2_n0.01_d300_r01,C2,202628,10.58,10.28,0.3000000000000007,0.25850903423690136,0.23222374766628925,0.2352138950924176,NEAR,NEAR,0.6,1,,,0.01,300
C2_n0.01_d300_r01,C2,202628,10.6,10.3,0.29999999999999893,0.2602682065889303,0.21872388749124863,0.23109139319212535,NEAR,NEAR,0.6,1,,,0.01,300
C2_n0.01_d300_r01,C2,202628,10.62,10.32,0.29999999999999893,0.2617943264820492,0.2504572957148048,0.2359328688227952,NEAR,NEAR,0.6,1,,,0.01,300
C2_n0.01_d300_r01,C2,202628,10.64,10.34,0.3000000000000007,0.26305275632004294,0.23183602730165626,0.23490865844251047,NEAR,NEAR,0.6,1,,,0.01,300
C2_n0.01_d300_r01,C2,202628,10.66,10.36,0.3000000000000007,0.2640149341368492,0.24861318632117202,0.23833479041217587,NEAR,NEAR,0.6,1,,,0.01,300
C2_n0.01_d300_r01,C2,202628,10.68,10.38,0.29999999999999893,0.2646590218535229,0.23059637929886356,0.2364001876338478,NEAR,NEAR,0.6,1,,,0.01,300
C2_n0.01_d300_r01,C2,202628,10.7,10.4,0.29999999999999893,0.26497040092642404,0.24289810644428753,0.23802466733645775,NEAR,NEAR,0.6,1,,,0.01,300
C2_n0.01_d300_r01,C2,202628,10.72,10.42,0.3000000000000007,0.2649420041371476,0.2585519296525371,0.2431564829154776,NEAR,NEAR,0.6,1,,,0.01,300
C2_n0.01_d300_r01,C2,202628,10.74,10.44,0.3000000000000007,0.2645744759937201,0.2598440758391256,0.2473283811463896,NEAR,NEAR,0.6,1,,,0.01,300
C2_n0.01_d300_r01,C2,202628,10.76,10.46,0.29999999999999893,0.26387615810251686,0.24112285372025086,0.24577699928985494,NEAR,NEAR,0.6,1,,,0.01,300
C2_n0.01_d300_r01,C2,202628,10.78,10.48,0.29999999999999893,0.26286289984290484,0.24520732947708182,0.24563458183666165,NEAR,NEAR,0.6,1,,,0.01,300
C2_n0.01_d300_r01,C2,202628,10.8,10.5,0.3000000000000007,0.2615576986416368,0.24877849398169052,0.24642055987291886,NEAR,NEAR,0.6,1,,,0.01,300
C2_n0.01_d300_r01,C2,202628,10.82,10.52,0.3000000000000007,0.25999017801151375,0.2567787445914225,0.24901010605254476,NEAR,NEAR,0.6,1,,,0.01,300
C2_n0.01_d300_r01,C2,202628,10.84,10.54,0.3000000000000007,0.25819591520101404,0.2524386830807353,0.2498672503095924,NEAR,NEAR,0.6,1,,,0.01,300
C2_n0.01_d300_r01,C2,202628,10.86,10.56,0.29999999999999893,0.25621563371489936,0.2562945635429408,0.2514740786179295,NEAR,NEAR,0.6,1,,,0.01,300
C2_n0.01_d300_r01,C2,202628,10.88,10.58,0.3000000000000007,0.2540942790327598,0.27372261974747597,0.2570362139003161,NEAR,NEAR,0.6,1,,,0.01,300
C2_n0.01_d300_r01,C2,202628,10.9,10.6,0.3000000000000007,0.2518799985034645,0.25432916969916586,0.25635945285002854,NEAR,NEAR,0.6,1,,,0.01,300
C2_n0.01_d300_r01,C2,202628,10.92,10.62,0.3000000000000007,0.24962304856834996,0.268855042485974,0.2594833502590149,NEAR,NEAR,0.6,1,,,0.01,300
C2_n0.01_d300_r01,C2,202628,10.94,10.64,0.29999999999999893,0.24737465411537093,0.2772555937621135,0.26392641113478954,NEAR,NEAR,0.6,1,,,0.01,300
C2_n0.01_d300_r01,C2,202628,10.96,10.66,0.3000000000000007,0.24518584585289174,0.2678744814042052,0.26491342870214346,NEAR,NEAR,0.6,1,,,0.01,300
C2_n0.01_d300_r01,C2,202628,10.98,10.68,0.3000000000000007,0.24310630209067766,0.25751137134935626,0.26306291436394663,NEAR,NEAR,0.6,1,,,0.01,300
C2_n0.01_d300_r01,C2,202628,11.0,10.7,0.3000000000000007,0.24118322121561292,0.25431140748165565,0.2608750376433739,NEAR,NEAR,0.6,1,,,0.01,300
C2_n0.01_d300_r01,C2,202628,11.02,10.72,0.29999999999999893,0.2394602504530173,0.29030696500365905,0.26823301948344513,NEAR,NEAR,0.6,1,,,0.01,300
C2_n0.01_d300_r01,C2,202628,11.04,10.74,0.29999999999999893,0.23797649522693692,0.27852554407121105,0.2708061506303866,NEAR,NEAR,0.6,1,,,0.01,300
C2_n0.01_d300_r01,C2,202628,11.06,10.76,0.3000000000000007,0.2367656316034757,0.27049029810061953,0.27072718749794483,NEAR,NEAR,0.6,1,,,0.01,300
C2_n0.01_d300_r01,C2,202628,11.08,10.78,0.3000000000000007,0.23585514196160703,0.254245712550157,0.26660681876099784,NEAR,NEAR,0.6,1,,,0.01,300
C2_n0.01_d300_r01,C2,202628,11.1,10.8,0.29999999999999893,0.23526569123906968,0.24867717749239746,0.26212440844384777,NEAR,NEAR,0.6,1,,,0.01,300
C2_n0.01_d300_r01,C2,202628,11.12,10.82,0.29999999999999893,0.23501065791039116,0.2587297111623827,0.2612757341234815,NEAR,NEAR,0.6,1,,,0.01,300
C2_n0.01_d300_r01,C2,202628,11.14,10.84,0.3000000000000007,0.23509583034219989,0.2559387606878907,0.2599414907645838,NEAR,NEAR,0.6,1,,,0.01,300
C2_n0.01_d300_r01,C2,202628,11.16,10.86,0.3000000000000007,0.2355192754175009,0.2435251215683655,0.2558373984655292,NEAR,NEAR,0.6,1,,,0.01,300
C2_n0.01_d300_r01,C2,202628,11.18,10.88,0.29999999999999893,0.2362713824106862,0.2560094521291126,0.2558804118814251,NEAR,NEAR,0.6,1,,,0.01,300
C2_n0.01_d300_r01,C2,202628,11.2,10.9,0.29999999999999893,0.23733508111746973,0.2598636526774097,0.2568762220804212,NEAR,NEAR,0.6,1,,,0.01,300
C2_n0.01_d300_r01,C2,202628,11.22,10.92,0.3000000000000007,0.23868622928895847,0.23811907537686966,0.2521869354045333,NEAR,NEAR,0.6,1,,,0.01,300
C2_n0.01_d300_r01,C2,202628,11.24,10.94,0.3000000000000007,0.24029416057645833,0.24826541652269712,0.25120655568407424,NEAR,NEAR,0.6,1,,,0.01,300
C2_n0.01_d300_r01,C2,202628,11.26,10.96,0.29999999999999893,0.24212238055058055,0.2538607230631591,0.2518700975288455,NEAR,NEAR,0.6,1,,,0.01,300
C2_n0.01_d300_r01,C2,202628,11.28,10.98,0.29999999999999893,0.2441293949974419,0.24920582243559067,0.25120402875553177,NEAR,NEAR,0.6,1,,,0.01,300
C2_n0.01_d300_r01,C2,202628,11.3,11.0,0.3000000000000007,0.24626965169252724,0.23366287217188939,0.2468187396096212,NEAR,NEAR,0.6,1,,,0.01,300
C2_n0.01_d300_r01,C2,202628,11.32,11.02,0.3000000000000007,0.2484945742772318,0.23691931842258246,0.24434388431286153,NEAR,NEAR,0.6,1,,,0.01,300
C2_n0.01_d300_r01,C2,202628,11.34,11.04,0.3000000000000007,0.25075366477269656,0.23644857335984842,0.24237005657460825,NEAR,NEAR,0.6,1,,,0.01,300
C2_n0.01_d300_r01,C2,202628,11.36,11.06,0.29999999999999893,0.252995649707716,0.25076830101079395,0.24446961768365466,NEAR,NEAR,0.6,1,,,0.01,300
C2_n0.01_d300_r01,C2,202628,11.38,11.08,0.3000000000000007,0.2551696438476178,0.23865255117482778,0.24301535105644792,NEAR,NEAR,0.6,1,,,0.01,300
C2_n0.01_d300_r01,C2,202628,11.4,11.1,0.3000000000000007,0.2572263051115258,0.23500454608928464,0.24101264981465712,NEAR,NEAR,0.6,1,,,0.01,300
C2_n0.01_d300_r01,C2,202628,11.42,11.12,0.3000000000000007,0.25911895446541905,0.22401109401841368,0.23676226086559626,NEAR,NEAR,0.6,1,,,0.01,300
C2_n0.01_d300_r01,C2,202628,11.44,11.14,0.29999999999999893,0.26080463537331855,0.2303467767712161,0.23515838984200121,NEAR,NEAR,0.6,1,,,0.01,300
C2_n0.01_d300_r01,C2,202628,11.46,11.16,0.3000000000000007,0.2622450887607578,0.2243173634859284,0.23244813325298302,NEAR,NEAR,0.6,1,,,0.01,300
C2_n0.01_d300_r01,C2,202628,11.48,11.18,0.3000000000000007,0.263407621362269,0.23866863002207342,0.2340032574452556,NEAR,NEAR,0.6,1,,,0.01,300
C2_n0.01_d300_r01,C2,202628,11.5,11.2,0.3000000000000007,0.2642658477444273,0.24363609039537315,0.23641146568278498,NEAR,NEAR,0.6,1,,,0.01,300
C2_n0.01_d300_r01,C2,202628,11.52,11.22,0.29999999999999893,0.264800289163118,0.23300182702845657,0.2355590560192029,NEAR,NEAR,0.6,1,,,0.01,300
C2_n0.01_d300_r01,C2,202628,11.54,11.24,0.29999999999999893,0.2649988156630572,0.2416137493332113,0.237072729347705,NEAR,NEAR,0.6,1,,,0.01,300
C2_n0.01_d300_r01,C2,202628,11.56,11.26,0.3000000000000007,0.26485692138544975,0.24493767297751845,0.23903896525515836,NEAR,NEAR,0.6,1,,,0.01,300
C2_n0.01_d300_r01,C2,202628,11.58,11.28,0.3000000000000007,0.2643778268352606,0.23163455101828234,0.23718786169593936,NEAR,NEAR,0.6,1,,,0.01,300
C2_n0.01_d300_r01,C2,202628,11.6,11.3,0.29999999999999893,0.2635724057869903,0.24398209887343064,0.2388864209903122,NEAR,NEAR,0.6,1,,,0.01,300
C2_n0.01_d300_r01,C2,202628,11.62,11.32,0.29999999999999893,0.2624589384879373,0.22153425375998426,0.23454837918273022,NEAR,NEAR,0.6,1,,,0.01,300
C2_n0.01_d300_r01,C2,202628,11.64,11.34,0.3000000000000007,0.2610626967603726,0.2431051651859227,0.23668757568352836,NEAR,NEAR,0.6,1,,,0.01,300
C2_n0.01_d300_r01,C2,202628,11.66,11.36,0.3000000000000007,0.2594153704193605,0.264926967519638,0.24374742364255575,NEAR,NEAR,0.6,1,,,0.01,300
C2_n0.01_d300_r01,C2,202628,11.68,11.38,0.29999999999999893,0.2575543480245365,0.2477974878453489,0.24475993969325405,NEAR,NEAR,0.6,1,,,0.01,300
C2_n0.01_d300_r01,C2,202628,11.7,11.4,0.29999999999999893,0.25552186829027024,0.260781160041603,0.2487652447803413,NEAR,NEAR,0.6,1,,,0.01,300
C2_n0.01_d300_r01,C2,202628,11.72,11.42,0.3000000000000007,0.25336406141424067,0.2504163277146307,0.24917801551391366,NEAR,NEAR,0.6,1,,,0.01,300
C2_n0.01_d300_r01,C2,202628,11.74,11.44,0.3000000000000007,0.25112990208291897,0.2673606267644739,0.25372366832655374,NEAR,NEAR,0.6,1,,,0.01,300
C2_n0.01_d300_r01,C2,202628,11.76,11.46,0.29999999999999893,0.24887009791708103,0.26268411999801117,0.2559637812444181,NEAR,NEAR,0.6,1,,,0.01,300
C2_n0.01_d300_r01,C2,202628,11.78,11.48,0.29999999999999893,0.24663593858575936,0.2615467781344035,0.25735953046691445,NEAR,NEAR,0.6,1,,,0.01,300
C2_n0.01_d300_r01,C2,202628,11.8,11.5,0.3000000000000007,0.2444781317097298,0.26021813791083886,0.25807418232789553,NEAR,NEAR,0.6,1,,,0.01,300
C2_n0.01_d300_r01,C2,202628,11.82,11.52,0.3000000000000007,0.24244565197546356,0.2715156431706501,0.26143454753858414,NEAR,NEAR,0.6,1,,,0.01,300
C2_n0.01_d300_r01,C2,202628,11.84,11.54,0.3000000000000007,0.2405846295806395,0.26360232579459625,0.26197649210258717,NEAR,NEAR,0.6,1,,,0.01,300
C2_n0.01_d300_r01,C2,202628,11.86,11.56,0.29999999999999893,0.23893730323962745,0.27459284090919867,0.26513057930424005,NEAR,NEAR,0.6,1,,,0.01,300
C2_n0.01_d300_r01,C2,202628,11.88,11.58,0.3000000000000007,0.23754106151206278,0.27351856087499726,0.26722757469692937,NEAR,NEAR,0.6,1,,,0.01,300
C2_n0.01_d300_r01,C2,202628,11.9,11.6,0.3000000000000007,0.23642759421300968,0.2691932934072007,0.2677190043744972,NEAR,NEAR,0.6,1,,,0.01,300
C2_n0.01_d300_r01,C2,202628,11.92,11.62,0.3000000000000007,0.23562217316473938,0.25957451234975715,0.2656828813683122,NEAR,NEAR,0.6,1,,,0.01,300
C2_n0.01_d300_r01,C2,202628,11.94,11.64,0.29999999999999893,0.23514307861455025,0.2509371101717746,0.2619964385691778,NEAR,NEAR,0.6,1,,,0.01,300
C2_n0.01_d300_r01,C2,202628,11.96,11.66,0.3000000000000007,0.23500118433694275,0.26508023597560143,0.26276738792078375,NEAR,NEAR,0.6,1,,,0.01,300
C2_n0.01_d300_r01,C2,202628,11.98,11.68,0.3000000000000007,0.235199710836882,0.2709498322558543,0.2648129990045514,NEAR,NEAR,0.6,1,,,0.01,300
C2_n0.01_d300_r01,C2,202628,12.0,11.7,0.3000000000000007,0.25,0.24810130646603656,0.26063507586992274,NEAR,NEAR,0.6,1,,,0.01,300
C2_n0.01_d300_r01,C2,202628,12.02,11.72,0.29999999999999893,0.25175,0.2461128406716966,0.2570045170703662,NEAR,NEAR,0.6,1,,,0.01,300
C2_n0.01_d300_r01,C2,202628,12.04,11.74,0.29999999999999893,0.25349999999999995,0.2520952933699072,0.2557772111452514,NEAR,NEAR,0.6,1,,,0.01,300
C2_n0.01_d300_r01,C2,202628,12.06,11.76,0.3000000000000007,0.25525000000000003,0.24339114883348656,0.2526806955673102,NEAR,NEAR,0.6,1,,,0.01,300
C2_n0.01_d300_r01,C2,202628,12.08,11.78,0.3000000000000007,0.257,0.2579920802727845,0.25400854174367876,NEAR,NEAR,0.6,1,,,0.01,300
C2_n0.01_d300_r01,C2,202628,12.1,11.8,0.29999999999999893,0.25875,0.24650448249023113,0.25213252693031685,NEAR,NEAR,0.6,1,,,0.01,300
C2_n0.01_d300_r01,C2,202628,12.12,11.82,0.29999999999999893,0.26049999999999995,0.2262817618853339,0.2456698356690711,NEAR,NEAR,0.6,1,,,0.01,300
C2_n0.01_d300_r01,C2,202628,12.14,11.84,0.3000000000000007,0.26225000000000004,0.24696748202061897,0.24599424725695807,NEAR,NEAR,0.6,1,,,0.01,300
C2_n0.01_d300_r01,C2,202628,12.16,11.86,0.3000000000000007,0.264,0.2498327863560112,0.24695388203172136,NEAR,NEAR,0.6,1,,,0.01,300
C2_n0.01_d300_r01,C2,202628,12.18,11.88,0.29999999999999893,0.26575,0.24937770870186682,0.2475598386992577,NEAR,NEAR,0.6,1,,,0.01,300
C2_n0.01_d300_r01,C2,202628,12.2,11.9,0.29999999999999893,0.26749999999999996,0.23569178291877999,0.2445928247541383,NEAR,NEAR,0.6,1,,,0.01,300
C2_n0.01_d300_r01,C2,202628,12.22,11.92,0.3000000000000007,0.26925000000000004,0.25103315638179224,0.2462029076610518,NEAR,NEAR,0.6,1,,,0.01,300
C2_n0.01_d300_r01,C2,202628,12.24,11.94,0.3000000000000007,0.271,0.23672817863985907,0.2438342254057536,NEAR,NEAR,0.6,1,,,0.01,300
C2_n0.01_d300_r01,C2,202628,12.26,11.96,0.29999999999999893,0.27275,0.23091260268539252,0.24060381972566333,NEAR,NEAR,0.6,1,,,0.01,300
C2_n0.01_d300_r01,C2,202628,12.28,11.98,0.29999999999999893,0.27449999999999997,0.2294837985832115,0.23782381444005035,NEAR,NEAR,0.6,1,,,0.01,300
C2_n0.01_d300_r01,C2,202628,12.3,12.0,0.3000000000000007,0.27625000000000005,0.2450599884222322,0.2396328579355958,NEAR,NEAR,0.6,1,,,0.01,300
C2_n0.01_d300_r01,C2,202628,12.32,12.02,0.3000000000000007,0.278,0.25319479771838044,0.24302334288129196,NEAR,NEAR,0.6,1,,,0.01,300
C2_n0.01_d300_r01,C2,202628,12.34,12.04,0.3000000000000007,0.27975,0.2479893392795744,0.24426484198086257,NEAR,NEAR,0.6,1,,,0.01,300
C2_n0.01_d300_r01,C2,202628,12.36,12.06,0.29999999999999893,0.2815,0.26665016034694466,0.24986117157238308,NEAR,NEAR,0.6,1,,,0.01,300
C2_n0.01_d300_r01,C2,202628,12.38,12.08,0.3000000000000007,0.28325000000000006,0.25807544380808844,0.2519147396313094,NEAR,NEAR,0.6,1,,,0.01,300
C2_n0.01_d300_r01,C2,202628,12.4,12.1,0.3000000000000007,0.28500000000000003,0.2631078694196473,0.25471302207839386,NEAR,NEAR,0.6,1,,,0.01,300
C2_n0.01_d300_r01,C2,202628,12.42,12.12,0.3000000000000007,0.28675,0.25694477780613495,0.25527096101032914,NEAR,NEAR,0.6,1,,,0.01,300
C2_n0.01_d300_r01,C2,202628,12.44,12.14,0.29999999999999893,0.2885,0.26496371193734564,0.25769414874208324,NEAR,NEAR,0.6,1,,,0.01,300
C2_n0.01_d300_r01,C2,202628,12.46,12.16,0.3000000000000007,0.29025000000000006,0.2791196975243661,0.263050535937654,NEAR,NEAR,0.6,1,,,0.01,300
C2_n0.01_d300_r01,C2,202628,12.48,12.18,0.3000000000000007,0.29200000000000004,0.25789683318857604,0.2617621102503845,NEAR,NEAR,0.6,1,,,0.01,300
C2_n0.01_d300_r01,C2,202628,12.5,12.2,0.3000000000000007,0.29375,0.27835589433739216,0.26591055627213644,NEAR,NEAR,0.6,1,,,0.01,300
C2_n0.01_d300_r01,C2,202628,12.52,12.22,0.29999999999999893,0.2955,0.25496920036926496,0.2631752172964186,NEAR,NEAR,0.6,1,,,0.01,300
C2_n0.01_d300_r01,C2,202628,12.54,12.24,0.29999999999999893,0.2972499999999999,0.27432405065302484,0.26596242563557015,NEAR,NEAR,0.6,1,,,0.01,300
C2_n0.01_d300_r01,C2,202628,12.56,12.26,0.3000000000000007,0.29900000000000004,0.26686052731096027,0.2661869510544177,NEAR,NEAR,0.6,1,,,0.01,300
C2_n0.01_d300_r01,C2,202628,12.58,12.28,0.3000000000000007,0.30075,0.2721015594439513,0.2676656031518011,NEAR,NEAR,0.6,1,,,0.01,300
C2_n0.01_d300_r01,C2,202628,12.6,12.3,0.29999999999999893,0.3025,0.28189473352197597,0.27122288574434483,NEAR,NEAR,0.6,1,,,0.01,300
C2_n0.01_d300_r01,C2,202628,12.62,12.32,0.29999999999999893,0.3042499999999999,0.2771743209317505,0.27271074454119626,NEAR,NEAR,0.6,1,,,0.01,300
C2_n0.01_d300_r01,C2,202628,12.64,12.34,0.3000000000000007,0.30600000000000005,0.2815633304684598,0.2749238910230122,NEAR,NEAR,0.6,1,,,0.01,300
C2_n0.01_d300_r01,C2,202628,12.66,12.36,0.3000000000000007,0.30775,0.2843556407579072,0.27728182845673593,NEAR,NEAR,0.6,1,,,0.01,300
C2_n0.01_d300_r01,C2,202628,12.68,12.38,0.29999999999999893,0.3095,0.2914756755215036,0.2808302902229278,NEAR,NEAR,0.6,1,,,0.01,300
C2_n0.01_d300_r01,C2,202628,12.7,12.4,0.29999999999999893,0.3112499999999999,0.28953105541530655,0.2830054815210225,NEAR,NEAR,0.6,1,,,0.01,300
C2_n0.01_d300_r01,C2,202628,12.72,12.42,0.3000000000000007,0.31300000000000006,0.293439440258546,0.2856139712054034,NEAR,NEAR,0.6,1,,,0.01,300
C2_n0.01_d300_r01,C2,202628,12.74,12.44,0.3000000000000007,0.31475000000000003,0.28550783287763215,0.2855874366234606,NEAR,NEAR,0.6,1,,,0.01,300
C2_n0.01_d300_r01,C2,202628,12.76,12.46,0.29999999999999893,0.3165,0.2875130540993744,0.28606884099243907,NEAR,NEAR,0.6,1,,,0.01,300
C2_n0.01_d300_r01,C2,202628,12.78,12.48,0.29999999999999893,0.3182499999999999,0.2807555198687552,0.2847405107115181,NEAR,NEAR,0.6,1,,,0.01,300
C2_n0.01_d300_r01,C2,202628,12.8,12.5,0.3000000000000007,0.32000000000000006,0.29004677109526567,0.286067075807455,NEAR,NEAR,0.6,1,,,0.01,300
C2_n0.01_d300_r01,C2,202628,12.82,12.52,0.3000000000000007,0.32175000000000004,0.2890089303704505,0.2868025394482039,NEAR,NEAR,0.6,1,,,0.01,300
C2_n0.01_d300_r01,C2,202628,12.84,12.54,0.3000000000000007,0.3235,0.30911025562434113,0.29237946849223817,NEAR,NEAR,0.6,1,,,0.01,300
C2_n0.01_d300_r01,C2,202628,12.86,12.56,0.29999999999999893,0.32524999999999993,0.3058327257393565,0.2957427828040178,NEAR,NEAR,0.6,1,,,0.01,300
C2_n0.01_d300_r01,C2,202628,12.88,12.58,0.3000000000000007,0.32700000000000007,0.2970889944717935,0.2960793357209617,NEAR,NEAR,0.6,1,,,0.01,300
C2_n0.01_d300_r01,C2,202628,12.9,12.6,0.3000000000000007,0.32875000000000004,0.3033222668861069,0.297890068512248,NEAR,NEAR,0.6,1,,,0.01,300
C2_n0.01_d300_r01,C2,202628,12.92,12.62,0.3000000000000007,0.3305,0.292754079683534,0.2966060713050695,NEAR,NEAR,0.6,1,,,0.01,300
C2_n0.01_d300_r01,C2,202628,12.94,12.64,0.29999999999999893,0.33224999999999993,0.2987787406916406,0.2971492386517123,NEAR,NEAR,0.6,1,,,0.01,300
C2_n0.01_d300_r01,C2,202628,12.96,12.66,0.3000000000000007,0.3340000000000001,0.2932324372434078,0.2961700382996362,NEAR,NEAR,0.6,1,,,0.01,300
C2_n0.01_d300_r01,C2,202628,12.98,12.68,0.3000000000000007,0.33575000000000005,0.319222209337483,0.3019330810590979,NEAR,NEAR,0.6,1,,,0.01,300
C2_n0.01_d300_r01,C2,202628,13.0,12.7,0.3000000000000007,0.3375,0.32382772058544074,0.3074067409406836,NEAR,NEAR,0.6,1,,,0.01,300
C2_n0.01_d300_r01,C2,202628,13.02,12.72,0.29999999999999893,0.33924999999999994,0.3143484599720301,0.30914217069852024,NEAR,NEAR,0.6,1,,,0.01,300
C2_n0.01_d300_r01,C2,202628,13.04,12.74,0.29999999999999893,0.3409999999999999,0.3186046448785203,0.31150778924352024,NEAR,NEAR,0.6,1,,,0.01,300
C2_n0.01_d300_r01,C2,202628,13.06,12.76,0.3000000000000007,0.34275000000000005,0.3046467917136992,0.309792539861065,NEAR,NEAR,0.6,1,,,0.01,300
C2_n0.01_d300_r01,C2,202628,13.08,12.78,0.3000000000000007,0.34450000000000003,0.32115399368624997,0.3126329033173612,NEAR,NEAR,0.6,1,,,0.01,300
C2_n0.01_d300_r01,C2,202628,13.1,12.8,0.29999999999999893,0.34624999999999995,0.30503756251212993,0.3107340681160534,NEAR,NEAR,0.6,1,,,0.01,300
C2_n0.01_d300_r01,C2,202628,13.12,12.82,0.29999999999999893,0.3479999999999999,0.31465225858852286,0.3117136157341708,NEAR,NEAR,0.6,1,,,0.01,300
C2_n0.01_d300_r01,C2,202628,13.14,12.84,0.3000000000000007,0.34975000000000006,0.3348459861106091,0.31749670832828036,NEAR,NEAR,0.6,1,,,0.01,300
C2_n0.01_d300_r01,C2,202628,13.16,12.86,0.3000000000000007,0.35150000000000003,0.32809617501004784,0.32014657499872223,FAR,NEAR,0.6,1,,,0.01,300
C2_n0.01_d300_r01,C2,202628,13.18,12.88,0.29999999999999893,0.35324999999999995,0.3187507874709065,0.3197976281167683,FAR,NEAR,0.6,1,,,0.01,300
C2_n0.01_d300_r01,C2,202628,13.2,12.9,0.29999999999999893,0.3549999999999999,0.3107750929089238,0.31754199431480723,FAR,NEAR,0.6,1,,,0.01,300
C2_n0.01_d300_r01,C2,202628,13.22,12.92,0.3000000000000007,0.35675000000000007,0.34268257122659224,0.32382713854275347,FAR,NEAR,0.6,1,,,0.01,300
C2_n0.01_d300_r01,C2,202628,13.24,12.94,0.3000000000000007,0.35850000000000004,0.3466847345118162,0.32954153753501914,FAR,NEAR,0.6,1,,,0.01,300
C2_n0.01_d300_r01,C2,202628,13.26,12.96,0.29999999999999893,0.36024999999999996,0.3324156569549359,0.33026006738999836,FAR,NEAR,0.6,1,,,0.01,300
C2_n0.01_d300_r01,C2,202628,13.28,12.98,0.29999999999999893,0.36199999999999993,0.3372140802161346,0.3319985705965324,FAR,NEAR,0.6,1,,,0.01,300
C2_n0.01_d300_r01,C2,202628,13.3,13.0,0.3000000000000007,0.3637500000000001,0.32578543791770714,0.3304452874268261,FAR,NEAR,0.6,1,,,0.01,300
C2_n0.01_d300_r01,C2,202628,13.32,13.02,0.3000000000000007,0.36550000000000005,0.35498472594686914,0.33658014705683686,FAR,NEAR,0.6,1,,,0.01,300
C2_n0.01_d300_r01,C2,202628,13.34,13.04,0.3000000000000007,0.36724999999999997,0.34442675798274225,0.3385417997883132,FAR,NEAR,0.6,1,,,0.01,300
C2_n0.01_d300_r01,C2,202628,13.36,13.06,0.29999999999999893,0.36899999999999994,0.3608997291720135,0.3441312821342383,FAR,NEAR,0.6,1,,,0.01,300
C2_n0.01_d300_r01,C2,202628,13.38,13.08,0.3000000000000007,0.3707500000000001,0.344136796597849,0.344132660750141,FAR,NEAR,0.6,1,,,0.01,300
C2_n0.01_d300_r01,C2,202628,13.4,13.1,0.3000000000000007,0.37250000000000005,0.3572975927297267,0.34742389374503746,FAR,NEAR,0.6,1,,,0.01,300
C2_n0.01_d300_r01,C2,202628,13.42,13.12,0.3000000000000007,0.37424999999999997,0.3621542418221698,0.3511064807643205,FAR,NEAR,0.6,1,,,0.01,300
C2_n0.01_d300_r01,C2,202628,13.44,13.14,0.29999999999999893,0.37599999999999995,0.33734810988192027,0.3476668880437204,FAR,NEAR,0.6,1,,,0.01,300
C2_n0.01_d300_r01,C2,202628,13.46,13.16,0.3000000000000007,0.37775000000000003,0.3545071881521629,0.34937696307083105,FAR,NEAR,0.6,1,,,0.01,300
C2_n0.01_d300_r01,C2,202628,13.48,13.18,0.3000000000000007,0.37950000000000006,0.3550071818821895,0.3507845177736707,FAR,NEAR,0.6,1,,,0.01,300
C2_n0.01_d300_r01,C2,202628,13.5,13.2,0.3000000000000007,0.38125,0.3627310421121806,0.3537711488582982,FAR,NEAR,0.6,1,,,0.01,300
C2_n0.01_d300_r01,C2,202628,13.52,13.22,0.29999999999999893,0.38299999999999995,0.3740082847202633,0.35883043282378946,FAR,NEAR,0.6,1,,,0.01,300
C2_n0.01_d300_r01,C2,202628,13.54,13.24,0.29999999999999893,0.3847499999999999,0.3530353142071835,0.357381653169638,FAR,NEAR,0.6,1,,,0.01,300
C2_n0.01_d300_r01,C2,202628,13.56,13.26,0.3000000000000007,0.38650000000000007,0.3602829981009524,0.35810698940246655,FAR,NEAR,0.6,1,,,0.01,300
C2_n0.01_d300_r01,C2,202628,13.58,13.28,0.3000000000000007,0.38825,0.37542448114239,0.36243636233744747,FAR,NEAR,0.6,1,,,0.01,300
C2_n0.01_d300_r01,C2,202628,13.6,13.3,0.29999999999999893,0.38999999999999996,0.3769520648180813,0.36606528795760596,FAR,NEAR,0.6,1,,,0.01,300
C2_n0.01_d300_r01,C2,202628,13.62,13.32,0.29999999999999893,0.39174999999999993,0.3604370987764467,0.3646582406623161,FAR,NEAR,0.6,1,,,0.01,300
C2_n0.01_d300_r01,C2,202628,13.64,13.34,0.3000000000000007,0.39350000000000007,0.3719604372007866,0.3664837897969337,FAR,NEAR,0.6,1,,,0.01,300
C2_n0.01_d300_r01,C2,202628,13.66,13.36,0.3000000000000007,0.39525,0.36579806803090126,0.36631235935542555,FAR,NEAR,0.6,1,,,0.01,300
C2_n0.01_d300_r01,C2,202628,13.68,13.38,0.29999999999999893,0.39699999999999996,0.3461488619165697,0.3612714849957116,FAR,NEAR,0.6,1,,,0.01,300
C2_n0.01_d300_r01,C2,202628,13.7,13.4,0.29999999999999893,0.39874999999999994,0.36536538402444063,0.3622949597528939,FAR,NEAR,0.6,1,,,0.01,300
C2_n0.01_d300_r01,C2,202628,13.72,13.42,0.3000000000000007,0.4005000000000001,0.38474994726368605,0.36790870663059194,FAR,NEAR,0.6,1,,,0.01,300
C2_n0.01_d300_r01,C2,202628,13.74,13.44,0.3000000000000007,0.40225,0.38351756079994614,0.3718109201729305,FAR,NEAR,0.6,1,,,0.01,300
C2_n0.01_d300_r01,C2,202628,13.76,13.46,0.29999999999999893,0.40399999999999997,0.3729467610811352,0.3720948803999817,FAR,NEAR,0.6,1,,,0.01,300
C2_n0.01_d300_r01,C2,202628,13.78,13.48,0.29999999999999893,0.40574999999999994,0.3697687486786411,0.37151334746964654,FAR,NEAR,0.6,1,,,0.01,300
C2_n0.01_d300_r01,C2,202628,13.8,13.5,0.3000000000000007,0.4075000000000001,0.3979996373689935,0.3781349199444833,FAR,NEAR,0.6,1,,,0.01,300
C2_n0.01_d300_r01,C2,202628,13.82,13.52,0.3000000000000007,0.40925,0.39185138389657126,0.3815640359325053,FAR,FAR,0.0,1,EXIT_NEAR,,0.01,300
C2_n0.01_d300_r01,C2,202628,13.84,13.54,0.3000000000000007,0.411,0.3859998071056726,0.3826729787257971,FAR,FAR,0.0,1,,,0.01,300
C2_n0.01_d300_r01,C2,202628,13.86,13.56,0.29999999999999893,0.41274999999999995,0.3896969386566829,0.3844289687085185,FAR,FAR,0.0,1,,,0.01,300
C2_n0.01_d300_r01,C2,202628,13.88,13.58,0.3000000000000007,0.4145000000000001,0.39059287460044473,0.3859699451815001,FAR,FAR,0.0,1,,,0.01,300
C2_n0.01_d300_r01,C2,202628,13.9,13.6,0.3000000000000007,0.41625,0.38101886103678084,0.3847321741453203,FAR,FAR,0.0,1,,,0.01,300
C2_n0.01_d300_r01,C2,202628,13.92,13.62,0.3000000000000007,0.418,0.3904856393148091,0.3861705404376925,FAR,FAR,0.0,1,,,0.01,300
C2_n0.01_d300_r01,C2,202628,13.94,13.64,0.29999999999999893,0.41974999999999996,0.39290174032385805,0.3878533404092339,FAR,FAR,0.0,1,,,0.01,300
C2_n0.01_d300_r01,C2,202628,13.96,13.66,0.3000000000000007,0.4215000000000001,0.41360710233363884,0.3942917808903351,FAR,FAR,0.0,1,,,0.01,300
C2_n0.01_d300_r01,C2,202628,13.98,13.68,0.3000000000000007,0.42325,0.38155345649114825,0.39110719979053843,FAR,FAR,0.0,1,,,0.01,300
C2_n0.01_d300_r01,C2,202628,14.0,13.7,0.3000000000000007,0.425,0.4033788995316051,0.39417512472580507,FAR,FAR,0.0,1,,,0.01,300
C2_n0.01_d300_r01,C2,202628,14.02,13.72,0.29999999999999893,0.42674999999999996,0.42084780314357245,0.40084329433024696,FAR,FAR,0.0,1,,,0.01,300
C2_n0.01_d300_r01,C2,202628,14.04,13.74,0.29999999999999893,0.4284999999999999,0.4048947561454337,0.40185615978404365,FAR,FAR,0.0,1,,,0.01,300
C2_n0.01_d300_r01,C2,202628,14.06,13.76,0.3000000000000007,0.43025,0.3953349143081406,0.40022584841506786,FAR,FAR,0.0,1,,,0.01,300
C2_n0.01_d300_r01,C2,202628,14.08,13.78,0.3000000000000007,0.432,0.41285599369793446,0.4033833847357845,FAR,FAR,0.0,1,,,0.01,300
C2_n0.01_d300_r01,C2,202628,14.1,13.8,0.29999999999999893,0.43374999999999997,0.414111451163727,0.40606540134277014,FAR,FAR,0.0,1,,,0.01,300
C2_n0.01_d300_r01,C2,202628,14.12,13.82,0.29999999999999893,0.4354999999999999,0.4054054885179303,0.4059004231365602,FAR,FAR,0.0,1,,,0.01,300
C2_n0.01_d300_r01,C2,202628,14.14,13.84,0.3000000000000007,0.43725,0.3957279917321006,0.40335731528544533,FAR,FAR,0.0,1,,,0.01,300
C2_n0.01_d300_r01,C2,202628,14.16,13.86,0.3000000000000007,0.439,0.42608890734010585,0.40904021329911044,FAR,FAR,0.0,1,,,0.01,300
C2_n0.01_d300_r01,C2,202628,14.18,13.88,0.29999999999999893,0.44075,0.40820251717251,0.4088307892674603,FAR,FAR,0.0,1,,,0.01,300
C2_n0.01_d300_r01,C2,202628,14.2,13.9,0.29999999999999893,0.4424999999999999,0.4131654829034552,0.40991446267645903,FAR,FAR,0.0,1,,,0.01,300
C2_n0.01_d300_r01,C2,202628,14.22,13.92,0.3000000000000007,0.44425000000000003,0.4093000999528431,0.40976087199555505,FAR,FAR,0.0,1,,,0.01,300
C2_n0.01_d300_r01,C2,202628,14.24,13.94,0.3000000000000007,0.446,0.42742249319563147,0.41417627729557416,FAR,FAR,0.0,1,,,0.01,300
C2_n0.01_d300_r01,C2,202628,14.26,13.96,0.29999999999999893,0.44775,0.4199925021018335,0.41563033349713896,FAR,FAR,0.0,1,,,0.01,300
C2_n0.01_d300_r01,C2,202628,14.28,13.98,0.29999999999999893,0.4494999999999999,0.42575999425249444,0.4181627486859778,FAR,FAR,0.0,1,,,0.01,300
C2_n0.01_d300_r01,C2,202628,14.3,14.0,0.3000000000000007,0.45125000000000004,0.41919236397130477,0.4184201525073096,FAR,FAR,0.0,1,,,0.01,300
C2_n0.01_d300_r01,C2,202628,14.32,14.02,0.3000000000000007,0.453,0.42389757707195774,0.4197895086484716,FAR,FAR,0.0,1,,,0.01,300
C2_n0.01_d300_r01,C2,202628,14.34,14.04,0.3000000000000007,0.45475,0.4233143930026791,0.42067072973702346,FAR,FAR,0.0,1,,,0.01,300
C2_n0.01_d300_r01,C2,202628,14.36,14.06,0.29999999999999893,0.4564999999999999,0.42540524470383734,0.4218543584787269,FAR,FAR,0.0,1,,,0.01,300
C2_n0.01_d300_r01,C2,202628,14.38,14.08,0.3000000000000007,0.45825000000000005,0.42630555168759116,0.42296715678094293,FAR,FAR,0.0,1,,,0.01,300
C2_n0.01_d300_r01,C2,202628,14.4,14.1,0.3000000000000007,0.46,0.42782154919333487,0.4241807548840409,FAR,FAR,0.0,1,,,0.01,300
C2_n0.01_d300_r01,C2,202628,14.42,14.12,0.3000000000000007,0.46175,0.43460420314911213,0.42678661695030873,FAR,FAR,0.0,1,,,0.01,300
C2_n0.01_d300_r01,C2,202628,14.44,14.14,0.29999999999999893,0.4634999999999999,0.4344225404162486,0.42869559781679367,FAR,FAR,0.0,1,,,0.01,300
C2_n0.01_d300_r01,C2,202628,14.46,14.16,0.3000000000000007,0.46525000000000005,0.43936351931225115,0.43136257819065804,FAR,FAR,0.0,1,,,0.01,300
C2_n0.01_d300_r01,C2,202628,14.48,14.18,0.3000000000000007,0.467,0.4409796714202066,0.43376685149804517,FAR,FAR,0.0,1,,,0.01,300
C2_n0.01_d300_r01,C2,202628,14.5,14.2,0.3000000000000007,0.46875,0.41394003816477465,0.4288101481647275,FAR,FAR,0.0,1,,,0.01,300
C2_n0.01_d300_r01,C2,202628,14.52,14.22,0.29999999999999893,0.4704999999999999,0.4354058371051682,0.43045907039983766,FAR,FAR,0.0,1,,,0.01,300
C2_n0.01_d300_r01,C2,202628,14.54,14.24,0.29999999999999893,0.47224999999999995,0.4467800491868896,0.43453931509660065,FAR,FAR,0.0,1,,,0.01,300
C2_n0.01_d300_r01,C2,202628,14.56,14.26,0.3000000000000007,0.47400000000000003,0.4523294898688174,0.4389868587896548,FAR,FAR,0.0,1,,,0.01,300
C2_n0.01_d300_r01,C2,202628,14.58,14.28,0.3000000000000007,0.47575,0.4613787063824659,0.4445848206878576,FAR,FAR,0.0,1,,,0.01,300
C2_n0.01_d300_r01,C2,202628,14.6,14.3,0.29999999999999893,0.4774999999999999,0.45605731985487763,0.4474529454796126,FAR,FAR,0.0,1,,,0.01,300
C2_n0.01_d300_r01,C2,202628,14.62,14.32,0.29999999999999893,0.47924999999999995,0.4524399387939035,0.44869969380818536,FAR,FAR,0.0,1,,,0.01,300
C2_n0.01_d300_r01,C2,202628,14.64,14.34,0.3000000000000007,0.48100000000000004,0.44334488749328765,0.44736099222946096,FAR,FAR,0.0,1,,,0.01,300
C2_n0.01_d300_r01,C2,202628,14.66,14.36,0.3000000000000007,0.48275,0.4650036623292261,0.45177165975440225,FAR,FAR,0.0,1,,,0.01,300
C2_n0.01_d300_r01,C2,202628,14.68,14.38,0.29999999999999893,0.48449999999999993,0.4709476843743047,0.45656566590937786,FAR,FAR,0.0,1,,,0.01,300
C2_n0.01_d300_r01,C2,202628,14.7,14.4,0.29999999999999893,0.48624999999999996,0.46366884637868533,0.45834146102670476,FAR,FAR,0.0,1,,,0.01,300
C2_n0.01_d300_r01,C2,202628,14.72,14.42,0.3000000000000007,0.48800000000000004,0.48440439417713294,0.46485719431431183,FAR,FAR,0.0,1,,,0.01,300
C2_n0.01_d300_r01,C2,202628,14.74,14.44,0.3000000000000007,0.48975,0.47907782058842957,0.4684123508828413,FAR,FAR,0.0,1,,,0.01,300
C2_n0.01_d300_r01,C2,202628,14.76,14.46,0.29999999999999893,0.49149999999999994,0.4423069547587992,0.46188600185183076,FAR,FAR,0.0,1,,,0.01,300
C2_n0.01_d300_r01,C2,202628,14.78,14.48,0.29999999999999893,0.49324999999999997,0.4774988842771962,0.4657892224581721,FAR,FAR,0.0,1,,,0.01,300
C2_n0.01_d300_r01,C2,202628,14.8,14.5,0.3000000000000007,0.49500000000000005,0.4445142322966859,0.4604704749178006,FAR,FAR,0.0,1,,,0.01,300
C2_n0.01_d300_r01,C2,202628,14.82,14.52,0.3000000000000007,0.49675,0.47869667436492314,0.46502702477958124,FAR,FAR,0.0,1,,,0.01,300
C2_n0.01_d300_r01,C2,202628,14.84,14.54,0.3000000000000007,0.49849999999999994,0.460208599232592,0.46382241839283395,FAR,FAR,0.0,1,,,0.01,300
C2_n0.01_d300_r01,C2,202628,14.86,14.56,0.29999999999999893,0.5002499999999999,0.4761208939752919,0.46689703728844845,FAR,FAR,0.0,1,,,0.01,300
C2_n0.01_d300_r01,C2,202628,14.88,14.58,0.3000000000000007,0.502,0.4909403207227063,0.4729078581470129,FAR,FAR,0.0,1,,,0.01,300
C2_n0.01_d300_r01,C2,202628,14.9,14.6,0.3000000000000007,0.50375,0.47819044390412674,0.47422850458629134,FAR,FAR,0.0,1,,,0.01,300
C2_n0.01_d300_r01,C2,202628,14.92,14.62,0.3000000000000007,0.5055000000000001,0.4695648149478664,0.4730625821766851,FAR,FAR,0.0,1,,,0.01,300
C2_n0.01_d300_r01,C2,202628,14.94,14.64,0.29999999999999893,0.50725,0.49502206608297306,0.4785524531532571,FAR,FAR,0.0,1,,,0.01,300
C2_n0.01_d300_r01,C2,202628,14.96,14.66,0.3000000000000007,0.5090000000000001,0.4992316114404867,0.4837222427250645,FAR,FAR,0.0,1,,,0.01,300
C2_n0.01_d300_r01,C2,202628,14.98,14.68,0.3000000000000007,0.51075,0.4795133481810079,0.48267001908905033,FAR,FAR,0.0,1,,,0.01,300
C2_n0.01_d300_r01,C2,202628,15.0,14.7,0.3000000000000007,0.5125,0.4800565414181634,0.4820166496713286,FAR,FAR,0.0,1,,,0.01,300
C2_n0.01_d300_r01,C2,202628,15.02,14.72,0.29999999999999893,0.5142499999999999,0.48839344514952054,0.48361084854087666,FAR,FAR,0.0,1,,,0.01,300
C2_n0.01_d300_r01,C2,202628,15.04,14.74,0.29999999999999893,0.5159999999999999,0.48474335915499395,0.48389397619440594,FAR,FAR,0.0,1,,,0.01,300
C2_n0.01_d300_r01,C2,202628,15.06,14.76,0.3000000000000007,0.51775,0.5005166588850465,0.4880496468670661,FAR,FAR,0.0,1,,,0.01,300
C2_n0.01_d300_r01,C2,202628,15.08,14.78,0.3000000000000007,0.5195,0.485362685351766,0.4873779064882411,FAR,FAR,0.0,1,,,0.01,300
C2_n0.01_d300_r01,C2,202628,15.1,14.8,0.29999999999999893,0.52125,0.5049580249534391,0.4917729361045406,FAR,FAR,0.0,1,,,0.01,300
C2_n0.01_d300_r01,C2,202628,15.12,14.82,0.29999999999999893,0.5229999999999999,0.4899721587534297,0.4913227417667628,FAR,FAR,0.0,1,,,0.01,300
C2_n0.01_d300_r01,C2,202628,15.14,14.84,0.3000000000000007,0.52475,0.49941503853065317,0.4933458159577354,FAR,FAR,0.0,1,,,0.01,300
C2_n0.01_d300_r01,C2,202628,15.16,14.86,0.3000000000000007,0.5265,0.5071712723714584,0.49680218006116617,FAR,FAR,0.0,1,,,0.01,300
C2_n0.01_d300_r01,C2,202628,15.18,14.88,0.29999999999999893,0.5282499999999999,0.5019523912829406,0.49808973286660974,FAR,FAR,0.0,1,,,0.01,300
C2_n0.01_d300_r01,C2,202628,15.2,14.9,0.29999999999999893,0.5299999999999999,0.5144409681153401,0.5021775416787924,FAR,FAR,0.0,1,,,0.01,300
C2_n0.01_d300_r01,C2,202628,15.22,14.92,0.3000000000000007,0.5317500000000001,0.501611243338223,0.5020359670936501,FAR,FAR,0.0,1,,,0.01,300
C2_n0.01_d300_r01,C2,202628,15.24,14.94,0.3000000000000007,0.5335,0.5131426645005611,0.5048126414453779,FAR,FAR,0.0,1,,,0.01,300
C2_n0.01_d300_r01,C2,202628,15.26,14.96,0.29999999999999893,0.53525,0.5183741984066816,0.5082030306857037,FAR,FAR,0.0,1,,,0.01,300
C2_n0.01_d300_r01,C2,202628,15.28,14.98,0.29999999999999893,0.5369999999999999,0.4951462215195651,0.504938828394169,FAR,FAR,0.0,1,,,0.01,300
C2_n0.01_d300_r01,C2,202628,15.3,15.0,0.3000000000000007,0.5387500000000001,0.5177507440824284,0.5081418073162339,FAR,FAR,0.0,1,,,0.01,300
C2_n0.01_d300_r01,C2,202628,15.32,15.02,0.3000000000000007,0.5405,0.5166395374838416,0.5102662398581358,FAR,FAR,0.0,1,,,0.01,300
C2_n0.01_d300_r01,C2,202628,15.34,15.04,0.3000000000000007,0.5422499999999999,0.5154794665131698,0.5115695465218943,FAR,FAR,0.0,1,,,0.01,300
C2_n0.01_d300_r01,C2,202628,15.36,15.06,0.29999999999999893,0.5439999999999999,0.5162862754864842,0.5127487287630418,FAR,FAR,0.0,1,,,0.01,300
C2_n0.01_d300_r01,C2,202628,15.38,15.08,0.3000000000000007,0.5457500000000001,0.518306216879767,0.5141381007922231,FAR,FAR,0.0,1,,,0.01,300
C2_n0.01_d300_r01,C2,202628,15.4,15.1,0.3000000000000007,0.5475,0.5271475926389736,0.5173904737539108,FAR,FAR,0.0,1,,,0.01,300
C2_n0.01_d300_r01,C2,202628,15.42,15.12,0.3000000000000007,0.54925,0.5279303522523662,0.5200254433785246,FAR,FAR,0.0,1,,,0.01,300
C2_n0.01_d300_r01,C2,202628,15.44,15.14,0.29999999999999893,0.5509999999999999,0.5201819374762375,0.5200645669029529,FAR,FAR,0.0,1,,,0.01,300
C2_n0.01_d300_r01,C2,202628,15.46,15.16,0.3000000000000007,0.5527500000000001,0.5339783761728888,0.5235430192204369,FAR,FAR,0.0,1,,,0.01,300
C2_n0.01_d300_r01,C2,202628,15.48,15.18,0.3000000000000007,0.5545,0.5328421629405328,0.5258678051504608,FAR,FAR,0.0,1,,,0.01,300
C2_n0.01_d300_r01,C2,202628,15.5,15.2,0.3000000000000007,0.5562499999999999,0.5318564962023293,0.527364977913428,FAR,FAR,0.0,1,,,0.01,300
C2_n0.01_d300_r01,C2,202628,15.52,15.22,0.29999999999999893,0.5579999999999999,0.521520765127455,0.5259039247169347,FAR,FAR,0.0,1,,,0.01,300
C2_n0.01_d300_r01,C2,202628,15.54,15.24,0.29999999999999893,0.55975,0.5330047865027465,0.5276791401633877,FAR,FAR,0.0,1,,,0.01,300
C2_n0.01_d300_r01,C2,202628,15.56,15.26,0.3000000000000007,0.5615,0.529285314446388,0.5280806837341379,FAR,FAR,0.0,1,,,0.01,300
C2_n0.01_d300_r01,C2,202628,15.58,15.28,0.3000000000000007,0.56325,0.5399793708801437,0.5310553555206393,FAR,FAR,0.0,1,,,0.01,300
C2_n0.01_d300_r01,C2,202628,15.6,15.3,0.29999999999999893,0.565,0.5354103141637462,0.532144095181416,FAR,FAR,0.0,1,,,0.01,300
C2_n0.01_d300_r01,C2,202628,15.62,15.32,0.29999999999999893,0.5667499999999999,0.5606678571086482,0.5392750356632241,FAR,FAR,0.0,1,,,0.01,300
C2_n0.01_d300_r01,C2,202628,15.64,15.34,0.3000000000000007,0.5685,0.542506942721886,0.5400830124278896,FAR,FAR,0.0,1,,,0.01,300
C2_n0.01_d300_r01,C2,202628,15.66,15.36,0.3000000000000007,0.5702499999999999,0.5398306598716773,0.5400199242888366,FAR,FAR,0.0,1,,,0.01,300
C2_n0.01_d300_r01,C2,202628,15.68,15.38,0.29999999999999893,0.572,0.5387422475657047,0.5397005051080537,FAR,FAR,0.0,1,,,0.01,300
C2_n0.01_d300_r01,C2,202628,15.7,15.4,0.29999999999999893,0.57375,0.5422519540439263,0.5403383673420219,FAR,FAR,0.0,1,,,0.01,300
C2_n0.01_d300_r01,C2,202628,15.72,15.42,0.3000000000000007,0.5755,0.5475442649298194,0.5421398417389713,FAR,FAR,0.0,1,,,0.01,300
C2_n0.01_d300_r01,C2,202628,15.74,15.44,0.3000000000000007,0.57725,0.5358444976831086,0.5405660057250057,FAR,FAR,0.0,1,,,0.01,300
C2_n0.01_d300_r01,C2,202628,15.76,15.46,0.29999999999999893,0.579,0.5723766741347769,0.5485186728274485,FAR,FAR,0.0,1,,,0.01,300
C2_n0.01_d300_r01,C2,202628,15.78,15.48,0.29999999999999893,0.5807499999999999,0.5617725080380888,0.5518321316301086,FAR,FAR,0.0,1,,,0.01,300
C2_n0.01_d300_r01,C2,202628,15.8,15.5,0.3000000000000007,0.5825,0.5392292662698682,0.5486814152900484,FAR,FAR,0.0,1,,,0.01,300
C2_n0.01_d300_r01,C2,202628,15.82,15.52,0.3000000000000007,0.5842499999999999,0.5753507984948298,0.5553487610912438,FAR,FAR,0.0,1,,,0.01,300
C2_n0.01_d300_r01,C2,202628,15.84,15.54,0.3000000000000007,0.586,0.5579896807443703,0.5560089910045254,FAR,FAR,0.0,1,,,0.01,300
C2_n0.01_d300_r01,C2,202628,15.86,15.56,0.29999999999999893,0.58775,0.5761527604183099,0.5610449333579715,FAR,FAR,0.0,1,,,0.01,300
C2_n0.01_d300_r01,C2,202628,15.88,15.58,0.3000000000000007,0.5895,0.5660625405076665,0.5622993351453952,FAR,FAR,0.0,1,,,0.01,300
C2_n0.01_d300_r01,C2,202628,15.9,15.6,0.3000000000000007,0.59125,0.5621439337736488,0.5622604848024586,FAR,FAR,0.0,1,,,0.01,300
C2_n0.01_d300_r01,C2,202628,15.92,15.62,0.3000000000000007,0.593,0.5713991526101313,0.5645451517543768,FAR,FAR,0.0,1,,,0.01,300
C2_n0.01_d300_r01,C2,202628,15.94,15.64,0.29999999999999893,0.5947499999999999,0.5671071296376866,0.5651856462252043,FAR,FAR,0.0,1,,,0.01,300
C2_n0.01_d300_r01,C2,202628,15.96,15.66,0.3000000000000007,0.5965,0.5796740325796111,0.568807742813806,FAR,FAR,0.0,1,,,0.01,300
C2_n0.01_d300_r01,C2,202628,15.98,15.68,0.3000000000000007,0.59825,0.565379261377734,0.5679506224547879,FAR,FAR,0.0,1,,,0.01,300
C2_n0.01_d300_r01,C2,202628,16.0,15.7,0.3000000000000007,0.6,0.5673560687656634,0.5678019840325068,FAR,FAR,0.0,1,,,0.01,300
C2_n0.01_d300_r01,C2,202628,16.02,15.72,0.29999999999999893,0.6,0.5834807532105925,0.5717216763270282,FAR,FAR,0.0,1,,,0.01,300
C2_n0.01_d300_r01,C2,202628,16.04,15.74,0.29999999999999893,0.6,0.5749835599515208,0.5725371472331513,FAR,FAR,0.0,1,,,0.01,300
C2_n0.01_d300_r01,C2,202628,16.06,15.76,0.29999999999999893,0.6,0.5844014602330996,0.5755032254831384,FAR,FAR,0.0,1,,,0.01,300
C2_n0.01_d300_r01,C2,202628,16.08,15.78,0.29999999999999893,0.6,0.5753441528007364,0.5754634573125379,FAR,FAR,0.0,1,,,0.01,300
C2_n0.01_d300_r01,C2,202628,16.1,15.8,0.3000000000000007,0.6,0.6152045900564391,0.5853987404985133,FAR,FAR,0.0,1,,,0.01,300
C2_n0.01_d300_r01,C2,202628,16.12,15.82,0.3000000000000007,0.6,0.5905411515786605,0.58668434326855,FAR,FAR,0.0,1,,,0.01,300
C2_n0.01_d300_r01,C2,202628,16.14,15.84,0.3000000000000007,0.6,0.5825556637635361,0.5856521733922966,FAR,FAR,0.0,1,,,0.01,300
C2_n0.01_d300_r01,C2,202628,16.16,15.86,0.3000000000000007,0.6,0.590073281442535,0.5867574504048562,FAR,FAR,0.0,1,,,0.01,300
C2_n0.01_d300_r01,C2,202628,16.18,15.88,0.29999999999999893,0.6,0.581419429120951,0.5854229450838799,FAR,FAR,0.0,1,,,0.01,300
C2_n0.01_d300_r01,C2,202628,16.2,15.9,0.29999999999999893,0.6,0.5856659959851253,0.5854837078091912,FAR,FAR,0.0,1,,,0.01,300
C2_n0.01_d300_r01,C2,202628,16.22,15.92,0.29999999999999893,0.6,0.6053259469961393,0.5904442676059283,FAR,FAR,0.0,1,,,0.01,300
C2_n0.01_d300_r01,C2,202628,16.24,15.94,0.29999999999999893,0.6,0.5844235505867056,0.5889390883511226,FAR,FAR,0.0,1,,,0.01,300
C2_n0.01_d300_r01,C2,202628,16.26,15.96,0.3000000000000007,0.6,0.6032393534339435,0.5925141546218278,FAR,FAR,0.0,1,,,0.01,300
C2_n0.01_d300_r01,C2,202628,16.28,15.98,0.3000000000000007,0.6,0.5861010125276219,0.5909108690982763,FAR,FAR,0.0,1,,,0.01,300
C2_n0.01_d300_r01,C2,202628,16.3,16.0,0.3000000000000007,0.6,0.5868478034498337,0.5898951026861656,FAR,FAR,0.0,1,,,0.01,300
C2_n0.01_d300_r01,C2,202628,16.32,16.02,0.3000000000000007,0.6,0.6013390947555732,0.5927561007035176,FAR,FAR,0.0,1,,,0.01,300
C2_n0.01_d300_r01,C2,202628,16.34,16.04,0.3000000000000007,0.6,0.5971499340553077,0.5938545590414651,FAR,FAR,0.0,1,,,0.01,300
C2_n0.01_d300_r01,C2,202628,16.36,16.06,0.3000000000000007,0.6,0.5938457043850587,0.5938523453773635,FAR,FAR,0.0,1,,,0.01,300
C2_n0.01_d300_r01,C2,202628,16.38,16.08,0.3000000000000007,0.6,0.5982216027497874,0.5949446597204695,FAR,FAR,0.0,1,,,0.01,300
C2_n0.01_d300_r01,C2,202628,16.4,16.1,0.29999999999999716,0.6,0.6078574881462647,0.5981728668269183,FAR,FAR,0.0,1,,,0.01,300
C2_n0.01_d300_r01,C2,202628,16.42,16.12,0.3000000000000007,0.6,0.5964019450732375,0.5977301363884981,FAR,FAR,0.0,1,,,0.01,300
C2_n0.01_d300_r01,C2,202628,16.44,16.14,0.3000000000000007,0.6,0.6068324835468197,0.6000057231780785,FAR,FAR,0.0,1,,,0.01,300
C2_n0.01_d300_r01,C2,202628,16.46,16.16,0.3000000000000007,0.6,0.6031237151049489,0.6007852211597962,FAR,FAR,0.0,1,,,0.01,300
C2_n0.01_d300_r01,C2,202628,16.48,16.18,0.3000000000000007,0.6,0.6043301299605677,0.601671448359989,FAR,FAR,0.0,1,,,0.01,300
C2_n0.01_d300_r01,C2,202628,16.5,16.2,0.3000000000000007,0.6,0.5884688908411628,0.5983708089802824,FAR,FAR,0.0,1,,,0.01,300
C2_n0.01_d300_r01,C2,202628,16.52,16.22,0.3000000000000007,0.6,0.5944001299944791,0.5973781392338315,FAR,FAR,0.0,1,,,0.01,300
C2_n0.01_d300_r01,C2,202628,16.54,16.24,0.3000000000000007,0.6,0.612087567470662,0.6010554962930391,FAR,FAR,0.0,1,,,0.01,300
C2_n0.01_d300_r01,C2,202628,16.56,16.26,0.29999999999999716,0.6,0.5944363189140675,0.5994007019482962,FAR,FAR,0.0,1,,,0.01,300
C2_n0.01_d300_r01,C2,202628,16.58,16.28,0.29999999999999716,0.6,0.5944044314732579,0.5981516343295367,FAR,FAR,0.0,1,,,0.01,300
C2_n0.01_d300_r01,C2,202628,16.6,16.3,0.3000000000000007,0.6,0.6024728159967676,0.5992319297463444,FAR,FAR,0.0,1,,,0.01,300
C2_n0.01_d300_r01,C2,202628,16.62,16.32,0.3000000000000007,0.6,0.6064398946696898,0.6010339209771808,FAR,FAR,0.0,1,,,0.01,300
C2_n0.01_d300_r01,C2,202628,16.64,16.34,0.3000000000000007,0.6,0.6126631963792222,0.6039412398276911,FAR,FAR,0.0,1,,,0.01,300
C2_n0.01_d300_r01,C2,202628,16.66,16.36,0.3000000000000007,0.6,0.6087351171615503,0.6051397091611559,FAR,FAR,0.0,1,,,0.01,300
C2_n0.01_d300_r01,C2,202628,16.68,16.38,0.3000000000000007,0.6,0.6017751760000106,0.6042985758708695,FAR,FAR,0.0,1,,,0.01,300
C2_n0.01_d300_r01,C2,202628,16.7,16.4,0.3000000000000007,0.6,0.5872410664739023,0.6000341985216278,FAR,FAR,0.0,1,,,0.01,300
C2_n0.01_d300_r01,C2,202628,16.72,16.42,0.29999999999999716,0.6,0.6060335090904803,0.6015340261638409,FAR,FAR,0.0,1,,,0.01,300
C2_n0.01_d300_r01,C2,202628,16.74,16.44,0.29999999999999716,0.6,0.5978322479491613,0.6006085816101709,FAR,FAR,0.0,1,,,0.01,300
C2_n0.01_d300_r01,C2,202628,16.76,16.46,0.3000000000000007,0.6,0.6187161974491229,0.6051354855699089,FAR,FAR,0.0,1,,,0.01,300
C2_n0.01_d300_r01,C2,202628,16.78,16.48,0.3000000000000007,0.6,0.6046861379637681,0.6050231486683737,FAR,FAR,0.0,1,,,0.01,300
C2_n0.01_d300_r01,C2,202628,16.8,16.5,0.3000000000000007,0.6,0.6174970095559529,0.6081416138902684,FAR,FAR,0.0,1,,,0.01,300
C2_n0.01_d300_r01,C2,202628,16.82,16.52,0.3000000000000007,0.6,0.6061350223216032,0.6076399659981021,FAR,FAR,0.0,1,,,0.01,300
C2_n0.01_d300_r01,C2,202628,16.84,16.54,0.3000000000000007,0.6,0.5944987045190394,0.6043546506283364,FAR,FAR,0.0,1,,,0.01,300
C2_n0.01_d300_r01,C2,202628,16.86,16.56,0.3000000000000007,0.6,0.6165276603624291,0.6073979030618596,FAR,FAR,0.0,1,,,0.01,300
C2_n0.01_d300_r01,C2,202628,16.88,16.58,0.3000000000000007,0.6,0.6015539044278481,0.6059369034033567,FAR,FAR,0.0,1,,,0.01,300
C2_n0.01_d300_r01,C2,202628,16.9,16.6,0.29999999999999716,0.6,0.600413927943804,0.6045561595384685,FAR,FAR,0.0,1,,,0.01,300
C2_n0.01_d300_r01,C2,202628,16.92,16.62,0.3000000000000007,0.6,0.6040106067540353,0.6044197713423602,FAR,FAR,0.0,1,,,0.01,300
C2_n0.01_d300_r01,C2,202628,16.94,16.64,0.3000000000000007,0.6,0.5953217438092855,0.6021452644590916,FAR,FAR,0.0,1,,,0.01,300
C2_n0.01_d300_r01,C2,202628,16.96,16.66,0.3000000000000007,0.6,0.5984619529478404,0.6012244365812788,FAR,FAR,0.0,1,,,0.01,300
C2_n0.01_d300_r01,C2,202628,16.98,16.68,0.3000000000000007,0.6,0.5977680286273331,0.6003603345927924,FAR,FAR,0.0,1,,,0.01,300
C2_n0.01_d300_r01,C2,202628,17.0,16.7,0.3000000000000007,0.6,0.5930709313118875,0.5985379837725662,FAR,FAR,0.0,1,,,0.01,300
C2_n0.01_d300_r01,C2,202628,17.02,16.72,0.3000000000000007,0.6,0.6025291809842007,0.5995357830754748,FAR,FAR,0.0,1,,,0.01,300
C2_n0.01_d300_r01,C2,202628,17.04,16.74,0.3000000000000007,0.6,0.6087588879849151,0.6018415593028349,FAR,FAR,0.0,1,,,0.01,300
C2_n0.01_d300_r01,C2,202628,17.06,16.76,0.29999999999999716,0.6,0.5983221283778016,0.6009617015715766,FAR,FAR,0.0,1,,,0.01,300
C2_n0.01_d300_r01,C2,202628,17.08,16.78,0.29999999999999716,0.6,0.6137811033641036,0.6041665520197084,FAR,FAR,0.0,1,,,0.01,300
C2_n0.01_d300_r01,C2,202628,17.1,16.8,0.3000000000000007,0.6,0.6187230274934326,0.6078056708881394,FAR,FAR,0.0,1,,,0.01,300
C2_n0.01_d300_r01,C2,202628,17.12,16.82,0.3000000000000007,0.6,0.5983311175499169,0.6054370325535838,FAR,FAR,0.0,1,,,0.01,300
C2_n0.01_d300_r01,C2,202628,17.14,16.84,0.3000000000000007,0.6,0.5957610176546803,0.6030180288288579,FAR,FAR,0.0,1,,,0.01,300
C2_n0.01_d300_r01,C2,202628,17.16,16.86,0.3000000000000007,0.6,0.6161211495648797,0.6062938090128633,FAR,FAR,0.0,1,,,0.01,300
C2_n0.01_d300_r01,C2,202628,17.18,16.88,0.3000000000000007,0.6,0.5940762606076623,0.6032394219115631,FAR,FAR,0.0,1,,,0.01,300
C2_n0.01_d300_r01,C2,202628,17.2,16.9,0.3000000000000007,0.6,0.5914613779481125,0.6002949109207004,FAR,FAR,0.0,1,,,0.01,300
C2_n0.01_d300_r01,C2,202628,17.22,16.92,0.29999999999999716,0.6,0.6008237569759313,0.6004271224345081,FAR,FAR,0.0,1,,,0.01,300
C2_n0.01_d300_r01,C2,202628,17.24,16.94,0.29999999999999716,0.6,0.5898363475018871,0.5977794287013529,FAR,FAR,0.0,1,,,0.01,300
C2_n0.01_d300_r01,C2,202628,17.26,16.96,0.3000000000000007,0.6,0.599661717411056,0.5982500008787787,FAR,FAR,0.0,1,,,0.01,300
C2_n0.01_d300_r01,C2,202628,17.28,16.98,0.3000000000000007,0.6,0.6057998183934029,0.6001374552574348,FAR,FAR,0.0,1,,,0.01,300
C2_n0.01_d300_r01,C2,202628,17.3,17.0,0.3000000000000007,0.6,0.6053360452017895,0.6014371027435235,FAR,FAR,0.0,1,,,0.01,300
C2_n0.01_d300_r01,C2,202628,17.32,17.02,0.3000000000000007,0.6,0.6121979270594572,0.6041273088225069,FAR,FAR,0.0,1,,,0.01,300
C2_n0.01_d300_r01,C2,202628,17.34,17.04,0.3000000000000007,0.6,0.6015015620949408,0.6034708721406153,FAR,FAR,0.0,1,,,0.01,300
C2_n0.01_d300_r01,C2,202628,17.36,17.06,0.3000000000000007,0.6,0.6066072717157919,0.6042549720344095,FAR,FAR,0.0,1,,,0.01,300
C2_n0.01_d300_r01,C2,202628,17.38,17.08,0.3000000000000007,0.6,0.6029511670763044,0.6039290207948832,FAR,FAR,0.0,1,,,0.01,300
C2_n0.01_d300_r01,C2,202628,17.4,17.1,0.29999999999999716,0.6,0.5922544246379842,0.6010103717556585,FAR,FAR,0.0,1,,,0.01,300
C2_n0.01_d300_r01,C2,202628,17.42,17.12,0.3000000000000007,0.6,0.6027815218108012,0.6014531592694442,FAR,FAR,0.0,1,,,0.01,300
C2_n0.01_d300_r01,C2,202628,17.44,17.14,0.3000000000000007,0.6,0.59587308464562,0.6000581406134882,FAR,FAR,0.0,1,,,0.01,300
C2_n0.01_d300_r01,C2,202628,17.46,17.16,0.3000000000000007,0.6,0.5905601188967465,0.5976836351843028,FAR,FAR,0.0,1,,,0.01,300
C2_n0.01_d300_r01,C2,202628,17.48,17.18,0.3000000000000007,0.6,0.5964499911456769,0.5973752241746463,FAR,FAR,0.0,1,,,0.01,300
C2_n0.01_d300_r01,C2,202628,17.5,17.2,0.3000000000000007,0.6,0.6085168611696598,0.6001606334233996,FAR,FAR,0.0,1,,,0.01,300
C2_n0.01_d300_r01,C2,202628,17.52,17.22,0.3000000000000007,0.6,0.5943221018869848,0.5987010005392959,FAR,FAR,0.0,1,,,0.01,300
C2_n0.01_d300_r01,C2,202628,17.54,17.24,0.3000000000000007,0.6,0.5963526140564096,0.5981139039185743,FAR,FAR,0.0,1,,,0.01,300
C2_n0.01_d300_r01,C2,202628,17.56,17.26,0.29999999999999716,0.6,0.6016037712646092,0.5989863707550831,FAR,FAR,0.0,1,,,0.01,300
C2_n0.01_d300_r01,C2,202628,17.58,17.28,0.29999999999999716,0.6,0.6022229149258876,0.5997955067977843,FAR,FAR,0.0,1,,,0.01,300
C2_n0.01_d300_r01,C2,202628,17.6,17.3,0.3000000000000007,0.6,0.5939112423940391,0.598324440696848,FAR,FAR,0.0,1,,,0.01,300
C2_n0.01_d300_r01,C2,202628,17.62,17.32,0.3000000000000007,0.6,0.5844156883840506,0.5948472526186486,FAR,FAR,0.0,1,,,0.01,300
C2_n0.01_d300_r01,C2,202628,17.64,17.34,0.3000000000000007,0.6,0.5959301492100368,0.5951179767664956,FAR,FAR,0.0,1,,,0.01,300
C2_n0.01_d300_r01,C2,202628,17.66,17.36,0.3000000000000007,0.6,0.6012235476773423,0.5966443694942073,FAR,FAR,0.0,1,,,0.01,300
C2_n0.01_d300_r01,C2,202628,17.68,17.38,0.3000000000000007,0.6,0.6049198594489872,0.5987132419829023,FAR,FAR,0.0,1,,,0.01,300
C2_n0.01_d300_r01,C2,202628,17.7,17.4,0.3000000000000007,0.6,0.6086451463473554,0.6011962180740156,FAR,FAR,0.0,1,,,0.01,300
C2_n0.01_d300_r01,C2,202628,17.72,17.42,0.29999999999999716,0.6,0.5928820145434914,0.5991176671913845,FAR,FAR,0.0,1,,,0.01,300
C2_n0.01_d300_r01,C2,202628,17.74,17.44,0.29999999999999716,0.6,0.5977680921455356,0.5987802734299222,FAR,FAR,0.0,1,,,0.01,300
C2_n0.01_d300_r01,C2,202628,17.76,17.46,0.3000000000000007,0.6,0.5892647007990446,0.5964013802722028,FAR,FAR,0.0,1,,,0.01,300
C2_n0.01_d300_r01,C2,202628,17.78,17.48,0.3000000000000007,0.6,0.599372560413543,0.5971441753075378,FAR,FAR,0.0,1,,,0.01,300
C2_n0.01_d300_r01,C2,202628,17.8,17.5,0.3000000000000007,0.6,0.5935361153337028,0.5962421603140791,FAR,FAR,0.0,1,,,0.01,300
C2_n0.01_d300_r01,C2,202628,17.82,17.52,0.3000000000000007,0.6,0.5978488583181755,0.5966438348151032,FAR,FAR,0.0,1,,,0.01,300
C2_n0.01_d300_r01,C2,202628,17.84,17.54,0.3000000000000007,0.6,0.5970497643675571,0.5967453172032167,FAR,FAR,0.0,1,,,0.01,300
C2_n0.01_d300_r01,C2,202628,17.86,17.56,0.3000000000000007,0.6,0.6015026226758315,0.5979346435713704,FAR,FAR,0.0,1,,,0.01,300
C2_n0.01_d300_r01,C2,202628,17.88,17.58,0.3000000000000007,0.6,0.6024704016696486,0.5990685830959399,FAR,FAR,0.0,1,,,0.01,300
C2_n0.01_d300_r01,C2,202628,17.9,17.6,0.29999999999999716,0.6,0.585516295025088,0.595680511078227,FAR,FAR,0.0,1,,,0.01,300
C2_n0.01_d300_r01,C2,202628,17.92,17.62,0.3000000000000007,0.6,0.5812796474659583,0.5920802951751598,FAR,FAR,0.0,1,,,0.01,300
C2_n0.01_d300_r01,C2,202628,17.94,17.64,0.3000000000000007,0.6,0.5824032388937184,0.5896610311047994,FAR,FAR,0.0,1,,,0.01,300
C2_n0.01_d300_r01,C2,202628,17.96,17.66,0.3000000000000007,0.6,0.6106729894648294,0.5949140206948069,FAR,FAR,0.0,1,,,0.01,300
C2_n0.01_d300_r01,C2,202628,17.98,17.68,0.3000000000000007,0.6,0.6049445630133021,0.5974216562744308,FAR,FAR,0.0,1,,,0.01,300
C2_n0.01_d300_r01,C2,202628,18.0,17.7,0.3000000000000007,0.6,0.599771198456889,0.5980090418200453,FAR,FAR,0.0,1,,,0.01,300
C2_n0.01_d300_r01,C2,202628,18.02,17.72,0.3000000000000007,0.6,0.5864904767318544,0.5951294005479976,FAR,FAR,0.0,1,,,0.01,300
C2_n0.01_d300_r01,C2,202628,18.04,17.74,0.3000000000000007,0.6,0.5926745000235624,0.5945156754168888,FAR,FAR,0.0,1,,,0.01,300
C2_n0.01_d300_r01,C2,202628,18.06,17.76,0.29999999999999716,0.6,0.5927624425017999,0.5940773671881165,FAR,FAR,0.0,1,,,0.01,300
C2_n0.01_d300_r01,C2,202628,18.08,17.78,0.29999999999999716,0.6,0.6059780785172837,0.5970525450204083,FAR,FAR,0.0,1,,,0.01,300
C2_n0.01_d300_r01,C2,202628,18.1,17.8,0.3000000000000007,0.6,0.5933370959743078,0.5961236827588832,FAR,FAR,0.0,1,,,0.01,300
C2_n0.01_d300_r01,C2,202628,18.12,17.82,0.3000000000000007,0.6,0.6016951520603064,0.597516550084239,FAR,FAR,0.0,1,,,0.01,300
C2_n0.01_d300_r01,C2,202628,18.14,17.84,0.3000000000000007,0.6,0.5959085434430605,0.5971145484239444,FAR,FAR,0.0,1,,,0.01,300
C2_n0.01_d300_r01,C2,202628,18.16,17.86,0.3000000000000007,0.6,0.6012820933101131,0.5981564346454866,FAR,FAR,0.0,1,,,0.01,300
C2_n0.01_d300_r01,C2,202628,18.18,17.88,0.3000000000000007,0.6,0.6027704565566547,0.5993099401232787,FAR,FAR,0.0,1,,,0.01,300
C2_n0.01_d300_r01,C2,202628,18.2,17.9,0.3000000000000007,0.6,0.6027836096538013,0.6001783575059093,FAR,FAR,0.0,1,,,0.01,300
C2_n0.01_d300_r01,C2,202628,18.22,17.92,0.29999999999999716,0.6,0.5881590287573562,0.597173525318771,FAR,FAR,0.0,1,,,0.01,300
C2_n0.01_d300_r01,C2,202628,18.24,17.94,0.29999999999999716,0.6,0.6240737346568881,0.6038985776533004,FAR,FAR,0.0,1,,,0.01,300
C2_n0.01_d300_r01,C2,202628,18.26,17.96,0.3000000000000007,0.6,0.5933506512327092,0.6012615960481525,FAR,FAR,0.0,1,,,0.01,300
C2_n0.01_d300_r01,C2,202628,18.28,17.98,0.3000000000000007,0.6,0.6028112406602923,0.6016490072011875,FAR,FAR,0.0,1,,,0.01,300
C2_n0.01_d300_r01,C2,202628,18.3,18.0,0.3000000000000007,0.6,0.6053161004497687,0.6025657805133329,FAR,FAR,0.0,1,,,0.01,300
C2_n0.01_d300_r01,C2,202628,18.32,18.02,0.3000000000000007,0.6,0.6024602474939338,0.6025393972584832,FAR,FAR,0.0,1,,,0.01,300
C2_n0.01_d300_r01,C2,202628,18.34,18.04,0.3000000000000007,0.6,0.5850004034447479,0.5981546488050493,FAR,FAR,0.0,1,,,0.01,300
C2_n0.01_d300_r01,C2,202628,18.36,18.06,0.3000000000000007,0.6,0.5890400753670729,0.5958760054455552,FAR,FAR,0.0,1,,,0.01,300
C2_n0.01_d300_r01,C2,202628,18.38,18.08,0.3000000000000007,0.6,0.5991359960697462,0.596691003101603,FAR,FAR,0.0,1,,,0.01,300
C2_n0.01_d300_r01,C2,202628,18.4,18.1,0.29999999999999716,0.6,0.6057754327112023,0.5989621105040028,FAR,FAR,0.0,1,,,0.01,300
C2_n0.01_d300_r01,C2,202628,18.42,18.12,0.3000000000000007,0.6,0.6123949465581158,0.6023203195175311,FAR,FAR,0.0,1,,,0.01,300
C2_n0.01_d300_r01,C2,202628,18.44,18.14,0.3000000000000007,0.6,0.5980424320582151,0.6012508476527021,FAR,FAR,0.0,1,,,0.01,300
C2_n0.01_d300_r01,C2,202628,18.46,18.16,0.3000000000000007,0.6,0.6059593781597139,0.602427980279455,FAR,FAR,0.0,1,,,0.01,300
C2_n0.01_d300_r01,C2,202628,18.48,18.18,0.3000000000000007,0.6,0.6144500975728178,0.6054335096027956,FAR,FAR,0.0,1,,,0.01,300
C2_n0.01_d300_r01,C2,202628,18.5,18.2,0.3000000000000007,0.6,0.5939138964780114,0.6025536063215996,FAR,FAR,0.0,1,,,0.01,300
C2_n0.01_d300_r01,C2,202628,18.52,18.22,0.3000000000000007,0.6,0.5883473084366873,0.5990020318503715,FAR,FAR,0.0,1,,,0.01,300
C2_n0.01_d300_r01,C2,202628,18.54,18.24,0.3000000000000007,0.6,0.5913564265633655,0.59709063052862,FAR,FAR,0.0,1,,,0.01,300
C2_n0.01_d300_r01,C2,202628,18.56,18.26,0.29999999999999716,0.6,0.6164140422950938,0.6019214834702384,FAR,FAR,0.0,1,,,0.01,300
C2_n0.01_d300_r01,C2,202628,18.58,18.28,0.29999999999999716,0.6,0.6277749797059071,0.6083848575291556,FAR,FAR,0.0,1,,,0.01,300
C2_n0.01_d300_r01,C2,202628,18.6,18.3,0.3000000000000007,0.6,0.5725932808892324,0.5994369633691747,FAR,FAR,0.0,1,,,0.01,300
C2_n0.01_d300_r01,C2,202628,18.62,18.32,0.3000000000000007,0.6,0.5938874339294756,0.59804958100925,FAR,FAR,0.0,1,,,0.01,300
C2_n0.01_d300_r01,C2,202628,18.64,18.34,0.3000000000000007,0.6,0.5855591959125278,0.5949269847350694,FAR,FAR,0.0,1,,,0.01,300
C2_n0.01_d300_r01,C2,202628,18.66,18.36,0.3000000000000007,0.6,0.5968479498746806,0.5954072260199722,FAR,FAR,0.0,1,,,0.01,300
C2_n0.01_d300_r01,C2,202628,18.68,18.38,0.3000000000000007,0.6,0.5862818836590454,0.5931258904297405,FAR,FAR,0.0,1,,,0.01,300
C2_n0.01_d300_r01,C2,202628,18.7,18.4,0.3000000000000007,0.6,0.5935553689011436,0.5932332600475912,FAR,FAR,0.0,1,,,0.01,300
C2_n0.01_d300_r01,C2,202628,18.72,18.42,0.29999999999999716,0.6,0.5645968993215889,0.5860741698660907,FAR,FAR,0.0,1,,,0.01,300
C2_n0.01_d300_r01,C2,202628,18.74,18.44,0.29999999999999716,0.6,0.6046801245840523,0.5907256585455811,FAR,FAR,0.0,1,,,0.01,300
C2_n0.01_d300_r01,C2,202628,18.76,18.46,0.3000000000000007,0.6,0.6131056384005636,0.5963206535093267,FAR,FAR,0.0,1,,,0.01,300
C2_n0.01_d300_r01,C2,202628,18.78,18.48,0.3000000000000007,0.6,0.5857941367423221,0.5936890243175756,FAR,FAR,0.0,1,,,0.01,300
C2_n0.01_d300_r01,C2,202628,18.8,18.5,0.3000000000000007,0.6,0.586668740282923,0.5919339533089125,FAR,FAR,0.0,1,,,0.01,300
C2_n0.01_d300_r01,C2,202628,18.82,18.52,0.3000000000000007,0.6,0.5936231145690904,0.592356243623957,FAR,FAR,0.0,1,,,0.01,300
C2_n0.01_d300_r01,C2,202628,18.84,18.54,0.3000000000000007,0.6,0.5860722473313306,0.5907852445508004,FAR,FAR,0.0,1,,,0.01,300
C2_n0.01_d300_r01,C2,202628,18.86,18.56,0.3000000000000007,0.6,0.5955656397958414,0.5919803433620606,FAR,FAR,0.0,1,,,0.01,300
C2_n0.01_d300_r01,C2,202628,18.88,18.58,0.3000000000000007,0.6,0.6022155379904922,0.5945391420191686,FAR,FAR,0.0,1,,,0.01,300
C2_n0.01_d300_r01,C2,202628,18.9,18.6,0.29999999999999716,0.6,0.602681207912493,0.5965746584924997,FAR,FAR,0.0,1,,,0.01,300
C2_n0.01_d300_r01,C2,202628,18.92,18.62,0.3000000000000007,0.6,0.6088912734327511,0.5996538122275625,FAR,FAR,0.0,1,,,0.01,300
C2_n0.01_d300_r01,C2,202628,18.94,18.64,0.3000000000000007,0.6,0.5932125810153286,0.598043504424504,FAR,FAR,0.0,1,,,0.01,300
C2_n0.01_d300_r01,C2,202628,18.96,18.66,0.3000000000000007,0.6,0.617352288784309,0.6028707005144553,FAR,FAR,0.0,1,,,0.01,300
C2_n0.01_d300_r01,C2,202628,18.98,18.68,0.3000000000000007,0.6,0.598979192479681,0.6018978235057617,FAR,FAR,0.0,1,,,0.01,300
C2_n0.01_d300_r01,C2,202628,19.0,18.7,0.3000000000000007,0.6,0.5876281816438611,0.5983304130402866,FAR,FAR,0.0,1,,,0.01,300
C2_n0.01_d300_r01,C2,202628,19.02,18.72,0.3000000000000007,0.6,0.6077760751302514,0.6006918285627778,FAR,FAR,0.0,1,,,0.01,300
C2_n0.01_d300_r01,C2,202628,19.04,18.74,0.3000000000000007,0.6,0.5989774850203887,0.6002632426771806,FAR,FAR,0.0,1,,,0.01,300
C2_n0.01_d300_r01,C2,202628,19.06,18.76,0.29999999999999716,0.6,0.5902840582360391,0.5977684465668952,FAR,FAR,0.0,1,,,0.01,300
C2_n0.01_d300_r01,C2,202628,19.08,18.78,0.29999999999999716,0.6,0.5878104928685773,0.5952789581423157,FAR,FAR,0.0,1,,,0.01,300
C2_n0.01_d300_r01,C2,202628,19.1,18.8,0.3000000000000007,0.6,0.6048195085429869,0.5976640957424835,FAR,FAR,0.0,1,,,0.01,300
C2_n0.01_d300_r01,C2,202628,19.12,18.82,0.3000000000000007,0.6,0.6198088436586683,0.6032002827215297,FAR,FAR,0.0,1,,,0.01,300
C2_n0.01_d300_r01,C2,202628,19.14,18.84,0.3000000000000007,0.6,0.6003147110672143,0.6024788898079508,FAR,FAR,0.0,1,,,0.01,300
C2_n0.01_d300_r01,C2,202628,19.16,18.86,0.3000000000000007,0.6,0.6050464800486256,0.6031207873681195,FAR,FAR,0.0,1,,,0.01,300
C2_n0.01_d300_r01,C2,202628,19.18,18.88,0.3000000000000007,0.6,0.6042249063236594,0.6033968171070044,FAR,FAR,0.0,1,,,0.01,300
C2_n0.01_d300_r01,C2,202628,19.2,18.9,0.3000000000000007,0.6,0.6069297290641869,0.6042800450963001,FAR,FAR,0.0,1,,,0.01,300
C2_n0.01_d300_r01,C2,202628,19.22,18.92,0.29999999999999716,0.6,0.5900623294983317,0.600725616196808,FAR,FAR,0.0,1,,,0.01,300
C2_n0.01_d300_r01,C2,202628,19.24,18.94,0.29999999999999716,0.6,0.5944349437719417,0.5991529480905914,FAR,FAR,0.0,1,,,0.01,300
C2_n0.01_d300_r01,C2,202628,19.26,18.96,0.3000000000000007,0.6,0.5903786965335912,0.5969593852013413,FAR,FAR,0.0,1,,,0.01,300
C2_n0.01_d300_r01,C2,202628,19.28,18.98,0.3000000000000007,0.6,0.6136113861049838,0.6011223854272519,FAR,FAR,0.0,1,,,0.01,300
C2_n0.01_d300_r01,C2,202628,19.3,19.0,0.3000000000000007,0.6,0.585670885250801,0.5972595103831392,FAR,FAR,0.0,1,,,0.01,300
C2_n0.01_d300_r01,C2,202628,19.32,19.02,0.3000000000000007,0.6,0.5987342604891565,0.5976281979096435,FAR,FAR,0.0,1,,,0.01,300
C2_n0.01_d300_r01,C2,202628,19.34,19.04,0.3000000000000007,0.6,0.588527189622631,0.5953529458378903,FAR,FAR,0.0,1,,,0.01,300
C2_n0.01_d300_r01,C2,202628,19.36,19.06,0.3000000000000007,0.6,0.601103009302734,0.5967904617041012,FAR,FAR,0.0,1,,,0.01,300
C2_n0.01_d300_r01,C2,202628,19.38,19.08,0.3000000000000007,0.6,0.5976055045443448,0.5969942224141621,FAR,FAR,0.0,1,,,0.01,300
C2_n0.01_d300_r01,C2,202628,19.4,19.1,0.29999999999999716,0.6,0.5959615026816745,0.5967360424810402,FAR,FAR,0.0,1,,,0.01,300
C2_n0.01_d300_r01,C2,202628,19.42,19.12,0.3000000000000007,0.6,0.5740517068092622,0.5910649585630957,FAR,FAR,0.0,1,,,0.01,300
C2_n0.01_d300_r01,C2,202628,19.44,19.14,0.3000000000000007,0.6,0.6063003566057352,0.5948738080737556,FAR,FAR,0.0,1,,,0.01,300
C2_n0.01_d300_r01,C2,202628,19.46,19.16,0.3000000000000007,0.6,0.6141465475917192,0.5996919929532465,FAR,FAR,0.0,1,,,0.01,300
C2_n0.01_d300_r01,C2,202628,19.48,19.18,0.3000000000000007,0.6,0.5945792744634605,0.5984138133308,FAR,FAR,0.0,1,,,0.01,300
C2_n0.01_d300_r01,C2,202628,19.5,19.2,0.3000000000000007,0.6,0.6012721906124239,0.599128407651206,FAR,FAR,0.0,1,,,0.01,300
C2_n0.01_d300_r01,C2,202628,19.52,19.22,0.3000000000000007,0.6,0.619452488284387,0.6042094278095013,FAR,FAR,0.0,1,,,0.01,300
C2_n0.01_d300_r01,C2,202628,19.54,19.24,0.3000000000000007,0.6,0.6066311885278153,0.6048148679890798,FAR,FAR,0.0,1,,,0.01,300
C2_n0.01_d300_r01,C2,202628,19.56,19.26,0.29999999999999716,0.6,0.6190815721978458,0.6083815440412712,FAR,FAR,0.0,1,,,0.01,300
C2_n0.01_d300_r01,C2,202628,19.58,19.28,0.29999999999999716,0.6,0.6005040937252716,0.6064121814622713,FAR,FAR,0.0,1,,,0.01,300
C2_n0.01_d300_r01,C2,202628,19.6,19.3,0.3000000000000007,0.6,0.6158370103818864,0.6087683886921751,FAR,FAR,0.0,1,,,0.01,300
C2_n0.01_d300_r01,C2,202628,19.62,19.32,0.3000000000000007,0.6,0.6002202459001208,0.6066313529941615,FAR,FAR,0.0,1,,,0.01,300
C2_n0.01_d300_r01,C2,202628,19.64,19.34,0.3000000000000007,0.6,0.6011084127513079,0.605250617933448,FAR,FAR,0.0,1,,,0.01,300
C2_n0.01_d300_r01,C2,202628,19.66,19.36,0.3000000000000007,0.6,0.6078254635318581,0.6058943293330505,FAR,FAR,0.0,1,,,0.01,300
C2_n0.01_d300_r01,C2,202628,19.68,19.38,0.3000000000000007,0.6,0.6128586010077988,0.6076353972517377,FAR,FAR,0.0,1,,,0.01,300
C2_n0.01_d300_r01,C2,202628,19.7,19.4,0.3000000000000007,0.6,0.6040138734387879,0.6067300162985002,FAR,FAR,0.0,1,,,0.01,300
C2_n0.01_d300_r01,C2,202628,19.72,19.42,0.29999999999999716,0.6,0.6123591124164809,0.6081372903279954,FAR,FAR,0.0,1,,,0.01,300
C2_n0.01_d300_r01,C2,202628,19.74,19.44,0.29999999999999716,0.6,0.6041750000818733,0.6071467177664649,FAR,FAR,0.0,1,,,0.01,300
C2_n0.01_d300_r01,C2,202628,19.76,19.46,0.3000000000000007,0.6,0.6047862971580252,0.606556612614355,FAR,FAR,0.0,1,,,0.01,300
C2_n0.01_d300_r01,C2,202628,19.78,19.48,0.3000000000000007,0.6,0.6134270295804881,0.6082742168558882,FAR,FAR,0.0,1,,,0.01,300
C2_n0.01_d300_r01,C2,202628,19.8,19.5,0.3000000000000007,0.6,0.6025778221885603,0.6068501181890562,FAR,FAR,0.0,1,,,0.01,300
C2_n0.01_d300_r01,C2,202628,19.82,19.52,0.3000000000000007,0.6,0.6001091450797298,0.6051648749117247,FAR,FAR,0.0,1,,,0.01,300
C2_n0.01_d300_r01,C2,202628,19.84,19.54,0.3000000000000007,0.6,0.5984585273747037,0.6034882880274695,FAR,FAR,0.0,1,,,0.01,300
C2_n0.01_d300_r01,C2,202628,19.86,19.56,0.3000000000000007,0.6,0.5979090892590108,0.6020934883353548,FAR,FAR,0.0,1,,,0.01,300
C2_n0.01_d300_r01,C2,202628,19.88,19.58,0.3000000000000007,0.6,0.5955752302798922,0.6004639238214892,FAR,FAR,0.0,1,,,0.01,300
C2_n0.01_d300_r01,C2,202628,19.9,19.6,0.29999999999999716,0.6,0.5845781759224062,0.5964924868467185,FAR,FAR,0.0,1,,,0.01,300
C2_n0.01_d300_r01,C2,202628,19.92,19.62,0.3000000000000007,0.6,0.590073870561952,0.5948878327755269,FAR,FAR,0.0,1,,,0.01,300
C2_n0.01_d300_r01,C2,202628,19.94,19.64,0.3000000000000007,0.6,0.5983500576254555,0.5957533889880091,FAR,FAR,0.0,1,,,0.01,300
C2_n0.01_d300_r01,C2,202628,19.96,19.66,0.3000000000000007,0.6,0.6029524199546773,0.5975531467296762,FAR,FAR,0.0,1,,,0.01,300
C2_n0.01_d300_r01,C2,202628,19.98,19.68,0.3000000000000007,0.6,0.5975784265963772,0.5975594666963514,FAR,FAR,0.0,1,,,0.01,300
C2_n0.01_d300_r01,C2,202628,20.0,19.7,0.3000000000000007,0.6,0.6041392427731395,0.5992044107155484,FAR,FAR,0.0,1,,,0.01,300
