trial_id,condition,seed,time_s,sensor_time_s,sample_age_s,true_distance_m,raw_distance_m,filtered_distance_m,expected_state,state,command,valid,event_label,invalid_reason,noise_sigma_m,delay_ms
C2_n0.03_d100_r02,C2,202639,0.0,0.0,nan,0.6,,,FAR,FAR,0.0,0,INVALID,MISSING_OR_DELAY_BUFFER,0.03,100
C2_n0.03_d100_r02,C2,202639,0.02,0.02,nan,0.6,,,FAR,FAR,0.0,0,INVALID,MISSING_OR_DELAY_BUFFER,0.03,100
C2_n0.03_d100_r02,C2,202639,0.04,0.04,nan,0.6,,,FAR,FAR,0.0,0,INVALID,MISSING_OR_DELAY_BUFFER,0.03,100
C2_n0.03_d100_r02,C2,202639,0.06,0.06,nan,0.6,,,FAR,FAR,0.0,0,INVALID,MISSING_OR_DELAY_BUFFER,0.03,100
C2_n0.03_d100_r02,C2,202639,0.08,0.08,nan,0.6,,,FAR,FAR,0.0,0,INVALID,MISSING_OR_DELAY_BUFFER,0.03,100
C2_n0.03_d100_r02,C2,202639,0.1,0.0,0.1,0.6,0.6497452667846403,0.6497452667846403,FAR,FAR,0.0,1,,,0.03,100
C2_n0.03_d100_r02,C2,202639,0.12,0.02,0.09999999999999999,0.6,0.5895174012370252,0.6346883003977365,FAR,FAR,0.0,1,,,0.03,100
C2_n0.03_d100_r02,C2,202639,0.14,0.04,0.1,0.6,0.6460817826545682,0.6375366709619443,FAR,FAR,0.0,1,,,0.03,100
C2_n0.03_d100_r02,C2,202639,0.16,0.06,0.1,0.6,0.6318731476027429,0.636120790122144,FAR,FAR,0.0,1,,,0.03,100
C2_n0.03_d100_r02,C2,202639,0.18,0.08,0.09999999999999999,0.6,0.5751938668225565,0.6208890592972471,FAR,FAR,0.0,1,,,0.03,100
C2_n0.03_d100_r02,C2,202639,0.2,0.1,0.1,0.6,0.6056843248924234,0.6170878756960412,FAR,FAR,0.0,1,,,0.03,100
C2_n0.03_d100_r02,C2,202639,0.22,0.12,0.1,0.6,0.6313493161805945,0.6206532358171795,FAR,FAR,0.0,1,,,0.03,100
C2_n0.03_d100_r02,C2,202639,0.24,0.14,0.09999999999999998,0.6,0.6097554852640538,0.617928798178898,FAR,FAR,0.0,1,,,0.03,100
C2_n0.03_d100_r02,C2,202639,0.26,0.16,0.1,0.6,0.5899123645292637,0.6109246897664894,FAR,FAR,0.0,1,,,0.03,100
C2_n0.03_d100_r02,C2,202639,0.28,0.18,0.10000000000000003,0.6,0.5819716360686169,0.6036864263420212,FAR,FAR,0.0,1,,,0.03,100
C2_n0.03_d100_r02,C2,202639,0.3,0.2,0.09999999999999998,0.6,0.61127837880623,0.6055844144580734,FAR,FAR,0.0,1,,,0.03,100
C2_n0.03_d100_r02,C2,202639,0.32,0.22,0.1,0.6,0.6130739892187435,0.6074568081482409,FAR,FAR,0.0,1,,,0.03,100
C2_n0.03_d100_r02,C2,202639,0.34,0.24,0.10000000000000003,0.6,0.6232337239067216,0.6114010370878611,FAR,FAR,0.0,1,,,0.03,100
C2_n0.03_d100_r02,C2,202639,0.36,0.26,0.09999999999999998,0.6,0.5964005388159247,0.607650912519877,FAR,FAR,0.0,1,,,0.03,100
C2_n0.03_d100_r02,C2,202639,0.38,0.28,0.09999999999999998,0.6,0.6398862110189166,0.615709737144637,FAR,FAR,0.0,1,,,0.03,100
C2_n0.03_d100_r02,C2,202639,0.4,0.3,0.10000000000000003,0.6,0.6319248532383847,0.6197635161680739,FAR,FAR,0.0,1,,,0.03,100
C2_n0.03_d100_r02,C2,202639,0.42,0.32,0.09999999999999998,0.6,0.5532576341944448,0.6031370456746666,FAR,FAR,0.0,1,,,0.03,100
C2_n0.03_d100_r02,C2,202639,0.44,0.34,0.09999999999999998,0.6,0.5975286940306341,0.6017349577636586,FAR,FAR,0.0,1,,,0.03,100
C2_n0.03_d100_r02,C2,202639,0.46,0.36,0.10000000000000003,0.6,0.5547170901213332,0.5899804908530772,FAR,FAR,0.0,1,,,0.03,100
C2_n0.03_d100_r02,C2,202639,0.48,0.38,0.09999999999999998,0.6,0.6002187423152385,0.5925400537186176,FAR,FAR,0.0,1,,,0.03,100
C2_n0.03_d100_r02,C2,202639,0.5,0.4,0.09999999999999998,0.6,0.5899387916731765,0.5918897382072573,FAR,FAR,0.0,1,,,0.03,100
C2_n0.03_d100_r02,C2,202639,0.52,0.42,0.10000000000000003,0.6,0.5745972936486772,0.5875666270676123,FAR,FAR,0.0,1,,,0.03,100
C2_n0.03_d100_r02,C2,202639,0.54,0.44,0.10000000000000003,0.6,0.598780612225425,0.5903701233570655,FAR,FAR,0.0,1,,,0.03,100
C2_n0.03_d100_r02,C2,202639,0.56,0.46,0.10000000000000003,0.6,0.598818004877683,0.5924820937372199,FAR,FAR,0.0,1,,,0.03,100
C2_n0.03_d100_r02,C2,202639,0.58,0.48,0.09999999999999998,0.6,0.5896234912607312,0.5917674431180977,FAR,FAR,0.0,1,,,0.03,100
C2_n0.03_d100_r02,C2,202639,0.6,0.5,0.09999999999999998,0.6,0.5488194578310337,0.5810304467963316,FAR,FAR,0.0,1,,,0.03,100
C2_n0.03_d100_r02,C2,202639,0.62,0.52,0.09999999999999998,0.6,0.5768836357358026,0.5799937440311994,FAR,FAR,0.0,1,,,0.03,100
C2_n0.03_d100_r02,C2,202639,0.64,0.54,0.09999999999999998,0.6,0.5843893460160843,0.5810926445274207,FAR,FAR,0.0,1,,,0.03,100
C2_n0.03_d100_r02,C2,202639,0.66,0.56,0.09999999999999998,0.6,0.5834222592567825,0.5816750482097611,FAR,FAR,0.0,1,,,0.03,100
C2_n0.03_d100_r02,C2,202639,0.68,0.58,0.10000000000000009,0.6,0.6209819765776865,0.5915017803017424,FAR,FAR,0.0,1,,,0.03,100
C2_n0.03_d100_r02,C2,202639,0.7,0.6,0.09999999999999998,0.6,0.6177252795383652,0.598057655110898,FAR,FAR,0.0,1,,,0.03,100
C2_n0.03_d100_r02,C2,202639,0.72,0.62,0.09999999999999998,0.6,0.6456127610609929,0.6099464315984218,FAR,FAR,0.0,1,,,0.03,100
C2_n0.03_d100_r02,C2,202639,0.74,0.64,0.09999999999999998,0.6,0.6024731647298496,0.6080781148812787,FAR,FAR,0.0,1,,,0.03,100
C2_n0.03_d100_r02,C2,202639,0.76,0.66,0.09999999999999998,0.6,0.6552447965014045,0.6198697852863102,FAR,FAR,0.0,1,,,0.03,100
C2_n0.03_d100_r02,C2,202639,0.78,0.68,0.09999999999999998,0.6,0.5980562283276135,0.614416396046636,FAR,FAR,0.0,1,,,0.03,100
C2_n0.03_d100_r02,C2,202639,0.8,0.7,0.10000000000000009,0.6,0.6171599457226027,0.6151022834656277,FAR,FAR,0.0,1,,,0.03,100
C2_n0.03_d100_r02,C2,202639,0.82,0.72,0.09999999999999998,0.6,0.6273876219973473,0.6181736180985575,FAR,FAR,0.0,1,,,0.03,100
C2_n0.03_d100_r02,C2,202639,0.84,0.74,0.09999999999999998,0.6,0.5915561810412653,0.6115192588342344,FAR,FAR,0.0,1,,,0.03,100
C2_n0.03_d100_r02,C2,202639,0.86,0.76,0.09999999999999998,0.6,0.5604620057423056,0.5987549455612522,FAR,FAR,0.0,1,,,0.03,100
C2_n0.03_d100_r02,C2,202639,0.88,0.78,0.09999999999999998,0.6,0.536580730771552,0.5832113918638271,FAR,FAR,0.0,1,,,0.03,100
C2_n0.03_d100_r02,C2,202639,0.9,0.8,0.09999999999999998,0.6,0.6057454922413278,0.5888449169582023,FAR,FAR,0.0,1,,,0.03,100
C2_n0.03_d100_r02,C2,202639,0.92,0.82,0.10000000000000009,0.6,0.5730687520987342,0.5849008757433353,FAR,FAR,0.0,1,,,0.03,100
C2_n0.03_d100_r02,C2,202639,0.94,0.84,0.09999999999999998,0.6,0.5537479415441707,0.5771126421935441,FAR,FAR,0.0,1,,,0.03,100
C2_n0.03_d100_r02,C2,202639,0.96,0.86,0.09999999999999998,0.6,0.581341193565326,0.5781697800364896,FAR,FAR,0.0,1,,,0.03,100
C2_n0.03_d100_r02,C2,202639,0.98,0.88,0.09999999999999998,0.6,0.592679516232227,0.581797214085424,FAR,FAR,0.0,1,,,0.03,100
C2_n0.03_d100_r02,C2,202639,1.0,0.9,0.09999999999999998,0.6,0.5837286956580177,0.5822800844785724,FAR,FAR,0.0,1,,,0.03,100
C2_n0.03_d100_r02,C2,202639,1.02,0.92,0.09999999999999998,0.6,0.6188548548605336,0.5914237770740627,FAR,FAR,0.0,1,,,0.03,100
C2_n0.03_d100_r02,C2,202639,1.04,0.94,0.10000000000000009,0.6,0.5902678314965637,0.591134790679688,FAR,FAR,0.0,1,,,0.03,100
C2_n0.03_d100_r02,C2,202639,1.06,0.96,0.10000000000000009,0.6,0.5543867727819416,0.5819477862052513,FAR,FAR,0.0,1,,,0.03,100
C2_n0.03_d100_r02,C2,202639,1.08,0.98,0.10000000000000009,0.6,0.5895641295000532,0.5838518720289518,FAR,FAR,0.0,1,,,0.03,100
C2_n0.03_d100_r02,C2,202639,1.1,1.0,0.10000000000000009,0.6,0.6284526749811234,0.5950020727669947,FAR,FAR,0.0,1,,,0.03,100
C2_n0.03_d100_r02,C2,202639,1.12,1.02,0.10000000000000009,0.6,0.5770142692599493,0.5905051218902333,FAR,FAR,0.0,1,,,0.03,100
C2_n0.03_d100_r02,C2,202639,1.14,1.04,0.09999999999999987,0.6,0.5931809214236333,0.5911740717735833,FAR,FAR,0.0,1,,,0.03,100
C2_n0.03_d100_r02,C2,202639,1.16,1.06,0.09999999999999987,0.6,0.6245252916082374,0.5995118767322468,FAR,FAR,0.0,1,,,0.03,100
C2_n0.03_d100_r02,C2,202639,1.18,1.08,0.09999999999999987,0.6,0.603345334558981,0.6004702411889303,FAR,FAR,0.0,1,,,0.03,100
C2_n0.03_d100_r02,C2,202639,1.2,1.1,0.09999999999999987,0.6,0.6334750115468968,0.6087214337784219,FAR,FAR,0.0,1,,,0.03,100
C2_n0.03_d100_r02,C2,202639,1.22,1.12,0.09999999999999987,0.6,0.6090669179099889,0.6088078048113137,FAR,FAR,0.0,1,,,0.03,100
C2_n0.03_d100_r02,C2,202639,1.24,1.14,0.10000000000000009,0.6,0.6149452682995722,0.6103421706833783,FAR,FAR,0.0,1,,,0.03,100
C2_n0.03_d100_r02,C2,202639,1.26,1.16,0.10000000000000009,0.6,0.613579270788398,0.6111514457096332,FAR,FAR,0.0,1,,,0.03,100
C2_n0.03_d100_r02,C2,202639,1.28,1.18,0.10000000000000009,0.6,0.6614244658248605,0.6237197007384401,FAR,FAR,0.0,1,,,0.03,100
C2_n0.03_d100_r02,C2,202639,1.3,1.2,0.10000000000000009,0.6,0.638240619227342,0.6273499303606656,FAR,FAR,0.0,1,,,0.03,100
C2_n0.03_d100_r02,C2,202639,1.32,1.22,0.10000000000000009,0.6,0.5934601995857018,0.6188774976669247,FAR,FAR,0.0,1,,,0.03,100
C2_n0.03_d100_r02,C2,202639,1.34,1.24,0.10000000000000009,0.6,0.6147735190450425,0.6178515030114542,FAR,FAR,0.0,1,,,0.03,100
C2_n0.03_d100_r02,C2,202639,1.36,1.26,0.10000000000000009,0.6,0.5828924924413003,0.6091117503689157,FAR,FAR,0.0,1,,,0.03,100
C2_n0.03_d100_r02,C2,202639,1.38,1.28,0.09999999999999987,0.6,0.5678979293197153,0.5988082951066156,FAR,FAR,0.0,1,,,0.03,100
C2_n0.03_d100_r02,C2,202639,1.4,1.3,0.09999999999999987,0.6,0.5691764375431957,0.5914003307157606,FAR,FAR,0.0,1,,,0.03,100
C2_n0.03_d100_r02,C2,202639,1.42,1.32,0.09999999999999987,0.6,0.5341166009310258,0.5770793982695769,FAR,FAR,0.0,1,,,0.03,100
C2_n0.03_d100_r02,C2,202639,1.44,1.34,0.09999999999999987,0.6,0.5431838490007564,0.5686055109523718,FAR,FAR,0.0,1,,,0.03,100
C2_n0.03_d100_r02,C2,202639,1.46,1.36,0.09999999999999987,0.6,0.6471566592025889,0.588243298014926,FAR,FAR,0.0,1,,,0.03,100
C2_n0.03_d100_r02,C2,202639,1.48,1.38,0.10000000000000009,0.6,0.6512623779904129,0.6039980680087977,FAR,FAR,0.0,1,,,0.03,100
C2_n0.03_d100_r02,C2,202639,1.5,1.4,0.10000000000000009,0.6,0.6263813653267665,0.60959389233829,FAR,FAR,0.0,1,,,0.03,100
C2_n0.03_d100_r02,C2,202639,1.52,1.42,0.10000000000000009,0.6,0.5710851887462051,0.5999667164402688,FAR,FAR,0.0,1,,,0.03,100
C2_n0.03_d100_r02,C2,202639,1.54,1.44,0.10000000000000009,0.6,0.6202800882018364,0.6050450593806607,FAR,FAR,0.0,1,,,0.03,100
C2_n0.03_d100_r02,C2,202639,1.56,1.46,0.10000000000000009,0.6,0.6091612937147651,0.6060741179641868,FAR,FAR,0.0,1,,,0.03,100
C2_n0.03_d100_r02,C2,202639,1.58,1.48,0.10000000000000009,0.6,0.5568038141016596,0.5937565419985549,FAR,FAR,0.0,1,,,0.03,100
C2_n0.03_d100_r02,C2,202639,1.6,1.5,0.10000000000000009,0.6,0.5877925513394868,0.5922655443337879,FAR,FAR,0.0,1,,,0.03,100
C2_n0.03_d100_r02,C2,202639,1.62,1.52,0.10000000000000009,0.6,0.6366261006960261,0.6033556834243474,FAR,FAR,0.0,1,,,0.03,100
C2_n0.03_d100_r02,C2,202639,1.64,1.54,0.09999999999999987,0.6,0.5327023668361373,0.5856923542772949,FAR,FAR,0.0,1,,,0.03,100
C2_n0.03_d100_r02,C2,202639,1.66,1.56,0.09999999999999987,0.6,0.5990768749850751,0.58903848445424,FAR,FAR,0.0,1,,,0.03,100
C2_n0.03_d100_r02,C2,202639,1.68,1.58,0.09999999999999987,0.6,0.5833023398583362,0.587604448305264,FAR,FAR,0.0,1,,,0.03,100
C2_n0.03_d100_r02,C2,202639,1.7,1.6,0.09999999999999987,0.6,0.643334292580363,0.6015369093740388,FAR,FAR,0.0,1,,,0.03,100
C2_n0.03_d100_r02,C2,202639,1.72,1.62,0.09999999999999987,0.6,0.576173902625215,0.5951961576868329,FAR,FAR,0.0,1,,,0.03,100
C2_n0.03_d100_r02,C2,202639,1.74,1.64,0.10000000000000009,0.6,0.5955375494582005,0.5952815056296747,FAR,FAR,0.0,1,,,0.03,100
C2_n0.03_d100_r02,C2,202639,1.76,1.66,0.10000000000000009,0.6,0.6143212670257875,0.6000414459787029,FAR,FAR,0.0,1,,,0.03,100
C2_n0.03_d100_r02,C2,202639,1.78,1.68,0.10000000000000009,0.6,0.5629998727373692,0.5907810526683694,FAR,FAR,0.0,1,,,0.03,100
C2_n0.03_d100_r02,C2,202639,1.8,1.7,0.10000000000000009,0.6,0.57014284295719,0.5856215002405746,FAR,FAR,0.0,1,,,0.03,100
C2_n0.03_d100_r02,C2,202639,1.82,1.72,0.10000000000000009,0.6,0.6445993600444508,0.6003659651915436,FAR,FAR,0.0,1,,,0.03,100
C2_n0.03_d100_r02,C2,202639,1.84,1.74,0.10000000000000009,0.6,0.5877411145542079,0.5972097525322096,FAR,FAR,0.0,1,,,0.03,100
C2_n0.03_d100_r02,C2,202639,1.86,1.76,0.10000000000000009,0.6,0.608580105892154,0.6000523408721957,FAR,FAR,0.0,1,,,0.03,100
C2_n0.03_d100_r02,C2,202639,1.88,1.78,0.09999999999999987,0.6,0.5850992099028325,0.5963140581298549,FAR,FAR,0.0,1,,,0.03,100
C2_n0.03_d100_r02,C2,202639,1.9,1.8,0.09999999999999987,0.6,0.6066519868881991,0.598898540319441,FAR,FAR,0.0,1,,,0.03,100
C2_n0.03_d100_r02,C2,202639,1.92,1.82,0.09999999999999987,0.6,0.6325717855984339,0.6073168516391892,FAR,FAR,0.0,1,,,0.03,100
C2_n0.03_d100_r02,C2,202639,1.94,1.84,0.09999999999999987,0.6,0.6198615403122409,0.6104530238074521,FAR,FAR,0.0,1,,,0.03,100
C2_n0.03_d100_r02,C2,202639,1.96,1.86,0.09999999999999987,0.6,0.579441401660014,0.6027001182705927,FAR,FAR,0.0,1,,,0.03,100
C2_n0.03_d100_r02,C2,202639,1.98,1.88,0.10000000000000009,0.6,0.5875579764948946,0.5989145828266682,FAR,FAR,0.0,1,,,0.03,100
C2_n0.03_d100_r02,C2,202639,2.0,1.9,0.10000000000000009,0.6,0.6514212240594884,0.6120412431348733,FAR,FAR,0.0,1,,,0.03,100
C2_n0.03_d100_r02,C2,202639,2.02,1.92,0.10000000000000009,0.6,0.5454016146802052,0.5953813360212064,FAR,FAR,0.0,1,,,0.03,100
C2_n0.03_d100_r02,C2,202639,2.04,1.94,0.10000000000000009,0.6,0.555823565668752,0.5854918934330928,FAR,FAR,0.0,1,,,0.03,100
C2_n0.03_d100_r02,C2,202639,2.06,1.96,0.10000000000000009,0.6,0.5376530961696637,0.5735321941172355,FAR,FAR,0.0,1,,,0.03,100
C2_n0.03_d100_r02,C2,202639,2.08,1.98,0.10000000000000009,0.6,0.5886303123231865,0.5773067236687233,FAR,FAR,0.0,1,,,0.03,100
C2_n0.03_d100_r02,C2,202639,2.1,2.0,0.10000000000000009,0.6,0.5827942103866517,0.5786785953482054,FAR,FAR,0.0,1,,,0.03,100
C2_n0.03_d100_r02,C2,202639,2.12,2.02,0.10000000000000009,0.6,0.5877248476154587,0.5809401584150188,FAR,FAR,0.0,1,,,0.03,100
C2_n0.03_d100_r02,C2,202639,2.14,2.04,0.10000000000000009,0.6,0.5684317817208311,0.5778130642414718,FAR,FAR,0.0,1,,,0.03,100
C2_n0.03_d100_r02,C2,202639,2.16,2.06,0.10000000000000009,0.6,0.6388632575595578,0.5930756125709933,FAR,FAR,0.0,1,,,0.03,100
C2_n0.03_d100_r02,C2,202639,2.18,2.08,0.10000000000000009,0.6,0.5950623841123269,0.5935723054563267,FAR,FAR,0.0,1,,,0.03,100
C2_n0.03_d100_r02,C2,202639,2.2,2.1,0.10000000000000009,0.6,0.6108938109536144,0.5979026818306485,FAR,FAR,0.0,1,,,0.03,100
C2_n0.03_d100_r02,C2,202639,2.22,2.12,0.10000000000000009,0.6,0.6550287417256384,0.612184196804396,FAR,FAR,0.0,1,,,0.03,100
C2_n0.03_d100_r02,C2,202639,2.24,2.14,0.10000000000000009,0.6,0.5384460113953508,0.5937496504521347,FAR,FAR,0.0,1,,,0.03,100
C2_n0.03_d100_r02,C2,202639,2.26,2.16,0.09999999999999964,0.6,0.611859847163669,0.5982771996300182,FAR,FAR,0.0,1,,,0.03,100
C2_n0.03_d100_r02,C2,202639,2.28,2.18,0.09999999999999964,0.6,0.5803127006682737,0.5937860748895821,FAR,FAR,0.0,1,,,0.03,100
C2_n0.03_d100_r02,C2,202639,2.3,2.2,0.09999999999999964,0.6,0.5610487960942185,0.5856017551907412,FAR,FAR,0.0,1,,,0.03,100
C2_n0.03_d100_r02,C2,202639,2.32,2.22,0.09999999999999964,0.6,0.5919951293348066,0.5872000987267576,FAR,FAR,0.0,1,,,0.03,100
C2_n0.03_d100_r02,C2,202639,2.34,2.24,0.09999999999999964,0.6,0.6088577345852453,0.5926145076913796,FAR,FAR,0.0,1,,,0.03,100
C2_n0.03_d100_r02,C2,202639,2.36,2.26,0.10000000000000009,0.6,0.5863312587085189,0.5910436954456644,FAR,FAR,0.0,1,,,0.03,100
C2_n0.03_d100_r02,C2,202639,2.38,2.28,0.10000000000000009,0.6,0.6082820556284815,0.5953532854913687,FAR,FAR,0.0,1,,,0.03,100
C2_n0.03_d100_r02,C2,202639,2.4,2.3,0.10000000000000009,0.6,0.5657276962899337,0.5879468881910099,FAR,FAR,0.0,1,,,0.03,100
C2_n0.03_d100_r02,C2,202639,2.42,2.32,0.10000000000000009,0.6,0.5573493908049287,0.5802975138444897,FAR,FAR,0.0,1,,,0.03,100
C2_n0.03_d100_r02,C2,202639,2.44,2.34,0.10000000000000009,0.6,0.5991671398562108,0.58501492034742,FAR,FAR,0.0,1,,,0.03,100
C2_n0.03_d100_r02,C2,202639,2.46,2.36,0.10000000000000009,0.6,0.6506373949103542,0.6014205389881535,FAR,FAR,0.0,1,,,0.03,100
C2_n0.03_d100_r02,C2,202639,2.48,2.38,0.10000000000000009,0.6,0.5564927210875357,0.590188584512999,FAR,FAR,0.0,1,,,0.03,100
C2_n0.03_d100_r02,C2,202639,2.5,2.4,0.10000000000000009,0.6,0.5842811744957004,0.5887117320086743,FAR,FAR,0.0,1,,,0.03,100
C2_n0.03_d100_r02,C2,202639,2.52,2.42,0.10000000000000009,0.6,0.5972388352899481,0.5908435078289928,FAR,FAR,0.0,1,,,0.03,100
C2_n0.03_d100_r02,C2,202639,2.54,2.44,0.10000000000000009,0.6,0.6150257257230212,0.5968890623024998,FAR,FAR,0.0,1,,,0.03,100
C2_n0.03_d100_r02,C2,202639,2.56,2.46,0.10000000000000009,0.6,0.6703568980299152,0.6152560212343536,FAR,FAR,0.0,1,,,0.03,100
C2_n0.03_d100_r02,C2,202639,2.58,2.48,0.10000000000000009,0.6,0.5382655811022117,0.5960084112013182,FAR,FAR,0.0,1,,,0.03,100
C2_n0.03_d100_r02,C2,202639,2.6,2.5,0.10000000000000009,0.6,0.5626885716177492,0.587678451305426,FAR,FAR,0.0,1,,,0.03,100
C2_n0.03_d100_r02,C2,202639,2.62,2.52,0.10000000000000009,0.6,0.647327801074733,0.6025907887477527,FAR,FAR,0.0,1,,,0.03,100
C2_n0.03_d100_r02,C2,202639,2.64,2.54,0.10000000000000009,0.6,0.5393733893623344,0.5867864389013981,FAR,FAR,0.0,1,,,0.03,100
C2_n0.03_d100_r02,C2,202639,2.66,2.56,0.10000000000000009,0.6,0.610196036897767,0.5926388384004904,FAR,FAR,0.0,1,,,0.03,100
C2_n0.03_d100_r02,C2,202639,2.68,2.58,0.10000000000000009,0.6,0.6026309541490422,0.5951368673376283,FAR,FAR,0.0,1,,,0.03,100
C2_n0.03_d100_r02,C2,202639,2.7,2.6,0.10000000000000009,0.6,0.5973986697652666,0.5957023179445379,FAR,FAR,0.0,1,,,0.03,100
C2_n0.03_d100_r02,C2,202639,2.72,2.62,0.10000000000000009,0.6,0.5922597485499247,0.5948416755958845,FAR,FAR,0.0,1,,,0.03,100
C2_n0.03_d100_r02,C2,202639,2.74,2.64,0.10000000000000009,0.6,0.572039528747542,0.5891411388837989,FAR,FAR,0.0,1,,,0.03,100
C2_n0.03_d100_r02,C2,202639,2.76,2.66,0.09999999999999964,0.6,0.6094932814014544,0.5942291745132129,FAR,FAR,0.0,1,,,0.03,100
C2_n0.03_d100_r02,C2,202639,2.78,2.68,0.09999999999999964,0.6,0.6479495526326353,0.6076592690430684,FAR,FAR,0.0,1,,,0.03,100
C2_n0.03_d100_r02,C2,202639,2.8,2.7,0.09999999999999964,0.6,0.5712241723249989,0.598550494863551,FAR,FAR,0.0,1,,,0.03,100
C2_n0.03_d100_r02,C2,202639,2.82,2.72,0.09999999999999964,0.6,0.5866655644745518,0.5955792622663012,FAR,FAR,0.0,1,,,0.03,100
C2_n0.03_d100_r02,C2,202639,2.84,2.74,0.09999999999999964,0.6,0.6000824488272647,0.5967050589065421,FAR,FAR,0.0,1,,,0.03,100
C2_n0.03_d100_r02,C2,202639,2.86,2.76,0.10000000000000009,0.6,0.5658476825445743,0.5889907148160501,FAR,FAR,0.0,1,,,0.03,100
C2_n0.03_d100_r02,C2,202639,2.88,2.78,0.10000000000000009,0.6,0.5814225448215516,0.5870986723174255,FAR,FAR,0.0,1,,,0.03,100
C2_n0.03_d100_r02,C2,202639,2.9,2.8,0.10000000000000009,0.6,0.6108384411112399,0.5930336145158791,FAR,FAR,0.0,1,,,0.03,100
C2_n0.03_d100_r02,C2,202639,2.92,2.82,0.10000000000000009,0.6,0.5998043564376377,0.5947262999963188,FAR,FAR,0.0,1,,,0.03,100
C2_n0.03_d100_r02,C2,202639,2.94,2.84,0.10000000000000009,0.6,0.5907866135675306,0.5937413783891217,FAR,FAR,0.0,1,,,0.03,100
C2_n0.03_d100_r02,C2,202639,2.96,2.86,0.10000000000000009,0.6,0.5535119487906854,0.5836840209895127,FAR,FAR,0.0,1,,,0.03,100
C2_n0.03_d100_r02,C2,202639,2.98,2.88,0.10000000000000009,0.6,0.5613707454604598,0.5781057021072494,FAR,FAR,0.0,1,,,0.03,100
C2_n0.03_d100_r02,C2,202639,3.0,2.9,0.10000000000000009,0.6,0.5968269010632955,0.582786001846261,FAR,FAR,0.0,1,,,0.03,100
C2_n0.03_d100_r02,C2,202639,3.02,2.92,0.10000000000000009,0.6,0.5451029463087923,0.5733652379618938,FAR,FAR,0.0,1,,,0.03,100
C2_n0.03_d100_r02,C2,202639,3.04,2.94,0.10000000000000009,0.6,0.602451825719364,0.5806368849012613,FAR,FAR,0.0,1,,,0.03,100
C2_n0.03_d100_r02,C2,202639,3.06,2.96,0.10000000000000009,0.6,0.5244036633455906,0.5665785795123437,FAR,FAR,0.0,1,,,0.03,100
C2_n0.03_d100_r02,C2,202639,3.08,2.98,0.10000000000000009,0.6,0.560543318898173,0.565069764358801,FAR,FAR,0.0,1,,,0.03,100
C2_n0.03_d100_r02,C2,202639,3.1,3.0,0.10000000000000009,0.6,0.5712356081508373,0.5666112253068101,FAR,FAR,0.0,1,,,0.03,100
C2_n0.03_d100_r02,C2,202639,3.12,3.02,0.10000000000000009,0.6,0.611749480319198,0.577895789059907,FAR,FAR,0.0,1,,,0.03,100
C2_n0.03_d100_r02,C2,202639,3.14,3.04,0.10000000000000009,0.6,0.6069585457566439,0.5851614782340913,FAR,FAR,0.0,1,,,0.03,100
C2_n0.03_d100_r02,C2,202639,3.16,3.06,0.10000000000000009,0.6,0.596901071770646,0.5880963766182299,FAR,FAR,0.0,1,,,0.03,100
C2_n0.03_d100_r02,C2,202639,3.18,3.08,0.10000000000000009,0.6,0.5977285375525667,0.5905044168518141,FAR,FAR,0.0,1,,,0.03,100
C2_n0.03_d100_r02,C2,202639,3.2,3.1,0.10000000000000009,0.6,0.6017472934733463,0.5933151360071971,FAR,FAR,0.0,1,,,0.03,100
C2_n0.03_d100_r02,C2,202639,3.22,3.12,0.10000000000000009,0.6,0.5519088855914889,0.5829635734032701,FAR,FAR,0.0,1,,,0.03,100
C2_n0.03_d100_r02,C2,202639,3.24,3.14,0.10000000000000009,0.6,0.5690665634689857,0.579489320919699,FAR,FAR,0.0,1,,,0.03,100
C2_n0.03_d100_r02,C2,202639,3.26,3.16,0.09999999999999964,0.6,0.6111259713276124,0.5873984835216773,FAR,FAR,0.0,1,,,0.03,100
C2_n0.03_d100_r02,C2,202639,3.28,3.18,0.09999999999999964,0.6,0.5926753130006187,0.5887176908914127,FAR,FAR,0.0,1,,,0.03,100
C2_n0.03_d100_r02,C2,202639,3.3,3.2,0.09999999999999964,0.6,0.599745865444954,0.591474734529798,FAR,FAR,0.0,1,,,0.03,100
C2_n0.03_d100_r02,C2,202639,3.32,3.22,0.09999999999999964,0.6,0.5820825379942651,0.5891266853959147,FAR,FAR,0.0,1,,,0.03,100
C2_n0.03_d100_r02,C2,202639,3.34,3.24,0.09999999999999964,0.6,0.6404297706314662,0.6019524567048026,FAR,FAR,0.0,1,,,0.03,100
C2_n0.03_d100_r02,C2,202639,3.36,3.26,0.10000000000000009,0.6,0.5762605988736824,0.5955294922470225,FAR,FAR,0.0,1,,,0.03,100
C2_n0.03_d100_r02,C2,202639,3.38,3.28,0.10000000000000009,0.6,0.6358911704615288,0.605619911800649,FAR,FAR,0.0,1,,,0.03,100
C2_n0.03_d100_r02,C2,202639,3.4,3.3,0.10000000000000009,0.6,0.5848617045565105,0.6004303599896144,FAR,FAR,0.0,1,,,0.03,100
C2_n0.03_d100_r02,C2,202639,3.42,3.32,0.10000000000000009,0.6,0.5916415929613232,0.5982331682325416,FAR,FAR,0.0,1,,,0.03,100
C2_n0.03_d100_r02,C2,202639,3.44,3.34,0.10000000000000009,0.6,0.5604747980862107,0.5887935756959588,FAR,FAR,0.0,1,,,0.03,100
C2_n0.03_d100_r02,C2,202639,3.46,3.36,0.10000000000000009,0.6,0.6051474810280453,0.5928820520289804,FAR,FAR,0.0,1,,,0.03,100
C2_n0.03_d100_r02,C2,202639,3.48,3.38,0.10000000000000009,0.6,0.6026392712094382,0.5953213568240948,FAR,FAR,0.0,1,,,0.03,100
C2_n0.03_d100_r02,C2,202639,3.5,3.4,0.10000000000000009,0.6,0.604907336463769,0.5977178517340134,FAR,FAR,0.0,1,,,0.03,100
C2_n0.03_d100_r02,C2,202639,3.52,3.42,0.10000000000000009,0.6,0.6354996496523923,0.6071633012136081,FAR,FAR,0.0,1,,,0.03,100
C2_n0.03_d100_r02,C2,202639,3.54,3.44,0.10000000000000009,0.6,0.5907607552603317,0.6030626647252889,FAR,FAR,0.0,1,,,0.03,100
C2_n0.03_d100_r02,C2,202639,3.56,3.46,0.10000000000000009,0.6,0.5626210506755722,0.5929522612128597,FAR,FAR,0.0,1,,,0.03,100
C2_n0.03_d100_r02,C2,202639,3.58,3.48,0.10000000000000009,0.6,0.5916663960766053,0.5926307949287961,FAR,FAR,0.0,1,,,0.03,100
C2_n0.03_d100_r02,C2,202639,3.6,3.5,0.10000000000000009,0.6,0.5845512735169739,0.5906109145758406,FAR,FAR,0.0,1,,,0.03,100
C2_n0.03_d100_r02,C2,202639,3.62,3.52,0.10000000000000009,0.6,0.5841527856390316,0.5889963823416383,FAR,FAR,0.0,1,,,0.03,100
C2_n0.03_d100_r02,C2,202639,3.64,3.54,0.10000000000000009,0.6,0.6084190320619629,0.5938520447717195,FAR,FAR,0.0,1,,,0.03,100
C2_n0.03_d100_r02,C2,202639,3.66,3.56,0.10000000000000009,0.6,0.6168936743176673,0.5996124521582065,FAR,FAR,0.0,1,,,0.03,100
C2_n0.03_d100_r02,C2,202639,3.68,3.58,0.10000000000000009,0.6,0.6164916855683698,0.6038322605107473,FAR,FAR,0.0,1,,,0.03,100
C2_n0.03_d100_r02,C2,202639,3.7,3.6,0.10000000000000009,0.6,0.643265397866898,0.613690544849785,FAR,FAR,0.0,1,,,0.03,100
C2_n0.03_d100_r02,C2,202639,3.72,3.62,0.10000000000000009,0.6,0.6131981986552666,0.6135674583011554,FAR,FAR,0.0,1,,,0.03,100
C2_n0.03_d100_r02,C2,202639,3.74,3.64,0.10000000000000009,0.6,0.5963468931209605,0.6092623170061067,FAR,FAR,0.0,1,,,0.03,100
C2_n0.03_d100_r02,C2,202639,3.76,3.66,0.09999999999999964,0.6,0.5929737371949595,0.6051901720533199,FAR,FAR,0.0,1,,,0.03,100
C2_n0.03_d100_r02,C2,202639,3.78,3.68,0.09999999999999964,0.6,0.5926188469670838,0.6020473407817609,FAR,FAR,0.0,1,,,0.03,100
C2_n0.03_d100_r02,C2,202639,3.8,3.7,0.09999999999999964,0.6,0.5925203778718188,0.5996656000542754,FAR,FAR,0.0,1,,,0.03,100
C2_n0.03_d100_r02,C2,202639,3.82,3.72,0.09999999999999964,0.6,0.5846557289810863,0.5959131322859781,FAR,FAR,0.0,1,,,0.03,100
C2_n0.03_d100_r02,C2,202639,3.84,3.74,0.09999999999999964,0.6,0.5507891349880876,0.5846321329615054,FAR,FAR,0.0,1,,,0.03,100
C2_n0.03_d100_r02,C2,202639,3.86,3.76,0.10000000000000009,0.6,0.6311125312842552,0.5962522325421928,FAR,FAR,0.0,1,,,0.03,100
C2_n0.03_d100_r02,C2,202639,3.88,3.78,0.10000000000000009,0.6,0.5766062189614649,0.5913407291470109,FAR,FAR,0.0,1,,,0.03,100
C2_n0.03_d100_r02,C2,202639,3.9,3.8,0.10000000000000009,0.6,0.5757987673586382,0.5874552386999177,FAR,FAR,0.0,1,,,0.03,100
C2_n0.03_d100_r02,C2,202639,3.92,3.82,0.10000000000000009,0.6,0.6160248252508763,0.5945976353376573,FAR,FAR,0.0,1,,,0.03,100
C2_n0.03_d100_r02,C2,202639,3.94,3.84,0.10000000000000009,0.6,0.6140002662265616,0.5994482930598833,FAR,FAR,0.0,1,,,0.03,100
C2_n0.03_d100_r02,C2,202639,3.96,3.86,0.10000000000000009,0.6,0.5940735647112259,0.598104610972719,FAR,FAR,0.0,1,,,0.03,100
C2_n0.03_d100_r02,C2,202639,3.98,3.88,0.10000000000000009,0.6,0.6281412614454188,0.605613773590894,FAR,FAR,0.0,1,,,0.03,100
C2_n0.03_d100_r02,C2,202639,4.0,3.9,0.10000000000000009,0.6,0.6145927645627497,0.6078585213338579,FAR,FAR,0.0,1,,,0.03,100
C2_n0.03_d100_r02,C2,202639,4.02,3.92,0.09999999999999964,0.5982500000000001,0.5483197153282343,0.592973819832452,FAR,FAR,0.0,1,,,0.03,100
C2_n0.03_d100_r02,C2,202639,4.04,3.94,0.10000000000000009,0.5965,0.5950827296165632,0.5935010472784799,FAR,FAR,0.0,1,,,0.03,100
C2_n0.03_d100_r02,C2,202639,4.06,3.96,0.09999999999999964,0.59475,0.5853426768370937,0.5914614546681334,FAR,FAR,0.0,1,,,0.03,100
C2_n0.03_d100_r02,C2,202639,4.08,3.98,0.10000000000000009,0.593,0.622564590735919,0.5992372386850797,FAR,FAR,0.0,1,,,0.03,100
C2_n0.03_d100_r02,C2,202639,4.1,4.0,0.09999999999999964,0.59125,0.5345246505916946,0.5830590916617334,FAR,FAR,0.0,1,,,0.03,100
C2_n0.03_d100_r02,C2,202639,4.12,4.02,0.10000000000000053,0.5894999999999999,0.5183823134170067,0.5668898971005518,FAR,FAR,0.0,1,,,0.03,100
C2_n0.03_d100_r02,C2,202639,4.14,4.04,0.09999999999999964,0.58775,0.5724695129750265,0.5682848010691705,FAR,FAR,0.0,1,,,0.03,100
C2_n0.03_d100_r02,C2,202639,4.16,4.06,0.10000000000000053,0.586,0.5961071446154291,0.5752403869557352,FAR,FAR,0.0,1,,,0.03,100
C2_n0.03_d100_r02,C2,202639,4.18,4.08,0.09999999999999964,0.58425,0.5878255752005248,0.5783866840169326,FAR,FAR,0.0,1,,,0.03,100
C2_n0.03_d100_r02,C2,202639,4.2,4.1,0.10000000000000053,0.5825,0.5478284341906584,0.5707471215603641,FAR,FAR,0.0,1,,,0.03,100
C2_n0.03_d100_r02,C2,202639,4.22,4.12,0.09999999999999964,0.58075,0.5530731857129121,0.566328637598501,FAR,FAR,0.0,1,,,0.03,100
C2_n0.03_d100_r02,C2,202639,4.24,4.14,0.10000000000000053,0.579,0.5943705544979623,0.5733391168233664,FAR,FAR,0.0,1,,,0.03,100
C2_n0.03_d100_r02,C2,202639,4.26,4.16,0.09999999999999964,0.57725,0.5746110445670276,0.5736570987592817,FAR,FAR,0.0,1,,,0.03,100
C2_n0.03_d100_r02,C2,202639,4.28,4.18,0.10000000000000053,0.5754999999999999,0.587058950169434,0.5770075616118198,FAR,FAR,0.0,1,,,0.03,100
C2_n0.03_d100_r02,C2,202639,4.3,4.2,0.09999999999999964,0.57375,0.5419743078414428,0.5682492481692255,FAR,FAR,0.0,1,,,0.03,100
C2_n0.03_d100_r02,C2,202639,4.32,4.22,0.10000000000000053,0.572,0.5821505762752766,0.5717245801957382,FAR,FAR,0.0,1,,,0.03,100
C2_n0.03_d100_r02,C2,202639,4.34,4.24,0.09999999999999964,0.57025,0.5195651811631592,0.5586847304375935,FAR,FAR,0.0,1,,,0.03,100
C2_n0.03_d100_r02,C2,202639,4.36,4.26,0.10000000000000053,0.5685,0.5679156926966071,0.5609924710023468,FAR,FAR,0.0,1,,,0.03,100
C2_n0.03_d100_r02,C2,202639,4.38,4.28,0.09999999999999964,0.56675,0.5966055601044377,0.5698957432778695,FAR,FAR,0.0,1,,,0.03,100
C2_n0.03_d100_r02,C2,202639,4.4,4.3,0.10000000000000053,0.565,0.5834782269798366,0.5732913642033612,FAR,FAR,0.0,1,,,0.03,100
C2_n0.03_d100_r02,C2,202639,4.42,4.32,0.09999999999999964,0.56325,0.5818986101673134,0.5754431756943492,FAR,FAR,0.0,1,,,0.03,100
C2_n0.03_d100_r02,C2,202639,4.44,4.34,0.10000000000000053,0.5614999999999999,0.5833775517278889,0.5774267697027341,FAR,FAR,0.0,1,,,0.03,100
C2_n0.03_d100_r02,C2,202639,4.46,4.36,0.09999999999999964,0.55975,0.5722203497383336,0.576125164711634,FAR,FAR,0.0,1,,,0.03,100
C2_n0.03_d100_r02,C2,202639,4.48,4.38,0.10000000000000053,0.5579999999999999,0.592921918915594,0.580324353262624,FAR,FAR,0.0,1,,,0.03,100
C2_n0.03_d100_r02,C2,202639,4.5,4.4,0.09999999999999964,0.55625,0.5467105791915425,0.5719209097448537,FAR,FAR,0.0,1,,,0.03,100
C2_n0.03_d100_r02,C2,202639,4.52,4.42,0.09999999999999964,0.5545,0.6152361621684913,0.5827497228507631,FAR,FAR,0.0,1,,,0.03,100
C2_n0.03_d100_r02,C2,202639,4.54,4.44,0.09999999999999964,0.55275,0.5463170324912527,0.5736415502608856,FAR,FAR,0.0,1,,,0.03,100
C2_n0.03_d100_r02,C2,202639,4.56,4.46,0.09999999999999964,0.551,0.521219480037783,0.5605360327051099,FAR,FAR,0.0,1,,,0.03,100
C2_n0.03_d100_r02,C2,202639,4.58,4.48,0.09999999999999964,0.54925,0.5721596367754925,0.5634419337227056,FAR,FAR,0.0,1,,,0.03,100
C2_n0.03_d100_r02,C2,202639,4.6,4.5,0.09999999999999964,0.5475,0.6004488217961628,0.5726936557410699,FAR,FAR,0.0,1,,,0.03,100
C2_n0.03_d100_r02,C2,202639,4.62,4.52,0.10000000000000053,0.54575,0.5523911440816268,0.5676180278262091,FAR,FAR,0.0,1,,,0.03,100
C2_n0.03_d100_r02,C2,202639,4.64,4.54,0.09999999999999964,0.544,0.5647694200360143,0.5669058758786604,FAR,FAR,0.0,1,,,0.03,100
C2_n0.03_d100_r02,C2,202639,4.66,4.56,0.10000000000000053,0.54225,0.5393687129835738,0.5600215851548886,FAR,FAR,0.0,1,,,0.03,100
C2_n0.03_d100_r02,C2,202639,4.68,4.58,0.09999999999999964,0.5405,0.5987969966892914,0.5697154380384893,FAR,FAR,0.0,1,,,0.03,100
C2_n0.03_d100_r02,C2,202639,4.7,4.6,0.10000000000000053,0.53875,0.49957527463863527,0.5521803971885257,FAR,FAR,0.0,1,,,0.03,100
C2_n0.03_d100_r02,C2,202639,4.72,4.62,0.09999999999999964,0.537,0.5522540526914301,0.5521988110642518,FAR,FAR,0.0,1,,,0.03,100
C2_n0.03_d100_r02,C2,202639,4.74,4.64,0.10000000000000053,0.53525,0.5648424025228548,0.5553597089289025,FAR,FAR,0.0,1,,,0.03,100
C2_n0.03_d100_r02,C2,202639,4.76,4.66,0.09999999999999964,0.5335,0.5056294335244047,0.5429271400777781,FAR,FAR,0.0,1,,,0.03,100
C2_n0.03_d100_r02,C2,202639,4.78,4.68,0.10000000000000053,0.53175,0.5381722920446064,0.5417384280694852,FAR,FAR,0.0,1,,,0.03,100
C2_n0.03_d100_r02,C2,202639,4.8,4.7,0.09999999999999964,0.53,0.5489374304195985,0.5435381786570136,FAR,FAR,0.0,1,,,0.03,100
C2_n0.03_d100_r02,C2,202639,4.82,4.72,0.10000000000000053,0.52825,0.5522153827729938,0.5457074796860086,FAR,FAR,0.0,1,,,0.03,100
C2_n0.03_d100_r02,C2,202639,4.84,4.74,0.09999999999999964,0.5265,0.5528764649756263,0.547499726008413,FAR,FAR,0.0,1,,,0.03,100
C2_n0.03_d100_r02,C2,202639,4.86,4.76,0.10000000000000053,0.5247499999999999,0.5164375186557462,0.5397341741702463,FAR,FAR,0.0,1,,,0.03,100
C2_n0.03_d100_r02,C2,202639,4.88,4.78,0.09999999999999964,0.523,0.5519397663449068,0.5427855722139114,FAR,FAR,0.0,1,,,0.03,100
C2_n0.03_d100_r02,C2,202639,4.9,4.8,0.10000000000000053,0.52125,0.47513053506672226,0.5258718129271142,FAR,FAR,0.0,1,,,0.03,100
C2_n0.03_d100_r02,C2,202639,4.92,4.82,0.09999999999999964,0.5195,0.4770818618512998,0.5136743251581606,FAR,FAR,0.0,1,,,0.03,100
C2_n0.03_d100_r02,C2,202639,4.94,4.84,0.10000000000000053,0.5177499999999999,0.5444733211657914,0.5213740741600683,FAR,FAR,0.0,1,,,0.03,100
C2_n0.03_d100_r02,C2,202639,4.96,4.86,0.09999999999999964,0.516,0.5409930318453662,0.5262788135813927,FAR,FAR,0.0,1,,,0.03,100
C2_n0.03_d100_r02,C2,202639,4.98,4.88,0.10000000000000053,0.51425,0.48413673791269796,0.5157432946642191,FAR,FAR,0.0,1,,,0.03,100
C2_n0.03_d100_r02,C2,202639,5.0,4.9,0.09999999999999964,0.5125,0.49609017164582714,0.5108300139096211,FAR,FAR,0.0,1,,,0.03,100
C2_n0.03_d100_r02,C2,202639,5.02,4.92,0.09999999999999964,0.51075,0.5191029923655822,0.5128982585236114,FAR,FAR,0.0,1,,,0.03,100
C2_n0.03_d100_r02,C2,202639,5.04,4.94,0.09999999999999964,0.509,0.4959327157608696,0.5086568728329259,FAR,FAR,0.0,1,,,0.03,100
C2_n0.03_d100_r02,C2,202639,5.06,4.96,0.09999999999999964,0.50725,0.49845907845613746,0.5061074242387288,FAR,FAR,0.0,1,,,0.03,100
C2_n0.03_d100_r02,C2,202639,5.08,4.98,0.09999999999999964,0.5055,0.5577182384153966,0.5190101277828958,FAR,FAR,0.0,1,,,0.03,100
C2_n0.03_d100_r02,C2,202639,5.1,5.0,0.09999999999999964,0.50375,0.5150467474381448,0.518019282696708,FAR,FAR,0.0,1,,,0.03,100
C2_n0.03_d100_r02,C2,202639,5.12,5.02,0.10000000000000053,0.502,0.5157636099331039,0.517455364505807,FAR,FAR,0.0,1,,,0.03,100
C2_n0.03_d100_r02,C2,202639,5.14,5.04,0.09999999999999964,0.50025,0.5437699309314261,0.5240340061122117,FAR,FAR,0.0,1,,,0.03,100
C2_n0.03_d100_r02,C2,202639,5.16,5.06,0.10000000000000053,0.49849999999999994,0.4867740497354917,0.5147190170180317,FAR,FAR,0.0,1,,,0.03,100
C2_n0.03_d100_r02,C2,202639,5.18,5.08,0.09999999999999964,0.49675,0.5017185048689661,0.5114688889807653,FAR,FAR,0.0,1,,,0.03,100
C2_n0.03_d100_r02,C2,202639,5.2,5.1,0.10000000000000053,0.495,0.46621277511206,0.5001548605135889,FAR,FAR,0.0,1,,,0.03,100
C2_n0.03_d100_r02,C2,202639,5.22,5.12,0.09999999999999964,0.49325,0.5305993717751157,0.5077659883289706,FAR,FAR,0.0,1,,,0.03,100
C2_n0.03_d100_r02,C2,202639,5.24,5.14,0.10000000000000053,0.49149999999999994,0.5332947255811713,0.5141481726420207,FAR,FAR,0.0,1,,,0.03,100
C2_n0.03_d100_r02,C2,202639,5.26,5.16,0.09999999999999964,0.48975,0.4785236195392998,0.5052420343663405,FAR,FAR,0.0,1,,,0.03,100
C2_n0.03_d100_r02,C2,202639,5.28,5.18,0.10000000000000053,0.488,0.5199435946973019,0.5089174244490808,FAR,FAR,0.0,1,,,0.03,100
C2_n0.03_d100_r02,C2,202639,5.3,5.2,0.09999999999999964,0.48625,0.5030501643766514,0.5074506094309734,FAR,FAR,0.0,1,,,0.03,100
C2_n0.03_d100_r02,C2,202639,5.32,5.22,0.10000000000000053,0.48449999999999993,0.4924320110843699,0.5036959598443226,FAR,FAR,0.0,1,,,0.03,100
C2_n0.03_d100_r02,C2,202639,5.34,5.24,0.09999999999999964,0.48275,0.4815599452487327,0.4981619561954251,FAR,FAR,0.0,1,,,0.03,100
C2_n0.03_d100_r02,C2,202639,5.36,5.26,0.10000000000000053,0.481,0.4822354345820278,0.4941803257920757,FAR,FAR,0.0,1,,,0.03,100
C2_n0.03_d100_r02,C2,202639,5.38,5.28,0.09999999999999964,0.47925,0.5126977365690557,0.49880967848632074,FAR,FAR,0.0,1,,,0.03,100
C2_n0.03_d100_r02,C2,202639,5.4,5.3,0.10000000000000053,0.4774999999999999,0.5317341480916774,0.5070407958876599,FAR,FAR,0.0,1,,,0.03,100
C2_n0.03_d100_r02,C2,202639,5.42,5.32,0.09999999999999964,0.47575,0.4416944405698894,0.49070420705821727,FAR,FAR,0.0,1,,,0.03,100
C2_n0.03_d100_r02,C2,202639,5.44,5.34,0.10000000000000053,0.474,0.46258033708628554,0.48367323956523434,FAR,FAR,0.0,1,,,0.03,100
C2_n0.03_d100_r02,C2,202639,5.46,5.36,0.09999999999999964,0.47224999999999995,0.4310298149383157,0.47051238340850465,FAR,FAR,0.0,1,,,0.03,100
C2_n0.03_d100_r02,C2,202639,5.48,5.38,0.10000000000000053,0.4704999999999999,0.45070377364801095,0.4655602309683812,FAR,FAR,0.0,1,,,0.03,100
C2_n0.03_d100_r02,C2,202639,5.5,5.4,0.09999999999999964,0.46875,0.45087886560685225,0.46188988962799893,FAR,FAR,0.0,1,,,0.03,100
C2_n0.03_d100_r02,C2,202639,5.52,5.42,0.09999999999999964,0.467,0.4571495056592706,0.46070479363581684,FAR,FAR,0.0,1,,,0.03,100
C2_n0.03_d100_r02,C2,202639,5.54,5.44,0.09999999999999964,0.46525,0.4509208791491699,0.4582588150141551,FAR,FAR,0.0,1,,,0.03,100
C2_n0.03_d100_r02,C2,202639,5.56,5.46,0.09999999999999964,0.4635,0.49910342742959246,0.46846996811801445,FAR,FAR,0.0,1,,,0.03,100
C2_n0.03_d100_r02,C2,202639,5.58,5.48,0.09999999999999964,0.46175,0.4902168377114444,0.47390668551637194,FAR,FAR,0.0,1,,,0.03,100
C2_n0.03_d100_r02,C2,202639,5.6,5.5,0.09999999999999964,0.46,0.4703236840014107,0.4730109351376316,FAR,FAR,0.0,1,,,0.03,100
C2_n0.03_d100_r02,C2,202639,5.62,5.52,0.10000000000000053,0.45825,0.43248643002356085,0.4628798088591139,FAR,FAR,0.0,1,,,0.03,100
C2_n0.03_d100_r02,C2,202639,5.64,5.54,0.09999999999999964,0.4565,0.4986887127278777,0.4718320348263048,FAR,FAR,0.0,1,,,0.03,100
C2_n0.03_d100_r02,C2,202639,5.66,5.56,0.10000000000000053,0.45475,0.45955976768707285,0.46876396804149684,FAR,FAR,0.0,1,,,0.03,100
C2_n0.03_d100_r02,C2,202639,5.68,5.58,0.09999999999999964,0.453,0.5053336655755905,0.47790639242502025,FAR,FAR,0.0,1,,,0.03,100
C2_n0.03_d100_r02,C2,202639,5.7,5.6,0.10000000000000053,0.45125,0.4591343269022915,0.4732133760443381,FAR,FAR,0.0,1,,,0.03,100
C2_n0.03_d100_r02,C2,202639,5.72,5.62,0.09999999999999964,0.4495,0.4969109931288609,0.4791377803154688,FAR,FAR,0.0,1,,,0.03,100
C2_n0.03_d100_r02,C2,202639,5.74,5.64,0.10000000000000053,0.44775,0.4570121822479679,0.4736063807985935,FAR,FAR,0.0,1,,,0.03,100
C2_n0.03_d100_r02,C2,202639,5.76,5.66,0.09999999999999964,0.446,0.4708028745809842,0.4729055042441912,FAR,FAR,0.0,1,,,0.03,100
C2_n0.03_d100_r02,C2,202639,5.78,5.68,0.10000000000000053,0.44425,0.48045685524930226,0.47479334199546896,FAR,FAR,0.0,1,,,0.03,100
C2_n0.03_d100_r02,C2,202639,5.8,5.7,0.09999999999999964,0.4425,0.4414924142330703,0.4664681100548693,FAR,FAR,0.0,1,,,0.03,100
C2_n0.03_d100_r02,C2,202639,5.82,5.72,0.10000000000000053,0.44075,0.4274900754859027,0.4567236014126277,FAR,FAR,0.0,1,,,0.03,100
C2_n0.03_d100_r02,C2,202639,5.84,5.74,0.09999999999999964,0.439,0.5068842458113324,0.46926376251230384,FAR,FAR,0.0,1,,,0.03,100
C2_n0.03_d100_r02,C2,202639,5.86,5.76,0.10000000000000053,0.43724999999999997,0.4866591369453396,0.4736126061205628,FAR,FAR,0.0,1,,,0.03,100
C2_n0.03_d100_r02,C2,202639,5.88,5.78,0.09999999999999964,0.4355,0.4769124563555109,0.4744375686792998,FAR,FAR,0.0,1,,,0.03,100
C2_n0.03_d100_r02,C2,202639,5.9,5.8,0.10000000000000053,0.43374999999999997,0.473086230243027,0.4740997340702316,FAR,FAR,0.0,1,,,0.03,100
C2_n0.03_d100_r02,C2,202639,5.92,5.82,0.09999999999999964,0.432,0.48236454971756154,0.4761659379820641,FAR,FAR,0.0,1,,,0.03,100
C2_n0.03_d100_r02,C2,202639,5.94,5.84,0.10000000000000053,0.43024999999999997,0.4970015946629444,0.4813748521522842,FAR,FAR,0.0,1,,,0.03,100
C2_n0.03_d100_r02,C2,202639,5.96,5.86,0.09999999999999964,0.4285,0.43339825544044286,0.4693807029743239,FAR,FAR,0.0,1,,,0.03,100
C2_n0.03_d100_r02,C2,202639,5.98,5.88,0.10000000000000053,0.42674999999999996,0.4739723997360908,0.4705286271647656,FAR,FAR,0.0,1,,,0.03,100
C2_n0.03_d100_r02,C2,202639,6.0,5.9,0.09999999999999964,0.425,0.4940318428378382,0.47640443108303376,FAR,FAR,0.0,1,,,0.03,100
C2_n0.03_d100_r02,C2,202639,6.02,5.92,0.09999999999999964,0.42325,0.4372241696794663,0.4666093657321419,FAR,FAR,0.0,1,,,0.03,100
C2_n0.03_d100_r02,C2,202639,6.04,5.94,0.09999999999999964,0.4215,0.39877017868664705,0.4496495689707682,FAR,FAR,0.0,1,,,0.03,100
C2_n0.03_d100_r02,C2,202639,6.06,5.96,0.09999999999999964,0.41975,0.45597397964375047,0.45123067163901376,FAR,FAR,0.0,1,,,0.03,100
C2_n0.03_d100_r02,C2,202639,6.08,5.98,0.09999999999999964,0.418,0.45402709087640947,0.4519297764483627,FAR,FAR,0.0,1,,,0.03,100
C2_n0.03_d100_r02,C2,202639,6.1,6.0,0.09999999999999964,0.41625,0.43424206179227826,0.44750784778434155,FAR,FAR,0.0,1,,,0.03,100
C2_n0.03_d100_r02,C2,202639,6.12,6.02,0.10000000000000053,0.4145,0.4783434375812912,0.45521674523357897,FAR,FAR,0.0,1,,,0.03,100
C2_n0.03_d100_r02,C2,202639,6.14,6.04,0.09999999999999964,0.41275,0.39792603071166666,0.44089406660310093,FAR,FAR,0.0,1,,,0.03,100
C2_n0.03_d100_r02,C2,202639,6.16,6.06,0.10000000000000053,0.411,0.4248812779720808,0.4368908694453459,FAR,FAR,0.0,1,,,0.03,100
C2_n0.03_d100_r02,C2,202639,6.18,6.08,0.09999999999999964,0.40925,0.39285679332915857,0.42588235041629907,FAR,FAR,0.0,1,,,0.03,100
C2_n0.03_d100_r02,C2,202639,6.2,6.1,0.10000000000000053,0.4075,0.40274620730276844,0.42009831463791636,FAR,FAR,0.0,1,,,0.03,100
C2_n0.03_d100_r02,C2,202639,6.22,6.12,0.09999999999999964,0.40575,0.40085142033426086,0.41528659106200244,FAR,FAR,0.0,1,,,0.03,100
C2_n0.03_d100_r02,C2,202639,6.24,6.14,0.10000000000000053,0.40399999999999997,0.41892455206465207,0.41619608131266483,FAR,FAR,0.0,1,,,0.03,100
C2_n0.03_d100_r02,C2,202639,6.26,6.16,0.09999999999999964,0.40225,0.4053699277606891,0.4134895429246709,FAR,FAR,0.0,1,,,0.03,100
C2_n0.03_d100_r02,C2,202639,6.28,6.18,0.10000000000000053,0.40049999999999997,0.44548894397400224,0.42148939318700374,FAR,FAR,0.0,1,,,0.03,100
C2_n0.03_d100_r02,C2,202639,6.3,6.2,0.09999999999999964,0.39875,0.4156978876801974,0.42004151681030216,FAR,FAR,0.0,1,,,0.03,100
C2_n0.03_d100_r02,C2,202639,6.32,6.22,0.10000000000000053,0.39699999999999996,0.324125971483994,0.39606263047872514,FAR,FAR,0.0,1,,,0.03,100
C2_n0.03_d100_r02,C2,202639,6.34,6.24,0.09999999999999964,0.39525,0.44589093985799577,0.4085197078235428,FAR,FAR,0.0,1,,,0.03,100
C2_n0.03_d100_r02,C2,202639,6.36,6.26,0.10000000000000053,0.39349999999999996,0.39359372745658583,0.40478821273180354,FAR,FAR,0.0,1,,,0.03,100
C2_n0.03_d100_r02,C2,202639,6.38,6.28,0.09999999999999964,0.39175,0.4225863071022037,0.4092377363244035,FAR,FAR,0.0,1,,,0.03,100
C2_n0.03_d100_r02,C2,202639,6.4,6.3,0.10000000000000053,0.38999999999999996,0.40048266037937397,0.4070489673381461,FAR,FAR,0.0,1,,,0.03,100
C2_n0.03_d100_r02,C2,202639,6.42,6.32,0.09999999999999964,0.38825,0.404081977603461,0.4063072199044748,FAR,FAR,0.0,1,,,0.03,100
C2_n0.03_d100_r02,C2,202639,6.44,6.34,0.10000000000000053,0.38649999999999995,0.37413805340325523,0.3982649282791699,FAR,FAR,0.0,1,,,0.03,100
C2_n0.03_d100_r02,C2,202639,6.46,6.36,0.09999999999999964,0.38475,0.36781457771977544,0.3906523406393213,FAR,FAR,0.0,1,,,0.03,100
C2_n0.03_d100_r02,C2,202639,6.48,6.38,0.10000000000000053,0.38299999999999995,0.3537330659706414,0.3814225219721513,FAR,FAR,0.0,1,,,0.03,100
C2_n0.03_d100_r02,C2,202639,6.5,6.4,0.09999999999999964,0.38125,0.3579311735997329,0.3755496848790467,FAR,FAR,0.0,1,,,0.03,100
C2_n0.03_d100_r02,C2,202639,6.52,6.42,0.09999999999999964,0.37950000000000006,0.41147354424513904,0.38453064972056983,FAR,FAR,0.0,1,,,0.03,100
C2_n0.03_d100_r02,C2,202639,6.54,6.44,0.09999999999999964,0.37775000000000003,0.37129992730531014,0.3812229691167549,FAR,FAR,0.0,1,,,0.03,100
C2_n0.03_d100_r02,C2,202639,6.56,6.46,0.09999999999999964,0.376,0.399090543168945,0.3856898626298024,FAR,FAR,0.0,1,,,0.03,100
C2_n0.03_d100_r02,C2,202639,6.58,6.48,0.09999999999999964,0.37424999999999997,0.36811830411338103,0.3812969730006971,FAR,FAR,0.0,1,,,0.03,100
C2_n0.03_d100_r02,C2,202639,6.6,6.5,0.09999999999999964,0.37250000000000005,0.34343791661630807,0.3718322089045998,FAR,FAR,0.0,1,,,0.03,100
C2_n0.03_d100_r02,C2,202639,6.62,6.52,0.10000000000000053,0.37075,0.37411487413826633,0.3724028752130164,FAR,FAR,0.0,1,,,0.03,100
C2_n0.03_d100_r02,C2,202639,6.64,6.54,0.09999999999999964,0.369,0.3332366721598868,0.362611324449734,FAR,FAR,0.0,1,,,0.03,100
C2_n0.03_d100_r02,C2,202639,6.66,6.56,0.10000000000000053,0.36724999999999997,0.3963683716653933,0.37105058625364884,FAR,FAR,0.0,1,,,0.03,100
C2_n0.03_d100_r02,C2,202639,6.68,6.58,0.09999999999999964,0.36550000000000005,0.3967036541771409,0.37746385323452186,FAR,FAR,0.0,1,,,0.03,100
C2_n0.03_d100_r02,C2,202639,6.7,6.6,0.10000000000000053,0.36375,0.3635114736617336,0.3739757583413248,FAR,FAR,0.0,1,,,0.03,100
C2_n0.03_d100_r02,C2,202639,6.72,6.62,0.09999999999999964,0.362,0.39445727824874255,0.37909613831817923,FAR,FAR,0.0,1,,,0.03,100
C2_n0.03_d100_r02,C2,202639,6.74,6.64,0.10000000000000053,0.36024999999999996,0.3151746400907788,0.36311576376132915,FAR,FAR,0.0,1,,,0.03,100
C2_n0.03_d100_r02,C2,202639,6.76,6.66,0.09999999999999964,0.35850000000000004,0.36894981650360925,0.36457427694689915,FAR,FAR,0.0,1,,,0.03,100
C2_n0.03_d100_r02,C2,202639,6.78,6.68,0.10000000000000053,0.35675,0.3584614488006054,0.36304606991032573,FAR,FAR,0.0,1,,,0.03,100
C2_n0.03_d100_r02,C2,202639,6.8,6.7,0.09999999999999964,0.355,0.3672480414795339,0.36409656280262775,FAR,FAR,0.0,1,,,0.03,100
C2_n0.03_d100_r02,C2,202639,6.82,6.72,0.10000000000000053,0.35324999999999995,0.38361812433939807,0.36897695318682033,FAR,FAR,0.0,1,,,0.03,100
C2_n0.03_d100_r02,C2,202639,6.84,6.74,0.09999999999999964,0.35150000000000003,0.3471704558788313,0.3635253288598231,FAR,FAR,0.0,1,,,0.03,100
C2_n0.03_d100_r02,C2,202639,6.86,6.76,0.10000000000000053,0.34974999999999995,0.3140814247186974,0.35116435282454167,NEAR,FAR,0.0,1,,,0.03,100
C2_n0.03_d100_r02,C2,202639,6.88,6.78,0.09999999999999964,0.348,0.3680228309065295,0.3553789723450386,NEAR,FAR,0.0,1,,,0.03,100
C2_n0.03_d100_r02,C2,202639,6.9,6.8,0.10000000000000053,0.34624999999999995,0.3855004665162566,0.36290934588784307,NEAR,FAR,0.0,1,,,0.03,100
C2_n0.03_d100_r02,C2,202639,6.92,6.82,0.09999999999999964,0.3445,0.33524172272531993,0.3559924400972123,NEAR,FAR,0.0,1,,,0.03,100
C2_n0.03_d100_r02,C2,202639,6.94,6.84,0.10000000000000053,0.34274999999999994,0.3840934604807889,0.36301769519310645,NEAR,FAR,0.0,1,,,0.03,100
C2_n0.03_d100_r02,C2,202639,6.96,6.86,0.09999999999999964,0.34099999999999997,0.31459238024109654,0.350911366455104,NEAR,FAR,0.0,1,,,0.03,100
C2_n0.03_d100_r02,C2,202639,6.98,6.88,0.10000000000000053,0.33924999999999994,0.38939735348208004,0.360532863211848,NEAR,FAR,0.0,1,,,0.03,100
C2_n0.03_d100_r02,C2,202639,7.0,6.9,0.09999999999999964,0.3375,0.31088487207113186,0.348120865426669,NEAR,FAR,0.0,1,,,0.03,100
C2_n0.03_d100_r02,C2,202639,7.02,6.92,0.09999999999999964,0.33575000000000005,0.29267718934361825,0.3342599464059063,NEAR,FAR,0.0,1,,,0.03,100
C2_n0.03_d100_r02,C2,202639,7.04,6.94,0.09999999999999964,0.334,0.2802057109931427,0.32074638755271534,NEAR,FAR,0.0,1,,,0.03,100
C2_n0.03_d100_r02,C2,202639,7.06,6.96,0.09999999999999964,0.33225000000000005,0.32639207077936494,0.32215780835937774,NEAR,FAR,0.0,1,,,0.03,100
C2_n0.03_d100_r02,C2,202639,7.08,6.98,0.09999999999999964,0.3305,0.32229589854670393,0.3221923309062093,NEAR,FAR,0.0,1,,,0.03,100
C2_n0.03_d100_r02,C2,202639,7.1,7.0,0.09999999999999964,0.32875000000000004,0.36522542017353615,0.332950603223041,NEAR,FAR,0.0,1,,,0.03,100
C2_n0.03_d100_r02,C2,202639,7.12,7.02,0.10000000000000053,0.327,0.29806407919053757,0.32422897221491515,NEAR,FAR,0.0,1,,,0.03,100
C2_n0.03_d100_r02,C2,202639,7.14,7.04,0.09999999999999964,0.32525000000000004,0.3299051678343285,0.3256480211197685,NEAR,FAR,0.0,1,,,0.03,100
C2_n0.03_d100_r02,C2,202639,7.16,7.06,0.10000000000000053,0.3235,0.34094991512087025,0.32947349462004394,NEAR,FAR,0.0,1,,,0.03,100
C2_n0.03_d100_r02,C2,202639,7.18,7.08,0.09999999999999964,0.32175000000000004,0.31382749211061767,0.32556199399268737,NEAR,FAR,0.0,1,,,0.03,100
C2_n0.03_d100_r02,C2,202639,7.2,7.1,0.10000000000000053,0.32,0.28516603793509254,0.31546300497828866,NEAR,NEAR,0.6,1,ENTER_NEAR,,0.03,100
C2_n0.03_d100_r02,C2,202639,7.22,7.12,0.09999999999999964,0.31825000000000003,0.3315281269996551,0.31947928548363025,NEAR,NEAR,0.6,1,,,0.03,100
C2_n0.03_d100_r02,C2,202639,7.24,7.14,0.10000000000000053,0.3165,0.30324895518969575,0.3154217029101466,NEAR,NEAR,0.6,1,,,0.03,100
C2_n0.03_d100_r02,C2,202639,7.26,7.16,0.09999999999999964,0.31475000000000003,0.3002204232073703,0.3116213829844525,NEAR,NEAR,0.6,1,,,0.03,100
C2_n0.03_d100_r02,C2,202639,7.28,7.18,0.10000000000000053,0.313,0.325110498006576,0.3149936617399834,NEAR,NEAR,0.6,1,,,0.03,100
C2_n0.03_d100_r02,C2,202639,7.3,7.2,0.09999999999999964,0.31125,0.3372083429966941,0.3205473320541611,NEAR,NEAR,0.6,1,,,0.03,100
C2_n0.03_d100_r02,C2,202639,7.32,7.22,0.10000000000000053,0.3095,0.32442698881255383,0.32151724624375927,NEAR,NEAR,0.6,1,,,0.03,100
C2_n0.03_d100_r02,C2,202639,7.34,7.24,0.09999999999999964,0.30775,0.31350975549508353,0.3195153735565903,NEAR,NEAR,0.6,1,,,0.03,100
C2_n0.03_d100_r02,C2,202639,7.36,7.26,0.10000000000000053,0.306,0.3501297266280048,0.32716896182444394,NEAR,NEAR,0.6,1,,,0.03,100
C2_n0.03_d100_r02,C2,202639,7.38,7.28,0.09999999999999964,0.30425,0.3409716984935735,0.33061964599172633,NEAR,NEAR,0.6,1,,,0.03,100
C2_n0.03_d100_r02,C2,202639,7.4,7.3,0.10000000000000053,0.3025,0.31899876869506505,0.327714426667561,NEAR,NEAR,0.6,1,,,0.03,100
C2_n0.03_d100_r02,C2,202639,7.42,7.32,0.09999999999999964,0.30075,0.2738013208421356,0.31423615021120466,NEAR,NEAR,0.6,1,,,0.03,100
C2_n0.03_d100_r02,C2,202639,7.44,7.34,0.10000000000000053,0.299,0.2387809730344399,0.2953723559170135,NEAR,NEAR,0.6,1,,,0.03,100
C2_n0.03_d100_r02,C2,202639,7.46,7.36,0.09999999999999964,0.29725,0.2788991937724299,0.2912540653808676,NEAR,NEAR,0.6,1,,,0.03,100
C2_n0.03_d100_r02,C2,202639,7.48,7.38,0.10000000000000053,0.2955,0.2595207705287593,0.28332074166784055,NEAR,NEAR,0.6,1,,,0.03,100
C2_n0.03_d100_r02,C2,202639,7.5,7.4,0.09999999999999964,0.29375,0.29679403047176967,0.28668906386882287,NEAR,NEAR,0.6,1,,,0.03,100
C2_n0.03_d100_r02,C2,202639,7.52,7.42,0.09999999999999964,0.29200000000000004,0.32437791440602104,0.2961112765031224,NEAR,NEAR,0.6,1,,,0.03,100
C2_n0.03_d100_r02,C2,202639,7.54,7.44,0.09999999999999964,0.29025,0.22083401330471486,0.2772919607035205,NEAR,NEAR,0.6,1,,,0.03,100
C2_n0.03_d100_r02,C2,202639,7.56,7.46,0.09999999999999964,0.28850000000000003,0.3171822073217332,0.2872645223580737,NEAR,NEAR,0.6,1,,,0.03,100
C2_n0.03_d100_r02,C2,202639,7.58,7.48,0.09999999999999964,0.28675,0.33953801303438347,0.30033289502715116,NEAR,NEAR,0.6,1,,,0.03,100
C2_n0.03_d100_r02,C2,202639,7.6,7.5,0.09999999999999964,0.28500000000000003,0.3175401990384927,0.30463472102998657,NEAR,NEAR,0.6,1,,,0.03,100
C2_n0.03_d100_r02,C2,202639,7.62,7.52,0.10000000000000053,0.28325,0.2751365449662959,0.29726017701406393,NEAR,NEAR,0.6,1,,,0.03,100
C2_n0.03_d100_r02,C2,202639,7.64,7.54,0.09999999999999964,0.28150000000000003,0.2773693532419752,0.29228747107104175,NEAR,NEAR,0.6,1,,,0.03,100
C2_n0.03_d100_r02,C2,202639,7.66,7.56,0.10000000000000053,0.27975,0.274080954894082,0.2877358420268018,NEAR,NEAR,0.6,1,,,0.03,100
C2_n0.03_d100_r02,C2,202639,7.68,7.58,0.09999999999999964,0.278,0.29213554281250953,0.28883576722322873,NEAR,NEAR,0.6,1,,,0.03,100
C2_n0.03_d100_r02,C2,202639,7.7,7.6,0.10000000000000053,0.27625,0.2975181292013473,0.2910063577177584,NEAR,NEAR,0.6,1,,,0.03,100
C2_n0.03_d100_r02,C2,202639,7.72,7.62,0.09999999999999964,0.2745,0.2961227430588981,0.2922854540530433,NEAR,NEAR,0.6,1,,,0.03,100
C2_n0.03_d100_r02,C2,202639,7.74,7.64,0.10000000000000053,0.27275,0.2392414537195691,0.27902445396967474,NEAR,NEAR,0.6,1,,,0.03,100
C2_n0.03_d100_r02,C2,202639,7.76,7.66,0.09999999999999964,0.271,0.29787763589508964,0.2837377494510285,NEAR,NEAR,0.6,1,,,0.03,100
C2_n0.03_d100_r02,C2,202639,7.78,7.68,0.10000000000000053,0.26925,0.23589002394062508,0.27177581807342766,NEAR,NEAR,0.6,1,,,0.03,100
C2_n0.03_d100_r02,C2,202639,7.8,7.7,0.09999999999999964,0.2675,0.29618210403750345,0.27787738956444663,NEAR,NEAR,0.6,1,,,0.03,100
C2_n0.03_d100_r02,C2,202639,7.82,7.72,0.10000000000000053,0.26575,0.3047209515853203,0.2845882800696651,NEAR,NEAR,0.6,1,,,0.03,100
C2_n0.03_d100_r02,C2,202639,7.84,7.74,0.09999999999999964,0.264,0.26882839172137246,0.28064830798259194,NEAR,NEAR,0.6,1,,,0.03,100
C2_n0.03_d100_r02,C2,202639,7.86,7.76,0.10000000000000053,0.26225,0.23594381669495623,0.26947218516068305,NEAR,NEAR,0.6,1,,,0.03,100
C2_n0.03_d100_r02,C2,202639,7.88,7.78,0.09999999999999964,0.2605,0.30077267191259355,0.27729730684866066,NEAR,NEAR,0.6,1,,,0.03,100
C2_n0.03_d100_r02,C2,202639,7.9,7.8,0.10000000000000053,0.25875,0.22555804508739274,0.26436249140834367,NEAR,NEAR,0.6,1,,,0.03,100
C2_n0.03_d100_r02,C2,202639,7.92,7.82,0.09999999999999964,0.257,0.3126197395329823,0.2764268034395033,NEAR,NEAR,0.6,1,,,0.03,100
C2_n0.03_d100_r02,C2,202639,7.94,7.84,0.10000000000000053,0.25525,0.2779629683273399,0.27681084466146244,NEAR,NEAR,0.6,1,,,0.03,100
C2_n0.03_d100_r02,C2,202639,7.96,7.86,0.09999999999999964,0.2535,0.29877013319592916,0.28230066679507915,NEAR,NEAR,0.6,1,,,0.03,100
C2_n0.03_d100_r02,C2,202639,7.98,7.88,0.10000000000000053,0.25175,0.23735676272048134,0.2710646907764297,NEAR,NEAR,0.6,1,,,0.03,100
C2_n0.03_d100_r02,C2,202639,8.0,7.9,0.09999999999999964,0.25,0.20228474798057874,0.253869705077467,NEAR,NEAR,0.6,1,,,0.03,100
C2_n0.03_d100_r02,C2,202639,8.02,7.92,0.09999999999999964,0.2522533838368113,0.3289759970927176,0.2726462780812796,NEAR,NEAR,0.6,1,,,0.03,100
C2_n0.03_d100_r02,C2,202639,8.04,7.94,0.09999999999999876,0.25445562372365543,0.2736718074598001,0.2729026604259097,NEAR,NEAR,0.6,1,,,0.03,100
C2_n0.03_d100_r02,C2,202639,8.06,7.96,0.10000000000000053,0.25655673649976407,0.32210507135577054,0.2852032631583749,NEAR,NEAR,0.6,1,,,0.03,100
C2_n0.03_d100_r02,C2,202639,8.08,7.98,0.09999999999999964,0.25850903423690136,0.30733289651453377,0.29073567149741464,NEAR,NEAR,0.6,1,,,0.03,100
C2_n0.03_d100_r02,C2,202639,8.1,8.0,0.09999999999999964,0.2602682065889303,0.24224160427241795,0.27861215469116546,NEAR,NEAR,0.6,1,,,0.03,100
C2_n0.03_d100_r02,C2,202639,8.12,8.02,0.09999999999999964,0.26179432648204926,0.2664981658673101,0.27558365748520164,NEAR,NEAR,0.6,1,,,0.03,100
C2_n0.03_d100_r02,C2,202639,8.14,8.04,0.10000000000000142,0.26305275632004294,0.22606045165579183,0.2632028560278492,NEAR,NEAR,0.6,1,,,0.03,100
C2_n0.03_d100_r02,C2,202639,8.16,8.06,0.09999999999999964,0.2640149341368492,0.28018923631459913,0.26744945109953666,NEAR,NEAR,0.6,1,,,0.03,100
C2_n0.03_d100_r02,C2,202639,8.18,8.08,0.09999999999999964,0.2646590218535229,0.2357288739108462,0.25951930680236407,NEAR,NEAR,0.6,1,,,0.03,100
C2_n0.03_d100_r02,C2,202639,8.2,8.1,0.09999999999999964,0.26497040092642404,0.3101199054900365,0.2721694564742822,NEAR,NEAR,0.6,1,,,0.03,100
C2_n0.03_d100_r02,C2,202639,8.22,8.12,0.10000000000000142,0.2649420041371476,0.20503293960032126,0.25538532725579194,NEAR,NEAR,0.6,1,,,0.03,100
C2_n0.03_d100_r02,C2,202639,8.24,8.14,0.09999999999999964,0.2645744759937201,0.24911891346958154,0.2538187238092393,NEAR,NEAR,0.6,1,,,0.03,100
C2_n0.03_d100_r02,C2,202639,8.26,8.16,0.09999999999999964,0.26387615810251686,0.23264656955566693,0.24852568524584623,NEAR,NEAR,0.6,1,,,0.03,100
C2_n0.03_d100_r02,C2,202639,8.28,8.18,0.09999999999999964,0.26286289984290484,0.26726433893756996,0.2532103486687772,NEAR,NEAR,0.6,1,,,0.03,100
C2_n0.03_d100_r02,C2,202639,8.3,8.2,0.10000000000000142,0.2615576986416368,0.27718720797167096,0.2592045634945006,NEAR,NEAR,0.6,1,,,0.03,100
C2_n0.03_d100_r02,C2,202639,8.32,8.22,0.09999999999999964,0.25999017801151375,0.26059324054910743,0.2595517327581523,NEAR,NEAR,0.6,1,,,0.03,100
C2_n0.03_d100_r02,C2,202639,8.34,8.24,0.09999999999999964,0.25819591520101404,0.2914076267384198,0.2675157062532192,NEAR,NEAR,0.6,1,,,0.03,100
C2_n0.03_d100_r02,C2,202639,8.36,8.26,0.09999999999999964,0.2562156337148993,0.255473159877548,0.2645050696593014,NEAR,NEAR,0.6,1,,,0.03,100
C2_n0.03_d100_r02,C2,202639,8.38,8.28,0.10000000000000142,0.2540942790327598,0.2900506754777277,0.27089147111390793,NEAR,NEAR,0.6,1,,,0.03,100
C2_n0.03_d100_r02,C2,202639,8.4,8.3,0.09999999999999964,0.25187999850346454,0.2778106182038813,0.2726212578864013,NEAR,NEAR,0.6,1,,,0.03,100
C2_n0.03_d100_r02,C2,202639,8.42,8.32,0.09999999999999964,0.24962304856834994,0.2665052622332774,0.2710922589731203,NEAR,NEAR,0.6,1,,,0.03,100
C2_n0.03_d100_r02,C2,202639,8.44,8.34,0.09999999999999964,0.2473746541153709,0.26421289667199266,0.2693724183978384,NEAR,NEAR,0.6,1,,,0.03,100
C2_n0.03_d100_r02,C2,202639,8.46,8.36,0.10000000000000142,0.24518584585289177,0.2238273088818651,0.2579861410188451,NEAR,NEAR,0.6,1,,,0.03,100
C2_n0.03_d100_r02,C2,202639,8.48,8.38,0.09999999999999964,0.24310630209067763,0.2603586369637575,0.2585792650050732,NEAR,NEAR,0.6,1,,,0.03,100
C2_n0.03_d100_r02,C2,202639,8.5,8.4,0.09999999999999964,0.24118322121561292,0.27269847544009734,0.26210906761382924,NEAR,NEAR,0.6,1,,,0.03,100
C2_n0.03_d100_r02,C2,202639,8.52,8.42,0.09999999999999964,0.2394602504530173,0.2144328826802055,0.2501900213804233,NEAR,NEAR,0.6,1,,,0.03,100
C2_n0.03_d100_r02,C2,202639,8.54,8.44,0.09999999999999964,0.23797649522693692,0.24253783506359106,0.24827697480121522,NEAR,NEAR,0.6,1,,,0.03,100
C2_n0.03_d100_r02,C2,202639,8.56,8.46,0.09999999999999964,0.23676563160347566,0.25850562036648306,0.25083413619253214,NEAR,NEAR,0.6,1,,,0.03,100
C2_n0.03_d100_r02,C2,202639,8.58,8.48,0.09999999999999964,0.23585514196160703,0.28861853010086,0.26028023466961414,NEAR,NEAR,0.6,1,,,0.03,100
C2_n0.03_d100_r02,C2,202639,8.6,8.5,0.09999999999999964,0.23526569123906968,0.2592372668075307,0.2600194927040933,NEAR,NEAR,0.6,1,,,0.03,100
C2_n0.03_d100_r02,C2,202639,8.62,8.52,0.09999999999999964,0.23501065791039116,0.21017980136118655,0.2475595698683666,NEAR,NEAR,0.6,1,,,0.03,100
C2_n0.03_d100_r02,C2,202639,8.64,8.54,0.10000000000000142,0.23509583034219989,0.250516402209776,0.24829877795371896,NEAR,NEAR,0.6,1,,,0.03,100
C2_n0.03_d100_r02,C2,202639,8.66,8.56,0.09999999999999964,0.2355192754175009,0.26290573822796026,0.2519505180222793,NEAR,NEAR,0.6,1,,,0.03,100
C2_n0.03_d100_r02,C2,202639,8.68,8.58,0.09999999999999964,0.23627138241068624,0.2363181053130528,0.2480424148449727,NEAR,NEAR,0.6,1,,,0.03,100
C2_n0.03_d100_r02,C2,202639,8.7,8.6,0.09999999999999964,0.23733508111746973,0.2769037162727347,0.25525774020191316,NEAR,NEAR,0.6,1,,,0.03,100
C2_n0.03_d100_r02,C2,202639,8.72,8.62,0.10000000000000142,0.2386862292889585,0.2263645274410715,0.24803443701170275,NEAR,NEAR,0.6,1,,,0.03,100
C2_n0.03_d100_r02,C2,202639,8.74,8.64,0.09999999999999964,0.24029416057645836,0.21884585198745485,0.2407372907556408,NEAR,NEAR,0.6,1,,,0.03,100
C2_n0.03_d100_r02,C2,202639,8.76,8.66,0.09999999999999964,0.24212238055058052,0.24868580358651038,0.2427244189633582,NEAR,NEAR,0.6,1,,,0.03,100
C2_n0.03_d100_r02,C2,202639,8.78,8.68,0.09999999999999964,0.24412939499744188,0.2070580464893138,0.2338078258448471,NEAR,NEAR,0.6,1,,,0.03,100
C2_n0.03_d100_r02,C2,202639,8.8,8.7,0.10000000000000142,0.24626965169252724,0.3344420766913455,0.2589663885564717,NEAR,NEAR,0.6,1,,,0.03,100
C2_n0.03_d100_r02,C2,202639,8.82,8.72,0.09999999999999964,0.2484945742772318,0.2945087797617838,0.2678519863577997,NEAR,NEAR,0.6,1,,,0.03,100
C2_n0.03_d100_r02,C2,202639,8.84,8.74,0.09999999999999964,0.2507536647726965,0.23830275666334744,0.2604646789341867,NEAR,NEAR,0.6,1,,,0.03,100
C2_n0.03_d100_r02,C2,202639,8.86,8.76,0.09999999999999964,0.25299564970771604,0.23664105994740392,0.25450877418749096,NEAR,NEAR,0.6,1,,,0.03,100
C2_n0.03_d100_r02,C2,202639,8.88,8.78,0.10000000000000142,0.2551696438476178,0.26361865161312914,0.2567862435439005,NEAR,NEAR,0.6,1,,,0.03,100
C2_n0.03_d100_r02,C2,202639,8.9,8.8,0.09999999999999964,0.2572263051115258,0.2199950137877446,0.24758843610486153,NEAR,NEAR,0.6,1,,,0.03,100
C2_n0.03_d100_r02,C2,202639,8.92,8.82,0.09999999999999964,0.25911895446541905,0.31345617199121995,0.26405537007645113,NEAR,NEAR,0.6,1,,,0.03,100
C2_n0.03_d100_r02,C2,202639,8.94,8.84,0.09999999999999964,0.26080463537331855,0.2529911249703449,0.26128930879992457,NEAR,NEAR,0.6,1,,,0.03,100
C2_n0.03_d100_r02,C2,202639,8.96,8.86,0.10000000000000142,0.2622450887607578,0.2976617983906114,0.27038243119759625,NEAR,NEAR,0.6,1,,,0.03,100
C2_n0.03_d100_r02,C2,202639,8.98,8.88,0.09999999999999964,0.263407621362269,0.2449334154508609,0.2640201772609124,NEAR,NEAR,0.6,1,,,0.03,100
C2_n0.03_d100_r02,C2,202639,9.0,8.9,0.09999999999999964,0.2642658477444273,0.2898691308741371,0.2704824156642186,NEAR,NEAR,0.6,1,,,0.03,100
C2_n0.03_d100_r02,C2,202639,9.02,8.92,0.09999999999999964,0.264800289163118,0.22338286897857518,0.25870752899280774,NEAR,NEAR,0.6,1,,,0.03,100
C2_n0.03_d100_r02,C2,202639,9.04,8.94,0.09999999999999964,0.2649988156630572,0.1999700278123035,0.24402315369768168,NEAR,NEAR,0.6,1,,,0.03,100
C2_n0.03_d100_r02,C2,202639,9.06,8.96,0.09999999999999964,0.26485692138544975,0.26128057159985524,0.24833750817322509,NEAR,NEAR,0.6,1,,,0.03,100
C2_n0.03_d100_r02,C2,202639,9.08,8.98,0.09999999999999964,0.2643778268352606,0.2848698002975821,0.2574705812043143,NEAR,NEAR,0.6,1,,,0.03,100
C2_n0.03_d100_r02,C2,202639,9.1,9.0,0.09999999999999964,0.2635724057869903,0.2816072075763216,0.26350473779731615,NEAR,NEAR,0.6,1,,,0.03,100
C2_n0.03_d100_r02,C2,202639,9.12,9.02,0.09999999999999964,0.2624589384879372,0.2666761168053917,0.26429758254933505,NEAR,NEAR,0.6,1,,,0.03,100
C2_n0.03_d100_r02,C2,202639,9.14,9.04,0.10000000000000142,0.2610626967603726,0.29470979414918325,0.2719006354492971,NEAR,NEAR,0.6,1,,,0.03,100
C2_n0.03_d100_r02,C2,202639,9.16,9.06,0.09999999999999964,0.25941537041936047,0.22737527975367142,0.26076929652539066,NEAR,NEAR,0.6,1,,,0.03,100
C2_n0.03_d100_r02,C2,202639,9.18,9.08,0.09999999999999964,0.2575543480245365,0.2266731668025765,0.2522452640946871,NEAR,NEAR,0.6,1,,,0.03,100
C2_n0.03_d100_r02,C2,202639,9.2,9.1,0.09999999999999964,0.25552186829027024,0.30868070751417154,0.26635412494955824,NEAR,NEAR,0.6,1,,,0.03,100
C2_n0.03_d100_r02,C2,202639,9.22,9.12,0.10000000000000142,0.25336406141424067,0.253517944587355,0.2631450798590074,NEAR,NEAR,0.6,1,,,0.03,100
C2_n0.03_d100_r02,C2,202639,9.24,9.14,0.09999999999999964,0.25112990208291897,0.3289420545385279,0.2795943235288876,NEAR,NEAR,0.6,1,,,0.03,100
C2_n0.03_d100_r02,C2,202639,9.26,9.16,0.09999999999999964,0.24887009791708103,0.2576478689234493,0.274107709877528,NEAR,NEAR,0.6,1,,,0.03,100
C2_n0.03_d100_r02,C2,202639,9.28,9.18,0.09999999999999964,0.24663593858575936,0.20976048410235848,0.2580209034337356,NEAR,NEAR,0.6,1,,,0.03,100
C2_n0.03_d100_r02,C2,202639,9.3,9.2,0.10000000000000142,0.24447813170972976,0.25282355666572254,0.25672156674173235,NEAR,NEAR,0.6,1,,,0.03,100
C2_n0.03_d100_r02,C2,202639,9.32,9.22,0.09999999999999964,0.24244565197546356,0.2248568843469158,0.24875539614302822,NEAR,NEAR,0.6,1,,,0.03,100
C2_n0.03_d100_r02,C2,202639,9.34,9.24,0.09999999999999964,0.2405846295806395,0.21690803981845913,0.24079355706188593,NEAR,NEAR,0.6,1,,,0.03,100
C2_n0.03_d100_r02,C2,202639,9.36,9.26,0.09999999999999964,0.23893730323962742,0.26585754747079443,0.24705955466411306,NEAR,NEAR,0.6,1,,,0.03,100
C2_n0.03_d100_r02,C2,202639,9.38,9.28,0.10000000000000142,0.23754106151206275,0.21920719406795966,0.24009646451507471,NEAR,NEAR,0.6,1,,,0.03,100
C2_n0.03_d100_r02,C2,202639,9.4,9.3,0.09999999999999964,0.23642759421300968,0.20541526203332747,0.2314261638946379,NEAR,NEAR,0.6,1,,,0.03,100
C2_n0.03_d100_r02,C2,202639,9.42,9.32,0.09999999999999964,0.23562217316473935,0.2468156150866411,0.2352735266926387,NEAR,NEAR,0.6,1,,,0.03,100
C2_n0.03_d100_r02,C2,202639,9.44,9.34,0.09999999999999964,0.23514307861455025,0.22008317178816653,0.23147593796652066,NEAR,NEAR,0.6,1,,,0.03,100
C2_n0.03_d100_r02,C2,202639,9.46,9.36,0.10000000000000142,0.23500118433694275,0.25802952114106253,0.23811433376015612,NEAR,NEAR,0.6,1,,,0.03,100
C2_n0.03_d100_r02,C2,202639,9.48,9.38,0.09999999999999964,0.235199710836882,0.24739457454046718,0.2404343939552339,NEAR,NEAR,0.6,1,,,0.03,100
C2_n0.03_d100_r02,C2,202639,9.5,9.4,0.09999999999999964,0.2357341522555727,0.26761631512655254,0.24722987424806353,NEAR,NEAR,0.6,1,,,0.03,100
C2_n0.03_d100_r02,C2,202639,9.52,9.42,0.09999999999999964,0.23659237863773103,0.20372278411457598,0.23635310171469165,NEAR,NEAR,0.6,1,,,0.03,100
C2_n0.03_d100_r02,C2,202639,9.54,9.44,0.09999999999999964,0.2377549112392422,0.23512614558448275,0.23604636268213944,NEAR,NEAR,0.6,1,,,0.03,100
C2_n0.03_d100_r02,C2,202639,9.56,9.46,0.09999999999999964,0.23919536462668142,0.23352178965638062,0.23541521942569973,NEAR,NEAR,0.6,1,,,0.03,100
C2_n0.03_d100_r02,C2,202639,9.58,9.48,0.09999999999999964,0.24088104553458092,0.27922388947650967,0.2463673869384022,NEAR,NEAR,0.6,1,,,0.03,100
C2_n0.03_d100_r02,C2,202639,9.6,9.5,0.09999999999999964,0.24277369488847422,0.239923681591213,0.2447564606016049,NEAR,NEAR,0.6,1,,,0.03,100
C2_n0.03_d100_r02,C2,202639,9.62,9.52,0.09999999999999964,0.24483035615238213,0.2271825662484457,0.2403629870133151,NEAR,NEAR,0.6,1,,,0.03,100
C2_n0.03_d100_r02,C2,202639,9.64,9.54,0.10000000000000142,0.24700435029228393,0.20649168505164744,0.23189516152289819,NEAR,NEAR,0.6,1,,,0.03,100
C2_n0.03_d100_r02,C2,202639,9.66,9.56,0.09999999999999964,0.24924633522730347,0.2298964127080753,0.23139547431919247,NEAR,NEAR,0.6,1,,,0.03,100
C2_n0.03_d100_r02,C2,202639,9.68,9.58,0.09999999999999964,0.2515054257227682,0.20831192762251055,0.22562458764502197,NEAR,NEAR,0.6,1,,,0.03,100
C2_n0.03_d100_r02,C2,202639,9.7,9.6,0.09999999999999964,0.25373034830747276,0.22283373282319296,0.2249268739395647,NEAR,NEAR,0.6,1,,,0.03,100
C2_n0.03_d100_r02,C2,202639,9.72,9.62,0.10000000000000142,0.2558706050025581,0.27509850982358797,0.23746978291057053,NEAR,NEAR,0.6,1,,,0.03,100
C2_n0.03_d100_r02,C2,202639,9.74,9.64,0.09999999999999964,0.25787761944941945,0.2043139271878903,0.22918081897990047,NEAR,NEAR,0.6,1,,,0.03,100
C2_n0.03_d100_r02,C2,202639,9.76,9.66,0.09999999999999964,0.25970583942354164,0.24883471288401024,0.23409429245592792,NEAR,NEAR,0.6,1,,,0.03,100
C2_n0.03_d100_r02,C2,202639,9.78,9.68,0.09999999999999964,0.2613137707110415,0.23420702972664484,0.23412247677360715,NEAR,NEAR,0.6,1,,,0.03,100
C2_n0.03_d100_r02,C2,202639,9.8,9.7,0.10000000000000142,0.26266491888253024,0.28257245561970307,0.24623497148513113,NEAR,NEAR,0.6,1,,,0.03,100
C2_n0.03_d100_r02,C2,202639,9.82,9.72,0.09999999999999964,0.26372861758931376,0.24338155690992333,0.2455216178413292,NEAR,NEAR,0.6,1,,,0.03,100
C2_n0.03_d100_r02,C2,202639,9.84,9.74,0.09999999999999964,0.2644807245824991,0.2670230899868424,0.2508969858777075,NEAR,NEAR,0.6,1,,,0.03,100
C2_n0.03_d100_r02,C2,202639,9.86,9.76,0.09999999999999964,0.2649041696578001,0.3177120486389653,0.26760075156802193,NEAR,NEAR,0.6,1,,,0.03,100
C2_n0.03_d100_r02,C2,202639,9.88,9.78,0.10000000000000142,0.26498934208960884,0.24995950742006018,0.2631904405310315,NEAR,NEAR,0.6,1,,,0.03,100
C2_n0.03_d100_r02,C2,202639,9.9,9.8,0.09999999999999964,0.26473430876093035,0.2732962265170502,0.2657168870275362,NEAR,NEAR,0.6,1,,,0.03,100
C2_n0.03_d100_r02,C2,202639,9.92,9.82,0.09999999999999964,0.264144858038393,0.23672822004617125,0.258469720282195,NEAR,NEAR,0.6,1,,,0.03,100
C2_n0.03_d100_r02,C2,202639,9.94,9.84,0.09999999999999964,0.2632343683965243,0.3115667078544051,0.2717439671752475,NEAR,NEAR,0.6,1,,,0.03,100
C2_n0.03_d100_r02,C2,202639,9.96,9.86,0.10000000000000142,0.2620235047730631,0.30090824918134096,0.27903503767677085,NEAR,NEAR,0.6,1,,,0.03,100
C2_n0.03_d100_r02,C2,202639,9.98,9.88,0.09999999999999964,0.2605397495469827,0.2855544046727037,0.2806648794257541,NEAR,NEAR,0.6,1,,,0.03,100
C2_n0.03_d100_r02,C2,202639,10.0,9.9,0.09999999999999964,0.2588167787843871,0.27148169412329265,0.27836908310013875,NEAR,NEAR,0.6,1,,,0.03,100
C2_n0.03_d100_r02,C2,202639,10.02,9.92,0.09999999999999964,0.25689369790932237,0.2499601872682143,0.27126685914215765,NEAR,NEAR,0.6,1,,,0.03,100
C2_n0.03_d100_r02,C2,202639,10.04,9.94,0.09999999999999964,0.25481415414710823,0.24414755286552123,0.26448703257299855,NEAR,NEAR,0.6,1,,,0.03,100
C2_n0.03_d100_r02,C2,202639,10.06,9.96,0.09999999999999964,0.2526253458846291,0.2522567314174036,0.26142945728409983,NEAR,NEAR,0.6,1,,,0.03,100
C2_n0.03_d100_r02,C2,202639,10.08,9.98,0.09999999999999964,0.25037695143165006,0.22043556549103294,0.25118098433583314,NEAR,NEAR,0.6,1,,,0.03,100
C2_n0.03_d100_r02,C2,202639,10.1,10.0,0.09999999999999964,0.24812000149653549,0.28063924516890604,0.25854554954410136,NEAR,NEAR,0.6,1,,,0.03,100
C2_n0.03_d100_r02,C2,202639,10.12,10.02,0.09999999999999964,0.24590572096724023,0.2059705381622931,0.2454017966986493,NEAR,NEAR,0.6,1,,,0.03,100
C2_n0.03_d100_r02,C2,202639,10.14,10.04,0.10000000000000142,0.24378436628510067,0.22793125451258625,0.24103416115213355,NEAR,NEAR,0.6,1,,,0.03,100
C2_n0.03_d100_r02,C2,202639,10.16,10.06,0.09999999999999964,0.24180408479898596,0.25764291393130284,0.24518634934692585,NEAR,NEAR,0.6,1,,,0.03,100
C2_n0.03_d100_r02,C2,202639,10.18,10.08,0.09999999999999964,0.24000982198848625,0.27247901652349515,0.25200951614106815,NEAR,NEAR,0.6,1,,,0.03,100
C2_n0.03_d100_r02,C2,202639,10.2,10.1,0.09999999999999964,0.23844230135836322,0.2630239041957418,0.25476311315473654,NEAR,NEAR,0.6,1,,,0.03,100
C2_n0.03_d100_r02,C2,202639,10.22,10.12,0.10000000000000142,0.2371371001570952,0.20721366590188187,0.24287575134152287,NEAR,NEAR,0.6,1,,,0.03,100
C2_n0.03_d100_r02,C2,202639,10.24,10.14,0.09999999999999964,0.23612384189748312,0.24952002673273638,0.24453682018932626,NEAR,NEAR,0.6,1,,,0.03,100
C2_n0.03_d100_r02,C2,202639,10.26,10.16,0.09999999999999964,0.2354255240062799,0.3113053418859427,0.2612289506134804,NEAR,NEAR,0.6,1,,,0.03,100
C2_n0.03_d100_r02,C2,202639,10.28,10.18,0.09999999999999964,0.23505799586285242,0.27046465646710205,0.2635378770768858,NEAR,NEAR,0.6,1,,,0.03,100
C2_n0.03_d100_r02,C2,202639,10.3,10.2,0.10000000000000142,0.23502959907357593,0.23048153366521423,0.2552737912239679,NEAR,NEAR,0.6,1,,,0.03,100
C2_n0.03_d100_r02,C2,202639,10.32,10.22,0.09999999999999964,0.23534097814647711,0.24201041051171981,0.2519579460459059,NEAR,NEAR,0.6,1,,,0.03,100
C2_n0.03_d100_r02,C2,202639,10.34,10.24,0.09999999999999964,0.23598506586315082,0.22328076604301003,0.24478865104518194,NEAR,NEAR,0.6,1,,,0.03,100
C2_n0.03_d100_r02,C2,202639,10.36,10.26,0.09999999999999964,0.23694724367995706,0.14363400683854083,0.21949998999352166,NEAR,NEAR,0.6,1,,,0.03,100
C2_n0.03_d100_r02,C2,202639,10.38,10.28,0.10000000000000142,0.23820567351795077,0.23804782334114585,0.2241369483304277,NEAR,NEAR,0.6,1,,,0.03,100
C2_n0.03_d100_r02,C2,202639,10.4,10.3,0.09999999999999964,0.2397317934110697,0.20297545257144745,0.21884657439068264,NEAR,NEAR,0.6,1,,,0.03,100
C2_n0.03_d100_r02,C2,202639,10.42,10.32,0.09999999999999964,0.24149096576309861,0.2632277222475855,0.22994186135490835,NEAR,NEAR,0.6,1,,,0.03,100
C2_n0.03_d100_r02,C2,202639,10.44,10.34,0.09999999999999964,0.24344326350023596,0.2636810025002823,0.23837664664125185,NEAR,NEAR,0.6,1,,,0.03,100
C2_n0.03_d100_r02,C2,202639,10.46,10.36,0.10000000000000142,0.2455443762763446,0.2559655963501825,0.24277388406848455,NEAR,NEAR,0.6,1,,,0.03,100
C2_n0.03_d100_r02,C2,202639,10.48,10.38,0.09999999999999964,0.24774661616318866,0.3050872061859442,0.25835221459784946,NEAR,NEAR,0.6,1,,,0.03,100
C2_n0.03_d100_r02,C2,202639,10.5,10.4,0.09999999999999964,0.25,0.22451480755126726,0.24989286283620393,NEAR,NEAR,0.6,1,,,0.03,100
C2_n0.03_d100_r02,C2,202639,10.52,10.42,0.09999999999999964,0.2522533838368113,0.22638970517021104,0.24401707341970572,NEAR,NEAR,0.6,1,,,0.03,100
C2_n0.03_d100_r02,C2,202639,10.54,10.44,0.09999999999999964,0.2544556237236554,0.24684809266049534,0.24472482822990313,NEAR,NEAR,0.6,1,,,0.03,100
C2_n0.03_d100_r02,C2,202639,10.56,10.46,0.09999999999999964,0.256556736499764,0.2789137446636512,0.25327205733834013,NEAR,NEAR,0.6,1,,,0.03,100
C2_n0.03_d100_r02,C2,202639,10.58,10.48,0.09999999999999964,0.25850903423690136,0.2849264740839082,0.26118566152473216,NEAR,NEAR,0.6,1,,,0.03,100
C2_n0.03_d100_r02,C2,202639,10.6,10.5,0.09999999999999964,0.2602682065889303,0.25160954163420046,0.2587916315520993,NEAR,NEAR,0.6,1,,,0.03,100
C2_n0.03_d100_r02,C2,202639,10.62,10.52,0.09999999999999964,0.2617943264820492,0.21943803947218055,0.2489532335321196,NEAR,NEAR,0.6,1,,,0.03,100
C2_n0.03_d100_r02,C2,202639,10.64,10.54,0.10000000000000142,0.26305275632004294,0.28134851665053484,0.2570520543117234,NEAR,NEAR,0.6,1,,,0.03,100
C2_n0.03_d100_r02,C2,202639,10.66,10.56,0.09999999999999964,0.2640149341368492,0.23720078541238301,0.2520892370868883,NEAR,NEAR,0.6,1,,,0.03,100
C2_n0.03_d100_r02,C2,202639,10.68,10.58,0.09999999999999964,0.2646590218535229,0.2853187021267859,0.26039660334686265,NEAR,NEAR,0.6,1,,,0.03,100
C2_n0.03_d100_r02,C2,202639,10.7,10.6,0.09999999999999964,0.26497040092642404,0.28466874352786975,0.26646463839211443,NEAR,NEAR,0.6,1,,,0.03,100
C2_n0.03_d100_r02,C2,202639,10.72,10.62,0.10000000000000142,0.2649420041371476,0.2350929899602739,0.2586217262841543,NEAR,NEAR,0.6,1,,,0.03,100
C2_n0.03_d100_r02,C2,202639,10.74,10.64,0.09999999999999964,0.2645744759937201,0.23411406944433236,0.2524948120741988,NEAR,NEAR,0.6,1,,,0.03,100
C2_n0.03_d100_r02,C2,202639,10.76,10.66,0.09999999999999964,0.26387615810251686,0.24434739045415774,0.2504579566691886,NEAR,NEAR,0.6,1,,,0.03,100
C2_n0.03_d100_r02,C2,202639,10.78,10.68,0.09999999999999964,0.26286289984290484,0.25472455016789025,0.251524605043864,NEAR,NEAR,0.6,1,,,0.03,100
C2_n0.03_d100_r02,C2,202639,10.8,10.7,0.10000000000000142,0.2615576986416368,0.249920437170292,0.251123563075471,NEAR,NEAR,0.6,1,,,0.03,100
C2_n0.03_d100_r02,C2,202639,10.82,10.72,0.09999999999999964,0.25999017801151375,0.2605626827450624,0.25348334299286884,NEAR,NEAR,0.6,1,,,0.03,100
C2_n0.03_d100_r02,C2,202639,10.84,10.74,0.09999999999999964,0.25819591520101404,0.2461714756895094,0.251655376167029,NEAR,NEAR,0.6,1,,,0.03,100
C2_n0.03_d100_r02,C2,202639,10.86,10.76,0.09999999999999964,0.25621563371489936,0.29689794478520726,0.2629660183215735,NEAR,NEAR,0.6,1,,,0.03,100
C2_n0.03_d100_r02,C2,202639,10.88,10.78,0.10000000000000142,0.2540942790327598,0.2507587799885566,0.2599142087383193,NEAR,NEAR,0.6,1,,,0.03,100
C2_n0.03_d100_r02,C2,202639,10.9,10.8,0.09999999999999964,0.2518799985034645,0.18634066599861482,0.24152082305339317,NEAR,NEAR,0.6,1,,,0.03,100
C2_n0.03_d100_r02,C2,202639,10.92,10.82,0.09999999999999964,0.24962304856834996,0.22006546462017745,0.23615698344508923,NEAR,NEAR,0.6,1,,,0.03,100
C2_n0.03_d100_r02,C2,202639,10.94,10.84,0.09999999999999964,0.24737465411537093,0.2264695723962967,0.23373513068289112,NEAR,NEAR,0.6,1,,,0.03,100
C2_n0.03_d100_r02,C2,202639,10.96,10.86,0.10000000000000142,0.24518584585289174,0.21422078623237856,0.228856544570263,NEAR,NEAR,0.6,1,,,0.03,100
C2_n0.03_d100_r02,C2,202639,10.98,10.88,0.09999999999999964,0.24310630209067766,0.21042054901489254,0.22424754568142036,NEAR,NEAR,0.6,1,,,0.03,100
C2_n0.03_d100_r02,C2,202639,11.0,10.9,0.09999999999999964,0.24118322121561292,0.26799043855790405,0.23518326890054128,NEAR,NEAR,0.6,1,,,0.03,100
C2_n0.03_d100_r02,C2,202639,11.02,10.92,0.09999999999999964,0.2394602504530173,0.23965336151650002,0.23630079205453097,NEAR,NEAR,0.6,1,,,0.03,100
C2_n0.03_d100_r02,C2,202639,11.04,10.94,0.09999999999999964,0.23797649522693692,0.2874863143112164,0.24909717261870232,NEAR,NEAR,0.6,1,,,0.03,100
C2_n0.03_d100_r02,C2,202639,11.06,10.96,0.09999999999999964,0.2367656316034757,0.19207543393688395,0.23484173794824773,NEAR,NEAR,0.6,1,,,0.03,100
C2_n0.03_d100_r02,C2,202639,11.08,10.98,0.09999999999999964,0.23585514196160703,0.28041725398057,0.24623561695632828,NEAR,NEAR,0.6,1,,,0.03,100
C2_n0.03_d100_r02,C2,202639,11.1,11.0,0.09999999999999964,0.23526569123906968,0.2339612541674582,0.24316702625911077,NEAR,NEAR,0.6,1,,,0.03,100
C2_n0.03_d100_r02,C2,202639,11.12,11.02,0.09999999999999964,0.23501065791039116,0.24674815732814598,0.24406230902636955,NEAR,NEAR,0.6,1,,,0.03,100
C2_n0.03_d100_r02,C2,202639,11.14,11.04,0.10000000000000142,0.23509583034219989,0.24426205248348537,0.24411224489064848,NEAR,NEAR,0.6,1,,,0.03,100
C2_n0.03_d100_r02,C2,202639,11.16,11.06,0.09999999999999964,0.2355192754175009,0.2234098271439474,0.2389366404539732,NEAR,NEAR,0.6,1,,,0.03,100
C2_n0.03_d100_r02,C2,202639,11.18,11.08,0.09999999999999964,0.2362713824106862,0.24592892212940906,0.24068471087283216,NEAR,NEAR,0.6,1,,,0.03,100
C2_n0.03_d100_r02,C2,202639,11.2,11.1,0.09999999999999964,0.23733508111746973,0.22905857710638458,0.23777817743122026,NEAR,NEAR,0.6,1,,,0.03,100
C2_n0.03_d100_r02,C2,202639,11.22,11.12,0.10000000000000142,0.23868622928895847,0.22969472590313425,0.23575731454919877,NEAR,NEAR,0.6,1,,,0.03,100
C2_n0.03_d100_r02,C2,202639,11.24,11.14,0.09999999999999964,0.24029416057645833,0.21131783183692607,0.2296474438711306,NEAR,NEAR,0.6,1,,,0.03,100
C2_n0.03_d100_r02,C2,202639,11.26,11.16,0.09999999999999964,0.24212238055058055,0.18258349701446125,0.21788145715696328,NEAR,NEAR,0.6,1,,,0.03,100
C2_n0.03_d100_r02,C2,202639,11.28,11.18,0.09999999999999964,0.2441293949974419,0.22927607486642695,0.2207301115843292,NEAR,NEAR,0.6,1,,,0.03,100
C2_n0.03_d100_r02,C2,202639,11.3,11.2,0.10000000000000142,0.24626965169252724,0.18518095000307175,0.21184282118901485,NEAR,NEAR,0.6,1,,,0.03,100
C2_n0.03_d100_r02,C2,202639,11.32,11.22,0.09999999999999964,0.2484945742772318,0.23903321817098605,0.21864042043450765,NEAR,NEAR,0.6,1,,,0.03,100
C2_n0.03_d100_r02,C2,202639,11.34,11.24,0.09999999999999964,0.25075366477269656,0.28209601641722143,0.23450431943018613,NEAR,NEAR,0.6,1,,,0.03,100
C2_n0.03_d100_r02,C2,202639,11.36,11.26,0.09999999999999964,0.252995649707716,0.2125692134209367,0.22902054292787377,NEAR,NEAR,0.6,1,,,0.03,100
C2_n0.03_d100_r02,C2,202639,11.38,11.28,0.10000000000000142,0.2551696438476178,0.22680759924018662,0.22846730700595197,NEAR,NEAR,0.6,1,,,0.03,100
C2_n0.03_d100_r02,C2,202639,11.4,11.3,0.09999999999999964,0.2572263051115258,0.26638387894464305,0.23794644999062475,NEAR,NEAR,0.6,1,,,0.03,100
C2_n0.03_d100_r02,C2,202639,11.42,11.32,0.09999999999999964,0.25911895446541905,0.2370035609465222,0.23771072772959911,NEAR,NEAR,0.6,1,,,0.03,100
C2_n0.03_d100_r02,C2,202639,11.44,11.34,0.09999999999999964,0.26080463537331855,0.2625416804281961,0.24391846590424837,NEAR,NEAR,0.6,1,,,0.03,100
C2_n0.03_d100_r02,C2,202639,11.46,11.36,0.10000000000000142,0.2622450887607578,0.2764499013230179,0.25205132475894076,NEAR,NEAR,0.6,1,,,0.03,100
C2_n0.03_d100_r02,C2,202639,11.48,11.38,0.09999999999999964,0.263407621362269,0.2545152133946996,0.2526672969178805,NEAR,NEAR,0.6,1,,,0.03,100
C2_n0.03_d100_r02,C2,202639,11.5,11.4,0.09999999999999964,0.2642658477444273,0.2283174684494128,0.24657983980076356,NEAR,NEAR,0.6,1,,,0.03,100
C2_n0.03_d100_r02,C2,202639,11.52,11.42,0.09999999999999964,0.264800289163118,0.2622633917265664,0.25050072778221427,NEAR,NEAR,0.6,1,,,0.03,100
C2_n0.03_d100_r02,C2,202639,11.54,11.44,0.09999999999999964,0.2649988156630572,0.24961082800519838,0.2502782528379603,NEAR,NEAR,0.6,1,,,0.03,100
C2_n0.03_d100_r02,C2,202639,11.56,11.46,0.09999999999999964,0.26485692138544975,0.2636484082193727,0.25362079168331336,NEAR,NEAR,0.6,1,,,0.03,100
C2_n0.03_d100_r02,C2,202639,11.58,11.48,0.09999999999999964,0.2643778268352606,0.25906124845396766,0.25498090587597694,NEAR,NEAR,0.6,1,,,0.03,100
C2_n0.03_d100_r02,C2,202639,11.6,11.5,0.09999999999999964,0.2635724057869903,0.2996770127100631,0.2661549325844985,NEAR,NEAR,0.6,1,,,0.03,100
C2_n0.03_d100_r02,C2,202639,11.62,11.52,0.09999999999999964,0.2624589384879373,0.2535472836365547,0.26300302034751255,NEAR,NEAR,0.6,1,,,0.03,100
C2_n0.03_d100_r02,C2,202639,11.64,11.54,0.10000000000000142,0.2610626967603726,0.21028774342820972,0.24982420111768683,NEAR,NEAR,0.6,1,,,0.03,100
C2_n0.03_d100_r02,C2,202639,11.66,11.56,0.09999999999999964,0.2594153704193605,0.26380325056908055,0.2533189634805353,NEAR,NEAR,0.6,1,,,0.03,100
C2_n0.03_d100_r02,C2,202639,11.68,11.58,0.09999999999999964,0.2575543480245365,0.28688610737571735,0.2617107494543308,NEAR,NEAR,0.6,1,,,0.03,100
C2_n0.03_d100_r02,C2,202639,11.7,11.6,0.09999999999999964,0.25552186829027024,0.27280579240283825,0.2644845101914577,NEAR,NEAR,0.6,1,,,0.03,100
C2_n0.03_d100_r02,C2,202639,11.72,11.62,0.10000000000000142,0.25336406141424067,0.2435651218473343,0.25925466310542683,NEAR,NEAR,0.6,1,,,0.03,100
C2_n0.03_d100_r02,C2,202639,11.74,11.64,0.09999999999999964,0.25112990208291897,0.21138909043328047,0.24728826993739023,NEAR,NEAR,0.6,1,,,0.03,100
C2_n0.03_d100_r02,C2,202639,11.76,11.66,0.09999999999999964,0.24887009791708103,0.32658266975141703,0.26711186989089697,NEAR,NEAR,0.6,1,,,0.03,100
C2_n0.03_d100_r02,C2,202639,11.78,11.68,0.09999999999999964,0.24663593858575936,0.25992760012539085,0.26531580244952047,NEAR,NEAR,0.6,1,,,0.03,100
C2_n0.03_d100_r02,C2,202639,11.8,11.7,0.10000000000000142,0.2444781317097298,0.22015205858231002,0.2540248664827178,NEAR,NEAR,0.6,1,,,0.03,100
C2_n0.03_d100_r02,C2,202639,11.82,11.72,0.09999999999999964,0.24244565197546356,0.25953272682088574,0.2554018315672598,NEAR,NEAR,0.6,1,,,0.03,100
C2_n0.03_d100_r02,C2,202639,11.84,11.74,0.09999999999999964,0.2405846295806395,0.24605369193219542,0.25306479665849374,NEAR,NEAR,0.6,1,,,0.03,100
C2_n0.03_d100_r02,C2,202639,11.86,11.76,0.09999999999999964,0.23893730323962745,0.2568578083675839,0.25401304958576626,NEAR,NEAR,0.6,1,,,0.03,100
C2_n0.03_d100_r02,C2,202639,11.88,11.78,0.10000000000000142,0.23754106151206278,0.2689697790975778,0.25775223196371916,NEAR,NEAR,0.6,1,,,0.03,100
C2_n0.03_d100_r02,C2,202639,11.9,11.8,0.09999999999999964,0.23642759421300968,0.2571358893685163,0.25759814631491845,NEAR,NEAR,0.6,1,,,0.03,100
C2_n0.03_d100_r02,C2,202639,11.92,11.82,0.09999999999999964,0.23562217316473938,0.28621058402598604,0.2647512557426854,NEAR,NEAR,0.6,1,,,0.03,100
C2_n0.03_d100_r02,C2,202639,11.94,11.84,0.09999999999999964,0.23514307861455025,0.23850729782657706,0.25819026626365826,NEAR,NEAR,0.6,1,,,0.03,100
C2_n0.03_d100_r02,C2,202639,11.96,11.86,0.10000000000000142,0.23500118433694275,0.2904817734343563,0.2662631430563328,NEAR,NEAR,0.6,1,,,0.03,100
C2_n0.03_d100_r02,C2,202639,11.98,11.88,0.09999999999999964,0.235199710836882,0.25105806253168267,0.26246187292517026,NEAR,NEAR,0.6,1,,,0.03,100
C2_n0.03_d100_r02,C2,202639,12.0,11.9,0.09999999999999964,0.25,0.2127331969203882,0.2500297039239748,NEAR,NEAR,0.6,1,,,0.03,100
C2_n0.03_d100_r02,C2,202639,12.02,11.92,0.09999999999999964,0.25175,0.26032260190779244,0.2526029284199292,NEAR,NEAR,0.6,1,,,0.03,100
C2_n0.03_d100_r02,C2,202639,12.04,11.94,0.09999999999999964,0.25349999999999995,0.19259828219448194,0.2376017668635674,NEAR,NEAR,0.6,1,,,0.03,100
C2_n0.03_d100_r02,C2,202639,12.06,11.96,0.09999999999999964,0.25525000000000003,0.21910945048962682,0.23297868777008227,NEAR,NEAR,0.6,1,,,0.03,100
C2_n0.03_d100_r02,C2,202639,12.08,11.98,0.09999999999999964,0.257,0.2375346867101914,0.23411768750510956,NEAR,NEAR,0.6,1,,,0.03,100
C2_n0.03_d100_r02,C2,202639,12.1,12.0,0.09999999999999964,0.25875,0.3036807013709932,0.2515084409715805,NEAR,NEAR,0.6,1,,,0.03,100
C2_n0.03_d100_r02,C2,202639,12.12,12.02,0.09999999999999964,0.26049999999999995,0.21981601959563413,0.2435853356275939,NEAR,NEAR,0.6,1,,,0.03,100
C2_n0.03_d100_r02,C2,202639,12.14,12.04,0.10000000000000142,0.26225000000000004,0.23570140238934978,0.24161435231803288,NEAR,NEAR,0.6,1,,,0.03,100
C2_n0.03_d100_r02,C2,202639,12.16,12.06,0.09999999999999964,0.264,0.24666645678664606,0.2428773784351862,NEAR,NEAR,0.6,1,,,0.03,100
C2_n0.03_d100_r02,C2,202639,12.18,12.08,0.09999999999999964,0.26575,0.2126563232962343,0.23532211465044822,NEAR,NEAR,0.6,1,,,0.03,100
C2_n0.03_d100_r02,C2,202639,12.2,12.1,0.09999999999999964,0.26749999999999996,0.23241716351699593,0.23459587686708513,NEAR,NEAR,0.6,1,,,0.03,100
C2_n0.03_d100_r02,C2,202639,12.22,12.12,0.10000000000000142,0.26925000000000004,0.2755536479348929,0.24483531963403707,NEAR,NEAR,0.6,1,,,0.03,100
C2_n0.03_d100_r02,C2,202639,12.24,12.14,0.09999999999999964,0.271,0.29670604014823654,0.2578029997625869,NEAR,NEAR,0.6,1,,,0.03,100
C2_n0.03_d100_r02,C2,202639,12.26,12.16,0.09999999999999964,0.27275,0.24407963867180377,0.2543721594898911,NEAR,NEAR,0.6,1,,,0.03,100
C2_n0.03_d100_r02,C2,202639,12.28,12.18,0.09999999999999964,0.27449999999999997,0.26571523654897855,0.257207928754663,NEAR,NEAR,0.6,1,,,0.03,100
C2_n0.03_d100_r02,C2,202639,12.3,12.2,0.10000000000000142,0.27625000000000005,0.2174474346955036,0.24726780523987313,NEAR,NEAR,0.6,1,,,0.03,100
C2_n0.03_d100_r02,C2,202639,12.32,12.22,0.09999999999999964,0.278,0.24358408391146374,0.2463468749077708,NEAR,NEAR,0.6,1,,,0.03,100
C2_n0.03_d100_r02,C2,202639,12.34,12.24,0.09999999999999964,0.27975,0.25412027415954574,0.24829022472071452,NEAR,NEAR,0.6,1,,,0.03,100
C2_n0.03_d100_r02,C2,202639,12.36,12.26,0.09999999999999964,0.2815,0.27393080316304,0.2547003693312959,NEAR,NEAR,0.6,1,,,0.03,100
C2_n0.03_d100_r02,C2,202639,12.38,12.28,0.10000000000000142,0.28325000000000006,0.31043070705169024,0.2686329537613945,NEAR,NEAR,0.6,1,,,0.03,100
C2_n0.03_d100_r02,C2,202639,12.4,12.3,0.09999999999999964,0.28500000000000003,0.34886483210820796,0.28869092334809787,NEAR,NEAR,0.6,1,,,0.03,100
C2_n0.03_d100_r02,C2,202639,12.42,12.32,0.09999999999999964,0.28675,0.27211261819218785,0.28454634705912035,NEAR,NEAR,0.6,1,,,0.03,100
C2_n0.03_d100_r02,C2,202639,12.44,12.34,0.09999999999999964,0.2885,0.31927161623062755,0.29322766435199715,NEAR,NEAR,0.6,1,,,0.03,100
C2_n0.03_d100_r02,C2,202639,12.46,12.36,0.10000000000000142,0.29025000000000006,0.27152896657140446,0.287802989906849,NEAR,NEAR,0.6,1,,,0.03,100
C2_n0.03_d100_r02,C2,202639,12.48,12.38,0.09999999999999964,0.29200000000000004,0.31364899098033966,0.29426449017522166,NEAR,NEAR,0.6,1,,,0.03,100
C2_n0.03_d100_r02,C2,202639,12.5,12.4,0.09999999999999964,0.29375,0.2740717585252726,0.2892163072627344,NEAR,NEAR,0.6,1,,,0.03,100
C2_n0.03_d100_r02,C2,202639,12.52,12.42,0.09999999999999964,0.2955,0.3401243316491691,0.3019433133593431,NEAR,NEAR,0.6,1,,,0.03,100
C2_n0.03_d100_r02,C2,202639,12.54,12.44,0.09999999999999964,0.2972499999999999,0.31760015903919464,0.305857524779306,NEAR,NEAR,0.6,1,,,0.03,100
C2_n0.03_d100_r02,C2,202639,12.56,12.46,0.09999999999999964,0.29900000000000004,0.24707823449425587,0.29116270220804347,NEAR,NEAR,0.6,1,,,0.03,100
C2_n0.03_d100_r02,C2,202639,12.58,12.48,0.09999999999999964,0.30075,0.3369169154294615,0.302601255513398,NEAR,NEAR,0.6,1,,,0.03,100
C2_n0.03_d100_r02,C2,202639,12.6,12.5,0.09999999999999964,0.3025,0.30414779822275867,0.30298789119073816,NEAR,NEAR,0.6,1,,,0.03,100
C2_n0.03_d100_r02,C2,202639,12.62,12.52,0.09999999999999964,0.3042499999999999,0.27481268572720574,0.29594408982485504,NEAR,NEAR,0.6,1,,,0.03,100
C2_n0.03_d100_r02,C2,202639,12.64,12.54,0.10000000000000142,0.30600000000000005,0.30339357973904985,0.29780646230340374,NEAR,NEAR,0.6,1,,,0.03,100
C2_n0.03_d100_r02,C2,202639,12.66,12.56,0.09999999999999964,0.30775,0.30084365308936645,0.29856575999989443,NEAR,NEAR,0.6,1,,,0.03,100
C2_n0.03_d100_r02,C2,202639,12.68,12.58,0.09999999999999964,0.3095,0.34794195810341266,0.31090980952577396,NEAR,NEAR,0.6,1,,,0.03,100
C2_n0.03_d100_r02,C2,202639,12.7,12.6,0.09999999999999964,0.3112499999999999,0.2806400079133284,0.30334235912266255,NEAR,NEAR,0.6,1,,,0.03,100
C2_n0.03_d100_r02,C2,202639,12.72,12.62,0.10000000000000142,0.31300000000000006,0.3160721256391238,0.3065248007517779,NEAR,NEAR,0.6,1,,,0.03,100
C2_n0.03_d100_r02,C2,202639,12.74,12.64,0.09999999999999964,0.31475000000000003,0.294799430483507,0.3035934581847102,NEAR,NEAR,0.6,1,,,0.03,100
C2_n0.03_d100_r02,C2,202639,12.76,12.66,0.09999999999999964,0.3165,0.3092441755692873,0.3050061375308545,NEAR,NEAR,0.6,1,,,0.03,100
C2_n0.03_d100_r02,C2,202639,12.78,12.68,0.09999999999999964,0.3182499999999999,0.2957468412871904,0.3026913134699385,NEAR,NEAR,0.6,1,,,0.03,100
C2_n0.03_d100_r02,C2,202639,12.8,12.7,0.10000000000000142,0.32000000000000006,0.3179323821227003,0.30650158063312893,NEAR,NEAR,0.6,1,,,0.03,100
C2_n0.03_d100_r02,C2,202639,12.82,12.72,0.09999999999999964,0.32175000000000004,0.3365436053582831,0.3140120868144175,NEAR,NEAR,0.6,1,,,0.03,100
C2_n0.03_d100_r02,C2,202639,12.84,12.74,0.09999999999999964,0.3235,0.3621513104939832,0.3260468927343089,NEAR,NEAR,0.6,1,,,0.03,100
C2_n0.03_d100_r02,C2,202639,12.86,12.76,0.09999999999999964,0.32524999999999993,0.3646729257642494,0.335703400991794,NEAR,NEAR,0.6,1,,,0.03,100
C2_n0.03_d100_r02,C2,202639,12.88,12.78,0.10000000000000142,0.32700000000000007,0.32926842303742265,0.33409465650320114,NEAR,NEAR,0.6,1,,,0.03,100
C2_n0.03_d100_r02,C2,202639,12.9,12.8,0.09999999999999964,0.32875000000000004,0.34900769248877495,0.33782291549959464,NEAR,NEAR,0.6,1,,,0.03,100
C2_n0.03_d100_r02,C2,202639,12.92,12.82,0.09999999999999964,0.3305,0.2797208132878179,0.32329738994665047,NEAR,NEAR,0.6,1,,,0.03,100
C2_n0.03_d100_r02,C2,202639,12.94,12.84,0.09999999999999964,0.33224999999999993,0.31523702386814717,0.32128229842702466,NEAR,NEAR,0.6,1,,,0.03,100
C2_n0.03_d100_r02,C2,202639,12.96,12.86,0.10000000000000142,0.3340000000000001,0.31148872644564346,0.31883390543167933,NEAR,NEAR,0.6,1,,,0.03,100
C2_n0.03_d100_r02,C2,202639,12.98,12.88,0.09999999999999964,0.33575000000000005,0.2870299420588604,0.3108829145884746,NEAR,NEAR,0.6,1,,,0.03,100
C2_n0.03_d100_r02,C2,202639,13.0,12.9,0.09999999999999964,0.3375,0.32710554167352157,0.31493857135973635,NEAR,NEAR,0.6,1,,,0.03,100
C2_n0.03_d100_r02,C2,202639,13.02,12.92,0.09999999999999964,0.33924999999999994,0.3646210476409837,0.3273591904300482,NEAR,NEAR,0.6,1,,,0.03,100
C2_n0.03_d100_r02,C2,202639,13.04,12.94,0.09999999999999964,0.3409999999999999,0.32969925539907163,0.32794420667230406,NEAR,NEAR,0.6,1,,,0.03,100
C2_n0.03_d100_r02,C2,202639,13.06,12.96,0.09999999999999964,0.34275000000000005,0.3114015723536957,0.32380854809265197,NEAR,NEAR,0.6,1,,,0.03,100
C2_n0.03_d100_r02,C2,202639,13.08,12.98,0.09999999999999964,0.34450000000000003,0.3272736252811836,0.3246748173897849,NEAR,NEAR,0.6,1,,,0.03,100
C2_n0.03_d100_r02,C2,202639,13.1,13.0,0.09999999999999964,0.34624999999999995,0.2965973176290327,0.3176554424495968,NEAR,NEAR,0.6,1,,,0.03,100
C2_n0.03_d100_r02,C2,202639,13.12,13.02,0.09999999999999964,0.3479999999999999,0.3185403516311135,0.31787666974497597,NEAR,NEAR,0.6,1,,,0.03,100
C2_n0.03_d100_r02,C2,202639,13.14,13.04,0.10000000000000142,0.34975000000000006,0.33286104928278315,0.32162276462942774,NEAR,NEAR,0.6,1,,,0.03,100
C2_n0.03_d100_r02,C2,202639,13.16,13.06,0.09999999999999964,0.35150000000000003,0.3594320584942863,0.33107508809564234,FAR,NEAR,0.6,1,,,0.03,100
C2_n0.03_d100_r02,C2,202639,13.18,13.08,0.09999999999999964,0.35324999999999995,0.3541883407349794,0.3368534012554766,FAR,NEAR,0.6,1,,,0.03,100
C2_n0.03_d100_r02,C2,202639,13.2,13.1,0.09999999999999964,0.3549999999999999,0.3041656973335023,0.32868147527498304,FAR,NEAR,0.6,1,,,0.03,100
C2_n0.03_d100_r02,C2,202639,13.22,13.12,0.10000000000000142,0.35675000000000007,0.3095470410207035,0.3238978667114132,FAR,NEAR,0.6,1,,,0.03,100
C2_n0.03_d100_r02,C2,202639,13.24,13.14,0.09999999999999964,0.35850000000000004,0.37268796453205966,0.33609539116657483,FAR,NEAR,0.6,1,,,0.03,100
C2_n0.03_d100_r02,C2,202639,13.26,13.16,0.09999999999999964,0.36024999999999996,0.3536266485580665,0.34047820551444774,FAR,NEAR,0.6,1,,,0.03,100
C2_n0.03_d100_r02,C2,202639,13.28,13.18,0.09999999999999964,0.36199999999999993,0.29369743343536103,0.32878301249467606,FAR,NEAR,0.6,1,,,0.03,100
C2_n0.03_d100_r02,C2,202639,13.3,13.2,0.10000000000000142,0.3637500000000001,0.3461257628062119,0.33311870007256006,FAR,NEAR,0.6,1,,,0.03,100
C2_n0.03_d100_r02,C2,202639,13.32,13.22,0.09999999999999964,0.36550000000000005,0.34726927901218047,0.33665634480746515,FAR,NEAR,0.6,1,,,0.03,100
C2_n0.03_d100_r02,C2,202639,13.34,13.24,0.09999999999999964,0.36724999999999997,0.39911685948046016,0.3522714734757139,FAR,NEAR,0.6,1,,,0.03,100
C2_n0.03_d100_r02,C2,202639,13.36,13.26,0.09999999999999964,0.36899999999999994,0.3190491005283994,0.3439658802388853,FAR,NEAR,0.6,1,,,0.03,100
C2_n0.03_d100_r02,C2,202639,13.38,13.28,0.10000000000000142,0.3707500000000001,0.4103394794145686,0.36055928003280613,FAR,NEAR,0.6,1,,,0.03,100
C2_n0.03_d100_r02,C2,202639,13.4,13.3,0.09999999999999964,0.37250000000000005,0.3658864169844876,0.3618910642707265,FAR,NEAR,0.6,1,,,0.03,100
C2_n0.03_d100_r02,C2,202639,13.42,13.32,0.09999999999999964,0.37424999999999997,0.3498717627773802,0.3588862388973899,FAR,NEAR,0.6,1,,,0.03,100
C2_n0.03_d100_r02,C2,202639,13.44,13.34,0.09999999999999964,0.37599999999999995,0.3414904599219122,0.3545372941535205,FAR,NEAR,0.6,1,,,0.03,100
C2_n0.03_d100_r02,C2,202639,13.46,13.36,0.10000000000000142,0.37775000000000003,0.33026087294659195,0.3484681888517883,FAR,NEAR,0.6,1,,,0.03,100
C2_n0.03_d100_r02,C2,202639,13.48,13.38,0.09999999999999964,0.37950000000000006,0.33693659705245754,0.3455852909019556,FAR,NEAR,0.6,1,,,0.03,100
C2_n0.03_d100_r02,C2,202639,13.5,13.4,0.09999999999999964,0.38125,0.3886804699823096,0.3563590856720441,FAR,NEAR,0.6,1,,,0.03,100
C2_n0.03_d100_r02,C2,202639,13.52,13.42,0.09999999999999964,0.38299999999999995,0.370406925121576,0.3598710455344271,FAR,NEAR,0.6,1,,,0.03,100
C2_n0.03_d100_r02,C2,202639,13.54,13.44,0.09999999999999964,0.3847499999999999,0.3674898250266904,0.36177574040749294,FAR,NEAR,0.6,1,,,0.03,100
C2_n0.03_d100_r02,C2,202639,13.56,13.46,0.09999999999999964,0.38650000000000007,0.4386196430947128,0.3809867160792979,FAR,FAR,0.0,1,EXIT_NEAR,,0.03,100
C2_n0.03_d100_r02,C2,202639,13.58,13.48,0.09999999999999964,0.38825,0.3561432734399095,0.3747758554194508,FAR,FAR,0.0,1,,,0.03,100
C2_n0.03_d100_r02,C2,202639,13.6,13.5,0.09999999999999964,0.38999999999999996,0.39592843829392654,0.3800640011380697,FAR,FAR,0.0,1,,,0.03,100
C2_n0.03_d100_r02,C2,202639,13.62,13.52,0.09999999999999964,0.39174999999999993,0.35776853263849284,0.37449013401317555,FAR,FAR,0.0,1,,,0.03,100
C2_n0.03_d100_r02,C2,202639,13.64,13.54,0.10000000000000142,0.39350000000000007,0.3959134493334529,0.3798459628432449,FAR,FAR,0.0,1,,,0.03,100
C2_n0.03_d100_r02,C2,202639,13.66,13.56,0.09999999999999964,0.39525,0.35891123963805,0.3746122820419462,FAR,FAR,0.0,1,,,0.03,100
C2_n0.03_d100_r02,C2,202639,13.68,13.58,0.09999999999999964,0.39699999999999996,0.4137413165049225,0.3843945406576903,FAR,FAR,0.0,1,,,0.03,100
C2_n0.03_d100_r02,C2,202639,13.7,13.6,0.09999999999999964,0.39874999999999994,0.3738270123163959,0.38175265857236673,FAR,FAR,0.0,1,,,0.03,100
C2_n0.03_d100_r02,C2,202639,13.72,13.62,0.10000000000000142,0.4005000000000001,0.43263990143296094,0.3944744692875153,FAR,FAR,0.0,1,,,0.03,100
C2_n0.03_d100_r02,C2,202639,13.74,13.64,0.09999999999999964,0.40225,0.3813820146157623,0.39120135561957703,FAR,FAR,0.0,1,,,0.03,100
C2_n0.03_d100_r02,C2,202639,13.76,13.66,0.09999999999999964,0.40399999999999997,0.4113322671629648,0.396234083505424,FAR,FAR,0.0,1,,,0.03,100
C2_n0.03_d100_r02,C2,202639,13.78,13.68,0.09999999999999964,0.40574999999999994,0.44244984746670724,0.4077880244957448,FAR,FAR,0.0,1,,,0.03,100
C2_n0.03_d100_r02,C2,202639,13.8,13.7,0.10000000000000142,0.4075000000000001,0.4337700851846418,0.41428353966796905,FAR,FAR,0.0,1,,,0.03,100
C2_n0.03_d100_r02,C2,202639,13.82,13.72,0.09999999999999964,0.40925,0.334274277773534,0.3942812241943603,FAR,FAR,0.0,1,,,0.03,100
C2_n0.03_d100_r02,C2,202639,13.84,13.74,0.09999999999999964,0.411,0.3846476425469754,0.39187282878251406,FAR,FAR,0.0,1,,,0.03,100
C2_n0.03_d100_r02,C2,202639,13.86,13.76,0.09999999999999964,0.41274999999999995,0.35431194056214826,0.3824826067274226,FAR,FAR,0.0,1,,,0.03,100
C2_n0.03_d100_r02,C2,202639,13.88,13.78,0.10000000000000142,0.4145000000000001,0.3735901396724014,0.3802594899636673,FAR,FAR,0.0,1,,,0.03,100
C2_n0.03_d100_r02,C2,202639,13.9,13.8,0.09999999999999964,0.41625,0.38076967962019426,0.38038703737779905,FAR,FAR,0.0,1,,,0.03,100
C2_n0.03_d100_r02,C2,202639,13.92,13.82,0.09999999999999964,0.418,0.40439496241016193,0.38638901863588976,FAR,FAR,0.0,1,,,0.03,100
C2_n0.03_d100_r02,C2,202639,13.94,13.84,0.09999999999999964,0.41974999999999996,0.41325346153083803,0.3931051293596268,FAR,FAR,0.0,1,,,0.03,100
C2_n0.03_d100_r02,C2,202639,13.96,13.86,0.10000000000000142,0.4215000000000001,0.4571608596168685,0.4091190619239372,FAR,FAR,0.0,1,,,0.03,100
C2_n0.03_d100_r02,C2,202639,13.98,13.88,0.09999999999999964,0.42325,0.4256041139246758,0.4132403249241219,FAR,FAR,0.0,1,,,0.03,100
C2_n0.03_d100_r02,C2,202639,14.0,13.9,0.09999999999999964,0.425,0.42116994459501245,0.4152227298418445,FAR,FAR,0.0,1,,,0.03,100
C2_n0.03_d100_r02,C2,202639,14.02,13.92,0.09999999999999964,0.42674999999999996,0.4013544342435712,0.41175565594227614,FAR,FAR,0.0,1,,,0.03,100
C2_n0.03_d100_r02,C2,202639,14.04,13.94,0.09999999999999964,0.4284999999999999,0.44084409404490665,0.41902776546793374,FAR,FAR,0.0,1,,,0.03,100
C2_n0.03_d100_r02,C2,202639,14.06,13.96,0.09999999999999964,0.43025,0.4055055989012786,0.41564722382626995,FAR,FAR,0.0,1,,,0.03,100
C2_n0.03_d100_r02,C2,202639,14.08,13.98,0.09999999999999964,0.432,0.3738169500130557,0.4051896553729664,FAR,FAR,0.0,1,,,0.03,100
C2_n0.03_d100_r02,C2,202639,14.1,14.0,0.09999999999999964,0.43374999999999997,0.43685117560076775,0.4131050354299168,FAR,FAR,0.0,1,,,0.03,100
C2_n0.03_d100_r02,C2,202639,14.12,14.02,0.09999999999999964,0.4354999999999999,0.4349979884263083,0.4185782736790147,FAR,FAR,0.0,1,,,0.03,100
C2_n0.03_d100_r02,C2,202639,14.14,14.04,0.10000000000000142,0.43725,0.39204032899795077,0.4119437875087487,FAR,FAR,0.0,1,,,0.03,100
C2_n0.03_d100_r02,C2,202639,14.16,14.06,0.09999999999999964,0.439,0.4953434832759145,0.43279371145054013,FAR,FAR,0.0,1,,,0.03,100
C2_n0.03_d100_r02,C2,202639,14.18,14.08,0.09999999999999964,0.44075,0.5115880226668118,0.45249228925460805,FAR,FAR,0.0,1,,,0.03,100
C2_n0.03_d100_r02,C2,202639,14.2,14.1,0.09999999999999964,0.4424999999999999,0.44252455450968786,0.450000355568378,FAR,FAR,0.0,1,,,0.03,100
C2_n0.03_d100_r02,C2,202639,14.22,14.12,0.10000000000000142,0.44425000000000003,0.48055129669782093,0.4576380908507387,FAR,FAR,0.0,1,,,0.03,100
C2_n0.03_d100_r02,C2,202639,14.24,14.14,0.09999999999999964,0.446,0.44700067817491934,0.4549787376817839,FAR,FAR,0.0,1,,,0.03,100
C2_n0.03_d100_r02,C2,202639,14.26,14.16,0.09999999999999964,0.44775,0.4351302129442829,0.45001660649740866,FAR,FAR,0.0,1,,,0.03,100
C2_n0.03_d100_r02,C2,202639,14.28,14.18,0.09999999999999964,0.4494999999999999,0.4365311171430343,0.4466452341588151,FAR,FAR,0.0,1,,,0.03,100
C2_n0.03_d100_r02,C2,202639,14.3,14.2,0.10000000000000142,0.45125000000000004,0.4425701203384722,0.44562645570372933,FAR,FAR,0.0,1,,,0.03,100
C2_n0.03_d100_r02,C2,202639,14.32,14.22,0.09999999999999964,0.453,0.4591220992523882,0.44900036659089404,FAR,FAR,0.0,1,,,0.03,100
C2_n0.03_d100_r02,C2,202639,14.34,14.24,0.09999999999999964,0.45475,0.4537401080299116,0.45018530195064843,FAR,FAR,0.0,1,,,0.03,100
C2_n0.03_d100_r02,C2,202639,14.36,14.26,0.09999999999999964,0.4564999999999999,0.4393399021483817,0.4474739520000818,FAR,FAR,0.0,1,,,0.03,100
C2_n0.03_d100_r02,C2,202639,14.38,14.28,0.10000000000000142,0.45825000000000005,0.4461060565407997,0.44713197813526123,FAR,FAR,0.0,1,,,0.03,100
C2_n0.03_d100_r02,C2,202639,14.4,14.3,0.09999999999999964,0.46,0.508533207745352,0.4624822855377839,FAR,FAR,0.0,1,,,0.03,100
C2_n0.03_d100_r02,C2,202639,14.42,14.32,0.09999999999999964,0.46175,0.4447772844834338,0.45805603527419636,FAR,FAR,0.0,1,,,0.03,100
C2_n0.03_d100_r02,C2,202639,14.44,14.34,0.09999999999999964,0.4634999999999999,0.4250130634506415,0.4497952923183076,FAR,FAR,0.0,1,,,0.03,100
C2_n0.03_d100_r02,C2,202639,14.46,14.36,0.10000000000000142,0.46525000000000005,0.47086929618763274,0.45506379328563884,FAR,FAR,0.0,1,,,0.03,100
C2_n0.03_d100_r02,C2,202639,14.48,14.38,0.09999999999999964,0.467,0.5125479717727146,0.46943483790740775,FAR,FAR,0.0,1,,,0.03,100
C2_n0.03_d100_r02,C2,202639,14.5,14.4,0.09999999999999964,0.46875,0.4374523854886679,0.46143922480272276,FAR,FAR,0.0,1,,,0.03,100
C2_n0.03_d100_r02,C2,202639,14.52,14.42,0.09999999999999964,0.4704999999999999,0.45122933419686734,0.4588867521512589,FAR,FAR,0.0,1,,,0.03,100
C2_n0.03_d100_r02,C2,202639,14.54,14.44,0.09999999999999964,0.47224999999999995,0.42985175268173925,0.451628002283879,FAR,FAR,0.0,1,,,0.03,100
C2_n0.03_d100_r02,C2,202639,14.56,14.46,0.09999999999999964,0.47400000000000003,0.42708899394512656,0.4454932501991909,FAR,FAR,0.0,1,,,0.03,100
C2_n0.03_d100_r02,C2,202639,14.58,14.48,0.09999999999999964,0.47575,0.4673438122316297,0.4509558907073006,FAR,FAR,0.0,1,,,0.03,100
C2_n0.03_d100_r02,C2,202639,14.6,14.5,0.09999999999999964,0.4774999999999999,0.49132014363151705,0.4610469539383547,FAR,FAR,0.0,1,,,0.03,100
C2_n0.03_d100_r02,C2,202639,14.62,14.52,0.09999999999999964,0.47924999999999995,0.4304797184878669,0.4534051450757328,FAR,FAR,0.0,1,,,0.03,100
C2_n0.03_d100_r02,C2,202639,14.64,14.54,0.10000000000000142,0.48100000000000004,0.5172105701389894,0.46935650134154694,FAR,FAR,0.0,1,,,0.03,100
C2_n0.03_d100_r02,C2,202639,14.66,14.56,0.09999999999999964,0.48275,0.469517068589824,0.46939664315361623,FAR,FAR,0.0,1,,,0.03,100
C2_n0.03_d100_r02,C2,202639,14.68,14.58,0.09999999999999964,0.48449999999999993,0.46918334443627996,0.4693433184742821,FAR,FAR,0.0,1,,,0.03,100
C2_n0.03_d100_r02,C2,202639,14.7,14.6,0.09999999999999964,0.48624999999999996,0.4531412892428167,0.46529281116641574,FAR,FAR,0.0,1,,,0.03,100
C2_n0.03_d100_r02,C2,202639,14.72,14.62,0.10000000000000142,0.48800000000000004,0.48354199944702786,0.4698551082365688,FAR,FAR,0.0,1,,,0.03,100
C2_n0.03_d100_r02,C2,202639,14.74,14.64,0.09999999999999964,0.48975,0.4570516654634067,0.4666542475432783,FAR,FAR,0.0,1,,,0.03,100
C2_n0.03_d100_r02,C2,202639,14.76,14.66,0.09999999999999964,0.49149999999999994,0.44953815474115055,0.46237522434274636,FAR,FAR,0.0,1,,,0.03,100
C2_n0.03_d100_r02,C2,202639,14.78,14.68,0.09999999999999964,0.49324999999999997,0.5077694869485344,0.4737237899941934,FAR,FAR,0.0,1,,,0.03,100
C2_n0.03_d100_r02,C2,202639,14.8,14.7,0.10000000000000142,0.49500000000000005,0.5149419806812866,0.48402833766596676,FAR,FAR,0.0,1,,,0.03,100
C2_n0.03_d100_r02,C2,202639,14.82,14.72,0.09999999999999964,0.49675,0.49938620169538467,0.4878678036733213,FAR,FAR,0.0,1,,,0.03,100
C2_n0.03_d100_r02,C2,202639,14.84,14.74,0.09999999999999964,0.49849999999999994,0.5120871694861375,0.49392264512652534,FAR,FAR,0.0,1,,,0.03,100
C2_n0.03_d100_r02,C2,202639,14.86,14.76,0.09999999999999964,0.5002499999999999,0.4584771445197297,0.48506126997482646,FAR,FAR,0.0,1,,,0.03,100
C2_n0.03_d100_r02,C2,202639,14.88,14.78,0.10000000000000142,0.502,0.47007241734377675,0.481314056817064,FAR,FAR,0.0,1,,,0.03,100
C2_n0.03_d100_r02,C2,202639,14.9,14.8,0.09999999999999964,0.50375,0.4950918066925648,0.4847584942859392,FAR,FAR,0.0,1,,,0.03,100
C2_n0.03_d100_r02,C2,202639,14.92,14.82,0.09999999999999964,0.5055000000000001,0.4420990118041929,0.4740936236655027,FAR,FAR,0.0,1,,,0.03,100
C2_n0.03_d100_r02,C2,202639,14.94,14.84,0.09999999999999964,0.50725,0.49437748777429513,0.4791645896927008,FAR,FAR,0.0,1,,,0.03,100
C2_n0.03_d100_r02,C2,202639,14.96,14.86,0.10000000000000142,0.5090000000000001,0.44656372748248685,0.47101437414014735,FAR,FAR,0.0,1,,,0.03,100
C2_n0.03_d100_r02,C2,202639,14.98,14.88,0.09999999999999964,0.51075,0.527725792662836,0.4851922287708195,FAR,FAR,0.0,1,,,0.03,100
C2_n0.03_d100_r02,C2,202639,15.0,14.9,0.09999999999999964,0.5125,0.4634530341604962,0.4797574301182387,FAR,FAR,0.0,1,,,0.03,100
C2_n0.03_d100_r02,C2,202639,15.02,14.92,0.09999999999999964,0.5142499999999999,0.5139528678009567,0.4883062895389182,FAR,FAR,0.0,1,,,0.03,100
C2_n0.03_d100_r02,C2,202639,15.04,14.94,0.09999999999999964,0.5159999999999999,0.5371659513972137,0.5005212050034921,FAR,FAR,0.0,1,,,0.03,100
C2_n0.03_d100_r02,C2,202639,15.06,14.96,0.09999999999999964,0.51775,0.4794864232309179,0.49526250956034856,FAR,FAR,0.0,1,,,0.03,100
C2_n0.03_d100_r02,C2,202639,15.08,14.98,0.09999999999999964,0.5195,0.5550031204228342,0.51019766227597,FAR,FAR,0.0,1,,,0.03,100
C2_n0.03_d100_r02,C2,202639,15.1,15.0,0.09999999999999964,0.52125,0.4785842794858029,0.5022943165784283,FAR,FAR,0.0,1,,,0.03,100
C2_n0.03_d100_r02,C2,202639,15.12,15.02,0.09999999999999964,0.5229999999999999,0.5557057587692219,0.5156471771261266,FAR,FAR,0.0,1,,,0.03,100
C2_n0.03_d100_r02,C2,202639,15.14,15.04,0.10000000000000142,0.52475,0.49925850725820287,0.5115500096591457,FAR,FAR,0.0,1,,,0.03,100
C2_n0.03_d100_r02,C2,202639,15.16,15.06,0.09999999999999964,0.5265,0.5495775200931504,0.5210568872676469,FAR,FAR,0.0,1,,,0.03,100
C2_n0.03_d100_r02,C2,202639,15.18,15.08,0.09999999999999964,0.5282499999999999,0.5462029152304987,0.5273433942583599,FAR,FAR,0.0,1,,,0.03,100
C2_n0.03_d100_r02,C2,202639,15.2,15.1,0.09999999999999964,0.5299999999999999,0.5150670809418822,0.5242743159292405,FAR,FAR,0.0,1,,,0.03,100
C2_n0.03_d100_r02,C2,202639,15.22,15.12,0.10000000000000142,0.5317500000000001,0.5344443923494121,0.5268168350342833,FAR,FAR,0.0,1,,,0.03,100
C2_n0.03_d100_r02,C2,202639,15.24,15.14,0.09999999999999964,0.5335,0.5623117607872377,0.535690566472522,FAR,FAR,0.0,1,,,0.03,100
C2_n0.03_d100_r02,C2,202639,15.26,15.16,0.09999999999999964,0.53525,0.5042046122742923,0.5278190779229646,FAR,FAR,0.0,1,,,0.03,100
C2_n0.03_d100_r02,C2,202639,15.28,15.18,0.09999999999999964,0.5369999999999999,0.5027859487651591,0.5215607956335132,FAR,FAR,0.0,1,,,0.03,100
C2_n0.03_d100_r02,C2,202639,15.3,15.2,0.10000000000000142,0.5387500000000001,0.47793620866047337,0.5106546488902532,FAR,FAR,0.0,1,,,0.03,100
C2_n0.03_d100_r02,C2,202639,15.32,15.22,0.09999999999999964,0.5405,0.5433856883263986,0.5188374087492895,FAR,FAR,0.0,1,,,0.03,100
C2_n0.03_d100_r02,C2,202639,15.34,15.24,0.09999999999999964,0.5422499999999999,0.5395527520771147,0.5240162445812458,FAR,FAR,0.0,1,,,0.03,100
C2_n0.03_d100_r02,C2,202639,15.36,15.26,0.09999999999999964,0.5439999999999999,0.5468768950778291,0.5297314072053916,FAR,FAR,0.0,1,,,0.03,100
C2_n0.03_d100_r02,C2,202639,15.38,15.28,0.10000000000000142,0.5457500000000001,0.5481973377473728,0.5343478898408869,FAR,FAR,0.0,1,,,0.03,100
C2_n0.03_d100_r02,C2,202639,15.4,15.3,0.09999999999999964,0.5475,0.5189242318304612,0.5304919753382804,FAR,FAR,0.0,1,,,0.03,100
C2_n0.03_d100_r02,C2,202639,15.42,15.32,0.09999999999999964,0.54925,0.4947973490654707,0.5215683187700779,FAR,FAR,0.0,1,,,0.03,100
C2_n0.03_d100_r02,C2,202639,15.44,15.34,0.09999999999999964,0.5509999999999999,0.5460218542772496,0.5276817026468709,FAR,FAR,0.0,1,,,0.03,100
C2_n0.03_d100_r02,C2,202639,15.46,15.36,0.10000000000000142,0.5527500000000001,0.5648259549279058,0.5369677657171297,FAR,FAR,0.0,1,,,0.03,100
C2_n0.03_d100_r02,C2,202639,15.48,15.38,0.09999999999999964,0.5545,0.5292382412636143,0.5350353846037508,FAR,FAR,0.0,1,,,0.03,100
C2_n0.03_d100_r02,C2,202639,15.5,15.4,0.09999999999999964,0.5562499999999999,0.5387663405172889,0.5359681235821353,FAR,FAR,0.0,1,,,0.03,100
C2_n0.03_d100_r02,C2,202639,15.52,15.42,0.09999999999999964,0.5579999999999999,0.49250626016217625,0.5251026577271456,FAR,FAR,0.0,1,,,0.03,100
C2_n0.03_d100_r02,C2,202639,15.54,15.44,0.09999999999999964,0.55975,0.5545417339393103,0.5324624267801867,FAR,FAR,0.0,1,,,0.03,100
C2_n0.03_d100_r02,C2,202639,15.56,15.46,0.09999999999999964,0.5615,0.563171728717737,0.5401397522645743,FAR,FAR,0.0,1,,,0.03,100
C2_n0.03_d100_r02,C2,202639,15.58,15.48,0.09999999999999964,0.56325,0.5430379067212361,0.5408642908787398,FAR,FAR,0.0,1,,,0.03,100
C2_n0.03_d100_r02,C2,202639,15.6,15.5,0.09999999999999964,0.565,0.5404780979478274,0.5407677426460117,FAR,FAR,0.0,1,,,0.03,100
C2_n0.03_d100_r02,C2,202639,15.62,15.52,0.09999999999999964,0.5667499999999999,0.5420484808556921,0.5410879271984318,FAR,FAR,0.0,1,,,0.03,100
C2_n0.03_d100_r02,C2,202639,15.64,15.54,0.10000000000000142,0.5685,0.5731878668217599,0.5491129121042638,FAR,FAR,0.0,1,,,0.03,100
C2_n0.03_d100_r02,C2,202639,15.66,15.56,0.09999999999999964,0.5702499999999999,0.5576826408036429,0.5512553442791086,FAR,FAR,0.0,1,,,0.03,100
C2_n0.03_d100_r02,C2,202639,15.68,15.58,0.09999999999999964,0.572,0.5716073123842074,0.5563433363053834,FAR,FAR,0.0,1,,,0.03,100
C2_n0.03_d100_r02,C2,202639,15.7,15.6,0.09999999999999964,0.57375,0.5357450069878634,0.5511937539760033,FAR,FAR,0.0,1,,,0.03,100
C2_n0.03_d100_r02,C2,202639,15.72,15.62,0.10000000000000142,0.5755,0.46014259314096384,0.5284309637672434,FAR,FAR,0.0,1,,,0.03,100
C2_n0.03_d100_r02,C2,202639,15.74,15.64,0.09999999999999964,0.57725,0.5406499517676437,0.5314857107673434,FAR,FAR,0.0,1,,,0.03,100
C2_n0.03_d100_r02,C2,202639,15.76,15.66,0.09999999999999964,0.579,0.5965771799490327,0.5477585780627657,FAR,FAR,0.0,1,,,0.03,100
C2_n0.03_d100_r02,C2,202639,15.78,15.68,0.09999999999999964,0.5807499999999999,0.5203301148970052,0.5409014622713256,FAR,FAR,0.0,1,,,0.03,100
C2_n0.03_d100_r02,C2,202639,15.8,15.7,0.10000000000000142,0.5825,0.5935489674793397,0.5540633385733291,FAR,FAR,0.0,1,,,0.03,100
C2_n0.03_d100_r02,C2,202639,15.82,15.72,0.09999999999999964,0.5842499999999999,0.572849927013086,0.5587599856832683,FAR,FAR,0.0,1,,,0.03,100
C2_n0.03_d100_r02,C2,202639,15.84,15.74,0.09999999999999964,0.586,0.6292513148982338,0.5763828179870097,FAR,FAR,0.0,1,,,0.03,100
C2_n0.03_d100_r02,C2,202639,15.86,15.76,0.09999999999999964,0.58775,0.546096103832433,0.5688111394483655,FAR,FAR,0.0,1,,,0.03,100
C2_n0.03_d100_r02,C2,202639,15.88,15.78,0.10000000000000142,0.5895,0.5615226859184342,0.5669890260658826,FAR,FAR,0.0,1,,,0.03,100
C2_n0.03_d100_r02,C2,202639,15.9,15.8,0.09999999999999964,0.59125,0.55232753441532,0.563323653153242,FAR,FAR,0.0,1,,,0.03,100
C2_n0.03_d100_r02,C2,202639,15.92,15.82,0.09999999999999964,0.593,0.5287374424730732,0.5546771004831997,FAR,FAR,0.0,1,,,0.03,100
C2_n0.03_d100_r02,C2,202639,15.94,15.84,0.09999999999999964,0.5947499999999999,0.6105133714969732,0.5686361682366431,FAR,FAR,0.0,1,,,0.03,100
C2_n0.03_d100_r02,C2,202639,15.96,15.86,0.10000000000000142,0.5965,0.6011841461123411,0.5767731627055677,FAR,FAR,0.0,1,,,0.03,100
C2_n0.03_d100_r02,C2,202639,15.98,15.88,0.09999999999999964,0.59825,0.6100945562928805,0.5851035111023959,FAR,FAR,0.0,1,,,0.03,100
C2_n0.03_d100_r02,C2,202639,16.0,15.9,0.09999999999999964,0.6,0.5761087910376738,0.5828548310862154,FAR,FAR,0.0,1,,,0.03,100
C2_n0.03_d100_r02,C2,202639,16.02,15.92,0.09999999999999964,0.6,0.607309421598258,0.588968478714226,FAR,FAR,0.0,1,,,0.03,100
C2_n0.03_d100_r02,C2,202639,16.04,15.94,0.09999999999999964,0.6,0.6445002081041934,0.6028514110617178,FAR,FAR,0.0,1,,,0.03,100
C2_n0.03_d100_r02,C2,202639,16.06,15.96,0.09999999999999787,0.6,0.5988205260495651,0.6018436898086796,FAR,FAR,0.0,1,,,0.03,100
C2_n0.03_d100_r02,C2,202639,16.08,15.98,0.09999999999999787,0.6,0.5263587499583066,0.5829724548460864,FAR,FAR,0.0,1,,,0.03,100
C2_n0.03_d100_r02,C2,202639,16.1,16.0,0.10000000000000142,0.6,0.5525080879393655,0.5753563631194062,FAR,FAR,0.0,1,,,0.03,100
C2_n0.03_d100_r02,C2,202639,16.12,16.02,0.10000000000000142,0.6,0.6481005193750636,0.5935424021833205,FAR,FAR,0.0,1,,,0.03,100
C2_n0.03_d100_r02,C2,202639,16.14,16.04,0.10000000000000142,0.6,0.6129522327451046,0.5983948598237665,FAR,FAR,0.0,1,,,0.03,100
C2_n0.03_d100_r02,C2,202639,16.16,16.06,0.10000000000000142,0.6,0.6106764812017483,0.6014652651682619,FAR,FAR,0.0,1,,,0.03,100
C2_n0.03_d100_r02,C2,202639,16.18,16.08,0.10000000000000142,0.6,0.6066464487808854,0.6027605610714177,FAR,FAR,0.0,1,,,0.03,100
C2_n0.03_d100_r02,C2,202639,16.2,16.1,0.09999999999999787,0.6,0.5861331376436413,0.5986037052144736,FAR,FAR,0.0,1,,,0.03,100
C2_n0.03_d100_r02,C2,202639,16.22,16.12,0.09999999999999787,0.6,0.5637549495037916,0.589891516286803,FAR,FAR,0.0,1,,,0.03,100
C2_n0.03_d100_r02,C2,202639,16.24,16.14,0.09999999999999787,0.6,0.5784411150809458,0.5870289159853387,FAR,FAR,0.0,1,,,0.03,100
C2_n0.03_d100_r02,C2,202639,16.26,16.16,0.10000000000000142,0.6,0.5782436902757225,0.5848326095579346,FAR,FAR,0.0,1,,,0.03,100
C2_n0.03_d100_r02,C2,202639,16.28,16.18,0.10000000000000142,0.6,0.6604087437863998,0.6037266431150509,FAR,FAR,0.0,1,,,0.03,100
C2_n0.03_d100_r02,C2,202639,16.3,16.2,0.10000000000000142,0.6,0.597682455111926,0.6022155961142697,FAR,FAR,0.0,1,,,0.03,100
C2_n0.03_d100_r02,C2,202639,16.32,16.22,0.10000000000000142,0.6,0.5164780594651498,0.5807812119519897,FAR,FAR,0.0,1,,,0.03,100
C2_n0.03_d100_r02,C2,202639,16.34,16.24,0.10000000000000142,0.6,0.6097863531293769,0.5880324972463365,FAR,FAR,0.0,1,,,0.03,100
C2_n0.03_d100_r02,C2,202639,16.36,16.26,0.09999999999999787,0.6,0.6252422422030709,0.5973349334855201,FAR,FAR,0.0,1,,,0.03,100
C2_n0.03_d100_r02,C2,202639,16.38,16.28,0.09999999999999787,0.6,0.5939592666666215,0.5964910167807955,FAR,FAR,0.0,1,,,0.03,100
C2_n0.03_d100_r02,C2,202639,16.4,16.3,0.09999999999999787,0.6,0.6205564053678208,0.6025073639275518,FAR,FAR,0.0,1,,,0.03,100
C2_n0.03_d100_r02,C2,202639,16.42,16.32,0.10000000000000142,0.6,0.5838189117014028,0.5978352508710145,FAR,FAR,0.0,1,,,0.03,100
C2_n0.03_d100_r02,C2,202639,16.44,16.34,0.10000000000000142,0.6,0.5973686350156442,0.5977185969071719,FAR,FAR,0.0,1,,,0.03,100
C2_n0.03_d100_r02,C2,202639,16.46,16.36,0.10000000000000142,0.6,0.5673533319182407,0.5901272806599391,FAR,FAR,0.0,1,,,0.03,100
C2_n0.03_d100_r02,C2,202639,16.48,16.38,0.10000000000000142,0.6,0.5744997527582478,0.5862203986845163,FAR,FAR,0.0,1,,,0.03,100
C2_n0.03_d100_r02,C2,202639,16.5,16.4,0.10000000000000142,0.6,0.5606424435655071,0.579825909904764,FAR,FAR,0.0,1,,,0.03,100
C2_n0.03_d100_r02,C2,202639,16.52,16.42,0.09999999999999787,0.6,0.6300784110105411,0.5923890351812082,FAR,FAR,0.0,1,,,0.03,100
C2_n0.03_d100_r02,C2,202639,16.54,16.44,0.09999999999999787,0.6,0.5624570959282049,0.5849060503679574,FAR,FAR,0.0,1,,,0.03,100
C2_n0.03_d100_r02,C2,202639,16.56,16.46,0.09999999999999787,0.6,0.5322918689795266,0.5717525050208496,FAR,FAR,0.0,1,,,0.03,100
C2_n0.03_d100_r02,C2,202639,16.58,16.48,0.09999999999999787,0.6,0.6003766608257652,0.5789085439720785,FAR,FAR,0.0,1,,,0.03,100
C2_n0.03_d100_r02,C2,202639,16.6,16.5,0.10000000000000142,0.6,0.5827551770891564,0.579870202251348,FAR,FAR,0.0,1,,,0.03,100
C2_n0.03_d100_r02,C2,202639,16.62,16.52,0.10000000000000142,0.6,0.5741876473669538,0.5784495635302495,FAR,FAR,0.0,1,,,0.03,100
C2_n0.03_d100_r02,C2,202639,16.64,16.54,0.10000000000000142,0.6,0.5839488123662013,0.5798243757392374,FAR,FAR,0.0,1,,,0.03,100
C2_n0.03_d100_r02,C2,202639,16.66,16.56,0.10000000000000142,0.6,0.5869976368521151,0.5816176910174569,FAR,FAR,0.0,1,,,0.03,100
C2_n0.03_d100_r02,C2,202639,16.68,16.58,0.10000000000000142,0.6,0.5512194699299923,0.5740181357455907,FAR,FAR,0.0,1,,,0.03,100
C2_n0.03_d100_r02,C2,202639,16.7,16.6,0.09999999999999787,0.6,0.575678140986019,0.5744331370556978,FAR,FAR,0.0,1,,,0.03,100
C2_n0.03_d100_r02,C2,202639,16.72,16.62,0.09999999999999787,0.6,0.609020577097982,0.5830799970662688,FAR,FAR,0.0,1,,,0.03,100
C2_n0.03_d100_r02,C2,202639,16.74,16.64,0.09999999999999787,0.6,0.5983933539071926,0.5869083362764997,FAR,FAR,0.0,1,,,0.03,100
C2_n0.03_d100_r02,C2,202639,16.76,16.66,0.10000000000000142,0.6,0.586277154401706,0.5867505408078013,FAR,FAR,0.0,1,,,0.03,100
C2_n0.03_d100_r02,C2,202639,16.78,16.68,0.10000000000000142,0.6,0.5290186076825896,0.5723175575264984,FAR,FAR,0.0,1,,,0.03,100
C2_n0.03_d100_r02,C2,202639,16.8,16.7,0.10000000000000142,0.6,0.5881468492403504,0.5762748804549614,FAR,FAR,0.0,1,,,0.03,100
C2_n0.03_d100_r02,C2,202639,16.82,16.72,0.10000000000000142,0.6,0.57793961137687,0.5766910631854385,FAR,FAR,0.0,1,,,0.03,100
C2_n0.03_d100_r02,C2,202639,16.84,16.74,0.10000000000000142,0.6,0.6145745856805573,0.5861619438092183,FAR,FAR,0.0,1,,,0.03,100
C2_n0.03_d100_r02,C2,202639,16.86,16.76,0.09999999999999787,0.6,0.5651412301370491,0.5809067653911759,FAR,FAR,0.0,1,,,0.03,100
C2_n0.03_d100_r02,C2,202639,16.88,16.78,0.09999999999999787,0.6,0.5896037371374034,0.5830810083277328,FAR,FAR,0.0,1,,,0.03,100
C2_n0.03_d100_r02,C2,202639,16.9,16.8,0.09999999999999787,0.6,0.601192533398572,0.5876088895954427,FAR,FAR,0.0,1,,,0.03,100
C2_n0.03_d100_r02,C2,202639,16.92,16.82,0.10000000000000142,0.6,0.5509314294626141,0.5784395245622356,FAR,FAR,0.0,1,,,0.03,100
C2_n0.03_d100_r02,C2,202639,16.94,16.84,0.10000000000000142,0.6,0.6510483019964259,0.5965917189207832,FAR,FAR,0.0,1,,,0.03,100
C2_n0.03_d100_r02,C2,202639,16.96,16.86,0.10000000000000142,0.6,0.6761403685957819,0.6164788813395329,FAR,FAR,0.0,1,,,0.03,100
C2_n0.03_d100_r02,C2,202639,16.98,16.88,0.10000000000000142,0.6,0.6024944305524912,0.6129827686427725,FAR,FAR,0.0,1,,,0.03,100
C2_n0.03_d100_r02,C2,202639,17.0,16.9,0.10000000000000142,0.6,0.5713450411719236,0.6025733367750603,FAR,FAR,0.0,1,,,0.03,100
C2_n0.03_d100_r02,C2,202639,17.02,16.92,0.09999999999999787,0.6,0.6238348080227538,0.6078887045869836,FAR,FAR,0.0,1,,,0.03,100
C2_n0.03_d100_r02,C2,202639,17.04,16.94,0.09999999999999787,0.6,0.6393437053934538,0.6157524547886012,FAR,FAR,0.0,1,,,0.03,100
C2_n0.03_d100_r02,C2,202639,17.06,16.96,0.09999999999999787,0.6,0.5964277439099718,0.6109212770689438,FAR,FAR,0.0,1,,,0.03,100
C2_n0.03_d100_r02,C2,202639,17.08,16.98,0.09999999999999787,0.6,0.6122027067379291,0.6112416344861902,FAR,FAR,0.0,1,,,0.03,100
C2_n0.03_d100_r02,C2,202639,17.1,17.0,0.10000000000000142,0.6,0.5937937621638429,0.6068796664056033,FAR,FAR,0.0,1,,,0.03,100
C2_n0.03_d100_r02,C2,202639,17.12,17.02,0.10000000000000142,0.6,0.6288019101754975,0.6123602273480768,FAR,FAR,0.0,1,,,0.03,100
C2_n0.03_d100_r02,C2,202639,17.14,17.04,0.10000000000000142,0.6,0.6381137333632124,0.6187986038518607,FAR,FAR,0.0,1,,,0.03,100
C2_n0.03_d100_r02,C2,202639,17.16,17.06,0.10000000000000142,0.6,0.5759814132973535,0.6080943062132339,FAR,FAR,0.0,1,,,0.03,100
C2_n0.03_d100_r02,C2,202639,17.18,17.08,0.10000000000000142,0.6,0.5585528408298301,0.5957089398673829,FAR,FAR,0.0,1,,,0.03,100
C2_n0.03_d100_r02,C2,202639,17.2,17.1,0.09999999999999787,0.6,0.6144159858662767,0.6003857013671063,FAR,FAR,0.0,1,,,0.03,100
C2_n0.03_d100_r02,C2,202639,17.22,17.12,0.09999999999999787,0.6,0.5950026036523471,0.5990399269384166,FAR,FAR,0.0,1,,,0.03,100
C2_n0.03_d100_r02,C2,202639,17.24,17.14,0.09999999999999787,0.6,0.5835237890861485,0.5951608924753495,FAR,FAR,0.0,1,,,0.03,100
C2_n0.03_d100_r02,C2,202639,17.26,17.16,0.10000000000000142,0.6,0.5718399319929465,0.5893306523547488,FAR,FAR,0.0,1,,,0.03,100
C2_n0.03_d100_r02,C2,202639,17.28,17.18,0.10000000000000142,0.6,0.5679205740313689,0.5839781327739038,FAR,FAR,0.0,1,,,0.03,100
C2_n0.03_d100_r02,C2,202639,17.3,17.2,0.10000000000000142,0.6,0.6595824099078396,0.6028792020573877,FAR,FAR,0.0,1,,,0.03,100
C2_n0.03_d100_r02,C2,202639,17.32,17.22,0.10000000000000142,0.6,0.5827486044334875,0.5978465526514126,FAR,FAR,0.0,1,,,0.03,100
C2_n0.03_d100_r02,C2,202639,17.34,17.24,0.10000000000000142,0.6,0.6442063226160096,0.6094364951425618,FAR,FAR,0.0,1,,,0.03,100
C2_n0.03_d100_r02,C2,202639,17.36,17.26,0.09999999999999787,0.6,0.5885824065257584,0.604222972988361,FAR,FAR,0.0,1,,,0.03,100
C2_n0.03_d100_r02,C2,202639,17.38,17.28,0.09999999999999787,0.6,0.6042601986663773,0.6042322794078651,FAR,FAR,0.0,1,,,0.03,100
C2_n0.03_d100_r02,C2,202639,17.4,17.3,0.09999999999999787,0.6,0.616643516015003,0.6073350885596496,FAR,FAR,0.0,1,,,0.03,100
C2_n0.03_d100_r02,C2,202639,17.42,17.32,0.10000000000000142,0.6,0.595210206847122,0.6043038681315177,FAR,FAR,0.0,1,,,0.03,100
C2_n0.03_d100_r02,C2,202639,17.44,17.34,0.10000000000000142,0.6,0.5639882599050214,0.5942249660748937,FAR,FAR,0.0,1,,,0.03,100
C2_n0.03_d100_r02,C2,202639,17.46,17.36,0.10000000000000142,0.6,0.568134862271877,0.5877024401241395,FAR,FAR,0.0,1,,,0.03,100
C2_n0.03_d100_r02,C2,202639,17.48,17.38,0.10000000000000142,0.6,0.6081183706069715,0.5928064227448475,FAR,FAR,0.0,1,,,0.03,100
C2_n0.03_d100_r02,C2,202639,17.5,17.4,0.10000000000000142,0.6,0.642835576316706,0.6053137111378122,FAR,FAR,0.0,1,,,0.03,100
C2_n0.03_d100_r02,C2,202639,17.52,17.42,0.09999999999999787,0.6,0.5220547975411998,0.5844989827386591,FAR,FAR,0.0,1,,,0.03,100
C2_n0.03_d100_r02,C2,202639,17.54,17.44,0.09999999999999787,0.6,0.5706109128517839,0.5810269652669403,FAR,FAR,0.0,1,,,0.03,100
C2_n0.03_d100_r02,C2,202639,17.56,17.46,0.09999999999999787,0.6,0.6194691619323122,0.5906375144332833,FAR,FAR,0.0,1,,,0.03,100
C2_n0.03_d100_r02,C2,202639,17.58,17.48,0.09999999999999787,0.6,0.6240569147803493,0.5989923645200498,FAR,FAR,0.0,1,,,0.03,100
C2_n0.03_d100_r02,C2,202639,17.6,17.5,0.10000000000000142,0.6,0.581322787523694,0.5945749702709608,FAR,FAR,0.0,1,,,0.03,100
C2_n0.03_d100_r02,C2,202639,17.62,17.52,0.10000000000000142,0.6,0.6072471918406671,0.5977430256633874,FAR,FAR,0.0,1,,,0.03,100
C2_n0.03_d100_r02,C2,202639,17.64,17.54,0.10000000000000142,0.6,0.6263177079780428,0.6048866962420513,FAR,FAR,0.0,1,,,0.03,100
C2_n0.03_d100_r02,C2,202639,17.66,17.56,0.10000000000000142,0.6,0.5937889786683663,0.6021122668486301,FAR,FAR,0.0,1,,,0.03,100
C2_n0.03_d100_r02,C2,202639,17.68,17.58,0.10000000000000142,0.6,0.6220651129482723,0.6071004783735406,FAR,FAR,0.0,1,,,0.03,100
C2_n0.03_d100_r02,C2,202639,17.7,17.6,0.09999999999999787,0.6,0.6016264194159067,0.6057319636341321,FAR,FAR,0.0,1,,,0.03,100
C2_n0.03_d100_r02,C2,202639,17.72,17.62,0.09999999999999787,0.6,0.6115527474111372,0.6071871595783833,FAR,FAR,0.0,1,,,0.03,100
C2_n0.03_d100_r02,C2,202639,17.74,17.64,0.09999999999999787,0.6,0.5637077198328266,0.5963172996419941,FAR,FAR,0.0,1,,,0.03,100
C2_n0.03_d100_r02,C2,202639,17.76,17.66,0.10000000000000142,0.6,0.6054565539001138,0.598602113206524,FAR,FAR,0.0,1,,,0.03,100
C2_n0.03_d100_r02,C2,202639,17.78,17.68,0.10000000000000142,0.6,0.5980163922934423,0.5984556829782536,FAR,FAR,0.0,1,,,0.03,100
C2_n0.03_d100_r02,C2,202639,17.8,17.7,0.10000000000000142,0.6,0.5462573707259981,0.5854061049151897,FAR,FAR,0.0,1,,,0.03,100
C2_n0.03_d100_r02,C2,202639,17.82,17.72,0.10000000000000142,0.6,0.5889384064614654,0.5862891803017587,FAR,FAR,0.0,1,,,0.03,100
C2_n0.03_d100_r02,C2,202639,17.84,17.74,0.10000000000000142,0.6,0.587525728510046,0.5865983173538305,FAR,FAR,0.0,1,,,0.03,100
C2_n0.03_d100_r02,C2,202639,17.86,17.76,0.09999999999999787,0.6,0.6076309877889212,0.5918564849626031,FAR,FAR,0.0,1,,,0.03,100
C2_n0.03_d100_r02,C2,202639,17.88,17.78,0.09999999999999787,0.6,0.5475198164730716,0.5807723178402202,FAR,FAR,0.0,1,,,0.03,100
C2_n0.03_d100_r02,C2,202639,17.9,17.8,0.09999999999999787,0.6,0.5891156311516804,0.5828581461680853,FAR,FAR,0.0,1,,,0.03,100
C2_n0.03_d100_r02,C2,202639,17.92,17.82,0.10000000000000142,0.6,0.5628544517582565,0.5778572225656281,FAR,FAR,0.0,1,,,0.03,100
C2_n0.03_d100_r02,C2,202639,17.94,17.84,0.10000000000000142,0.6,0.5746510528273521,0.5770556801310591,FAR,FAR,0.0,1,,,0.03,100
C2_n0.03_d100_r02,C2,202639,17.96,17.86,0.10000000000000142,0.6,0.5266443035156575,0.5644528359772087,FAR,FAR,0.0,1,,,0.03,100
C2_n0.03_d100_r02,C2,202639,17.98,17.88,0.10000000000000142,0.6,0.5996205344163187,0.5732447605869863,FAR,FAR,0.0,1,,,0.03,100
C2_n0.03_d100_r02,C2,202639,18.0,17.9,0.10000000000000142,0.6,0.5871944793962104,0.5767321902892923,FAR,FAR,0.0,1,,,0.03,100
C2_n0.03_d100_r02,C2,202639,18.02,17.92,0.09999999999999787,0.6,0.5766633546489451,0.5767149813792055,FAR,FAR,0.0,1,,,0.03,100
C2_n0.03_d100_r02,C2,202639,18.04,17.94,0.09999999999999787,0.6,0.6027139960784725,0.5832147350540223,FAR,FAR,0.0,1,,,0.03,100
C2_n0.03_d100_r02,C2,202639,18.06,17.96,0.09999999999999787,0.6,0.599100610245175,0.5871862038518105,FAR,FAR,0.0,1,,,0.03,100
C2_n0.03_d100_r02,C2,202639,18.08,17.98,0.09999999999999787,0.6,0.574289086820296,0.5839619245939319,FAR,FAR,0.0,1,,,0.03,100
C2_n0.03_d100_r02,C2,202639,18.1,18.0,0.10000000000000142,0.6,0.5611396533250729,0.5782563567767172,FAR,FAR,0.0,1,,,0.03,100
C2_n0.03_d100_r02,C2,202639,18.12,18.02,0.10000000000000142,0.6,0.6282026467989162,0.5907429292822669,FAR,FAR,0.0,1,,,0.03,100
C2_n0.03_d100_r02,C2,202639,18.14,18.04,0.10000000000000142,0.6,0.6391218022663476,0.6028376475282871,FAR,FAR,0.0,1,,,0.03,100
C2_n0.03_d100_r02,C2,202639,18.16,18.06,0.10000000000000142,0.6,0.5882974499072394,0.5992025981230251,FAR,FAR,0.0,1,,,0.03,100
C2_n0.03_d100_r02,C2,202639,18.18,18.08,0.10000000000000142,0.6,0.5846659015448555,0.5955684239784828,FAR,FAR,0.0,1,,,0.03,100
C2_n0.03_d100_r02,C2,202639,18.2,18.1,0.09999999999999787,0.6,0.6237888767051263,0.6026235371601436,FAR,FAR,0.0,1,,,0.03,100
C2_n0.03_d100_r02,C2,202639,18.22,18.12,0.09999999999999787,0.6,0.6312676142200322,0.6097845564251158,FAR,FAR,0.0,1,,,0.03,100
C2_n0.03_d100_r02,C2,202639,18.24,18.14,0.09999999999999787,0.6,0.6029714309137116,0.6080812750472647,FAR,FAR,0.0,1,,,0.03,100
C2_n0.03_d100_r02,C2,202639,18.26,18.16,0.10000000000000142,0.6,0.5917885363243954,0.6040080903665473,FAR,FAR,0.0,1,,,0.03,100
C2_n0.03_d100_r02,C2,202639,18.28,18.18,0.10000000000000142,0.6,0.6105459144062643,0.6056425463764765,FAR,FAR,0.0,1,,,0.03,100
C2_n0.03_d100_r02,C2,202639,18.3,18.2,0.10000000000000142,0.6,0.5953369655430539,0.6030661511681209,FAR,FAR,0.0,1,,,0.03,100
C2_n0.03_d100_r02,C2,202639,18.32,18.22,0.10000000000000142,0.6,0.6285788495169902,0.6094443257553382,FAR,FAR,0.0,1,,,0.03,100
C2_n0.03_d100_r02,C2,202639,18.34,18.24,0.10000000000000142,0.6,0.6562460731358769,0.6211447626004729,FAR,FAR,0.0,1,,,0.03,100
C2_n0.03_d100_r02,C2,202639,18.36,18.26,0.09999999999999787,0.6,0.5569447452899764,0.6050947582728488,FAR,FAR,0.0,1,,,0.03,100
C2_n0.03_d100_r02,C2,202639,18.38,18.28,0.09999999999999787,0.6,0.6465043917270161,0.6154471666363905,FAR,FAR,0.0,1,,,0.03,100
C2_n0.03_d100_r02,C2,202639,18.4,18.3,0.09999999999999787,0.6,0.6061037336355927,0.6131113083861911,FAR,FAR,0.0,1,,,0.03,100
C2_n0.03_d100_r02,C2,202639,18.42,18.32,0.10000000000000142,0.6,0.5560303900175474,0.5988410787940301,FAR,FAR,0.0,1,,,0.03,100
C2_n0.03_d100_r02,C2,202639,18.44,18.34,0.10000000000000142,0.6,0.5755547890193254,0.5930195063503539,FAR,FAR,0.0,1,,,0.03,100
C2_n0.03_d100_r02,C2,202639,18.46,18.36,0.10000000000000142,0.6,0.5986608491323947,0.5944298420458641,FAR,FAR,0.0,1,,,0.03,100
C2_n0.03_d100_r02,C2,202639,18.48,18.38,0.10000000000000142,0.6,0.62175552728325,0.6012612633552106,FAR,FAR,0.0,1,,,0.03,100
C2_n0.03_d100_r02,C2,202639,18.5,18.4,0.10000000000000142,0.6,0.6319668202054491,0.6089376525677702,FAR,FAR,0.0,1,,,0.03,100
C2_n0.03_d100_r02,C2,202639,18.52,18.42,0.09999999999999787,0.6,0.5584347518917934,0.596311927398776,FAR,FAR,0.0,1,,,0.03,100
C2_n0.03_d100_r02,C2,202639,18.54,18.44,0.09999999999999787,0.6,0.607841249968731,0.5991942580412648,FAR,FAR,0.0,1,,,0.03,100
C2_n0.03_d100_r02,C2,202639,18.56,18.46,0.09999999999999787,0.6,0.5593403128966307,0.5892307717551063,FAR,FAR,0.0,1,,,0.03,100
C2_n0.03_d100_r02,C2,202639,18.58,18.48,0.09999999999999787,0.6,0.6294776908854344,0.5992925015376883,FAR,FAR,0.0,1,,,0.03,100
C2_n0.03_d100_r02,C2,202639,18.6,18.5,0.10000000000000142,0.6,0.5984990007947705,0.5990941263519588,FAR,FAR,0.0,1,,,0.03,100
C2_n0.03_d100_r02,C2,202639,18.62,18.52,0.10000000000000142,0.6,0.6528376583583655,0.6125300093535605,FAR,FAR,0.0,1,,,0.03,100
C2_n0.03_d100_r02,C2,202639,18.64,18.54,0.10000000000000142,0.6,0.5865285075857787,0.606029633911615,FAR,FAR,0.0,1,,,0.03,100
C2_n0.03_d100_r02,C2,202639,18.66,18.56,0.10000000000000142,0.6,0.5640248619484631,0.595528440920827,FAR,FAR,0.0,1,,,0.03,100
C2_n0.03_d100_r02,C2,202639,18.68,18.58,0.10000000000000142,0.6,0.6347938624455841,0.6053447963020163,FAR,FAR,0.0,1,,,0.03,100
C2_n0.03_d100_r02,C2,202639,18.7,18.6,0.09999999999999787,0.6,0.5862694860953909,0.6005759687503599,FAR,FAR,0.0,1,,,0.03,100
C2_n0.03_d100_r02,C2,202639,18.72,18.62,0.09999999999999787,0.6,0.6299602484837088,0.6079220386836971,FAR,FAR,0.0,1,,,0.03,100
C2_n0.03_d100_r02,C2,202639,18.74,18.64,0.09999999999999787,0.6,0.5822196168363223,0.6014964332218534,FAR,FAR,0.0,1,,,0.03,100
C2_n0.03_d100_r02,C2,202639,18.76,18.66,0.10000000000000142,0.6,0.5592160261608019,0.5909263314565905,FAR,FAR,0.0,1,,,0.03,100
C2_n0.03_d100_r02,C2,202639,18.78,18.68,0.10000000000000142,0.6,0.5717474195628749,0.5861316034831616,FAR,FAR,0.0,1,,,0.03,100
C2_n0.03_d100_r02,C2,202639,18.8,18.7,0.10000000000000142,0.6,0.6675591383848072,0.606488487208573,FAR,FAR,0.0,1,,,0.03,100
C2_n0.03_d100_r02,C2,202639,18.82,18.72,0.10000000000000142,0.6,0.5970573038496908,0.6041306913688524,FAR,FAR,0.0,1,,,0.03,100
C2_n0.03_d100_r02,C2,202639,18.84,18.74,0.10000000000000142,0.6,0.5868921384232989,0.599821053132464,FAR,FAR,0.0,1,,,0.03,100
C2_n0.03_d100_r02,C2,202639,18.86,18.76,0.09999999999999787,0.6,0.5997130113810183,0.5997940426946026,FAR,FAR,0.0,1,,,0.03,100
C2_n0.03_d100_r02,C2,202639,18.88,18.78,0.09999999999999787,0.6,0.573989475036001,0.5933429007799521,FAR,FAR,0.0,1,,,0.03,100
C2_n0.03_d100_r02,C2,202639,18.9,18.8,0.09999999999999787,0.6,0.6102427005288869,0.5975678507171858,FAR,FAR,0.0,1,,,0.03,100
C2_n0.03_d100_r02,C2,202639,18.92,18.82,0.10000000000000142,0.6,0.5997884911059309,0.598123010814372,FAR,FAR,0.0,1,,,0.03,100
C2_n0.03_d100_r02,C2,202639,18.94,18.84,0.10000000000000142,0.6,0.5991643114811556,0.598383335981068,FAR,FAR,0.0,1,,,0.03,100
C2_n0.03_d100_r02,C2,202639,18.96,18.86,0.10000000000000142,0.6,0.6036533374312777,0.5997008363436204,FAR,FAR,0.0,1,,,0.03,100
C2_n0.03_d100_r02,C2,202639,18.98,18.88,0.10000000000000142,0.6,0.580036458502974,0.5947847418834588,FAR,FAR,0.0,1,,,0.03,100
C2_n0.03_d100_r02,C2,202639,19.0,18.9,0.10000000000000142,0.6,0.6110436910481176,0.5988494791746235,FAR,FAR,0.0,1,,,0.03,100
C2_n0.03_d100_r02,C2,202639,19.02,18.92,0.09999999999999787,0.6,0.6279608313439936,0.606127317216966,FAR,FAR,0.0,1,,,0.03,100
C2_n0.03_d100_r02,C2,202639,19.04,18.94,0.09999999999999787,0.6,0.5761156122381736,0.5986243909722679,FAR,FAR,0.0,1,,,0.03,100
C2_n0.03_d100_r02,C2,202639,19.06,18.96,0.09999999999999787,0.6,0.5123232985950101,0.5770491178779535,FAR,FAR,0.0,1,,,0.03,100
C2_n0.03_d100_r02,C2,202639,19.08,18.98,0.09999999999999787,0.6,0.5834110722470522,0.5786396064702282,FAR,FAR,0.0,1,,,0.03,100
C2_n0.03_d100_r02,C2,202639,19.1,19.0,0.10000000000000142,0.6,0.6119602438472908,0.5869697658144938,FAR,FAR,0.0,1,,,0.03,100
C2_n0.03_d100_r02,C2,202639,19.12,19.02,0.10000000000000142,0.6,0.5595419821576164,0.5801128199002744,FAR,FAR,0.0,1,,,0.03,100
C2_n0.03_d100_r02,C2,202639,19.14,19.04,0.10000000000000142,0.6,0.6096354890156273,0.5874934871791127,FAR,FAR,0.0,1,,,0.03,100
C2_n0.03_d100_r02,C2,202639,19.16,19.06,0.10000000000000142,0.6,0.6205406316444716,0.5957552732954524,FAR,FAR,0.0,1,,,0.03,100
C2_n0.03_d100_r02,C2,202639,19.18,19.08,0.10000000000000142,0.6,0.5809254538848774,0.5920478184428086,FAR,FAR,0.0,1,,,0.03,100
C2_n0.03_d100_r02,C2,202639,19.2,19.1,0.09999999999999787,0.6,0.6242332909485698,0.600094186569249,FAR,FAR,0.0,1,,,0.03,100
C2_n0.03_d100_r02,C2,202639,19.22,19.12,0.09999999999999787,0.6,0.643990500185555,0.6110682649733254,FAR,FAR,0.0,1,,,0.03,100
C2_n0.03_d100_r02,C2,202639,19.24,19.14,0.09999999999999787,0.6,0.623560377832313,0.6141912931880723,FAR,FAR,0.0,1,,,0.03,100
C2_n0.03_d100_r02,C2,202639,19.26,19.16,0.10000000000000142,0.6,0.5992376182848699,0.6104528744622717,FAR,FAR,0.0,1,,,0.03,100
C2_n0.03_d100_r02,C2,202639,19.28,19.18,0.10000000000000142,0.6,0.6022739513564969,0.608408143685828,FAR,FAR,0.0,1,,,0.03,100
C2_n0.03_d100_r02,C2,202639,19.3,19.2,0.10000000000000142,0.6,0.623597888001154,0.6122055797646595,FAR,FAR,0.0,1,,,0.03,100
C2_n0.03_d100_r02,C2,202639,19.32,19.22,0.10000000000000142,0.6,0.642080033966039,0.6196741933150044,FAR,FAR,0.0,1,,,0.03,100
C2_n0.03_d100_r02,C2,202639,19.34,19.24,0.10000000000000142,0.6,0.5729654228493167,0.6079970006985825,FAR,FAR,0.0,1,,,0.03,100
C2_n0.03_d100_r02,C2,202639,19.36,19.26,0.09999999999999787,0.6,0.5761485577554869,0.6000348899628086,FAR,FAR,0.0,1,,,0.03,100
C2_n0.03_d100_r02,C2,202639,19.38,19.28,0.09999999999999787,0.6,0.5430779155316938,0.5857956463550299,FAR,FAR,0.0,1,,,0.03,100
C2_n0.03_d100_r02,C2,202639,19.4,19.3,0.09999999999999787,0.6,0.5592529651868419,0.5791599760629829,FAR,FAR,0.0,1,,,0.03,100
C2_n0.03_d100_r02,C2,202639,19.42,19.32,0.10000000000000142,0.6,0.6061152682383396,0.5858987991068221,FAR,FAR,0.0,1,,,0.03,100
C2_n0.03_d100_r02,C2,202639,19.44,19.34,0.10000000000000142,0.6,0.6149885440728095,0.593171235348319,FAR,FAR,0.0,1,,,0.03,100
C2_n0.03_d100_r02,C2,202639,19.46,19.36,0.10000000000000142,0.6,0.5860741015202777,0.5913969518913087,FAR,FAR,0.0,1,,,0.03,100
C2_n0.03_d100_r02,C2,202639,19.48,19.38,0.10000000000000142,0.6,0.573308734481183,0.5868748975387773,FAR,FAR,0.0,1,,,0.03,100
C2_n0.03_d100_r02,C2,202639,19.5,19.4,0.10000000000000142,0.6,0.6403885769638655,0.6002533173950493,FAR,FAR,0.0,1,,,0.03,100
C2_n0.03_d100_r02,C2,202639,19.52,19.42,0.09999999999999787,0.6,0.6111823531460097,0.6029855763327894,FAR,FAR,0.0,1,,,0.03,100
C2_n0.03_d100_r02,C2,202639,19.54,19.44,0.09999999999999787,0.6,0.5419740889077458,0.5877327044765285,FAR,FAR,0.0,1,,,0.03,100
C2_n0.03_d100_r02,C2,202639,19.56,19.46,0.09999999999999787,0.6,0.6119782374339442,0.5937940877158824,FAR,FAR,0.0,1,,,0.03,100
C2_n0.03_d100_r02,C2,202639,19.58,19.48,0.09999999999999787,0.6,0.6251363328570222,0.6016296490011673,FAR,FAR,0.0,1,,,0.03,100
C2_n0.03_d100_r02,C2,202639,19.6,19.5,0.10000000000000142,0.6,0.6292385076215331,0.6085318636562588,FAR,FAR,0.0,1,,,0.03,100
C2_n0.03_d100_r02,C2,202639,19.62,19.52,0.10000000000000142,0.6,0.6448588077184755,0.617613599671813,FAR,FAR,0.0,1,,,0.03,100
C2_n0.03_d100_r02,C2,202639,19.64,19.54,0.10000000000000142,0.6,0.638174121142493,0.622753730039483,FAR,FAR,0.0,1,,,0.03,100
C2_n0.03_d100_r02,C2,202639,19.66,19.56,0.10000000000000142,0.6,0.6459307632187731,0.6285479883343055,FAR,FAR,0.0,1,,,0.03,100
C2_n0.03_d100_r02,C2,202639,19.68,19.58,0.10000000000000142,0.6,0.5749391519007822,0.6151457792259246,FAR,FAR,0.0,1,,,0.03,100
C2_n0.03_d100_r02,C2,202639,19.7,19.6,0.09999999999999787,0.6,0.598518728448611,0.6109890165315962,FAR,FAR,0.0,1,,,0.03,100
C2_n0.03_d100_r02,C2,202639,19.72,19.62,0.09999999999999787,0.6,0.5746478143723474,0.601903715991784,FAR,FAR,0.0,1,,,0.03,100
C2_n0.03_d100_r02,C2,202639,19.74,19.64,0.09999999999999787,0.6,0.5822219416996991,0.5969832724187628,FAR,FAR,0.0,1,,,0.03,100
C2_n0.03_d100_r02,C2,202639,19.76,19.66,0.10000000000000142,0.6,0.6054080911376958,0.599089477098496,FAR,FAR,0.0,1,,,0.03,100
C2_n0.03_d100_r02,C2,202639,19.78,19.68,0.10000000000000142,0.6,0.5978719580361663,0.5987850973329136,FAR,FAR,0.0,1,,,0.03,100
C2_n0.03_d100_r02,C2,202639,19.8,19.7,0.10000000000000142,0.6,0.5609411515127163,0.5893241108778643,FAR,FAR,0.0,1,,,0.03,100
C2_n0.03_d100_r02,C2,202639,19.82,19.72,0.10000000000000142,0.6,0.5716186578408835,0.5848977476186191,FAR,FAR,0.0,1,,,0.03,100
C2_n0.03_d100_r02,C2,202639,19.84,19.74,0.10000000000000142,0.6,0.5548615206914359,0.5773886908868233,FAR,FAR,0.0,1,,,0.03,100
C2_n0.03_d100_r02,C2,202639,19.86,19.76,0.09999999999999787,0.6,0.5640509203510143,0.5740542482528711,FAR,FAR,0.0,1,,,0.03,100
C2_n0.03_d100_r02,C2,202639,19.88,19.78,0.09999999999999787,0.6,0.6113598126217833,0.5833806393450992,FAR,FAR,0.0,1,,,0.03,100
C2_n0.03_d100_r02,C2,202639,19.9,19.8,0.09999999999999787,0.6,0.5493797527452075,0.5748804176951263,FAR,FAR,0.0,1,,,0.03,100
C2_n0.03_d100_r02,C2,202639,19.92,19.82,0.10000000000000142,0.6,0.6727570408533606,0.5993495734846849,FAR,FAR,0.0,1,,,0.03,100
C2_n0.03_d100_r02,C2,202639,19.94,19.84,0.10000000000000142,0.6,0.5965569800847534,0.598651425134702,FAR,FAR,0.0,1,,,0.03,100
C2_n0.03_d100_r02,C2,202639,19.96,19.86,0.10000000000000142,0.6,0.6255258647063823,0.6053700350276221,FAR,FAR,0.0,1,,,0.03,100
C2_n0.03_d100_r02,C2,202639,19.98,19.88,0.10000000000000142,0.6,0.6013605120041973,0.6043676542717659,FAR,FAR,0.0,1,,,0.03,100
C2_n0.03_d100_r02,C2,202639,20.0,19.9,0.10000000000000142,0.6,0.5529176710606498,0.5915051584689868,FAR,FAR,0.0,1,,,0.03,100
