trial_id,condition,seed,time_s,sensor_time_s,sample_age_s,true_distance_m,raw_distance_m,filtered_distance_m,expected_state,state,command,valid,event_label,invalid_reason,noise_sigma_m,delay_ms
C2_n0.03_d000_r01,C2,202633,0.0,0.0,0.0,0.6,0.6037194538101095,0.6037194538101095,FAR,FAR,0.0,1,,,0.03,0
C2_n0.03_d000_r01,C2,202633,0.02,0.02,0.0,0.6,0.5667044645665819,0.5944657064992276,FAR,FAR,0.0,1,,,0.03,0
C2_n0.03_d000_r01,C2,202633,0.04,0.04,0.0,0.6,0.6072664354217774,0.597665888729865,FAR,FAR,0.0,1,,,0.03,0
C2_n0.03_d000_r01,C2,202633,0.06,0.06,0.0,0.6,0.5905231921765226,0.5958802145915294,FAR,FAR,0.0,1,,,0.03,0
C2_n0.03_d000_r01,C2,202633,0.08,0.08,0.0,0.6,0.5927895165458438,0.595107540080108,FAR,FAR,0.0,1,,,0.03,0
C2_n0.03_d000_r01,C2,202633,0.1,0.1,0.0,0.6,0.5962745027617669,0.5953992807505227,FAR,FAR,0.0,1,,,0.03,0
C2_n0.03_d000_r01,C2,202633,0.12,0.12,0.0,0.6,0.5912839229351714,0.5943704412966848,FAR,FAR,0.0,1,,,0.03,0
C2_n0.03_d000_r01,C2,202633,0.14,0.14,0.0,0.6,0.6337895997594427,0.6042252309123743,FAR,FAR,0.0,1,,,0.03,0
C2_n0.03_d000_r01,C2,202633,0.16,0.16,0.0,0.6,0.5960843864366592,0.6021900197934456,FAR,FAR,0.0,1,,,0.03,0
C2_n0.03_d000_r01,C2,202633,0.18,0.18,0.0,0.6,0.6339807700216855,0.6101377073505055,FAR,FAR,0.0,1,,,0.03,0
C2_n0.03_d000_r01,C2,202633,0.2,0.2,0.0,0.6,0.6053060216584757,0.608929785927498,FAR,FAR,0.0,1,,,0.03,0
C2_n0.03_d000_r01,C2,202633,0.22,0.22,0.0,0.6,0.6228130394143051,0.6124005992991998,FAR,FAR,0.0,1,,,0.03,0
C2_n0.03_d000_r01,C2,202633,0.24,0.24,0.0,0.6,0.629402950322205,0.6166511870549511,FAR,FAR,0.0,1,,,0.03,0
C2_n0.03_d000_r01,C2,202633,0.26,0.26,0.0,0.6,0.6038227957103832,0.6134440892188091,FAR,FAR,0.0,1,,,0.03,0
C2_n0.03_d000_r01,C2,202633,0.28,0.28,0.0,0.6,0.5718284562697273,0.6030401809815387,FAR,FAR,0.0,1,,,0.03,0
C2_n0.03_d000_r01,C2,202633,0.3,0.3,0.0,0.6,0.5848529582453419,0.5984933752974895,FAR,FAR,0.0,1,,,0.03,0
C2_n0.03_d000_r01,C2,202633,0.32,0.32,0.0,0.6,0.6776335891338819,0.6182784287565876,FAR,FAR,0.0,1,,,0.03,0
C2_n0.03_d000_r01,C2,202633,0.34,0.34,0.0,0.6,0.6034697123798552,0.6145762496624044,FAR,FAR,0.0,1,,,0.03,0
C2_n0.03_d000_r01,C2,202633,0.36,0.36,0.0,0.6,0.6139775390099615,0.6144265719992936,FAR,FAR,0.0,1,,,0.03,0
C2_n0.03_d000_r01,C2,202633,0.38,0.38,0.0,0.6,0.5830108873714605,0.6065726508423354,FAR,FAR,0.0,1,,,0.03,0
C2_n0.03_d000_r01,C2,202633,0.4,0.4,0.0,0.6,0.6166236255422319,0.6090853945173095,FAR,FAR,0.0,1,,,0.03,0
C2_n0.03_d000_r01,C2,202633,0.42,0.42,0.0,0.6,0.5833272042040605,0.6026458469389973,FAR,FAR,0.0,1,,,0.03,0
C2_n0.03_d000_r01,C2,202633,0.44,0.44,0.0,0.6,0.6260314818109846,0.608492255656994,FAR,FAR,0.0,1,,,0.03,0
C2_n0.03_d000_r01,C2,202633,0.46,0.46,0.0,0.6,0.5791645770825142,0.6011603360133742,FAR,FAR,0.0,1,,,0.03,0
C2_n0.03_d000_r01,C2,202633,0.48,0.48,0.0,0.6,0.5866760169881018,0.5975392562570561,FAR,FAR,0.0,1,,,0.03,0
C2_n0.03_d000_r01,C2,202633,0.5,0.5,0.0,0.6,0.5830447032544042,0.5939156180063931,FAR,FAR,0.0,1,,,0.03,0
C2_n0.03_d000_r01,C2,202633,0.52,0.52,0.0,0.6,0.6056649614446227,0.5968529538659505,FAR,FAR,0.0,1,,,0.03,0
C2_n0.03_d000_r01,C2,202633,0.54,0.54,0.0,0.6,0.5976453801212971,0.5970510604297872,FAR,FAR,0.0,1,,,0.03,0
C2_n0.03_d000_r01,C2,202633,0.56,0.56,0.0,0.6,0.6403248626060435,0.6078695109738512,FAR,FAR,0.0,1,,,0.03,0
C2_n0.03_d000_r01,C2,202633,0.58,0.58,0.0,0.6,0.5562495456565515,0.5949645196445263,FAR,FAR,0.0,1,,,0.03,0
C2_n0.03_d000_r01,C2,202633,0.6,0.6,0.0,0.6,0.5597517845017609,0.586161335858835,FAR,FAR,0.0,1,,,0.03,0
C2_n0.03_d000_r01,C2,202633,0.62,0.62,0.0,0.6,0.611563179431874,0.5925117967520948,FAR,FAR,0.0,1,,,0.03,0
C2_n0.03_d000_r01,C2,202633,0.64,0.64,0.0,0.6,0.6528875275803664,0.6076057294591627,FAR,FAR,0.0,1,,,0.03,0
C2_n0.03_d000_r01,C2,202633,0.66,0.66,0.0,0.6,0.5616063406441519,0.59610588225541,FAR,FAR,0.0,1,,,0.03,0
C2_n0.03_d000_r01,C2,202633,0.68,0.68,0.0,0.6,0.6262436982234164,0.6036403362474115,FAR,FAR,0.0,1,,,0.03,0
C2_n0.03_d000_r01,C2,202633,0.7,0.7,0.0,0.6,0.6811507589828427,0.6230179419312694,FAR,FAR,0.0,1,,,0.03,0
C2_n0.03_d000_r01,C2,202633,0.72,0.72,0.0,0.6,0.5609228379923801,0.607494165946547,FAR,FAR,0.0,1,,,0.03,0
C2_n0.03_d000_r01,C2,202633,0.74,0.74,0.0,0.6,0.5834954564567719,0.6014944885741033,FAR,FAR,0.0,1,,,0.03,0
C2_n0.03_d000_r01,C2,202633,0.76,0.76,0.0,0.6,0.6456711063922058,0.6125386430286289,FAR,FAR,0.0,1,,,0.03,0
C2_n0.03_d000_r01,C2,202633,0.78,0.78,0.0,0.6,0.6332432600888814,0.617714797293692,FAR,FAR,0.0,1,,,0.03,0
C2_n0.03_d000_r01,C2,202633,0.8,0.8,0.0,0.6,0.5860644305115102,0.6098022055981466,FAR,FAR,0.0,1,,,0.03,0
C2_n0.03_d000_r01,C2,202633,0.82,0.82,0.0,0.6,0.6265718495585294,0.6139946165882423,FAR,FAR,0.0,1,,,0.03,0
C2_n0.03_d000_r01,C2,202633,0.84,0.84,0.0,0.6,0.5864204555703014,0.6071010763337571,FAR,FAR,0.0,1,,,0.03,0
C2_n0.03_d000_r01,C2,202633,0.86,0.86,0.0,0.6,0.5551638802141802,0.5941167773038628,FAR,FAR,0.0,1,,,0.03,0
C2_n0.03_d000_r01,C2,202633,0.88,0.88,0.0,0.6,0.5834059166770257,0.5914390621471536,FAR,FAR,0.0,1,,,0.03,0
C2_n0.03_d000_r01,C2,202633,0.9,0.9,0.0,0.6,0.5749294468544903,0.5873116583239878,FAR,FAR,0.0,1,,,0.03,0
C2_n0.03_d000_r01,C2,202633,0.92,0.92,0.0,0.6,0.5891927110777571,0.58778192151243,FAR,FAR,0.0,1,,,0.03,0
C2_n0.03_d000_r01,C2,202633,0.94,0.94,0.0,0.6,0.5554496018385325,0.5796988415939557,FAR,FAR,0.0,1,,,0.03,0
C2_n0.03_d000_r01,C2,202633,0.96,0.96,0.0,0.6,0.5982672433390562,0.5843409420302308,FAR,FAR,0.0,1,,,0.03,0
C2_n0.03_d000_r01,C2,202633,0.98,0.98,0.0,0.6,0.6284384165853725,0.5953653106690162,FAR,FAR,0.0,1,,,0.03,0
C2_n0.03_d000_r01,C2,202633,1.0,1.0,0.0,0.6,0.6031308819262621,0.5973067034833277,FAR,FAR,0.0,1,,,0.03,0
C2_n0.03_d000_r01,C2,202633,1.02,1.02,0.0,0.6,0.604302934715973,0.5990557612914891,FAR,FAR,0.0,1,,,0.03,0
C2_n0.03_d000_r01,C2,202633,1.04,1.04,0.0,0.6,0.5861546412565036,0.5958304812827427,FAR,FAR,0.0,1,,,0.03,0
C2_n0.03_d000_r01,C2,202633,1.06,1.06,0.0,0.6,0.5748940589498426,0.5905963756995176,FAR,FAR,0.0,1,,,0.03,0
C2_n0.03_d000_r01,C2,202633,1.08,1.08,0.0,0.6,0.6149052190876356,0.5966735865465471,FAR,FAR,0.0,1,,,0.03,0
C2_n0.03_d000_r01,C2,202633,1.1,1.1,0.0,0.6,0.6084230873287254,0.5996109617420917,FAR,FAR,0.0,1,,,0.03,0
C2_n0.03_d000_r01,C2,202633,1.12,1.12,0.0,0.6,0.5969752886906388,0.5989520434792285,FAR,FAR,0.0,1,,,0.03,0
C2_n0.03_d000_r01,C2,202633,1.14,1.14,0.0,0.6,0.6089921492423858,0.6014620699200178,FAR,FAR,0.0,1,,,0.03,0
C2_n0.03_d000_r01,C2,202633,1.16,1.16,0.0,0.6,0.5884579255964273,0.5982110338391202,FAR,FAR,0.0,1,,,0.03,0
C2_n0.03_d000_r01,C2,202633,1.18,1.18,0.0,0.6,0.6200415545936626,0.6036686640277558,FAR,FAR,0.0,1,,,0.03,0
C2_n0.03_d000_r01,C2,202633,1.2,1.2,0.0,0.6,0.5818072365181363,0.5982033071503509,FAR,FAR,0.0,1,,,0.03,0
C2_n0.03_d000_r01,C2,202633,1.22,1.22,0.0,0.6,0.6605600592470388,0.6137924951745228,FAR,FAR,0.0,1,,,0.03,0
C2_n0.03_d000_r01,C2,202633,1.24,1.24,0.0,0.6,0.6021330645607385,0.6108776375210767,FAR,FAR,0.0,1,,,0.03,0
C2_n0.03_d000_r01,C2,202633,1.26,1.26,0.0,0.6,0.6153274815793556,0.6119900985356465,FAR,FAR,0.0,1,,,0.03,0
C2_n0.03_d000_r01,C2,202633,1.28,1.28,0.0,0.6,0.5689137468782614,0.6012210106213002,FAR,FAR,0.0,1,,,0.03,0
C2_n0.03_d000_r01,C2,202633,1.3,1.3,0.0,0.6,0.505828105422844,0.5773727843216861,FAR,FAR,0.0,1,,,0.03,0
C2_n0.03_d000_r01,C2,202633,1.32,1.32,0.0,0.6,0.6110743408967766,0.5857981734654587,FAR,FAR,0.0,1,,,0.03,0
C2_n0.03_d000_r01,C2,202633,1.34,1.34,0.0,0.6,0.6106502883312342,0.5920112021819026,FAR,FAR,0.0,1,,,0.03,0
C2_n0.03_d000_r01,C2,202633,1.36,1.36,0.0,0.6,0.5607105493566615,0.5841860389755924,FAR,FAR,0.0,1,,,0.03,0
C2_n0.03_d000_r01,C2,202633,1.38,1.38,0.0,0.6,0.5845699131685043,0.5842820075238204,FAR,FAR,0.0,1,,,0.03,0
C2_n0.03_d000_r01,C2,202633,1.4,1.4,0.0,0.6,0.6356524098701357,0.5971246081103992,FAR,FAR,0.0,1,,,0.03,0
C2_n0.03_d000_r01,C2,202633,1.42,1.42,0.0,0.6,0.6230661737259671,0.6036099995142912,FAR,FAR,0.0,1,,,0.03,0
C2_n0.03_d000_r01,C2,202633,1.44,1.44,0.0,0.6,0.5856927144988072,0.5991306782604202,FAR,FAR,0.0,1,,,0.03,0
C2_n0.03_d000_r01,C2,202633,1.46,1.46,0.0,0.6,0.6387319758453976,0.6090310026566645,FAR,FAR,0.0,1,,,0.03,0
C2_n0.03_d000_r01,C2,202633,1.48,1.48,0.0,0.6,0.6600840597080813,0.6217942669195187,FAR,FAR,0.0,1,,,0.03,0
C2_n0.03_d000_r01,C2,202633,1.5,1.5,0.0,0.6,0.6274214725734245,0.6232010683329952,FAR,FAR,0.0,1,,,0.03,0
C2_n0.03_d000_r01,C2,202633,1.52,1.52,0.0,0.6,0.6373967835385334,0.6267499971343797,FAR,FAR,0.0,1,,,0.03,0
C2_n0.03_d000_r01,C2,202633,1.54,1.54,0.0,0.6,0.639672367688128,0.6299805897728168,FAR,FAR,0.0,1,,,0.03,0
C2_n0.03_d000_r01,C2,202633,1.56,1.56,0.0,0.6,0.6102884591862884,0.6250575571261847,FAR,FAR,0.0,1,,,0.03,0
C2_n0.03_d000_r01,C2,202633,1.58,1.58,0.0,0.6,0.5685707750640572,0.6109358616106528,FAR,FAR,0.0,1,,,0.03,0
C2_n0.03_d000_r01,C2,202633,1.6,1.6,0.0,0.6,0.6161314255342464,0.6122347525915512,FAR,FAR,0.0,1,,,0.03,0
C2_n0.03_d000_r01,C2,202633,1.62,1.62,0.0,0.6,0.5522025357670745,0.5972266983854321,FAR,FAR,0.0,1,,,0.03,0
C2_n0.03_d000_r01,C2,202633,1.64,1.64,0.0,0.6,0.5636647643476885,0.5888362148759961,FAR,FAR,0.0,1,,,0.03,0
C2_n0.03_d000_r01,C2,202633,1.66,1.66,0.0,0.6,0.5754212196987755,0.585482466081691,FAR,FAR,0.0,1,,,0.03,0
C2_n0.03_d000_r01,C2,202633,1.68,1.68,0.0,0.6,0.5396875250317159,0.5740337308191972,FAR,FAR,0.0,1,,,0.03,0
C2_n0.03_d000_r01,C2,202633,1.7,1.7,0.0,0.6,0.5840444495533795,0.5765364105027427,FAR,FAR,0.0,1,,,0.03,0
C2_n0.03_d000_r01,C2,202633,1.72,1.72,0.0,0.6,0.6347441019323397,0.591088333360142,FAR,FAR,0.0,1,,,0.03,0
C2_n0.03_d000_r01,C2,202633,1.74,1.74,0.0,0.6,0.585424744147151,0.5896724360568942,FAR,FAR,0.0,1,,,0.03,0
C2_n0.03_d000_r01,C2,202633,1.76,1.76,0.0,0.6,0.5942551932084114,0.5908181253447735,FAR,FAR,0.0,1,,,0.03,0
C2_n0.03_d000_r01,C2,202633,1.78,1.78,0.0,0.6,0.6391938459436934,0.6029120554945036,FAR,FAR,0.0,1,,,0.03,0
C2_n0.03_d000_r01,C2,202633,1.8,1.8,0.0,0.6,0.6357755434737391,0.6111279274893124,FAR,FAR,0.0,1,,,0.03,0
C2_n0.03_d000_r01,C2,202633,1.82,1.82,0.0,0.6,0.6058836941299799,0.6098168691494793,FAR,FAR,0.0,1,,,0.03,0
C2_n0.03_d000_r01,C2,202633,1.84,1.84,0.0,0.6,0.5879317531351259,0.604345590145891,FAR,FAR,0.0,1,,,0.03,0
C2_n0.03_d000_r01,C2,202633,1.86,1.86,0.0,0.6,0.6084296128924929,0.6053665958325414,FAR,FAR,0.0,1,,,0.03,0
C2_n0.03_d000_r01,C2,202633,1.88,1.88,0.0,0.6,0.5763915109488962,0.5981228246116301,FAR,FAR,0.0,1,,,0.03,0
C2_n0.03_d000_r01,C2,202633,1.9,1.9,0.0,0.6,0.6670925489013628,0.6153652556840633,FAR,FAR,0.0,1,,,0.03,0
C2_n0.03_d000_r01,C2,202633,1.92,1.92,0.0,0.6,0.6082705664962171,0.6135915833871017,FAR,FAR,0.0,1,,,0.03,0
C2_n0.03_d000_r01,C2,202633,1.94,1.94,0.0,0.6,0.5770717284204055,0.6044616196454277,FAR,FAR,0.0,1,,,0.03,0
C2_n0.03_d000_r01,C2,202633,1.96,1.96,0.0,0.6,0.6055398929654586,0.6047311879754355,FAR,FAR,0.0,1,,,0.03,0
C2_n0.03_d000_r01,C2,202633,1.98,1.98,0.0,0.6,0.5989882288819175,0.603295448202056,FAR,FAR,0.0,1,,,0.03,0
C2_n0.03_d000_r01,C2,202633,2.0,2.0,0.0,0.6,0.5658593419393515,0.5939364216363799,FAR,FAR,0.0,1,,,0.03,0
C2_n0.03_d000_r01,C2,202633,2.02,2.02,0.0,0.6,0.600406697049133,0.5955539904895683,FAR,FAR,0.0,1,,,0.03,0
C2_n0.03_d000_r01,C2,202633,2.04,2.04,0.0,0.6,0.603614027977543,0.5975689998615619,FAR,FAR,0.0,1,,,0.03,0
C2_n0.03_d000_r01,C2,202633,2.06,2.06,0.0,0.6,0.6410197936776155,0.6084316983155753,FAR,FAR,0.0,1,,,0.03,0
C2_n0.03_d000_r01,C2,202633,2.08,2.08,0.0,0.6,0.5596845992112531,0.5962449235394948,FAR,FAR,0.0,1,,,0.03,0
C2_n0.03_d000_r01,C2,202633,2.1,2.1,0.0,0.6,0.6029261883537522,0.5979152397430592,FAR,FAR,0.0,1,,,0.03,0
C2_n0.03_d000_r01,C2,202633,2.12,2.12,0.0,0.6,0.5909324864804422,0.5961695514274049,FAR,FAR,0.0,1,,,0.03,0
C2_n0.03_d000_r01,C2,202633,2.14,2.14,0.0,0.6,0.5965522166109009,0.5962652177232789,FAR,FAR,0.0,1,,,0.03,0
C2_n0.03_d000_r01,C2,202633,2.16,2.16,0.0,0.6,0.6103596858199699,0.5997888347474517,FAR,FAR,0.0,1,,,0.03,0
C2_n0.03_d000_r01,C2,202633,2.18,2.18,0.0,0.6,0.6197856959590873,0.6047880500503606,FAR,FAR,0.0,1,,,0.03,0
C2_n0.03_d000_r01,C2,202633,2.2,2.2,0.0,0.6,0.6174162984643554,0.6079451121538593,FAR,FAR,0.0,1,,,0.03,0
C2_n0.03_d000_r01,C2,202633,2.22,2.22,0.0,0.6,0.6306140698307516,0.6136123515730824,FAR,FAR,0.0,1,,,0.03,0
C2_n0.03_d000_r01,C2,202633,2.24,2.24,0.0,0.6,0.5824268556727554,0.6058159775980005,FAR,FAR,0.0,1,,,0.03,0
C2_n0.03_d000_r01,C2,202633,2.26,2.26,0.0,0.6,0.6016901296468643,0.6047845156102165,FAR,FAR,0.0,1,,,0.03,0
C2_n0.03_d000_r01,C2,202633,2.28,2.28,0.0,0.6,0.5961131487521014,0.6026166738956877,FAR,FAR,0.0,1,,,0.03,0
C2_n0.03_d000_r01,C2,202633,2.3,2.3,0.0,0.6,0.5959415478293467,0.6009478923791025,FAR,FAR,0.0,1,,,0.03,0
C2_n0.03_d000_r01,C2,202633,2.32,2.32,0.0,0.6,0.5764511426636346,0.5948237049502355,FAR,FAR,0.0,1,,,0.03,0
C2_n0.03_d000_r01,C2,202633,2.34,2.34,0.0,0.6,0.5873374305731397,0.5929521363559616,FAR,FAR,0.0,1,,,0.03,0
C2_n0.03_d000_r01,C2,202633,2.36,2.36,0.0,0.6,0.6247402389526965,0.6008991620051453,FAR,FAR,0.0,1,,,0.03,0
C2_n0.03_d000_r01,C2,202633,2.38,2.38,0.0,0.6,0.6103205676228911,0.6032545134095817,FAR,FAR,0.0,1,,,0.03,0
C2_n0.03_d000_r01,C2,202633,2.4,2.4,0.0,0.6,0.6615915218184185,0.617838765511791,FAR,FAR,0.0,1,,,0.03,0
C2_n0.03_d000_r01,C2,202633,2.42,2.42,0.0,0.6,0.6367895136064757,0.6225764525354621,FAR,FAR,0.0,1,,,0.03,0
C2_n0.03_d000_r01,C2,202633,2.44,2.44,0.0,0.6,0.5676110482137721,0.6088351014550396,FAR,FAR,0.0,1,,,0.03,0
C2_n0.03_d000_r01,C2,202633,2.46,2.46,0.0,0.6,0.5702899496669427,0.5991988135080154,FAR,FAR,0.0,1,,,0.03,0
C2_n0.03_d000_r01,C2,202633,2.48,2.48,0.0,0.6,0.5585725665762218,0.589042251775067,FAR,FAR,0.0,1,,,0.03,0
C2_n0.03_d000_r01,C2,202633,2.5,2.5,0.0,0.6,0.5835393506082425,0.5876665264833608,FAR,FAR,0.0,1,,,0.03,0
C2_n0.03_d000_r01,C2,202633,2.52,2.52,0.0,0.6,0.5832767297824486,0.5865690773081327,FAR,FAR,0.0,1,,,0.03,0
C2_n0.03_d000_r01,C2,202633,2.54,2.54,0.0,0.6,0.6203516272644389,0.5950147147972092,FAR,FAR,0.0,1,,,0.03,0
C2_n0.03_d000_r01,C2,202633,2.56,2.56,0.0,0.6,0.5879657869104933,0.5932524828255302,FAR,FAR,0.0,1,,,0.03,0
C2_n0.03_d000_r01,C2,202633,2.58,2.58,0.0,0.6,0.6321102279721881,0.6029669191121947,FAR,FAR,0.0,1,,,0.03,0
C2_n0.03_d000_r01,C2,202633,2.6,2.6,0.0,0.6,0.5824505237830704,0.5978378202799136,FAR,FAR,0.0,1,,,0.03,0
C2_n0.03_d000_r01,C2,202633,2.62,2.62,0.0,0.6,0.6255071322373829,0.604755148269281,FAR,FAR,0.0,1,,,0.03,0
C2_n0.03_d000_r01,C2,202633,2.64,2.64,0.0,0.6,0.6039022424050912,0.6045419218032335,FAR,FAR,0.0,1,,,0.03,0
C2_n0.03_d000_r01,C2,202633,2.66,2.66,0.0,0.6,0.62337309683032,0.6092497155600052,FAR,FAR,0.0,1,,,0.03,0
C2_n0.03_d000_r01,C2,202633,2.68,2.68,0.0,0.6,0.5504191371191027,0.5945420709497795,FAR,FAR,0.0,1,,,0.03,0
C2_n0.03_d000_r01,C2,202633,2.7,2.7,0.0,0.6,0.611150489261381,0.5986941755276799,FAR,FAR,0.0,1,,,0.03,0
C2_n0.03_d000_r01,C2,202633,2.72,2.72,0.0,0.6,0.6256943881740541,0.6054442286892734,FAR,FAR,0.0,1,,,0.03,0
C2_n0.03_d000_r01,C2,202633,2.74,2.74,0.0,0.6,0.6355698901605862,0.6129756440571016,FAR,FAR,0.0,1,,,0.03,0
C2_n0.03_d000_r01,C2,202633,2.76,2.76,0.0,0.6,0.5582921408359838,0.5993047682518222,FAR,FAR,0.0,1,,,0.03,0
C2_n0.03_d000_r01,C2,202633,2.78,2.78,0.0,0.6,0.6232116231159592,0.6052814819678565,FAR,FAR,0.0,1,,,0.03,0
C2_n0.03_d000_r01,C2,202633,2.8,2.8,0.0,0.6,0.6010843065647304,0.6042321881170749,FAR,FAR,0.0,1,,,0.03,0
C2_n0.03_d000_r01,C2,202633,2.82,2.82,0.0,0.6,0.6043659648445142,0.6042656322989347,FAR,FAR,0.0,1,,,0.03,0
C2_n0.03_d000_r01,C2,202633,2.84,2.84,0.0,0.6,0.5663932625926631,0.5947975398723668,FAR,FAR,0.0,1,,,0.03,0
C2_n0.03_d000_r01,C2,202633,2.86,2.86,0.0,0.6,0.5767048059652028,0.5902743563955758,FAR,FAR,0.0,1,,,0.03,0
C2_n0.03_d000_r01,C2,202633,2.88,2.88,0.0,0.6,0.5556959589012457,0.5816297570219933,FAR,FAR,0.0,1,,,0.03,0
C2_n0.03_d000_r01,C2,202633,2.9,2.9,0.0,0.6,0.5866411263100579,0.5828825993440094,FAR,FAR,0.0,1,,,0.03,0
C2_n0.03_d000_r01,C2,202633,2.92,2.92,0.0,0.6,0.6544796147891785,0.6007818532053018,FAR,FAR,0.0,1,,,0.03,0
C2_n0.03_d000_r01,C2,202633,2.94,2.94,0.0,0.6,0.5694843456067841,0.5929574763056723,FAR,FAR,0.0,1,,,0.03,0
C2_n0.03_d000_r01,C2,202633,2.96,2.96,0.0,0.6,0.6094873326291805,0.5970899403865493,FAR,FAR,0.0,1,,,0.03,0
C2_n0.03_d000_r01,C2,202633,2.98,2.98,0.0,0.6,0.6066356882654517,0.5994763773562749,FAR,FAR,0.0,1,,,0.03,0
C2_n0.03_d000_r01,C2,202633,3.0,3.0,0.0,0.6,0.571709993767833,0.5925347814591645,FAR,FAR,0.0,1,,,0.03,0
C2_n0.03_d000_r01,C2,202633,3.02,3.02,0.0,0.6,0.6142349526024004,0.5979598242449734,FAR,FAR,0.0,1,,,0.03,0
C2_n0.03_d000_r01,C2,202633,3.04,3.04,0.0,0.6,0.5629023684157455,0.5891954602876663,FAR,FAR,0.0,1,,,0.03,0
C2_n0.03_d000_r01,C2,202633,3.06,3.06,0.0,0.6,0.5474728294571394,0.5787648025800346,FAR,FAR,0.0,1,,,0.03,0
C2_n0.03_d000_r01,C2,202633,3.08,3.08,0.0,0.6,0.6101676141816884,0.586615505480448,FAR,FAR,0.0,1,,,0.03,0
C2_n0.03_d000_r01,C2,202633,3.1,3.1,0.0,0.6,0.5526475065763072,0.5781235057544128,FAR,FAR,0.0,1,,,0.03,0
C2_n0.03_d000_r01,C2,202633,3.12,3.12,0.0,0.6,0.6180418731302425,0.5881030975983703,FAR,FAR,0.0,1,,,0.03,0
C2_n0.03_d000_r01,C2,202633,3.14,3.14,0.0,0.6,0.6410803441324794,0.6013474092318976,FAR,FAR,0.0,1,,,0.03,0
C2_n0.03_d000_r01,C2,202633,3.16,3.16,0.0,0.6,0.5946212298666791,0.599665864390593,FAR,FAR,0.0,1,,,0.03,0
C2_n0.03_d000_r01,C2,202633,3.18,3.18,0.0,0.6,0.5874462922861473,0.5966109713644816,FAR,FAR,0.0,1,,,0.03,0
C2_n0.03_d000_r01,C2,202633,3.2,3.2,0.0,0.6,0.6131713828073438,0.6007510742251971,FAR,FAR,0.0,1,,,0.03,0
C2_n0.03_d000_r01,C2,202633,3.22,3.22,0.0,0.6,0.5836695701753962,0.5964806982127469,FAR,FAR,0.0,1,,,0.03,0
C2_n0.03_d000_r01,C2,202633,3.24,3.24,0.0,0.6,0.605249117636062,0.5986728030685756,FAR,FAR,0.0,1,,,0.03,0
C2_n0.03_d000_r01,C2,202633,3.26,3.26,0.0,0.6,0.6210832596667721,0.6042754172181247,FAR,FAR,0.0,1,,,0.03,0
C2_n0.03_d000_r01,C2,202633,3.28,3.28,0.0,0.6,0.6128869984728941,0.6064283125318171,FAR,FAR,0.0,1,,,0.03,0
C2_n0.03_d000_r01,C2,202633,3.3,3.3,0.0,0.6,0.5701431416748494,0.5973570198175752,FAR,FAR,0.0,1,,,0.03,0
C2_n0.03_d000_r01,C2,202633,3.32,3.32,0.0,0.6,0.5982873205684162,0.5975895950052854,FAR,FAR,0.0,1,,,0.03,0
C2_n0.03_d000_r01,C2,202633,3.34,3.34,0.0,0.6,0.5484056317932839,0.585293604202285,FAR,FAR,0.0,1,,,0.03,0
C2_n0.03_d000_r01,C2,202633,3.36,3.36,0.0,0.6,0.5973198916796002,0.5883001760716138,FAR,FAR,0.0,1,,,0.03,0
C2_n0.03_d000_r01,C2,202633,3.38,3.38,0.0,0.6,0.5862728380916268,0.587793341576617,FAR,FAR,0.0,1,,,0.03,0
C2_n0.03_d000_r01,C2,202633,3.4,3.4,0.0,0.6,0.6007329635677485,0.5910282470743999,FAR,FAR,0.0,1,,,0.03,0
C2_n0.03_d000_r01,C2,202633,3.42,3.42,0.0,0.6,0.6457593199383267,0.6047110152903816,FAR,FAR,0.0,1,,,0.03,0
C2_n0.03_d000_r01,C2,202633,3.44,3.44,0.0,0.6,0.6008233273694963,0.6037390933101603,FAR,FAR,0.0,1,,,0.03,0
C2_n0.03_d000_r01,C2,202633,3.46,3.46,0.0,0.6,0.6193324919294514,0.6076374429649831,FAR,FAR,0.0,1,,,0.03,0
C2_n0.03_d000_r01,C2,202633,3.48,3.48,0.0,0.6,0.6183913798076216,0.6103259271756427,FAR,FAR,0.0,1,,,0.03,0
C2_n0.03_d000_r01,C2,202633,3.5,3.5,0.0,0.6,0.5727436867923089,0.6009303670798093,FAR,FAR,0.0,1,,,0.03,0
C2_n0.03_d000_r01,C2,202633,3.52,3.52,0.0,0.6,0.5908483726627358,0.598409868475541,FAR,FAR,0.0,1,,,0.03,0
C2_n0.03_d000_r01,C2,202633,3.54,3.54,0.0,0.6,0.5861553388879025,0.5953462360786314,FAR,FAR,0.0,1,,,0.03,0
C2_n0.03_d000_r01,C2,202633,3.56,3.56,0.0,0.6,0.6042971355175292,0.5975839609383558,FAR,FAR,0.0,1,,,0.03,0
C2_n0.03_d000_r01,C2,202633,3.58,3.58,0.0,0.6,0.5996968297589207,0.598112178143497,FAR,FAR,0.0,1,,,0.03,0
C2_n0.03_d000_r01,C2,202633,3.6,3.6,0.0,0.6,0.602622125514596,0.5992396649862718,FAR,FAR,0.0,1,,,0.03,0
C2_n0.03_d000_r01,C2,202633,3.62,3.62,0.0,0.6,0.556749502046241,0.5886171242512641,FAR,FAR,0.0,1,,,0.03,0
C2_n0.03_d000_r01,C2,202633,3.64,3.64,0.0,0.6,0.6328567118977985,0.5996770211628977,FAR,FAR,0.0,1,,,0.03,0
C2_n0.03_d000_r01,C2,202633,3.66,3.66,0.0,0.6,0.6365132248885208,0.6088860720943035,FAR,FAR,0.0,1,,,0.03,0
C2_n0.03_d000_r01,C2,202633,3.68,3.68,0.0,0.6,0.6350569355907995,0.6154287879684275,FAR,FAR,0.0,1,,,0.03,0
C2_n0.03_d000_r01,C2,202633,3.7,3.7,0.0,0.6,0.5959418865427475,0.6105570626120075,FAR,FAR,0.0,1,,,0.03,0
C2_n0.03_d000_r01,C2,202633,3.72,3.72,0.0,0.6,0.6017765659601804,0.6083619384490506,FAR,FAR,0.0,1,,,0.03,0
C2_n0.03_d000_r01,C2,202633,3.74,3.74,0.0,0.6,0.5903580735548171,0.6038609722254922,FAR,FAR,0.0,1,,,0.03,0
C2_n0.03_d000_r01,C2,202633,3.76,3.76,0.0,0.6,0.6319897972249862,0.6108931784753657,FAR,FAR,0.0,1,,,0.03,0
C2_n0.03_d000_r01,C2,202633,3.78,3.78,0.0,0.6,0.6338979465093877,0.6166443704838712,FAR,FAR,0.0,1,,,0.03,0
C2_n0.03_d000_r01,C2,202633,3.8,3.8,0.0,0.6,0.6137791564249226,0.615928066969134,FAR,FAR,0.0,1,,,0.03,0
C2_n0.03_d000_r01,C2,202633,3.82,3.82,0.0,0.6,0.6171811669993064,0.6162413419766771,FAR,FAR,0.0,1,,,0.03,0
C2_n0.03_d000_r01,C2,202633,3.84,3.84,0.0,0.6,0.6145825519066875,0.6158266444591797,FAR,FAR,0.0,1,,,0.03,0
C2_n0.03_d000_r01,C2,202633,3.86,3.86,0.0,0.6,0.6024206896006177,0.6124751557445391,FAR,FAR,0.0,1,,,0.03,0
C2_n0.03_d000_r01,C2,202633,3.88,3.88,0.0,0.6,0.5726314800502483,0.6025142368209664,FAR,FAR,0.0,1,,,0.03,0
C2_n0.03_d000_r01,C2,202633,3.9,3.9,0.0,0.6,0.6074880673514061,0.6037576944535763,FAR,FAR,0.0,1,,,0.03,0
C2_n0.03_d000_r01,C2,202633,3.92,3.92,0.0,0.6,0.5737883844572217,0.5962653669544876,FAR,FAR,0.0,1,,,0.03,0
C2_n0.03_d000_r01,C2,202633,3.94,3.94,0.0,0.6,0.5727807377531977,0.5903942096541652,FAR,FAR,0.0,1,,,0.03,0
C2_n0.03_d000_r01,C2,202633,3.96,3.96,0.0,0.6,0.6089837364736755,0.5950415913590428,FAR,FAR,0.0,1,,,0.03,0
C2_n0.03_d000_r01,C2,202633,3.98,3.98,0.0,0.6,0.6011699003467449,0.5965736686059683,FAR,FAR,0.0,1,,,0.03,0
C2_n0.03_d000_r01,C2,202633,4.0,4.0,0.0,0.6,0.6120421518078143,0.6004407894064299,FAR,FAR,0.0,1,,,0.03,0
C2_n0.03_d000_r01,C2,202633,4.02,4.02,0.0,0.5982500000000001,0.6330108998254974,0.6085833170111967,FAR,FAR,0.0,1,,,0.03,0
C2_n0.03_d000_r01,C2,202633,4.04,4.04,0.0,0.5965,0.5655308486575569,0.5978201999227868,FAR,FAR,0.0,1,,,0.03,0
C2_n0.03_d000_r01,C2,202633,4.06,4.06,0.0,0.59475,0.5331547081023668,0.5816538269676818,FAR,FAR,0.0,1,,,0.03,0
C2_n0.03_d000_r01,C2,202633,4.08,4.08,0.0,0.593,0.6493546417541121,0.5985790306642893,FAR,FAR,0.0,1,,,0.03,0
C2_n0.03_d000_r01,C2,202633,4.1,4.1,0.0,0.59125,0.5430874833059782,0.5847061438247115,FAR,FAR,0.0,1,,,0.03,0
C2_n0.03_d000_r01,C2,202633,4.12,4.12,0.0,0.5894999999999999,0.538624061788563,0.5731856233156745,FAR,FAR,0.0,1,,,0.03,0
C2_n0.03_d000_r01,C2,202633,4.14,4.14,0.0,0.58775,0.5525172906771959,0.5680185401560548,FAR,FAR,0.0,1,,,0.03,0
C2_n0.03_d000_r01,C2,202633,4.16,4.16,0.0,0.586,0.530133499787254,0.5585472800638546,FAR,FAR,0.0,1,,,0.03,0
C2_n0.03_d000_r01,C2,202633,4.18,4.18,0.0,0.58425,0.6071429099236968,0.5706961875288151,FAR,FAR,0.0,1,,,0.03,0
C2_n0.03_d000_r01,C2,202633,4.2,4.2,0.0,0.5825,0.5644626323573815,0.5691377987359567,FAR,FAR,0.0,1,,,0.03,0
C2_n0.03_d000_r01,C2,202633,4.22,4.22,0.0,0.58075,0.5955155993638666,0.5757322488929342,FAR,FAR,0.0,1,,,0.03,0
C2_n0.03_d000_r01,C2,202633,4.24,4.24,0.0,0.579,0.6224674059054749,0.5874160381460694,FAR,FAR,0.0,1,,,0.03,0
C2_n0.03_d000_r01,C2,202633,4.26,4.26,0.0,0.57725,0.565546217151332,0.581948582897385,FAR,FAR,0.0,1,,,0.03,0
C2_n0.03_d000_r01,C2,202633,4.28,4.28,0.0,0.5754999999999999,0.5419376383330218,0.5719458467562942,FAR,FAR,0.0,1,,,0.03,0
C2_n0.03_d000_r01,C2,202633,4.3,4.3,0.0,0.57375,0.5862217428773533,0.575514820786559,FAR,FAR,0.0,1,,,0.03,0
C2_n0.03_d000_r01,C2,202633,4.32,4.32,0.0,0.572,0.5773955316849312,0.575984998511152,FAR,FAR,0.0,1,,,0.03,0
C2_n0.03_d000_r01,C2,202633,4.34,4.34,0.0,0.57025,0.586577830746179,0.5786332065699088,FAR,FAR,0.0,1,,,0.03,0
C2_n0.03_d000_r01,C2,202633,4.36,4.36,0.0,0.5685,0.6063756708615949,0.5855688226428304,FAR,FAR,0.0,1,,,0.03,0
C2_n0.03_d000_r01,C2,202633,4.38,4.38,0.0,0.56675,0.5317986301299629,0.5721262745146135,FAR,FAR,0.0,1,,,0.03,0
C2_n0.03_d000_r01,C2,202633,4.4,4.4,0.0,0.565,0.5798489237241836,0.574056936817006,FAR,FAR,0.0,1,,,0.03,0
C2_n0.03_d000_r01,C2,202633,4.42,4.42,0.0,0.56325,0.5801370343122805,0.5755769611908246,FAR,FAR,0.0,1,,,0.03,0
C2_n0.03_d000_r01,C2,202633,4.44,4.44,0.0,0.5614999999999999,0.5733703095365321,0.5750252982772515,FAR,FAR,0.0,1,,,0.03,0
C2_n0.03_d000_r01,C2,202633,4.46,4.46,0.0,0.55975,0.48418100199703595,0.5523142242071976,FAR,FAR,0.0,1,,,0.03,0
C2_n0.03_d000_r01,C2,202633,4.48,4.48,0.0,0.5579999999999999,0.5143864301831097,0.5428322757011755,FAR,FAR,0.0,1,,,0.03,0
C2_n0.03_d000_r01,C2,202633,4.5,4.5,0.0,0.55625,0.5620707901460991,0.5476419043124064,FAR,FAR,0.0,1,,,0.03,0
C2_n0.03_d000_r01,C2,202633,4.52,4.52,0.0,0.5545,0.5446122134866196,0.5468844816059597,FAR,FAR,0.0,1,,,0.03,0
C2_n0.03_d000_r01,C2,202633,4.54,4.54,0.0,0.55275,0.55261068533158,0.5483160325373648,FAR,FAR,0.0,1,,,0.03,0
C2_n0.03_d000_r01,C2,202633,4.56,4.56,0.0,0.551,0.5706691982482046,0.5539043239650747,FAR,FAR,0.0,1,,,0.03,0
C2_n0.03_d000_r01,C2,202633,4.58,4.58,0.0,0.54925,0.5543081175706845,0.5540052723664772,FAR,FAR,0.0,1,,,0.03,0
C2_n0.03_d000_r01,C2,202633,4.6,4.6,0.0,0.5475,0.5283293899467404,0.547586301761543,FAR,FAR,0.0,1,,,0.03,0
C2_n0.03_d000_r01,C2,202633,4.62,4.62,0.0,0.54575,0.5113326570961111,0.538522890595185,FAR,FAR,0.0,1,,,0.03,0
C2_n0.03_d000_r01,C2,202633,4.64,4.64,0.0,0.544,0.5031678884453715,0.5296841400577316,FAR,FAR,0.0,1,,,0.03,0
C2_n0.03_d000_r01,C2,202633,4.66,4.66,0.0,0.54225,0.5032999081167961,0.5230880820724977,FAR,FAR,0.0,1,,,0.03,0
C2_n0.03_d000_r01,C2,202633,4.68,4.68,0.0,0.5405,0.5303389333245186,0.5249007948855029,FAR,FAR,0.0,1,,,0.03,0
C2_n0.03_d000_r01,C2,202633,4.7,4.7,0.0,0.53875,0.5885992191547209,0.5408254009528074,FAR,FAR,0.0,1,,,0.03,0
C2_n0.03_d000_r01,C2,202633,4.72,4.72,0.0,0.537,0.4938171352240446,0.5290733345206167,FAR,FAR,0.0,1,,,0.03,0
C2_n0.03_d000_r01,C2,202633,4.74,4.74,0.0,0.53525,0.5465582859917093,0.5334445723883898,FAR,FAR,0.0,1,,,0.03,0
C2_n0.03_d000_r01,C2,202633,4.76,4.76,0.0,0.5335,0.4991958710186134,0.5248823970459457,FAR,FAR,0.0,1,,,0.03,0
C2_n0.03_d000_r01,C2,202633,4.78,4.78,0.0,0.53175,0.5703196796075011,0.5362417176863346,FAR,FAR,0.0,1,,,0.03,0
C2_n0.03_d000_r01,C2,202633,4.8,4.8,0.0,0.53,0.5310460136479414,0.5349427916767362,FAR,FAR,0.0,1,,,0.03,0
C2_n0.03_d000_r01,C2,202633,4.82,4.82,0.0,0.52825,0.5176762907469572,0.5306261664442915,FAR,FAR,0.0,1,,,0.03,0
C2_n0.03_d000_r01,C2,202633,4.84,4.84,0.0,0.5265,0.515437055390834,0.5268288886809271,FAR,FAR,0.0,1,,,0.03,0
C2_n0.03_d000_r01,C2,202633,4.86,4.86,0.0,0.5247499999999999,0.512302632221783,0.5231973245661411,FAR,FAR,0.0,1,,,0.03,0
C2_n0.03_d000_r01,C2,202633,4.88,4.88,0.0,0.523,0.5241374517973614,0.5234323563739461,FAR,FAR,0.0,1,,,0.03,0
C2_n0.03_d000_r01,C2,202633,4.9,4.9,0.0,0.52125,0.45623700591484845,0.5066335187591717,FAR,FAR,0.0,1,,,0.03,0
C2_n0.03_d000_r01,C2,202633,4.92,4.92,0.0,0.5195,0.43711598579202016,0.48925413551738384,FAR,FAR,0.0,1,,,0.03,0
C2_n0.03_d000_r01,C2,202633,4.94,4.94,0.0,0.5177499999999999,0.5307213710747294,0.4996209444067202,FAR,FAR,0.0,1,,,0.03,0
C2_n0.03_d000_r01,C2,202633,4.96,4.96,0.0,0.516,0.5094157518685305,0.5020696462721728,FAR,FAR,0.0,1,,,0.03,0
C2_n0.03_d000_r01,C2,202633,4.98,4.98,0.0,0.51425,0.4865896290867654,0.4981996419758209,FAR,FAR,0.0,1,,,0.03,0
C2_n0.03_d000_r01,C2,202633,5.0,5.0,0.0,0.5125,0.513219605789871,0.5019546329293334,FAR,FAR,0.0,1,,,0.03,0
C2_n0.03_d000_r01,C2,202633,5.02,5.02,0.0,0.51075,0.4661772727200227,0.4930102928770057,FAR,FAR,0.0,1,,,0.03,0
C2_n0.03_d000_r01,C2,202633,5.04,5.04,0.0,0.509,0.5514818116878292,0.5076281725797116,FAR,FAR,0.0,1,,,0.03,0
C2_n0.03_d000_r01,C2,202633,5.06,5.06,0.0,0.50725,0.5011381762874545,0.5060056735066474,FAR,FAR,0.0,1,,,0.03,0
C2_n0.03_d000_r01,C2,202633,5.08,5.08,0.0,0.5055,0.4468917715512595,0.4912271980178004,FAR,FAR,0.0,1,,,0.03,0
C2_n0.03_d000_r01,C2,202633,5.1,5.1,0.0,0.50375,0.5068201253494995,0.49512542985072516,FAR,FAR,0.0,1,,,0.03,0
C2_n0.03_d000_r01,C2,202633,5.12,5.12,0.0,0.502,0.4978720501920042,0.49581208493604495,FAR,FAR,0.0,1,,,0.03,0
C2_n0.03_d000_r01,C2,202633,5.14,5.14,0.0,0.50025,0.5062263966257121,0.4984156628584617,FAR,FAR,0.0,1,,,0.03,0
C2_n0.03_d000_r01,C2,202633,5.16,5.16,0.0,0.49849999999999994,0.5217349505135047,0.5042454847722224,FAR,FAR,0.0,1,,,0.03,0
C2_n0.03_d000_r01,C2,202633,5.18,5.18,0.0,0.49675,0.49788881311662764,0.5026563168583237,FAR,FAR,0.0,1,,,0.03,0
C2_n0.03_d000_r01,C2,202633,5.2,5.2,0.0,0.495,0.4703054592848214,0.49456860246494816,FAR,FAR,0.0,1,,,0.03,0
C2_n0.03_d000_r01,C2,202633,5.22,5.22,0.0,0.49325,0.46064117792225356,0.4860867463292745,FAR,FAR,0.0,1,,,0.03,0
C2_n0.03_d000_r01,C2,202633,5.24,5.24,0.0,0.49149999999999994,0.4940084348606118,0.4880671684621088,FAR,FAR,0.0,1,,,0.03,0
C2_n0.03_d000_r01,C2,202633,5.26,5.26,0.0,0.48975,0.46481067192187614,0.48225304432705063,FAR,FAR,0.0,1,,,0.03,0
C2_n0.03_d000_r01,C2,202633,5.28,5.28,0.0,0.488,0.48358758531059765,0.48258667957293744,FAR,FAR,0.0,1,,,0.03,0
C2_n0.03_d000_r01,C2,202633,5.3,5.3,0.0,0.48625,0.5280518218575097,0.4939529651440805,FAR,FAR,0.0,1,,,0.03,0
C2_n0.03_d000_r01,C2,202633,5.32,5.32,0.0,0.48449999999999993,0.4800006237400728,0.4904648797930786,FAR,FAR,0.0,1,,,0.03,0
C2_n0.03_d000_r01,C2,202633,5.34,5.34,0.0,0.48275,0.4640431594432422,0.4838594497056195,FAR,FAR,0.0,1,,,0.03,0
C2_n0.03_d000_r01,C2,202633,5.36,5.36,0.0,0.481,0.42197000627414105,0.46838708884774993,FAR,FAR,0.0,1,,,0.03,0
C2_n0.03_d000_r01,C2,202633,5.38,5.38,0.0,0.47925,0.4366399900233689,0.46045031414165466,FAR,FAR,0.0,1,,,0.03,0
C2_n0.03_d000_r01,C2,202633,5.4,5.4,0.0,0.4774999999999999,0.4508711554509858,0.45805552446898745,FAR,FAR,0.0,1,,,0.03,0
C2_n0.03_d000_r01,C2,202633,5.42,5.42,0.0,0.47575,0.5225103695398269,0.47416923573669734,FAR,FAR,0.0,1,,,0.03,0
C2_n0.03_d000_r01,C2,202633,5.44,5.44,0.0,0.474,0.4679197321332115,0.47260685983582584,FAR,FAR,0.0,1,,,0.03,0
C2_n0.03_d000_r01,C2,202633,5.46,5.46,0.0,0.47224999999999995,0.4626209438314922,0.47011038083474244,FAR,FAR,0.0,1,,,0.03,0
C2_n0.03_d000_r01,C2,202633,5.48,5.48,0.0,0.4704999999999999,0.42402068132314275,0.45858795595684254,FAR,FAR,0.0,1,,,0.03,0
C2_n0.03_d000_r01,C2,202633,5.5,5.5,0.0,0.46875,0.46233500144787665,0.45952471732960104,FAR,FAR,0.0,1,,,0.03,0
C2_n0.03_d000_r01,C2,202633,5.52,5.52,0.0,0.467,0.43810164473273294,0.454168949180384,FAR,FAR,0.0,1,,,0.03,0
C2_n0.03_d000_r01,C2,202633,5.54,5.54,0.0,0.46525,0.44398816391368967,0.45162375286371037,FAR,FAR,0.0,1,,,0.03,0
C2_n0.03_d000_r01,C2,202633,5.56,5.56,0.0,0.4635,0.4229343503281807,0.44445140222982793,FAR,FAR,0.0,1,,,0.03,0
C2_n0.03_d000_r01,C2,202633,5.58,5.58,0.0,0.46175,0.5144236871393496,0.46194447345720835,FAR,FAR,0.0,1,,,0.03,0
C2_n0.03_d000_r01,C2,202633,5.6,5.6,0.0,0.46,0.434055018596296,0.4549721097419802,FAR,FAR,0.0,1,,,0.03,0
C2_n0.03_d000_r01,C2,202633,5.62,5.62,0.0,0.45825,0.5060074181835444,0.4677309368523713,FAR,FAR,0.0,1,,,0.03,0
C2_n0.03_d000_r01,C2,202633,5.64,5.64,0.0,0.4565,0.4404183064208865,0.4609027792445001,FAR,FAR,0.0,1,,,0.03,0
C2_n0.03_d000_r01,C2,202633,5.66,5.66,0.0,0.45475,0.48008932886214895,0.46569941664891235,FAR,FAR,0.0,1,,,0.03,0
C2_n0.03_d000_r01,C2,202633,5.68,5.68,0.0,0.453,0.438600226519214,0.45892461911648774,FAR,FAR,0.0,1,,,0.03,0
C2_n0.03_d000_r01,C2,202633,5.7,5.7,0.0,0.45125,0.41663750141714057,0.44835283969165096,FAR,FAR,0.0,1,,,0.03,0
C2_n0.03_d000_r01,C2,202633,5.72,5.72,0.0,0.4495,0.45515435285851646,0.45005321798336734,FAR,FAR,0.0,1,,,0.03,0
C2_n0.03_d000_r01,C2,202633,5.74,5.74,0.0,0.44775,0.4274691674012057,0.4444072053378269,FAR,FAR,0.0,1,,,0.03,0
C2_n0.03_d000_r01,C2,202633,5.76,5.76,0.0,0.446,0.43558298556842295,0.4422011503954759,FAR,FAR,0.0,1,,,0.03,0
C2_n0.03_d000_r01,C2,202633,5.78,5.78,0.0,0.44425,0.4664850769788456,0.4482721320413183,FAR,FAR,0.0,1,,,0.03,0
C2_n0.03_d000_r01,C2,202633,5.8,5.8,0.0,0.4425,0.4539308687165633,0.44968681621012957,FAR,FAR,0.0,1,,,0.03,0
C2_n0.03_d000_r01,C2,202633,5.82,5.82,0.0,0.44075,0.35034740809642845,0.4248519641817043,FAR,FAR,0.0,1,,,0.03,0
C2_n0.03_d000_r01,C2,202633,5.84,5.84,0.0,0.439,0.5090317461371743,0.4458969096705718,FAR,FAR,0.0,1,,,0.03,0
C2_n0.03_d000_r01,C2,202633,5.86,5.86,0.0,0.43724999999999997,0.44173457588354825,0.4448563262238159,FAR,FAR,0.0,1,,,0.03,0
C2_n0.03_d000_r01,C2,202633,5.88,5.88,0.0,0.4355,0.4085401816876826,0.43577729008978255,FAR,FAR,0.0,1,,,0.03,0
C2_n0.03_d000_r01,C2,202633,5.9,5.9,0.0,0.43374999999999997,0.4762972114425421,0.44590727042797246,FAR,FAR,0.0,1,,,0.03,0
C2_n0.03_d000_r01,C2,202633,5.92,5.92,0.0,0.432,0.4082018620829681,0.43648091834172137,FAR,FAR,0.0,1,,,0.03,0
C2_n0.03_d000_r01,C2,202633,5.94,5.94,0.0,0.43024999999999997,0.40449538833982795,0.428484535841248,FAR,FAR,0.0,1,,,0.03,0
C2_n0.03_d000_r01,C2,202633,5.96,5.96,0.0,0.4285,0.4720357102531163,0.4393723294442151,FAR,FAR,0.0,1,,,0.03,0
C2_n0.03_d000_r01,C2,202633,5.98,5.98,0.0,0.42674999999999996,0.465071339772118,0.44579708202619084,FAR,FAR,0.0,1,,,0.03,0
C2_n0.03_d000_r01,C2,202633,6.0,6.0,0.0,0.425,0.4364802514989613,0.4434678743943834,FAR,FAR,0.0,1,,,0.03,0
C2_n0.03_d000_r01,C2,202633,6.02,6.02,0.0,0.42325,0.4783413437595064,0.45218624173566413,FAR,FAR,0.0,1,,,0.03,0
C2_n0.03_d000_r01,C2,202633,6.04,6.04,0.0,0.4215,0.3945694046399646,0.43778203246173925,FAR,FAR,0.0,1,,,0.03,0
C2_n0.03_d000_r01,C2,202633,6.06,6.06,0.0,0.41975,0.43847128979678424,0.4379543467955005,FAR,FAR,0.0,1,,,0.03,0
C2_n0.03_d000_r01,C2,202633,6.08,6.08,0.0,0.418,0.3815139076936284,0.4238442370200325,FAR,FAR,0.0,1,,,0.03,0
C2_n0.03_d000_r01,C2,202633,6.1,6.1,0.0,0.41625,0.4191402289920627,0.4226682350130401,FAR,FAR,0.0,1,,,0.03,0
C2_n0.03_d000_r01,C2,202633,6.12,6.12,0.0,0.4145,0.4041877758248733,0.4180481202159984,FAR,FAR,0.0,1,,,0.03,0
C2_n0.03_d000_r01,C2,202633,6.14,6.14,0.0,0.41275,0.4622854849455703,0.4291074613983914,FAR,FAR,0.0,1,,,0.03,0
C2_n0.03_d000_r01,C2,202633,6.16,6.16,0.0,0.411,0.4174924350594608,0.42620370481365877,FAR,FAR,0.0,1,,,0.03,0
C2_n0.03_d000_r01,C2,202633,6.18,6.18,0.0,0.40925,0.3917508726755237,0.417590496779125,FAR,FAR,0.0,1,,,0.03,0
C2_n0.03_d000_r01,C2,202633,6.2,6.2,0.0,0.4075,0.40935033484891326,0.41553045629657204,FAR,FAR,0.0,1,,,0.03,0
C2_n0.03_d000_r01,C2,202633,6.22,6.22,0.0,0.40575,0.3682920868013277,0.40372086392276096,FAR,FAR,0.0,1,,,0.03,0
C2_n0.03_d000_r01,C2,202633,6.24,6.24,0.0,0.40399999999999997,0.4463892319127601,0.41438795592026073,FAR,FAR,0.0,1,,,0.03,0
C2_n0.03_d000_r01,C2,202633,6.26,6.26,0.0,0.40225,0.42933131355662935,0.41812379532935284,FAR,FAR,0.0,1,,,0.03,0
C2_n0.03_d000_r01,C2,202633,6.28,6.28,0.0,0.40049999999999997,0.41089187280773215,0.4163158146989477,FAR,FAR,0.0,1,,,0.03,0
C2_n0.03_d000_r01,C2,202633,6.3,6.3,0.0,0.39875,0.3506347490861482,0.3998955482957478,FAR,FAR,0.0,1,,,0.03,0
C2_n0.03_d000_r01,C2,202633,6.32,6.32,0.0,0.39699999999999996,0.37167289623901856,0.3928398852815655,FAR,FAR,0.0,1,,,0.03,0
C2_n0.03_d000_r01,C2,202633,6.34,6.34,0.0,0.39525,0.39740250784892994,0.3939805409234066,FAR,FAR,0.0,1,,,0.03,0
C2_n0.03_d000_r01,C2,202633,6.36,6.36,0.0,0.39349999999999996,0.3850643972577834,0.39175150500700084,FAR,FAR,0.0,1,,,0.03,0
C2_n0.03_d000_r01,C2,202633,6.38,6.38,0.0,0.39175,0.38138194386151586,0.3891591147206296,FAR,FAR,0.0,1,,,0.03,0
C2_n0.03_d000_r01,C2,202633,6.4,6.4,0.0,0.38999999999999996,0.2977140594334846,0.3662978508988433,FAR,FAR,0.0,1,,,0.03,0
C2_n0.03_d000_r01,C2,202633,6.42,6.42,0.0,0.38825,0.40804581917829813,0.376734842968707,FAR,FAR,0.0,1,,,0.03,0
C2_n0.03_d000_r01,C2,202633,6.44,6.44,0.0,0.38649999999999995,0.42373285895695356,0.38848434696576867,FAR,FAR,0.0,1,,,0.03,0
C2_n0.03_d000_r01,C2,202633,6.46,6.46,0.0,0.38475,0.3488846925874814,0.37858443337119685,FAR,FAR,0.0,1,,,0.03,0
C2_n0.03_d000_r01,C2,202633,6.48,6.48,0.0,0.38299999999999995,0.3709247985667556,0.3766695246700866,FAR,FAR,0.0,1,,,0.03,0
C2_n0.03_d000_r01,C2,202633,6.5,6.5,0.0,0.38125,0.3667417271041777,0.37418757527860935,FAR,FAR,0.0,1,,,0.03,0
C2_n0.03_d000_r01,C2,202633,6.52,6.52,0.0,0.37950000000000006,0.3445915253726549,0.3667885628021208,FAR,FAR,0.0,1,,,0.03,0
C2_n0.03_d000_r01,C2,202633,6.54,6.54,0.0,0.37775000000000003,0.3940415768011779,0.37360181630188505,FAR,FAR,0.0,1,,,0.03,0
C2_n0.03_d000_r01,C2,202633,6.56,6.56,0.0,0.376,0.40651149223652017,0.3818292352855438,FAR,FAR,0.0,1,,,0.03,0
C2_n0.03_d000_r01,C2,202633,6.58,6.58,0.0,0.37424999999999997,0.4526154146269509,0.39952578012089557,FAR,FAR,0.0,1,,,0.03,0
C2_n0.03_d000_r01,C2,202633,6.6,6.6,0.0,0.37250000000000005,0.35865592690606485,0.3893083168171879,FAR,FAR,0.0,1,,,0.03,0
C2_n0.03_d000_r01,C2,202633,6.62,6.62,0.0,0.37075,0.31171147360756446,0.3699091060147821,FAR,FAR,0.0,1,,,0.03,0
C2_n0.03_d000_r01,C2,202633,6.64,6.64,0.0,0.369,0.3833444977523406,0.3732679539491717,FAR,FAR,0.0,1,,,0.03,0
C2_n0.03_d000_r01,C2,202633,6.66,6.66,0.0,0.36724999999999997,0.3202404339569291,0.3600110739511111,FAR,FAR,0.0,1,,,0.03,0
C2_n0.03_d000_r01,C2,202633,6.68,6.68,0.0,0.36550000000000005,0.40509064525377536,0.37128096677677713,FAR,FAR,0.0,1,,,0.03,0
C2_n0.03_d000_r01,C2,202633,6.7,6.7,0.0,0.36375,0.3630534650918002,0.3692240913555329,FAR,FAR,0.0,1,,,0.03,0
C2_n0.03_d000_r01,C2,202633,6.72,6.72,0.0,0.362,0.418186848695004,0.3814647806904007,FAR,FAR,0.0,1,,,0.03,0
C2_n0.03_d000_r01,C2,202633,6.74,6.74,0.0,0.36024999999999996,0.3429483069725444,0.3718356622609367,FAR,FAR,0.0,1,,,0.03,0
C2_n0.03_d000_r01,C2,202633,6.76,6.76,0.0,0.35850000000000004,0.3174951165458117,0.35825052583215544,FAR,FAR,0.0,1,,,0.03,0
C2_n0.03_d000_r01,C2,202633,6.78,6.78,0.0,0.35675,0.3568725481538413,0.3579060314125769,FAR,FAR,0.0,1,,,0.03,0
C2_n0.03_d000_r01,C2,202633,6.8,6.8,0.0,0.355,0.40389760722297524,0.36940392536517647,FAR,FAR,0.0,1,,,0.03,0
C2_n0.03_d000_r01,C2,202633,6.82,6.82,0.0,0.35324999999999995,0.3589175109082553,0.36678232175094616,FAR,FAR,0.0,1,,,0.03,0
C2_n0.03_d000_r01,C2,202633,6.84,6.84,0.0,0.35150000000000003,0.31694237515840296,0.3543223351028104,FAR,FAR,0.0,1,,,0.03,0
C2_n0.03_d000_r01,C2,202633,6.86,6.86,0.0,0.34974999999999995,0.3407931072827778,0.35094002814780223,NEAR,FAR,0.0,1,,,0.03,0
C2_n0.03_d000_r01,C2,202633,6.88,6.88,0.0,0.348,0.3285918057269083,0.34535297254257874,NEAR,FAR,0.0,1,,,0.03,0
C2_n0.03_d000_r01,C2,202633,6.9,6.9,0.0,0.34624999999999995,0.3834510119918306,0.3548774824048917,NEAR,FAR,0.0,1,,,0.03,0
C2_n0.03_d000_r01,C2,202633,6.92,6.92,0.0,0.3445,0.35337759440124616,0.3545025104039803,NEAR,FAR,0.0,1,,,0.03,0
C2_n0.03_d000_r01,C2,202633,6.94,6.94,0.0,0.34274999999999994,0.3076091099069688,0.34277916027972744,NEAR,FAR,0.0,1,,,0.03,0
C2_n0.03_d000_r01,C2,202633,6.96,6.96,0.0,0.34099999999999997,0.34351720242443495,0.3429636708159043,NEAR,FAR,0.0,1,,,0.03,0
C2_n0.03_d000_r01,C2,202633,6.98,6.98,0.0,0.33924999999999994,0.32374917235801776,0.33816004620143264,NEAR,FAR,0.0,1,,,0.03,0
C2_n0.03_d000_r01,C2,202633,7.0,7.0,0.0,0.3375,0.3218574774634365,0.3340844040169336,NEAR,FAR,0.0,1,,,0.03,0
C2_n0.03_d000_r01,C2,202633,7.02,7.02,0.0,0.33575000000000005,0.3461543685281773,0.3371018951447446,NEAR,FAR,0.0,1,,,0.03,0
C2_n0.03_d000_r01,C2,202633,7.04,7.04,0.0,0.334,0.35828340637646666,0.3423972729526751,NEAR,FAR,0.0,1,,,0.03,0
C2_n0.03_d000_r01,C2,202633,7.06,7.06,0.0,0.33225000000000005,0.40482589339390673,0.35800442806298294,NEAR,FAR,0.0,1,,,0.03,0
C2_n0.03_d000_r01,C2,202633,7.08,7.08,0.0,0.3305,0.3942499398737179,0.36706580601566663,NEAR,FAR,0.0,1,,,0.03,0
C2_n0.03_d000_r01,C2,202633,7.1,7.1,0.0,0.32875000000000004,0.35076856704212717,0.3629914962722818,NEAR,FAR,0.0,1,,,0.03,0
C2_n0.03_d000_r01,C2,202633,7.12,7.12,0.0,0.327,0.29823242164092906,0.3468017276144436,NEAR,FAR,0.0,1,,,0.03,0
C2_n0.03_d000_r01,C2,202633,7.14,7.14,0.0,0.32525000000000004,0.3542847020537746,0.34867247122427636,NEAR,FAR,0.0,1,,,0.03,0
C2_n0.03_d000_r01,C2,202633,7.16,7.16,0.0,0.3235,0.31763015453284843,0.34091189205141936,NEAR,FAR,0.0,1,,,0.03,0
C2_n0.03_d000_r01,C2,202633,7.18,7.18,0.0,0.32175000000000004,0.33055499864646426,0.3383226687001806,NEAR,FAR,0.0,1,,,0.03,0
C2_n0.03_d000_r01,C2,202633,7.2,7.2,0.0,0.32,0.340880688432163,0.33896217363317616,NEAR,FAR,0.0,1,,,0.03,0
C2_n0.03_d000_r01,C2,202633,7.22,7.22,0.0,0.31825000000000003,0.34646309097867994,0.34083740296955206,NEAR,FAR,0.0,1,,,0.03,0
C2_n0.03_d000_r01,C2,202633,7.24,7.24,0.0,0.3165,0.32734370067382634,0.3374639773956206,NEAR,FAR,0.0,1,,,0.03,0
C2_n0.03_d000_r01,C2,202633,7.26,7.26,0.0,0.31475000000000003,0.31408196576284625,0.33161847448742704,NEAR,FAR,0.0,1,,,0.03,0
C2_n0.03_d000_r01,C2,202633,7.28,7.28,0.0,0.313,0.2692570423959074,0.3160281164645471,NEAR,NEAR,0.6,1,ENTER_NEAR,,0.03,0
C2_n0.03_d000_r01,C2,202633,7.3,7.3,0.0,0.31125,0.32030130137252555,0.3170964126915417,NEAR,NEAR,0.6,1,,,0.03,0
C2_n0.03_d000_r01,C2,202633,7.32,7.32,0.0,0.3095,0.2507855987501469,0.300518709206193,NEAR,NEAR,0.6,1,,,0.03,0
C2_n0.03_d000_r01,C2,202633,7.34,7.34,0.0,0.30775,0.3365987237219994,0.3095387128351446,NEAR,NEAR,0.6,1,,,0.03,0
C2_n0.03_d000_r01,C2,202633,7.36,7.36,0.0,0.306,0.2683259824814604,0.29923553024672356,NEAR,NEAR,0.6,1,,,0.03,0
C2_n0.03_d000_r01,C2,202633,7.38,7.38,0.0,0.30425,0.2985659791755806,0.2990681424789378,NEAR,NEAR,0.6,1,,,0.03,0
C2_n0.03_d000_r01,C2,202633,7.4,7.4,0.0,0.3025,0.2604137547235371,0.28940454554008765,NEAR,NEAR,0.6,1,,,0.03,0
C2_n0.03_d000_r01,C2,202633,7.42,7.42,0.0,0.30075,0.2732247415606522,0.2853595945452288,NEAR,NEAR,0.6,1,,,0.03,0
C2_n0.03_d000_r01,C2,202633,7.44,7.44,0.0,0.299,0.2670824752561742,0.2807903147229652,NEAR,NEAR,0.6,1,,,0.03,0
C2_n0.03_d000_r01,C2,202633,7.46,7.46,0.0,0.29725,0.3137328187555425,0.28902594073110954,NEAR,NEAR,0.6,1,,,0.03,0
C2_n0.03_d000_r01,C2,202633,7.48,7.48,0.0,0.2955,0.27958966406056257,0.2866668715634728,NEAR,NEAR,0.6,1,,,0.03,0
C2_n0.03_d000_r01,C2,202633,7.5,7.5,0.0,0.29375,0.2902491423750925,0.2875624392663777,NEAR,NEAR,0.6,1,,,0.03,0
C2_n0.03_d000_r01,C2,202633,7.52,7.52,0.0,0.29200000000000004,0.31564155626080836,0.29458221851498534,NEAR,NEAR,0.6,1,,,0.03,0
C2_n0.03_d000_r01,C2,202633,7.54,7.54,0.0,0.29025,0.30234958031090065,0.29652405896396417,NEAR,NEAR,0.6,1,,,0.03,0
C2_n0.03_d000_r01,C2,202633,7.56,7.56,0.0,0.28850000000000003,0.2877084844460885,0.29432016533449523,NEAR,NEAR,0.6,1,,,0.03,0
C2_n0.03_d000_r01,C2,202633,7.58,7.58,0.0,0.28675,0.2724435608591915,0.2888510142156693,NEAR,NEAR,0.6,1,,,0.03,0
C2_n0.03_d000_r01,C2,202633,7.6,7.6,0.0,0.28500000000000003,0.32399610753358854,0.29763728754514907,NEAR,NEAR,0.6,1,,,0.03,0
C2_n0.03_d000_r01,C2,202633,7.62,7.62,0.0,0.28325,0.2899130475652123,0.29570622755016485,NEAR,NEAR,0.6,1,,,0.03,0
C2_n0.03_d000_r01,C2,202633,7.64,7.64,0.0,0.28150000000000003,0.23886210866298108,0.2814951978283689,NEAR,NEAR,0.6,1,,,0.03,0
C2_n0.03_d000_r01,C2,202633,7.66,7.66,0.0,0.27975,0.2845446900993585,0.2822575708961163,NEAR,NEAR,0.6,1,,,0.03,0
C2_n0.03_d000_r01,C2,202633,7.68,7.68,0.0,0.278,0.26602969810157717,0.2782006026974815,NEAR,NEAR,0.6,1,,,0.03,0
C2_n0.03_d000_r01,C2,202633,7.7,7.7,0.0,0.27625,0.2788601492290611,0.2783654893303764,NEAR,NEAR,0.6,1,,,0.03,0
C2_n0.03_d000_r01,C2,202633,7.72,7.72,0.0,0.2745,0.25410598535439194,0.2723006133363803,NEAR,NEAR,0.6,1,,,0.03,0
C2_n0.03_d000_r01,C2,202633,7.74,7.74,0.0,0.27275,0.21443238603816112,0.2578335565118255,NEAR,NEAR,0.6,1,,,0.03,0
C2_n0.03_d000_r01,C2,202633,7.76,7.76,0.0,0.271,0.3183820177563441,0.27297067182295515,NEAR,NEAR,0.6,1,,,0.03,0
C2_n0.03_d000_r01,C2,202633,7.78,7.78,0.0,0.26925,0.26150701571027,0.2701047577947838,NEAR,NEAR,0.6,1,,,0.03,0
C2_n0.03_d000_r01,C2,202633,7.8,7.8,0.0,0.2675,0.3216115117201196,0.28298144627611777,NEAR,NEAR,0.6,1,,,0.03,0
C2_n0.03_d000_r01,C2,202633,7.82,7.82,0.0,0.26575,0.1974491484842174,0.26159837182814266,NEAR,NEAR,0.6,1,,,0.03,0
C2_n0.03_d000_r01,C2,202633,7.84,7.84,0.0,0.264,0.24543790514490169,0.2575582551573324,NEAR,NEAR,0.6,1,,,0.03,0
C2_n0.03_d000_r01,C2,202633,7.86,7.86,0.0,0.26225,0.2735894316808574,0.26156604928821364,NEAR,NEAR,0.6,1,,,0.03,0
C2_n0.03_d000_r01,C2,202633,7.88,7.88,0.0,0.2605,0.22735097462057002,0.2530122806213027,NEAR,NEAR,0.6,1,,,0.03,0
C2_n0.03_d000_r01,C2,202633,7.9,7.9,0.0,0.25875,0.22172459251822563,0.24519035859553345,NEAR,NEAR,0.6,1,,,0.03,0
C2_n0.03_d000_r01,C2,202633,7.92,7.92,0.0,0.257,0.23974716155786122,0.2438295593361154,NEAR,NEAR,0.6,1,,,0.03,0
C2_n0.03_d000_r01,C2,202633,7.94,7.94,0.0,0.25525,0.2664581232217467,0.24948670030752323,NEAR,NEAR,0.6,1,,,0.03,0
C2_n0.03_d000_r01,C2,202633,7.96,7.96,0.0,0.2535,0.235319701349697,0.2459449505680667,NEAR,NEAR,0.6,1,,,0.03,0
C2_n0.03_d000_r01,C2,202633,7.98,7.98,0.0,0.25175,0.21629902540559762,0.23853346927744945,NEAR,NEAR,0.6,1,,,0.03,0
C2_n0.03_d000_r01,C2,202633,8.0,8.0,0.0,0.25,0.26992012599660653,0.24638013345723872,NEAR,NEAR,0.6,1,,,0.03,0
C2_n0.03_d000_r01,C2,202633,8.02,8.02,0.0,0.2522533838368113,0.27589029667848325,0.25375767426254986,NEAR,NEAR,0.6,1,,,0.03,0
C2_n0.03_d000_r01,C2,202633,8.04,8.04,0.0,0.25445562372365543,0.20713148877475557,0.2421011278906013,NEAR,NEAR,0.6,1,,,0.03,0
C2_n0.03_d000_r01,C2,202633,8.06,8.06,0.0,0.25655673649976407,0.30700441552992574,0.25832694980043236,NEAR,NEAR,0.6,1,,,0.03,0
C2_n0.03_d000_r01,C2,202633,8.08,8.08,0.0,0.25850903423690136,0.30079055537254906,0.2689428511934615,NEAR,NEAR,0.6,1,,,0.03,0
C2_n0.03_d000_r01,C2,202633,8.1,8.1,0.0,0.2602682065889303,0.27405984415685664,0.2702220994343103,NEAR,NEAR,0.6,1,,,0.03,0
C2_n0.03_d000_r01,C2,202633,8.12,8.12,0.0,0.26179432648204926,0.24653036876882145,0.2642991667679381,NEAR,NEAR,0.6,1,,,0.03,0
C2_n0.03_d000_r01,C2,202633,8.14,8.14,0.0,0.26305275632004294,0.23309328069064467,0.2564976952486147,NEAR,NEAR,0.6,1,,,0.03,0
C2_n0.03_d000_r01,C2,202633,8.16,8.16,0.0,0.2640149341368492,0.2646310897501772,0.25853104387400533,NEAR,NEAR,0.6,1,,,0.03,0
C2_n0.03_d000_r01,C2,202633,8.18,8.18,0.0,0.2646590218535229,0.2399985860197888,0.2538979294104512,NEAR,NEAR,0.6,1,,,0.03,0
C2_n0.03_d000_r01,C2,202633,8.2,8.2,0.0,0.26497040092642404,0.34486227229581096,0.2766390151317911,NEAR,NEAR,0.6,1,,,0.03,0
C2_n0.03_d000_r01,C2,202633,8.22,8.22,0.0,0.2649420041371476,0.2712145881193283,0.2752829083786754,NEAR,NEAR,0.6,1,,,0.03,0
C2_n0.03_d000_r01,C2,202633,8.24,8.24,0.0,0.2645744759937201,0.2157912573059162,0.2604099956104856,NEAR,NEAR,0.6,1,,,0.03,0
C2_n0.03_d000_r01,C2,202633,8.26,8.26,0.0,0.26387615810251686,0.3157797911567971,0.2742524444970635,NEAR,NEAR,0.6,1,,,0.03,0
C2_n0.03_d000_r01,C2,202633,8.28,8.28,0.0,0.26286289984290484,0.2670105279499256,0.272441965360279,NEAR,NEAR,0.6,1,,,0.03,0
C2_n0.03_d000_r01,C2,202633,8.3,8.3,0.0,0.2615576986416368,0.3394921965463702,0.2892045231568018,NEAR,NEAR,0.6,1,,,0.03,0
C2_n0.03_d000_r01,C2,202633,8.32,8.32,0.0,0.25999017801151375,0.2693467614542122,0.2842400827311544,NEAR,NEAR,0.6,1,,,0.03,0
C2_n0.03_d000_r01,C2,202633,8.34,8.34,0.0,0.25819591520101404,0.2671719879961679,0.27997305904740777,NEAR,NEAR,0.6,1,,,0.03,0
C2_n0.03_d000_r01,C2,202633,8.36,8.36,0.0,0.2562156337148993,0.2671787972172575,0.2767744935898702,NEAR,NEAR,0.6,1,,,0.03,0
C2_n0.03_d000_r01,C2,202633,8.38,8.38,0.0,0.2540942790327598,0.25156451460989193,0.27047199884487566,NEAR,NEAR,0.6,1,,,0.03,0
C2_n0.03_d000_r01,C2,202633,8.4,8.4,0.0,0.25187999850346454,0.2882891987033127,0.27492629880948494,NEAR,NEAR,0.6,1,,,0.03,0
C2_n0.03_d000_r01,C2,202633,8.42,8.42,0.0,0.24962304856834994,0.2918410533854492,0.279154987453476,NEAR,NEAR,0.6,1,,,0.03,0
C2_n0.03_d000_r01,C2,202633,8.44,8.44,0.0,0.2473746541153709,0.2343095806292574,0.26794363574742136,NEAR,NEAR,0.6,1,,,0.03,0
C2_n0.03_d000_r01,C2,202633,8.46,8.46,0.0,0.24518584585289177,0.20904047707258627,0.25321784607871256,NEAR,NEAR,0.6,1,,,0.03,0
C2_n0.03_d000_r01,C2,202633,8.48,8.48,0.0,0.24310630209067763,0.22981418527467837,0.247366930877704,NEAR,NEAR,0.6,1,,,0.03,0
C2_n0.03_d000_r01,C2,202633,8.5,8.5,0.0,0.24118322121561292,0.22622203113328865,0.24208070594160017,NEAR,NEAR,0.6,1,,,0.03,0
C2_n0.03_d000_r01,C2,202633,8.52,8.52,0.0,0.2394602504530173,0.21999815681704799,0.23656006866046214,NEAR,NEAR,0.6,1,,,0.03,0
C2_n0.03_d000_r01,C2,202633,8.54,8.54,0.0,0.23797649522693692,0.2607411489796412,0.24260533874025692,NEAR,NEAR,0.6,1,,,0.03,0
C2_n0.03_d000_r01,C2,202633,8.56,8.56,0.0,0.23676563160347566,0.24943691520452863,0.24431323285632484,NEAR,NEAR,0.6,1,,,0.03,0
C2_n0.03_d000_r01,C2,202633,8.58,8.58,0.0,0.23585514196160703,0.20465508786824835,0.2343986966093057,NEAR,NEAR,0.6,1,,,0.03,0
C2_n0.03_d000_r01,C2,202633,8.6,8.6,0.0,0.23526569123906968,0.28776536255382423,0.24774036309543535,NEAR,NEAR,0.6,1,,,0.03,0
C2_n0.03_d000_r01,C2,202633,8.62,8.62,0.0,0.23501065791039116,0.2934583569733628,0.2591698615649172,NEAR,NEAR,0.6,1,,,0.03,0
C2_n0.03_d000_r01,C2,202633,8.64,8.64,0.0,0.23509583034219989,0.2599699147417122,0.259369874859116,NEAR,NEAR,0.6,1,,,0.03,0
C2_n0.03_d000_r01,C2,202633,8.66,8.66,0.0,0.2355192754175009,0.2608680831353115,0.2597444269281649,NEAR,NEAR,0.6,1,,,0.03,0
C2_n0.03_d000_r01,C2,202633,8.68,8.68,0.0,0.23627138241068624,0.26551148849532463,0.2611861923199548,NEAR,NEAR,0.6,1,,,0.03,0
C2_n0.03_d000_r01,C2,202633,8.7,8.7,0.0,0.23733508111746973,0.1947712941758483,0.2445824677839282,NEAR,NEAR,0.6,1,,,0.03,0
C2_n0.03_d000_r01,C2,202633,8.72,8.72,0.0,0.2386862292889585,0.23184717456893603,0.24139864448018014,NEAR,NEAR,0.6,1,,,0.03,0
C2_n0.03_d000_r01,C2,202633,8.74,8.74,0.0,0.24029416057645836,0.1764003799081354,0.22514907833716896,NEAR,NEAR,0.6,1,,,0.03,0
C2_n0.03_d000_r01,C2,202633,8.76,8.76,0.0,0.24212238055058052,0.31932106970261837,0.24869207617853129,NEAR,NEAR,0.6,1,,,0.03,0
C2_n0.03_d000_r01,C2,202633,8.78,8.78,0.0,0.24412939499744188,0.22450733051044566,0.2426458897615099,NEAR,NEAR,0.6,1,,,0.03,0
C2_n0.03_d000_r01,C2,202633,8.8,8.8,0.0,0.24626965169252724,0.206789338756035,0.23368175201014116,NEAR,NEAR,0.6,1,,,0.03,0
C2_n0.03_d000_r01,C2,202633,8.82,8.82,0.0,0.2484945742772318,0.17658201499939058,0.21940681775745352,NEAR,NEAR,0.6,1,,,0.03,0
C2_n0.03_d000_r01,C2,202633,8.84,8.84,0.0,0.2507536647726965,0.25070340381799167,0.22723096427258804,NEAR,NEAR,0.6,1,,,0.03,0
C2_n0.03_d000_r01,C2,202633,8.86,8.86,0.0,0.25299564970771604,0.2238962690402055,0.22639729046449242,NEAR,NEAR,0.6,1,,,0.03,0
C2_n0.03_d000_r01,C2,202633,8.88,8.88,0.0,0.2551696438476178,0.28830773832176476,0.2418749024288105,NEAR,NEAR,0.6,1,,,0.03,0
C2_n0.03_d000_r01,C2,202633,8.9,8.9,0.0,0.2572263051115258,0.24100257719480697,0.24165682112030962,NEAR,NEAR,0.6,1,,,0.03,0
C2_n0.03_d000_r01,C2,202633,8.92,8.92,0.0,0.25911895446541905,0.27582921476410266,0.25019991953125786,NEAR,NEAR,0.6,1,,,0.03,0
C2_n0.03_d000_r01,C2,202633,8.94,8.94,0.0,0.26080463537331855,0.31099897766361223,0.26539968406434644,NEAR,NEAR,0.6,1,,,0.03,0
C2_n0.03_d000_r01,C2,202633,8.96,8.96,0.0,0.2622450887607578,0.30444085233485085,0.2751599761319725,NEAR,NEAR,0.6,1,,,0.03,0
C2_n0.03_d000_r01,C2,202633,8.98,8.98,0.0,0.263407621362269,0.3113145737089192,0.28419862552620917,NEAR,NEAR,0.6,1,,,0.03,0
C2_n0.03_d000_r01,C2,202633,9.0,9.0,0.0,0.2642658477444273,0.2516205981524244,0.276054118682763,NEAR,NEAR,0.6,1,,,0.03,0
C2_n0.03_d000_r01,C2,202633,9.02,9.02,0.0,0.264800289163118,0.22686859676223317,0.26375773820263054,NEAR,NEAR,0.6,1,,,0.03,0
C2_n0.03_d000_r01,C2,202633,9.04,9.04,0.0,0.2649988156630572,0.27128693427267553,0.2656400372201418,NEAR,NEAR,0.6,1,,,0.03,0
C2_n0.03_d000_r01,C2,202633,9.06,9.06,0.0,0.26485692138544975,0.2979133274365642,0.2737083597742474,NEAR,NEAR,0.6,1,,,0.03,0
C2_n0.03_d000_r01,C2,202633,9.08,9.08,0.0,0.2643778268352606,0.24740203063841276,0.26713177749028877,NEAR,NEAR,0.6,1,,,0.03,0
C2_n0.03_d000_r01,C2,202633,9.1,9.1,0.0,0.2635724057869903,0.29361216230761217,0.2737518736946196,NEAR,NEAR,0.6,1,,,0.03,0
C2_n0.03_d000_r01,C2,202633,9.12,9.12,0.0,0.2624589384879372,0.24686366638879767,0.26702982186816415,NEAR,NEAR,0.6,1,,,0.03,0
C2_n0.03_d000_r01,C2,202633,9.14,9.14,0.0,0.2610626967603726,0.24478761822620404,0.26146927095767414,NEAR,NEAR,0.6,1,,,0.03,0
C2_n0.03_d000_r01,C2,202633,9.16,9.16,0.0,0.25941537041936047,0.246294858331866,0.2576756678012221,NEAR,NEAR,0.6,1,,,0.03,0
C2_n0.03_d000_r01,C2,202633,9.18,9.18,0.0,0.2575543480245365,0.23943682795326676,0.25311595783923324,NEAR,NEAR,0.6,1,,,0.03,0
C2_n0.03_d000_r01,C2,202633,9.2,9.2,0.0,0.25552186829027024,0.23620391355240505,0.24888794676752618,NEAR,NEAR,0.6,1,,,0.03,0
C2_n0.03_d000_r01,C2,202633,9.22,9.22,0.0,0.25336406141424067,0.2701976345819555,0.2542153687211335,NEAR,NEAR,0.6,1,,,0.03,0
C2_n0.03_d000_r01,C2,202633,9.24,9.24,0.0,0.25112990208291897,0.28129034029567734,0.2609841116147694,NEAR,NEAR,0.6,1,,,0.03,0
C2_n0.03_d000_r01,C2,202633,9.26,9.26,0.0,0.24887009791708103,0.24618708692823033,0.2572848554431346,NEAR,NEAR,0.6,1,,,0.03,0
C2_n0.03_d000_r01,C2,202633,9.28,9.28,0.0,0.24663593858575936,0.2697189067402074,0.2603933682674028,NEAR,NEAR,0.6,1,,,0.03,0
C2_n0.03_d000_r01,C2,202633,9.3,9.3,0.0,0.24447813170972976,0.23541933064298015,0.25414985886129715,NEAR,NEAR,0.6,1,,,0.03,0
C2_n0.03_d000_r01,C2,202633,9.32,9.32,0.0,0.24244565197546356,0.2150165384906149,0.24436652876862658,NEAR,NEAR,0.6,1,,,0.03,0
C2_n0.03_d000_r01,C2,202633,9.34,9.34,0.0,0.2405846295806395,0.2392038386043863,0.24307585622756653,NEAR,NEAR,0.6,1,,,0.03,0
C2_n0.03_d000_r01,C2,202633,9.36,9.36,0.0,0.23893730323962742,0.2547652412135009,0.24599820247405013,NEAR,NEAR,0.6,1,,,0.03,0
C2_n0.03_d000_r01,C2,202633,9.38,9.38,0.0,0.23754106151206275,0.24255716039668715,0.2451379419547094,NEAR,NEAR,0.6,1,,,0.03,0
C2_n0.03_d000_r01,C2,202633,9.4,9.4,0.0,0.23642759421300968,0.21443604385449855,0.23746246742965668,NEAR,NEAR,0.6,1,,,0.03,0
C2_n0.03_d000_r01,C2,202633,9.42,9.42,0.0,0.23562217316473935,0.27796564516816913,0.2475882618642848,NEAR,NEAR,0.6,1,,,0.03,0
C2_n0.03_d000_r01,C2,202633,9.44,9.44,0.0,0.23514307861455025,0.23552542782929678,0.24457255335553776,NEAR,NEAR,0.6,1,,,0.03,0
C2_n0.03_d000_r01,C2,202633,9.46,9.46,0.0,0.23500118433694275,0.2490406044047599,0.24568956611784332,NEAR,NEAR,0.6,1,,,0.03,0
C2_n0.03_d000_r01,C2,202633,9.48,9.48,0.0,0.235199710836882,0.26078865566160403,0.2494643385037835,NEAR,NEAR,0.6,1,,,0.03,0
C2_n0.03_d000_r01,C2,202633,9.5,9.5,0.0,0.2357341522555727,0.2939599224138424,0.2605882344812982,NEAR,NEAR,0.6,1,,,0.03,0
C2_n0.03_d000_r01,C2,202633,9.52,9.52,0.0,0.23659237863773103,0.24051926738466953,0.255570992707141,NEAR,NEAR,0.6,1,,,0.03,0
C2_n0.03_d000_r01,C2,202633,9.54,9.54,0.0,0.2377549112392422,0.2562537183165534,0.2557416741094941,NEAR,NEAR,0.6,1,,,0.03,0
C2_n0.03_d000_r01,C2,202633,9.56,9.56,0.0,0.23919536462668142,0.21260467349661613,0.24495742395627462,NEAR,NEAR,0.6,1,,,0.03,0
C2_n0.03_d000_r01,C2,202633,9.58,9.58,0.0,0.24088104553458092,0.25897748708770824,0.248462439739133,NEAR,NEAR,0.6,1,,,0.03,0
C2_n0.03_d000_r01,C2,202633,9.6,9.6,0.0,0.24277369488847422,0.1778463383612494,0.2308084143946621,NEAR,NEAR,0.6,1,,,0.03,0
C2_n0.03_d000_r01,C2,202633,9.62,9.62,0.0,0.24483035615238213,0.24180709381719445,0.2335580842502952,NEAR,NEAR,0.6,1,,,0.03,0
C2_n0.03_d000_r01,C2,202633,9.64,9.64,0.0,0.24700435029228393,0.21345435415875108,0.22853215172740915,NEAR,NEAR,0.6,1,,,0.03,0
C2_n0.03_d000_r01,C2,202633,9.66,9.66,0.0,0.24924633522730347,0.176713539434596,0.21557749865420586,NEAR,NEAR,0.6,1,,,0.03,0
C2_n0.03_d000_r01,C2,202633,9.68,9.68,0.0,0.2515054257227682,0.24088815272745903,0.22190516217251915,NEAR,NEAR,0.6,1,,,0.03,0
C2_n0.03_d000_r01,C2,202633,9.7,9.7,0.0,0.25373034830747276,0.27751424726611323,0.23580743344591765,NEAR,NEAR,0.6,1,,,0.03,0
C2_n0.03_d000_r01,C2,202633,9.72,9.72,0.0,0.2558706050025581,0.25207255203350937,0.23987371309281558,NEAR,NEAR,0.6,1,,,0.03,0
C2_n0.03_d000_r01,C2,202633,9.74,9.74,0.0,0.25787761944941945,0.19383280584417584,0.22836348628065564,NEAR,NEAR,0.6,1,,,0.03,0
C2_n0.03_d000_r01,C2,202633,9.76,9.76,0.0,0.25970583942354164,0.2855540566930279,0.24266112888374872,NEAR,NEAR,0.6,1,,,0.03,0
C2_n0.03_d000_r01,C2,202633,9.78,9.78,0.0,0.2613137707110415,0.29161376397629696,0.2548992876568858,NEAR,NEAR,0.6,1,,,0.03,0
C2_n0.03_d000_r01,C2,202633,9.8,9.8,0.0,0.26266491888253024,0.28330728930456306,0.26200128806880507,NEAR,NEAR,0.6,1,,,0.03,0
C2_n0.03_d000_r01,C2,202633,9.82,9.82,0.0,0.26372861758931376,0.33284941986233557,0.2797133210171877,NEAR,NEAR,0.6,1,,,0.03,0
C2_n0.03_d000_r01,C2,202633,9.84,9.84,0.0,0.2644807245824991,0.25570620007539,0.2737115407817383,NEAR,NEAR,0.6,1,,,0.03,0
C2_n0.03_d000_r01,C2,202633,9.86,9.86,0.0,0.2649041696578001,0.21516750177764615,0.2590755310307153,NEAR,NEAR,0.6,1,,,0.03,0
C2_n0.03_d000_r01,C2,202633,9.88,9.88,0.0,0.26498934208960884,0.2835961596876768,0.26520568819495566,NEAR,NEAR,0.6,1,,,0.03,0
C2_n0.03_d000_r01,C2,202633,9.9,9.9,0.0,0.26473430876093035,0.2622413079786568,0.26446459314088094,NEAR,NEAR,0.6,1,,,0.03,0
C2_n0.03_d000_r01,C2,202633,9.92,9.92,0.0,0.264144858038393,0.2765409123737012,0.26748367294908604,NEAR,NEAR,0.6,1,,,0.03,0
C2_n0.03_d000_r01,C2,202633,9.94,9.94,0.0,0.2632343683965243,0.2891204131462758,0.2728928579983835,NEAR,NEAR,0.6,1,,,0.03,0
C2_n0.03_d000_r01,C2,202633,9.96,9.96,0.0,0.2620235047730631,0.26781362174772694,0.2716230489357193,NEAR,NEAR,0.6,1,,,0.03,0
C2_n0.03_d000_r01,C2,202633,9.98,9.98,0.0,0.2605397495469827,0.19294688848768016,0.25195400882370955,NEAR,NEAR,0.6,1,,,0.03,0
C2_n0.03_d000_r01,C2,202633,10.0,10.0,0.0,0.2588167787843871,0.2366550974907908,0.24812928099047987,NEAR,NEAR,0.6,1,,,0.03,0
C2_n0.03_d000_r01,C2,202633,10.02,10.02,0.0,0.25689369790932237,0.27628316879316817,0.25516775294115196,NEAR,NEAR,0.6,1,,,0.03,0
C2_n0.03_d000_r01,C2,202633,10.04,10.04,0.0,0.25481415414710823,0.22167755327321473,0.24679520302416763,NEAR,NEAR,0.6,1,,,0.03,0
C2_n0.03_d000_r01,C2,202633,10.06,10.06,0.0,0.2526253458846291,0.27246887338242265,0.2532136206137314,NEAR,NEAR,0.6,1,,,0.03,0
C2_n0.03_d000_r01,C2,202633,10.08,10.08,0.0,0.25037695143165006,0.22632787927103906,0.24649218527805833,NEAR,NEAR,0.6,1,,,0.03,0
C2_n0.03_d000_r01,C2,202633,10.1,10.1,0.0,0.24812000149653549,0.21045149258927712,0.237482012105863,NEAR,NEAR,0.6,1,,,0.03,0
C2_n0.03_d000_r01,C2,202633,10.12,10.12,0.0,0.24590572096724023,0.2211731338699678,0.23340479254688923,NEAR,NEAR,0.6,1,,,0.03,0
C2_n0.03_d000_r01,C2,202633,10.14,10.14,0.0,0.24378436628510067,0.21390340815384523,0.22852944644862824,NEAR,NEAR,0.6,1,,,0.03,0
C2_n0.03_d000_r01,C2,202633,10.16,10.16,0.0,0.24180408479898596,0.18519707540235927,0.217696353687061,NEAR,NEAR,0.6,1,,,0.03,0
C2_n0.03_d000_r01,C2,202633,10.18,10.18,0.0,0.24000982198848625,0.24323637591832786,0.2240813592448777,NEAR,NEAR,0.6,1,,,0.03,0
C2_n0.03_d000_r01,C2,202633,10.2,10.2,0.0,0.23844230135836322,0.2064097468726364,0.21966345615181737,NEAR,NEAR,0.6,1,,,0.03,0
C2_n0.03_d000_r01,C2,202633,10.22,10.22,0.0,0.2371371001570952,0.26045010826746723,0.22986011918072985,NEAR,NEAR,0.6,1,,,0.03,0
C2_n0.03_d000_r01,C2,202633,10.24,10.24,0.0,0.23612384189748312,0.19224099103719522,0.22045533714484616,NEAR,NEAR,0.6,1,,,0.03,0
C2_n0.03_d000_r01,C2,202633,10.26,10.26,0.0,0.2354255240062799,0.21413353099111643,0.21887488560641374,NEAR,NEAR,0.6,1,,,0.03,0
C2_n0.03_d000_r01,C2,202633,10.28,10.28,0.0,0.23505799586285242,0.2693383387898961,0.23149074890228433,NEAR,NEAR,0.6,1,,,0.03,0
C2_n0.03_d000_r01,C2,202633,10.3,10.3,0.0,0.23502959907357593,0.16712271987483085,0.21539874164542094,NEAR,NEAR,0.6,1,,,0.03,0
C2_n0.03_d000_r01,C2,202633,10.32,10.32,0.0,0.23534097814647711,0.23752958875445832,0.22093145342268028,NEAR,NEAR,0.6,1,,,0.03,0
C2_n0.03_d000_r01,C2,202633,10.34,10.34,0.0,0.23598506586315082,0.23987642240977342,0.22566769566945355,NEAR,NEAR,0.6,1,,,0.03,0
C2_n0.03_d000_r01,C2,202633,10.36,10.36,0.0,0.23694724367995706,0.1784577340153062,0.2138652052559167,NEAR,NEAR,0.6,1,,,0.03,0
C2_n0.03_d000_r01,C2,202633,10.38,10.38,0.0,0.23820567351795077,0.24140677082745535,0.22075059664880137,NEAR,NEAR,0.6,1,,,0.03,0
C2_n0.03_d000_r01,C2,202633,10.4,10.4,0.0,0.2397317934110697,0.2120923938638357,0.21858604595255995,NEAR,NEAR,0.6,1,,,0.03,0
C2_n0.03_d000_r01,C2,202633,10.42,10.42,0.0,0.24149096576309861,0.27505151947428,0.23270241433299,NEAR,NEAR,0.6,1,,,0.03,0
C2_n0.03_d000_r01,C2,202633,10.44,10.44,0.0,0.24344326350023596,0.25849495037587156,0.23915054834371038,NEAR,NEAR,0.6,1,,,0.03,0
C2_n0.03_d000_r01,C2,202633,10.46,10.46,0.0,0.2455443762763446,0.2349909518144411,0.23811064921139305,NEAR,NEAR,0.6,1,,,0.03,0
C2_n0.03_d000_r01,C2,202633,10.48,10.48,0.0,0.24774661616318866,0.2383631786914964,0.2381737815814189,NEAR,NEAR,0.6,1,,,0.03,0
C2_n0.03_d000_r01,C2,202633,10.5,10.5,0.0,0.25,0.226617784609931,0.2352847823385469,NEAR,NEAR,0.6,1,,,0.03,0
C2_n0.03_d000_r01,C2,202633,10.52,10.52,0.0,0.2522533838368113,0.25412656203305045,0.23999522726217282,NEAR,NEAR,0.6,1,,,0.03,0
C2_n0.03_d000_r01,C2,202633,10.54,10.54,0.0,0.2544556237236554,0.23626220149934657,0.23906197082146624,NEAR,NEAR,0.6,1,,,0.03,0
C2_n0.03_d000_r01,C2,202633,10.56,10.56,0.0,0.256556736499764,0.24410861222265992,0.24032363117176464,NEAR,NEAR,0.6,1,,,0.03,0
C2_n0.03_d000_r01,C2,202633,10.58,10.58,0.0,0.25850903423690136,0.3250635219422094,0.2615086038643758,NEAR,NEAR,0.6,1,,,0.03,0
C2_n0.03_d000_r01,C2,202633,10.6,10.6,0.0,0.2602682065889303,0.23981159279970093,0.2560843510982071,NEAR,NEAR,0.6,1,,,0.03,0
C2_n0.03_d000_r01,C2,202633,10.62,10.62,0.0,0.2617943264820492,0.2693945647052574,0.25941190449996965,NEAR,NEAR,0.6,1,,,0.03,0
C2_n0.03_d000_r01,C2,202633,10.64,10.64,0.0,0.26305275632004294,0.2708872243305239,0.26228073445760824,NEAR,NEAR,0.6,1,,,0.03,0
C2_n0.03_d000_r01,C2,202633,10.66,10.66,0.0,0.2640149341368492,0.2526072245814565,0.2598623569885703,NEAR,NEAR,0.6,1,,,0.03,0
C2_n0.03_d000_r01,C2,202633,10.68,10.68,0.0,0.2646590218535229,0.27742233444558334,0.26425235135282354,NEAR,NEAR,0.6,1,,,0.03,0
C2_n0.03_d000_r01,C2,202633,10.7,10.7,0.0,0.26497040092642404,0.23097560047436974,0.2559331636332101,NEAR,NEAR,0.6,1,,,0.03,0
C2_n0.03_d000_r01,C2,202633,10.72,10.72,0.0,0.2649420041371476,0.25030314465790665,0.2545256588893843,NEAR,NEAR,0.6,1,,,0.03,0
C2_n0.03_d000_r01,C2,202633,10.74,10.74,0.0,0.2645744759937201,0.23370393976663492,0.24932022910869694,NEAR,NEAR,0.6,1,,,0.03,0
C2_n0.03_d000_r01,C2,202633,10.76,10.76,0.0,0.26387615810251686,0.2578494538059122,0.25145253528300077,NEAR,NEAR,0.6,1,,,0.03,0
C2_n0.03_d000_r01,C2,202633,10.78,10.78,0.0,0.26286289984290484,0.27631187415165903,0.2576673700001653,NEAR,NEAR,0.6,1,,,0.03,0
C2_n0.03_d000_r01,C2,202633,10.8,10.8,0.0,0.2615576986416368,0.26769752054294726,0.2601749076358608,NEAR,NEAR,0.6,1,,,0.03,0
C2_n0.03_d000_r01,C2,202633,10.82,10.82,0.0,0.25999017801151375,0.28876947315955326,0.2673235490167839,NEAR,NEAR,0.6,1,,,0.03,0
C2_n0.03_d000_r01,C2,202633,10.84,10.84,0.0,0.25819591520101404,0.21168060344844336,0.2534128126246988,NEAR,NEAR,0.6,1,,,0.03,0
C2_n0.03_d000_r01,C2,202633,10.86,10.86,0.0,0.25621563371489936,0.29167310836082494,0.26297788655873033,NEAR,NEAR,0.6,1,,,0.03,0
C2_n0.03_d000_r01,C2,202633,10.88,10.88,0.0,0.2540942790327598,0.27173282010181343,0.2651666199445011,NEAR,NEAR,0.6,1,,,0.03,0
C2_n0.03_d000_r01,C2,202633,10.9,10.9,0.0,0.2518799985034645,0.24339976586003415,0.25972490642338436,NEAR,NEAR,0.6,1,,,0.03,0
C2_n0.03_d000_r01,C2,202633,10.92,10.92,0.0,0.24962304856834996,0.23984702599500446,0.2547554363162894,NEAR,NEAR,0.6,1,,,0.03,0
C2_n0.03_d000_r01,C2,202633,10.94,10.94,0.0,0.24737465411537093,0.2600661451046692,0.2560831135133843,NEAR,NEAR,0.6,1,,,0.03,0
C2_n0.03_d000_r01,C2,202633,10.96,10.96,0.0,0.24518584585289174,0.2980123285205338,0.2665654172651717,NEAR,NEAR,0.6,1,,,0.03,0
C2_n0.03_d000_r01,C2,202633,10.98,10.98,0.0,0.24310630209067766,0.26706465233531135,0.2666902260327066,NEAR,NEAR,0.6,1,,,0.03,0
C2_n0.03_d000_r01,C2,202633,11.0,11.0,0.0,0.24118322121561292,0.2587452789586973,0.26470398926420424,NEAR,NEAR,0.6,1,,,0.03,0
C2_n0.03_d000_r01,C2,202633,11.02,11.02,0.0,0.2394602504530173,0.28394688554454267,0.26951471333428884,NEAR,NEAR,0.6,1,,,0.03,0
C2_n0.03_d000_r01,C2,202633,11.04,11.04,0.0,0.23797649522693692,0.23683569318151676,0.26134495829609583,NEAR,NEAR,0.6,1,,,0.03,0
C2_n0.03_d000_r01,C2,202633,11.06,11.06,0.0,0.2367656316034757,0.21069738731861812,0.2486830655517264,NEAR,NEAR,0.6,1,,,0.03,0
C2_n0.03_d000_r01,C2,202633,11.08,11.08,0.0,0.23585514196160703,0.1985774559233794,0.23615666314463965,NEAR,NEAR,0.6,1,,,0.03,0
C2_n0.03_d000_r01,C2,202633,11.1,11.1,0.0,0.23526569123906968,0.20390940413503028,0.22809484839223731,NEAR,NEAR,0.6,1,,,0.03,0
C2_n0.03_d000_r01,C2,202633,11.12,11.12,0.0,0.23501065791039116,0.22084875164730602,0.22628332420600447,NEAR,NEAR,0.6,1,,,0.03,0
C2_n0.03_d000_r01,C2,202633,11.14,11.14,0.0,0.23509583034219989,0.24779052558867737,0.23166012455167267,NEAR,NEAR,0.6,1,,,0.03,0
C2_n0.03_d000_r01,C2,202633,11.16,11.16,0.0,0.2355192754175009,0.2206236917919469,0.2289010163617412,NEAR,NEAR,0.6,1,,,0.03,0
C2_n0.03_d000_r01,C2,202633,11.18,11.18,0.0,0.2362713824106862,0.2243896122875569,0.22777316534319514,NEAR,NEAR,0.6,1,,,0.03,0
C2_n0.03_d000_r01,C2,202633,11.2,11.2,0.0,0.23733508111746973,0.2825403209057831,0.24146495423384212,NEAR,NEAR,0.6,1,,,0.03,0
C2_n0.03_d000_r01,C2,202633,11.22,11.22,0.0,0.23868622928895847,0.20333668431598756,0.2319328867543785,NEAR,NEAR,0.6,1,,,0.03,0
C2_n0.03_d000_r01,C2,202633,11.24,11.24,0.0,0.24029416057645833,0.1779156831546002,0.21842858585443392,NEAR,NEAR,0.6,1,,,0.03,0
C2_n0.03_d000_r01,C2,202633,11.26,11.26,0.0,0.24212238055058055,0.27713911258936835,0.23310621753816752,NEAR,NEAR,0.6,1,,,0.03,0
C2_n0.03_d000_r01,C2,202633,11.28,11.28,0.0,0.2441293949974419,0.2315322357757468,0.23271272209756233,NEAR,NEAR,0.6,1,,,0.03,0
C2_n0.03_d000_r01,C2,202633,11.3,11.3,0.0,0.24626965169252724,0.2519037056467657,0.23751046798486317,NEAR,NEAR,0.6,1,,,0.03,0
C2_n0.03_d000_r01,C2,202633,11.32,11.32,0.0,0.2484945742772318,0.28841606769630523,0.2502368679127237,NEAR,NEAR,0.6,1,,,0.03,0
C2_n0.03_d000_r01,C2,202633,11.34,11.34,0.0,0.25075366477269656,0.28328745696495167,0.2584995151757807,NEAR,NEAR,0.6,1,,,0.03,0
C2_n0.03_d000_r01,C2,202633,11.36,11.36,0.0,0.252995649707716,0.2637299546297331,0.2598071250392688,NEAR,NEAR,0.6,1,,,0.03,0
C2_n0.03_d000_r01,C2,202633,11.38,11.38,0.0,0.2551696438476178,0.2737139843128979,0.26328383985767606,NEAR,NEAR,0.6,1,,,0.03,0
C2_n0.03_d000_r01,C2,202633,11.4,11.4,0.0,0.2572263051115258,0.26561207401458137,0.2638658983969024,NEAR,NEAR,0.6,1,,,0.03,0
C2_n0.03_d000_r01,C2,202633,11.42,11.42,0.0,0.25911895446541905,0.22685379842794476,0.254612873404663,NEAR,NEAR,0.6,1,,,0.03,0
C2_n0.03_d000_r01,C2,202633,11.44,11.44,0.0,0.26080463537331855,0.28936449127478575,0.2633007778721937,NEAR,NEAR,0.6,1,,,0.03,0
C2_n0.03_d000_r01,C2,202633,11.46,11.46,0.0,0.2622450887607578,0.25631927539944005,0.2615554022540053,NEAR,NEAR,0.6,1,,,0.03,0
C2_n0.03_d000_r01,C2,202633,11.48,11.48,0.0,0.263407621362269,0.25110254032202733,0.25894218677101083,NEAR,NEAR,0.6,1,,,0.03,0
C2_n0.03_d000_r01,C2,202633,11.5,11.5,0.0,0.2642658477444273,0.2425444578206852,0.2548427545334294,NEAR,NEAR,0.6,1,,,0.03,0
C2_n0.03_d000_r01,C2,202633,11.52,11.52,0.0,0.264800289163118,0.2936098062177019,0.2645345174544975,NEAR,NEAR,0.6,1,,,0.03,0
C2_n0.03_d000_r01,C2,202633,11.54,11.54,0.0,0.2649988156630572,0.28905658238348847,0.27066503368674527,NEAR,NEAR,0.6,1,,,0.03,0
C2_n0.03_d000_r01,C2,202633,11.56,11.56,0.0,0.26485692138544975,0.2917258583528466,0.2759302398532706,NEAR,NEAR,0.6,1,,,0.03,0
C2_n0.03_d000_r01,C2,202633,11.58,11.58,0.0,0.2643778268352606,0.2588165720866356,0.27165182291161183,NEAR,NEAR,0.6,1,,,0.03,0
C2_n0.03_d000_r01,C2,202633,11.6,11.6,0.0,0.2635724057869903,0.295133066222047,0.27752213373922063,NEAR,NEAR,0.6,1,,,0.03,0
C2_n0.03_d000_r01,C2,202633,11.62,11.62,0.0,0.2624589384879373,0.24216043497656276,0.26868170904855615,NEAR,NEAR,0.6,1,,,0.03,0
C2_n0.03_d000_r01,C2,202633,11.64,11.64,0.0,0.2610626967603726,0.2488384251893632,0.26372088808375793,NEAR,NEAR,0.6,1,,,0.03,0
C2_n0.03_d000_r01,C2,202633,11.66,11.66,0.0,0.2594153704193605,0.21356332490268326,0.25118149728848926,NEAR,NEAR,0.6,1,,,0.03,0
C2_n0.03_d000_r01,C2,202633,11.68,11.68,0.0,0.2575543480245365,0.2604552330751303,0.2534999312351495,NEAR,NEAR,0.6,1,,,0.03,0
C2_n0.03_d000_r01,C2,202633,11.7,11.7,0.0,0.25552186829027024,0.24376693259347082,0.25106668157472983,NEAR,NEAR,0.6,1,,,0.03,0
C2_n0.03_d000_r01,C2,202633,11.72,11.72,0.0,0.25336406141424067,0.2648785940408676,0.2545196596912643,NEAR,NEAR,0.6,1,,,0.03,0
C2_n0.03_d000_r01,C2,202633,11.74,11.74,0.0,0.25112990208291897,0.23968823511300838,0.2508118035467003,NEAR,NEAR,0.6,1,,,0.03,0
C2_n0.03_d000_r01,C2,202633,11.76,11.76,0.0,0.24887009791708103,0.26909477127938336,0.25538254547987105,NEAR,NEAR,0.6,1,,,0.03,0
C2_n0.03_d000_r01,C2,202633,11.78,11.78,0.0,0.24663593858575936,0.26250658118514175,0.2571635544061887,NEAR,NEAR,0.6,1,,,0.03,0
C2_n0.03_d000_r01,C2,202633,11.8,11.8,0.0,0.2444781317097298,0.30374556525153584,0.26880905711752545,NEAR,NEAR,0.6,1,,,0.03,0
C2_n0.03_d000_r01,C2,202633,11.82,11.82,0.0,0.24244565197546356,0.24550988280024102,0.26298426353820437,NEAR,NEAR,0.6,1,,,0.03,0
C2_n0.03_d000_r01,C2,202633,11.84,11.84,0.0,0.2405846295806395,0.2259058659092049,0.2537146641309545,NEAR,NEAR,0.6,1,,,0.03,0
C2_n0.03_d000_r01,C2,202633,11.86,11.86,0.0,0.23893730323962745,0.19929248215610207,0.2401091186372414,NEAR,NEAR,0.6,1,,,0.03,0
C2_n0.03_d000_r01,C2,202633,11.88,11.88,0.0,0.23754106151206278,0.2651784443287162,0.2463764500601101,NEAR,NEAR,0.6,1,,,0.03,0
C2_n0.03_d000_r01,C2,202633,11.9,11.9,0.0,0.23642759421300968,0.27578783941574125,0.2537292973990179,NEAR,NEAR,0.6,1,,,0.03,0
C2_n0.03_d000_r01,C2,202633,11.92,11.92,0.0,0.23562217316473938,0.2748946159556313,0.25902062703817125,NEAR,NEAR,0.6,1,,,0.03,0
C2_n0.03_d000_r01,C2,202633,11.94,11.94,0.0,0.23514307861455025,0.3020308415161367,0.26977318065766265,NEAR,NEAR,0.6,1,,,0.03,0
C2_n0.03_d000_r01,C2,202633,11.96,11.96,0.0,0.23500118433694275,0.2034789841074996,0.25319963152012187,NEAR,NEAR,0.6,1,,,0.03,0
C2_n0.03_d000_r01,C2,202633,11.98,11.98,0.0,0.235199710836882,0.21916157945727519,0.2446901185044102,NEAR,NEAR,0.6,1,,,0.03,0
C2_n0.03_d000_r01,C2,202633,12.0,12.0,0.0,0.25,0.25763912329496874,0.24792736970204984,NEAR,NEAR,0.6,1,,,0.03,0
C2_n0.03_d000_r01,C2,202633,12.02,12.02,0.0,0.25175,0.23502325854516545,0.24470134191282875,NEAR,NEAR,0.6,1,,,0.03,0
C2_n0.03_d000_r01,C2,202633,12.04,12.04,0.0,0.25349999999999995,0.22045081248392193,0.23863870955560204,NEAR,NEAR,0.6,1,,,0.03,0
C2_n0.03_d000_r01,C2,202633,12.06,12.06,0.0,0.25525000000000003,0.2830476162065913,0.24974093621834936,NEAR,NEAR,0.6,1,,,0.03,0
C2_n0.03_d000_r01,C2,202633,12.08,12.08,0.0,0.257,0.27578299830254716,0.2562514517393988,NEAR,NEAR,0.6,1,,,0.03,0
C2_n0.03_d000_r01,C2,202633,12.1,12.1,0.0,0.25875,0.2510556388507628,0.2549524985172398,NEAR,NEAR,0.6,1,,,0.03,0
C2_n0.03_d000_r01,C2,202633,12.12,12.12,0.0,0.26049999999999995,0.22302511679150006,0.24697065308580485,NEAR,NEAR,0.6,1,,,0.03,0
C2_n0.03_d000_r01,C2,202633,12.14,12.14,0.0,0.26225000000000004,0.2662865609998056,0.251799630064305,NEAR,NEAR,0.6,1,,,0.03,0
C2_n0.03_d000_r01,C2,202633,12.16,12.16,0.0,0.264,0.24595049884063758,0.25033734725838813,NEAR,NEAR,0.6,1,,,0.03,0
C2_n0.03_d000_r01,C2,202633,12.18,12.18,0.0,0.26575,0.3288761124334722,0.2699720385521592,NEAR,NEAR,0.6,1,,,0.03,0
C2_n0.03_d000_r01,C2,202633,12.2,12.2,0.0,0.26749999999999996,0.2735068777538354,0.27085574835257825,NEAR,NEAR,0.6,1,,,0.03,0
C2_n0.03_d000_r01,C2,202633,12.22,12.22,0.0,0.26925000000000004,0.24825361290403647,0.2652052144904428,NEAR,NEAR,0.6,1,,,0.03,0
C2_n0.03_d000_r01,C2,202633,12.24,12.24,0.0,0.271,0.28191210765173197,0.2693819377807651,NEAR,NEAR,0.6,1,,,0.03,0
C2_n0.03_d000_r01,C2,202633,12.26,12.26,0.0,0.27275,0.28159593151640194,0.27243543621467425,NEAR,NEAR,0.6,1,,,0.03,0
C2_n0.03_d000_r01,C2,202633,12.28,12.28,0.0,0.27449999999999997,0.2574820965600601,0.2686971013010207,NEAR,NEAR,0.6,1,,,0.03,0
C2_n0.03_d000_r01,C2,202633,12.3,12.3,0.0,0.27625000000000005,0.27528264310877804,0.27034348675296005,NEAR,NEAR,0.6,1,,,0.03,0
C2_n0.03_d000_r01,C2,202633,12.32,12.32,0.0,0.278,0.2707740483543907,0.2704511271533177,NEAR,NEAR,0.6,1,,,0.03,0
C2_n0.03_d000_r01,C2,202633,12.34,12.34,0.0,0.27975,0.2893557578696664,0.2751772848324049,NEAR,NEAR,0.6,1,,,0.03,0
C2_n0.03_d000_r01,C2,202633,12.36,12.36,0.0,0.2815,0.3122167963378829,0.2844371627087744,NEAR,NEAR,0.6,1,,,0.03,0
C2_n0.03_d000_r01,C2,202633,12.38,12.38,0.0,0.28325000000000006,0.2627669542487677,0.2790196105937727,NEAR,NEAR,0.6,1,,,0.03,0
C2_n0.03_d000_r01,C2,202633,12.4,12.4,0.0,0.28500000000000003,0.3467010824034439,0.2959399785461905,NEAR,NEAR,0.6,1,,,0.03,0
C2_n0.03_d000_r01,C2,202633,12.42,12.42,0.0,0.28675,0.29271602068612035,0.29513398908117294,NEAR,NEAR,0.6,1,,,0.03,0
C2_n0.03_d000_r01,C2,202633,12.44,12.44,0.0,0.2885,0.280503012133883,0.2914762448443505,NEAR,NEAR,0.6,1,,,0.03,0
C2_n0.03_d000_r01,C2,202633,12.46,12.46,0.0,0.29025000000000006,0.23657148566154973,0.2777500550486503,NEAR,NEAR,0.6,1,,,0.03,0
C2_n0.03_d000_r01,C2,202633,12.48,12.48,0.0,0.29200000000000004,0.3323620092492719,0.2914030435988057,NEAR,NEAR,0.6,1,,,0.03,0
C2_n0.03_d000_r01,C2,202633,12.5,12.5,0.0,0.29375,0.28928127661636094,0.2908726018531945,NEAR,NEAR,0.6,1,,,0.03,0
C2_n0.03_d000_r01,C2,202633,12.52,12.52,0.0,0.2955,0.326059401955122,0.2996693018786764,NEAR,NEAR,0.6,1,,,0.03,0
C2_n0.03_d000_r01,C2,202633,12.54,12.54,0.0,0.2972499999999999,0.29267803959362265,0.29792148630741294,NEAR,NEAR,0.6,1,,,0.03,0
C2_n0.03_d000_r01,C2,202633,12.56,12.56,0.0,0.29900000000000004,0.2826857650053716,0.2941125559819026,NEAR,NEAR,0.6,1,,,0.03,0
C2_n0.03_d000_r01,C2,202633,12.58,12.58,0.0,0.30075,0.2583757535214156,0.2851783553667808,NEAR,NEAR,0.6,1,,,0.03,0
C2_n0.03_d000_r01,C2,202633,12.6,12.6,0.0,0.3025,0.303747426821934,0.2898206232305691,NEAR,NEAR,0.6,1,,,0.03,0
C2_n0.03_d000_r01,C2,202633,12.62,12.62,0.0,0.3042499999999999,0.28335715791448746,0.2882047569015487,NEAR,NEAR,0.6,1,,,0.03,0
C2_n0.03_d000_r01,C2,202633,12.64,12.64,0.0,0.30600000000000005,0.2873942292802818,0.28800212499623196,NEAR,NEAR,0.6,1,,,0.03,0
C2_n0.03_d000_r01,C2,202633,12.66,12.66,0.0,0.30775,0.2885411626277298,0.28813688440410645,NEAR,NEAR,0.6,1,,,0.03,0
C2_n0.03_d000_r01,C2,202633,12.68,12.68,0.0,0.3095,0.2648845999246313,0.28232381328423767,NEAR,NEAR,0.6,1,,,0.03,0
C2_n0.03_d000_r01,C2,202633,12.7,12.7,0.0,0.3112499999999999,0.31387128632534966,0.2902106815445157,NEAR,NEAR,0.6,1,,,0.03,0
C2_n0.03_d000_r01,C2,202633,12.72,12.72,0.0,0.31300000000000006,0.32690728999910024,0.2993848336581618,NEAR,NEAR,0.6,1,,,0.03,0
C2_n0.03_d000_r01,C2,202633,12.74,12.74,0.0,0.31475000000000003,0.3278167978318067,0.306492824701573,NEAR,NEAR,0.6,1,,,0.03,0
C2_n0.03_d000_r01,C2,202633,12.76,12.76,0.0,0.3165,0.35051361121050684,0.31749802132880645,NEAR,NEAR,0.6,1,,,0.03,0
C2_n0.03_d000_r01,C2,202633,12.78,12.78,0.0,0.3182499999999999,0.36133415647227374,0.32845705511467327,NEAR,NEAR,0.6,1,,,0.03,0
C2_n0.03_d000_r01,C2,202633,12.8,12.8,0.0,0.32000000000000006,0.32543474444464215,0.3277014774471655,NEAR,NEAR,0.6,1,,,0.03,0
C2_n0.03_d000_r01,C2,202633,12.82,12.82,0.0,0.32175000000000004,0.29485284741443213,0.31948931993898216,NEAR,NEAR,0.6,1,,,0.03,0
C2_n0.03_d000_r01,C2,202633,12.84,12.84,0.0,0.3235,0.34492159510457293,0.3258473887303799,NEAR,NEAR,0.6,1,,,0.03,0
C2_n0.03_d000_r01,C2,202633,12.86,12.86,0.0,0.32524999999999993,0.3390414445248274,0.32914590267899174,NEAR,NEAR,0.6,1,,,0.03,0
C2_n0.03_d000_r01,C2,202633,12.88,12.88,0.0,0.32700000000000007,0.3118389049871619,0.3248191532560343,NEAR,NEAR,0.6,1,,,0.03,0
C2_n0.03_d000_r01,C2,202633,12.9,12.9,0.0,0.32875000000000004,0.38750637235411844,0.3404909580305553,NEAR,NEAR,0.6,1,,,0.03,0
C2_n0.03_d000_r01,C2,202633,12.92,12.92,0.0,0.3305,0.309326996325422,0.33269996760427195,NEAR,NEAR,0.6,1,,,0.03,0
C2_n0.03_d000_r01,C2,202633,12.94,12.94,0.0,0.33224999999999993,0.36838507825335515,0.34162124526654275,NEAR,NEAR,0.6,1,,,0.03,0
C2_n0.03_d000_r01,C2,202633,12.96,12.96,0.0,0.3340000000000001,0.3440515428876448,0.34222881967181823,NEAR,NEAR,0.6,1,,,0.03,0
C2_n0.03_d000_r01,C2,202633,12.98,12.98,0.0,0.33575000000000005,0.329074788947003,0.3389403119906144,NEAR,NEAR,0.6,1,,,0.03,0
C2_n0.03_d000_r01,C2,202633,13.0,13.0,0.0,0.3375,0.3532148562410917,0.34250894805323373,NEAR,NEAR,0.6,1,,,0.03,0
C2_n0.03_d000_r01,C2,202633,13.02,13.02,0.0,0.33924999999999994,0.35729731900566236,0.3462060407913409,NEAR,NEAR,0.6,1,,,0.03,0
C2_n0.03_d000_r01,C2,202633,13.04,13.04,0.0,0.3409999999999999,0.36015675813258097,0.3496937201266509,NEAR,NEAR,0.6,1,,,0.03,0
C2_n0.03_d000_r01,C2,202633,13.06,13.06,0.0,0.34275000000000005,0.3411091678988939,0.3475475820697116,NEAR,NEAR,0.6,1,,,0.03,0
C2_n0.03_d000_r01,C2,202633,13.08,13.08,0.0,0.34450000000000003,0.3636773716521617,0.35158002946532413,NEAR,NEAR,0.6,1,,,0.03,0
C2_n0.03_d000_r01,C2,202633,13.1,13.1,0.0,0.34624999999999995,0.35846865495120545,0.35330218583679446,NEAR,NEAR,0.6,1,,,0.03,0
C2_n0.03_d000_r01,C2,202633,13.12,13.12,0.0,0.3479999999999999,0.3634425555163816,0.35583727825669126,NEAR,NEAR,0.6,1,,,0.03,0
C2_n0.03_d000_r01,C2,202633,13.14,13.14,0.0,0.34975000000000006,0.3199183538994069,0.34685754716737016,NEAR,NEAR,0.6,1,,,0.03,0
C2_n0.03_d000_r01,C2,202633,13.16,13.16,0.0,0.35150000000000003,0.39909324538548135,0.359916471721898,FAR,NEAR,0.6,1,,,0.03,0
C2_n0.03_d000_r01,C2,202633,13.18,13.18,0.0,0.35324999999999995,0.3310437410419137,0.3526982890519019,FAR,NEAR,0.6,1,,,0.03,0
C2_n0.03_d000_r01,C2,202633,13.2,13.2,0.0,0.3549999999999999,0.3007184907805416,0.33970333948406184,FAR,NEAR,0.6,1,,,0.03,0
C2_n0.03_d000_r01,C2,202633,13.22,13.22,0.0,0.35675000000000007,0.4225451237912426,0.360413785560857,FAR,NEAR,0.6,1,,,0.03,0
C2_n0.03_d000_r01,C2,202633,13.24,13.24,0.0,0.35850000000000004,0.3253920926289283,0.35165836232787484,FAR,NEAR,0.6,1,,,0.03,0
C2_n0.03_d000_r01,C2,202633,13.26,13.26,0.0,0.36024999999999996,0.3478759892467637,0.3507127690575971,FAR,NEAR,0.6,1,,,0.03,0
C2_n0.03_d000_r01,C2,202633,13.28,13.28,0.0,0.36199999999999993,0.3144875032036214,0.34165645259410315,FAR,NEAR,0.6,1,,,0.03,0
C2_n0.03_d000_r01,C2,202633,13.3,13.3,0.0,0.3637500000000001,0.35212659150348974,0.3442739873214498,FAR,NEAR,0.6,1,,,0.03,0
C2_n0.03_d000_r01,C2,202633,13.32,13.32,0.0,0.36550000000000005,0.3450433574258629,0.3444663298475531,FAR,NEAR,0.6,1,,,0.03,0
C2_n0.03_d000_r01,C2,202633,13.34,13.34,0.0,0.36724999999999997,0.35368580528845084,0.34677119870777756,FAR,NEAR,0.6,1,,,0.03,0
C2_n0.03_d000_r01,C2,202633,13.36,13.36,0.0,0.36899999999999994,0.3665550091508989,0.3517171513185579,FAR,NEAR,0.6,1,,,0.03,0
C2_n0.03_d000_r01,C2,202633,13.38,13.38,0.0,0.3707500000000001,0.3192830175037521,0.3436086178648564,FAR,NEAR,0.6,1,,,0.03,0
C2_n0.03_d000_r01,C2,202633,13.4,13.4,0.0,0.37250000000000005,0.373421534834376,0.3510618471072363,FAR,NEAR,0.6,1,,,0.03,0
C2_n0.03_d000_r01,C2,202633,13.42,13.42,0.0,0.37424999999999997,0.4161335137569798,0.3673297637696722,FAR,NEAR,0.6,1,,,0.03,0
C2_n0.03_d000_r01,C2,202633,13.44,13.44,0.0,0.37599999999999995,0.37158098764063313,0.3683925697374124,FAR,NEAR,0.6,1,,,0.03,0
C2_n0.03_d000_r01,C2,202633,13.46,13.46,0.0,0.37775000000000003,0.386601487428844,0.3729447991602703,FAR,NEAR,0.6,1,,,0.03,0
C2_n0.03_d000_r01,C2,202633,13.48,13.48,0.0,0.37950000000000006,0.37613929249577766,0.3737434224941471,FAR,NEAR,0.6,1,,,0.03,0
C2_n0.03_d000_r01,C2,202633,13.5,13.5,0.0,0.38125,0.3678586742024448,0.3722722354212215,FAR,NEAR,0.6,1,,,0.03,0
C2_n0.03_d000_r01,C2,202633,13.52,13.52,0.0,0.38299999999999995,0.38959956855766,0.37660406870533114,FAR,NEAR,0.6,1,,,0.03,0
C2_n0.03_d000_r01,C2,202633,13.54,13.54,0.0,0.3847499999999999,0.39022654159204806,0.38000968692701037,FAR,FAR,0.0,1,EXIT_NEAR,,0.03,0
C2_n0.03_d000_r01,C2,202633,13.56,13.56,0.0,0.38650000000000007,0.3726927130441202,0.3781804434562878,FAR,FAR,0.0,1,,,0.03,0
C2_n0.03_d000_r01,C2,202633,13.58,13.58,0.0,0.38825,0.3556561397316522,0.3725493675251289,FAR,FAR,0.0,1,,,0.03,0
C2_n0.03_d000_r01,C2,202633,13.6,13.6,0.0,0.38999999999999996,0.4045875761049497,0.38055891967008415,FAR,FAR,0.0,1,,,0.03,0
C2_n0.03_d000_r01,C2,202633,13.62,13.62,0.0,0.39174999999999993,0.4190203088849194,0.3901742669737929,FAR,FAR,0.0,1,,,0.03,0
C2_n0.03_d000_r01,C2,202633,13.64,13.64,0.0,0.39350000000000007,0.36387279233412156,0.3835988983138751,FAR,FAR,0.0,1,,,0.03,0
C2_n0.03_d000_r01,C2,202633,13.66,13.66,0.0,0.39525,0.4661129940792298,0.4042274222552138,FAR,FAR,0.0,1,,,0.03,0
C2_n0.03_d000_r01,C2,202633,13.68,13.68,0.0,0.39699999999999996,0.38319981453333746,0.3989705203247447,FAR,FAR,0.0,1,,,0.03,0
C2_n0.03_d000_r01,C2,202633,13.7,13.7,0.0,0.39874999999999994,0.35752734157707244,0.3886097256378267,FAR,FAR,0.0,1,,,0.03,0
C2_n0.03_d000_r01,C2,202633,13.72,13.72,0.0,0.4005000000000001,0.3947010566106138,0.39013255838102345,FAR,FAR,0.0,1,,,0.03,0
C2_n0.03_d000_r01,C2,202633,13.74,13.74,0.0,0.40225,0.4185860147480354,0.3972459224727764,FAR,FAR,0.0,1,,,0.03,0
C2_n0.03_d000_r01,C2,202633,13.76,13.76,0.0,0.40399999999999997,0.4123108297821895,0.4010121493001297,FAR,FAR,0.0,1,,,0.03,0
C2_n0.03_d000_r01,C2,202633,13.78,13.78,0.0,0.40574999999999994,0.3768192509396894,0.3949639247100196,FAR,FAR,0.0,1,,,0.03,0
C2_n0.03_d000_r01,C2,202633,13.8,13.8,0.0,0.4075000000000001,0.3711329685403754,0.3890061856676086,FAR,FAR,0.0,1,,,0.03,0
C2_n0.03_d000_r01,C2,202633,13.82,13.82,0.0,0.40925,0.3718654116453532,0.38472099216204475,FAR,FAR,0.0,1,,,0.03,0
C2_n0.03_d000_r01,C2,202633,13.84,13.84,0.0,0.411,0.3841283495027954,0.3845728314972324,FAR,FAR,0.0,1,,,0.03,0
C2_n0.03_d000_r01,C2,202633,13.86,13.86,0.0,0.41274999999999995,0.44868952715083477,0.40060200541063307,FAR,FAR,0.0,1,,,0.03,0
C2_n0.03_d000_r01,C2,202633,13.88,13.88,0.0,0.4145000000000001,0.45910932301242446,0.41522883481108097,FAR,FAR,0.0,1,,,0.03,0
C2_n0.03_d000_r01,C2,202633,13.9,13.9,0.0,0.41625,0.40617384725997235,0.4129650879233038,FAR,FAR,0.0,1,,,0.03,0
C2_n0.03_d000_r01,C2,202633,13.92,13.92,0.0,0.418,0.35621703921095565,0.39877807574521673,FAR,FAR,0.0,1,,,0.03,0
C2_n0.03_d000_r01,C2,202633,13.94,13.94,0.0,0.41974999999999996,0.40769806203134223,0.40100807231674807,FAR,FAR,0.0,1,,,0.03,0
C2_n0.03_d000_r01,C2,202633,13.96,13.96,0.0,0.4215000000000001,0.43316534235857695,0.40904738982720523,FAR,FAR,0.0,1,,,0.03,0
C2_n0.03_d000_r01,C2,202633,13.98,13.98,0.0,0.42325,0.4137025854719859,0.41021118873840035,FAR,FAR,0.0,1,,,0.03,0
C2_n0.03_d000_r01,C2,202633,14.0,14.0,0.0,0.425,0.44749042954782,0.41953099894075524,FAR,FAR,0.0,1,,,0.03,0
C2_n0.03_d000_r01,C2,202633,14.02,14.02,0.0,0.42674999999999996,0.3913534168106498,0.4124866034082289,FAR,FAR,0.0,1,,,0.03,0
C2_n0.03_d000_r01,C2,202633,14.04,14.04,0.0,0.4284999999999999,0.4200037565070263,0.41436589168292826,FAR,FAR,0.0,1,,,0.03,0
C2_n0.03_d000_r01,C2,202633,14.06,14.06,0.0,0.43025,0.3585508796736747,0.40041213868061487,FAR,FAR,0.0,1,,,0.03,0
C2_n0.03_d000_r01,C2,202633,14.08,14.08,0.0,0.432,0.4515311699803069,0.4131918965055379,FAR,FAR,0.0,1,,,0.03,0
C2_n0.03_d000_r01,C2,202633,14.1,14.1,0.0,0.43374999999999997,0.40743461904674216,0.41175257714083896,FAR,FAR,0.0,1,,,0.03,0
C2_n0.03_d000_r01,C2,202633,14.12,14.12,0.0,0.4354999999999999,0.4182175071769515,0.4133688096498671,FAR,FAR,0.0,1,,,0.03,0
C2_n0.03_d000_r01,C2,202633,14.14,14.14,0.0,0.43725,0.4291837770284083,0.4173225514945024,FAR,FAR,0.0,1,,,0.03,0
C2_n0.03_d000_r01,C2,202633,14.16,14.16,0.0,0.439,0.4365330597426869,0.4221251785565485,FAR,FAR,0.0,1,,,0.03,0
C2_n0.03_d000_r01,C2,202633,14.18,14.18,0.0,0.44075,0.41551646445230106,0.42047300003048665,FAR,FAR,0.0,1,,,0.03,0
C2_n0.03_d000_r01,C2,202633,14.2,14.2,0.0,0.4424999999999999,0.436792077325101,0.42455276935414027,FAR,FAR,0.0,1,,,0.03,0
C2_n0.03_d000_r01,C2,202633,14.22,14.22,0.0,0.44425000000000003,0.4822725666578419,0.43898271868006566,FAR,FAR,0.0,1,,,0.03,0
C2_n0.03_d000_r01,C2,202633,14.24,14.24,0.0,0.446,0.5106350334176719,0.4568957973644672,FAR,FAR,0.0,1,,,0.03,0
C2_n0.03_d000_r01,C2,202633,14.26,14.26,0.0,0.44775,0.4430903527746991,0.45344443621702524,FAR,FAR,0.0,1,,,0.03,0
C2_n0.03_d000_r01,C2,202633,14.28,14.28,0.0,0.4494999999999999,0.43344391723512404,0.4484443064715499,FAR,FAR,0.0,1,,,0.03,0
C2_n0.03_d000_r01,C2,202633,14.3,14.3,0.0,0.45125000000000004,0.4516399084193753,0.4492432069585063,FAR,FAR,0.0,1,,,0.03,0
C2_n0.03_d000_r01,C2,202633,14.32,14.32,0.0,0.453,0.45258682733400396,0.45007911205238066,FAR,FAR,0.0,1,,,0.03,0
C2_n0.03_d000_r01,C2,202633,14.34,14.34,0.0,0.45475,0.4552616794448986,0.4513747539005102,FAR,FAR,0.0,1,,,0.03,0
C2_n0.03_d000_r01,C2,202633,14.36,14.36,0.0,0.4564999999999999,0.44832697082259915,0.45061280813103244,FAR,FAR,0.0,1,,,0.03,0
C2_n0.03_d000_r01,C2,202633,14.38,14.38,0.0,0.45825000000000005,0.5390063575123445,0.4727111954763605,FAR,FAR,0.0,1,,,0.03,0
C2_n0.03_d000_r01,C2,202633,14.4,14.4,0.0,0.46,0.45436559888483713,0.46812479632847964,FAR,FAR,0.0,1,,,0.03,0
C2_n0.03_d000_r01,C2,202633,14.42,14.42,0.0,0.46175,0.48901240217184194,0.47334669778932026,FAR,FAR,0.0,1,,,0.03,0
C2_n0.03_d000_r01,C2,202633,14.44,14.44,0.0,0.4634999999999999,0.4588920117933135,0.46973302629031854,FAR,FAR,0.0,1,,,0.03,0
C2_n0.03_d000_r01,C2,202633,14.46,14.46,0.0,0.46525000000000005,0.46896771627020595,0.4695416987852904,FAR,FAR,0.0,1,,,0.03,0
C2_n0.03_d000_r01,C2,202633,14.48,14.48,0.0,0.467,0.4360888892415234,0.4611784963993486,FAR,FAR,0.0,1,,,0.03,0
C2_n0.03_d000_r01,C2,202633,14.5,14.5,0.0,0.46875,0.4300570781337868,0.4533981418329581,FAR,FAR,0.0,1,,,0.03,0
C2_n0.03_d000_r01,C2,202633,14.52,14.52,0.0,0.4704999999999999,0.49991677996398204,0.4650278013657141,FAR,FAR,0.0,1,,,0.03,0
C2_n0.03_d000_r01,C2,202633,14.54,14.54,0.0,0.47224999999999995,0.47036664836238384,0.4663625131148815,FAR,FAR,0.0,1,,,0.03,0
C2_n0.03_d000_r01,C2,202633,14.56,14.56,0.0,0.47400000000000003,0.4683059571880961,0.4668483741331852,FAR,FAR,0.0,1,,,0.03,0
C2_n0.03_d000_r01,C2,202633,14.58,14.58,0.0,0.47575,0.5190358596804605,0.479895245520004,FAR,FAR,0.0,1,,,0.03,0
C2_n0.03_d000_r01,C2,202633,14.6,14.6,0.0,0.4774999999999999,0.45659879723544017,0.47407113344886304,FAR,FAR,0.0,1,,,0.03,0
C2_n0.03_d000_r01,C2,202633,14.62,14.62,0.0,0.47924999999999995,0.4538012328994431,0.46900365831150803,FAR,FAR,0.0,1,,,0.03,0
C2_n0.03_d000_r01,C2,202633,14.64,14.64,0.0,0.48100000000000004,0.4307428518066183,0.4594384566852856,FAR,FAR,0.0,1,,,0.03,0
C2_n0.03_d000_r01,C2,202633,14.66,14.66,0.0,0.48275,0.49523335661953055,0.46838718166884685,FAR,FAR,0.0,1,,,0.03,0
C2_n0.03_d000_r01,C2,202633,14.68,14.68,0.0,0.48449999999999993,0.5044594791426423,0.47740525603729567,FAR,FAR,0.0,1,,,0.03,0
C2_n0.03_d000_r01,C2,202633,14.7,14.7,0.0,0.48624999999999996,0.5149577531074313,0.48679338030482955,FAR,FAR,0.0,1,,,0.03,0
C2_n0.03_d000_r01,C2,202633,14.72,14.72,0.0,0.48800000000000004,0.5278968941767186,0.49706925877280184,FAR,FAR,0.0,1,,,0.03,0
C2_n0.03_d000_r01,C2,202633,14.74,14.74,0.0,0.48975,0.44376999032145914,0.48374444165996616,FAR,FAR,0.0,1,,,0.03,0
C2_n0.03_d000_r01,C2,202633,14.76,14.76,0.0,0.49149999999999994,0.48499330192922674,0.4840566567272813,FAR,FAR,0.0,1,,,0.03,0
C2_n0.03_d000_r01,C2,202633,14.78,14.78,0.0,0.49324999999999997,0.5155696741217407,0.49193491107589615,FAR,FAR,0.0,1,,,0.03,0
C2_n0.03_d000_r01,C2,202633,14.8,14.8,0.0,0.49500000000000005,0.5036205274880652,0.4948563151789384,FAR,FAR,0.0,1,,,0.03,0
C2_n0.03_d000_r01,C2,202633,14.82,14.82,0.0,0.49675,0.48015154468304255,0.49118012255496446,FAR,FAR,0.0,1,,,0.03,0
C2_n0.03_d000_r01,C2,202633,14.84,14.84,0.0,0.49849999999999994,0.47986620861345747,0.48835164406958775,FAR,FAR,0.0,1,,,0.03,0
C2_n0.03_d000_r01,C2,202633,14.86,14.86,0.0,0.5002499999999999,0.527367163504516,0.49810552392831986,FAR,FAR,0.0,1,,,0.03,0
C2_n0.03_d000_r01,C2,202633,14.88,14.88,0.0,0.502,0.5034220085263319,0.49943464507782287,FAR,FAR,0.0,1,,,0.03,0
C2_n0.03_d000_r01,C2,202633,14.9,14.9,0.0,0.50375,0.4984684673563347,0.4991931006474508,FAR,FAR,0.0,1,,,0.03,0
C2_n0.03_d000_r01,C2,202633,14.92,14.92,0.0,0.5055000000000001,0.5004189084836614,0.49949955260650347,FAR,FAR,0.0,1,,,0.03,0
C2_n0.03_d000_r01,C2,202633,14.94,14.94,0.0,0.50725,0.5352456758402925,0.5084360834149507,FAR,FAR,0.0,1,,,0.03,0
C2_n0.03_d000_r01,C2,202633,14.96,14.96,0.0,0.5090000000000001,0.4925752014358663,0.5044708629201796,FAR,FAR,0.0,1,,,0.03,0
C2_n0.03_d000_r01,C2,202633,14.98,14.98,0.0,0.51075,0.4998835593931741,0.5033240370384282,FAR,FAR,0.0,1,,,0.03,0
C2_n0.03_d000_r01,C2,202633,15.0,15.0,0.0,0.5125,0.5116953518682303,0.5054168657458787,FAR,FAR,0.0,1,,,0.03,0
C2_n0.03_d000_r01,C2,202633,15.02,15.02,0.0,0.5142499999999999,0.5400887972727408,0.5140848486275942,FAR,FAR,0.0,1,,,0.03,0
C2_n0.03_d000_r01,C2,202633,15.04,15.04,0.0,0.5159999999999999,0.5133826017823157,0.5139092869162746,FAR,FAR,0.0,1,,,0.03,0
C2_n0.03_d000_r01,C2,202633,15.06,15.06,0.0,0.51775,0.533491465693721,0.5188048316106362,FAR,FAR,0.0,1,,,0.03,0
C2_n0.03_d000_r01,C2,202633,15.08,15.08,0.0,0.5195,0.527888743398628,0.5210758095576341,FAR,FAR,0.0,1,,,0.03,0
C2_n0.03_d000_r01,C2,202633,15.1,15.1,0.0,0.52125,0.5599693706505205,0.5307991998308558,FAR,FAR,0.0,1,,,0.03,0
C2_n0.03_d000_r01,C2,202633,15.12,15.12,0.0,0.5229999999999999,0.579962972471481,0.543090142991012,FAR,FAR,0.0,1,,,0.03,0
C2_n0.03_d000_r01,C2,202633,15.14,15.14,0.0,0.52475,0.5523602154186882,0.545407661097931,FAR,FAR,0.0,1,,,0.03,0
C2_n0.03_d000_r01,C2,202633,15.16,15.16,0.0,0.5265,0.5519309871660363,0.5470384926149574,FAR,FAR,0.0,1,,,0.03,0
C2_n0.03_d000_r01,C2,202633,15.18,15.18,0.0,0.5282499999999999,0.5144946853691007,0.5389025408034932,FAR,FAR,0.0,1,,,0.03,0
C2_n0.03_d000_r01,C2,202633,15.2,15.2,0.0,0.5299999999999999,0.555720005374936,0.5431069069463539,FAR,FAR,0.0,1,,,0.03,0
C2_n0.03_d000_r01,C2,202633,15.22,15.22,0.0,0.5317500000000001,0.5602504306381686,0.5473927878693076,FAR,FAR,0.0,1,,,0.03,0
C2_n0.03_d000_r01,C2,202633,15.24,15.24,0.0,0.5335,0.5504373438540054,0.548153926865482,FAR,FAR,0.0,1,,,0.03,0
C2_n0.03_d000_r01,C2,202633,15.26,15.26,0.0,0.53525,0.4891633333420329,0.5334062784846197,FAR,FAR,0.0,1,,,0.03,0
C2_n0.03_d000_r01,C2,202633,15.28,15.28,0.0,0.5369999999999999,0.4954596064414895,0.5239196104738372,FAR,FAR,0.0,1,,,0.03,0
C2_n0.03_d000_r01,C2,202633,15.3,15.3,0.0,0.5387500000000001,0.5078979583204307,0.5199141974354856,FAR,FAR,0.0,1,,,0.03,0
C2_n0.03_d000_r01,C2,202633,15.32,15.32,0.0,0.5405,0.5780724959319129,0.5344537720595924,FAR,FAR,0.0,1,,,0.03,0
C2_n0.03_d000_r01,C2,202633,15.34,15.34,0.0,0.5422499999999999,0.5777656737965752,0.5452817474938382,FAR,FAR,0.0,1,,,0.03,0
C2_n0.03_d000_r01,C2,202633,15.36,15.36,0.0,0.5439999999999999,0.5723614792032157,0.5520516804211826,FAR,FAR,0.0,1,,,0.03,0
C2_n0.03_d000_r01,C2,202633,15.38,15.38,0.0,0.5457500000000001,0.5308688115121899,0.5467559631939344,FAR,FAR,0.0,1,,,0.03,0
C2_n0.03_d000_r01,C2,202633,15.4,15.4,0.0,0.5475,0.5234931280109658,0.5409402543981923,FAR,FAR,0.0,1,,,0.03,0
C2_n0.03_d000_r01,C2,202633,15.42,15.42,0.0,0.54925,0.5410546612333305,0.5409688561069768,FAR,FAR,0.0,1,,,0.03,0
C2_n0.03_d000_r01,C2,202633,15.44,15.44,0.0,0.5509999999999999,0.571196512644738,0.548525770241417,FAR,FAR,0.0,1,,,0.03,0
C2_n0.03_d000_r01,C2,202633,15.46,15.46,0.0,0.5527500000000001,0.5473474767536817,0.5482311968694832,FAR,FAR,0.0,1,,,0.03,0
C2_n0.03_d000_r01,C2,202633,15.48,15.48,0.0,0.5545,0.5641392700398197,0.5522082151620673,FAR,FAR,0.0,1,,,0.03,0
C2_n0.03_d000_r01,C2,202633,15.5,15.5,0.0,0.5562499999999999,0.6120502404060773,0.5671687214730698,FAR,FAR,0.0,1,,,0.03,0
C2_n0.03_d000_r01,C2,202633,15.52,15.52,0.0,0.5579999999999999,0.6192739916294981,0.580195039012177,FAR,FAR,0.0,1,,,0.03,0
C2_n0.03_d000_r01,C2,202633,15.54,15.54,0.0,0.55975,0.6075202052592364,0.5870263305739418,FAR,FAR,0.0,1,,,0.03,0
C2_n0.03_d000_r01,C2,202633,15.56,15.56,0.0,0.5615,0.607665660356903,0.5921861630196821,FAR,FAR,0.0,1,,,0.03,0
C2_n0.03_d000_r01,C2,202633,15.58,15.58,0.0,0.56325,0.5547772384267599,0.5828339318714515,FAR,FAR,0.0,1,,,0.03,0
C2_n0.03_d000_r01,C2,202633,15.6,15.6,0.0,0.565,0.5771753060755906,0.5814192754224863,FAR,FAR,0.0,1,,,0.03,0
C2_n0.03_d000_r01,C2,202633,15.62,15.62,0.0,0.5667499999999999,0.5065737138720151,0.5627078850348685,FAR,FAR,0.0,1,,,0.03,0
C2_n0.03_d000_r01,C2,202633,15.64,15.64,0.0,0.5685,0.5316850531188047,0.5549521770558525,FAR,FAR,0.0,1,,,0.03,0
C2_n0.03_d000_r01,C2,202633,15.66,15.66,0.0,0.5702499999999999,0.5337037437792073,0.5496400687366912,FAR,FAR,0.0,1,,,0.03,0
C2_n0.03_d000_r01,C2,202633,15.68,15.68,0.0,0.572,0.5693036702669105,0.5545559691192461,FAR,FAR,0.0,1,,,0.03,0
C2_n0.03_d000_r01,C2,202633,15.7,15.7,0.0,0.57375,0.6108533714099653,0.5686303196919259,FAR,FAR,0.0,1,,,0.03,0
C2_n0.03_d000_r01,C2,202633,15.72,15.72,0.0,0.5755,0.6170252648454939,0.5807290559803179,FAR,FAR,0.0,1,,,0.03,0
C2_n0.03_d000_r01,C2,202633,15.74,15.74,0.0,0.57725,0.5746362775811165,0.5792058613805176,FAR,FAR,0.0,1,,,0.03,0
C2_n0.03_d000_r01,C2,202633,15.76,15.76,0.0,0.579,0.5790719586935742,0.5791723857087817,FAR,FAR,0.0,1,,,0.03,0
C2_n0.03_d000_r01,C2,202633,15.78,15.78,0.0,0.5807499999999999,0.5780270857309058,0.5788860607143127,FAR,FAR,0.0,1,,,0.03,0
C2_n0.03_d000_r01,C2,202633,15.8,15.8,0.0,0.5825,0.5927198695758585,0.5823445129296991,FAR,FAR,0.0,1,,,0.03,0
C2_n0.03_d000_r01,C2,202633,15.82,15.82,0.0,0.5842499999999999,0.5774411103094322,0.5811186622746324,FAR,FAR,0.0,1,,,0.03,0
C2_n0.03_d000_r01,C2,202633,15.84,15.84,0.0,0.586,0.6294193777947764,0.5931938411546683,FAR,FAR,0.0,1,,,0.03,0
C2_n0.03_d000_r01,C2,202633,15.86,15.86,0.0,0.58775,0.5611586875242307,0.5851850527470589,FAR,FAR,0.0,1,,,0.03,0
C2_n0.03_d000_r01,C2,202633,15.88,15.88,0.0,0.5895,0.5720829763752945,0.5819095336541178,FAR,FAR,0.0,1,,,0.03,0
C2_n0.03_d000_r01,C2,202633,15.9,15.9,0.0,0.59125,0.5817071258593759,0.5818589317054323,FAR,FAR,0.0,1,,,0.03,0
C2_n0.03_d000_r01,C2,202633,15.92,15.92,0.0,0.593,0.5841093071806579,0.5824215255742388,FAR,FAR,0.0,1,,,0.03,0
C2_n0.03_d000_r01,C2,202633,15.94,15.94,0.0,0.5947499999999999,0.5844307691646954,0.5829238364718529,FAR,FAR,0.0,1,,,0.03,0
C2_n0.03_d000_r01,C2,202633,15.96,15.96,0.0,0.5965,0.5679774243089902,0.5791872334311372,FAR,FAR,0.0,1,,,0.03,0
C2_n0.03_d000_r01,C2,202633,15.98,15.98,0.0,0.59825,0.5952730179656011,0.5832086795647532,FAR,FAR,0.0,1,,,0.03,0
C2_n0.03_d000_r01,C2,202633,16.0,16.0,0.0,0.6,0.6133820002943592,0.5907520097471547,FAR,FAR,0.0,1,,,0.03,0
C2_n0.03_d000_r01,C2,202633,16.02,16.02,0.0,0.6,0.5681888793066644,0.5851112271370321,FAR,FAR,0.0,1,,,0.03,0
C2_n0.03_d000_r01,C2,202633,16.04,16.04,0.0,0.6,0.6601298693561611,0.6038658876918144,FAR,FAR,0.0,1,,,0.03,0
C2_n0.03_d000_r01,C2,202633,16.06,16.06,0.0,0.6,0.5748872423713227,0.5966212263616915,FAR,FAR,0.0,1,,,0.03,0
C2_n0.03_d000_r01,C2,202633,16.08,16.08,0.0,0.6,0.5705446925970011,0.5901020929205189,FAR,FAR,0.0,1,,,0.03,0
C2_n0.03_d000_r01,C2,202633,16.1,16.1,0.0,0.6,0.6688209380655326,0.6097818042067723,FAR,FAR,0.0,1,,,0.03,0
C2_n0.03_d000_r01,C2,202633,16.12,16.12,0.0,0.6,0.6212012911831862,0.6126366759508758,FAR,FAR,0.0,1,,,0.03,0
C2_n0.03_d000_r01,C2,202633,16.14,16.14,0.0,0.6,0.6086562007873517,0.6116415571599947,FAR,FAR,0.0,1,,,0.03,0
C2_n0.03_d000_r01,C2,202633,16.16,16.16,0.0,0.6,0.5261015102751514,0.5902565454387838,FAR,FAR,0.0,1,,,0.03,0
C2_n0.03_d000_r01,C2,202633,16.18,16.18,0.0,0.6,0.6057500308620757,0.5941299167946068,FAR,FAR,0.0,1,,,0.03,0
C2_n0.03_d000_r01,C2,202633,16.2,16.2,0.0,0.6,0.5531890982297909,0.5838947121534028,FAR,FAR,0.0,1,,,0.03,0
C2_n0.03_d000_r01,C2,202633,16.22,16.22,0.0,0.6,0.6255394690228444,0.5943059013707632,FAR,FAR,0.0,1,,,0.03,0
C2_n0.03_d000_r01,C2,202633,16.24,16.24,0.0,0.6,0.6375629518575172,0.6051201639924517,FAR,FAR,0.0,1,,,0.03,0
C2_n0.03_d000_r01,C2,202633,16.26,16.26,0.0,0.6,0.5696690970571445,0.5962573972586249,FAR,FAR,0.0,1,,,0.03,0
C2_n0.03_d000_r01,C2,202633,16.28,16.28,0.0,0.6,0.5782033739131157,0.5917438914222476,FAR,FAR,0.0,1,,,0.03,0
C2_n0.03_d000_r01,C2,202633,16.3,16.3,0.0,0.6,0.5596207896320871,0.5837131159747074,FAR,FAR,0.0,1,,,0.03,0
C2_n0.03_d000_r01,C2,202633,16.32,16.32,0.0,0.6,0.5975417352547966,0.5871702707947297,FAR,FAR,0.0,1,,,0.03,0
C2_n0.03_d000_r01,C2,202633,16.34,16.34,0.0,0.6,0.5690612848018335,0.5826430242965057,FAR,FAR,0.0,1,,,0.03,0
C2_n0.03_d000_r01,C2,202633,16.36,16.36,0.0,0.6,0.5634069650196831,0.5778340094773,FAR,FAR,0.0,1,,,0.03,0
C2_n0.03_d000_r01,C2,202633,16.38,16.38,0.0,0.6,0.5547926896293817,0.5720736795153204,FAR,FAR,0.0,1,,,0.03,0
C2_n0.03_d000_r01,C2,202633,16.4,16.4,0.0,0.6,0.6452724415705648,0.5903733700291315,FAR,FAR,0.0,1,,,0.03,0
C2_n0.03_d000_r01,C2,202633,16.42,16.42,0.0,0.6,0.6099732134005339,0.5952733308719821,FAR,FAR,0.0,1,,,0.03,0
C2_n0.03_d000_r01,C2,202633,16.44,16.44,0.0,0.6,0.590838681018334,0.5941646684085701,FAR,FAR,0.0,1,,,0.03,0
C2_n0.03_d000_r01,C2,202633,16.46,16.46,0.0,0.6,0.5877277334649675,0.5925554346726695,FAR,FAR,0.0,1,,,0.03,0
C2_n0.03_d000_r01,C2,202633,16.48,16.48,0.0,0.6,0.6324915213242579,0.6025394563355666,FAR,FAR,0.0,1,,,0.03,0
C2_n0.03_d000_r01,C2,202633,16.5,16.5,0.0,0.6,0.6250664964827701,0.6081712163723675,FAR,FAR,0.0,1,,,0.03,0
C2_n0.03_d000_r01,C2,202633,16.52,16.52,0.0,0.6,0.6015934032113311,0.6065267630821084,FAR,FAR,0.0,1,,,0.03,0
C2_n0.03_d000_r01,C2,202633,16.54,16.54,0.0,0.6,0.6056902250928625,0.606317628584797,FAR,FAR,0.0,1,,,0.03,0
C2_n0.03_d000_r01,C2,202633,16.56,16.56,0.0,0.6,0.5882461535492757,0.6017997598259167,FAR,FAR,0.0,1,,,0.03,0
C2_n0.03_d000_r01,C2,202633,16.58,16.58,0.0,0.6,0.5585717951563482,0.5909927686585246,FAR,FAR,0.0,1,,,0.03,0
C2_n0.03_d000_r01,C2,202633,16.6,16.6,0.0,0.6,0.5936488259739465,0.59165678298738,FAR,FAR,0.0,1,,,0.03,0
C2_n0.03_d000_r01,C2,202633,16.62,16.62,0.0,0.6,0.6173579700368608,0.5980820797497501,FAR,FAR,0.0,1,,,0.03,0
C2_n0.03_d000_r01,C2,202633,16.64,16.64,0.0,0.6,0.618505376855665,0.6031879040262289,FAR,FAR,0.0,1,,,0.03,0
C2_n0.03_d000_r01,C2,202633,16.66,16.66,0.0,0.6,0.5550111273337469,0.5911437098531084,FAR,FAR,0.0,1,,,0.03,0
C2_n0.03_d000_r01,C2,202633,16.68,16.68,0.0,0.6,0.5555610138973166,0.5822480358641604,FAR,FAR,0.0,1,,,0.03,0
C2_n0.03_d000_r01,C2,202633,16.7,16.7,0.0,0.6,0.6014257012554447,0.5870424522119815,FAR,FAR,0.0,1,,,0.03,0
C2_n0.03_d000_r01,C2,202633,16.72,16.72,0.0,0.6,0.547976183724093,0.5772758850900094,FAR,FAR,0.0,1,,,0.03,0
C2_n0.03_d000_r01,C2,202633,16.74,16.74,0.0,0.6,0.5785168038624929,0.5775861147831303,FAR,FAR,0.0,1,,,0.03,0
C2_n0.03_d000_r01,C2,202633,16.76,16.76,0.0,0.6,0.6589006320747608,0.597914744106038,FAR,FAR,0.0,1,,,0.03,0
C2_n0.03_d000_r01,C2,202633,16.78,16.78,0.0,0.6,0.594014681402166,0.5969397284300699,FAR,FAR,0.0,1,,,0.03,0
C2_n0.03_d000_r01,C2,202633,16.8,16.8,0.0,0.6,0.605251065925029,0.5990175628038097,FAR,FAR,0.0,1,,,0.03,0
C2_n0.03_d000_r01,C2,202633,16.82,16.82,0.0,0.6,0.5274004703667579,0.5811132896945468,FAR,FAR,0.0,1,,,0.03,0
C2_n0.03_d000_r01,C2,202633,16.84,16.84,0.0,0.6,0.5509210848409849,0.5735652384811563,FAR,FAR,0.0,1,,,0.03,0
C2_n0.03_d000_r01,C2,202633,16.86,16.86,0.0,0.6,0.5634479566895979,0.5710359180332667,FAR,FAR,0.0,1,,,0.03,0
C2_n0.03_d000_r01,C2,202633,16.88,16.88,0.0,0.6,0.5864454603011768,0.5748883036002442,FAR,FAR,0.0,1,,,0.03,0
C2_n0.03_d000_r01,C2,202633,16.9,16.9,0.0,0.6,0.6074835977518926,0.5830371271381564,FAR,FAR,0.0,1,,,0.03,0
C2_n0.03_d000_r01,C2,202633,16.92,16.92,0.0,0.6,0.6495014098807106,0.5996531978237949,FAR,FAR,0.0,1,,,0.03,0
C2_n0.03_d000_r01,C2,202633,16.94,16.94,0.0,0.6,0.6112487407125734,0.6025520835459895,FAR,FAR,0.0,1,,,0.03,0
C2_n0.03_d000_r01,C2,202633,16.96,16.96,0.0,0.6,0.6747653903976103,0.6206054102588947,FAR,FAR,0.0,1,,,0.03,0
C2_n0.03_d000_r01,C2,202633,16.98,16.98,0.0,0.6,0.6111801189438953,0.6182490874301448,FAR,FAR,0.0,1,,,0.03,0
C2_n0.03_d000_r01,C2,202633,17.0,17.0,0.0,0.6,0.6195720047989429,0.6185798167723443,FAR,FAR,0.0,1,,,0.03,0
C2_n0.03_d000_r01,C2,202633,17.02,17.02,0.0,0.6,0.5444322484604407,0.6000429246943684,FAR,FAR,0.0,1,,,0.03,0
C2_n0.03_d000_r01,C2,202633,17.04,17.04,0.0,0.6,0.6363706212586309,0.6091248488354339,FAR,FAR,0.0,1,,,0.03,0
C2_n0.03_d000_r01,C2,202633,17.06,17.06,0.0,0.6,0.5785301574229418,0.6014761759823108,FAR,FAR,0.0,1,,,0.03,0
C2_n0.03_d000_r01,C2,202633,17.08,17.08,0.0,0.6,0.5661508986405723,0.5926448566468763,FAR,FAR,0.0,1,,,0.03,0
C2_n0.03_d000_r01,C2,202633,17.1,17.1,0.0,0.6,0.6237545711699342,0.6004222852776407,FAR,FAR,0.0,1,,,0.03,0
C2_n0.03_d000_r01,C2,202633,17.12,17.12,0.0,0.6,0.5951838134059062,0.5991126673097071,FAR,FAR,0.0,1,,,0.03,0
C2_n0.03_d000_r01,C2,202633,17.14,17.14,0.0,0.6,0.6417112381157853,0.6097623100112267,FAR,FAR,0.0,1,,,0.03,0
C2_n0.03_d000_r01,C2,202633,17.16,17.16,0.0,0.6,0.5574924497031294,0.5966948449342023,FAR,FAR,0.0,1,,,0.03,0
C2_n0.03_d000_r01,C2,202633,17.18,17.18,0.0,0.6,0.5785536388415231,0.5921595434110325,FAR,FAR,0.0,1,,,0.03,0
C2_n0.03_d000_r01,C2,202633,17.2,17.2,0.0,0.6,0.6409216833617325,0.6043500783987075,FAR,FAR,0.0,1,,,0.03,0
C2_n0.03_d000_r01,C2,202633,17.22,17.22,0.0,0.6,0.619463011632746,0.6081283117072172,FAR,FAR,0.0,1,,,0.03,0
C2_n0.03_d000_r01,C2,202633,17.24,17.24,0.0,0.6,0.5932907912940208,0.6044189316039181,FAR,FAR,0.0,1,,,0.03,0
C2_n0.03_d000_r01,C2,202633,17.26,17.26,0.0,0.6,0.6108627793073428,0.6060298935297743,FAR,FAR,0.0,1,,,0.03,0
C2_n0.03_d000_r01,C2,202633,17.28,17.28,0.0,0.6,0.6024404925178165,0.6051325432767849,FAR,FAR,0.0,1,,,0.03,0
C2_n0.03_d000_r01,C2,202633,17.3,17.3,0.0,0.6,0.6198712563465956,0.6088172215442376,FAR,FAR,0.0,1,,,0.03,0
C2_n0.03_d000_r01,C2,202633,17.32,17.32,0.0,0.6,0.5925409196837578,0.6047481460791176,FAR,FAR,0.0,1,,,0.03,0
C2_n0.03_d000_r01,C2,202633,17.34,17.34,0.0,0.6,0.6081606853197338,0.6056012808892717,FAR,FAR,0.0,1,,,0.03,0
C2_n0.03_d000_r01,C2,202633,17.36,17.36,0.0,0.6,0.5672700200674867,0.5960184656838254,FAR,FAR,0.0,1,,,0.03,0
C2_n0.03_d000_r01,C2,202633,17.38,17.38,0.0,0.6,0.6392850187403722,0.6068351039479621,FAR,FAR,0.0,1,,,0.03,0
C2_n0.03_d000_r01,C2,202633,17.4,17.4,0.0,0.6,0.5580157282910971,0.5946302600337459,FAR,FAR,0.0,1,,,0.03,0
C2_n0.03_d000_r01,C2,202633,17.42,17.42,0.0,0.6,0.6055848708508447,0.5973689127380206,FAR,FAR,0.0,1,,,0.03,0
C2_n0.03_d000_r01,C2,202633,17.44,17.44,0.0,0.6,0.6121236970746718,0.6010576088221834,FAR,FAR,0.0,1,,,0.03,0
C2_n0.03_d000_r01,C2,202633,17.46,17.46,0.0,0.6,0.6481509050207493,0.6128309328718249,FAR,FAR,0.0,1,,,0.03,0
C2_n0.03_d000_r01,C2,202633,17.48,17.48,0.0,0.6,0.6059869757123737,0.6111199435819621,FAR,FAR,0.0,1,,,0.03,0
C2_n0.03_d000_r01,C2,202633,17.5,17.5,0.0,0.6,0.6103126821149543,0.6109181282152101,FAR,FAR,0.0,1,,,0.03,0
C2_n0.03_d000_r01,C2,202633,17.52,17.52,0.0,0.6,0.6077203107262606,0.6101186738429727,FAR,FAR,0.0,1,,,0.03,0
C2_n0.03_d000_r01,C2,202633,17.54,17.54,0.0,0.6,0.5809156383580109,0.6028179149717322,FAR,FAR,0.0,1,,,0.03,0
C2_n0.03_d000_r01,C2,202633,17.56,17.56,0.0,0.6,0.5754793909618706,0.5959832839692668,FAR,FAR,0.0,1,,,0.03,0
C2_n0.03_d000_r01,C2,202633,17.58,17.58,0.0,0.6,0.6162073859709076,0.6010393094696771,FAR,FAR,0.0,1,,,0.03,0
C2_n0.03_d000_r01,C2,202633,17.6,17.6,0.0,0.6,0.6105921137305308,0.6034275105348905,FAR,FAR,0.0,1,,,0.03,0
C2_n0.03_d000_r01,C2,202633,17.62,17.62,0.0,0.6,0.5285837715729875,0.5847165757944148,FAR,FAR,0.0,1,,,0.03,0
C2_n0.03_d000_r01,C2,202633,17.64,17.64,0.0,0.6,0.6519401655059707,0.6015224732223038,FAR,FAR,0.0,1,,,0.03,0
C2_n0.03_d000_r01,C2,202633,17.66,17.66,0.0,0.6,0.5947460516486276,0.5998283678288847,FAR,FAR,0.0,1,,,0.03,0
C2_n0.03_d000_r01,C2,202633,17.68,17.68,0.0,0.6,0.6126482316422749,0.6030333337822322,FAR,FAR,0.0,1,,,0.03,0
C2_n0.03_d000_r01,C2,202633,17.7,17.7,0.0,0.6,0.5793000083975888,0.5971000024360713,FAR,FAR,0.0,1,,,0.03,0
C2_n0.03_d000_r01,C2,202633,17.72,17.72,0.0,0.6,0.6044838542271748,0.5989459653838471,FAR,FAR,0.0,1,,,0.03,0
C2_n0.03_d000_r01,C2,202633,17.74,17.74,0.0,0.6,0.6277972703140058,0.6061587916163869,FAR,FAR,0.0,1,,,0.03,0
C2_n0.03_d000_r01,C2,202633,17.76,17.76,0.0,0.6,0.6184230330557251,0.6092248519762214,FAR,FAR,0.0,1,,,0.03,0
C2_n0.03_d000_r01,C2,202633,17.78,17.78,0.0,0.6,0.6431652700175085,0.6177099564865433,FAR,FAR,0.0,1,,,0.03,0
C2_n0.03_d000_r01,C2,202633,17.8,17.8,0.0,0.6,0.5884756416108246,0.6104013777676136,FAR,FAR,0.0,1,,,0.03,0
C2_n0.03_d000_r01,C2,202633,17.82,17.82,0.0,0.6,0.5978008585522693,0.6072512479637775,FAR,FAR,0.0,1,,,0.03,0
C2_n0.03_d000_r01,C2,202633,17.84,17.84,0.0,0.6,0.6161409498145485,0.6094736734264703,FAR,FAR,0.0,1,,,0.03,0
C2_n0.03_d000_r01,C2,202633,17.86,17.86,0.0,0.6,0.6449853696505399,0.6183515974824877,FAR,FAR,0.0,1,,,0.03,0
C2_n0.03_d000_r01,C2,202633,17.88,17.88,0.0,0.6,0.5921552045679273,0.6118024992538476,FAR,FAR,0.0,1,,,0.03,0
C2_n0.03_d000_r01,C2,202633,17.9,17.9,0.0,0.6,0.6376897538156376,0.6182743128942951,FAR,FAR,0.0,1,,,0.03,0
C2_n0.03_d000_r01,C2,202633,17.92,17.92,0.0,0.6,0.5858954815361672,0.6101796050547632,FAR,FAR,0.0,1,,,0.03,0
C2_n0.03_d000_r01,C2,202633,17.94,17.94,0.0,0.6,0.5863579807676811,0.6042241989829926,FAR,FAR,0.0,1,,,0.03,0
C2_n0.03_d000_r01,C2,202633,17.96,17.96,0.0,0.6,0.607656524176063,0.6050822802812602,FAR,FAR,0.0,1,,,0.03,0
C2_n0.03_d000_r01,C2,202633,17.98,17.98,0.0,0.6,0.5502463879690942,0.5913733072032187,FAR,FAR,0.0,1,,,0.03,0
C2_n0.03_d000_r01,C2,202633,18.0,18.0,0.0,0.6,0.6128941336414045,0.5967535138127651,FAR,FAR,0.0,1,,,0.03,0
C2_n0.03_d000_r01,C2,202633,18.02,18.02,0.0,0.6,0.6289415098875402,0.6048005128314589,FAR,FAR,0.0,1,,,0.03,0
C2_n0.03_d000_r01,C2,202633,18.04,18.04,0.0,0.6,0.6135998266988438,0.6070003412983052,FAR,FAR,0.0,1,,,0.03,0
C2_n0.03_d000_r01,C2,202633,18.06,18.06,0.0,0.6,0.6077917581346175,0.6071981955073833,FAR,FAR,0.0,1,,,0.03,0
C2_n0.03_d000_r01,C2,202633,18.08,18.08,0.0,0.6,0.6372127382773721,0.6147018311998805,FAR,FAR,0.0,1,,,0.03,0
C2_n0.03_d000_r01,C2,202633,18.1,18.1,0.0,0.6,0.639914496392903,0.6210049974981361,FAR,FAR,0.0,1,,,0.03,0
C2_n0.03_d000_r01,C2,202633,18.12,18.12,0.0,0.6,0.6201547275481513,0.6207924300106399,FAR,FAR,0.0,1,,,0.03,0
C2_n0.03_d000_r01,C2,202633,18.14,18.14,0.0,0.6,0.5935214230650326,0.6139746782742381,FAR,FAR,0.0,1,,,0.03,0
C2_n0.03_d000_r01,C2,202633,18.16,18.16,0.0,0.6,0.6188671865197646,0.6151978053356197,FAR,FAR,0.0,1,,,0.03,0
C2_n0.03_d000_r01,C2,202633,18.18,18.18,0.0,0.6,0.5913129661791218,0.6092265955464953,FAR,FAR,0.0,1,,,0.03,0
C2_n0.03_d000_r01,C2,202633,18.2,18.2,0.0,0.6,0.6136917397817263,0.610342881605303,FAR,FAR,0.0,1,,,0.03,0
C2_n0.03_d000_r01,C2,202633,18.22,18.22,0.0,0.6,0.6631573700628041,0.6235465037196782,FAR,FAR,0.0,1,,,0.03,0
C2_n0.03_d000_r01,C2,202633,18.24,18.24,0.0,0.6,0.5854845816559742,0.6140310232037522,FAR,FAR,0.0,1,,,0.03,0
C2_n0.03_d000_r01,C2,202633,18.26,18.26,0.0,0.6,0.6002826686467906,0.6105939345645118,FAR,FAR,0.0,1,,,0.03,0
C2_n0.03_d000_r01,C2,202633,18.28,18.28,0.0,0.6,0.5855481585177749,0.6043324905528276,FAR,FAR,0.0,1,,,0.03,0
C2_n0.03_d000_r01,C2,202633,18.3,18.3,0.0,0.6,0.5404012285847298,0.5883496750608032,FAR,FAR,0.0,1,,,0.03,0
C2_n0.03_d000_r01,C2,202633,18.32,18.32,0.0,0.6,0.5891183825928861,0.5885418519438239,FAR,FAR,0.0,1,,,0.03,0
C2_n0.03_d000_r01,C2,202633,18.34,18.34,0.0,0.6,0.5652069978970603,0.582708138432133,FAR,FAR,0.0,1,,,0.03,0
C2_n0.03_d000_r01,C2,202633,18.36,18.36,0.0,0.6,0.6261246311583524,0.5935622616136877,FAR,FAR,0.0,1,,,0.03,0
C2_n0.03_d000_r01,C2,202633,18.38,18.38,0.0,0.6,0.6414684212572397,0.6055388015245757,FAR,FAR,0.0,1,,,0.03,0
C2_n0.03_d000_r01,C2,202633,18.4,18.4,0.0,0.6,0.5776644417545261,0.5985702115820634,FAR,FAR,0.0,1,,,0.03,0
C2_n0.03_d000_r01,C2,202633,18.42,18.42,0.0,0.6,0.6051750236658099,0.6002214146029999,FAR,FAR,0.0,1,,,0.03,0
C2_n0.03_d000_r01,C2,202633,18.44,18.44,0.0,0.6,0.5872990180594987,0.5969908154671246,FAR,FAR,0.0,1,,,0.03,0
C2_n0.03_d000_r01,C2,202633,18.46,18.46,0.0,0.6,0.6189852006733509,0.6024894117686812,FAR,FAR,0.0,1,,,0.03,0
C2_n0.03_d000_r01,C2,202633,18.48,18.48,0.0,0.6,0.5539859741412817,0.5903635523618314,FAR,FAR,0.0,1,,,0.03,0
C2_n0.03_d000_r01,C2,202633,18.5,18.5,0.0,0.6,0.6319582587626941,0.600762228962047,FAR,FAR,0.0,1,,,0.03,0
C2_n0.03_d000_r01,C2,202633,18.52,18.52,0.0,0.6,0.5744761377290181,0.5941907061537898,FAR,FAR,0.0,1,,,0.03,0
C2_n0.03_d000_r01,C2,202633,18.54,18.54,0.0,0.6,0.6326198152509601,0.6037979834280823,FAR,FAR,0.0,1,,,0.03,0
C2_n0.03_d000_r01,C2,202633,18.56,18.56,0.0,0.6,0.5894783734967305,0.6002180809452444,FAR,FAR,0.0,1,,,0.03,0
C2_n0.03_d000_r01,C2,202633,18.58,18.58,0.0,0.6,0.5992324874667753,0.5999716825756272,FAR,FAR,0.0,1,,,0.03,0
C2_n0.03_d000_r01,C2,202633,18.6,18.6,0.0,0.6,0.5952227723854341,0.5987844550280789,FAR,FAR,0.0,1,,,0.03,0
C2_n0.03_d000_r01,C2,202633,18.62,18.62,0.0,0.6,0.6474125991560351,0.6109414910600679,FAR,FAR,0.0,1,,,0.03,0
C2_n0.03_d000_r01,C2,202633,18.64,18.64,0.0,0.6,0.5844008043065565,0.60430631937169,FAR,FAR,0.0,1,,,0.03,0
C2_n0.03_d000_r01,C2,202633,18.66,18.66,0.0,0.6,0.635888852001131,0.6122019525290503,FAR,FAR,0.0,1,,,0.03,0
C2_n0.03_d000_r01,C2,202633,18.68,18.68,0.0,0.6,0.6265941577547207,0.6158000038354678,FAR,FAR,0.0,1,,,0.03,0
C2_n0.03_d000_r01,C2,202633,18.7,18.7,0.0,0.6,0.6204451919833562,0.6169613008724399,FAR,FAR,0.0,1,,,0.03,0
C2_n0.03_d000_r01,C2,202633,18.72,18.72,0.0,0.6,0.6051313871127214,0.6140038224325103,FAR,FAR,0.0,1,,,0.03,0
C2_n0.03_d000_r01,C2,202633,18.74,18.74,0.0,0.6,0.5490845694356691,0.5977740091832999,FAR,FAR,0.0,1,,,0.03,0
C2_n0.03_d000_r01,C2,202633,18.76,18.76,0.0,0.6,0.6024440012321614,0.5989415071955153,FAR,FAR,0.0,1,,,0.03,0
C2_n0.03_d000_r01,C2,202633,18.78,18.78,0.0,0.6,0.6371844635864328,0.6085022462932447,FAR,FAR,0.0,1,,,0.03,0
C2_n0.03_d000_r01,C2,202633,18.8,18.8,0.0,0.6,0.6464331607339812,0.6179849749034289,FAR,FAR,0.0,1,,,0.03,0
C2_n0.03_d000_r01,C2,202633,18.82,18.82,0.0,0.6,0.5845310514205723,0.6096214940327147,FAR,FAR,0.0,1,,,0.03,0
C2_n0.03_d000_r01,C2,202633,18.84,18.84,0.0,0.6,0.5998875642122016,0.6071880115775864,FAR,FAR,0.0,1,,,0.03,0
C2_n0.03_d000_r01,C2,202633,18.86,18.86,0.0,0.6,0.6073168572703178,0.6072202230007693,FAR,FAR,0.0,1,,,0.03,0
C2_n0.03_d000_r01,C2,202633,18.88,18.88,0.0,0.6,0.6552833934538634,0.6192360156140428,FAR,FAR,0.0,1,,,0.03,0
C2_n0.03_d000_r01,C2,202633,18.9,18.9,0.0,0.6,0.6076617687745445,0.6163424539041682,FAR,FAR,0.0,1,,,0.03,0
C2_n0.03_d000_r01,C2,202633,18.92,18.92,0.0,0.6,0.5973481680008457,0.6115938824283376,FAR,FAR,0.0,1,,,0.03,0
C2_n0.03_d000_r01,C2,202633,18.94,18.94,0.0,0.6,0.6365621956004878,0.6178359607213751,FAR,FAR,0.0,1,,,0.03,0
C2_n0.03_d000_r01,C2,202633,18.96,18.96,0.0,0.6,0.5671695724847771,0.6051693636622256,FAR,FAR,0.0,1,,,0.03,0
C2_n0.03_d000_r01,C2,202633,18.98,18.98,0.0,0.6,0.5820053736595079,0.5993783661615462,FAR,FAR,0.0,1,,,0.03,0
C2_n0.03_d000_r01,C2,202633,19.0,19.0,0.0,0.6,0.633157069609981,0.6078230420236549,FAR,FAR,0.0,1,,,0.03,0
C2_n0.03_d000_r01,C2,202633,19.02,19.02,0.0,0.6,0.6579093346885403,0.6203446151898762,FAR,FAR,0.0,1,,,0.03,0
C2_n0.03_d000_r01,C2,202633,19.04,19.04,0.0,0.6,0.5889261749488551,0.6124900051296209,FAR,FAR,0.0,1,,,0.03,0
C2_n0.03_d000_r01,C2,202633,19.06,19.06,0.0,0.6,0.5707964878792842,0.6020666258170367,FAR,FAR,0.0,1,,,0.03,0
C2_n0.03_d000_r01,C2,202633,19.08,19.08,0.0,0.6,0.6025906958697833,0.6021976433302234,FAR,FAR,0.0,1,,,0.03,0
C2_n0.03_d000_r01,C2,202633,19.1,19.1,0.0,0.6,0.6270623946407167,0.6084138311578468,FAR,FAR,0.0,1,,,0.03,0
C2_n0.03_d000_r01,C2,202633,19.12,19.12,0.0,0.6,0.5855838696916021,0.6027063407912856,FAR,FAR,0.0,1,,,0.03,0
C2_n0.03_d000_r01,C2,202633,19.14,19.14,0.0,0.6,0.5707097412665383,0.5947071909100987,FAR,FAR,0.0,1,,,0.03,0
C2_n0.03_d000_r01,C2,202633,19.16,19.16,0.0,0.6,0.592817773695253,0.5942348366063873,FAR,FAR,0.0,1,,,0.03,0
C2_n0.03_d000_r01,C2,202633,19.18,19.18,0.0,0.6,0.5718440448383273,0.5886371386643723,FAR,FAR,0.0,1,,,0.03,0
C2_n0.03_d000_r01,C2,202633,19.2,19.2,0.0,0.6,0.6022475837812526,0.5920397499435923,FAR,FAR,0.0,1,,,0.03,0
C2_n0.03_d000_r01,C2,202633,19.22,19.22,0.0,0.6,0.6202117558554199,0.5990827514215492,FAR,FAR,0.0,1,,,0.03,0
C2_n0.03_d000_r01,C2,202633,19.24,19.24,0.0,0.6,0.6182596530828997,0.6038769768368868,FAR,FAR,0.0,1,,,0.03,0
C2_n0.03_d000_r01,C2,202633,19.26,19.26,0.0,0.6,0.5897292600863109,0.6003400476492429,FAR,FAR,0.0,1,,,0.03,0
C2_n0.03_d000_r01,C2,202633,19.28,19.28,0.0,0.6,0.6075947769722351,0.602153729979991,FAR,FAR,0.0,1,,,0.03,0
C2_n0.03_d000_r01,C2,202633,19.3,19.3,0.0,0.6,0.6166369620866059,0.6057745380066446,FAR,FAR,0.0,1,,,0.03,0
C2_n0.03_d000_r01,C2,202633,19.32,19.32,0.0,0.6,0.6644052598554923,0.6204322184688565,FAR,FAR,0.0,1,,,0.03,0
C2_n0.03_d000_r01,C2,202633,19.34,19.34,0.0,0.6,0.588617515298796,0.6124785426763415,FAR,FAR,0.0,1,,,0.03,0
C2_n0.03_d000_r01,C2,202633,19.36,19.36,0.0,0.6,0.6099775076111751,0.6118532839100499,FAR,FAR,0.0,1,,,0.03,0
C2_n0.03_d000_r01,C2,202633,19.38,19.38,0.0,0.6,0.6097092641106436,0.6113172789601984,FAR,FAR,0.0,1,,,0.03,0
C2_n0.03_d000_r01,C2,202633,19.4,19.4,0.0,0.6,0.5820779012462907,0.6040074345317215,FAR,FAR,0.0,1,,,0.03,0
C2_n0.03_d000_r01,C2,202633,19.42,19.42,0.0,0.6,0.6174199505271736,0.6073605635305845,FAR,FAR,0.0,1,,,0.03,0
C2_n0.03_d000_r01,C2,202633,19.44,19.44,0.0,0.6,0.6007868764933592,0.6057171417712782,FAR,FAR,0.0,1,,,0.03,0
C2_n0.03_d000_r01,C2,202633,19.46,19.46,0.0,0.6,0.6507738528828696,0.6169813195491761,FAR,FAR,0.0,1,,,0.03,0
C2_n0.03_d000_r01,C2,202633,19.48,19.48,0.0,0.6,0.5927160411645758,0.6109149999530261,FAR,FAR,0.0,1,,,0.03,0
C2_n0.03_d000_r01,C2,202633,19.5,19.5,0.0,0.6,0.6030660088743711,0.6089527521833624,FAR,FAR,0.0,1,,,0.03,0
C2_n0.03_d000_r01,C2,202633,19.52,19.52,0.0,0.6,0.5946035969531612,0.6053654633758121,FAR,FAR,0.0,1,,,0.03,0
C2_n0.03_d000_r01,C2,202633,19.54,19.54,0.0,0.6,0.6405795568665505,0.6141689867484967,FAR,FAR,0.0,1,,,0.03,0
C2_n0.03_d000_r01,C2,202633,19.56,19.56,0.0,0.6,0.6322496102463491,0.6186891426229598,FAR,FAR,0.0,1,,,0.03,0
C2_n0.03_d000_r01,C2,202633,19.58,19.58,0.0,0.6,0.5876974196764301,0.6109412118863273,FAR,FAR,0.0,1,,,0.03,0
C2_n0.03_d000_r01,C2,202633,19.6,19.6,0.0,0.6,0.631430402883769,0.6160635096356877,FAR,FAR,0.0,1,,,0.03,0
C2_n0.03_d000_r01,C2,202633,19.62,19.62,0.0,0.6,0.6854427637727533,0.6334083231699541,FAR,FAR,0.0,1,,,0.03,0
C2_n0.03_d000_r01,C2,202633,19.64,19.64,0.0,0.6,0.5970674112209121,0.6243230951826936,FAR,FAR,0.0,1,,,0.03,0
C2_n0.03_d000_r01,C2,202633,19.66,19.66,0.0,0.6,0.5778917225995155,0.612715252036899,FAR,FAR,0.0,1,,,0.03,0
C2_n0.03_d000_r01,C2,202633,19.68,19.68,0.0,0.6,0.5661485344191622,0.6010735726324649,FAR,FAR,0.0,1,,,0.03,0
C2_n0.03_d000_r01,C2,202633,19.7,19.7,0.0,0.6,0.5863894546154,0.5974025431281986,FAR,FAR,0.0,1,,,0.03,0
C2_n0.03_d000_r01,C2,202633,19.72,19.72,0.0,0.6,0.5728713413675824,0.5912697426880446,FAR,FAR,0.0,1,,,0.03,0
C2_n0.03_d000_r01,C2,202633,19.74,19.74,0.0,0.6,0.5987462273870089,0.5931388638627857,FAR,FAR,0.0,1,,,0.03,0
C2_n0.03_d000_r01,C2,202633,19.76,19.76,0.0,0.6,0.578054912745632,0.5893678760834973,FAR,FAR,0.0,1,,,0.03,0
C2_n0.03_d000_r01,C2,202633,19.78,19.78,0.0,0.6,0.5243954251015734,0.5731247633380163,FAR,FAR,0.0,1,,,0.03,0
C2_n0.03_d000_r01,C2,202633,19.8,19.8,0.0,0.6,0.6277397928896699,0.5867785207259297,FAR,FAR,0.0,1,,,0.03,0
C2_n0.03_d000_r01,C2,202633,19.82,19.82,0.0,0.6,0.6712964317029474,0.6079079984701842,FAR,FAR,0.0,1,,,0.03,0
C2_n0.03_d000_r01,C2,202633,19.84,19.84,0.0,0.6,0.6021415264350761,0.6064663804614071,FAR,FAR,0.0,1,,,0.03,0
C2_n0.03_d000_r01,C2,202633,19.86,19.86,0.0,0.6,0.6324832056891664,0.6129705867683469,FAR,FAR,0.0,1,,,0.03,0
C2_n0.03_d000_r01,C2,202633,19.88,19.88,0.0,0.6,0.5880764844992274,0.606747061201067,FAR,FAR,0.0,1,,,0.03,0
C2_n0.03_d000_r01,C2,202633,19.9,19.9,0.0,0.6,0.6277186170709345,0.6119899501685339,FAR,FAR,0.0,1,,,0.03,0
C2_n0.03_d000_r01,C2,202633,19.92,19.92,0.0,0.6,0.566756626870602,0.6006816193440508,FAR,FAR,0.0,1,,,0.03,0
C2_n0.03_d000_r01,C2,202633,19.94,19.94,0.0,0.6,0.5737688454012385,0.5939534258583478,FAR,FAR,0.0,1,,,0.03,0
C2_n0.03_d000_r01,C2,202633,19.96,19.96,0.0,0.6,0.6480858992877124,0.6074865442156889,FAR,FAR,0.0,1,,,0.03,0
C2_n0.03_d000_r01,C2,202633,19.98,19.98,0.0,0.6,0.5776720387965697,0.6000329178609092,FAR,FAR,0.0,1,,,0.03,0
C2_n0.03_d000_r01,C2,202633,20.0,20.0,0.0,0.6,0.6136104919096214,0.6034273113730872,FAR,FAR,0.0,1,,,0.03,0
