trial_id,condition,seed,time_s,sensor_time_s,sample_age_s,true_distance_m,raw_distance_m,filtered_distance_m,expected_state,state,command,valid,event_label,invalid_reason,noise_sigma_m,delay_ms
C2_n0.03_d300_r05,C2,202647,0.0,0.0,nan,0.6,,,FAR,FAR,0.0,0,INVALID,MISSING_OR_DELAY_BUFFER,0.03,300
C2_n0.03_d300_r05,C2,202647,0.02,0.02,nan,0.6,,,FAR,FAR,0.0,0,INVALID,MISSING_OR_DELAY_BUFFER,0.03,300
C2_n0.03_d300_r05,C2,202647,0.04,0.04,nan,0.6,,,FAR,FAR,0.0,0,INVALID,MISSING_OR_DELAY_BUFFER,0.03,300
C2_n0.03_d300_r05,C2,202647,0.06,0.06,nan,0.6,,,FAR,FAR,0.0,0,INVALID,MISSING_OR_DELAY_BUFFER,0.03,300
C2_n0.03_d300_r05,C2,202647,0.08,0.08,nan,0.6,,,FAR,FAR,0.0,0,INVALID,MISSING_OR_DELAY_BUFFER,0.03,300
C2_n0.03_d300_r05,C2,202647,0.1,0.1,nan,0.6,,,FAR,FAR,0.0,0,INVALID,MISSING_OR_DELAY_BUFFER,0.03,300
C2_n0.03_d300_r05,C2,202647,0.12,0.12,nan,0.6,,,FAR,FAR,0.0,0,INVALID,MISSING_OR_DELAY_BUFFER,0.03,300
C2_n0.03_d300_r05,C2,202647,0.14,0.14,nan,0.6,,,FAR,FAR,0.0,0,INVALID,MISSING_OR_DELAY_BUFFER,0.03,300
C2_n0.03_d300_r05,C2,202647,0.16,0.16,nan,0.6,,,FAR,FAR,0.0,0,INVALID,MISSING_OR_DELAY_BUFFER,0.03,300
C2_n0.03_d300_r05,C2,202647,0.18,0.18,nan,0.6,,,FAR,FAR,0.0,0,INVALID,MISSING_OR_DELAY_BUFFER,0.03,300
C2_n0.03_d300_r05,C2,202647,0.2,0.2,nan,0.6,,,FAR,FAR,0.0,0,INVALID,MISSING_OR_DELAY_BUFFER,0.03,300
C2_n0.03_d300_r05,C2,202647,0.22,0.22,nan,0.6,,,FAR,FAR,0.0,0,INVALID,MISSING_OR_DELAY_BUFFER,0.03,300
C2_n0.03_d300_r05,C2,202647,0.24,0.24,nan,0.6,,,FAR,FAR,0.0,0,INVALID,MISSING_OR_DELAY_BUFFER,0.03,300
C2_n0.03_d300_r05,C2,202647,0.26,0.26,nan,0.6,,,FAR,FAR,0.0,0,INVALID,MISSING_OR_DELAY_BUFFER,0.03,300
C2_n0.03_d300_r05,C2,202647,0.28,0.28,nan,0.6,,,FAR,FAR,0.0,0,INVALID,MISSING_OR_DELAY_BUFFER,0.03,300
C2_n0.03_d300_r05,C2,202647,0.3,0.0,0.3,0.6,0.5583417844652715,0.5583417844652715,FAR,FAR,0.0,1,,,0.03,300
C2_n0.03_d300_r05,C2,202647,0.32,0.02,0.3,0.6,0.5812148962928917,0.5640600624221765,FAR,FAR,0.0,1,,,0.03,300
C2_n0.03_d300_r05,C2,202647,0.34,0.04,0.30000000000000004,0.6,0.6268238173604771,0.5797510011567517,FAR,FAR,0.0,1,,,0.03,300
C2_n0.03_d300_r05,C2,202647,0.36,0.06,0.3,0.6,0.5492272290830508,0.5721200581383264,FAR,FAR,0.0,1,,,0.03,300
C2_n0.03_d300_r05,C2,202647,0.38,0.08,0.3,0.6,0.5707843895132022,0.5717861409820454,FAR,FAR,0.0,1,,,0.03,300
C2_n0.03_d300_r05,C2,202647,0.4,0.1,0.30000000000000004,0.6,0.6141758562308883,0.5823835697942561,FAR,FAR,0.0,1,,,0.03,300
C2_n0.03_d300_r05,C2,202647,0.42,0.12,0.3,0.6,0.5765287196201357,0.580919857250726,FAR,FAR,0.0,1,,,0.03,300
C2_n0.03_d300_r05,C2,202647,0.44,0.14,0.3,0.6,0.5924173667617395,0.5837942346284793,FAR,FAR,0.0,1,,,0.03,300
C2_n0.03_d300_r05,C2,202647,0.46,0.16,0.30000000000000004,0.6,0.5620155935124166,0.5783495743494637,FAR,FAR,0.0,1,,,0.03,300
C2_n0.03_d300_r05,C2,202647,0.48,0.18,0.3,0.6,0.5906539164314604,0.5814256598699628,FAR,FAR,0.0,1,,,0.03,300
C2_n0.03_d300_r05,C2,202647,0.5,0.2,0.3,0.6,0.60644368063711,0.5876801650617496,FAR,FAR,0.0,1,,,0.03,300
C2_n0.03_d300_r05,C2,202647,0.52,0.22,0.30000000000000004,0.6,0.6122823577242938,0.5938307132273857,FAR,FAR,0.0,1,,,0.03,300
C2_n0.03_d300_r05,C2,202647,0.54,0.24,0.30000000000000004,0.6,0.5776122379159085,0.5897760943995164,FAR,FAR,0.0,1,,,0.03,300
C2_n0.03_d300_r05,C2,202647,0.56,0.26,0.30000000000000004,0.6,0.49361587609426405,0.5657360398232033,FAR,FAR,0.0,1,,,0.03,300
C2_n0.03_d300_r05,C2,202647,0.58,0.28,0.29999999999999993,0.6,0.5734966646220292,0.5676761960229098,FAR,FAR,0.0,1,,,0.03,300
C2_n0.03_d300_r05,C2,202647,0.6,0.3,0.3,0.6,0.6565696755287382,0.5898995658993669,FAR,FAR,0.0,1,,,0.03,300
C2_n0.03_d300_r05,C2,202647,0.62,0.32,0.3,0.6,0.5653610485758902,0.5837649365684977,FAR,FAR,0.0,1,,,0.03,300
C2_n0.03_d300_r05,C2,202647,0.64,0.34,0.3,0.6,0.6040316385077958,0.5888316120533222,FAR,FAR,0.0,1,,,0.03,300
C2_n0.03_d300_r05,C2,202647,0.66,0.36,0.30000000000000004,0.6,0.5975450378282935,0.5910099684970651,FAR,FAR,0.0,1,,,0.03,300
C2_n0.03_d300_r05,C2,202647,0.68,0.38,0.30000000000000004,0.6,0.5742936136696765,0.586830879790218,FAR,FAR,0.0,1,,,0.03,300
C2_n0.03_d300_r05,C2,202647,0.7,0.4,0.29999999999999993,0.6,0.6072264111525141,0.591929762630792,FAR,FAR,0.0,1,,,0.03,300
C2_n0.03_d300_r05,C2,202647,0.72,0.42,0.3,0.6,0.5714759075806618,0.5868162988682595,FAR,FAR,0.0,1,,,0.03,300
C2_n0.03_d300_r05,C2,202647,0.74,0.44,0.3,0.6,0.5937877163889063,0.5885591532484211,FAR,FAR,0.0,1,,,0.03,300
C2_n0.03_d300_r05,C2,202647,0.76,0.46,0.3,0.6,0.6020814275272077,0.5919397218181177,FAR,FAR,0.0,1,,,0.03,300
C2_n0.03_d300_r05,C2,202647,0.78,0.48,0.30000000000000004,0.6,0.6090551915204024,0.5962185892436889,FAR,FAR,0.0,1,,,0.03,300
C2_n0.03_d300_r05,C2,202647,0.8,0.5,0.30000000000000004,0.6,0.6170625469823077,0.6014295786783436,FAR,FAR,0.0,1,,,0.03,300
C2_n0.03_d300_r05,C2,202647,0.82,0.52,0.29999999999999993,0.6,0.5874502502727169,0.5979347465769369,FAR,FAR,0.0,1,,,0.03,300
C2_n0.03_d300_r05,C2,202647,0.84,0.54,0.29999999999999993,0.6,0.6095253343747856,0.6008323935263991,FAR,FAR,0.0,1,,,0.03,300
C2_n0.03_d300_r05,C2,202647,0.86,0.56,0.29999999999999993,0.6,0.5505640612777274,0.5882653104642311,FAR,FAR,0.0,1,,,0.03,300
C2_n0.03_d300_r05,C2,202647,0.88,0.58,0.30000000000000004,0.6,0.5990637678767963,0.5909649248173725,FAR,FAR,0.0,1,,,0.03,300
C2_n0.03_d300_r05,C2,202647,0.9,0.6,0.30000000000000004,0.6,0.6449474343085742,0.6044605521901729,FAR,FAR,0.0,1,,,0.03,300
C2_n0.03_d300_r05,C2,202647,0.92,0.62,0.30000000000000004,0.6,0.6213037929433658,0.6086713623784712,FAR,FAR,0.0,1,,,0.03,300
C2_n0.03_d300_r05,C2,202647,0.94,0.64,0.29999999999999993,0.6,0.5439088076773866,0.5924807237032,FAR,FAR,0.0,1,,,0.03,300
C2_n0.03_d300_r05,C2,202647,0.96,0.66,0.29999999999999993,0.6,0.6127716643665688,0.5975534588690422,FAR,FAR,0.0,1,,,0.03,300
C2_n0.03_d300_r05,C2,202647,0.98,0.68,0.29999999999999993,0.6,0.6202026847421758,0.6032157653373256,FAR,FAR,0.0,1,,,0.03,300
C2_n0.03_d300_r05,C2,202647,1.0,0.7,0.30000000000000004,0.6,0.6365031024868423,0.6115375996247048,FAR,FAR,0.0,1,,,0.03,300
C2_n0.03_d300_r05,C2,202647,1.02,0.72,0.30000000000000004,0.6,0.5561914127344151,0.5977010529021324,FAR,FAR,0.0,1,,,0.03,300
C2_n0.03_d300_r05,C2,202647,1.04,0.74,0.30000000000000004,0.6,0.5748665661020408,0.5919924312021095,FAR,FAR,0.0,1,,,0.03,300
C2_n0.03_d300_r05,C2,202647,1.06,0.76,0.30000000000000004,0.6,0.5830365198677994,0.589753453368532,FAR,FAR,0.0,1,,,0.03,300
C2_n0.03_d300_r05,C2,202647,1.08,0.78,0.30000000000000004,0.6,0.6558354565069969,0.6062739541531482,FAR,FAR,0.0,1,,,0.03,300
C2_n0.03_d300_r05,C2,202647,1.1,0.8,0.30000000000000004,0.6,0.6432169489701971,0.6155097028574104,FAR,FAR,0.0,1,,,0.03,300
C2_n0.03_d300_r05,C2,202647,1.12,0.82,0.30000000000000016,0.6,0.6109204756998462,0.6143623960680193,FAR,FAR,0.0,1,,,0.03,300
C2_n0.03_d300_r05,C2,202647,1.14,0.84,0.29999999999999993,0.6,0.6246734888502067,0.6169401692635662,FAR,FAR,0.0,1,,,0.03,300
C2_n0.03_d300_r05,C2,202647,1.16,0.86,0.29999999999999993,0.6,0.5688650411783917,0.6049213872422725,FAR,FAR,0.0,1,,,0.03,300
C2_n0.03_d300_r05,C2,202647,1.18,0.88,0.29999999999999993,0.6,0.611112108714846,0.6064690676104159,FAR,FAR,0.0,1,,,0.03,300
C2_n0.03_d300_r05,C2,202647,1.2,0.9,0.29999999999999993,0.6,0.626008727377533,0.6113539825521952,FAR,FAR,0.0,1,,,0.03,300
C2_n0.03_d300_r05,C2,202647,1.22,0.92,0.29999999999999993,0.6,0.6211549083076687,0.6138042139910636,FAR,FAR,0.0,1,,,0.03,300
C2_n0.03_d300_r05,C2,202647,1.24,0.94,0.30000000000000004,0.6,0.589331439321553,0.6076860203236859,FAR,FAR,0.0,1,,,0.03,300
C2_n0.03_d300_r05,C2,202647,1.26,0.96,0.30000000000000004,0.6,0.5319573129051132,0.5887538434690427,FAR,FAR,0.0,1,,,0.03,300
C2_n0.03_d300_r05,C2,202647,1.28,0.98,0.30000000000000004,0.6,0.5605504909679562,0.5817030053437711,FAR,FAR,0.0,1,,,0.03,300
C2_n0.03_d300_r05,C2,202647,1.3,1.0,0.30000000000000004,0.6,0.6543351701211837,0.5998610465381242,FAR,FAR,0.0,1,,,0.03,300
C2_n0.03_d300_r05,C2,202647,1.32,1.02,0.30000000000000004,0.6,0.6181410742184008,0.6044310534581934,FAR,FAR,0.0,1,,,0.03,300
C2_n0.03_d300_r05,C2,202647,1.34,1.04,0.30000000000000004,0.6,0.5953524426905338,0.6021614007662784,FAR,FAR,0.0,1,,,0.03,300
C2_n0.03_d300_r05,C2,202647,1.36,1.06,0.30000000000000004,0.6,0.6391149574800291,0.6113997899447161,FAR,FAR,0.0,1,,,0.03,300
C2_n0.03_d300_r05,C2,202647,1.38,1.08,0.2999999999999998,0.6,0.5904531281599533,0.6061631244985254,FAR,FAR,0.0,1,,,0.03,300
C2_n0.03_d300_r05,C2,202647,1.4,1.1,0.2999999999999998,0.6,0.6008488315362664,0.6048345512579607,FAR,FAR,0.0,1,,,0.03,300
C2_n0.03_d300_r05,C2,202647,1.42,1.12,0.2999999999999998,0.6,0.6262627311283249,0.6101915962255517,FAR,FAR,0.0,1,,,0.03,300
C2_n0.03_d300_r05,C2,202647,1.44,1.14,0.30000000000000004,0.6,0.6237446920134505,0.6135798701725265,FAR,FAR,0.0,1,,,0.03,300
C2_n0.03_d300_r05,C2,202647,1.46,1.16,0.30000000000000004,0.6,0.5801846640882552,0.6052310686514586,FAR,FAR,0.0,1,,,0.03,300
C2_n0.03_d300_r05,C2,202647,1.48,1.18,0.30000000000000004,0.6,0.5775663752464641,0.59831489530021,FAR,FAR,0.0,1,,,0.03,300
C2_n0.03_d300_r05,C2,202647,1.5,1.2,0.30000000000000004,0.6,0.562793422425994,0.589434527081656,FAR,FAR,0.0,1,,,0.03,300
C2_n0.03_d300_r05,C2,202647,1.52,1.22,0.30000000000000004,0.6,0.6348704642741977,0.6007935113797914,FAR,FAR,0.0,1,,,0.03,300
C2_n0.03_d300_r05,C2,202647,1.54,1.24,0.30000000000000004,0.6,0.5492319952200782,0.5879031323398631,FAR,FAR,0.0,1,,,0.03,300
C2_n0.03_d300_r05,C2,202647,1.56,1.26,0.30000000000000004,0.6,0.6556876009366752,0.6048492494890662,FAR,FAR,0.0,1,,,0.03,300
C2_n0.03_d300_r05,C2,202647,1.58,1.28,0.30000000000000004,0.6,0.5929840087873587,0.6018829393136393,FAR,FAR,0.0,1,,,0.03,300
C2_n0.03_d300_r05,C2,202647,1.6,1.3,0.30000000000000004,0.6,0.5490447212380596,0.5886733847947444,FAR,FAR,0.0,1,,,0.03,300
C2_n0.03_d300_r05,C2,202647,1.62,1.32,0.30000000000000004,0.6,0.6009010595291455,0.5917303034783447,FAR,FAR,0.0,1,,,0.03,300
C2_n0.03_d300_r05,C2,202647,1.64,1.34,0.2999999999999998,0.6,0.6112448249159265,0.59660893383774,FAR,FAR,0.0,1,,,0.03,300
C2_n0.03_d300_r05,C2,202647,1.66,1.36,0.2999999999999998,0.6,0.5978496911254463,0.5969191231596667,FAR,FAR,0.0,1,,,0.03,300
C2_n0.03_d300_r05,C2,202647,1.68,1.38,0.30000000000000004,0.6,0.633013849337586,0.6059428047041465,FAR,FAR,0.0,1,,,0.03,300
C2_n0.03_d300_r05,C2,202647,1.7,1.4,0.30000000000000004,0.6,0.6005355991440455,0.6045910033141213,FAR,FAR,0.0,1,,,0.03,300
C2_n0.03_d300_r05,C2,202647,1.72,1.42,0.30000000000000004,0.6,0.6260029005785362,0.609943977630225,FAR,FAR,0.0,1,,,0.03,300
C2_n0.03_d300_r05,C2,202647,1.74,1.44,0.30000000000000004,0.6,0.5824370839306917,0.6030672542053417,FAR,FAR,0.0,1,,,0.03,300
C2_n0.03_d300_r05,C2,202647,1.76,1.46,0.30000000000000004,0.6,0.6134115754541642,0.6056533345175473,FAR,FAR,0.0,1,,,0.03,300
C2_n0.03_d300_r05,C2,202647,1.78,1.48,0.30000000000000004,0.6,0.6122227948249191,0.6072956995943903,FAR,FAR,0.0,1,,,0.03,300
C2_n0.03_d300_r05,C2,202647,1.8,1.5,0.30000000000000004,0.6,0.6173921195701548,0.6098198045883314,FAR,FAR,0.0,1,,,0.03,300
C2_n0.03_d300_r05,C2,202647,1.82,1.52,0.30000000000000004,0.6,0.6056550320263323,0.6087786114478316,FAR,FAR,0.0,1,,,0.03,300
C2_n0.03_d300_r05,C2,202647,1.84,1.54,0.30000000000000004,0.6,0.5988356549521969,0.6062928723239229,FAR,FAR,0.0,1,,,0.03,300
C2_n0.03_d300_r05,C2,202647,1.86,1.56,0.30000000000000004,0.6,0.5869217727007792,0.6014500974181369,FAR,FAR,0.0,1,,,0.03,300
C2_n0.03_d300_r05,C2,202647,1.88,1.58,0.2999999999999998,0.6,0.610679355432292,0.6037574119216758,FAR,FAR,0.0,1,,,0.03,300
C2_n0.03_d300_r05,C2,202647,1.9,1.6,0.2999999999999998,0.6,0.5851420297205754,0.5991035663714006,FAR,FAR,0.0,1,,,0.03,300
C2_n0.03_d300_r05,C2,202647,1.92,1.62,0.2999999999999998,0.6,0.6144756780553043,0.6029465942923765,FAR,FAR,0.0,1,,,0.03,300
C2_n0.03_d300_r05,C2,202647,1.94,1.64,0.30000000000000004,0.6,0.5667423245525567,0.5938955268574215,FAR,FAR,0.0,1,,,0.03,300
C2_n0.03_d300_r05,C2,202647,1.96,1.66,0.30000000000000004,0.6,0.6250244389549222,0.6016777548817966,FAR,FAR,0.0,1,,,0.03,300
C2_n0.03_d300_r05,C2,202647,1.98,1.68,0.30000000000000004,0.6,0.5719383699820118,0.5942429086568504,FAR,FAR,0.0,1,,,0.03,300
C2_n0.03_d300_r05,C2,202647,2.0,1.7,0.30000000000000004,0.6,0.6458596305115983,0.6071470891205374,FAR,FAR,0.0,1,,,0.03,300
C2_n0.03_d300_r05,C2,202647,2.02,1.72,0.30000000000000004,0.6,0.6194949988112726,0.6102340665432211,FAR,FAR,0.0,1,,,0.03,300
C2_n0.03_d300_r05,C2,202647,2.04,1.74,0.30000000000000004,0.6,0.6072071052488581,0.6094773262196304,FAR,FAR,0.0,1,,,0.03,300
C2_n0.03_d300_r05,C2,202647,2.06,1.76,0.30000000000000004,0.6,0.6405570306438015,0.6172472523256731,FAR,FAR,0.0,1,,,0.03,300
C2_n0.03_d300_r05,C2,202647,2.08,1.78,0.30000000000000004,0.6,0.6134764913874957,0.6163045620911287,FAR,FAR,0.0,1,,,0.03,300
C2_n0.03_d300_r05,C2,202647,2.1,1.8,0.30000000000000004,0.6,0.5377527183878277,0.5966666011653035,FAR,FAR,0.0,1,,,0.03,300
C2_n0.03_d300_r05,C2,202647,2.12,1.82,0.30000000000000004,0.6,0.5674381428195998,0.5893594865788776,FAR,FAR,0.0,1,,,0.03,300
C2_n0.03_d300_r05,C2,202647,2.14,1.84,0.30000000000000004,0.6,0.588375138873299,0.5891133996524829,FAR,FAR,0.0,1,,,0.03,300
C2_n0.03_d300_r05,C2,202647,2.16,1.86,0.30000000000000004,0.6,0.5963218780780492,0.5909155192588744,FAR,FAR,0.0,1,,,0.03,300
C2_n0.03_d300_r05,C2,202647,2.18,1.88,0.30000000000000027,0.6,0.6390047731744594,0.6029378327377707,FAR,FAR,0.0,1,,,0.03,300
C2_n0.03_d300_r05,C2,202647,2.2,1.9,0.30000000000000027,0.6,0.6471762775312921,0.6139974439361511,FAR,FAR,0.0,1,,,0.03,300
C2_n0.03_d300_r05,C2,202647,2.22,1.92,0.30000000000000027,0.6,0.5981275115054546,0.6100299608284769,FAR,FAR,0.0,1,,,0.03,300
C2_n0.03_d300_r05,C2,202647,2.24,1.94,0.30000000000000027,0.6,0.6495669630556171,0.619914211385262,FAR,FAR,0.0,1,,,0.03,300
C2_n0.03_d300_r05,C2,202647,2.26,1.96,0.2999999999999998,0.6,0.5629221507826008,0.6056661962345967,FAR,FAR,0.0,1,,,0.03,300
C2_n0.03_d300_r05,C2,202647,2.28,1.98,0.2999999999999998,0.6,0.595943412210555,0.6032355002285863,FAR,FAR,0.0,1,,,0.03,300
C2_n0.03_d300_r05,C2,202647,2.3,2.0,0.2999999999999998,0.6,0.5732374867203097,0.5957359968515171,FAR,FAR,0.0,1,,,0.03,300
C2_n0.03_d300_r05,C2,202647,2.32,2.02,0.2999999999999998,0.6,0.5671000676225809,0.588577014544283,FAR,FAR,0.0,1,,,0.03,300
C2_n0.03_d300_r05,C2,202647,2.34,2.04,0.2999999999999998,0.6,0.6164730122551899,0.5955510139720097,FAR,FAR,0.0,1,,,0.03,300
C2_n0.03_d300_r05,C2,202647,2.36,2.06,0.2999999999999998,0.6,0.6461958200217142,0.6082122154844358,FAR,FAR,0.0,1,,,0.03,300
C2_n0.03_d300_r05,C2,202647,2.38,2.08,0.2999999999999998,0.6,0.6209463449807862,0.6113957478585235,FAR,FAR,0.0,1,,,0.03,300
C2_n0.03_d300_r05,C2,202647,2.4,2.1,0.2999999999999998,0.6,0.618007129665312,0.6130485933102205,FAR,FAR,0.0,1,,,0.03,300
C2_n0.03_d300_r05,C2,202647,2.42,2.12,0.2999999999999998,0.6,0.5558383587511814,0.5987460346704607,FAR,FAR,0.0,1,,,0.03,300
C2_n0.03_d300_r05,C2,202647,2.44,2.14,0.2999999999999998,0.6,0.5856827593595523,0.5954802158427336,FAR,FAR,0.0,1,,,0.03,300
C2_n0.03_d300_r05,C2,202647,2.46,2.16,0.2999999999999998,0.6,0.5465678451894207,0.5832521231794053,FAR,FAR,0.0,1,,,0.03,300
C2_n0.03_d300_r05,C2,202647,2.48,2.18,0.2999999999999998,0.6,0.6457006808922886,0.5988642626076262,FAR,FAR,0.0,1,,,0.03,300
C2_n0.03_d300_r05,C2,202647,2.5,2.2,0.2999999999999998,0.6,0.6349632481035453,0.6078890089816059,FAR,FAR,0.0,1,,,0.03,300
C2_n0.03_d300_r05,C2,202647,2.52,2.22,0.2999999999999998,0.6,0.5852674747478172,0.6022336254231587,FAR,FAR,0.0,1,,,0.03,300
C2_n0.03_d300_r05,C2,202647,2.54,2.24,0.2999999999999998,0.6,0.6149716555766266,0.6054181329615257,FAR,FAR,0.0,1,,,0.03,300
C2_n0.03_d300_r05,C2,202647,2.56,2.26,0.30000000000000027,0.6,0.6134711075843444,0.6074313766172303,FAR,FAR,0.0,1,,,0.03,300
C2_n0.03_d300_r05,C2,202647,2.58,2.28,0.30000000000000027,0.6,0.576030300257806,0.5995811075273743,FAR,FAR,0.0,1,,,0.03,300
C2_n0.03_d300_r05,C2,202647,2.6,2.3,0.30000000000000027,0.6,0.5991059004626881,0.5994623057612027,FAR,FAR,0.0,1,,,0.03,300
C2_n0.03_d300_r05,C2,202647,2.62,2.32,0.30000000000000027,0.6,0.6402156808154054,0.6096506495247533,FAR,FAR,0.0,1,,,0.03,300
C2_n0.03_d300_r05,C2,202647,2.64,2.34,0.30000000000000027,0.6,0.572021968911409,0.6002434793714173,FAR,FAR,0.0,1,,,0.03,300
C2_n0.03_d300_r05,C2,202647,2.66,2.36,0.30000000000000027,0.6,0.5816262009346833,0.5955891597622338,FAR,FAR,0.0,1,,,0.03,300
C2_n0.03_d300_r05,C2,202647,2.68,2.38,0.30000000000000027,0.6,0.5929627966411093,0.5949325689819527,FAR,FAR,0.0,1,,,0.03,300
C2_n0.03_d300_r05,C2,202647,2.7,2.4,0.30000000000000027,0.6,0.6076046551366616,0.5981005905206299,FAR,FAR,0.0,1,,,0.03,300
C2_n0.03_d300_r05,C2,202647,2.72,2.42,0.30000000000000027,0.6,0.5967776752146995,0.5977698616941474,FAR,FAR,0.0,1,,,0.03,300
C2_n0.03_d300_r05,C2,202647,2.74,2.44,0.30000000000000027,0.6,0.5810758479911956,0.5935963582684094,FAR,FAR,0.0,1,,,0.03,300
C2_n0.03_d300_r05,C2,202647,2.76,2.46,0.2999999999999998,0.6,0.5719797042711617,0.5881921947690975,FAR,FAR,0.0,1,,,0.03,300
C2_n0.03_d300_r05,C2,202647,2.78,2.48,0.2999999999999998,0.6,0.6288403460236217,0.5983542325827285,FAR,FAR,0.0,1,,,0.03,300
C2_n0.03_d300_r05,C2,202647,2.8,2.5,0.2999999999999998,0.6,0.5335118797785973,0.5821436443816956,FAR,FAR,0.0,1,,,0.03,300
C2_n0.03_d300_r05,C2,202647,2.82,2.52,0.2999999999999998,0.6,0.5931427318950413,0.5848934162600321,FAR,FAR,0.0,1,,,0.03,300
C2_n0.03_d300_r05,C2,202647,2.84,2.54,0.2999999999999998,0.6,0.6201361345451397,0.593704095831309,FAR,FAR,0.0,1,,,0.03,300
C2_n0.03_d300_r05,C2,202647,2.86,2.56,0.2999999999999998,0.6,0.6643648967683867,0.6113692960655784,FAR,FAR,0.0,1,,,0.03,300
C2_n0.03_d300_r05,C2,202647,2.88,2.58,0.2999999999999998,0.6,0.5809140058831411,0.603755473519969,FAR,FAR,0.0,1,,,0.03,300
C2_n0.03_d300_r05,C2,202647,2.9,2.6,0.2999999999999998,0.6,0.6611879749615679,0.6181135988803688,FAR,FAR,0.0,1,,,0.03,300
C2_n0.03_d300_r05,C2,202647,2.92,2.62,0.2999999999999998,0.6,0.6232761958048711,0.6194042481114943,FAR,FAR,0.0,1,,,0.03,300
C2_n0.03_d300_r05,C2,202647,2.94,2.64,0.2999999999999998,0.6,0.5667012482274156,0.6062284981404746,FAR,FAR,0.0,1,,,0.03,300
C2_n0.03_d300_r05,C2,202647,2.96,2.66,0.2999999999999998,0.6,0.610517239724005,0.6073006835363572,FAR,FAR,0.0,1,,,0.03,300
C2_n0.03_d300_r05,C2,202647,2.98,2.68,0.2999999999999998,0.6,0.6161571382768407,0.609514797221478,FAR,FAR,0.0,1,,,0.03,300
C2_n0.03_d300_r05,C2,202647,3.0,2.7,0.2999999999999998,0.6,0.5782510703510733,0.6016988655038769,FAR,FAR,0.0,1,,,0.03,300
C2_n0.03_d300_r05,C2,202647,3.02,2.72,0.2999999999999998,0.6,0.6219360575428439,0.6067581635136186,FAR,FAR,0.0,1,,,0.03,300
C2_n0.03_d300_r05,C2,202647,3.04,2.74,0.2999999999999998,0.6,0.6297103223644958,0.6124962032263379,FAR,FAR,0.0,1,,,0.03,300
C2_n0.03_d300_r05,C2,202647,3.06,2.76,0.30000000000000027,0.6,0.6307218997447821,0.6170526273559489,FAR,FAR,0.0,1,,,0.03,300
C2_n0.03_d300_r05,C2,202647,3.08,2.78,0.30000000000000027,0.6,0.6391961390411653,0.6225885052772531,FAR,FAR,0.0,1,,,0.03,300
C2_n0.03_d300_r05,C2,202647,3.1,2.8,0.30000000000000027,0.6,0.6190223337000202,0.6216969623829449,FAR,FAR,0.0,1,,,0.03,300
C2_n0.03_d300_r05,C2,202647,3.12,2.82,0.30000000000000027,0.6,0.6009249024876474,0.6165039474091205,FAR,FAR,0.0,1,,,0.03,300
C2_n0.03_d300_r05,C2,202647,3.14,2.84,0.30000000000000027,0.6,0.6276719809712644,0.6192959557996565,FAR,FAR,0.0,1,,,0.03,300
C2_n0.03_d300_r05,C2,202647,3.16,2.86,0.30000000000000027,0.6,0.6592358728067724,0.6292809350514355,FAR,FAR,0.0,1,,,0.03,300
C2_n0.03_d300_r05,C2,202647,3.18,2.88,0.30000000000000027,0.6,0.5169202920665207,0.6011907743052067,FAR,FAR,0.0,1,,,0.03,300
C2_n0.03_d300_r05,C2,202647,3.2,2.9,0.30000000000000027,0.6,0.6271143322437469,0.6076716637898418,FAR,FAR,0.0,1,,,0.03,300
C2_n0.03_d300_r05,C2,202647,3.22,2.92,0.30000000000000027,0.6,0.62474107584274,0.6119390168030664,FAR,FAR,0.0,1,,,0.03,300
C2_n0.03_d300_r05,C2,202647,3.24,2.94,0.30000000000000027,0.6,0.7060898381233522,0.6354767221331379,FAR,FAR,0.0,1,,,0.03,300
C2_n0.03_d300_r05,C2,202647,3.26,2.96,0.2999999999999998,0.6,0.6430850670990031,0.6373788083746041,FAR,FAR,0.0,1,,,0.03,300
C2_n0.03_d300_r05,C2,202647,3.28,2.98,0.2999999999999998,0.6,0.6139320528098464,0.6315171194834147,FAR,FAR,0.0,1,,,0.03,300
C2_n0.03_d300_r05,C2,202647,3.3,3.0,0.2999999999999998,0.6,0.5988660706471673,0.6233543572743528,FAR,FAR,0.0,1,,,0.03,300
C2_n0.03_d300_r05,C2,202647,3.32,3.02,0.2999999999999998,0.6,0.5831712770177059,0.6133085872101911,FAR,FAR,0.0,1,,,0.03,300
C2_n0.03_d300_r05,C2,202647,3.34,3.04,0.2999999999999998,0.6,0.5944382773751998,0.6085910097514433,FAR,FAR,0.0,1,,,0.03,300
C2_n0.03_d300_r05,C2,202647,3.36,3.06,0.2999999999999998,0.6,0.5370040155539973,0.5906942612020818,FAR,FAR,0.0,1,,,0.03,300
C2_n0.03_d300_r05,C2,202647,3.38,3.08,0.2999999999999998,0.6,0.5425774301027605,0.5786650534272515,FAR,FAR,0.0,1,,,0.03,300
C2_n0.03_d300_r05,C2,202647,3.4,3.1,0.2999999999999998,0.6,0.6164904591450322,0.5881214048566967,FAR,FAR,0.0,1,,,0.03,300
C2_n0.03_d300_r05,C2,202647,3.42,3.12,0.2999999999999998,0.6,0.5718440829283343,0.5840520743746062,FAR,FAR,0.0,1,,,0.03,300
C2_n0.03_d300_r05,C2,202647,3.44,3.14,0.2999999999999998,0.6,0.6057200544886328,0.5894690694031128,FAR,FAR,0.0,1,,,0.03,300
C2_n0.03_d300_r05,C2,202647,3.46,3.16,0.2999999999999998,0.6,0.6070941454077917,0.5938753384042825,FAR,FAR,0.0,1,,,0.03,300
C2_n0.03_d300_r05,C2,202647,3.48,3.18,0.2999999999999998,0.6,0.591951193748424,0.5933943022403179,FAR,FAR,0.0,1,,,0.03,300
C2_n0.03_d300_r05,C2,202647,3.5,3.2,0.2999999999999998,0.6,0.6190532216461885,0.5998090320917855,FAR,FAR,0.0,1,,,0.03,300
C2_n0.03_d300_r05,C2,202647,3.52,3.22,0.2999999999999998,0.6,0.5204651954505466,0.5799730729314758,FAR,FAR,0.0,1,,,0.03,300
C2_n0.03_d300_r05,C2,202647,3.54,3.24,0.2999999999999998,0.6,0.5586750813155993,0.5746485750275067,FAR,FAR,0.0,1,,,0.03,300
C2_n0.03_d300_r05,C2,202647,3.56,3.26,0.30000000000000027,0.6,0.5113650939902343,0.5588277047681885,FAR,FAR,0.0,1,,,0.03,300
C2_n0.03_d300_r05,C2,202647,3.58,3.28,0.30000000000000027,0.6,0.6310033457848961,0.5768716150223654,FAR,FAR,0.0,1,,,0.03,300
C2_n0.03_d300_r05,C2,202647,3.6,3.3,0.30000000000000027,0.6,0.5925084338085888,0.5807808197189213,FAR,FAR,0.0,1,,,0.03,300
C2_n0.03_d300_r05,C2,202647,3.62,3.32,0.30000000000000027,0.6,0.6379467254152499,0.5950722961430034,FAR,FAR,0.0,1,,,0.03,300
C2_n0.03_d300_r05,C2,202647,3.64,3.34,0.30000000000000027,0.6,0.5809566858442217,0.5915433935683079,FAR,FAR,0.0,1,,,0.03,300
C2_n0.03_d300_r05,C2,202647,3.66,3.36,0.30000000000000027,0.6,0.6274159745006574,0.6005115388013953,FAR,FAR,0.0,1,,,0.03,300
C2_n0.03_d300_r05,C2,202647,3.68,3.38,0.30000000000000027,0.6,0.5720502291101395,0.5933962113785813,FAR,FAR,0.0,1,,,0.03,300
C2_n0.03_d300_r05,C2,202647,3.7,3.4,0.30000000000000027,0.6,0.5391033408912471,0.5798229937567478,FAR,FAR,0.0,1,,,0.03,300
C2_n0.03_d300_r05,C2,202647,3.72,3.42,0.30000000000000027,0.6,0.5824630285911552,0.5804830024653497,FAR,FAR,0.0,1,,,0.03,300
C2_n0.03_d300_r05,C2,202647,3.74,3.44,0.30000000000000027,0.6,0.6257475641700644,0.5917991428915284,FAR,FAR,0.0,1,,,0.03,300
C2_n0.03_d300_r05,C2,202647,3.76,3.46,0.2999999999999998,0.6,0.6461554381733082,0.6053882167119733,FAR,FAR,0.0,1,,,0.03,300
C2_n0.03_d300_r05,C2,202647,3.78,3.48,0.2999999999999998,0.6,0.5811545748537207,0.5993298062474102,FAR,FAR,0.0,1,,,0.03,300
C2_n0.03_d300_r05,C2,202647,3.8,3.5,0.2999999999999998,0.6,0.6074964531808751,0.6013714679807765,FAR,FAR,0.0,1,,,0.03,300
C2_n0.03_d300_r05,C2,202647,3.82,3.52,0.2999999999999998,0.6,0.6059431866315287,0.6025143976434645,FAR,FAR,0.0,1,,,0.03,300
C2_n0.03_d300_r05,C2,202647,3.84,3.54,0.2999999999999998,0.6,0.6072878945930817,0.6037077718808688,FAR,FAR,0.0,1,,,0.03,300
C2_n0.03_d300_r05,C2,202647,3.86,3.56,0.2999999999999998,0.6,0.5892706816506466,0.6000984993233132,FAR,FAR,0.0,1,,,0.03,300
C2_n0.03_d300_r05,C2,202647,3.88,3.58,0.2999999999999998,0.6,0.591490911977696,0.5979466024869089,FAR,FAR,0.0,1,,,0.03,300
C2_n0.03_d300_r05,C2,202647,3.9,3.6,0.2999999999999998,0.6,0.6725968558749067,0.6166091658339083,FAR,FAR,0.0,1,,,0.03,300
C2_n0.03_d300_r05,C2,202647,3.92,3.62,0.2999999999999998,0.6,0.5841420555417329,0.6084923882608645,FAR,FAR,0.0,1,,,0.03,300
C2_n0.03_d300_r05,C2,202647,3.94,3.64,0.2999999999999998,0.6,0.6407830929325604,0.6165650644287886,FAR,FAR,0.0,1,,,0.03,300
C2_n0.03_d300_r05,C2,202647,3.96,3.66,0.2999999999999998,0.6,0.5645621786316491,0.6035643429795037,FAR,FAR,0.0,1,,,0.03,300
C2_n0.03_d300_r05,C2,202647,3.98,3.68,0.2999999999999998,0.6,0.5922682118599261,0.6007403101996093,FAR,FAR,0.0,1,,,0.03,300
C2_n0.03_d300_r05,C2,202647,4.0,3.7,0.2999999999999998,0.6,0.6137936014252169,0.6040036330060112,FAR,FAR,0.0,1,,,0.03,300
C2_n0.03_d300_r05,C2,202647,4.02,3.72,0.2999999999999994,0.5982500000000001,0.5900241275164189,0.6005087566336131,FAR,FAR,0.0,1,,,0.03,300
C2_n0.03_d300_r05,C2,202647,4.04,3.74,0.2999999999999998,0.5965,0.6060593427739113,0.6018964031686876,FAR,FAR,0.0,1,,,0.03,300
C2_n0.03_d300_r05,C2,202647,4.06,3.76,0.2999999999999998,0.59475,0.6552221569526011,0.6152278416146659,FAR,FAR,0.0,1,,,0.03,300
C2_n0.03_d300_r05,C2,202647,4.08,3.78,0.30000000000000027,0.593,0.5641566697670133,0.6024600486527527,FAR,FAR,0.0,1,,,0.03,300
C2_n0.03_d300_r05,C2,202647,4.1,3.8,0.2999999999999998,0.59125,0.5591037853208883,0.5916209828197866,FAR,FAR,0.0,1,,,0.03,300
C2_n0.03_d300_r05,C2,202647,4.12,3.82,0.30000000000000027,0.5894999999999999,0.6141882129306816,0.5972627903475103,FAR,FAR,0.0,1,,,0.03,300
C2_n0.03_d300_r05,C2,202647,4.14,3.84,0.2999999999999998,0.58775,0.6440073860411728,0.608948939270926,FAR,FAR,0.0,1,,,0.03,300
C2_n0.03_d300_r05,C2,202647,4.16,3.86,0.30000000000000027,0.586,0.6294209225257918,0.6140669350846424,FAR,FAR,0.0,1,,,0.03,300
C2_n0.03_d300_r05,C2,202647,4.18,3.88,0.2999999999999998,0.58425,0.6182564795247247,0.615114321194663,FAR,FAR,0.0,1,,,0.03,300
C2_n0.03_d300_r05,C2,202647,4.2,3.9,0.30000000000000027,0.5825,0.6034140576252744,0.6121892553023158,FAR,FAR,0.0,1,,,0.03,300
C2_n0.03_d300_r05,C2,202647,4.22,3.92,0.2999999999999998,0.58075,0.5766801433540961,0.6033119773152609,FAR,FAR,0.0,1,,,0.03,300
C2_n0.03_d300_r05,C2,202647,4.24,3.94,0.30000000000000027,0.579,0.607736749446594,0.6044181703480942,FAR,FAR,0.0,1,,,0.03,300
C2_n0.03_d300_r05,C2,202647,4.26,3.96,0.2999999999999998,0.57725,0.6647629525321583,0.6195043658941102,FAR,FAR,0.0,1,,,0.03,300
C2_n0.03_d300_r05,C2,202647,4.28,3.98,0.30000000000000027,0.5754999999999999,0.6211713099804298,0.61992110191569,FAR,FAR,0.0,1,,,0.03,300
C2_n0.03_d300_r05,C2,202647,4.3,4.0,0.2999999999999998,0.57375,0.6077863084283659,0.616887403543859,FAR,FAR,0.0,1,,,0.03,300
C2_n0.03_d300_r05,C2,202647,4.32,4.02,0.3000000000000007,0.572,0.5987018186284315,0.6123410073150021,FAR,FAR,0.0,1,,,0.03,300
C2_n0.03_d300_r05,C2,202647,4.34,4.04,0.2999999999999998,0.57025,0.6099701931708097,0.611748303778954,FAR,FAR,0.0,1,,,0.03,300
C2_n0.03_d300_r05,C2,202647,4.36,4.06,0.3000000000000007,0.5685,0.5852452361243622,0.605122536865306,FAR,FAR,0.0,1,,,0.03,300
C2_n0.03_d300_r05,C2,202647,4.38,4.08,0.2999999999999998,0.56675,0.6078940243838092,0.6058154087449318,FAR,FAR,0.0,1,,,0.03,300
C2_n0.03_d300_r05,C2,202647,4.4,4.1,0.3000000000000007,0.565,0.5397063086917524,0.5892881337316369,FAR,FAR,0.0,1,,,0.03,300
C2_n0.03_d300_r05,C2,202647,4.42,4.12,0.2999999999999998,0.56325,0.5987482119910319,0.5916531532964857,FAR,FAR,0.0,1,,,0.03,300
C2_n0.03_d300_r05,C2,202647,4.44,4.14,0.3000000000000007,0.5614999999999999,0.6147487665022529,0.5974270565979275,FAR,FAR,0.0,1,,,0.03,300
C2_n0.03_d300_r05,C2,202647,4.46,4.16,0.2999999999999998,0.55975,0.5596072007033166,0.5879720926242749,FAR,FAR,0.0,1,,,0.03,300
C2_n0.03_d300_r05,C2,202647,4.48,4.18,0.3000000000000007,0.5579999999999999,0.5745891665333304,0.5846263611015388,FAR,FAR,0.0,1,,,0.03,300
C2_n0.03_d300_r05,C2,202647,4.5,4.2,0.2999999999999998,0.55625,0.6488514713830343,0.6006826386719126,FAR,FAR,0.0,1,,,0.03,300
C2_n0.03_d300_r05,C2,202647,4.52,4.22,0.2999999999999998,0.5545,0.5966863368411257,0.5996835632142159,FAR,FAR,0.0,1,,,0.03,300
C2_n0.03_d300_r05,C2,202647,4.54,4.24,0.2999999999999998,0.55275,0.5750506009499124,0.5935253226481401,FAR,FAR,0.0,1,,,0.03,300
C2_n0.03_d300_r05,C2,202647,4.56,4.26,0.2999999999999998,0.551,0.5451017067384587,0.5814194186707198,FAR,FAR,0.0,1,,,0.03,300
C2_n0.03_d300_r05,C2,202647,4.58,4.28,0.2999999999999998,0.54925,0.6361288189203788,0.5950967687331346,FAR,FAR,0.0,1,,,0.03,300
C2_n0.03_d300_r05,C2,202647,4.6,4.3,0.2999999999999998,0.5475,0.593515130270323,0.5947013591174317,FAR,FAR,0.0,1,,,0.03,300
C2_n0.03_d300_r05,C2,202647,4.62,4.32,0.2999999999999998,0.54575,0.553725850990741,0.5844574820857591,FAR,FAR,0.0,1,,,0.03,300
C2_n0.03_d300_r05,C2,202647,4.64,4.34,0.2999999999999998,0.544,0.5530807188047613,0.5766132912655096,FAR,FAR,0.0,1,,,0.03,300
C2_n0.03_d300_r05,C2,202647,4.66,4.36,0.2999999999999998,0.54225,0.5713905578242567,0.5753076079051964,FAR,FAR,0.0,1,,,0.03,300
C2_n0.03_d300_r05,C2,202647,4.68,4.38,0.2999999999999998,0.5405,0.6593354668019675,0.5963145726293893,FAR,FAR,0.0,1,,,0.03,300
C2_n0.03_d300_r05,C2,202647,4.7,4.4,0.2999999999999998,0.53875,0.5397816916085101,0.5821813523741695,FAR,FAR,0.0,1,,,0.03,300
C2_n0.03_d300_r05,C2,202647,4.72,4.42,0.2999999999999998,0.537,0.537791710898637,0.5710839420052863,FAR,FAR,0.0,1,,,0.03,300
C2_n0.03_d300_r05,C2,202647,4.74,4.44,0.2999999999999998,0.53525,0.5468772399745759,0.5650322664976087,FAR,FAR,0.0,1,,,0.03,300
C2_n0.03_d300_r05,C2,202647,4.76,4.46,0.2999999999999998,0.5335,0.5497639890114434,0.5612151971260674,FAR,FAR,0.0,1,,,0.03,300
C2_n0.03_d300_r05,C2,202647,4.78,4.48,0.2999999999999998,0.53175,0.5676496829667129,0.5628238185862288,FAR,FAR,0.0,1,,,0.03,300
C2_n0.03_d300_r05,C2,202647,4.8,4.5,0.2999999999999998,0.53,0.5915695864912874,0.5700102605624934,FAR,FAR,0.0,1,,,0.03,300
C2_n0.03_d300_r05,C2,202647,4.82,4.52,0.3000000000000007,0.52825,0.492607471212821,0.5506595632250753,FAR,FAR,0.0,1,,,0.03,300
C2_n0.03_d300_r05,C2,202647,4.84,4.54,0.2999999999999998,0.5265,0.5538081578167396,0.5514467118729913,FAR,FAR,0.0,1,,,0.03,300
C2_n0.03_d300_r05,C2,202647,4.86,4.56,0.3000000000000007,0.5247499999999999,0.5495198836984567,0.5509650048293577,FAR,FAR,0.0,1,,,0.03,300
C2_n0.03_d300_r05,C2,202647,4.88,4.58,0.2999999999999998,0.523,0.5445919531579513,0.5493717419115061,FAR,FAR,0.0,1,,,0.03,300
C2_n0.03_d300_r05,C2,202647,4.9,4.6,0.3000000000000007,0.52125,0.5826852497386648,0.5577001188682957,FAR,FAR,0.0,1,,,0.03,300
C2_n0.03_d300_r05,C2,202647,4.92,4.62,0.2999999999999998,0.5195,0.574746619790612,0.5619617440988748,FAR,FAR,0.0,1,,,0.03,300
C2_n0.03_d300_r05,C2,202647,4.94,4.64,0.3000000000000007,0.5177499999999999,0.5407426119968848,0.5566569610733774,FAR,FAR,0.0,1,,,0.03,300
C2_n0.03_d300_r05,C2,202647,4.96,4.66,0.2999999999999998,0.516,0.5671108177916927,0.5592704252529562,FAR,FAR,0.0,1,,,0.03,300
C2_n0.03_d300_r05,C2,202647,4.98,4.68,0.3000000000000007,0.51425,0.5263548640594023,0.5510415349545678,FAR,FAR,0.0,1,,,0.03,300
C2_n0.03_d300_r05,C2,202647,5.0,4.7,0.2999999999999998,0.5125,0.5471192324273483,0.5500609593227629,FAR,FAR,0.0,1,,,0.03,300
C2_n0.03_d300_r05,C2,202647,5.02,4.72,0.2999999999999998,0.51075,0.5961771910993255,0.5615900172669036,FAR,FAR,0.0,1,,,0.03,300
C2_n0.03_d300_r05,C2,202647,5.04,4.74,0.2999999999999998,0.509,0.5486331746714317,0.5583508066180356,FAR,FAR,0.0,1,,,0.03,300
C2_n0.03_d300_r05,C2,202647,5.06,4.76,0.2999999999999998,0.50725,0.5516628785277283,0.5566788245954588,FAR,FAR,0.0,1,,,0.03,300
C2_n0.03_d300_r05,C2,202647,5.08,4.78,0.2999999999999998,0.5055,0.5392623730034583,0.5523247116974587,FAR,FAR,0.0,1,,,0.03,300
C2_n0.03_d300_r05,C2,202647,5.1,4.8,0.2999999999999998,0.50375,0.5725955471867086,0.5573924205697711,FAR,FAR,0.0,1,,,0.03,300
C2_n0.03_d300_r05,C2,202647,5.12,4.82,0.2999999999999998,0.502,0.5099249516593407,0.5455255533421635,FAR,FAR,0.0,1,,,0.03,300
C2_n0.03_d300_r05,C2,202647,5.14,4.84,0.2999999999999998,0.50025,0.5132512562529793,0.5374569790698674,FAR,FAR,0.0,1,,,0.03,300
C2_n0.03_d300_r05,C2,202647,5.16,4.86,0.2999999999999998,0.49849999999999994,0.46185036615836567,0.5185553258419919,FAR,FAR,0.0,1,,,0.03,300
C2_n0.03_d300_r05,C2,202647,5.18,4.88,0.2999999999999998,0.49675,0.5175352731832562,0.518300312677308,FAR,FAR,0.0,1,,,0.03,300
C2_n0.03_d300_r05,C2,202647,5.2,4.9,0.2999999999999998,0.495,0.5440153340679602,0.5247290680249711,FAR,FAR,0.0,1,,,0.03,300
C2_n0.03_d300_r05,C2,202647,5.22,4.92,0.2999999999999998,0.49325,0.5040780595405792,0.519566315903873,FAR,FAR,0.0,1,,,0.03,300
C2_n0.03_d300_r05,C2,202647,5.24,4.94,0.2999999999999998,0.49149999999999994,0.505580454876102,0.5160698506469303,FAR,FAR,0.0,1,,,0.03,300
C2_n0.03_d300_r05,C2,202647,5.26,4.96,0.2999999999999998,0.48975,0.5446980269044674,0.5232268947113146,FAR,FAR,0.0,1,,,0.03,300
C2_n0.03_d300_r05,C2,202647,5.28,4.98,0.2999999999999998,0.488,0.5295016158225738,0.5247955749891293,FAR,FAR,0.0,1,,,0.03,300
C2_n0.03_d300_r05,C2,202647,5.3,5.0,0.2999999999999998,0.48625,0.4869168376004536,0.5153258906419604,FAR,FAR,0.0,1,,,0.03,300
C2_n0.03_d300_r05,C2,202647,5.32,5.02,0.3000000000000007,0.48449999999999993,0.5433422599129603,0.5223299829597103,FAR,FAR,0.0,1,,,0.03,300
C2_n0.03_d300_r05,C2,202647,5.34,5.04,0.2999999999999998,0.48275,0.49774385391002973,0.5161834506972902,FAR,FAR,0.0,1,,,0.03,300
C2_n0.03_d300_r05,C2,202647,5.36,5.06,0.3000000000000007,0.481,0.5205021126707305,0.5172631161906502,FAR,FAR,0.0,1,,,0.03,300
C2_n0.03_d300_r05,C2,202647,5.38,5.08,0.2999999999999998,0.47925,0.5128769959988119,0.5161665861426906,FAR,FAR,0.0,1,,,0.03,300
C2_n0.03_d300_r05,C2,202647,5.4,5.1,0.3000000000000007,0.4774999999999999,0.5283837319946656,0.5192208726056844,FAR,FAR,0.0,1,,,0.03,300
C2_n0.03_d300_r05,C2,202647,5.42,5.12,0.2999999999999998,0.47575,0.4972066747673368,0.5137173231460975,FAR,FAR,0.0,1,,,0.03,300
C2_n0.03_d300_r05,C2,202647,5.44,5.14,0.3000000000000007,0.474,0.5108206552310688,0.5129931561673403,FAR,FAR,0.0,1,,,0.03,300
C2_n0.03_d300_r05,C2,202647,5.46,5.16,0.2999999999999998,0.47224999999999995,0.46636361721507896,0.501335771429275,FAR,FAR,0.0,1,,,0.03,300
C2_n0.03_d300_r05,C2,202647,5.48,5.18,0.3000000000000007,0.4704999999999999,0.49059360539359065,0.4986502299203539,FAR,FAR,0.0,1,,,0.03,300
C2_n0.03_d300_r05,C2,202647,5.5,5.2,0.2999999999999998,0.46875,0.5363518428251351,0.5080756331465492,FAR,FAR,0.0,1,,,0.03,300
C2_n0.03_d300_r05,C2,202647,5.52,5.22,0.2999999999999998,0.467,0.50098683451707,0.5063034334891794,FAR,FAR,0.0,1,,,0.03,300
C2_n0.03_d300_r05,C2,202647,5.54,5.24,0.2999999999999998,0.46525,0.49472098092329425,0.5034078203477081,FAR,FAR,0.0,1,,,0.03,300
C2_n0.03_d300_r05,C2,202647,5.56,5.26,0.2999999999999998,0.4635,0.47330760888817625,0.49588276748282517,FAR,FAR,0.0,1,,,0.03,300
C2_n0.03_d300_r05,C2,202647,5.58,5.28,0.2999999999999998,0.46175,0.4506444766856821,0.4845731947835394,FAR,FAR,0.0,1,,,0.03,300
C2_n0.03_d300_r05,C2,202647,5.6,5.3,0.2999999999999998,0.46,0.47701439762723935,0.4826834954944644,FAR,FAR,0.0,1,,,0.03,300
C2_n0.03_d300_r05,C2,202647,5.62,5.32,0.2999999999999998,0.45825,0.4471973003638118,0.47381194671180127,FAR,FAR,0.0,1,,,0.03,300
C2_n0.03_d300_r05,C2,202647,5.64,5.34,0.2999999999999998,0.4565,0.47268451656565846,0.4735300891752655,FAR,FAR,0.0,1,,,0.03,300
C2_n0.03_d300_r05,C2,202647,5.66,5.36,0.2999999999999998,0.45475,0.5001738732785062,0.48019103520107564,FAR,FAR,0.0,1,,,0.03,300
C2_n0.03_d300_r05,C2,202647,5.68,5.38,0.2999999999999998,0.453,0.4684938777408444,0.4772667458360178,FAR,FAR,0.0,1,,,0.03,300
C2_n0.03_d300_r05,C2,202647,5.7,5.4,0.2999999999999998,0.45125,0.46343264307030685,0.47380822014459006,FAR,FAR,0.0,1,,,0.03,300
C2_n0.03_d300_r05,C2,202647,5.72,5.42,0.2999999999999998,0.4495,0.4373215363001888,0.4646865491834897,FAR,FAR,0.0,1,,,0.03,300
C2_n0.03_d300_r05,C2,202647,5.74,5.44,0.2999999999999998,0.44775,0.45796790121467545,0.46300688719128613,FAR,FAR,0.0,1,,,0.03,300
C2_n0.03_d300_r05,C2,202647,5.76,5.46,0.2999999999999998,0.446,0.48975030865066793,0.4696927425561316,FAR,FAR,0.0,1,,,0.03,300
C2_n0.03_d300_r05,C2,202647,5.78,5.48,0.2999999999999998,0.44425,0.461948734450217,0.467756740529653,FAR,FAR,0.0,1,,,0.03,300
C2_n0.03_d300_r05,C2,202647,5.8,5.5,0.2999999999999998,0.4425,0.5322014746799609,0.48386792406723,FAR,FAR,0.0,1,,,0.03,300
C2_n0.03_d300_r05,C2,202647,5.82,5.52,0.3000000000000007,0.44075,0.48371660848239295,0.48383009517102077,FAR,FAR,0.0,1,,,0.03,300
C2_n0.03_d300_r05,C2,202647,5.84,5.54,0.2999999999999998,0.439,0.43968972957094177,0.47279500377100103,FAR,FAR,0.0,1,,,0.03,300
C2_n0.03_d300_r05,C2,202647,5.86,5.56,0.3000000000000007,0.43724999999999997,0.4710983571186316,0.4723708421079087,FAR,FAR,0.0,1,,,0.03,300
C2_n0.03_d300_r05,C2,202647,5.88,5.58,0.2999999999999998,0.4355,0.48094551811725833,0.4745145111102461,FAR,FAR,0.0,1,,,0.03,300
C2_n0.03_d300_r05,C2,202647,5.9,5.6,0.3000000000000007,0.43374999999999997,0.44162330108172526,0.46629170860311586,FAR,FAR,0.0,1,,,0.03,300
C2_n0.03_d300_r05,C2,202647,5.92,5.62,0.2999999999999998,0.432,0.46557063344879196,0.4661114398145349,FAR,FAR,0.0,1,,,0.03,300
C2_n0.03_d300_r05,C2,202647,5.94,5.64,0.3000000000000007,0.43024999999999997,0.4801580935630664,0.4696231032516678,FAR,FAR,0.0,1,,,0.03,300
C2_n0.03_d300_r05,C2,202647,5.96,5.66,0.2999999999999998,0.4285,0.4925157509367206,0.475346265172931,FAR,FAR,0.0,1,,,0.03,300
C2_n0.03_d300_r05,C2,202647,5.98,5.68,0.3000000000000007,0.42674999999999996,0.4493455119678016,0.46884607687164864,FAR,FAR,0.0,1,,,0.03,300
C2_n0.03_d300_r05,C2,202647,6.0,5.7,0.2999999999999998,0.425,0.4592767472711312,0.46645374447151927,FAR,FAR,0.0,1,,,0.03,300
C2_n0.03_d300_r05,C2,202647,6.02,5.72,0.2999999999999998,0.42325,0.4174351971857647,0.45419910765008065,FAR,FAR,0.0,1,,,0.03,300
C2_n0.03_d300_r05,C2,202647,6.04,5.74,0.2999999999999998,0.4215,0.42072739991758534,0.4458311807169568,FAR,FAR,0.0,1,,,0.03,300
C2_n0.03_d300_r05,C2,202647,6.06,5.76,0.2999999999999998,0.41975,0.45822706605468455,0.44893015205138875,FAR,FAR,0.0,1,,,0.03,300
C2_n0.03_d300_r05,C2,202647,6.08,5.78,0.2999999999999998,0.418,0.44203430588696657,0.4472061905102832,FAR,FAR,0.0,1,,,0.03,300
C2_n0.03_d300_r05,C2,202647,6.1,5.8,0.2999999999999998,0.41625,0.4428275800209402,0.4461115378879475,FAR,FAR,0.0,1,,,0.03,300
C2_n0.03_d300_r05,C2,202647,6.12,5.82,0.2999999999999998,0.4145,0.42370982049273476,0.4405111085391443,FAR,FAR,0.0,1,,,0.03,300
C2_n0.03_d300_r05,C2,202647,6.14,5.84,0.2999999999999998,0.41275,0.42439834869991655,0.4364829185793374,FAR,FAR,0.0,1,,,0.03,300
C2_n0.03_d300_r05,C2,202647,6.16,5.86,0.2999999999999998,0.411,0.4256240563781389,0.4337682030290378,FAR,FAR,0.0,1,,,0.03,300
C2_n0.03_d300_r05,C2,202647,6.18,5.88,0.2999999999999998,0.40925,0.4460003139154317,0.4368262307506363,FAR,FAR,0.0,1,,,0.03,300
C2_n0.03_d300_r05,C2,202647,6.2,5.9,0.2999999999999998,0.4075,0.4452595291372124,0.4389345553472803,FAR,FAR,0.0,1,,,0.03,300
C2_n0.03_d300_r05,C2,202647,6.22,5.92,0.2999999999999998,0.40575,0.4451981923241466,0.4405004645914969,FAR,FAR,0.0,1,,,0.03,300
C2_n0.03_d300_r05,C2,202647,6.24,5.94,0.2999999999999998,0.40399999999999997,0.3972543387073403,0.42968893312045775,FAR,FAR,0.0,1,,,0.03,300
C2_n0.03_d300_r05,C2,202647,6.26,5.96,0.2999999999999998,0.40225,0.4371574195102727,0.4315560547179115,FAR,FAR,0.0,1,,,0.03,300
C2_n0.03_d300_r05,C2,202647,6.28,5.98,0.2999999999999998,0.40049999999999997,0.3804166345367596,0.4187711996726235,FAR,FAR,0.0,1,,,0.03,300
C2_n0.03_d300_r05,C2,202647,6.3,6.0,0.2999999999999998,0.39875,0.43276203707765626,0.4222689090238817,FAR,FAR,0.0,1,,,0.03,300
C2_n0.03_d300_r05,C2,202647,6.32,6.02,0.3000000000000007,0.39699999999999996,0.46331252911161336,0.4325298140458146,FAR,FAR,0.0,1,,,0.03,300
C2_n0.03_d300_r05,C2,202647,6.34,6.04,0.2999999999999998,0.39525,0.46296308496055133,0.4401381317744988,FAR,FAR,0.0,1,,,0.03,300
C2_n0.03_d300_r05,C2,202647,6.36,6.06,0.3000000000000007,0.39349999999999996,0.44761696382954574,0.4420078397882605,FAR,FAR,0.0,1,,,0.03,300
C2_n0.03_d300_r05,C2,202647,6.38,6.08,0.2999999999999998,0.39175,0.40386727093329566,0.43247269757451934,FAR,FAR,0.0,1,,,0.03,300
C2_n0.03_d300_r05,C2,202647,6.4,6.1,0.3000000000000007,0.38999999999999996,0.4105471825182685,0.42699131881045665,FAR,FAR,0.0,1,,,0.03,300
C2_n0.03_d300_r05,C2,202647,6.42,6.12,0.2999999999999998,0.38825,0.4039338504096777,0.4212269517102619,FAR,FAR,0.0,1,,,0.03,300
C2_n0.03_d300_r05,C2,202647,6.44,6.14,0.3000000000000007,0.38649999999999995,0.4173757515360074,0.4202641516666983,FAR,FAR,0.0,1,,,0.03,300
C2_n0.03_d300_r05,C2,202647,6.46,6.16,0.2999999999999998,0.38475,0.36960740010982673,0.4075999637774804,FAR,FAR,0.0,1,,,0.03,300
C2_n0.03_d300_r05,C2,202647,6.48,6.18,0.3000000000000007,0.38299999999999995,0.4580165198205371,0.4202041027882446,FAR,FAR,0.0,1,,,0.03,300
C2_n0.03_d300_r05,C2,202647,6.5,6.2,0.2999999999999998,0.38125,0.3590194186104255,0.4049079317437898,FAR,FAR,0.0,1,,,0.03,300
C2_n0.03_d300_r05,C2,202647,6.52,6.22,0.2999999999999998,0.37950000000000006,0.4096408065675097,0.4060911504497198,FAR,FAR,0.0,1,,,0.03,300
C2_n0.03_d300_r05,C2,202647,6.54,6.24,0.2999999999999998,0.37775000000000003,0.3566703705212528,0.39373595546760304,FAR,FAR,0.0,1,,,0.03,300
C2_n0.03_d300_r05,C2,202647,6.56,6.26,0.2999999999999998,0.376,0.4317024796296403,0.40322758650811236,FAR,FAR,0.0,1,,,0.03,300
C2_n0.03_d300_r05,C2,202647,6.58,6.28,0.2999999999999998,0.37424999999999997,0.4250671985283807,0.40868748951317946,FAR,FAR,0.0,1,,,0.03,300
C2_n0.03_d300_r05,C2,202647,6.6,6.3,0.2999999999999998,0.37250000000000005,0.42736279903019686,0.41335631689243385,FAR,FAR,0.0,1,,,0.03,300
C2_n0.03_d300_r05,C2,202647,6.62,6.32,0.2999999999999998,0.37075,0.42273021586429627,0.41569979163539944,FAR,FAR,0.0,1,,,0.03,300
C2_n0.03_d300_r05,C2,202647,6.64,6.34,0.2999999999999998,0.369,0.38871889920256186,0.40895456852719003,FAR,FAR,0.0,1,,,0.03,300
C2_n0.03_d300_r05,C2,202647,6.66,6.36,0.2999999999999998,0.36724999999999997,0.38351554009571404,0.402594811419321,FAR,FAR,0.0,1,,,0.03,300
C2_n0.03_d300_r05,C2,202647,6.68,6.38,0.2999999999999998,0.36550000000000005,0.4399813791290523,0.41194145334675386,FAR,FAR,0.0,1,,,0.03,300
C2_n0.03_d300_r05,C2,202647,6.7,6.4,0.2999999999999998,0.36375,0.3845717937916806,0.40509903845798556,FAR,FAR,0.0,1,,,0.03,300
C2_n0.03_d300_r05,C2,202647,6.72,6.42,0.2999999999999998,0.362,0.4599979373850567,0.41882376318975334,FAR,FAR,0.0,1,,,0.03,300
C2_n0.03_d300_r05,C2,202647,6.74,6.44,0.2999999999999998,0.36024999999999996,0.34704935811658766,0.4008801619214619,FAR,FAR,0.0,1,,,0.03,300
C2_n0.03_d300_r05,C2,202647,6.76,6.46,0.2999999999999998,0.35850000000000004,0.4207130698399361,0.4058383889010805,FAR,FAR,0.0,1,,,0.03,300
C2_n0.03_d300_r05,C2,202647,6.78,6.48,0.2999999999999998,0.35675,0.35999118300561,0.3943765874272129,FAR,FAR,0.0,1,,,0.03,300
C2_n0.03_d300_r05,C2,202647,6.8,6.5,0.2999999999999998,0.355,0.40409742288494277,0.39680679629164534,FAR,FAR,0.0,1,,,0.03,300
C2_n0.03_d300_r05,C2,202647,6.82,6.52,0.3000000000000007,0.35324999999999995,0.35112806177460315,0.3853871126623848,FAR,FAR,0.0,1,,,0.03,300
C2_n0.03_d300_r05,C2,202647,6.84,6.54,0.2999999999999998,0.35150000000000003,0.38181358063306486,0.3844937296550548,FAR,FAR,0.0,1,,,0.03,300
C2_n0.03_d300_r05,C2,202647,6.86,6.56,0.3000000000000007,0.34974999999999995,0.3976107112655767,0.38777297505768527,NEAR,FAR,0.0,1,,,0.03,300
C2_n0.03_d300_r05,C2,202647,6.88,6.58,0.2999999999999998,0.348,0.40541984336810655,0.3921846921352906,NEAR,FAR,0.0,1,,,0.03,300
C2_n0.03_d300_r05,C2,202647,6.9,6.6,0.3000000000000007,0.34624999999999995,0.34930314584551564,0.38146430556284683,NEAR,FAR,0.0,1,,,0.03,300
C2_n0.03_d300_r05,C2,202647,6.92,6.62,0.2999999999999998,0.3445,0.3326200510464039,0.3692532419337361,NEAR,FAR,0.0,1,,,0.03,300
C2_n0.03_d300_r05,C2,202647,6.94,6.64,0.3000000000000007,0.34274999999999994,0.4140933573201767,0.38046327078034625,NEAR,FAR,0.0,1,,,0.03,300
C2_n0.03_d300_r05,C2,202647,6.96,6.66,0.2999999999999998,0.34099999999999997,0.37401174696836537,0.378850389827351,NEAR,FAR,0.0,1,,,0.03,300
C2_n0.03_d300_r05,C2,202647,6.98,6.68,0.3000000000000007,0.33924999999999994,0.381130740499793,0.3794204774954615,NEAR,FAR,0.0,1,,,0.03,300
C2_n0.03_d300_r05,C2,202647,7.0,6.7,0.2999999999999998,0.3375,0.3482714523175062,0.37163322120097264,NEAR,FAR,0.0,1,,,0.03,300
C2_n0.03_d300_r05,C2,202647,7.02,6.72,0.2999999999999998,0.33575000000000005,0.3657819905332946,0.3701704135340531,NEAR,FAR,0.0,1,,,0.03,300
C2_n0.03_d300_r05,C2,202647,7.04,6.74,0.2999999999999998,0.334,0.34214778440047533,0.3631647562506587,NEAR,FAR,0.0,1,,,0.03,300
C2_n0.03_d300_r05,C2,202647,7.06,6.76,0.2999999999999998,0.33225000000000005,0.3076099663460764,0.34927605877451307,NEAR,FAR,0.0,1,,,0.03,300
C2_n0.03_d300_r05,C2,202647,7.08,6.78,0.2999999999999998,0.3305,0.39394591760025427,0.3604435234809484,NEAR,FAR,0.0,1,,,0.03,300
C2_n0.03_d300_r05,C2,202647,7.1,6.8,0.2999999999999998,0.32875000000000004,0.3695773624012327,0.3627269832110194,NEAR,FAR,0.0,1,,,0.03,300
C2_n0.03_d300_r05,C2,202647,7.12,6.82,0.2999999999999998,0.327,0.3211102072683956,0.3523227892253635,NEAR,FAR,0.0,1,,,0.03,300
C2_n0.03_d300_r05,C2,202647,7.14,6.84,0.2999999999999998,0.32525000000000004,0.31391638731459426,0.34272118874767116,NEAR,FAR,0.0,1,,,0.03,300
C2_n0.03_d300_r05,C2,202647,7.16,6.86,0.2999999999999998,0.3235,0.3308348683970494,0.33974960866001574,NEAR,FAR,0.0,1,,,0.03,300
C2_n0.03_d300_r05,C2,202647,7.18,6.88,0.2999999999999998,0.32175000000000004,0.3169155386298339,0.33404109115247027,NEAR,FAR,0.0,1,,,0.03,300
C2_n0.03_d300_r05,C2,202647,7.2,6.9,0.2999999999999998,0.32,0.3138336281968942,0.3289892254135762,NEAR,FAR,0.0,1,,,0.03,300
C2_n0.03_d300_r05,C2,202647,7.22,6.92,0.2999999999999998,0.31825000000000003,0.3279263096642134,0.3287234964762355,NEAR,FAR,0.0,1,,,0.03,300
C2_n0.03_d300_r05,C2,202647,7.24,6.94,0.2999999999999998,0.3165,0.35651354017663656,0.33567100740133576,NEAR,FAR,0.0,1,,,0.03,300
C2_n0.03_d300_r05,C2,202647,7.26,6.96,0.2999999999999998,0.31475000000000003,0.34066705149168824,0.3369200184239239,NEAR,FAR,0.0,1,,,0.03,300
C2_n0.03_d300_r05,C2,202647,7.28,6.98,0.2999999999999998,0.313,0.33962511211298974,0.33759629184619033,NEAR,FAR,0.0,1,,,0.03,300
C2_n0.03_d300_r05,C2,202647,7.3,7.0,0.2999999999999998,0.31125,0.2974899648740582,0.3275697101031573,NEAR,FAR,0.0,1,,,0.03,300
C2_n0.03_d300_r05,C2,202647,7.32,7.02,0.3000000000000007,0.3095,0.27880389706789865,0.3153782568443426,NEAR,NEAR,0.6,1,ENTER_NEAR,,0.03,300
C2_n0.03_d300_r05,C2,202647,7.34,7.04,0.2999999999999998,0.30775,0.320980973258358,0.31677893594784645,NEAR,NEAR,0.6,1,,,0.03,300
C2_n0.03_d300_r05,C2,202647,7.36,7.06,0.3000000000000007,0.306,0.3887943237335035,0.3347827828942607,NEAR,NEAR,0.6,1,,,0.03,300
C2_n0.03_d300_r05,C2,202647,7.38,7.08,0.2999999999999998,0.30425,0.3435829142986317,0.3369828157453535,NEAR,NEAR,0.6,1,,,0.03,300
C2_n0.03_d300_r05,C2,202647,7.4,7.1,0.3000000000000007,0.3025,0.30024556320182216,0.3277985026094707,NEAR,NEAR,0.6,1,,,0.03,300
C2_n0.03_d300_r05,C2,202647,7.42,7.12,0.2999999999999998,0.30075,0.3072876640345013,0.3226707929657283,NEAR,NEAR,0.6,1,,,0.03,300
C2_n0.03_d300_r05,C2,202647,7.44,7.14,0.3000000000000007,0.299,0.3014652464107958,0.3173694063269952,NEAR,NEAR,0.6,1,,,0.03,300
C2_n0.03_d300_r05,C2,202647,7.46,7.16,0.2999999999999998,0.29725,0.35673237337750063,0.32721014808962157,NEAR,NEAR,0.6,1,,,0.03,300
C2_n0.03_d300_r05,C2,202647,7.48,7.18,0.3000000000000007,0.2955,0.32226196039152516,0.3259731011650975,NEAR,NEAR,0.6,1,,,0.03,300
C2_n0.03_d300_r05,C2,202647,7.5,7.2,0.2999999999999998,0.29375,0.27644331476892053,0.31359065456605323,NEAR,NEAR,0.6,1,,,0.03,300
C2_n0.03_d300_r05,C2,202647,7.52,7.22,0.2999999999999998,0.29200000000000004,0.32877253857647276,0.31738612556865814,NEAR,NEAR,0.6,1,,,0.03,300
C2_n0.03_d300_r05,C2,202647,7.54,7.24,0.2999999999999998,0.29025,0.300742910336357,0.3132253217605829,NEAR,NEAR,0.6,1,,,0.03,300
C2_n0.03_d300_r05,C2,202647,7.56,7.26,0.2999999999999998,0.28850000000000003,0.3112148203098797,0.31272269639790706,NEAR,NEAR,0.6,1,,,0.03,300
C2_n0.03_d300_r05,C2,202647,7.58,7.28,0.2999999999999998,0.28675,0.2710335010765246,0.30230039756756144,NEAR,NEAR,0.6,1,,,0.03,300
C2_n0.03_d300_r05,C2,202647,7.6,7.3,0.2999999999999998,0.28500000000000003,0.299884552084708,0.30169643619684805,NEAR,NEAR,0.6,1,,,0.03,300
C2_n0.03_d300_r05,C2,202647,7.62,7.32,0.2999999999999998,0.28325,0.34678054088802324,0.31296746236964185,NEAR,NEAR,0.6,1,,,0.03,300
C2_n0.03_d300_r05,C2,202647,7.64,7.34,0.2999999999999998,0.28150000000000003,0.29427072386444814,0.3082932777433434,NEAR,NEAR,0.6,1,,,0.03,300
C2_n0.03_d300_r05,C2,202647,7.66,7.36,0.2999999999999998,0.27975,0.2509986345352737,0.293969616941326,NEAR,NEAR,0.6,1,,,0.03,300
C2_n0.03_d300_r05,C2,202647,7.68,7.38,0.2999999999999998,0.278,0.2567530840089569,0.28466548370823375,NEAR,NEAR,0.6,1,,,0.03,300
C2_n0.03_d300_r05,C2,202647,7.7,7.4,0.2999999999999998,0.27625,0.28270859238398277,0.284176260877171,NEAR,NEAR,0.6,1,,,0.03,300
C2_n0.03_d300_r05,C2,202647,7.72,7.42,0.2999999999999998,0.2745,0.2682190378273293,0.2801869551147106,NEAR,NEAR,0.6,1,,,0.03,300
C2_n0.03_d300_r05,C2,202647,7.74,7.44,0.2999999999999998,0.27275,0.32471312880246084,0.29131849853664815,NEAR,NEAR,0.6,1,,,0.03,300
C2_n0.03_d300_r05,C2,202647,7.76,7.46,0.2999999999999998,0.271,0.3096106302177369,0.2958915314569203,NEAR,NEAR,0.6,1,,,0.03,300
C2_n0.03_d300_r05,C2,202647,7.78,7.48,0.2999999999999998,0.26925,0.25312323464794434,0.2851994572546763,NEAR,NEAR,0.6,1,,,0.03,300
C2_n0.03_d300_r05,C2,202647,7.8,7.5,0.2999999999999998,0.2675,0.298782662867618,0.28859525865791175,NEAR,NEAR,0.6,1,,,0.03,300
C2_n0.03_d300_r05,C2,202647,7.82,7.52,0.3000000000000007,0.26575,0.29137932358952323,0.28929127489081463,NEAR,NEAR,0.6,1,,,0.03,300
C2_n0.03_d300_r05,C2,202647,7.84,7.54,0.2999999999999998,0.264,0.2716406542488253,0.2848786197303173,NEAR,NEAR,0.6,1,,,0.03,300
C2_n0.03_d300_r05,C2,202647,7.86,7.56,0.3000000000000007,0.26225,0.3023887933155085,0.2892561631266151,NEAR,NEAR,0.6,1,,,0.03,300
C2_n0.03_d300_r05,C2,202647,7.88,7.58,0.2999999999999998,0.2605,0.2643895399473821,0.2830395073318069,NEAR,NEAR,0.6,1,,,0.03,300
C2_n0.03_d300_r05,C2,202647,7.9,7.6,0.3000000000000007,0.25875,0.2662945941041421,0.2788532790248907,NEAR,NEAR,0.6,1,,,0.03,300
C2_n0.03_d300_r05,C2,202647,7.92,7.62,0.2999999999999998,0.257,0.2972958733242214,0.2834639275997234,NEAR,NEAR,0.6,1,,,0.03,300
C2_n0.03_d300_r05,C2,202647,7.94,7.64,0.3000000000000007,0.25525,0.25896006622335727,0.27733796225563184,NEAR,NEAR,0.6,1,,,0.03,300
C2_n0.03_d300_r05,C2,202647,7.96,7.66,0.2999999999999998,0.2535,0.2906379616542509,0.28066296210528663,NEAR,NEAR,0.6,1,,,0.03,300
C2_n0.03_d300_r05,C2,202647,7.98,7.68,0.3000000000000007,0.25175,0.23564491203173277,0.26940844958689814,NEAR,NEAR,0.6,1,,,0.03,300
C2_n0.03_d300_r05,C2,202647,8.0,7.7,0.2999999999999998,0.25,0.26280026179956617,0.26775640264006517,NEAR,NEAR,0.6,1,,,0.03,300
C2_n0.03_d300_r05,C2,202647,8.02,7.72,0.2999999999999998,0.2522533838368113,0.2912689290054313,0.2736345342314067,NEAR,NEAR,0.6,1,,,0.03,300
C2_n0.03_d300_r05,C2,202647,8.04,7.74,0.29999999999999893,0.25445562372365543,0.3133703203934945,0.28356848077192864,NEAR,NEAR,0.6,1,,,0.03,300
C2_n0.03_d300_r05,C2,202647,8.06,7.76,0.3000000000000007,0.25655673649976407,0.25302600904833356,0.27593286284102986,NEAR,NEAR,0.6,1,,,0.03,300
C2_n0.03_d300_r05,C2,202647,8.08,7.78,0.2999999999999998,0.25850903423690136,0.2631469064498242,0.27273637374322846,NEAR,NEAR,0.6,1,,,0.03,300
C2_n0.03_d300_r05,C2,202647,8.1,7.8,0.2999999999999998,0.2602682065889303,0.2813032488455867,0.274878092518818,NEAR,NEAR,0.6,1,,,0.03,300
C2_n0.03_d300_r05,C2,202647,8.12,7.82,0.29999999999999893,0.26179432648204926,0.24226736119414377,0.26672540968764946,NEAR,NEAR,0.6,1,,,0.03,300
C2_n0.03_d300_r05,C2,202647,8.14,7.84,0.3000000000000007,0.26305275632004294,0.28154667185260135,0.27043072522888745,NEAR,NEAR,0.6,1,,,0.03,300
C2_n0.03_d300_r05,C2,202647,8.16,7.86,0.2999999999999998,0.2640149341368492,0.29484036801945424,0.27653313592652917,NEAR,NEAR,0.6,1,,,0.03,300
C2_n0.03_d300_r05,C2,202647,8.18,7.88,0.2999999999999998,0.2646590218535229,0.2592946093178663,0.2722235042743635,NEAR,NEAR,0.6,1,,,0.03,300
C2_n0.03_d300_r05,C2,202647,8.2,7.9,0.29999999999999893,0.26497040092642404,0.2655943292389972,0.2705662105155219,NEAR,NEAR,0.6,1,,,0.03,300
C2_n0.03_d300_r05,C2,202647,8.22,7.92,0.3000000000000007,0.2649420041371476,0.28361553980897003,0.2738285428388839,NEAR,NEAR,0.6,1,,,0.03,300
C2_n0.03_d300_r05,C2,202647,8.24,7.94,0.2999999999999998,0.2645744759937201,0.2629206803116125,0.27110157720706607,NEAR,NEAR,0.6,1,,,0.03,300
C2_n0.03_d300_r05,C2,202647,8.26,7.96,0.2999999999999998,0.26387615810251686,0.24850469201400718,0.26545235590880134,NEAR,NEAR,0.6,1,,,0.03,300
C2_n0.03_d300_r05,C2,202647,8.28,7.98,0.29999999999999893,0.26286289984290484,0.23718277862031065,0.2583849615866787,NEAR,NEAR,0.6,1,,,0.03,300
C2_n0.03_d300_r05,C2,202647,8.3,8.0,0.3000000000000007,0.2615576986416368,0.2793374004323659,0.2636230712981005,NEAR,NEAR,0.6,1,,,0.03,300
C2_n0.03_d300_r05,C2,202647,8.32,8.02,0.3000000000000007,0.25999017801151375,0.24163520580421588,0.25812610492462934,NEAR,NEAR,0.6,1,,,0.03,300
C2_n0.03_d300_r05,C2,202647,8.34,8.04,0.3000000000000007,0.25819591520101404,0.23341428980953227,0.2519481511458551,NEAR,NEAR,0.6,1,,,0.03,300
C2_n0.03_d300_r05,C2,202647,8.36,8.06,0.29999999999999893,0.2562156337148993,0.20158598081408236,0.23935760856291194,NEAR,NEAR,0.6,1,,,0.03,300
C2_n0.03_d300_r05,C2,202647,8.38,8.08,0.3000000000000007,0.2540942790327598,0.24444134799266135,0.2406285434203493,NEAR,NEAR,0.6,1,,,0.03,300
C2_n0.03_d300_r05,C2,202647,8.4,8.1,0.3000000000000007,0.25187999850346454,0.26626147889015367,0.24703677728780038,NEAR,NEAR,0.6,1,,,0.03,300
C2_n0.03_d300_r05,C2,202647,8.42,8.12,0.3000000000000007,0.24962304856834994,0.2621121848262243,0.25080562917240634,NEAR,NEAR,0.6,1,,,0.03,300
C2_n0.03_d300_r05,C2,202647,8.44,8.14,0.29999999999999893,0.2473746541153709,0.2913817727654966,0.2609496650706789,NEAR,NEAR,0.6,1,,,0.03,300
C2_n0.03_d300_r05,C2,202647,8.46,8.16,0.3000000000000007,0.24518584585289177,0.303223616321671,0.27151815288342696,NEAR,NEAR,0.6,1,,,0.03,300
C2_n0.03_d300_r05,C2,202647,8.48,8.18,0.3000000000000007,0.24310630209067763,0.3005558975630816,0.2787775890533406,NEAR,NEAR,0.6,1,,,0.03,300
C2_n0.03_d300_r05,C2,202647,8.5,8.2,0.3000000000000007,0.24118322121561292,0.21710033862759553,0.26335827644690435,NEAR,NEAR,0.6,1,,,0.03,300
C2_n0.03_d300_r05,C2,202647,8.52,8.22,0.29999999999999893,0.2394602504530173,0.2645527422501025,0.2636568928977039,NEAR,NEAR,0.6,1,,,0.03,300
C2_n0.03_d300_r05,C2,202647,8.54,8.24,0.29999999999999893,0.23797649522693692,0.25367845717806076,0.2611622839677931,NEAR,NEAR,0.6,1,,,0.03,300
C2_n0.03_d300_r05,C2,202647,8.56,8.26,0.3000000000000007,0.23676563160347566,0.2412842071302529,0.256192764758408,NEAR,NEAR,0.6,1,,,0.03,300
C2_n0.03_d300_r05,C2,202647,8.58,8.28,0.3000000000000007,0.23585514196160703,0.19599477112811403,0.24114326635083452,NEAR,NEAR,0.6,1,,,0.03,300
C2_n0.03_d300_r05,C2,202647,8.6,8.3,0.29999999999999893,0.23526569123906968,0.2527043006846122,0.24403352493427893,NEAR,NEAR,0.6,1,,,0.03,300
C2_n0.03_d300_r05,C2,202647,8.62,8.32,0.29999999999999893,0.23501065791039116,0.2571373034196081,0.24730946955561123,NEAR,NEAR,0.6,1,,,0.03,300
C2_n0.03_d300_r05,C2,202647,8.64,8.34,0.3000000000000007,0.23509583034219989,0.2696968214456424,0.252906307528119,NEAR,NEAR,0.6,1,,,0.03,300
C2_n0.03_d300_r05,C2,202647,8.66,8.36,0.3000000000000007,0.2355192754175009,0.23297351442763453,0.24792310925299788,NEAR,NEAR,0.6,1,,,0.03,300
C2_n0.03_d300_r05,C2,202647,8.68,8.38,0.29999999999999893,0.23627138241068624,0.2396520132402866,0.24585533524982006,NEAR,NEAR,0.6,1,,,0.03,300
C2_n0.03_d300_r05,C2,202647,8.7,8.4,0.29999999999999893,0.23733508111746973,0.3121999871485061,0.2624414982244916,NEAR,NEAR,0.6,1,,,0.03,300
C2_n0.03_d300_r05,C2,202647,8.72,8.42,0.3000000000000007,0.2386862292889585,0.25768516436477223,0.26125241475956174,NEAR,NEAR,0.6,1,,,0.03,300
C2_n0.03_d300_r05,C2,202647,8.74,8.44,0.3000000000000007,0.24029416057645836,0.2125718139737171,0.24908226456310056,NEAR,NEAR,0.6,1,,,0.03,300
C2_n0.03_d300_r05,C2,202647,8.76,8.46,0.29999999999999893,0.24212238055058052,0.24677360837444076,0.2485051005159356,NEAR,NEAR,0.6,1,,,0.03,300
C2_n0.03_d300_r05,C2,202647,8.78,8.48,0.29999999999999893,0.24412939499744188,0.28087618751149657,0.2565978722648259,NEAR,NEAR,0.6,1,,,0.03,300
C2_n0.03_d300_r05,C2,202647,8.8,8.5,0.3000000000000007,0.24626965169252724,0.27239734557692946,0.2605477405928518,NEAR,NEAR,0.6,1,,,0.03,300
C2_n0.03_d300_r05,C2,202647,8.82,8.52,0.3000000000000007,0.2484945742772318,0.2546118804314484,0.25906377555250093,NEAR,NEAR,0.6,1,,,0.03,300
C2_n0.03_d300_r05,C2,202647,8.84,8.54,0.3000000000000007,0.2507536647726965,0.23456100035350008,0.25293808175275073,NEAR,NEAR,0.6,1,,,0.03,300
C2_n0.03_d300_r05,C2,202647,8.86,8.56,0.29999999999999893,0.25299564970771604,0.2325605487627509,0.2478436985052508,NEAR,NEAR,0.6,1,,,0.03,300
C2_n0.03_d300_r05,C2,202647,8.88,8.58,0.3000000000000007,0.2551696438476178,0.2425963146394902,0.24653185253881063,NEAR,NEAR,0.6,1,,,0.03,300
C2_n0.03_d300_r05,C2,202647,8.9,8.6,0.3000000000000007,0.2572263051115258,0.23583860171620138,0.24385853983315833,NEAR,NEAR,0.6,1,,,0.03,300
C2_n0.03_d300_r05,C2,202647,8.92,8.62,0.3000000000000007,0.25911895446541905,0.22809496632679963,0.23991764645656866,NEAR,NEAR,0.6,1,,,0.03,300
C2_n0.03_d300_r05,C2,202647,8.94,8.64,0.29999999999999893,0.26080463537331855,0.1949732218755647,0.22868154031131765,NEAR,NEAR,0.6,1,,,0.03,300
C2_n0.03_d300_r05,C2,202647,8.96,8.66,0.3000000000000007,0.2622450887607578,0.2269163588534599,0.22824024494685324,NEAR,NEAR,0.6,1,,,0.03,300
C2_n0.03_d300_r05,C2,202647,8.98,8.68,0.3000000000000007,0.263407621362269,0.23094513038174289,0.22891646630557566,NEAR,NEAR,0.6,1,,,0.03,300
C2_n0.03_d300_r05,C2,202647,9.0,8.7,0.3000000000000007,0.2642658477444273,0.21382480053900818,0.2251435498639338,NEAR,NEAR,0.6,1,,,0.03,300
C2_n0.03_d300_r05,C2,202647,9.02,8.72,0.29999999999999893,0.264800289163118,0.2462768841235937,0.2304268834288488,NEAR,NEAR,0.6,1,,,0.03,300
C2_n0.03_d300_r05,C2,202647,9.04,8.74,0.29999999999999893,0.2649988156630572,0.26241856577960987,0.23842480401653907,NEAR,NEAR,0.6,1,,,0.03,300
C2_n0.03_d300_r05,C2,202647,9.06,8.76,0.3000000000000007,0.26485692138544975,0.24613973016916496,0.24035353555469552,NEAR,NEAR,0.6,1,,,0.03,300
C2_n0.03_d300_r05,C2,202647,9.08,8.78,0.3000000000000007,0.2643778268352606,0.2529194231742569,0.24349500745958585,NEAR,NEAR,0.6,1,,,0.03,300
C2_n0.03_d300_r05,C2,202647,9.1,8.8,0.29999999999999893,0.2635724057869903,0.2943328597796818,0.2562044705396098,NEAR,NEAR,0.6,1,,,0.03,300
C2_n0.03_d300_r05,C2,202647,9.12,8.82,0.29999999999999893,0.2624589384879372,0.2554613492043452,0.25601869020579365,NEAR,NEAR,0.6,1,,,0.03,300
C2_n0.03_d300_r05,C2,202647,9.14,8.84,0.3000000000000007,0.2610626967603726,0.23518776295462074,0.2508109583930004,NEAR,NEAR,0.6,1,,,0.03,300
C2_n0.03_d300_r05,C2,202647,9.16,8.86,0.3000000000000007,0.25941537041936047,0.2700843273590362,0.25562930063450934,NEAR,NEAR,0.6,1,,,0.03,300
C2_n0.03_d300_r05,C2,202647,9.18,8.88,0.29999999999999893,0.2575543480245365,0.242956444030508,0.252461086483509,NEAR,NEAR,0.6,1,,,0.03,300
C2_n0.03_d300_r05,C2,202647,9.2,8.9,0.29999999999999893,0.25552186829027024,0.2874755509369475,0.26121470259686863,NEAR,NEAR,0.6,1,,,0.03,300
C2_n0.03_d300_r05,C2,202647,9.22,8.92,0.3000000000000007,0.25336406141424067,0.2250266636080709,0.2521676928496692,NEAR,NEAR,0.6,1,,,0.03,300
C2_n0.03_d300_r05,C2,202647,9.24,8.94,0.3000000000000007,0.25112990208291897,0.2421657926933679,0.2496672178105939,NEAR,NEAR,0.6,1,,,0.03,300
C2_n0.03_d300_r05,C2,202647,9.26,8.96,0.29999999999999893,0.24887009791708103,0.2852396961384449,0.2585603373925567,NEAR,NEAR,0.6,1,,,0.03,300
C2_n0.03_d300_r05,C2,202647,9.28,8.98,0.29999999999999893,0.24663593858575936,0.2524371637099449,0.25702954397190375,NEAR,NEAR,0.6,1,,,0.03,300
C2_n0.03_d300_r05,C2,202647,9.3,9.0,0.3000000000000007,0.24447813170972976,0.24844005107853695,0.25488217074856206,NEAR,NEAR,0.6,1,,,0.03,300
C2_n0.03_d300_r05,C2,202647,9.32,9.02,0.3000000000000007,0.24244565197546356,0.2353013846427299,0.24998697422210403,NEAR,NEAR,0.6,1,,,0.03,300
C2_n0.03_d300_r05,C2,202647,9.34,9.04,0.3000000000000007,0.2405846295806395,0.19333021200424494,0.23582278366763926,NEAR,NEAR,0.6,1,,,0.03,300
C2_n0.03_d300_r05,C2,202647,9.36,9.06,0.29999999999999893,0.23893730323962742,0.30559451888936295,0.2532657174730702,NEAR,NEAR,0.6,1,,,0.03,300
C2_n0.03_d300_r05,C2,202647,9.38,9.08,0.3000000000000007,0.23754106151206275,0.2518509731197088,0.25291203138472984,NEAR,NEAR,0.6,1,,,0.03,300
C2_n0.03_d300_r05,C2,202647,9.4,9.1,0.3000000000000007,0.23642759421300968,0.29101330166177947,0.26243734895399223,NEAR,NEAR,0.6,1,,,0.03,300
C2_n0.03_d300_r05,C2,202647,9.42,9.12,0.3000000000000007,0.23562217316473935,0.301267994786836,0.2721450104122032,NEAR,NEAR,0.6,1,,,0.03,300
C2_n0.03_d300_r05,C2,202647,9.44,9.14,0.29999999999999893,0.23514307861455025,0.2614169544682538,0.26946299642621585,NEAR,NEAR,0.6,1,,,0.03,300
C2_n0.03_d300_r05,C2,202647,9.46,9.16,0.3000000000000007,0.23500118433694275,0.22387577827814747,0.25806619188919877,NEAR,NEAR,0.6,1,,,0.03,300
C2_n0.03_d300_r05,C2,202647,9.48,9.18,0.3000000000000007,0.235199710836882,0.28897639736933217,0.2657937432592321,NEAR,NEAR,0.6,1,,,0.03,300
C2_n0.03_d300_r05,C2,202647,9.5,9.2,0.3000000000000007,0.2357341522555727,0.25576737230354946,0.26328715052031143,NEAR,NEAR,0.6,1,,,0.03,300
C2_n0.03_d300_r05,C2,202647,9.52,9.22,0.29999999999999893,0.23659237863773103,0.2624400527737322,0.26307537608366666,NEAR,NEAR,0.6,1,,,0.03,300
C2_n0.03_d300_r05,C2,202647,9.54,9.24,0.29999999999999893,0.2377549112392422,0.20656362437645426,0.24894743815686357,NEAR,NEAR,0.6,1,,,0.03,300
C2_n0.03_d300_r05,C2,202647,9.56,9.26,0.3000000000000007,0.23919536462668142,0.2809026987602557,0.2569362533077116,NEAR,NEAR,0.6,1,,,0.03,300
C2_n0.03_d300_r05,C2,202647,9.58,9.28,0.3000000000000007,0.24088104553458092,0.23774912703489276,0.2521394717395069,NEAR,NEAR,0.6,1,,,0.03,300
C2_n0.03_d300_r05,C2,202647,9.6,9.3,0.29999999999999893,0.24277369488847422,0.2556649823061887,0.25302084938117736,NEAR,NEAR,0.6,1,,,0.03,300
C2_n0.03_d300_r05,C2,202647,9.62,9.32,0.29999999999999893,0.24483035615238213,0.272783972490238,0.25796163015844253,NEAR,NEAR,0.6,1,,,0.03,300
C2_n0.03_d300_r05,C2,202647,9.64,9.34,0.3000000000000007,0.24700435029228393,0.22321448613894723,0.2492748441535687,NEAR,NEAR,0.6,1,,,0.03,300
C2_n0.03_d300_r05,C2,202647,9.66,9.36,0.3000000000000007,0.24924633522730347,0.2853817050365835,0.2583015593743224,NEAR,NEAR,0.6,1,,,0.03,300
C2_n0.03_d300_r05,C2,202647,9.68,9.38,0.29999999999999893,0.2515054257227682,0.30687866732813895,0.2704458363627765,NEAR,NEAR,0.6,1,,,0.03,300
C2_n0.03_d300_r05,C2,202647,9.7,9.4,0.29999999999999893,0.25373034830747276,0.23342867582603333,0.26119154622859075,NEAR,NEAR,0.6,1,,,0.03,300
C2_n0.03_d300_r05,C2,202647,9.72,9.42,0.3000000000000007,0.2558706050025581,0.2348330230249291,0.25460191542767535,NEAR,NEAR,0.6,1,,,0.03,300
C2_n0.03_d300_r05,C2,202647,9.74,9.44,0.3000000000000007,0.25787761944941945,0.23833918630873152,0.2505362331479394,NEAR,NEAR,0.6,1,,,0.03,300
C2_n0.03_d300_r05,C2,202647,9.76,9.46,0.29999999999999893,0.25970583942354164,0.22605943004193724,0.24441703237143886,NEAR,NEAR,0.6,1,,,0.03,300
C2_n0.03_d300_r05,C2,202647,9.78,9.48,0.29999999999999893,0.2613137707110415,0.2250005084751021,0.23956290139735467,NEAR,NEAR,0.6,1,,,0.03,300
C2_n0.03_d300_r05,C2,202647,9.8,9.5,0.3000000000000007,0.26266491888253024,0.24943658300512972,0.24203132179929843,NEAR,NEAR,0.6,1,,,0.03,300
C2_n0.03_d300_r05,C2,202647,9.82,9.52,0.3000000000000007,0.26372861758931376,0.23927860591047043,0.24134314282709143,NEAR,NEAR,0.6,1,,,0.03,300
C2_n0.03_d300_r05,C2,202647,9.84,9.54,0.3000000000000007,0.2644807245824991,0.26973164149241374,0.24844026749342202,NEAR,NEAR,0.6,1,,,0.03,300
C2_n0.03_d300_r05,C2,202647,9.86,9.56,0.29999999999999893,0.2649041696578001,0.23339737792905016,0.24467954510232903,NEAR,NEAR,0.6,1,,,0.03,300
C2_n0.03_d300_r05,C2,202647,9.88,9.58,0.3000000000000007,0.26498934208960884,0.16503556041290804,0.22476854892997378,NEAR,NEAR,0.6,1,,,0.03,300
C2_n0.03_d300_r05,C2,202647,9.9,9.6,0.3000000000000007,0.26473430876093035,0.23958022472143384,0.22847146787783879,NEAR,NEAR,0.6,1,,,0.03,300
C2_n0.03_d300_r05,C2,202647,9.92,9.62,0.3000000000000007,0.264144858038393,0.3099126418688142,0.24883176137558263,NEAR,NEAR,0.6,1,,,0.03,300
C2_n0.03_d300_r05,C2,202647,9.94,9.64,0.29999999999999893,0.2632343683965243,0.23434210863571286,0.24520934819061518,NEAR,NEAR,0.6,1,,,0.03,300
C2_n0.03_d300_r05,C2,202647,9.96,9.66,0.3000000000000007,0.2620235047730631,0.25070680482754454,0.2465837123498475,NEAR,NEAR,0.6,1,,,0.03,300
C2_n0.03_d300_r05,C2,202647,9.98,9.68,0.3000000000000007,0.2605397495469827,0.21669203246014782,0.23911079237742255,NEAR,NEAR,0.6,1,,,0.03,300
C2_n0.03_d300_r05,C2,202647,10.0,9.7,0.3000000000000007,0.2588167787843871,0.28840066147584675,0.2514332596520286,NEAR,NEAR,0.6,1,,,0.03,300
C2_n0.03_d300_r05,C2,202647,10.02,9.72,0.29999999999999893,0.25689369790932237,0.2668116866707647,0.2552778664067127,NEAR,NEAR,0.6,1,,,0.03,300
C2_n0.03_d300_r05,C2,202647,10.04,9.74,0.29999999999999893,0.25481415414710823,0.2660027393921538,0.25795908465307293,NEAR,NEAR,0.6,1,,,0.03,300
C2_n0.03_d300_r05,C2,202647,10.06,9.76,0.3000000000000007,0.2526253458846291,0.27235118157080507,0.26155710888250594,NEAR,NEAR,0.6,1,,,0.03,300
C2_n0.03_d300_r05,C2,202647,10.08,9.78,0.3000000000000007,0.25037695143165006,0.263054323940819,0.2619314126470842,NEAR,NEAR,0.6,1,,,0.03,300
C2_n0.03_d300_r05,C2,202647,10.1,9.8,0.29999999999999893,0.24812000149653549,0.2910518902573583,0.2692115320496527,NEAR,NEAR,0.6,1,,,0.03,300
C2_n0.03_d300_r05,C2,202647,10.12,9.82,0.29999999999999893,0.24590572096724023,0.300068256078271,0.2769257130568073,NEAR,NEAR,0.6,1,,,0.03,300
C2_n0.03_d300_r05,C2,202647,10.14,9.84,0.3000000000000007,0.24378436628510067,0.25098435194441293,0.2704403727787087,NEAR,NEAR,0.6,1,,,0.03,300
C2_n0.03_d300_r05,C2,202647,10.16,9.86,0.3000000000000007,0.24180408479898596,0.2647772972601537,0.26902460389906996,NEAR,NEAR,0.6,1,,,0.03,300
C2_n0.03_d300_r05,C2,202647,10.18,9.88,0.29999999999999893,0.24000982198848625,0.2760862800451229,0.2707900229355832,NEAR,NEAR,0.6,1,,,0.03,300
C2_n0.03_d300_r05,C2,202647,10.2,9.9,0.29999999999999893,0.23844230135836322,0.23573173266396383,0.2620254503676783,NEAR,NEAR,0.6,1,,,0.03,300
C2_n0.03_d300_r05,C2,202647,10.22,9.92,0.3000000000000007,0.2371371001570952,0.279416451190761,0.266373200573449,NEAR,NEAR,0.6,1,,,0.03,300
C2_n0.03_d300_r05,C2,202647,10.24,9.94,0.3000000000000007,0.23612384189748312,0.29935100585773927,0.2746176518945216,NEAR,NEAR,0.6,1,,,0.03,300
C2_n0.03_d300_r05,C2,202647,10.26,9.96,0.29999999999999893,0.2354255240062799,0.2896509549782327,0.27837597766544936,NEAR,NEAR,0.6,1,,,0.03,300
C2_n0.03_d300_r05,C2,202647,10.28,9.98,0.29999999999999893,0.23505799586285242,0.20630689940260027,0.2603587080997371,NEAR,NEAR,0.6,1,,,0.03,300
C2_n0.03_d300_r05,C2,202647,10.3,10.0,0.3000000000000007,0.23502959907357593,0.311513592826046,0.2731474292813143,NEAR,NEAR,0.6,1,,,0.03,300
C2_n0.03_d300_r05,C2,202647,10.32,10.02,0.3000000000000007,0.23534097814647711,0.2837670340704656,0.27580233047860214,NEAR,NEAR,0.6,1,,,0.03,300
C2_n0.03_d300_r05,C2,202647,10.34,10.04,0.3000000000000007,0.23598506586315082,0.25546703047293634,0.2707185054771857,NEAR,NEAR,0.6,1,,,0.03,300
C2_n0.03_d300_r05,C2,202647,10.36,10.06,0.29999999999999893,0.23694724367995706,0.2856543347746205,0.2744524628015444,NEAR,NEAR,0.6,1,,,0.03,300
C2_n0.03_d300_r05,C2,202647,10.38,10.08,0.3000000000000007,0.23820567351795077,0.25598573904735183,0.2698357818629963,NEAR,NEAR,0.6,1,,,0.03,300
C2_n0.03_d300_r05,C2,202647,10.4,10.1,0.3000000000000007,0.2397317934110697,0.26432279803125447,0.26845753590506083,NEAR,NEAR,0.6,1,,,0.03,300
C2_n0.03_d300_r05,C2,202647,10.42,10.12,0.3000000000000007,0.24149096576309861,0.23884292401201385,0.2610538829317991,NEAR,NEAR,0.6,1,,,0.03,300
C2_n0.03_d300_r05,C2,202647,10.44,10.14,0.29999999999999893,0.24344326350023596,0.26971698084388196,0.2632196574098198,NEAR,NEAR,0.6,1,,,0.03,300
C2_n0.03_d300_r05,C2,202647,10.46,10.16,0.3000000000000007,0.2455443762763446,0.2396634652960966,0.25733060938138896,NEAR,NEAR,0.6,1,,,0.03,300
C2_n0.03_d300_r05,C2,202647,10.48,10.18,0.3000000000000007,0.24774661616318866,0.2412485932109393,0.25331010533877657,NEAR,NEAR,0.6,1,,,0.03,300
C2_n0.03_d300_r05,C2,202647,10.5,10.2,0.3000000000000007,0.25,0.22936411485335872,0.24732360771742212,NEAR,NEAR,0.6,1,,,0.03,300
C2_n0.03_d300_r05,C2,202647,10.52,10.22,0.29999999999999893,0.2522533838368113,0.2210165594644818,0.24074684565418702,NEAR,NEAR,0.6,1,,,0.03,300
C2_n0.03_d300_r05,C2,202647,10.54,10.24,0.29999999999999893,0.2544556237236554,0.24604066862054927,0.2420703013957776,NEAR,NEAR,0.6,1,,,0.03,300
C2_n0.03_d300_r05,C2,202647,10.56,10.26,0.3000000000000007,0.256556736499764,0.2877789766023183,0.25349747019741276,NEAR,NEAR,0.6,1,,,0.03,300
C2_n0.03_d300_r05,C2,202647,10.58,10.28,0.3000000000000007,0.25850903423690136,0.18777241026070912,0.23706620521323685,NEAR,NEAR,0.6,1,,,0.03,300
C2_n0.03_d300_r05,C2,202647,10.6,10.3,0.29999999999999893,0.2602682065889303,0.2142810190066319,0.2313699086615856,NEAR,NEAR,0.6,1,,,0.03,300
C2_n0.03_d300_r05,C2,202647,10.62,10.32,0.29999999999999893,0.2617943264820492,0.22919408902879773,0.23082595375338866,NEAR,NEAR,0.6,1,,,0.03,300
C2_n0.03_d300_r05,C2,202647,10.64,10.34,0.3000000000000007,0.26305275632004294,0.186514626107257,0.21974812184185574,NEAR,NEAR,0.6,1,,,0.03,300
C2_n0.03_d300_r05,C2,202647,10.66,10.36,0.3000000000000007,0.2640149341368492,0.22509471231902234,0.22108476946114738,NEAR,NEAR,0.6,1,,,0.03,300
C2_n0.03_d300_r05,C2,202647,10.68,10.38,0.29999999999999893,0.2646590218535229,0.2051342640842339,0.21709714311691902,NEAR,NEAR,0.6,1,,,0.03,300
C2_n0.03_d300_r05,C2,202647,10.7,10.4,0.29999999999999893,0.26497040092642404,0.2723135364644505,0.23090124145380186,NEAR,NEAR,0.6,1,,,0.03,300
C2_n0.03_d300_r05,C2,202647,10.72,10.42,0.3000000000000007,0.2649420041371476,0.22270447310715083,0.2288520493671391,NEAR,NEAR,0.6,1,,,0.03,300
C2_n0.03_d300_r05,C2,202647,10.74,10.44,0.3000000000000007,0.2645744759937201,0.2626628463507851,0.2373047486130506,NEAR,NEAR,0.6,1,,,0.03,300
C2_n0.03_d300_r05,C2,202647,10.76,10.46,0.29999999999999893,0.26387615810251686,0.22644768558865971,0.23459048285695286,NEAR,NEAR,0.6,1,,,0.03,300
C2_n0.03_d300_r05,C2,202647,10.78,10.48,0.29999999999999893,0.26286289984290484,0.29466096062577224,0.2496081022991577,NEAR,NEAR,0.6,1,,,0.03,300
C2_n0.03_d300_r05,C2,202647,10.8,10.5,0.3000000000000007,0.2615576986416368,0.20704811166006204,0.23896810463938378,NEAR,NEAR,0.6,1,,,0.03,300
C2_n0.03_d300_r05,C2,202647,10.82,10.52,0.3000000000000007,0.25999017801151375,0.2971610891693347,0.2535163507718715,NEAR,NEAR,0.6,1,,,0.03,300
C2_n0.03_d300_r05,C2,202647,10.84,10.54,0.3000000000000007,0.25819591520101404,0.2654368336576766,0.2564964714933228,NEAR,NEAR,0.6,1,,,0.03,300
C2_n0.03_d300_r05,C2,202647,10.86,10.56,0.29999999999999893,0.25621563371489936,0.26197313674390266,0.2578656378059677,NEAR,NEAR,0.6,1,,,0.03,300
C2_n0.03_d300_r05,C2,202647,10.88,10.58,0.3000000000000007,0.2540942790327598,0.26324316881771864,0.25921002055890546,NEAR,NEAR,0.6,1,,,0.03,300
C2_n0.03_d300_r05,C2,202647,10.9,10.6,0.3000000000000007,0.2518799985034645,0.29587629322133513,0.26837658872451287,NEAR,NEAR,0.6,1,,,0.03,300
C2_n0.03_d300_r05,C2,202647,10.92,10.62,0.3000000000000007,0.24962304856834996,0.26534138039903854,0.2676177866431443,NEAR,NEAR,0.6,1,,,0.03,300
C2_n0.03_d300_r05,C2,202647,10.94,10.64,0.29999999999999893,0.24737465411537093,0.27192594546471466,0.26869482634853686,NEAR,NEAR,0.6,1,,,0.03,300
C2_n0.03_d300_r05,C2,202647,10.96,10.66,0.3000000000000007,0.24518584585289174,0.273399109621327,0.2698708971667344,NEAR,NEAR,0.6,1,,,0.03,300
C2_n0.03_d300_r05,C2,202647,10.98,10.68,0.3000000000000007,0.24310630209067766,0.25074857741496787,0.2650903172287928,NEAR,NEAR,0.6,1,,,0.03,300
C2_n0.03_d300_r05,C2,202647,11.0,10.7,0.3000000000000007,0.24118322121561292,0.2897416072287756,0.2712531397287885,NEAR,NEAR,0.6,1,,,0.03,300
C2_n0.03_d300_r05,C2,202647,11.02,10.72,0.29999999999999893,0.2394602504530173,0.2973664085752529,0.2777814569404046,NEAR,NEAR,0.6,1,,,0.03,300
C2_n0.03_d300_r05,C2,202647,11.04,10.74,0.29999999999999893,0.23797649522693692,0.2836986602493806,0.2792607577676486,NEAR,NEAR,0.6,1,,,0.03,300
C2_n0.03_d300_r05,C2,202647,11.06,10.76,0.3000000000000007,0.2367656316034757,0.2585369119418858,0.2740797963112079,NEAR,NEAR,0.6,1,,,0.03,300
C2_n0.03_d300_r05,C2,202647,11.08,10.78,0.3000000000000007,0.23585514196160703,0.2451387363997693,0.26684453133334823,NEAR,NEAR,0.6,1,,,0.03,300
C2_n0.03_d300_r05,C2,202647,11.1,10.8,0.29999999999999893,0.23526569123906968,0.26104315256490335,0.265394186641237,NEAR,NEAR,0.6,1,,,0.03,300
C2_n0.03_d300_r05,C2,202647,11.12,10.82,0.29999999999999893,0.23501065791039116,0.2812484513906149,0.26935775282858143,NEAR,NEAR,0.6,1,,,0.03,300
C2_n0.03_d300_r05,C2,202647,11.14,10.84,0.3000000000000007,0.23509583034219989,0.26287015152837595,0.26773585250353005,NEAR,NEAR,0.6,1,,,0.03,300
C2_n0.03_d300_r05,C2,202647,11.16,10.86,0.3000000000000007,0.2355192754175009,0.24592066007120372,0.2622820543954485,NEAR,NEAR,0.6,1,,,0.03,300
C2_n0.03_d300_r05,C2,202647,11.18,10.88,0.29999999999999893,0.2362713824106862,0.22095467948293865,0.25195021066732104,NEAR,NEAR,0.6,1,,,0.03,300
C2_n0.03_d300_r05,C2,202647,11.2,10.9,0.29999999999999893,0.23733508111746973,0.21534685975660048,0.2427993729396409,NEAR,NEAR,0.6,1,,,0.03,300
C2_n0.03_d300_r05,C2,202647,11.22,10.92,0.3000000000000007,0.23868622928895847,0.2686044474642355,0.24925064157078955,NEAR,NEAR,0.6,1,,,0.03,300
C2_n0.03_d300_r05,C2,202647,11.24,10.94,0.3000000000000007,0.24029416057645833,0.2735961178547515,0.25533701064178005,NEAR,NEAR,0.6,1,,,0.03,300
C2_n0.03_d300_r05,C2,202647,11.26,10.96,0.29999999999999893,0.24212238055058055,0.22208892242194384,0.24702498858682098,NEAR,NEAR,0.6,1,,,0.03,300
C2_n0.03_d300_r05,C2,202647,11.28,10.98,0.29999999999999893,0.2441293949974419,0.23723356253536618,0.2445771320739573,NEAR,NEAR,0.6,1,,,0.03,300
C2_n0.03_d300_r05,C2,202647,11.3,11.0,0.3000000000000007,0.24626965169252724,0.20819410080138306,0.23548137425581372,NEAR,NEAR,0.6,1,,,0.03,300
C2_n0.03_d300_r05,C2,202647,11.32,11.02,0.3000000000000007,0.2484945742772318,0.18224311133614368,0.2221718085258962,NEAR,NEAR,0.6,1,,,0.03,300
C2_n0.03_d300_r05,C2,202647,11.34,11.04,0.3000000000000007,0.25075366477269656,0.24244429340530166,0.22723992974574758,NEAR,NEAR,0.6,1,,,0.03,300
C2_n0.03_d300_r05,C2,202647,11.36,11.06,0.29999999999999893,0.252995649707716,0.23294325797032192,0.22866576180189116,NEAR,NEAR,0.6,1,,,0.03,300
C2_n0.03_d300_r05,C2,202647,11.38,11.08,0.3000000000000007,0.2551696438476178,0.2661928380301186,0.23804753085894803,NEAR,NEAR,0.6,1,,,0.03,300
C2_n0.03_d300_r05,C2,202647,11.4,11.1,0.3000000000000007,0.2572263051115258,0.22495502389477773,0.23477440411790546,NEAR,NEAR,0.6,1,,,0.03,300
C2_n0.03_d300_r05,C2,202647,11.42,11.12,0.3000000000000007,0.25911895446541905,0.24288465111210425,0.23680196586645516,NEAR,NEAR,0.6,1,,,0.03,300
C2_n0.03_d300_r05,C2,202647,11.44,11.14,0.29999999999999893,0.26080463537331855,0.26124735545388106,0.24291331326331161,NEAR,NEAR,0.6,1,,,0.03,300
C2_n0.03_d300_r05,C2,202647,11.46,11.16,0.3000000000000007,0.2622450887607578,0.23876317631825567,0.2418757790270476,NEAR,NEAR,0.6,1,,,0.03,300
C2_n0.03_d300_r05,C2,202647,11.48,11.18,0.3000000000000007,0.263407621362269,0.24805739027849238,0.2434211818399088,NEAR,NEAR,0.6,1,,,0.03,300
C2_n0.03_d300_r05,C2,202647,11.5,11.2,0.3000000000000007,0.2642658477444273,0.28692264529276923,0.25429654770312393,NEAR,NEAR,0.6,1,,,0.03,300
C2_n0.03_d300_r05,C2,202647,11.52,11.22,0.29999999999999893,0.264800289163118,0.1984295981454131,0.2403298103136962,NEAR,NEAR,0.6,1,,,0.03,300
C2_n0.03_d300_r05,C2,202647,11.54,11.24,0.29999999999999893,0.2649988156630572,0.28009926625504716,0.250272174299034,NEAR,NEAR,0.6,1,,,0.03,300
C2_n0.03_d300_r05,C2,202647,11.56,11.26,0.3000000000000007,0.26485692138544975,0.24616212945075017,0.24924466308696303,NEAR,NEAR,0.6,1,,,0.03,300
C2_n0.03_d300_r05,C2,202647,11.58,11.28,0.3000000000000007,0.2643778268352606,0.25672245769945373,0.2511141117400857,NEAR,NEAR,0.6,1,,,0.03,300
C2_n0.03_d300_r05,C2,202647,11.6,11.3,0.29999999999999893,0.2635724057869903,0.2798114542822602,0.2582884473756293,NEAR,NEAR,0.6,1,,,0.03,300
C2_n0.03_d300_r05,C2,202647,11.62,11.32,0.29999999999999893,0.2624589384879373,0.23380196042178483,0.2521668256371682,NEAR,NEAR,0.6,1,,,0.03,300
C2_n0.03_d300_r05,C2,202647,11.64,11.34,0.3000000000000007,0.2610626967603726,0.29374441222994324,0.26256122228536194,NEAR,NEAR,0.6,1,,,0.03,300
C2_n0.03_d300_r05,C2,202647,11.66,11.36,0.3000000000000007,0.2594153704193605,0.2677125598122715,0.26384905666708935,NEAR,NEAR,0.6,1,,,0.03,300
C2_n0.03_d300_r05,C2,202647,11.68,11.38,0.29999999999999893,0.2575543480245365,0.25321327578147085,0.2611901114456847,NEAR,NEAR,0.6,1,,,0.03,300
C2_n0.03_d300_r05,C2,202647,11.7,11.4,0.29999999999999893,0.25552186829027024,0.23996312341505088,0.2558833644380263,NEAR,NEAR,0.6,1,,,0.03,300
C2_n0.03_d300_r05,C2,202647,11.72,11.42,0.3000000000000007,0.25336406141424067,0.2946721664679504,0.2655805649455073,NEAR,NEAR,0.6,1,,,0.03,300
C2_n0.03_d300_r05,C2,202647,11.74,11.44,0.3000000000000007,0.25112990208291897,0.21395296391287763,0.25267366468734986,NEAR,NEAR,0.6,1,,,0.03,300
C2_n0.03_d300_r05,C2,202647,11.76,11.46,0.29999999999999893,0.24887009791708103,0.24401539690936497,0.2505090977428536,NEAR,NEAR,0.6,1,,,0.03,300
C2_n0.03_d300_r05,C2,202647,11.78,11.48,0.29999999999999893,0.24663593858575936,0.2783555885553469,0.25747072044597696,NEAR,NEAR,0.6,1,,,0.03,300
C2_n0.03_d300_r05,C2,202647,11.8,11.5,0.3000000000000007,0.2444781317097298,0.2288640257469164,0.2503190467712118,NEAR,NEAR,0.6,1,,,0.03,300
C2_n0.03_d300_r05,C2,202647,11.82,11.52,0.3000000000000007,0.24244565197546356,0.19735427214454082,0.23707785311454407,NEAR,NEAR,0.6,1,,,0.03,300
C2_n0.03_d300_r05,C2,202647,11.84,11.54,0.3000000000000007,0.2405846295806395,0.26801054080661146,0.24481102503756091,NEAR,NEAR,0.6,1,,,0.03,300
C2_n0.03_d300_r05,C2,202647,11.86,11.56,0.29999999999999893,0.23893730323962745,0.2620160857125256,0.2491122902063021,NEAR,NEAR,0.6,1,,,0.03,300
C2_n0.03_d300_r05,C2,202647,11.88,11.58,0.3000000000000007,0.23754106151206278,0.2642357403960536,0.25289315275373997,NEAR,NEAR,0.6,1,,,0.03,300
C2_n0.03_d300_r05,C2,202647,11.9,11.6,0.3000000000000007,0.23642759421300968,0.22439872803453897,0.24576954657393973,NEAR,NEAR,0.6,1,,,0.03,300
C2_n0.03_d300_r05,C2,202647,11.92,11.62,0.3000000000000007,0.23562217316473938,0.28584007974623155,0.25578717986701266,NEAR,NEAR,0.6,1,,,0.03,300
C2_n0.03_d300_r05,C2,202647,11.94,11.64,0.29999999999999893,0.23514307861455025,0.28635071197415596,0.2634280628937985,NEAR,NEAR,0.6,1,,,0.03,300
C2_n0.03_d300_r05,C2,202647,11.96,11.66,0.3000000000000007,0.23500118433694275,0.1962629157637122,0.24663677611127693,NEAR,NEAR,0.6,1,,,0.03,300
C2_n0.03_d300_r05,C2,202647,11.98,11.68,0.3000000000000007,0.235199710836882,0.18423217099465566,0.23103562483212164,NEAR,NEAR,0.6,1,,,0.03,300
C2_n0.03_d300_r05,C2,202647,12.0,11.7,0.3000000000000007,0.25,0.24469837385714235,0.2344513120883768,NEAR,NEAR,0.6,1,,,0.03,300
C2_n0.03_d300_r05,C2,202647,12.02,11.72,0.29999999999999893,0.25175,0.249343360192697,0.23817432411445685,NEAR,NEAR,0.6,1,,,0.03,300
C2_n0.03_d300_r05,C2,202647,12.04,11.74,0.29999999999999893,0.25349999999999995,0.28558339172929553,0.25002659101816654,NEAR,NEAR,0.6,1,,,0.03,300
C2_n0.03_d300_r05,C2,202647,12.06,11.76,0.3000000000000007,0.25525000000000003,0.2316589596186141,0.24543468316827843,NEAR,NEAR,0.6,1,,,0.03,300
C2_n0.03_d300_r05,C2,202647,12.08,11.78,0.3000000000000007,0.257,0.2782196543792419,0.2536309259710193,NEAR,NEAR,0.6,1,,,0.03,300
C2_n0.03_d300_r05,C2,202647,12.1,11.8,0.29999999999999893,0.25875,0.22378678953953451,0.24616989186314814,NEAR,NEAR,0.6,1,,,0.03,300
C2_n0.03_d300_r05,C2,202647,12.12,11.82,0.29999999999999893,0.26049999999999995,0.25856557477165387,0.24926881259027459,NEAR,NEAR,0.6,1,,,0.03,300
C2_n0.03_d300_r05,C2,202647,12.14,11.84,0.3000000000000007,0.26225000000000004,0.21940094277252697,0.2418018451358377,NEAR,NEAR,0.6,1,,,0.03,300
C2_n0.03_d300_r05,C2,202647,12.16,11.86,0.3000000000000007,0.264,0.19943525802922313,0.23121019835918405,NEAR,NEAR,0.6,1,,,0.03,300
C2_n0.03_d300_r05,C2,202647,12.18,11.88,0.29999999999999893,0.26575,0.2636635256748086,0.23932353018809016,NEAR,NEAR,0.6,1,,,0.03,300
C2_n0.03_d300_r05,C2,202647,12.2,11.9,0.29999999999999893,0.26749999999999996,0.26483119456037624,0.24570044628116167,NEAR,NEAR,0.6,1,,,0.03,300
C2_n0.03_d300_r05,C2,202647,12.22,11.92,0.3000000000000007,0.26925000000000004,0.28023124010237443,0.25433314473646484,NEAR,NEAR,0.6,1,,,0.03,300
C2_n0.03_d300_r05,C2,202647,12.24,11.94,0.3000000000000007,0.271,0.28379307138947385,0.2616981263997171,NEAR,NEAR,0.6,1,,,0.03,300
C2_n0.03_d300_r05,C2,202647,12.26,11.96,0.29999999999999893,0.27275,0.2568098198472768,0.26047604976160704,NEAR,NEAR,0.6,1,,,0.03,300
C2_n0.03_d300_r05,C2,202647,12.28,11.98,0.29999999999999893,0.27449999999999997,0.26090273684213267,0.26058272153173845,NEAR,NEAR,0.6,1,,,0.03,300
C2_n0.03_d300_r05,C2,202647,12.3,12.0,0.3000000000000007,0.27625000000000005,0.28197025246912827,0.2659296042660859,NEAR,NEAR,0.6,1,,,0.03,300
C2_n0.03_d300_r05,C2,202647,12.32,12.02,0.3000000000000007,0.278,0.22482089008614553,0.2556524257211008,NEAR,NEAR,0.6,1,,,0.03,300
C2_n0.03_d300_r05,C2,202647,12.34,12.04,0.3000000000000007,0.27975,0.2887960727550666,0.2639383374795923,NEAR,NEAR,0.6,1,,,0.03,300
C2_n0.03_d300_r05,C2,202647,12.36,12.06,0.29999999999999893,0.2815,0.2647092276490941,0.26413106002196773,NEAR,NEAR,0.6,1,,,0.03,300
C2_n0.03_d300_r05,C2,202647,12.38,12.08,0.3000000000000007,0.28325000000000006,0.2437207144092165,0.2590284736187799,NEAR,NEAR,0.6,1,,,0.03,300
C2_n0.03_d300_r05,C2,202647,12.4,12.1,0.3000000000000007,0.28500000000000003,0.3014162028799974,0.26962540593408424,NEAR,NEAR,0.6,1,,,0.03,300
C2_n0.03_d300_r05,C2,202647,12.42,12.12,0.3000000000000007,0.28675,0.2693697474543708,0.26956149131415585,NEAR,NEAR,0.6,1,,,0.03,300
C2_n0.03_d300_r05,C2,202647,12.44,12.14,0.29999999999999893,0.2885,0.22163042737380928,0.2575787253290692,NEAR,NEAR,0.6,1,,,0.03,300
C2_n0.03_d300_r05,C2,202647,12.46,12.16,0.3000000000000007,0.29025000000000006,0.2790579405955932,0.2629485291457002,NEAR,NEAR,0.6,1,,,0.03,300
C2_n0.03_d300_r05,C2,202647,12.48,12.18,0.3000000000000007,0.29200000000000004,0.28191491235391564,0.26769012494775407,NEAR,NEAR,0.6,1,,,0.03,300
C2_n0.03_d300_r05,C2,202647,12.5,12.2,0.3000000000000007,0.29375,0.29500800689152923,0.27451959543369786,NEAR,NEAR,0.6,1,,,0.03,300
C2_n0.03_d300_r05,C2,202647,12.52,12.22,0.29999999999999893,0.2955,0.2602266434522073,0.27094635743832524,NEAR,NEAR,0.6,1,,,0.03,300
C2_n0.03_d300_r05,C2,202647,12.54,12.24,0.29999999999999893,0.2972499999999999,0.23871312970511516,0.26288805050502273,NEAR,NEAR,0.6,1,,,0.03,300
C2_n0.03_d300_r05,C2,202647,12.56,12.26,0.3000000000000007,0.29900000000000004,0.26377440204316616,0.2631096383895586,NEAR,NEAR,0.6,1,,,0.03,300
C2_n0.03_d300_r05,C2,202647,12.58,12.28,0.3000000000000007,0.30075,0.2434855703234625,0.25820362137303454,NEAR,NEAR,0.6,1,,,0.03,300
C2_n0.03_d300_r05,C2,202647,12.6,12.3,0.29999999999999893,0.3025,0.2537425074873879,0.25708834290162286,NEAR,NEAR,0.6,1,,,0.03,300
C2_n0.03_d300_r05,C2,202647,12.62,12.32,0.29999999999999893,0.3042499999999999,0.2696284214406189,0.26022336253637185,NEAR,NEAR,0.6,1,,,0.03,300
C2_n0.03_d300_r05,C2,202647,12.64,12.34,0.3000000000000007,0.30600000000000005,0.2769740645846299,0.26441103804843635,NEAR,NEAR,0.6,1,,,0.03,300
C2_n0.03_d300_r05,C2,202647,12.66,12.36,0.3000000000000007,0.30775,0.2580137484848675,0.26281171565754413,NEAR,NEAR,0.6,1,,,0.03,300
C2_n0.03_d300_r05,C2,202647,12.68,12.38,0.29999999999999893,0.3095,0.29536473639793,0.2709499708426406,NEAR,NEAR,0.6,1,,,0.03,300
C2_n0.03_d300_r05,C2,202647,12.7,12.4,0.29999999999999893,0.3112499999999999,0.3075600955525124,0.28010250202010856,NEAR,NEAR,0.6,1,,,0.03,300
C2_n0.03_d300_r05,C2,202647,12.72,12.42,0.3000000000000007,0.31300000000000006,0.2359066477807255,0.2690535384602628,NEAR,NEAR,0.6,1,,,0.03,300
C2_n0.03_d300_r05,C2,202647,12.74,12.44,0.3000000000000007,0.31475000000000003,0.2797360929648124,0.2717241770864002,NEAR,NEAR,0.6,1,,,0.03,300
C2_n0.03_d300_r05,C2,202647,12.76,12.46,0.29999999999999893,0.3165,0.24536554923641593,0.2651345201239041,NEAR,NEAR,0.6,1,,,0.03,300
C2_n0.03_d300_r05,C2,202647,12.78,12.48,0.29999999999999893,0.3182499999999999,0.30828592790289194,0.27592237206865106,NEAR,NEAR,0.6,1,,,0.03,300
C2_n0.03_d300_r05,C2,202647,12.8,12.5,0.3000000000000007,0.32000000000000006,0.2608276718312592,0.2721486970093031,NEAR,NEAR,0.6,1,,,0.03,300
C2_n0.03_d300_r05,C2,202647,12.82,12.52,0.3000000000000007,0.32175000000000004,0.3166752752465287,0.2832803415686095,NEAR,NEAR,0.6,1,,,0.03,300
C2_n0.03_d300_r05,C2,202647,12.84,12.54,0.3000000000000007,0.3235,0.24616923986627284,0.2740025661430253,NEAR,NEAR,0.6,1,,,0.03,300
C2_n0.03_d300_r05,C2,202647,12.86,12.56,0.29999999999999893,0.32524999999999993,0.26064774366506915,0.2706638605235363,NEAR,NEAR,0.6,1,,,0.03,300
C2_n0.03_d300_r05,C2,202647,12.88,12.58,0.3000000000000007,0.32700000000000007,0.33141125745741623,0.28585070975700627,NEAR,NEAR,0.6,1,,,0.03,300
C2_n0.03_d300_r05,C2,202647,12.9,12.6,0.3000000000000007,0.32875000000000004,0.2936756362306628,0.2878069413754204,NEAR,NEAR,0.6,1,,,0.03,300
C2_n0.03_d300_r05,C2,202647,12.92,12.62,0.3000000000000007,0.3305,0.34962241761176716,0.3032608104345071,NEAR,NEAR,0.6,1,,,0.03,300
C2_n0.03_d300_r05,C2,202647,12.94,12.64,0.29999999999999893,0.33224999999999993,0.27802160776730245,0.29695100976770594,NEAR,NEAR,0.6,1,,,0.03,300
C2_n0.03_d300_r05,C2,202647,12.96,12.66,0.3000000000000007,0.3340000000000001,0.34494766768354485,0.30895017424666565,NEAR,NEAR,0.6,1,,,0.03,300
C2_n0.03_d300_r05,C2,202647,12.98,12.68,0.3000000000000007,0.33575000000000005,0.32624655945579756,0.31327427054894863,NEAR,NEAR,0.6,1,,,0.03,300
C2_n0.03_d300_r05,C2,202647,13.0,12.7,0.3000000000000007,0.3375,0.32159872566884895,0.31535538432892374,NEAR,NEAR,0.6,1,,,0.03,300
C2_n0.03_d300_r05,C2,202647,13.02,12.72,0.29999999999999893,0.33924999999999994,0.2453109004527272,0.2978442633598746,NEAR,NEAR,0.6,1,,,0.03,300
C2_n0.03_d300_r05,C2,202647,13.04,12.74,0.29999999999999893,0.3409999999999999,0.25799390593321775,0.28788167400321035,NEAR,NEAR,0.6,1,,,0.03,300
C2_n0.03_d300_r05,C2,202647,13.06,12.76,0.3000000000000007,0.34275000000000005,0.34337934337529563,0.30175609134623166,NEAR,NEAR,0.6,1,,,0.03,300
C2_n0.03_d300_r05,C2,202647,13.08,12.78,0.3000000000000007,0.34450000000000003,0.3592996581743378,0.3161419830532582,NEAR,NEAR,0.6,1,,,0.03,300
C2_n0.03_d300_r05,C2,202647,13.1,12.8,0.29999999999999893,0.34624999999999995,0.2992895812987596,0.3119288826146336,NEAR,NEAR,0.6,1,,,0.03,300
C2_n0.03_d300_r05,C2,202647,13.12,12.82,0.29999999999999893,0.3479999999999999,0.34093512613617133,0.319180443495018,NEAR,NEAR,0.6,1,,,0.03,300
C2_n0.03_d300_r05,C2,202647,13.14,12.84,0.3000000000000007,0.34975000000000006,0.3476592765889675,0.32630015176850535,NEAR,NEAR,0.6,1,,,0.03,300
C2_n0.03_d300_r05,C2,202647,13.16,12.86,0.3000000000000007,0.35150000000000003,0.3475925433512337,0.33162324966418744,FAR,NEAR,0.6,1,,,0.03,300
C2_n0.03_d300_r05,C2,202647,13.18,12.88,0.29999999999999893,0.35324999999999995,0.3059171353572057,0.325196721087442,FAR,NEAR,0.6,1,,,0.03,300
C2_n0.03_d300_r05,C2,202647,13.2,12.9,0.29999999999999893,0.3549999999999999,0.3246117751545283,0.3250504846042136,FAR,NEAR,0.6,1,,,0.03,300
C2_n0.03_d300_r05,C2,202647,13.22,12.92,0.3000000000000007,0.35675000000000007,0.34015361888385776,0.32882626817412464,FAR,NEAR,0.6,1,,,0.03,300
C2_n0.03_d300_r05,C2,202647,13.24,12.94,0.3000000000000007,0.35850000000000004,0.33964403956658695,0.3315307110222402,FAR,NEAR,0.6,1,,,0.03,300
C2_n0.03_d300_r05,C2,202647,13.26,12.96,0.29999999999999893,0.36024999999999996,0.3266285010669159,0.33030515853340914,FAR,NEAR,0.6,1,,,0.03,300
C2_n0.03_d300_r05,C2,202647,13.28,12.98,0.29999999999999893,0.36199999999999993,0.34704864949631675,0.33449103127413604,FAR,NEAR,0.6,1,,,0.03,300
C2_n0.03_d300_r05,C2,202647,13.3,13.0,0.3000000000000007,0.3637500000000001,0.363313753118492,0.34169671173522503,FAR,NEAR,0.6,1,,,0.03,300
C2_n0.03_d300_r05,C2,202647,13.32,13.02,0.3000000000000007,0.36550000000000005,0.3846372408512724,0.3524318440142369,FAR,NEAR,0.6,1,,,0.03,300
C2_n0.03_d300_r05,C2,202647,13.34,13.04,0.3000000000000007,0.36724999999999997,0.3036783965858909,0.3402434821571504,FAR,NEAR,0.6,1,,,0.03,300
C2_n0.03_d300_r05,C2,202647,13.36,13.06,0.29999999999999893,0.36899999999999994,0.38832851108255767,0.3522647393885022,FAR,NEAR,0.6,1,,,0.03,300
C2_n0.03_d300_r05,C2,202647,13.38,13.08,0.3000000000000007,0.3707500000000001,0.31299918816259853,0.34244835158202624,FAR,NEAR,0.6,1,,,0.03,300
C2_n0.03_d300_r05,C2,202647,13.4,13.1,0.3000000000000007,0.37250000000000005,0.3379673705924558,0.3413281063346336,FAR,NEAR,0.6,1,,,0.03,300
C2_n0.03_d300_r05,C2,202647,13.42,13.12,0.3000000000000007,0.37424999999999997,0.31489255354531154,0.3347192181373031,FAR,NEAR,0.6,1,,,0.03,300
C2_n0.03_d300_r05,C2,202647,13.44,13.14,0.29999999999999893,0.37599999999999995,0.3524033419738709,0.339140249096445,FAR,NEAR,0.6,1,,,0.03,300
C2_n0.03_d300_r05,C2,202647,13.46,13.16,0.3000000000000007,0.37775000000000003,0.34230506106139713,0.33993145208768305,FAR,NEAR,0.6,1,,,0.03,300
C2_n0.03_d300_r05,C2,202647,13.48,13.18,0.3000000000000007,0.37950000000000006,0.3574420246617738,0.34430909523120573,FAR,NEAR,0.6,1,,,0.03,300
C2_n0.03_d300_r05,C2,202647,13.5,13.2,0.3000000000000007,0.38125,0.31528465302191616,0.33705298467888334,FAR,NEAR,0.6,1,,,0.03,300
C2_n0.03_d300_r05,C2,202647,13.52,13.22,0.29999999999999893,0.38299999999999995,0.3521276828997856,0.3408216592341089,FAR,NEAR,0.6,1,,,0.03,300
C2_n0.03_d300_r05,C2,202647,13.54,13.24,0.29999999999999893,0.3847499999999999,0.4507264219999466,0.36829784992556835,FAR,NEAR,0.6,1,,,0.03,300
C2_n0.03_d300_r05,C2,202647,13.56,13.26,0.3000000000000007,0.38650000000000007,0.3432710104424714,0.36204114005479415,FAR,NEAR,0.6,1,,,0.03,300
C2_n0.03_d300_r05,C2,202647,13.58,13.28,0.3000000000000007,0.38825,0.33847236782637125,0.35614894699768845,FAR,NEAR,0.6,1,,,0.03,300
C2_n0.03_d300_r05,C2,202647,13.6,13.3,0.29999999999999893,0.38999999999999996,0.30639964079647247,0.34371162044738446,FAR,NEAR,0.6,1,,,0.03,300
C2_n0.03_d300_r05,C2,202647,13.62,13.32,0.29999999999999893,0.39174999999999993,0.35966830087309365,0.34770079055381176,FAR,NEAR,0.6,1,,,0.03,300
C2_n0.03_d300_r05,C2,202647,13.64,13.34,0.3000000000000007,0.39350000000000007,0.34352539213729905,0.3466569409496836,FAR,NEAR,0.6,1,,,0.03,300
C2_n0.03_d300_r05,C2,202647,13.66,13.36,0.3000000000000007,0.39525,0.3820289677069703,0.3554999476390053,FAR,NEAR,0.6,1,,,0.03,300
C2_n0.03_d300_r05,C2,202647,13.68,13.38,0.29999999999999893,0.39699999999999996,0.34511301976216696,0.3529032156697957,FAR,NEAR,0.6,1,,,0.03,300
C2_n0.03_d300_r05,C2,202647,13.7,13.4,0.29999999999999893,0.39874999999999994,0.4044274996813819,0.36578428667269225,FAR,NEAR,0.6,1,,,0.03,300
C2_n0.03_d300_r05,C2,202647,13.72,13.42,0.3000000000000007,0.4005000000000001,0.3753489462610558,0.3681754515697831,FAR,NEAR,0.6,1,,,0.03,300
C2_n0.03_d300_r05,C2,202647,13.74,13.44,0.3000000000000007,0.40225,0.403473866145016,0.37700005521359137,FAR,NEAR,0.6,1,,,0.03,300
C2_n0.03_d300_r05,C2,202647,13.76,13.46,0.29999999999999893,0.40399999999999997,0.39605205581944003,0.38176305536505356,FAR,FAR,0.0,1,EXIT_NEAR,,0.03,300
C2_n0.03_d300_r05,C2,202647,13.78,13.48,0.29999999999999893,0.40574999999999994,0.39425962374852813,0.3848871974609222,FAR,FAR,0.0,1,,,0.03,300
C2_n0.03_d300_r05,C2,202647,13.8,13.5,0.3000000000000007,0.4075000000000001,0.42208239888161464,0.3941859978160953,FAR,FAR,0.0,1,,,0.03,300
C2_n0.03_d300_r05,C2,202647,13.82,13.52,0.3000000000000007,0.40925,0.36077597986769777,0.3858334933289959,FAR,FAR,0.0,1,,,0.03,300
C2_n0.03_d300_r05,C2,202647,13.84,13.54,0.3000000000000007,0.411,0.3601438504306179,0.3794110826044014,FAR,FAR,0.0,1,,,0.03,300
C2_n0.03_d300_r05,C2,202647,13.86,13.56,0.29999999999999893,0.41274999999999995,0.31382673946654155,0.36301499681993643,FAR,FAR,0.0,1,,,0.03,300
C2_n0.03_d300_r05,C2,202647,13.88,13.58,0.3000000000000007,0.4145000000000001,0.39767901955485313,0.3716810025036656,FAR,FAR,0.0,1,,,0.03,300
C2_n0.03_d300_r05,C2,202647,13.9,13.6,0.3000000000000007,0.41625,0.35623506295621427,0.36781951761680276,FAR,FAR,0.0,1,,,0.03,300
C2_n0.03_d300_r05,C2,202647,13.92,13.62,0.3000000000000007,0.418,0.36519756040221607,0.3671640283131561,FAR,FAR,0.0,1,,,0.03,300
C2_n0.03_d300_r05,C2,202647,13.94,13.64,0.29999999999999893,0.41974999999999996,0.40543754086963935,0.3767324064522769,FAR,FAR,0.0,1,,,0.03,300
C2_n0.03_d300_r05,C2,202647,13.96,13.66,0.3000000000000007,0.4215000000000001,0.42876889929178497,0.3897415296621539,FAR,FAR,0.0,1,,,0.03,300
C2_n0.03_d300_r05,C2,202647,13.98,13.68,0.3000000000000007,0.42325,0.40748468283885564,0.3941773179563293,FAR,FAR,0.0,1,,,0.03,300
C2_n0.03_d300_r05,C2,202647,14.0,13.7,0.3000000000000007,0.425,0.3690221724451338,0.3878885315785304,FAR,FAR,0.0,1,,,0.03,300
C2_n0.03_d300_r05,C2,202647,14.02,13.72,0.29999999999999893,0.42674999999999996,0.4070379706779229,0.39267589135337855,FAR,FAR,0.0,1,,,0.03,300
C2_n0.03_d300_r05,C2,202647,14.04,13.74,0.29999999999999893,0.4284999999999999,0.4407007217473291,0.4046820989518662,FAR,FAR,0.0,1,,,0.03,300
C2_n0.03_d300_r05,C2,202647,14.06,13.76,0.3000000000000007,0.43025,0.41482438902039276,0.4072176714689978,FAR,FAR,0.0,1,,,0.03,300
C2_n0.03_d300_r05,C2,202647,14.08,13.78,0.3000000000000007,0.432,0.41471711027578567,0.4090925311706947,FAR,FAR,0.0,1,,,0.03,300
C2_n0.03_d300_r05,C2,202647,14.1,13.8,0.29999999999999893,0.43374999999999997,0.3573718247414461,0.39616235456338256,FAR,FAR,0.0,1,,,0.03,300
C2_n0.03_d300_r05,C2,202647,14.12,13.82,0.29999999999999893,0.4354999999999999,0.40831165465648545,0.39919967958665825,FAR,FAR,0.0,1,,,0.03,300
C2_n0.03_d300_r05,C2,202647,14.14,13.84,0.3000000000000007,0.43725,0.3861973446293764,0.39594909584733773,FAR,FAR,0.0,1,,,0.03,300
C2_n0.03_d300_r05,C2,202647,14.16,13.86,0.3000000000000007,0.439,0.43976529109318185,0.40690314465879873,FAR,FAR,0.0,1,,,0.03,300
C2_n0.03_d300_r05,C2,202647,14.18,13.88,0.29999999999999893,0.44075,0.36757451021846366,0.39707098604871494,FAR,FAR,0.0,1,,,0.03,300
C2_n0.03_d300_r05,C2,202647,14.2,13.9,0.29999999999999893,0.4424999999999999,0.3712857269316149,0.3906246712694399,FAR,FAR,0.0,1,,,0.03,300
C2_n0.03_d300_r05,C2,202647,14.22,13.92,0.3000000000000007,0.44425000000000003,0.4202352122757091,0.3980273065210072,FAR,FAR,0.0,1,,,0.03,300
C2_n0.03_d300_r05,C2,202647,14.24,13.94,0.3000000000000007,0.446,0.41761503498763514,0.4029242386376642,FAR,FAR,0.0,1,,,0.03,300
C2_n0.03_d300_r05,C2,202647,14.26,13.96,0.29999999999999893,0.44775,0.41407525724046174,0.4057119932883636,FAR,FAR,0.0,1,,,0.03,300
C2_n0.03_d300_r05,C2,202647,14.28,13.98,0.29999999999999893,0.4494999999999999,0.41042170867723604,0.40688942213558166,FAR,FAR,0.0,1,,,0.03,300
C2_n0.03_d300_r05,C2,202647,14.3,14.0,0.3000000000000007,0.45125000000000004,0.427588133923966,0.41206410008267774,FAR,FAR,0.0,1,,,0.03,300
C2_n0.03_d300_r05,C2,202647,14.32,14.02,0.3000000000000007,0.453,0.36075597932812137,0.3992370698940387,FAR,FAR,0.0,1,,,0.03,300
C2_n0.03_d300_r05,C2,202647,14.34,14.04,0.3000000000000007,0.45475,0.3621118121855694,0.3899557554669214,FAR,FAR,0.0,1,,,0.03,300
C2_n0.03_d300_r05,C2,202647,14.36,14.06,0.29999999999999893,0.4564999999999999,0.44957196556807966,0.40485980799221094,FAR,FAR,0.0,1,,,0.03,300
C2_n0.03_d300_r05,C2,202647,14.38,14.08,0.3000000000000007,0.45825000000000005,0.47781846496720815,0.42309947223596023,FAR,FAR,0.0,1,,,0.03,300
C2_n0.03_d300_r05,C2,202647,14.4,14.1,0.3000000000000007,0.46,0.4286138046013149,0.4244780553272989,FAR,FAR,0.0,1,,,0.03,300
C2_n0.03_d300_r05,C2,202647,14.42,14.12,0.3000000000000007,0.46175,0.39274311218760033,0.41654431954237425,FAR,FAR,0.0,1,,,0.03,300
C2_n0.03_d300_r05,C2,202647,14.44,14.14,0.29999999999999893,0.4634999999999999,0.4580564714909362,0.4269223575295147,FAR,FAR,0.0,1,,,0.03,300
C2_n0.03_d300_r05,C2,202647,14.46,14.16,0.3000000000000007,0.46525000000000005,0.4515801747501545,0.4330868118346746,FAR,FAR,0.0,1,,,0.03,300
C2_n0.03_d300_r05,C2,202647,14.48,14.18,0.3000000000000007,0.467,0.43088256961835925,0.43253575128059574,FAR,FAR,0.0,1,,,0.03,300
C2_n0.03_d300_r05,C2,202647,14.5,14.2,0.3000000000000007,0.46875,0.43763072312950735,0.43380949424282367,FAR,FAR,0.0,1,,,0.03,300
C2_n0.03_d300_r05,C2,202647,14.52,14.22,0.29999999999999893,0.4704999999999999,0.3935034078226096,0.42373297263777016,FAR,FAR,0.0,1,,,0.03,300
C2_n0.03_d300_r05,C2,202647,14.54,14.24,0.29999999999999893,0.47224999999999995,0.4611131214471127,0.4330780098401058,FAR,FAR,0.0,1,,,0.03,300
C2_n0.03_d300_r05,C2,202647,14.56,14.26,0.3000000000000007,0.47400000000000003,0.48976078130947137,0.4472487027074472,FAR,FAR,0.0,1,,,0.03,300
C2_n0.03_d300_r05,C2,202647,14.58,14.28,0.3000000000000007,0.47575,0.4608067303648773,0.45063820962180473,FAR,FAR,0.0,1,,,0.03,300
C2_n0.03_d300_r05,C2,202647,14.6,14.3,0.29999999999999893,0.4774999999999999,0.5083916252070283,0.46507656351811066,FAR,FAR,0.0,1,,,0.03,300
C2_n0.03_d300_r05,C2,202647,14.62,14.32,0.29999999999999893,0.47924999999999995,0.4297782973206899,0.45625199696875546,FAR,FAR,0.0,1,,,0.03,300
C2_n0.03_d300_r05,C2,202647,14.64,14.34,0.3000000000000007,0.48100000000000004,0.5444154910944902,0.4782928705001891,FAR,FAR,0.0,1,,,0.03,300
C2_n0.03_d300_r05,C2,202647,14.66,14.36,0.3000000000000007,0.48275,0.43310046625394405,0.46699476943862783,FAR,FAR,0.0,1,,,0.03,300
C2_n0.03_d300_r05,C2,202647,14.68,14.38,0.29999999999999893,0.48449999999999993,0.5390608114503024,0.48501127994154647,FAR,FAR,0.0,1,,,0.03,300
C2_n0.03_d300_r05,C2,202647,14.7,14.4,0.29999999999999893,0.48624999999999996,0.44225582991227896,0.4743224174342296,FAR,FAR,0.0,1,,,0.03,300
C2_n0.03_d300_r05,C2,202647,14.72,14.42,0.3000000000000007,0.48800000000000004,0.4738157097177574,0.47419574050511154,FAR,FAR,0.0,1,,,0.03,300
C2_n0.03_d300_r05,C2,202647,14.74,14.44,0.3000000000000007,0.48975,0.4106309824803678,0.4583045509989256,FAR,FAR,0.0,1,,,0.03,300
C2_n0.03_d300_r05,C2,202647,14.76,14.46,0.29999999999999893,0.49149999999999994,0.48152104726645395,0.46410867506580766,FAR,FAR,0.0,1,,,0.03,300
C2_n0.03_d300_r05,C2,202647,14.78,14.48,0.29999999999999893,0.49324999999999997,0.43843697955925054,0.45769075118916835,FAR,FAR,0.0,1,,,0.03,300
C2_n0.03_d300_r05,C2,202647,14.8,14.5,0.3000000000000007,0.49500000000000005,0.4744306339568063,0.46187572188107784,FAR,FAR,0.0,1,,,0.03,300
C2_n0.03_d300_r05,C2,202647,14.82,14.52,0.3000000000000007,0.49675,0.38134838728993703,0.44174388823329264,FAR,FAR,0.0,1,,,0.03,300
C2_n0.03_d300_r05,C2,202647,14.84,14.54,0.3000000000000007,0.49849999999999994,0.4502958413668049,0.44388187651667066,FAR,FAR,0.0,1,,,0.03,300
C2_n0.03_d300_r05,C2,202647,14.86,14.56,0.29999999999999893,0.5002499999999999,0.46955746216575733,0.45030077292894233,FAR,FAR,0.0,1,,,0.03,300
C2_n0.03_d300_r05,C2,202647,14.88,14.58,0.3000000000000007,0.502,0.42241930272686445,0.44333040537842283,FAR,FAR,0.0,1,,,0.03,300
C2_n0.03_d300_r05,C2,202647,14.9,14.6,0.3000000000000007,0.50375,0.46790707760122924,0.44947457343412445,FAR,FAR,0.0,1,,,0.03,300
C2_n0.03_d300_r05,C2,202647,14.92,14.62,0.3000000000000007,0.5055000000000001,0.5007486281122613,0.46229308710365863,FAR,FAR,0.0,1,,,0.03,300
C2_n0.03_d300_r05,C2,202647,14.94,14.64,0.29999999999999893,0.50725,0.46355306725888884,0.4626080821424662,FAR,FAR,0.0,1,,,0.03,300
C2_n0.03_d300_r05,C2,202647,14.96,14.66,0.3000000000000007,0.5090000000000001,0.499437647750511,0.4718154735444774,FAR,FAR,0.0,1,,,0.03,300
C2_n0.03_d300_r05,C2,202647,14.98,14.68,0.3000000000000007,0.51075,0.48769685626876913,0.47578581922555035,FAR,FAR,0.0,1,,,0.03,300
C2_n0.03_d300_r05,C2,202647,15.0,14.7,0.3000000000000007,0.5125,0.4481657819966579,0.46888080991832726,FAR,FAR,0.0,1,,,0.03,300
C2_n0.03_d300_r05,C2,202647,15.02,14.72,0.29999999999999893,0.5142499999999999,0.48067238040564697,0.4718287025401572,FAR,FAR,0.0,1,,,0.03,300
C2_n0.03_d300_r05,C2,202647,15.04,14.74,0.29999999999999893,0.5159999999999999,0.45560318374770004,0.46777232284204295,FAR,FAR,0.0,1,,,0.03,300
C2_n0.03_d300_r05,C2,202647,15.06,14.76,0.3000000000000007,0.51775,0.4985379004534503,0.4754637172448948,FAR,FAR,0.0,1,,,0.03,300
C2_n0.03_d300_r05,C2,202647,15.08,14.78,0.3000000000000007,0.5195,0.4414741093705955,0.46696631527631993,FAR,FAR,0.0,1,,,0.03,300
C2_n0.03_d300_r05,C2,202647,15.1,14.8,0.29999999999999893,0.52125,0.47018289632878785,0.46777046053943694,FAR,FAR,0.0,1,,,0.03,300
C2_n0.03_d300_r05,C2,202647,15.12,14.82,0.29999999999999893,0.5229999999999999,0.5257177482958707,0.4822572824785454,FAR,FAR,0.0,1,,,0.03,300
C2_n0.03_d300_r05,C2,202647,15.14,14.84,0.3000000000000007,0.52475,0.5157465504091896,0.49062959946120643,FAR,FAR,0.0,1,,,0.03,300
C2_n0.03_d300_r05,C2,202647,15.16,14.86,0.3000000000000007,0.5265,0.48213546221094816,0.48850606514864187,FAR,FAR,0.0,1,,,0.03,300
C2_n0.03_d300_r05,C2,202647,15.18,14.88,0.29999999999999893,0.5282499999999999,0.5456472263723158,0.5027913554545603,FAR,FAR,0.0,1,,,0.03,300
C2_n0.03_d300_r05,C2,202647,15.2,14.9,0.29999999999999893,0.5299999999999999,0.533515901803429,0.5104724920417776,FAR,FAR,0.0,1,,,0.03,300
C2_n0.03_d300_r05,C2,202647,15.22,14.92,0.3000000000000007,0.5317500000000001,0.49198821124008685,0.5058514218413549,FAR,FAR,0.0,1,,,0.03,300
C2_n0.03_d300_r05,C2,202647,15.24,14.94,0.3000000000000007,0.5335,0.48446232164699693,0.5005041467927653,FAR,FAR,0.0,1,,,0.03,300
C2_n0.03_d300_r05,C2,202647,15.26,14.96,0.29999999999999893,0.53525,0.5628348654933409,0.5160868264679093,FAR,FAR,0.0,1,,,0.03,300
C2_n0.03_d300_r05,C2,202647,15.28,14.98,0.29999999999999893,0.5369999999999999,0.5242692549026289,0.5181324335765891,FAR,FAR,0.0,1,,,0.03,300
C2_n0.03_d300_r05,C2,202647,15.3,15.0,0.3000000000000007,0.5387500000000001,0.5364297534741184,0.5227067635509715,FAR,FAR,0.0,1,,,0.03,300
C2_n0.03_d300_r05,C2,202647,15.32,15.02,0.3000000000000007,0.5405,0.5389382280473606,0.5267646296750688,FAR,FAR,0.0,1,,,0.03,300
C2_n0.03_d300_r05,C2,202647,15.34,15.04,0.3000000000000007,0.5422499999999999,0.4370379313778339,0.50433295510076,FAR,FAR,0.0,1,,,0.03,300
C2_n0.03_d300_r05,C2,202647,15.36,15.06,0.29999999999999893,0.5439999999999999,0.4965422068200603,0.5023852680305851,FAR,FAR,0.0,1,,,0.03,300
C2_n0.03_d300_r05,C2,202647,15.38,15.08,0.3000000000000007,0.5457500000000001,0.5527062339639918,0.5149655095139368,FAR,FAR,0.0,1,,,0.03,300
C2_n0.03_d300_r05,C2,202647,15.4,15.1,0.3000000000000007,0.5475,0.5020544181730959,0.5117377366787266,FAR,FAR,0.0,1,,,0.03,300
C2_n0.03_d300_r05,C2,202647,15.42,15.12,0.3000000000000007,0.54925,0.5740502481084698,0.5273158645361624,FAR,FAR,0.0,1,,,0.03,300
C2_n0.03_d300_r05,C2,202647,15.44,15.14,0.29999999999999893,0.5509999999999999,0.5352978515904518,0.5293113612997348,FAR,FAR,0.0,1,,,0.03,300
C2_n0.03_d300_r05,C2,202647,15.46,15.16,0.3000000000000007,0.5527500000000001,0.5769176806367923,0.5412129411339991,FAR,FAR,0.0,1,,,0.03,300
C2_n0.03_d300_r05,C2,202647,15.48,15.18,0.3000000000000007,0.5545,0.5355233378495807,0.5397905403128945,FAR,FAR,0.0,1,,,0.03,300
C2_n0.03_d300_r05,C2,202647,15.5,15.2,0.3000000000000007,0.5562499999999999,0.5749581473616823,0.5485824420750915,FAR,FAR,0.0,1,,,0.03,300
C2_n0.03_d300_r05,C2,202647,15.52,15.22,0.29999999999999893,0.5579999999999999,0.5503770878053703,0.5490311035076613,FAR,FAR,0.0,1,,,0.03,300
C2_n0.03_d300_r05,C2,202647,15.54,15.24,0.29999999999999893,0.55975,0.5366450899934481,0.5459346001291079,FAR,FAR,0.0,1,,,0.03,300
C2_n0.03_d300_r05,C2,202647,15.56,15.26,0.3000000000000007,0.5615,0.5146890566548092,0.5381232142605332,FAR,FAR,0.0,1,,,0.03,300
C2_n0.03_d300_r05,C2,202647,15.58,15.28,0.3000000000000007,0.56325,0.5521190638467768,0.5416221766570941,FAR,FAR,0.0,1,,,0.03,300
C2_n0.03_d300_r05,C2,202647,15.6,15.3,0.29999999999999893,0.565,0.5551872388671633,0.5450134422096113,FAR,FAR,0.0,1,,,0.03,300
C2_n0.03_d300_r05,C2,202647,15.62,15.32,0.29999999999999893,0.5667499999999999,0.5457639142987192,0.5452010602318883,FAR,FAR,0.0,1,,,0.03,300
C2_n0.03_d300_r05,C2,202647,15.64,15.34,0.3000000000000007,0.5685,0.5516445258217169,0.5468119266293454,FAR,FAR,0.0,1,,,0.03,300
C2_n0.03_d300_r05,C2,202647,15.66,15.36,0.3000000000000007,0.5702499999999999,0.5356458991598148,0.5440204197619627,FAR,FAR,0.0,1,,,0.03,300
C2_n0.03_d300_r05,C2,202647,15.68,15.38,0.29999999999999893,0.572,0.5839248881816734,0.5539965368668904,FAR,FAR,0.0,1,,,0.03,300
C2_n0.03_d300_r05,C2,202647,15.7,15.4,0.29999999999999893,0.57375,0.5467560621544145,0.5521864181887715,FAR,FAR,0.0,1,,,0.03,300
C2_n0.03_d300_r05,C2,202647,15.72,15.42,0.3000000000000007,0.5755,0.5087173508598835,0.5413191513565494,FAR,FAR,0.0,1,,,0.03,300
C2_n0.03_d300_r05,C2,202647,15.74,15.44,0.3000000000000007,0.57725,0.5771535928995531,0.5502777617423004,FAR,FAR,0.0,1,,,0.03,300
C2_n0.03_d300_r05,C2,202647,15.76,15.46,0.29999999999999893,0.579,0.5287494184566444,0.5448956759208864,FAR,FAR,0.0,1,,,0.03,300
C2_n0.03_d300_r05,C2,202647,15.78,15.48,0.29999999999999893,0.5807499999999999,0.6125833088765674,0.5618175841598066,FAR,FAR,0.0,1,,,0.03,300
C2_n0.03_d300_r05,C2,202647,15.8,15.5,0.3000000000000007,0.5825,0.5214327541189748,0.5517213766495986,FAR,FAR,0.0,1,,,0.03,300
C2_n0.03_d300_r05,C2,202647,15.82,15.52,0.3000000000000007,0.5842499999999999,0.5383193175984865,0.5483708618868206,FAR,FAR,0.0,1,,,0.03,300
C2_n0.03_d300_r05,C2,202647,15.84,15.54,0.3000000000000007,0.586,0.5543570703151289,0.5498674139938977,FAR,FAR,0.0,1,,,0.03,300
C2_n0.03_d300_r05,C2,202647,15.86,15.56,0.29999999999999893,0.58775,0.5121937183054598,0.5404489900717883,FAR,FAR,0.0,1,,,0.03,300
C2_n0.03_d300_r05,C2,202647,15.88,15.58,0.3000000000000007,0.5895,0.5783493798777938,0.5499240875232897,FAR,FAR,0.0,1,,,0.03,300
C2_n0.03_d300_r05,C2,202647,15.9,15.6,0.3000000000000007,0.59125,0.5459074431343891,0.5489199264260645,FAR,FAR,0.0,1,,,0.03,300
C2_n0.03_d300_r05,C2,202647,15.92,15.62,0.3000000000000007,0.593,0.5884615000292769,0.5588053198268675,FAR,FAR,0.0,1,,,0.03,300
C2_n0.03_d300_r05,C2,202647,15.94,15.64,0.29999999999999893,0.5947499999999999,0.6095064535423632,0.5714806032557415,FAR,FAR,0.0,1,,,0.03,300
C2_n0.03_d300_r05,C2,202647,15.96,15.66,0.3000000000000007,0.5965,0.5392194993006871,0.5634153272669779,FAR,FAR,0.0,1,,,0.03,300
C2_n0.03_d300_r05,C2,202647,15.98,15.68,0.3000000000000007,0.59825,0.5575038327119541,0.5619374536282219,FAR,FAR,0.0,1,,,0.03,300
C2_n0.03_d300_r05,C2,202647,16.0,15.7,0.3000000000000007,0.6,0.5207208963235974,0.5516333143020657,FAR,FAR,0.0,1,,,0.03,300
C2_n0.03_d300_r05,C2,202647,16.02,15.72,0.29999999999999893,0.6,0.5692060574976474,0.5560265001009612,FAR,FAR,0.0,1,,,0.03,300
C2_n0.03_d300_r05,C2,202647,16.04,15.74,0.29999999999999893,0.6,0.5625132471532802,0.5576481868640409,FAR,FAR,0.0,1,,,0.03,300
C2_n0.03_d300_r05,C2,202647,16.06,15.76,0.29999999999999893,0.6,0.5375697788294009,0.5526285848553809,FAR,FAR,0.0,1,,,0.03,300
C2_n0.03_d300_r05,C2,202647,16.08,15.78,0.29999999999999893,0.6,0.5510558072837176,0.5522353904624651,FAR,FAR,0.0,1,,,0.03,300
C2_n0.03_d300_r05,C2,202647,16.1,15.8,0.3000000000000007,0.6,0.559862047922501,0.554142054827474,FAR,FAR,0.0,1,,,0.03,300
C2_n0.03_d300_r05,C2,202647,16.12,15.82,0.3000000000000007,0.6,0.6114801983334065,0.5684765907039572,FAR,FAR,0.0,1,,,0.03,300
C2_n0.03_d300_r05,C2,202647,16.14,15.84,0.3000000000000007,0.6,0.6119000778069082,0.5793324624796949,FAR,FAR,0.0,1,,,0.03,300
C2_n0.03_d300_r05,C2,202647,16.16,15.86,0.3000000000000007,0.6,0.5691736032084141,0.5767927476618747,FAR,FAR,0.0,1,,,0.03,300
C2_n0.03_d300_r05,C2,202647,16.18,15.88,0.29999999999999893,0.6,0.551246839042859,0.5704062705071208,FAR,FAR,0.0,1,,,0.03,300
C2_n0.03_d300_r05,C2,202647,16.2,15.9,0.29999999999999893,0.6,0.6182824186220132,0.5823753075358439,FAR,FAR,0.0,1,,,0.03,300
C2_n0.03_d300_r05,C2,202647,16.22,15.92,0.29999999999999893,0.6,0.5738922252750397,0.5802545369706429,FAR,FAR,0.0,1,,,0.03,300
C2_n0.03_d300_r05,C2,202647,16.24,15.94,0.29999999999999893,0.6,0.5849351944150456,0.5814247013317435,FAR,FAR,0.0,1,,,0.03,300
C2_n0.03_d300_r05,C2,202647,16.26,15.96,0.3000000000000007,0.6,0.6191481090191844,0.5908555532536037,FAR,FAR,0.0,1,,,0.03,300
C2_n0.03_d300_r05,C2,202647,16.28,15.98,0.3000000000000007,0.6,0.6122942865728043,0.5962152365834039,FAR,FAR,0.0,1,,,0.03,300
C2_n0.03_d300_r05,C2,202647,16.3,16.0,0.3000000000000007,0.6,0.5845114598390299,0.5932892923973104,FAR,FAR,0.0,1,,,0.03,300
C2_n0.03_d300_r05,C2,202647,16.32,16.02,0.3000000000000007,0.6,0.6032696094308431,0.5957843716556936,FAR,FAR,0.0,1,,,0.03,300
C2_n0.03_d300_r05,C2,202647,16.34,16.04,0.3000000000000007,0.6,0.5733735904883598,0.5901816763638602,FAR,FAR,0.0,1,,,0.03,300
C2_n0.03_d300_r05,C2,202647,16.36,16.06,0.3000000000000007,0.6,0.5914629304026701,0.5905019898735626,FAR,FAR,0.0,1,,,0.03,300
C2_n0.03_d300_r05,C2,202647,16.38,16.08,0.3000000000000007,0.6,0.6291900922627128,0.6001740154708501,FAR,FAR,0.0,1,,,0.03,300
C2_n0.03_d300_r05,C2,202647,16.4,16.1,0.29999999999999716,0.6,0.6267106053131657,0.606808162931429,FAR,FAR,0.0,1,,,0.03,300
C2_n0.03_d300_r05,C2,202647,16.42,16.12,0.3000000000000007,0.6,0.6230857214564144,0.6108775525626754,FAR,FAR,0.0,1,,,0.03,300
C2_n0.03_d300_r05,C2,202647,16.44,16.14,0.3000000000000007,0.6,0.6017169133776796,0.6085873927664265,FAR,FAR,0.0,1,,,0.03,300
C2_n0.03_d300_r05,C2,202647,16.46,16.16,0.3000000000000007,0.6,0.6238228263990189,0.6123962511745746,FAR,FAR,0.0,1,,,0.03,300
C2_n0.03_d300_r05,C2,202647,16.48,16.18,0.3000000000000007,0.6,0.632437981173858,0.6174066836743954,FAR,FAR,0.0,1,,,0.03,300
C2_n0.03_d300_r05,C2,202647,16.5,16.2,0.3000000000000007,0.6,0.6146312760085073,0.6167128317579234,FAR,FAR,0.0,1,,,0.03,300
C2_n0.03_d300_r05,C2,202647,16.52,16.22,0.3000000000000007,0.6,0.6151549333015363,0.6163233571438266,FAR,FAR,0.0,1,,,0.03,300
C2_n0.03_d300_r05,C2,202647,16.54,16.24,0.3000000000000007,0.6,0.562832860344578,0.6029507329440145,FAR,FAR,0.0,1,,,0.03,300
C2_n0.03_d300_r05,C2,202647,16.56,16.26,0.29999999999999716,0.6,0.5787064262133064,0.5968896562613375,FAR,FAR,0.0,1,,,0.03,300
C2_n0.03_d300_r05,C2,202647,16.58,16.28,0.29999999999999716,0.6,0.5921514160280751,0.5957050962030219,FAR,FAR,0.0,1,,,0.03,300
C2_n0.03_d300_r05,C2,202647,16.6,16.3,0.3000000000000007,0.6,0.5844501582056727,0.5928913617036846,FAR,FAR,0.0,1,,,0.03,300
C2_n0.03_d300_r05,C2,202647,16.62,16.32,0.3000000000000007,0.6,0.6332686895560744,0.6029856936667821,FAR,FAR,0.0,1,,,0.03,300
C2_n0.03_d300_r05,C2,202647,16.64,16.34,0.3000000000000007,0.6,0.5782561508652752,0.5968033079664053,FAR,FAR,0.0,1,,,0.03,300
C2_n0.03_d300_r05,C2,202647,16.66,16.36,0.3000000000000007,0.6,0.5663633895877017,0.5891933283717294,FAR,FAR,0.0,1,,,0.03,300
C2_n0.03_d300_r05,C2,202647,16.68,16.38,0.3000000000000007,0.6,0.6207785655337321,0.5970896376622301,FAR,FAR,0.0,1,,,0.03,300
C2_n0.03_d300_r05,C2,202647,16.7,16.4,0.3000000000000007,0.6,0.5613990179999622,0.5881669827466631,FAR,FAR,0.0,1,,,0.03,300
C2_n0.03_d300_r05,C2,202647,16.72,16.42,0.29999999999999716,0.6,0.620014034944368,0.5961287457960893,FAR,FAR,0.0,1,,,0.03,300
C2_n0.03_d300_r05,C2,202647,16.74,16.44,0.29999999999999716,0.6,0.6156414090950193,0.6010069116208219,FAR,FAR,0.0,1,,,0.03,300
C2_n0.03_d300_r05,C2,202647,16.76,16.46,0.3000000000000007,0.6,0.6110124652839747,0.60350830003661,FAR,FAR,0.0,1,,,0.03,300
C2_n0.03_d300_r05,C2,202647,16.78,16.48,0.3000000000000007,0.6,0.5806952774506134,0.597805044390111,FAR,FAR,0.0,1,,,0.03,300
C2_n0.03_d300_r05,C2,202647,16.8,16.5,0.3000000000000007,0.6,0.5639386064211895,0.5893384348978806,FAR,FAR,0.0,1,,,0.03,300
C2_n0.03_d300_r05,C2,202647,16.82,16.52,0.3000000000000007,0.6,0.6188367429540853,0.5967130119119318,FAR,FAR,0.0,1,,,0.03,300
C2_n0.03_d300_r05,C2,202647,16.84,16.54,0.3000000000000007,0.6,0.6148625751558172,0.6012504027229032,FAR,FAR,0.0,1,,,0.03,300
C2_n0.03_d300_r05,C2,202647,16.86,16.56,0.3000000000000007,0.6,0.6507822049955321,0.6136333532910604,FAR,FAR,0.0,1,,,0.03,300
C2_n0.03_d300_r05,C2,202647,16.88,16.58,0.3000000000000007,0.6,0.6358053180187144,0.6191763444729739,FAR,FAR,0.0,1,,,0.03,300
C2_n0.03_d300_r05,C2,202647,16.9,16.6,0.29999999999999716,0.6,0.5738354005859747,0.6078411085012241,FAR,FAR,0.0,1,,,0.03,300
C2_n0.03_d300_r05,C2,202647,16.92,16.62,0.3000000000000007,0.6,0.5800540570144042,0.600894345629519,FAR,FAR,0.0,1,,,0.03,300
C2_n0.03_d300_r05,C2,202647,16.94,16.64,0.3000000000000007,0.6,0.6303360269711992,0.6082547659649391,FAR,FAR,0.0,1,,,0.03,300
C2_n0.03_d300_r05,C2,202647,16.96,16.66,0.3000000000000007,0.6,0.6174555138794695,0.6105549529435716,FAR,FAR,0.0,1,,,0.03,300
C2_n0.03_d300_r05,C2,202647,16.98,16.68,0.3000000000000007,0.6,0.5968630401291343,0.6071319747399623,FAR,FAR,0.0,1,,,0.03,300
C2_n0.03_d300_r05,C2,202647,17.0,16.7,0.3000000000000007,0.6,0.6593150825521173,0.620177751693001,FAR,FAR,0.0,1,,,0.03,300
C2_n0.03_d300_r05,C2,202647,17.02,16.72,0.3000000000000007,0.6,0.6167568382253543,0.6193225233260893,FAR,FAR,0.0,1,,,0.03,300
C2_n0.03_d300_r05,C2,202647,17.04,16.74,0.3000000000000007,0.6,0.6536393575283184,0.6279017318766466,FAR,FAR,0.0,1,,,0.03,300
C2_n0.03_d300_r05,C2,202647,17.06,16.76,0.29999999999999716,0.6,0.6556971507597331,0.6348505865974182,FAR,FAR,0.0,1,,,0.03,300
C2_n0.03_d300_r05,C2,202647,17.08,16.78,0.29999999999999716,0.6,0.6358570304980257,0.63510219757257,FAR,FAR,0.0,1,,,0.03,300
C2_n0.03_d300_r05,C2,202647,17.1,16.8,0.3000000000000007,0.6,0.6048878528611699,0.62754861139472,FAR,FAR,0.0,1,,,0.03,300
C2_n0.03_d300_r05,C2,202647,17.12,16.82,0.3000000000000007,0.6,0.6389107831262457,0.6303891543276015,FAR,FAR,0.0,1,,,0.03,300
C2_n0.03_d300_r05,C2,202647,17.14,16.84,0.3000000000000007,0.6,0.5504195445342751,0.6103967518792699,FAR,FAR,0.0,1,,,0.03,300
C2_n0.03_d300_r05,C2,202647,17.16,16.86,0.3000000000000007,0.6,0.5485154877220219,0.5949264358399579,FAR,FAR,0.0,1,,,0.03,300
C2_n0.03_d300_r05,C2,202647,17.18,16.88,0.3000000000000007,0.6,0.610062631887599,0.5987104848518681,FAR,FAR,0.0,1,,,0.03,300
C2_n0.03_d300_r05,C2,202647,17.2,16.9,0.3000000000000007,0.6,0.645627783085518,0.6104398094102805,FAR,FAR,0.0,1,,,0.03,300
C2_n0.03_d300_r05,C2,202647,17.22,16.92,0.29999999999999716,0.6,0.6029281862294796,0.6085619036150803,FAR,FAR,0.0,1,,,0.03,300
C2_n0.03_d300_r05,C2,202647,17.24,16.94,0.29999999999999716,0.6,0.6218885112580164,0.6118935555258143,FAR,FAR,0.0,1,,,0.03,300
C2_n0.03_d300_r05,C2,202647,17.26,16.96,0.3000000000000007,0.6,0.6285360760428411,0.616054185655071,FAR,FAR,0.0,1,,,0.03,300
C2_n0.03_d300_r05,C2,202647,17.28,16.98,0.3000000000000007,0.6,0.646038288105918,0.6235502112677828,FAR,FAR,0.0,1,,,0.03,300
C2_n0.03_d300_r05,C2,202647,17.3,17.0,0.3000000000000007,0.6,0.6013256849688197,0.617994079693042,FAR,FAR,0.0,1,,,0.03,300
C2_n0.03_d300_r05,C2,202647,17.32,17.02,0.3000000000000007,0.6,0.5735361008735339,0.606879584988165,FAR,FAR,0.0,1,,,0.03,300
C2_n0.03_d300_r05,C2,202647,17.34,17.04,0.3000000000000007,0.6,0.6821302676059804,0.6256922556426188,FAR,FAR,0.0,1,,,0.03,300
C2_n0.03_d300_r05,C2,202647,17.36,17.06,0.3000000000000007,0.6,0.6124805809132621,0.6223893369602795,FAR,FAR,0.0,1,,,0.03,300
C2_n0.03_d300_r05,C2,202647,17.38,17.08,0.3000000000000007,0.6,0.5357233564946691,0.6007228418438769,FAR,FAR,0.0,1,,,0.03,300
C2_n0.03_d300_r05,C2,202647,17.4,17.1,0.29999999999999716,0.6,0.589863499928799,0.5980080063651074,FAR,FAR,0.0,1,,,0.03,300
C2_n0.03_d300_r05,C2,202647,17.42,17.12,0.3000000000000007,0.6,0.5560914557325348,0.5875288687069643,FAR,FAR,0.0,1,,,0.03,300
C2_n0.03_d300_r05,C2,202647,17.44,17.14,0.3000000000000007,0.6,0.5894279358254364,0.5880036354865823,FAR,FAR,0.0,1,,,0.03,300
C2_n0.03_d300_r05,C2,202647,17.46,17.16,0.3000000000000007,0.6,0.6009786508360224,0.5912473893239423,FAR,FAR,0.0,1,,,0.03,300
C2_n0.03_d300_r05,C2,202647,17.48,17.18,0.3000000000000007,0.6,0.5889750387260954,0.5906793016744806,FAR,FAR,0.0,1,,,0.03,300
C2_n0.03_d300_r05,C2,202647,17.5,17.2,0.3000000000000007,0.6,0.6205509056000323,0.5981472026558685,FAR,FAR,0.0,1,,,0.03,300
C2_n0.03_d300_r05,C2,202647,17.52,17.22,0.3000000000000007,0.6,0.6023567397003053,0.5991995869169777,FAR,FAR,0.0,1,,,0.03,300
C2_n0.03_d300_r05,C2,202647,17.54,17.24,0.3000000000000007,0.6,0.621799616090133,0.6048495942102665,FAR,FAR,0.0,1,,,0.03,300
C2_n0.03_d300_r05,C2,202647,17.56,17.26,0.29999999999999716,0.6,0.6222239530702205,0.609193183925255,FAR,FAR,0.0,1,,,0.03,300
C2_n0.03_d300_r05,C2,202647,17.58,17.28,0.29999999999999716,0.6,0.5997969703020406,0.6068441305194514,FAR,FAR,0.0,1,,,0.03,300
C2_n0.03_d300_r05,C2,202647,17.6,17.3,0.3000000000000007,0.6,0.5867887425064663,0.6018302835162052,FAR,FAR,0.0,1,,,0.03,300
C2_n0.03_d300_r05,C2,202647,17.62,17.32,0.3000000000000007,0.6,0.6781487499415695,0.6209099001225462,FAR,FAR,0.0,1,,,0.03,300
C2_n0.03_d300_r05,C2,202647,17.64,17.34,0.3000000000000007,0.6,0.605571730218204,0.6170753576464607,FAR,FAR,0.0,1,,,0.03,300
C2_n0.03_d300_r05,C2,202647,17.66,17.36,0.3000000000000007,0.6,0.615624762933713,0.6167127089682738,FAR,FAR,0.0,1,,,0.03,300
C2_n0.03_d300_r05,C2,202647,17.68,17.38,0.3000000000000007,0.6,0.578772888497939,0.60722775385069,FAR,FAR,0.0,1,,,0.03,300
C2_n0.03_d300_r05,C2,202647,17.7,17.4,0.3000000000000007,0.6,0.5991824373512983,0.6052164247258421,FAR,FAR,0.0,1,,,0.03,300
C2_n0.03_d300_r05,C2,202647,17.72,17.42,0.29999999999999716,0.6,0.6185673772655593,0.6085541628607715,FAR,FAR,0.0,1,,,0.03,300
C2_n0.03_d300_r05,C2,202647,17.74,17.44,0.29999999999999716,0.6,0.6125401268063705,0.6095506538471712,FAR,FAR,0.0,1,,,0.03,300
C2_n0.03_d300_r05,C2,202647,17.76,17.46,0.3000000000000007,0.6,0.668077230175988,0.6241822979293754,FAR,FAR,0.0,1,,,0.03,300
C2_n0.03_d300_r05,C2,202647,17.78,17.48,0.3000000000000007,0.6,0.5844449639526639,0.6142479644351975,FAR,FAR,0.0,1,,,0.03,300
C2_n0.03_d300_r05,C2,202647,17.8,17.5,0.3000000000000007,0.6,0.6853773789049991,0.6320303180526479,FAR,FAR,0.0,1,,,0.03,300
C2_n0.03_d300_r05,C2,202647,17.82,17.52,0.3000000000000007,0.6,0.5724984716859763,0.61714735646098,FAR,FAR,0.0,1,,,0.03,300
C2_n0.03_d300_r05,C2,202647,17.84,17.54,0.3000000000000007,0.6,0.5721957043995348,0.6059094434456187,FAR,FAR,0.0,1,,,0.03,300
C2_n0.03_d300_r05,C2,202647,17.86,17.56,0.3000000000000007,0.6,0.6283680474086157,0.611524094436368,FAR,FAR,0.0,1,,,0.03,300
C2_n0.03_d300_r05,C2,202647,17.88,17.58,0.3000000000000007,0.6,0.5648409933057277,0.5998533191537079,FAR,FAR,0.0,1,,,0.03,300
C2_n0.03_d300_r05,C2,202647,17.9,17.6,0.29999999999999716,0.6,0.6269257355161149,0.6066214232443097,FAR,FAR,0.0,1,,,0.03,300
C2_n0.03_d300_r05,C2,202647,17.92,17.62,0.3000000000000007,0.6,0.6162055816236094,0.6090174628391346,FAR,FAR,0.0,1,,,0.03,300
C2_n0.03_d300_r05,C2,202647,17.94,17.64,0.3000000000000007,0.6,0.6657479367479584,0.6232000813163405,FAR,FAR,0.0,1,,,0.03,300
C2_n0.03_d300_r05,C2,202647,17.96,17.66,0.3000000000000007,0.6,0.6066016975443664,0.619050485373347,FAR,FAR,0.0,1,,,0.03,300
C2_n0.03_d300_r05,C2,202647,17.98,17.68,0.3000000000000007,0.6,0.5021989666011878,0.5898376056803072,FAR,FAR,0.0,1,,,0.03,300
C2_n0.03_d300_r05,C2,202647,18.0,17.7,0.3000000000000007,0.6,0.6140952924420757,0.5959020273707494,FAR,FAR,0.0,1,,,0.03,300
C2_n0.03_d300_r05,C2,202647,18.02,17.72,0.3000000000000007,0.6,0.5127049742807797,0.5751027640982569,FAR,FAR,0.0,1,,,0.03,300
C2_n0.03_d300_r05,C2,202647,18.04,17.74,0.3000000000000007,0.6,0.5928551018320002,0.5795408485316927,FAR,FAR,0.0,1,,,0.03,300
C2_n0.03_d300_r05,C2,202647,18.06,17.76,0.29999999999999716,0.6,0.6289003240301405,0.5918807174063048,FAR,FAR,0.0,1,,,0.03,300
C2_n0.03_d300_r05,C2,202647,18.08,17.78,0.29999999999999716,0.6,0.6281546735708012,0.6009492064474289,FAR,FAR,0.0,1,,,0.03,300
C2_n0.03_d300_r05,C2,202647,18.1,17.8,0.3000000000000007,0.6,0.6483558967425679,0.6128008790212136,FAR,FAR,0.0,1,,,0.03,300
C2_n0.03_d300_r05,C2,202647,18.12,17.82,0.3000000000000007,0.6,0.5868485731416208,0.6063128025513154,FAR,FAR,0.0,1,,,0.03,300
C2_n0.03_d300_r05,C2,202647,18.14,17.84,0.3000000000000007,0.6,0.606469176343593,0.6063518959993848,FAR,FAR,0.0,1,,,0.03,300
C2_n0.03_d300_r05,C2,202647,18.16,17.86,0.3000000000000007,0.6,0.6018528748503756,0.6052271407121325,FAR,FAR,0.0,1,,,0.03,300
C2_n0.03_d300_r05,C2,202647,18.18,17.88,0.3000000000000007,0.6,0.6282296599271264,0.610977770515881,FAR,FAR,0.0,1,,,0.03,300
C2_n0.03_d300_r05,C2,202647,18.2,17.9,0.3000000000000007,0.6,0.6293531866594507,0.6155716245517734,FAR,FAR,0.0,1,,,0.03,300
C2_n0.03_d300_r05,C2,202647,18.22,17.92,0.29999999999999716,0.6,0.6276967520755263,0.6186029064327117,FAR,FAR,0.0,1,,,0.03,300
C2_n0.03_d300_r05,C2,202647,18.24,17.94,0.29999999999999716,0.6,0.5875484544313262,0.6108392934323653,FAR,FAR,0.0,1,,,0.03,300
C2_n0.03_d300_r05,C2,202647,18.26,17.96,0.3000000000000007,0.6,0.5940105196905711,0.6066320999969167,FAR,FAR,0.0,1,,,0.03,300
C2_n0.03_d300_r05,C2,202647,18.28,17.98,0.3000000000000007,0.6,0.6118730321160852,0.6079423330267089,FAR,FAR,0.0,1,,,0.03,300
C2_n0.03_d300_r05,C2,202647,18.3,18.0,0.3000000000000007,0.6,0.6151846457803076,0.6097529112151086,FAR,FAR,0.0,1,,,0.03,300
C2_n0.03_d300_r05,C2,202647,18.32,18.02,0.3000000000000007,0.6,0.5841858318741736,0.6033611413798748,FAR,FAR,0.0,1,,,0.03,300
C2_n0.03_d300_r05,C2,202647,18.34,18.04,0.3000000000000007,0.6,0.6107440036217968,0.6052068569403553,FAR,FAR,0.0,1,,,0.03,300
C2_n0.03_d300_r05,C2,202647,18.36,18.06,0.3000000000000007,0.6,0.620154879664208,0.6089438626213184,FAR,FAR,0.0,1,,,0.03,300
C2_n0.03_d300_r05,C2,202647,18.38,18.08,0.3000000000000007,0.6,0.6238910917715007,0.6126806699088639,FAR,FAR,0.0,1,,,0.03,300
C2_n0.03_d300_r05,C2,202647,18.4,18.1,0.29999999999999716,0.6,0.6182956537236276,0.6140844158625548,FAR,FAR,0.0,1,,,0.03,300
C2_n0.03_d300_r05,C2,202647,18.42,18.12,0.3000000000000007,0.6,0.6349763738024492,0.6193074053475285,FAR,FAR,0.0,1,,,0.03,300
C2_n0.03_d300_r05,C2,202647,18.44,18.14,0.3000000000000007,0.6,0.6319786728990011,0.6224752222353966,FAR,FAR,0.0,1,,,0.03,300
C2_n0.03_d300_r05,C2,202647,18.46,18.16,0.3000000000000007,0.6,0.5900891902363312,0.6143787142356303,FAR,FAR,0.0,1,,,0.03,300
C2_n0.03_d300_r05,C2,202647,18.48,18.18,0.3000000000000007,0.6,0.5963611983401996,0.6098743352617726,FAR,FAR,0.0,1,,,0.03,300
C2_n0.03_d300_r05,C2,202647,18.5,18.2,0.3000000000000007,0.6,0.6642467423680581,0.623467437038344,FAR,FAR,0.0,1,,,0.03,300
C2_n0.03_d300_r05,C2,202647,18.52,18.22,0.3000000000000007,0.6,0.5918211326092749,0.6155558609310767,FAR,FAR,0.0,1,,,0.03,300
C2_n0.03_d300_r05,C2,202647,18.54,18.24,0.3000000000000007,0.6,0.6477920734496624,0.6236149140607231,FAR,FAR,0.0,1,,,0.03,300
C2_n0.03_d300_r05,C2,202647,18.56,18.26,0.29999999999999716,0.6,0.6082017355144768,0.6197616194241615,FAR,FAR,0.0,1,,,0.03,300
C2_n0.03_d300_r05,C2,202647,18.58,18.28,0.29999999999999716,0.6,0.5639365920319268,0.6058053625761028,FAR,FAR,0.0,1,,,0.03,300
C2_n0.03_d300_r05,C2,202647,18.6,18.3,0.3000000000000007,0.6,0.5764419562975193,0.5984645110064569,FAR,FAR,0.0,1,,,0.03,300
C2_n0.03_d300_r05,C2,202647,18.62,18.32,0.3000000000000007,0.6,0.5846379336567502,0.5950078666690302,FAR,FAR,0.0,1,,,0.03,300
C2_n0.03_d300_r05,C2,202647,18.64,18.34,0.3000000000000007,0.6,0.6039999011301063,0.5972558752842991,FAR,FAR,0.0,1,,,0.03,300
C2_n0.03_d300_r05,C2,202647,18.66,18.36,0.3000000000000007,0.6,0.6099866902802493,0.6004385790332867,FAR,FAR,0.0,1,,,0.03,300
C2_n0.03_d300_r05,C2,202647,18.68,18.38,0.3000000000000007,0.6,0.5948652034875985,0.5990452351468647,FAR,FAR,0.0,1,,,0.03,300
C2_n0.03_d300_r05,C2,202647,18.7,18.4,0.3000000000000007,0.6,0.5955609609420099,0.598174166595651,FAR,FAR,0.0,1,,,0.03,300
C2_n0.03_d300_r05,C2,202647,18.72,18.42,0.29999999999999716,0.6,0.6416435125077189,0.609041503073668,FAR,FAR,0.0,1,,,0.03,300
C2_n0.03_d300_r05,C2,202647,18.74,18.44,0.29999999999999716,0.6,0.5981413168393047,0.6063164565150772,FAR,FAR,0.0,1,,,0.03,300
C2_n0.03_d300_r05,C2,202647,18.76,18.46,0.3000000000000007,0.6,0.5639124551926769,0.5957154561844771,FAR,FAR,0.0,1,,,0.03,300
C2_n0.03_d300_r05,C2,202647,18.78,18.48,0.3000000000000007,0.6,0.572157277752988,0.5898259115766048,FAR,FAR,0.0,1,,,0.03,300
C2_n0.03_d300_r05,C2,202647,18.8,18.5,0.3000000000000007,0.6,0.560317609017201,0.5824488359367539,FAR,FAR,0.0,1,,,0.03,300
C2_n0.03_d300_r05,C2,202647,18.82,18.52,0.3000000000000007,0.6,0.6443636101134032,0.5979275294809162,FAR,FAR,0.0,1,,,0.03,300
C2_n0.03_d300_r05,C2,202647,18.84,18.54,0.3000000000000007,0.6,0.5815201152852641,0.5938256759320032,FAR,FAR,0.0,1,,,0.03,300
C2_n0.03_d300_r05,C2,202647,18.86,18.56,0.3000000000000007,0.6,0.6008384434506876,0.5955788678116744,FAR,FAR,0.0,1,,,0.03,300
C2_n0.03_d300_r05,C2,202647,18.88,18.58,0.3000000000000007,0.6,0.6017766975697647,0.597128325251197,FAR,FAR,0.0,1,,,0.03,300
C2_n0.03_d300_r05,C2,202647,18.9,18.6,0.29999999999999716,0.6,0.5599480059799743,0.5878332454333913,FAR,FAR,0.0,1,,,0.03,300
C2_n0.03_d300_r05,C2,202647,18.92,18.62,0.3000000000000007,0.6,0.6199612142323498,0.595865237633131,FAR,FAR,0.0,1,,,0.03,300
C2_n0.03_d300_r05,C2,202647,18.94,18.64,0.3000000000000007,0.6,0.5886371618370985,0.5940582186841229,FAR,FAR,0.0,1,,,0.03,300
C2_n0.03_d300_r05,C2,202647,18.96,18.66,0.3000000000000007,0.6,0.6156916575367704,0.5994665783972848,FAR,FAR,0.0,1,,,0.03,300
C2_n0.03_d300_r05,C2,202647,18.98,18.68,0.3000000000000007,0.6,0.6162333110492282,0.6036582615602706,FAR,FAR,0.0,1,,,0.03,300
C2_n0.03_d300_r05,C2,202647,19.0,18.7,0.3000000000000007,0.6,0.5968158923987036,0.6019476692698789,FAR,FAR,0.0,1,,,0.03,300
C2_n0.03_d300_r05,C2,202647,19.02,18.72,0.3000000000000007,0.6,0.560763468334827,0.5916516190361159,FAR,FAR,0.0,1,,,0.03,300
C2_n0.03_d300_r05,C2,202647,19.04,18.74,0.3000000000000007,0.6,0.6087732754878015,0.5959320331490372,FAR,FAR,0.0,1,,,0.03,300
C2_n0.03_d300_r05,C2,202647,19.06,18.76,0.29999999999999716,0.6,0.6074348892604631,0.5988077471768937,FAR,FAR,0.0,1,,,0.03,300
C2_n0.03_d300_r05,C2,202647,19.08,18.78,0.29999999999999716,0.6,0.5744873982502493,0.5927276599452326,FAR,FAR,0.0,1,,,0.03,300
C2_n0.03_d300_r05,C2,202647,19.1,18.8,0.3000000000000007,0.6,0.6190582057689545,0.5993102964011631,FAR,FAR,0.0,1,,,0.03,300
C2_n0.03_d300_r05,C2,202647,19.12,18.82,0.3000000000000007,0.6,0.6266807901675442,0.6061529198427583,FAR,FAR,0.0,1,,,0.03,300
C2_n0.03_d300_r05,C2,202647,19.14,18.84,0.3000000000000007,0.6,0.6071875859807141,0.6064115863772472,FAR,FAR,0.0,1,,,0.03,300
C2_n0.03_d300_r05,C2,202647,19.16,18.86,0.3000000000000007,0.6,0.6225638835251245,0.6104496606642166,FAR,FAR,0.0,1,,,0.03,300
C2_n0.03_d300_r05,C2,202647,19.18,18.88,0.3000000000000007,0.6,0.586650424147178,0.6044998515349569,FAR,FAR,0.0,1,,,0.03,300
C2_n0.03_d300_r05,C2,202647,19.2,18.9,0.3000000000000007,0.6,0.6190770783772066,0.6081441582455194,FAR,FAR,0.0,1,,,0.03,300
C2_n0.03_d300_r05,C2,202647,19.22,18.92,0.29999999999999716,0.6,0.5561771754069698,0.595152412535882,FAR,FAR,0.0,1,,,0.03,300
C2_n0.03_d300_r05,C2,202647,19.24,18.94,0.29999999999999716,0.6,0.5503937142358907,0.5839627379608842,FAR,FAR,0.0,1,,,0.03,300
C2_n0.03_d300_r05,C2,202647,19.26,18.96,0.3000000000000007,0.6,0.5991219942713857,0.5877525520385096,FAR,FAR,0.0,1,,,0.03,300
C2_n0.03_d300_r05,C2,202647,19.28,18.98,0.3000000000000007,0.6,0.6303343170472603,0.5983979932906973,FAR,FAR,0.0,1,,,0.03,300
C2_n0.03_d300_r05,C2,202647,19.3,19.0,0.3000000000000007,0.6,0.5859128111069826,0.5952766977447687,FAR,FAR,0.0,1,,,0.03,300
C2_n0.03_d300_r05,C2,202647,19.32,19.02,0.3000000000000007,0.6,0.5698701047323458,0.5889250494916629,FAR,FAR,0.0,1,,,0.03,300
C2_n0.03_d300_r05,C2,202647,19.34,19.04,0.3000000000000007,0.6,0.5661283930517069,0.5832258853816739,FAR,FAR,0.0,1,,,0.03,300
C2_n0.03_d300_r05,C2,202647,19.36,19.06,0.3000000000000007,0.6,0.6051819039081503,0.588714890013293,FAR,FAR,0.0,1,,,0.03,300
C2_n0.03_d300_r05,C2,202647,19.38,19.08,0.3000000000000007,0.6,0.6316164682614072,0.5994402845753215,FAR,FAR,0.0,1,,,0.03,300
C2_n0.03_d300_r05,C2,202647,19.4,19.1,0.29999999999999716,0.6,0.5861835427436219,0.5961260991173967,FAR,FAR,0.0,1,,,0.03,300
C2_n0.03_d300_r05,C2,202647,19.42,19.12,0.3000000000000007,0.6,0.6222294516453172,0.6026519372493768,FAR,FAR,0.0,1,,,0.03,300
C2_n0.03_d300_r05,C2,202647,19.44,19.14,0.3000000000000007,0.6,0.600455454405244,0.6021028165383436,FAR,FAR,0.0,1,,,0.03,300
C2_n0.03_d300_r05,C2,202647,19.46,19.16,0.3000000000000007,0.6,0.5653256383365837,0.5929085219879037,FAR,FAR,0.0,1,,,0.03,300
C2_n0.03_d300_r05,C2,202647,19.48,19.18,0.3000000000000007,0.6,0.6011936817428224,0.5949798119266334,FAR,FAR,0.0,1,,,0.03,300
C2_n0.03_d300_r05,C2,202647,19.5,19.2,0.3000000000000007,0.6,0.5691893138096977,0.5885321873973994,FAR,FAR,0.0,1,,,0.03,300
C2_n0.03_d300_r05,C2,202647,19.52,19.22,0.3000000000000007,0.6,0.5963668067854128,0.5904908422444027,FAR,FAR,0.0,1,,,0.03,300
C2_n0.03_d300_r05,C2,202647,19.54,19.24,0.3000000000000007,0.6,0.6129483539956486,0.5961052201822142,FAR,FAR,0.0,1,,,0.03,300
C2_n0.03_d300_r05,C2,202647,19.56,19.26,0.29999999999999716,0.6,0.5860251000870443,0.5935851901584217,FAR,FAR,0.0,1,,,0.03,300
C2_n0.03_d300_r05,C2,202647,19.58,19.28,0.29999999999999716,0.6,0.6132019240037738,0.5984893736197597,FAR,FAR,0.0,1,,,0.03,300
C2_n0.03_d300_r05,C2,202647,19.6,19.3,0.3000000000000007,0.6,0.5886074871986698,0.5960189020144873,FAR,FAR,0.0,1,,,0.03,300
C2_n0.03_d300_r05,C2,202647,19.62,19.32,0.3000000000000007,0.6,0.6047140051759229,0.5981926778048462,FAR,FAR,0.0,1,,,0.03,300
C2_n0.03_d300_r05,C2,202647,19.64,19.34,0.3000000000000007,0.6,0.6157877277060269,0.6025914402801413,FAR,FAR,0.0,1,,,0.03,300
C2_n0.03_d300_r05,C2,202647,19.66,19.36,0.3000000000000007,0.6,0.6000157094660573,0.6019475075766203,FAR,FAR,0.0,1,,,0.03,300
C2_n0.03_d300_r05,C2,202647,19.68,19.38,0.3000000000000007,0.6,0.5601856647891189,0.591507046879745,FAR,FAR,0.0,1,,,0.03,300
C2_n0.03_d300_r05,C2,202647,19.7,19.4,0.3000000000000007,0.6,0.601141978441063,0.5939157797700745,FAR,FAR,0.0,1,,,0.03,300
C2_n0.03_d300_r05,C2,202647,19.72,19.42,0.29999999999999716,0.6,0.6504293984216928,0.608044184432979,FAR,FAR,0.0,1,,,0.03,300
C2_n0.03_d300_r05,C2,202647,19.74,19.44,0.29999999999999716,0.6,0.5693076913181357,0.5983600611542682,FAR,FAR,0.0,1,,,0.03,300
C2_n0.03_d300_r05,C2,202647,19.76,19.46,0.3000000000000007,0.6,0.56211422432882,0.5892986019479061,FAR,FAR,0.0,1,,,0.03,300
C2_n0.03_d300_r05,C2,202647,19.78,19.48,0.3000000000000007,0.6,0.6036068401307734,0.5928756614936229,FAR,FAR,0.0,1,,,0.03,300
C2_n0.03_d300_r05,C2,202647,19.8,19.5,0.3000000000000007,0.6,0.6369678442204503,0.6038987071753298,FAR,FAR,0.0,1,,,0.03,300
C2_n0.03_d300_r05,C2,202647,19.82,19.52,0.3000000000000007,0.6,0.5960694535453541,0.6019413937678358,FAR,FAR,0.0,1,,,0.03,300
C2_n0.03_d300_r05,C2,202647,19.84,19.54,0.3000000000000007,0.6,0.5975882015091731,0.6008530957031701,FAR,FAR,0.0,1,,,0.03,300
C2_n0.03_d300_r05,C2,202647,19.86,19.56,0.3000000000000007,0.6,0.5823107693483379,0.5962175141144621,FAR,FAR,0.0,1,,,0.03,300
C2_n0.03_d300_r05,C2,202647,19.88,19.58,0.3000000000000007,0.6,0.5464241491053216,0.583769172862177,FAR,FAR,0.0,1,,,0.03,300
C2_n0.03_d300_r05,C2,202647,19.9,19.6,0.29999999999999716,0.6,0.5647780895599592,0.5790214020366226,FAR,FAR,0.0,1,,,0.03,300
C2_n0.03_d300_r05,C2,202647,19.92,19.62,0.3000000000000007,0.6,0.5842181991075708,0.5803206013043596,FAR,FAR,0.0,1,,,0.03,300
C2_n0.03_d300_r05,C2,202647,19.94,19.64,0.3000000000000007,0.6,0.6170699520072339,0.5895079389800781,FAR,FAR,0.0,1,,,0.03,300
C2_n0.03_d300_r05,C2,202647,19.96,19.66,0.3000000000000007,0.6,0.5865046056666076,0.5887571056517105,FAR,FAR,0.0,1,,,0.03,300
C2_n0.03_d300_r05,C2,202647,19.98,19.68,0.3000000000000007,0.6,0.6223078683887351,0.5971447963359666,FAR,FAR,0.0,1,,,0.03,300
C2_n0.03_d300_r05,C2,202647,20.0,19.7,0.3000000000000007,0.6,0.6029447218476699,0.5985947777138925,FAR,FAR,0.0,1,,,0.03,300
