trial_id,condition,seed,time_s,sensor_time_s,sample_age_s,true_distance_m,raw_distance_m,filtered_distance_m,expected_state,state,command,valid,event_label,invalid_reason,noise_sigma_m,delay_ms
C2_n0.01_d100_r02,C2,202624,0.0,0.0,nan,0.6,,,FAR,FAR,0.0,0,INVALID,MISSING_OR_DELAY_BUFFER,0.01,100
C2_n0.01_d100_r02,C2,202624,0.02,0.02,nan,0.6,,,FAR,FAR,0.0,0,INVALID,MISSING_OR_DELAY_BUFFER,0.01,100
C2_n0.01_d100_r02,C2,202624,0.04,0.04,nan,0.6,,,FAR,FAR,0.0,0,INVALID,MISSING_OR_DELAY_BUFFER,0.01,100
C2_n0.01_d100_r02,C2,202624,0.06,0.06,nan,0.6,,,FAR,FAR,0.0,0,INVALID,MISSING_OR_DELAY_BUFFER,0.01,100
C2_n0.01_d100_r02,C2,202624,0.08,0.08,nan,0.6,,,FAR,FAR,0.0,0,INVALID,MISSING_OR_DELAY_BUFFER,0.01,100
C2_n0.01_d100_r02,C2,202624,0.1,0.0,0.1,0.6,0.6120515476028465,0.6120515476028465,FAR,FAR,0.0,1,,,0.01,100
C2_n0.01_d100_r02,C2,202624,0.12,0.02,0.09999999999999999,0.6,0.5889474906949714,0.6062755333758778,FAR,FAR,0.0,1,,,0.01,100
C2_n0.01_d100_r02,C2,202624,0.14,0.04,0.1,0.6,0.5892692774032151,0.6020239693827121,FAR,FAR,0.0,1,,,0.01,100
C2_n0.01_d100_r02,C2,202624,0.16,0.06,0.1,0.6,0.6087456274221215,0.6037043838925644,FAR,FAR,0.0,1,,,0.01,100
C2_n0.01_d100_r02,C2,202624,0.18,0.08,0.09999999999999999,0.6,0.5996754852596264,0.60269715923433,FAR,FAR,0.0,1,,,0.01,100
C2_n0.01_d100_r02,C2,202624,0.2,0.1,0.1,0.6,0.6016041254886143,0.6024239007979011,FAR,FAR,0.0,1,,,0.01,100
C2_n0.01_d100_r02,C2,202624,0.22,0.12,0.1,0.6,0.6038057060442059,0.6027693521094772,FAR,FAR,0.0,1,,,0.01,100
C2_n0.01_d100_r02,C2,202624,0.24,0.14,0.09999999999999998,0.6,0.606604056710606,0.6037280282597595,FAR,FAR,0.0,1,,,0.01,100
C2_n0.01_d100_r02,C2,202624,0.26,0.16,0.1,0.6,0.6051050366551071,0.6040722803585964,FAR,FAR,0.0,1,,,0.01,100
C2_n0.01_d100_r02,C2,202624,0.28,0.18,0.10000000000000003,0.6,0.5926897869704447,0.6012266570115585,FAR,FAR,0.0,1,,,0.01,100
C2_n0.01_d100_r02,C2,202624,0.3,0.2,0.09999999999999998,0.6,0.6031737255658274,0.6017134241501257,FAR,FAR,0.0,1,,,0.01,100
C2_n0.01_d100_r02,C2,202624,0.32,0.22,0.1,0.6,0.6057962675736914,0.6027341350060171,FAR,FAR,0.0,1,,,0.01,100
C2_n0.01_d100_r02,C2,202624,0.34,0.24,0.10000000000000003,0.6,0.5951615629127205,0.6008409919826929,FAR,FAR,0.0,1,,,0.01,100
C2_n0.01_d100_r02,C2,202624,0.36,0.26,0.09999999999999998,0.6,0.5897696845851266,0.5980731651333013,FAR,FAR,0.0,1,,,0.01,100
C2_n0.01_d100_r02,C2,202624,0.38,0.28,0.09999999999999998,0.6,0.6047146408181105,0.5997335340545036,FAR,FAR,0.0,1,,,0.01,100
C2_n0.01_d100_r02,C2,202624,0.4,0.3,0.10000000000000003,0.6,0.602798118671643,0.6004996802087884,FAR,FAR,0.0,1,,,0.01,100
C2_n0.01_d100_r02,C2,202624,0.42,0.32,0.09999999999999998,0.6,0.6071710142274076,0.6021675137134432,FAR,FAR,0.0,1,,,0.01,100
C2_n0.01_d100_r02,C2,202624,0.44,0.34,0.09999999999999998,0.6,0.6044680055374155,0.6027426366694363,FAR,FAR,0.0,1,,,0.01,100
C2_n0.01_d100_r02,C2,202624,0.46,0.36,0.10000000000000003,0.6,0.6006881565194635,0.6022290166319431,FAR,FAR,0.0,1,,,0.01,100
C2_n0.01_d100_r02,C2,202624,0.48,0.38,0.09999999999999998,0.6,0.5955646417754946,0.600562922917831,FAR,FAR,0.0,1,,,0.01,100
C2_n0.01_d100_r02,C2,202624,0.5,0.4,0.09999999999999998,0.6,0.5921109794322142,0.5984499370464268,FAR,FAR,0.0,1,,,0.01,100
C2_n0.01_d100_r02,C2,202624,0.52,0.42,0.10000000000000003,0.6,0.6131699446580136,0.6021299389493235,FAR,FAR,0.0,1,,,0.01,100
C2_n0.01_d100_r02,C2,202624,0.54,0.44,0.10000000000000003,0.6,0.5908410757971742,0.5993077231612862,FAR,FAR,0.0,1,,,0.01,100
C2_n0.01_d100_r02,C2,202624,0.56,0.46,0.10000000000000003,0.6,0.5791941602264766,0.5942793324275838,FAR,FAR,0.0,1,,,0.01,100
C2_n0.01_d100_r02,C2,202624,0.58,0.48,0.09999999999999998,0.6,0.5967948707323226,0.5949082170037685,FAR,FAR,0.0,1,,,0.01,100
C2_n0.01_d100_r02,C2,202624,0.6,0.5,0.09999999999999998,0.6,0.6127328105459148,0.599364365389305,FAR,FAR,0.0,1,,,0.01,100
C2_n0.01_d100_r02,C2,202624,0.62,0.52,0.09999999999999998,0.6,0.6231766203223535,0.6053174291225671,FAR,FAR,0.0,1,,,0.01,100
C2_n0.01_d100_r02,C2,202624,0.64,0.54,0.09999999999999998,0.6,0.5864938433433918,0.6006115326777733,FAR,FAR,0.0,1,,,0.01,100
C2_n0.01_d100_r02,C2,202624,0.66,0.56,0.09999999999999998,0.6,0.6003922219283018,0.6005567049904055,FAR,FAR,0.0,1,,,0.01,100
C2_n0.01_d100_r02,C2,202624,0.68,0.58,0.10000000000000009,0.6,0.6126356092060462,0.6035764310443157,FAR,FAR,0.0,1,,,0.01,100
C2_n0.01_d100_r02,C2,202624,0.7,0.6,0.09999999999999998,0.6,0.6065055418622065,0.6043087087487884,FAR,FAR,0.0,1,,,0.01,100
C2_n0.01_d100_r02,C2,202624,0.72,0.62,0.09999999999999998,0.6,0.5901450617745894,0.6007677970052386,FAR,FAR,0.0,1,,,0.01,100
C2_n0.01_d100_r02,C2,202624,0.74,0.64,0.09999999999999998,0.6,0.5849466742635581,0.5968125163198186,FAR,FAR,0.0,1,,,0.01,100
C2_n0.01_d100_r02,C2,202624,0.76,0.66,0.09999999999999998,0.6,0.6167379538634842,0.601793875705735,FAR,FAR,0.0,1,,,0.01,100
C2_n0.01_d100_r02,C2,202624,0.78,0.68,0.09999999999999998,0.6,0.6066668404673908,0.603012116896149,FAR,FAR,0.0,1,,,0.01,100
C2_n0.01_d100_r02,C2,202624,0.8,0.7,0.10000000000000009,0.6,0.6272657016563271,0.6090755130861936,FAR,FAR,0.0,1,,,0.01,100
C2_n0.01_d100_r02,C2,202624,0.82,0.72,0.09999999999999998,0.6,0.5985520008594197,0.6064446350295001,FAR,FAR,0.0,1,,,0.01,100
C2_n0.01_d100_r02,C2,202624,0.84,0.74,0.09999999999999998,0.6,0.6028625210388617,0.6055491065318405,FAR,FAR,0.0,1,,,0.01,100
C2_n0.01_d100_r02,C2,202624,0.86,0.76,0.09999999999999998,0.6,0.6096201571328267,0.606566869182087,FAR,FAR,0.0,1,,,0.01,100
C2_n0.01_d100_r02,C2,202624,0.88,0.78,0.09999999999999998,0.6,0.6053663266171,0.6062667335408403,FAR,FAR,0.0,1,,,0.01,100
C2_n0.01_d100_r02,C2,202624,0.9,0.8,0.09999999999999998,0.6,0.6144380705487325,0.6083095677928133,FAR,FAR,0.0,1,,,0.01,100
C2_n0.01_d100_r02,C2,202624,0.92,0.82,0.10000000000000009,0.6,0.6039702455516898,0.6072247372325323,FAR,FAR,0.0,1,,,0.01,100
C2_n0.01_d100_r02,C2,202624,0.94,0.84,0.09999999999999998,0.6,0.588965747761765,0.6026599898648405,FAR,FAR,0.0,1,,,0.01,100
C2_n0.01_d100_r02,C2,202624,0.96,0.86,0.09999999999999998,0.6,0.6209503057454246,0.6072325688349866,FAR,FAR,0.0,1,,,0.01,100
C2_n0.01_d100_r02,C2,202624,0.98,0.88,0.09999999999999998,0.6,0.60148545196925,0.6057957896185524,FAR,FAR,0.0,1,,,0.01,100
C2_n0.01_d100_r02,C2,202624,1.0,0.9,0.09999999999999998,0.6,0.5928452617151604,0.6025581576427044,FAR,FAR,0.0,1,,,0.01,100
C2_n0.01_d100_r02,C2,202624,1.02,0.92,0.09999999999999998,0.6,0.5937360001598823,0.6003526182719988,FAR,FAR,0.0,1,,,0.01,100
C2_n0.01_d100_r02,C2,202624,1.04,0.94,0.10000000000000009,0.6,0.616946710183257,0.6045011412498134,FAR,FAR,0.0,1,,,0.01,100
C2_n0.01_d100_r02,C2,202624,1.06,0.96,0.10000000000000009,0.6,0.6076130667844815,0.6052791226334804,FAR,FAR,0.0,1,,,0.01,100
C2_n0.01_d100_r02,C2,202624,1.08,0.98,0.10000000000000009,0.6,0.6077401310135387,0.6058943747284949,FAR,FAR,0.0,1,,,0.01,100
C2_n0.01_d100_r02,C2,202624,1.1,1.0,0.10000000000000009,0.6,0.5980171017481258,0.6039250564834027,FAR,FAR,0.0,1,,,0.01,100
C2_n0.01_d100_r02,C2,202624,1.12,1.02,0.10000000000000009,0.6,0.5993288693423076,0.602776009698129,FAR,FAR,0.0,1,,,0.01,100
C2_n0.01_d100_r02,C2,202624,1.14,1.04,0.09999999999999987,0.6,0.6053395438468435,0.6034168932353076,FAR,FAR,0.0,1,,,0.01,100
C2_n0.01_d100_r02,C2,202624,1.16,1.06,0.09999999999999987,0.6,0.6019162325832965,0.6030417280723048,FAR,FAR,0.0,1,,,0.01,100
C2_n0.01_d100_r02,C2,202624,1.18,1.08,0.09999999999999987,0.6,0.6092770299712369,0.6046005535470378,FAR,FAR,0.0,1,,,0.01,100
C2_n0.01_d100_r02,C2,202624,1.2,1.1,0.09999999999999987,0.6,0.6050071243942449,0.6047021962588396,FAR,FAR,0.0,1,,,0.01,100
C2_n0.01_d100_r02,C2,202624,1.22,1.12,0.09999999999999987,0.6,0.6055686946006089,0.604918820844282,FAR,FAR,0.0,1,,,0.01,100
C2_n0.01_d100_r02,C2,202624,1.24,1.14,0.10000000000000009,0.6,0.5869833463257319,0.6004349522146444,FAR,FAR,0.0,1,,,0.01,100
C2_n0.01_d100_r02,C2,202624,1.26,1.16,0.10000000000000009,0.6,0.6048001112935921,0.6015262419843813,FAR,FAR,0.0,1,,,0.01,100
C2_n0.01_d100_r02,C2,202624,1.28,1.18,0.10000000000000009,0.6,0.587148124874453,0.5979317127068993,FAR,FAR,0.0,1,,,0.01,100
C2_n0.01_d100_r02,C2,202624,1.3,1.2,0.10000000000000009,0.6,0.6064159730901466,0.6000527778027112,FAR,FAR,0.0,1,,,0.01,100
C2_n0.01_d100_r02,C2,202624,1.32,1.22,0.10000000000000009,0.6,0.5998118195172139,0.5999925382313368,FAR,FAR,0.0,1,,,0.01,100
C2_n0.01_d100_r02,C2,202624,1.34,1.24,0.10000000000000009,0.6,0.6046302662427916,0.6011519702342005,FAR,FAR,0.0,1,,,0.01,100
C2_n0.01_d100_r02,C2,202624,1.36,1.26,0.10000000000000009,0.6,0.5951109328122497,0.5996417108787129,FAR,FAR,0.0,1,,,0.01,100
C2_n0.01_d100_r02,C2,202624,1.38,1.28,0.09999999999999987,0.6,0.5860368311561541,0.5962404909480732,FAR,FAR,0.0,1,,,0.01,100
C2_n0.01_d100_r02,C2,202624,1.4,1.3,0.09999999999999987,0.6,0.6119620606037711,0.6001708833619976,FAR,FAR,0.0,1,,,0.01,100
C2_n0.01_d100_r02,C2,202624,1.42,1.32,0.09999999999999987,0.6,0.5863457975981173,0.5967146119210276,FAR,FAR,0.0,1,,,0.01,100
C2_n0.01_d100_r02,C2,202624,1.44,1.34,0.09999999999999987,0.6,0.601580347801199,0.5979310458910705,FAR,FAR,0.0,1,,,0.01,100
C2_n0.01_d100_r02,C2,202624,1.46,1.36,0.09999999999999987,0.6,0.5994835305745474,0.5983191670619397,FAR,FAR,0.0,1,,,0.01,100
C2_n0.01_d100_r02,C2,202624,1.48,1.38,0.10000000000000009,0.6,0.5862920028269885,0.5953123760032019,FAR,FAR,0.0,1,,,0.01,100
C2_n0.01_d100_r02,C2,202624,1.5,1.4,0.10000000000000009,0.6,0.5815535934382992,0.5918726803619763,FAR,FAR,0.0,1,,,0.01,100
C2_n0.01_d100_r02,C2,202624,1.52,1.42,0.10000000000000009,0.6,0.5952405571988496,0.5927146495711946,FAR,FAR,0.0,1,,,0.01,100
C2_n0.01_d100_r02,C2,202624,1.54,1.44,0.10000000000000009,0.6,0.6063384037923165,0.5961205881264751,FAR,FAR,0.0,1,,,0.01,100
C2_n0.01_d100_r02,C2,202624,1.56,1.46,0.10000000000000009,0.6,0.6096314336453235,0.5994982995061872,FAR,FAR,0.0,1,,,0.01,100
C2_n0.01_d100_r02,C2,202624,1.58,1.48,0.10000000000000009,0.6,0.613855358705478,0.6030875643060098,FAR,FAR,0.0,1,,,0.01,100
C2_n0.01_d100_r02,C2,202624,1.6,1.5,0.10000000000000009,0.6,0.5957924298154113,0.6012637806833602,FAR,FAR,0.0,1,,,0.01,100
C2_n0.01_d100_r02,C2,202624,1.62,1.52,0.10000000000000009,0.6,0.5993812614654556,0.6007931508788841,FAR,FAR,0.0,1,,,0.01,100
C2_n0.01_d100_r02,C2,202624,1.64,1.54,0.09999999999999987,0.6,0.6025999409495294,0.6012448483965455,FAR,FAR,0.0,1,,,0.01,100
C2_n0.01_d100_r02,C2,202624,1.66,1.56,0.09999999999999987,0.6,0.5983716128588012,0.6005265395121094,FAR,FAR,0.0,1,,,0.01,100
C2_n0.01_d100_r02,C2,202624,1.68,1.58,0.09999999999999987,0.6,0.5886843922470643,0.5975660026958481,FAR,FAR,0.0,1,,,0.01,100
C2_n0.01_d100_r02,C2,202624,1.7,1.6,0.09999999999999987,0.6,0.609945804817301,0.6006609532262114,FAR,FAR,0.0,1,,,0.01,100
C2_n0.01_d100_r02,C2,202624,1.72,1.62,0.09999999999999987,0.6,0.5852987186866438,0.5968203945913195,FAR,FAR,0.0,1,,,0.01,100
C2_n0.01_d100_r02,C2,202624,1.74,1.64,0.10000000000000009,0.6,0.5960323792934356,0.5966233907668486,FAR,FAR,0.0,1,,,0.01,100
C2_n0.01_d100_r02,C2,202624,1.76,1.66,0.10000000000000009,0.6,0.6023374328120557,0.5980519012781503,FAR,FAR,0.0,1,,,0.01,100
C2_n0.01_d100_r02,C2,202624,1.78,1.68,0.10000000000000009,0.6,0.606277960123211,0.6001084159894156,FAR,FAR,0.0,1,,,0.01,100
C2_n0.01_d100_r02,C2,202624,1.8,1.7,0.10000000000000009,0.6,0.5961662385842397,0.5991228716381216,FAR,FAR,0.0,1,,,0.01,100
C2_n0.01_d100_r02,C2,202624,1.82,1.72,0.10000000000000009,0.6,0.594765951595172,0.5980336416273841,FAR,FAR,0.0,1,,,0.01,100
C2_n0.01_d100_r02,C2,202624,1.84,1.74,0.10000000000000009,0.6,0.6031495306574326,0.5993126138848963,FAR,FAR,0.0,1,,,0.01,100
C2_n0.01_d100_r02,C2,202624,1.86,1.76,0.10000000000000009,0.6,0.6028599174552187,0.6001994397774769,FAR,FAR,0.0,1,,,0.01,100
C2_n0.01_d100_r02,C2,202624,1.88,1.78,0.09999999999999987,0.6,0.61039203434272,0.6027475884187876,FAR,FAR,0.0,1,,,0.01,100
C2_n0.01_d100_r02,C2,202624,1.9,1.8,0.09999999999999987,0.6,0.5816139011159694,0.5974641665930831,FAR,FAR,0.0,1,,,0.01,100
C2_n0.01_d100_r02,C2,202624,1.92,1.82,0.09999999999999987,0.6,0.5869852656030146,0.594844441345566,FAR,FAR,0.0,1,,,0.01,100
C2_n0.01_d100_r02,C2,202624,1.94,1.84,0.09999999999999987,0.6,0.5977752859068043,0.5955771524858756,FAR,FAR,0.0,1,,,0.01,100
C2_n0.01_d100_r02,C2,202624,1.96,1.86,0.09999999999999987,0.6,0.6128627543767065,0.5998985529585834,FAR,FAR,0.0,1,,,0.01,100
C2_n0.01_d100_r02,C2,202624,1.98,1.88,0.10000000000000009,0.6,0.6240612262121799,0.6059392212719825,FAR,FAR,0.0,1,,,0.01,100
C2_n0.01_d100_r02,C2,202624,2.0,1.9,0.10000000000000009,0.6,0.5892473172330583,0.6017662452622514,FAR,FAR,0.0,1,,,0.01,100
C2_n0.01_d100_r02,C2,202624,2.02,1.92,0.10000000000000009,0.6,0.5979258866374115,0.6008061556060414,FAR,FAR,0.0,1,,,0.01,100
C2_n0.01_d100_r02,C2,202624,2.04,1.94,0.10000000000000009,0.6,0.622887436871904,0.6063264759225071,FAR,FAR,0.0,1,,,0.01,100
C2_n0.01_d100_r02,C2,202624,2.06,1.96,0.10000000000000009,0.6,0.5964100237821753,0.6038473628874241,FAR,FAR,0.0,1,,,0.01,100
C2_n0.01_d100_r02,C2,202624,2.08,1.98,0.10000000000000009,0.6,0.602724235413936,0.6035665810190521,FAR,FAR,0.0,1,,,0.01,100
C2_n0.01_d100_r02,C2,202624,2.1,2.0,0.10000000000000009,0.6,0.5957248649505458,0.6016061520019256,FAR,FAR,0.0,1,,,0.01,100
C2_n0.01_d100_r02,C2,202624,2.12,2.02,0.10000000000000009,0.6,0.6080668915449864,0.6032213368876908,FAR,FAR,0.0,1,,,0.01,100
C2_n0.01_d100_r02,C2,202624,2.14,2.04,0.10000000000000009,0.6,0.5835231303514962,0.5982967852536422,FAR,FAR,0.0,1,,,0.01,100
C2_n0.01_d100_r02,C2,202624,2.16,2.06,0.10000000000000009,0.6,0.5902776318047013,0.596291996891407,FAR,FAR,0.0,1,,,0.01,100
C2_n0.01_d100_r02,C2,202624,2.18,2.08,0.10000000000000009,0.6,0.599407522134491,0.597070878202178,FAR,FAR,0.0,1,,,0.01,100
C2_n0.01_d100_r02,C2,202624,2.2,2.1,0.10000000000000009,0.6,0.6010663359410165,0.5980697426368876,FAR,FAR,0.0,1,,,0.01,100
C2_n0.01_d100_r02,C2,202624,2.22,2.12,0.10000000000000009,0.6,0.6254879569998387,0.6049242962276253,FAR,FAR,0.0,1,,,0.01,100
C2_n0.01_d100_r02,C2,202624,2.24,2.14,0.10000000000000009,0.6,0.6108148659589374,0.6063969386604533,FAR,FAR,0.0,1,,,0.01,100
C2_n0.01_d100_r02,C2,202624,2.26,2.16,0.09999999999999964,0.6,0.6119860521218404,0.6077942170258,FAR,FAR,0.0,1,,,0.01,100
C2_n0.01_d100_r02,C2,202624,2.28,2.18,0.09999999999999964,0.6,0.6062620484495722,0.607411174881743,FAR,FAR,0.0,1,,,0.01,100
C2_n0.01_d100_r02,C2,202624,2.3,2.2,0.09999999999999964,0.6,0.6089477202402812,0.6077953112213775,FAR,FAR,0.0,1,,,0.01,100
C2_n0.01_d100_r02,C2,202624,2.32,2.22,0.09999999999999964,0.6,0.6051695010496363,0.6071388586784423,FAR,FAR,0.0,1,,,0.01,100
C2_n0.01_d100_r02,C2,202624,2.34,2.24,0.09999999999999964,0.6,0.5863331378766075,0.6019374284779836,FAR,FAR,0.0,1,,,0.01,100
C2_n0.01_d100_r02,C2,202624,2.36,2.26,0.10000000000000009,0.6,0.5756793548355951,0.5953729100673865,FAR,FAR,0.0,1,,,0.01,100
C2_n0.01_d100_r02,C2,202624,2.38,2.28,0.10000000000000009,0.6,0.5794118719139216,0.5913826505290203,FAR,FAR,0.0,1,,,0.01,100
C2_n0.01_d100_r02,C2,202624,2.4,2.3,0.10000000000000009,0.6,0.5986833124211789,0.59320781600206,FAR,FAR,0.0,1,,,0.01,100
C2_n0.01_d100_r02,C2,202624,2.42,2.32,0.10000000000000009,0.6,0.5989749670569444,0.5946496037657811,FAR,FAR,0.0,1,,,0.01,100
C2_n0.01_d100_r02,C2,202624,2.44,2.34,0.10000000000000009,0.6,0.587252341239315,0.5928002881341646,FAR,FAR,0.0,1,,,0.01,100
C2_n0.01_d100_r02,C2,202624,2.46,2.36,0.10000000000000009,0.6,0.6066681711046611,0.5962672588767888,FAR,FAR,0.0,1,,,0.01,100
C2_n0.01_d100_r02,C2,202624,2.48,2.38,0.10000000000000009,0.6,0.6095997404653823,0.5996003792739372,FAR,FAR,0.0,1,,,0.01,100
C2_n0.01_d100_r02,C2,202624,2.5,2.4,0.10000000000000009,0.6,0.6193063394261348,0.6045268693119865,FAR,FAR,0.0,1,,,0.01,100
C2_n0.01_d100_r02,C2,202624,2.52,2.42,0.10000000000000009,0.6,0.5950473051285843,0.602156978266136,FAR,FAR,0.0,1,,,0.01,100
C2_n0.01_d100_r02,C2,202624,2.54,2.44,0.10000000000000009,0.6,0.5968334252706796,0.6008260900172719,FAR,FAR,0.0,1,,,0.01,100
C2_n0.01_d100_r02,C2,202624,2.56,2.46,0.10000000000000009,0.6,0.6021373917320914,0.6011539154459768,FAR,FAR,0.0,1,,,0.01,100
C2_n0.01_d100_r02,C2,202624,2.58,2.48,0.10000000000000009,0.6,0.5955168990758496,0.5997446613534451,FAR,FAR,0.0,1,,,0.01,100
C2_n0.01_d100_r02,C2,202624,2.6,2.5,0.10000000000000009,0.6,0.5997294072514731,0.599740847827952,FAR,FAR,0.0,1,,,0.01,100
C2_n0.01_d100_r02,C2,202624,2.62,2.52,0.10000000000000009,0.6,0.5855858543730319,0.596202099464222,FAR,FAR,0.0,1,,,0.01,100
C2_n0.01_d100_r02,C2,202624,2.64,2.54,0.10000000000000009,0.6,0.5825443691987096,0.5927876668978438,FAR,FAR,0.0,1,,,0.01,100
C2_n0.01_d100_r02,C2,202624,2.66,2.56,0.10000000000000009,0.6,0.5904226226182079,0.5921964058279348,FAR,FAR,0.0,1,,,0.01,100
C2_n0.01_d100_r02,C2,202624,2.68,2.58,0.10000000000000009,0.6,0.5905853031760713,0.5917936301649689,FAR,FAR,0.0,1,,,0.01,100
C2_n0.01_d100_r02,C2,202624,2.7,2.6,0.10000000000000009,0.6,0.6067841356472002,0.5955412565355267,FAR,FAR,0.0,1,,,0.01,100
C2_n0.01_d100_r02,C2,202624,2.72,2.62,0.10000000000000009,0.6,0.6328549399121406,0.6048696773796802,FAR,FAR,0.0,1,,,0.01,100
C2_n0.01_d100_r02,C2,202624,2.74,2.64,0.10000000000000009,0.6,0.6077832895772913,0.605598080429083,FAR,FAR,0.0,1,,,0.01,100
C2_n0.01_d100_r02,C2,202624,2.76,2.66,0.09999999999999964,0.6,0.6071222285214413,0.6059791174521726,FAR,FAR,0.0,1,,,0.01,100
C2_n0.01_d100_r02,C2,202624,2.78,2.68,0.09999999999999964,0.6,0.6107813688814355,0.6071796803094883,FAR,FAR,0.0,1,,,0.01,100
C2_n0.01_d100_r02,C2,202624,2.8,2.7,0.09999999999999964,0.6,0.6011647182096522,0.6056759397845293,FAR,FAR,0.0,1,,,0.01,100
C2_n0.01_d100_r02,C2,202624,2.82,2.72,0.09999999999999964,0.6,0.6042000508549864,0.6053069675521435,FAR,FAR,0.0,1,,,0.01,100
C2_n0.01_d100_r02,C2,202624,2.84,2.74,0.09999999999999964,0.6,0.6048148991268223,0.6051839504458132,FAR,FAR,0.0,1,,,0.01,100
C2_n0.01_d100_r02,C2,202624,2.86,2.76,0.10000000000000009,0.6,0.6100462705206072,0.6063995304645117,FAR,FAR,0.0,1,,,0.01,100
C2_n0.01_d100_r02,C2,202624,2.88,2.78,0.10000000000000009,0.6,0.5993536659241061,0.6046380643294103,FAR,FAR,0.0,1,,,0.01,100
C2_n0.01_d100_r02,C2,202624,2.9,2.8,0.10000000000000009,0.6,0.5991969499305871,0.6032777857297045,FAR,FAR,0.0,1,,,0.01,100
C2_n0.01_d100_r02,C2,202624,2.92,2.82,0.10000000000000009,0.6,0.5913449618700855,0.6002945797647997,FAR,FAR,0.0,1,,,0.01,100
C2_n0.01_d100_r02,C2,202624,2.94,2.84,0.10000000000000009,0.6,0.5895283364868358,0.5976030189453088,FAR,FAR,0.0,1,,,0.01,100
C2_n0.01_d100_r02,C2,202624,2.96,2.86,0.10000000000000009,0.6,0.5990837967716599,0.5979732134018966,FAR,FAR,0.0,1,,,0.01,100
C2_n0.01_d100_r02,C2,202624,2.98,2.88,0.10000000000000009,0.6,0.5800948438457912,0.5935036210128702,FAR,FAR,0.0,1,,,0.01,100
C2_n0.01_d100_r02,C2,202624,3.0,2.9,0.10000000000000009,0.6,0.5868401765498833,0.5918377598971235,FAR,FAR,0.0,1,,,0.01,100
C2_n0.01_d100_r02,C2,202624,3.02,2.92,0.10000000000000009,0.6,0.6218403296539645,0.5993384023363337,FAR,FAR,0.0,1,,,0.01,100
C2_n0.01_d100_r02,C2,202624,3.04,2.94,0.10000000000000009,0.6,0.6008364221702063,0.5997129072948019,FAR,FAR,0.0,1,,,0.01,100
C2_n0.01_d100_r02,C2,202624,3.06,2.96,0.10000000000000009,0.6,0.5806638959185085,0.5949506544507286,FAR,FAR,0.0,1,,,0.01,100
C2_n0.01_d100_r02,C2,202624,3.08,2.98,0.10000000000000009,0.6,0.5920406998028421,0.594223165788757,FAR,FAR,0.0,1,,,0.01,100
C2_n0.01_d100_r02,C2,202624,3.1,3.0,0.10000000000000009,0.6,0.6115484743708718,0.5985544929342858,FAR,FAR,0.0,1,,,0.01,100
C2_n0.01_d100_r02,C2,202624,3.12,3.02,0.10000000000000009,0.6,0.6184980495897693,0.6035403820981566,FAR,FAR,0.0,1,,,0.01,100
C2_n0.01_d100_r02,C2,202624,3.14,3.04,0.10000000000000009,0.6,0.6043166145901925,0.6037344402211656,FAR,FAR,0.0,1,,,0.01,100
C2_n0.01_d100_r02,C2,202624,3.16,3.06,0.10000000000000009,0.6,0.5950938857808185,0.6015743016110788,FAR,FAR,0.0,1,,,0.01,100
C2_n0.01_d100_r02,C2,202624,3.18,3.08,0.10000000000000009,0.6,0.60366481221327,0.6020969292616266,FAR,FAR,0.0,1,,,0.01,100
C2_n0.01_d100_r02,C2,202624,3.2,3.1,0.10000000000000009,0.6,0.6035501463000846,0.6024602335212411,FAR,FAR,0.0,1,,,0.01,100
C2_n0.01_d100_r02,C2,202624,3.22,3.12,0.10000000000000009,0.6,0.613122495140547,0.6051257989260675,FAR,FAR,0.0,1,,,0.01,100
C2_n0.01_d100_r02,C2,202624,3.24,3.14,0.10000000000000009,0.6,0.6036468104328775,0.60475605180277,FAR,FAR,0.0,1,,,0.01,100
C2_n0.01_d100_r02,C2,202624,3.26,3.16,0.09999999999999964,0.6,0.5999329687495077,0.6035502810394544,FAR,FAR,0.0,1,,,0.01,100
C2_n0.01_d100_r02,C2,202624,3.28,3.18,0.09999999999999964,0.6,0.5962339678264248,0.601721202736197,FAR,FAR,0.0,1,,,0.01,100
C2_n0.01_d100_r02,C2,202624,3.3,3.2,0.09999999999999964,0.6,0.5867871735325938,0.5979876954352962,FAR,FAR,0.0,1,,,0.01,100
C2_n0.01_d100_r02,C2,202624,3.32,3.22,0.09999999999999964,0.6,0.6004420928079173,0.5986012947784514,FAR,FAR,0.0,1,,,0.01,100
C2_n0.01_d100_r02,C2,202624,3.34,3.24,0.09999999999999964,0.6,0.5947896128825743,0.597648374304482,FAR,FAR,0.0,1,,,0.01,100
C2_n0.01_d100_r02,C2,202624,3.36,3.26,0.10000000000000009,0.6,0.592769428210465,0.5964286377809778,FAR,FAR,0.0,1,,,0.01,100
C2_n0.01_d100_r02,C2,202624,3.38,3.28,0.10000000000000009,0.6,0.6104935222131638,0.5999448588890243,FAR,FAR,0.0,1,,,0.01,100
C2_n0.01_d100_r02,C2,202624,3.4,3.3,0.10000000000000009,0.6,0.6134304897286492,0.6033162665989306,FAR,FAR,0.0,1,,,0.01,100
C2_n0.01_d100_r02,C2,202624,3.42,3.32,0.10000000000000009,0.6,0.6196496650612611,0.6073996162145132,FAR,FAR,0.0,1,,,0.01,100
C2_n0.01_d100_r02,C2,202624,3.44,3.34,0.10000000000000009,0.6,0.6013596098251247,0.6058896146171661,FAR,FAR,0.0,1,,,0.01,100
C2_n0.01_d100_r02,C2,202624,3.46,3.36,0.10000000000000009,0.6,0.5839935813145637,0.6004156062915155,FAR,FAR,0.0,1,,,0.01,100
C2_n0.01_d100_r02,C2,202624,3.48,3.38,0.10000000000000009,0.6,0.6127684019553742,0.6035038052074801,FAR,FAR,0.0,1,,,0.01,100
C2_n0.01_d100_r02,C2,202624,3.5,3.4,0.10000000000000009,0.6,0.5945260566069198,0.60125936805734,FAR,FAR,0.0,1,,,0.01,100
C2_n0.01_d100_r02,C2,202624,3.52,3.42,0.10000000000000009,0.6,0.5936482907315407,0.5993565987258902,FAR,FAR,0.0,1,,,0.01,100
C2_n0.01_d100_r02,C2,202624,3.54,3.44,0.10000000000000009,0.6,0.5875145398916692,0.596396084017335,FAR,FAR,0.0,1,,,0.01,100
C2_n0.01_d100_r02,C2,202624,3.56,3.46,0.10000000000000009,0.6,0.5795488211721522,0.5921842683060393,FAR,FAR,0.0,1,,,0.01,100
C2_n0.01_d100_r02,C2,202624,3.58,3.48,0.10000000000000009,0.6,0.6064760114775796,0.5957572040989244,FAR,FAR,0.0,1,,,0.01,100
C2_n0.01_d100_r02,C2,202624,3.6,3.5,0.10000000000000009,0.6,0.60557999873324,0.5982129027575034,FAR,FAR,0.0,1,,,0.01,100
C2_n0.01_d100_r02,C2,202624,3.62,3.52,0.10000000000000009,0.6,0.60805536095994,0.6006735173081126,FAR,FAR,0.0,1,,,0.01,100
C2_n0.01_d100_r02,C2,202624,3.64,3.54,0.10000000000000009,0.6,0.5900479432477107,0.5980171237930121,FAR,FAR,0.0,1,,,0.01,100
C2_n0.01_d100_r02,C2,202624,3.66,3.56,0.10000000000000009,0.6,0.5885366555299559,0.595647006727248,FAR,FAR,0.0,1,,,0.01,100
C2_n0.01_d100_r02,C2,202624,3.68,3.58,0.10000000000000009,0.6,0.5919644028807717,0.5947263557656289,FAR,FAR,0.0,1,,,0.01,100
C2_n0.01_d100_r02,C2,202624,3.7,3.6,0.10000000000000009,0.6,0.5980640748152005,0.5955607855280218,FAR,FAR,0.0,1,,,0.01,100
C2_n0.01_d100_r02,C2,202624,3.72,3.62,0.10000000000000009,0.6,0.5992343532960933,0.5964791774700398,FAR,FAR,0.0,1,,,0.01,100
C2_n0.01_d100_r02,C2,202624,3.74,3.64,0.10000000000000009,0.6,0.5974729331415569,0.596727616387919,FAR,FAR,0.0,1,,,0.01,100
C2_n0.01_d100_r02,C2,202624,3.76,3.66,0.09999999999999964,0.6,0.5887871530896603,0.5947425005633544,FAR,FAR,0.0,1,,,0.01,100
C2_n0.01_d100_r02,C2,202624,3.78,3.68,0.09999999999999964,0.6,0.6055267215888277,0.5974385558197227,FAR,FAR,0.0,1,,,0.01,100
C2_n0.01_d100_r02,C2,202624,3.8,3.7,0.09999999999999964,0.6,0.594888887627432,0.5968011387716501,FAR,FAR,0.0,1,,,0.01,100
C2_n0.01_d100_r02,C2,202624,3.82,3.72,0.09999999999999964,0.6,0.6012722139339193,0.5979189075622173,FAR,FAR,0.0,1,,,0.01,100
C2_n0.01_d100_r02,C2,202624,3.84,3.74,0.09999999999999964,0.6,0.5929751696386807,0.5966829730813332,FAR,FAR,0.0,1,,,0.01,100
C2_n0.01_d100_r02,C2,202624,3.86,3.76,0.10000000000000009,0.6,0.6024649878767258,0.5981284767801813,FAR,FAR,0.0,1,,,0.01,100
C2_n0.01_d100_r02,C2,202624,3.88,3.78,0.10000000000000009,0.6,0.59483254632795,0.5973044941671235,FAR,FAR,0.0,1,,,0.01,100
C2_n0.01_d100_r02,C2,202624,3.9,3.8,0.10000000000000009,0.6,0.5942483409865554,0.5965404558719815,FAR,FAR,0.0,1,,,0.01,100
C2_n0.01_d100_r02,C2,202624,3.92,3.82,0.10000000000000009,0.6,0.6055633597137302,0.5987961818324186,FAR,FAR,0.0,1,,,0.01,100
C2_n0.01_d100_r02,C2,202624,3.94,3.84,0.10000000000000009,0.6,0.5931582134821377,0.5973866897448483,FAR,FAR,0.0,1,,,0.01,100
C2_n0.01_d100_r02,C2,202624,3.96,3.86,0.10000000000000009,0.6,0.6066472217807408,0.5997018227538214,FAR,FAR,0.0,1,,,0.01,100
C2_n0.01_d100_r02,C2,202624,3.98,3.88,0.10000000000000009,0.6,0.5943027192781739,0.5983520468849095,FAR,FAR,0.0,1,,,0.01,100
C2_n0.01_d100_r02,C2,202624,4.0,3.9,0.10000000000000009,0.6,0.6158050173409582,0.6027152894989216,FAR,FAR,0.0,1,,,0.01,100
C2_n0.01_d100_r02,C2,202624,4.02,3.92,0.09999999999999964,0.5982500000000001,0.600716493753774,0.6022155905626347,FAR,FAR,0.0,1,,,0.01,100
C2_n0.01_d100_r02,C2,202624,4.04,3.94,0.10000000000000009,0.5965,0.5880429916609399,0.598672440837211,FAR,FAR,0.0,1,,,0.01,100
C2_n0.01_d100_r02,C2,202624,4.06,3.96,0.09999999999999964,0.59475,0.5812454089428432,0.5943156828636191,FAR,FAR,0.0,1,,,0.01,100
C2_n0.01_d100_r02,C2,202624,4.08,3.98,0.10000000000000009,0.593,0.5906261753577715,0.5933933059871572,FAR,FAR,0.0,1,,,0.01,100
C2_n0.01_d100_r02,C2,202624,4.1,4.0,0.09999999999999964,0.59125,0.6075810784054401,0.5969402490917279,FAR,FAR,0.0,1,,,0.01,100
C2_n0.01_d100_r02,C2,202624,4.12,4.02,0.10000000000000053,0.5894999999999999,0.5934589680850563,0.59606992884006,FAR,FAR,0.0,1,,,0.01,100
C2_n0.01_d100_r02,C2,202624,4.14,4.04,0.09999999999999964,0.58775,0.5953733895945622,0.5958957940286856,FAR,FAR,0.0,1,,,0.01,100
C2_n0.01_d100_r02,C2,202624,4.16,4.06,0.10000000000000053,0.586,0.574121986402449,0.5904523421221265,FAR,FAR,0.0,1,,,0.01,100
C2_n0.01_d100_r02,C2,202624,4.18,4.08,0.09999999999999964,0.58425,0.5815749097394405,0.588232984026455,FAR,FAR,0.0,1,,,0.01,100
C2_n0.01_d100_r02,C2,202624,4.2,4.1,0.10000000000000053,0.5825,0.5896617885121291,0.5885901851478734,FAR,FAR,0.0,1,,,0.01,100
C2_n0.01_d100_r02,C2,202624,4.22,4.12,0.09999999999999964,0.58075,0.5983521440068282,0.5910306748626122,FAR,FAR,0.0,1,,,0.01,100
C2_n0.01_d100_r02,C2,202624,4.24,4.14,0.10000000000000053,0.579,0.5809383147333579,0.5885075848302986,FAR,FAR,0.0,1,,,0.01,100
C2_n0.01_d100_r02,C2,202624,4.26,4.16,0.09999999999999964,0.57725,0.5883447873931926,0.5884668854710221,FAR,FAR,0.0,1,,,0.01,100
C2_n0.01_d100_r02,C2,202624,4.28,4.18,0.10000000000000053,0.5754999999999999,0.6031418554623021,0.5921356279688421,FAR,FAR,0.0,1,,,0.01,100
C2_n0.01_d100_r02,C2,202624,4.3,4.2,0.09999999999999964,0.57375,0.5801681789149721,0.5891437657053746,FAR,FAR,0.0,1,,,0.01,100
C2_n0.01_d100_r02,C2,202624,4.32,4.22,0.10000000000000053,0.572,0.5675310794557558,0.5837405941429699,FAR,FAR,0.0,1,,,0.01,100
C2_n0.01_d100_r02,C2,202624,4.34,4.24,0.09999999999999964,0.57025,0.5667765607493375,0.5794995857945617,FAR,FAR,0.0,1,,,0.01,100
C2_n0.01_d100_r02,C2,202624,4.36,4.26,0.10000000000000053,0.5685,0.5881431071518498,0.5816604661338838,FAR,FAR,0.0,1,,,0.01,100
C2_n0.01_d100_r02,C2,202624,4.38,4.28,0.09999999999999964,0.56675,0.5749982237242643,0.5799949055314789,FAR,FAR,0.0,1,,,0.01,100
C2_n0.01_d100_r02,C2,202624,4.4,4.3,0.10000000000000053,0.565,0.5625728420448418,0.5756393896598196,FAR,FAR,0.0,1,,,0.01,100
C2_n0.01_d100_r02,C2,202624,4.42,4.32,0.09999999999999964,0.56325,0.5868259930323645,0.5784360405029558,FAR,FAR,0.0,1,,,0.01,100
C2_n0.01_d100_r02,C2,202624,4.44,4.34,0.10000000000000053,0.5614999999999999,0.5729943057062328,0.577075606803775,FAR,FAR,0.0,1,,,0.01,100
C2_n0.01_d100_r02,C2,202624,4.46,4.36,0.09999999999999964,0.55975,0.5716205303089875,0.5757118376800782,FAR,FAR,0.0,1,,,0.01,100
C2_n0.01_d100_r02,C2,202624,4.48,4.38,0.10000000000000053,0.5579999999999999,0.561624634450311,0.5721900368726364,FAR,FAR,0.0,1,,,0.01,100
C2_n0.01_d100_r02,C2,202624,4.5,4.4,0.09999999999999964,0.55625,0.5715395198548708,0.5720274076181949,FAR,FAR,0.0,1,,,0.01,100
C2_n0.01_d100_r02,C2,202624,4.52,4.42,0.09999999999999964,0.5545,0.5783283292307003,0.5736026380213213,FAR,FAR,0.0,1,,,0.01,100
C2_n0.01_d100_r02,C2,202624,4.54,4.44,0.09999999999999964,0.55275,0.5829499064764065,0.5759394551350926,FAR,FAR,0.0,1,,,0.01,100
C2_n0.01_d100_r02,C2,202624,4.56,4.46,0.09999999999999964,0.551,0.545711768049423,0.5683825333636752,FAR,FAR,0.0,1,,,0.01,100
C2_n0.01_d100_r02,C2,202624,4.58,4.48,0.09999999999999964,0.54925,0.5376742039795886,0.5607054510176536,FAR,FAR,0.0,1,,,0.01,100
C2_n0.01_d100_r02,C2,202624,4.6,4.5,0.09999999999999964,0.5475,0.54571252394484,0.5569572192494502,FAR,FAR,0.0,1,,,0.01,100
C2_n0.01_d100_r02,C2,202624,4.62,4.52,0.10000000000000053,0.54575,0.5501356210122812,0.5552518196901579,FAR,FAR,0.0,1,,,0.01,100
C2_n0.01_d100_r02,C2,202624,4.64,4.54,0.09999999999999964,0.544,0.5441608628157693,0.5524790804715607,FAR,FAR,0.0,1,,,0.01,100
C2_n0.01_d100_r02,C2,202624,4.66,4.56,0.10000000000000053,0.54225,0.5455309858894276,0.5507420568260274,FAR,FAR,0.0,1,,,0.01,100
C2_n0.01_d100_r02,C2,202624,4.68,4.58,0.09999999999999964,0.5405,0.552758798512596,0.5512462422476695,FAR,FAR,0.0,1,,,0.01,100
C2_n0.01_d100_r02,C2,202624,4.7,4.6,0.10000000000000053,0.53875,0.5512790731093125,0.5512544499630803,FAR,FAR,0.0,1,,,0.01,100
C2_n0.01_d100_r02,C2,202624,4.72,4.62,0.09999999999999964,0.537,0.5523208911566705,0.5515210602614778,FAR,FAR,0.0,1,,,0.01,100
C2_n0.01_d100_r02,C2,202624,4.74,4.64,0.10000000000000053,0.53525,0.5411014872855999,0.5489161670175084,FAR,FAR,0.0,1,,,0.01,100
C2_n0.01_d100_r02,C2,202624,4.76,4.66,0.09999999999999964,0.5335,0.5407214217883837,0.5468674807102273,FAR,FAR,0.0,1,,,0.01,100
C2_n0.01_d100_r02,C2,202624,4.78,4.68,0.10000000000000053,0.53175,0.531986488540197,0.5431472326677197,FAR,FAR,0.0,1,,,0.01,100
C2_n0.01_d100_r02,C2,202624,4.8,4.7,0.09999999999999964,0.53,0.5621381066544763,0.5478949511644089,FAR,FAR,0.0,1,,,0.01,100
C2_n0.01_d100_r02,C2,202624,4.82,4.72,0.10000000000000053,0.52825,0.5236602863263922,0.5418362849549048,FAR,FAR,0.0,1,,,0.01,100
C2_n0.01_d100_r02,C2,202624,4.84,4.74,0.09999999999999964,0.5265,0.5351593414276754,0.5401670490730974,FAR,FAR,0.0,1,,,0.01,100
C2_n0.01_d100_r02,C2,202624,4.86,4.76,0.10000000000000053,0.5247499999999999,0.5368924469405665,0.5393483985399647,FAR,FAR,0.0,1,,,0.01,100
C2_n0.01_d100_r02,C2,202624,4.88,4.78,0.09999999999999964,0.523,0.5515439200553117,0.5423972789188015,FAR,FAR,0.0,1,,,0.01,100
C2_n0.01_d100_r02,C2,202624,4.9,4.8,0.10000000000000053,0.52125,0.5221769699325596,0.537342201672241,FAR,FAR,0.0,1,,,0.01,100
C2_n0.01_d100_r02,C2,202624,4.92,4.82,0.09999999999999964,0.5195,0.524763298211747,0.5341974758071175,FAR,FAR,0.0,1,,,0.01,100
C2_n0.01_d100_r02,C2,202624,4.94,4.84,0.10000000000000053,0.5177499999999999,0.5195668736232033,0.530539825261139,FAR,FAR,0.0,1,,,0.01,100
C2_n0.01_d100_r02,C2,202624,4.96,4.86,0.09999999999999964,0.516,0.5184538061154864,0.5275183204747258,FAR,FAR,0.0,1,,,0.01,100
C2_n0.01_d100_r02,C2,202624,4.98,4.88,0.10000000000000053,0.51425,0.5286039177010247,0.5277897197813005,FAR,FAR,0.0,1,,,0.01,100
C2_n0.01_d100_r02,C2,202624,5.0,4.9,0.09999999999999964,0.5125,0.5346597997070829,0.529507239762746,FAR,FAR,0.0,1,,,0.01,100
C2_n0.01_d100_r02,C2,202624,5.02,4.92,0.09999999999999964,0.51075,0.5051903910693282,0.5234280275893916,FAR,FAR,0.0,1,,,0.01,100
C2_n0.01_d100_r02,C2,202624,5.04,4.94,0.09999999999999964,0.509,0.501549133019785,0.5179583039469899,FAR,FAR,0.0,1,,,0.01,100
C2_n0.01_d100_r02,C2,202624,5.06,4.96,0.09999999999999964,0.50725,0.5278753408670684,0.5204375631770095,FAR,FAR,0.0,1,,,0.01,100
C2_n0.01_d100_r02,C2,202624,5.08,4.98,0.09999999999999964,0.5055,0.5119615804632034,0.518318567498558,FAR,FAR,0.0,1,,,0.01,100
C2_n0.01_d100_r02,C2,202624,5.1,5.0,0.09999999999999964,0.50375,0.5225159212230589,0.5193679059296832,FAR,FAR,0.0,1,,,0.01,100
C2_n0.01_d100_r02,C2,202624,5.12,5.02,0.10000000000000053,0.502,0.5004068789261775,0.5146276491788068,FAR,FAR,0.0,1,,,0.01,100
C2_n0.01_d100_r02,C2,202624,5.14,5.04,0.09999999999999964,0.50025,0.5140873813788466,0.5144925822288168,FAR,FAR,0.0,1,,,0.01,100
C2_n0.01_d100_r02,C2,202624,5.16,5.06,0.10000000000000053,0.49849999999999994,0.501215613166706,0.5111733399632891,FAR,FAR,0.0,1,,,0.01,100
C2_n0.01_d100_r02,C2,202624,5.18,5.08,0.09999999999999964,0.49675,0.5029001773879644,0.509105049319458,FAR,FAR,0.0,1,,,0.01,100
C2_n0.01_d100_r02,C2,202624,5.2,5.1,0.10000000000000053,0.495,0.5054364465829326,0.5081878986353267,FAR,FAR,0.0,1,,,0.01,100
C2_n0.01_d100_r02,C2,202624,5.22,5.12,0.09999999999999964,0.49325,0.49919091295196066,0.5059386522144852,FAR,FAR,0.0,1,,,0.01,100
C2_n0.01_d100_r02,C2,202624,5.24,5.14,0.10000000000000053,0.49149999999999994,0.5035912065901871,0.5053517908084106,FAR,FAR,0.0,1,,,0.01,100
C2_n0.01_d100_r02,C2,202624,5.26,5.16,0.09999999999999964,0.48975,0.4960921661782749,0.5030368846508767,FAR,FAR,0.0,1,,,0.01,100
C2_n0.01_d100_r02,C2,202624,5.28,5.18,0.10000000000000053,0.488,0.4887704733220223,0.49947028181866304,FAR,FAR,0.0,1,,,0.01,100
C2_n0.01_d100_r02,C2,202624,5.3,5.2,0.09999999999999964,0.48625,0.4869856315439827,0.4963491192499929,FAR,FAR,0.0,1,,,0.01,100
C2_n0.01_d100_r02,C2,202624,5.32,5.22,0.10000000000000053,0.48449999999999993,0.49460037422495456,0.4959119329937333,FAR,FAR,0.0,1,,,0.01,100
C2_n0.01_d100_r02,C2,202624,5.34,5.24,0.09999999999999964,0.48275,0.4948931422412973,0.49565723530562433,FAR,FAR,0.0,1,,,0.01,100
C2_n0.01_d100_r02,C2,202624,5.36,5.26,0.10000000000000053,0.481,0.4867213107970862,0.4934232541784898,FAR,FAR,0.0,1,,,0.01,100
C2_n0.01_d100_r02,C2,202624,5.38,5.28,0.09999999999999964,0.47925,0.5014082777830672,0.49541951007963414,FAR,FAR,0.0,1,,,0.01,100
C2_n0.01_d100_r02,C2,202624,5.4,5.3,0.10000000000000053,0.4774999999999999,0.47089495416839927,0.48928837110182544,FAR,FAR,0.0,1,,,0.01,100
C2_n0.01_d100_r02,C2,202624,5.42,5.32,0.09999999999999964,0.47575,0.4868874378168557,0.488688137780583,FAR,FAR,0.0,1,,,0.01,100
C2_n0.01_d100_r02,C2,202624,5.44,5.34,0.10000000000000053,0.474,0.4687761453255857,0.4837101396668337,FAR,FAR,0.0,1,,,0.01,100
C2_n0.01_d100_r02,C2,202624,5.46,5.36,0.09999999999999964,0.47224999999999995,0.47315161994881605,0.48107050973732923,FAR,FAR,0.0,1,,,0.01,100
C2_n0.01_d100_r02,C2,202624,5.48,5.38,0.10000000000000053,0.4704999999999999,0.4784877674583188,0.48042482416757665,FAR,FAR,0.0,1,,,0.01,100
C2_n0.01_d100_r02,C2,202624,5.5,5.4,0.09999999999999964,0.46875,0.47844441907639096,0.47992972289478025,FAR,FAR,0.0,1,,,0.01,100
C2_n0.01_d100_r02,C2,202624,5.52,5.42,0.09999999999999964,0.467,0.45831876733728993,0.47452698400540766,FAR,FAR,0.0,1,,,0.01,100
C2_n0.01_d100_r02,C2,202624,5.54,5.44,0.09999999999999964,0.46525,0.46321524330076885,0.47169904882924796,FAR,FAR,0.0,1,,,0.01,100
C2_n0.01_d100_r02,C2,202624,5.56,5.46,0.09999999999999964,0.4635,0.4706840582961154,0.47144530119596484,FAR,FAR,0.0,1,,,0.01,100
C2_n0.01_d100_r02,C2,202624,5.58,5.48,0.09999999999999964,0.46175,0.47987468693602053,0.4735526476309788,FAR,FAR,0.0,1,,,0.01,100
C2_n0.01_d100_r02,C2,202624,5.6,5.5,0.09999999999999964,0.46,0.47009820017607884,0.47268903576725385,FAR,FAR,0.0,1,,,0.01,100
C2_n0.01_d100_r02,C2,202624,5.62,5.52,0.10000000000000053,0.45825,0.47462822622386497,0.4731738333814066,FAR,FAR,0.0,1,,,0.01,100
C2_n0.01_d100_r02,C2,202624,5.64,5.54,0.09999999999999964,0.4565,0.46853542750881855,0.4720142319132596,FAR,FAR,0.0,1,,,0.01,100
C2_n0.01_d100_r02,C2,202624,5.66,5.56,0.10000000000000053,0.45475,0.4576341513311092,0.46841921176772194,FAR,FAR,0.0,1,,,0.01,100
C2_n0.01_d100_r02,C2,202624,5.68,5.58,0.09999999999999964,0.453,0.45049477708756797,0.46393810309768346,FAR,FAR,0.0,1,,,0.01,100
C2_n0.01_d100_r02,C2,202624,5.7,5.6,0.10000000000000053,0.45125,0.46700029731890796,0.4647036516529896,FAR,FAR,0.0,1,,,0.01,100
C2_n0.01_d100_r02,C2,202624,5.72,5.62,0.09999999999999964,0.4495,0.46792396287510973,0.4655087294585196,FAR,FAR,0.0,1,,,0.01,100
C2_n0.01_d100_r02,C2,202624,5.74,5.64,0.10000000000000053,0.44775,0.4477258573083877,0.46106301142098666,FAR,FAR,0.0,1,,,0.01,100
C2_n0.01_d100_r02,C2,202624,5.76,5.66,0.09999999999999964,0.446,0.4548115064169716,0.4595001351699829,FAR,FAR,0.0,1,,,0.01,100
C2_n0.01_d100_r02,C2,202624,5.78,5.68,0.10000000000000053,0.44425,0.460597579466489,0.4597744962441094,FAR,FAR,0.0,1,,,0.01,100
C2_n0.01_d100_r02,C2,202624,5.8,5.7,0.09999999999999964,0.4425,0.4491210024589929,0.4571111227978303,FAR,FAR,0.0,1,,,0.01,100
C2_n0.01_d100_r02,C2,202624,5.82,5.72,0.10000000000000053,0.44075,0.45164431316853626,0.4557444203905068,FAR,FAR,0.0,1,,,0.01,100
C2_n0.01_d100_r02,C2,202624,5.84,5.74,0.09999999999999964,0.439,0.4525820164079877,0.454953819394877,FAR,FAR,0.0,1,,,0.01,100
C2_n0.01_d100_r02,C2,202624,5.86,5.76,0.10000000000000053,0.43724999999999997,0.45540544345995154,0.4550667254111456,FAR,FAR,0.0,1,,,0.01,100
C2_n0.01_d100_r02,C2,202624,5.88,5.78,0.09999999999999964,0.4355,0.46003172917684315,0.45630797635257003,FAR,FAR,0.0,1,,,0.01,100
C2_n0.01_d100_r02,C2,202624,5.9,5.8,0.10000000000000053,0.43374999999999997,0.44643174210366526,0.4538389177903438,FAR,FAR,0.0,1,,,0.01,100
C2_n0.01_d100_r02,C2,202624,5.92,5.82,0.09999999999999964,0.432,0.43716058043923695,0.44966933345256704,FAR,FAR,0.0,1,,,0.01,100
C2_n0.01_d100_r02,C2,202624,5.94,5.84,0.10000000000000053,0.43024999999999997,0.426709359692091,0.44392934001244805,FAR,FAR,0.0,1,,,0.01,100
C2_n0.01_d100_r02,C2,202624,5.96,5.86,0.09999999999999964,0.4285,0.437506788902803,0.4423237022350368,FAR,FAR,0.0,1,,,0.01,100
C2_n0.01_d100_r02,C2,202624,5.98,5.88,0.10000000000000053,0.42674999999999996,0.43429169078051205,0.44031569937140563,FAR,FAR,0.0,1,,,0.01,100
C2_n0.01_d100_r02,C2,202624,6.0,5.9,0.09999999999999964,0.425,0.438280501931784,0.4398069000115002,FAR,FAR,0.0,1,,,0.01,100
C2_n0.01_d100_r02,C2,202624,6.02,5.92,0.09999999999999964,0.42325,0.41389260485453816,0.4333283262222597,FAR,FAR,0.0,1,,,0.01,100
C2_n0.01_d100_r02,C2,202624,6.04,5.94,0.09999999999999964,0.4215,0.42618285776820736,0.4315419591087466,FAR,FAR,0.0,1,,,0.01,100
C2_n0.01_d100_r02,C2,202624,6.06,5.96,0.09999999999999964,0.41975,0.43830393284837715,0.4332324525436542,FAR,FAR,0.0,1,,,0.01,100
C2_n0.01_d100_r02,C2,202624,6.08,5.98,0.09999999999999964,0.418,0.4224892290946402,0.43054664668140075,FAR,FAR,0.0,1,,,0.01,100
C2_n0.01_d100_r02,C2,202624,6.1,6.0,0.09999999999999964,0.41625,0.4410943464333578,0.43318357161939003,FAR,FAR,0.0,1,,,0.01,100
C2_n0.01_d100_r02,C2,202624,6.12,6.02,0.10000000000000053,0.4145,0.42170241962781724,0.4303132836214968,FAR,FAR,0.0,1,,,0.01,100
C2_n0.01_d100_r02,C2,202624,6.14,6.04,0.09999999999999964,0.41275,0.4247199679409534,0.42891495470136093,FAR,FAR,0.0,1,,,0.01,100
C2_n0.01_d100_r02,C2,202624,6.16,6.06,0.10000000000000053,0.411,0.4173759982126599,0.4260302155791857,FAR,FAR,0.0,1,,,0.01,100
C2_n0.01_d100_r02,C2,202624,6.18,6.08,0.09999999999999964,0.40925,0.42807168909145,0.42654058395725175,FAR,FAR,0.0,1,,,0.01,100
C2_n0.01_d100_r02,C2,202624,6.2,6.1,0.10000000000000053,0.4075,0.42446666872180294,0.42602210514838956,FAR,FAR,0.0,1,,,0.01,100
C2_n0.01_d100_r02,C2,202624,6.22,6.12,0.09999999999999964,0.40575,0.42562835856734355,0.425923668503128,FAR,FAR,0.0,1,,,0.01,100
C2_n0.01_d100_r02,C2,202624,6.24,6.14,0.10000000000000053,0.40399999999999997,0.41158261447113637,0.4223384049951301,FAR,FAR,0.0,1,,,0.01,100
C2_n0.01_d100_r02,C2,202624,6.26,6.16,0.09999999999999964,0.40225,0.39764485663513505,0.4161650179051313,FAR,FAR,0.0,1,,,0.01,100
C2_n0.01_d100_r02,C2,202624,6.28,6.18,0.10000000000000053,0.40049999999999997,0.40849052259883306,0.41424639407855673,FAR,FAR,0.0,1,,,0.01,100
C2_n0.01_d100_r02,C2,202624,6.3,6.2,0.09999999999999964,0.39875,0.39986288296745987,0.41065051630078253,FAR,FAR,0.0,1,,,0.01,100
C2_n0.01_d100_r02,C2,202624,6.32,6.22,0.10000000000000053,0.39699999999999996,0.3983853054751729,0.40758421359438013,FAR,FAR,0.0,1,,,0.01,100
C2_n0.01_d100_r02,C2,202624,6.34,6.24,0.09999999999999964,0.39525,0.4115736285001658,0.40858156732082657,FAR,FAR,0.0,1,,,0.01,100
C2_n0.01_d100_r02,C2,202624,6.36,6.26,0.10000000000000053,0.39349999999999996,0.39756638112543347,0.4058277707719783,FAR,FAR,0.0,1,,,0.01,100
C2_n0.01_d100_r02,C2,202624,6.38,6.28,0.09999999999999964,0.39175,0.3916148072403545,0.40227452988907236,FAR,FAR,0.0,1,,,0.01,100
C2_n0.01_d100_r02,C2,202624,6.4,6.3,0.10000000000000053,0.38999999999999996,0.40877687960101555,0.40390011731705816,FAR,FAR,0.0,1,,,0.01,100
C2_n0.01_d100_r02,C2,202624,6.42,6.32,0.09999999999999964,0.38825,0.39924894325489246,0.4027373238015167,FAR,FAR,0.0,1,,,0.01,100
C2_n0.01_d100_r02,C2,202624,6.44,6.34,0.10000000000000053,0.38649999999999995,0.4214207894600654,0.4074081902161539,FAR,FAR,0.0,1,,,0.01,100
C2_n0.01_d100_r02,C2,202624,6.46,6.36,0.09999999999999964,0.38475,0.39035099464266715,0.40314389132278217,FAR,FAR,0.0,1,,,0.01,100
C2_n0.01_d100_r02,C2,202624,6.48,6.38,0.10000000000000053,0.38299999999999995,0.38726873214015245,0.3991751015271247,FAR,FAR,0.0,1,,,0.01,100
C2_n0.01_d100_r02,C2,202624,6.5,6.4,0.09999999999999964,0.38125,0.4043244253162,0.4004624324743935,FAR,FAR,0.0,1,,,0.01,100
C2_n0.01_d100_r02,C2,202624,6.52,6.42,0.09999999999999964,0.37950000000000006,0.39489911821182755,0.399071603908752,FAR,FAR,0.0,1,,,0.01,100
C2_n0.01_d100_r02,C2,202624,6.54,6.44,0.09999999999999964,0.37775000000000003,0.38555086665503585,0.39569141959532295,FAR,FAR,0.0,1,,,0.01,100
C2_n0.01_d100_r02,C2,202624,6.56,6.46,0.09999999999999964,0.376,0.3895316283239478,0.39415147177747917,FAR,FAR,0.0,1,,,0.01,100
C2_n0.01_d100_r02,C2,202624,6.58,6.48,0.09999999999999964,0.37424999999999997,0.3873785980014478,0.3924582533334713,FAR,FAR,0.0,1,,,0.01,100
C2_n0.01_d100_r02,C2,202624,6.6,6.5,0.09999999999999964,0.37250000000000005,0.3821133777676081,0.38987203444200547,FAR,FAR,0.0,1,,,0.01,100
C2_n0.01_d100_r02,C2,202624,6.62,6.52,0.10000000000000053,0.37075,0.38523571069098383,0.38871295350425006,FAR,FAR,0.0,1,,,0.01,100
C2_n0.01_d100_r02,C2,202624,6.64,6.54,0.09999999999999964,0.369,0.38312251542557635,0.3873153439845816,FAR,FAR,0.0,1,,,0.01,100
C2_n0.01_d100_r02,C2,202624,6.66,6.56,0.10000000000000053,0.36724999999999997,0.37134171249099407,0.38332193611118476,FAR,FAR,0.0,1,,,0.01,100
C2_n0.01_d100_r02,C2,202624,6.68,6.58,0.09999999999999964,0.36550000000000005,0.38753593832354116,0.3843754366642739,FAR,FAR,0.0,1,,,0.01,100
C2_n0.01_d100_r02,C2,202624,6.7,6.6,0.10000000000000053,0.36375,0.36018475120739757,0.37832776530005474,FAR,FAR,0.0,1,,,0.01,100
C2_n0.01_d100_r02,C2,202624,6.72,6.62,0.09999999999999964,0.362,0.3815747329205709,0.3791395072051838,FAR,FAR,0.0,1,,,0.01,100
C2_n0.01_d100_r02,C2,202624,6.74,6.64,0.10000000000000053,0.36024999999999996,0.37056548968078806,0.37699600282408485,FAR,FAR,0.0,1,,,0.01,100
C2_n0.01_d100_r02,C2,202624,6.76,6.66,0.09999999999999964,0.35850000000000004,0.376027938729092,0.37675398680033667,FAR,FAR,0.0,1,,,0.01,100
C2_n0.01_d100_r02,C2,202624,6.78,6.68,0.10000000000000053,0.35675,0.37594282430876186,0.376551196177443,FAR,FAR,0.0,1,,,0.01,100
C2_n0.01_d100_r02,C2,202624,6.8,6.7,0.09999999999999964,0.355,0.3687361936504489,0.37459744554569446,FAR,FAR,0.0,1,,,0.01,100
C2_n0.01_d100_r02,C2,202624,6.82,6.72,0.10000000000000053,0.35324999999999995,0.3570030034452741,0.37019883502058937,FAR,FAR,0.0,1,,,0.01,100
C2_n0.01_d100_r02,C2,202624,6.84,6.74,0.09999999999999964,0.35150000000000003,0.3713942673043967,0.3704976930915412,FAR,FAR,0.0,1,,,0.01,100
C2_n0.01_d100_r02,C2,202624,6.86,6.76,0.10000000000000053,0.34974999999999995,0.3615043820651896,0.3682493653349533,NEAR,FAR,0.0,1,,,0.01,100
C2_n0.01_d100_r02,C2,202624,6.88,6.78,0.09999999999999964,0.348,0.3504862130216095,0.36380857725661736,NEAR,FAR,0.0,1,,,0.01,100
C2_n0.01_d100_r02,C2,202624,6.9,6.8,0.10000000000000053,0.34624999999999995,0.3594820786077095,0.3627269525943904,NEAR,FAR,0.0,1,,,0.01,100
C2_n0.01_d100_r02,C2,202624,6.92,6.82,0.09999999999999964,0.3445,0.34011681062182325,0.35707441710124865,NEAR,FAR,0.0,1,,,0.01,100
C2_n0.01_d100_r02,C2,202624,6.94,6.84,0.10000000000000053,0.34274999999999994,0.3663856786022702,0.35940223247650405,NEAR,FAR,0.0,1,,,0.01,100
C2_n0.01_d100_r02,C2,202624,6.96,6.86,0.09999999999999964,0.34099999999999997,0.3483279159511934,0.3566336533451764,NEAR,FAR,0.0,1,,,0.01,100
C2_n0.01_d100_r02,C2,202624,6.98,6.88,0.10000000000000053,0.33924999999999994,0.33981478174474433,0.35242893544506837,NEAR,FAR,0.0,1,,,0.01,100
C2_n0.01_d100_r02,C2,202624,7.0,6.9,0.09999999999999964,0.3375,0.33962421055960523,0.3492277542237026,NEAR,FAR,0.0,1,,,0.01,100
C2_n0.01_d100_r02,C2,202624,7.02,6.92,0.09999999999999964,0.33575000000000005,0.3600527641383256,0.35193400670235836,NEAR,FAR,0.0,1,,,0.01,100
C2_n0.01_d100_r02,C2,202624,7.04,6.94,0.09999999999999964,0.334,0.3369674004081365,0.34819235512880287,NEAR,FAR,0.0,1,,,0.01,100
C2_n0.01_d100_r02,C2,202624,7.06,6.96,0.09999999999999964,0.33225000000000005,0.34597030414032987,0.34763684238168463,NEAR,FAR,0.0,1,,,0.01,100
C2_n0.01_d100_r02,C2,202624,7.08,6.98,0.09999999999999964,0.3305,0.35205453270428577,0.34874126496233493,NEAR,FAR,0.0,1,,,0.01,100
C2_n0.01_d100_r02,C2,202624,7.1,7.0,0.09999999999999964,0.32875000000000004,0.32691000653080665,0.34328345035445285,NEAR,FAR,0.0,1,,,0.01,100
C2_n0.01_d100_r02,C2,202624,7.12,7.02,0.10000000000000053,0.327,0.33404002266191435,0.34097259343131825,NEAR,FAR,0.0,1,,,0.01,100
C2_n0.01_d100_r02,C2,202624,7.14,7.04,0.09999999999999964,0.32525000000000004,0.3362957967296225,0.33980339425589434,NEAR,FAR,0.0,1,,,0.01,100
C2_n0.01_d100_r02,C2,202624,7.16,7.06,0.10000000000000053,0.3235,0.3126802701535713,0.33302261323031357,NEAR,FAR,0.0,1,,,0.01,100
C2_n0.01_d100_r02,C2,202624,7.18,7.08,0.09999999999999964,0.32175000000000004,0.3335834586818526,0.33316282459319835,NEAR,FAR,0.0,1,,,0.01,100
C2_n0.01_d100_r02,C2,202624,7.2,7.1,0.10000000000000053,0.32,0.32792703248291627,0.3318538765656278,NEAR,FAR,0.0,1,,,0.01,100
C2_n0.01_d100_r02,C2,202624,7.22,7.12,0.09999999999999964,0.31825000000000003,0.3073033714477161,0.32571625028614987,NEAR,FAR,0.0,1,,,0.01,100
C2_n0.01_d100_r02,C2,202624,7.24,7.14,0.10000000000000053,0.3165,0.31720688711976003,0.3235889094945524,NEAR,FAR,0.0,1,,,0.01,100
C2_n0.01_d100_r02,C2,202624,7.26,7.16,0.09999999999999964,0.31475000000000003,0.3221641316782552,0.3232327150404781,NEAR,FAR,0.0,1,,,0.01,100
C2_n0.01_d100_r02,C2,202624,7.28,7.18,0.10000000000000053,0.313,0.31749840896082165,0.321799138520564,NEAR,FAR,0.0,1,,,0.01,100
C2_n0.01_d100_r02,C2,202624,7.3,7.2,0.09999999999999964,0.31125,0.3031415319212408,0.31713473687073324,NEAR,NEAR,0.6,1,ENTER_NEAR,,0.01,100
C2_n0.01_d100_r02,C2,202624,7.32,7.22,0.10000000000000053,0.3095,0.3287725443324042,0.320044188736151,NEAR,NEAR,0.6,1,,,0.01,100
C2_n0.01_d100_r02,C2,202624,7.34,7.24,0.09999999999999964,0.30775,0.3299589508234794,0.3225228792579831,NEAR,NEAR,0.6,1,,,0.01,100
C2_n0.01_d100_r02,C2,202624,7.36,7.26,0.10000000000000053,0.306,0.3041742733311653,0.31793572777627865,NEAR,NEAR,0.6,1,,,0.01,100
C2_n0.01_d100_r02,C2,202624,7.38,7.28,0.09999999999999964,0.30425,0.3147154634596059,0.31713066169711046,NEAR,NEAR,0.6,1,,,0.01,100
C2_n0.01_d100_r02,C2,202624,7.4,7.3,0.10000000000000053,0.3025,0.2970139519491536,0.31210148426012124,NEAR,NEAR,0.6,1,,,0.01,100
C2_n0.01_d100_r02,C2,202624,7.42,7.32,0.09999999999999964,0.30075,0.3092794280371909,0.31139597020438864,NEAR,NEAR,0.6,1,,,0.01,100
C2_n0.01_d100_r02,C2,202624,7.44,7.34,0.10000000000000053,0.299,0.3127955428223752,0.31174586335888527,NEAR,NEAR,0.6,1,,,0.01,100
C2_n0.01_d100_r02,C2,202624,7.46,7.36,0.09999999999999964,0.29725,0.31465416903847626,0.31247293977878304,NEAR,NEAR,0.6,1,,,0.01,100
C2_n0.01_d100_r02,C2,202624,7.48,7.38,0.10000000000000053,0.2955,0.3156808481626228,0.31327491687474296,NEAR,NEAR,0.6,1,,,0.01,100
C2_n0.01_d100_r02,C2,202624,7.5,7.4,0.09999999999999964,0.29375,0.31257984455312204,0.3131011487943377,NEAR,NEAR,0.6,1,,,0.01,100
C2_n0.01_d100_r02,C2,202624,7.52,7.42,0.09999999999999964,0.29200000000000004,0.3072991473054553,0.3116506484221171,NEAR,NEAR,0.6,1,,,0.01,100
C2_n0.01_d100_r02,C2,202624,7.54,7.44,0.09999999999999964,0.29025,0.2957948476233682,0.3076866982224299,NEAR,NEAR,0.6,1,,,0.01,100
C2_n0.01_d100_r02,C2,202624,7.56,7.46,0.09999999999999964,0.28850000000000003,0.28939562223503495,0.30311392922558117,NEAR,NEAR,0.6,1,,,0.01,100
C2_n0.01_d100_r02,C2,202624,7.58,7.48,0.09999999999999964,0.28675,0.3178123172537858,0.3067885262326323,NEAR,NEAR,0.6,1,,,0.01,100
C2_n0.01_d100_r02,C2,202624,7.6,7.5,0.09999999999999964,0.28500000000000003,0.2989193654397342,0.3048212360344078,NEAR,NEAR,0.6,1,,,0.01,100
C2_n0.01_d100_r02,C2,202624,7.62,7.52,0.10000000000000053,0.28325,0.2815935053122998,0.2990143033538808,NEAR,NEAR,0.6,1,,,0.01,100
C2_n0.01_d100_r02,C2,202624,7.64,7.54,0.09999999999999964,0.28150000000000003,0.2949016979936991,0.2979861520138354,NEAR,NEAR,0.6,1,,,0.01,100
C2_n0.01_d100_r02,C2,202624,7.66,7.56,0.10000000000000053,0.27975,0.2920750182812544,0.29650836858069013,NEAR,NEAR,0.6,1,,,0.01,100
C2_n0.01_d100_r02,C2,202624,7.68,7.58,0.09999999999999964,0.278,0.2929636756822928,0.2956221953560908,NEAR,NEAR,0.6,1,,,0.01,100
C2_n0.01_d100_r02,C2,202624,7.7,7.6,0.10000000000000053,0.27625,0.28105661888774663,0.2919808012390048,NEAR,NEAR,0.6,1,,,0.01,100
C2_n0.01_d100_r02,C2,202624,7.72,7.62,0.09999999999999964,0.2745,0.2822441797705862,0.2895466458719001,NEAR,NEAR,0.6,1,,,0.01,100
C2_n0.01_d100_r02,C2,202624,7.74,7.64,0.10000000000000053,0.27275,0.281997792178083,0.28765943244844583,NEAR,NEAR,0.6,1,,,0.01,100
C2_n0.01_d100_r02,C2,202624,7.76,7.66,0.09999999999999964,0.271,0.28528718283716925,0.2870663700456267,NEAR,NEAR,0.6,1,,,0.01,100
C2_n0.01_d100_r02,C2,202624,7.78,7.68,0.10000000000000053,0.26925,0.2887731586776071,0.2874930672036218,NEAR,NEAR,0.6,1,,,0.01,100
C2_n0.01_d100_r02,C2,202624,7.8,7.7,0.09999999999999964,0.2675,0.2761073987989805,0.2846466501024615,NEAR,NEAR,0.6,1,,,0.01,100
C2_n0.01_d100_r02,C2,202624,7.82,7.72,0.10000000000000053,0.26575,0.2941221505139334,0.28701552520532947,NEAR,NEAR,0.6,1,,,0.01,100
C2_n0.01_d100_r02,C2,202624,7.84,7.74,0.09999999999999964,0.264,0.2821030572524115,0.28578740821709997,NEAR,NEAR,0.6,1,,,0.01,100
C2_n0.01_d100_r02,C2,202624,7.86,7.76,0.10000000000000053,0.26225,0.2855119461655576,0.2857185427042144,NEAR,NEAR,0.6,1,,,0.01,100
C2_n0.01_d100_r02,C2,202624,7.88,7.78,0.09999999999999964,0.2605,0.2532760730669196,0.2776079252948907,NEAR,NEAR,0.6,1,,,0.01,100
C2_n0.01_d100_r02,C2,202624,7.9,7.8,0.10000000000000053,0.25875,0.2784896268506014,0.2778283506838184,NEAR,NEAR,0.6,1,,,0.01,100
C2_n0.01_d100_r02,C2,202624,7.92,7.82,0.09999999999999964,0.257,0.2569663951028589,0.2726128617885785,NEAR,NEAR,0.6,1,,,0.01,100
C2_n0.01_d100_r02,C2,202624,7.94,7.84,0.10000000000000053,0.25525,0.26540285767391736,0.2708103607599132,NEAR,NEAR,0.6,1,,,0.01,100
C2_n0.01_d100_r02,C2,202624,7.96,7.86,0.09999999999999964,0.2535,0.25556759918876887,0.26699967036712713,NEAR,NEAR,0.6,1,,,0.01,100
C2_n0.01_d100_r02,C2,202624,7.98,7.88,0.10000000000000053,0.25175,0.25435707331811397,0.26383902110487384,NEAR,NEAR,0.6,1,,,0.01,100
C2_n0.01_d100_r02,C2,202624,8.0,7.9,0.09999999999999964,0.25,0.26557905745854066,0.26427403019329054,NEAR,NEAR,0.6,1,,,0.01,100
C2_n0.01_d100_r02,C2,202624,8.02,7.92,0.09999999999999964,0.2522533838368113,0.24973628093961014,0.26063959287987043,NEAR,NEAR,0.6,1,,,0.01,100
C2_n0.01_d100_r02,C2,202624,8.04,7.94,0.09999999999999876,0.25445562372365543,0.25409942636401417,0.2590045512509064,NEAR,NEAR,0.6,1,,,0.01,100
C2_n0.01_d100_r02,C2,202624,8.06,7.96,0.10000000000000053,0.25655673649976407,0.24559586355138577,0.25565237932602625,NEAR,NEAR,0.6,1,,,0.01,100
C2_n0.01_d100_r02,C2,202624,8.08,7.98,0.09999999999999964,0.25850903423690136,0.23272208293924307,0.24991980522933044,NEAR,NEAR,0.6,1,,,0.01,100
C2_n0.01_d100_r02,C2,202624,8.1,8.0,0.09999999999999964,0.2602682065889303,0.23799417393283998,0.24693839740520782,NEAR,NEAR,0.6,1,,,0.01,100
C2_n0.01_d100_r02,C2,202624,8.12,8.02,0.09999999999999964,0.26179432648204926,0.25770450662597466,0.24962992471039952,NEAR,NEAR,0.6,1,,,0.01,100
C2_n0.01_d100_r02,C2,202624,8.14,8.04,0.10000000000000142,0.26305275632004294,0.25510652806575723,0.25099907554923895,NEAR,NEAR,0.6,1,,,0.01,100
C2_n0.01_d100_r02,C2,202624,8.16,8.06,0.09999999999999964,0.2640149341368492,0.24796309602102903,0.25024008066718645,NEAR,NEAR,0.6,1,,,0.01,100
C2_n0.01_d100_r02,C2,202624,8.18,8.08,0.09999999999999964,0.2646590218535229,0.24294721910243516,0.2484168652759986,NEAR,NEAR,0.6,1,,,0.01,100
C2_n0.01_d100_r02,C2,202624,8.2,8.1,0.09999999999999964,0.26497040092642404,0.25855989030586596,0.2509526215334654,NEAR,NEAR,0.6,1,,,0.01,100
C2_n0.01_d100_r02,C2,202624,8.22,8.12,0.10000000000000142,0.2649420041371476,0.26386220294958684,0.2541800168874958,NEAR,NEAR,0.6,1,,,0.01,100
C2_n0.01_d100_r02,C2,202624,8.24,8.14,0.09999999999999964,0.2645744759937201,0.25445797979951795,0.25424950761550136,NEAR,NEAR,0.6,1,,,0.01,100
C2_n0.01_d100_r02,C2,202624,8.26,8.16,0.09999999999999964,0.26387615810251686,0.27106959310526535,0.25845452898794236,NEAR,NEAR,0.6,1,,,0.01,100
C2_n0.01_d100_r02,C2,202624,8.28,8.18,0.09999999999999964,0.26286289984290484,0.25987123977880844,0.2588087066856589,NEAR,NEAR,0.6,1,,,0.01,100
C2_n0.01_d100_r02,C2,202624,8.3,8.2,0.10000000000000142,0.2615576986416368,0.27438740608254647,0.2627033815348808,NEAR,NEAR,0.6,1,,,0.01,100
C2_n0.01_d100_r02,C2,202624,8.32,8.22,0.09999999999999964,0.25999017801151375,0.269803457197366,0.2644784004505021,NEAR,NEAR,0.6,1,,,0.01,100
C2_n0.01_d100_r02,C2,202624,8.34,8.24,0.09999999999999964,0.25819591520101404,0.25948366788707056,0.2632297173096442,NEAR,NEAR,0.6,1,,,0.01,100
C2_n0.01_d100_r02,C2,202624,8.36,8.26,0.09999999999999964,0.2562156337148993,0.2670153312785442,0.2641761208018692,NEAR,NEAR,0.6,1,,,0.01,100
C2_n0.01_d100_r02,C2,202624,8.38,8.28,0.10000000000000142,0.2540942790327598,0.25727975863643815,0.26245203026051145,NEAR,NEAR,0.6,1,,,0.01,100
C2_n0.01_d100_r02,C2,202624,8.4,8.3,0.09999999999999964,0.25187999850346454,0.2779897632151207,0.26633646349916373,NEAR,NEAR,0.6,1,,,0.01,100
C2_n0.01_d100_r02,C2,202624,8.42,8.32,0.09999999999999964,0.24962304856834994,0.25690039332655573,0.26397744595601175,NEAR,NEAR,0.6,1,,,0.01,100
C2_n0.01_d100_r02,C2,202624,8.44,8.34,0.09999999999999964,0.2473746541153709,0.2673078745090272,0.2648100530942656,NEAR,NEAR,0.6,1,,,0.01,100
C2_n0.01_d100_r02,C2,202624,8.46,8.36,0.10000000000000142,0.24518584585289177,0.26122379714014876,0.26391348910573637,NEAR,NEAR,0.6,1,,,0.01,100
C2_n0.01_d100_r02,C2,202624,8.48,8.38,0.09999999999999964,0.24310630209067763,0.2572384649740016,0.26224473307280266,NEAR,NEAR,0.6,1,,,0.01,100
C2_n0.01_d100_r02,C2,202624,8.5,8.4,0.09999999999999964,0.24118322121561292,0.24432109950430836,0.2577638246806791,NEAR,NEAR,0.6,1,,,0.01,100
C2_n0.01_d100_r02,C2,202624,8.52,8.42,0.09999999999999964,0.2394602504530173,0.24514637452392696,0.25460946214149105,NEAR,NEAR,0.6,1,,,0.01,100
C2_n0.01_d100_r02,C2,202624,8.54,8.44,0.09999999999999964,0.23797649522693692,0.24619360279395136,0.25250549730460614,NEAR,NEAR,0.6,1,,,0.01,100
C2_n0.01_d100_r02,C2,202624,8.56,8.46,0.09999999999999964,0.23676563160347566,0.24697547172926942,0.25112299091077195,NEAR,NEAR,0.6,1,,,0.01,100
C2_n0.01_d100_r02,C2,202624,8.58,8.48,0.09999999999999964,0.23585514196160703,0.23010307160801738,0.2458680110850833,NEAR,NEAR,0.6,1,,,0.01,100
C2_n0.01_d100_r02,C2,202624,8.6,8.5,0.09999999999999964,0.23526569123906968,0.22861041742516927,0.2415536126701048,NEAR,NEAR,0.6,1,,,0.01,100
C2_n0.01_d100_r02,C2,202624,8.62,8.52,0.09999999999999964,0.23501065791039116,0.23460106111978746,0.23981547478252546,NEAR,NEAR,0.6,1,,,0.01,100
C2_n0.01_d100_r02,C2,202624,8.64,8.54,0.10000000000000142,0.23509583034219989,0.21959875860256,0.23476129573753413,NEAR,NEAR,0.6,1,,,0.01,100
C2_n0.01_d100_r02,C2,202624,8.66,8.56,0.09999999999999964,0.2355192754175009,0.25187081432670955,0.23903867538482798,NEAR,NEAR,0.6,1,,,0.01,100
C2_n0.01_d100_r02,C2,202624,8.68,8.58,0.09999999999999964,0.23627138241068624,0.23739891691871728,0.23862873576830032,NEAR,NEAR,0.6,1,,,0.01,100
C2_n0.01_d100_r02,C2,202624,8.7,8.6,0.09999999999999964,0.23733508111746973,0.2335824636560592,0.23736716774024003,NEAR,NEAR,0.6,1,,,0.01,100
C2_n0.01_d100_r02,C2,202624,8.72,8.62,0.10000000000000142,0.2386862292889585,0.2251126204048654,0.23430353090639638,NEAR,NEAR,0.6,1,,,0.01,100
C2_n0.01_d100_r02,C2,202624,8.74,8.64,0.09999999999999964,0.24029416057645836,0.2203282735822704,0.2308097165753649,NEAR,NEAR,0.6,1,,,0.01,100
C2_n0.01_d100_r02,C2,202624,8.76,8.66,0.09999999999999964,0.24212238055058052,0.24306382060198212,0.2338732425820192,NEAR,NEAR,0.6,1,,,0.01,100
C2_n0.01_d100_r02,C2,202624,8.78,8.68,0.09999999999999964,0.24412939499744188,0.21748522336214016,0.22977623777704945,NEAR,NEAR,0.6,1,,,0.01,100
C2_n0.01_d100_r02,C2,202624,8.8,8.7,0.10000000000000142,0.24626965169252724,0.24253072947021806,0.23296486070034159,NEAR,NEAR,0.6,1,,,0.01,100
C2_n0.01_d100_r02,C2,202624,8.82,8.72,0.09999999999999964,0.2484945742772318,0.2355831616997942,0.23361943595020473,NEAR,NEAR,0.6,1,,,0.01,100
C2_n0.01_d100_r02,C2,202624,8.84,8.74,0.09999999999999964,0.2507536647726965,0.24447005380179507,0.23633209041310232,NEAR,NEAR,0.6,1,,,0.01,100
C2_n0.01_d100_r02,C2,202624,8.86,8.76,0.09999999999999964,0.25299564970771604,0.228026166133795,0.2342556093432755,NEAR,NEAR,0.6,1,,,0.01,100
C2_n0.01_d100_r02,C2,202624,8.88,8.78,0.10000000000000142,0.2551696438476178,0.22227501554827148,0.23126046089452448,NEAR,NEAR,0.6,1,,,0.01,100
C2_n0.01_d100_r02,C2,202624,8.9,8.8,0.09999999999999964,0.2572263051115258,0.23410132890626395,0.23197067789745934,NEAR,NEAR,0.6,1,,,0.01,100
C2_n0.01_d100_r02,C2,202624,8.92,8.82,0.09999999999999964,0.25911895446541905,0.23495537863659727,0.23271685308224382,NEAR,NEAR,0.6,1,,,0.01,100
C2_n0.01_d100_r02,C2,202624,8.94,8.84,0.09999999999999964,0.26080463537331855,0.2510171901979074,0.23729193736115972,NEAR,NEAR,0.6,1,,,0.01,100
C2_n0.01_d100_r02,C2,202624,8.96,8.86,0.10000000000000142,0.2622450887607578,0.2398762211294006,0.23793800830321993,NEAR,NEAR,0.6,1,,,0.01,100
C2_n0.01_d100_r02,C2,202624,8.98,8.88,0.09999999999999964,0.263407621362269,0.2535861781998491,0.24185005077737723,NEAR,NEAR,0.6,1,,,0.01,100
C2_n0.01_d100_r02,C2,202624,9.0,8.9,0.09999999999999964,0.2642658477444273,0.2474194521020064,0.2432424011085345,NEAR,NEAR,0.6,1,,,0.01,100
C2_n0.01_d100_r02,C2,202624,9.02,8.92,0.09999999999999964,0.264800289163118,0.2737541260390727,0.25087033234116907,NEAR,NEAR,0.6,1,,,0.01,100
C2_n0.01_d100_r02,C2,202624,9.04,8.94,0.09999999999999964,0.2649988156630572,0.2672064588807697,0.25495436397606924,NEAR,NEAR,0.6,1,,,0.01,100
C2_n0.01_d100_r02,C2,202624,9.06,8.96,0.09999999999999964,0.26485692138544975,0.27258156757091984,0.2593611648747819,NEAR,NEAR,0.6,1,,,0.01,100
C2_n0.01_d100_r02,C2,202624,9.08,8.98,0.09999999999999964,0.2643778268352606,0.2566582696323116,0.2586854410641643,NEAR,NEAR,0.6,1,,,0.01,100
C2_n0.01_d100_r02,C2,202624,9.1,9.0,0.09999999999999964,0.2635724057869903,0.2706809140387765,0.26168430930781733,NEAR,NEAR,0.6,1,,,0.01,100
C2_n0.01_d100_r02,C2,202624,9.12,9.02,0.09999999999999964,0.2624589384879372,0.27226566454382256,0.26432964811681864,NEAR,NEAR,0.6,1,,,0.01,100
C2_n0.01_d100_r02,C2,202624,9.14,9.04,0.10000000000000142,0.2610626967603726,0.26005523979958073,0.26326104603750916,NEAR,NEAR,0.6,1,,,0.01,100
C2_n0.01_d100_r02,C2,202624,9.16,9.06,0.09999999999999964,0.25941537041936047,0.278979178060002,0.26719057904313237,NEAR,NEAR,0.6,1,,,0.01,100
C2_n0.01_d100_r02,C2,202624,9.18,9.08,0.09999999999999964,0.2575543480245365,0.27609728329433025,0.26941725510593184,NEAR,NEAR,0.6,1,,,0.01,100
C2_n0.01_d100_r02,C2,202624,9.2,9.1,0.09999999999999964,0.25552186829027024,0.25766097698622925,0.2664781855760062,NEAR,NEAR,0.6,1,,,0.01,100
C2_n0.01_d100_r02,C2,202624,9.22,9.12,0.10000000000000142,0.25336406141424067,0.2628772130596364,0.2655779424469138,NEAR,NEAR,0.6,1,,,0.01,100
C2_n0.01_d100_r02,C2,202624,9.24,9.14,0.09999999999999964,0.25112990208291897,0.261174709704718,0.2644771342613649,NEAR,NEAR,0.6,1,,,0.01,100
C2_n0.01_d100_r02,C2,202624,9.26,9.16,0.09999999999999964,0.24887009791708103,0.25232073794763266,0.26143803518293185,NEAR,NEAR,0.6,1,,,0.01,100
C2_n0.01_d100_r02,C2,202624,9.28,9.18,0.09999999999999964,0.24663593858575936,0.2612585222694259,0.26139315695455534,NEAR,NEAR,0.6,1,,,0.01,100
C2_n0.01_d100_r02,C2,202624,9.3,9.2,0.10000000000000142,0.24447813170972976,0.26283220995527967,0.2617529202047364,NEAR,NEAR,0.6,1,,,0.01,100
C2_n0.01_d100_r02,C2,202624,9.32,9.22,0.09999999999999964,0.24244565197546356,0.2518899049851925,0.2592871663998504,NEAR,NEAR,0.6,1,,,0.01,100
C2_n0.01_d100_r02,C2,202624,9.34,9.24,0.09999999999999964,0.2405846295806395,0.2612452264679445,0.25977668141687393,NEAR,NEAR,0.6,1,,,0.01,100
C2_n0.01_d100_r02,C2,202624,9.36,9.26,0.09999999999999964,0.23893730323962742,0.25179337607660096,0.2577808550818057,NEAR,NEAR,0.6,1,,,0.01,100
C2_n0.01_d100_r02,C2,202624,9.38,9.28,0.10000000000000142,0.23754106151206275,0.2401786245086947,0.25338029743852797,NEAR,NEAR,0.6,1,,,0.01,100
C2_n0.01_d100_r02,C2,202624,9.4,9.3,0.09999999999999964,0.23642759421300968,0.2486579886279614,0.2521997202358863,NEAR,NEAR,0.6,1,,,0.01,100
C2_n0.01_d100_r02,C2,202624,9.42,9.32,0.09999999999999964,0.23562217316473935,0.2387987690030552,0.24884948242767854,NEAR,NEAR,0.6,1,,,0.01,100
C2_n0.01_d100_r02,C2,202624,9.44,9.34,0.09999999999999964,0.23514307861455025,0.23192177904605618,0.24461755658227294,NEAR,NEAR,0.6,1,,,0.01,100
C2_n0.01_d100_r02,C2,202624,9.46,9.36,0.10000000000000142,0.23500118433694275,0.22783837340213983,0.24042276078723968,NEAR,NEAR,0.6,1,,,0.01,100
C2_n0.01_d100_r02,C2,202624,9.48,9.38,0.09999999999999964,0.235199710836882,0.2328075114849184,0.23851894846165936,NEAR,NEAR,0.6,1,,,0.01,100
C2_n0.01_d100_r02,C2,202624,9.5,9.4,0.09999999999999964,0.2357341522555727,0.2316283897073294,0.2367963087730769,NEAR,NEAR,0.6,1,,,0.01,100
C2_n0.01_d100_r02,C2,202624,9.52,9.42,0.09999999999999964,0.23659237863773103,0.22550451375297983,0.23397336001805263,NEAR,NEAR,0.6,1,,,0.01,100
C2_n0.01_d100_r02,C2,202624,9.54,9.44,0.09999999999999964,0.2377549112392422,0.23290526848639825,0.23370633713513903,NEAR,NEAR,0.6,1,,,0.01,100
C2_n0.01_d100_r02,C2,202624,9.56,9.46,0.09999999999999964,0.23919536462668142,0.2364936934520235,0.23440317621436016,NEAR,NEAR,0.6,1,,,0.01,100
C2_n0.01_d100_r02,C2,202624,9.58,9.48,0.09999999999999964,0.24088104553458092,0.23552948120260514,0.2346847524614214,NEAR,NEAR,0.6,1,,,0.01,100
C2_n0.01_d100_r02,C2,202624,9.6,9.5,0.09999999999999964,0.24277369488847422,0.24713904181971022,0.2377983248009936,NEAR,NEAR,0.6,1,,,0.01,100
C2_n0.01_d100_r02,C2,202624,9.62,9.52,0.09999999999999964,0.24483035615238213,0.23600510192846208,0.23735001908286074,NEAR,NEAR,0.6,1,,,0.01,100
C2_n0.01_d100_r02,C2,202624,9.64,9.54,0.10000000000000142,0.24700435029228393,0.24721935758511304,0.2398173537084238,NEAR,NEAR,0.6,1,,,0.01,100
C2_n0.01_d100_r02,C2,202624,9.66,9.56,0.09999999999999964,0.24924633522730347,0.23936137519730646,0.23970335908064447,NEAR,NEAR,0.6,1,,,0.01,100
C2_n0.01_d100_r02,C2,202624,9.68,9.58,0.09999999999999964,0.2515054257227682,0.23086751834500213,0.2374943988967339,NEAR,NEAR,0.6,1,,,0.01,100
C2_n0.01_d100_r02,C2,202624,9.7,9.6,0.09999999999999964,0.25373034830747276,0.25588847682227367,0.24209291837811883,NEAR,NEAR,0.6,1,,,0.01,100
C2_n0.01_d100_r02,C2,202624,9.72,9.62,0.10000000000000142,0.2558706050025581,0.2501533286904161,0.24410802095619316,NEAR,NEAR,0.6,1,,,0.01,100
C2_n0.01_d100_r02,C2,202624,9.74,9.64,0.09999999999999964,0.25787761944941945,0.2502415493127813,0.24564140304534018,NEAR,NEAR,0.6,1,,,0.01,100
C2_n0.01_d100_r02,C2,202624,9.76,9.66,0.09999999999999964,0.25970583942354164,0.25695040501700683,0.24846865353825684,NEAR,NEAR,0.6,1,,,0.01,100
C2_n0.01_d100_r02,C2,202624,9.78,9.68,0.09999999999999964,0.2613137707110415,0.26162267953314716,0.2517571600369794,NEAR,NEAR,0.6,1,,,0.01,100
C2_n0.01_d100_r02,C2,202624,9.8,9.7,0.10000000000000142,0.26266491888253024,0.2664872112302373,0.25543967283529384,NEAR,NEAR,0.6,1,,,0.01,100
C2_n0.01_d100_r02,C2,202624,9.82,9.72,0.09999999999999964,0.26372861758931376,0.2535271603040697,0.2549615447024878,NEAR,NEAR,0.6,1,,,0.01,100
C2_n0.01_d100_r02,C2,202624,9.84,9.74,0.09999999999999964,0.2644807245824991,0.2570832423908565,0.25549196912457994,NEAR,NEAR,0.6,1,,,0.01,100
C2_n0.01_d100_r02,C2,202624,9.86,9.76,0.09999999999999964,0.2649041696578001,0.2810693005820242,0.26188630198894103,NEAR,NEAR,0.6,1,,,0.01,100
C2_n0.01_d100_r02,C2,202624,9.88,9.78,0.10000000000000142,0.26498934208960884,0.2664707645965132,0.26303241764083407,NEAR,NEAR,0.6,1,,,0.01,100
C2_n0.01_d100_r02,C2,202624,9.9,9.8,0.09999999999999964,0.26473430876093035,0.2563835524049095,0.26137020133185296,NEAR,NEAR,0.6,1,,,0.01,100
C2_n0.01_d100_r02,C2,202624,9.92,9.82,0.09999999999999964,0.264144858038393,0.2841472173287086,0.2670644553310669,NEAR,NEAR,0.6,1,,,0.01,100
C2_n0.01_d100_r02,C2,202624,9.94,9.84,0.09999999999999964,0.2632343683965243,0.2613595394380201,0.2656382263578052,NEAR,NEAR,0.6,1,,,0.01,100
C2_n0.01_d100_r02,C2,202624,9.96,9.86,0.10000000000000142,0.2620235047730631,0.26080015338445767,0.26442870811446834,NEAR,NEAR,0.6,1,,,0.01,100
C2_n0.01_d100_r02,C2,202624,9.98,9.88,0.09999999999999964,0.2605397495469827,0.2737300119829339,0.2667540340815847,NEAR,NEAR,0.6,1,,,0.01,100
C2_n0.01_d100_r02,C2,202624,10.0,9.9,0.09999999999999964,0.2588167787843871,0.2620527355247724,0.2655787094423816,NEAR,NEAR,0.6,1,,,0.01,100
C2_n0.01_d100_r02,C2,202624,10.02,9.92,0.09999999999999964,0.25689369790932237,0.2803517116485331,0.2692719599939195,NEAR,NEAR,0.6,1,,,0.01,100
C2_n0.01_d100_r02,C2,202624,10.04,9.94,0.09999999999999964,0.25481415414710823,0.25512156390854784,0.2657343609725766,NEAR,NEAR,0.6,1,,,0.01,100
C2_n0.01_d100_r02,C2,202624,10.06,9.96,0.09999999999999964,0.2526253458846291,0.26516081696402377,0.2655909749704384,NEAR,NEAR,0.6,1,,,0.01,100
C2_n0.01_d100_r02,C2,202624,10.08,9.98,0.09999999999999964,0.25037695143165006,0.2576916015189463,0.26361613160756536,NEAR,NEAR,0.6,1,,,0.01,100
C2_n0.01_d100_r02,C2,202624,10.1,10.0,0.09999999999999964,0.24812000149653549,0.24871929712561552,0.2598919229870779,NEAR,NEAR,0.6,1,,,0.01,100
C2_n0.01_d100_r02,C2,202624,10.12,10.02,0.09999999999999964,0.24590572096724023,0.25300752185517916,0.2581708227041032,NEAR,NEAR,0.6,1,,,0.01,100
C2_n0.01_d100_r02,C2,202624,10.14,10.04,0.10000000000000142,0.24378436628510067,0.24717465851729542,0.25542178165740126,NEAR,NEAR,0.6,1,,,0.01,100
C2_n0.01_d100_r02,C2,202624,10.16,10.06,0.09999999999999964,0.24180408479898596,0.23924278276413855,0.25137703193408556,NEAR,NEAR,0.6,1,,,0.01,100
C2_n0.01_d100_r02,C2,202624,10.18,10.08,0.09999999999999964,0.24000982198848625,0.24162083211537577,0.2489379819794081,NEAR,NEAR,0.6,1,,,0.01,100
C2_n0.01_d100_r02,C2,202624,10.2,10.1,0.09999999999999964,0.23844230135836322,0.2520895288660067,0.24972586870105778,NEAR,NEAR,0.6,1,,,0.01,100
C2_n0.01_d100_r02,C2,202624,10.22,10.12,0.10000000000000142,0.2371371001570952,0.24503555930042809,0.24855329135090037,NEAR,NEAR,0.6,1,,,0.01,100
C2_n0.01_d100_r02,C2,202624,10.24,10.14,0.09999999999999964,0.23612384189748312,0.24782364408851634,0.24837087953530437,NEAR,NEAR,0.6,1,,,0.01,100
C2_n0.01_d100_r02,C2,202624,10.26,10.16,0.09999999999999964,0.2354255240062799,0.23097996642772675,0.24402315125840998,NEAR,NEAR,0.6,1,,,0.01,100
C2_n0.01_d100_r02,C2,202624,10.28,10.18,0.09999999999999964,0.23505799586285242,0.2391286783949006,0.24279953304253263,NEAR,NEAR,0.6,1,,,0.01,100
C2_n0.01_d100_r02,C2,202624,10.3,10.2,0.10000000000000142,0.23502959907357593,0.22615592777816826,0.23863863172644154,NEAR,NEAR,0.6,1,,,0.01,100
C2_n0.01_d100_r02,C2,202624,10.32,10.22,0.09999999999999964,0.23534097814647711,0.24236678567660955,0.23957067021398354,NEAR,NEAR,0.6,1,,,0.01,100
C2_n0.01_d100_r02,C2,202624,10.34,10.24,0.09999999999999964,0.23598506586315082,0.22415480676594743,0.23571670435197453,NEAR,NEAR,0.6,1,,,0.01,100
C2_n0.01_d100_r02,C2,202624,10.36,10.26,0.09999999999999964,0.23694724367995706,0.21886586453549942,0.23150399439785574,NEAR,NEAR,0.6,1,,,0.01,100
C2_n0.01_d100_r02,C2,202624,10.38,10.28,0.10000000000000142,0.23820567351795077,0.2170943836590295,0.22790159171314917,NEAR,NEAR,0.6,1,,,0.01,100
C2_n0.01_d100_r02,C2,202624,10.4,10.3,0.09999999999999964,0.2397317934110697,0.22725896900396342,0.22774093603585271,NEAR,NEAR,0.6,1,,,0.01,100
C2_n0.01_d100_r02,C2,202624,10.42,10.32,0.09999999999999964,0.24149096576309861,0.23504307352113635,0.22956647040717365,NEAR,NEAR,0.6,1,,,0.01,100
C2_n0.01_d100_r02,C2,202624,10.44,10.34,0.09999999999999964,0.24344326350023596,0.2456473989868268,0.23358670255208697,NEAR,NEAR,0.6,1,,,0.01,100
C2_n0.01_d100_r02,C2,202624,10.46,10.36,0.10000000000000142,0.2455443762763446,0.2323465065600011,0.2332766535540655,NEAR,NEAR,0.6,1,,,0.01,100
C2_n0.01_d100_r02,C2,202624,10.48,10.38,0.09999999999999964,0.24774661616318866,0.22366638749508938,0.23087408703932147,NEAR,NEAR,0.6,1,,,0.01,100
C2_n0.01_d100_r02,C2,202624,10.5,10.4,0.09999999999999964,0.25,0.23467115082130657,0.23182335298481777,NEAR,NEAR,0.6,1,,,0.01,100
C2_n0.01_d100_r02,C2,202624,10.52,10.42,0.09999999999999964,0.2522533838368113,0.25443900918526235,0.23747726703492894,NEAR,NEAR,0.6,1,,,0.01,100
C2_n0.01_d100_r02,C2,202624,10.54,10.44,0.09999999999999964,0.2544556237236554,0.22909553253332937,0.23538183340952903,NEAR,NEAR,0.6,1,,,0.01,100
C2_n0.01_d100_r02,C2,202624,10.56,10.46,0.09999999999999964,0.256556736499764,0.2525668050827466,0.23967807632783344,NEAR,NEAR,0.6,1,,,0.01,100
C2_n0.01_d100_r02,C2,202624,10.58,10.48,0.09999999999999964,0.25850903423690136,0.23696236512238555,0.23899914852647147,NEAR,NEAR,0.6,1,,,0.01,100
C2_n0.01_d100_r02,C2,202624,10.6,10.5,0.09999999999999964,0.2602682065889303,0.2286590428989618,0.23641412211959403,NEAR,NEAR,0.6,1,,,0.01,100
C2_n0.01_d100_r02,C2,202624,10.62,10.52,0.09999999999999964,0.2617943264820492,0.25778119406198524,0.24175589010519183,NEAR,NEAR,0.6,1,,,0.01,100
C2_n0.01_d100_r02,C2,202624,10.64,10.54,0.10000000000000142,0.26305275632004294,0.26678828458070986,0.24801398872407132,NEAR,NEAR,0.6,1,,,0.01,100
C2_n0.01_d100_r02,C2,202624,10.66,10.56,0.09999999999999964,0.2640149341368492,0.2538597988567251,0.24947544125723475,NEAR,NEAR,0.6,1,,,0.01,100
C2_n0.01_d100_r02,C2,202624,10.68,10.58,0.09999999999999964,0.2646590218535229,0.2471142283789776,0.24888513803767046,NEAR,NEAR,0.6,1,,,0.01,100
C2_n0.01_d100_r02,C2,202624,10.7,10.6,0.09999999999999964,0.26497040092642404,0.2557637063551535,0.25060478011704124,NEAR,NEAR,0.6,1,,,0.01,100
C2_n0.01_d100_r02,C2,202624,10.72,10.62,0.10000000000000142,0.2649420041371476,0.2591350142556338,0.25273733865168935,NEAR,NEAR,0.6,1,,,0.01,100
C2_n0.01_d100_r02,C2,202624,10.74,10.64,0.09999999999999964,0.2645744759937201,0.24681405711760285,0.25125651826816775,NEAR,NEAR,0.6,1,,,0.01,100
C2_n0.01_d100_r02,C2,202624,10.76,10.66,0.09999999999999964,0.26387615810251686,0.2611558979725871,0.2537313631942726,NEAR,NEAR,0.6,1,,,0.01,100
C2_n0.01_d100_r02,C2,202624,10.78,10.68,0.09999999999999964,0.26286289984290484,0.2699569767749072,0.25778776658943126,NEAR,NEAR,0.6,1,,,0.01,100
C2_n0.01_d100_r02,C2,202624,10.8,10.7,0.10000000000000142,0.2615576986416368,0.27015049441815364,0.26087844854661185,NEAR,NEAR,0.6,1,,,0.01,100
C2_n0.01_d100_r02,C2,202624,10.82,10.72,0.09999999999999964,0.25999017801151375,0.2762381748640559,0.2647183801259729,NEAR,NEAR,0.6,1,,,0.01,100
C2_n0.01_d100_r02,C2,202624,10.84,10.74,0.09999999999999964,0.25819591520101404,0.2801652677244622,0.2685801020255952,NEAR,NEAR,0.6,1,,,0.01,100
C2_n0.01_d100_r02,C2,202624,10.86,10.76,0.09999999999999964,0.25621563371489936,0.2686315572275904,0.268592965826094,NEAR,NEAR,0.6,1,,,0.01,100
C2_n0.01_d100_r02,C2,202624,10.88,10.78,0.10000000000000142,0.2540942790327598,0.22639656373697076,0.2580438653038132,NEAR,NEAR,0.6,1,,,0.01,100
C2_n0.01_d100_r02,C2,202624,10.9,10.8,0.09999999999999964,0.2518799985034645,0.25242984174069993,0.25664035941303487,NEAR,NEAR,0.6,1,,,0.01,100
C2_n0.01_d100_r02,C2,202624,10.92,10.82,0.09999999999999964,0.24962304856834996,0.2582716410501345,0.25704817982230976,NEAR,NEAR,0.6,1,,,0.01,100
C2_n0.01_d100_r02,C2,202624,10.94,10.84,0.09999999999999964,0.24737465411537093,0.2572516161296701,0.25709903889914987,NEAR,NEAR,0.6,1,,,0.01,100
C2_n0.01_d100_r02,C2,202624,10.96,10.86,0.10000000000000142,0.24518584585289174,0.25614951771205885,0.2568616586023771,NEAR,NEAR,0.6,1,,,0.01,100
C2_n0.01_d100_r02,C2,202624,10.98,10.88,0.09999999999999964,0.24310630209067766,0.25398075920047475,0.2561414337519015,NEAR,NEAR,0.6,1,,,0.01,100
C2_n0.01_d100_r02,C2,202624,11.0,10.9,0.09999999999999964,0.24118322121561292,0.2640638313159818,0.2581220331429216,NEAR,NEAR,0.6,1,,,0.01,100
C2_n0.01_d100_r02,C2,202624,11.02,10.92,0.09999999999999964,0.2394602504530173,0.24626265820314433,0.25515718940797727,NEAR,NEAR,0.6,1,,,0.01,100
C2_n0.01_d100_r02,C2,202624,11.04,10.94,0.09999999999999964,0.23797649522693692,0.2451392278660416,0.2526526990224933,NEAR,NEAR,0.6,1,,,0.01,100
C2_n0.01_d100_r02,C2,202624,11.06,10.96,0.09999999999999964,0.2367656316034757,0.23896373192757925,0.2492304572487648,NEAR,NEAR,0.6,1,,,0.01,100
C2_n0.01_d100_r02,C2,202624,11.08,10.98,0.09999999999999964,0.23585514196160703,0.21812064562064049,0.24145300434173372,NEAR,NEAR,0.6,1,,,0.01,100
C2_n0.01_d100_r02,C2,202624,11.1,11.0,0.09999999999999964,0.23526569123906968,0.24384142924778726,0.2420501105682471,NEAR,NEAR,0.6,1,,,0.01,100
C2_n0.01_d100_r02,C2,202624,11.12,11.02,0.09999999999999964,0.23501065791039116,0.25131651540873395,0.24436671177836883,NEAR,NEAR,0.6,1,,,0.01,100
C2_n0.01_d100_r02,C2,202624,11.14,11.04,0.10000000000000142,0.23509583034219989,0.23378009803654473,0.24172005834291282,NEAR,NEAR,0.6,1,,,0.01,100
C2_n0.01_d100_r02,C2,202624,11.16,11.06,0.09999999999999964,0.2355192754175009,0.23608541361744909,0.24031139716154687,NEAR,NEAR,0.6,1,,,0.01,100
C2_n0.01_d100_r02,C2,202624,11.18,11.08,0.09999999999999964,0.2362713824106862,0.23308889440910258,0.23850577147343577,NEAR,NEAR,0.6,1,,,0.01,100
C2_n0.01_d100_r02,C2,202624,11.2,11.1,0.09999999999999964,0.23733508111746973,0.22604831558442395,0.23539140750118281,NEAR,NEAR,0.6,1,,,0.01,100
C2_n0.01_d100_r02,C2,202624,11.22,11.12,0.10000000000000142,0.23868622928895847,0.21658420313130164,0.23068960640871253,NEAR,NEAR,0.6,1,,,0.01,100
C2_n0.01_d100_r02,C2,202624,11.24,11.14,0.09999999999999964,0.24029416057645833,0.23808772822676685,0.2325391368632261,NEAR,NEAR,0.6,1,,,0.01,100
C2_n0.01_d100_r02,C2,202624,11.26,11.16,0.09999999999999964,0.24212238055058055,0.24793310081763334,0.2363876278518279,NEAR,NEAR,0.6,1,,,0.01,100
C2_n0.01_d100_r02,C2,202624,11.28,11.18,0.09999999999999964,0.2441293949974419,0.23094488757336587,0.2350269427822124,NEAR,NEAR,0.6,1,,,0.01,100
C2_n0.01_d100_r02,C2,202624,11.3,11.2,0.10000000000000142,0.24626965169252724,0.22194999763757728,0.23175770649605362,NEAR,NEAR,0.6,1,,,0.01,100
C2_n0.01_d100_r02,C2,202624,11.32,11.22,0.09999999999999964,0.2484945742772318,0.2255637993042134,0.23020922969809357,NEAR,NEAR,0.6,1,,,0.01,100
C2_n0.01_d100_r02,C2,202624,11.34,11.24,0.09999999999999964,0.25075366477269656,0.2422895561087282,0.23322931130075225,NEAR,NEAR,0.6,1,,,0.01,100
C2_n0.01_d100_r02,C2,202624,11.36,11.26,0.09999999999999964,0.252995649707716,0.24824255485350802,0.2369826221889412,NEAR,NEAR,0.6,1,,,0.01,100
C2_n0.01_d100_r02,C2,202624,11.38,11.28,0.10000000000000142,0.2551696438476178,0.26019593822676246,0.24278595119839652,NEAR,NEAR,0.6,1,,,0.01,100
C2_n0.01_d100_r02,C2,202624,11.4,11.3,0.09999999999999964,0.2572263051115258,0.24477162030659838,0.243282368475447,NEAR,NEAR,0.6,1,,,0.01,100
C2_n0.01_d100_r02,C2,202624,11.42,11.32,0.09999999999999964,0.25911895446541905,0.25220583013788606,0.24551323389105673,NEAR,NEAR,0.6,1,,,0.01,100
C2_n0.01_d100_r02,C2,202624,11.44,11.34,0.09999999999999964,0.26080463537331855,0.24178320476952708,0.24458072661067431,NEAR,NEAR,0.6,1,,,0.01,100
C2_n0.01_d100_r02,C2,202624,11.46,11.36,0.10000000000000142,0.2622450887607578,0.25141147951784404,0.24628841483746675,NEAR,NEAR,0.6,1,,,0.01,100
C2_n0.01_d100_r02,C2,202624,11.48,11.38,0.09999999999999964,0.263407621362269,0.2554203844936012,0.24857140725150034,NEAR,NEAR,0.6,1,,,0.01,100
C2_n0.01_d100_r02,C2,202624,11.5,11.4,0.09999999999999964,0.2642658477444273,0.25439723157962685,0.25002786333353194,NEAR,NEAR,0.6,1,,,0.01,100
C2_n0.01_d100_r02,C2,202624,11.52,11.42,0.09999999999999964,0.264800289163118,0.24672959030058625,0.2492032950752955,NEAR,NEAR,0.6,1,,,0.01,100
C2_n0.01_d100_r02,C2,202624,11.54,11.44,0.09999999999999964,0.2649988156630572,0.25204232276284577,0.24991305199718308,NEAR,NEAR,0.6,1,,,0.01,100
C2_n0.01_d100_r02,C2,202624,11.56,11.46,0.09999999999999964,0.26485692138544975,0.2617609637427917,0.25287502993358524,NEAR,NEAR,0.6,1,,,0.01,100
C2_n0.01_d100_r02,C2,202624,11.58,11.48,0.09999999999999964,0.2643778268352606,0.2552870475598637,0.25347803434015487,NEAR,NEAR,0.6,1,,,0.01,100
C2_n0.01_d100_r02,C2,202624,11.6,11.5,0.09999999999999964,0.2635724057869903,0.2653201049170785,0.2564385519843858,NEAR,NEAR,0.6,1,,,0.01,100
C2_n0.01_d100_r02,C2,202624,11.62,11.52,0.09999999999999964,0.2624589384879373,0.27137273651370375,0.26017209811671527,NEAR,NEAR,0.6,1,,,0.01,100
C2_n0.01_d100_r02,C2,202624,11.64,11.54,0.10000000000000142,0.2610626967603726,0.264211202295542,0.26118187416142197,NEAR,NEAR,0.6,1,,,0.01,100
C2_n0.01_d100_r02,C2,202624,11.66,11.56,0.09999999999999964,0.2594153704193605,0.26070681811550345,0.2610631101499423,NEAR,NEAR,0.6,1,,,0.01,100
C2_n0.01_d100_r02,C2,202624,11.68,11.58,0.09999999999999964,0.2575543480245365,0.2720411136200975,0.2638076110174811,NEAR,NEAR,0.6,1,,,0.01,100
C2_n0.01_d100_r02,C2,202624,11.7,11.6,0.09999999999999964,0.25552186829027024,0.25754223428429723,0.26224126683418514,NEAR,NEAR,0.6,1,,,0.01,100
C2_n0.01_d100_r02,C2,202624,11.72,11.62,0.10000000000000142,0.25336406141424067,0.2599853174174937,0.2616772794800123,NEAR,NEAR,0.6,1,,,0.01,100
C2_n0.01_d100_r02,C2,202624,11.74,11.64,0.09999999999999964,0.25112990208291897,0.2660091284234561,0.26276024171587326,NEAR,NEAR,0.6,1,,,0.01,100
C2_n0.01_d100_r02,C2,202624,11.76,11.66,0.09999999999999964,0.24887009791708103,0.23606307435085003,0.25608594987461747,NEAR,NEAR,0.6,1,,,0.01,100
C2_n0.01_d100_r02,C2,202624,11.78,11.68,0.09999999999999964,0.24663593858575936,0.2715452335805001,0.2599507708010881,NEAR,NEAR,0.6,1,,,0.01,100
C2_n0.01_d100_r02,C2,202624,11.8,11.7,0.10000000000000142,0.2444781317097298,0.2728966275744219,0.26318723499442154,NEAR,NEAR,0.6,1,,,0.01,100
C2_n0.01_d100_r02,C2,202624,11.82,11.72,0.09999999999999964,0.24244565197546356,0.2660918646383715,0.263913392405409,NEAR,NEAR,0.6,1,,,0.01,100
C2_n0.01_d100_r02,C2,202624,11.84,11.74,0.09999999999999964,0.2405846295806395,0.26724821259328363,0.2647470974523777,NEAR,NEAR,0.6,1,,,0.01,100
C2_n0.01_d100_r02,C2,202624,11.86,11.76,0.09999999999999964,0.23893730323962745,0.2513090119116906,0.2613875760672059,NEAR,NEAR,0.6,1,,,0.01,100
C2_n0.01_d100_r02,C2,202624,11.88,11.78,0.10000000000000142,0.23754106151206278,0.2550751528473142,0.259809470262233,NEAR,NEAR,0.6,1,,,0.01,100
C2_n0.01_d100_r02,C2,202624,11.9,11.8,0.09999999999999964,0.23642759421300968,0.22429530588049196,0.2509309291667977,NEAR,NEAR,0.6,1,,,0.01,100
C2_n0.01_d100_r02,C2,202624,11.92,11.82,0.09999999999999964,0.23562217316473938,0.2342191883942614,0.24675299397366363,NEAR,NEAR,0.6,1,,,0.01,100
C2_n0.01_d100_r02,C2,202624,11.94,11.84,0.09999999999999964,0.23514307861455025,0.23139217695254158,0.2429127897183831,NEAR,NEAR,0.6,1,,,0.01,100
C2_n0.01_d100_r02,C2,202624,11.96,11.86,0.10000000000000142,0.23500118433694275,0.22770938957673464,0.23911193968297095,NEAR,NEAR,0.6,1,,,0.01,100
C2_n0.01_d100_r02,C2,202624,11.98,11.88,0.09999999999999964,0.235199710836882,0.24116427107827762,0.23962502253179763,NEAR,NEAR,0.6,1,,,0.01,100
C2_n0.01_d100_r02,C2,202624,12.0,11.9,0.09999999999999964,0.25,0.22985605392862243,0.23718278038100382,NEAR,NEAR,0.6,1,,,0.01,100
C2_n0.01_d100_r02,C2,202624,12.02,11.92,0.09999999999999964,0.25175,0.2343049086739764,0.23646331245424695,NEAR,NEAR,0.6,1,,,0.01,100
C2_n0.01_d100_r02,C2,202624,12.04,11.94,0.09999999999999964,0.25349999999999995,0.2534007892677324,0.2406976816576183,NEAR,NEAR,0.6,1,,,0.01,100
C2_n0.01_d100_r02,C2,202624,12.06,11.96,0.09999999999999964,0.25525000000000003,0.2222375694437113,0.23608265360414155,NEAR,NEAR,0.6,1,,,0.01,100
C2_n0.01_d100_r02,C2,202624,12.08,11.98,0.09999999999999964,0.257,0.23805542284404752,0.236575845914118,NEAR,NEAR,0.6,1,,,0.01,100
C2_n0.01_d100_r02,C2,202624,12.1,12.0,0.09999999999999964,0.25875,0.2575889490496788,0.2418291216980082,NEAR,NEAR,0.6,1,,,0.01,100
C2_n0.01_d100_r02,C2,202624,12.12,12.02,0.09999999999999964,0.26049999999999995,0.2503426505505506,0.2439575039111438,NEAR,NEAR,0.6,1,,,0.01,100
C2_n0.01_d100_r02,C2,202624,12.14,12.04,0.10000000000000142,0.26225000000000004,0.2602321386272181,0.24802616259016236,NEAR,NEAR,0.6,1,,,0.01,100
C2_n0.01_d100_r02,C2,202624,12.16,12.06,0.09999999999999964,0.264,0.2575376445400802,0.2504040330776418,NEAR,NEAR,0.6,1,,,0.01,100
C2_n0.01_d100_r02,C2,202624,12.18,12.08,0.09999999999999964,0.26575,0.26805145542385833,0.2548158886641959,NEAR,NEAR,0.6,1,,,0.01,100
C2_n0.01_d100_r02,C2,202624,12.2,12.1,0.09999999999999964,0.26749999999999996,0.28080661073248203,0.26131356918126747,NEAR,NEAR,0.6,1,,,0.01,100
C2_n0.01_d100_r02,C2,202624,12.22,12.12,0.10000000000000142,0.26925000000000004,0.23549021337729653,0.25485773023027475,NEAR,NEAR,0.6,1,,,0.01,100
C2_n0.01_d100_r02,C2,202624,12.24,12.14,0.09999999999999964,0.271,0.2636659728310927,0.25705979088047926,NEAR,NEAR,0.6,1,,,0.01,100
C2_n0.01_d100_r02,C2,202624,12.26,12.16,0.09999999999999964,0.27275,0.2516095607499094,0.2556972333478368,NEAR,NEAR,0.6,1,,,0.01,100
C2_n0.01_d100_r02,C2,202624,12.28,12.18,0.09999999999999964,0.27449999999999997,0.25901597282566524,0.2565269182172939,NEAR,NEAR,0.6,1,,,0.01,100
C2_n0.01_d100_r02,C2,202624,12.3,12.2,0.10000000000000142,0.27625000000000005,0.2673114268670418,0.25922304537973084,NEAR,NEAR,0.6,1,,,0.01,100
C2_n0.01_d100_r02,C2,202624,12.32,12.22,0.09999999999999964,0.278,0.26366303056708995,0.2603330416765706,NEAR,NEAR,0.6,1,,,0.01,100
C2_n0.01_d100_r02,C2,202624,12.34,12.24,0.09999999999999964,0.27975,0.28525176346018927,0.2665627221224753,NEAR,NEAR,0.6,1,,,0.01,100
C2_n0.01_d100_r02,C2,202624,12.36,12.26,0.09999999999999964,0.2815,0.28565090501269547,0.2713347678450303,NEAR,NEAR,0.6,1,,,0.01,100
C2_n0.01_d100_r02,C2,202624,12.38,12.28,0.10000000000000142,0.28325000000000006,0.2754088948131153,0.27235329958705157,NEAR,NEAR,0.6,1,,,0.01,100
C2_n0.01_d100_r02,C2,202624,12.4,12.3,0.09999999999999964,0.28500000000000003,0.2847830779711915,0.2754607441830865,NEAR,NEAR,0.6,1,,,0.01,100
C2_n0.01_d100_r02,C2,202624,12.42,12.32,0.09999999999999964,0.28675,0.2705763567592947,0.27423964732713857,NEAR,NEAR,0.6,1,,,0.01,100
C2_n0.01_d100_r02,C2,202624,12.44,12.34,0.09999999999999964,0.2885,0.2724354267871975,0.2737885921921533,NEAR,NEAR,0.6,1,,,0.01,100
C2_n0.01_d100_r02,C2,202624,12.46,12.36,0.10000000000000142,0.29025000000000006,0.2818385559977285,0.2758010831435471,NEAR,NEAR,0.6,1,,,0.01,100
C2_n0.01_d100_r02,C2,202624,12.48,12.38,0.09999999999999964,0.29200000000000004,0.2833187223097475,0.2776804929350972,NEAR,NEAR,0.6,1,,,0.01,100
C2_n0.01_d100_r02,C2,202624,12.5,12.4,0.09999999999999964,0.29375,0.28678525168072866,0.2799566826215051,NEAR,NEAR,0.6,1,,,0.01,100
C2_n0.01_d100_r02,C2,202624,12.52,12.42,0.09999999999999964,0.2955,0.2965056161732945,0.28409391600945244,NEAR,NEAR,0.6,1,,,0.01,100
C2_n0.01_d100_r02,C2,202624,12.54,12.44,0.09999999999999964,0.2972499999999999,0.28575786031073075,0.284509902084772,NEAR,NEAR,0.6,1,,,0.01,100
C2_n0.01_d100_r02,C2,202624,12.56,12.46,0.09999999999999964,0.29900000000000004,0.29471476190338763,0.28706111703942594,NEAR,NEAR,0.6,1,,,0.01,100
C2_n0.01_d100_r02,C2,202624,12.58,12.48,0.09999999999999964,0.30075,0.29733214599017027,0.28962887427711204,NEAR,NEAR,0.6,1,,,0.01,100
C2_n0.01_d100_r02,C2,202624,12.6,12.5,0.09999999999999964,0.3025,0.2908737355402293,0.28994008959289136,NEAR,NEAR,0.6,1,,,0.01,100
C2_n0.01_d100_r02,C2,202624,12.62,12.52,0.09999999999999964,0.3042499999999999,0.2961363359830067,0.2914891511904202,NEAR,NEAR,0.6,1,,,0.01,100
C2_n0.01_d100_r02,C2,202624,12.64,12.54,0.10000000000000142,0.30600000000000005,0.30784775989859564,0.29557880336746406,NEAR,NEAR,0.6,1,,,0.01,100
C2_n0.01_d100_r02,C2,202624,12.66,12.56,0.09999999999999964,0.30775,0.3054329078998915,0.29804232950057097,NEAR,NEAR,0.6,1,,,0.01,100
C2_n0.01_d100_r02,C2,202624,12.68,12.58,0.09999999999999964,0.3095,0.2977315622408582,0.2979646376856428,NEAR,NEAR,0.6,1,,,0.01,100
C2_n0.01_d100_r02,C2,202624,12.7,12.6,0.09999999999999964,0.3112499999999999,0.303395835502406,0.2993224371398336,NEAR,NEAR,0.6,1,,,0.01,100
C2_n0.01_d100_r02,C2,202624,12.72,12.62,0.10000000000000142,0.31300000000000006,0.3047313169194851,0.3006746570847465,NEAR,NEAR,0.6,1,,,0.01,100
C2_n0.01_d100_r02,C2,202624,12.74,12.64,0.09999999999999964,0.31475000000000003,0.3122209910427738,0.3035612405742533,NEAR,NEAR,0.6,1,,,0.01,100
C2_n0.01_d100_r02,C2,202624,12.76,12.66,0.09999999999999964,0.3165,0.30418742098053025,0.3037177856758225,NEAR,NEAR,0.6,1,,,0.01,100
C2_n0.01_d100_r02,C2,202624,12.78,12.68,0.09999999999999964,0.3182499999999999,0.3010471233132466,0.30305012008517856,NEAR,NEAR,0.6,1,,,0.01,100
C2_n0.01_d100_r02,C2,202624,12.8,12.7,0.10000000000000142,0.32000000000000006,0.2895615502525617,0.29967797762702436,NEAR,NEAR,0.6,1,,,0.01,100
C2_n0.01_d100_r02,C2,202624,12.82,12.72,0.09999999999999964,0.32175000000000004,0.3058697919843904,0.30122593121636587,NEAR,NEAR,0.6,1,,,0.01,100
C2_n0.01_d100_r02,C2,202624,12.84,12.74,0.09999999999999964,0.3235,0.3053070606115488,0.30224621356516157,NEAR,NEAR,0.6,1,,,0.01,100
C2_n0.01_d100_r02,C2,202624,12.86,12.76,0.09999999999999964,0.32524999999999993,0.3225543891594437,0.3073232574637321,NEAR,NEAR,0.6,1,,,0.01,100
C2_n0.01_d100_r02,C2,202624,12.88,12.78,0.10000000000000142,0.32700000000000007,0.31819601283461507,0.31004144630645286,NEAR,NEAR,0.6,1,,,0.01,100
C2_n0.01_d100_r02,C2,202624,12.9,12.8,0.09999999999999964,0.32875000000000004,0.29912082571182785,0.3073112911577966,NEAR,NEAR,0.6,1,,,0.01,100
C2_n0.01_d100_r02,C2,202624,12.92,12.82,0.09999999999999964,0.3305,0.3226187030021551,0.3111381441188862,NEAR,NEAR,0.6,1,,,0.01,100
C2_n0.01_d100_r02,C2,202624,12.94,12.84,0.09999999999999964,0.33224999999999993,0.32326798058164125,0.31417060323457496,NEAR,NEAR,0.6,1,,,0.01,100
C2_n0.01_d100_r02,C2,202624,12.96,12.86,0.10000000000000142,0.3340000000000001,0.3155372583013247,0.3145122670012624,NEAR,NEAR,0.6,1,,,0.01,100
C2_n0.01_d100_r02,C2,202624,12.98,12.88,0.09999999999999964,0.33575000000000005,0.33517563648849086,0.3196781093730695,NEAR,NEAR,0.6,1,,,0.01,100
C2_n0.01_d100_r02,C2,202624,13.0,12.9,0.09999999999999964,0.3375,0.31701615655627974,0.3190126211688721,NEAR,NEAR,0.6,1,,,0.01,100
C2_n0.01_d100_r02,C2,202624,13.02,12.92,0.09999999999999964,0.33924999999999994,0.34146328486268424,0.32462528709232513,NEAR,NEAR,0.6,1,,,0.01,100
C2_n0.01_d100_r02,C2,202624,13.04,12.94,0.09999999999999964,0.3409999999999999,0.3466492344028049,0.33013127391994507,NEAR,NEAR,0.6,1,,,0.01,100
C2_n0.01_d100_r02,C2,202624,13.06,12.96,0.09999999999999964,0.34275000000000005,0.3533598330293629,0.3359384136972995,NEAR,NEAR,0.6,1,,,0.01,100
C2_n0.01_d100_r02,C2,202624,13.08,12.98,0.09999999999999964,0.34450000000000003,0.3281838506760362,0.33399977294198363,NEAR,NEAR,0.6,1,,,0.01,100
C2_n0.01_d100_r02,C2,202624,13.1,13.0,0.09999999999999964,0.34624999999999995,0.35434319887273613,0.33908562942467174,NEAR,NEAR,0.6,1,,,0.01,100
C2_n0.01_d100_r02,C2,202624,13.12,13.02,0.09999999999999964,0.3479999999999999,0.3377298509883733,0.3387466848155971,NEAR,NEAR,0.6,1,,,0.01,100
C2_n0.01_d100_r02,C2,202624,13.14,13.04,0.10000000000000142,0.34975000000000006,0.3500886600040939,0.34158217861272133,NEAR,NEAR,0.6,1,,,0.01,100
C2_n0.01_d100_r02,C2,202624,13.16,13.06,0.09999999999999964,0.35150000000000003,0.32346577837307894,0.33705307855281075,FAR,NEAR,0.6,1,,,0.01,100
C2_n0.01_d100_r02,C2,202624,13.18,13.08,0.09999999999999964,0.35324999999999995,0.36135281090268023,0.3431280116402781,FAR,NEAR,0.6,1,,,0.01,100
C2_n0.01_d100_r02,C2,202624,13.2,13.1,0.09999999999999964,0.3549999999999999,0.3331418414737161,0.3406314690986376,FAR,NEAR,0.6,1,,,0.01,100
C2_n0.01_d100_r02,C2,202624,13.22,13.12,0.10000000000000142,0.35675000000000007,0.3504424596051896,0.3430842167252756,FAR,NEAR,0.6,1,,,0.01,100
C2_n0.01_d100_r02,C2,202624,13.24,13.14,0.09999999999999964,0.35850000000000004,0.3410275975308465,0.34257006192666833,FAR,NEAR,0.6,1,,,0.01,100
C2_n0.01_d100_r02,C2,202624,13.26,13.16,0.09999999999999964,0.36024999999999996,0.3541967450604896,0.3454767327101237,FAR,NEAR,0.6,1,,,0.01,100
C2_n0.01_d100_r02,C2,202624,13.28,13.18,0.09999999999999964,0.36199999999999993,0.35238726945890253,0.3472043668973184,FAR,NEAR,0.6,1,,,0.01,100
C2_n0.01_d100_r02,C2,202624,13.3,13.2,0.10000000000000142,0.3637500000000001,0.3710292238589714,0.35316058113773163,FAR,NEAR,0.6,1,,,0.01,100
C2_n0.01_d100_r02,C2,202624,13.32,13.22,0.09999999999999964,0.36550000000000005,0.3452064400699126,0.3511720458707769,FAR,NEAR,0.6,1,,,0.01,100
C2_n0.01_d100_r02,C2,202624,13.34,13.24,0.09999999999999964,0.36724999999999997,0.3700764580845739,0.3558981489242261,FAR,NEAR,0.6,1,,,0.01,100
C2_n0.01_d100_r02,C2,202624,13.36,13.26,0.09999999999999964,0.36899999999999994,0.361712768404878,0.3573518037943891,FAR,NEAR,0.6,1,,,0.01,100
C2_n0.01_d100_r02,C2,202624,13.38,13.28,0.10000000000000142,0.3707500000000001,0.36214622113194517,0.35855040812877814,FAR,NEAR,0.6,1,,,0.01,100
C2_n0.01_d100_r02,C2,202624,13.4,13.3,0.09999999999999964,0.37250000000000005,0.36753256178349375,0.36079594654245706,FAR,NEAR,0.6,1,,,0.01,100
C2_n0.01_d100_r02,C2,202624,13.42,13.32,0.09999999999999964,0.37424999999999997,0.3608368284458013,0.3608061670182931,FAR,NEAR,0.6,1,,,0.01,100
C2_n0.01_d100_r02,C2,202624,13.44,13.34,0.09999999999999964,0.37599999999999995,0.35208720265633847,0.3586264259278044,FAR,NEAR,0.6,1,,,0.01,100
C2_n0.01_d100_r02,C2,202624,13.46,13.36,0.10000000000000142,0.37775000000000003,0.36845316836386477,0.3610831115368195,FAR,NEAR,0.6,1,,,0.01,100
C2_n0.01_d100_r02,C2,202624,13.48,13.38,0.09999999999999964,0.37950000000000006,0.37666673641289455,0.36497901775583824,FAR,NEAR,0.6,1,,,0.01,100
C2_n0.01_d100_r02,C2,202624,13.5,13.4,0.09999999999999964,0.38125,0.37611966912694383,0.3677641805986146,FAR,NEAR,0.6,1,,,0.01,100
C2_n0.01_d100_r02,C2,202624,13.52,13.42,0.09999999999999964,0.38299999999999995,0.378036551346526,0.3703322732855925,FAR,NEAR,0.6,1,,,0.01,100
C2_n0.01_d100_r02,C2,202624,13.54,13.44,0.09999999999999964,0.3847499999999999,0.3848175993960389,0.37395360481320405,FAR,NEAR,0.6,1,,,0.01,100
C2_n0.01_d100_r02,C2,202624,13.56,13.46,0.09999999999999964,0.38650000000000007,0.3880454738234748,0.37747657206577173,FAR,NEAR,0.6,1,,,0.01,100
C2_n0.01_d100_r02,C2,202624,13.58,13.48,0.09999999999999964,0.38825,0.3598344705107238,0.3730660466770097,FAR,NEAR,0.6,1,,,0.01,100
C2_n0.01_d100_r02,C2,202624,13.6,13.5,0.09999999999999964,0.38999999999999996,0.3620429925172833,0.3703102831370781,FAR,NEAR,0.6,1,,,0.01,100
C2_n0.01_d100_r02,C2,202624,13.62,13.52,0.09999999999999964,0.39174999999999993,0.37595205305318147,0.3717207256161039,FAR,NEAR,0.6,1,,,0.01,100
C2_n0.01_d100_r02,C2,202624,13.64,13.54,0.10000000000000142,0.39350000000000007,0.36819401567559257,0.37083904813097607,FAR,NEAR,0.6,1,,,0.01,100
C2_n0.01_d100_r02,C2,202624,13.66,13.56,0.09999999999999964,0.39525,0.39758499321730245,0.37752553440255765,FAR,NEAR,0.6,1,,,0.01,100
C2_n0.01_d100_r02,C2,202624,13.68,13.58,0.09999999999999964,0.39699999999999996,0.3861255353281689,0.3796755346339605,FAR,NEAR,0.6,1,,,0.01,100
C2_n0.01_d100_r02,C2,202624,13.7,13.6,0.09999999999999964,0.39874999999999994,0.3981296602839886,0.3842890660464675,FAR,FAR,0.0,1,EXIT_NEAR,,0.01,100
C2_n0.01_d100_r02,C2,202624,13.72,13.62,0.10000000000000142,0.4005000000000001,0.393543652536337,0.38660271266893487,FAR,FAR,0.0,1,,,0.01,100
C2_n0.01_d100_r02,C2,202624,13.74,13.64,0.09999999999999964,0.40225,0.4168244383158597,0.3941581440806661,FAR,FAR,0.0,1,,,0.01,100
C2_n0.01_d100_r02,C2,202624,13.76,13.66,0.09999999999999964,0.40399999999999997,0.40442938114099913,0.39672595334574934,FAR,FAR,0.0,1,,,0.01,100
C2_n0.01_d100_r02,C2,202624,13.78,13.68,0.09999999999999964,0.40574999999999994,0.4050062169538385,0.3987960192477716,FAR,FAR,0.0,1,,,0.01,100
C2_n0.01_d100_r02,C2,202624,13.8,13.7,0.10000000000000142,0.4075000000000001,0.39215518758991097,0.39713581133330644,FAR,FAR,0.0,1,,,0.01,100
C2_n0.01_d100_r02,C2,202624,13.82,13.72,0.09999999999999964,0.40925,0.40001753958195674,0.39785624339546904,FAR,FAR,0.0,1,,,0.01,100
C2_n0.01_d100_r02,C2,202624,13.84,13.74,0.09999999999999964,0.411,0.4115956198453292,0.4012910875079341,FAR,FAR,0.0,1,,,0.01,100
C2_n0.01_d100_r02,C2,202624,13.86,13.76,0.09999999999999964,0.41274999999999995,0.4026652884868439,0.4016346377526615,FAR,FAR,0.0,1,,,0.01,100
C2_n0.01_d100_r02,C2,202624,13.88,13.78,0.10000000000000142,0.4145000000000001,0.4052300796788944,0.40253349823421974,FAR,FAR,0.0,1,,,0.01,100
C2_n0.01_d100_r02,C2,202624,13.9,13.8,0.09999999999999964,0.41625,0.3939282465577423,0.4003821853151004,FAR,FAR,0.0,1,,,0.01,100
C2_n0.01_d100_r02,C2,202624,13.92,13.82,0.09999999999999964,0.418,0.39339587562810996,0.3986356078933528,FAR,FAR,0.0,1,,,0.01,100
C2_n0.01_d100_r02,C2,202624,13.94,13.84,0.09999999999999964,0.41974999999999996,0.4133935672241579,0.40232509772605407,FAR,FAR,0.0,1,,,0.01,100
C2_n0.01_d100_r02,C2,202624,13.96,13.86,0.10000000000000142,0.4215000000000001,0.4265355380574154,0.4083777078088944,FAR,FAR,0.0,1,,,0.01,100
C2_n0.01_d100_r02,C2,202624,13.98,13.88,0.09999999999999964,0.42325,0.413833150147691,0.40974156839359355,FAR,FAR,0.0,1,,,0.01,100
C2_n0.01_d100_r02,C2,202624,14.0,13.9,0.09999999999999964,0.425,0.42210293830789025,0.41283191087216775,FAR,FAR,0.0,1,,,0.01,100
C2_n0.01_d100_r02,C2,202624,14.02,13.92,0.09999999999999964,0.42674999999999996,0.419089746940404,0.41439636988922685,FAR,FAR,0.0,1,,,0.01,100
C2_n0.01_d100_r02,C2,202624,14.04,13.94,0.09999999999999964,0.4284999999999999,0.42113697469219147,0.416081521089968,FAR,FAR,0.0,1,,,0.01,100
C2_n0.01_d100_r02,C2,202624,14.06,13.96,0.09999999999999964,0.43025,0.43204809017572754,0.4200731633614079,FAR,FAR,0.0,1,,,0.01,100
C2_n0.01_d100_r02,C2,202624,14.08,13.98,0.09999999999999964,0.432,0.4227910247585365,0.42075262871069,FAR,FAR,0.0,1,,,0.01,100
C2_n0.01_d100_r02,C2,202624,14.1,14.0,0.09999999999999964,0.43374999999999997,0.42247436260879734,0.42118306218521684,FAR,FAR,0.0,1,,,0.01,100
C2_n0.01_d100_r02,C2,202624,14.12,14.02,0.09999999999999964,0.4354999999999999,0.43282827336971424,0.4240943649813412,FAR,FAR,0.0,1,,,0.01,100
C2_n0.01_d100_r02,C2,202624,14.14,14.04,0.10000000000000142,0.43725,0.4348818030919243,0.426791224508987,FAR,FAR,0.0,1,,,0.01,100
C2_n0.01_d100_r02,C2,202624,14.16,14.06,0.09999999999999964,0.439,0.4311289009908257,0.42787564362944663,FAR,FAR,0.0,1,,,0.01,100
C2_n0.01_d100_r02,C2,202624,14.18,14.08,0.09999999999999964,0.44075,0.4306337066803434,0.4285651593921708,FAR,FAR,0.0,1,,,0.01,100
C2_n0.01_d100_r02,C2,202624,14.2,14.1,0.09999999999999964,0.4424999999999999,0.4453373108915414,0.4327581972670135,FAR,FAR,0.0,1,,,0.01,100
C2_n0.01_d100_r02,C2,202624,14.22,14.12,0.10000000000000142,0.44425000000000003,0.41859251003919534,0.42921677546005893,FAR,FAR,0.0,1,,,0.01,100
C2_n0.01_d100_r02,C2,202624,14.24,14.14,0.09999999999999964,0.446,0.4509634816915689,0.4346534520179364,FAR,FAR,0.0,1,,,0.01,100
C2_n0.01_d100_r02,C2,202624,14.26,14.16,0.09999999999999964,0.44775,0.44571029590976985,0.4374176629908948,FAR,FAR,0.0,1,,,0.01,100
C2_n0.01_d100_r02,C2,202624,14.28,14.18,0.09999999999999964,0.4494999999999999,0.44578908376648985,0.4395105181847936,FAR,FAR,0.0,1,,,0.01,100
C2_n0.01_d100_r02,C2,202624,14.3,14.2,0.10000000000000142,0.45125000000000004,0.4371220056222969,0.4389133900441694,FAR,FAR,0.0,1,,,0.01,100
C2_n0.01_d100_r02,C2,202624,14.32,14.22,0.09999999999999964,0.453,0.43918604905294806,0.4389815547963641,FAR,FAR,0.0,1,,,0.01,100
C2_n0.01_d100_r02,C2,202624,14.34,14.24,0.09999999999999964,0.45475,0.45101266410502977,0.44198933212353053,FAR,FAR,0.0,1,,,0.01,100
C2_n0.01_d100_r02,C2,202624,14.36,14.26,0.09999999999999964,0.4564999999999999,0.4433921055749835,0.4423400254863938,FAR,FAR,0.0,1,,,0.01,100
C2_n0.01_d100_r02,C2,202624,14.38,14.28,0.10000000000000142,0.45825000000000005,0.439812917212614,0.4417082484179488,FAR,FAR,0.0,1,,,0.01,100
C2_n0.01_d100_r02,C2,202624,14.4,14.3,0.09999999999999964,0.46,0.46400657902648496,0.4472828310700828,FAR,FAR,0.0,1,,,0.01,100
C2_n0.01_d100_r02,C2,202624,14.42,14.32,0.09999999999999964,0.46175,0.44239520341788197,0.4460609241570326,FAR,FAR,0.0,1,,,0.01,100
C2_n0.01_d100_r02,C2,202624,14.44,14.34,0.09999999999999964,0.4634999999999999,0.4589379748058888,0.44928018681924664,FAR,FAR,0.0,1,,,0.01,100
C2_n0.01_d100_r02,C2,202624,14.46,14.36,0.10000000000000142,0.46525000000000005,0.4716065910744346,0.45486178788304366,FAR,FAR,0.0,1,,,0.01,100
C2_n0.01_d100_r02,C2,202624,14.48,14.38,0.09999999999999964,0.467,0.46101831530697457,0.4564009197390264,FAR,FAR,0.0,1,,,0.01,100
C2_n0.01_d100_r02,C2,202624,14.5,14.4,0.09999999999999964,0.46875,0.45839658809176087,0.45689983682721,FAR,FAR,0.0,1,,,0.01,100
C2_n0.01_d100_r02,C2,202624,14.52,14.42,0.09999999999999964,0.4704999999999999,0.461314280364731,0.45800344771159024,FAR,FAR,0.0,1,,,0.01,100
C2_n0.01_d100_r02,C2,202624,14.54,14.44,0.09999999999999964,0.47224999999999995,0.4593439595176825,0.4583385756631133,FAR,FAR,0.0,1,,,0.01,100
C2_n0.01_d100_r02,C2,202624,14.56,14.46,0.09999999999999964,0.47400000000000003,0.4753344400164433,0.4625875417514458,FAR,FAR,0.0,1,,,0.01,100
C2_n0.01_d100_r02,C2,202624,14.58,14.48,0.09999999999999964,0.47575,0.4528640514015208,0.4601566691639645,FAR,FAR,0.0,1,,,0.01,100
C2_n0.01_d100_r02,C2,202624,14.6,14.5,0.09999999999999964,0.4774999999999999,0.45573221719814905,0.45905055617251067,FAR,FAR,0.0,1,,,0.01,100
C2_n0.01_d100_r02,C2,202624,14.62,14.52,0.09999999999999964,0.47924999999999995,0.4659783876703773,0.46078251404697734,FAR,FAR,0.0,1,,,0.01,100
C2_n0.01_d100_r02,C2,202624,14.64,14.54,0.10000000000000142,0.48100000000000004,0.47399543289009816,0.4640857437577575,FAR,FAR,0.0,1,,,0.01,100
C2_n0.01_d100_r02,C2,202624,14.66,14.56,0.09999999999999964,0.48275,0.46621224483379153,0.46461736902676604,FAR,FAR,0.0,1,,,0.01,100
C2_n0.01_d100_r02,C2,202624,14.68,14.58,0.09999999999999964,0.48449999999999993,0.476882050643918,0.467683539431054,FAR,FAR,0.0,1,,,0.01,100
C2_n0.01_d100_r02,C2,202624,14.7,14.6,0.09999999999999964,0.48624999999999996,0.4987338891159236,0.4754461268522714,FAR,FAR,0.0,1,,,0.01,100
C2_n0.01_d100_r02,C2,202624,14.72,14.62,0.10000000000000142,0.48800000000000004,0.4973404770227956,0.48091971439490244,FAR,FAR,0.0,1,,,0.01,100
C2_n0.01_d100_r02,C2,202624,14.74,14.64,0.09999999999999964,0.48975,0.47262240042962805,0.47884538590358383,FAR,FAR,0.0,1,,,0.01,100
C2_n0.01_d100_r02,C2,202624,14.76,14.66,0.09999999999999964,0.49149999999999994,0.48035649968851213,0.4792231643498159,FAR,FAR,0.0,1,,,0.01,100
C2_n0.01_d100_r02,C2,202624,14.78,14.68,0.09999999999999964,0.49324999999999997,0.4978694982888329,0.48388474783457014,FAR,FAR,0.0,1,,,0.01,100
C2_n0.01_d100_r02,C2,202624,14.8,14.7,0.10000000000000142,0.49500000000000005,0.4865844160515576,0.484559664888817,FAR,FAR,0.0,1,,,0.01,100
C2_n0.01_d100_r02,C2,202624,14.82,14.72,0.09999999999999964,0.49675,0.493585947747695,0.4868162356035365,FAR,FAR,0.0,1,,,0.01,100
C2_n0.01_d100_r02,C2,202624,14.84,14.74,0.09999999999999964,0.49849999999999994,0.49578655852578196,0.48905881633409787,FAR,FAR,0.0,1,,,0.01,100
C2_n0.01_d100_r02,C2,202624,14.86,14.76,0.09999999999999964,0.5002499999999999,0.5026730651687021,0.49246237854274894,FAR,FAR,0.0,1,,,0.01,100
C2_n0.01_d100_r02,C2,202624,14.88,14.78,0.10000000000000142,0.502,0.48456053272050204,0.4904869170871872,FAR,FAR,0.0,1,,,0.01,100
C2_n0.01_d100_r02,C2,202624,14.9,14.8,0.09999999999999964,0.50375,0.48572033778786217,0.4892952722623559,FAR,FAR,0.0,1,,,0.01,100
C2_n0.01_d100_r02,C2,202624,14.92,14.82,0.09999999999999964,0.5055000000000001,0.48534160397604453,0.48830685519077804,FAR,FAR,0.0,1,,,0.01,100
C2_n0.01_d100_r02,C2,202624,14.94,14.84,0.09999999999999964,0.50725,0.5015198292940286,0.49161009871659067,FAR,FAR,0.0,1,,,0.01,100
C2_n0.01_d100_r02,C2,202624,14.96,14.86,0.10000000000000142,0.5090000000000001,0.5002695489434936,0.49377496127331644,FAR,FAR,0.0,1,,,0.01,100
C2_n0.01_d100_r02,C2,202624,14.98,14.88,0.09999999999999964,0.51075,0.5106299541807333,0.49798870950017066,FAR,FAR,0.0,1,,,0.01,100
C2_n0.01_d100_r02,C2,202624,15.0,14.9,0.09999999999999964,0.5125,0.5063225065363971,0.5000721587592273,FAR,FAR,0.0,1,,,0.01,100
C2_n0.01_d100_r02,C2,202624,15.02,14.92,0.09999999999999964,0.5142499999999999,0.5093423095236294,0.5023896964503278,FAR,FAR,0.0,1,,,0.01,100
C2_n0.01_d100_r02,C2,202624,15.04,14.94,0.09999999999999964,0.5159999999999999,0.5103209127238619,0.5043725005187114,FAR,FAR,0.0,1,,,0.01,100
C2_n0.01_d100_r02,C2,202624,15.06,14.96,0.09999999999999964,0.51775,0.5156599656203198,0.5071943667941134,FAR,FAR,0.0,1,,,0.01,100
C2_n0.01_d100_r02,C2,202624,15.08,14.98,0.09999999999999964,0.5195,0.5190875780115645,0.5101676695984763,FAR,FAR,0.0,1,,,0.01,100
C2_n0.01_d100_r02,C2,202624,15.1,15.0,0.09999999999999964,0.52125,0.5460146334800537,0.5191294105688706,FAR,FAR,0.0,1,,,0.01,100
C2_n0.01_d100_r02,C2,202624,15.12,15.02,0.09999999999999964,0.5229999999999999,0.5263250137916554,0.5209283113745669,FAR,FAR,0.0,1,,,0.01,100
C2_n0.01_d100_r02,C2,202624,15.14,15.04,0.10000000000000142,0.52475,0.5090962353054607,0.5179702923572903,FAR,FAR,0.0,1,,,0.01,100
C2_n0.01_d100_r02,C2,202624,15.16,15.06,0.09999999999999964,0.5265,0.5190754651697803,0.5182465855604128,FAR,FAR,0.0,1,,,0.01,100
C2_n0.01_d100_r02,C2,202624,15.18,15.08,0.09999999999999964,0.5282499999999999,0.5304844130948725,0.5213060424440277,FAR,FAR,0.0,1,,,0.01,100
C2_n0.01_d100_r02,C2,202624,15.2,15.1,0.09999999999999964,0.5299999999999999,0.5113786687298365,0.5188241990154798,FAR,FAR,0.0,1,,,0.01,100
C2_n0.01_d100_r02,C2,202624,15.22,15.12,0.10000000000000142,0.5317500000000001,0.534612941088817,0.5227713845338141,FAR,FAR,0.0,1,,,0.01,100
C2_n0.01_d100_r02,C2,202624,15.24,15.14,0.09999999999999964,0.5335,0.5135059756141779,0.520455032303905,FAR,FAR,0.0,1,,,0.01,100
C2_n0.01_d100_r02,C2,202624,15.26,15.16,0.09999999999999964,0.53525,0.536347971142455,0.5244282670135425,FAR,FAR,0.0,1,,,0.01,100
C2_n0.01_d100_r02,C2,202624,15.28,15.18,0.09999999999999964,0.5369999999999999,0.5439661273677778,0.5293127321021014,FAR,FAR,0.0,1,,,0.01,100
C2_n0.01_d100_r02,C2,202624,15.3,15.2,0.10000000000000142,0.5387500000000001,0.5331323146734648,0.5302676277449423,FAR,FAR,0.0,1,,,0.01,100
C2_n0.01_d100_r02,C2,202624,15.32,15.22,0.09999999999999964,0.5405,0.5429924074463077,0.5334488226702836,FAR,FAR,0.0,1,,,0.01,100
C2_n0.01_d100_r02,C2,202624,15.34,15.24,0.09999999999999964,0.5422499999999999,0.5374157861096039,0.5344405635301137,FAR,FAR,0.0,1,,,0.01,100
C2_n0.01_d100_r02,C2,202624,15.36,15.26,0.09999999999999964,0.5439999999999999,0.5487169365134629,0.538009656775951,FAR,FAR,0.0,1,,,0.01,100
C2_n0.01_d100_r02,C2,202624,15.38,15.28,0.10000000000000142,0.5457500000000001,0.5401442973649474,0.5385433169232001,FAR,FAR,0.0,1,,,0.01,100
C2_n0.01_d100_r02,C2,202624,15.4,15.3,0.09999999999999964,0.5475,0.5345087057107885,0.5375346641200972,FAR,FAR,0.0,1,,,0.01,100
C2_n0.01_d100_r02,C2,202624,15.42,15.32,0.09999999999999964,0.54925,0.537179204049131,0.5374457991023557,FAR,FAR,0.0,1,,,0.01,100
C2_n0.01_d100_r02,C2,202624,15.44,15.34,0.09999999999999964,0.5509999999999999,0.5357282282888981,0.5370164063989913,FAR,FAR,0.0,1,,,0.01,100
C2_n0.01_d100_r02,C2,202624,15.46,15.36,0.10000000000000142,0.5527500000000001,0.5630820677642858,0.5435328217403149,FAR,FAR,0.0,1,,,0.01,100
C2_n0.01_d100_r02,C2,202624,15.48,15.38,0.09999999999999964,0.5545,0.5454069225479203,0.5440013469422162,FAR,FAR,0.0,1,,,0.01,100
C2_n0.01_d100_r02,C2,202624,15.5,15.4,0.09999999999999964,0.5562499999999999,0.5347116659232996,0.5416789266874871,FAR,FAR,0.0,1,,,0.01,100
C2_n0.01_d100_r02,C2,202624,15.52,15.42,0.09999999999999964,0.5579999999999999,0.5510238798821996,0.5440151649861652,FAR,FAR,0.0,1,,,0.01,100
C2_n0.01_d100_r02,C2,202624,15.54,15.44,0.09999999999999964,0.55975,0.543477227599885,0.5438806806395952,FAR,FAR,0.0,1,,,0.01,100
C2_n0.01_d100_r02,C2,202624,15.56,15.46,0.09999999999999964,0.5615,0.5657892453083976,0.5493578218067958,FAR,FAR,0.0,1,,,0.01,100
C2_n0.01_d100_r02,C2,202624,15.58,15.48,0.09999999999999964,0.56325,0.5611800092386937,0.5523133686647703,FAR,FAR,0.0,1,,,0.01,100
C2_n0.01_d100_r02,C2,202624,15.6,15.5,0.09999999999999964,0.565,0.5565900359612714,0.5533825354888956,FAR,FAR,0.0,1,,,0.01,100
C2_n0.01_d100_r02,C2,202624,15.62,15.52,0.09999999999999964,0.5667499999999999,0.549606912051669,0.552438629629589,FAR,FAR,0.0,1,,,0.01,100
C2_n0.01_d100_r02,C2,202624,15.64,15.54,0.10000000000000142,0.5685,0.5505394975868679,0.5519638466189087,FAR,FAR,0.0,1,,,0.01,100
C2_n0.01_d100_r02,C2,202624,15.66,15.56,0.09999999999999964,0.5702499999999999,0.5598367682539961,0.5539320770276805,FAR,FAR,0.0,1,,,0.01,100
C2_n0.01_d100_r02,C2,202624,15.68,15.58,0.09999999999999964,0.572,0.5736909026157904,0.558871783424708,FAR,FAR,0.0,1,,,0.01,100
C2_n0.01_d100_r02,C2,202624,15.7,15.6,0.09999999999999964,0.57375,0.5796675724123147,0.5640707306716096,FAR,FAR,0.0,1,,,0.01,100
C2_n0.01_d100_r02,C2,202624,15.72,15.62,0.10000000000000142,0.5755,0.5793392446020132,0.5678878591542106,FAR,FAR,0.0,1,,,0.01,100
C2_n0.01_d100_r02,C2,202624,15.74,15.64,0.09999999999999964,0.57725,0.5720736604492335,0.5689343094779663,FAR,FAR,0.0,1,,,0.01,100
C2_n0.01_d100_r02,C2,202624,15.76,15.66,0.09999999999999964,0.579,0.5614071375308255,0.567052516491181,FAR,FAR,0.0,1,,,0.01,100
C2_n0.01_d100_r02,C2,202624,15.78,15.68,0.09999999999999964,0.5807499999999999,0.5921416736810918,0.5733248057886587,FAR,FAR,0.0,1,,,0.01,100
C2_n0.01_d100_r02,C2,202624,15.8,15.7,0.10000000000000142,0.5825,0.5607957586360969,0.5701925440005182,FAR,FAR,0.0,1,,,0.01,100
C2_n0.01_d100_r02,C2,202624,15.82,15.72,0.09999999999999964,0.5842499999999999,0.583341373985798,0.5734797514968382,FAR,FAR,0.0,1,,,0.01,100
C2_n0.01_d100_r02,C2,202624,15.84,15.74,0.09999999999999964,0.586,0.5646217756183823,0.5712652575272242,FAR,FAR,0.0,1,,,0.01,100
C2_n0.01_d100_r02,C2,202624,15.86,15.76,0.09999999999999964,0.58775,0.5699115634848557,0.570926834016632,FAR,FAR,0.0,1,,,0.01,100
C2_n0.01_d100_r02,C2,202624,15.88,15.78,0.10000000000000142,0.5895,0.5864827805734253,0.5748158206558304,FAR,FAR,0.0,1,,,0.01,100
C2_n0.01_d100_r02,C2,202624,15.9,15.8,0.09999999999999964,0.59125,0.5717041609403574,0.5740379057269621,FAR,FAR,0.0,1,,,0.01,100
C2_n0.01_d100_r02,C2,202624,15.92,15.82,0.09999999999999964,0.593,0.5889831550849872,0.5777742180664684,FAR,FAR,0.0,1,,,0.01,100
C2_n0.01_d100_r02,C2,202624,15.94,15.84,0.09999999999999964,0.5947499999999999,0.5800305596372944,0.5783383034591749,FAR,FAR,0.0,1,,,0.01,100
C2_n0.01_d100_r02,C2,202624,15.96,15.86,0.10000000000000142,0.5965,0.5877160789860635,0.5806827473408971,FAR,FAR,0.0,1,,,0.01,100
C2_n0.01_d100_r02,C2,202624,15.98,15.88,0.09999999999999964,0.59825,0.6014285789255487,0.58586920523706,FAR,FAR,0.0,1,,,0.01,100
C2_n0.01_d100_r02,C2,202624,16.0,15.9,0.09999999999999964,0.6,0.5870025822190267,0.5861525494825517,FAR,FAR,0.0,1,,,0.01,100
C2_n0.01_d100_r02,C2,202624,16.02,15.92,0.09999999999999964,0.6,0.5908237119034352,0.5873203400877726,FAR,FAR,0.0,1,,,0.01,100
C2_n0.01_d100_r02,C2,202624,16.04,15.94,0.09999999999999964,0.6,0.5899949786033273,0.5879889997166612,FAR,FAR,0.0,1,,,0.01,100
C2_n0.01_d100_r02,C2,202624,16.06,15.96,0.09999999999999787,0.6,0.6016604938830548,0.5914068732582596,FAR,FAR,0.0,1,,,0.01,100
C2_n0.01_d100_r02,C2,202624,16.08,15.98,0.09999999999999787,0.6,0.6002525349540024,0.5936182886821952,FAR,FAR,0.0,1,,,0.01,100
C2_n0.01_d100_r02,C2,202624,16.1,16.0,0.10000000000000142,0.6,0.6010538007575538,0.5954771667010349,FAR,FAR,0.0,1,,,0.01,100
C2_n0.01_d100_r02,C2,202624,16.12,16.02,0.10000000000000142,0.6,0.5948830997896883,0.5953286499731982,FAR,FAR,0.0,1,,,0.01,100
C2_n0.01_d100_r02,C2,202624,16.14,16.04,0.10000000000000142,0.6,0.6014135965506837,0.5968498866175695,FAR,FAR,0.0,1,,,0.01,100
C2_n0.01_d100_r02,C2,202624,16.16,16.06,0.10000000000000142,0.6,0.599639709205853,0.5975473422646405,FAR,FAR,0.0,1,,,0.01,100
C2_n0.01_d100_r02,C2,202624,16.18,16.08,0.10000000000000142,0.6,0.6127435124810736,0.6013463848187488,FAR,FAR,0.0,1,,,0.01,100
C2_n0.01_d100_r02,C2,202624,16.2,16.1,0.09999999999999787,0.6,0.6044339486167924,0.6021182757682597,FAR,FAR,0.0,1,,,0.01,100
C2_n0.01_d100_r02,C2,202624,16.22,16.12,0.09999999999999787,0.6,0.6010449405581033,0.6018499419657206,FAR,FAR,0.0,1,,,0.01,100
C2_n0.01_d100_r02,C2,202624,16.24,16.14,0.09999999999999787,0.6,0.579578945250778,0.596282192786985,FAR,FAR,0.0,1,,,0.01,100
C2_n0.01_d100_r02,C2,202624,16.26,16.16,0.10000000000000142,0.6,0.6069040339294803,0.5989376530726088,FAR,FAR,0.0,1,,,0.01,100
C2_n0.01_d100_r02,C2,202624,16.28,16.18,0.10000000000000142,0.6,0.597223776236134,0.5985091838634902,FAR,FAR,0.0,1,,,0.01,100
C2_n0.01_d100_r02,C2,202624,16.3,16.2,0.10000000000000142,0.6,0.6197986024096899,0.6038315385000401,FAR,FAR,0.0,1,,,0.01,100
C2_n0.01_d100_r02,C2,202624,16.32,16.22,0.10000000000000142,0.6,0.6036150749036333,0.6037774226009385,FAR,FAR,0.0,1,,,0.01,100
C2_n0.01_d100_r02,C2,202624,16.34,16.24,0.10000000000000142,0.6,0.607204878665785,0.6046342866171501,FAR,FAR,0.0,1,,,0.01,100
C2_n0.01_d100_r02,C2,202624,16.36,16.26,0.09999999999999787,0.6,0.5901871993243087,0.6010225147939398,FAR,FAR,0.0,1,,,0.01,100
C2_n0.01_d100_r02,C2,202624,16.38,16.28,0.09999999999999787,0.6,0.5791982044081188,0.5955664371974845,FAR,FAR,0.0,1,,,0.01,100
C2_n0.01_d100_r02,C2,202624,16.4,16.3,0.09999999999999787,0.6,0.5831499783397504,0.592462322483051,FAR,FAR,0.0,1,,,0.01,100
C2_n0.01_d100_r02,C2,202624,16.42,16.32,0.10000000000000142,0.6,0.5841156537547809,0.5903756553009835,FAR,FAR,0.0,1,,,0.01,100
C2_n0.01_d100_r02,C2,202624,16.44,16.34,0.10000000000000142,0.6,0.6206975871682372,0.5979561382677969,FAR,FAR,0.0,1,,,0.01,100
C2_n0.01_d100_r02,C2,202624,16.46,16.36,0.10000000000000142,0.6,0.6002719344753835,0.5985350873196935,FAR,FAR,0.0,1,,,0.01,100
C2_n0.01_d100_r02,C2,202624,16.48,16.38,0.10000000000000142,0.6,0.5881501587337,0.5959388551731951,FAR,FAR,0.0,1,,,0.01,100
C2_n0.01_d100_r02,C2,202624,16.5,16.4,0.10000000000000142,0.6,0.5992636420068849,0.5967700518816175,FAR,FAR,0.0,1,,,0.01,100
C2_n0.01_d100_r02,C2,202624,16.52,16.42,0.09999999999999787,0.6,0.5943240722085872,0.5961585569633598,FAR,FAR,0.0,1,,,0.01,100
C2_n0.01_d100_r02,C2,202624,16.54,16.44,0.09999999999999787,0.6,0.6071059075844638,0.5988953946186358,FAR,FAR,0.0,1,,,0.01,100
C2_n0.01_d100_r02,C2,202624,16.56,16.46,0.09999999999999787,0.6,0.613713276085228,0.602599864985284,FAR,FAR,0.0,1,,,0.01,100
C2_n0.01_d100_r02,C2,202624,16.58,16.48,0.09999999999999787,0.6,0.6059059340701765,0.6034263822565071,FAR,FAR,0.0,1,,,0.01,100
C2_n0.01_d100_r02,C2,202624,16.6,16.5,0.10000000000000142,0.6,0.6044091298001272,0.6036720691424121,FAR,FAR,0.0,1,,,0.01,100
C2_n0.01_d100_r02,C2,202624,16.62,16.52,0.10000000000000142,0.6,0.598875776609537,0.6024729960091932,FAR,FAR,0.0,1,,,0.01,100
C2_n0.01_d100_r02,C2,202624,16.64,16.54,0.10000000000000142,0.6,0.596574976651893,0.6009984911698681,FAR,FAR,0.0,1,,,0.01,100
C2_n0.01_d100_r02,C2,202624,16.66,16.56,0.10000000000000142,0.6,0.6166498902508916,0.604911340940124,FAR,FAR,0.0,1,,,0.01,100
C2_n0.01_d100_r02,C2,202624,16.68,16.58,0.10000000000000142,0.6,0.586943007169113,0.6004192574973712,FAR,FAR,0.0,1,,,0.01,100
C2_n0.01_d100_r02,C2,202624,16.7,16.6,0.09999999999999787,0.6,0.6143741313138144,0.603907975951482,FAR,FAR,0.0,1,,,0.01,100
C2_n0.01_d100_r02,C2,202624,16.72,16.62,0.09999999999999787,0.6,0.5899674054818977,0.600422833334086,FAR,FAR,0.0,1,,,0.01,100
C2_n0.01_d100_r02,C2,202624,16.74,16.64,0.09999999999999787,0.6,0.5880961092057858,0.5973411523020109,FAR,FAR,0.0,1,,,0.01,100
C2_n0.01_d100_r02,C2,202624,16.76,16.66,0.10000000000000142,0.6,0.6021443165197237,0.5985419433564391,FAR,FAR,0.0,1,,,0.01,100
C2_n0.01_d100_r02,C2,202624,16.78,16.68,0.10000000000000142,0.6,0.5803753933599617,0.5940003058573197,FAR,FAR,0.0,1,,,0.01,100
C2_n0.01_d100_r02,C2,202624,16.8,16.7,0.10000000000000142,0.6,0.5992614745050674,0.5953155980192566,FAR,FAR,0.0,1,,,0.01,100
C2_n0.01_d100_r02,C2,202624,16.82,16.72,0.10000000000000142,0.6,0.6175772908523947,0.6008810212275411,FAR,FAR,0.0,1,,,0.01,100
C2_n0.01_d100_r02,C2,202624,16.84,16.74,0.10000000000000142,0.6,0.5991569644201518,0.6004500070256937,FAR,FAR,0.0,1,,,0.01,100
C2_n0.01_d100_r02,C2,202624,16.86,16.76,0.09999999999999787,0.6,0.5915259924048497,0.5982190033704827,FAR,FAR,0.0,1,,,0.01,100
C2_n0.01_d100_r02,C2,202624,16.88,16.78,0.09999999999999787,0.6,0.6083924123692427,0.6007623556201727,FAR,FAR,0.0,1,,,0.01,100
C2_n0.01_d100_r02,C2,202624,16.9,16.8,0.09999999999999787,0.6,0.5903051435452253,0.5981480526014358,FAR,FAR,0.0,1,,,0.01,100
C2_n0.01_d100_r02,C2,202624,16.92,16.82,0.10000000000000142,0.6,0.5960857441751939,0.5976324754948753,FAR,FAR,0.0,1,,,0.01,100
C2_n0.01_d100_r02,C2,202624,16.94,16.84,0.10000000000000142,0.6,0.6125845791611613,0.6013705014114468,FAR,FAR,0.0,1,,,0.01,100
C2_n0.01_d100_r02,C2,202624,16.96,16.86,0.10000000000000142,0.6,0.5956244223710404,0.5999339816513451,FAR,FAR,0.0,1,,,0.01,100
C2_n0.01_d100_r02,C2,202624,16.98,16.88,0.10000000000000142,0.6,0.5968669870046142,0.5991672329896625,FAR,FAR,0.0,1,,,0.01,100
C2_n0.01_d100_r02,C2,202624,17.0,16.9,0.10000000000000142,0.6,0.5948538500968397,0.5980888872664567,FAR,FAR,0.0,1,,,0.01,100
C2_n0.01_d100_r02,C2,202624,17.02,16.92,0.09999999999999787,0.6,0.5984069208815755,0.5981683956702364,FAR,FAR,0.0,1,,,0.01,100
C2_n0.01_d100_r02,C2,202624,17.04,16.94,0.09999999999999787,0.6,0.5928391955917749,0.596836095650621,FAR,FAR,0.0,1,,,0.01,100
C2_n0.01_d100_r02,C2,202624,17.06,16.96,0.09999999999999787,0.6,0.6010613675992337,0.5978924136377742,FAR,FAR,0.0,1,,,0.01,100
C2_n0.01_d100_r02,C2,202624,17.08,16.98,0.09999999999999787,0.6,0.6092203966344852,0.600724409386952,FAR,FAR,0.0,1,,,0.01,100
C2_n0.01_d100_r02,C2,202624,17.1,17.0,0.10000000000000142,0.6,0.6007110871666984,0.6007210788318886,FAR,FAR,0.0,1,,,0.01,100
C2_n0.01_d100_r02,C2,202624,17.12,17.02,0.10000000000000142,0.6,0.6041987857157277,0.6015905055528484,FAR,FAR,0.0,1,,,0.01,100
C2_n0.01_d100_r02,C2,202624,17.14,17.04,0.10000000000000142,0.6,0.5904750887621384,0.5988116513551709,FAR,FAR,0.0,1,,,0.01,100
C2_n0.01_d100_r02,C2,202624,17.16,17.06,0.10000000000000142,0.6,0.6098447519295345,0.6015699264987617,FAR,FAR,0.0,1,,,0.01,100
C2_n0.01_d100_r02,C2,202624,17.18,17.08,0.10000000000000142,0.6,0.5938057666532974,0.5996288865373957,FAR,FAR,0.0,1,,,0.01,100
C2_n0.01_d100_r02,C2,202624,17.2,17.1,0.09999999999999787,0.6,0.6117495927587713,0.6026590630927395,FAR,FAR,0.0,1,,,0.01,100
C2_n0.01_d100_r02,C2,202624,17.22,17.12,0.09999999999999787,0.6,0.5999105150845769,0.6019719260906988,FAR,FAR,0.0,1,,,0.01,100
C2_n0.01_d100_r02,C2,202624,17.24,17.14,0.09999999999999787,0.6,0.6201333028681457,0.6065122702850605,FAR,FAR,0.0,1,,,0.01,100
C2_n0.01_d100_r02,C2,202624,17.26,17.16,0.10000000000000142,0.6,0.6102504901525793,0.6074468252519402,FAR,FAR,0.0,1,,,0.01,100
C2_n0.01_d100_r02,C2,202624,17.28,17.18,0.10000000000000142,0.6,0.5947945345148294,0.6042837525676625,FAR,FAR,0.0,1,,,0.01,100
C2_n0.01_d100_r02,C2,202624,17.3,17.2,0.10000000000000142,0.6,0.6005988700043627,0.6033625319268376,FAR,FAR,0.0,1,,,0.01,100
C2_n0.01_d100_r02,C2,202624,17.32,17.22,0.10000000000000142,0.6,0.5930341187311938,0.6007804286279267,FAR,FAR,0.0,1,,,0.01,100
C2_n0.01_d100_r02,C2,202624,17.34,17.24,0.10000000000000142,0.6,0.5907587339984223,0.5982750049705505,FAR,FAR,0.0,1,,,0.01,100
C2_n0.01_d100_r02,C2,202624,17.36,17.26,0.09999999999999787,0.6,0.5947637628770103,0.5973971944471654,FAR,FAR,0.0,1,,,0.01,100
C2_n0.01_d100_r02,C2,202624,17.38,17.28,0.09999999999999787,0.6,0.5995759250910975,0.5979418771081484,FAR,FAR,0.0,1,,,0.01,100
C2_n0.01_d100_r02,C2,202624,17.4,17.3,0.09999999999999787,0.6,0.5993219064113929,0.5982868844339595,FAR,FAR,0.0,1,,,0.01,100
C2_n0.01_d100_r02,C2,202624,17.42,17.32,0.10000000000000142,0.6,0.5886962203183954,0.5958892184050685,FAR,FAR,0.0,1,,,0.01,100
C2_n0.01_d100_r02,C2,202624,17.44,17.34,0.10000000000000142,0.6,0.5869431413648093,0.5936526991450037,FAR,FAR,0.0,1,,,0.01,100
C2_n0.01_d100_r02,C2,202624,17.46,17.36,0.10000000000000142,0.6,0.5909956939360314,0.5929884478427606,FAR,FAR,0.0,1,,,0.01,100
C2_n0.01_d100_r02,C2,202624,17.48,17.38,0.10000000000000142,0.6,0.6090542816149878,0.5970049062858174,FAR,FAR,0.0,1,,,0.01,100
C2_n0.01_d100_r02,C2,202624,17.5,17.4,0.10000000000000142,0.6,0.5972253249901177,0.5970600109618924,FAR,FAR,0.0,1,,,0.01,100
C2_n0.01_d100_r02,C2,202624,17.52,17.42,0.09999999999999787,0.6,0.5971961797020313,0.5970940531469271,FAR,FAR,0.0,1,,,0.01,100
C2_n0.01_d100_r02,C2,202624,17.54,17.44,0.09999999999999787,0.6,0.5899833421029251,0.5953163753859266,FAR,FAR,0.0,1,,,0.01,100
C2_n0.01_d100_r02,C2,202624,17.56,17.46,0.09999999999999787,0.6,0.59966052164545,0.5964024119508075,FAR,FAR,0.0,1,,,0.01,100
C2_n0.01_d100_r02,C2,202624,17.58,17.48,0.09999999999999787,0.6,0.6069995768864648,0.5990517031847218,FAR,FAR,0.0,1,,,0.01,100
C2_n0.01_d100_r02,C2,202624,17.6,17.5,0.10000000000000142,0.6,0.5947980363967075,0.5979882864877182,FAR,FAR,0.0,1,,,0.01,100
C2_n0.01_d100_r02,C2,202624,17.62,17.52,0.10000000000000142,0.6,0.6067504218543749,0.6001788203293823,FAR,FAR,0.0,1,,,0.01,100
C2_n0.01_d100_r02,C2,202624,17.64,17.54,0.10000000000000142,0.6,0.5936109424326452,0.598536850855198,FAR,FAR,0.0,1,,,0.01,100
C2_n0.01_d100_r02,C2,202624,17.66,17.56,0.10000000000000142,0.6,0.5946922810040921,0.5975757083924216,FAR,FAR,0.0,1,,,0.01,100
C2_n0.01_d100_r02,C2,202624,17.68,17.58,0.10000000000000142,0.6,0.5926734269445885,0.5963501380304633,FAR,FAR,0.0,1,,,0.01,100
C2_n0.01_d100_r02,C2,202624,17.7,17.6,0.09999999999999787,0.6,0.6019772442359217,0.597756914581828,FAR,FAR,0.0,1,,,0.01,100
C2_n0.01_d100_r02,C2,202624,17.72,17.62,0.09999999999999787,0.6,0.6099360524883661,0.6008016990584626,FAR,FAR,0.0,1,,,0.01,100
C2_n0.01_d100_r02,C2,202624,17.74,17.64,0.09999999999999787,0.6,0.6171511036941052,0.6048890502173733,FAR,FAR,0.0,1,,,0.01,100
C2_n0.01_d100_r02,C2,202624,17.76,17.66,0.10000000000000142,0.6,0.5966397913140112,0.6028267354915328,FAR,FAR,0.0,1,,,0.01,100
C2_n0.01_d100_r02,C2,202624,17.78,17.68,0.10000000000000142,0.6,0.5989558864922854,0.6018590232417209,FAR,FAR,0.0,1,,,0.01,100
C2_n0.01_d100_r02,C2,202624,17.8,17.7,0.10000000000000142,0.6,0.5894275590545264,0.5987511571949222,FAR,FAR,0.0,1,,,0.01,100
C2_n0.01_d100_r02,C2,202624,17.82,17.72,0.10000000000000142,0.6,0.5935735572121649,0.5974567571992329,FAR,FAR,0.0,1,,,0.01,100
C2_n0.01_d100_r02,C2,202624,17.84,17.74,0.10000000000000142,0.6,0.5950050515475739,0.5968438307863181,FAR,FAR,0.0,1,,,0.01,100
C2_n0.01_d100_r02,C2,202624,17.86,17.76,0.09999999999999787,0.6,0.5963757044125594,0.5967267991928784,FAR,FAR,0.0,1,,,0.01,100
C2_n0.01_d100_r02,C2,202624,17.88,17.78,0.09999999999999787,0.6,0.5959714506051417,0.5965379620459442,FAR,FAR,0.0,1,,,0.01,100
C2_n0.01_d100_r02,C2,202624,17.9,17.8,0.09999999999999787,0.6,0.5849572901042066,0.5936427940605098,FAR,FAR,0.0,1,,,0.01,100
C2_n0.01_d100_r02,C2,202624,17.92,17.82,0.10000000000000142,0.6,0.6065627659196833,0.5968727870253032,FAR,FAR,0.0,1,,,0.01,100
C2_n0.01_d100_r02,C2,202624,17.94,17.84,0.10000000000000142,0.6,0.6023479714472754,0.5982415831307962,FAR,FAR,0.0,1,,,0.01,100
C2_n0.01_d100_r02,C2,202624,17.96,17.86,0.10000000000000142,0.6,0.615899423246201,0.6026560431596474,FAR,FAR,0.0,1,,,0.01,100
C2_n0.01_d100_r02,C2,202624,17.98,17.88,0.10000000000000142,0.6,0.5907941024064617,0.599690557971351,FAR,FAR,0.0,1,,,0.01,100
C2_n0.01_d100_r02,C2,202624,18.0,17.9,0.10000000000000142,0.6,0.6028185369238499,0.6004725527094756,FAR,FAR,0.0,1,,,0.01,100
C2_n0.01_d100_r02,C2,202624,18.02,17.92,0.09999999999999787,0.6,0.5987148390617406,0.6000331242975419,FAR,FAR,0.0,1,,,0.01,100
C2_n0.01_d100_r02,C2,202624,18.04,17.94,0.09999999999999787,0.6,0.6028729872372139,0.6007430900324598,FAR,FAR,0.0,1,,,0.01,100
C2_n0.01_d100_r02,C2,202624,18.06,17.96,0.09999999999999787,0.6,0.6133098727225469,0.6038847857049816,FAR,FAR,0.0,1,,,0.01,100
C2_n0.01_d100_r02,C2,202624,18.08,17.98,0.09999999999999787,0.6,0.6102644218705505,0.6054796947463739,FAR,FAR,0.0,1,,,0.01,100
C2_n0.01_d100_r02,C2,202624,18.1,18.0,0.10000000000000142,0.6,0.5799972870608653,0.5991090928249967,FAR,FAR,0.0,1,,,0.01,100
C2_n0.01_d100_r02,C2,202624,18.12,18.02,0.10000000000000142,0.6,0.5912591167166634,0.5971465987979134,FAR,FAR,0.0,1,,,0.01,100
C2_n0.01_d100_r02,C2,202624,18.14,18.04,0.10000000000000142,0.6,0.6002610433705096,0.5979252099410625,FAR,FAR,0.0,1,,,0.01,100
C2_n0.01_d100_r02,C2,202624,18.16,18.06,0.10000000000000142,0.6,0.607087629156363,0.6002158147448876,FAR,FAR,0.0,1,,,0.01,100
C2_n0.01_d100_r02,C2,202624,18.18,18.08,0.10000000000000142,0.6,0.6057985652225885,0.6016115023643128,FAR,FAR,0.0,1,,,0.01,100
C2_n0.01_d100_r02,C2,202624,18.2,18.1,0.09999999999999787,0.6,0.5959147896679643,0.6001873241902257,FAR,FAR,0.0,1,,,0.01,100
C2_n0.01_d100_r02,C2,202624,18.22,18.12,0.09999999999999787,0.6,0.6061139355496393,0.601668977030079,FAR,FAR,0.0,1,,,0.01,100
C2_n0.01_d100_r02,C2,202624,18.24,18.14,0.09999999999999787,0.6,0.6089791183556715,0.6034965123614772,FAR,FAR,0.0,1,,,0.01,100
C2_n0.01_d100_r02,C2,202624,18.26,18.16,0.10000000000000142,0.6,0.6082655265763599,0.6046887659151978,FAR,FAR,0.0,1,,,0.01,100
C2_n0.01_d100_r02,C2,202624,18.28,18.18,0.10000000000000142,0.6,0.6174566788199816,0.6078807441413938,FAR,FAR,0.0,1,,,0.01,100
C2_n0.01_d100_r02,C2,202624,18.3,18.2,0.10000000000000142,0.6,0.6027418829538891,0.6065960288445176,FAR,FAR,0.0,1,,,0.01,100
C2_n0.01_d100_r02,C2,202624,18.32,18.22,0.10000000000000142,0.6,0.5905833219682523,0.6025928521254512,FAR,FAR,0.0,1,,,0.01,100
C2_n0.01_d100_r02,C2,202624,18.34,18.24,0.10000000000000142,0.6,0.5934263631029303,0.600301229869821,FAR,FAR,0.0,1,,,0.01,100
C2_n0.01_d100_r02,C2,202624,18.36,18.26,0.09999999999999787,0.6,0.5932790020238186,0.5985456729083205,FAR,FAR,0.0,1,,,0.01,100
C2_n0.01_d100_r02,C2,202624,18.38,18.28,0.09999999999999787,0.6,0.6070959142441424,0.600683233242276,FAR,FAR,0.0,1,,,0.01,100
C2_n0.01_d100_r02,C2,202624,18.4,18.3,0.09999999999999787,0.6,0.6080319810450078,0.6025204201929589,FAR,FAR,0.0,1,,,0.01,100
C2_n0.01_d100_r02,C2,202624,18.42,18.32,0.10000000000000142,0.6,0.5945024686814868,0.6005159323150909,FAR,FAR,0.0,1,,,0.01,100
C2_n0.01_d100_r02,C2,202624,18.44,18.34,0.10000000000000142,0.6,0.6021098401919979,0.6009144092843176,FAR,FAR,0.0,1,,,0.01,100
C2_n0.01_d100_r02,C2,202624,18.46,18.36,0.10000000000000142,0.6,0.6075187739618796,0.6025655004537082,FAR,FAR,0.0,1,,,0.01,100
C2_n0.01_d100_r02,C2,202624,18.48,18.38,0.10000000000000142,0.6,0.6012569700913625,0.6022383678631218,FAR,FAR,0.0,1,,,0.01,100
C2_n0.01_d100_r02,C2,202624,18.5,18.4,0.10000000000000142,0.6,0.6147051278594561,0.6053550578622053,FAR,FAR,0.0,1,,,0.01,100
C2_n0.01_d100_r02,C2,202624,18.52,18.42,0.09999999999999787,0.6,0.6092989667740384,0.6063410350901636,FAR,FAR,0.0,1,,,0.01,100
C2_n0.01_d100_r02,C2,202624,18.54,18.44,0.09999999999999787,0.6,0.6043980439451657,0.605855287303914,FAR,FAR,0.0,1,,,0.01,100
C2_n0.01_d100_r02,C2,202624,18.56,18.46,0.09999999999999787,0.6,0.5988283593459099,0.604098555314413,FAR,FAR,0.0,1,,,0.01,100
C2_n0.01_d100_r02,C2,202624,18.58,18.48,0.09999999999999787,0.6,0.5977439271802597,0.6025098982808746,FAR,FAR,0.0,1,,,0.01,100
C2_n0.01_d100_r02,C2,202624,18.6,18.5,0.10000000000000142,0.6,0.5831463852862943,0.5976690200322295,FAR,FAR,0.0,1,,,0.01,100
C2_n0.01_d100_r02,C2,202624,18.62,18.52,0.10000000000000142,0.6,0.5978344895009345,0.5977103873994059,FAR,FAR,0.0,1,,,0.01,100
C2_n0.01_d100_r02,C2,202624,18.64,18.54,0.10000000000000142,0.6,0.5961368860611076,0.5973170120648312,FAR,FAR,0.0,1,,,0.01,100
C2_n0.01_d100_r02,C2,202624,18.66,18.56,0.10000000000000142,0.6,0.5962210451479223,0.597043020335604,FAR,FAR,0.0,1,,,0.01,100
C2_n0.01_d100_r02,C2,202624,18.68,18.58,0.10000000000000142,0.6,0.5982143775037315,0.5973358596276358,FAR,FAR,0.0,1,,,0.01,100
C2_n0.01_d100_r02,C2,202624,18.7,18.6,0.09999999999999787,0.6,0.590829490180965,0.5957092672659681,FAR,FAR,0.0,1,,,0.01,100
C2_n0.01_d100_r02,C2,202624,18.72,18.62,0.09999999999999787,0.6,0.6050309174667837,0.598039679816172,FAR,FAR,0.0,1,,,0.01,100
C2_n0.01_d100_r02,C2,202624,18.74,18.64,0.09999999999999787,0.6,0.5818932231053225,0.5940030656384596,FAR,FAR,0.0,1,,,0.01,100
C2_n0.01_d100_r02,C2,202624,18.76,18.66,0.10000000000000142,0.6,0.5823916385982957,0.5911002088784186,FAR,FAR,0.0,1,,,0.01,100
C2_n0.01_d100_r02,C2,202624,18.78,18.68,0.10000000000000142,0.6,0.6160502988448537,0.5973377313700274,FAR,FAR,0.0,1,,,0.01,100
C2_n0.01_d100_r02,C2,202624,18.8,18.7,0.10000000000000142,0.6,0.6000597136697013,0.5980182269449459,FAR,FAR,0.0,1,,,0.01,100
C2_n0.01_d100_r02,C2,202624,18.82,18.72,0.10000000000000142,0.6,0.6020853895363106,0.5990350175927871,FAR,FAR,0.0,1,,,0.01,100
C2_n0.01_d100_r02,C2,202624,18.84,18.74,0.10000000000000142,0.6,0.6021409077585318,0.5998114901342233,FAR,FAR,0.0,1,,,0.01,100
C2_n0.01_d100_r02,C2,202624,18.86,18.76,0.09999999999999787,0.6,0.6068756883931331,0.6015775396989508,FAR,FAR,0.0,1,,,0.01,100
C2_n0.01_d100_r02,C2,202624,18.88,18.78,0.09999999999999787,0.6,0.5920953000720958,0.599206979792237,FAR,FAR,0.0,1,,,0.01,100
C2_n0.01_d100_r02,C2,202624,18.9,18.8,0.09999999999999787,0.6,0.5963829438480825,0.5985009708061984,FAR,FAR,0.0,1,,,0.01,100
C2_n0.01_d100_r02,C2,202624,18.92,18.82,0.10000000000000142,0.6,0.6040780152374204,0.5998952319140038,FAR,FAR,0.0,1,,,0.01,100
C2_n0.01_d100_r02,C2,202624,18.94,18.84,0.10000000000000142,0.6,0.5986297661222484,0.599578865466065,FAR,FAR,0.0,1,,,0.01,100
C2_n0.01_d100_r02,C2,202624,18.96,18.86,0.10000000000000142,0.6,0.5947280493264246,0.5983661614311548,FAR,FAR,0.0,1,,,0.01,100
C2_n0.01_d100_r02,C2,202624,18.98,18.88,0.10000000000000142,0.6,0.6072640007955745,0.6005906212722598,FAR,FAR,0.0,1,,,0.01,100
C2_n0.01_d100_r02,C2,202624,19.0,18.9,0.10000000000000142,0.6,0.6000785808758503,0.6004626111731575,FAR,FAR,0.0,1,,,0.01,100
C2_n0.01_d100_r02,C2,202624,19.02,18.92,0.09999999999999787,0.6,0.6073980974390387,0.6021964827396278,FAR,FAR,0.0,1,,,0.01,100
C2_n0.01_d100_r02,C2,202624,19.04,18.94,0.09999999999999787,0.6,0.6057205488634257,0.6030774992705773,FAR,FAR,0.0,1,,,0.01,100
C2_n0.01_d100_r02,C2,202624,19.06,18.96,0.09999999999999787,0.6,0.6010497009272363,0.6025705496847421,FAR,FAR,0.0,1,,,0.01,100
C2_n0.01_d100_r02,C2,202624,19.08,18.98,0.09999999999999787,0.6,0.6186157361191345,0.6065818462933401,FAR,FAR,0.0,1,,,0.01,100
C2_n0.01_d100_r02,C2,202624,19.1,19.0,0.10000000000000142,0.6,0.6190806071770459,0.6097065365142665,FAR,FAR,0.0,1,,,0.01,100
C2_n0.01_d100_r02,C2,202624,19.12,19.02,0.10000000000000142,0.6,0.591169716410157,0.6050723314882391,FAR,FAR,0.0,1,,,0.01,100
C2_n0.01_d100_r02,C2,202624,19.14,19.04,0.10000000000000142,0.6,0.6028336631057738,0.6045126643926229,FAR,FAR,0.0,1,,,0.01,100
C2_n0.01_d100_r02,C2,202624,19.16,19.06,0.10000000000000142,0.6,0.6104254478965313,0.6059908602685999,FAR,FAR,0.0,1,,,0.01,100
C2_n0.01_d100_r02,C2,202624,19.18,19.08,0.10000000000000142,0.6,0.5865860345284164,0.601139653833554,FAR,FAR,0.0,1,,,0.01,100
C2_n0.01_d100_r02,C2,202624,19.2,19.1,0.09999999999999787,0.6,0.587514309999725,0.5977333178750968,FAR,FAR,0.0,1,,,0.01,100
C2_n0.01_d100_r02,C2,202624,19.22,19.12,0.09999999999999787,0.6,0.5907670429244841,0.5959917491374436,FAR,FAR,0.0,1,,,0.01,100
C2_n0.01_d100_r02,C2,202624,19.24,19.14,0.09999999999999787,0.6,0.5885209974663195,0.5941240612196625,FAR,FAR,0.0,1,,,0.01,100
C2_n0.01_d100_r02,C2,202624,19.26,19.16,0.10000000000000142,0.6,0.6158209350366967,0.5995482796739211,FAR,FAR,0.0,1,,,0.01,100
C2_n0.01_d100_r02,C2,202624,19.28,19.18,0.10000000000000142,0.6,0.5857667762127979,0.5961029038086403,FAR,FAR,0.0,1,,,0.01,100
C2_n0.01_d100_r02,C2,202624,19.3,19.2,0.10000000000000142,0.6,0.609886621926722,0.5995488333381607,FAR,FAR,0.0,1,,,0.01,100
C2_n0.01_d100_r02,C2,202624,19.32,19.22,0.10000000000000142,0.6,0.5943724279474599,0.5982547319904855,FAR,FAR,0.0,1,,,0.01,100
C2_n0.01_d100_r02,C2,202624,19.34,19.24,0.10000000000000142,0.6,0.5879729673509292,0.5956842908305965,FAR,FAR,0.0,1,,,0.01,100
C2_n0.01_d100_r02,C2,202624,19.36,19.26,0.09999999999999787,0.6,0.5934270189006905,0.59511997284812,FAR,FAR,0.0,1,,,0.01,100
C2_n0.01_d100_r02,C2,202624,19.38,19.28,0.09999999999999787,0.6,0.591975375459716,0.594333823501019,FAR,FAR,0.0,1,,,0.01,100
C2_n0.01_d100_r02,C2,202624,19.4,19.3,0.09999999999999787,0.6,0.5819178517784654,0.5912298305703806,FAR,FAR,0.0,1,,,0.01,100
C2_n0.01_d100_r02,C2,202624,19.42,19.32,0.10000000000000142,0.6,0.59703748688631,0.5926817446493629,FAR,FAR,0.0,1,,,0.01,100
C2_n0.01_d100_r02,C2,202624,19.44,19.34,0.10000000000000142,0.6,0.583006912592886,0.5902630366352436,FAR,FAR,0.0,1,,,0.01,100
C2_n0.01_d100_r02,C2,202624,19.46,19.36,0.10000000000000142,0.6,0.6249630820338353,0.5989380479848916,FAR,FAR,0.0,1,,,0.01,100
C2_n0.01_d100_r02,C2,202624,19.48,19.38,0.10000000000000142,0.6,0.603873780204531,0.6001719810398014,FAR,FAR,0.0,1,,,0.01,100
C2_n0.01_d100_r02,C2,202624,19.5,19.4,0.10000000000000142,0.6,0.6119589140526724,0.6031187142930192,FAR,FAR,0.0,1,,,0.01,100
C2_n0.01_d100_r02,C2,202624,19.52,19.42,0.09999999999999787,0.6,0.5981442898853465,0.601875108191101,FAR,FAR,0.0,1,,,0.01,100
C2_n0.01_d100_r02,C2,202624,19.54,19.44,0.09999999999999787,0.6,0.6022056636856281,0.6019577470647328,FAR,FAR,0.0,1,,,0.01,100
C2_n0.01_d100_r02,C2,202624,19.56,19.46,0.09999999999999787,0.6,0.5969292566930625,0.6007006244718153,FAR,FAR,0.0,1,,,0.01,100
C2_n0.01_d100_r02,C2,202624,19.58,19.48,0.09999999999999787,0.6,0.6064018607996723,0.6021259335537795,FAR,FAR,0.0,1,,,0.01,100
C2_n0.01_d100_r02,C2,202624,19.6,19.5,0.10000000000000142,0.6,0.5830864050766964,0.5973660514345087,FAR,FAR,0.0,1,,,0.01,100
C2_n0.01_d100_r02,C2,202624,19.62,19.52,0.10000000000000142,0.6,0.6005861396867672,0.5981710734975734,FAR,FAR,0.0,1,,,0.01,100
C2_n0.01_d100_r02,C2,202624,19.64,19.54,0.10000000000000142,0.6,0.5987064660518886,0.5983049216361522,FAR,FAR,0.0,1,,,0.01,100
C2_n0.01_d100_r02,C2,202624,19.66,19.56,0.10000000000000142,0.6,0.6112502035869527,0.6015412421238524,FAR,FAR,0.0,1,,,0.01,100
C2_n0.01_d100_r02,C2,202624,19.68,19.58,0.10000000000000142,0.6,0.61065863229759,0.6038205896672868,FAR,FAR,0.0,1,,,0.01,100
C2_n0.01_d100_r02,C2,202624,19.7,19.6,0.09999999999999787,0.6,0.6017525915699182,0.6033035901429447,FAR,FAR,0.0,1,,,0.01,100
C2_n0.01_d100_r02,C2,202624,19.72,19.62,0.09999999999999787,0.6,0.5984626290004768,0.6020933498573277,FAR,FAR,0.0,1,,,0.01,100
C2_n0.01_d100_r02,C2,202624,19.74,19.64,0.09999999999999787,0.6,0.5924810693649277,0.5996902797342277,FAR,FAR,0.0,1,,,0.01,100
C2_n0.01_d100_r02,C2,202624,19.76,19.66,0.10000000000000142,0.6,0.601707187903682,0.6001945067765914,FAR,FAR,0.0,1,,,0.01,100
C2_n0.01_d100_r02,C2,202624,19.78,19.68,0.10000000000000142,0.6,0.5868925121141852,0.5968690081109898,FAR,FAR,0.0,1,,,0.01,100
C2_n0.01_d100_r02,C2,202624,19.8,19.7,0.10000000000000142,0.6,0.5968275687037272,0.5968586482591741,FAR,FAR,0.0,1,,,0.01,100
C2_n0.01_d100_r02,C2,202624,19.82,19.72,0.10000000000000142,0.6,0.5915272420137391,0.5955257966978154,FAR,FAR,0.0,1,,,0.01,100
C2_n0.01_d100_r02,C2,202624,19.84,19.74,0.10000000000000142,0.6,0.6055556537107187,0.5980332609510413,FAR,FAR,0.0,1,,,0.01,100
C2_n0.01_d100_r02,C2,202624,19.86,19.76,0.09999999999999787,0.6,0.6161619252990455,0.6025654270380423,FAR,FAR,0.0,1,,,0.01,100
C2_n0.01_d100_r02,C2,202624,19.88,19.78,0.09999999999999787,0.6,0.6088158769907961,0.6041280395262307,FAR,FAR,0.0,1,,,0.01,100
C2_n0.01_d100_r02,C2,202624,19.9,19.8,0.09999999999999787,0.6,0.5994745804251976,0.6029646747509725,FAR,FAR,0.0,1,,,0.01,100
C2_n0.01_d100_r02,C2,202624,19.92,19.82,0.10000000000000142,0.6,0.5939566832693466,0.600712676880566,FAR,FAR,0.0,1,,,0.01,100
C2_n0.01_d100_r02,C2,202624,19.94,19.84,0.10000000000000142,0.6,0.6122730314212459,0.6036027655157359,FAR,FAR,0.0,1,,,0.01,100
C2_n0.01_d100_r02,C2,202624,19.96,19.86,0.10000000000000142,0.6,0.5942175789100591,0.6012564688643167,FAR,FAR,0.0,1,,,0.01,100
C2_n0.01_d100_r02,C2,202624,19.98,19.88,0.10000000000000142,0.6,0.6058441614414075,0.6024033920085894,FAR,FAR,0.0,1,,,0.01,100
C2_n0.01_d100_r02,C2,202624,20.0,19.9,0.10000000000000142,0.6,0.5954832211054217,0.6006733492827975,FAR,FAR,0.0,1,,,0.01,100
