trial_id,condition,seed,time_s,sensor_time_s,sample_age_s,true_distance_m,raw_distance_m,filtered_distance_m,expected_state,state,command,valid,event_label,invalid_reason,noise_sigma_m,delay_ms
C2_n0.03_d100_r05,C2,202642,0.0,0.0,nan,0.6,,,FAR,FAR,0.0,0,INVALID,MISSING_OR_DELAY_BUFFER,0.03,100
C2_n0.03_d100_r05,C2,202642,0.02,0.02,nan,0.6,,,FAR,FAR,0.0,0,INVALID,MISSING_OR_DELAY_BUFFER,0.03,100
C2_n0.03_d100_r05,C2,202642,0.04,0.04,nan,0.6,,,FAR,FAR,0.0,0,INVALID,MISSING_OR_DELAY_BUFFER,0.03,100
C2_n0.03_d100_r05,C2,202642,0.06,0.06,nan,0.6,,,FAR,FAR,0.0,0,INVALID,MISSING_OR_DELAY_BUFFER,0.03,100
C2_n0.03_d100_r05,C2,202642,0.08,0.08,nan,0.6,,,FAR,FAR,0.0,0,INVALID,MISSING_OR_DELAY_BUFFER,0.03,100
C2_n0.03_d100_r05,C2,202642,0.1,0.0,0.1,0.6,0.6027857204961327,0.6027857204961327,FAR,FAR,0.0,1,,,0.03,100
C2_n0.03_d100_r05,C2,202642,0.12,0.02,0.09999999999999999,0.6,0.5668573638770639,0.5938036313413655,FAR,FAR,0.0,1,,,0.03,100
C2_n0.03_d100_r05,C2,202642,0.14,0.04,0.1,0.6,0.6247665288507194,0.6015443557187039,FAR,FAR,0.0,1,,,0.03,100
C2_n0.03_d100_r05,C2,202642,0.16,0.06,0.1,0.6,0.6186146592645684,0.60581193160517,FAR,FAR,0.0,1,,,0.03,100
C2_n0.03_d100_r05,C2,202642,0.18,0.08,0.09999999999999999,0.6,0.5688082728079413,0.5965610169058628,FAR,FAR,0.0,1,,,0.03,100
C2_n0.03_d100_r05,C2,202642,0.2,0.1,0.1,0.6,0.6121403326610739,0.6004558458446656,FAR,FAR,0.0,1,,,0.03,100
C2_n0.03_d100_r05,C2,202642,0.22,0.12,0.1,0.6,0.6143499974418797,0.6039293837439691,FAR,FAR,0.0,1,,,0.03,100
C2_n0.03_d100_r05,C2,202642,0.24,0.14,0.09999999999999998,0.6,0.6025213437245168,0.603577373739106,FAR,FAR,0.0,1,,,0.03,100
C2_n0.03_d100_r05,C2,202642,0.26,0.16,0.1,0.6,0.6635830175499722,0.6185787846918226,FAR,FAR,0.0,1,,,0.03,100
C2_n0.03_d100_r05,C2,202642,0.28,0.18,0.10000000000000003,0.6,0.5400326558484518,0.59894225248098,FAR,FAR,0.0,1,,,0.03,100
C2_n0.03_d100_r05,C2,202642,0.3,0.2,0.09999999999999998,0.6,0.6352267837246115,0.6080133852918879,FAR,FAR,0.0,1,,,0.03,100
C2_n0.03_d100_r05,C2,202642,0.32,0.22,0.1,0.6,0.6222662265908286,0.611576595616623,FAR,FAR,0.0,1,,,0.03,100
C2_n0.03_d100_r05,C2,202642,0.34,0.24,0.10000000000000003,0.6,0.6177286808867773,0.6131146169341616,FAR,FAR,0.0,1,,,0.03,100
C2_n0.03_d100_r05,C2,202642,0.36,0.26,0.09999999999999998,0.6,0.5837516679034418,0.6057738796764817,FAR,FAR,0.0,1,,,0.03,100
C2_n0.03_d100_r05,C2,202642,0.38,0.28,0.09999999999999998,0.6,0.6617954318318506,0.619779267715324,FAR,FAR,0.0,1,,,0.03,100
C2_n0.03_d100_r05,C2,202642,0.4,0.3,0.10000000000000003,0.6,0.6093652368258597,0.6171757599929579,FAR,FAR,0.0,1,,,0.03,100
C2_n0.03_d100_r05,C2,202642,0.42,0.32,0.09999999999999998,0.6,0.6851213867800267,0.6341621666897251,FAR,FAR,0.0,1,,,0.03,100
C2_n0.03_d100_r05,C2,202642,0.44,0.34,0.09999999999999998,0.6,0.6040054754295165,0.626622993874673,FAR,FAR,0.0,1,,,0.03,100
C2_n0.03_d100_r05,C2,202642,0.46,0.36,0.10000000000000003,0.6,0.5836056128644311,0.6158686486221125,FAR,FAR,0.0,1,,,0.03,100
C2_n0.03_d100_r05,C2,202642,0.48,0.38,0.09999999999999998,0.6,0.639063159288438,0.6216672762886939,FAR,FAR,0.0,1,,,0.03,100
C2_n0.03_d100_r05,C2,202642,0.5,0.4,0.09999999999999998,0.6,0.5994302917887139,0.6161080301636989,FAR,FAR,0.0,1,,,0.03,100
C2_n0.03_d100_r05,C2,202642,0.52,0.42,0.10000000000000003,0.6,0.6095804455559437,0.6144761340117602,FAR,FAR,0.0,1,,,0.03,100
C2_n0.03_d100_r05,C2,202642,0.54,0.44,0.10000000000000003,0.6,0.623287732346878,0.6166790335955397,FAR,FAR,0.0,1,,,0.03,100
C2_n0.03_d100_r05,C2,202642,0.56,0.46,0.10000000000000003,0.6,0.5990759312076812,0.612278257998575,FAR,FAR,0.0,1,,,0.03,100
C2_n0.03_d100_r05,C2,202642,0.58,0.48,0.09999999999999998,0.6,0.6071703458580417,0.6110012799634417,FAR,FAR,0.0,1,,,0.03,100
C2_n0.03_d100_r05,C2,202642,0.6,0.5,0.09999999999999998,0.6,0.6031787752578135,0.6090456537870346,FAR,FAR,0.0,1,,,0.03,100
C2_n0.03_d100_r05,C2,202642,0.62,0.52,0.09999999999999998,0.6,0.5742331348161318,0.6003425240443089,FAR,FAR,0.0,1,,,0.03,100
C2_n0.03_d100_r05,C2,202642,0.64,0.54,0.09999999999999998,0.6,0.630761366954028,0.6079472347717387,FAR,FAR,0.0,1,,,0.03,100
C2_n0.03_d100_r05,C2,202642,0.66,0.56,0.09999999999999998,0.6,0.5745935619239858,0.5996088165598005,FAR,FAR,0.0,1,,,0.03,100
C2_n0.03_d100_r05,C2,202642,0.68,0.58,0.10000000000000009,0.6,0.5704571380715387,0.592320896937735,FAR,FAR,0.0,1,,,0.03,100
C2_n0.03_d100_r05,C2,202642,0.7,0.6,0.09999999999999998,0.6,0.6275353033396269,0.601124498538208,FAR,FAR,0.0,1,,,0.03,100
C2_n0.03_d100_r05,C2,202642,0.72,0.62,0.09999999999999998,0.6,0.6087766934389662,0.6030375472633975,FAR,FAR,0.0,1,,,0.03,100
C2_n0.03_d100_r05,C2,202642,0.74,0.64,0.09999999999999998,0.6,0.6778499374912043,0.6217406448203492,FAR,FAR,0.0,1,,,0.03,100
C2_n0.03_d100_r05,C2,202642,0.76,0.66,0.09999999999999998,0.6,0.6543693399820414,0.6298978186107722,FAR,FAR,0.0,1,,,0.03,100
C2_n0.03_d100_r05,C2,202642,0.78,0.68,0.09999999999999998,0.6,0.6170375762412106,0.6266827580183818,FAR,FAR,0.0,1,,,0.03,100
C2_n0.03_d100_r05,C2,202642,0.8,0.7,0.10000000000000009,0.6,0.5806990515252002,0.6151868313950863,FAR,FAR,0.0,1,,,0.03,100
C2_n0.03_d100_r05,C2,202642,0.82,0.72,0.09999999999999998,0.6,0.620658281236576,0.6165546938554587,FAR,FAR,0.0,1,,,0.03,100
C2_n0.03_d100_r05,C2,202642,0.84,0.74,0.09999999999999998,0.6,0.5712455172347537,0.6052273997002824,FAR,FAR,0.0,1,,,0.03,100
C2_n0.03_d100_r05,C2,202642,0.86,0.76,0.09999999999999998,0.6,0.6079396846730991,0.6059054709434866,FAR,FAR,0.0,1,,,0.03,100
C2_n0.03_d100_r05,C2,202642,0.88,0.78,0.09999999999999998,0.6,0.5428007384635017,0.5901292878234904,FAR,FAR,0.0,1,,,0.03,100
C2_n0.03_d100_r05,C2,202642,0.9,0.8,0.09999999999999998,0.6,0.5611449354175861,0.5828831997220143,FAR,FAR,0.0,1,,,0.03,100
C2_n0.03_d100_r05,C2,202642,0.92,0.82,0.10000000000000009,0.6,0.5801874890991068,0.5822092720662875,FAR,FAR,0.0,1,,,0.03,100
C2_n0.03_d100_r05,C2,202642,0.94,0.84,0.09999999999999998,0.6,0.6090313451495101,0.5889147903370932,FAR,FAR,0.0,1,,,0.03,100
C2_n0.03_d100_r05,C2,202642,0.96,0.86,0.09999999999999998,0.6,0.6474563077516235,0.6035501696907257,FAR,FAR,0.0,1,,,0.03,100
C2_n0.03_d100_r05,C2,202642,0.98,0.88,0.09999999999999998,0.6,0.5823326959255098,0.5982458012494217,FAR,FAR,0.0,1,,,0.03,100
C2_n0.03_d100_r05,C2,202642,1.0,0.9,0.09999999999999998,0.6,0.6778365409244679,0.6181434861681833,FAR,FAR,0.0,1,,,0.03,100
C2_n0.03_d100_r05,C2,202642,1.02,0.92,0.09999999999999998,0.6,0.5760718962625964,0.6076255886917865,FAR,FAR,0.0,1,,,0.03,100
C2_n0.03_d100_r05,C2,202642,1.04,0.94,0.10000000000000009,0.6,0.6168229412551595,0.6099249268326298,FAR,FAR,0.0,1,,,0.03,100
C2_n0.03_d100_r05,C2,202642,1.06,0.96,0.10000000000000009,0.6,0.5891028371377764,0.6047194044089165,FAR,FAR,0.0,1,,,0.03,100
C2_n0.03_d100_r05,C2,202642,1.08,0.98,0.10000000000000009,0.6,0.5895166766857504,0.600918722478125,FAR,FAR,0.0,1,,,0.03,100
C2_n0.03_d100_r05,C2,202642,1.1,1.0,0.10000000000000009,0.6,0.6289317116767785,0.6079219697777883,FAR,FAR,0.0,1,,,0.03,100
C2_n0.03_d100_r05,C2,202642,1.12,1.02,0.10000000000000009,0.6,0.6060404072444104,0.6074515791444438,FAR,FAR,0.0,1,,,0.03,100
C2_n0.03_d100_r05,C2,202642,1.14,1.04,0.09999999999999987,0.6,0.599227288292824,0.6053955064315388,FAR,FAR,0.0,1,,,0.03,100
C2_n0.03_d100_r05,C2,202642,1.16,1.06,0.09999999999999987,0.6,0.6045290689223649,0.6051788970542453,FAR,FAR,0.0,1,,,0.03,100
C2_n0.03_d100_r05,C2,202642,1.18,1.08,0.09999999999999987,0.6,0.6356215932440846,0.6127895711017052,FAR,FAR,0.0,1,,,0.03,100
C2_n0.03_d100_r05,C2,202642,1.2,1.1,0.09999999999999987,0.6,0.612605919695042,0.6127436582500394,FAR,FAR,0.0,1,,,0.03,100
C2_n0.03_d100_r05,C2,202642,1.22,1.12,0.09999999999999987,0.6,0.6021963619498383,0.6101068341749891,FAR,FAR,0.0,1,,,0.03,100
C2_n0.03_d100_r05,C2,202642,1.24,1.14,0.10000000000000009,0.6,0.6076037844854478,0.6094810717526038,FAR,FAR,0.0,1,,,0.03,100
C2_n0.03_d100_r05,C2,202642,1.26,1.16,0.10000000000000009,0.6,0.5735574615181745,0.6005001691939965,FAR,FAR,0.0,1,,,0.03,100
C2_n0.03_d100_r05,C2,202642,1.28,1.18,0.10000000000000009,0.6,0.5912611201648638,0.5981904069367133,FAR,FAR,0.0,1,,,0.03,100
C2_n0.03_d100_r05,C2,202642,1.3,1.2,0.10000000000000009,0.6,0.539608984928625,0.5835450514346912,FAR,FAR,0.0,1,,,0.03,100
C2_n0.03_d100_r05,C2,202642,1.32,1.22,0.10000000000000009,0.6,0.5817225093458651,0.5830894159124846,FAR,FAR,0.0,1,,,0.03,100
C2_n0.03_d100_r05,C2,202642,1.34,1.24,0.10000000000000009,0.6,0.6302191868692799,0.5948718586516835,FAR,FAR,0.0,1,,,0.03,100
C2_n0.03_d100_r05,C2,202642,1.36,1.26,0.10000000000000009,0.6,0.6122077985378124,0.5992058436232157,FAR,FAR,0.0,1,,,0.03,100
C2_n0.03_d100_r05,C2,202642,1.38,1.28,0.09999999999999987,0.6,0.6249290333182492,0.6056366410469741,FAR,FAR,0.0,1,,,0.03,100
C2_n0.03_d100_r05,C2,202642,1.4,1.3,0.09999999999999987,0.6,0.606645279713991,0.6058888007137283,FAR,FAR,0.0,1,,,0.03,100
C2_n0.03_d100_r05,C2,202642,1.42,1.32,0.09999999999999987,0.6,0.6109995765579157,0.6071664946747751,FAR,FAR,0.0,1,,,0.03,100
C2_n0.03_d100_r05,C2,202642,1.44,1.34,0.09999999999999987,0.6,0.6114659533807991,0.6082413593512811,FAR,FAR,0.0,1,,,0.03,100
C2_n0.03_d100_r05,C2,202642,1.46,1.36,0.09999999999999987,0.6,0.6348260505966726,0.6148875321626289,FAR,FAR,0.0,1,,,0.03,100
C2_n0.03_d100_r05,C2,202642,1.48,1.38,0.10000000000000009,0.6,0.5965577336836134,0.6103050825428751,FAR,FAR,0.0,1,,,0.03,100
C2_n0.03_d100_r05,C2,202642,1.5,1.4,0.10000000000000009,0.6,0.5946002958737049,0.6063788858755825,FAR,FAR,0.0,1,,,0.03,100
C2_n0.03_d100_r05,C2,202642,1.52,1.42,0.10000000000000009,0.6,0.5998291594624913,0.6047414542723097,FAR,FAR,0.0,1,,,0.03,100
C2_n0.03_d100_r05,C2,202642,1.54,1.44,0.10000000000000009,0.6,0.6027304957499411,0.6042387146417176,FAR,FAR,0.0,1,,,0.03,100
C2_n0.03_d100_r05,C2,202642,1.56,1.46,0.10000000000000009,0.6,0.6064953355501483,0.6048028698688253,FAR,FAR,0.0,1,,,0.03,100
C2_n0.03_d100_r05,C2,202642,1.58,1.48,0.10000000000000009,0.6,0.6188942763419756,0.6083257214871128,FAR,FAR,0.0,1,,,0.03,100
C2_n0.03_d100_r05,C2,202642,1.6,1.5,0.10000000000000009,0.6,0.6113231494531051,0.6090750784786109,FAR,FAR,0.0,1,,,0.03,100
C2_n0.03_d100_r05,C2,202642,1.62,1.52,0.10000000000000009,0.6,0.6263414149129531,0.6133916625871965,FAR,FAR,0.0,1,,,0.03,100
C2_n0.03_d100_r05,C2,202642,1.64,1.54,0.09999999999999987,0.6,0.6214717192212336,0.6154116767457057,FAR,FAR,0.0,1,,,0.03,100
C2_n0.03_d100_r05,C2,202642,1.66,1.56,0.09999999999999987,0.6,0.619554514170675,0.616447386101948,FAR,FAR,0.0,1,,,0.03,100
C2_n0.03_d100_r05,C2,202642,1.68,1.58,0.09999999999999987,0.6,0.6018715201184873,0.6128034196060829,FAR,FAR,0.0,1,,,0.03,100
C2_n0.03_d100_r05,C2,202642,1.7,1.6,0.09999999999999987,0.6,0.5652042658943864,0.6009036311781588,FAR,FAR,0.0,1,,,0.03,100
C2_n0.03_d100_r05,C2,202642,1.72,1.62,0.09999999999999987,0.6,0.5936867938210357,0.5990994218388781,FAR,FAR,0.0,1,,,0.03,100
C2_n0.03_d100_r05,C2,202642,1.74,1.64,0.10000000000000009,0.6,0.5717353495578812,0.5922584037686289,FAR,FAR,0.0,1,,,0.03,100
C2_n0.03_d100_r05,C2,202642,1.76,1.66,0.10000000000000009,0.6,0.6007798372032968,0.5943887621272959,FAR,FAR,0.0,1,,,0.03,100
C2_n0.03_d100_r05,C2,202642,1.78,1.68,0.10000000000000009,0.6,0.6310724760812264,0.6035596906157785,FAR,FAR,0.0,1,,,0.03,100
C2_n0.03_d100_r05,C2,202642,1.8,1.7,0.10000000000000009,0.6,0.5900900993945003,0.6001922928104589,FAR,FAR,0.0,1,,,0.03,100
C2_n0.03_d100_r05,C2,202642,1.82,1.72,0.10000000000000009,0.6,0.6115807648737711,0.603039410826287,FAR,FAR,0.0,1,,,0.03,100
C2_n0.03_d100_r05,C2,202642,1.84,1.74,0.10000000000000009,0.6,0.5766582152651317,0.5964441119359981,FAR,FAR,0.0,1,,,0.03,100
C2_n0.03_d100_r05,C2,202642,1.86,1.76,0.10000000000000009,0.6,0.6083938606295904,0.5994315491093962,FAR,FAR,0.0,1,,,0.03,100
C2_n0.03_d100_r05,C2,202642,1.88,1.78,0.09999999999999987,0.6,0.6344830467076512,0.60819442350896,FAR,FAR,0.0,1,,,0.03,100
C2_n0.03_d100_r05,C2,202642,1.9,1.8,0.09999999999999987,0.6,0.546135834874889,0.5926797763504423,FAR,FAR,0.0,1,,,0.03,100
C2_n0.03_d100_r05,C2,202642,1.92,1.82,0.09999999999999987,0.6,0.6198915185476257,0.5994827118997381,FAR,FAR,0.0,1,,,0.03,100
C2_n0.03_d100_r05,C2,202642,1.94,1.84,0.09999999999999987,0.6,0.6108785860139071,0.6023316804282803,FAR,FAR,0.0,1,,,0.03,100
C2_n0.03_d100_r05,C2,202642,1.96,1.86,0.09999999999999987,0.6,0.5955352157648921,0.6006325642624333,FAR,FAR,0.0,1,,,0.03,100
C2_n0.03_d100_r05,C2,202642,1.98,1.88,0.10000000000000009,0.6,0.5764166380770523,0.5945785827160881,FAR,FAR,0.0,1,,,0.03,100
C2_n0.03_d100_r05,C2,202642,2.0,1.9,0.10000000000000009,0.6,0.6072047601072359,0.5977351270638751,FAR,FAR,0.0,1,,,0.03,100
C2_n0.03_d100_r05,C2,202642,2.02,1.92,0.10000000000000009,0.6,0.5944887713412584,0.596923538133221,FAR,FAR,0.0,1,,,0.03,100
C2_n0.03_d100_r05,C2,202642,2.04,1.94,0.10000000000000009,0.6,0.6403641134998086,0.6077836819748679,FAR,FAR,0.0,1,,,0.03,100
C2_n0.03_d100_r05,C2,202642,2.06,1.96,0.10000000000000009,0.6,0.5841442055102929,0.6018738128587241,FAR,FAR,0.0,1,,,0.03,100
C2_n0.03_d100_r05,C2,202642,2.08,1.98,0.10000000000000009,0.6,0.6148353248790618,0.6051141908638085,FAR,FAR,0.0,1,,,0.03,100
C2_n0.03_d100_r05,C2,202642,2.1,2.0,0.10000000000000009,0.6,0.5531178803934393,0.5921151132462161,FAR,FAR,0.0,1,,,0.03,100
C2_n0.03_d100_r05,C2,202642,2.12,2.02,0.10000000000000009,0.6,0.6045073260162527,0.5952131664387252,FAR,FAR,0.0,1,,,0.03,100
C2_n0.03_d100_r05,C2,202642,2.14,2.04,0.10000000000000009,0.6,0.59341311071201,0.5947631525070465,FAR,FAR,0.0,1,,,0.03,100
C2_n0.03_d100_r05,C2,202642,2.16,2.06,0.10000000000000009,0.6,0.5922228029175399,0.5941280651096699,FAR,FAR,0.0,1,,,0.03,100
C2_n0.03_d100_r05,C2,202642,2.18,2.08,0.10000000000000009,0.6,0.5803737780167442,0.5906894933364384,FAR,FAR,0.0,1,,,0.03,100
C2_n0.03_d100_r05,C2,202642,2.2,2.1,0.10000000000000009,0.6,0.5690489223105755,0.5852793505799727,FAR,FAR,0.0,1,,,0.03,100
C2_n0.03_d100_r05,C2,202642,2.22,2.12,0.10000000000000009,0.6,0.5842353569869291,0.5850183521817118,FAR,FAR,0.0,1,,,0.03,100
C2_n0.03_d100_r05,C2,202642,2.24,2.14,0.10000000000000009,0.6,0.5837431757115344,0.5846995580641675,FAR,FAR,0.0,1,,,0.03,100
C2_n0.03_d100_r05,C2,202642,2.26,2.16,0.09999999999999964,0.6,0.6356329546991708,0.5974329072229183,FAR,FAR,0.0,1,,,0.03,100
C2_n0.03_d100_r05,C2,202642,2.28,2.18,0.09999999999999964,0.6,0.6164153866167964,0.6021785270713879,FAR,FAR,0.0,1,,,0.03,100
C2_n0.03_d100_r05,C2,202642,2.3,2.2,0.09999999999999964,0.6,0.6485729976802336,0.6137771447235993,FAR,FAR,0.0,1,,,0.03,100
C2_n0.03_d100_r05,C2,202642,2.32,2.22,0.09999999999999964,0.6,0.6133391119119012,0.6136676365206748,FAR,FAR,0.0,1,,,0.03,100
C2_n0.03_d100_r05,C2,202642,2.34,2.24,0.09999999999999964,0.6,0.598319035626792,0.6098304862972042,FAR,FAR,0.0,1,,,0.03,100
C2_n0.03_d100_r05,C2,202642,2.36,2.26,0.10000000000000009,0.6,0.6153801432414108,0.6112179005332559,FAR,FAR,0.0,1,,,0.03,100
C2_n0.03_d100_r05,C2,202642,2.38,2.28,0.10000000000000009,0.6,0.6156058195057799,0.6123148802763869,FAR,FAR,0.0,1,,,0.03,100
C2_n0.03_d100_r05,C2,202642,2.4,2.3,0.10000000000000009,0.6,0.5782927069313543,0.6038093369401287,FAR,FAR,0.0,1,,,0.03,100
C2_n0.03_d100_r05,C2,202642,2.42,2.32,0.10000000000000009,0.6,0.6239558347275841,0.6088459613869925,FAR,FAR,0.0,1,,,0.03,100
C2_n0.03_d100_r05,C2,202642,2.44,2.34,0.10000000000000009,0.6,0.6273222845003049,0.6134650421653206,FAR,FAR,0.0,1,,,0.03,100
C2_n0.03_d100_r05,C2,202642,2.46,2.36,0.10000000000000009,0.6,0.6146103971487723,0.6137513809111835,FAR,FAR,0.0,1,,,0.03,100
C2_n0.03_d100_r05,C2,202642,2.48,2.38,0.10000000000000009,0.6,0.6121715319996094,0.6133564186832899,FAR,FAR,0.0,1,,,0.03,100
C2_n0.03_d100_r05,C2,202642,2.5,2.4,0.10000000000000009,0.6,0.5822622477789043,0.6055828759571935,FAR,FAR,0.0,1,,,0.03,100
C2_n0.03_d100_r05,C2,202642,2.52,2.42,0.10000000000000009,0.6,0.6568832188805162,0.6184079616880241,FAR,FAR,0.0,1,,,0.03,100
C2_n0.03_d100_r05,C2,202642,2.54,2.44,0.10000000000000009,0.6,0.6248667815027658,0.6200226666417095,FAR,FAR,0.0,1,,,0.03,100
C2_n0.03_d100_r05,C2,202642,2.56,2.46,0.10000000000000009,0.6,0.6306594277337074,0.622681856914709,FAR,FAR,0.0,1,,,0.03,100
C2_n0.03_d100_r05,C2,202642,2.58,2.48,0.10000000000000009,0.6,0.5902527332829253,0.6145745760067631,FAR,FAR,0.0,1,,,0.03,100
C2_n0.03_d100_r05,C2,202642,2.6,2.5,0.10000000000000009,0.6,0.6092702326236207,0.6132484901609775,FAR,FAR,0.0,1,,,0.03,100
C2_n0.03_d100_r05,C2,202642,2.62,2.52,0.10000000000000009,0.6,0.5704229760960561,0.6025421116447471,FAR,FAR,0.0,1,,,0.03,100
C2_n0.03_d100_r05,C2,202642,2.64,2.54,0.10000000000000009,0.6,0.5700468328160014,0.5944182919375607,FAR,FAR,0.0,1,,,0.03,100
C2_n0.03_d100_r05,C2,202642,2.66,2.56,0.10000000000000009,0.6,0.6159170493003938,0.599792981278269,FAR,FAR,0.0,1,,,0.03,100
C2_n0.03_d100_r05,C2,202642,2.68,2.58,0.10000000000000009,0.6,0.5894812352732519,0.5972150447770147,FAR,FAR,0.0,1,,,0.03,100
C2_n0.03_d100_r05,C2,202642,2.7,2.6,0.10000000000000009,0.6,0.595664789523869,0.5968274809637283,FAR,FAR,0.0,1,,,0.03,100
C2_n0.03_d100_r05,C2,202642,2.72,2.62,0.10000000000000009,0.6,0.6266012004748572,0.6042709108415105,FAR,FAR,0.0,1,,,0.03,100
C2_n0.03_d100_r05,C2,202642,2.74,2.64,0.10000000000000009,0.6,0.5889700688166248,0.6004457003352891,FAR,FAR,0.0,1,,,0.03,100
C2_n0.03_d100_r05,C2,202642,2.76,2.66,0.09999999999999964,0.6,0.6253469434454368,0.6066710111128261,FAR,FAR,0.0,1,,,0.03,100
C2_n0.03_d100_r05,C2,202642,2.78,2.68,0.09999999999999964,0.6,0.6611099165930258,0.6202807374828759,FAR,FAR,0.0,1,,,0.03,100
C2_n0.03_d100_r05,C2,202642,2.8,2.7,0.09999999999999964,0.6,0.595126009701382,0.6139920555375025,FAR,FAR,0.0,1,,,0.03,100
C2_n0.03_d100_r05,C2,202642,2.82,2.72,0.09999999999999964,0.6,0.5811022206505988,0.6057695968157766,FAR,FAR,0.0,1,,,0.03,100
C2_n0.03_d100_r05,C2,202642,2.84,2.74,0.09999999999999964,0.6,0.5977844145955433,0.6037733012607183,FAR,FAR,0.0,1,,,0.03,100
C2_n0.03_d100_r05,C2,202642,2.86,2.76,0.10000000000000009,0.6,0.6150204927706282,0.6065850991381958,FAR,FAR,0.0,1,,,0.03,100
C2_n0.03_d100_r05,C2,202642,2.88,2.78,0.10000000000000009,0.6,0.5811158433236574,0.6002177851845611,FAR,FAR,0.0,1,,,0.03,100
C2_n0.03_d100_r05,C2,202642,2.9,2.8,0.10000000000000009,0.6,0.5583577344451025,0.5897527724996965,FAR,FAR,0.0,1,,,0.03,100
C2_n0.03_d100_r05,C2,202642,2.92,2.82,0.10000000000000009,0.6,0.619589749577323,0.5972120167691031,FAR,FAR,0.0,1,,,0.03,100
C2_n0.03_d100_r05,C2,202642,2.94,2.84,0.10000000000000009,0.6,0.6672848355306075,0.6147302214594792,FAR,FAR,0.0,1,,,0.03,100
C2_n0.03_d100_r05,C2,202642,2.96,2.86,0.10000000000000009,0.6,0.6284287450364103,0.6181548523537119,FAR,FAR,0.0,1,,,0.03,100
C2_n0.03_d100_r05,C2,202642,2.98,2.88,0.10000000000000009,0.6,0.5561953785903772,0.6026649839128783,FAR,FAR,0.0,1,,,0.03,100
C2_n0.03_d100_r05,C2,202642,3.0,2.9,0.10000000000000009,0.6,0.5638727877208538,0.5929669348648722,FAR,FAR,0.0,1,,,0.03,100
C2_n0.03_d100_r05,C2,202642,3.02,2.92,0.10000000000000009,0.6,0.5983736754070023,0.5943186200004047,FAR,FAR,0.0,1,,,0.03,100
C2_n0.03_d100_r05,C2,202642,3.04,2.94,0.10000000000000009,0.6,0.5617688890551438,0.5861811872640894,FAR,FAR,0.0,1,,,0.03,100
C2_n0.03_d100_r05,C2,202642,3.06,2.96,0.10000000000000009,0.6,0.5872880441668793,0.5864579014897868,FAR,FAR,0.0,1,,,0.03,100
C2_n0.03_d100_r05,C2,202642,3.08,2.98,0.10000000000000009,0.6,0.5961546709149423,0.5888820938460757,FAR,FAR,0.0,1,,,0.03,100
C2_n0.03_d100_r05,C2,202642,3.1,3.0,0.10000000000000009,0.6,0.6850675269578699,0.6129284521240242,FAR,FAR,0.0,1,,,0.03,100
C2_n0.03_d100_r05,C2,202642,3.12,3.02,0.10000000000000009,0.6,0.5945099882285503,0.6083238361501557,FAR,FAR,0.0,1,,,0.03,100
C2_n0.03_d100_r05,C2,202642,3.14,3.04,0.10000000000000009,0.6,0.6344319761237542,0.6148508711435554,FAR,FAR,0.0,1,,,0.03,100
C2_n0.03_d100_r05,C2,202642,3.16,3.06,0.10000000000000009,0.6,0.5895877376246267,0.6085350877638233,FAR,FAR,0.0,1,,,0.03,100
C2_n0.03_d100_r05,C2,202642,3.18,3.08,0.10000000000000009,0.6,0.5777420515153212,0.6008368287016977,FAR,FAR,0.0,1,,,0.03,100
C2_n0.03_d100_r05,C2,202642,3.2,3.1,0.10000000000000009,0.6,0.6732275334225024,0.6189345048818989,FAR,FAR,0.0,1,,,0.03,100
C2_n0.03_d100_r05,C2,202642,3.22,3.12,0.10000000000000009,0.6,0.631650585956541,0.6221135251505595,FAR,FAR,0.0,1,,,0.03,100
C2_n0.03_d100_r05,C2,202642,3.24,3.14,0.10000000000000009,0.6,0.5642903199498474,0.6076577238503814,FAR,FAR,0.0,1,,,0.03,100
C2_n0.03_d100_r05,C2,202642,3.26,3.16,0.09999999999999964,0.6,0.5976323178297409,0.6051513723452213,FAR,FAR,0.0,1,,,0.03,100
C2_n0.03_d100_r05,C2,202642,3.28,3.18,0.09999999999999964,0.6,0.5834490089551713,0.5997257814977088,FAR,FAR,0.0,1,,,0.03,100
C2_n0.03_d100_r05,C2,202642,3.3,3.2,0.09999999999999964,0.6,0.5976383672715119,0.5992039279411596,FAR,FAR,0.0,1,,,0.03,100
C2_n0.03_d100_r05,C2,202642,3.32,3.22,0.09999999999999964,0.6,0.5287964956586382,0.5816020698705293,FAR,FAR,0.0,1,,,0.03,100
C2_n0.03_d100_r05,C2,202642,3.34,3.24,0.09999999999999964,0.6,0.6229058798388197,0.5919280223626019,FAR,FAR,0.0,1,,,0.03,100
C2_n0.03_d100_r05,C2,202642,3.36,3.26,0.10000000000000009,0.6,0.6101871939381652,0.5964928152564928,FAR,FAR,0.0,1,,,0.03,100
C2_n0.03_d100_r05,C2,202642,3.38,3.28,0.10000000000000009,0.6,0.5688316219824769,0.5895775169379889,FAR,FAR,0.0,1,,,0.03,100
C2_n0.03_d100_r05,C2,202642,3.4,3.3,0.10000000000000009,0.6,0.5728516748619384,0.5853960564189763,FAR,FAR,0.0,1,,,0.03,100
C2_n0.03_d100_r05,C2,202642,3.42,3.32,0.10000000000000009,0.6,0.5699489644014725,0.5815342834146003,FAR,FAR,0.0,1,,,0.03,100
C2_n0.03_d100_r05,C2,202642,3.44,3.34,0.10000000000000009,0.6,0.5898500258769693,0.5836132190301926,FAR,FAR,0.0,1,,,0.03,100
C2_n0.03_d100_r05,C2,202642,3.46,3.36,0.10000000000000009,0.6,0.6063133268100958,0.5892882459751684,FAR,FAR,0.0,1,,,0.03,100
C2_n0.03_d100_r05,C2,202642,3.48,3.38,0.10000000000000009,0.6,0.6008366790928416,0.5921753542545867,FAR,FAR,0.0,1,,,0.03,100
C2_n0.03_d100_r05,C2,202642,3.5,3.4,0.10000000000000009,0.6,0.6011734909686482,0.594424888433102,FAR,FAR,0.0,1,,,0.03,100
C2_n0.03_d100_r05,C2,202642,3.52,3.42,0.10000000000000009,0.6,0.6472886328206705,0.6076408245299941,FAR,FAR,0.0,1,,,0.03,100
C2_n0.03_d100_r05,C2,202642,3.54,3.44,0.10000000000000009,0.6,0.6127523798399206,0.6089187133574758,FAR,FAR,0.0,1,,,0.03,100
C2_n0.03_d100_r05,C2,202642,3.56,3.46,0.10000000000000009,0.6,0.5885044664089814,0.6038151516203523,FAR,FAR,0.0,1,,,0.03,100
C2_n0.03_d100_r05,C2,202642,3.58,3.48,0.10000000000000009,0.6,0.632827473666748,0.6110682321319512,FAR,FAR,0.0,1,,,0.03,100
C2_n0.03_d100_r05,C2,202642,3.6,3.5,0.10000000000000009,0.6,0.6262620824088371,0.6148666947011726,FAR,FAR,0.0,1,,,0.03,100
C2_n0.03_d100_r05,C2,202642,3.62,3.52,0.10000000000000009,0.6,0.5968404964708738,0.6103601451435978,FAR,FAR,0.0,1,,,0.03,100
C2_n0.03_d100_r05,C2,202642,3.64,3.54,0.10000000000000009,0.6,0.5920336005346013,0.6057785089913487,FAR,FAR,0.0,1,,,0.03,100
C2_n0.03_d100_r05,C2,202642,3.66,3.56,0.10000000000000009,0.6,0.6505246505207383,0.616965044373696,FAR,FAR,0.0,1,,,0.03,100
C2_n0.03_d100_r05,C2,202642,3.68,3.58,0.10000000000000009,0.6,0.6242228736410816,0.6187795016905424,FAR,FAR,0.0,1,,,0.03,100
C2_n0.03_d100_r05,C2,202642,3.7,3.6,0.10000000000000009,0.6,0.5801614334099576,0.6091249846203962,FAR,FAR,0.0,1,,,0.03,100
C2_n0.03_d100_r05,C2,202642,3.72,3.62,0.10000000000000009,0.6,0.5804702045737022,0.6019612896087227,FAR,FAR,0.0,1,,,0.03,100
C2_n0.03_d100_r05,C2,202642,3.74,3.64,0.10000000000000009,0.6,0.5909219053589106,0.5992014435462697,FAR,FAR,0.0,1,,,0.03,100
C2_n0.03_d100_r05,C2,202642,3.76,3.66,0.09999999999999964,0.6,0.6050112916022493,0.6006539055602645,FAR,FAR,0.0,1,,,0.03,100
C2_n0.03_d100_r05,C2,202642,3.78,3.68,0.09999999999999964,0.6,0.5310162757482246,0.5832444981072546,FAR,FAR,0.0,1,,,0.03,100
C2_n0.03_d100_r05,C2,202642,3.8,3.7,0.09999999999999964,0.6,0.6315853435387986,0.5953297094651406,FAR,FAR,0.0,1,,,0.03,100
C2_n0.03_d100_r05,C2,202642,3.82,3.72,0.09999999999999964,0.6,0.5966302724707064,0.5956548502165321,FAR,FAR,0.0,1,,,0.03,100
C2_n0.03_d100_r05,C2,202642,3.84,3.74,0.09999999999999964,0.6,0.6325881576209201,0.6048881770676291,FAR,FAR,0.0,1,,,0.03,100
C2_n0.03_d100_r05,C2,202642,3.86,3.76,0.10000000000000009,0.6,0.5896046220691903,0.6010672883180194,FAR,FAR,0.0,1,,,0.03,100
C2_n0.03_d100_r05,C2,202642,3.88,3.78,0.10000000000000009,0.6,0.6737760135215316,0.6192444696188975,FAR,FAR,0.0,1,,,0.03,100
C2_n0.03_d100_r05,C2,202642,3.9,3.8,0.10000000000000009,0.6,0.5869313374311987,0.6111661865719727,FAR,FAR,0.0,1,,,0.03,100
C2_n0.03_d100_r05,C2,202642,3.92,3.82,0.10000000000000009,0.6,0.5873849196890507,0.6052208698512422,FAR,FAR,0.0,1,,,0.03,100
C2_n0.03_d100_r05,C2,202642,3.94,3.84,0.10000000000000009,0.6,0.6109489285190192,0.6066528845181864,FAR,FAR,0.0,1,,,0.03,100
C2_n0.03_d100_r05,C2,202642,3.96,3.86,0.10000000000000009,0.6,0.5293051339007347,0.5873159468638235,FAR,FAR,0.0,1,,,0.03,100
C2_n0.03_d100_r05,C2,202642,3.98,3.88,0.10000000000000009,0.6,0.5826063169176194,0.5861385393772724,FAR,FAR,0.0,1,,,0.03,100
C2_n0.03_d100_r05,C2,202642,4.0,3.9,0.10000000000000009,0.6,0.6024688663383703,0.5902211211175469,FAR,FAR,0.0,1,,,0.03,100
C2_n0.03_d100_r05,C2,202642,4.02,3.92,0.09999999999999964,0.5982500000000001,0.5698445653311945,0.5851269821709588,FAR,FAR,0.0,1,,,0.03,100
C2_n0.03_d100_r05,C2,202642,4.04,3.94,0.10000000000000009,0.5965,0.6102734874960137,0.5914136085022226,FAR,FAR,0.0,1,,,0.03,100
C2_n0.03_d100_r05,C2,202642,4.06,3.96,0.09999999999999964,0.59475,0.5951729887549245,0.592353453565398,FAR,FAR,0.0,1,,,0.03,100
C2_n0.03_d100_r05,C2,202642,4.08,3.98,0.10000000000000009,0.593,0.6541382013846196,0.6077996405202034,FAR,FAR,0.0,1,,,0.03,100
C2_n0.03_d100_r05,C2,202642,4.1,4.0,0.09999999999999964,0.59125,0.5758662442927053,0.5998162914633288,FAR,FAR,0.0,1,,,0.03,100
C2_n0.03_d100_r05,C2,202642,4.12,4.02,0.10000000000000053,0.5894999999999999,0.5501025692568127,0.5873878609116998,FAR,FAR,0.0,1,,,0.03,100
C2_n0.03_d100_r05,C2,202642,4.14,4.04,0.09999999999999964,0.58775,0.5789988243899654,0.5852906017812662,FAR,FAR,0.0,1,,,0.03,100
C2_n0.03_d100_r05,C2,202642,4.16,4.06,0.10000000000000053,0.586,0.5971936044700721,0.5882663524534677,FAR,FAR,0.0,1,,,0.03,100
C2_n0.03_d100_r05,C2,202642,4.18,4.08,0.09999999999999964,0.58425,0.6036531732857041,0.5921130576615268,FAR,FAR,0.0,1,,,0.03,100
C2_n0.03_d100_r05,C2,202642,4.2,4.1,0.10000000000000053,0.5825,0.5997261253515329,0.5940163245840283,FAR,FAR,0.0,1,,,0.03,100
C2_n0.03_d100_r05,C2,202642,4.22,4.12,0.09999999999999964,0.58075,0.5931604054308776,0.5938023447957406,FAR,FAR,0.0,1,,,0.03,100
C2_n0.03_d100_r05,C2,202642,4.24,4.14,0.10000000000000053,0.579,0.5392600525841245,0.5801667717428365,FAR,FAR,0.0,1,,,0.03,100
C2_n0.03_d100_r05,C2,202642,4.26,4.16,0.09999999999999964,0.57725,0.6040512153649666,0.586137882648369,FAR,FAR,0.0,1,,,0.03,100
C2_n0.03_d100_r05,C2,202642,4.28,4.18,0.10000000000000053,0.5754999999999999,0.6281179536763416,0.5966329004053621,FAR,FAR,0.0,1,,,0.03,100
C2_n0.03_d100_r05,C2,202642,4.3,4.2,0.09999999999999964,0.57375,0.5644166575644953,0.5885788396951455,FAR,FAR,0.0,1,,,0.03,100
C2_n0.03_d100_r05,C2,202642,4.32,4.22,0.10000000000000053,0.572,0.5743423121047481,0.5850197077975461,FAR,FAR,0.0,1,,,0.03,100
C2_n0.03_d100_r05,C2,202642,4.34,4.24,0.09999999999999964,0.57025,0.5784959098987227,0.5833887583228402,FAR,FAR,0.0,1,,,0.03,100
C2_n0.03_d100_r05,C2,202642,4.36,4.26,0.10000000000000053,0.5685,0.5801183173791334,0.5825711480869135,FAR,FAR,0.0,1,,,0.03,100
C2_n0.03_d100_r05,C2,202642,4.38,4.28,0.09999999999999964,0.56675,0.5952619649155397,0.58574385229407,FAR,FAR,0.0,1,,,0.03,100
C2_n0.03_d100_r05,C2,202642,4.4,4.3,0.10000000000000053,0.565,0.6261275164512831,0.5958397683333733,FAR,FAR,0.0,1,,,0.03,100
C2_n0.03_d100_r05,C2,202642,4.42,4.32,0.09999999999999964,0.56325,0.5224566553094144,0.5774939900773836,FAR,FAR,0.0,1,,,0.03,100
C2_n0.03_d100_r05,C2,202642,4.44,4.34,0.10000000000000053,0.5614999999999999,0.5957296553568766,0.5820529063972568,FAR,FAR,0.0,1,,,0.03,100
C2_n0.03_d100_r05,C2,202642,4.46,4.36,0.09999999999999964,0.55975,0.5964541114836774,0.585653207668862,FAR,FAR,0.0,1,,,0.03,100
C2_n0.03_d100_r05,C2,202642,4.48,4.38,0.10000000000000053,0.5579999999999999,0.5466983603610885,0.5759144958419187,FAR,FAR,0.0,1,,,0.03,100
C2_n0.03_d100_r05,C2,202642,4.5,4.4,0.09999999999999964,0.55625,0.5126957655422749,0.5601098132670077,FAR,FAR,0.0,1,,,0.03,100
C2_n0.03_d100_r05,C2,202642,4.52,4.42,0.09999999999999964,0.5545,0.5365150112463929,0.554211112761854,FAR,FAR,0.0,1,,,0.03,100
C2_n0.03_d100_r05,C2,202642,4.54,4.44,0.09999999999999964,0.55275,0.6082614913207708,0.5677237074015832,FAR,FAR,0.0,1,,,0.03,100
C2_n0.03_d100_r05,C2,202642,4.56,4.46,0.09999999999999964,0.551,0.5536867293312153,0.5642144628839912,FAR,FAR,0.0,1,,,0.03,100
C2_n0.03_d100_r05,C2,202642,4.58,4.48,0.09999999999999964,0.54925,0.5853397721250317,0.5694957901942513,FAR,FAR,0.0,1,,,0.03,100
C2_n0.03_d100_r05,C2,202642,4.6,4.5,0.09999999999999964,0.5475,0.5669201555057426,0.5688518815221242,FAR,FAR,0.0,1,,,0.03,100
C2_n0.03_d100_r05,C2,202642,4.62,4.52,0.10000000000000053,0.54575,0.5886482187574393,0.573800965830953,FAR,FAR,0.0,1,,,0.03,100
C2_n0.03_d100_r05,C2,202642,4.64,4.54,0.09999999999999964,0.544,0.5066992919472987,0.5570255473600394,FAR,FAR,0.0,1,,,0.03,100
C2_n0.03_d100_r05,C2,202642,4.66,4.56,0.10000000000000053,0.54225,0.5513031756056898,0.555594954421452,FAR,FAR,0.0,1,,,0.03,100
C2_n0.03_d100_r05,C2,202642,4.68,4.58,0.09999999999999964,0.5405,0.5639488194306101,0.5576834206737415,FAR,FAR,0.0,1,,,0.03,100
C2_n0.03_d100_r05,C2,202642,4.7,4.6,0.10000000000000053,0.53875,0.5562910135662309,0.5573353188968639,FAR,FAR,0.0,1,,,0.03,100
C2_n0.03_d100_r05,C2,202642,4.72,4.62,0.09999999999999964,0.537,0.5112618276665213,0.5458169460892783,FAR,FAR,0.0,1,,,0.03,100
C2_n0.03_d100_r05,C2,202642,4.74,4.64,0.10000000000000053,0.53525,0.5576041568110504,0.5487637487697213,FAR,FAR,0.0,1,,,0.03,100
C2_n0.03_d100_r05,C2,202642,4.76,4.66,0.09999999999999964,0.5335,0.5344574687063657,0.5451871787538825,FAR,FAR,0.0,1,,,0.03,100
C2_n0.03_d100_r05,C2,202642,4.78,4.68,0.10000000000000053,0.53175,0.5516526368574673,0.5468035432797786,FAR,FAR,0.0,1,,,0.03,100
C2_n0.03_d100_r05,C2,202642,4.8,4.7,0.09999999999999964,0.53,0.5169999287233616,0.5393526396406744,FAR,FAR,0.0,1,,,0.03,100
C2_n0.03_d100_r05,C2,202642,4.82,4.72,0.10000000000000053,0.52825,0.5657195829903573,0.5459443754780952,FAR,FAR,0.0,1,,,0.03,100
C2_n0.03_d100_r05,C2,202642,4.84,4.74,0.09999999999999964,0.5265,0.5486552934296718,0.5466221049659893,FAR,FAR,0.0,1,,,0.03,100
C2_n0.03_d100_r05,C2,202642,4.86,4.76,0.10000000000000053,0.5247499999999999,0.5887184352402984,0.5571461875345666,FAR,FAR,0.0,1,,,0.03,100
C2_n0.03_d100_r05,C2,202642,4.88,4.78,0.09999999999999964,0.523,0.5626174094717041,0.558513993018851,FAR,FAR,0.0,1,,,0.03,100
C2_n0.03_d100_r05,C2,202642,4.9,4.8,0.10000000000000053,0.52125,0.5276307121658147,0.5507931728055919,FAR,FAR,0.0,1,,,0.03,100
C2_n0.03_d100_r05,C2,202642,4.92,4.82,0.09999999999999964,0.5195,0.5196380489037293,0.5430043918301263,FAR,FAR,0.0,1,,,0.03,100
C2_n0.03_d100_r05,C2,202642,4.94,4.84,0.10000000000000053,0.5177499999999999,0.5410182426300663,0.5425078545301112,FAR,FAR,0.0,1,,,0.03,100
C2_n0.03_d100_r05,C2,202642,4.96,4.86,0.09999999999999964,0.516,0.4823797173441272,0.5274758202336152,FAR,FAR,0.0,1,,,0.03,100
C2_n0.03_d100_r05,C2,202642,4.98,4.88,0.10000000000000053,0.51425,0.5039841913451701,0.5216029130115039,FAR,FAR,0.0,1,,,0.03,100
C2_n0.03_d100_r05,C2,202642,5.0,4.9,0.09999999999999964,0.5125,0.53607932274693,0.5252220154453604,FAR,FAR,0.0,1,,,0.03,100
C2_n0.03_d100_r05,C2,202642,5.02,4.92,0.09999999999999964,0.51075,0.4896158126531238,0.5163204647473012,FAR,FAR,0.0,1,,,0.03,100
C2_n0.03_d100_r05,C2,202642,5.04,4.94,0.09999999999999964,0.509,0.5306655881003467,0.5199067455855626,FAR,FAR,0.0,1,,,0.03,100
C2_n0.03_d100_r05,C2,202642,5.06,4.96,0.09999999999999964,0.50725,0.4735884886980261,0.5083271813636785,FAR,FAR,0.0,1,,,0.03,100
C2_n0.03_d100_r05,C2,202642,5.08,4.98,0.09999999999999964,0.5055,0.5557448991201246,0.52018161080279,FAR,FAR,0.0,1,,,0.03,100
C2_n0.03_d100_r05,C2,202642,5.1,5.0,0.09999999999999964,0.50375,0.4625160978209455,0.5057652325573289,FAR,FAR,0.0,1,,,0.03,100
C2_n0.03_d100_r05,C2,202642,5.12,5.02,0.10000000000000053,0.502,0.5434255829058426,0.5151803201444574,FAR,FAR,0.0,1,,,0.03,100
C2_n0.03_d100_r05,C2,202642,5.14,5.04,0.09999999999999964,0.50025,0.49668670535385906,0.5105569164468078,FAR,FAR,0.0,1,,,0.03,100
C2_n0.03_d100_r05,C2,202642,5.16,5.06,0.10000000000000053,0.49849999999999994,0.5395599613284026,0.5178076776672065,FAR,FAR,0.0,1,,,0.03,100
C2_n0.03_d100_r05,C2,202642,5.18,5.08,0.09999999999999964,0.49675,0.5747335201259369,0.5320391382818891,FAR,FAR,0.0,1,,,0.03,100
C2_n0.03_d100_r05,C2,202642,5.2,5.1,0.10000000000000053,0.495,0.5090511891481542,0.5262921509984553,FAR,FAR,0.0,1,,,0.03,100
C2_n0.03_d100_r05,C2,202642,5.22,5.12,0.09999999999999964,0.49325,0.5113353224176641,0.5225529438532575,FAR,FAR,0.0,1,,,0.03,100
C2_n0.03_d100_r05,C2,202642,5.24,5.14,0.10000000000000053,0.49149999999999994,0.5208215815533713,0.522120103278286,FAR,FAR,0.0,1,,,0.03,100
C2_n0.03_d100_r05,C2,202642,5.26,5.16,0.09999999999999964,0.48975,0.5045116007594056,0.5177179776485659,FAR,FAR,0.0,1,,,0.03,100
C2_n0.03_d100_r05,C2,202642,5.28,5.18,0.10000000000000053,0.488,0.5085573247834757,0.5154278144322934,FAR,FAR,0.0,1,,,0.03,100
C2_n0.03_d100_r05,C2,202642,5.3,5.2,0.09999999999999964,0.48625,0.44508659207604223,0.49784250884323056,FAR,FAR,0.0,1,,,0.03,100
C2_n0.03_d100_r05,C2,202642,5.32,5.22,0.10000000000000053,0.48449999999999993,0.5230967790564024,0.5041560763965235,FAR,FAR,0.0,1,,,0.03,100
C2_n0.03_d100_r05,C2,202642,5.34,5.24,0.09999999999999964,0.48275,0.5026165391739156,0.5037711920908715,FAR,FAR,0.0,1,,,0.03,100
C2_n0.03_d100_r05,C2,202642,5.36,5.26,0.10000000000000053,0.481,0.505564504219838,0.5042195201231131,FAR,FAR,0.0,1,,,0.03,100
C2_n0.03_d100_r05,C2,202642,5.38,5.28,0.09999999999999964,0.47925,0.4701870206027585,0.4957113952430245,FAR,FAR,0.0,1,,,0.03,100
C2_n0.03_d100_r05,C2,202642,5.4,5.3,0.10000000000000053,0.4774999999999999,0.4934391466584814,0.4951433330968887,FAR,FAR,0.0,1,,,0.03,100
C2_n0.03_d100_r05,C2,202642,5.42,5.32,0.09999999999999964,0.47575,0.48163767070129443,0.4917669174979901,FAR,FAR,0.0,1,,,0.03,100
C2_n0.03_d100_r05,C2,202642,5.44,5.34,0.10000000000000053,0.474,0.5066432172945949,0.4954859924471413,FAR,FAR,0.0,1,,,0.03,100
C2_n0.03_d100_r05,C2,202642,5.46,5.36,0.09999999999999964,0.47224999999999995,0.4863951241809427,0.4932132753805917,FAR,FAR,0.0,1,,,0.03,100
C2_n0.03_d100_r05,C2,202642,5.48,5.38,0.10000000000000053,0.4704999999999999,0.4689631632836664,0.4871507473563604,FAR,FAR,0.0,1,,,0.03,100
C2_n0.03_d100_r05,C2,202642,5.5,5.4,0.09999999999999964,0.46875,0.5156588145331064,0.4942777641505469,FAR,FAR,0.0,1,,,0.03,100
C2_n0.03_d100_r05,C2,202642,5.52,5.42,0.09999999999999964,0.467,0.48307305070328144,0.49147658578873055,FAR,FAR,0.0,1,,,0.03,100
C2_n0.03_d100_r05,C2,202642,5.54,5.44,0.09999999999999964,0.46525,0.4820931191239395,0.4891307191225328,FAR,FAR,0.0,1,,,0.03,100
C2_n0.03_d100_r05,C2,202642,5.56,5.46,0.09999999999999964,0.4635,0.455004490421824,0.4805991619473556,FAR,FAR,0.0,1,,,0.03,100
C2_n0.03_d100_r05,C2,202642,5.58,5.48,0.09999999999999964,0.46175,0.49644484664515487,0.4845605831218054,FAR,FAR,0.0,1,,,0.03,100
C2_n0.03_d100_r05,C2,202642,5.6,5.5,0.09999999999999964,0.46,0.49985629836647044,0.48838451193297167,FAR,FAR,0.0,1,,,0.03,100
C2_n0.03_d100_r05,C2,202642,5.62,5.52,0.10000000000000053,0.45825,0.46871413203887347,0.4834669169594471,FAR,FAR,0.0,1,,,0.03,100
C2_n0.03_d100_r05,C2,202642,5.64,5.54,0.09999999999999964,0.4565,0.47032960976076543,0.4801825901597767,FAR,FAR,0.0,1,,,0.03,100
C2_n0.03_d100_r05,C2,202642,5.66,5.56,0.10000000000000053,0.45475,0.4900822428669438,0.4826575033365685,FAR,FAR,0.0,1,,,0.03,100
C2_n0.03_d100_r05,C2,202642,5.68,5.58,0.09999999999999964,0.453,0.42206860449477057,0.467510278626119,FAR,FAR,0.0,1,,,0.03,100
C2_n0.03_d100_r05,C2,202642,5.7,5.6,0.10000000000000053,0.45125,0.46418902023410386,0.46667996402811524,FAR,FAR,0.0,1,,,0.03,100
C2_n0.03_d100_r05,C2,202642,5.72,5.62,0.09999999999999964,0.4495,0.4644020389137784,0.46611048274953104,FAR,FAR,0.0,1,,,0.03,100
C2_n0.03_d100_r05,C2,202642,5.74,5.64,0.10000000000000053,0.44775,0.4396447723838716,0.4594940551581162,FAR,FAR,0.0,1,,,0.03,100
C2_n0.03_d100_r05,C2,202642,5.76,5.66,0.09999999999999964,0.446,0.45116466534646066,0.45741170770520234,FAR,FAR,0.0,1,,,0.03,100
C2_n0.03_d100_r05,C2,202642,5.78,5.68,0.10000000000000053,0.44425,0.3739623687184938,0.4365493729585252,FAR,FAR,0.0,1,,,0.03,100
C2_n0.03_d100_r05,C2,202642,5.8,5.7,0.09999999999999964,0.4425,0.5234413976879768,0.4582723791408881,FAR,FAR,0.0,1,,,0.03,100
C2_n0.03_d100_r05,C2,202642,5.82,5.72,0.10000000000000053,0.44075,0.43273275196405137,0.4518874723466789,FAR,FAR,0.0,1,,,0.03,100
C2_n0.03_d100_r05,C2,202642,5.84,5.74,0.09999999999999964,0.439,0.4624830151818389,0.45453635805546894,FAR,FAR,0.0,1,,,0.03,100
C2_n0.03_d100_r05,C2,202642,5.86,5.76,0.10000000000000053,0.43724999999999997,0.4361664174477156,0.4499438729035306,FAR,FAR,0.0,1,,,0.03,100
C2_n0.03_d100_r05,C2,202642,5.88,5.78,0.09999999999999964,0.4355,0.4559472696702725,0.4514447220952161,FAR,FAR,0.0,1,,,0.03,100
C2_n0.03_d100_r05,C2,202642,5.9,5.8,0.10000000000000053,0.43374999999999997,0.4369210304331571,0.4478137991797013,FAR,FAR,0.0,1,,,0.03,100
C2_n0.03_d100_r05,C2,202642,5.92,5.82,0.09999999999999964,0.432,0.44516754659395663,0.44715223603326515,FAR,FAR,0.0,1,,,0.03,100
C2_n0.03_d100_r05,C2,202642,5.94,5.84,0.10000000000000053,0.43024999999999997,0.4505107698566763,0.44799186948911796,FAR,FAR,0.0,1,,,0.03,100
C2_n0.03_d100_r05,C2,202642,5.96,5.86,0.09999999999999964,0.4285,0.47183525335539933,0.45395271545568827,FAR,FAR,0.0,1,,,0.03,100
C2_n0.03_d100_r05,C2,202642,5.98,5.88,0.10000000000000053,0.42674999999999996,0.4790722215367512,0.460232591975954,FAR,FAR,0.0,1,,,0.03,100
C2_n0.03_d100_r05,C2,202642,6.0,5.9,0.09999999999999964,0.425,0.412331680790722,0.448257364179646,FAR,FAR,0.0,1,,,0.03,100
C2_n0.03_d100_r05,C2,202642,6.02,5.92,0.09999999999999964,0.42325,0.43520307526346885,0.44499379195060174,FAR,FAR,0.0,1,,,0.03,100
C2_n0.03_d100_r05,C2,202642,6.04,5.94,0.09999999999999964,0.4215,0.4293976151061653,0.44109474773949264,FAR,FAR,0.0,1,,,0.03,100
C2_n0.03_d100_r05,C2,202642,6.06,5.96,0.09999999999999964,0.41975,0.3987010272104282,0.4304963176072265,FAR,FAR,0.0,1,,,0.03,100
C2_n0.03_d100_r05,C2,202642,6.08,5.98,0.09999999999999964,0.418,0.39233224516719817,0.42095529949721944,FAR,FAR,0.0,1,,,0.03,100
C2_n0.03_d100_r05,C2,202642,6.1,6.0,0.09999999999999964,0.41625,0.40343812867348827,0.41657600679128665,FAR,FAR,0.0,1,,,0.03,100
C2_n0.03_d100_r05,C2,202642,6.12,6.02,0.10000000000000053,0.4145,0.37940810269804504,0.40728403076797626,FAR,FAR,0.0,1,,,0.03,100
C2_n0.03_d100_r05,C2,202642,6.14,6.04,0.09999999999999964,0.41275,0.34662227579548943,0.39211859202485455,FAR,FAR,0.0,1,,,0.03,100
C2_n0.03_d100_r05,C2,202642,6.16,6.06,0.10000000000000053,0.411,0.40495789077404337,0.3953284167121518,FAR,FAR,0.0,1,,,0.03,100
C2_n0.03_d100_r05,C2,202642,6.18,6.08,0.09999999999999964,0.40925,0.4462606523082995,0.4080614756111887,FAR,FAR,0.0,1,,,0.03,100
C2_n0.03_d100_r05,C2,202642,6.2,6.1,0.10000000000000053,0.4075,0.3714571963397363,0.3989104057933256,FAR,FAR,0.0,1,,,0.03,100
C2_n0.03_d100_r05,C2,202642,6.22,6.12,0.09999999999999964,0.40575,0.37502011522768297,0.392937833151915,FAR,FAR,0.0,1,,,0.03,100
C2_n0.03_d100_r05,C2,202642,6.24,6.14,0.10000000000000053,0.40399999999999997,0.46376761891084295,0.410645279591647,FAR,FAR,0.0,1,,,0.03,100
C2_n0.03_d100_r05,C2,202642,6.26,6.16,0.09999999999999964,0.40225,0.4090284559331208,0.41024107367701546,FAR,FAR,0.0,1,,,0.03,100
C2_n0.03_d100_r05,C2,202642,6.28,6.18,0.10000000000000053,0.40049999999999997,0.4280249601905401,0.41468704530539663,FAR,FAR,0.0,1,,,0.03,100
C2_n0.03_d100_r05,C2,202642,6.3,6.2,0.09999999999999964,0.39875,0.3976427611911753,0.4104259742768413,FAR,FAR,0.0,1,,,0.03,100
C2_n0.03_d100_r05,C2,202642,6.32,6.22,0.10000000000000053,0.39699999999999996,0.4558605287640864,0.4217846128986526,FAR,FAR,0.0,1,,,0.03,100
C2_n0.03_d100_r05,C2,202642,6.34,6.24,0.09999999999999964,0.39525,0.4541444642933077,0.42987457574731636,FAR,FAR,0.0,1,,,0.03,100
C2_n0.03_d100_r05,C2,202642,6.36,6.26,0.10000000000000053,0.39349999999999996,0.4093184428628993,0.4247355425262121,FAR,FAR,0.0,1,,,0.03,100
C2_n0.03_d100_r05,C2,202642,6.38,6.28,0.09999999999999964,0.39175,0.3679114038371862,0.41052950785395564,FAR,FAR,0.0,1,,,0.03,100
C2_n0.03_d100_r05,C2,202642,6.4,6.3,0.10000000000000053,0.38999999999999996,0.4313833456121123,0.4157429672934948,FAR,FAR,0.0,1,,,0.03,100
C2_n0.03_d100_r05,C2,202642,6.42,6.32,0.09999999999999964,0.38825,0.376842600723747,0.40601787565105785,FAR,FAR,0.0,1,,,0.03,100
C2_n0.03_d100_r05,C2,202642,6.44,6.34,0.10000000000000053,0.38649999999999995,0.44021661670341866,0.4145675609141481,FAR,FAR,0.0,1,,,0.03,100
C2_n0.03_d100_r05,C2,202642,6.46,6.36,0.09999999999999964,0.38475,0.38730107284444054,0.4077509388967212,FAR,FAR,0.0,1,,,0.03,100
C2_n0.03_d100_r05,C2,202642,6.48,6.38,0.10000000000000053,0.38299999999999995,0.37843562028392064,0.40042210924352106,FAR,FAR,0.0,1,,,0.03,100
C2_n0.03_d100_r05,C2,202642,6.5,6.4,0.09999999999999964,0.38125,0.35561683089017604,0.3892207896551848,FAR,FAR,0.0,1,,,0.03,100
C2_n0.03_d100_r05,C2,202642,6.52,6.42,0.09999999999999964,0.37950000000000006,0.3871048569763223,0.3886918064854692,FAR,FAR,0.0,1,,,0.03,100
C2_n0.03_d100_r05,C2,202642,6.54,6.44,0.09999999999999964,0.37775000000000003,0.3857743431684561,0.38796244065621593,FAR,FAR,0.0,1,,,0.03,100
C2_n0.03_d100_r05,C2,202642,6.56,6.46,0.09999999999999964,0.376,0.3770775062055701,0.38524120704355447,FAR,FAR,0.0,1,,,0.03,100
C2_n0.03_d100_r05,C2,202642,6.58,6.48,0.09999999999999964,0.37424999999999997,0.3681195279113857,0.3809607872605123,FAR,FAR,0.0,1,,,0.03,100
C2_n0.03_d100_r05,C2,202642,6.6,6.5,0.09999999999999964,0.37250000000000005,0.40537806948006755,0.3870651078154011,FAR,FAR,0.0,1,,,0.03,100
C2_n0.03_d100_r05,C2,202642,6.62,6.52,0.10000000000000053,0.37075,0.37195961131705024,0.3832887336908134,FAR,FAR,0.0,1,,,0.03,100
C2_n0.03_d100_r05,C2,202642,6.64,6.54,0.09999999999999964,0.369,0.3898141998835621,0.3849201002390006,FAR,FAR,0.0,1,,,0.03,100
C2_n0.03_d100_r05,C2,202642,6.66,6.56,0.10000000000000053,0.36724999999999997,0.36449685800782644,0.37981428968120706,FAR,FAR,0.0,1,,,0.03,100
C2_n0.03_d100_r05,C2,202642,6.68,6.58,0.09999999999999964,0.36550000000000005,0.37065271972076475,0.37752389719109647,FAR,FAR,0.0,1,,,0.03,100
C2_n0.03_d100_r05,C2,202642,6.7,6.6,0.10000000000000053,0.36375,0.30969035529436084,0.36056551171691253,FAR,FAR,0.0,1,,,0.03,100
C2_n0.03_d100_r05,C2,202642,6.72,6.62,0.09999999999999964,0.362,0.3591522925367092,0.3602122069218617,FAR,FAR,0.0,1,,,0.03,100
C2_n0.03_d100_r05,C2,202642,6.74,6.64,0.10000000000000053,0.36024999999999996,0.34998212304876253,0.3576546859535869,FAR,FAR,0.0,1,,,0.03,100
C2_n0.03_d100_r05,C2,202642,6.76,6.66,0.09999999999999964,0.35850000000000004,0.3704654556962456,0.3608573783892516,FAR,FAR,0.0,1,,,0.03,100
C2_n0.03_d100_r05,C2,202642,6.78,6.68,0.10000000000000053,0.35675,0.3774298810361786,0.3650005040509833,FAR,FAR,0.0,1,,,0.03,100
C2_n0.03_d100_r05,C2,202642,6.8,6.7,0.09999999999999964,0.355,0.4471984673166657,0.3855499948674038,FAR,FAR,0.0,1,,,0.03,100
C2_n0.03_d100_r05,C2,202642,6.82,6.72,0.10000000000000053,0.35324999999999995,0.36723471957677906,0.3809711760447477,FAR,FAR,0.0,1,,,0.03,100
C2_n0.03_d100_r05,C2,202642,6.84,6.74,0.09999999999999964,0.35150000000000003,0.39175112699521936,0.3836661637823656,FAR,FAR,0.0,1,,,0.03,100
C2_n0.03_d100_r05,C2,202642,6.86,6.76,0.10000000000000053,0.34974999999999995,0.348632200660598,0.3749076730019237,NEAR,FAR,0.0,1,,,0.03,100
C2_n0.03_d100_r05,C2,202642,6.88,6.78,0.09999999999999964,0.348,0.33825826320971525,0.3657453205538716,NEAR,FAR,0.0,1,,,0.03,100
C2_n0.03_d100_r05,C2,202642,6.9,6.8,0.10000000000000053,0.34624999999999995,0.39924023052694857,0.3741190480471408,NEAR,FAR,0.0,1,,,0.03,100
C2_n0.03_d100_r05,C2,202642,6.92,6.82,0.09999999999999964,0.3445,0.3781736206363954,0.37513269119445447,NEAR,FAR,0.0,1,,,0.03,100
C2_n0.03_d100_r05,C2,202642,6.94,6.84,0.10000000000000053,0.34274999999999994,0.379077039407218,0.3761187782476454,NEAR,FAR,0.0,1,,,0.03,100
C2_n0.03_d100_r05,C2,202642,6.96,6.86,0.09999999999999964,0.34099999999999997,0.3728566243842949,0.3753032397818078,NEAR,FAR,0.0,1,,,0.03,100
C2_n0.03_d100_r05,C2,202642,6.98,6.88,0.10000000000000053,0.33924999999999994,0.3564089096344705,0.37057965724497344,NEAR,FAR,0.0,1,,,0.03,100
C2_n0.03_d100_r05,C2,202642,7.0,6.9,0.09999999999999964,0.3375,0.328166852534323,0.3599764560673109,NEAR,FAR,0.0,1,,,0.03,100
C2_n0.03_d100_r05,C2,202642,7.02,6.92,0.09999999999999964,0.33575000000000005,0.3312877842248073,0.35280428810668496,NEAR,FAR,0.0,1,,,0.03,100
C2_n0.03_d100_r05,C2,202642,7.04,6.94,0.09999999999999964,0.334,0.2935366673948559,0.33798738292872765,NEAR,FAR,0.0,1,,,0.03,100
C2_n0.03_d100_r05,C2,202642,7.06,6.96,0.09999999999999964,0.33225000000000005,0.32808207487411106,0.3355110559150735,NEAR,FAR,0.0,1,,,0.03,100
C2_n0.03_d100_r05,C2,202642,7.08,6.98,0.09999999999999964,0.3305,0.3504394980356831,0.3392431664452259,NEAR,FAR,0.0,1,,,0.03,100
C2_n0.03_d100_r05,C2,202642,7.1,7.0,0.09999999999999964,0.32875000000000004,0.26460626773380536,0.3205839417673708,NEAR,FAR,0.0,1,,,0.03,100
C2_n0.03_d100_r05,C2,202642,7.12,7.02,0.10000000000000053,0.327,0.3336439009736619,0.32384893156894357,NEAR,FAR,0.0,1,,,0.03,100
C2_n0.03_d100_r05,C2,202642,7.14,7.04,0.09999999999999964,0.32525000000000004,0.26845134753389993,0.30999953556018267,NEAR,NEAR,0.6,1,ENTER_NEAR,,0.03,100
C2_n0.03_d100_r05,C2,202642,7.16,7.06,0.10000000000000053,0.3235,0.3447581254497049,0.3186891830325632,NEAR,NEAR,0.6,1,,,0.03,100
C2_n0.03_d100_r05,C2,202642,7.18,7.08,0.09999999999999964,0.32175000000000004,0.3535793774704033,0.32741173164202325,NEAR,NEAR,0.6,1,,,0.03,100
C2_n0.03_d100_r05,C2,202642,7.2,7.1,0.10000000000000053,0.32,0.3634894699307934,0.33643116621421576,NEAR,NEAR,0.6,1,,,0.03,100
C2_n0.03_d100_r05,C2,202642,7.22,7.12,0.09999999999999964,0.31825000000000003,0.3398283290021759,0.3372804569112058,NEAR,NEAR,0.6,1,,,0.03,100
C2_n0.03_d100_r05,C2,202642,7.24,7.14,0.10000000000000053,0.3165,0.24721024570542321,0.31476290410976016,NEAR,NEAR,0.6,1,,,0.03,100
C2_n0.03_d100_r05,C2,202642,7.26,7.16,0.09999999999999964,0.31475000000000003,0.2887734189294778,0.30826553281468955,NEAR,NEAR,0.6,1,,,0.03,100
C2_n0.03_d100_r05,C2,202642,7.28,7.18,0.10000000000000053,0.313,0.2960162104371657,0.3052032022203086,NEAR,NEAR,0.6,1,,,0.03,100
C2_n0.03_d100_r05,C2,202642,7.3,7.2,0.09999999999999964,0.31125,0.3515255105501603,0.3167837793027715,NEAR,NEAR,0.6,1,,,0.03,100
C2_n0.03_d100_r05,C2,202642,7.32,7.22,0.10000000000000053,0.3095,0.31513227681253014,0.3163709036802112,NEAR,NEAR,0.6,1,,,0.03,100
C2_n0.03_d100_r05,C2,202642,7.34,7.24,0.09999999999999964,0.30775,0.33638164916308483,0.32137359005092964,NEAR,NEAR,0.6,1,,,0.03,100
C2_n0.03_d100_r05,C2,202642,7.36,7.26,0.10000000000000053,0.306,0.3431950677698432,0.32682895948065804,NEAR,NEAR,0.6,1,,,0.03,100
C2_n0.03_d100_r05,C2,202642,7.38,7.28,0.09999999999999964,0.30425,0.32529826738175804,0.32644628645593304,NEAR,NEAR,0.6,1,,,0.03,100
C2_n0.03_d100_r05,C2,202642,7.4,7.3,0.10000000000000053,0.3025,0.31697574148933483,0.3240786502142835,NEAR,NEAR,0.6,1,,,0.03,100
C2_n0.03_d100_r05,C2,202642,7.42,7.32,0.09999999999999964,0.30075,0.26315460258666723,0.30884763830737944,NEAR,NEAR,0.6,1,,,0.03,100
C2_n0.03_d100_r05,C2,202642,7.44,7.34,0.10000000000000053,0.299,0.2641739549216093,0.2976792174609369,NEAR,NEAR,0.6,1,,,0.03,100
C2_n0.03_d100_r05,C2,202642,7.46,7.36,0.09999999999999964,0.29725,0.2866160768662076,0.2949134323122546,NEAR,NEAR,0.6,1,,,0.03,100
C2_n0.03_d100_r05,C2,202642,7.48,7.38,0.10000000000000053,0.2955,0.2971856052163693,0.29548147553828324,NEAR,NEAR,0.6,1,,,0.03,100
C2_n0.03_d100_r05,C2,202642,7.5,7.4,0.09999999999999964,0.29375,0.2933928452036192,0.2949593179546172,NEAR,NEAR,0.6,1,,,0.03,100
C2_n0.03_d100_r05,C2,202642,7.52,7.42,0.09999999999999964,0.29200000000000004,0.2793911978992417,0.2910672879407733,NEAR,NEAR,0.6,1,,,0.03,100
C2_n0.03_d100_r05,C2,202642,7.54,7.44,0.09999999999999964,0.29025,0.2929585763440065,0.2915401100415816,NEAR,NEAR,0.6,1,,,0.03,100
C2_n0.03_d100_r05,C2,202642,7.56,7.46,0.09999999999999964,0.28850000000000003,0.2715527548664729,0.28654327124780443,NEAR,NEAR,0.6,1,,,0.03,100
C2_n0.03_d100_r05,C2,202642,7.58,7.48,0.09999999999999964,0.28675,0.2892619542177065,0.28722294199028,NEAR,NEAR,0.6,1,,,0.03,100
C2_n0.03_d100_r05,C2,202642,7.6,7.5,0.09999999999999964,0.28500000000000003,0.2683297927058439,0.28249965466917093,NEAR,NEAR,0.6,1,,,0.03,100
C2_n0.03_d100_r05,C2,202642,7.62,7.52,0.10000000000000053,0.28325,0.3249678531405815,0.2931167042870236,NEAR,NEAR,0.6,1,,,0.03,100
C2_n0.03_d100_r05,C2,202642,7.64,7.54,0.09999999999999964,0.28150000000000003,0.2847496654183392,0.2910249445698525,NEAR,NEAR,0.6,1,,,0.03,100
C2_n0.03_d100_r05,C2,202642,7.66,7.56,0.10000000000000053,0.27975,0.30900850887382353,0.29552083564584525,NEAR,NEAR,0.6,1,,,0.03,100
C2_n0.03_d100_r05,C2,202642,7.68,7.58,0.09999999999999964,0.278,0.32429727570331107,0.30271494566021173,NEAR,NEAR,0.6,1,,,0.03,100
C2_n0.03_d100_r05,C2,202642,7.7,7.6,0.10000000000000053,0.27625,0.24316908996363512,0.28782848173606757,NEAR,NEAR,0.6,1,,,0.03,100
C2_n0.03_d100_r05,C2,202642,7.72,7.62,0.09999999999999964,0.2745,0.3053797262899333,0.292216292874534,NEAR,NEAR,0.6,1,,,0.03,100
C2_n0.03_d100_r05,C2,202642,7.74,7.64,0.10000000000000053,0.27275,0.3022790109628132,0.29473197239660376,NEAR,NEAR,0.6,1,,,0.03,100
C2_n0.03_d100_r05,C2,202642,7.76,7.66,0.09999999999999964,0.271,0.31785712375656555,0.3005132602365942,NEAR,NEAR,0.6,1,,,0.03,100
C2_n0.03_d100_r05,C2,202642,7.78,7.68,0.10000000000000053,0.26925,0.26313451628352547,0.291168574248327,NEAR,NEAR,0.6,1,,,0.03,100
C2_n0.03_d100_r05,C2,202642,7.8,7.7,0.09999999999999964,0.2675,0.3112793429089174,0.2961962664134746,NEAR,NEAR,0.6,1,,,0.03,100
C2_n0.03_d100_r05,C2,202642,7.82,7.72,0.10000000000000053,0.26575,0.25564580626146416,0.286058651375472,NEAR,NEAR,0.6,1,,,0.03,100
C2_n0.03_d100_r05,C2,202642,7.84,7.74,0.09999999999999964,0.264,0.34179667021848087,0.29999315608622423,NEAR,NEAR,0.6,1,,,0.03,100
C2_n0.03_d100_r05,C2,202642,7.86,7.76,0.10000000000000053,0.26225,0.3153263849670632,0.303826463306434,NEAR,NEAR,0.6,1,,,0.03,100
C2_n0.03_d100_r05,C2,202642,7.88,7.78,0.09999999999999964,0.2605,0.2629407378078678,0.29360503193179244,NEAR,NEAR,0.6,1,,,0.03,100
C2_n0.03_d100_r05,C2,202642,7.9,7.8,0.10000000000000053,0.25875,0.2075295934147051,0.2720861723025206,NEAR,NEAR,0.6,1,,,0.03,100
C2_n0.03_d100_r05,C2,202642,7.92,7.82,0.09999999999999964,0.257,0.2745203385503835,0.2726947138644863,NEAR,NEAR,0.6,1,,,0.03,100
C2_n0.03_d100_r05,C2,202642,7.94,7.84,0.10000000000000053,0.25525,0.2304216262145746,0.26212644195200835,NEAR,NEAR,0.6,1,,,0.03,100
C2_n0.03_d100_r05,C2,202642,7.96,7.86,0.09999999999999964,0.2535,0.27239855276919217,0.2646944696563043,NEAR,NEAR,0.6,1,,,0.03,100
C2_n0.03_d100_r05,C2,202642,7.98,7.88,0.10000000000000053,0.25175,0.2785163685861252,0.2681499443887595,NEAR,NEAR,0.6,1,,,0.03,100
C2_n0.03_d100_r05,C2,202642,8.0,7.9,0.09999999999999964,0.25,0.2885194862480989,0.27324232985359437,NEAR,NEAR,0.6,1,,,0.03,100
C2_n0.03_d100_r05,C2,202642,8.02,7.92,0.09999999999999964,0.2522533838368113,0.25791915428134826,0.2694115359605328,NEAR,NEAR,0.6,1,,,0.03,100
C2_n0.03_d100_r05,C2,202642,8.04,7.94,0.09999999999999876,0.25445562372365543,0.24494278816230566,0.26329434901097604,NEAR,NEAR,0.6,1,,,0.03,100
C2_n0.03_d100_r05,C2,202642,8.06,7.96,0.10000000000000053,0.25655673649976407,0.23301361611674443,0.25572416578741813,NEAR,NEAR,0.6,1,,,0.03,100
C2_n0.03_d100_r05,C2,202642,8.08,7.98,0.09999999999999964,0.25850903423690136,0.2495702179926707,0.2541856788387313,NEAR,NEAR,0.6,1,,,0.03,100
C2_n0.03_d100_r05,C2,202642,8.1,8.0,0.09999999999999964,0.2602682065889303,0.21934699567268584,0.24547600804721992,NEAR,NEAR,0.6,1,,,0.03,100
C2_n0.03_d100_r05,C2,202642,8.12,8.02,0.09999999999999964,0.26179432648204926,0.24706344978295955,0.24587286848115483,NEAR,NEAR,0.6,1,,,0.03,100
C2_n0.03_d100_r05,C2,202642,8.14,8.04,0.10000000000000142,0.26305275632004294,0.25064336717192637,0.2470654931538477,NEAR,NEAR,0.6,1,,,0.03,100
C2_n0.03_d100_r05,C2,202642,8.16,8.06,0.09999999999999964,0.2640149341368492,0.28164407662511876,0.25571013902166545,NEAR,NEAR,0.6,1,,,0.03,100
C2_n0.03_d100_r05,C2,202642,8.18,8.08,0.09999999999999964,0.2646590218535229,0.20366095032971993,0.2426978418486791,NEAR,NEAR,0.6,1,,,0.03,100
C2_n0.03_d100_r05,C2,202642,8.2,8.1,0.09999999999999964,0.26497040092642404,0.23972498666237518,0.2419546280521031,NEAR,NEAR,0.6,1,,,0.03,100
C2_n0.03_d100_r05,C2,202642,8.22,8.12,0.10000000000000142,0.2649420041371476,0.22046641886469057,0.23658257575524996,NEAR,NEAR,0.6,1,,,0.03,100
C2_n0.03_d100_r05,C2,202642,8.24,8.14,0.09999999999999964,0.2645744759937201,0.22864285793434685,0.23459764630002417,NEAR,NEAR,0.6,1,,,0.03,100
C2_n0.03_d100_r05,C2,202642,8.26,8.16,0.09999999999999964,0.26387615810251686,0.25900986988200475,0.2407007021955193,NEAR,NEAR,0.6,1,,,0.03,100
C2_n0.03_d100_r05,C2,202642,8.28,8.18,0.09999999999999964,0.26286289984290484,0.3094641715014638,0.2578915695220054,NEAR,NEAR,0.6,1,,,0.03,100
C2_n0.03_d100_r05,C2,202642,8.3,8.2,0.10000000000000142,0.2615576986416368,0.2964076473168748,0.2675205889707228,NEAR,NEAR,0.6,1,,,0.03,100
C2_n0.03_d100_r05,C2,202642,8.32,8.22,0.09999999999999964,0.25999017801151375,0.2804617576078854,0.2707558811300134,NEAR,NEAR,0.6,1,,,0.03,100
C2_n0.03_d100_r05,C2,202642,8.34,8.24,0.09999999999999964,0.25819591520101404,0.3174465849065311,0.2824285570741428,NEAR,NEAR,0.6,1,,,0.03,100
C2_n0.03_d100_r05,C2,202642,8.36,8.26,0.09999999999999964,0.2562156337148993,0.24598658079882785,0.2733180630053141,NEAR,NEAR,0.6,1,,,0.03,100
C2_n0.03_d100_r05,C2,202642,8.38,8.28,0.10000000000000142,0.2540942790327598,0.2906652752489283,0.27765486606621764,NEAR,NEAR,0.6,1,,,0.03,100
C2_n0.03_d100_r05,C2,202642,8.4,8.3,0.09999999999999964,0.25187999850346454,0.2348944119884596,0.2669647525467781,NEAR,NEAR,0.6,1,,,0.03,100
C2_n0.03_d100_r05,C2,202642,8.42,8.32,0.09999999999999964,0.24962304856834994,0.2484913038815355,0.2623463903804675,NEAR,NEAR,0.6,1,,,0.03,100
C2_n0.03_d100_r05,C2,202642,8.44,8.34,0.09999999999999964,0.2473746541153709,0.24766101748618258,0.25867504715689627,NEAR,NEAR,0.6,1,,,0.03,100
C2_n0.03_d100_r05,C2,202642,8.46,8.36,0.10000000000000142,0.24518584585289177,0.21934254871823067,0.24884192254722987,NEAR,NEAR,0.6,1,,,0.03,100
C2_n0.03_d100_r05,C2,202642,8.48,8.38,0.09999999999999964,0.24310630209067763,0.2959393516031564,0.2606162798112115,NEAR,NEAR,0.6,1,,,0.03,100
C2_n0.03_d100_r05,C2,202642,8.5,8.4,0.09999999999999964,0.24118322121561292,0.24391733534957288,0.25644154369580185,NEAR,NEAR,0.6,1,,,0.03,100
C2_n0.03_d100_r05,C2,202642,8.52,8.42,0.09999999999999964,0.2394602504530173,0.21260469435540907,0.24548233136070366,NEAR,NEAR,0.6,1,,,0.03,100
C2_n0.03_d100_r05,C2,202642,8.54,8.44,0.09999999999999964,0.23797649522693692,0.24510226703252427,0.2453873152786588,NEAR,NEAR,0.6,1,,,0.03,100
C2_n0.03_d100_r05,C2,202642,8.56,8.46,0.09999999999999964,0.23676563160347566,0.24206013683960334,0.24455552066889497,NEAR,NEAR,0.6,1,,,0.03,100
C2_n0.03_d100_r05,C2,202642,8.58,8.48,0.09999999999999964,0.23585514196160703,0.24506213469604876,0.24468217417568341,NEAR,NEAR,0.6,1,,,0.03,100
C2_n0.03_d100_r05,C2,202642,8.6,8.5,0.09999999999999964,0.23526569123906968,0.24569770854759995,0.24493605776866256,NEAR,NEAR,0.6,1,,,0.03,100
C2_n0.03_d100_r05,C2,202642,8.62,8.52,0.09999999999999964,0.23501065791039116,0.24837172419704995,0.24579497437575942,NEAR,NEAR,0.6,1,,,0.03,100
C2_n0.03_d100_r05,C2,202642,8.64,8.54,0.10000000000000142,0.23509583034219989,0.23916468002077335,0.2441374007870129,NEAR,NEAR,0.6,1,,,0.03,100
C2_n0.03_d100_r05,C2,202642,8.66,8.56,0.09999999999999964,0.2355192754175009,0.23482694065735932,0.2418097857545995,NEAR,NEAR,0.6,1,,,0.03,100
C2_n0.03_d100_r05,C2,202642,8.68,8.58,0.09999999999999964,0.23627138241068624,0.24437530280736383,0.24245116501779057,NEAR,NEAR,0.6,1,,,0.03,100
C2_n0.03_d100_r05,C2,202642,8.7,8.6,0.09999999999999964,0.23733508111746973,0.25558908147648735,0.2457356441324648,NEAR,NEAR,0.6,1,,,0.03,100
C2_n0.03_d100_r05,C2,202642,8.72,8.62,0.10000000000000142,0.2386862292889585,0.22023886679768961,0.239361449798771,NEAR,NEAR,0.6,1,,,0.03,100
C2_n0.03_d100_r05,C2,202642,8.74,8.64,0.09999999999999964,0.24029416057645836,0.2405914013798143,0.2396689376940318,NEAR,NEAR,0.6,1,,,0.03,100
C2_n0.03_d100_r05,C2,202642,8.76,8.66,0.09999999999999964,0.24212238055058052,0.24827567332753417,0.24182062160240742,NEAR,NEAR,0.6,1,,,0.03,100
C2_n0.03_d100_r05,C2,202642,8.78,8.68,0.09999999999999964,0.24412939499744188,0.21375990092608146,0.2348054414333259,NEAR,NEAR,0.6,1,,,0.03,100
C2_n0.03_d100_r05,C2,202642,8.8,8.7,0.10000000000000142,0.24626965169252724,0.27877702773205526,0.24579833800800824,NEAR,NEAR,0.6,1,,,0.03,100
C2_n0.03_d100_r05,C2,202642,8.82,8.72,0.09999999999999964,0.2484945742772318,0.21737676655405472,0.23869294514451986,NEAR,NEAR,0.6,1,,,0.03,100
C2_n0.03_d100_r05,C2,202642,8.84,8.74,0.09999999999999964,0.2507536647726965,0.24918114884462383,0.24131499606954585,NEAR,NEAR,0.6,1,,,0.03,100
C2_n0.03_d100_r05,C2,202642,8.86,8.76,0.09999999999999964,0.25299564970771604,0.2671011674343506,0.24776153891074704,NEAR,NEAR,0.6,1,,,0.03,100
C2_n0.03_d100_r05,C2,202642,8.88,8.78,0.10000000000000142,0.2551696438476178,0.20517855839559737,0.23711579378195963,NEAR,NEAR,0.6,1,,,0.03,100
C2_n0.03_d100_r05,C2,202642,8.9,8.8,0.09999999999999964,0.2572263051115258,0.2525436306536251,0.24097275299987597,NEAR,NEAR,0.6,1,,,0.03,100
C2_n0.03_d100_r05,C2,202642,8.92,8.82,0.09999999999999964,0.25911895446541905,0.27365338255866156,0.24914291038957237,NEAR,NEAR,0.6,1,,,0.03,100
C2_n0.03_d100_r05,C2,202642,8.94,8.84,0.09999999999999964,0.26080463537331855,0.2654449860929458,0.2532184293154157,NEAR,NEAR,0.6,1,,,0.03,100
C2_n0.03_d100_r05,C2,202642,8.96,8.86,0.10000000000000142,0.2622450887607578,0.23812601557530153,0.24944532588038718,NEAR,NEAR,0.6,1,,,0.03,100
C2_n0.03_d100_r05,C2,202642,8.98,8.88,0.09999999999999964,0.263407621362269,0.23980821497531127,0.2470360481541182,NEAR,NEAR,0.6,1,,,0.03,100
C2_n0.03_d100_r05,C2,202642,9.0,8.9,0.09999999999999964,0.2642658477444273,0.3374248082946331,0.26963323818924695,NEAR,NEAR,0.6,1,,,0.03,100
C2_n0.03_d100_r05,C2,202642,9.02,8.92,0.09999999999999964,0.264800289163118,0.25094191250820436,0.2649604067689863,NEAR,NEAR,0.6,1,,,0.03,100
C2_n0.03_d100_r05,C2,202642,9.04,8.94,0.09999999999999964,0.2649988156630572,0.23047095518302327,0.25633804387249554,NEAR,NEAR,0.6,1,,,0.03,100
C2_n0.03_d100_r05,C2,202642,9.06,8.96,0.09999999999999964,0.26485692138544975,0.2990748707766984,0.26702225059854623,NEAR,NEAR,0.6,1,,,0.03,100
C2_n0.03_d100_r05,C2,202642,9.08,8.98,0.09999999999999964,0.2643778268352606,0.2837205724268995,0.2711968310556345,NEAR,NEAR,0.6,1,,,0.03,100
C2_n0.03_d100_r05,C2,202642,9.1,9.0,0.09999999999999964,0.2635724057869903,0.24203489979577206,0.2639063482406689,NEAR,NEAR,0.6,1,,,0.03,100
C2_n0.03_d100_r05,C2,202642,9.12,9.02,0.09999999999999964,0.2624589384879372,0.2689044354120942,0.2651558700335252,NEAR,NEAR,0.6,1,,,0.03,100
C2_n0.03_d100_r05,C2,202642,9.14,9.04,0.10000000000000142,0.2610626967603726,0.22624683306924506,0.25542861079245516,NEAR,NEAR,0.6,1,,,0.03,100
C2_n0.03_d100_r05,C2,202642,9.16,9.06,0.09999999999999964,0.25941537041936047,0.2679116920430777,0.2585493811051108,NEAR,NEAR,0.6,1,,,0.03,100
C2_n0.03_d100_r05,C2,202642,9.18,9.08,0.09999999999999964,0.2575543480245365,0.2877904382315453,0.2658596453867194,NEAR,NEAR,0.6,1,,,0.03,100
C2_n0.03_d100_r05,C2,202642,9.2,9.1,0.09999999999999964,0.25552186829027024,0.2727782517885369,0.26758929698717376,NEAR,NEAR,0.6,1,,,0.03,100
C2_n0.03_d100_r05,C2,202642,9.22,9.12,0.10000000000000142,0.25336406141424067,0.26410723456399143,0.26671878138137817,NEAR,NEAR,0.6,1,,,0.03,100
C2_n0.03_d100_r05,C2,202642,9.24,9.14,0.09999999999999964,0.25112990208291897,0.3139422871042661,0.2785246578121001,NEAR,NEAR,0.6,1,,,0.03,100
C2_n0.03_d100_r05,C2,202642,9.26,9.16,0.09999999999999964,0.24887009791708103,0.2904491706243671,0.28150578601516685,NEAR,NEAR,0.6,1,,,0.03,100
C2_n0.03_d100_r05,C2,202642,9.28,9.18,0.09999999999999964,0.24663593858575936,0.2145889644861637,0.2647765806329161,NEAR,NEAR,0.6,1,,,0.03,100
C2_n0.03_d100_r05,C2,202642,9.3,9.2,0.10000000000000142,0.24447813170972976,0.2154598034924296,0.25244738634779446,NEAR,NEAR,0.6,1,,,0.03,100
C2_n0.03_d100_r05,C2,202642,9.32,9.22,0.09999999999999964,0.24244565197546356,0.2378738185523942,0.24880399439894438,NEAR,NEAR,0.6,1,,,0.03,100
C2_n0.03_d100_r05,C2,202642,9.34,9.24,0.09999999999999964,0.2405846295806395,0.20222477470259542,0.23715918947485715,NEAR,NEAR,0.6,1,,,0.03,100
C2_n0.03_d100_r05,C2,202642,9.36,9.26,0.09999999999999964,0.23893730323962742,0.2211850417974967,0.23316565255551702,NEAR,NEAR,0.6,1,,,0.03,100
C2_n0.03_d100_r05,C2,202642,9.38,9.28,0.10000000000000142,0.23754106151206275,0.28238740323870537,0.2454710902263141,NEAR,NEAR,0.6,1,,,0.03,100
C2_n0.03_d100_r05,C2,202642,9.4,9.3,0.09999999999999964,0.23642759421300968,0.20635140105384864,0.23569116793319775,NEAR,NEAR,0.6,1,,,0.03,100
C2_n0.03_d100_r05,C2,202642,9.42,9.32,0.09999999999999964,0.23562217316473935,0.24853525812053393,0.23890219048003178,NEAR,NEAR,0.6,1,,,0.03,100
C2_n0.03_d100_r05,C2,202642,9.44,9.34,0.09999999999999964,0.23514307861455025,0.2572801930652373,0.24349669112633315,NEAR,NEAR,0.6,1,,,0.03,100
C2_n0.03_d100_r05,C2,202642,9.46,9.36,0.10000000000000142,0.23500118433694275,0.23576786113273912,0.24156448362793465,NEAR,NEAR,0.6,1,,,0.03,100
C2_n0.03_d100_r05,C2,202642,9.48,9.38,0.09999999999999964,0.235199710836882,0.24886376085208414,0.243389302933972,NEAR,NEAR,0.6,1,,,0.03,100
C2_n0.03_d100_r05,C2,202642,9.5,9.4,0.09999999999999964,0.2357341522555727,0.23491136996758263,0.24126981969237468,NEAR,NEAR,0.6,1,,,0.03,100
C2_n0.03_d100_r05,C2,202642,9.52,9.42,0.09999999999999964,0.23659237863773103,0.22386433044970316,0.2369184473817068,NEAR,NEAR,0.6,1,,,0.03,100
C2_n0.03_d100_r05,C2,202642,9.54,9.44,0.09999999999999964,0.2377549112392422,0.20835637711637878,0.22977792981537482,NEAR,NEAR,0.6,1,,,0.03,100
C2_n0.03_d100_r05,C2,202642,9.56,9.46,0.09999999999999964,0.23919536462668142,0.2057715298025204,0.22377632981216122,NEAR,NEAR,0.6,1,,,0.03,100
C2_n0.03_d100_r05,C2,202642,9.58,9.48,0.09999999999999964,0.24088104553458092,0.23234034927294175,0.22591733467735636,NEAR,NEAR,0.6,1,,,0.03,100
C2_n0.03_d100_r05,C2,202642,9.6,9.5,0.09999999999999964,0.24277369488847422,0.1529726844119873,0.20768117211101408,NEAR,NEAR,0.6,1,,,0.03,100
C2_n0.03_d100_r05,C2,202642,9.62,9.52,0.09999999999999964,0.24483035615238213,0.23496220813538393,0.21450143111710654,NEAR,NEAR,0.6,1,,,0.03,100
C2_n0.03_d100_r05,C2,202642,9.64,9.54,0.10000000000000142,0.24700435029228393,0.18789778219776354,0.2078505188872708,NEAR,NEAR,0.6,1,,,0.03,100
C2_n0.03_d100_r05,C2,202642,9.66,9.56,0.09999999999999964,0.24924633522730347,0.2778457418366479,0.22534932462461507,NEAR,NEAR,0.6,1,,,0.03,100
C2_n0.03_d100_r05,C2,202642,9.68,9.58,0.09999999999999964,0.2515054257227682,0.24302158256271159,0.2297673891091392,NEAR,NEAR,0.6,1,,,0.03,100
C2_n0.03_d100_r05,C2,202642,9.7,9.6,0.09999999999999964,0.25373034830747276,0.2222787641974718,0.22789523288122235,NEAR,NEAR,0.6,1,,,0.03,100
C2_n0.03_d100_r05,C2,202642,9.72,9.62,0.10000000000000142,0.2558706050025581,0.24381050412019986,0.23187405069096673,NEAR,NEAR,0.6,1,,,0.03,100
C2_n0.03_d100_r05,C2,202642,9.74,9.64,0.09999999999999964,0.25787761944941945,0.24923496458267216,0.2362142791638931,NEAR,NEAR,0.6,1,,,0.03,100
C2_n0.03_d100_r05,C2,202642,9.76,9.66,0.09999999999999964,0.25970583942354164,0.1862249029565662,0.2237169351120614,NEAR,NEAR,0.6,1,,,0.03,100
C2_n0.03_d100_r05,C2,202642,9.78,9.68,0.09999999999999964,0.2613137707110415,0.2163278234551581,0.22186965719783558,NEAR,NEAR,0.6,1,,,0.03,100
C2_n0.03_d100_r05,C2,202642,9.8,9.7,0.10000000000000142,0.26266491888253024,0.18783429375961042,0.2133608163382793,NEAR,NEAR,0.6,1,,,0.03,100
C2_n0.03_d100_r05,C2,202642,9.82,9.72,0.09999999999999964,0.26372861758931376,0.23248145185212898,0.21814097521674172,NEAR,NEAR,0.6,1,,,0.03,100
C2_n0.03_d100_r05,C2,202642,9.84,9.74,0.09999999999999964,0.2644807245824991,0.23616976727341704,0.22264817323091057,NEAR,NEAR,0.6,1,,,0.03,100
C2_n0.03_d100_r05,C2,202642,9.86,9.76,0.09999999999999964,0.2649041696578001,0.23942975156008345,0.2268435678132038,NEAR,NEAR,0.6,1,,,0.03,100
C2_n0.03_d100_r05,C2,202642,9.88,9.78,0.10000000000000142,0.26498934208960884,0.2762314752708818,0.2391905446776233,NEAR,NEAR,0.6,1,,,0.03,100
C2_n0.03_d100_r05,C2,202642,9.9,9.8,0.09999999999999964,0.26473430876093035,0.2076251358385197,0.23129919246784741,NEAR,NEAR,0.6,1,,,0.03,100
C2_n0.03_d100_r05,C2,202642,9.92,9.82,0.09999999999999964,0.264144858038393,0.22871001593196916,0.23065189833387786,NEAR,NEAR,0.6,1,,,0.03,100
C2_n0.03_d100_r05,C2,202642,9.94,9.84,0.09999999999999964,0.2632343683965243,0.3090550413192849,0.2502526840802296,NEAR,NEAR,0.6,1,,,0.03,100
C2_n0.03_d100_r05,C2,202642,9.96,9.86,0.10000000000000142,0.2620235047730631,0.30627508852493984,0.26425828519140715,NEAR,NEAR,0.6,1,,,0.03,100
C2_n0.03_d100_r05,C2,202642,9.98,9.88,0.09999999999999964,0.2605397495469827,0.25360328181232455,0.2615945343466365,NEAR,NEAR,0.6,1,,,0.03,100
C2_n0.03_d100_r05,C2,202642,10.0,9.9,0.09999999999999964,0.2588167787843871,0.21073574791298857,0.2488798377382245,NEAR,NEAR,0.6,1,,,0.03,100
C2_n0.03_d100_r05,C2,202642,10.02,9.92,0.09999999999999964,0.25689369790932237,0.286119987425119,0.2581898751599481,NEAR,NEAR,0.6,1,,,0.03,100
C2_n0.03_d100_r05,C2,202642,10.04,9.94,0.09999999999999964,0.25481415414710823,0.25138411810620936,0.25648843589651343,NEAR,NEAR,0.6,1,,,0.03,100
C2_n0.03_d100_r05,C2,202642,10.06,9.96,0.09999999999999964,0.2526253458846291,0.26638544674793496,0.25896268860936883,NEAR,NEAR,0.6,1,,,0.03,100
C2_n0.03_d100_r05,C2,202642,10.08,9.98,0.09999999999999964,0.25037695143165006,0.25426262896409035,0.2577876736980492,NEAR,NEAR,0.6,1,,,0.03,100
C2_n0.03_d100_r05,C2,202642,10.1,10.0,0.09999999999999964,0.24812000149653549,0.23976577801962987,0.2532821997784444,NEAR,NEAR,0.6,1,,,0.03,100
C2_n0.03_d100_r05,C2,202642,10.12,10.02,0.09999999999999964,0.24590572096724023,0.2729046143578153,0.2581878034232871,NEAR,NEAR,0.6,1,,,0.03,100
C2_n0.03_d100_r05,C2,202642,10.14,10.04,0.10000000000000142,0.24378436628510067,0.2894568523167285,0.26600506564664744,NEAR,NEAR,0.6,1,,,0.03,100
C2_n0.03_d100_r05,C2,202642,10.16,10.06,0.09999999999999964,0.24180408479898596,0.2494459910988074,0.2618652970096874,NEAR,NEAR,0.6,1,,,0.03,100
C2_n0.03_d100_r05,C2,202642,10.18,10.08,0.09999999999999964,0.24000982198848625,0.2680590138923654,0.2634137262303569,NEAR,NEAR,0.6,1,,,0.03,100
C2_n0.03_d100_r05,C2,202642,10.2,10.1,0.09999999999999964,0.23844230135836322,0.21596355847057172,0.2515511842904106,NEAR,NEAR,0.6,1,,,0.03,100
C2_n0.03_d100_r05,C2,202642,10.22,10.12,0.10000000000000142,0.2371371001570952,0.28381502801117503,0.25961714522060175,NEAR,NEAR,0.6,1,,,0.03,100
C2_n0.03_d100_r05,C2,202642,10.24,10.14,0.09999999999999964,0.23612384189748312,0.2855696914872974,0.26610528178727566,NEAR,NEAR,0.6,1,,,0.03,100
C2_n0.03_d100_r05,C2,202642,10.26,10.16,0.09999999999999964,0.2354255240062799,0.2567431215521271,0.2637647417284885,NEAR,NEAR,0.6,1,,,0.03,100
C2_n0.03_d100_r05,C2,202642,10.28,10.18,0.09999999999999964,0.23505799586285242,0.2421839764946486,0.2583695504200285,NEAR,NEAR,0.6,1,,,0.03,100
C2_n0.03_d100_r05,C2,202642,10.3,10.2,0.10000000000000142,0.23502959907357593,0.24758395834081984,0.25567315240022637,NEAR,NEAR,0.6,1,,,0.03,100
C2_n0.03_d100_r05,C2,202642,10.32,10.22,0.09999999999999964,0.23534097814647711,0.2638585268635715,0.25771949601606264,NEAR,NEAR,0.6,1,,,0.03,100
C2_n0.03_d100_r05,C2,202642,10.34,10.24,0.09999999999999964,0.23598506586315082,0.2614104677813007,0.25864223895737215,NEAR,NEAR,0.6,1,,,0.03,100
C2_n0.03_d100_r05,C2,202642,10.36,10.26,0.09999999999999964,0.23694724367995706,0.23658976550171812,0.25312912059345866,NEAR,NEAR,0.6,1,,,0.03,100
C2_n0.03_d100_r05,C2,202642,10.38,10.28,0.10000000000000142,0.23820567351795077,0.2431628250186909,0.2506375466997667,NEAR,NEAR,0.6,1,,,0.03,100
C2_n0.03_d100_r05,C2,202642,10.4,10.3,0.09999999999999964,0.2397317934110697,0.26338782711726755,0.2538251168041419,NEAR,NEAR,0.6,1,,,0.03,100
C2_n0.03_d100_r05,C2,202642,10.42,10.32,0.09999999999999964,0.24149096576309861,0.2562394078491306,0.25442868956538905,NEAR,NEAR,0.6,1,,,0.03,100
C2_n0.03_d100_r05,C2,202642,10.44,10.34,0.09999999999999964,0.24344326350023596,0.2116723776368586,0.2437396115832564,NEAR,NEAR,0.6,1,,,0.03,100
C2_n0.03_d100_r05,C2,202642,10.46,10.36,0.10000000000000142,0.2455443762763446,0.24176632985839605,0.24324629115204133,NEAR,NEAR,0.6,1,,,0.03,100
C2_n0.03_d100_r05,C2,202642,10.48,10.38,0.09999999999999964,0.24774661616318866,0.2076402048272887,0.23434476957085318,NEAR,NEAR,0.6,1,,,0.03,100
C2_n0.03_d100_r05,C2,202642,10.5,10.4,0.09999999999999964,0.25,0.26483016208931004,0.2419661177004674,NEAR,NEAR,0.6,1,,,0.03,100
C2_n0.03_d100_r05,C2,202642,10.52,10.42,0.09999999999999964,0.2522533838368113,0.2529580187176578,0.24471409295476498,NEAR,NEAR,0.6,1,,,0.03,100
C2_n0.03_d100_r05,C2,202642,10.54,10.44,0.09999999999999964,0.2544556237236554,0.1959505956211993,0.23252321862137357,NEAR,NEAR,0.6,1,,,0.03,100
C2_n0.03_d100_r05,C2,202642,10.56,10.46,0.09999999999999964,0.256556736499764,0.25323928163177556,0.23770223437397406,NEAR,NEAR,0.6,1,,,0.03,100
C2_n0.03_d100_r05,C2,202642,10.58,10.48,0.09999999999999964,0.25850903423690136,0.24690947788748802,0.24000404525235253,NEAR,NEAR,0.6,1,,,0.03,100
C2_n0.03_d100_r05,C2,202642,10.6,10.5,0.09999999999999964,0.2602682065889303,0.21606769483830637,0.23401995764884098,NEAR,NEAR,0.6,1,,,0.03,100
C2_n0.03_d100_r05,C2,202642,10.62,10.52,0.09999999999999964,0.2617943264820492,0.24396324434549338,0.2365057793230041,NEAR,NEAR,0.6,1,,,0.03,100
C2_n0.03_d100_r05,C2,202642,10.64,10.54,0.10000000000000142,0.26305275632004294,0.252687070342498,0.24055110207787755,NEAR,NEAR,0.6,1,,,0.03,100
C2_n0.03_d100_r05,C2,202642,10.66,10.56,0.09999999999999964,0.2640149341368492,0.22944520138765645,0.23777462690532228,NEAR,NEAR,0.6,1,,,0.03,100
C2_n0.03_d100_r05,C2,202642,10.68,10.58,0.09999999999999964,0.2646590218535229,0.212127977094136,0.23136296445252572,NEAR,NEAR,0.6,1,,,0.03,100
C2_n0.03_d100_r05,C2,202642,10.7,10.6,0.09999999999999964,0.26497040092642404,0.2578869109663654,0.23799395108098564,NEAR,NEAR,0.6,1,,,0.03,100
C2_n0.03_d100_r05,C2,202642,10.72,10.62,0.10000000000000142,0.2649420041371476,0.2294493359970258,0.23585779730999568,NEAR,NEAR,0.6,1,,,0.03,100
C2_n0.03_d100_r05,C2,202642,10.74,10.64,0.09999999999999964,0.2645744759937201,0.24548208154476245,0.23826386836868738,NEAR,NEAR,0.6,1,,,0.03,100
C2_n0.03_d100_r05,C2,202642,10.76,10.66,0.09999999999999964,0.26387615810251686,0.27804479910808094,0.24820910105353577,NEAR,NEAR,0.6,1,,,0.03,100
C2_n0.03_d100_r05,C2,202642,10.78,10.68,0.09999999999999964,0.26286289984290484,0.3126376415944475,0.2643162361887637,NEAR,NEAR,0.6,1,,,0.03,100
C2_n0.03_d100_r05,C2,202642,10.8,10.7,0.10000000000000142,0.2615576986416368,0.2846282408134994,0.26939423734494766,NEAR,NEAR,0.6,1,,,0.03,100
C2_n0.03_d100_r05,C2,202642,10.82,10.72,0.09999999999999964,0.25999017801151375,0.27744900302256975,0.2714079287643532,NEAR,NEAR,0.6,1,,,0.03,100
C2_n0.03_d100_r05,C2,202642,10.84,10.74,0.09999999999999964,0.25819591520101404,0.3206740065735762,0.283724448216659,NEAR,NEAR,0.6,1,,,0.03,100
C2_n0.03_d100_r05,C2,202642,10.86,10.76,0.09999999999999964,0.25621563371489936,0.26502522743013757,0.27904964302002866,NEAR,NEAR,0.6,1,,,0.03,100
C2_n0.03_d100_r05,C2,202642,10.88,10.78,0.10000000000000142,0.2540942790327598,0.25367294736083673,0.2727054691052307,NEAR,NEAR,0.6,1,,,0.03,100
C2_n0.03_d100_r05,C2,202642,10.9,10.8,0.09999999999999964,0.2518799985034645,0.28759022572121334,0.27642665825922635,NEAR,NEAR,0.6,1,,,0.03,100
C2_n0.03_d100_r05,C2,202642,10.92,10.82,0.09999999999999964,0.24962304856834996,0.30964075716154227,0.28473018298480535,NEAR,NEAR,0.6,1,,,0.03,100
C2_n0.03_d100_r05,C2,202642,10.94,10.84,0.09999999999999964,0.24737465411537093,0.23365888053351014,0.27196235737198154,NEAR,NEAR,0.6,1,,,0.03,100
C2_n0.03_d100_r05,C2,202642,10.96,10.86,0.10000000000000142,0.24518584585289174,0.19383013080676084,0.2524293007306764,NEAR,NEAR,0.6,1,,,0.03,100
C2_n0.03_d100_r05,C2,202642,10.98,10.88,0.09999999999999964,0.24310630209067766,0.22565750629951462,0.24573635212288594,NEAR,NEAR,0.6,1,,,0.03,100
C2_n0.03_d100_r05,C2,202642,11.0,10.9,0.09999999999999964,0.24118322121561292,0.26416042517469235,0.25034237038583756,NEAR,NEAR,0.6,1,,,0.03,100
C2_n0.03_d100_r05,C2,202642,11.02,10.92,0.09999999999999964,0.2394602504530173,0.23820524390129746,0.24730808876470253,NEAR,NEAR,0.6,1,,,0.03,100
C2_n0.03_d100_r05,C2,202642,11.04,10.94,0.09999999999999964,0.23797649522693692,0.25035211424537585,0.24806909513487085,NEAR,NEAR,0.6,1,,,0.03,100
C2_n0.03_d100_r05,C2,202642,11.06,10.96,0.09999999999999964,0.2367656316034757,0.24691997504167296,0.24778181511157138,NEAR,NEAR,0.6,1,,,0.03,100
C2_n0.03_d100_r05,C2,202642,11.08,10.98,0.09999999999999964,0.23585514196160703,0.19359419661530963,0.23423491048750594,NEAR,NEAR,0.6,1,,,0.03,100
C2_n0.03_d100_r05,C2,202642,11.1,11.0,0.09999999999999964,0.23526569123906968,0.24148027959650714,0.23604625276475627,NEAR,NEAR,0.6,1,,,0.03,100
C2_n0.03_d100_r05,C2,202642,11.12,11.02,0.09999999999999964,0.23501065791039116,0.2539463339935056,0.2405212730719436,NEAR,NEAR,0.6,1,,,0.03,100
C2_n0.03_d100_r05,C2,202642,11.14,11.04,0.10000000000000142,0.23509583034219989,0.1883055557843703,0.2274673437500503,NEAR,NEAR,0.6,1,,,0.03,100
C2_n0.03_d100_r05,C2,202642,11.16,11.06,0.09999999999999964,0.2355192754175009,0.26959799528441186,0.23800000663364068,NEAR,NEAR,0.6,1,,,0.03,100
C2_n0.03_d100_r05,C2,202642,11.18,11.08,0.09999999999999964,0.2362713824106862,0.1927198465971231,0.2266799666245113,NEAR,NEAR,0.6,1,,,0.03,100
C2_n0.03_d100_r05,C2,202642,11.2,11.1,0.09999999999999964,0.23733508111746973,0.23068851753115194,0.22768210435117145,NEAR,NEAR,0.6,1,,,0.03,100
C2_n0.03_d100_r05,C2,202642,11.22,11.12,0.10000000000000142,0.23868622928895847,0.2310148171748616,0.228515282557094,NEAR,NEAR,0.6,1,,,0.03,100
C2_n0.03_d100_r05,C2,202642,11.24,11.14,0.09999999999999964,0.24029416057645833,0.24757421655193612,0.23328001605580453,NEAR,NEAR,0.6,1,,,0.03,100
C2_n0.03_d100_r05,C2,202642,11.26,11.16,0.09999999999999964,0.24212238055058055,0.23299587460564908,0.23320898069326568,NEAR,NEAR,0.6,1,,,0.03,100
C2_n0.03_d100_r05,C2,202642,11.28,11.18,0.09999999999999964,0.2441293949974419,0.2753515638969617,0.24374462649418968,NEAR,NEAR,0.6,1,,,0.03,100
C2_n0.03_d100_r05,C2,202642,11.3,11.2,0.10000000000000142,0.24626965169252724,0.2278655887449285,0.23977486705687437,NEAR,NEAR,0.6,1,,,0.03,100
C2_n0.03_d100_r05,C2,202642,11.32,11.22,0.09999999999999964,0.2484945742772318,0.25484330219013074,0.24354197584018847,NEAR,NEAR,0.6,1,,,0.03,100
C2_n0.03_d100_r05,C2,202642,11.34,11.24,0.09999999999999964,0.25075366477269656,0.252962930563341,0.24589721452097663,NEAR,NEAR,0.6,1,,,0.03,100
C2_n0.03_d100_r05,C2,202642,11.36,11.26,0.09999999999999964,0.252995649707716,0.2237818423219537,0.24036837147122092,NEAR,NEAR,0.6,1,,,0.03,100
C2_n0.03_d100_r05,C2,202642,11.38,11.28,0.10000000000000142,0.2551696438476178,0.2607218690600036,0.2454567458684166,NEAR,NEAR,0.6,1,,,0.03,100
C2_n0.03_d100_r05,C2,202642,11.4,11.3,0.09999999999999964,0.2572263051115258,0.24248812924504193,0.24471459171257293,NEAR,NEAR,0.6,1,,,0.03,100
C2_n0.03_d100_r05,C2,202642,11.42,11.32,0.09999999999999964,0.25911895446541905,0.2977435277816155,0.25797182572983357,NEAR,NEAR,0.6,1,,,0.03,100
C2_n0.03_d100_r05,C2,202642,11.44,11.34,0.09999999999999964,0.26080463537331855,0.2382179682809218,0.2530333613676056,NEAR,NEAR,0.6,1,,,0.03,100
C2_n0.03_d100_r05,C2,202642,11.46,11.36,0.10000000000000142,0.2622450887607578,0.20358643091135964,0.24067162875354411,NEAR,NEAR,0.6,1,,,0.03,100
C2_n0.03_d100_r05,C2,202642,11.48,11.38,0.09999999999999964,0.263407621362269,0.2518215235928509,0.24345910246337082,NEAR,NEAR,0.6,1,,,0.03,100
C2_n0.03_d100_r05,C2,202642,11.5,11.4,0.09999999999999964,0.2642658477444273,0.26394129645102143,0.2485796509602835,NEAR,NEAR,0.6,1,,,0.03,100
C2_n0.03_d100_r05,C2,202642,11.52,11.42,0.09999999999999964,0.264800289163118,0.24546429080621765,0.24780081092176703,NEAR,NEAR,0.6,1,,,0.03,100
C2_n0.03_d100_r05,C2,202642,11.54,11.44,0.09999999999999964,0.2649988156630572,0.18553747356675954,0.23223497658301515,NEAR,NEAR,0.6,1,,,0.03,100
C2_n0.03_d100_r05,C2,202642,11.56,11.46,0.09999999999999964,0.26485692138544975,0.28614418059775737,0.2457122775867007,NEAR,NEAR,0.6,1,,,0.03,100
C2_n0.03_d100_r05,C2,202642,11.58,11.48,0.09999999999999964,0.2643778268352606,0.26577178218820463,0.25072715373707666,NEAR,NEAR,0.6,1,,,0.03,100
C2_n0.03_d100_r05,C2,202642,11.6,11.5,0.09999999999999964,0.2635724057869903,0.2839768750369749,0.2590395840620512,NEAR,NEAR,0.6,1,,,0.03,100
C2_n0.03_d100_r05,C2,202642,11.62,11.52,0.09999999999999964,0.2624589384879373,0.24567714751264463,0.25569897492469956,NEAR,NEAR,0.6,1,,,0.03,100
C2_n0.03_d100_r05,C2,202642,11.64,11.54,0.10000000000000142,0.2610626967603726,0.26085367725189174,0.2569876505064976,NEAR,NEAR,0.6,1,,,0.03,100
C2_n0.03_d100_r05,C2,202642,11.66,11.56,0.09999999999999964,0.2594153704193605,0.29897408900446254,0.2674842601309888,NEAR,NEAR,0.6,1,,,0.03,100
C2_n0.03_d100_r05,C2,202642,11.68,11.58,0.09999999999999964,0.2575543480245365,0.2129698091437964,0.2538556473841907,NEAR,NEAR,0.6,1,,,0.03,100
C2_n0.03_d100_r05,C2,202642,11.7,11.6,0.09999999999999964,0.25552186829027024,0.25712589062853486,0.2546732081952767,NEAR,NEAR,0.6,1,,,0.03,100
C2_n0.03_d100_r05,C2,202642,11.72,11.62,0.10000000000000142,0.25336406141424067,0.26171170593268317,0.25643283262962835,NEAR,NEAR,0.6,1,,,0.03,100
C2_n0.03_d100_r05,C2,202642,11.74,11.64,0.09999999999999964,0.25112990208291897,0.2633896652451873,0.2581720407835181,NEAR,NEAR,0.6,1,,,0.03,100
C2_n0.03_d100_r05,C2,202642,11.76,11.66,0.09999999999999964,0.24887009791708103,0.26922309702238684,0.2609348048432353,NEAR,NEAR,0.6,1,,,0.03,100
C2_n0.03_d100_r05,C2,202642,11.78,11.68,0.09999999999999964,0.24663593858575936,0.24628004310469775,0.2572711144086009,NEAR,NEAR,0.6,1,,,0.03,100
C2_n0.03_d100_r05,C2,202642,11.8,11.7,0.10000000000000142,0.2444781317097298,0.24770338627922817,0.25487918237625773,NEAR,NEAR,0.6,1,,,0.03,100
C2_n0.03_d100_r05,C2,202642,11.82,11.72,0.09999999999999964,0.24244565197546356,0.27347053165811536,0.25952701969672215,NEAR,NEAR,0.6,1,,,0.03,100
C2_n0.03_d100_r05,C2,202642,11.84,11.74,0.09999999999999964,0.2405846295806395,0.24104074318450783,0.2549054505686686,NEAR,NEAR,0.6,1,,,0.03,100
C2_n0.03_d100_r05,C2,202642,11.86,11.76,0.09999999999999964,0.23893730323962745,0.2891420408382143,0.26346459813605505,NEAR,NEAR,0.6,1,,,0.03,100
C2_n0.03_d100_r05,C2,202642,11.88,11.78,0.10000000000000142,0.23754106151206278,0.2763319857735137,0.2666814450454197,NEAR,NEAR,0.6,1,,,0.03,100
C2_n0.03_d100_r05,C2,202642,11.9,11.8,0.09999999999999964,0.23642759421300968,0.269068530679638,0.26727821645397426,NEAR,NEAR,0.6,1,,,0.03,100
C2_n0.03_d100_r05,C2,202642,11.92,11.82,0.09999999999999964,0.23562217316473938,0.2147959407913133,0.25415764753830905,NEAR,NEAR,0.6,1,,,0.03,100
C2_n0.03_d100_r05,C2,202642,11.94,11.84,0.09999999999999964,0.23514307861455025,0.2446121350794946,0.25177126942360545,NEAR,NEAR,0.6,1,,,0.03,100
C2_n0.03_d100_r05,C2,202642,11.96,11.86,0.10000000000000142,0.23500118433694275,0.2718112716672909,0.2567812699845268,NEAR,NEAR,0.6,1,,,0.03,100
C2_n0.03_d100_r05,C2,202642,11.98,11.88,0.09999999999999964,0.235199710836882,0.21978580075324247,0.24753240267670573,NEAR,NEAR,0.6,1,,,0.03,100
C2_n0.03_d100_r05,C2,202642,12.0,11.9,0.09999999999999964,0.25,0.25400695721682875,0.2491510413117365,NEAR,NEAR,0.6,1,,,0.03,100
C2_n0.03_d100_r05,C2,202642,12.02,11.92,0.09999999999999964,0.25175,0.22324318959843525,0.24267407838341118,NEAR,NEAR,0.6,1,,,0.03,100
C2_n0.03_d100_r05,C2,202642,12.04,11.94,0.09999999999999964,0.25349999999999995,0.25418039693269145,0.24555065802073126,NEAR,NEAR,0.6,1,,,0.03,100
C2_n0.03_d100_r05,C2,202642,12.06,11.96,0.09999999999999964,0.25525000000000003,0.23498271839354057,0.24290867311393358,NEAR,NEAR,0.6,1,,,0.03,100
C2_n0.03_d100_r05,C2,202642,12.08,11.98,0.09999999999999964,0.257,0.26020953198729485,0.2472338878322739,NEAR,NEAR,0.6,1,,,0.03,100
C2_n0.03_d100_r05,C2,202642,12.1,12.0,0.09999999999999964,0.25875,0.30617158766619657,0.26196831279075455,NEAR,NEAR,0.6,1,,,0.03,100
C2_n0.03_d100_r05,C2,202642,12.12,12.02,0.09999999999999964,0.26049999999999995,0.26216286271050215,0.26201695027069144,NEAR,NEAR,0.6,1,,,0.03,100
C2_n0.03_d100_r05,C2,202642,12.14,12.04,0.10000000000000142,0.26225000000000004,0.22014660303440914,0.2515493634616208,NEAR,NEAR,0.6,1,,,0.03,100
C2_n0.03_d100_r05,C2,202642,12.16,12.06,0.09999999999999964,0.264,0.22882732585002374,0.24586885405872155,NEAR,NEAR,0.6,1,,,0.03,100
C2_n0.03_d100_r05,C2,202642,12.18,12.08,0.09999999999999964,0.26575,0.2827485645856472,0.25508878169045296,NEAR,NEAR,0.6,1,,,0.03,100
C2_n0.03_d100_r05,C2,202642,12.2,12.1,0.09999999999999964,0.26749999999999996,0.27856320205585205,0.2609573867818027,NEAR,NEAR,0.6,1,,,0.03,100
C2_n0.03_d100_r05,C2,202642,12.22,12.12,0.10000000000000142,0.26925000000000004,0.254984740968113,0.25946422532838026,NEAR,NEAR,0.6,1,,,0.03,100
C2_n0.03_d100_r05,C2,202642,12.24,12.14,0.09999999999999964,0.271,0.28181317107280107,0.26505146176448546,NEAR,NEAR,0.6,1,,,0.03,100
C2_n0.03_d100_r05,C2,202642,12.26,12.16,0.09999999999999964,0.27275,0.25979785059817556,0.263738058972908,NEAR,NEAR,0.6,1,,,0.03,100
C2_n0.03_d100_r05,C2,202642,12.28,12.18,0.09999999999999964,0.27449999999999997,0.2575245151133406,0.2621846730080162,NEAR,NEAR,0.6,1,,,0.03,100
C2_n0.03_d100_r05,C2,202642,12.3,12.2,0.10000000000000142,0.27625000000000005,0.242192288090046,0.25718657677852363,NEAR,NEAR,0.6,1,,,0.03,100
C2_n0.03_d100_r05,C2,202642,12.32,12.22,0.09999999999999964,0.278,0.2543887958428952,0.25648713154461655,NEAR,NEAR,0.6,1,,,0.03,100
C2_n0.03_d100_r05,C2,202642,12.34,12.24,0.09999999999999964,0.27975,0.2596941695446839,0.25728889104463337,NEAR,NEAR,0.6,1,,,0.03,100
C2_n0.03_d100_r05,C2,202642,12.36,12.26,0.09999999999999964,0.2815,0.24728189718464066,0.2547871425796352,NEAR,NEAR,0.6,1,,,0.03,100
C2_n0.03_d100_r05,C2,202642,12.38,12.28,0.10000000000000142,0.28325000000000006,0.23766024204283273,0.2505054174454346,NEAR,NEAR,0.6,1,,,0.03,100
C2_n0.03_d100_r05,C2,202642,12.4,12.3,0.09999999999999964,0.28500000000000003,0.29401511126611823,0.2613828409006055,NEAR,NEAR,0.6,1,,,0.03,100
C2_n0.03_d100_r05,C2,202642,12.42,12.32,0.09999999999999964,0.28675,0.317734537733903,0.27547076510892987,NEAR,NEAR,0.6,1,,,0.03,100
C2_n0.03_d100_r05,C2,202642,12.44,12.34,0.09999999999999964,0.2885,0.2514239387344557,0.2694590585153113,NEAR,NEAR,0.6,1,,,0.03,100
C2_n0.03_d100_r05,C2,202642,12.46,12.36,0.10000000000000142,0.29025000000000006,0.273271073332162,0.27041206221952396,NEAR,NEAR,0.6,1,,,0.03,100
C2_n0.03_d100_r05,C2,202642,12.48,12.38,0.09999999999999964,0.29200000000000004,0.29706497639003243,0.2770752907621511,NEAR,NEAR,0.6,1,,,0.03,100
C2_n0.03_d100_r05,C2,202642,12.5,12.4,0.09999999999999964,0.29375,0.298345459599594,0.28239283297151185,NEAR,NEAR,0.6,1,,,0.03,100
C2_n0.03_d100_r05,C2,202642,12.52,12.42,0.09999999999999964,0.2955,0.30374163846077024,0.28773003434382644,NEAR,NEAR,0.6,1,,,0.03,100
C2_n0.03_d100_r05,C2,202642,12.54,12.44,0.09999999999999964,0.2972499999999999,0.29300637559961307,0.2890491196577731,NEAR,NEAR,0.6,1,,,0.03,100
C2_n0.03_d100_r05,C2,202642,12.56,12.46,0.09999999999999964,0.29900000000000004,0.2449825492686596,0.2780324770604947,NEAR,NEAR,0.6,1,,,0.03,100
C2_n0.03_d100_r05,C2,202642,12.58,12.48,0.09999999999999964,0.30075,0.28374666719569225,0.2794610245942941,NEAR,NEAR,0.6,1,,,0.03,100
C2_n0.03_d100_r05,C2,202642,12.6,12.5,0.09999999999999964,0.3025,0.25884734918409263,0.27430760574174373,NEAR,NEAR,0.6,1,,,0.03,100
C2_n0.03_d100_r05,C2,202642,12.62,12.52,0.09999999999999964,0.3042499999999999,0.32364270205348866,0.28664137981967996,NEAR,NEAR,0.6,1,,,0.03,100
C2_n0.03_d100_r05,C2,202642,12.64,12.54,0.10000000000000142,0.30600000000000005,0.3255398234773876,0.29636599073410685,NEAR,NEAR,0.6,1,,,0.03,100
C2_n0.03_d100_r05,C2,202642,12.66,12.56,0.09999999999999964,0.30775,0.3230960146552856,0.30304849671440154,NEAR,NEAR,0.6,1,,,0.03,100
C2_n0.03_d100_r05,C2,202642,12.68,12.58,0.09999999999999964,0.3095,0.26152530941677193,0.29266769988999414,NEAR,NEAR,0.6,1,,,0.03,100
C2_n0.03_d100_r05,C2,202642,12.7,12.6,0.09999999999999964,0.3112499999999999,0.3054021579399662,0.29585131440248713,NEAR,NEAR,0.6,1,,,0.03,100
C2_n0.03_d100_r05,C2,202642,12.72,12.62,0.10000000000000142,0.31300000000000006,0.31157618138492404,0.2997825311480964,NEAR,NEAR,0.6,1,,,0.03,100
C2_n0.03_d100_r05,C2,202642,12.74,12.64,0.09999999999999964,0.31475000000000003,0.282136127506018,0.29537093023757677,NEAR,NEAR,0.6,1,,,0.03,100
C2_n0.03_d100_r05,C2,202642,12.76,12.66,0.09999999999999964,0.3165,0.31905183467702297,0.3012911563474383,NEAR,NEAR,0.6,1,,,0.03,100
C2_n0.03_d100_r05,C2,202642,12.78,12.68,0.09999999999999964,0.3182499999999999,0.3095645993341295,0.30335951709411113,NEAR,NEAR,0.6,1,,,0.03,100
C2_n0.03_d100_r05,C2,202642,12.8,12.7,0.10000000000000142,0.32000000000000006,0.2974316306634625,0.30187754548644896,NEAR,NEAR,0.6,1,,,0.03,100
C2_n0.03_d100_r05,C2,202642,12.82,12.72,0.09999999999999964,0.32175000000000004,0.29590644635955776,0.30038477070472613,NEAR,NEAR,0.6,1,,,0.03,100
C2_n0.03_d100_r05,C2,202642,12.84,12.74,0.09999999999999964,0.3235,0.2966846689225433,0.2994597452591804,NEAR,NEAR,0.6,1,,,0.03,100
C2_n0.03_d100_r05,C2,202642,12.86,12.76,0.09999999999999964,0.32524999999999993,0.3680484784107651,0.31660692854707656,NEAR,NEAR,0.6,1,,,0.03,100
C2_n0.03_d100_r05,C2,202642,12.88,12.78,0.10000000000000142,0.32700000000000007,0.2850924761510428,0.3087283154480681,NEAR,NEAR,0.6,1,,,0.03,100
C2_n0.03_d100_r05,C2,202642,12.9,12.8,0.09999999999999964,0.32875000000000004,0.310082963749873,0.3090669775235193,NEAR,NEAR,0.6,1,,,0.03,100
C2_n0.03_d100_r05,C2,202642,12.92,12.82,0.09999999999999964,0.3305,0.30023261207155927,0.3068583861605293,NEAR,NEAR,0.6,1,,,0.03,100
C2_n0.03_d100_r05,C2,202642,12.94,12.84,0.09999999999999964,0.33224999999999993,0.3314733930947927,0.31301213789409515,NEAR,NEAR,0.6,1,,,0.03,100
C2_n0.03_d100_r05,C2,202642,12.96,12.86,0.10000000000000142,0.3340000000000001,0.3414634797179152,0.3201249733500502,NEAR,NEAR,0.6,1,,,0.03,100
C2_n0.03_d100_r05,C2,202642,12.98,12.88,0.09999999999999964,0.33575000000000005,0.3330834584236726,0.3233645946184558,NEAR,NEAR,0.6,1,,,0.03,100
C2_n0.03_d100_r05,C2,202642,13.0,12.9,0.09999999999999964,0.3375,0.2971452947831857,0.31680976965963825,NEAR,NEAR,0.6,1,,,0.03,100
C2_n0.03_d100_r05,C2,202642,13.02,12.92,0.09999999999999964,0.33924999999999994,0.32990641624789746,0.32008393130670304,NEAR,NEAR,0.6,1,,,0.03,100
C2_n0.03_d100_r05,C2,202642,13.04,12.94,0.09999999999999964,0.3409999999999999,0.28554107731528455,0.31144821780884846,NEAR,NEAR,0.6,1,,,0.03,100
C2_n0.03_d100_r05,C2,202642,13.06,12.96,0.09999999999999964,0.34275000000000005,0.2978234305393119,0.3080420209914643,NEAR,NEAR,0.6,1,,,0.03,100
C2_n0.03_d100_r05,C2,202642,13.08,12.98,0.09999999999999964,0.34450000000000003,0.3569983547412133,0.32028110442890156,NEAR,NEAR,0.6,1,,,0.03,100
C2_n0.03_d100_r05,C2,202642,13.1,13.0,0.09999999999999964,0.34624999999999995,0.35116968782029506,0.3280032502767499,NEAR,NEAR,0.6,1,,,0.03,100
C2_n0.03_d100_r05,C2,202642,13.12,13.02,0.09999999999999964,0.3479999999999999,0.2938514453040135,0.3194652990335658,NEAR,NEAR,0.6,1,,,0.03,100
C2_n0.03_d100_r05,C2,202642,13.14,13.04,0.10000000000000142,0.34975000000000006,0.3572420818249124,0.32890949473140246,NEAR,NEAR,0.6,1,,,0.03,100
C2_n0.03_d100_r05,C2,202642,13.16,13.06,0.09999999999999964,0.35150000000000003,0.33352663996402376,0.3300637810395578,FAR,NEAR,0.6,1,,,0.03,100
C2_n0.03_d100_r05,C2,202642,13.18,13.08,0.09999999999999964,0.35324999999999995,0.33913831623225743,0.3323324148377327,FAR,NEAR,0.6,1,,,0.03,100
C2_n0.03_d100_r05,C2,202642,13.2,13.1,0.09999999999999964,0.3549999999999999,0.3285353347274532,0.33138314481016284,FAR,NEAR,0.6,1,,,0.03,100
C2_n0.03_d100_r05,C2,202642,13.22,13.12,0.10000000000000142,0.35675000000000007,0.3719823802962597,0.34153295368168707,FAR,NEAR,0.6,1,,,0.03,100
C2_n0.03_d100_r05,C2,202642,13.24,13.14,0.09999999999999964,0.35850000000000004,0.3245355022560337,0.3372835908252737,FAR,NEAR,0.6,1,,,0.03,100
C2_n0.03_d100_r05,C2,202642,13.26,13.16,0.09999999999999964,0.36024999999999996,0.3223667907230766,0.3335543907997244,FAR,NEAR,0.6,1,,,0.03,100
C2_n0.03_d100_r05,C2,202642,13.28,13.18,0.09999999999999964,0.36199999999999993,0.3556170095518212,0.33907004548774855,FAR,NEAR,0.6,1,,,0.03,100
C2_n0.03_d100_r05,C2,202642,13.3,13.2,0.10000000000000142,0.3637500000000001,0.3553496955840247,0.34313995801181757,FAR,NEAR,0.6,1,,,0.03,100
C2_n0.03_d100_r05,C2,202642,13.32,13.22,0.09999999999999964,0.36550000000000005,0.33327948576875444,0.3406748399510518,FAR,NEAR,0.6,1,,,0.03,100
C2_n0.03_d100_r05,C2,202642,13.34,13.24,0.09999999999999964,0.36724999999999997,0.35492855948471147,0.3442382698344667,FAR,NEAR,0.6,1,,,0.03,100
C2_n0.03_d100_r05,C2,202642,13.36,13.26,0.09999999999999964,0.36899999999999994,0.3323998845812223,0.34127867352115565,FAR,NEAR,0.6,1,,,0.03,100
C2_n0.03_d100_r05,C2,202642,13.38,13.28,0.10000000000000142,0.3707500000000001,0.3969582672686012,0.355198571958017,FAR,NEAR,0.6,1,,,0.03,100
C2_n0.03_d100_r05,C2,202642,13.4,13.3,0.09999999999999964,0.37250000000000005,0.3553599636890438,0.3552389198907737,FAR,NEAR,0.6,1,,,0.03,100
C2_n0.03_d100_r05,C2,202642,13.42,13.32,0.09999999999999964,0.37424999999999997,0.3569846686140929,0.3556753570716035,FAR,NEAR,0.6,1,,,0.03,100
C2_n0.03_d100_r05,C2,202642,13.44,13.34,0.09999999999999964,0.37599999999999995,0.41604401620510645,0.37076752185497924,FAR,NEAR,0.6,1,,,0.03,100
C2_n0.03_d100_r05,C2,202642,13.46,13.36,0.10000000000000142,0.37775000000000003,0.37986723113416077,0.3730424491747746,FAR,NEAR,0.6,1,,,0.03,100
C2_n0.03_d100_r05,C2,202642,13.48,13.38,0.09999999999999964,0.37950000000000006,0.3907578325205563,0.37747129501122,FAR,NEAR,0.6,1,,,0.03,100
C2_n0.03_d100_r05,C2,202642,13.5,13.4,0.09999999999999964,0.38125,0.34413526880198625,0.3691372884589116,FAR,NEAR,0.6,1,,,0.03,100
C2_n0.03_d100_r05,C2,202642,13.52,13.42,0.09999999999999964,0.38299999999999995,0.3862671014479493,0.373419741706171,FAR,NEAR,0.6,1,,,0.03,100
C2_n0.03_d100_r05,C2,202642,13.54,13.44,0.09999999999999964,0.3847499999999999,0.3704705315167986,0.3726824391588279,FAR,NEAR,0.6,1,,,0.03,100
C2_n0.03_d100_r05,C2,202642,13.56,13.46,0.09999999999999964,0.38650000000000007,0.35611117351077537,0.3685396227468148,FAR,NEAR,0.6,1,,,0.03,100
C2_n0.03_d100_r05,C2,202642,13.58,13.48,0.09999999999999964,0.38825,0.4066358430577438,0.3780636778245471,FAR,NEAR,0.6,1,,,0.03,100
C2_n0.03_d100_r05,C2,202642,13.6,13.5,0.09999999999999964,0.38999999999999996,0.4223881372090756,0.3891447926706792,FAR,FAR,0.0,1,EXIT_NEAR,,0.03,100
C2_n0.03_d100_r05,C2,202642,13.62,13.52,0.09999999999999964,0.39174999999999993,0.3698206794016942,0.38431376435343295,FAR,FAR,0.0,1,,,0.03,100
C2_n0.03_d100_r05,C2,202642,13.64,13.54,0.10000000000000142,0.39350000000000007,0.3644873692669017,0.37935716558180016,FAR,FAR,0.0,1,,,0.03,100
C2_n0.03_d100_r05,C2,202642,13.66,13.56,0.09999999999999964,0.39525,0.3802638103260139,0.37958382676785357,FAR,FAR,0.0,1,,,0.03,100
C2_n0.03_d100_r05,C2,202642,13.68,13.58,0.09999999999999964,0.39699999999999996,0.3660855042978135,0.37620924615034357,FAR,FAR,0.0,1,,,0.03,100
C2_n0.03_d100_r05,C2,202642,13.7,13.6,0.09999999999999964,0.39874999999999994,0.3568365151867064,0.3713660634094343,FAR,FAR,0.0,1,,,0.03,100
C2_n0.03_d100_r05,C2,202642,13.72,13.62,0.10000000000000142,0.4005000000000001,0.4401297506734208,0.3885569852254309,FAR,FAR,0.0,1,,,0.03,100
C2_n0.03_d100_r05,C2,202642,13.74,13.64,0.09999999999999964,0.40225,0.3562429695605511,0.38047848130921097,FAR,FAR,0.0,1,,,0.03,100
C2_n0.03_d100_r05,C2,202642,13.76,13.66,0.09999999999999964,0.40399999999999997,0.3704212507446345,0.37796417366806684,FAR,FAR,0.0,1,,,0.03,100
C2_n0.03_d100_r05,C2,202642,13.78,13.68,0.09999999999999964,0.40574999999999994,0.3649821321228371,0.3747186632817594,FAR,FAR,0.0,1,,,0.03,100
C2_n0.03_d100_r05,C2,202642,13.8,13.7,0.10000000000000142,0.4075000000000001,0.3951776128669035,0.37983340067804544,FAR,FAR,0.0,1,,,0.03,100
C2_n0.03_d100_r05,C2,202642,13.82,13.72,0.09999999999999964,0.40925,0.4055014729962108,0.38625041875758676,FAR,FAR,0.0,1,,,0.03,100
C2_n0.03_d100_r05,C2,202642,13.84,13.74,0.09999999999999964,0.411,0.3956826627441799,0.388608479754235,FAR,FAR,0.0,1,,,0.03,100
C2_n0.03_d100_r05,C2,202642,13.86,13.76,0.09999999999999964,0.41274999999999995,0.36401238551013876,0.3824594561932109,FAR,FAR,0.0,1,,,0.03,100
C2_n0.03_d100_r05,C2,202642,13.88,13.78,0.10000000000000142,0.4145000000000001,0.4011346443820512,0.387128253240421,FAR,FAR,0.0,1,,,0.03,100
C2_n0.03_d100_r05,C2,202642,13.9,13.8,0.09999999999999964,0.41625,0.3830680038176795,0.3861131908847356,FAR,FAR,0.0,1,,,0.03,100
C2_n0.03_d100_r05,C2,202642,13.92,13.82,0.09999999999999964,0.418,0.3982876070051737,0.38915679491484517,FAR,FAR,0.0,1,,,0.03,100
C2_n0.03_d100_r05,C2,202642,13.94,13.84,0.09999999999999964,0.41974999999999996,0.41693568831832983,0.3961015182657164,FAR,FAR,0.0,1,,,0.03,100
C2_n0.03_d100_r05,C2,202642,13.96,13.86,0.10000000000000142,0.4215000000000001,0.4264015860999945,0.4036765352242859,FAR,FAR,0.0,1,,,0.03,100
C2_n0.03_d100_r05,C2,202642,13.98,13.88,0.09999999999999964,0.42325,0.41878826943947,0.40745446877808195,FAR,FAR,0.0,1,,,0.03,100
C2_n0.03_d100_r05,C2,202642,14.0,13.9,0.09999999999999964,0.425,0.3630008548160891,0.3963410652875837,FAR,FAR,0.0,1,,,0.03,100
C2_n0.03_d100_r05,C2,202642,14.02,13.92,0.09999999999999964,0.42674999999999996,0.4314985091212989,0.4051304262460125,FAR,FAR,0.0,1,,,0.03,100
C2_n0.03_d100_r05,C2,202642,14.04,13.94,0.09999999999999964,0.4284999999999999,0.4299402391433031,0.41133287947033514,FAR,FAR,0.0,1,,,0.03,100
C2_n0.03_d100_r05,C2,202642,14.06,13.96,0.09999999999999964,0.43025,0.41085558492695784,0.4112135558344908,FAR,FAR,0.0,1,,,0.03,100
C2_n0.03_d100_r05,C2,202642,14.08,13.98,0.09999999999999964,0.432,0.4043669756245966,0.40950191078201725,FAR,FAR,0.0,1,,,0.03,100
C2_n0.03_d100_r05,C2,202642,14.1,14.0,0.09999999999999964,0.43374999999999997,0.4541017096385945,0.42065186049616154,FAR,FAR,0.0,1,,,0.03,100
C2_n0.03_d100_r05,C2,202642,14.12,14.02,0.09999999999999964,0.4354999999999999,0.4456951346703365,0.4269126790397053,FAR,FAR,0.0,1,,,0.03,100
C2_n0.03_d100_r05,C2,202642,14.14,14.04,0.10000000000000142,0.43725,0.4841584629248045,0.44122412501098013,FAR,FAR,0.0,1,,,0.03,100
C2_n0.03_d100_r05,C2,202642,14.16,14.06,0.09999999999999964,0.439,0.45805006138104704,0.44543060910349686,FAR,FAR,0.0,1,,,0.03,100
C2_n0.03_d100_r05,C2,202642,14.18,14.08,0.09999999999999964,0.44075,0.4317004879120981,0.4419980788056471,FAR,FAR,0.0,1,,,0.03,100
C2_n0.03_d100_r05,C2,202642,14.2,14.1,0.09999999999999964,0.4424999999999999,0.41392655213291346,0.43498019713746366,FAR,FAR,0.0,1,,,0.03,100
C2_n0.03_d100_r05,C2,202642,14.22,14.12,0.10000000000000142,0.44425000000000003,0.4294460196597641,0.43359665276803877,FAR,FAR,0.0,1,,,0.03,100
C2_n0.03_d100_r05,C2,202642,14.24,14.14,0.09999999999999964,0.446,0.4469102310443773,0.4369250473371234,FAR,FAR,0.0,1,,,0.03,100
C2_n0.03_d100_r05,C2,202642,14.26,14.16,0.09999999999999964,0.44775,0.4185812635683362,0.4323391013949266,FAR,FAR,0.0,1,,,0.03,100
C2_n0.03_d100_r05,C2,202642,14.28,14.18,0.09999999999999964,0.4494999999999999,0.37151966620014754,0.4171342425962319,FAR,FAR,0.0,1,,,0.03,100
C2_n0.03_d100_r05,C2,202642,14.3,14.2,0.10000000000000142,0.45125000000000004,0.41197628883707815,0.41584475415644345,FAR,FAR,0.0,1,,,0.03,100
C2_n0.03_d100_r05,C2,202642,14.32,14.22,0.09999999999999964,0.453,0.44035478402559836,0.4219722616237322,FAR,FAR,0.0,1,,,0.03,100
C2_n0.03_d100_r05,C2,202642,14.34,14.24,0.09999999999999964,0.45475,0.4069183815153721,0.41820879159664215,FAR,FAR,0.0,1,,,0.03,100
C2_n0.03_d100_r05,C2,202642,14.36,14.26,0.09999999999999964,0.4564999999999999,0.4562070747895151,0.4277083623948604,FAR,FAR,0.0,1,,,0.03,100
C2_n0.03_d100_r05,C2,202642,14.38,14.28,0.10000000000000142,0.45825000000000005,0.43003323308058544,0.42828958006629164,FAR,FAR,0.0,1,,,0.03,100
C2_n0.03_d100_r05,C2,202642,14.4,14.3,0.09999999999999964,0.46,0.4032818175694702,0.4220376394420863,FAR,FAR,0.0,1,,,0.03,100
C2_n0.03_d100_r05,C2,202642,14.42,14.32,0.09999999999999964,0.46175,0.42098831220941607,0.4217753076339187,FAR,FAR,0.0,1,,,0.03,100
C2_n0.03_d100_r05,C2,202642,14.44,14.34,0.09999999999999964,0.4634999999999999,0.4547650320270647,0.4300227387322052,FAR,FAR,0.0,1,,,0.03,100
C2_n0.03_d100_r05,C2,202642,14.46,14.36,0.10000000000000142,0.46525000000000005,0.4828919847668346,0.44324005024086255,FAR,FAR,0.0,1,,,0.03,100
C2_n0.03_d100_r05,C2,202642,14.48,14.38,0.09999999999999964,0.467,0.48551904164970044,0.45380979809307204,FAR,FAR,0.0,1,,,0.03,100
C2_n0.03_d100_r05,C2,202642,14.5,14.4,0.09999999999999964,0.46875,0.4766407248876604,0.4595175297917191,FAR,FAR,0.0,1,,,0.03,100
C2_n0.03_d100_r05,C2,202642,14.52,14.42,0.09999999999999964,0.4704999999999999,0.427520606166954,0.45151829888552786,FAR,FAR,0.0,1,,,0.03,100
C2_n0.03_d100_r05,C2,202642,14.54,14.44,0.09999999999999964,0.47224999999999995,0.4792504246399152,0.45845133032412466,FAR,FAR,0.0,1,,,0.03,100
C2_n0.03_d100_r05,C2,202642,14.56,14.46,0.09999999999999964,0.47400000000000003,0.49508976437859764,0.4676109388377429,FAR,FAR,0.0,1,,,0.03,100
C2_n0.03_d100_r05,C2,202642,14.58,14.48,0.09999999999999964,0.47575,0.374785401423659,0.4444045544842219,FAR,FAR,0.0,1,,,0.03,100
C2_n0.03_d100_r05,C2,202642,14.6,14.5,0.09999999999999964,0.4774999999999999,0.4941217922407902,0.456833863923364,FAR,FAR,0.0,1,,,0.03,100
C2_n0.03_d100_r05,C2,202642,14.62,14.52,0.09999999999999964,0.47924999999999995,0.5199737729499522,0.4726188411800111,FAR,FAR,0.0,1,,,0.03,100
C2_n0.03_d100_r05,C2,202642,14.64,14.54,0.10000000000000142,0.48100000000000004,0.43131492011384265,0.46229286091346894,FAR,FAR,0.0,1,,,0.03,100
C2_n0.03_d100_r05,C2,202642,14.66,14.56,0.09999999999999964,0.48275,0.4935371164256348,0.4701039247915104,FAR,FAR,0.0,1,,,0.03,100
C2_n0.03_d100_r05,C2,202642,14.68,14.58,0.09999999999999964,0.48449999999999993,0.45540224576865507,0.4664285050357966,FAR,FAR,0.0,1,,,0.03,100
C2_n0.03_d100_r05,C2,202642,14.7,14.6,0.09999999999999964,0.48624999999999996,0.4308645085425501,0.457537505912485,FAR,FAR,0.0,1,,,0.03,100
C2_n0.03_d100_r05,C2,202642,14.72,14.62,0.10000000000000142,0.48800000000000004,0.5179857208885117,0.47264955965649164,FAR,FAR,0.0,1,,,0.03,100
C2_n0.03_d100_r05,C2,202642,14.74,14.64,0.09999999999999964,0.48975,0.517186218556895,0.48378372438159245,FAR,FAR,0.0,1,,,0.03,100
C2_n0.03_d100_r05,C2,202642,14.76,14.66,0.09999999999999964,0.49149999999999994,0.4550386264168757,0.4765974498904133,FAR,FAR,0.0,1,,,0.03,100
C2_n0.03_d100_r05,C2,202642,14.78,14.68,0.09999999999999964,0.49324999999999997,0.43827396605974006,0.467016578932745,FAR,FAR,0.0,1,,,0.03,100
C2_n0.03_d100_r05,C2,202642,14.8,14.7,0.10000000000000142,0.49500000000000005,0.4853174351404813,0.4715917929846791,FAR,FAR,0.0,1,,,0.03,100
C2_n0.03_d100_r05,C2,202642,14.82,14.72,0.09999999999999964,0.49675,0.44587056941334846,0.46516148709184646,FAR,FAR,0.0,1,,,0.03,100
C2_n0.03_d100_r05,C2,202642,14.84,14.74,0.09999999999999964,0.49849999999999994,0.4877883065711921,0.47081819196168284,FAR,FAR,0.0,1,,,0.03,100
C2_n0.03_d100_r05,C2,202642,14.86,14.76,0.09999999999999964,0.5002499999999999,0.5152084958697589,0.48191576793870183,FAR,FAR,0.0,1,,,0.03,100
C2_n0.03_d100_r05,C2,202642,14.88,14.78,0.10000000000000142,0.502,0.5181426136501377,0.4909724793665608,FAR,FAR,0.0,1,,,0.03,100
C2_n0.03_d100_r05,C2,202642,14.9,14.8,0.09999999999999964,0.50375,0.4617778813683537,0.483673829867009,FAR,FAR,0.0,1,,,0.03,100
C2_n0.03_d100_r05,C2,202642,14.92,14.82,0.09999999999999964,0.5055000000000001,0.5454460140681642,0.4991168759172978,FAR,FAR,0.0,1,,,0.03,100
C2_n0.03_d100_r05,C2,202642,14.94,14.84,0.09999999999999964,0.50725,0.5035956530126477,0.5002365701911353,FAR,FAR,0.0,1,,,0.03,100
C2_n0.03_d100_r05,C2,202642,14.96,14.86,0.10000000000000142,0.5090000000000001,0.46679370499174866,0.49187585389128863,FAR,FAR,0.0,1,,,0.03,100
C2_n0.03_d100_r05,C2,202642,14.98,14.88,0.09999999999999964,0.51075,0.5430138827477142,0.504660361105395,FAR,FAR,0.0,1,,,0.03,100
C2_n0.03_d100_r05,C2,202642,15.0,14.9,0.09999999999999964,0.5125,0.5290706264636458,0.5107629274449577,FAR,FAR,0.0,1,,,0.03,100
C2_n0.03_d100_r05,C2,202642,15.02,14.92,0.09999999999999964,0.5142499999999999,0.5126228625457685,0.5112279112201603,FAR,FAR,0.0,1,,,0.03,100
C2_n0.03_d100_r05,C2,202642,15.04,14.94,0.09999999999999964,0.5159999999999999,0.4705503732448304,0.5010585267263279,FAR,FAR,0.0,1,,,0.03,100
C2_n0.03_d100_r05,C2,202642,15.06,14.96,0.09999999999999964,0.51775,0.4798712558031313,0.49576170899552874,FAR,FAR,0.0,1,,,0.03,100
C2_n0.03_d100_r05,C2,202642,15.08,14.98,0.09999999999999964,0.5195,0.5293077013729633,0.5041482070898874,FAR,FAR,0.0,1,,,0.03,100
C2_n0.03_d100_r05,C2,202642,15.1,15.0,0.09999999999999964,0.52125,0.5035645129956067,0.5040022835663173,FAR,FAR,0.0,1,,,0.03,100
C2_n0.03_d100_r05,C2,202642,15.12,15.02,0.09999999999999964,0.5229999999999999,0.5197440883614896,0.5079377347651103,FAR,FAR,0.0,1,,,0.03,100
C2_n0.03_d100_r05,C2,202642,15.14,15.04,0.10000000000000142,0.52475,0.5054780210909173,0.507322806346562,FAR,FAR,0.0,1,,,0.03,100
C2_n0.03_d100_r05,C2,202642,15.16,15.06,0.09999999999999964,0.5265,0.5190577822919268,0.5102565503329032,FAR,FAR,0.0,1,,,0.03,100
C2_n0.03_d100_r05,C2,202642,15.18,15.08,0.09999999999999964,0.5282499999999999,0.554999717407242,0.5214423421014879,FAR,FAR,0.0,1,,,0.03,100
C2_n0.03_d100_r05,C2,202642,15.2,15.1,0.09999999999999964,0.5299999999999999,0.5357071996561817,0.5250085564901613,FAR,FAR,0.0,1,,,0.03,100
C2_n0.03_d100_r05,C2,202642,15.22,15.12,0.10000000000000142,0.5317500000000001,0.49666610174577697,0.5179229428040653,FAR,FAR,0.0,1,,,0.03,100
C2_n0.03_d100_r05,C2,202642,15.24,15.14,0.09999999999999964,0.5335,0.5441407845034456,0.5244774032289103,FAR,FAR,0.0,1,,,0.03,100
C2_n0.03_d100_r05,C2,202642,15.26,15.16,0.09999999999999964,0.53525,0.5003974509897826,0.5184574151691284,FAR,FAR,0.0,1,,,0.03,100
C2_n0.03_d100_r05,C2,202642,15.28,15.18,0.09999999999999964,0.5369999999999999,0.5104533860602685,0.5164564078919134,FAR,FAR,0.0,1,,,0.03,100
C2_n0.03_d100_r05,C2,202642,15.3,15.2,0.10000000000000142,0.5387500000000001,0.5680302188380065,0.5293498606284367,FAR,FAR,0.0,1,,,0.03,100
C2_n0.03_d100_r05,C2,202642,15.32,15.22,0.09999999999999964,0.5405,0.5453814508361113,0.5333577581803554,FAR,FAR,0.0,1,,,0.03,100
C2_n0.03_d100_r05,C2,202642,15.34,15.24,0.09999999999999964,0.5422499999999999,0.5056319024636461,0.526426294251178,FAR,FAR,0.0,1,,,0.03,100
C2_n0.03_d100_r05,C2,202642,15.36,15.26,0.09999999999999964,0.5439999999999999,0.5430498328711805,0.5305821789061786,FAR,FAR,0.0,1,,,0.03,100
C2_n0.03_d100_r05,C2,202642,15.38,15.28,0.10000000000000142,0.5457500000000001,0.5388778956475891,0.5326561080915313,FAR,FAR,0.0,1,,,0.03,100
C2_n0.03_d100_r05,C2,202642,15.4,15.3,0.09999999999999964,0.5475,0.5918890567278916,0.5474643452506214,FAR,FAR,0.0,1,,,0.03,100
C2_n0.03_d100_r05,C2,202642,15.42,15.32,0.09999999999999964,0.54925,0.5135668415204201,0.5389899693180711,FAR,FAR,0.0,1,,,0.03,100
C2_n0.03_d100_r05,C2,202642,15.44,15.34,0.09999999999999964,0.5509999999999999,0.5810935442278147,0.549515863045507,FAR,FAR,0.0,1,,,0.03,100
C2_n0.03_d100_r05,C2,202642,15.46,15.36,0.10000000000000142,0.5527500000000001,0.49313993173255893,0.53542188021727,FAR,FAR,0.0,1,,,0.03,100
C2_n0.03_d100_r05,C2,202642,15.48,15.38,0.09999999999999964,0.5545,0.5585357836510656,0.5412003560757188,FAR,FAR,0.0,1,,,0.03,100
C2_n0.03_d100_r05,C2,202642,15.5,15.4,0.09999999999999964,0.5562499999999999,0.5569847971171498,0.5451464663360766,FAR,FAR,0.0,1,,,0.03,100
C2_n0.03_d100_r05,C2,202642,15.52,15.42,0.09999999999999964,0.5579999999999999,0.5345454640828228,0.5424962157727631,FAR,FAR,0.0,1,,,0.03,100
C2_n0.03_d100_r05,C2,202642,15.54,15.44,0.09999999999999964,0.55975,0.567929424298398,0.5488545179041718,FAR,FAR,0.0,1,,,0.03,100
C2_n0.03_d100_r05,C2,202642,15.56,15.46,0.09999999999999964,0.5615,0.5626552486342662,0.5523047005866955,FAR,FAR,0.0,1,,,0.03,100
C2_n0.03_d100_r05,C2,202642,15.58,15.48,0.09999999999999964,0.56325,0.4789615435105562,0.5339689113176607,FAR,FAR,0.0,1,,,0.03,100
C2_n0.03_d100_r05,C2,202642,15.6,15.5,0.09999999999999964,0.565,0.5876883856275956,0.5473987798951444,FAR,FAR,0.0,1,,,0.03,100
C2_n0.03_d100_r05,C2,202642,15.62,15.52,0.09999999999999964,0.5667499999999999,0.5768267016628862,0.5547557603370799,FAR,FAR,0.0,1,,,0.03,100
C2_n0.03_d100_r05,C2,202642,15.64,15.54,0.10000000000000142,0.5685,0.5937359954386937,0.5645008191124833,FAR,FAR,0.0,1,,,0.03,100
C2_n0.03_d100_r05,C2,202642,15.66,15.56,0.09999999999999964,0.5702499999999999,0.5610657045407793,0.5636420404695572,FAR,FAR,0.0,1,,,0.03,100
C2_n0.03_d100_r05,C2,202642,15.68,15.58,0.09999999999999964,0.572,0.5303597338983728,0.5553214638267612,FAR,FAR,0.0,1,,,0.03,100
C2_n0.03_d100_r05,C2,202642,15.7,15.6,0.09999999999999964,0.57375,0.5743583245244241,0.560080679001177,FAR,FAR,0.0,1,,,0.03,100
C2_n0.03_d100_r05,C2,202642,15.72,15.62,0.10000000000000142,0.5755,0.5805814207962658,0.5652058644499491,FAR,FAR,0.0,1,,,0.03,100
C2_n0.03_d100_r05,C2,202642,15.74,15.64,0.09999999999999964,0.57725,0.5992447220120012,0.5737155788404622,FAR,FAR,0.0,1,,,0.03,100
C2_n0.03_d100_r05,C2,202642,15.76,15.66,0.09999999999999964,0.579,0.614899736670299,0.5840116182979214,FAR,FAR,0.0,1,,,0.03,100
C2_n0.03_d100_r05,C2,202642,15.78,15.68,0.09999999999999964,0.5807499999999999,0.5310511555813244,0.5707715026187721,FAR,FAR,0.0,1,,,0.03,100
C2_n0.03_d100_r05,C2,202642,15.8,15.7,0.10000000000000142,0.5825,0.5804239628695734,0.5731846176814724,FAR,FAR,0.0,1,,,0.03,100
C2_n0.03_d100_r05,C2,202642,15.82,15.72,0.09999999999999964,0.5842499999999999,0.5818464885542075,0.5753500853996562,FAR,FAR,0.0,1,,,0.03,100
C2_n0.03_d100_r05,C2,202642,15.84,15.74,0.09999999999999964,0.586,0.5236465545127086,0.5624242026779193,FAR,FAR,0.0,1,,,0.03,100
C2_n0.03_d100_r05,C2,202642,15.86,15.76,0.09999999999999964,0.58775,0.5458571577157088,0.5582824414373666,FAR,FAR,0.0,1,,,0.03,100
C2_n0.03_d100_r05,C2,202642,15.88,15.78,0.10000000000000142,0.5895,0.5716017117259699,0.5616122590095174,FAR,FAR,0.0,1,,,0.03,100
C2_n0.03_d100_r05,C2,202642,15.9,15.8,0.09999999999999964,0.59125,0.6102684245107787,0.5737763003848327,FAR,FAR,0.0,1,,,0.03,100
C2_n0.03_d100_r05,C2,202642,15.92,15.82,0.09999999999999964,0.593,0.6135968373764611,0.5837314346327398,FAR,FAR,0.0,1,,,0.03,100
C2_n0.03_d100_r05,C2,202642,15.94,15.84,0.09999999999999964,0.5947499999999999,0.5837685825970474,0.5837407216238167,FAR,FAR,0.0,1,,,0.03,100
C2_n0.03_d100_r05,C2,202642,15.96,15.86,0.10000000000000142,0.5965,0.5374097419727658,0.572157976711054,FAR,FAR,0.0,1,,,0.03,100
C2_n0.03_d100_r05,C2,202642,15.98,15.88,0.09999999999999964,0.59825,0.5928912143295791,0.5773412861156852,FAR,FAR,0.0,1,,,0.03,100
C2_n0.03_d100_r05,C2,202642,16.0,15.9,0.09999999999999964,0.6,0.5641298066890308,0.5740384162590216,FAR,FAR,0.0,1,,,0.03,100
C2_n0.03_d100_r05,C2,202642,16.02,15.92,0.09999999999999964,0.6,0.5743092967933283,0.5741061363925983,FAR,FAR,0.0,1,,,0.03,100
C2_n0.03_d100_r05,C2,202642,16.04,15.94,0.09999999999999964,0.6,0.5907741243244795,0.5782731333755686,FAR,FAR,0.0,1,,,0.03,100
C2_n0.03_d100_r05,C2,202642,16.06,15.96,0.09999999999999787,0.6,0.6080037867219479,0.5857057967121635,FAR,FAR,0.0,1,,,0.03,100
C2_n0.03_d100_r05,C2,202642,16.08,15.98,0.09999999999999787,0.6,0.6317042954529198,0.5972054213973526,FAR,FAR,0.0,1,,,0.03,100
C2_n0.03_d100_r05,C2,202642,16.1,16.0,0.10000000000000142,0.6,0.6246982827438998,0.6040786367339894,FAR,FAR,0.0,1,,,0.03,100
C2_n0.03_d100_r05,C2,202642,16.12,16.02,0.10000000000000142,0.6,0.5794646054614743,0.5979251289158607,FAR,FAR,0.0,1,,,0.03,100
C2_n0.03_d100_r05,C2,202642,16.14,16.04,0.10000000000000142,0.6,0.5880460857210863,0.595455368117167,FAR,FAR,0.0,1,,,0.03,100
C2_n0.03_d100_r05,C2,202642,16.16,16.06,0.10000000000000142,0.6,0.6116671410512821,0.5995083113506958,FAR,FAR,0.0,1,,,0.03,100
C2_n0.03_d100_r05,C2,202642,16.18,16.08,0.10000000000000142,0.6,0.6114570736875443,0.602495501934908,FAR,FAR,0.0,1,,,0.03,100
C2_n0.03_d100_r05,C2,202642,16.2,16.1,0.09999999999999787,0.6,0.6088748029052128,0.6040903271774841,FAR,FAR,0.0,1,,,0.03,100
C2_n0.03_d100_r05,C2,202642,16.22,16.12,0.09999999999999787,0.6,0.6133548759188256,0.6064064643628195,FAR,FAR,0.0,1,,,0.03,100
C2_n0.03_d100_r05,C2,202642,16.24,16.14,0.09999999999999787,0.6,0.6184219005597055,0.609410323412041,FAR,FAR,0.0,1,,,0.03,100
C2_n0.03_d100_r05,C2,202642,16.26,16.16,0.10000000000000142,0.6,0.5994332799016574,0.6069160625344451,FAR,FAR,0.0,1,,,0.03,100
C2_n0.03_d100_r05,C2,202642,16.28,16.18,0.10000000000000142,0.6,0.5925561640534923,0.6033260879142068,FAR,FAR,0.0,1,,,0.03,100
C2_n0.03_d100_r05,C2,202642,16.3,16.2,0.10000000000000142,0.6,0.6215608403231666,0.6078847760164467,FAR,FAR,0.0,1,,,0.03,100
C2_n0.03_d100_r05,C2,202642,16.32,16.22,0.10000000000000142,0.6,0.6282036858193802,0.6129645034671801,FAR,FAR,0.0,1,,,0.03,100
C2_n0.03_d100_r05,C2,202642,16.34,16.24,0.10000000000000142,0.6,0.5805370110000809,0.6048576303504053,FAR,FAR,0.0,1,,,0.03,100
C2_n0.03_d100_r05,C2,202642,16.36,16.26,0.09999999999999787,0.6,0.6277244871775848,0.6105743445572002,FAR,FAR,0.0,1,,,0.03,100
C2_n0.03_d100_r05,C2,202642,16.38,16.28,0.09999999999999787,0.6,0.58333468576155,0.6037644298582876,FAR,FAR,0.0,1,,,0.03,100
C2_n0.03_d100_r05,C2,202642,16.4,16.3,0.09999999999999787,0.6,0.6631177596739497,0.6186027623122031,FAR,FAR,0.0,1,,,0.03,100
C2_n0.03_d100_r05,C2,202642,16.42,16.32,0.10000000000000142,0.6,0.5855210883945661,0.6103323438327939,FAR,FAR,0.0,1,,,0.03,100
C2_n0.03_d100_r05,C2,202642,16.44,16.34,0.10000000000000142,0.6,0.5888198474522093,0.6049542197376477,FAR,FAR,0.0,1,,,0.03,100
C2_n0.03_d100_r05,C2,202642,16.46,16.36,0.10000000000000142,0.6,0.6202968395913155,0.6087898747010647,FAR,FAR,0.0,1,,,0.03,100
C2_n0.03_d100_r05,C2,202642,16.48,16.38,0.10000000000000142,0.6,0.6069313503200913,0.6083252436058213,FAR,FAR,0.0,1,,,0.03,100
C2_n0.03_d100_r05,C2,202642,16.5,16.4,0.10000000000000142,0.6,0.6049505206072727,0.6074815628561842,FAR,FAR,0.0,1,,,0.03,100
C2_n0.03_d100_r05,C2,202642,16.52,16.42,0.09999999999999787,0.6,0.5359756032072146,0.5896050729439417,FAR,FAR,0.0,1,,,0.03,100
C2_n0.03_d100_r05,C2,202642,16.54,16.44,0.09999999999999787,0.6,0.5715772787760218,0.5850981244019617,FAR,FAR,0.0,1,,,0.03,100
C2_n0.03_d100_r05,C2,202642,16.56,16.46,0.09999999999999787,0.6,0.61912222041711,0.5936041484057488,FAR,FAR,0.0,1,,,0.03,100
C2_n0.03_d100_r05,C2,202642,16.58,16.48,0.09999999999999787,0.6,0.5979976667388588,0.5947025279890263,FAR,FAR,0.0,1,,,0.03,100
C2_n0.03_d100_r05,C2,202642,16.6,16.5,0.10000000000000142,0.6,0.6120399823538236,0.5990368915802257,FAR,FAR,0.0,1,,,0.03,100
C2_n0.03_d100_r05,C2,202642,16.62,16.52,0.10000000000000142,0.6,0.5652681540394275,0.5905947071950262,FAR,FAR,0.0,1,,,0.03,100
C2_n0.03_d100_r05,C2,202642,16.64,16.54,0.10000000000000142,0.6,0.6159622785249219,0.5969366000275,FAR,FAR,0.0,1,,,0.03,100
C2_n0.03_d100_r05,C2,202642,16.66,16.56,0.10000000000000142,0.6,0.5717743079862312,0.5906460270171828,FAR,FAR,0.0,1,,,0.03,100
C2_n0.03_d100_r05,C2,202642,16.68,16.58,0.10000000000000142,0.6,0.5669481450108127,0.5847215565155903,FAR,FAR,0.0,1,,,0.03,100
C2_n0.03_d100_r05,C2,202642,16.7,16.6,0.09999999999999787,0.6,0.6168474078305454,0.5927530193443291,FAR,FAR,0.0,1,,,0.03,100
C2_n0.03_d100_r05,C2,202642,16.72,16.62,0.09999999999999787,0.6,0.5876643394360354,0.5914808493672556,FAR,FAR,0.0,1,,,0.03,100
C2_n0.03_d100_r05,C2,202642,16.74,16.64,0.09999999999999787,0.6,0.6656747264837952,0.6100293186463905,FAR,FAR,0.0,1,,,0.03,100
C2_n0.03_d100_r05,C2,202642,16.76,16.66,0.10000000000000142,0.6,0.5781663963029189,0.6020635880605226,FAR,FAR,0.0,1,,,0.03,100
C2_n0.03_d100_r05,C2,202642,16.78,16.68,0.10000000000000142,0.6,0.5634009154285707,0.5923979199025347,FAR,FAR,0.0,1,,,0.03,100
C2_n0.03_d100_r05,C2,202642,16.8,16.7,0.10000000000000142,0.6,0.5452372596068872,0.5806077548286228,FAR,FAR,0.0,1,,,0.03,100
C2_n0.03_d100_r05,C2,202642,16.82,16.72,0.10000000000000142,0.6,0.6161871181836278,0.5895025956673741,FAR,FAR,0.0,1,,,0.03,100
C2_n0.03_d100_r05,C2,202642,16.84,16.74,0.10000000000000142,0.6,0.605942148093916,0.5936124837740095,FAR,FAR,0.0,1,,,0.03,100
C2_n0.03_d100_r05,C2,202642,16.86,16.76,0.09999999999999787,0.6,0.5925333992065751,0.5933427126321509,FAR,FAR,0.0,1,,,0.03,100
C2_n0.03_d100_r05,C2,202642,16.88,16.78,0.09999999999999787,0.6,0.5896721036543747,0.5924250603877068,FAR,FAR,0.0,1,,,0.03,100
C2_n0.03_d100_r05,C2,202642,16.9,16.8,0.09999999999999787,0.6,0.61468907186197,0.5979910632562726,FAR,FAR,0.0,1,,,0.03,100
C2_n0.03_d100_r05,C2,202642,16.92,16.82,0.10000000000000142,0.6,0.5883423932938845,0.5955788957656756,FAR,FAR,0.0,1,,,0.03,100
C2_n0.03_d100_r05,C2,202642,16.94,16.84,0.10000000000000142,0.6,0.5902574294597103,0.5942485291891842,FAR,FAR,0.0,1,,,0.03,100
C2_n0.03_d100_r05,C2,202642,16.96,16.86,0.10000000000000142,0.6,0.5306518402245889,0.5783493569480354,FAR,FAR,0.0,1,,,0.03,100
C2_n0.03_d100_r05,C2,202642,16.98,16.88,0.10000000000000142,0.6,0.6239789837531442,0.5897567636493126,FAR,FAR,0.0,1,,,0.03,100
C2_n0.03_d100_r05,C2,202642,17.0,16.9,0.10000000000000142,0.6,0.5677275955568922,0.5842494716262076,FAR,FAR,0.0,1,,,0.03,100
C2_n0.03_d100_r05,C2,202642,17.02,16.92,0.09999999999999787,0.6,0.5715060999117404,0.5810636286975908,FAR,FAR,0.0,1,,,0.03,100
C2_n0.03_d100_r05,C2,202642,17.04,16.94,0.09999999999999787,0.6,0.5657514747672212,0.5772355902149984,FAR,FAR,0.0,1,,,0.03,100
C2_n0.03_d100_r05,C2,202642,17.06,16.96,0.09999999999999787,0.6,0.5918996850606579,0.5809016139264133,FAR,FAR,0.0,1,,,0.03,100
C2_n0.03_d100_r05,C2,202642,17.08,16.98,0.09999999999999787,0.6,0.6111280087246332,0.5884582126259683,FAR,FAR,0.0,1,,,0.03,100
C2_n0.03_d100_r05,C2,202642,17.1,17.0,0.10000000000000142,0.6,0.6295725518557239,0.5987367974334072,FAR,FAR,0.0,1,,,0.03,100
C2_n0.03_d100_r05,C2,202642,17.12,17.02,0.10000000000000142,0.6,0.6419263864318681,0.6095341946830224,FAR,FAR,0.0,1,,,0.03,100
C2_n0.03_d100_r05,C2,202642,17.14,17.04,0.10000000000000142,0.6,0.6032690032929947,0.6079678968355154,FAR,FAR,0.0,1,,,0.03,100
C2_n0.03_d100_r05,C2,202642,17.16,17.06,0.10000000000000142,0.6,0.5876459665467129,0.6028874142633147,FAR,FAR,0.0,1,,,0.03,100
C2_n0.03_d100_r05,C2,202642,17.18,17.08,0.10000000000000142,0.6,0.579240324531652,0.5969756418303991,FAR,FAR,0.0,1,,,0.03,100
C2_n0.03_d100_r05,C2,202642,17.2,17.1,0.09999999999999787,0.6,0.5355224769564839,0.5816123506119203,FAR,FAR,0.0,1,,,0.03,100
C2_n0.03_d100_r05,C2,202642,17.22,17.12,0.09999999999999787,0.6,0.5880296213389274,0.5832166682936721,FAR,FAR,0.0,1,,,0.03,100
C2_n0.03_d100_r05,C2,202642,17.24,17.14,0.09999999999999787,0.6,0.6545593708491197,0.601052343932534,FAR,FAR,0.0,1,,,0.03,100
C2_n0.03_d100_r05,C2,202642,17.26,17.16,0.10000000000000142,0.6,0.5572434501905668,0.5901001204970422,FAR,FAR,0.0,1,,,0.03,100
C2_n0.03_d100_r05,C2,202642,17.28,17.18,0.10000000000000142,0.6,0.6066059644141493,0.594226581476319,FAR,FAR,0.0,1,,,0.03,100
C2_n0.03_d100_r05,C2,202642,17.3,17.2,0.10000000000000142,0.6,0.656757125552579,0.6098592174953841,FAR,FAR,0.0,1,,,0.03,100
C2_n0.03_d100_r05,C2,202642,17.32,17.22,0.10000000000000142,0.6,0.6162188011087688,0.6114491133987303,FAR,FAR,0.0,1,,,0.03,100
C2_n0.03_d100_r05,C2,202642,17.34,17.24,0.10000000000000142,0.6,0.6325452901806047,0.6167231575941989,FAR,FAR,0.0,1,,,0.03,100
C2_n0.03_d100_r05,C2,202642,17.36,17.26,0.09999999999999787,0.6,0.5401939168771739,0.5975908474149427,FAR,FAR,0.0,1,,,0.03,100
C2_n0.03_d100_r05,C2,202642,17.38,17.28,0.09999999999999787,0.6,0.597622608906332,0.5975987877877901,FAR,FAR,0.0,1,,,0.03,100
C2_n0.03_d100_r05,C2,202642,17.4,17.3,0.09999999999999787,0.6,0.5616332551648294,0.5886074046320499,FAR,FAR,0.0,1,,,0.03,100
C2_n0.03_d100_r05,C2,202642,17.42,17.32,0.10000000000000142,0.6,0.5661734938188683,0.5829989269287545,FAR,FAR,0.0,1,,,0.03,100
C2_n0.03_d100_r05,C2,202642,17.44,17.34,0.10000000000000142,0.6,0.6121746189737782,0.5902928499400104,FAR,FAR,0.0,1,,,0.03,100
C2_n0.03_d100_r05,C2,202642,17.46,17.36,0.10000000000000142,0.6,0.5984281005798656,0.5923266625999742,FAR,FAR,0.0,1,,,0.03,100
C2_n0.03_d100_r05,C2,202642,17.48,17.38,0.10000000000000142,0.6,0.5751709820292598,0.5880377424572956,FAR,FAR,0.0,1,,,0.03,100
C2_n0.03_d100_r05,C2,202642,17.5,17.4,0.10000000000000142,0.6,0.5655505472601496,0.5824159436580091,FAR,FAR,0.0,1,,,0.03,100
C2_n0.03_d100_r05,C2,202642,17.52,17.42,0.09999999999999787,0.6,0.5994097581983843,0.5866643972931028,FAR,FAR,0.0,1,,,0.03,100
C2_n0.03_d100_r05,C2,202642,17.54,17.44,0.09999999999999787,0.6,0.6248638533421057,0.5962142613053536,FAR,FAR,0.0,1,,,0.03,100
C2_n0.03_d100_r05,C2,202642,17.56,17.46,0.09999999999999787,0.6,0.6115788588554191,0.6000554106928699,FAR,FAR,0.0,1,,,0.03,100
C2_n0.03_d100_r05,C2,202642,17.58,17.48,0.09999999999999787,0.6,0.5621645234489209,0.5905826888818827,FAR,FAR,0.0,1,,,0.03,100
C2_n0.03_d100_r05,C2,202642,17.6,17.5,0.10000000000000142,0.6,0.6067478880991589,0.5946239886862018,FAR,FAR,0.0,1,,,0.03,100
C2_n0.03_d100_r05,C2,202642,17.62,17.52,0.10000000000000142,0.6,0.5954404307614288,0.5948280992050086,FAR,FAR,0.0,1,,,0.03,100
C2_n0.03_d100_r05,C2,202642,17.64,17.54,0.10000000000000142,0.6,0.5965647979856221,0.595262273900162,FAR,FAR,0.0,1,,,0.03,100
C2_n0.03_d100_r05,C2,202642,17.66,17.56,0.10000000000000142,0.6,0.6414525929046182,0.606809853651276,FAR,FAR,0.0,1,,,0.03,100
C2_n0.03_d100_r05,C2,202642,17.68,17.58,0.10000000000000142,0.6,0.6275827803059957,0.612003085314956,FAR,FAR,0.0,1,,,0.03,100
C2_n0.03_d100_r05,C2,202642,17.7,17.6,0.09999999999999787,0.6,0.5816808893869223,0.6044225363329475,FAR,FAR,0.0,1,,,0.03,100
C2_n0.03_d100_r05,C2,202642,17.72,17.62,0.09999999999999787,0.6,0.6092715554671368,0.6056347911164949,FAR,FAR,0.0,1,,,0.03,100
C2_n0.03_d100_r05,C2,202642,17.74,17.64,0.09999999999999787,0.6,0.5999749678746293,0.6042198353060285,FAR,FAR,0.0,1,,,0.03,100
C2_n0.03_d100_r05,C2,202642,17.76,17.66,0.10000000000000142,0.6,0.5549652857708175,0.5919061979222258,FAR,FAR,0.0,1,,,0.03,100
C2_n0.03_d100_r05,C2,202642,17.78,17.68,0.10000000000000142,0.6,0.6053536745994044,0.5952680670915205,FAR,FAR,0.0,1,,,0.03,100
C2_n0.03_d100_r05,C2,202642,17.8,17.7,0.10000000000000142,0.6,0.6208624293674176,0.6016666576604948,FAR,FAR,0.0,1,,,0.03,100
C2_n0.03_d100_r05,C2,202642,17.82,17.72,0.10000000000000142,0.6,0.5882312860279357,0.5983078147523551,FAR,FAR,0.0,1,,,0.03,100
C2_n0.03_d100_r05,C2,202642,17.84,17.74,0.10000000000000142,0.6,0.625261570847833,0.6050462537762246,FAR,FAR,0.0,1,,,0.03,100
C2_n0.03_d100_r05,C2,202642,17.86,17.76,0.09999999999999787,0.6,0.5848505187460841,0.5999973200186894,FAR,FAR,0.0,1,,,0.03,100
C2_n0.03_d100_r05,C2,202642,17.88,17.78,0.09999999999999787,0.6,0.5604844743262698,0.5901191085955846,FAR,FAR,0.0,1,,,0.03,100
C2_n0.03_d100_r05,C2,202642,17.9,17.8,0.09999999999999787,0.6,0.6391806231832678,0.6023844872425054,FAR,FAR,0.0,1,,,0.03,100
C2_n0.03_d100_r05,C2,202642,17.92,17.82,0.10000000000000142,0.6,0.5745259776534024,0.5954198598452296,FAR,FAR,0.0,1,,,0.03,100
C2_n0.03_d100_r05,C2,202642,17.94,17.84,0.10000000000000142,0.6,0.6061331130269151,0.598098173140651,FAR,FAR,0.0,1,,,0.03,100
C2_n0.03_d100_r05,C2,202642,17.96,17.86,0.10000000000000142,0.6,0.6155432357341131,0.6024594387890165,FAR,FAR,0.0,1,,,0.03,100
C2_n0.03_d100_r05,C2,202642,17.98,17.88,0.10000000000000142,0.6,0.5803052982890122,0.5969209036640155,FAR,FAR,0.0,1,,,0.03,100
C2_n0.03_d100_r05,C2,202642,18.0,17.9,0.10000000000000142,0.6,0.5800491133023865,0.5927029560736082,FAR,FAR,0.0,1,,,0.03,100
C2_n0.03_d100_r05,C2,202642,18.02,17.92,0.09999999999999787,0.6,0.6058067005123897,0.5959788921833036,FAR,FAR,0.0,1,,,0.03,100
C2_n0.03_d100_r05,C2,202642,18.04,17.94,0.09999999999999787,0.6,0.6178728160905232,0.6014523731601085,FAR,FAR,0.0,1,,,0.03,100
C2_n0.03_d100_r05,C2,202642,18.06,17.96,0.09999999999999787,0.6,0.6001125320928441,0.6011174128932923,FAR,FAR,0.0,1,,,0.03,100
C2_n0.03_d100_r05,C2,202642,18.08,17.98,0.09999999999999787,0.6,0.538609995109457,0.5854905584473336,FAR,FAR,0.0,1,,,0.03,100
C2_n0.03_d100_r05,C2,202642,18.1,18.0,0.10000000000000142,0.6,0.5844802782373147,0.5852379883948289,FAR,FAR,0.0,1,,,0.03,100
C2_n0.03_d100_r05,C2,202642,18.12,18.02,0.10000000000000142,0.6,0.5991820500793829,0.5887240038159673,FAR,FAR,0.0,1,,,0.03,100
C2_n0.03_d100_r05,C2,202642,18.14,18.04,0.10000000000000142,0.6,0.6383207390352565,0.6011231876207896,FAR,FAR,0.0,1,,,0.03,100
C2_n0.03_d100_r05,C2,202642,18.16,18.06,0.10000000000000142,0.6,0.5927486232281672,0.5990295465226341,FAR,FAR,0.0,1,,,0.03,100
C2_n0.03_d100_r05,C2,202642,18.18,18.08,0.10000000000000142,0.6,0.5820390445322254,0.5947819210250319,FAR,FAR,0.0,1,,,0.03,100
C2_n0.03_d100_r05,C2,202642,18.2,18.1,0.09999999999999787,0.6,0.5909817152890882,0.593831869591046,FAR,FAR,0.0,1,,,0.03,100
C2_n0.03_d100_r05,C2,202642,18.22,18.12,0.09999999999999787,0.6,0.6177240848142028,0.5998049233968351,FAR,FAR,0.0,1,,,0.03,100
C2_n0.03_d100_r05,C2,202642,18.24,18.14,0.09999999999999787,0.6,0.5915638054404909,0.5977446439077491,FAR,FAR,0.0,1,,,0.03,100
C2_n0.03_d100_r05,C2,202642,18.26,18.16,0.10000000000000142,0.6,0.616671769537703,0.6024764253152376,FAR,FAR,0.0,1,,,0.03,100
C2_n0.03_d100_r05,C2,202642,18.28,18.18,0.10000000000000142,0.6,0.640334909358959,0.611941046326168,FAR,FAR,0.0,1,,,0.03,100
C2_n0.03_d100_r05,C2,202642,18.3,18.2,0.10000000000000142,0.6,0.5826512609797433,0.6046185999895618,FAR,FAR,0.0,1,,,0.03,100
C2_n0.03_d100_r05,C2,202642,18.32,18.22,0.10000000000000142,0.6,0.5524984456036273,0.5915885613930781,FAR,FAR,0.0,1,,,0.03,100
C2_n0.03_d100_r05,C2,202642,18.34,18.24,0.10000000000000142,0.6,0.6256078309084631,0.6000933787719244,FAR,FAR,0.0,1,,,0.03,100
C2_n0.03_d100_r05,C2,202642,18.36,18.26,0.09999999999999787,0.6,0.6420759480108872,0.6105890210816651,FAR,FAR,0.0,1,,,0.03,100
C2_n0.03_d100_r05,C2,202642,18.38,18.28,0.09999999999999787,0.6,0.5820365043971718,0.6034508919105418,FAR,FAR,0.0,1,,,0.03,100
C2_n0.03_d100_r05,C2,202642,18.4,18.3,0.09999999999999787,0.6,0.5929889008344045,0.6008353941415074,FAR,FAR,0.0,1,,,0.03,100
C2_n0.03_d100_r05,C2,202642,18.42,18.32,0.10000000000000142,0.6,0.5950259989234861,0.5993830453370022,FAR,FAR,0.0,1,,,0.03,100
C2_n0.03_d100_r05,C2,202642,18.44,18.34,0.10000000000000142,0.6,0.5897354497799986,0.5969711464477513,FAR,FAR,0.0,1,,,0.03,100
C2_n0.03_d100_r05,C2,202642,18.46,18.36,0.10000000000000142,0.6,0.5821610271126477,0.5932686166139755,FAR,FAR,0.0,1,,,0.03,100
C2_n0.03_d100_r05,C2,202642,18.48,18.38,0.10000000000000142,0.6,0.6199405386503586,0.5999365971230712,FAR,FAR,0.0,1,,,0.03,100
C2_n0.03_d100_r05,C2,202642,18.5,18.4,0.10000000000000142,0.6,0.5975299084052019,0.599334924943604,FAR,FAR,0.0,1,,,0.03,100
C2_n0.03_d100_r05,C2,202642,18.52,18.42,0.09999999999999787,0.6,0.6110874158020777,0.6022730476582224,FAR,FAR,0.0,1,,,0.03,100
C2_n0.03_d100_r05,C2,202642,18.54,18.44,0.09999999999999787,0.6,0.5640879250957309,0.5927267670175995,FAR,FAR,0.0,1,,,0.03,100
C2_n0.03_d100_r05,C2,202642,18.56,18.46,0.09999999999999787,0.6,0.6524220958304269,0.6076505992208063,FAR,FAR,0.0,1,,,0.03,100
C2_n0.03_d100_r05,C2,202642,18.58,18.48,0.09999999999999787,0.6,0.6212712812019959,0.6110557697161038,FAR,FAR,0.0,1,,,0.03,100
C2_n0.03_d100_r05,C2,202642,18.6,18.5,0.10000000000000142,0.6,0.6158741162002713,0.6122603563371457,FAR,FAR,0.0,1,,,0.03,100
C2_n0.03_d100_r05,C2,202642,18.62,18.52,0.10000000000000142,0.6,0.6408106904877683,0.6193979398748014,FAR,FAR,0.0,1,,,0.03,100
C2_n0.03_d100_r05,C2,202642,18.64,18.54,0.10000000000000142,0.6,0.6012289375793657,0.6148556893009425,FAR,FAR,0.0,1,,,0.03,100
C2_n0.03_d100_r05,C2,202642,18.66,18.56,0.10000000000000142,0.6,0.5689187315600269,0.6033714498657136,FAR,FAR,0.0,1,,,0.03,100
C2_n0.03_d100_r05,C2,202642,18.68,18.58,0.10000000000000142,0.6,0.6043649618168442,0.6036198278534962,FAR,FAR,0.0,1,,,0.03,100
C2_n0.03_d100_r05,C2,202642,18.7,18.6,0.09999999999999787,0.6,0.564285397008156,0.5937862201421612,FAR,FAR,0.0,1,,,0.03,100
C2_n0.03_d100_r05,C2,202642,18.72,18.62,0.09999999999999787,0.6,0.5751946830645365,0.5891383358727551,FAR,FAR,0.0,1,,,0.03,100
C2_n0.03_d100_r05,C2,202642,18.74,18.64,0.09999999999999787,0.6,0.6138852713901886,0.5953250697521135,FAR,FAR,0.0,1,,,0.03,100
C2_n0.03_d100_r05,C2,202642,18.76,18.66,0.10000000000000142,0.6,0.6177971788098757,0.6009430970165541,FAR,FAR,0.0,1,,,0.03,100
C2_n0.03_d100_r05,C2,202642,18.78,18.68,0.10000000000000142,0.6,0.6244241055167161,0.6068133491415946,FAR,FAR,0.0,1,,,0.03,100
C2_n0.03_d100_r05,C2,202642,18.8,18.7,0.10000000000000142,0.6,0.5887346921507287,0.6022936848938781,FAR,FAR,0.0,1,,,0.03,100
C2_n0.03_d100_r05,C2,202642,18.82,18.72,0.10000000000000142,0.6,0.6927721393798183,0.6249132985153631,FAR,FAR,0.0,1,,,0.03,100
C2_n0.03_d100_r05,C2,202642,18.84,18.74,0.10000000000000142,0.6,0.6041410548732635,0.6197202376048383,FAR,FAR,0.0,1,,,0.03,100
C2_n0.03_d100_r05,C2,202642,18.86,18.76,0.09999999999999787,0.6,0.5919563009351929,0.612779253437427,FAR,FAR,0.0,1,,,0.03,100
C2_n0.03_d100_r05,C2,202642,18.88,18.78,0.09999999999999787,0.6,0.6357507133720228,0.618522118421076,FAR,FAR,0.0,1,,,0.03,100
C2_n0.03_d100_r05,C2,202642,18.9,18.8,0.09999999999999787,0.6,0.5945713097284248,0.6125344162479132,FAR,FAR,0.0,1,,,0.03,100
C2_n0.03_d100_r05,C2,202642,18.92,18.82,0.10000000000000142,0.6,0.6312323513435372,0.6172089000218192,FAR,FAR,0.0,1,,,0.03,100
C2_n0.03_d100_r05,C2,202642,18.94,18.84,0.10000000000000142,0.6,0.5935907810994132,0.6113043702912178,FAR,FAR,0.0,1,,,0.03,100
C2_n0.03_d100_r05,C2,202642,18.96,18.86,0.10000000000000142,0.6,0.5607867710048758,0.5986749704696323,FAR,FAR,0.0,1,,,0.03,100
C2_n0.03_d100_r05,C2,202642,18.98,18.88,0.10000000000000142,0.6,0.5966880500375227,0.5981782403616049,FAR,FAR,0.0,1,,,0.03,100
C2_n0.03_d100_r05,C2,202642,19.0,18.9,0.10000000000000142,0.6,0.6016628244141329,0.5990493863747369,FAR,FAR,0.0,1,,,0.03,100
C2_n0.03_d100_r05,C2,202642,19.02,18.92,0.09999999999999787,0.6,0.6178993365669329,0.6037618739227859,FAR,FAR,0.0,1,,,0.03,100
C2_n0.03_d100_r05,C2,202642,19.04,18.94,0.09999999999999787,0.6,0.6205399621460478,0.6079563959786014,FAR,FAR,0.0,1,,,0.03,100
C2_n0.03_d100_r05,C2,202642,19.06,18.96,0.09999999999999787,0.6,0.5552767026466917,0.594786472645624,FAR,FAR,0.0,1,,,0.03,100
C2_n0.03_d100_r05,C2,202642,19.08,18.98,0.09999999999999787,0.6,0.6187806177423788,0.6007850089198127,FAR,FAR,0.0,1,,,0.03,100
C2_n0.03_d100_r05,C2,202642,19.1,19.0,0.10000000000000142,0.6,0.6246418594528949,0.6067492215530832,FAR,FAR,0.0,1,,,0.03,100
C2_n0.03_d100_r05,C2,202642,19.12,19.02,0.10000000000000142,0.6,0.5587608839656327,0.5947521371562206,FAR,FAR,0.0,1,,,0.03,100
C2_n0.03_d100_r05,C2,202642,19.14,19.04,0.10000000000000142,0.6,0.5913451657162273,0.5939003942962222,FAR,FAR,0.0,1,,,0.03,100
C2_n0.03_d100_r05,C2,202642,19.16,19.06,0.10000000000000142,0.6,0.6042873769836183,0.5964971399680712,FAR,FAR,0.0,1,,,0.03,100
C2_n0.03_d100_r05,C2,202642,19.18,19.08,0.10000000000000142,0.6,0.5856200145246325,0.5937778586072116,FAR,FAR,0.0,1,,,0.03,100
C2_n0.03_d100_r05,C2,202642,19.2,19.1,0.09999999999999787,0.6,0.591661037104043,0.5932486532314194,FAR,FAR,0.0,1,,,0.03,100
C2_n0.03_d100_r05,C2,202642,19.22,19.12,0.09999999999999787,0.6,0.5938039915627575,0.593387487814254,FAR,FAR,0.0,1,,,0.03,100
C2_n0.03_d100_r05,C2,202642,19.24,19.14,0.09999999999999787,0.6,0.6094639441689249,0.5974066019029217,FAR,FAR,0.0,1,,,0.03,100
C2_n0.03_d100_r05,C2,202642,19.26,19.16,0.10000000000000142,0.6,0.5669886309502855,0.5898021091647627,FAR,FAR,0.0,1,,,0.03,100
C2_n0.03_d100_r05,C2,202642,19.28,19.18,0.10000000000000142,0.6,0.5724716358806083,0.5854694908437241,FAR,FAR,0.0,1,,,0.03,100
C2_n0.03_d100_r05,C2,202642,19.3,19.2,0.10000000000000142,0.6,0.6043632679338184,0.5901929351162477,FAR,FAR,0.0,1,,,0.03,100
C2_n0.03_d100_r05,C2,202642,19.32,19.22,0.10000000000000142,0.6,0.5912708855053043,0.5904624227135119,FAR,FAR,0.0,1,,,0.03,100
C2_n0.03_d100_r05,C2,202642,19.34,19.24,0.10000000000000142,0.6,0.6084411139645001,0.594957095526259,FAR,FAR,0.0,1,,,0.03,100
C2_n0.03_d100_r05,C2,202642,19.36,19.26,0.09999999999999787,0.6,0.6134632436189766,0.5995836325494384,FAR,FAR,0.0,1,,,0.03,100
C2_n0.03_d100_r05,C2,202642,19.38,19.28,0.09999999999999787,0.6,0.5580647472049635,0.5892039112133196,FAR,FAR,0.0,1,,,0.03,100
C2_n0.03_d100_r05,C2,202642,19.4,19.3,0.09999999999999787,0.6,0.5990072896913454,0.591654755832826,FAR,FAR,0.0,1,,,0.03,100
C2_n0.03_d100_r05,C2,202642,19.42,19.32,0.10000000000000142,0.6,0.597998820085517,0.5932407718959988,FAR,FAR,0.0,1,,,0.03,100
C2_n0.03_d100_r05,C2,202642,19.44,19.34,0.10000000000000142,0.6,0.6090931586176617,0.5972038685764145,FAR,FAR,0.0,1,,,0.03,100
C2_n0.03_d100_r05,C2,202642,19.46,19.36,0.10000000000000142,0.6,0.6296913213719026,0.6053257317752865,FAR,FAR,0.0,1,,,0.03,100
C2_n0.03_d100_r05,C2,202642,19.48,19.38,0.10000000000000142,0.6,0.6594914779896542,0.6188671683288784,FAR,FAR,0.0,1,,,0.03,100
C2_n0.03_d100_r05,C2,202642,19.5,19.4,0.10000000000000142,0.6,0.5813492844692001,0.6094876973639589,FAR,FAR,0.0,1,,,0.03,100
C2_n0.03_d100_r05,C2,202642,19.52,19.42,0.09999999999999787,0.6,0.5912628466493084,0.6049314846852962,FAR,FAR,0.0,1,,,0.03,100
C2_n0.03_d100_r05,C2,202642,19.54,19.44,0.09999999999999787,0.6,0.5675264487005534,0.5955802256891105,FAR,FAR,0.0,1,,,0.03,100
C2_n0.03_d100_r05,C2,202642,19.56,19.46,0.09999999999999787,0.6,0.6037794817984479,0.5976300397164449,FAR,FAR,0.0,1,,,0.03,100
C2_n0.03_d100_r05,C2,202642,19.58,19.48,0.09999999999999787,0.6,0.6019151948342714,0.5987013284959015,FAR,FAR,0.0,1,,,0.03,100
C2_n0.03_d100_r05,C2,202642,19.6,19.5,0.10000000000000142,0.6,0.6522033986999497,0.6120768460469136,FAR,FAR,0.0,1,,,0.03,100
C2_n0.03_d100_r05,C2,202642,19.62,19.52,0.10000000000000142,0.6,0.5903735021033824,0.6066510100610308,FAR,FAR,0.0,1,,,0.03,100
C2_n0.03_d100_r05,C2,202642,19.64,19.54,0.10000000000000142,0.6,0.5870739206617589,0.6017567377112129,FAR,FAR,0.0,1,,,0.03,100
C2_n0.03_d100_r05,C2,202642,19.66,19.56,0.10000000000000142,0.6,0.6024771404440854,0.601936838394431,FAR,FAR,0.0,1,,,0.03,100
C2_n0.03_d100_r05,C2,202642,19.68,19.58,0.10000000000000142,0.6,0.6067046257418574,0.6031287852312877,FAR,FAR,0.0,1,,,0.03,100
C2_n0.03_d100_r05,C2,202642,19.7,19.6,0.09999999999999787,0.6,0.5888642332380097,0.5995626472329681,FAR,FAR,0.0,1,,,0.03,100
C2_n0.03_d100_r05,C2,202642,19.72,19.62,0.09999999999999787,0.6,0.6093165093093877,0.602001112752073,FAR,FAR,0.0,1,,,0.03,100
C2_n0.03_d100_r05,C2,202642,19.74,19.64,0.09999999999999787,0.6,0.5836215255436173,0.5974062159499591,FAR,FAR,0.0,1,,,0.03,100
C2_n0.03_d100_r05,C2,202642,19.76,19.66,0.10000000000000142,0.6,0.6142214850398307,0.601610033222427,FAR,FAR,0.0,1,,,0.03,100
C2_n0.03_d100_r05,C2,202642,19.78,19.68,0.10000000000000142,0.6,0.6152676139053956,0.6050244283931692,FAR,FAR,0.0,1,,,0.03,100
C2_n0.03_d100_r05,C2,202642,19.8,19.7,0.10000000000000142,0.6,0.6275748653229319,0.6106620376256099,FAR,FAR,0.0,1,,,0.03,100
C2_n0.03_d100_r05,C2,202642,19.82,19.72,0.10000000000000142,0.6,0.6100756960237631,0.6105154522251482,FAR,FAR,0.0,1,,,0.03,100
C2_n0.03_d100_r05,C2,202642,19.84,19.74,0.10000000000000142,0.6,0.6019338733425524,0.6083700575044992,FAR,FAR,0.0,1,,,0.03,100
C2_n0.03_d100_r05,C2,202642,19.86,19.76,0.09999999999999787,0.6,0.5651625257669161,0.5975681745701035,FAR,FAR,0.0,1,,,0.03,100
C2_n0.03_d100_r05,C2,202642,19.88,19.78,0.09999999999999787,0.6,0.6343352963315387,0.6067599550104623,FAR,FAR,0.0,1,,,0.03,100
C2_n0.03_d100_r05,C2,202642,19.9,19.8,0.09999999999999787,0.6,0.5890077632023305,0.6023219070584294,FAR,FAR,0.0,1,,,0.03,100
C2_n0.03_d100_r05,C2,202642,19.92,19.82,0.10000000000000142,0.6,0.5961409454765596,0.6007766666629619,FAR,FAR,0.0,1,,,0.03,100
C2_n0.03_d100_r05,C2,202642,19.94,19.84,0.10000000000000142,0.6,0.555862443390487,0.5895481108448432,FAR,FAR,0.0,1,,,0.03,100
C2_n0.03_d100_r05,C2,202642,19.96,19.86,0.10000000000000142,0.6,0.5490415093465499,0.5794214604702699,FAR,FAR,0.0,1,,,0.03,100
C2_n0.03_d100_r05,C2,202642,19.98,19.88,0.10000000000000142,0.6,0.5882815024323504,0.58163647096079,FAR,FAR,0.0,1,,,0.03,100
C2_n0.03_d100_r05,C2,202642,20.0,19.9,0.10000000000000142,0.6,0.5925741242333428,0.5843708842789281,FAR,FAR,0.0,1,,,0.03,100
