trial_id,condition,seed,time_s,sensor_time_s,sample_age_s,true_distance_m,raw_distance_m,filtered_distance_m,expected_state,state,command,valid,event_label,invalid_reason,noise_sigma_m,delay_ms
C2_n0.01_d100_r05,C2,202627,0.0,0.0,nan,0.6,,,FAR,FAR,0.0,0,INVALID,MISSING_OR_DELAY_BUFFER,0.01,100
C2_n0.01_d100_r05,C2,202627,0.02,0.02,nan,0.6,,,FAR,FAR,0.0,0,INVALID,MISSING_OR_DELAY_BUFFER,0.01,100
C2_n0.01_d100_r05,C2,202627,0.04,0.04,nan,0.6,,,FAR,FAR,0.0,0,INVALID,MISSING_OR_DELAY_BUFFER,0.01,100
C2_n0.01_d100_r05,C2,202627,0.06,0.06,nan,0.6,,,FAR,FAR,0.0,0,INVALID,MISSING_OR_DELAY_BUFFER,0.01,100
C2_n0.01_d100_r05,C2,202627,0.08,0.08,nan,0.6,,,FAR,FAR,0.0,0,INVALID,MISSING_OR_DELAY_BUFFER,0.01,100
C2_n0.01_d100_r05,C2,202627,0.1,0.0,0.1,0.6,0.5952743410331642,0.5952743410331642,FAR,FAR,0.0,1,,,0.01,100
C2_n0.01_d100_r05,C2,202627,0.12,0.02,0.09999999999999999,0.6,0.6075898229527253,0.5983532115130545,FAR,FAR,0.0,1,,,0.01,100
C2_n0.01_d100_r05,C2,202627,0.14,0.04,0.1,0.6,0.6061003770849716,0.6002900029060338,FAR,FAR,0.0,1,,,0.01,100
C2_n0.01_d100_r05,C2,202627,0.16,0.06,0.1,0.6,0.5903659014631363,0.5978089775453095,FAR,FAR,0.0,1,,,0.01,100
C2_n0.01_d100_r05,C2,202627,0.18,0.08,0.09999999999999999,0.6,0.6096776912318667,0.6007761559669488,FAR,FAR,0.0,1,,,0.01,100
C2_n0.01_d100_r05,C2,202627,0.2,0.1,0.1,0.6,0.607019861409273,0.6023370823275298,FAR,FAR,0.0,1,,,0.01,100
C2_n0.01_d100_r05,C2,202627,0.22,0.12,0.1,0.6,0.6049827482681225,0.602998498812678,FAR,FAR,0.0,1,,,0.01,100
C2_n0.01_d100_r05,C2,202627,0.24,0.14,0.09999999999999998,0.6,0.5898187986283902,0.599703573766606,FAR,FAR,0.0,1,,,0.01,100
C2_n0.01_d100_r05,C2,202627,0.26,0.16,0.1,0.6,0.5847486991943871,0.5959648551235512,FAR,FAR,0.0,1,,,0.01,100
C2_n0.01_d100_r05,C2,202627,0.28,0.18,0.10000000000000003,0.6,0.6113014290030943,0.599798998593437,FAR,FAR,0.0,1,,,0.01,100
C2_n0.01_d100_r05,C2,202627,0.3,0.2,0.09999999999999998,0.6,0.6055632744906536,0.6012400675677412,FAR,FAR,0.0,1,,,0.01,100
C2_n0.01_d100_r05,C2,202627,0.32,0.22,0.1,0.6,0.6072375752174388,0.6027394444801656,FAR,FAR,0.0,1,,,0.01,100
C2_n0.01_d100_r05,C2,202627,0.34,0.24,0.10000000000000003,0.6,0.6015835858010093,0.6024504798103765,FAR,FAR,0.0,1,,,0.01,100
C2_n0.01_d100_r05,C2,202627,0.36,0.26,0.09999999999999998,0.6,0.6032482097180445,0.6026499122872935,FAR,FAR,0.0,1,,,0.01,100
C2_n0.01_d100_r05,C2,202627,0.38,0.28,0.09999999999999998,0.6,0.6176527628087866,0.6064006249176668,FAR,FAR,0.0,1,,,0.01,100
C2_n0.01_d100_r05,C2,202627,0.4,0.3,0.10000000000000003,0.6,0.606434358894523,0.6064090584118809,FAR,FAR,0.0,1,,,0.01,100
C2_n0.01_d100_r05,C2,202627,0.42,0.32,0.09999999999999998,0.6,0.6121605685553917,0.6078469359477585,FAR,FAR,0.0,1,,,0.01,100
C2_n0.01_d100_r05,C2,202627,0.44,0.34,0.09999999999999998,0.6,0.5915670358041024,0.6037769609118445,FAR,FAR,0.0,1,,,0.01,100
C2_n0.01_d100_r05,C2,202627,0.46,0.36,0.10000000000000003,0.6,0.5963100768931628,0.6019102399071741,FAR,FAR,0.0,1,,,0.01,100
C2_n0.01_d100_r05,C2,202627,0.48,0.38,0.09999999999999998,0.6,0.5868629653254732,0.5981484212617488,FAR,FAR,0.0,1,,,0.01,100
C2_n0.01_d100_r05,C2,202627,0.5,0.4,0.09999999999999998,0.6,0.6078722057154023,0.6005793673751623,FAR,FAR,0.0,1,,,0.01,100
C2_n0.01_d100_r05,C2,202627,0.52,0.42,0.10000000000000003,0.6,0.6067395632939633,0.6021194163548625,FAR,FAR,0.0,1,,,0.01,100
C2_n0.01_d100_r05,C2,202627,0.54,0.44,0.10000000000000003,0.6,0.5956702175051413,0.6005071166424322,FAR,FAR,0.0,1,,,0.01,100
C2_n0.01_d100_r05,C2,202627,0.56,0.46,0.10000000000000003,0.6,0.6107965917448441,0.6030794854180352,FAR,FAR,0.0,1,,,0.01,100
C2_n0.01_d100_r05,C2,202627,0.58,0.48,0.09999999999999998,0.6,0.5948078050822018,0.6010115653340768,FAR,FAR,0.0,1,,,0.01,100
C2_n0.01_d100_r05,C2,202627,0.6,0.5,0.09999999999999998,0.6,0.6323159427171557,0.6088376596798466,FAR,FAR,0.0,1,,,0.01,100
C2_n0.01_d100_r05,C2,202627,0.62,0.52,0.09999999999999998,0.6,0.6074424844321201,0.608488865867915,FAR,FAR,0.0,1,,,0.01,100
C2_n0.01_d100_r05,C2,202627,0.64,0.54,0.09999999999999998,0.6,0.6038741934320333,0.6073351977589445,FAR,FAR,0.0,1,,,0.01,100
C2_n0.01_d100_r05,C2,202627,0.66,0.56,0.09999999999999998,0.6,0.6149626644757041,0.6092420644381344,FAR,FAR,0.0,1,,,0.01,100
C2_n0.01_d100_r05,C2,202627,0.68,0.58,0.10000000000000009,0.6,0.5917254143022426,0.6048629019041615,FAR,FAR,0.0,1,,,0.01,100
C2_n0.01_d100_r05,C2,202627,0.7,0.6,0.09999999999999998,0.6,0.6065147178261557,0.60527585588466,FAR,FAR,0.0,1,,,0.01,100
C2_n0.01_d100_r05,C2,202627,0.72,0.62,0.09999999999999998,0.6,0.6005698183975546,0.6040993465128837,FAR,FAR,0.0,1,,,0.01,100
C2_n0.01_d100_r05,C2,202627,0.74,0.64,0.09999999999999998,0.6,0.5962563518472539,0.6021385978464762,FAR,FAR,0.0,1,,,0.01,100
C2_n0.01_d100_r05,C2,202627,0.76,0.66,0.09999999999999998,0.6,0.5977609329338269,0.6010441816183139,FAR,FAR,0.0,1,,,0.01,100
C2_n0.01_d100_r05,C2,202627,0.78,0.68,0.09999999999999998,0.6,0.5899778903909064,0.598277608811462,FAR,FAR,0.0,1,,,0.01,100
C2_n0.01_d100_r05,C2,202627,0.8,0.7,0.10000000000000009,0.6,0.5814467831719853,0.5940699024015927,FAR,FAR,0.0,1,,,0.01,100
C2_n0.01_d100_r05,C2,202627,0.82,0.72,0.09999999999999998,0.6,0.6060907248923881,0.5970751080242915,FAR,FAR,0.0,1,,,0.01,100
C2_n0.01_d100_r05,C2,202627,0.84,0.74,0.09999999999999998,0.6,0.5934698746788724,0.5961737996879367,FAR,FAR,0.0,1,,,0.01,100
C2_n0.01_d100_r05,C2,202627,0.86,0.76,0.09999999999999998,0.6,0.5958157160928879,0.5960842787891745,FAR,FAR,0.0,1,,,0.01,100
C2_n0.01_d100_r05,C2,202627,0.88,0.78,0.09999999999999998,0.6,0.6068903450862657,0.5987857953634472,FAR,FAR,0.0,1,,,0.01,100
C2_n0.01_d100_r05,C2,202627,0.9,0.8,0.09999999999999998,0.6,0.5907146212404419,0.596768001832696,FAR,FAR,0.0,1,,,0.01,100
C2_n0.01_d100_r05,C2,202627,0.92,0.82,0.10000000000000009,0.6,0.6064991307953256,0.5992007840733533,FAR,FAR,0.0,1,,,0.01,100
C2_n0.01_d100_r05,C2,202627,0.94,0.84,0.09999999999999998,0.6,0.6023547168998209,0.5999892672799703,FAR,FAR,0.0,1,,,0.01,100
C2_n0.01_d100_r05,C2,202627,0.96,0.86,0.09999999999999998,0.6,0.6039097421050078,0.6009693859862296,FAR,FAR,0.0,1,,,0.01,100
C2_n0.01_d100_r05,C2,202627,0.98,0.88,0.09999999999999998,0.6,0.6182319425322402,0.6052850251227322,FAR,FAR,0.0,1,,,0.01,100
C2_n0.01_d100_r05,C2,202627,1.0,0.9,0.09999999999999998,0.6,0.5950439586381392,0.6027247585015839,FAR,FAR,0.0,1,,,0.01,100
C2_n0.01_d100_r05,C2,202627,1.02,0.92,0.09999999999999998,0.6,0.5804516338881356,0.5971564773482219,FAR,FAR,0.0,1,,,0.01,100
C2_n0.01_d100_r05,C2,202627,1.04,0.94,0.10000000000000009,0.6,0.5964440720360139,0.5969783760201699,FAR,FAR,0.0,1,,,0.01,100
C2_n0.01_d100_r05,C2,202627,1.06,0.96,0.10000000000000009,0.6,0.5980270374844213,0.5972405413862327,FAR,FAR,0.0,1,,,0.01,100
C2_n0.01_d100_r05,C2,202627,1.08,0.98,0.10000000000000009,0.6,0.6057673140617832,0.5993722345551203,FAR,FAR,0.0,1,,,0.01,100
C2_n0.01_d100_r05,C2,202627,1.1,1.0,0.10000000000000009,0.6,0.6012861806655215,0.5998507210827206,FAR,FAR,0.0,1,,,0.01,100
C2_n0.01_d100_r05,C2,202627,1.12,1.02,0.10000000000000009,0.6,0.5837728259248325,0.5958312472932485,FAR,FAR,0.0,1,,,0.01,100
C2_n0.01_d100_r05,C2,202627,1.14,1.04,0.09999999999999987,0.6,0.5855051027840124,0.5932497111659395,FAR,FAR,0.0,1,,,0.01,100
C2_n0.01_d100_r05,C2,202627,1.16,1.06,0.09999999999999987,0.6,0.6094661661227455,0.597303824905141,FAR,FAR,0.0,1,,,0.01,100
C2_n0.01_d100_r05,C2,202627,1.18,1.08,0.09999999999999987,0.6,0.6023861494067768,0.59857440603055,FAR,FAR,0.0,1,,,0.01,100
C2_n0.01_d100_r05,C2,202627,1.2,1.1,0.09999999999999987,0.6,0.5898984302845375,0.5964054120940468,FAR,FAR,0.0,1,,,0.01,100
C2_n0.01_d100_r05,C2,202627,1.22,1.12,0.09999999999999987,0.6,0.5834405524793346,0.5931641971903688,FAR,FAR,0.0,1,,,0.01,100
C2_n0.01_d100_r05,C2,202627,1.24,1.14,0.10000000000000009,0.6,0.6204178883121698,0.5999776199708191,FAR,FAR,0.0,1,,,0.01,100
C2_n0.01_d100_r05,C2,202627,1.26,1.16,0.10000000000000009,0.6,0.6132361233792767,0.6032922458229335,FAR,FAR,0.0,1,,,0.01,100
C2_n0.01_d100_r05,C2,202627,1.28,1.18,0.10000000000000009,0.6,0.6111929015980588,0.6052674097667148,FAR,FAR,0.0,1,,,0.01,100
C2_n0.01_d100_r05,C2,202627,1.3,1.2,0.10000000000000009,0.6,0.6162058650234286,0.6080020235808932,FAR,FAR,0.0,1,,,0.01,100
C2_n0.01_d100_r05,C2,202627,1.32,1.22,0.10000000000000009,0.6,0.5895253868418039,0.6033828643961209,FAR,FAR,0.0,1,,,0.01,100
C2_n0.01_d100_r05,C2,202627,1.34,1.24,0.10000000000000009,0.6,0.5890880308788691,0.599809156016808,FAR,FAR,0.0,1,,,0.01,100
C2_n0.01_d100_r05,C2,202627,1.36,1.26,0.10000000000000009,0.6,0.6078735131789539,0.6018252453073445,FAR,FAR,0.0,1,,,0.01,100
C2_n0.01_d100_r05,C2,202627,1.38,1.28,0.09999999999999987,0.6,0.6042520152865167,0.6024319378021376,FAR,FAR,0.0,1,,,0.01,100
C2_n0.01_d100_r05,C2,202627,1.4,1.3,0.09999999999999987,0.6,0.604353782002859,0.602912398852318,FAR,FAR,0.0,1,,,0.01,100
C2_n0.01_d100_r05,C2,202627,1.42,1.32,0.09999999999999987,0.6,0.5940524079332543,0.6006974011225521,FAR,FAR,0.0,1,,,0.01,100
C2_n0.01_d100_r05,C2,202627,1.44,1.34,0.09999999999999987,0.6,0.607387292294174,0.6023698739154576,FAR,FAR,0.0,1,,,0.01,100
C2_n0.01_d100_r05,C2,202627,1.46,1.36,0.09999999999999987,0.6,0.5985061582714034,0.601403945004444,FAR,FAR,0.0,1,,,0.01,100
C2_n0.01_d100_r05,C2,202627,1.48,1.38,0.10000000000000009,0.6,0.6016207349550037,0.601458142492084,FAR,FAR,0.0,1,,,0.01,100
C2_n0.01_d100_r05,C2,202627,1.5,1.4,0.10000000000000009,0.6,0.6061968483358339,0.6026428189530214,FAR,FAR,0.0,1,,,0.01,100
C2_n0.01_d100_r05,C2,202627,1.52,1.42,0.10000000000000009,0.6,0.6021379572572093,0.6025166035290684,FAR,FAR,0.0,1,,,0.01,100
C2_n0.01_d100_r05,C2,202627,1.54,1.44,0.10000000000000009,0.6,0.6053905460979618,0.6032350891712918,FAR,FAR,0.0,1,,,0.01,100
C2_n0.01_d100_r05,C2,202627,1.56,1.46,0.10000000000000009,0.6,0.6083623134299269,0.6045168952359505,FAR,FAR,0.0,1,,,0.01,100
C2_n0.01_d100_r05,C2,202627,1.58,1.48,0.10000000000000009,0.6,0.6078502590574776,0.6053502361913323,FAR,FAR,0.0,1,,,0.01,100
C2_n0.01_d100_r05,C2,202627,1.6,1.5,0.10000000000000009,0.6,0.5988402254686709,0.603722733510667,FAR,FAR,0.0,1,,,0.01,100
C2_n0.01_d100_r05,C2,202627,1.62,1.52,0.10000000000000009,0.6,0.5990871599558073,0.6025638401219521,FAR,FAR,0.0,1,,,0.01,100
C2_n0.01_d100_r05,C2,202627,1.64,1.54,0.09999999999999987,0.6,0.5849470733229417,0.5981596484221995,FAR,FAR,0.0,1,,,0.01,100
C2_n0.01_d100_r05,C2,202627,1.66,1.56,0.09999999999999987,0.6,0.5858432092694542,0.5950805386340132,FAR,FAR,0.0,1,,,0.01,100
C2_n0.01_d100_r05,C2,202627,1.68,1.58,0.09999999999999987,0.6,0.6023956422166844,0.596909314529681,FAR,FAR,0.0,1,,,0.01,100
C2_n0.01_d100_r05,C2,202627,1.7,1.6,0.09999999999999987,0.6,0.5908620209694009,0.5953974911396109,FAR,FAR,0.0,1,,,0.01,100
C2_n0.01_d100_r05,C2,202627,1.72,1.62,0.09999999999999987,0.6,0.608569361671465,0.5986904587725744,FAR,FAR,0.0,1,,,0.01,100
C2_n0.01_d100_r05,C2,202627,1.74,1.64,0.10000000000000009,0.6,0.598720323743342,0.5986979250152663,FAR,FAR,0.0,1,,,0.01,100
C2_n0.01_d100_r05,C2,202627,1.76,1.66,0.10000000000000009,0.6,0.609855944900536,0.6014874299865838,FAR,FAR,0.0,1,,,0.01,100
C2_n0.01_d100_r05,C2,202627,1.78,1.68,0.10000000000000009,0.6,0.5835553101503386,0.5970044000275225,FAR,FAR,0.0,1,,,0.01,100
C2_n0.01_d100_r05,C2,202627,1.8,1.7,0.10000000000000009,0.6,0.5845999206142432,0.5939032801742027,FAR,FAR,0.0,1,,,0.01,100
C2_n0.01_d100_r05,C2,202627,1.82,1.72,0.10000000000000009,0.6,0.5864792673325975,0.5920472769638014,FAR,FAR,0.0,1,,,0.01,100
C2_n0.01_d100_r05,C2,202627,1.84,1.74,0.10000000000000009,0.6,0.5981307646373514,0.5935681488821889,FAR,FAR,0.0,1,,,0.01,100
C2_n0.01_d100_r05,C2,202627,1.86,1.76,0.10000000000000009,0.6,0.593887469914336,0.5936479791402257,FAR,FAR,0.0,1,,,0.01,100
C2_n0.01_d100_r05,C2,202627,1.88,1.78,0.09999999999999987,0.6,0.5928323155860393,0.5934440632516791,FAR,FAR,0.0,1,,,0.01,100
C2_n0.01_d100_r05,C2,202627,1.9,1.8,0.09999999999999987,0.6,0.6079107871148969,0.5970607442174836,FAR,FAR,0.0,1,,,0.01,100
C2_n0.01_d100_r05,C2,202627,1.92,1.82,0.09999999999999987,0.6,0.6003455363745578,0.5978819422567521,FAR,FAR,0.0,1,,,0.01,100
C2_n0.01_d100_r05,C2,202627,1.94,1.84,0.09999999999999987,0.6,0.5947956509983314,0.5971103694421469,FAR,FAR,0.0,1,,,0.01,100
C2_n0.01_d100_r05,C2,202627,1.96,1.86,0.09999999999999987,0.6,0.6080505256854061,0.5998454085029616,FAR,FAR,0.0,1,,,0.01,100
C2_n0.01_d100_r05,C2,202627,1.98,1.88,0.10000000000000009,0.6,0.582302974422639,0.595459799982881,FAR,FAR,0.0,1,,,0.01,100
C2_n0.01_d100_r05,C2,202627,2.0,1.9,0.10000000000000009,0.6,0.6015367242991226,0.5969790310619414,FAR,FAR,0.0,1,,,0.01,100
C2_n0.01_d100_r05,C2,202627,2.02,1.92,0.10000000000000009,0.6,0.5929509642193852,0.5959720143513023,FAR,FAR,0.0,1,,,0.01,100
C2_n0.01_d100_r05,C2,202627,2.04,1.94,0.10000000000000009,0.6,0.5980868652228439,0.5965007270691878,FAR,FAR,0.0,1,,,0.01,100
C2_n0.01_d100_r05,C2,202627,2.06,1.96,0.10000000000000009,0.6,0.6028280751711046,0.598082564094667,FAR,FAR,0.0,1,,,0.01,100
C2_n0.01_d100_r05,C2,202627,2.08,1.98,0.10000000000000009,0.6,0.6039413169277358,0.5995472523029342,FAR,FAR,0.0,1,,,0.01,100
C2_n0.01_d100_r05,C2,202627,2.1,2.0,0.10000000000000009,0.6,0.5944598953144167,0.5982754130558048,FAR,FAR,0.0,1,,,0.01,100
C2_n0.01_d100_r05,C2,202627,2.12,2.02,0.10000000000000009,0.6,0.6138286263621203,0.6021637163823836,FAR,FAR,0.0,1,,,0.01,100
C2_n0.01_d100_r05,C2,202627,2.14,2.04,0.10000000000000009,0.6,0.5930334927873475,0.5998811604836246,FAR,FAR,0.0,1,,,0.01,100
C2_n0.01_d100_r05,C2,202627,2.16,2.06,0.10000000000000009,0.6,0.5899307026446564,0.5973935460238826,FAR,FAR,0.0,1,,,0.01,100
C2_n0.01_d100_r05,C2,202627,2.18,2.08,0.10000000000000009,0.6,0.598096598290394,0.5975693090905104,FAR,FAR,0.0,1,,,0.01,100
C2_n0.01_d100_r05,C2,202627,2.2,2.1,0.10000000000000009,0.6,0.5889039485478689,0.59540296895485,FAR,FAR,0.0,1,,,0.01,100
C2_n0.01_d100_r05,C2,202627,2.22,2.12,0.10000000000000009,0.6,0.6162994723940662,0.600627094814654,FAR,FAR,0.0,1,,,0.01,100
C2_n0.01_d100_r05,C2,202627,2.24,2.14,0.10000000000000009,0.6,0.6093425734775703,0.602805964480383,FAR,FAR,0.0,1,,,0.01,100
C2_n0.01_d100_r05,C2,202627,2.26,2.16,0.09999999999999964,0.6,0.61755763362197,0.6064938817657798,FAR,FAR,0.0,1,,,0.01,100
C2_n0.01_d100_r05,C2,202627,2.28,2.18,0.09999999999999964,0.6,0.6116276824148111,0.6077773319280376,FAR,FAR,0.0,1,,,0.01,100
C2_n0.01_d100_r05,C2,202627,2.3,2.2,0.09999999999999964,0.6,0.5934807750231778,0.6042031927018227,FAR,FAR,0.0,1,,,0.01,100
C2_n0.01_d100_r05,C2,202627,2.32,2.22,0.09999999999999964,0.6,0.6110030289302597,0.605903151758932,FAR,FAR,0.0,1,,,0.01,100
C2_n0.01_d100_r05,C2,202627,2.34,2.24,0.09999999999999964,0.6,0.6110029087907038,0.6071780910168749,FAR,FAR,0.0,1,,,0.01,100
C2_n0.01_d100_r05,C2,202627,2.36,2.26,0.10000000000000009,0.6,0.5921409625677811,0.6034188089046015,FAR,FAR,0.0,1,,,0.01,100
C2_n0.01_d100_r05,C2,202627,2.38,2.28,0.10000000000000009,0.6,0.60834527488848,0.6046504254005711,FAR,FAR,0.0,1,,,0.01,100
C2_n0.01_d100_r05,C2,202627,2.4,2.3,0.10000000000000009,0.6,0.6082946046909566,0.6055614702231675,FAR,FAR,0.0,1,,,0.01,100
C2_n0.01_d100_r05,C2,202627,2.42,2.32,0.10000000000000009,0.6,0.598481961968535,0.6037915931595094,FAR,FAR,0.0,1,,,0.01,100
C2_n0.01_d100_r05,C2,202627,2.44,2.34,0.10000000000000009,0.6,0.6011687320270831,0.6031358778764029,FAR,FAR,0.0,1,,,0.01,100
C2_n0.01_d100_r05,C2,202627,2.46,2.36,0.10000000000000009,0.6,0.5999733284864304,0.6023452405289098,FAR,FAR,0.0,1,,,0.01,100
C2_n0.01_d100_r05,C2,202627,2.48,2.38,0.10000000000000009,0.6,0.6084471507429392,0.6038707180824172,FAR,FAR,0.0,1,,,0.01,100
C2_n0.01_d100_r05,C2,202627,2.5,2.4,0.10000000000000009,0.6,0.601213836777468,0.60320649775618,FAR,FAR,0.0,1,,,0.01,100
C2_n0.01_d100_r05,C2,202627,2.52,2.42,0.10000000000000009,0.6,0.5977220003494169,0.6018353734044892,FAR,FAR,0.0,1,,,0.01,100
C2_n0.01_d100_r05,C2,202627,2.54,2.44,0.10000000000000009,0.6,0.605311970059212,0.60270452256817,FAR,FAR,0.0,1,,,0.01,100
C2_n0.01_d100_r05,C2,202627,2.56,2.46,0.10000000000000009,0.6,0.5895617296182921,0.5994188243307005,FAR,FAR,0.0,1,,,0.01,100
C2_n0.01_d100_r05,C2,202627,2.58,2.48,0.10000000000000009,0.6,0.5974434670419401,0.5989249850085103,FAR,FAR,0.0,1,,,0.01,100
C2_n0.01_d100_r05,C2,202627,2.6,2.5,0.10000000000000009,0.6,0.5901203144345624,0.5967238173650233,FAR,FAR,0.0,1,,,0.01,100
C2_n0.01_d100_r05,C2,202627,2.62,2.52,0.10000000000000009,0.6,0.5963441311359738,0.596628895807761,FAR,FAR,0.0,1,,,0.01,100
C2_n0.01_d100_r05,C2,202627,2.64,2.54,0.10000000000000009,0.6,0.5975650232834502,0.5968629276766833,FAR,FAR,0.0,1,,,0.01,100
C2_n0.01_d100_r05,C2,202627,2.66,2.56,0.10000000000000009,0.6,0.5967842329062639,0.5968432539840784,FAR,FAR,0.0,1,,,0.01,100
C2_n0.01_d100_r05,C2,202627,2.68,2.58,0.10000000000000009,0.6,0.6110228253053466,0.6003881468143955,FAR,FAR,0.0,1,,,0.01,100
C2_n0.01_d100_r05,C2,202627,2.7,2.6,0.10000000000000009,0.6,0.6097885482724535,0.60273824717891,FAR,FAR,0.0,1,,,0.01,100
C2_n0.01_d100_r05,C2,202627,2.72,2.62,0.10000000000000009,0.6,0.6210820274627136,0.6073241922498609,FAR,FAR,0.0,1,,,0.01,100
C2_n0.01_d100_r05,C2,202627,2.74,2.64,0.10000000000000009,0.6,0.6012982293549033,0.6058177015261215,FAR,FAR,0.0,1,,,0.01,100
C2_n0.01_d100_r05,C2,202627,2.76,2.66,0.09999999999999964,0.6,0.5885251211458034,0.6014945564310419,FAR,FAR,0.0,1,,,0.01,100
C2_n0.01_d100_r05,C2,202627,2.78,2.68,0.09999999999999964,0.6,0.5954422166586905,0.599981471487954,FAR,FAR,0.0,1,,,0.01,100
C2_n0.01_d100_r05,C2,202627,2.8,2.7,0.09999999999999964,0.6,0.5997687918556601,0.5999283015798805,FAR,FAR,0.0,1,,,0.01,100
C2_n0.01_d100_r05,C2,202627,2.82,2.72,0.09999999999999964,0.6,0.5891779848835706,0.5972407224058031,FAR,FAR,0.0,1,,,0.01,100
C2_n0.01_d100_r05,C2,202627,2.84,2.74,0.09999999999999964,0.6,0.5891390063103745,0.5952152933819459,FAR,FAR,0.0,1,,,0.01,100
C2_n0.01_d100_r05,C2,202627,2.86,2.76,0.10000000000000009,0.6,0.5969865142173316,0.5956580985907923,FAR,FAR,0.0,1,,,0.01,100
C2_n0.01_d100_r05,C2,202627,2.88,2.78,0.10000000000000009,0.6,0.5986906324064643,0.5964162320447104,FAR,FAR,0.0,1,,,0.01,100
C2_n0.01_d100_r05,C2,202627,2.9,2.8,0.10000000000000009,0.6,0.5915261735996449,0.5951937174334441,FAR,FAR,0.0,1,,,0.01,100
C2_n0.01_d100_r05,C2,202627,2.92,2.82,0.10000000000000009,0.6,0.5945274365296167,0.5950271472074873,FAR,FAR,0.0,1,,,0.01,100
C2_n0.01_d100_r05,C2,202627,2.94,2.84,0.10000000000000009,0.6,0.611044107102942,0.599031387181351,FAR,FAR,0.0,1,,,0.01,100
C2_n0.01_d100_r05,C2,202627,2.96,2.86,0.10000000000000009,0.6,0.6109820988049313,0.602019065087246,FAR,FAR,0.0,1,,,0.01,100
C2_n0.01_d100_r05,C2,202627,2.98,2.88,0.10000000000000009,0.6,0.5901210897796945,0.599044571260358,FAR,FAR,0.0,1,,,0.01,100
C2_n0.01_d100_r05,C2,202627,3.0,2.9,0.10000000000000009,0.6,0.587089935627072,0.5960559123520366,FAR,FAR,0.0,1,,,0.01,100
C2_n0.01_d100_r05,C2,202627,3.02,2.92,0.10000000000000009,0.6,0.5905920699311455,0.5946899517468138,FAR,FAR,0.0,1,,,0.01,100
C2_n0.01_d100_r05,C2,202627,3.04,2.94,0.10000000000000009,0.6,0.5992264821125304,0.595824084338243,FAR,FAR,0.0,1,,,0.01,100
C2_n0.01_d100_r05,C2,202627,3.06,2.96,0.10000000000000009,0.6,0.6008584628525774,0.5970826789668265,FAR,FAR,0.0,1,,,0.01,100
C2_n0.01_d100_r05,C2,202627,3.08,2.98,0.10000000000000009,0.6,0.5977782013325242,0.597256559558251,FAR,FAR,0.0,1,,,0.01,100
C2_n0.01_d100_r05,C2,202627,3.1,3.0,0.10000000000000009,0.6,0.5848200048246464,0.5941474208748498,FAR,FAR,0.0,1,,,0.01,100
C2_n0.01_d100_r05,C2,202627,3.12,3.02,0.10000000000000009,0.6,0.5955368648148793,0.5944947818598572,FAR,FAR,0.0,1,,,0.01,100
C2_n0.01_d100_r05,C2,202627,3.14,3.04,0.10000000000000009,0.6,0.5924891472366922,0.5939933732040659,FAR,FAR,0.0,1,,,0.01,100
C2_n0.01_d100_r05,C2,202627,3.16,3.06,0.10000000000000009,0.6,0.6106962483125474,0.5981690919811863,FAR,FAR,0.0,1,,,0.01,100
C2_n0.01_d100_r05,C2,202627,3.18,3.08,0.10000000000000009,0.6,0.5917812203719288,0.596572124078872,FAR,FAR,0.0,1,,,0.01,100
C2_n0.01_d100_r05,C2,202627,3.2,3.1,0.10000000000000009,0.6,0.5852294444150824,0.5937364541629245,FAR,FAR,0.0,1,,,0.01,100
C2_n0.01_d100_r05,C2,202627,3.22,3.12,0.10000000000000009,0.6,0.6065511727079618,0.5969401337991839,FAR,FAR,0.0,1,,,0.01,100
C2_n0.01_d100_r05,C2,202627,3.24,3.14,0.10000000000000009,0.6,0.6057259922838821,0.5991365984203585,FAR,FAR,0.0,1,,,0.01,100
C2_n0.01_d100_r05,C2,202627,3.26,3.16,0.09999999999999964,0.6,0.6042480780176693,0.6004144683196861,FAR,FAR,0.0,1,,,0.01,100
C2_n0.01_d100_r05,C2,202627,3.28,3.18,0.09999999999999964,0.6,0.6133587154838377,0.603650530110724,FAR,FAR,0.0,1,,,0.01,100
C2_n0.01_d100_r05,C2,202627,3.3,3.2,0.09999999999999964,0.6,0.5994251202427706,0.6025941776437357,FAR,FAR,0.0,1,,,0.01,100
C2_n0.01_d100_r05,C2,202627,3.32,3.22,0.09999999999999964,0.6,0.6076929397316091,0.6038688681657041,FAR,FAR,0.0,1,,,0.01,100
C2_n0.01_d100_r05,C2,202627,3.34,3.24,0.09999999999999964,0.6,0.5974409073162943,0.6022618779533516,FAR,FAR,0.0,1,,,0.01,100
C2_n0.01_d100_r05,C2,202627,3.36,3.26,0.10000000000000009,0.6,0.5953987227798737,0.6005460891599821,FAR,FAR,0.0,1,,,0.01,100
C2_n0.01_d100_r05,C2,202627,3.38,3.28,0.10000000000000009,0.6,0.5841629800751423,0.5964503118887722,FAR,FAR,0.0,1,,,0.01,100
C2_n0.01_d100_r05,C2,202627,3.4,3.3,0.10000000000000009,0.6,0.6103809108865397,0.5999329616382141,FAR,FAR,0.0,1,,,0.01,100
C2_n0.01_d100_r05,C2,202627,3.42,3.32,0.10000000000000009,0.6,0.5860823090515574,0.59647029849155,FAR,FAR,0.0,1,,,0.01,100
C2_n0.01_d100_r05,C2,202627,3.44,3.34,0.10000000000000009,0.6,0.5992099409052463,0.5971552090949741,FAR,FAR,0.0,1,,,0.01,100
C2_n0.01_d100_r05,C2,202627,3.46,3.36,0.10000000000000009,0.6,0.609007162729253,0.6001181975035439,FAR,FAR,0.0,1,,,0.01,100
C2_n0.01_d100_r05,C2,202627,3.48,3.38,0.10000000000000009,0.6,0.6189828571050168,0.6048343624039121,FAR,FAR,0.0,1,,,0.01,100
C2_n0.01_d100_r05,C2,202627,3.5,3.4,0.10000000000000009,0.6,0.5968284777500061,0.6028328912404356,FAR,FAR,0.0,1,,,0.01,100
C2_n0.01_d100_r05,C2,202627,3.52,3.42,0.10000000000000009,0.6,0.5937556014609424,0.6005635687955624,FAR,FAR,0.0,1,,,0.01,100
C2_n0.01_d100_r05,C2,202627,3.54,3.44,0.10000000000000009,0.6,0.5924807746400163,0.5985428702566759,FAR,FAR,0.0,1,,,0.01,100
C2_n0.01_d100_r05,C2,202627,3.56,3.46,0.10000000000000009,0.6,0.6036540814342157,0.5998206730510609,FAR,FAR,0.0,1,,,0.01,100
C2_n0.01_d100_r05,C2,202627,3.58,3.48,0.10000000000000009,0.6,0.5800449494693917,0.5948767421556436,FAR,FAR,0.0,1,,,0.01,100
C2_n0.01_d100_r05,C2,202627,3.6,3.5,0.10000000000000009,0.6,0.5942126343283942,0.5947107151988312,FAR,FAR,0.0,1,,,0.01,100
C2_n0.01_d100_r05,C2,202627,3.62,3.52,0.10000000000000009,0.6,0.5842844227658958,0.5921041420905974,FAR,FAR,0.0,1,,,0.01,100
C2_n0.01_d100_r05,C2,202627,3.64,3.54,0.10000000000000009,0.6,0.5866171203933406,0.5907323866662831,FAR,FAR,0.0,1,,,0.01,100
C2_n0.01_d100_r05,C2,202627,3.66,3.56,0.10000000000000009,0.6,0.589569556655762,0.5904416791636529,FAR,FAR,0.0,1,,,0.01,100
C2_n0.01_d100_r05,C2,202627,3.68,3.58,0.10000000000000009,0.6,0.6081875052612423,0.5948781356880503,FAR,FAR,0.0,1,,,0.01,100
C2_n0.01_d100_r05,C2,202627,3.7,3.6,0.10000000000000009,0.6,0.589516278027001,0.593537671272788,FAR,FAR,0.0,1,,,0.01,100
C2_n0.01_d100_r05,C2,202627,3.72,3.62,0.10000000000000009,0.6,0.6075301153083571,0.5970357822816803,FAR,FAR,0.0,1,,,0.01,100
C2_n0.01_d100_r05,C2,202627,3.74,3.64,0.10000000000000009,0.6,0.5949433016489719,0.5965126621235032,FAR,FAR,0.0,1,,,0.01,100
C2_n0.01_d100_r05,C2,202627,3.76,3.66,0.09999999999999964,0.6,0.6136758060036939,0.6008034480935508,FAR,FAR,0.0,1,,,0.01,100
C2_n0.01_d100_r05,C2,202627,3.78,3.68,0.09999999999999964,0.6,0.5987267691204794,0.600284278350283,FAR,FAR,0.0,1,,,0.01,100
C2_n0.01_d100_r05,C2,202627,3.8,3.7,0.09999999999999964,0.6,0.5863937856729169,0.5968116551809415,FAR,FAR,0.0,1,,,0.01,100
C2_n0.01_d100_r05,C2,202627,3.82,3.72,0.09999999999999964,0.6,0.6150303936024528,0.6013663397863194,FAR,FAR,0.0,1,,,0.01,100
C2_n0.01_d100_r05,C2,202627,3.84,3.74,0.09999999999999964,0.6,0.5868459333755979,0.597736238183639,FAR,FAR,0.0,1,,,0.01,100
C2_n0.01_d100_r05,C2,202627,3.86,3.76,0.10000000000000009,0.6,0.6006644008213224,0.5984682788430599,FAR,FAR,0.0,1,,,0.01,100
C2_n0.01_d100_r05,C2,202627,3.88,3.78,0.10000000000000009,0.6,0.6017447396332769,0.5992873940406142,FAR,FAR,0.0,1,,,0.01,100
C2_n0.01_d100_r05,C2,202627,3.9,3.8,0.10000000000000009,0.6,0.5884036458105304,0.5965664569830932,FAR,FAR,0.0,1,,,0.01,100
C2_n0.01_d100_r05,C2,202627,3.92,3.82,0.10000000000000009,0.6,0.5890726907291485,0.594693015419607,FAR,FAR,0.0,1,,,0.01,100
C2_n0.01_d100_r05,C2,202627,3.94,3.84,0.10000000000000009,0.6,0.612396027761396,0.5991187685050543,FAR,FAR,0.0,1,,,0.01,100
C2_n0.01_d100_r05,C2,202627,3.96,3.86,0.10000000000000009,0.6,0.6007898544660932,0.5995365399953141,FAR,FAR,0.0,1,,,0.01,100
C2_n0.01_d100_r05,C2,202627,3.98,3.88,0.10000000000000009,0.6,0.5970655345950218,0.598918788645241,FAR,FAR,0.0,1,,,0.01,100
C2_n0.01_d100_r05,C2,202627,4.0,3.9,0.10000000000000009,0.6,0.5952540558281837,0.5980026054409766,FAR,FAR,0.0,1,,,0.01,100
C2_n0.01_d100_r05,C2,202627,4.02,3.92,0.09999999999999964,0.5982500000000001,0.6121534726060665,0.6015403222322491,FAR,FAR,0.0,1,,,0.01,100
C2_n0.01_d100_r05,C2,202627,4.04,3.94,0.10000000000000009,0.5965,0.5939971128344174,0.5996545198827912,FAR,FAR,0.0,1,,,0.01,100
C2_n0.01_d100_r05,C2,202627,4.06,3.96,0.09999999999999964,0.59475,0.5956797456777607,0.5986608263315336,FAR,FAR,0.0,1,,,0.01,100
C2_n0.01_d100_r05,C2,202627,4.08,3.98,0.10000000000000009,0.593,0.600524660248721,0.5991267848108305,FAR,FAR,0.0,1,,,0.01,100
C2_n0.01_d100_r05,C2,202627,4.1,4.0,0.09999999999999964,0.59125,0.5993181168310607,0.599174617815888,FAR,FAR,0.0,1,,,0.01,100
C2_n0.01_d100_r05,C2,202627,4.12,4.02,0.10000000000000053,0.5894999999999999,0.6062925765452539,0.6009541074982295,FAR,FAR,0.0,1,,,0.01,100
C2_n0.01_d100_r05,C2,202627,4.14,4.04,0.09999999999999964,0.58775,0.588985770226173,0.5979620231802154,FAR,FAR,0.0,1,,,0.01,100
C2_n0.01_d100_r05,C2,202627,4.16,4.06,0.10000000000000053,0.586,0.5866538453151867,0.5951349787139583,FAR,FAR,0.0,1,,,0.01,100
C2_n0.01_d100_r05,C2,202627,4.18,4.08,0.09999999999999964,0.58425,0.5970756881890251,0.595620156082725,FAR,FAR,0.0,1,,,0.01,100
C2_n0.01_d100_r05,C2,202627,4.2,4.1,0.10000000000000053,0.5825,0.5947046307649878,0.5953912747532907,FAR,FAR,0.0,1,,,0.01,100
C2_n0.01_d100_r05,C2,202627,4.22,4.12,0.09999999999999964,0.58075,0.5999737655085765,0.5965368974421121,FAR,FAR,0.0,1,,,0.01,100
C2_n0.01_d100_r05,C2,202627,4.24,4.14,0.10000000000000053,0.579,0.5980392365992245,0.5969124822313903,FAR,FAR,0.0,1,,,0.01,100
C2_n0.01_d100_r05,C2,202627,4.26,4.16,0.09999999999999964,0.57725,0.5945005627634188,0.5963095023643974,FAR,FAR,0.0,1,,,0.01,100
C2_n0.01_d100_r05,C2,202627,4.28,4.18,0.10000000000000053,0.5754999999999999,0.565549145946328,0.5886194132598801,FAR,FAR,0.0,1,,,0.01,100
C2_n0.01_d100_r05,C2,202627,4.3,4.2,0.09999999999999964,0.57375,0.5906182124450118,0.589119113056163,FAR,FAR,0.0,1,,,0.01,100
C2_n0.01_d100_r05,C2,202627,4.32,4.22,0.10000000000000053,0.572,0.5784675744807332,0.5864562284123056,FAR,FAR,0.0,1,,,0.01,100
C2_n0.01_d100_r05,C2,202627,4.34,4.24,0.09999999999999964,0.57025,0.5707825899491358,0.5825378187965131,FAR,FAR,0.0,1,,,0.01,100
C2_n0.01_d100_r05,C2,202627,4.36,4.26,0.10000000000000053,0.5685,0.5881183609063756,0.5839329543239787,FAR,FAR,0.0,1,,,0.01,100
C2_n0.01_d100_r05,C2,202627,4.38,4.28,0.09999999999999964,0.56675,0.5638758656294898,0.5789186821503565,FAR,FAR,0.0,1,,,0.01,100
C2_n0.01_d100_r05,C2,202627,4.4,4.3,0.10000000000000053,0.565,0.5733340779783697,0.5775225311073597,FAR,FAR,0.0,1,,,0.01,100
C2_n0.01_d100_r05,C2,202627,4.42,4.32,0.09999999999999964,0.56325,0.5839762631089718,0.5791359641077627,FAR,FAR,0.0,1,,,0.01,100
C2_n0.01_d100_r05,C2,202627,4.44,4.34,0.10000000000000053,0.5614999999999999,0.5534343883681695,0.5727105701728644,FAR,FAR,0.0,1,,,0.01,100
C2_n0.01_d100_r05,C2,202627,4.46,4.36,0.09999999999999964,0.55975,0.5614612619832168,0.5698982431254526,FAR,FAR,0.0,1,,,0.01,100
C2_n0.01_d100_r05,C2,202627,4.48,4.38,0.10000000000000053,0.5579999999999999,0.5668057878377346,0.5691251293035231,FAR,FAR,0.0,1,,,0.01,100
C2_n0.01_d100_r05,C2,202627,4.5,4.4,0.09999999999999964,0.55625,0.5842883849280236,0.5729159432096482,FAR,FAR,0.0,1,,,0.01,100
C2_n0.01_d100_r05,C2,202627,4.52,4.42,0.09999999999999964,0.5545,0.5682309891680448,0.5717447046992474,FAR,FAR,0.0,1,,,0.01,100
C2_n0.01_d100_r05,C2,202627,4.54,4.44,0.09999999999999964,0.55275,0.5562721457909053,0.5678765649721619,FAR,FAR,0.0,1,,,0.01,100
C2_n0.01_d100_r05,C2,202627,4.56,4.46,0.09999999999999964,0.551,0.5499512239933082,0.5633952297274485,FAR,FAR,0.0,1,,,0.01,100
C2_n0.01_d100_r05,C2,202627,4.58,4.48,0.09999999999999964,0.54925,0.5508192160586758,0.5602512263102553,FAR,FAR,0.0,1,,,0.01,100
C2_n0.01_d100_r05,C2,202627,4.6,4.5,0.09999999999999964,0.5475,0.5456069400981058,0.5565901547572178,FAR,FAR,0.0,1,,,0.01,100
C2_n0.01_d100_r05,C2,202627,4.62,4.52,0.10000000000000053,0.54575,0.5652257071416185,0.558749042853318,FAR,FAR,0.0,1,,,0.01,100
C2_n0.01_d100_r05,C2,202627,4.64,4.54,0.09999999999999964,0.544,0.5426040141027929,0.5547127856656867,FAR,FAR,0.0,1,,,0.01,100
C2_n0.01_d100_r05,C2,202627,4.66,4.56,0.10000000000000053,0.54225,0.5408390258755682,0.5512443457181571,FAR,FAR,0.0,1,,,0.01,100
C2_n0.01_d100_r05,C2,202627,4.68,4.58,0.09999999999999964,0.5405,0.5498308982636174,0.5508909838545222,FAR,FAR,0.0,1,,,0.01,100
C2_n0.01_d100_r05,C2,202627,4.7,4.6,0.10000000000000053,0.53875,0.5348453335948941,0.5468795712896152,FAR,FAR,0.0,1,,,0.01,100
C2_n0.01_d100_r05,C2,202627,4.72,4.62,0.09999999999999964,0.537,0.5466883349300172,0.5468317621997156,FAR,FAR,0.0,1,,,0.01,100
C2_n0.01_d100_r05,C2,202627,4.74,4.64,0.10000000000000053,0.53525,0.5412250562208781,0.5454300857050063,FAR,FAR,0.0,1,,,0.01,100
C2_n0.01_d100_r05,C2,202627,4.76,4.66,0.09999999999999964,0.5335,0.5232248104974802,0.5398787669031248,FAR,FAR,0.0,1,,,0.01,100
C2_n0.01_d100_r05,C2,202627,4.78,4.68,0.10000000000000053,0.53175,0.5513017791850069,0.5427345199735952,FAR,FAR,0.0,1,,,0.01,100
C2_n0.01_d100_r05,C2,202627,4.8,4.7,0.09999999999999964,0.53,0.5314080113913655,0.5399028928280378,FAR,FAR,0.0,1,,,0.01,100
C2_n0.01_d100_r05,C2,202627,4.82,4.72,0.10000000000000053,0.52825,0.5526177456011365,0.5430816060213125,FAR,FAR,0.0,1,,,0.01,100
C2_n0.01_d100_r05,C2,202627,4.84,4.74,0.09999999999999964,0.5265,0.5397720475867716,0.5422542164126772,FAR,FAR,0.0,1,,,0.01,100
C2_n0.01_d100_r05,C2,202627,4.86,4.76,0.10000000000000053,0.5247499999999999,0.5310168627254496,0.5394448779908703,FAR,FAR,0.0,1,,,0.01,100
C2_n0.01_d100_r05,C2,202627,4.88,4.78,0.09999999999999964,0.523,0.5254885483840146,0.5359557955891563,FAR,FAR,0.0,1,,,0.01,100
C2_n0.01_d100_r05,C2,202627,4.9,4.8,0.10000000000000053,0.52125,0.5271228319001291,0.5337475546668995,FAR,FAR,0.0,1,,,0.01,100
C2_n0.01_d100_r05,C2,202627,4.92,4.82,0.09999999999999964,0.5195,0.5179885121819878,0.5298077940456716,FAR,FAR,0.0,1,,,0.01,100
C2_n0.01_d100_r05,C2,202627,4.94,4.84,0.10000000000000053,0.5177499999999999,0.5240444280582272,0.5283669525488105,FAR,FAR,0.0,1,,,0.01,100
C2_n0.01_d100_r05,C2,202627,4.96,4.86,0.09999999999999964,0.516,0.5292735932620376,0.5285936127271172,FAR,FAR,0.0,1,,,0.01,100
C2_n0.01_d100_r05,C2,202627,4.98,4.88,0.10000000000000053,0.51425,0.5271659547636766,0.5282366982362571,FAR,FAR,0.0,1,,,0.01,100
C2_n0.01_d100_r05,C2,202627,5.0,4.9,0.09999999999999964,0.5125,0.5326417553853016,0.5293379625235182,FAR,FAR,0.0,1,,,0.01,100
C2_n0.01_d100_r05,C2,202627,5.02,4.92,0.09999999999999964,0.51075,0.5144652675549424,0.5256197887813743,FAR,FAR,0.0,1,,,0.01,100
C2_n0.01_d100_r05,C2,202627,5.04,4.94,0.09999999999999964,0.509,0.5212719659043719,0.5245328330621237,FAR,FAR,0.0,1,,,0.01,100
C2_n0.01_d100_r05,C2,202627,5.06,4.96,0.09999999999999964,0.50725,0.5347537787489586,0.5270880694838325,FAR,FAR,0.0,1,,,0.01,100
C2_n0.01_d100_r05,C2,202627,5.08,4.98,0.09999999999999964,0.5055,0.5058440699833446,0.5217770696087105,FAR,FAR,0.0,1,,,0.01,100
C2_n0.01_d100_r05,C2,202627,5.1,5.0,0.09999999999999964,0.50375,0.5093602420573954,0.5186728627208818,FAR,FAR,0.0,1,,,0.01,100
C2_n0.01_d100_r05,C2,202627,5.12,5.02,0.10000000000000053,0.502,0.5119797947465976,0.5169995957273107,FAR,FAR,0.0,1,,,0.01,100
C2_n0.01_d100_r05,C2,202627,5.14,5.04,0.09999999999999964,0.50025,0.5212191611266613,0.5180544870771483,FAR,FAR,0.0,1,,,0.01,100
C2_n0.01_d100_r05,C2,202627,5.16,5.06,0.10000000000000053,0.49849999999999994,0.5071004346015721,0.5153159739582542,FAR,FAR,0.0,1,,,0.01,100
C2_n0.01_d100_r05,C2,202627,5.18,5.08,0.09999999999999964,0.49675,0.4966684306965844,0.5106540881428367,FAR,FAR,0.0,1,,,0.01,100
C2_n0.01_d100_r05,C2,202627,5.2,5.1,0.10000000000000053,0.495,0.5044026670715674,0.5090912328750195,FAR,FAR,0.0,1,,,0.01,100
C2_n0.01_d100_r05,C2,202627,5.22,5.12,0.09999999999999964,0.49325,0.5059085103246954,0.5082955522374384,FAR,FAR,0.0,1,,,0.01,100
C2_n0.01_d100_r05,C2,202627,5.24,5.14,0.10000000000000053,0.49149999999999994,0.5025114947202779,0.5068495378581482,FAR,FAR,0.0,1,,,0.01,100
C2_n0.01_d100_r05,C2,202627,5.26,5.16,0.09999999999999964,0.48975,0.5234932448793481,0.5110104646134482,FAR,FAR,0.0,1,,,0.01,100
C2_n0.01_d100_r05,C2,202627,5.28,5.18,0.10000000000000053,0.488,0.47324320632806965,0.5015686500421036,FAR,FAR,0.0,1,,,0.01,100
C2_n0.01_d100_r05,C2,202627,5.3,5.2,0.09999999999999964,0.48625,0.5016003238935458,0.5015765685049642,FAR,FAR,0.0,1,,,0.01,100
C2_n0.01_d100_r05,C2,202627,5.32,5.22,0.10000000000000053,0.48449999999999993,0.49881222768365285,0.5008854832996363,FAR,FAR,0.0,1,,,0.01,100
C2_n0.01_d100_r05,C2,202627,5.34,5.24,0.09999999999999964,0.48275,0.5017330845618292,0.5010973836151845,FAR,FAR,0.0,1,,,0.01,100
C2_n0.01_d100_r05,C2,202627,5.36,5.26,0.10000000000000053,0.481,0.5018435207522107,0.501283917899441,FAR,FAR,0.0,1,,,0.01,100
C2_n0.01_d100_r05,C2,202627,5.38,5.28,0.09999999999999964,0.47925,0.49618146537715874,0.5000083047688705,FAR,FAR,0.0,1,,,0.01,100
C2_n0.01_d100_r05,C2,202627,5.4,5.3,0.10000000000000053,0.4774999999999999,0.49761268664081915,0.49940940023685765,FAR,FAR,0.0,1,,,0.01,100
C2_n0.01_d100_r05,C2,202627,5.42,5.32,0.09999999999999964,0.47575,0.4798154487028561,0.49451091235335726,FAR,FAR,0.0,1,,,0.01,100
C2_n0.01_d100_r05,C2,202627,5.44,5.34,0.10000000000000053,0.474,0.48097272965545657,0.4911263666788821,FAR,FAR,0.0,1,,,0.01,100
C2_n0.01_d100_r05,C2,202627,5.46,5.36,0.09999999999999964,0.47224999999999995,0.4849018026592504,0.4895702256739742,FAR,FAR,0.0,1,,,0.01,100
C2_n0.01_d100_r05,C2,202627,5.48,5.38,0.10000000000000053,0.4704999999999999,0.4878057133865836,0.48912909760212653,FAR,FAR,0.0,1,,,0.01,100
C2_n0.01_d100_r05,C2,202627,5.5,5.4,0.09999999999999964,0.46875,0.49060472956585777,0.48949800559305934,FAR,FAR,0.0,1,,,0.01,100
C2_n0.01_d100_r05,C2,202627,5.52,5.42,0.09999999999999964,0.467,0.47851429977517485,0.4867520791385882,FAR,FAR,0.0,1,,,0.01,100
C2_n0.01_d100_r05,C2,202627,5.54,5.44,0.09999999999999964,0.46525,0.48260052993183794,0.4857141918369006,FAR,FAR,0.0,1,,,0.01,100
C2_n0.01_d100_r05,C2,202627,5.56,5.46,0.09999999999999964,0.4635,0.4736954303856844,0.4827095014740966,FAR,FAR,0.0,1,,,0.01,100
C2_n0.01_d100_r05,C2,202627,5.58,5.48,0.09999999999999964,0.46175,0.47642145871658736,0.4811374907847193,FAR,FAR,0.0,1,,,0.01,100
C2_n0.01_d100_r05,C2,202627,5.6,5.5,0.09999999999999964,0.46,0.4527793647181302,0.47404795926807203,FAR,FAR,0.0,1,,,0.01,100
C2_n0.01_d100_r05,C2,202627,5.62,5.52,0.10000000000000053,0.45825,0.47216873670536796,0.473578153627396,FAR,FAR,0.0,1,,,0.01,100
C2_n0.01_d100_r05,C2,202627,5.64,5.54,0.09999999999999964,0.4565,0.45098222740624094,0.46792917207210727,FAR,FAR,0.0,1,,,0.01,100
C2_n0.01_d100_r05,C2,202627,5.66,5.56,0.10000000000000053,0.45475,0.46161521211339995,0.46635068208243047,FAR,FAR,0.0,1,,,0.01,100
C2_n0.01_d100_r05,C2,202627,5.68,5.58,0.09999999999999964,0.453,0.4551317869140662,0.4635459582903394,FAR,FAR,0.0,1,,,0.01,100
C2_n0.01_d100_r05,C2,202627,5.7,5.6,0.10000000000000053,0.45125,0.4578109817674909,0.4621122141596273,FAR,FAR,0.0,1,,,0.01,100
C2_n0.01_d100_r05,C2,202627,5.72,5.62,0.09999999999999964,0.4495,0.44813332947586415,0.4586174929886865,FAR,FAR,0.0,1,,,0.01,100
C2_n0.01_d100_r05,C2,202627,5.74,5.64,0.10000000000000053,0.44775,0.44369443023597865,0.4548867273005095,FAR,FAR,0.0,1,,,0.01,100
C2_n0.01_d100_r05,C2,202627,5.76,5.66,0.09999999999999964,0.446,0.4396868785747727,0.4510867651190753,FAR,FAR,0.0,1,,,0.01,100
C2_n0.01_d100_r05,C2,202627,5.78,5.68,0.10000000000000053,0.44425,0.46292901887981164,0.4540473285592594,FAR,FAR,0.0,1,,,0.01,100
C2_n0.01_d100_r05,C2,202627,5.8,5.7,0.09999999999999964,0.4425,0.44778269697162876,0.4524811706623517,FAR,FAR,0.0,1,,,0.01,100
C2_n0.01_d100_r05,C2,202627,5.82,5.72,0.10000000000000053,0.44075,0.4581451015531112,0.4538971533850416,FAR,FAR,0.0,1,,,0.01,100
C2_n0.01_d100_r05,C2,202627,5.84,5.74,0.09999999999999964,0.439,0.44536660216957996,0.4517645155811762,FAR,FAR,0.0,1,,,0.01,100
C2_n0.01_d100_r05,C2,202627,5.86,5.76,0.10000000000000053,0.43724999999999997,0.4321807989274437,0.4468685864177431,FAR,FAR,0.0,1,,,0.01,100
C2_n0.01_d100_r05,C2,202627,5.88,5.78,0.09999999999999964,0.4355,0.43461736709541,0.4438057815871598,FAR,FAR,0.0,1,,,0.01,100
C2_n0.01_d100_r05,C2,202627,5.9,5.8,0.10000000000000053,0.43374999999999997,0.4202571245452382,0.4379186173266794,FAR,FAR,0.0,1,,,0.01,100
C2_n0.01_d100_r05,C2,202627,5.92,5.82,0.09999999999999964,0.432,0.4376463826829985,0.43785055866575917,FAR,FAR,0.0,1,,,0.01,100
C2_n0.01_d100_r05,C2,202627,5.94,5.84,0.10000000000000053,0.43024999999999997,0.44911255921848586,0.4406660588039409,FAR,FAR,0.0,1,,,0.01,100
C2_n0.01_d100_r05,C2,202627,5.96,5.86,0.09999999999999964,0.4285,0.4200918578196415,0.43552250855786606,FAR,FAR,0.0,1,,,0.01,100
C2_n0.01_d100_r05,C2,202627,5.98,5.88,0.10000000000000053,0.42674999999999996,0.44452819318260134,0.4377739297140499,FAR,FAR,0.0,1,,,0.01,100
C2_n0.01_d100_r05,C2,202627,6.0,5.9,0.09999999999999964,0.425,0.44142702694493535,0.43868720402177125,FAR,FAR,0.0,1,,,0.01,100
C2_n0.01_d100_r05,C2,202627,6.02,5.92,0.09999999999999964,0.42325,0.42822578642678505,0.4360718496230247,FAR,FAR,0.0,1,,,0.01,100
C2_n0.01_d100_r05,C2,202627,6.04,5.94,0.09999999999999964,0.4215,0.43829334152765187,0.4366272225991815,FAR,FAR,0.0,1,,,0.01,100
C2_n0.01_d100_r05,C2,202627,6.06,5.96,0.09999999999999964,0.41975,0.42003831084178106,0.43247999465983145,FAR,FAR,0.0,1,,,0.01,100
C2_n0.01_d100_r05,C2,202627,6.08,5.98,0.09999999999999964,0.418,0.4338122123361535,0.43281304907891194,FAR,FAR,0.0,1,,,0.01,100
C2_n0.01_d100_r05,C2,202627,6.1,6.0,0.09999999999999964,0.41625,0.4439966153887112,0.43560894065636174,FAR,FAR,0.0,1,,,0.01,100
C2_n0.01_d100_r05,C2,202627,6.12,6.02,0.10000000000000053,0.4145,0.41838718380174234,0.4313035014427069,FAR,FAR,0.0,1,,,0.01,100
C2_n0.01_d100_r05,C2,202627,6.14,6.04,0.09999999999999964,0.41275,0.4212734218319594,0.42879598154002,FAR,FAR,0.0,1,,,0.01,100
C2_n0.01_d100_r05,C2,202627,6.16,6.06,0.10000000000000053,0.411,0.4076241847314079,0.423503032337867,FAR,FAR,0.0,1,,,0.01,100
C2_n0.01_d100_r05,C2,202627,6.18,6.08,0.09999999999999964,0.40925,0.41234389309424907,0.42071324752696254,FAR,FAR,0.0,1,,,0.01,100
C2_n0.01_d100_r05,C2,202627,6.2,6.1,0.10000000000000053,0.4075,0.41140862348219304,0.41838709151577014,FAR,FAR,0.0,1,,,0.01,100
C2_n0.01_d100_r05,C2,202627,6.22,6.12,0.09999999999999964,0.40575,0.4158797366876863,0.4177602528087492,FAR,FAR,0.0,1,,,0.01,100
C2_n0.01_d100_r05,C2,202627,6.24,6.14,0.10000000000000053,0.40399999999999997,0.41080479786402907,0.41602138907256914,FAR,FAR,0.0,1,,,0.01,100
C2_n0.01_d100_r05,C2,202627,6.26,6.16,0.09999999999999964,0.40225,0.41239130077177205,0.4151138669973699,FAR,FAR,0.0,1,,,0.01,100
C2_n0.01_d100_r05,C2,202627,6.28,6.18,0.10000000000000053,0.40049999999999997,0.40712540113435314,0.4131167505316157,FAR,FAR,0.0,1,,,0.01,100
C2_n0.01_d100_r05,C2,202627,6.3,6.2,0.09999999999999964,0.39875,0.4189640443777082,0.4145785739931388,FAR,FAR,0.0,1,,,0.01,100
C2_n0.01_d100_r05,C2,202627,6.32,6.22,0.10000000000000053,0.39699999999999996,0.39771026729393777,0.4103614973183385,FAR,FAR,0.0,1,,,0.01,100
C2_n0.01_d100_r05,C2,202627,6.34,6.24,0.09999999999999964,0.39525,0.3847532957527598,0.4039594469269438,FAR,FAR,0.0,1,,,0.01,100
C2_n0.01_d100_r05,C2,202627,6.36,6.26,0.10000000000000053,0.39349999999999996,0.40041020993554943,0.4030721376790952,FAR,FAR,0.0,1,,,0.01,100
C2_n0.01_d100_r05,C2,202627,6.38,6.28,0.09999999999999964,0.39175,0.3914137204513103,0.400157533372149,FAR,FAR,0.0,1,,,0.01,100
C2_n0.01_d100_r05,C2,202627,6.4,6.3,0.10000000000000053,0.38999999999999996,0.41633012885313153,0.40420068224239464,FAR,FAR,0.0,1,,,0.01,100
C2_n0.01_d100_r05,C2,202627,6.42,6.32,0.09999999999999964,0.38825,0.3809680086583386,0.39839251384638064,FAR,FAR,0.0,1,,,0.01,100
C2_n0.01_d100_r05,C2,202627,6.44,6.34,0.10000000000000053,0.38649999999999995,0.3866481208419743,0.39545641559527905,FAR,FAR,0.0,1,,,0.01,100
C2_n0.01_d100_r05,C2,202627,6.46,6.36,0.09999999999999964,0.38475,0.38077539336306415,0.39178616003722533,FAR,FAR,0.0,1,,,0.01,100
C2_n0.01_d100_r05,C2,202627,6.48,6.38,0.10000000000000053,0.38299999999999995,0.3862874764873539,0.39041148914975743,FAR,FAR,0.0,1,,,0.01,100
C2_n0.01_d100_r05,C2,202627,6.5,6.4,0.09999999999999964,0.38125,0.38856019879262144,0.38994866656047344,FAR,FAR,0.0,1,,,0.01,100
C2_n0.01_d100_r05,C2,202627,6.52,6.42,0.09999999999999964,0.37950000000000006,0.3852861499262543,0.38878303740191866,FAR,FAR,0.0,1,,,0.01,100
C2_n0.01_d100_r05,C2,202627,6.54,6.44,0.09999999999999964,0.37775000000000003,0.38153267406931896,0.3869704465687688,FAR,FAR,0.0,1,,,0.01,100
C2_n0.01_d100_r05,C2,202627,6.56,6.46,0.09999999999999964,0.376,0.40244188306184747,0.3908383056920384,FAR,FAR,0.0,1,,,0.01,100
C2_n0.01_d100_r05,C2,202627,6.58,6.48,0.09999999999999964,0.37424999999999997,0.39244327166349574,0.3912395471849028,FAR,FAR,0.0,1,,,0.01,100
C2_n0.01_d100_r05,C2,202627,6.6,6.5,0.09999999999999964,0.37250000000000005,0.3619775226372508,0.3839240410479898,FAR,FAR,0.0,1,,,0.01,100
C2_n0.01_d100_r05,C2,202627,6.62,6.52,0.10000000000000053,0.37075,0.39301323201938293,0.38619633879083803,FAR,FAR,0.0,1,,,0.01,100
C2_n0.01_d100_r05,C2,202627,6.64,6.54,0.09999999999999964,0.369,0.37976440594524885,0.3845883555794407,FAR,FAR,0.0,1,,,0.01,100
C2_n0.01_d100_r05,C2,202627,6.66,6.56,0.10000000000000053,0.36724999999999997,0.36613282226141386,0.37997447224993397,FAR,FAR,0.0,1,,,0.01,100
C2_n0.01_d100_r05,C2,202627,6.68,6.58,0.09999999999999964,0.36550000000000005,0.3738773169054739,0.3784501834138189,FAR,FAR,0.0,1,,,0.01,100
C2_n0.01_d100_r05,C2,202627,6.7,6.6,0.10000000000000053,0.36375,0.37638790798487837,0.3779346145565838,FAR,FAR,0.0,1,,,0.01,100
C2_n0.01_d100_r05,C2,202627,6.72,6.62,0.09999999999999964,0.362,0.3550308376298761,0.37220867032490684,FAR,FAR,0.0,1,,,0.01,100
C2_n0.01_d100_r05,C2,202627,6.74,6.64,0.10000000000000053,0.36024999999999996,0.3649195614473978,0.37038639310552957,FAR,FAR,0.0,1,,,0.01,100
C2_n0.01_d100_r05,C2,202627,6.76,6.66,0.09999999999999964,0.35850000000000004,0.3628561526785849,0.3685038329987934,FAR,FAR,0.0,1,,,0.01,100
C2_n0.01_d100_r05,C2,202627,6.78,6.68,0.10000000000000053,0.35675,0.3713571076549746,0.3692171516628387,FAR,FAR,0.0,1,,,0.01,100
C2_n0.01_d100_r05,C2,202627,6.8,6.7,0.09999999999999964,0.355,0.35960522917491905,0.3668141710408588,FAR,FAR,0.0,1,,,0.01,100
C2_n0.01_d100_r05,C2,202627,6.82,6.72,0.10000000000000053,0.35324999999999995,0.3801810899700574,0.3701559007731584,FAR,FAR,0.0,1,,,0.01,100
C2_n0.01_d100_r05,C2,202627,6.84,6.74,0.09999999999999964,0.35150000000000003,0.3697669652613793,0.37005866689521366,FAR,FAR,0.0,1,,,0.01,100
C2_n0.01_d100_r05,C2,202627,6.86,6.76,0.10000000000000053,0.34974999999999995,0.35780229089359744,0.3669945728948096,NEAR,FAR,0.0,1,,,0.01,100
C2_n0.01_d100_r05,C2,202627,6.88,6.78,0.09999999999999964,0.348,0.3520545427001224,0.3632595653461378,NEAR,FAR,0.0,1,,,0.01,100
C2_n0.01_d100_r05,C2,202627,6.9,6.8,0.10000000000000053,0.34624999999999995,0.3565570043988088,0.3615839251093056,NEAR,FAR,0.0,1,,,0.01,100
C2_n0.01_d100_r05,C2,202627,6.92,6.82,0.09999999999999964,0.3445,0.3446321486059423,0.35734598098346476,NEAR,FAR,0.0,1,,,0.01,100
C2_n0.01_d100_r05,C2,202627,6.94,6.84,0.10000000000000053,0.34274999999999994,0.3493329601129188,0.35534272576582826,NEAR,FAR,0.0,1,,,0.01,100
C2_n0.01_d100_r05,C2,202627,6.96,6.86,0.09999999999999964,0.34099999999999997,0.33857966121464295,0.351151959628032,NEAR,FAR,0.0,1,,,0.01,100
C2_n0.01_d100_r05,C2,202627,6.98,6.88,0.10000000000000053,0.33924999999999994,0.34634517212826166,0.3499502627530894,NEAR,FAR,0.0,1,,,0.01,100
C2_n0.01_d100_r05,C2,202627,7.0,6.9,0.09999999999999964,0.3375,0.34655724655402376,0.349102008703323,NEAR,FAR,0.0,1,,,0.01,100
C2_n0.01_d100_r05,C2,202627,7.02,6.92,0.09999999999999964,0.33575000000000005,0.34078006400907096,0.34702152252976,NEAR,FAR,0.0,1,,,0.01,100
C2_n0.01_d100_r05,C2,202627,7.04,6.94,0.09999999999999964,0.334,0.34982077579684384,0.347721335846531,NEAR,FAR,0.0,1,,,0.01,100
C2_n0.01_d100_r05,C2,202627,7.06,6.96,0.09999999999999964,0.33225000000000005,0.3453255988676586,0.3471224016018129,NEAR,FAR,0.0,1,,,0.01,100
C2_n0.01_d100_r05,C2,202627,7.08,6.98,0.09999999999999964,0.3305,0.34518367424901125,0.3466377197636125,NEAR,FAR,0.0,1,,,0.01,100
C2_n0.01_d100_r05,C2,202627,7.1,7.0,0.09999999999999964,0.32875000000000004,0.32907744291689767,0.3422476505519338,NEAR,FAR,0.0,1,,,0.01,100
C2_n0.01_d100_r05,C2,202627,7.12,7.02,0.10000000000000053,0.327,0.3261555262097955,0.3382246194663992,NEAR,FAR,0.0,1,,,0.01,100
C2_n0.01_d100_r05,C2,202627,7.14,7.04,0.09999999999999964,0.32525000000000004,0.3400848668884781,0.33868968132191896,NEAR,FAR,0.0,1,,,0.01,100
C2_n0.01_d100_r05,C2,202627,7.16,7.06,0.10000000000000053,0.3235,0.33888811750866454,0.3387392903686054,NEAR,FAR,0.0,1,,,0.01,100
C2_n0.01_d100_r05,C2,202627,7.18,7.08,0.09999999999999964,0.32175000000000004,0.3164022473577322,0.33315502961588705,NEAR,FAR,0.0,1,,,0.01,100
C2_n0.01_d100_r05,C2,202627,7.2,7.1,0.10000000000000053,0.32,0.321857651162166,0.33033068500245677,NEAR,FAR,0.0,1,,,0.01,100
C2_n0.01_d100_r05,C2,202627,7.22,7.12,0.09999999999999964,0.31825000000000003,0.33243649581924567,0.330857137706654,NEAR,FAR,0.0,1,,,0.01,100
C2_n0.01_d100_r05,C2,202627,7.24,7.14,0.10000000000000053,0.3165,0.3359662420218654,0.33213441378545683,NEAR,FAR,0.0,1,,,0.01,100
C2_n0.01_d100_r05,C2,202627,7.26,7.16,0.09999999999999964,0.31475000000000003,0.32422702952629423,0.3301575677206662,NEAR,FAR,0.0,1,,,0.01,100
C2_n0.01_d100_r05,C2,202627,7.28,7.18,0.10000000000000053,0.313,0.30905414376344814,0.32488171173136166,NEAR,FAR,0.0,1,,,0.01,100
C2_n0.01_d100_r05,C2,202627,7.3,7.2,0.09999999999999964,0.31125,0.3157709021096722,0.3226040093259393,NEAR,FAR,0.0,1,,,0.01,100
C2_n0.01_d100_r05,C2,202627,7.32,7.22,0.10000000000000053,0.3095,0.3045909003551701,0.318100732083247,NEAR,NEAR,0.6,1,ENTER_NEAR,,0.01,100
C2_n0.01_d100_r05,C2,202627,7.34,7.24,0.09999999999999964,0.30775,0.3357213093448915,0.32250587639865813,NEAR,NEAR,0.6,1,,,0.01,100
C2_n0.01_d100_r05,C2,202627,7.36,7.26,0.10000000000000053,0.306,0.30439764237552996,0.3179788178928761,NEAR,NEAR,0.6,1,,,0.01,100
C2_n0.01_d100_r05,C2,202627,7.38,7.28,0.09999999999999964,0.30425,0.28765785550129075,0.31039857729497977,NEAR,NEAR,0.6,1,,,0.01,100
C2_n0.01_d100_r05,C2,202627,7.4,7.3,0.10000000000000053,0.3025,0.3089916896913744,0.31004685539407845,NEAR,NEAR,0.6,1,,,0.01,100
C2_n0.01_d100_r05,C2,202627,7.42,7.32,0.09999999999999964,0.30075,0.30806857335072624,0.3095522848832404,NEAR,NEAR,0.6,1,,,0.01,100
C2_n0.01_d100_r05,C2,202627,7.44,7.34,0.10000000000000053,0.299,0.3065598195507776,0.3088041685501247,NEAR,NEAR,0.6,1,,,0.01,100
C2_n0.01_d100_r05,C2,202627,7.46,7.36,0.09999999999999964,0.29725,0.30936822397964175,0.30894518240750396,NEAR,NEAR,0.6,1,,,0.01,100
C2_n0.01_d100_r05,C2,202627,7.48,7.38,0.10000000000000053,0.2955,0.30206010177655795,0.3072239122497674,NEAR,NEAR,0.6,1,,,0.01,100
C2_n0.01_d100_r05,C2,202627,7.5,7.4,0.09999999999999964,0.29375,0.3099357728843763,0.3079018774084196,NEAR,NEAR,0.6,1,,,0.01,100
C2_n0.01_d100_r05,C2,202627,7.52,7.42,0.09999999999999964,0.29200000000000004,0.29110575447014403,0.3037028466738507,NEAR,NEAR,0.6,1,,,0.01,100
C2_n0.01_d100_r05,C2,202627,7.54,7.44,0.09999999999999964,0.29025,0.3018385737432681,0.30323677844120506,NEAR,NEAR,0.6,1,,,0.01,100
C2_n0.01_d100_r05,C2,202627,7.56,7.46,0.09999999999999964,0.28850000000000003,0.28737876050264444,0.29927227395656486,NEAR,NEAR,0.6,1,,,0.01,100
C2_n0.01_d100_r05,C2,202627,7.58,7.48,0.09999999999999964,0.28675,0.2968209301325826,0.29865943800056927,NEAR,NEAR,0.6,1,,,0.01,100
C2_n0.01_d100_r05,C2,202627,7.6,7.5,0.09999999999999964,0.28500000000000003,0.28887014462256333,0.2962121146560678,NEAR,NEAR,0.6,1,,,0.01,100
C2_n0.01_d100_r05,C2,202627,7.62,7.52,0.10000000000000053,0.28325,0.2919881695669254,0.2951561283837822,NEAR,NEAR,0.6,1,,,0.01,100
C2_n0.01_d100_r05,C2,202627,7.64,7.54,0.09999999999999964,0.28150000000000003,0.2819890136516187,0.2918643497007413,NEAR,NEAR,0.6,1,,,0.01,100
C2_n0.01_d100_r05,C2,202627,7.66,7.56,0.10000000000000053,0.27975,0.2903241811288221,0.2914793075577615,NEAR,NEAR,0.6,1,,,0.01,100
C2_n0.01_d100_r05,C2,202627,7.68,7.58,0.09999999999999964,0.278,0.2915755564466604,0.29150336977998625,NEAR,NEAR,0.6,1,,,0.01,100
C2_n0.01_d100_r05,C2,202627,7.7,7.6,0.10000000000000053,0.27625,0.288999783205696,0.2908774731364137,NEAR,NEAR,0.6,1,,,0.01,100
C2_n0.01_d100_r05,C2,202627,7.72,7.62,0.09999999999999964,0.2745,0.2916905685782012,0.2910807469968606,NEAR,NEAR,0.6,1,,,0.01,100
C2_n0.01_d100_r05,C2,202627,7.74,7.64,0.10000000000000053,0.27275,0.2859806982307968,0.28980573480534466,NEAR,NEAR,0.6,1,,,0.01,100
C2_n0.01_d100_r05,C2,202627,7.76,7.66,0.09999999999999964,0.271,0.279101525458236,0.2871296824685675,NEAR,NEAR,0.6,1,,,0.01,100
C2_n0.01_d100_r05,C2,202627,7.78,7.68,0.10000000000000053,0.26925,0.28518814314199104,0.2866442976369234,NEAR,NEAR,0.6,1,,,0.01,100
C2_n0.01_d100_r05,C2,202627,7.8,7.7,0.09999999999999964,0.2675,0.27795798514473524,0.2844727195138763,NEAR,NEAR,0.6,1,,,0.01,100
C2_n0.01_d100_r05,C2,202627,7.82,7.72,0.10000000000000053,0.26575,0.26501826573180687,0.279609106068359,NEAR,NEAR,0.6,1,,,0.01,100
C2_n0.01_d100_r05,C2,202627,7.84,7.74,0.09999999999999964,0.264,0.26366460230690203,0.27562298012799474,NEAR,NEAR,0.6,1,,,0.01,100
C2_n0.01_d100_r05,C2,202627,7.86,7.76,0.10000000000000053,0.26225,0.2702994854495352,0.27429210645837987,NEAR,NEAR,0.6,1,,,0.01,100
C2_n0.01_d100_r05,C2,202627,7.88,7.78,0.09999999999999964,0.2605,0.26719957060245736,0.27251897249439927,NEAR,NEAR,0.6,1,,,0.01,100
C2_n0.01_d100_r05,C2,202627,7.9,7.8,0.10000000000000053,0.25875,0.25435561091272674,0.26797813209898114,NEAR,NEAR,0.6,1,,,0.01,100
C2_n0.01_d100_r05,C2,202627,7.92,7.82,0.09999999999999964,0.257,0.26686380122362297,0.2676995493801416,NEAR,NEAR,0.6,1,,,0.01,100
C2_n0.01_d100_r05,C2,202627,7.94,7.84,0.10000000000000053,0.25525,0.27606455149690373,0.26979079990933214,NEAR,NEAR,0.6,1,,,0.01,100
C2_n0.01_d100_r05,C2,202627,7.96,7.86,0.09999999999999964,0.2535,0.26709655529787707,0.26911723875646837,NEAR,NEAR,0.6,1,,,0.01,100
C2_n0.01_d100_r05,C2,202627,7.98,7.88,0.10000000000000053,0.25175,0.24474442314644979,0.2630240348539637,NEAR,NEAR,0.6,1,,,0.01,100
C2_n0.01_d100_r05,C2,202627,8.0,7.9,0.09999999999999964,0.25,0.26337216588856277,0.2631110676126135,NEAR,NEAR,0.6,1,,,0.01,100
C2_n0.01_d100_r05,C2,202627,8.02,7.92,0.09999999999999964,0.2522533838368113,0.2402377509532292,0.25739273844776744,NEAR,NEAR,0.6,1,,,0.01,100
C2_n0.01_d100_r05,C2,202627,8.04,7.94,0.09999999999999876,0.25445562372365543,0.2404076633673644,0.2531464696776667,NEAR,NEAR,0.6,1,,,0.01,100
C2_n0.01_d100_r05,C2,202627,8.06,7.96,0.10000000000000053,0.25655673649976407,0.2515602680874327,0.2527499192801082,NEAR,NEAR,0.6,1,,,0.01,100
C2_n0.01_d100_r05,C2,202627,8.08,7.98,0.09999999999999964,0.25850903423690136,0.24800695180640026,0.25156417741168124,NEAR,NEAR,0.6,1,,,0.01,100
C2_n0.01_d100_r05,C2,202627,8.1,8.0,0.09999999999999964,0.2602682065889303,0.26141107252610074,0.2540259011902861,NEAR,NEAR,0.6,1,,,0.01,100
C2_n0.01_d100_r05,C2,202627,8.12,8.02,0.09999999999999964,0.26179432648204926,0.2587421411090107,0.25520496116996727,NEAR,NEAR,0.6,1,,,0.01,100
C2_n0.01_d100_r05,C2,202627,8.14,8.04,0.10000000000000142,0.26305275632004294,0.2598954378209529,0.2563775803327137,NEAR,NEAR,0.6,1,,,0.01,100
C2_n0.01_d100_r05,C2,202627,8.16,8.06,0.09999999999999964,0.2640149341368492,0.24896300234366192,0.25452393583545074,NEAR,NEAR,0.6,1,,,0.01,100
C2_n0.01_d100_r05,C2,202627,8.18,8.08,0.09999999999999964,0.2646590218535229,0.262882265301534,0.25661351820197154,NEAR,NEAR,0.6,1,,,0.01,100
C2_n0.01_d100_r05,C2,202627,8.2,8.1,0.09999999999999964,0.26497040092642404,0.26135929123755225,0.2577999614608667,NEAR,NEAR,0.6,1,,,0.01,100
C2_n0.01_d100_r05,C2,202627,8.22,8.12,0.10000000000000142,0.2649420041371476,0.24451744658085814,0.25447933274086454,NEAR,NEAR,0.6,1,,,0.01,100
C2_n0.01_d100_r05,C2,202627,8.24,8.14,0.09999999999999964,0.2645744759937201,0.2675746531424093,0.2577531628412507,NEAR,NEAR,0.6,1,,,0.01,100
C2_n0.01_d100_r05,C2,202627,8.26,8.16,0.09999999999999964,0.26387615810251686,0.27186378463868055,0.2612808182906082,NEAR,NEAR,0.6,1,,,0.01,100
C2_n0.01_d100_r05,C2,202627,8.28,8.18,0.09999999999999964,0.26286289984290484,0.24962426152159056,0.25836667909835376,NEAR,NEAR,0.6,1,,,0.01,100
C2_n0.01_d100_r05,C2,202627,8.3,8.2,0.10000000000000142,0.2615576986416368,0.2699184219212945,0.26125461480408896,NEAR,NEAR,0.6,1,,,0.01,100
C2_n0.01_d100_r05,C2,202627,8.32,8.22,0.09999999999999964,0.25999017801151375,0.27473349099955036,0.2646243338529543,NEAR,NEAR,0.6,1,,,0.01,100
C2_n0.01_d100_r05,C2,202627,8.34,8.24,0.09999999999999964,0.25819591520101404,0.27754914587866575,0.2678555368593821,NEAR,NEAR,0.6,1,,,0.01,100
C2_n0.01_d100_r05,C2,202627,8.36,8.26,0.09999999999999964,0.2562156337148993,0.26878539999483636,0.26808800264324567,NEAR,NEAR,0.6,1,,,0.01,100
C2_n0.01_d100_r05,C2,202627,8.38,8.28,0.10000000000000142,0.2540942790327598,0.2546867702328975,0.2647376945406586,NEAR,NEAR,0.6,1,,,0.01,100
C2_n0.01_d100_r05,C2,202627,8.4,8.3,0.09999999999999964,0.25187999850346454,0.28352573509857093,0.2694347046801367,NEAR,NEAR,0.6,1,,,0.01,100
C2_n0.01_d100_r05,C2,202627,8.42,8.32,0.09999999999999964,0.24962304856834994,0.26018846148371816,0.2671231438810321,NEAR,NEAR,0.6,1,,,0.01,100
C2_n0.01_d100_r05,C2,202627,8.44,8.34,0.09999999999999964,0.2473746541153709,0.27333078229592367,0.26867505348475496,NEAR,NEAR,0.6,1,,,0.01,100
C2_n0.01_d100_r05,C2,202627,8.46,8.36,0.10000000000000142,0.24518584585289177,0.26138125459742423,0.2668516037629223,NEAR,NEAR,0.6,1,,,0.01,100
C2_n0.01_d100_r05,C2,202627,8.48,8.38,0.09999999999999964,0.24310630209067763,0.26934273092903477,0.2674743855544504,NEAR,NEAR,0.6,1,,,0.01,100
C2_n0.01_d100_r05,C2,202627,8.5,8.4,0.09999999999999964,0.24118322121561292,0.2724274341460672,0.2687126477023546,NEAR,NEAR,0.6,1,,,0.01,100
C2_n0.01_d100_r05,C2,202627,8.52,8.42,0.09999999999999964,0.2394602504530173,0.2432702996999252,0.2623520607017472,NEAR,NEAR,0.6,1,,,0.01,100
C2_n0.01_d100_r05,C2,202627,8.54,8.44,0.09999999999999964,0.23797649522693692,0.250749974791842,0.2594515392242709,NEAR,NEAR,0.6,1,,,0.01,100
C2_n0.01_d100_r05,C2,202627,8.56,8.46,0.09999999999999964,0.23676563160347566,0.23021039917340458,0.2521412542115543,NEAR,NEAR,0.6,1,,,0.01,100
C2_n0.01_d100_r05,C2,202627,8.58,8.48,0.09999999999999964,0.23585514196160703,0.23795303760533845,0.24859420006000035,NEAR,NEAR,0.6,1,,,0.01,100
C2_n0.01_d100_r05,C2,202627,8.6,8.5,0.09999999999999964,0.23526569123906968,0.23174391818816287,0.244381629592041,NEAR,NEAR,0.6,1,,,0.01,100
C2_n0.01_d100_r05,C2,202627,8.62,8.52,0.09999999999999964,0.23501065791039116,0.23637190906114122,0.24237919945931605,NEAR,NEAR,0.6,1,,,0.01,100
C2_n0.01_d100_r05,C2,202627,8.64,8.54,0.10000000000000142,0.23509583034219989,0.23969119554596208,0.24170719848097755,NEAR,NEAR,0.6,1,,,0.01,100
C2_n0.01_d100_r05,C2,202627,8.66,8.56,0.09999999999999964,0.2355192754175009,0.23852936899090715,0.24091274110845995,NEAR,NEAR,0.6,1,,,0.01,100
C2_n0.01_d100_r05,C2,202627,8.68,8.58,0.09999999999999964,0.23627138241068624,0.23788068435178897,0.2401547269192922,NEAR,NEAR,0.6,1,,,0.01,100
C2_n0.01_d100_r05,C2,202627,8.7,8.6,0.09999999999999964,0.23733508111746973,0.23550918453324907,0.23899334132278144,NEAR,NEAR,0.6,1,,,0.01,100
C2_n0.01_d100_r05,C2,202627,8.72,8.62,0.10000000000000142,0.2386862292889585,0.2317904677358813,0.23719262292605642,NEAR,NEAR,0.6,1,,,0.01,100
C2_n0.01_d100_r05,C2,202627,8.74,8.64,0.09999999999999964,0.24029416057645836,0.2345069766276017,0.23652121135144274,NEAR,NEAR,0.6,1,,,0.01,100
C2_n0.01_d100_r05,C2,202627,8.76,8.66,0.09999999999999964,0.24212238055058052,0.23186744431400794,0.23535776959208404,NEAR,NEAR,0.6,1,,,0.01,100
C2_n0.01_d100_r05,C2,202627,8.78,8.68,0.09999999999999964,0.24412939499744188,0.23528892349525354,0.2353405580678764,NEAR,NEAR,0.6,1,,,0.01,100
C2_n0.01_d100_r05,C2,202627,8.8,8.7,0.10000000000000142,0.24626965169252724,0.22352716085771102,0.23238720876533503,NEAR,NEAR,0.6,1,,,0.01,100
C2_n0.01_d100_r05,C2,202627,8.82,8.72,0.09999999999999964,0.2484945742772318,0.23984921315476576,0.2342527098626927,NEAR,NEAR,0.6,1,,,0.01,100
C2_n0.01_d100_r05,C2,202627,8.84,8.74,0.09999999999999964,0.2507536647726965,0.23592441931636482,0.2346706372261107,NEAR,NEAR,0.6,1,,,0.01,100
C2_n0.01_d100_r05,C2,202627,8.86,8.76,0.09999999999999964,0.25299564970771604,0.2513840700901145,0.23884899544211163,NEAR,NEAR,0.6,1,,,0.01,100
C2_n0.01_d100_r05,C2,202627,8.88,8.78,0.10000000000000142,0.2551696438476178,0.2476708855431222,0.2410544679673643,NEAR,NEAR,0.6,1,,,0.01,100
C2_n0.01_d100_r05,C2,202627,8.9,8.8,0.09999999999999964,0.2572263051115258,0.2633516532382711,0.246628764285091,NEAR,NEAR,0.6,1,,,0.01,100
C2_n0.01_d100_r05,C2,202627,8.92,8.82,0.09999999999999964,0.25911895446541905,0.25308260627608775,0.2482422247828402,NEAR,NEAR,0.6,1,,,0.01,100
C2_n0.01_d100_r05,C2,202627,8.94,8.84,0.09999999999999964,0.26080463537331855,0.23163313726326432,0.24408995290294622,NEAR,NEAR,0.6,1,,,0.01,100
C2_n0.01_d100_r05,C2,202627,8.96,8.86,0.10000000000000142,0.2622450887607578,0.25975993343054454,0.2480074480348458,NEAR,NEAR,0.6,1,,,0.01,100
C2_n0.01_d100_r05,C2,202627,8.98,8.88,0.09999999999999964,0.263407621362269,0.2585489899685385,0.250642833518269,NEAR,NEAR,0.6,1,,,0.01,100
C2_n0.01_d100_r05,C2,202627,9.0,8.9,0.09999999999999964,0.2642658477444273,0.2706668551828902,0.2556488389344243,NEAR,NEAR,0.6,1,,,0.01,100
C2_n0.01_d100_r05,C2,202627,9.02,8.92,0.09999999999999964,0.264800289163118,0.2675780028298038,0.2586311299082692,NEAR,NEAR,0.6,1,,,0.01,100
C2_n0.01_d100_r05,C2,202627,9.04,8.94,0.09999999999999964,0.2649988156630572,0.2637050438794063,0.2598996084010535,NEAR,NEAR,0.6,1,,,0.01,100
C2_n0.01_d100_r05,C2,202627,9.06,8.96,0.09999999999999964,0.26485692138544975,0.27937516738395585,0.26476849814677905,NEAR,NEAR,0.6,1,,,0.01,100
C2_n0.01_d100_r05,C2,202627,9.08,8.98,0.09999999999999964,0.2643778268352606,0.2445798465312579,0.25972133524289875,NEAR,NEAR,0.6,1,,,0.01,100
C2_n0.01_d100_r05,C2,202627,9.1,9.0,0.09999999999999964,0.2635724057869903,0.25482620862134653,0.2584975535875107,NEAR,NEAR,0.6,1,,,0.01,100
C2_n0.01_d100_r05,C2,202627,9.12,9.02,0.09999999999999964,0.2624589384879372,0.27258541392722474,0.2620195186724392,NEAR,NEAR,0.6,1,,,0.01,100
C2_n0.01_d100_r05,C2,202627,9.14,9.04,0.10000000000000142,0.2610626967603726,0.2535658840480262,0.25990611001633596,NEAR,NEAR,0.6,1,,,0.01,100
C2_n0.01_d100_r05,C2,202627,9.16,9.06,0.09999999999999964,0.25941537041936047,0.26905599137644504,0.2621935803563632,NEAR,NEAR,0.6,1,,,0.01,100
C2_n0.01_d100_r05,C2,202627,9.18,9.08,0.09999999999999964,0.2575543480245365,0.2654419891875245,0.2630056825641535,NEAR,NEAR,0.6,1,,,0.01,100
C2_n0.01_d100_r05,C2,202627,9.2,9.1,0.09999999999999964,0.25552186829027024,0.2763521575976722,0.26634230132253317,NEAR,NEAR,0.6,1,,,0.01,100
C2_n0.01_d100_r05,C2,202627,9.22,9.12,0.10000000000000142,0.25336406141424067,0.2554702042086407,0.26362427704406005,NEAR,NEAR,0.6,1,,,0.01,100
C2_n0.01_d100_r05,C2,202627,9.24,9.14,0.09999999999999964,0.25112990208291897,0.26898671433136095,0.2649648863658853,NEAR,NEAR,0.6,1,,,0.01,100
C2_n0.01_d100_r05,C2,202627,9.26,9.16,0.09999999999999964,0.24887009791708103,0.2521615348920329,0.2617640484974222,NEAR,NEAR,0.6,1,,,0.01,100
C2_n0.01_d100_r05,C2,202627,9.28,9.18,0.09999999999999964,0.24663593858575936,0.2559590728694543,0.2603128045904302,NEAR,NEAR,0.6,1,,,0.01,100
C2_n0.01_d100_r05,C2,202627,9.3,9.2,0.10000000000000142,0.24447813170972976,0.2746906797110139,0.2639072733705762,NEAR,NEAR,0.6,1,,,0.01,100
C2_n0.01_d100_r05,C2,202627,9.32,9.22,0.09999999999999964,0.24244565197546356,0.2541783212537059,0.26147503534135863,NEAR,NEAR,0.6,1,,,0.01,100
C2_n0.01_d100_r05,C2,202627,9.34,9.24,0.09999999999999964,0.2405846295806395,0.23542329786607002,0.25496210097253647,NEAR,NEAR,0.6,1,,,0.01,100
C2_n0.01_d100_r05,C2,202627,9.36,9.26,0.09999999999999964,0.23893730323962742,0.2438839869314631,0.2521925724622681,NEAR,NEAR,0.6,1,,,0.01,100
C2_n0.01_d100_r05,C2,202627,9.38,9.28,0.10000000000000142,0.23754106151206275,0.24643492640818804,0.2507531609487481,NEAR,NEAR,0.6,1,,,0.01,100
C2_n0.01_d100_r05,C2,202627,9.4,9.3,0.09999999999999964,0.23642759421300968,0.24661084007734038,0.24971758073089617,NEAR,NEAR,0.6,1,,,0.01,100
C2_n0.01_d100_r05,C2,202627,9.42,9.32,0.09999999999999964,0.23562217316473935,0.25879969142402065,0.2519881084041773,NEAR,NEAR,0.6,1,,,0.01,100
C2_n0.01_d100_r05,C2,202627,9.44,9.34,0.09999999999999964,0.23514307861455025,0.2381324686701156,0.24852419847066187,NEAR,NEAR,0.6,1,,,0.01,100
C2_n0.01_d100_r05,C2,202627,9.46,9.36,0.10000000000000142,0.23500118433694275,0.22451696330557566,0.24252238967939033,NEAR,NEAR,0.6,1,,,0.01,100
C2_n0.01_d100_r05,C2,202627,9.48,9.38,0.09999999999999964,0.235199710836882,0.2346213264649657,0.24054712387578417,NEAR,NEAR,0.6,1,,,0.01,100
C2_n0.01_d100_r05,C2,202627,9.5,9.4,0.09999999999999964,0.2357341522555727,0.23195218232955297,0.23839838848922637,NEAR,NEAR,0.6,1,,,0.01,100
C2_n0.01_d100_r05,C2,202627,9.52,9.42,0.09999999999999964,0.23659237863773103,0.22466625688330333,0.23496535558774562,NEAR,NEAR,0.6,1,,,0.01,100
C2_n0.01_d100_r05,C2,202627,9.54,9.44,0.09999999999999964,0.2377549112392422,0.2443981015739204,0.23732354208428932,NEAR,NEAR,0.6,1,,,0.01,100
C2_n0.01_d100_r05,C2,202627,9.56,9.46,0.09999999999999964,0.23919536462668142,0.2430898875824756,0.2387651284588359,NEAR,NEAR,0.6,1,,,0.01,100
C2_n0.01_d100_r05,C2,202627,9.58,9.48,0.09999999999999964,0.24088104553458092,0.2196294796292751,0.2339812162514457,NEAR,NEAR,0.6,1,,,0.01,100
C2_n0.01_d100_r05,C2,202627,9.6,9.5,0.09999999999999964,0.24277369488847422,0.23364113230975703,0.23389619526602354,NEAR,NEAR,0.6,1,,,0.01,100
C2_n0.01_d100_r05,C2,202627,9.62,9.52,0.09999999999999964,0.24483035615238213,0.25146209062956426,0.2382876691069087,NEAR,NEAR,0.6,1,,,0.01,100
C2_n0.01_d100_r05,C2,202627,9.64,9.54,0.10000000000000142,0.24700435029228393,0.22199349061400386,0.2342141244836825,NEAR,NEAR,0.6,1,,,0.01,100
C2_n0.01_d100_r05,C2,202627,9.66,9.56,0.09999999999999964,0.24924633522730347,0.22883302400903427,0.23286884936502045,NEAR,NEAR,0.6,1,,,0.01,100
C2_n0.01_d100_r05,C2,202627,9.68,9.58,0.09999999999999964,0.2515054257227682,0.24679613668819272,0.23635067119581354,NEAR,NEAR,0.6,1,,,0.01,100
C2_n0.01_d100_r05,C2,202627,9.7,9.6,0.09999999999999964,0.25373034830747276,0.24725902647921325,0.23907776001666348,NEAR,NEAR,0.6,1,,,0.01,100
C2_n0.01_d100_r05,C2,202627,9.72,9.62,0.10000000000000142,0.2558706050025581,0.21111296254157969,0.23208656064789251,NEAR,NEAR,0.6,1,,,0.01,100
C2_n0.01_d100_r05,C2,202627,9.74,9.64,0.09999999999999964,0.25787761944941945,0.2627580591267882,0.23975443526761642,NEAR,NEAR,0.6,1,,,0.01,100
C2_n0.01_d100_r05,C2,202627,9.76,9.66,0.09999999999999964,0.25970583942354164,0.2530450866257809,0.24307709810715755,NEAR,NEAR,0.6,1,,,0.01,100
C2_n0.01_d100_r05,C2,202627,9.78,9.68,0.09999999999999964,0.2613137707110415,0.23638530542516764,0.2414041499366601,NEAR,NEAR,0.6,1,,,0.01,100
C2_n0.01_d100_r05,C2,202627,9.8,9.7,0.10000000000000142,0.26266491888253024,0.26103922233809845,0.24631291803701966,NEAR,NEAR,0.6,1,,,0.01,100
C2_n0.01_d100_r05,C2,202627,9.82,9.72,0.09999999999999964,0.26372861758931376,0.2614545100772539,0.2500983160470782,NEAR,NEAR,0.6,1,,,0.01,100
C2_n0.01_d100_r05,C2,202627,9.84,9.74,0.09999999999999964,0.2644807245824991,0.2455511367593574,0.24896152122514803,NEAR,NEAR,0.6,1,,,0.01,100
C2_n0.01_d100_r05,C2,202627,9.86,9.76,0.09999999999999964,0.2649041696578001,0.2508057574338637,0.24942258027732694,NEAR,NEAR,0.6,1,,,0.01,100
C2_n0.01_d100_r05,C2,202627,9.88,9.78,0.10000000000000142,0.26498934208960884,0.2563125810088168,0.25114508046019945,NEAR,NEAR,0.6,1,,,0.01,100
C2_n0.01_d100_r05,C2,202627,9.9,9.8,0.09999999999999964,0.26473430876093035,0.26438892229859645,0.2544560409197987,NEAR,NEAR,0.6,1,,,0.01,100
C2_n0.01_d100_r05,C2,202627,9.92,9.82,0.09999999999999964,0.264144858038393,0.2733227792800073,0.2591727255098508,NEAR,NEAR,0.6,1,,,0.01,100
C2_n0.01_d100_r05,C2,202627,9.94,9.84,0.09999999999999964,0.2632343683965243,0.2659258352046821,0.26086100293355863,NEAR,NEAR,0.6,1,,,0.01,100
C2_n0.01_d100_r05,C2,202627,9.96,9.86,0.10000000000000142,0.2620235047730631,0.26234100527725646,0.2612310035194831,NEAR,NEAR,0.6,1,,,0.01,100
C2_n0.01_d100_r05,C2,202627,9.98,9.88,0.09999999999999964,0.2605397495469827,0.2606359449398552,0.2610822388745761,NEAR,NEAR,0.6,1,,,0.01,100
C2_n0.01_d100_r05,C2,202627,10.0,9.9,0.09999999999999964,0.2588167787843871,0.25186464401530184,0.2587778401597575,NEAR,NEAR,0.6,1,,,0.01,100
C2_n0.01_d100_r05,C2,202627,10.02,9.92,0.09999999999999964,0.25689369790932237,0.26810468036090557,0.2611095502100445,NEAR,NEAR,0.6,1,,,0.01,100
C2_n0.01_d100_r05,C2,202627,10.04,9.94,0.09999999999999964,0.25481415414710823,0.2551799812718549,0.2596271579754971,NEAR,NEAR,0.6,1,,,0.01,100
C2_n0.01_d100_r05,C2,202627,10.06,9.96,0.09999999999999964,0.2526253458846291,0.26258028328945904,0.2603654393039876,NEAR,NEAR,0.6,1,,,0.01,100
C2_n0.01_d100_r05,C2,202627,10.08,9.98,0.09999999999999964,0.25037695143165006,0.27341187712979376,0.26362704876043913,NEAR,NEAR,0.6,1,,,0.01,100
C2_n0.01_d100_r05,C2,202627,10.1,10.0,0.09999999999999964,0.24812000149653549,0.27569393273415227,0.26664376975386744,NEAR,NEAR,0.6,1,,,0.01,100
C2_n0.01_d100_r05,C2,202627,10.12,10.02,0.09999999999999964,0.24590572096724023,0.2687633621444326,0.2671736678515087,NEAR,NEAR,0.6,1,,,0.01,100
C2_n0.01_d100_r05,C2,202627,10.14,10.04,0.10000000000000142,0.24378436628510067,0.2591113259290372,0.26515808237089084,NEAR,NEAR,0.6,1,,,0.01,100
C2_n0.01_d100_r05,C2,202627,10.16,10.06,0.09999999999999964,0.24180408479898596,0.2427260262006733,0.2595500683283365,NEAR,NEAR,0.6,1,,,0.01,100
C2_n0.01_d100_r05,C2,202627,10.18,10.08,0.09999999999999964,0.24000982198848625,0.25698835468387765,0.25890963991722177,NEAR,NEAR,0.6,1,,,0.01,100
C2_n0.01_d100_r05,C2,202627,10.2,10.1,0.09999999999999964,0.23844230135836322,0.24225108957556105,0.2547450023318066,NEAR,NEAR,0.6,1,,,0.01,100
C2_n0.01_d100_r05,C2,202627,10.22,10.12,0.10000000000000142,0.2371371001570952,0.25925014050880657,0.2558712868760566,NEAR,NEAR,0.6,1,,,0.01,100
C2_n0.01_d100_r05,C2,202627,10.24,10.14,0.09999999999999964,0.23612384189748312,0.24714914173635436,0.253690750591131,NEAR,NEAR,0.6,1,,,0.01,100
C2_n0.01_d100_r05,C2,202627,10.26,10.16,0.09999999999999964,0.2354255240062799,0.2447634987845325,0.25145893763948135,NEAR,NEAR,0.6,1,,,0.01,100
C2_n0.01_d100_r05,C2,202627,10.28,10.18,0.09999999999999964,0.23505799586285242,0.23591970640052998,0.2475741298297435,NEAR,NEAR,0.6,1,,,0.01,100
C2_n0.01_d100_r05,C2,202627,10.3,10.2,0.10000000000000142,0.23502959907357593,0.23228635286082241,0.24375218558751324,NEAR,NEAR,0.6,1,,,0.01,100
C2_n0.01_d100_r05,C2,202627,10.32,10.22,0.09999999999999964,0.23534097814647711,0.2413603503367518,0.2431542267748229,NEAR,NEAR,0.6,1,,,0.01,100
C2_n0.01_d100_r05,C2,202627,10.34,10.24,0.09999999999999964,0.23598506586315082,0.2383590210697269,0.2419554253485489,NEAR,NEAR,0.6,1,,,0.01,100
C2_n0.01_d100_r05,C2,202627,10.36,10.26,0.09999999999999964,0.23694724367995706,0.23340517781972514,0.23981786346634296,NEAR,NEAR,0.6,1,,,0.01,100
C2_n0.01_d100_r05,C2,202627,10.38,10.28,0.10000000000000142,0.23820567351795077,0.23898919997681087,0.23961069759395995,NEAR,NEAR,0.6,1,,,0.01,100
C2_n0.01_d100_r05,C2,202627,10.4,10.3,0.09999999999999964,0.2397317934110697,0.23847505330009208,0.239326786520493,NEAR,NEAR,0.6,1,,,0.01,100
C2_n0.01_d100_r05,C2,202627,10.42,10.32,0.09999999999999964,0.24149096576309861,0.22715926725778257,0.2362849067048154,NEAR,NEAR,0.6,1,,,0.01,100
C2_n0.01_d100_r05,C2,202627,10.44,10.34,0.09999999999999964,0.24344326350023596,0.23994720452477045,0.23720048115980416,NEAR,NEAR,0.6,1,,,0.01,100
C2_n0.01_d100_r05,C2,202627,10.46,10.36,0.10000000000000142,0.2455443762763446,0.24158790159037186,0.2382973362674461,NEAR,NEAR,0.6,1,,,0.01,100
C2_n0.01_d100_r05,C2,202627,10.48,10.38,0.09999999999999964,0.24774661616318866,0.2404694933254184,0.23884037553193915,NEAR,NEAR,0.6,1,,,0.01,100
C2_n0.01_d100_r05,C2,202627,10.5,10.4,0.09999999999999964,0.25,0.22489884679416441,0.23535499334749546,NEAR,NEAR,0.6,1,,,0.01,100
C2_n0.01_d100_r05,C2,202627,10.52,10.42,0.09999999999999964,0.2522533838368113,0.24479883329139782,0.23771595333347106,NEAR,NEAR,0.6,1,,,0.01,100
C2_n0.01_d100_r05,C2,202627,10.54,10.44,0.09999999999999964,0.2544556237236554,0.27127869239909436,0.24610663809987687,NEAR,NEAR,0.6,1,,,0.01,100
C2_n0.01_d100_r05,C2,202627,10.56,10.46,0.09999999999999964,0.256556736499764,0.23782410483418553,0.24403600478345405,NEAR,NEAR,0.6,1,,,0.01,100
C2_n0.01_d100_r05,C2,202627,10.58,10.48,0.09999999999999964,0.25850903423690136,0.2643127551972104,0.24910519238689316,NEAR,NEAR,0.6,1,,,0.01,100
C2_n0.01_d100_r05,C2,202627,10.6,10.5,0.09999999999999964,0.2602682065889303,0.26178243718591526,0.25227450358664866,NEAR,NEAR,0.6,1,,,0.01,100
C2_n0.01_d100_r05,C2,202627,10.62,10.52,0.09999999999999964,0.2617943264820492,0.24158961984228644,0.2496032826505581,NEAR,NEAR,0.6,1,,,0.01,100
C2_n0.01_d100_r05,C2,202627,10.64,10.54,0.10000000000000142,0.26305275632004294,0.263477664271786,0.25307187805586506,NEAR,NEAR,0.6,1,,,0.01,100
C2_n0.01_d100_r05,C2,202627,10.66,10.56,0.09999999999999964,0.2640149341368492,0.2623158448759722,0.25538286976089186,NEAR,NEAR,0.6,1,,,0.01,100
C2_n0.01_d100_r05,C2,202627,10.68,10.58,0.09999999999999964,0.2646590218535229,0.26480379925938025,0.25773810213551396,NEAR,NEAR,0.6,1,,,0.01,100
C2_n0.01_d100_r05,C2,202627,10.7,10.6,0.09999999999999964,0.26497040092642404,0.2667446719919112,0.25998974459961327,NEAR,NEAR,0.6,1,,,0.01,100
C2_n0.01_d100_r05,C2,202627,10.72,10.62,0.10000000000000142,0.2649420041371476,0.2649380428774131,0.2612268191690632,NEAR,NEAR,0.6,1,,,0.01,100
C2_n0.01_d100_r05,C2,202627,10.74,10.64,0.09999999999999964,0.2645744759937201,0.2797126656286163,0.2658482807839515,NEAR,NEAR,0.6,1,,,0.01,100
C2_n0.01_d100_r05,C2,202627,10.76,10.66,0.09999999999999964,0.26387615810251686,0.26761518470002443,0.26629000676296977,NEAR,NEAR,0.6,1,,,0.01,100
C2_n0.01_d100_r05,C2,202627,10.78,10.68,0.09999999999999964,0.26286289984290484,0.28363972772944246,0.2706274370045879,NEAR,NEAR,0.6,1,,,0.01,100
C2_n0.01_d100_r05,C2,202627,10.8,10.7,0.10000000000000142,0.2615576986416368,0.26732262002743684,0.26980123276030016,NEAR,NEAR,0.6,1,,,0.01,100
C2_n0.01_d100_r05,C2,202627,10.82,10.72,0.09999999999999964,0.25999017801151375,0.2650344362282748,0.26860953362729384,NEAR,NEAR,0.6,1,,,0.01,100
C2_n0.01_d100_r05,C2,202627,10.84,10.74,0.09999999999999964,0.25819591520101404,0.2548880437301587,0.2651791611530101,NEAR,NEAR,0.6,1,,,0.01,100
C2_n0.01_d100_r05,C2,202627,10.86,10.76,0.09999999999999964,0.25621563371489936,0.2870858980889895,0.27065584538700493,NEAR,NEAR,0.6,1,,,0.01,100
C2_n0.01_d100_r05,C2,202627,10.88,10.78,0.10000000000000142,0.2540942790327598,0.25342453527590536,0.26634801785923,NEAR,NEAR,0.6,1,,,0.01,100
C2_n0.01_d100_r05,C2,202627,10.9,10.8,0.09999999999999964,0.2518799985034645,0.2723758735555728,0.2678549817833157,NEAR,NEAR,0.6,1,,,0.01,100
C2_n0.01_d100_r05,C2,202627,10.92,10.82,0.09999999999999964,0.24962304856834996,0.2505236950367115,0.2635221600966646,NEAR,NEAR,0.6,1,,,0.01,100
C2_n0.01_d100_r05,C2,202627,10.94,10.84,0.09999999999999964,0.24737465411537093,0.26258657986535017,0.263288265038836,NEAR,NEAR,0.6,1,,,0.01,100
C2_n0.01_d100_r05,C2,202627,10.96,10.86,0.10000000000000142,0.24518584585289174,0.24993799912156123,0.25995069855951736,NEAR,NEAR,0.6,1,,,0.01,100
C2_n0.01_d100_r05,C2,202627,10.98,10.88,0.09999999999999964,0.24310630209067766,0.2556760513176425,0.25888203674904864,NEAR,NEAR,0.6,1,,,0.01,100
C2_n0.01_d100_r05,C2,202627,11.0,10.9,0.09999999999999964,0.24118322121561292,0.2656161564724096,0.2605655666798889,NEAR,NEAR,0.6,1,,,0.01,100
C2_n0.01_d100_r05,C2,202627,11.02,10.92,0.09999999999999964,0.2394602504530173,0.23896031270028725,0.2551642531849885,NEAR,NEAR,0.6,1,,,0.01,100
C2_n0.01_d100_r05,C2,202627,11.04,10.94,0.09999999999999964,0.23797649522693692,0.23845785414234216,0.2509876534243269,NEAR,NEAR,0.6,1,,,0.01,100
C2_n0.01_d100_r05,C2,202627,11.06,10.96,0.09999999999999964,0.2367656316034757,0.25920283104007596,0.25304144782826415,NEAR,NEAR,0.6,1,,,0.01,100
C2_n0.01_d100_r05,C2,202627,11.08,10.98,0.09999999999999964,0.23585514196160703,0.2507326945002299,0.2524642594962556,NEAR,NEAR,0.6,1,,,0.01,100
C2_n0.01_d100_r05,C2,202627,11.1,11.0,0.09999999999999964,0.23526569123906968,0.2563611793291462,0.2534384894544783,NEAR,NEAR,0.6,1,,,0.01,100
C2_n0.01_d100_r05,C2,202627,11.12,11.02,0.09999999999999964,0.23501065791039116,0.2391362210168832,0.2498629223450795,NEAR,NEAR,0.6,1,,,0.01,100
C2_n0.01_d100_r05,C2,202627,11.14,11.04,0.10000000000000142,0.23509583034219989,0.22642714676639564,0.24400397845040855,NEAR,NEAR,0.6,1,,,0.01,100
C2_n0.01_d100_r05,C2,202627,11.16,11.06,0.09999999999999964,0.2355192754175009,0.24427043554994507,0.2440705927252927,NEAR,NEAR,0.6,1,,,0.01,100
C2_n0.01_d100_r05,C2,202627,11.18,11.08,0.09999999999999964,0.2362713824106862,0.2180746596296771,0.2375716094513888,NEAR,NEAR,0.6,1,,,0.01,100
C2_n0.01_d100_r05,C2,202627,11.2,11.1,0.09999999999999964,0.23733508111746973,0.2247067942112476,0.23435540564135351,NEAR,NEAR,0.6,1,,,0.01,100
C2_n0.01_d100_r05,C2,202627,11.22,11.12,0.10000000000000142,0.23868622928895847,0.2437123238614935,0.2366946351963885,NEAR,NEAR,0.6,1,,,0.01,100
C2_n0.01_d100_r05,C2,202627,11.24,11.14,0.09999999999999964,0.24029416057645833,0.23647987982858049,0.2366409463544365,NEAR,NEAR,0.6,1,,,0.01,100
C2_n0.01_d100_r05,C2,202627,11.26,11.16,0.09999999999999964,0.24212238055058055,0.23380093360435064,0.235930943166915,NEAR,NEAR,0.6,1,,,0.01,100
C2_n0.01_d100_r05,C2,202627,11.28,11.18,0.09999999999999964,0.2441293949974419,0.23325994555662588,0.23526319376434274,NEAR,NEAR,0.6,1,,,0.01,100
C2_n0.01_d100_r05,C2,202627,11.3,11.2,0.10000000000000142,0.24626965169252724,0.24021652891338224,0.23650152755160259,NEAR,NEAR,0.6,1,,,0.01,100
C2_n0.01_d100_r05,C2,202627,11.32,11.22,0.09999999999999964,0.2484945742772318,0.23681573801360017,0.23658008016710197,NEAR,NEAR,0.6,1,,,0.01,100
C2_n0.01_d100_r05,C2,202627,11.34,11.24,0.09999999999999964,0.25075366477269656,0.23389685616995493,0.2359092741678152,NEAR,NEAR,0.6,1,,,0.01,100
C2_n0.01_d100_r05,C2,202627,11.36,11.26,0.09999999999999964,0.252995649707716,0.24618064147356028,0.23847711599425148,NEAR,NEAR,0.6,1,,,0.01,100
C2_n0.01_d100_r05,C2,202627,11.38,11.28,0.10000000000000142,0.2551696438476178,0.23502755590375576,0.23761472597162756,NEAR,NEAR,0.6,1,,,0.01,100
C2_n0.01_d100_r05,C2,202627,11.4,11.3,0.09999999999999964,0.2572263051115258,0.23650838199507387,0.23733813997748912,NEAR,NEAR,0.6,1,,,0.01,100
C2_n0.01_d100_r05,C2,202627,11.42,11.32,0.09999999999999964,0.25911895446541905,0.2480546556597442,0.2400172688980529,NEAR,NEAR,0.6,1,,,0.01,100
C2_n0.01_d100_r05,C2,202627,11.44,11.34,0.09999999999999964,0.26080463537331855,0.25721842800191824,0.24431755867401922,NEAR,NEAR,0.6,1,,,0.01,100
C2_n0.01_d100_r05,C2,202627,11.46,11.36,0.10000000000000142,0.2622450887607578,0.239537650206404,0.2431225815571154,NEAR,NEAR,0.6,1,,,0.01,100
C2_n0.01_d100_r05,C2,202627,11.48,11.38,0.09999999999999964,0.263407621362269,0.24154660727107266,0.24272858798560473,NEAR,NEAR,0.6,1,,,0.01,100
C2_n0.01_d100_r05,C2,202627,11.5,11.4,0.09999999999999964,0.2642658477444273,0.2681058562586933,0.2490729050538769,NEAR,NEAR,0.6,1,,,0.01,100
C2_n0.01_d100_r05,C2,202627,11.52,11.42,0.09999999999999964,0.264800289163118,0.26299452812037666,0.2525533108205018,NEAR,NEAR,0.6,1,,,0.01,100
C2_n0.01_d100_r05,C2,202627,11.54,11.44,0.09999999999999964,0.2649988156630572,0.2524266380432913,0.2525216426261992,NEAR,NEAR,0.6,1,,,0.01,100
C2_n0.01_d100_r05,C2,202627,11.56,11.46,0.09999999999999964,0.26485692138544975,0.2823946922456809,0.25998990503106967,NEAR,NEAR,0.6,1,,,0.01,100
C2_n0.01_d100_r05,C2,202627,11.58,11.48,0.09999999999999964,0.2643778268352606,0.26020615785257445,0.2600439682364459,NEAR,NEAR,0.6,1,,,0.01,100
C2_n0.01_d100_r05,C2,202627,11.6,11.5,0.09999999999999964,0.2635724057869903,0.25198694327033083,0.2580297119949171,NEAR,NEAR,0.6,1,,,0.01,100
C2_n0.01_d100_r05,C2,202627,11.62,11.52,0.09999999999999964,0.2624589384879373,0.2797656781151998,0.26346370352498777,NEAR,NEAR,0.6,1,,,0.01,100
C2_n0.01_d100_r05,C2,202627,11.64,11.54,0.10000000000000142,0.2610626967603726,0.2765979528964421,0.26674726586785136,NEAR,NEAR,0.6,1,,,0.01,100
C2_n0.01_d100_r05,C2,202627,11.66,11.56,0.09999999999999964,0.2594153704193605,0.25879076395663597,0.2647581403900475,NEAR,NEAR,0.6,1,,,0.01,100
C2_n0.01_d100_r05,C2,202627,11.68,11.58,0.09999999999999964,0.2575543480245365,0.2671617679794828,0.26535904728740634,NEAR,NEAR,0.6,1,,,0.01,100
C2_n0.01_d100_r05,C2,202627,11.7,11.6,0.09999999999999964,0.25552186829027024,0.25863712994511684,0.263678567951834,NEAR,NEAR,0.6,1,,,0.01,100
C2_n0.01_d100_r05,C2,202627,11.72,11.62,0.10000000000000142,0.25336406141424067,0.2728984627748457,0.2659835416575869,NEAR,NEAR,0.6,1,,,0.01,100
C2_n0.01_d100_r05,C2,202627,11.74,11.64,0.09999999999999964,0.25112990208291897,0.2728891225964642,0.26770993689230627,NEAR,NEAR,0.6,1,,,0.01,100
C2_n0.01_d100_r05,C2,202627,11.76,11.66,0.09999999999999964,0.24887009791708103,0.2650197717739984,0.2670373956127293,NEAR,NEAR,0.6,1,,,0.01,100
C2_n0.01_d100_r05,C2,202627,11.78,11.68,0.09999999999999964,0.24663593858575936,0.25954109400633857,0.26516332021113165,NEAR,NEAR,0.6,1,,,0.01,100
C2_n0.01_d100_r05,C2,202627,11.8,11.7,0.10000000000000142,0.2444781317097298,0.27237222451493875,0.2669655462870834,NEAR,NEAR,0.6,1,,,0.01,100
C2_n0.01_d100_r05,C2,202627,11.82,11.72,0.09999999999999964,0.24244565197546356,0.24253156424454822,0.2608570507764496,NEAR,NEAR,0.6,1,,,0.01,100
C2_n0.01_d100_r05,C2,202627,11.84,11.74,0.09999999999999964,0.2405846295806395,0.23677429544274264,0.25483636194302284,NEAR,NEAR,0.6,1,,,0.01,100
C2_n0.01_d100_r05,C2,202627,11.86,11.76,0.09999999999999964,0.23893730323962745,0.23812830175758454,0.25065934689666325,NEAR,NEAR,0.6,1,,,0.01,100
C2_n0.01_d100_r05,C2,202627,11.88,11.78,0.10000000000000142,0.23754106151206278,0.24155780551642564,0.24838396155160386,NEAR,NEAR,0.6,1,,,0.01,100
C2_n0.01_d100_r05,C2,202627,11.9,11.8,0.09999999999999964,0.23642759421300968,0.24427838765104837,0.24735756807646497,NEAR,NEAR,0.6,1,,,0.01,100
C2_n0.01_d100_r05,C2,202627,11.92,11.82,0.09999999999999964,0.23562217316473938,0.24948736510542896,0.24789001733370597,NEAR,NEAR,0.6,1,,,0.01,100
C2_n0.01_d100_r05,C2,202627,11.94,11.84,0.09999999999999964,0.23514307861455025,0.24253108089808537,0.24655028322480083,NEAR,NEAR,0.6,1,,,0.01,100
C2_n0.01_d100_r05,C2,202627,11.96,11.86,0.10000000000000142,0.23500118433694275,0.24254885470802057,0.24554992609560577,NEAR,NEAR,0.6,1,,,0.01,100
C2_n0.01_d100_r05,C2,202627,11.98,11.88,0.09999999999999964,0.235199710836882,0.23714809824246907,0.2434494691323216,NEAR,NEAR,0.6,1,,,0.01,100
C2_n0.01_d100_r05,C2,202627,12.0,11.9,0.09999999999999964,0.25,0.23798045922076233,0.2420822166544318,NEAR,NEAR,0.6,1,,,0.01,100
C2_n0.01_d100_r05,C2,202627,12.02,11.92,0.09999999999999964,0.25175,0.2348546324671062,0.24027532060760037,NEAR,NEAR,0.6,1,,,0.01,100
C2_n0.01_d100_r05,C2,202627,12.04,11.94,0.09999999999999964,0.25349999999999995,0.2423717674257707,0.24079943231214296,NEAR,NEAR,0.6,1,,,0.01,100
C2_n0.01_d100_r05,C2,202627,12.06,11.96,0.09999999999999964,0.25525000000000003,0.2313784805102986,0.23844419436168188,NEAR,NEAR,0.6,1,,,0.01,100
C2_n0.01_d100_r05,C2,202627,12.08,11.98,0.09999999999999964,0.257,0.2454060822588171,0.2401846663359657,NEAR,NEAR,0.6,1,,,0.01,100
C2_n0.01_d100_r05,C2,202627,12.1,12.0,0.09999999999999964,0.25875,0.2657641125675634,0.2465795278938651,NEAR,NEAR,0.6,1,,,0.01,100
C2_n0.01_d100_r05,C2,202627,12.12,12.02,0.09999999999999964,0.26049999999999995,0.243569550618383,0.24582703357499458,NEAR,NEAR,0.6,1,,,0.01,100
C2_n0.01_d100_r05,C2,202627,12.14,12.04,0.10000000000000142,0.26225000000000004,0.24976807098790915,0.2468122929282232,NEAR,NEAR,0.6,1,,,0.01,100
C2_n0.01_d100_r05,C2,202627,12.16,12.06,0.09999999999999964,0.264,0.27496279667962165,0.2538499188660728,NEAR,NEAR,0.6,1,,,0.01,100
C2_n0.01_d100_r05,C2,202627,12.18,12.08,0.09999999999999964,0.26575,0.2567256651797868,0.25456885544450125,NEAR,NEAR,0.6,1,,,0.01,100
C2_n0.01_d100_r05,C2,202627,12.2,12.1,0.09999999999999964,0.26749999999999996,0.26256387355683364,0.2565676099725843,NEAR,NEAR,0.6,1,,,0.01,100
C2_n0.01_d100_r05,C2,202627,12.22,12.12,0.10000000000000142,0.26925000000000004,0.2754329418928186,0.2612839429526429,NEAR,NEAR,0.6,1,,,0.01,100
C2_n0.01_d100_r05,C2,202627,12.24,12.14,0.09999999999999964,0.271,0.27074052142143934,0.26364808756984204,NEAR,NEAR,0.6,1,,,0.01,100
C2_n0.01_d100_r05,C2,202627,12.26,12.16,0.09999999999999964,0.27275,0.26762692100619084,0.26464279592892925,NEAR,NEAR,0.6,1,,,0.01,100
C2_n0.01_d100_r05,C2,202627,12.28,12.18,0.09999999999999964,0.27449999999999997,0.25786625939405244,0.26294866179521004,NEAR,NEAR,0.6,1,,,0.01,100
C2_n0.01_d100_r05,C2,202627,12.3,12.2,0.10000000000000142,0.27625000000000005,0.27723524916129977,0.2665203086367325,NEAR,NEAR,0.6,1,,,0.01,100
C2_n0.01_d100_r05,C2,202627,12.32,12.22,0.09999999999999964,0.278,0.2745068188307382,0.2685169361852339,NEAR,NEAR,0.6,1,,,0.01,100
C2_n0.01_d100_r05,C2,202627,12.34,12.24,0.09999999999999964,0.27975,0.27439151879602863,0.2699855818379326,NEAR,NEAR,0.6,1,,,0.01,100
C2_n0.01_d100_r05,C2,202627,12.36,12.26,0.09999999999999964,0.2815,0.27342463421163693,0.27084534493135864,NEAR,NEAR,0.6,1,,,0.01,100
C2_n0.01_d100_r05,C2,202627,12.38,12.28,0.10000000000000142,0.28325000000000006,0.2794356337222228,0.2729929171290747,NEAR,NEAR,0.6,1,,,0.01,100
C2_n0.01_d100_r05,C2,202627,12.4,12.3,0.09999999999999964,0.28500000000000003,0.2813278647242963,0.27507665402788006,NEAR,NEAR,0.6,1,,,0.01,100
C2_n0.01_d100_r05,C2,202627,12.42,12.32,0.09999999999999964,0.28675,0.2770206766608524,0.27556265968612315,NEAR,NEAR,0.6,1,,,0.01,100
C2_n0.01_d100_r05,C2,202627,12.44,12.34,0.09999999999999964,0.2885,0.29126632071265407,0.27948857494275586,NEAR,NEAR,0.6,1,,,0.01,100
C2_n0.01_d100_r05,C2,202627,12.46,12.36,0.10000000000000142,0.29025000000000006,0.2945120454885103,0.28324444257919446,NEAR,NEAR,0.6,1,,,0.01,100
C2_n0.01_d100_r05,C2,202627,12.48,12.38,0.09999999999999964,0.29200000000000004,0.2805975487576731,0.2825827191238141,NEAR,NEAR,0.6,1,,,0.01,100
C2_n0.01_d100_r05,C2,202627,12.5,12.4,0.09999999999999964,0.29375,0.2899263657208638,0.2844186307730765,NEAR,NEAR,0.6,1,,,0.01,100
C2_n0.01_d100_r05,C2,202627,12.52,12.42,0.09999999999999964,0.2955,0.2798806946923485,0.2832841467528945,NEAR,NEAR,0.6,1,,,0.01,100
C2_n0.01_d100_r05,C2,202627,12.54,12.44,0.09999999999999964,0.2972499999999999,0.2903795747007591,0.2850580037398606,NEAR,NEAR,0.6,1,,,0.01,100
C2_n0.01_d100_r05,C2,202627,12.56,12.46,0.09999999999999964,0.29900000000000004,0.29444299194913526,0.28740425079217924,NEAR,NEAR,0.6,1,,,0.01,100
C2_n0.01_d100_r05,C2,202627,12.58,12.48,0.09999999999999964,0.30075,0.27106994845124865,0.2833206752069466,NEAR,NEAR,0.6,1,,,0.01,100
C2_n0.01_d100_r05,C2,202627,12.6,12.5,0.09999999999999964,0.3025,0.29018353105897965,0.2850363891699549,NEAR,NEAR,0.6,1,,,0.01,100
C2_n0.01_d100_r05,C2,202627,12.62,12.52,0.09999999999999964,0.3042499999999999,0.2949531056642607,0.2875155682935313,NEAR,NEAR,0.6,1,,,0.01,100
C2_n0.01_d100_r05,C2,202627,12.64,12.54,0.10000000000000142,0.30600000000000005,0.3028702907044492,0.29135424889626077,NEAR,NEAR,0.6,1,,,0.01,100
C2_n0.01_d100_r05,C2,202627,12.66,12.56,0.09999999999999964,0.30775,0.31675787889155277,0.29770515639508377,NEAR,NEAR,0.6,1,,,0.01,100
C2_n0.01_d100_r05,C2,202627,12.68,12.58,0.09999999999999964,0.3095,0.2919036765874904,0.2962547864431854,NEAR,NEAR,0.6,1,,,0.01,100
C2_n0.01_d100_r05,C2,202627,12.7,12.6,0.09999999999999964,0.3112499999999999,0.3051028593909694,0.2984668046801314,NEAR,NEAR,0.6,1,,,0.01,100
C2_n0.01_d100_r05,C2,202627,12.72,12.62,0.10000000000000142,0.31300000000000006,0.2949513900159789,0.2975879510140933,NEAR,NEAR,0.6,1,,,0.01,100
C2_n0.01_d100_r05,C2,202627,12.74,12.64,0.09999999999999964,0.31475000000000003,0.31088749918181263,0.30091283805602315,NEAR,NEAR,0.6,1,,,0.01,100
C2_n0.01_d100_r05,C2,202627,12.76,12.66,0.09999999999999964,0.3165,0.2992526132127306,0.30049778184520004,NEAR,NEAR,0.6,1,,,0.01,100
C2_n0.01_d100_r05,C2,202627,12.78,12.68,0.09999999999999964,0.3182499999999999,0.305187243568114,0.30167014727592856,NEAR,NEAR,0.6,1,,,0.01,100
C2_n0.01_d100_r05,C2,202627,12.8,12.7,0.10000000000000142,0.32000000000000006,0.3122616381732365,0.30431802000025554,NEAR,NEAR,0.6,1,,,0.01,100
C2_n0.01_d100_r05,C2,202627,12.82,12.72,0.09999999999999964,0.32175000000000004,0.30686174272578304,0.30495395068163744,NEAR,NEAR,0.6,1,,,0.01,100
C2_n0.01_d100_r05,C2,202627,12.84,12.74,0.09999999999999964,0.3235,0.31154627029781584,0.30660203058568203,NEAR,NEAR,0.6,1,,,0.01,100
C2_n0.01_d100_r05,C2,202627,12.86,12.76,0.09999999999999964,0.32524999999999993,0.33044832121891937,0.31256360324399135,NEAR,NEAR,0.6,1,,,0.01,100
C2_n0.01_d100_r05,C2,202627,12.88,12.78,0.10000000000000142,0.32700000000000007,0.3240354213524251,0.31543155777109977,NEAR,NEAR,0.6,1,,,0.01,100
C2_n0.01_d100_r05,C2,202627,12.9,12.8,0.09999999999999964,0.32875000000000004,0.3161757010411943,0.3156175935886234,NEAR,NEAR,0.6,1,,,0.01,100
C2_n0.01_d100_r05,C2,202627,12.92,12.82,0.09999999999999964,0.3305,0.3209637016275804,0.31695412059836264,NEAR,NEAR,0.6,1,,,0.01,100
C2_n0.01_d100_r05,C2,202627,12.94,12.84,0.09999999999999964,0.33224999999999993,0.3163688918024844,0.3168078133993931,NEAR,NEAR,0.6,1,,,0.01,100
C2_n0.01_d100_r05,C2,202627,12.96,12.86,0.10000000000000142,0.3340000000000001,0.3298388630248837,0.3200655758057658,NEAR,NEAR,0.6,1,,,0.01,100
C2_n0.01_d100_r05,C2,202627,12.98,12.88,0.09999999999999964,0.33575000000000005,0.3310573159414516,0.32281351083968723,NEAR,NEAR,0.6,1,,,0.01,100
C2_n0.01_d100_r05,C2,202627,13.0,12.9,0.09999999999999964,0.3375,0.32220421084958095,0.32266118584216064,NEAR,NEAR,0.6,1,,,0.01,100
C2_n0.01_d100_r05,C2,202627,13.02,12.92,0.09999999999999964,0.33924999999999994,0.327574574276272,0.32388953295068845,NEAR,NEAR,0.6,1,,,0.01,100
C2_n0.01_d100_r05,C2,202627,13.04,12.94,0.09999999999999964,0.3409999999999999,0.33035079638022113,0.3255048488080716,NEAR,NEAR,0.6,1,,,0.01,100
C2_n0.01_d100_r05,C2,202627,13.06,12.96,0.09999999999999964,0.34275000000000005,0.34815979078135384,0.3311685843013922,NEAR,NEAR,0.6,1,,,0.01,100
C2_n0.01_d100_r05,C2,202627,13.08,12.98,0.09999999999999964,0.34450000000000003,0.33815036338228244,0.3329140290716147,NEAR,NEAR,0.6,1,,,0.01,100
C2_n0.01_d100_r05,C2,202627,13.1,13.0,0.09999999999999964,0.34624999999999995,0.33633235934203365,0.33376861163921945,NEAR,NEAR,0.6,1,,,0.01,100
C2_n0.01_d100_r05,C2,202627,13.12,13.02,0.09999999999999964,0.3479999999999999,0.31492704332824173,0.3290582195614751,NEAR,NEAR,0.6,1,,,0.01,100
C2_n0.01_d100_r05,C2,202627,13.14,13.04,0.10000000000000142,0.34975000000000006,0.3275899717809788,0.32869115761635104,NEAR,NEAR,0.6,1,,,0.01,100
C2_n0.01_d100_r05,C2,202627,13.16,13.06,0.09999999999999964,0.35150000000000003,0.3387427769349306,0.33120406244599593,FAR,NEAR,0.6,1,,,0.01,100
C2_n0.01_d100_r05,C2,202627,13.18,13.08,0.09999999999999964,0.35324999999999995,0.3377665247990569,0.33284467803426115,FAR,NEAR,0.6,1,,,0.01,100
C2_n0.01_d100_r05,C2,202627,13.2,13.1,0.09999999999999964,0.3549999999999999,0.3487073404357198,0.3368103436346258,FAR,NEAR,0.6,1,,,0.01,100
C2_n0.01_d100_r05,C2,202627,13.22,13.12,0.10000000000000142,0.35675000000000007,0.34608843476956624,0.3391298664183609,FAR,NEAR,0.6,1,,,0.01,100
C2_n0.01_d100_r05,C2,202627,13.24,13.14,0.09999999999999964,0.35850000000000004,0.3471334483031557,0.3411307618895596,FAR,NEAR,0.6,1,,,0.01,100
C2_n0.01_d100_r05,C2,202627,13.26,13.16,0.09999999999999964,0.36024999999999996,0.3262522114587149,0.33741112428184844,FAR,NEAR,0.6,1,,,0.01,100
C2_n0.01_d100_r05,C2,202627,13.28,13.18,0.09999999999999964,0.36199999999999993,0.37291473863264835,0.3462870278695484,FAR,NEAR,0.6,1,,,0.01,100
C2_n0.01_d100_r05,C2,202627,13.3,13.2,0.10000000000000142,0.3637500000000001,0.3496100947416474,0.34711779458757314,FAR,NEAR,0.6,1,,,0.01,100
C2_n0.01_d100_r05,C2,202627,13.32,13.22,0.09999999999999964,0.36550000000000005,0.356583749716899,0.34948428336990456,FAR,NEAR,0.6,1,,,0.01,100
C2_n0.01_d100_r05,C2,202627,13.34,13.24,0.09999999999999964,0.36724999999999997,0.3631991946401756,0.3529130111874723,FAR,NEAR,0.6,1,,,0.01,100
C2_n0.01_d100_r05,C2,202627,13.36,13.26,0.09999999999999964,0.36899999999999994,0.3741210298538522,0.3582150158540673,FAR,NEAR,0.6,1,,,0.01,100
C2_n0.01_d100_r05,C2,202627,13.38,13.28,0.10000000000000142,0.3707500000000001,0.37160665980119434,0.361562926840849,FAR,NEAR,0.6,1,,,0.01,100
C2_n0.01_d100_r05,C2,202627,13.4,13.3,0.09999999999999964,0.37250000000000005,0.35478238474216245,0.35986779131617735,FAR,NEAR,0.6,1,,,0.01,100
C2_n0.01_d100_r05,C2,202627,13.42,13.32,0.09999999999999964,0.37424999999999997,0.352931797267268,0.35813379280394997,FAR,NEAR,0.6,1,,,0.01,100
C2_n0.01_d100_r05,C2,202627,13.44,13.34,0.09999999999999964,0.37599999999999995,0.35681829368324175,0.3578049180237729,FAR,NEAR,0.6,1,,,0.01,100
C2_n0.01_d100_r05,C2,202627,13.46,13.36,0.10000000000000142,0.37775000000000003,0.37116232788950354,0.3611442704902056,FAR,NEAR,0.6,1,,,0.01,100
C2_n0.01_d100_r05,C2,202627,13.48,13.38,0.09999999999999964,0.37950000000000006,0.3442154997765624,0.3569120778117948,FAR,NEAR,0.6,1,,,0.01,100
C2_n0.01_d100_r05,C2,202627,13.5,13.4,0.09999999999999964,0.38125,0.3813101997573852,0.36301160829819246,FAR,NEAR,0.6,1,,,0.01,100
C2_n0.01_d100_r05,C2,202627,13.52,13.42,0.09999999999999964,0.38299999999999995,0.38209561780649637,0.3677826106752684,FAR,NEAR,0.6,1,,,0.01,100
C2_n0.01_d100_r05,C2,202627,13.54,13.44,0.09999999999999964,0.3847499999999999,0.37038578807674527,0.3684334050256376,FAR,NEAR,0.6,1,,,0.01,100
C2_n0.01_d100_r05,C2,202627,13.56,13.46,0.09999999999999964,0.38650000000000007,0.37591664448055556,0.3703042148893671,FAR,NEAR,0.6,1,,,0.01,100
C2_n0.01_d100_r05,C2,202627,13.58,13.48,0.09999999999999964,0.38825,0.37159809034214314,0.3706276837525611,FAR,NEAR,0.6,1,,,0.01,100
C2_n0.01_d100_r05,C2,202627,13.6,13.5,0.09999999999999964,0.38999999999999996,0.3730497514735497,0.3712332006828083,FAR,NEAR,0.6,1,,,0.01,100
C2_n0.01_d100_r05,C2,202627,13.62,13.52,0.09999999999999964,0.39174999999999993,0.3765102508563403,0.3725524632261913,FAR,NEAR,0.6,1,,,0.01,100
C2_n0.01_d100_r05,C2,202627,13.64,13.54,0.10000000000000142,0.39350000000000007,0.3653143227977616,0.3707429281190838,FAR,NEAR,0.6,1,,,0.01,100
C2_n0.01_d100_r05,C2,202627,13.66,13.56,0.09999999999999964,0.39525,0.39088780759761704,0.37577914798871714,FAR,NEAR,0.6,1,,,0.01,100
C2_n0.01_d100_r05,C2,202627,13.68,13.58,0.09999999999999964,0.39699999999999996,0.3845932695096571,0.37798267836895216,FAR,NEAR,0.6,1,,,0.01,100
C2_n0.01_d100_r05,C2,202627,13.7,13.6,0.09999999999999964,0.39874999999999994,0.3966058072735522,0.3826384605951022,FAR,FAR,0.0,1,EXIT_NEAR,,0.01,100
C2_n0.01_d100_r05,C2,202627,13.72,13.62,0.10000000000000142,0.4005000000000001,0.37580622035174543,0.380930400534263,FAR,FAR,0.0,1,,,0.01,100
C2_n0.01_d100_r05,C2,202627,13.74,13.64,0.09999999999999964,0.40225,0.3955502525132284,0.38458536352900435,FAR,FAR,0.0,1,,,0.01,100
C2_n0.01_d100_r05,C2,202627,13.76,13.66,0.09999999999999964,0.40399999999999997,0.39398010746938955,0.38693404951410065,FAR,FAR,0.0,1,,,0.01,100
C2_n0.01_d100_r05,C2,202627,13.78,13.68,0.09999999999999964,0.40574999999999994,0.39641995608819375,0.3893055261576239,FAR,FAR,0.0,1,,,0.01,100
C2_n0.01_d100_r05,C2,202627,13.8,13.7,0.10000000000000142,0.4075000000000001,0.40002100737181634,0.391984396461172,FAR,FAR,0.0,1,,,0.01,100
C2_n0.01_d100_r05,C2,202627,13.82,13.72,0.09999999999999964,0.40925,0.3862870141455332,0.3905600508822623,FAR,FAR,0.0,1,,,0.01,100
C2_n0.01_d100_r05,C2,202627,13.84,13.74,0.09999999999999964,0.411,0.4030002647649904,0.39367010435294436,FAR,FAR,0.0,1,,,0.01,100
C2_n0.01_d100_r05,C2,202627,13.86,13.76,0.09999999999999964,0.41274999999999995,0.41025550552245854,0.39781645464532295,FAR,FAR,0.0,1,,,0.01,100
C2_n0.01_d100_r05,C2,202627,13.88,13.78,0.10000000000000142,0.4145000000000001,0.40787772990239357,0.4003317734595906,FAR,FAR,0.0,1,,,0.01,100
C2_n0.01_d100_r05,C2,202627,13.9,13.8,0.09999999999999964,0.41625,0.4008432798178029,0.40045965004914363,FAR,FAR,0.0,1,,,0.01,100
C2_n0.01_d100_r05,C2,202627,13.92,13.82,0.09999999999999964,0.418,0.401292279922157,0.400667807517397,FAR,FAR,0.0,1,,,0.01,100
C2_n0.01_d100_r05,C2,202627,13.94,13.84,0.09999999999999964,0.41974999999999996,0.406833842277352,0.40220931620738576,FAR,FAR,0.0,1,,,0.01,100
C2_n0.01_d100_r05,C2,202627,13.96,13.86,0.10000000000000142,0.4215000000000001,0.406862013902606,0.40337249063119085,FAR,FAR,0.0,1,,,0.01,100
C2_n0.01_d100_r05,C2,202627,13.98,13.88,0.09999999999999964,0.42325,0.4364652462718859,0.4116456795413646,FAR,FAR,0.0,1,,,0.01,100
C2_n0.01_d100_r05,C2,202627,14.0,13.9,0.09999999999999964,0.425,0.42068071528027795,0.41390443847609293,FAR,FAR,0.0,1,,,0.01,100
C2_n0.01_d100_r05,C2,202627,14.02,13.92,0.09999999999999964,0.42674999999999996,0.42711811826512325,0.4172078584233505,FAR,FAR,0.0,1,,,0.01,100
C2_n0.01_d100_r05,C2,202627,14.04,13.94,0.09999999999999964,0.4284999999999999,0.42522938401085597,0.41921323982022685,FAR,FAR,0.0,1,,,0.01,100
C2_n0.01_d100_r05,C2,202627,14.06,13.96,0.09999999999999964,0.43025,0.4309076093217428,0.4221368321956058,FAR,FAR,0.0,1,,,0.01,100
C2_n0.01_d100_r05,C2,202627,14.08,13.98,0.09999999999999964,0.432,0.4400933496416841,0.4266259615571254,FAR,FAR,0.0,1,,,0.01,100
C2_n0.01_d100_r05,C2,202627,14.1,14.0,0.09999999999999964,0.43374999999999997,0.44168717594748813,0.43039126515471604,FAR,FAR,0.0,1,,,0.01,100
C2_n0.01_d100_r05,C2,202627,14.12,14.02,0.09999999999999964,0.4354999999999999,0.42803243340213737,0.4298015572165713,FAR,FAR,0.0,1,,,0.01,100
C2_n0.01_d100_r05,C2,202627,14.14,14.04,0.10000000000000142,0.43725,0.43221774611684977,0.4304056044416409,FAR,FAR,0.0,1,,,0.01,100
C2_n0.01_d100_r05,C2,202627,14.16,14.06,0.09999999999999964,0.439,0.40540097414016685,0.42415444686627235,FAR,FAR,0.0,1,,,0.01,100
C2_n0.01_d100_r05,C2,202627,14.18,14.08,0.09999999999999964,0.44075,0.4209084418703843,0.42334294561730035,FAR,FAR,0.0,1,,,0.01,100
C2_n0.01_d100_r05,C2,202627,14.2,14.1,0.09999999999999964,0.4424999999999999,0.4404664866966502,0.4276238308871378,FAR,FAR,0.0,1,,,0.01,100
C2_n0.01_d100_r05,C2,202627,14.22,14.12,0.10000000000000142,0.44425000000000003,0.42308847554769347,0.42648999205227667,FAR,FAR,0.0,1,,,0.01,100
C2_n0.01_d100_r05,C2,202627,14.24,14.14,0.09999999999999964,0.446,0.4405957752285945,0.4300164378463561,FAR,FAR,0.0,1,,,0.01,100
C2_n0.01_d100_r05,C2,202627,14.26,14.16,0.09999999999999964,0.44775,0.43257946569721356,0.43065719480907044,FAR,FAR,0.0,1,,,0.01,100
C2_n0.01_d100_r05,C2,202627,14.28,14.18,0.09999999999999964,0.4494999999999999,0.44855188671416624,0.4351308677853444,FAR,FAR,0.0,1,,,0.01,100
C2_n0.01_d100_r05,C2,202627,14.3,14.2,0.10000000000000142,0.45125000000000004,0.4571615643941334,0.4406385419375416,FAR,FAR,0.0,1,,,0.01,100
C2_n0.01_d100_r05,C2,202627,14.32,14.22,0.09999999999999964,0.453,0.42715998438974984,0.43726890255059364,FAR,FAR,0.0,1,,,0.01,100
C2_n0.01_d100_r05,C2,202627,14.34,14.24,0.09999999999999964,0.45475,0.4390803689637038,0.4377217691538712,FAR,FAR,0.0,1,,,0.01,100
C2_n0.01_d100_r05,C2,202627,14.36,14.26,0.09999999999999964,0.4564999999999999,0.4510539430612526,0.44105481263071655,FAR,FAR,0.0,1,,,0.01,100
C2_n0.01_d100_r05,C2,202627,14.38,14.28,0.10000000000000142,0.45825000000000005,0.4421124962089717,0.44131923352528035,FAR,FAR,0.0,1,,,0.01,100
C2_n0.01_d100_r05,C2,202627,14.4,14.3,0.09999999999999964,0.46,0.4487006570616851,0.4431645894093815,FAR,FAR,0.0,1,,,0.01,100
C2_n0.01_d100_r05,C2,202627,14.42,14.32,0.09999999999999964,0.46175,0.44440115888914833,0.4434737317793232,FAR,FAR,0.0,1,,,0.01,100
C2_n0.01_d100_r05,C2,202627,14.44,14.34,0.09999999999999964,0.4634999999999999,0.45947012509406,0.4474728301080074,FAR,FAR,0.0,1,,,0.01,100
C2_n0.01_d100_r05,C2,202627,14.46,14.36,0.10000000000000142,0.46525000000000005,0.44735351904416587,0.44744300234204704,FAR,FAR,0.0,1,,,0.01,100
C2_n0.01_d100_r05,C2,202627,14.48,14.38,0.09999999999999964,0.467,0.4542983211391238,0.44915683204131623,FAR,FAR,0.0,1,,,0.01,100
C2_n0.01_d100_r05,C2,202627,14.5,14.4,0.09999999999999964,0.46875,0.4722242685618401,0.4549236911714472,FAR,FAR,0.0,1,,,0.01,100
C2_n0.01_d100_r05,C2,202627,14.52,14.42,0.09999999999999964,0.4704999999999999,0.44660733608348224,0.452844602399456,FAR,FAR,0.0,1,,,0.01,100
C2_n0.01_d100_r05,C2,202627,14.54,14.44,0.09999999999999964,0.47224999999999995,0.46737848309108476,0.4564780725723632,FAR,FAR,0.0,1,,,0.01,100
C2_n0.01_d100_r05,C2,202627,14.56,14.46,0.09999999999999964,0.47400000000000003,0.4703143602079141,0.45993714448125095,FAR,FAR,0.0,1,,,0.01,100
C2_n0.01_d100_r05,C2,202627,14.58,14.48,0.09999999999999964,0.47575,0.4738535042722131,0.4634162344289915,FAR,FAR,0.0,1,,,0.01,100
C2_n0.01_d100_r05,C2,202627,14.6,14.5,0.09999999999999964,0.4774999999999999,0.46132439985455226,0.4628932757853817,FAR,FAR,0.0,1,,,0.01,100
C2_n0.01_d100_r05,C2,202627,14.62,14.52,0.09999999999999964,0.47924999999999995,0.48006371604970605,0.4671858858514628,FAR,FAR,0.0,1,,,0.01,100
C2_n0.01_d100_r05,C2,202627,14.64,14.54,0.10000000000000142,0.48100000000000004,0.46362949704436607,0.4662967886496886,FAR,FAR,0.0,1,,,0.01,100
C2_n0.01_d100_r05,C2,202627,14.66,14.56,0.09999999999999964,0.48275,0.4957630546957264,0.47366335516119806,FAR,FAR,0.0,1,,,0.01,100
C2_n0.01_d100_r05,C2,202627,14.68,14.58,0.09999999999999964,0.48449999999999993,0.4711332072023977,0.473030818171498,FAR,FAR,0.0,1,,,0.01,100
C2_n0.01_d100_r05,C2,202627,14.7,14.6,0.09999999999999964,0.48624999999999996,0.48246614610395433,0.4753896501546121,FAR,FAR,0.0,1,,,0.01,100
C2_n0.01_d100_r05,C2,202627,14.72,14.62,0.10000000000000142,0.48800000000000004,0.47088126151841553,0.4742625529955629,FAR,FAR,0.0,1,,,0.01,100
C2_n0.01_d100_r05,C2,202627,14.74,14.64,0.09999999999999964,0.48975,0.46952929599660453,0.47307923874582336,FAR,FAR,0.0,1,,,0.01,100
C2_n0.01_d100_r05,C2,202627,14.76,14.66,0.09999999999999964,0.49149999999999994,0.49911129621572903,0.47958725311329975,FAR,FAR,0.0,1,,,0.01,100
C2_n0.01_d100_r05,C2,202627,14.78,14.68,0.09999999999999964,0.49324999999999997,0.4844412497471953,0.48080075227177366,FAR,FAR,0.0,1,,,0.01,100
C2_n0.01_d100_r05,C2,202627,14.8,14.7,0.10000000000000142,0.49500000000000005,0.4999697332391414,0.4855929975136156,FAR,FAR,0.0,1,,,0.01,100
C2_n0.01_d100_r05,C2,202627,14.82,14.72,0.09999999999999964,0.49675,0.46489938032059486,0.48041959321536043,FAR,FAR,0.0,1,,,0.01,100
C2_n0.01_d100_r05,C2,202627,14.84,14.74,0.09999999999999964,0.49849999999999994,0.4859778043644764,0.48180914600263947,FAR,FAR,0.0,1,,,0.01,100
C2_n0.01_d100_r05,C2,202627,14.86,14.76,0.09999999999999964,0.5002499999999999,0.48900721043561335,0.48360866211088294,FAR,FAR,0.0,1,,,0.01,100
C2_n0.01_d100_r05,C2,202627,14.88,14.78,0.10000000000000142,0.502,0.4973695940530831,0.487048895096433,FAR,FAR,0.0,1,,,0.01,100
C2_n0.01_d100_r05,C2,202627,14.9,14.8,0.09999999999999964,0.50375,0.4886184920519124,0.4874412943353028,FAR,FAR,0.0,1,,,0.01,100
C2_n0.01_d100_r05,C2,202627,14.92,14.82,0.09999999999999964,0.5055000000000001,0.4991632660509194,0.49037178726420694,FAR,FAR,0.0,1,,,0.01,100
C2_n0.01_d100_r05,C2,202627,14.94,14.84,0.09999999999999964,0.50725,0.49028416417684323,0.490349881492366,FAR,FAR,0.0,1,,,0.01,100
C2_n0.01_d100_r05,C2,202627,14.96,14.86,0.10000000000000142,0.5090000000000001,0.4924087521204806,0.4908645991493947,FAR,FAR,0.0,1,,,0.01,100
C2_n0.01_d100_r05,C2,202627,14.98,14.88,0.09999999999999964,0.51075,0.5107141369354504,0.4958269835959086,FAR,FAR,0.0,1,,,0.01,100
C2_n0.01_d100_r05,C2,202627,15.0,14.9,0.09999999999999964,0.5125,0.506833262724871,0.49857855337814916,FAR,FAR,0.0,1,,,0.01,100
C2_n0.01_d100_r05,C2,202627,15.02,14.92,0.09999999999999964,0.5142499999999999,0.48103107362598146,0.4941916834401072,FAR,FAR,0.0,1,,,0.01,100
C2_n0.01_d100_r05,C2,202627,15.04,14.94,0.09999999999999964,0.5159999999999999,0.512291674227635,0.4987166811369892,FAR,FAR,0.0,1,,,0.01,100
C2_n0.01_d100_r05,C2,202627,15.06,14.96,0.09999999999999964,0.51775,0.5169784146600389,0.5032821145177516,FAR,FAR,0.0,1,,,0.01,100
C2_n0.01_d100_r05,C2,202627,15.08,14.98,0.09999999999999964,0.5195,0.5028627524745183,0.5031772740069432,FAR,FAR,0.0,1,,,0.01,100
C2_n0.01_d100_r05,C2,202627,15.1,15.0,0.09999999999999964,0.52125,0.4992909389905939,0.5022056902528559,FAR,FAR,0.0,1,,,0.01,100
C2_n0.01_d100_r05,C2,202627,15.12,15.02,0.09999999999999964,0.5229999999999999,0.5193987335298099,0.5065039510720944,FAR,FAR,0.0,1,,,0.01,100
C2_n0.01_d100_r05,C2,202627,15.14,15.04,0.10000000000000142,0.52475,0.5182689191040516,0.5094451930800837,FAR,FAR,0.0,1,,,0.01,100
C2_n0.01_d100_r05,C2,202627,15.16,15.06,0.09999999999999964,0.5265,0.5154688316503329,0.510951102722646,FAR,FAR,0.0,1,,,0.01,100
C2_n0.01_d100_r05,C2,202627,15.18,15.08,0.09999999999999964,0.5282499999999999,0.5319709417107337,0.5162060624696679,FAR,FAR,0.0,1,,,0.01,100
C2_n0.01_d100_r05,C2,202627,15.2,15.1,0.09999999999999964,0.5299999999999999,0.518123219228666,0.5166853516594174,FAR,FAR,0.0,1,,,0.01,100
C2_n0.01_d100_r05,C2,202627,15.22,15.12,0.10000000000000142,0.5317500000000001,0.5216016118217595,0.5179144167000029,FAR,FAR,0.0,1,,,0.01,100
C2_n0.01_d100_r05,C2,202627,15.24,15.14,0.09999999999999964,0.5335,0.5199966283966783,0.5184349696241718,FAR,FAR,0.0,1,,,0.01,100
C2_n0.01_d100_r05,C2,202627,15.26,15.16,0.09999999999999964,0.53525,0.5342798168435344,0.5223961814290125,FAR,FAR,0.0,1,,,0.01,100
C2_n0.01_d100_r05,C2,202627,15.28,15.18,0.09999999999999964,0.5369999999999999,0.5249385675724066,0.523031777964861,FAR,FAR,0.0,1,,,0.01,100
C2_n0.01_d100_r05,C2,202627,15.3,15.2,0.10000000000000142,0.5387500000000001,0.5214112007584067,0.5226266336632475,FAR,FAR,0.0,1,,,0.01,100
C2_n0.01_d100_r05,C2,202627,15.32,15.22,0.09999999999999964,0.5405,0.5411882590930552,0.5272670400206994,FAR,FAR,0.0,1,,,0.01,100
C2_n0.01_d100_r05,C2,202627,15.34,15.24,0.09999999999999964,0.5422499999999999,0.5178770835856967,0.5249195509119486,FAR,FAR,0.0,1,,,0.01,100
C2_n0.01_d100_r05,C2,202627,15.36,15.26,0.09999999999999964,0.5439999999999999,0.5369389733318136,0.5279244065169149,FAR,FAR,0.0,1,,,0.01,100
C2_n0.01_d100_r05,C2,202627,15.38,15.28,0.10000000000000142,0.5457500000000001,0.5243821944197548,0.5270388534926248,FAR,FAR,0.0,1,,,0.01,100
C2_n0.01_d100_r05,C2,202627,15.4,15.3,0.09999999999999964,0.5475,0.5294514745945949,0.5276420087681173,FAR,FAR,0.0,1,,,0.01,100
C2_n0.01_d100_r05,C2,202627,15.42,15.32,0.09999999999999964,0.54925,0.5377864950678977,0.5301781303430624,FAR,FAR,0.0,1,,,0.01,100
C2_n0.01_d100_r05,C2,202627,15.44,15.34,0.09999999999999964,0.5509999999999999,0.5308477779015282,0.5303455422326788,FAR,FAR,0.0,1,,,0.01,100
C2_n0.01_d100_r05,C2,202627,15.46,15.36,0.10000000000000142,0.5527500000000001,0.5456701221414372,0.5341766872098684,FAR,FAR,0.0,1,,,0.01,100
C2_n0.01_d100_r05,C2,202627,15.48,15.38,0.09999999999999964,0.5545,0.553627140461236,0.5390393005227103,FAR,FAR,0.0,1,,,0.01,100
C2_n0.01_d100_r05,C2,202627,15.5,15.4,0.09999999999999964,0.5562499999999999,0.5491037756543651,0.541555419305624,FAR,FAR,0.0,1,,,0.01,100
C2_n0.01_d100_r05,C2,202627,15.52,15.42,0.09999999999999964,0.5579999999999999,0.5491733450416244,0.5434599007396241,FAR,FAR,0.0,1,,,0.01,100
C2_n0.01_d100_r05,C2,202627,15.54,15.44,0.09999999999999964,0.55975,0.560614017465219,0.5477484299210229,FAR,FAR,0.0,1,,,0.01,100
C2_n0.01_d100_r05,C2,202627,15.56,15.46,0.09999999999999964,0.5615,0.5489187555755156,0.5480410113346461,FAR,FAR,0.0,1,,,0.01,100
C2_n0.01_d100_r05,C2,202627,15.58,15.48,0.09999999999999964,0.56325,0.5501929525026422,0.5485789966266451,FAR,FAR,0.0,1,,,0.01,100
C2_n0.01_d100_r05,C2,202627,15.6,15.5,0.09999999999999964,0.565,0.5652953093191307,0.5527580747997665,FAR,FAR,0.0,1,,,0.01,100
C2_n0.01_d100_r05,C2,202627,15.62,15.52,0.09999999999999964,0.5667499999999999,0.555066101517131,0.5533350814791076,FAR,FAR,0.0,1,,,0.01,100
C2_n0.01_d100_r05,C2,202627,15.64,15.54,0.10000000000000142,0.5685,0.5562824757123885,0.5540719300374278,FAR,FAR,0.0,1,,,0.01,100
C2_n0.01_d100_r05,C2,202627,15.66,15.56,0.09999999999999964,0.5702499999999999,0.5489774086368718,0.5527982996872888,FAR,FAR,0.0,1,,,0.01,100
C2_n0.01_d100_r05,C2,202627,15.68,15.58,0.09999999999999964,0.572,0.552892913545864,0.5528219531519325,FAR,FAR,0.0,1,,,0.01,100
C2_n0.01_d100_r05,C2,202627,15.7,15.6,0.09999999999999964,0.57375,0.5525763331622854,0.5527605481545207,FAR,FAR,0.0,1,,,0.01,100
C2_n0.01_d100_r05,C2,202627,15.72,15.62,0.10000000000000142,0.5755,0.5586013686580995,0.5542207532804154,FAR,FAR,0.0,1,,,0.01,100
C2_n0.01_d100_r05,C2,202627,15.74,15.64,0.09999999999999964,0.57725,0.5699822255150525,0.5581611213390747,FAR,FAR,0.0,1,,,0.01,100
C2_n0.01_d100_r05,C2,202627,15.76,15.66,0.09999999999999964,0.579,0.5747910818934123,0.562318611477659,FAR,FAR,0.0,1,,,0.01,100
C2_n0.01_d100_r05,C2,202627,15.78,15.68,0.09999999999999964,0.5807499999999999,0.5633198974349598,0.5625689329669843,FAR,FAR,0.0,1,,,0.01,100
C2_n0.01_d100_r05,C2,202627,15.8,15.7,0.10000000000000142,0.5825,0.558192198536509,0.5614747493593655,FAR,FAR,0.0,1,,,0.01,100
C2_n0.01_d100_r05,C2,202627,15.82,15.72,0.09999999999999964,0.5842499999999999,0.5703593393168401,0.5636958968487341,FAR,FAR,0.0,1,,,0.01,100
C2_n0.01_d100_r05,C2,202627,15.84,15.74,0.09999999999999964,0.586,0.5644944218207858,0.563895528091747,FAR,FAR,0.0,1,,,0.01,100
C2_n0.01_d100_r05,C2,202627,15.86,15.76,0.09999999999999964,0.58775,0.568795516691858,0.5651205252417748,FAR,FAR,0.0,1,,,0.01,100
C2_n0.01_d100_r05,C2,202627,15.88,15.78,0.10000000000000142,0.5895,0.5894578496238148,0.5712048563372848,FAR,FAR,0.0,1,,,0.01,100
C2_n0.01_d100_r05,C2,202627,15.9,15.8,0.09999999999999964,0.59125,0.5718892540621379,0.5713759557684981,FAR,FAR,0.0,1,,,0.01,100
C2_n0.01_d100_r05,C2,202627,15.92,15.82,0.09999999999999964,0.593,0.5864960411193298,0.575155977106206,FAR,FAR,0.0,1,,,0.01,100
C2_n0.01_d100_r05,C2,202627,15.94,15.84,0.09999999999999964,0.5947499999999999,0.5719633434961937,0.574357818703703,FAR,FAR,0.0,1,,,0.01,100
C2_n0.01_d100_r05,C2,202627,15.96,15.86,0.10000000000000142,0.5965,0.5680687443356583,0.5727855501116917,FAR,FAR,0.0,1,,,0.01,100
C2_n0.01_d100_r05,C2,202627,15.98,15.88,0.09999999999999964,0.59825,0.5912567172645637,0.5774033418999097,FAR,FAR,0.0,1,,,0.01,100
C2_n0.01_d100_r05,C2,202627,16.0,15.9,0.09999999999999964,0.6,0.5866859468285672,0.5797239931320741,FAR,FAR,0.0,1,,,0.01,100
C2_n0.01_d100_r05,C2,202627,16.02,15.92,0.09999999999999964,0.6,0.587532984818352,0.5816762410536436,FAR,FAR,0.0,1,,,0.01,100
C2_n0.01_d100_r05,C2,202627,16.04,15.94,0.09999999999999964,0.6,0.5957158118049455,0.585186133741469,FAR,FAR,0.0,1,,,0.01,100
C2_n0.01_d100_r05,C2,202627,16.06,15.96,0.09999999999999787,0.6,0.5910908141401263,0.5866623038411334,FAR,FAR,0.0,1,,,0.01,100
C2_n0.01_d100_r05,C2,202627,16.08,15.98,0.09999999999999787,0.6,0.5881696359131205,0.5870391368591301,FAR,FAR,0.0,1,,,0.01,100
C2_n0.01_d100_r05,C2,202627,16.1,16.0,0.10000000000000142,0.6,0.6214493051818044,0.5956416789397987,FAR,FAR,0.0,1,,,0.01,100
C2_n0.01_d100_r05,C2,202627,16.12,16.02,0.10000000000000142,0.6,0.6128552597232538,0.5999450741356624,FAR,FAR,0.0,1,,,0.01,100
C2_n0.01_d100_r05,C2,202627,16.14,16.04,0.10000000000000142,0.6,0.6117419329435888,0.6028942888376441,FAR,FAR,0.0,1,,,0.01,100
C2_n0.01_d100_r05,C2,202627,16.16,16.06,0.10000000000000142,0.6,0.6191983644317082,0.6069703077361601,FAR,FAR,0.0,1,,,0.01,100
C2_n0.01_d100_r05,C2,202627,16.18,16.08,0.10000000000000142,0.6,0.6027652641864178,0.6059190468487246,FAR,FAR,0.0,1,,,0.01,100
C2_n0.01_d100_r05,C2,202627,16.2,16.1,0.09999999999999787,0.6,0.5989493822069321,0.6041766306882764,FAR,FAR,0.0,1,,,0.01,100
C2_n0.01_d100_r05,C2,202627,16.22,16.12,0.09999999999999787,0.6,0.6024864603525767,0.6037540881043515,FAR,FAR,0.0,1,,,0.01,100
C2_n0.01_d100_r05,C2,202627,16.24,16.14,0.09999999999999787,0.6,0.594911806219476,0.6015435176331326,FAR,FAR,0.0,1,,,0.01,100
C2_n0.01_d100_r05,C2,202627,16.26,16.16,0.10000000000000142,0.6,0.6077709764631088,0.6031003823406267,FAR,FAR,0.0,1,,,0.01,100
C2_n0.01_d100_r05,C2,202627,16.28,16.18,0.10000000000000142,0.6,0.5898300915096326,0.5997828096328781,FAR,FAR,0.0,1,,,0.01,100
C2_n0.01_d100_r05,C2,202627,16.3,16.2,0.10000000000000142,0.6,0.6177177039140324,0.6042665332031667,FAR,FAR,0.0,1,,,0.01,100
C2_n0.01_d100_r05,C2,202627,16.32,16.22,0.10000000000000142,0.6,0.6213616701273718,0.608540317434218,FAR,FAR,0.0,1,,,0.01,100
C2_n0.01_d100_r05,C2,202627,16.34,16.24,0.10000000000000142,0.6,0.600404854479176,0.6065064516954575,FAR,FAR,0.0,1,,,0.01,100
C2_n0.01_d100_r05,C2,202627,16.36,16.26,0.09999999999999787,0.6,0.604858779063079,0.6060945335373629,FAR,FAR,0.0,1,,,0.01,100
C2_n0.01_d100_r05,C2,202627,16.38,16.28,0.09999999999999787,0.6,0.6078877256982219,0.6065428315775776,FAR,FAR,0.0,1,,,0.01,100
C2_n0.01_d100_r05,C2,202627,16.4,16.3,0.09999999999999787,0.6,0.6058908550705848,0.6063798374508294,FAR,FAR,0.0,1,,,0.01,100
C2_n0.01_d100_r05,C2,202627,16.42,16.32,0.10000000000000142,0.6,0.5875911448364602,0.601682664297237,FAR,FAR,0.0,1,,,0.01,100
C2_n0.01_d100_r05,C2,202627,16.44,16.34,0.10000000000000142,0.6,0.6052110175953505,0.6025647526217655,FAR,FAR,0.0,1,,,0.01,100
C2_n0.01_d100_r05,C2,202627,16.46,16.36,0.10000000000000142,0.6,0.5970072129725048,0.6011753677094502,FAR,FAR,0.0,1,,,0.01,100
C2_n0.01_d100_r05,C2,202627,16.48,16.38,0.10000000000000142,0.6,0.5906360847214069,0.5985405469624394,FAR,FAR,0.0,1,,,0.01,100
C2_n0.01_d100_r05,C2,202627,16.5,16.4,0.10000000000000142,0.6,0.5940450708750893,0.5974166779406018,FAR,FAR,0.0,1,,,0.01,100
C2_n0.01_d100_r05,C2,202627,16.52,16.42,0.09999999999999787,0.6,0.606626331962334,0.5997190914460349,FAR,FAR,0.0,1,,,0.01,100
C2_n0.01_d100_r05,C2,202627,16.54,16.44,0.09999999999999787,0.6,0.6079500787903246,0.6017768382821073,FAR,FAR,0.0,1,,,0.01,100
C2_n0.01_d100_r05,C2,202627,16.56,16.46,0.09999999999999787,0.6,0.5889767802244098,0.5985768237676828,FAR,FAR,0.0,1,,,0.01,100
C2_n0.01_d100_r05,C2,202627,16.58,16.48,0.09999999999999787,0.6,0.6116865771922816,0.6018542621238325,FAR,FAR,0.0,1,,,0.01,100
C2_n0.01_d100_r05,C2,202627,16.6,16.5,0.10000000000000142,0.6,0.5949855543476199,0.6001370851797794,FAR,FAR,0.0,1,,,0.01,100
C2_n0.01_d100_r05,C2,202627,16.62,16.52,0.10000000000000142,0.6,0.6035235899225193,0.6009837113654644,FAR,FAR,0.0,1,,,0.01,100
C2_n0.01_d100_r05,C2,202627,16.64,16.54,0.10000000000000142,0.6,0.5964514752846942,0.5998506523452718,FAR,FAR,0.0,1,,,0.01,100
C2_n0.01_d100_r05,C2,202627,16.66,16.56,0.10000000000000142,0.6,0.587143388285073,0.5966738363302221,FAR,FAR,0.0,1,,,0.01,100
C2_n0.01_d100_r05,C2,202627,16.68,16.58,0.10000000000000142,0.6,0.6090096340074108,0.5997577857495193,FAR,FAR,0.0,1,,,0.01,100
C2_n0.01_d100_r05,C2,202627,16.7,16.6,0.09999999999999787,0.6,0.5983409127603274,0.5994035675022213,FAR,FAR,0.0,1,,,0.01,100
C2_n0.01_d100_r05,C2,202627,16.72,16.62,0.09999999999999787,0.6,0.5854648639139346,0.5959188916051497,FAR,FAR,0.0,1,,,0.01,100
C2_n0.01_d100_r05,C2,202627,16.74,16.64,0.09999999999999787,0.6,0.5933049251426374,0.5952653999895217,FAR,FAR,0.0,1,,,0.01,100
C2_n0.01_d100_r05,C2,202627,16.76,16.66,0.10000000000000142,0.6,0.593919621506483,0.594928955368762,FAR,FAR,0.0,1,,,0.01,100
C2_n0.01_d100_r05,C2,202627,16.78,16.68,0.10000000000000142,0.6,0.6024442932400234,0.5968077898365773,FAR,FAR,0.0,1,,,0.01,100
C2_n0.01_d100_r05,C2,202627,16.8,16.7,0.10000000000000142,0.6,0.6010468142896148,0.5978675459498367,FAR,FAR,0.0,1,,,0.01,100
C2_n0.01_d100_r05,C2,202627,16.82,16.72,0.10000000000000142,0.6,0.5902213115168202,0.5959559873415825,FAR,FAR,0.0,1,,,0.01,100
C2_n0.01_d100_r05,C2,202627,16.84,16.74,0.10000000000000142,0.6,0.611301141136945,0.5997922757904232,FAR,FAR,0.0,1,,,0.01,100
C2_n0.01_d100_r05,C2,202627,16.86,16.76,0.09999999999999787,0.6,0.5892829306935633,0.5971649395162082,FAR,FAR,0.0,1,,,0.01,100
C2_n0.01_d100_r05,C2,202627,16.88,16.78,0.09999999999999787,0.6,0.5903412875760449,0.5954590265311673,FAR,FAR,0.0,1,,,0.01,100
C2_n0.01_d100_r05,C2,202627,16.9,16.8,0.09999999999999787,0.6,0.6081370505490695,0.5986285325356429,FAR,FAR,0.0,1,,,0.01,100
C2_n0.01_d100_r05,C2,202627,16.92,16.82,0.10000000000000142,0.6,0.60493107766481,0.6002041688179347,FAR,FAR,0.0,1,,,0.01,100
C2_n0.01_d100_r05,C2,202627,16.94,16.84,0.10000000000000142,0.6,0.6082641447922124,0.6022191628115041,FAR,FAR,0.0,1,,,0.01,100
C2_n0.01_d100_r05,C2,202627,16.96,16.86,0.10000000000000142,0.6,0.5867175565189369,0.5983437612383623,FAR,FAR,0.0,1,,,0.01,100
C2_n0.01_d100_r05,C2,202627,16.98,16.88,0.10000000000000142,0.6,0.6040688895283046,0.5997750433108479,FAR,FAR,0.0,1,,,0.01,100
C2_n0.01_d100_r05,C2,202627,17.0,16.9,0.10000000000000142,0.6,0.5914921450287501,0.5977043187403234,FAR,FAR,0.0,1,,,0.01,100
C2_n0.01_d100_r05,C2,202627,17.02,16.92,0.09999999999999787,0.6,0.5991366188107976,0.5980623937579419,FAR,FAR,0.0,1,,,0.01,100
C2_n0.01_d100_r05,C2,202627,17.04,16.94,0.09999999999999787,0.6,0.5905839803552356,0.5961927904072654,FAR,FAR,0.0,1,,,0.01,100
C2_n0.01_d100_r05,C2,202627,17.06,16.96,0.09999999999999787,0.6,0.587315666349289,0.5939735093927713,FAR,FAR,0.0,1,,,0.01,100
C2_n0.01_d100_r05,C2,202627,17.08,16.98,0.09999999999999787,0.6,0.6119574249037926,0.5984694882705266,FAR,FAR,0.0,1,,,0.01,100
C2_n0.01_d100_r05,C2,202627,17.1,17.0,0.10000000000000142,0.6,0.580561886368345,0.5939925877949812,FAR,FAR,0.0,1,,,0.01,100
C2_n0.01_d100_r05,C2,202627,17.12,17.02,0.10000000000000142,0.6,0.5880112126534309,0.5924972440095937,FAR,FAR,0.0,1,,,0.01,100
C2_n0.01_d100_r05,C2,202627,17.14,17.04,0.10000000000000142,0.6,0.5875856124149219,0.5912693361109258,FAR,FAR,0.0,1,,,0.01,100
C2_n0.01_d100_r05,C2,202627,17.16,17.06,0.10000000000000142,0.6,0.6199706944960657,0.5984446757072108,FAR,FAR,0.0,1,,,0.01,100
C2_n0.01_d100_r05,C2,202627,17.18,17.08,0.10000000000000142,0.6,0.612173618279284,0.6018769113502291,FAR,FAR,0.0,1,,,0.01,100
C2_n0.01_d100_r05,C2,202627,17.2,17.1,0.09999999999999787,0.6,0.6112678698048452,0.6042246509638831,FAR,FAR,0.0,1,,,0.01,100
C2_n0.01_d100_r05,C2,202627,17.22,17.12,0.09999999999999787,0.6,0.5936353584646513,0.6015773278390751,FAR,FAR,0.0,1,,,0.01,100
C2_n0.01_d100_r05,C2,202627,17.24,17.14,0.09999999999999787,0.6,0.6062807718260161,0.6027531888358104,FAR,FAR,0.0,1,,,0.01,100
C2_n0.01_d100_r05,C2,202627,17.26,17.16,0.10000000000000142,0.6,0.5982180818848356,0.6016194120980667,FAR,FAR,0.0,1,,,0.01,100
C2_n0.01_d100_r05,C2,202627,17.28,17.18,0.10000000000000142,0.6,0.6161908675963107,0.6052622759726277,FAR,FAR,0.0,1,,,0.01,100
C2_n0.01_d100_r05,C2,202627,17.3,17.2,0.10000000000000142,0.6,0.6075287839245472,0.6058289029606077,FAR,FAR,0.0,1,,,0.01,100
C2_n0.01_d100_r05,C2,202627,17.32,17.22,0.10000000000000142,0.6,0.6053423304062767,0.6057072598220249,FAR,FAR,0.0,1,,,0.01,100
C2_n0.01_d100_r05,C2,202627,17.34,17.24,0.10000000000000142,0.6,0.5967619418373342,0.6034709303258522,FAR,FAR,0.0,1,,,0.01,100
C2_n0.01_d100_r05,C2,202627,17.36,17.26,0.09999999999999787,0.6,0.5849898979296823,0.5988506722268098,FAR,FAR,0.0,1,,,0.01,100
C2_n0.01_d100_r05,C2,202627,17.38,17.28,0.09999999999999787,0.6,0.602579692968578,0.5997829274122518,FAR,FAR,0.0,1,,,0.01,100
C2_n0.01_d100_r05,C2,202627,17.4,17.3,0.09999999999999787,0.6,0.582365875244323,0.5954286643702696,FAR,FAR,0.0,1,,,0.01,100
C2_n0.01_d100_r05,C2,202627,17.42,17.32,0.10000000000000142,0.6,0.5965096830533912,0.5956989190410501,FAR,FAR,0.0,1,,,0.01,100
C2_n0.01_d100_r05,C2,202627,17.44,17.34,0.10000000000000142,0.6,0.5893762137304651,0.5941182427134039,FAR,FAR,0.0,1,,,0.01,100
C2_n0.01_d100_r05,C2,202627,17.46,17.36,0.10000000000000142,0.6,0.6006580783490526,0.595753201622316,FAR,FAR,0.0,1,,,0.01,100
C2_n0.01_d100_r05,C2,202627,17.48,17.38,0.10000000000000142,0.6,0.605768483203555,0.5982570220176258,FAR,FAR,0.0,1,,,0.01,100
C2_n0.01_d100_r05,C2,202627,17.5,17.4,0.10000000000000142,0.6,0.581997025337576,0.5941920228476133,FAR,FAR,0.0,1,,,0.01,100
C2_n0.01_d100_r05,C2,202627,17.52,17.42,0.09999999999999787,0.6,0.5843470397806093,0.5917307770808623,FAR,FAR,0.0,1,,,0.01,100
C2_n0.01_d100_r05,C2,202627,17.54,17.44,0.09999999999999787,0.6,0.5943625983398158,0.5923887323956006,FAR,FAR,0.0,1,,,0.01,100
C2_n0.01_d100_r05,C2,202627,17.56,17.46,0.09999999999999787,0.6,0.5864261191954591,0.5908980790955652,FAR,FAR,0.0,1,,,0.01,100
C2_n0.01_d100_r05,C2,202627,17.58,17.48,0.09999999999999787,0.6,0.6032113810413517,0.5939764045820118,FAR,FAR,0.0,1,,,0.01,100
C2_n0.01_d100_r05,C2,202627,17.6,17.5,0.10000000000000142,0.6,0.6187110173962762,0.6001600577855779,FAR,FAR,0.0,1,,,0.01,100
C2_n0.01_d100_r05,C2,202627,17.62,17.52,0.10000000000000142,0.6,0.6092681055371058,0.6024370697234599,FAR,FAR,0.0,1,,,0.01,100
C2_n0.01_d100_r05,C2,202627,17.64,17.54,0.10000000000000142,0.6,0.5960036917800039,0.6008287252375959,FAR,FAR,0.0,1,,,0.01,100
C2_n0.01_d100_r05,C2,202627,17.66,17.56,0.10000000000000142,0.6,0.5939859900899885,0.599118041450694,FAR,FAR,0.0,1,,,0.01,100
C2_n0.01_d100_r05,C2,202627,17.68,17.58,0.10000000000000142,0.6,0.6009131153032213,0.5995668099138258,FAR,FAR,0.0,1,,,0.01,100
C2_n0.01_d100_r05,C2,202627,17.7,17.6,0.09999999999999787,0.6,0.6055762857446295,0.6010691788715268,FAR,FAR,0.0,1,,,0.01,100
C2_n0.01_d100_r05,C2,202627,17.72,17.62,0.09999999999999787,0.6,0.6037913360464098,0.6017497181652476,FAR,FAR,0.0,1,,,0.01,100
C2_n0.01_d100_r05,C2,202627,17.74,17.64,0.09999999999999787,0.6,0.6106983623454677,0.6039868792103026,FAR,FAR,0.0,1,,,0.01,100
C2_n0.01_d100_r05,C2,202627,17.76,17.66,0.10000000000000142,0.6,0.5928643177581631,0.6012062388472676,FAR,FAR,0.0,1,,,0.01,100
C2_n0.01_d100_r05,C2,202627,17.78,17.68,0.10000000000000142,0.6,0.6039287415571808,0.6018868645247459,FAR,FAR,0.0,1,,,0.01,100
C2_n0.01_d100_r05,C2,202627,17.8,17.7,0.10000000000000142,0.6,0.5997065191979615,0.6013417781930498,FAR,FAR,0.0,1,,,0.01,100
C2_n0.01_d100_r05,C2,202627,17.82,17.72,0.10000000000000142,0.6,0.5871107365156156,0.5977840177736913,FAR,FAR,0.0,1,,,0.01,100
C2_n0.01_d100_r05,C2,202627,17.84,17.74,0.10000000000000142,0.6,0.6079295774077512,0.6003204076822063,FAR,FAR,0.0,1,,,0.01,100
C2_n0.01_d100_r05,C2,202627,17.86,17.76,0.09999999999999787,0.6,0.6027565811255372,0.6009294510430391,FAR,FAR,0.0,1,,,0.01,100
C2_n0.01_d100_r05,C2,202627,17.88,17.78,0.09999999999999787,0.6,0.6012777930523453,0.6010165365453656,FAR,FAR,0.0,1,,,0.01,100
C2_n0.01_d100_r05,C2,202627,17.9,17.8,0.09999999999999787,0.6,0.6106183606910855,0.6034169925817956,FAR,FAR,0.0,1,,,0.01,100
C2_n0.01_d100_r05,C2,202627,17.92,17.82,0.10000000000000142,0.6,0.5892731717010619,0.5998810373616121,FAR,FAR,0.0,1,,,0.01,100
C2_n0.01_d100_r05,C2,202627,17.94,17.84,0.10000000000000142,0.6,0.612193297118666,0.6029591023008756,FAR,FAR,0.0,1,,,0.01,100
C2_n0.01_d100_r05,C2,202627,17.96,17.86,0.10000000000000142,0.6,0.6072151838986689,0.6040231227003239,FAR,FAR,0.0,1,,,0.01,100
C2_n0.01_d100_r05,C2,202627,17.98,17.88,0.10000000000000142,0.6,0.6095547609726178,0.6054060322683974,FAR,FAR,0.0,1,,,0.01,100
C2_n0.01_d100_r05,C2,202627,18.0,17.9,0.10000000000000142,0.6,0.5925375767624819,0.6021889183919185,FAR,FAR,0.0,1,,,0.01,100
C2_n0.01_d100_r05,C2,202627,18.02,17.92,0.09999999999999787,0.6,0.5917112997226516,0.5995695137246018,FAR,FAR,0.0,1,,,0.01,100
C2_n0.01_d100_r05,C2,202627,18.04,17.94,0.09999999999999787,0.6,0.5905517605933529,0.5973150754417895,FAR,FAR,0.0,1,,,0.01,100
C2_n0.01_d100_r05,C2,202627,18.06,17.96,0.09999999999999787,0.6,0.595859164448357,0.5969510976934314,FAR,FAR,0.0,1,,,0.01,100
C2_n0.01_d100_r05,C2,202627,18.08,17.98,0.09999999999999787,0.6,0.6105254459576291,0.6003446847594808,FAR,FAR,0.0,1,,,0.01,100
C2_n0.01_d100_r05,C2,202627,18.1,18.0,0.10000000000000142,0.6,0.6146354181800525,0.6039173681146237,FAR,FAR,0.0,1,,,0.01,100
C2_n0.01_d100_r05,C2,202627,18.12,18.02,0.10000000000000142,0.6,0.612258328590403,0.6060026082335686,FAR,FAR,0.0,1,,,0.01,100
C2_n0.01_d100_r05,C2,202627,18.14,18.04,0.10000000000000142,0.6,0.603192345685623,0.6053000425965822,FAR,FAR,0.0,1,,,0.01,100
C2_n0.01_d100_r05,C2,202627,18.16,18.06,0.10000000000000142,0.6,0.5776864639841601,0.5983966479434767,FAR,FAR,0.0,1,,,0.01,100
C2_n0.01_d100_r05,C2,202627,18.18,18.08,0.10000000000000142,0.6,0.6050882212040477,0.6000695412586194,FAR,FAR,0.0,1,,,0.01,100
C2_n0.01_d100_r05,C2,202627,18.2,18.1,0.09999999999999787,0.6,0.5802317675485859,0.595110097831111,FAR,FAR,0.0,1,,,0.01,100
C2_n0.01_d100_r05,C2,202627,18.22,18.12,0.09999999999999787,0.6,0.6030163865749046,0.5970866700170594,FAR,FAR,0.0,1,,,0.01,100
C2_n0.01_d100_r05,C2,202627,18.24,18.14,0.09999999999999787,0.6,0.5813418681402714,0.5931504695478624,FAR,FAR,0.0,1,,,0.01,100
C2_n0.01_d100_r05,C2,202627,18.26,18.16,0.10000000000000142,0.6,0.5844087657028446,0.590965043586608,FAR,FAR,0.0,1,,,0.01,100
C2_n0.01_d100_r05,C2,202627,18.28,18.18,0.10000000000000142,0.6,0.6138867604870346,0.5966954728117146,FAR,FAR,0.0,1,,,0.01,100
C2_n0.01_d100_r05,C2,202627,18.3,18.2,0.10000000000000142,0.6,0.5949277379437565,0.5962535390947251,FAR,FAR,0.0,1,,,0.01,100
C2_n0.01_d100_r05,C2,202627,18.32,18.22,0.10000000000000142,0.6,0.5889980992750089,0.594439679139796,FAR,FAR,0.0,1,,,0.01,100
C2_n0.01_d100_r05,C2,202627,18.34,18.24,0.10000000000000142,0.6,0.6016076877400532,0.5962316812898604,FAR,FAR,0.0,1,,,0.01,100
C2_n0.01_d100_r05,C2,202627,18.36,18.26,0.09999999999999787,0.6,0.6013445566611572,0.5975099001326846,FAR,FAR,0.0,1,,,0.01,100
C2_n0.01_d100_r05,C2,202627,18.38,18.28,0.09999999999999787,0.6,0.5958480650514515,0.5970944413623763,FAR,FAR,0.0,1,,,0.01,100
C2_n0.01_d100_r05,C2,202627,18.4,18.3,0.09999999999999787,0.6,0.6105491214354025,0.6004581113806329,FAR,FAR,0.0,1,,,0.01,100
C2_n0.01_d100_r05,C2,202627,18.42,18.32,0.10000000000000142,0.6,0.6001163445908626,0.6003726696831904,FAR,FAR,0.0,1,,,0.01,100
C2_n0.01_d100_r05,C2,202627,18.44,18.34,0.10000000000000142,0.6,0.6207065061360312,0.6054561287964005,FAR,FAR,0.0,1,,,0.01,100
C2_n0.01_d100_r05,C2,202627,18.46,18.36,0.10000000000000142,0.6,0.60254235355095,0.6047276849850379,FAR,FAR,0.0,1,,,0.01,100
C2_n0.01_d100_r05,C2,202627,18.48,18.38,0.10000000000000142,0.6,0.6088585091242048,0.6057603910198296,FAR,FAR,0.0,1,,,0.01,100
C2_n0.01_d100_r05,C2,202627,18.5,18.4,0.10000000000000142,0.6,0.5956860460066082,0.6032418047665242,FAR,FAR,0.0,1,,,0.01,100
C2_n0.01_d100_r05,C2,202627,18.52,18.42,0.09999999999999787,0.6,0.5994589691194254,0.6022960958547495,FAR,FAR,0.0,1,,,0.01,100
C2_n0.01_d100_r05,C2,202627,18.54,18.44,0.09999999999999787,0.6,0.5956059442224959,0.6006235579466861,FAR,FAR,0.0,1,,,0.01,100
C2_n0.01_d100_r05,C2,202627,18.56,18.46,0.09999999999999787,0.6,0.5895645505716128,0.5978588061029178,FAR,FAR,0.0,1,,,0.01,100
C2_n0.01_d100_r05,C2,202627,18.58,18.48,0.09999999999999787,0.6,0.6030567211019369,0.5991582848526725,FAR,FAR,0.0,1,,,0.01,100
C2_n0.01_d100_r05,C2,202627,18.6,18.5,0.10000000000000142,0.6,0.6093498278200632,0.6017061705945201,FAR,FAR,0.0,1,,,0.01,100
C2_n0.01_d100_r05,C2,202627,18.62,18.52,0.10000000000000142,0.6,0.5922725087430202,0.5993477551316452,FAR,FAR,0.0,1,,,0.01,100
C2_n0.01_d100_r05,C2,202627,18.64,18.54,0.10000000000000142,0.6,0.6062612147457406,0.6010761200351691,FAR,FAR,0.0,1,,,0.01,100
C2_n0.01_d100_r05,C2,202627,18.66,18.56,0.10000000000000142,0.6,0.5910347625927089,0.598565780674554,FAR,FAR,0.0,1,,,0.01,100
C2_n0.01_d100_r05,C2,202627,18.68,18.58,0.10000000000000142,0.6,0.5971581957561124,0.5982138844449436,FAR,FAR,0.0,1,,,0.01,100
C2_n0.01_d100_r05,C2,202627,18.7,18.6,0.09999999999999787,0.6,0.6054333983344462,0.6000187629173193,FAR,FAR,0.0,1,,,0.01,100
C2_n0.01_d100_r05,C2,202627,18.72,18.62,0.09999999999999787,0.6,0.6040644445904308,0.6010301833355971,FAR,FAR,0.0,1,,,0.01,100
C2_n0.01_d100_r05,C2,202627,18.74,18.64,0.09999999999999787,0.6,0.6118730694845759,0.6037409048728418,FAR,FAR,0.0,1,,,0.01,100
C2_n0.01_d100_r05,C2,202627,18.76,18.66,0.10000000000000142,0.6,0.5844867100390548,0.5989273561643951,FAR,FAR,0.0,1,,,0.01,100
C2_n0.01_d100_r05,C2,202627,18.78,18.68,0.10000000000000142,0.6,0.5953281530703145,0.5980275553908749,FAR,FAR,0.0,1,,,0.01,100
C2_n0.01_d100_r05,C2,202627,18.8,18.7,0.10000000000000142,0.6,0.6019733371939451,0.5990140008416425,FAR,FAR,0.0,1,,,0.01,100
C2_n0.01_d100_r05,C2,202627,18.82,18.72,0.10000000000000142,0.6,0.6005259082678452,0.5993919776981932,FAR,FAR,0.0,1,,,0.01,100
C2_n0.01_d100_r05,C2,202627,18.84,18.74,0.10000000000000142,0.6,0.603483744346558,0.6004149193602843,FAR,FAR,0.0,1,,,0.01,100
C2_n0.01_d100_r05,C2,202627,18.86,18.76,0.09999999999999787,0.6,0.6053209644743989,0.6016414306388129,FAR,FAR,0.0,1,,,0.01,100
C2_n0.01_d100_r05,C2,202627,18.88,18.78,0.09999999999999787,0.6,0.5789956609742387,0.5959799882226694,FAR,FAR,0.0,1,,,0.01,100
C2_n0.01_d100_r05,C2,202627,18.9,18.8,0.09999999999999787,0.6,0.619100913310886,0.6017602194947236,FAR,FAR,0.0,1,,,0.01,100
C2_n0.01_d100_r05,C2,202627,18.92,18.82,0.10000000000000142,0.6,0.6107348523733188,0.6040038777143724,FAR,FAR,0.0,1,,,0.01,100
C2_n0.01_d100_r05,C2,202627,18.94,18.84,0.10000000000000142,0.6,0.598411930920323,0.60260589101586,FAR,FAR,0.0,1,,,0.01,100
C2_n0.01_d100_r05,C2,202627,18.96,18.86,0.10000000000000142,0.6,0.6020992631665304,0.6024792340535277,FAR,FAR,0.0,1,,,0.01,100
C2_n0.01_d100_r05,C2,202627,18.98,18.88,0.10000000000000142,0.6,0.6000087343083973,0.6018616091172451,FAR,FAR,0.0,1,,,0.01,100
C2_n0.01_d100_r05,C2,202627,19.0,18.9,0.10000000000000142,0.6,0.6083613567681098,0.6034865460299612,FAR,FAR,0.0,1,,,0.01,100
C2_n0.01_d100_r05,C2,202627,19.02,18.92,0.09999999999999787,0.6,0.6270438662549442,0.6093758760862069,FAR,FAR,0.0,1,,,0.01,100
C2_n0.01_d100_r05,C2,202627,19.04,18.94,0.09999999999999787,0.6,0.6201421409715792,0.61206744230755,FAR,FAR,0.0,1,,,0.01,100
C2_n0.01_d100_r05,C2,202627,19.06,18.96,0.09999999999999787,0.6,0.6035904150163212,0.6099481854847428,FAR,FAR,0.0,1,,,0.01,100
C2_n0.01_d100_r05,C2,202627,19.08,18.98,0.09999999999999787,0.6,0.6055695028273919,0.6088535148204051,FAR,FAR,0.0,1,,,0.01,100
C2_n0.01_d100_r05,C2,202627,19.1,19.0,0.10000000000000142,0.6,0.5978792418898727,0.606109946587772,FAR,FAR,0.0,1,,,0.01,100
C2_n0.01_d100_r05,C2,202627,19.12,19.02,0.10000000000000142,0.6,0.6173135916824758,0.6089108578614479,FAR,FAR,0.0,1,,,0.01,100
C2_n0.01_d100_r05,C2,202627,19.14,19.04,0.10000000000000142,0.6,0.5863563243625177,0.6032722244867154,FAR,FAR,0.0,1,,,0.01,100
C2_n0.01_d100_r05,C2,202627,19.16,19.06,0.10000000000000142,0.6,0.6219716342268881,0.6079470769217585,FAR,FAR,0.0,1,,,0.01,100
C2_n0.01_d100_r05,C2,202627,19.18,19.08,0.10000000000000142,0.6,0.5800479626639776,0.6009722983573134,FAR,FAR,0.0,1,,,0.01,100
C2_n0.01_d100_r05,C2,202627,19.2,19.1,0.09999999999999787,0.6,0.6056372065925891,0.6021385254161323,FAR,FAR,0.0,1,,,0.01,100
C2_n0.01_d100_r05,C2,202627,19.22,19.12,0.09999999999999787,0.6,0.6073959194293754,0.6034528739194431,FAR,FAR,0.0,1,,,0.01,100
C2_n0.01_d100_r05,C2,202627,19.24,19.14,0.09999999999999787,0.6,0.5828313682590885,0.5982974975043545,FAR,FAR,0.0,1,,,0.01,100
C2_n0.01_d100_r05,C2,202627,19.26,19.16,0.10000000000000142,0.6,0.5850112612224727,0.594975938433884,FAR,FAR,0.0,1,,,0.01,100
C2_n0.01_d100_r05,C2,202627,19.28,19.18,0.10000000000000142,0.6,0.6079324232843379,0.5982150596464975,FAR,FAR,0.0,1,,,0.01,100
C2_n0.01_d100_r05,C2,202627,19.3,19.2,0.10000000000000142,0.6,0.5871231399529675,0.595442079723115,FAR,FAR,0.0,1,,,0.01,100
C2_n0.01_d100_r05,C2,202627,19.32,19.22,0.10000000000000142,0.6,0.5818391694670695,0.5920413521591037,FAR,FAR,0.0,1,,,0.01,100
C2_n0.01_d100_r05,C2,202627,19.34,19.24,0.10000000000000142,0.6,0.5819289519911492,0.5895132521171151,FAR,FAR,0.0,1,,,0.01,100
C2_n0.01_d100_r05,C2,202627,19.36,19.26,0.09999999999999787,0.6,0.6126924206119185,0.595308044240816,FAR,FAR,0.0,1,,,0.01,100
C2_n0.01_d100_r05,C2,202627,19.38,19.28,0.09999999999999787,0.6,0.5812141331313052,0.5917845664634382,FAR,FAR,0.0,1,,,0.01,100
C2_n0.01_d100_r05,C2,202627,19.4,19.3,0.09999999999999787,0.6,0.5874050313650803,0.5906896826888488,FAR,FAR,0.0,1,,,0.01,100
C2_n0.01_d100_r05,C2,202627,19.42,19.32,0.10000000000000142,0.6,0.617373394615958,0.5973606106706261,FAR,FAR,0.0,1,,,0.01,100
C2_n0.01_d100_r05,C2,202627,19.44,19.34,0.10000000000000142,0.6,0.6149611883023639,0.6017607550785605,FAR,FAR,0.0,1,,,0.01,100
C2_n0.01_d100_r05,C2,202627,19.46,19.36,0.10000000000000142,0.6,0.6020210173648176,0.6018258206501248,FAR,FAR,0.0,1,,,0.01,100
C2_n0.01_d100_r05,C2,202627,19.48,19.38,0.10000000000000142,0.6,0.6147943246999931,0.6050679466625919,FAR,FAR,0.0,1,,,0.01,100
C2_n0.01_d100_r05,C2,202627,19.5,19.4,0.10000000000000142,0.6,0.6137084035042792,0.6072280608730137,FAR,FAR,0.0,1,,,0.01,100
C2_n0.01_d100_r05,C2,202627,19.52,19.42,0.09999999999999787,0.6,0.6218575200211249,0.6108854256600416,FAR,FAR,0.0,1,,,0.01,100
C2_n0.01_d100_r05,C2,202627,19.54,19.44,0.09999999999999787,0.6,0.6090313463912025,0.6104219058428317,FAR,FAR,0.0,1,,,0.01,100
C2_n0.01_d100_r05,C2,202627,19.56,19.46,0.09999999999999787,0.6,0.5994352073518097,0.6076752312200762,FAR,FAR,0.0,1,,,0.01,100
C2_n0.01_d100_r05,C2,202627,19.58,19.48,0.09999999999999787,0.6,0.5935262288747222,0.6041379806337377,FAR,FAR,0.0,1,,,0.01,100
C2_n0.01_d100_r05,C2,202627,19.6,19.5,0.10000000000000142,0.6,0.6116300911302781,0.6060110082578728,FAR,FAR,0.0,1,,,0.01,100
C2_n0.01_d100_r05,C2,202627,19.62,19.52,0.10000000000000142,0.6,0.6078330567351091,0.606466520377182,FAR,FAR,0.0,1,,,0.01,100
C2_n0.01_d100_r05,C2,202627,19.64,19.54,0.10000000000000142,0.6,0.5845014113542664,0.600975243121453,FAR,FAR,0.0,1,,,0.01,100
C2_n0.01_d100_r05,C2,202627,19.66,19.56,0.10000000000000142,0.6,0.5944260144440883,0.5993379359521118,FAR,FAR,0.0,1,,,0.01,100
C2_n0.01_d100_r05,C2,202627,19.68,19.58,0.10000000000000142,0.6,0.6082276300703495,0.6015603594816712,FAR,FAR,0.0,1,,,0.01,100
C2_n0.01_d100_r05,C2,202627,19.7,19.6,0.09999999999999787,0.6,0.6036192767640369,0.6020750888022626,FAR,FAR,0.0,1,,,0.01,100
C2_n0.01_d100_r05,C2,202627,19.72,19.62,0.09999999999999787,0.6,0.5892701487554951,0.5988738537905707,FAR,FAR,0.0,1,,,0.01,100
C2_n0.01_d100_r05,C2,202627,19.74,19.64,0.09999999999999787,0.6,0.5787965216700588,0.5938545207604427,FAR,FAR,0.0,1,,,0.01,100
C2_n0.01_d100_r05,C2,202627,19.76,19.66,0.10000000000000142,0.6,0.5970338402334922,0.594649350628705,FAR,FAR,0.0,1,,,0.01,100
C2_n0.01_d100_r05,C2,202627,19.78,19.68,0.10000000000000142,0.6,0.6137491353382243,0.5994242968060848,FAR,FAR,0.0,1,,,0.01,100
C2_n0.01_d100_r05,C2,202627,19.8,19.7,0.10000000000000142,0.6,0.6114575546471424,0.6024326112663492,FAR,FAR,0.0,1,,,0.01,100
C2_n0.01_d100_r05,C2,202627,19.82,19.72,0.10000000000000142,0.6,0.5991796884546426,0.6016193805634226,FAR,FAR,0.0,1,,,0.01,100
C2_n0.01_d100_r05,C2,202627,19.84,19.74,0.10000000000000142,0.6,0.6093347327777793,0.6035482186170118,FAR,FAR,0.0,1,,,0.01,100
C2_n0.01_d100_r05,C2,202627,19.86,19.76,0.09999999999999787,0.6,0.6101090566546894,0.6051884281264313,FAR,FAR,0.0,1,,,0.01,100
C2_n0.01_d100_r05,C2,202627,19.88,19.78,0.09999999999999787,0.6,0.5926293170571617,0.6020486503591138,FAR,FAR,0.0,1,,,0.01,100
C2_n0.01_d100_r05,C2,202627,19.9,19.8,0.09999999999999787,0.6,0.5776627336417857,0.5959521711797817,FAR,FAR,0.0,1,,,0.01,100
C2_n0.01_d100_r05,C2,202627,19.92,19.82,0.10000000000000142,0.6,0.5811114941505054,0.5922420019224627,FAR,FAR,0.0,1,,,0.01,100
C2_n0.01_d100_r05,C2,202627,19.94,19.84,0.10000000000000142,0.6,0.6006961214704848,0.5943555318094682,FAR,FAR,0.0,1,,,0.01,100
C2_n0.01_d100_r05,C2,202627,19.96,19.86,0.10000000000000142,0.6,0.5916818219717431,0.5936871043500369,FAR,FAR,0.0,1,,,0.01,100
C2_n0.01_d100_r05,C2,202627,19.98,19.88,0.10000000000000142,0.6,0.5962590079195116,0.5943300802424056,FAR,FAR,0.0,1,,,0.01,100
C2_n0.01_d100_r05,C2,202627,20.0,19.9,0.10000000000000142,0.6,0.5954637133485791,0.594613488518949,FAR,FAR,0.0,1,,,0.01,100
