trial_id,condition,seed,time_s,sensor_time_s,sample_age_s,true_distance_m,raw_distance_m,filtered_distance_m,expected_state,state,command,valid,event_label,invalid_reason,noise_sigma_m,delay_ms
C2_n0.03_d300_r04,C2,202646,0.0,0.0,nan,0.6,,,FAR,FAR,0.0,0,INVALID,MISSING_OR_DELAY_BUFFER,0.03,300
C2_n0.03_d300_r04,C2,202646,0.02,0.02,nan,0.6,,,FAR,FAR,0.0,0,INVALID,MISSING_OR_DELAY_BUFFER,0.03,300
C2_n0.03_d300_r04,C2,202646,0.04,0.04,nan,0.6,,,FAR,FAR,0.0,0,INVALID,MISSING_OR_DELAY_BUFFER,0.03,300
C2_n0.03_d300_r04,C2,202646,0.06,0.06,nan,0.6,,,FAR,FAR,0.0,0,INVALID,MISSING_OR_DELAY_BUFFER,0.03,300
C2_n0.03_d300_r04,C2,202646,0.08,0.08,nan,0.6,,,FAR,FAR,0.0,0,INVALID,MISSING_OR_DELAY_BUFFER,0.03,300
C2_n0.03_d300_r04,C2,202646,0.1,0.1,nan,0.6,,,FAR,FAR,0.0,0,INVALID,MISSING_OR_DELAY_BUFFER,0.03,300
C2_n0.03_d300_r04,C2,202646,0.12,0.12,nan,0.6,,,FAR,FAR,0.0,0,INVALID,MISSING_OR_DELAY_BUFFER,0.03,300
C2_n0.03_d300_r04,C2,202646,0.14,0.14,nan,0.6,,,FAR,FAR,0.0,0,INVALID,MISSING_OR_DELAY_BUFFER,0.03,300
C2_n0.03_d300_r04,C2,202646,0.16,0.16,nan,0.6,,,FAR,FAR,0.0,0,INVALID,MISSING_OR_DELAY_BUFFER,0.03,300
C2_n0.03_d300_r04,C2,202646,0.18,0.18,nan,0.6,,,FAR,FAR,0.0,0,INVALID,MISSING_OR_DELAY_BUFFER,0.03,300
C2_n0.03_d300_r04,C2,202646,0.2,0.2,nan,0.6,,,FAR,FAR,0.0,0,INVALID,MISSING_OR_DELAY_BUFFER,0.03,300
C2_n0.03_d300_r04,C2,202646,0.22,0.22,nan,0.6,,,FAR,FAR,0.0,0,INVALID,MISSING_OR_DELAY_BUFFER,0.03,300
C2_n0.03_d300_r04,C2,202646,0.24,0.24,nan,0.6,,,FAR,FAR,0.0,0,INVALID,MISSING_OR_DELAY_BUFFER,0.03,300
C2_n0.03_d300_r04,C2,202646,0.26,0.26,nan,0.6,,,FAR,FAR,0.0,0,INVALID,MISSING_OR_DELAY_BUFFER,0.03,300
C2_n0.03_d300_r04,C2,202646,0.28,0.28,nan,0.6,,,FAR,FAR,0.0,0,INVALID,MISSING_OR_DELAY_BUFFER,0.03,300
C2_n0.03_d300_r04,C2,202646,0.3,0.0,0.3,0.6,0.575734259333365,0.575734259333365,FAR,FAR,0.0,1,,,0.03,300
C2_n0.03_d300_r04,C2,202646,0.32,0.02,0.3,0.6,0.5810084081128032,0.5770527965282245,FAR,FAR,0.0,1,,,0.03,300
C2_n0.03_d300_r04,C2,202646,0.34,0.04,0.30000000000000004,0.6,0.5883832351699119,0.5798854061886464,FAR,FAR,0.0,1,,,0.03,300
C2_n0.03_d300_r04,C2,202646,0.36,0.06,0.3,0.6,0.563290619045779,0.5757367094029295,FAR,FAR,0.0,1,,,0.03,300
C2_n0.03_d300_r04,C2,202646,0.38,0.08,0.3,0.6,0.5676398621072064,0.5737124975789988,FAR,FAR,0.0,1,,,0.03,300
C2_n0.03_d300_r04,C2,202646,0.4,0.1,0.30000000000000004,0.6,0.5796319743139271,0.5751923667627308,FAR,FAR,0.0,1,,,0.03,300
C2_n0.03_d300_r04,C2,202646,0.42,0.12,0.3,0.6,0.56842135767541,0.5734996144909006,FAR,FAR,0.0,1,,,0.03,300
C2_n0.03_d300_r04,C2,202646,0.44,0.14,0.3,0.6,0.5535082754385473,0.5685017797278122,FAR,FAR,0.0,1,,,0.03,300
C2_n0.03_d300_r04,C2,202646,0.46,0.16,0.30000000000000004,0.6,0.6241831069273813,0.5824221115277045,FAR,FAR,0.0,1,,,0.03,300
C2_n0.03_d300_r04,C2,202646,0.48,0.18,0.3,0.6,0.604217497963252,0.5878709581365913,FAR,FAR,0.0,1,,,0.03,300
C2_n0.03_d300_r04,C2,202646,0.5,0.2,0.3,0.6,0.6387108671718666,0.6005809353954101,FAR,FAR,0.0,1,,,0.03,300
C2_n0.03_d300_r04,C2,202646,0.52,0.22,0.30000000000000004,0.6,0.5799354910724298,0.5954195743146651,FAR,FAR,0.0,1,,,0.03,300
C2_n0.03_d300_r04,C2,202646,0.54,0.24,0.30000000000000004,0.6,0.596096069954575,0.5955886982246426,FAR,FAR,0.0,1,,,0.03,300
C2_n0.03_d300_r04,C2,202646,0.56,0.26,0.30000000000000004,0.6,0.5946569052692428,0.5953557499857927,FAR,FAR,0.0,1,,,0.03,300
C2_n0.03_d300_r04,C2,202646,0.58,0.28,0.29999999999999993,0.6,0.6009142167996175,0.5967453666892488,FAR,FAR,0.0,1,,,0.03,300
C2_n0.03_d300_r04,C2,202646,0.6,0.3,0.3,0.6,0.6065318824521934,0.5991919956299849,FAR,FAR,0.0,1,,,0.03,300
C2_n0.03_d300_r04,C2,202646,0.62,0.32,0.3,0.6,0.6145935845202913,0.6030423928525616,FAR,FAR,0.0,1,,,0.03,300
C2_n0.03_d300_r04,C2,202646,0.64,0.34,0.3,0.6,0.6190163242730891,0.6070358757076935,FAR,FAR,0.0,1,,,0.03,300
C2_n0.03_d300_r04,C2,202646,0.66,0.36,0.30000000000000004,0.6,0.6324981423957602,0.6134014423797102,FAR,FAR,0.0,1,,,0.03,300
C2_n0.03_d300_r04,C2,202646,0.68,0.38,0.30000000000000004,0.6,0.6098915725717458,0.612523974927719,FAR,FAR,0.0,1,,,0.03,300
C2_n0.03_d300_r04,C2,202646,0.7,0.4,0.29999999999999993,0.6,0.6138278114542438,0.6128499340593503,FAR,FAR,0.0,1,,,0.03,300
C2_n0.03_d300_r04,C2,202646,0.72,0.42,0.3,0.6,0.5933858954286941,0.6079839244016862,FAR,FAR,0.0,1,,,0.03,300
C2_n0.03_d300_r04,C2,202646,0.74,0.44,0.3,0.6,0.5941211083001546,0.6045182203763033,FAR,FAR,0.0,1,,,0.03,300
C2_n0.03_d300_r04,C2,202646,0.76,0.46,0.3,0.6,0.5957093764586137,0.6023160093968809,FAR,FAR,0.0,1,,,0.03,300
C2_n0.03_d300_r04,C2,202646,0.78,0.48,0.30000000000000004,0.6,0.5839347214307232,0.5977206874053415,FAR,FAR,0.0,1,,,0.03,300
C2_n0.03_d300_r04,C2,202646,0.8,0.5,0.30000000000000004,0.6,0.5862722784017201,0.5948585851544361,FAR,FAR,0.0,1,,,0.03,300
C2_n0.03_d300_r04,C2,202646,0.82,0.52,0.29999999999999993,0.6,0.6211791412287323,0.6014387241730101,FAR,FAR,0.0,1,,,0.03,300
C2_n0.03_d300_r04,C2,202646,0.84,0.54,0.29999999999999993,0.6,0.5680811053273348,0.5930993194615913,FAR,FAR,0.0,1,,,0.03,300
C2_n0.03_d300_r04,C2,202646,0.86,0.56,0.29999999999999993,0.6,0.7012899449800862,0.620146975841215,FAR,FAR,0.0,1,,,0.03,300
C2_n0.03_d300_r04,C2,202646,0.88,0.58,0.30000000000000004,0.6,0.6338521392926055,0.6235732667040627,FAR,FAR,0.0,1,,,0.03,300
C2_n0.03_d300_r04,C2,202646,0.9,0.6,0.30000000000000004,0.6,0.5995834502806275,0.6175758125982038,FAR,FAR,0.0,1,,,0.03,300
C2_n0.03_d300_r04,C2,202646,0.92,0.62,0.30000000000000004,0.6,0.6324421090405782,0.6212923867087974,FAR,FAR,0.0,1,,,0.03,300
C2_n0.03_d300_r04,C2,202646,0.94,0.64,0.29999999999999993,0.6,0.5547411020518699,0.6046545655445655,FAR,FAR,0.0,1,,,0.03,300
C2_n0.03_d300_r04,C2,202646,0.96,0.66,0.29999999999999993,0.6,0.6088785112032982,0.6057105519592487,FAR,FAR,0.0,1,,,0.03,300
C2_n0.03_d300_r04,C2,202646,0.98,0.68,0.29999999999999993,0.6,0.5489734270318417,0.5915262707273969,FAR,FAR,0.0,1,,,0.03,300
C2_n0.03_d300_r04,C2,202646,1.0,0.7,0.30000000000000004,0.6,0.5929565373076986,0.5918838373724724,FAR,FAR,0.0,1,,,0.03,300
C2_n0.03_d300_r04,C2,202646,1.02,0.72,0.30000000000000004,0.6,0.6089277342843088,0.5961448116004315,FAR,FAR,0.0,1,,,0.03,300
C2_n0.03_d300_r04,C2,202646,1.04,0.74,0.30000000000000004,0.6,0.5801284661424714,0.5921407252359415,FAR,FAR,0.0,1,,,0.03,300
C2_n0.03_d300_r04,C2,202646,1.06,0.76,0.30000000000000004,0.6,0.6159408676758072,0.598090760845908,FAR,FAR,0.0,1,,,0.03,300
C2_n0.03_d300_r04,C2,202646,1.08,0.78,0.30000000000000004,0.6,0.5777379448154649,0.5930025568382972,FAR,FAR,0.0,1,,,0.03,300
C2_n0.03_d300_r04,C2,202646,1.1,0.8,0.30000000000000004,0.6,0.6042131131440037,0.5958051959147238,FAR,FAR,0.0,1,,,0.03,300
C2_n0.03_d300_r04,C2,202646,1.12,0.82,0.30000000000000016,0.6,0.5464657752818315,0.5834703407565007,FAR,FAR,0.0,1,,,0.03,300
C2_n0.03_d300_r04,C2,202646,1.14,0.84,0.29999999999999993,0.6,0.6338394833936496,0.596062626415788,FAR,FAR,0.0,1,,,0.03,300
C2_n0.03_d300_r04,C2,202646,1.16,0.86,0.29999999999999993,0.6,0.5607574335229997,0.587236328192591,FAR,FAR,0.0,1,,,0.03,300
C2_n0.03_d300_r04,C2,202646,1.18,0.88,0.29999999999999993,0.6,0.6020563449950369,0.5909413323932025,FAR,FAR,0.0,1,,,0.03,300
C2_n0.03_d300_r04,C2,202646,1.2,0.9,0.29999999999999993,0.6,0.5654415278686857,0.5845663812620733,FAR,FAR,0.0,1,,,0.03,300
C2_n0.03_d300_r04,C2,202646,1.22,0.92,0.29999999999999993,0.6,0.5906279950705666,0.5860817847141966,FAR,FAR,0.0,1,,,0.03,300
C2_n0.03_d300_r04,C2,202646,1.24,0.94,0.30000000000000004,0.6,0.6013853239723829,0.5899076695287432,FAR,FAR,0.0,1,,,0.03,300
C2_n0.03_d300_r04,C2,202646,1.26,0.96,0.30000000000000004,0.6,0.580744603349411,0.5876169029839101,FAR,FAR,0.0,1,,,0.03,300
C2_n0.03_d300_r04,C2,202646,1.28,0.98,0.30000000000000004,0.6,0.6195977735826117,0.5956121206335856,FAR,FAR,0.0,1,,,0.03,300
C2_n0.03_d300_r04,C2,202646,1.3,1.0,0.30000000000000004,0.6,0.578562413789142,0.5913496939224747,FAR,FAR,0.0,1,,,0.03,300
C2_n0.03_d300_r04,C2,202646,1.32,1.02,0.30000000000000004,0.6,0.5955468584372107,0.5923989850511587,FAR,FAR,0.0,1,,,0.03,300
C2_n0.03_d300_r04,C2,202646,1.34,1.04,0.30000000000000004,0.6,0.5620207219293939,0.5848044192707176,FAR,FAR,0.0,1,,,0.03,300
C2_n0.03_d300_r04,C2,202646,1.36,1.06,0.30000000000000004,0.6,0.5660778143443531,0.5801227680391264,FAR,FAR,0.0,1,,,0.03,300
C2_n0.03_d300_r04,C2,202646,1.38,1.08,0.2999999999999998,0.6,0.6000611131798465,0.5851073543243065,FAR,FAR,0.0,1,,,0.03,300
C2_n0.03_d300_r04,C2,202646,1.4,1.1,0.2999999999999998,0.6,0.5970152160751592,0.5880843197620196,FAR,FAR,0.0,1,,,0.03,300
C2_n0.03_d300_r04,C2,202646,1.42,1.12,0.2999999999999998,0.6,0.6365369609568237,0.6001974800607206,FAR,FAR,0.0,1,,,0.03,300
C2_n0.03_d300_r04,C2,202646,1.44,1.14,0.30000000000000004,0.6,0.5667376147317424,0.5918325137284761,FAR,FAR,0.0,1,,,0.03,300
C2_n0.03_d300_r04,C2,202646,1.46,1.16,0.30000000000000004,0.6,0.5894156933033202,0.5912283086221871,FAR,FAR,0.0,1,,,0.03,300
C2_n0.03_d300_r04,C2,202646,1.48,1.18,0.30000000000000004,0.6,0.6654454540699226,0.609782594984121,FAR,FAR,0.0,1,,,0.03,300
C2_n0.03_d300_r04,C2,202646,1.5,1.2,0.30000000000000004,0.6,0.6147160063278776,0.6110159478200601,FAR,FAR,0.0,1,,,0.03,300
C2_n0.03_d300_r04,C2,202646,1.52,1.22,0.30000000000000004,0.6,0.58456247546498,0.6044025797312901,FAR,FAR,0.0,1,,,0.03,300
C2_n0.03_d300_r04,C2,202646,1.54,1.24,0.30000000000000004,0.6,0.616398975450901,0.6074016786611929,FAR,FAR,0.0,1,,,0.03,300
C2_n0.03_d300_r04,C2,202646,1.56,1.26,0.30000000000000004,0.6,0.615272509624047,0.6093693864019064,FAR,FAR,0.0,1,,,0.03,300
C2_n0.03_d300_r04,C2,202646,1.58,1.28,0.30000000000000004,0.6,0.5916142648468226,0.6049306060131354,FAR,FAR,0.0,1,,,0.03,300
C2_n0.03_d300_r04,C2,202646,1.6,1.3,0.30000000000000004,0.6,0.5477617332049938,0.5906383878111,FAR,FAR,0.0,1,,,0.03,300
C2_n0.03_d300_r04,C2,202646,1.62,1.32,0.30000000000000004,0.6,0.584406396987841,0.5890803901052852,FAR,FAR,0.0,1,,,0.03,300
C2_n0.03_d300_r04,C2,202646,1.64,1.34,0.2999999999999998,0.6,0.6181326603221126,0.596343457659492,FAR,FAR,0.0,1,,,0.03,300
C2_n0.03_d300_r04,C2,202646,1.66,1.36,0.2999999999999998,0.6,0.6135136761378759,0.6006360122790879,FAR,FAR,0.0,1,,,0.03,300
C2_n0.03_d300_r04,C2,202646,1.68,1.38,0.30000000000000004,0.6,0.6744355038258419,0.6190858851657765,FAR,FAR,0.0,1,,,0.03,300
C2_n0.03_d300_r04,C2,202646,1.7,1.4,0.30000000000000004,0.6,0.6184618487770879,0.6189298760686044,FAR,FAR,0.0,1,,,0.03,300
C2_n0.03_d300_r04,C2,202646,1.72,1.42,0.30000000000000004,0.6,0.6114378440913245,0.6170568680742844,FAR,FAR,0.0,1,,,0.03,300
C2_n0.03_d300_r04,C2,202646,1.74,1.44,0.30000000000000004,0.6,0.639325796798257,0.6226241002552776,FAR,FAR,0.0,1,,,0.03,300
C2_n0.03_d300_r04,C2,202646,1.76,1.46,0.30000000000000004,0.6,0.5764350621956337,0.6110768407403666,FAR,FAR,0.0,1,,,0.03,300
C2_n0.03_d300_r04,C2,202646,1.78,1.48,0.30000000000000004,0.6,0.6439701293633168,0.6193001628961041,FAR,FAR,0.0,1,,,0.03,300
C2_n0.03_d300_r04,C2,202646,1.8,1.5,0.30000000000000004,0.6,0.6247366560018544,0.6206592861725417,FAR,FAR,0.0,1,,,0.03,300
C2_n0.03_d300_r04,C2,202646,1.82,1.52,0.30000000000000004,0.6,0.6169271866328626,0.619726261287622,FAR,FAR,0.0,1,,,0.03,300
C2_n0.03_d300_r04,C2,202646,1.84,1.54,0.30000000000000004,0.6,0.5749051198013755,0.6085209759160604,FAR,FAR,0.0,1,,,0.03,300
C2_n0.03_d300_r04,C2,202646,1.86,1.56,0.30000000000000004,0.6,0.5905564276262287,0.6040298388436025,FAR,FAR,0.0,1,,,0.03,300
C2_n0.03_d300_r04,C2,202646,1.88,1.58,0.2999999999999998,0.6,0.6003288607553063,0.6031045943215285,FAR,FAR,0.0,1,,,0.03,300
C2_n0.03_d300_r04,C2,202646,1.9,1.6,0.2999999999999998,0.6,0.5992587725680736,0.6021431388831648,FAR,FAR,0.0,1,,,0.03,300
C2_n0.03_d300_r04,C2,202646,1.92,1.62,0.2999999999999998,0.6,0.5936804908798217,0.600027476882329,FAR,FAR,0.0,1,,,0.03,300
C2_n0.03_d300_r04,C2,202646,1.94,1.64,0.30000000000000004,0.6,0.5729280307096728,0.593252615339165,FAR,FAR,0.0,1,,,0.03,300
C2_n0.03_d300_r04,C2,202646,1.96,1.66,0.30000000000000004,0.6,0.5517699056416958,0.5828819379147976,FAR,FAR,0.0,1,,,0.03,300
C2_n0.03_d300_r04,C2,202646,1.98,1.68,0.30000000000000004,0.6,0.5735180675565985,0.5805409703252478,FAR,FAR,0.0,1,,,0.03,300
C2_n0.03_d300_r04,C2,202646,2.0,1.7,0.30000000000000004,0.6,0.5978896740115524,0.5848781462468239,FAR,FAR,0.0,1,,,0.03,300
C2_n0.03_d300_r04,C2,202646,2.02,1.72,0.30000000000000004,0.6,0.5706679829661983,0.5813256054266676,FAR,FAR,0.0,1,,,0.03,300
C2_n0.03_d300_r04,C2,202646,2.04,1.74,0.30000000000000004,0.6,0.5650754111188346,0.5772630568497094,FAR,FAR,0.0,1,,,0.03,300
C2_n0.03_d300_r04,C2,202646,2.06,1.76,0.30000000000000004,0.6,0.6357776597982508,0.5918917075868447,FAR,FAR,0.0,1,,,0.03,300
C2_n0.03_d300_r04,C2,202646,2.08,1.78,0.30000000000000004,0.6,0.5744633373412942,0.5875346150254571,FAR,FAR,0.0,1,,,0.03,300
C2_n0.03_d300_r04,C2,202646,2.1,1.8,0.30000000000000004,0.6,0.6697755866741322,0.608094857937626,FAR,FAR,0.0,1,,,0.03,300
C2_n0.03_d300_r04,C2,202646,2.12,1.82,0.30000000000000004,0.6,0.6357852601904779,0.615017458500839,FAR,FAR,0.0,1,,,0.03,300
C2_n0.03_d300_r04,C2,202646,2.14,1.84,0.30000000000000004,0.6,0.5771087692036785,0.6055402861765489,FAR,FAR,0.0,1,,,0.03,300
C2_n0.03_d300_r04,C2,202646,2.16,1.86,0.30000000000000004,0.6,0.5755781566318853,0.5980497537903829,FAR,FAR,0.0,1,,,0.03,300
C2_n0.03_d300_r04,C2,202646,2.18,1.88,0.30000000000000027,0.6,0.5848879417622095,0.5947593007833396,FAR,FAR,0.0,1,,,0.03,300
C2_n0.03_d300_r04,C2,202646,2.2,1.9,0.30000000000000027,0.6,0.6141010198333674,0.5995947305458466,FAR,FAR,0.0,1,,,0.03,300
C2_n0.03_d300_r04,C2,202646,2.22,1.92,0.30000000000000027,0.6,0.6045708183734491,0.6008387525027472,FAR,FAR,0.0,1,,,0.03,300
C2_n0.03_d300_r04,C2,202646,2.24,1.94,0.30000000000000027,0.6,0.6387222292752214,0.6103096216958658,FAR,FAR,0.0,1,,,0.03,300
C2_n0.03_d300_r04,C2,202646,2.26,1.96,0.2999999999999998,0.6,0.6091211399144774,0.6100125012505186,FAR,FAR,0.0,1,,,0.03,300
C2_n0.03_d300_r04,C2,202646,2.28,1.98,0.2999999999999998,0.6,0.6252003804170809,0.6138094710421592,FAR,FAR,0.0,1,,,0.03,300
C2_n0.03_d300_r04,C2,202646,2.3,2.0,0.2999999999999998,0.6,0.5483538675731208,0.5974455701748995,FAR,FAR,0.0,1,,,0.03,300
C2_n0.03_d300_r04,C2,202646,2.32,2.02,0.2999999999999998,0.6,0.5618862547028068,0.5885557413068764,FAR,FAR,0.0,1,,,0.03,300
C2_n0.03_d300_r04,C2,202646,2.34,2.04,0.2999999999999998,0.6,0.5512193938728296,0.5792216544483647,FAR,FAR,0.0,1,,,0.03,300
C2_n0.03_d300_r04,C2,202646,2.36,2.06,0.2999999999999998,0.6,0.646253143151791,0.5959795266242213,FAR,FAR,0.0,1,,,0.03,300
C2_n0.03_d300_r04,C2,202646,2.38,2.08,0.2999999999999998,0.6,0.6089422856920647,0.5992202163911821,FAR,FAR,0.0,1,,,0.03,300
C2_n0.03_d300_r04,C2,202646,2.4,2.1,0.2999999999999998,0.6,0.5467130185663183,0.5860934169349661,FAR,FAR,0.0,1,,,0.03,300
C2_n0.03_d300_r04,C2,202646,2.42,2.12,0.2999999999999998,0.6,0.6226267666473037,0.5952267543630505,FAR,FAR,0.0,1,,,0.03,300
C2_n0.03_d300_r04,C2,202646,2.44,2.14,0.2999999999999998,0.6,0.5904259720705053,0.5940265587899142,FAR,FAR,0.0,1,,,0.03,300
C2_n0.03_d300_r04,C2,202646,2.46,2.16,0.2999999999999998,0.6,0.6427108423993524,0.6061976296922738,FAR,FAR,0.0,1,,,0.03,300
C2_n0.03_d300_r04,C2,202646,2.48,2.18,0.2999999999999998,0.6,0.6112491279429553,0.6074605042549441,FAR,FAR,0.0,1,,,0.03,300
C2_n0.03_d300_r04,C2,202646,2.5,2.2,0.2999999999999998,0.6,0.6213173569018766,0.6109247174166772,FAR,FAR,0.0,1,,,0.03,300
C2_n0.03_d300_r04,C2,202646,2.52,2.22,0.2999999999999998,0.6,0.554968548756252,0.5969356752515709,FAR,FAR,0.0,1,,,0.03,300
C2_n0.03_d300_r04,C2,202646,2.54,2.24,0.2999999999999998,0.6,0.6058729061286597,0.5991699829708431,FAR,FAR,0.0,1,,,0.03,300
C2_n0.03_d300_r04,C2,202646,2.56,2.26,0.30000000000000027,0.6,0.6172471745633266,0.603689280868964,FAR,FAR,0.0,1,,,0.03,300
C2_n0.03_d300_r04,C2,202646,2.58,2.28,0.30000000000000027,0.6,0.5401210251774767,0.5877972169460922,FAR,FAR,0.0,1,,,0.03,300
C2_n0.03_d300_r04,C2,202646,2.6,2.3,0.30000000000000027,0.6,0.6498446340909373,0.6033090712323035,FAR,FAR,0.0,1,,,0.03,300
C2_n0.03_d300_r04,C2,202646,2.62,2.32,0.30000000000000027,0.6,0.5697843845006839,0.5949278995493986,FAR,FAR,0.0,1,,,0.03,300
C2_n0.03_d300_r04,C2,202646,2.64,2.34,0.30000000000000027,0.6,0.5896090768553355,0.5935981938758828,FAR,FAR,0.0,1,,,0.03,300
C2_n0.03_d300_r04,C2,202646,2.66,2.36,0.30000000000000027,0.6,0.6331794406447756,0.603493505568106,FAR,FAR,0.0,1,,,0.03,300
C2_n0.03_d300_r04,C2,202646,2.68,2.38,0.30000000000000027,0.6,0.6728947267896949,0.6208438108735033,FAR,FAR,0.0,1,,,0.03,300
C2_n0.03_d300_r04,C2,202646,2.7,2.4,0.30000000000000027,0.6,0.6021604069439195,0.6161729598911073,FAR,FAR,0.0,1,,,0.03,300
C2_n0.03_d300_r04,C2,202646,2.72,2.42,0.30000000000000027,0.6,0.6249042599648814,0.6183557849095509,FAR,FAR,0.0,1,,,0.03,300
C2_n0.03_d300_r04,C2,202646,2.74,2.44,0.30000000000000027,0.6,0.5955621379413263,0.6126573731674947,FAR,FAR,0.0,1,,,0.03,300
C2_n0.03_d300_r04,C2,202646,2.76,2.46,0.2999999999999998,0.6,0.6410854024453081,0.619764380486948,FAR,FAR,0.0,1,,,0.03,300
C2_n0.03_d300_r04,C2,202646,2.78,2.48,0.2999999999999998,0.6,0.5906137756905392,0.6124767292878458,FAR,FAR,0.0,1,,,0.03,300
C2_n0.03_d300_r04,C2,202646,2.8,2.5,0.2999999999999998,0.6,0.6489214316876637,0.6215879048878004,FAR,FAR,0.0,1,,,0.03,300
C2_n0.03_d300_r04,C2,202646,2.82,2.52,0.2999999999999998,0.6,0.625875613325571,0.622659831997243,FAR,FAR,0.0,1,,,0.03,300
C2_n0.03_d300_r04,C2,202646,2.84,2.54,0.2999999999999998,0.6,0.5998359601622096,0.6169538640384846,FAR,FAR,0.0,1,,,0.03,300
C2_n0.03_d300_r04,C2,202646,2.86,2.56,0.2999999999999998,0.6,0.6172907045343942,0.617038074162462,FAR,FAR,0.0,1,,,0.03,300
C2_n0.03_d300_r04,C2,202646,2.88,2.58,0.2999999999999998,0.6,0.6122226690916517,0.6158342228947595,FAR,FAR,0.0,1,,,0.03,300
C2_n0.03_d300_r04,C2,202646,2.9,2.6,0.2999999999999998,0.6,0.6009782887848889,0.6121202393672919,FAR,FAR,0.0,1,,,0.03,300
C2_n0.03_d300_r04,C2,202646,2.92,2.62,0.2999999999999998,0.6,0.5648786030561874,0.6003098302895158,FAR,FAR,0.0,1,,,0.03,300
C2_n0.03_d300_r04,C2,202646,2.94,2.64,0.2999999999999998,0.6,0.5527904904340485,0.588429995325649,FAR,FAR,0.0,1,,,0.03,300
C2_n0.03_d300_r04,C2,202646,2.96,2.66,0.2999999999999998,0.6,0.623684162187494,0.5972435370411102,FAR,FAR,0.0,1,,,0.03,300
C2_n0.03_d300_r04,C2,202646,2.98,2.68,0.2999999999999998,0.6,0.5824417447063021,0.5935430889574081,FAR,FAR,0.0,1,,,0.03,300
C2_n0.03_d300_r04,C2,202646,3.0,2.7,0.2999999999999998,0.6,0.6405061128483058,0.6052838449301325,FAR,FAR,0.0,1,,,0.03,300
C2_n0.03_d300_r04,C2,202646,3.02,2.72,0.2999999999999998,0.6,0.5532646113668416,0.5922790365393098,FAR,FAR,0.0,1,,,0.03,300
C2_n0.03_d300_r04,C2,202646,3.04,2.74,0.2999999999999998,0.6,0.6182226744404383,0.598764946014592,FAR,FAR,0.0,1,,,0.03,300
C2_n0.03_d300_r04,C2,202646,3.06,2.76,0.30000000000000027,0.6,0.6301848975037658,0.6066199338868854,FAR,FAR,0.0,1,,,0.03,300
C2_n0.03_d300_r04,C2,202646,3.08,2.78,0.30000000000000027,0.6,0.5701633837391835,0.5975057963499599,FAR,FAR,0.0,1,,,0.03,300
C2_n0.03_d300_r04,C2,202646,3.1,2.8,0.30000000000000027,0.6,0.5764742159422352,0.5922479012480287,FAR,FAR,0.0,1,,,0.03,300
C2_n0.03_d300_r04,C2,202646,3.12,2.82,0.30000000000000027,0.6,0.5739033937448166,0.5876617743722257,FAR,FAR,0.0,1,,,0.03,300
C2_n0.03_d300_r04,C2,202646,3.14,2.84,0.30000000000000027,0.6,0.5978283139663969,0.5902034092707684,FAR,FAR,0.0,1,,,0.03,300
C2_n0.03_d300_r04,C2,202646,3.16,2.86,0.30000000000000027,0.6,0.5739761950590759,0.5861466057178453,FAR,FAR,0.0,1,,,0.03,300
C2_n0.03_d300_r04,C2,202646,3.18,2.88,0.30000000000000027,0.6,0.6253018189613802,0.595935409028729,FAR,FAR,0.0,1,,,0.03,300
C2_n0.03_d300_r04,C2,202646,3.2,2.9,0.30000000000000027,0.6,0.6346845385114794,0.6056226913994166,FAR,FAR,0.0,1,,,0.03,300
C2_n0.03_d300_r04,C2,202646,3.22,2.92,0.30000000000000027,0.6,0.5735337654498903,0.597600459912035,FAR,FAR,0.0,1,,,0.03,300
C2_n0.03_d300_r04,C2,202646,3.24,2.94,0.30000000000000027,0.6,0.6277674865751398,0.6051422165778112,FAR,FAR,0.0,1,,,0.03,300
C2_n0.03_d300_r04,C2,202646,3.26,2.96,0.2999999999999998,0.6,0.5675425506222302,0.5957423000889159,FAR,FAR,0.0,1,,,0.03,300
C2_n0.03_d300_r04,C2,202646,3.28,2.98,0.2999999999999998,0.6,0.6183848578384848,0.6014029395263082,FAR,FAR,0.0,1,,,0.03,300
C2_n0.03_d300_r04,C2,202646,3.3,3.0,0.2999999999999998,0.6,0.5857627101282112,0.597492882176784,FAR,FAR,0.0,1,,,0.03,300
C2_n0.03_d300_r04,C2,202646,3.32,3.02,0.2999999999999998,0.6,0.6131174839405663,0.6013990326177295,FAR,FAR,0.0,1,,,0.03,300
C2_n0.03_d300_r04,C2,202646,3.34,3.04,0.2999999999999998,0.6,0.5795252984461844,0.5959305990748432,FAR,FAR,0.0,1,,,0.03,300
C2_n0.03_d300_r04,C2,202646,3.36,3.06,0.2999999999999998,0.6,0.6059104707078287,0.5984255669830896,FAR,FAR,0.0,1,,,0.03,300
C2_n0.03_d300_r04,C2,202646,3.38,3.08,0.2999999999999998,0.6,0.5938940052225171,0.5972926765429465,FAR,FAR,0.0,1,,,0.03,300
C2_n0.03_d300_r04,C2,202646,3.4,3.1,0.2999999999999998,0.6,0.6494680445416271,0.6103365185426166,FAR,FAR,0.0,1,,,0.03,300
C2_n0.03_d300_r04,C2,202646,3.42,3.12,0.2999999999999998,0.6,0.6181507485018726,0.6122900760324306,FAR,FAR,0.0,1,,,0.03,300
C2_n0.03_d300_r04,C2,202646,3.44,3.14,0.2999999999999998,0.6,0.6333399774277434,0.6175525513812588,FAR,FAR,0.0,1,,,0.03,300
C2_n0.03_d300_r04,C2,202646,3.46,3.16,0.2999999999999998,0.6,0.5976868639726017,0.6125861295290945,FAR,FAR,0.0,1,,,0.03,300
C2_n0.03_d300_r04,C2,202646,3.48,3.18,0.2999999999999998,0.6,0.561598846502235,0.5998393087723797,FAR,FAR,0.0,1,,,0.03,300
C2_n0.03_d300_r04,C2,202646,3.5,3.2,0.2999999999999998,0.6,0.6010390900780771,0.600139254098804,FAR,FAR,0.0,1,,,0.03,300
C2_n0.03_d300_r04,C2,202646,3.52,3.22,0.2999999999999998,0.6,0.6148532181361763,0.603817745108147,FAR,FAR,0.0,1,,,0.03,300
C2_n0.03_d300_r04,C2,202646,3.54,3.24,0.2999999999999998,0.6,0.5627993022059681,0.5935631343826022,FAR,FAR,0.0,1,,,0.03,300
C2_n0.03_d300_r04,C2,202646,3.56,3.26,0.30000000000000027,0.6,0.5683021892552966,0.5872478981007758,FAR,FAR,0.0,1,,,0.03,300
C2_n0.03_d300_r04,C2,202646,3.58,3.28,0.30000000000000027,0.6,0.5778182168240392,0.5848904777815916,FAR,FAR,0.0,1,,,0.03,300
C2_n0.03_d300_r04,C2,202646,3.6,3.3,0.30000000000000027,0.6,0.6318329448747229,0.5966260945548745,FAR,FAR,0.0,1,,,0.03,300
C2_n0.03_d300_r04,C2,202646,3.62,3.32,0.30000000000000027,0.6,0.5700541591623745,0.5899831107067495,FAR,FAR,0.0,1,,,0.03,300
C2_n0.03_d300_r04,C2,202646,3.64,3.34,0.30000000000000027,0.6,0.6039985510561516,0.5934869707941,FAR,FAR,0.0,1,,,0.03,300
C2_n0.03_d300_r04,C2,202646,3.66,3.36,0.30000000000000027,0.6,0.5253291596680705,0.5764475180125925,FAR,FAR,0.0,1,,,0.03,300
C2_n0.03_d300_r04,C2,202646,3.68,3.38,0.30000000000000027,0.6,0.5819646739898758,0.5778268070069134,FAR,FAR,0.0,1,,,0.03,300
C2_n0.03_d300_r04,C2,202646,3.7,3.4,0.30000000000000027,0.6,0.6511809423141683,0.5961653408337271,FAR,FAR,0.0,1,,,0.03,300
C2_n0.03_d300_r04,C2,202646,3.72,3.42,0.30000000000000027,0.6,0.5939794841878049,0.5956188766722466,FAR,FAR,0.0,1,,,0.03,300
C2_n0.03_d300_r04,C2,202646,3.74,3.44,0.30000000000000027,0.6,0.5502144491100236,0.5842677697816908,FAR,FAR,0.0,1,,,0.03,300
C2_n0.03_d300_r04,C2,202646,3.76,3.46,0.2999999999999998,0.6,0.5549866854560307,0.5769474987002757,FAR,FAR,0.0,1,,,0.03,300
C2_n0.03_d300_r04,C2,202646,3.78,3.48,0.2999999999999998,0.6,0.5786041277602563,0.5773616559652708,FAR,FAR,0.0,1,,,0.03,300
C2_n0.03_d300_r04,C2,202646,3.8,3.5,0.2999999999999998,0.6,0.5910739442114332,0.5807897280268114,FAR,FAR,0.0,1,,,0.03,300
C2_n0.03_d300_r04,C2,202646,3.82,3.52,0.2999999999999998,0.6,0.6325422056599357,0.5937278474350924,FAR,FAR,0.0,1,,,0.03,300
C2_n0.03_d300_r04,C2,202646,3.84,3.54,0.2999999999999998,0.6,0.607842408115128,0.5972564876051013,FAR,FAR,0.0,1,,,0.03,300
C2_n0.03_d300_r04,C2,202646,3.86,3.56,0.2999999999999998,0.6,0.6103082315783019,0.6005194235984015,FAR,FAR,0.0,1,,,0.03,300
C2_n0.03_d300_r04,C2,202646,3.88,3.58,0.2999999999999998,0.6,0.6062877889771852,0.6019615149430975,FAR,FAR,0.0,1,,,0.03,300
C2_n0.03_d300_r04,C2,202646,3.9,3.6,0.2999999999999998,0.6,0.5580230237793047,0.5909768921521492,FAR,FAR,0.0,1,,,0.03,300
C2_n0.03_d300_r04,C2,202646,3.92,3.62,0.2999999999999998,0.6,0.6314485338024669,0.6010948025647287,FAR,FAR,0.0,1,,,0.03,300
C2_n0.03_d300_r04,C2,202646,3.94,3.64,0.2999999999999998,0.6,0.6262566880038203,0.6073852739245016,FAR,FAR,0.0,1,,,0.03,300
C2_n0.03_d300_r04,C2,202646,3.96,3.66,0.2999999999999998,0.6,0.5481418538311216,0.5925744189011566,FAR,FAR,0.0,1,,,0.03,300
C2_n0.03_d300_r04,C2,202646,3.98,3.68,0.2999999999999998,0.6,0.5750196924473245,0.5881857372876986,FAR,FAR,0.0,1,,,0.03,300
C2_n0.03_d300_r04,C2,202646,4.0,3.7,0.2999999999999998,0.6,0.6166682638379063,0.5953063689252506,FAR,FAR,0.0,1,,,0.03,300
C2_n0.03_d300_r04,C2,202646,4.02,3.72,0.2999999999999994,0.5982500000000001,0.575436041378115,0.5903387870384667,FAR,FAR,0.0,1,,,0.03,300
C2_n0.03_d300_r04,C2,202646,4.04,3.74,0.2999999999999998,0.5965,0.6562206694724696,0.6068092576469674,FAR,FAR,0.0,1,,,0.03,300
C2_n0.03_d300_r04,C2,202646,4.06,3.76,0.2999999999999998,0.59475,0.5918332836586394,0.6030652641498854,FAR,FAR,0.0,1,,,0.03,300
C2_n0.03_d300_r04,C2,202646,4.08,3.78,0.30000000000000027,0.593,0.6156416071686446,0.6062093499045751,FAR,FAR,0.0,1,,,0.03,300
C2_n0.03_d300_r04,C2,202646,4.1,3.8,0.2999999999999998,0.59125,0.6266706041658896,0.6113246634699037,FAR,FAR,0.0,1,,,0.03,300
C2_n0.03_d300_r04,C2,202646,4.12,3.82,0.30000000000000027,0.5894999999999999,0.5586946732110138,0.5981671659051813,FAR,FAR,0.0,1,,,0.03,300
C2_n0.03_d300_r04,C2,202646,4.14,3.84,0.2999999999999998,0.58775,0.5821553620619697,0.5941642149443784,FAR,FAR,0.0,1,,,0.03,300
C2_n0.03_d300_r04,C2,202646,4.16,3.86,0.30000000000000027,0.586,0.6062395554502383,0.5971830500708434,FAR,FAR,0.0,1,,,0.03,300
C2_n0.03_d300_r04,C2,202646,4.18,3.88,0.2999999999999998,0.58425,0.5916857198817068,0.5958087175235592,FAR,FAR,0.0,1,,,0.03,300
C2_n0.03_d300_r04,C2,202646,4.2,3.9,0.30000000000000027,0.5825,0.6275000279281421,0.603731545124705,FAR,FAR,0.0,1,,,0.03,300
C2_n0.03_d300_r04,C2,202646,4.22,3.92,0.2999999999999998,0.58075,0.5901762934388074,0.6003427322032305,FAR,FAR,0.0,1,,,0.03,300
C2_n0.03_d300_r04,C2,202646,4.24,3.94,0.30000000000000027,0.579,0.5829306807411161,0.595989719337702,FAR,FAR,0.0,1,,,0.03,300
C2_n0.03_d300_r04,C2,202646,4.26,3.96,0.2999999999999998,0.57725,0.556214588880647,0.5860459367234382,FAR,FAR,0.0,1,,,0.03,300
C2_n0.03_d300_r04,C2,202646,4.28,3.98,0.30000000000000027,0.5754999999999999,0.6392299105083707,0.5993419301696713,FAR,FAR,0.0,1,,,0.03,300
C2_n0.03_d300_r04,C2,202646,4.3,4.0,0.2999999999999998,0.57375,0.614827334646731,0.6032132812889361,FAR,FAR,0.0,1,,,0.03,300
C2_n0.03_d300_r04,C2,202646,4.32,4.02,0.3000000000000007,0.572,0.6032342913580461,0.6032185338062136,FAR,FAR,0.0,1,,,0.03,300
C2_n0.03_d300_r04,C2,202646,4.34,4.04,0.2999999999999998,0.57025,0.6041548604277661,0.6034526154616018,FAR,FAR,0.0,1,,,0.03,300
C2_n0.03_d300_r04,C2,202646,4.36,4.06,0.3000000000000007,0.5685,0.5924207703327923,0.6006946541793994,FAR,FAR,0.0,1,,,0.03,300
C2_n0.03_d300_r04,C2,202646,4.38,4.08,0.2999999999999998,0.56675,0.6371598174119225,0.6098109449875302,FAR,FAR,0.0,1,,,0.03,300
C2_n0.03_d300_r04,C2,202646,4.4,4.1,0.3000000000000007,0.565,0.627569731795144,0.6142506416894337,FAR,FAR,0.0,1,,,0.03,300
C2_n0.03_d300_r04,C2,202646,4.42,4.12,0.2999999999999998,0.56325,0.561132268324658,0.6009710483482398,FAR,FAR,0.0,1,,,0.03,300
C2_n0.03_d300_r04,C2,202646,4.44,4.14,0.3000000000000007,0.5614999999999999,0.5697558499943925,0.593167248759778,FAR,FAR,0.0,1,,,0.03,300
C2_n0.03_d300_r04,C2,202646,4.46,4.16,0.2999999999999998,0.55975,0.6183005752906776,0.599450580392503,FAR,FAR,0.0,1,,,0.03,300
C2_n0.03_d300_r04,C2,202646,4.48,4.18,0.3000000000000007,0.5579999999999999,0.5583581558278163,0.5891774742513314,FAR,FAR,0.0,1,,,0.03,300
C2_n0.03_d300_r04,C2,202646,4.5,4.2,0.2999999999999998,0.55625,0.5663222284208521,0.5834636627937115,FAR,FAR,0.0,1,,,0.03,300
C2_n0.03_d300_r04,C2,202646,4.52,4.22,0.2999999999999998,0.5545,0.5798258771549261,0.5825542163840152,FAR,FAR,0.0,1,,,0.03,300
C2_n0.03_d300_r04,C2,202646,4.54,4.24,0.2999999999999998,0.55275,0.6089430282170467,0.5891514193422731,FAR,FAR,0.0,1,,,0.03,300
C2_n0.03_d300_r04,C2,202646,4.56,4.26,0.2999999999999998,0.551,0.5900727590652947,0.5893817542730285,FAR,FAR,0.0,1,,,0.03,300
C2_n0.03_d300_r04,C2,202646,4.58,4.28,0.2999999999999998,0.54925,0.5948732992634453,0.5907546405206328,FAR,FAR,0.0,1,,,0.03,300
C2_n0.03_d300_r04,C2,202646,4.6,4.3,0.2999999999999998,0.5475,0.5717815783225851,0.5860113749711209,FAR,FAR,0.0,1,,,0.03,300
C2_n0.03_d300_r04,C2,202646,4.62,4.32,0.2999999999999998,0.54575,0.568378954203821,0.5816032697792959,FAR,FAR,0.0,1,,,0.03,300
C2_n0.03_d300_r04,C2,202646,4.64,4.34,0.2999999999999998,0.544,0.5466414551960218,0.5728628161334773,FAR,FAR,0.0,1,,,0.03,300
C2_n0.03_d300_r04,C2,202646,4.66,4.36,0.2999999999999998,0.54225,0.5591041453388573,0.5694231484348223,FAR,FAR,0.0,1,,,0.03,300
C2_n0.03_d300_r04,C2,202646,4.68,4.38,0.2999999999999998,0.5405,0.564232643689342,0.5681255222484523,FAR,FAR,0.0,1,,,0.03,300
C2_n0.03_d300_r04,C2,202646,4.7,4.4,0.2999999999999998,0.53875,0.5758084441629736,0.5700462527270826,FAR,FAR,0.0,1,,,0.03,300
C2_n0.03_d300_r04,C2,202646,4.72,4.42,0.2999999999999998,0.537,0.5685300346842572,0.5696671982163763,FAR,FAR,0.0,1,,,0.03,300
C2_n0.03_d300_r04,C2,202646,4.74,4.44,0.2999999999999998,0.53525,0.5238613490692745,0.5582157359296009,FAR,FAR,0.0,1,,,0.03,300
C2_n0.03_d300_r04,C2,202646,4.76,4.46,0.2999999999999998,0.5335,0.5258649877260474,0.5501280488787126,FAR,FAR,0.0,1,,,0.03,300
C2_n0.03_d300_r04,C2,202646,4.78,4.48,0.2999999999999998,0.53175,0.5955774379247852,0.5614903961402308,FAR,FAR,0.0,1,,,0.03,300
C2_n0.03_d300_r04,C2,202646,4.8,4.5,0.2999999999999998,0.53,0.5095586517896927,0.5485074600525962,FAR,FAR,0.0,1,,,0.03,300
C2_n0.03_d300_r04,C2,202646,4.82,4.52,0.3000000000000007,0.52825,0.5412017227120443,0.5466810257174581,FAR,FAR,0.0,1,,,0.03,300
C2_n0.03_d300_r04,C2,202646,4.84,4.54,0.2999999999999998,0.5265,0.5278127304556399,0.5419639519020036,FAR,FAR,0.0,1,,,0.03,300
C2_n0.03_d300_r04,C2,202646,4.86,4.56,0.3000000000000007,0.5247499999999999,0.5328002333384652,0.539673022261119,FAR,FAR,0.0,1,,,0.03,300
C2_n0.03_d300_r04,C2,202646,4.88,4.58,0.2999999999999998,0.523,0.5983217590866023,0.5543352064674898,FAR,FAR,0.0,1,,,0.03,300
C2_n0.03_d300_r04,C2,202646,4.9,4.6,0.3000000000000007,0.52125,0.5337017003775009,0.5491768299449926,FAR,FAR,0.0,1,,,0.03,300
C2_n0.03_d300_r04,C2,202646,4.92,4.62,0.2999999999999998,0.5195,0.5391398396728463,0.546667582376956,FAR,FAR,0.0,1,,,0.03,300
C2_n0.03_d300_r04,C2,202646,4.94,4.64,0.3000000000000007,0.5177499999999999,0.5242020943402984,0.5410512103677916,FAR,FAR,0.0,1,,,0.03,300
C2_n0.03_d300_r04,C2,202646,4.96,4.66,0.2999999999999998,0.516,0.5303551670484684,0.5383771995379608,FAR,FAR,0.0,1,,,0.03,300
C2_n0.03_d300_r04,C2,202646,4.98,4.68,0.3000000000000007,0.51425,0.5039066393672845,0.5297595594952917,FAR,FAR,0.0,1,,,0.03,300
C2_n0.03_d300_r04,C2,202646,5.0,4.7,0.2999999999999998,0.5125,0.590007234750216,0.5448214783090228,FAR,FAR,0.0,1,,,0.03,300
C2_n0.03_d300_r04,C2,202646,5.02,4.72,0.2999999999999998,0.51075,0.562309816242877,0.5491935627924864,FAR,FAR,0.0,1,,,0.03,300
C2_n0.03_d300_r04,C2,202646,5.04,4.74,0.2999999999999998,0.509,0.554487311386734,0.5505169999410483,FAR,FAR,0.0,1,,,0.03,300
C2_n0.03_d300_r04,C2,202646,5.06,4.76,0.2999999999999998,0.50725,0.533614911815383,0.546291477909632,FAR,FAR,0.0,1,,,0.03,300
C2_n0.03_d300_r04,C2,202646,5.08,4.78,0.2999999999999998,0.5055,0.5178860722889863,0.5391901265044705,FAR,FAR,0.0,1,,,0.03,300
C2_n0.03_d300_r04,C2,202646,5.1,4.8,0.2999999999999998,0.50375,0.547305516470421,0.5412189739959581,FAR,FAR,0.0,1,,,0.03,300
C2_n0.03_d300_r04,C2,202646,5.12,4.82,0.2999999999999998,0.502,0.52447586439861,0.5370331965966211,FAR,FAR,0.0,1,,,0.03,300
C2_n0.03_d300_r04,C2,202646,5.14,4.84,0.2999999999999998,0.50025,0.5284168986243672,0.5348791221035576,FAR,FAR,0.0,1,,,0.03,300
C2_n0.03_d300_r04,C2,202646,5.16,4.86,0.2999999999999998,0.49849999999999994,0.468460563258522,0.5182744823922987,FAR,FAR,0.0,1,,,0.03,300
C2_n0.03_d300_r04,C2,202646,5.18,4.88,0.2999999999999998,0.49675,0.4694129795654299,0.5060591066855815,FAR,FAR,0.0,1,,,0.03,300
C2_n0.03_d300_r04,C2,202646,5.2,4.9,0.2999999999999998,0.495,0.4762868557573143,0.4986160439535147,FAR,FAR,0.0,1,,,0.03,300
C2_n0.03_d300_r04,C2,202646,5.22,4.92,0.2999999999999998,0.49325,0.5108527690137812,0.5016752252185813,FAR,FAR,0.0,1,,,0.03,300
C2_n0.03_d300_r04,C2,202646,5.24,4.94,0.2999999999999998,0.49149999999999994,0.47130334635874455,0.49408225550362217,FAR,FAR,0.0,1,,,0.03,300
C2_n0.03_d300_r04,C2,202646,5.26,4.96,0.2999999999999998,0.48975,0.5230293975469142,0.5013190410144452,FAR,FAR,0.0,1,,,0.03,300
C2_n0.03_d300_r04,C2,202646,5.28,4.98,0.2999999999999998,0.488,0.5187567124625555,0.5056784588764728,FAR,FAR,0.0,1,,,0.03,300
C2_n0.03_d300_r04,C2,202646,5.3,5.0,0.2999999999999998,0.48625,0.4749493532142714,0.4979961824609224,FAR,FAR,0.0,1,,,0.03,300
C2_n0.03_d300_r04,C2,202646,5.32,5.02,0.3000000000000007,0.48449999999999993,0.48232621692672717,0.49407869107737357,FAR,FAR,0.0,1,,,0.03,300
C2_n0.03_d300_r04,C2,202646,5.34,5.04,0.2999999999999998,0.48275,0.46745042459729547,0.48742162445735404,FAR,FAR,0.0,1,,,0.03,300
C2_n0.03_d300_r04,C2,202646,5.36,5.06,0.3000000000000007,0.481,0.48593433932814845,0.48704980317505264,FAR,FAR,0.0,1,,,0.03,300
C2_n0.03_d300_r04,C2,202646,5.38,5.08,0.2999999999999998,0.47925,0.49329517517307575,0.4886111461745585,FAR,FAR,0.0,1,,,0.03,300
C2_n0.03_d300_r04,C2,202646,5.4,5.1,0.3000000000000007,0.4774999999999999,0.5250159710248352,0.4977123523871277,FAR,FAR,0.0,1,,,0.03,300
C2_n0.03_d300_r04,C2,202646,5.42,5.12,0.2999999999999998,0.47575,0.48966228106591114,0.49569983455682354,FAR,FAR,0.0,1,,,0.03,300
C2_n0.03_d300_r04,C2,202646,5.44,5.14,0.3000000000000007,0.474,0.5249928637661629,0.5030230918591584,FAR,FAR,0.0,1,,,0.03,300
C2_n0.03_d300_r04,C2,202646,5.46,5.16,0.2999999999999998,0.47224999999999995,0.5066991057411452,0.5039420953296552,FAR,FAR,0.0,1,,,0.03,300
C2_n0.03_d300_r04,C2,202646,5.48,5.18,0.3000000000000007,0.4704999999999999,0.49804865376023216,0.5024687349372994,FAR,FAR,0.0,1,,,0.03,300
C2_n0.03_d300_r04,C2,202646,5.5,5.2,0.2999999999999998,0.46875,0.5057773125323307,0.5032958793360572,FAR,FAR,0.0,1,,,0.03,300
C2_n0.03_d300_r04,C2,202646,5.52,5.22,0.2999999999999998,0.467,0.5064406357909397,0.5040820684497778,FAR,FAR,0.0,1,,,0.03,300
C2_n0.03_d300_r04,C2,202646,5.54,5.24,0.2999999999999998,0.46525,0.47454154617249944,0.4966969378804582,FAR,FAR,0.0,1,,,0.03,300
C2_n0.03_d300_r04,C2,202646,5.56,5.26,0.2999999999999998,0.4635,0.47876852018907473,0.49221483345761236,FAR,FAR,0.0,1,,,0.03,300
C2_n0.03_d300_r04,C2,202646,5.58,5.28,0.2999999999999998,0.46175,0.4887385784209826,0.4913457696984549,FAR,FAR,0.0,1,,,0.03,300
C2_n0.03_d300_r04,C2,202646,5.6,5.3,0.2999999999999998,0.46,0.4678013957032956,0.48545967619966507,FAR,FAR,0.0,1,,,0.03,300
C2_n0.03_d300_r04,C2,202646,5.62,5.32,0.2999999999999998,0.45825,0.5170112790627018,0.4933475769154243,FAR,FAR,0.0,1,,,0.03,300
C2_n0.03_d300_r04,C2,202646,5.64,5.34,0.2999999999999998,0.4565,0.4990455745960516,0.4947720763355811,FAR,FAR,0.0,1,,,0.03,300
C2_n0.03_d300_r04,C2,202646,5.66,5.36,0.2999999999999998,0.45475,0.5148980232020849,0.4998035630522071,FAR,FAR,0.0,1,,,0.03,300
C2_n0.03_d300_r04,C2,202646,5.68,5.38,0.2999999999999998,0.453,0.4446447367830063,0.4860138564849069,FAR,FAR,0.0,1,,,0.03,300
C2_n0.03_d300_r04,C2,202646,5.7,5.4,0.2999999999999998,0.45125,0.461687616779817,0.47993229655863445,FAR,FAR,0.0,1,,,0.03,300
C2_n0.03_d300_r04,C2,202646,5.72,5.42,0.2999999999999998,0.4495,0.5017192050531307,0.48537902368225855,FAR,FAR,0.0,1,,,0.03,300
C2_n0.03_d300_r04,C2,202646,5.74,5.44,0.2999999999999998,0.44775,0.46835256047533946,0.48112240788052874,FAR,FAR,0.0,1,,,0.03,300
C2_n0.03_d300_r04,C2,202646,5.76,5.46,0.2999999999999998,0.446,0.47229093984186804,0.47891454087086355,FAR,FAR,0.0,1,,,0.03,300
C2_n0.03_d300_r04,C2,202646,5.78,5.48,0.2999999999999998,0.44425,0.5265460475373557,0.49082241753748657,FAR,FAR,0.0,1,,,0.03,300
C2_n0.03_d300_r04,C2,202646,5.8,5.5,0.2999999999999998,0.4425,0.4489336044410623,0.48035021426338054,FAR,FAR,0.0,1,,,0.03,300
C2_n0.03_d300_r04,C2,202646,5.82,5.52,0.3000000000000007,0.44075,0.47082915294042116,0.4779699489326407,FAR,FAR,0.0,1,,,0.03,300
C2_n0.03_d300_r04,C2,202646,5.84,5.54,0.2999999999999998,0.439,0.436344298818111,0.4675635364040083,FAR,FAR,0.0,1,,,0.03,300
C2_n0.03_d300_r04,C2,202646,5.86,5.56,0.3000000000000007,0.43724999999999997,0.5104401209094851,0.4782826825303775,FAR,FAR,0.0,1,,,0.03,300
C2_n0.03_d300_r04,C2,202646,5.88,5.58,0.2999999999999998,0.4355,0.4236747251090214,0.46463069317503847,FAR,FAR,0.0,1,,,0.03,300
C2_n0.03_d300_r04,C2,202646,5.9,5.6,0.3000000000000007,0.43374999999999997,0.5027044736301227,0.47414913828880956,FAR,FAR,0.0,1,,,0.03,300
C2_n0.03_d300_r04,C2,202646,5.92,5.62,0.2999999999999998,0.432,0.41986851103708167,0.4605789814758776,FAR,FAR,0.0,1,,,0.03,300
C2_n0.03_d300_r04,C2,202646,5.94,5.64,0.3000000000000007,0.43024999999999997,0.4889244427767173,0.4676653468010875,FAR,FAR,0.0,1,,,0.03,300
C2_n0.03_d300_r04,C2,202646,5.96,5.66,0.2999999999999998,0.4285,0.44737930812904786,0.46259383713307756,FAR,FAR,0.0,1,,,0.03,300
C2_n0.03_d300_r04,C2,202646,5.98,5.68,0.3000000000000007,0.42674999999999996,0.4526905465810648,0.4601180144950744,FAR,FAR,0.0,1,,,0.03,300
C2_n0.03_d300_r04,C2,202646,6.0,5.7,0.2999999999999998,0.425,0.4540745269449901,0.4586071426075533,FAR,FAR,0.0,1,,,0.03,300
C2_n0.03_d300_r04,C2,202646,6.02,5.72,0.2999999999999998,0.42325,0.5188938636987419,0.47367882288035046,FAR,FAR,0.0,1,,,0.03,300
C2_n0.03_d300_r04,C2,202646,6.04,5.74,0.2999999999999998,0.4215,0.47895419309338055,0.47499766543360794,FAR,FAR,0.0,1,,,0.03,300
C2_n0.03_d300_r04,C2,202646,6.06,5.76,0.2999999999999998,0.41975,0.4557393451948542,0.4701830853739195,FAR,FAR,0.0,1,,,0.03,300
C2_n0.03_d300_r04,C2,202646,6.08,5.78,0.2999999999999998,0.418,0.48942036203907596,0.47499240454020863,FAR,FAR,0.0,1,,,0.03,300
C2_n0.03_d300_r04,C2,202646,6.1,5.8,0.2999999999999998,0.41625,0.47489812289565764,0.47496883412907087,FAR,FAR,0.0,1,,,0.03,300
C2_n0.03_d300_r04,C2,202646,6.12,5.82,0.2999999999999998,0.4145,0.40742399662095824,0.45808262475204276,FAR,FAR,0.0,1,,,0.03,300
C2_n0.03_d300_r04,C2,202646,6.14,5.84,0.2999999999999998,0.41275,0.4484901923530837,0.45568451665230303,FAR,FAR,0.0,1,,,0.03,300
C2_n0.03_d300_r04,C2,202646,6.16,5.86,0.2999999999999998,0.411,0.39070854426812146,0.4394405235562577,FAR,FAR,0.0,1,,,0.03,300
C2_n0.03_d300_r04,C2,202646,6.18,5.88,0.2999999999999998,0.40925,0.4181424837553046,0.43411601360601937,FAR,FAR,0.0,1,,,0.03,300
C2_n0.03_d300_r04,C2,202646,6.2,5.9,0.2999999999999998,0.4075,0.5115130144920204,0.4534652638275196,FAR,FAR,0.0,1,,,0.03,300
C2_n0.03_d300_r04,C2,202646,6.22,5.92,0.2999999999999998,0.40575,0.4150670077918459,0.4438656998186012,FAR,FAR,0.0,1,,,0.03,300
C2_n0.03_d300_r04,C2,202646,6.24,5.94,0.2999999999999998,0.40399999999999997,0.4153081647723065,0.4367263160570275,FAR,FAR,0.0,1,,,0.03,300
C2_n0.03_d300_r04,C2,202646,6.26,5.96,0.2999999999999998,0.40225,0.4487035156042299,0.4397206159438281,FAR,FAR,0.0,1,,,0.03,300
C2_n0.03_d300_r04,C2,202646,6.28,5.98,0.2999999999999998,0.40049999999999997,0.4671682439362971,0.44658252294194534,FAR,FAR,0.0,1,,,0.03,300
C2_n0.03_d300_r04,C2,202646,6.3,6.0,0.2999999999999998,0.39875,0.40760383226599384,0.43683785027295746,FAR,FAR,0.0,1,,,0.03,300
C2_n0.03_d300_r04,C2,202646,6.32,6.02,0.3000000000000007,0.39699999999999996,0.4340610881668429,0.4361436597464288,FAR,FAR,0.0,1,,,0.03,300
C2_n0.03_d300_r04,C2,202646,6.34,6.04,0.2999999999999998,0.39525,0.44216954048183643,0.43765012993028074,FAR,FAR,0.0,1,,,0.03,300
C2_n0.03_d300_r04,C2,202646,6.36,6.06,0.3000000000000007,0.39349999999999996,0.4516449183899637,0.4411488270452014,FAR,FAR,0.0,1,,,0.03,300
C2_n0.03_d300_r04,C2,202646,6.38,6.08,0.2999999999999998,0.39175,0.45486027229599424,0.44457668835789965,FAR,FAR,0.0,1,,,0.03,300
C2_n0.03_d300_r04,C2,202646,6.4,6.1,0.3000000000000007,0.38999999999999996,0.3904349567458753,0.4310412554548936,FAR,FAR,0.0,1,,,0.03,300
C2_n0.03_d300_r04,C2,202646,6.42,6.12,0.2999999999999998,0.38825,0.434704667851369,0.4319571085540124,FAR,FAR,0.0,1,,,0.03,300
C2_n0.03_d300_r04,C2,202646,6.44,6.14,0.3000000000000007,0.38649999999999995,0.4007087381140104,0.42414501594401194,FAR,FAR,0.0,1,,,0.03,300
C2_n0.03_d300_r04,C2,202646,6.46,6.16,0.2999999999999998,0.38475,0.4427627261265201,0.428799443489639,FAR,FAR,0.0,1,,,0.03,300
C2_n0.03_d300_r04,C2,202646,6.48,6.18,0.3000000000000007,0.38299999999999995,0.40557097675997894,0.422992326807224,FAR,FAR,0.0,1,,,0.03,300
C2_n0.03_d300_r04,C2,202646,6.5,6.2,0.2999999999999998,0.38125,0.32961002973215403,0.3996467525384565,FAR,FAR,0.0,1,,,0.03,300
C2_n0.03_d300_r04,C2,202646,6.52,6.22,0.2999999999999998,0.37950000000000006,0.3963744076382475,0.3988286663134042,FAR,FAR,0.0,1,,,0.03,300
C2_n0.03_d300_r04,C2,202646,6.54,6.24,0.2999999999999998,0.37775000000000003,0.40810514738928816,0.40114778658237515,FAR,FAR,0.0,1,,,0.03,300
C2_n0.03_d300_r04,C2,202646,6.56,6.26,0.2999999999999998,0.376,0.3921366389743658,0.3988949996803728,FAR,FAR,0.0,1,,,0.03,300
C2_n0.03_d300_r04,C2,202646,6.58,6.28,0.2999999999999998,0.37424999999999997,0.45500031053961354,0.41292132739518295,FAR,FAR,0.0,1,,,0.03,300
C2_n0.03_d300_r04,C2,202646,6.6,6.3,0.2999999999999998,0.37250000000000005,0.3930349221331174,0.4079497260796666,FAR,FAR,0.0,1,,,0.03,300
C2_n0.03_d300_r04,C2,202646,6.62,6.32,0.2999999999999998,0.37075,0.40382224496601576,0.40691785580125395,FAR,FAR,0.0,1,,,0.03,300
C2_n0.03_d300_r04,C2,202646,6.64,6.34,0.2999999999999998,0.369,0.37757057908347313,0.39958103662180877,FAR,FAR,0.0,1,,,0.03,300
C2_n0.03_d300_r04,C2,202646,6.66,6.36,0.2999999999999998,0.36724999999999997,0.3770816944985355,0.3939562010909905,FAR,FAR,0.0,1,,,0.03,300
C2_n0.03_d300_r04,C2,202646,6.68,6.38,0.2999999999999998,0.36550000000000005,0.3689002308861622,0.3876922085397834,FAR,FAR,0.0,1,,,0.03,300
C2_n0.03_d300_r04,C2,202646,6.7,6.4,0.2999999999999998,0.36375,0.3786352318392926,0.38542796436466076,FAR,FAR,0.0,1,,,0.03,300
C2_n0.03_d300_r04,C2,202646,6.72,6.42,0.2999999999999998,0.362,0.3664923864744953,0.3806940698921194,FAR,FAR,0.0,1,,,0.03,300
C2_n0.03_d300_r04,C2,202646,6.74,6.44,0.2999999999999998,0.36024999999999996,0.4188699823620533,0.39023804800960293,FAR,FAR,0.0,1,,,0.03,300
C2_n0.03_d300_r04,C2,202646,6.76,6.46,0.2999999999999998,0.35850000000000004,0.37147207513243197,0.3855465547903102,FAR,FAR,0.0,1,,,0.03,300
C2_n0.03_d300_r04,C2,202646,6.78,6.48,0.2999999999999998,0.35675,0.39611546579592305,0.3881887825417134,FAR,FAR,0.0,1,,,0.03,300
C2_n0.03_d300_r04,C2,202646,6.8,6.5,0.2999999999999998,0.355,0.3663110613510295,0.3827193522440424,FAR,FAR,0.0,1,,,0.03,300
C2_n0.03_d300_r04,C2,202646,6.82,6.52,0.3000000000000007,0.35324999999999995,0.36695810986268945,0.3787790416487042,FAR,FAR,0.0,1,,,0.03,300
C2_n0.03_d300_r04,C2,202646,6.84,6.54,0.2999999999999998,0.35150000000000003,0.427479032748648,0.3909540394236901,FAR,FAR,0.0,1,,,0.03,300
C2_n0.03_d300_r04,C2,202646,6.86,6.56,0.3000000000000007,0.34974999999999995,0.29734902986272116,0.36755278703344785,NEAR,FAR,0.0,1,,,0.03,300
C2_n0.03_d300_r04,C2,202646,6.88,6.58,0.2999999999999998,0.348,0.38347028964561214,0.3715321626864889,NEAR,FAR,0.0,1,,,0.03,300
C2_n0.03_d300_r04,C2,202646,6.9,6.6,0.3000000000000007,0.34624999999999995,0.3558782354116678,0.36761868086778365,NEAR,FAR,0.0,1,,,0.03,300
C2_n0.03_d300_r04,C2,202646,6.92,6.62,0.2999999999999998,0.3445,0.3420491574062124,0.3612263000023908,NEAR,FAR,0.0,1,,,0.03,300
C2_n0.03_d300_r04,C2,202646,6.94,6.64,0.3000000000000007,0.34274999999999994,0.35243545980991664,0.3590285899542723,NEAR,FAR,0.0,1,,,0.03,300
C2_n0.03_d300_r04,C2,202646,6.96,6.66,0.2999999999999998,0.34099999999999997,0.37978439089710314,0.36421754018998,NEAR,FAR,0.0,1,,,0.03,300
C2_n0.03_d300_r04,C2,202646,6.98,6.68,0.3000000000000007,0.33924999999999994,0.3476099766285341,0.36006564929961854,NEAR,FAR,0.0,1,,,0.03,300
C2_n0.03_d300_r04,C2,202646,7.0,6.7,0.2999999999999998,0.3375,0.46225430232406517,0.3856128125557302,NEAR,FAR,0.0,1,,,0.03,300
C2_n0.03_d300_r04,C2,202646,7.02,6.72,0.2999999999999998,0.33575000000000005,0.33265194186986036,0.3723725948842627,NEAR,FAR,0.0,1,,,0.03,300
C2_n0.03_d300_r04,C2,202646,7.04,6.74,0.2999999999999998,0.334,0.3819691563500557,0.37477173525071095,NEAR,FAR,0.0,1,,,0.03,300
C2_n0.03_d300_r04,C2,202646,7.06,6.76,0.2999999999999998,0.33225000000000005,0.31037456981513506,0.35867244389181696,NEAR,FAR,0.0,1,,,0.03,300
C2_n0.03_d300_r04,C2,202646,7.08,6.78,0.2999999999999998,0.3305,0.3215554264793625,0.34939318953870335,NEAR,FAR,0.0,1,,,0.03,300
C2_n0.03_d300_r04,C2,202646,7.1,6.8,0.2999999999999998,0.32875000000000004,0.3934013916690773,0.3603952400712968,NEAR,FAR,0.0,1,,,0.03,300
C2_n0.03_d300_r04,C2,202646,7.12,6.82,0.2999999999999998,0.327,0.3458383332446488,0.3567560133646348,NEAR,FAR,0.0,1,,,0.03,300
C2_n0.03_d300_r04,C2,202646,7.14,6.84,0.2999999999999998,0.32525000000000004,0.33308189352962764,0.350837483405883,NEAR,FAR,0.0,1,,,0.03,300
C2_n0.03_d300_r04,C2,202646,7.16,6.86,0.2999999999999998,0.3235,0.34103687512880987,0.3483873313366147,NEAR,FAR,0.0,1,,,0.03,300
C2_n0.03_d300_r04,C2,202646,7.18,6.88,0.2999999999999998,0.32175000000000004,0.40210859585582265,0.36181764746641665,NEAR,FAR,0.0,1,,,0.03,300
C2_n0.03_d300_r04,C2,202646,7.2,6.9,0.2999999999999998,0.32,0.34946933337713376,0.3587305689440959,NEAR,FAR,0.0,1,,,0.03,300
C2_n0.03_d300_r04,C2,202646,7.22,6.92,0.2999999999999998,0.31825000000000003,0.3585774975327158,0.3586923010912509,NEAR,FAR,0.0,1,,,0.03,300
C2_n0.03_d300_r04,C2,202646,7.24,6.94,0.2999999999999998,0.3165,0.33824429570260295,0.3535802997440889,NEAR,FAR,0.0,1,,,0.03,300
C2_n0.03_d300_r04,C2,202646,7.26,6.96,0.2999999999999998,0.31475000000000003,0.3166235268485327,0.34434110652019984,NEAR,FAR,0.0,1,,,0.03,300
C2_n0.03_d300_r04,C2,202646,7.28,6.98,0.2999999999999998,0.313,0.3406982049769383,0.34343038113438445,NEAR,FAR,0.0,1,,,0.03,300
C2_n0.03_d300_r04,C2,202646,7.3,7.0,0.2999999999999998,0.31125,0.35168716880951856,0.34549457805316797,NEAR,FAR,0.0,1,,,0.03,300
C2_n0.03_d300_r04,C2,202646,7.32,7.02,0.3000000000000007,0.3095,0.40274406469526025,0.35980694971369104,NEAR,FAR,0.0,1,,,0.03,300
C2_n0.03_d300_r04,C2,202646,7.34,7.04,0.2999999999999998,0.30775,0.3348959517254461,0.3535792002166298,NEAR,FAR,0.0,1,,,0.03,300
C2_n0.03_d300_r04,C2,202646,7.36,7.06,0.3000000000000007,0.306,0.3478379387207749,0.35214388484266607,NEAR,FAR,0.0,1,,,0.03,300
C2_n0.03_d300_r04,C2,202646,7.38,7.08,0.2999999999999998,0.30425,0.32195668460114685,0.34459708478228623,NEAR,FAR,0.0,1,,,0.03,300
C2_n0.03_d300_r04,C2,202646,7.4,7.1,0.3000000000000007,0.3025,0.33558357619157475,0.3423437076346083,NEAR,FAR,0.0,1,,,0.03,300
C2_n0.03_d300_r04,C2,202646,7.42,7.12,0.2999999999999998,0.30075,0.2984705772278299,0.33137542503291373,NEAR,FAR,0.0,1,,,0.03,300
C2_n0.03_d300_r04,C2,202646,7.44,7.14,0.3000000000000007,0.299,0.3065264477284293,0.3251631807067926,NEAR,FAR,0.0,1,,,0.03,300
C2_n0.03_d300_r04,C2,202646,7.46,7.16,0.2999999999999998,0.29725,0.2843171810236095,0.31495168078599683,NEAR,NEAR,0.6,1,ENTER_NEAR,,0.03,300
C2_n0.03_d300_r04,C2,202646,7.48,7.18,0.3000000000000007,0.2955,0.3124357474335582,0.31432269744788716,NEAR,NEAR,0.6,1,,,0.03,300
C2_n0.03_d300_r04,C2,202646,7.5,7.2,0.2999999999999998,0.29375,0.29323385917433753,0.30905048787949974,NEAR,NEAR,0.6,1,,,0.03,300
C2_n0.03_d300_r04,C2,202646,7.52,7.22,0.2999999999999998,0.29200000000000004,0.3407822352460751,0.3169834247211436,NEAR,NEAR,0.6,1,,,0.03,300
C2_n0.03_d300_r04,C2,202646,7.54,7.24,0.2999999999999998,0.29025,0.34982903329029164,0.3251948268634306,NEAR,NEAR,0.6,1,,,0.03,300
C2_n0.03_d300_r04,C2,202646,7.56,7.26,0.2999999999999998,0.28850000000000003,0.343161112666522,0.32968639831420343,NEAR,NEAR,0.6,1,,,0.03,300
C2_n0.03_d300_r04,C2,202646,7.58,7.28,0.2999999999999998,0.28675,0.3429654809916849,0.3330061689835738,NEAR,NEAR,0.6,1,,,0.03,300
C2_n0.03_d300_r04,C2,202646,7.6,7.3,0.2999999999999998,0.28500000000000003,0.29412453532716704,0.3232857605694721,NEAR,NEAR,0.6,1,,,0.03,300
C2_n0.03_d300_r04,C2,202646,7.62,7.32,0.2999999999999998,0.28325,0.30308094002132707,0.31823455543243584,NEAR,NEAR,0.6,1,,,0.03,300
C2_n0.03_d300_r04,C2,202646,7.64,7.34,0.2999999999999998,0.28150000000000003,0.2849297757663055,0.30990836051590326,NEAR,NEAR,0.6,1,,,0.03,300
C2_n0.03_d300_r04,C2,202646,7.66,7.36,0.2999999999999998,0.27975,0.321299971002706,0.31275626313760396,NEAR,NEAR,0.6,1,,,0.03,300
C2_n0.03_d300_r04,C2,202646,7.68,7.38,0.2999999999999998,0.278,0.30364622502440924,0.31047875360930527,NEAR,NEAR,0.6,1,,,0.03,300
C2_n0.03_d300_r04,C2,202646,7.7,7.4,0.2999999999999998,0.27625,0.2848326735368308,0.30406723359118665,NEAR,NEAR,0.6,1,,,0.03,300
C2_n0.03_d300_r04,C2,202646,7.72,7.42,0.2999999999999998,0.2745,0.29360794480827074,0.30145241139545764,NEAR,NEAR,0.6,1,,,0.03,300
C2_n0.03_d300_r04,C2,202646,7.74,7.44,0.2999999999999998,0.27275,0.29480436325475423,0.2997903993602818,NEAR,NEAR,0.6,1,,,0.03,300
C2_n0.03_d300_r04,C2,202646,7.76,7.46,0.2999999999999998,0.271,0.33370325812948937,0.3082686140525837,NEAR,NEAR,0.6,1,,,0.03,300
C2_n0.03_d300_r04,C2,202646,7.78,7.48,0.2999999999999998,0.26925,0.3201228776227385,0.3112321799451224,NEAR,NEAR,0.6,1,,,0.03,300
C2_n0.03_d300_r04,C2,202646,7.8,7.5,0.2999999999999998,0.2675,0.33294405336735927,0.3166601483006816,NEAR,NEAR,0.6,1,,,0.03,300
C2_n0.03_d300_r04,C2,202646,7.82,7.52,0.3000000000000007,0.26575,0.2984525817734912,0.312108256668884,NEAR,NEAR,0.6,1,,,0.03,300
C2_n0.03_d300_r04,C2,202646,7.84,7.54,0.2999999999999998,0.264,0.2210464559993016,0.28934280650148836,NEAR,NEAR,0.6,1,,,0.03,300
C2_n0.03_d300_r04,C2,202646,7.86,7.56,0.3000000000000007,0.26225,0.22074720485248805,0.27219390608923827,NEAR,NEAR,0.6,1,,,0.03,300
C2_n0.03_d300_r04,C2,202646,7.88,7.58,0.2999999999999998,0.2605,0.30569376612366816,0.2805688710978458,NEAR,NEAR,0.6,1,,,0.03,300
C2_n0.03_d300_r04,C2,202646,7.9,7.6,0.3000000000000007,0.25875,0.2784329604790041,0.28003489344313537,NEAR,NEAR,0.6,1,,,0.03,300
C2_n0.03_d300_r04,C2,202646,7.92,7.62,0.2999999999999998,0.257,0.2555821883427445,0.27392171716803765,NEAR,NEAR,0.6,1,,,0.03,300
C2_n0.03_d300_r04,C2,202646,7.94,7.64,0.3000000000000007,0.25525,0.25182292484044405,0.2683970190861392,NEAR,NEAR,0.6,1,,,0.03,300
C2_n0.03_d300_r04,C2,202646,7.96,7.66,0.2999999999999998,0.2535,0.2506960410679895,0.2639717745816018,NEAR,NEAR,0.6,1,,,0.03,300
C2_n0.03_d300_r04,C2,202646,7.98,7.68,0.3000000000000007,0.25175,0.24640270766494946,0.2595795078524387,NEAR,NEAR,0.6,1,,,0.03,300
C2_n0.03_d300_r04,C2,202646,8.0,7.7,0.2999999999999998,0.25,0.26705907262557516,0.26144939904572284,NEAR,NEAR,0.6,1,,,0.03,300
C2_n0.03_d300_r04,C2,202646,8.02,7.72,0.2999999999999998,0.2522533838368113,0.2628799067585631,0.2618070259739329,NEAR,NEAR,0.6,1,,,0.03,300
C2_n0.03_d300_r04,C2,202646,8.04,7.74,0.29999999999999893,0.25445562372365543,0.2363831842669159,0.25545106554717867,NEAR,NEAR,0.6,1,,,0.03,300
C2_n0.03_d300_r04,C2,202646,8.06,7.76,0.3000000000000007,0.25655673649976407,0.24624432350721231,0.25314938003718707,NEAR,NEAR,0.6,1,,,0.03,300
C2_n0.03_d300_r04,C2,202646,8.08,7.78,0.2999999999999998,0.25850903423690136,0.29272154859991617,0.26304242217786933,NEAR,NEAR,0.6,1,,,0.03,300
C2_n0.03_d300_r04,C2,202646,8.1,7.8,0.2999999999999998,0.2602682065889303,0.22306808984735732,0.25304883909524134,NEAR,NEAR,0.6,1,,,0.03,300
C2_n0.03_d300_r04,C2,202646,8.12,7.82,0.29999999999999893,0.26179432648204926,0.29395332479406566,0.2632749605199474,NEAR,NEAR,0.6,1,,,0.03,300
C2_n0.03_d300_r04,C2,202646,8.14,7.84,0.3000000000000007,0.26305275632004294,0.25944875592451067,0.26231840937108825,NEAR,NEAR,0.6,1,,,0.03,300
C2_n0.03_d300_r04,C2,202646,8.16,7.86,0.2999999999999998,0.2640149341368492,0.27675229185195876,0.2659268799913059,NEAR,NEAR,0.6,1,,,0.03,300
C2_n0.03_d300_r04,C2,202646,8.18,7.88,0.2999999999999998,0.2646590218535229,0.21236921187292773,0.2525374629617113,NEAR,NEAR,0.6,1,,,0.03,300
C2_n0.03_d300_r04,C2,202646,8.2,7.9,0.29999999999999893,0.26497040092642404,0.3024900325997997,0.26502560537123343,NEAR,NEAR,0.6,1,,,0.03,300
C2_n0.03_d300_r04,C2,202646,8.22,7.92,0.3000000000000007,0.2649420041371476,0.22367642293094198,0.2546883097611606,NEAR,NEAR,0.6,1,,,0.03,300
C2_n0.03_d300_r04,C2,202646,8.24,7.94,0.2999999999999998,0.2645744759937201,0.2782553775089661,0.260580076698112,NEAR,NEAR,0.6,1,,,0.03,300
C2_n0.03_d300_r04,C2,202646,8.26,7.96,0.2999999999999998,0.26387615810251686,0.25904142269477426,0.26019541319727757,NEAR,NEAR,0.6,1,,,0.03,300
C2_n0.03_d300_r04,C2,202646,8.28,7.98,0.29999999999999893,0.26286289984290484,0.24144785094252355,0.2555085226335891,NEAR,NEAR,0.6,1,,,0.03,300
C2_n0.03_d300_r04,C2,202646,8.3,8.0,0.3000000000000007,0.2615576986416368,0.23273393197886488,0.249814874969908,NEAR,NEAR,0.6,1,,,0.03,300
C2_n0.03_d300_r04,C2,202646,8.32,8.02,0.3000000000000007,0.25999017801151375,0.24729098390467233,0.24918390220359907,NEAR,NEAR,0.6,1,,,0.03,300
C2_n0.03_d300_r04,C2,202646,8.34,8.04,0.3000000000000007,0.25819591520101404,0.28404575928232445,0.2578993664732804,NEAR,NEAR,0.6,1,,,0.03,300
C2_n0.03_d300_r04,C2,202646,8.36,8.06,0.29999999999999893,0.2562156337148993,0.2891002262331249,0.2656995814132415,NEAR,NEAR,0.6,1,,,0.03,300
C2_n0.03_d300_r04,C2,202646,8.38,8.08,0.3000000000000007,0.2540942790327598,0.26719774438689453,0.26607412215665477,NEAR,NEAR,0.6,1,,,0.03,300
C2_n0.03_d300_r04,C2,202646,8.4,8.1,0.3000000000000007,0.25187999850346454,0.24657947838691197,0.2612004612142191,NEAR,NEAR,0.6,1,,,0.03,300
C2_n0.03_d300_r04,C2,202646,8.42,8.12,0.3000000000000007,0.24962304856834994,0.2594778871867787,0.26076981770735896,NEAR,NEAR,0.6,1,,,0.03,300
C2_n0.03_d300_r04,C2,202646,8.44,8.14,0.29999999999999893,0.2473746541153709,0.3078825992587509,0.27254801309520693,NEAR,NEAR,0.6,1,,,0.03,300
C2_n0.03_d300_r04,C2,202646,8.46,8.16,0.3000000000000007,0.24518584585289177,0.2750906145840433,0.273183663467416,NEAR,NEAR,0.6,1,,,0.03,300
C2_n0.03_d300_r04,C2,202646,8.48,8.18,0.3000000000000007,0.24310630209067763,0.22224369276246803,0.260448670791179,NEAR,NEAR,0.6,1,,,0.03,300
C2_n0.03_d300_r04,C2,202646,8.5,8.2,0.3000000000000007,0.24118322121561292,0.27386921079564785,0.26380380579229623,NEAR,NEAR,0.6,1,,,0.03,300
C2_n0.03_d300_r04,C2,202646,8.52,8.22,0.29999999999999893,0.2394602504530173,0.25578169597868006,0.2617982783388922,NEAR,NEAR,0.6,1,,,0.03,300
C2_n0.03_d300_r04,C2,202646,8.54,8.24,0.29999999999999893,0.23797649522693692,0.25483658732114645,0.26005785558445577,NEAR,NEAR,0.6,1,,,0.03,300
C2_n0.03_d300_r04,C2,202646,8.56,8.26,0.3000000000000007,0.23676563160347566,0.23726783230413567,0.25436034976437577,NEAR,NEAR,0.6,1,,,0.03,300
C2_n0.03_d300_r04,C2,202646,8.58,8.28,0.3000000000000007,0.23585514196160703,0.22615891924022966,0.24730999213333923,NEAR,NEAR,0.6,1,,,0.03,300
C2_n0.03_d300_r04,C2,202646,8.6,8.3,0.29999999999999893,0.23526569123906968,0.2643336759790633,0.2515659130947703,NEAR,NEAR,0.6,1,,,0.03,300
C2_n0.03_d300_r04,C2,202646,8.62,8.32,0.29999999999999893,0.23501065791039116,0.20567896119970572,0.24009417512100414,NEAR,NEAR,0.6,1,,,0.03,300
C2_n0.03_d300_r04,C2,202646,8.64,8.34,0.3000000000000007,0.23509583034219989,0.21118789540423408,0.23286760519181163,NEAR,NEAR,0.6,1,,,0.03,300
C2_n0.03_d300_r04,C2,202646,8.66,8.36,0.3000000000000007,0.2355192754175009,0.2259260861726589,0.23113222543702344,NEAR,NEAR,0.6,1,,,0.03,300
C2_n0.03_d300_r04,C2,202646,8.68,8.38,0.29999999999999893,0.23627138241068624,0.27431445386820097,0.24192778254481784,NEAR,NEAR,0.6,1,,,0.03,300
C2_n0.03_d300_r04,C2,202646,8.7,8.4,0.29999999999999893,0.23733508111746973,0.3027307473532204,0.25712852374691847,NEAR,NEAR,0.6,1,,,0.03,300
C2_n0.03_d300_r04,C2,202646,8.72,8.42,0.3000000000000007,0.2386862292889585,0.20783741326852523,0.24480574612732015,NEAR,NEAR,0.6,1,,,0.03,300
C2_n0.03_d300_r04,C2,202646,8.74,8.44,0.3000000000000007,0.24029416057645836,0.25167052050386296,0.24652193972145586,NEAR,NEAR,0.6,1,,,0.03,300
C2_n0.03_d300_r04,C2,202646,8.76,8.46,0.29999999999999893,0.24212238055058052,0.26407600355338606,0.2509104556794384,NEAR,NEAR,0.6,1,,,0.03,300
C2_n0.03_d300_r04,C2,202646,8.78,8.48,0.29999999999999893,0.24412939499744188,0.2310876398272458,0.24595475171639028,NEAR,NEAR,0.6,1,,,0.03,300
C2_n0.03_d300_r04,C2,202646,8.8,8.5,0.3000000000000007,0.24626965169252724,0.25752486517946876,0.2488472800821599,NEAR,NEAR,0.6,1,,,0.03,300
C2_n0.03_d300_r04,C2,202646,8.82,8.52,0.3000000000000007,0.2484945742772318,0.2128082347071469,0.23983751873840664,NEAR,NEAR,0.6,1,,,0.03,300
C2_n0.03_d300_r04,C2,202646,8.84,8.54,0.3000000000000007,0.2507536647726965,0.1874965022385915,0.22675226461345285,NEAR,NEAR,0.6,1,,,0.03,300
C2_n0.03_d300_r04,C2,202646,8.86,8.56,0.29999999999999893,0.25299564970771604,0.23658972546441714,0.22921162982619392,NEAR,NEAR,0.6,1,,,0.03,300
C2_n0.03_d300_r04,C2,202646,8.88,8.58,0.3000000000000007,0.2551696438476178,0.27452406840586946,0.2405397394711128,NEAR,NEAR,0.6,1,,,0.03,300
C2_n0.03_d300_r04,C2,202646,8.9,8.6,0.3000000000000007,0.2572263051115258,0.24116970606076205,0.2406972311185251,NEAR,NEAR,0.6,1,,,0.03,300
C2_n0.03_d300_r04,C2,202646,8.92,8.62,0.3000000000000007,0.25911895446541905,0.28738980597250485,0.25237037483202,NEAR,NEAR,0.6,1,,,0.03,300
C2_n0.03_d300_r04,C2,202646,8.94,8.64,0.29999999999999893,0.26080463537331855,0.20746043994274974,0.24114289110970244,NEAR,NEAR,0.6,1,,,0.03,300
C2_n0.03_d300_r04,C2,202646,8.96,8.66,0.3000000000000007,0.2622450887607578,0.24040545247183692,0.24095853145023605,NEAR,NEAR,0.6,1,,,0.03,300
C2_n0.03_d300_r04,C2,202646,8.98,8.68,0.3000000000000007,0.263407621362269,0.2520398463540219,0.2437288601761825,NEAR,NEAR,0.6,1,,,0.03,300
C2_n0.03_d300_r04,C2,202646,9.0,8.7,0.3000000000000007,0.2642658477444273,0.19304616981879755,0.23105818758683627,NEAR,NEAR,0.6,1,,,0.03,300
C2_n0.03_d300_r04,C2,202646,9.02,8.72,0.29999999999999893,0.264800289163118,0.16206177981560752,0.2138090856440291,NEAR,NEAR,0.6,1,,,0.03,300
C2_n0.03_d300_r04,C2,202646,9.04,8.74,0.29999999999999893,0.2649988156630572,0.24770413388708556,0.2222828477047932,NEAR,NEAR,0.6,1,,,0.03,300
C2_n0.03_d300_r04,C2,202646,9.06,8.76,0.3000000000000007,0.26485692138544975,0.21029000682513482,0.2192846374848786,NEAR,NEAR,0.6,1,,,0.03,300
C2_n0.03_d300_r04,C2,202646,9.08,8.78,0.3000000000000007,0.2643778268352606,0.24224095463851114,0.22502371677328672,NEAR,NEAR,0.6,1,,,0.03,300
C2_n0.03_d300_r04,C2,202646,9.1,8.8,0.29999999999999893,0.2635724057869903,0.24543940339848844,0.23012763842958717,NEAR,NEAR,0.6,1,,,0.03,300
C2_n0.03_d300_r04,C2,202646,9.12,8.82,0.29999999999999893,0.2624589384879372,0.23451366328663276,0.23122414464384855,NEAR,NEAR,0.6,1,,,0.03,300
C2_n0.03_d300_r04,C2,202646,9.14,8.84,0.3000000000000007,0.2610626967603726,0.2508198853520525,0.23612307982089953,NEAR,NEAR,0.6,1,,,0.03,300
C2_n0.03_d300_r04,C2,202646,9.16,8.86,0.3000000000000007,0.25941537041936047,0.24752653022000848,0.23897394242067677,NEAR,NEAR,0.6,1,,,0.03,300
C2_n0.03_d300_r04,C2,202646,9.18,8.88,0.29999999999999893,0.2575543480245365,0.27771047968821355,0.24865807673756096,NEAR,NEAR,0.6,1,,,0.03,300
C2_n0.03_d300_r04,C2,202646,9.2,8.9,0.29999999999999893,0.25552186829027024,0.2730883298569523,0.25476564001740876,NEAR,NEAR,0.6,1,,,0.03,300
C2_n0.03_d300_r04,C2,202646,9.22,8.92,0.3000000000000007,0.25336406141424067,0.2888937780562009,0.2632976745271068,NEAR,NEAR,0.6,1,,,0.03,300
C2_n0.03_d300_r04,C2,202646,9.24,8.94,0.3000000000000007,0.25112990208291897,0.21954565714572769,0.25235967018176203,NEAR,NEAR,0.6,1,,,0.03,300
C2_n0.03_d300_r04,C2,202646,9.26,8.96,0.29999999999999893,0.24887009791708103,0.2703603124028049,0.25685983073702273,NEAR,NEAR,0.6,1,,,0.03,300
C2_n0.03_d300_r04,C2,202646,9.28,8.98,0.29999999999999893,0.24663593858575936,0.2616136969417579,0.25804829728820655,NEAR,NEAR,0.6,1,,,0.03,300
C2_n0.03_d300_r04,C2,202646,9.3,9.0,0.3000000000000007,0.24447813170972976,0.22630724332395447,0.25011303379714356,NEAR,NEAR,0.6,1,,,0.03,300
C2_n0.03_d300_r04,C2,202646,9.32,9.02,0.3000000000000007,0.24244565197546356,0.22880125755455633,0.24478508973649676,NEAR,NEAR,0.6,1,,,0.03,300
C2_n0.03_d300_r04,C2,202646,9.34,9.04,0.3000000000000007,0.2405846295806395,0.22596488787622804,0.2400800392714296,NEAR,NEAR,0.6,1,,,0.03,300
C2_n0.03_d300_r04,C2,202646,9.36,9.06,0.29999999999999893,0.23893730323962742,0.24997889753729532,0.24255475383789601,NEAR,NEAR,0.6,1,,,0.03,300
C2_n0.03_d300_r04,C2,202646,9.38,9.08,0.3000000000000007,0.23754106151206275,0.2908732941336908,0.2546343889118447,NEAR,NEAR,0.6,1,,,0.03,300
C2_n0.03_d300_r04,C2,202646,9.4,9.1,0.3000000000000007,0.23642759421300968,0.2604436900758282,0.25608671420284057,NEAR,NEAR,0.6,1,,,0.03,300
C2_n0.03_d300_r04,C2,202646,9.42,9.12,0.3000000000000007,0.23562217316473935,0.29889846246784935,0.26678965126909276,NEAR,NEAR,0.6,1,,,0.03,300
C2_n0.03_d300_r04,C2,202646,9.44,9.14,0.29999999999999893,0.23514307861455025,0.2613227291845751,0.26542292074796336,NEAR,NEAR,0.6,1,,,0.03,300
C2_n0.03_d300_r04,C2,202646,9.46,9.16,0.3000000000000007,0.23500118433694275,0.2446350032496601,0.26022594137338756,NEAR,NEAR,0.6,1,,,0.03,300
C2_n0.03_d300_r04,C2,202646,9.48,9.18,0.3000000000000007,0.235199710836882,0.2973632150173533,0.269510259784379,NEAR,NEAR,0.6,1,,,0.03,300
C2_n0.03_d300_r04,C2,202646,9.5,9.2,0.3000000000000007,0.2357341522555727,0.23597796443121993,0.2611271859460892,NEAR,NEAR,0.6,1,,,0.03,300
C2_n0.03_d300_r04,C2,202646,9.52,9.22,0.29999999999999893,0.23659237863773103,0.2625973684739787,0.2614947315780616,NEAR,NEAR,0.6,1,,,0.03,300
C2_n0.03_d300_r04,C2,202646,9.54,9.24,0.29999999999999893,0.2377549112392422,0.3021940955401826,0.2716695725685918,NEAR,NEAR,0.6,1,,,0.03,300
C2_n0.03_d300_r04,C2,202646,9.56,9.26,0.3000000000000007,0.23919536462668142,0.24793056098059907,0.2657348196715936,NEAR,NEAR,0.6,1,,,0.03,300
C2_n0.03_d300_r04,C2,202646,9.58,9.28,0.3000000000000007,0.24088104553458092,0.24003208434484666,0.2593091358399069,NEAR,NEAR,0.6,1,,,0.03,300
C2_n0.03_d300_r04,C2,202646,9.6,9.3,0.29999999999999893,0.24277369488847422,0.26317414687657514,0.26027538859907395,NEAR,NEAR,0.6,1,,,0.03,300
C2_n0.03_d300_r04,C2,202646,9.62,9.32,0.29999999999999893,0.24483035615238213,0.21473145142096428,0.24888940430454654,NEAR,NEAR,0.6,1,,,0.03,300
C2_n0.03_d300_r04,C2,202646,9.64,9.34,0.3000000000000007,0.24700435029228393,0.2768054899574424,0.2558684257177705,NEAR,NEAR,0.6,1,,,0.03,300
C2_n0.03_d300_r04,C2,202646,9.66,9.36,0.3000000000000007,0.24924633522730347,0.2273459529619551,0.24873780752881663,NEAR,NEAR,0.6,1,,,0.03,300
C2_n0.03_d300_r04,C2,202646,9.68,9.38,0.29999999999999893,0.2515054257227682,0.2214307833538679,0.24191105148507944,NEAR,NEAR,0.6,1,,,0.03,300
C2_n0.03_d300_r04,C2,202646,9.7,9.4,0.29999999999999893,0.25373034830747276,0.25348127041633234,0.24480360621789266,NEAR,NEAR,0.6,1,,,0.03,300
C2_n0.03_d300_r04,C2,202646,9.72,9.42,0.3000000000000007,0.2558706050025581,0.1946801454967902,0.23227274103761703,NEAR,NEAR,0.6,1,,,0.03,300
C2_n0.03_d300_r04,C2,202646,9.74,9.44,0.3000000000000007,0.25787761944941945,0.26294436495697016,0.2399406470174553,NEAR,NEAR,0.6,1,,,0.03,300
C2_n0.03_d300_r04,C2,202646,9.76,9.46,0.29999999999999893,0.25970583942354164,0.27143474993070127,0.24781417274576678,NEAR,NEAR,0.6,1,,,0.03,300
C2_n0.03_d300_r04,C2,202646,9.78,9.48,0.29999999999999893,0.2613137707110415,0.2442853825323093,0.2469319751924024,NEAR,NEAR,0.6,1,,,0.03,300
C2_n0.03_d300_r04,C2,202646,9.8,9.5,0.3000000000000007,0.26266491888253024,0.23879658443478263,0.24489812750299744,NEAR,NEAR,0.6,1,,,0.03,300
C2_n0.03_d300_r04,C2,202646,9.82,9.52,0.3000000000000007,0.26372861758931376,0.21659951614707557,0.237823474664017,NEAR,NEAR,0.6,1,,,0.03,300
C2_n0.03_d300_r04,C2,202646,9.84,9.54,0.3000000000000007,0.2644807245824991,0.27975542941822057,0.2483064633525679,NEAR,NEAR,0.6,1,,,0.03,300
C2_n0.03_d300_r04,C2,202646,9.86,9.56,0.29999999999999893,0.2649041696578001,0.31460041085115537,0.2648799502272148,NEAR,NEAR,0.6,1,,,0.03,300
C2_n0.03_d300_r04,C2,202646,9.88,9.58,0.3000000000000007,0.26498934208960884,0.2320594683637873,0.2566748297613579,NEAR,NEAR,0.6,1,,,0.03,300
C2_n0.03_d300_r04,C2,202646,9.9,9.6,0.3000000000000007,0.26473430876093035,0.22136563154528904,0.24784753020734068,NEAR,NEAR,0.6,1,,,0.03,300
C2_n0.03_d300_r04,C2,202646,9.92,9.62,0.3000000000000007,0.264144858038393,0.28324842939914635,0.2566977550052921,NEAR,NEAR,0.6,1,,,0.03,300
C2_n0.03_d300_r04,C2,202646,9.94,9.64,0.29999999999999893,0.2632343683965243,0.26178836185970605,0.2579704067188956,NEAR,NEAR,0.6,1,,,0.03,300
C2_n0.03_d300_r04,C2,202646,9.96,9.66,0.3000000000000007,0.2620235047730631,0.2453698231384534,0.25482026082378506,NEAR,NEAR,0.6,1,,,0.03,300
C2_n0.03_d300_r04,C2,202646,9.98,9.68,0.3000000000000007,0.2605397495469827,0.24025600080309692,0.25117919581861303,NEAR,NEAR,0.6,1,,,0.03,300
C2_n0.03_d300_r04,C2,202646,10.0,9.7,0.3000000000000007,0.2588167787843871,0.2685297699205123,0.25551683934408786,NEAR,NEAR,0.6,1,,,0.03,300
C2_n0.03_d300_r04,C2,202646,10.02,9.72,0.29999999999999893,0.25689369790932237,0.2568888198658787,0.2558598344745356,NEAR,NEAR,0.6,1,,,0.03,300
C2_n0.03_d300_r04,C2,202646,10.04,9.74,0.29999999999999893,0.25481415414710823,0.27927734304368457,0.26171421161682284,NEAR,NEAR,0.6,1,,,0.03,300
C2_n0.03_d300_r04,C2,202646,10.06,9.76,0.3000000000000007,0.2526253458846291,0.24617231698670844,0.25782873795929423,NEAR,NEAR,0.6,1,,,0.03,300
C2_n0.03_d300_r04,C2,202646,10.08,9.78,0.3000000000000007,0.25037695143165006,0.2512691678815746,0.2561888454398643,NEAR,NEAR,0.6,1,,,0.03,300
C2_n0.03_d300_r04,C2,202646,10.1,9.8,0.29999999999999893,0.24812000149653549,0.21643696252233963,0.24625087471048313,NEAR,NEAR,0.6,1,,,0.03,300
C2_n0.03_d300_r04,C2,202646,10.12,9.82,0.29999999999999893,0.24590572096724023,0.2568282041187507,0.24889520706255003,NEAR,NEAR,0.6,1,,,0.03,300
C2_n0.03_d300_r04,C2,202646,10.14,9.84,0.3000000000000007,0.24378436628510067,0.27174588294366847,0.25460787603282964,NEAR,NEAR,0.6,1,,,0.03,300
C2_n0.03_d300_r04,C2,202646,10.16,9.86,0.3000000000000007,0.24180408479898596,0.24649036423726042,0.25257849808393734,NEAR,NEAR,0.6,1,,,0.03,300
C2_n0.03_d300_r04,C2,202646,10.18,9.88,0.29999999999999893,0.24000982198848625,0.27633194284561147,0.25851685927435586,NEAR,NEAR,0.6,1,,,0.03,300
C2_n0.03_d300_r04,C2,202646,10.2,9.9,0.29999999999999893,0.23844230135836322,0.24607490695863446,0.25540637119542553,NEAR,NEAR,0.6,1,,,0.03,300
C2_n0.03_d300_r04,C2,202646,10.22,9.92,0.3000000000000007,0.2371371001570952,0.27358966217881203,0.25995219394127217,NEAR,NEAR,0.6,1,,,0.03,300
C2_n0.03_d300_r04,C2,202646,10.24,9.94,0.3000000000000007,0.23612384189748312,0.2669036694510165,0.26169006281870827,NEAR,NEAR,0.6,1,,,0.03,300
C2_n0.03_d300_r04,C2,202646,10.26,9.96,0.29999999999999893,0.2354255240062799,0.27008794339152226,0.26378953296191177,NEAR,NEAR,0.6,1,,,0.03,300
C2_n0.03_d300_r04,C2,202646,10.28,9.98,0.29999999999999893,0.23505799586285242,0.2495696226692429,0.26023455538874457,NEAR,NEAR,0.6,1,,,0.03,300
C2_n0.03_d300_r04,C2,202646,10.3,10.0,0.3000000000000007,0.23502959907357593,0.27824765670178153,0.2647378307170038,NEAR,NEAR,0.6,1,,,0.03,300
C2_n0.03_d300_r04,C2,202646,10.32,10.02,0.3000000000000007,0.23534097814647711,0.28864089769409945,0.2707135974612777,NEAR,NEAR,0.6,1,,,0.03,300
C2_n0.03_d300_r04,C2,202646,10.34,10.04,0.3000000000000007,0.23598506586315082,0.2741405801576087,0.27157034313536044,NEAR,NEAR,0.6,1,,,0.03,300
C2_n0.03_d300_r04,C2,202646,10.36,10.06,0.29999999999999893,0.23694724367995706,0.22068350227751765,0.25884863292089977,NEAR,NEAR,0.6,1,,,0.03,300
C2_n0.03_d300_r04,C2,202646,10.38,10.08,0.3000000000000007,0.23820567351795077,0.24303057905168185,0.2548941194535953,NEAR,NEAR,0.6,1,,,0.03,300
C2_n0.03_d300_r04,C2,202646,10.4,10.1,0.3000000000000007,0.2397317934110697,0.3357406643109272,0.2751057556679283,NEAR,NEAR,0.6,1,,,0.03,300
C2_n0.03_d300_r04,C2,202646,10.42,10.12,0.3000000000000007,0.24149096576309861,0.24251313057705035,0.2669575993952088,NEAR,NEAR,0.6,1,,,0.03,300
C2_n0.03_d300_r04,C2,202646,10.44,10.14,0.29999999999999893,0.24344326350023596,0.25260281659884365,0.26336890369611754,NEAR,NEAR,0.6,1,,,0.03,300
C2_n0.03_d300_r04,C2,202646,10.46,10.16,0.3000000000000007,0.2455443762763446,0.2103251520023257,0.2501079657726696,NEAR,NEAR,0.6,1,,,0.03,300
C2_n0.03_d300_r04,C2,202646,10.48,10.18,0.3000000000000007,0.24774661616318866,0.20372573208068584,0.23851240734967366,NEAR,NEAR,0.6,1,,,0.03,300
C2_n0.03_d300_r04,C2,202646,10.5,10.2,0.3000000000000007,0.25,0.2147686750696192,0.23257647427966005,NEAR,NEAR,0.6,1,,,0.03,300
C2_n0.03_d300_r04,C2,202646,10.52,10.22,0.29999999999999893,0.2522533838368113,0.22982014365680895,0.23188739162394725,NEAR,NEAR,0.6,1,,,0.03,300
C2_n0.03_d300_r04,C2,202646,10.54,10.24,0.29999999999999893,0.2544556237236554,0.23328901966046714,0.23223779863307722,NEAR,NEAR,0.6,1,,,0.03,300
C2_n0.03_d300_r04,C2,202646,10.56,10.26,0.3000000000000007,0.256556736499764,0.2196548385786714,0.22909205861947576,NEAR,NEAR,0.6,1,,,0.03,300
C2_n0.03_d300_r04,C2,202646,10.58,10.28,0.3000000000000007,0.25850903423690136,0.2331083735956711,0.23009613736352458,NEAR,NEAR,0.6,1,,,0.03,300
C2_n0.03_d300_r04,C2,202646,10.6,10.3,0.29999999999999893,0.2602682065889303,0.31180919482355546,0.2505244017285323,NEAR,NEAR,0.6,1,,,0.03,300
C2_n0.03_d300_r04,C2,202646,10.62,10.32,0.29999999999999893,0.2617943264820492,0.21192091049026063,0.24087352891896438,NEAR,NEAR,0.6,1,,,0.03,300
C2_n0.03_d300_r04,C2,202646,10.64,10.34,0.3000000000000007,0.26305275632004294,0.23036129413516107,0.23824547022301354,NEAR,NEAR,0.6,1,,,0.03,300
C2_n0.03_d300_r04,C2,202646,10.66,10.36,0.3000000000000007,0.2640149341368492,0.24217832574289366,0.23922868410298356,NEAR,NEAR,0.6,1,,,0.03,300
C2_n0.03_d300_r04,C2,202646,10.68,10.38,0.29999999999999893,0.2646590218535229,0.18680814981255672,0.22612355053037686,NEAR,NEAR,0.6,1,,,0.03,300
C2_n0.03_d300_r04,C2,202646,10.7,10.4,0.29999999999999893,0.26497040092642404,0.2797522706611243,0.2395307305630637,NEAR,NEAR,0.6,1,,,0.03,300
C2_n0.03_d300_r04,C2,202646,10.72,10.42,0.3000000000000007,0.2649420041371476,0.2862470175746495,0.25120980231596013,NEAR,NEAR,0.6,1,,,0.03,300
C2_n0.03_d300_r04,C2,202646,10.74,10.44,0.3000000000000007,0.2645744759937201,0.23892371109715826,0.24813827951125966,NEAR,NEAR,0.6,1,,,0.03,300
C2_n0.03_d300_r04,C2,202646,10.76,10.46,0.29999999999999893,0.26387615810251686,0.26343104961963026,0.2519614720383523,NEAR,NEAR,0.6,1,,,0.03,300
C2_n0.03_d300_r04,C2,202646,10.78,10.48,0.29999999999999893,0.26286289984290484,0.23366445722649556,0.2473872183353881,NEAR,NEAR,0.6,1,,,0.03,300
C2_n0.03_d300_r04,C2,202646,10.8,10.5,0.3000000000000007,0.2615576986416368,0.27465456625809764,0.2542040553160655,NEAR,NEAR,0.6,1,,,0.03,300
C2_n0.03_d300_r04,C2,202646,10.82,10.52,0.3000000000000007,0.25999017801151375,0.20012641219681995,0.2406846445362541,NEAR,NEAR,0.6,1,,,0.03,300
C2_n0.03_d300_r04,C2,202646,10.84,10.54,0.3000000000000007,0.25819591520101404,0.29124165557702136,0.25332389729644594,NEAR,NEAR,0.6,1,,,0.03,300
C2_n0.03_d300_r04,C2,202646,10.86,10.56,0.29999999999999893,0.25621563371489936,0.2449947516816305,0.25124161089274205,NEAR,NEAR,0.6,1,,,0.03,300
C2_n0.03_d300_r04,C2,202646,10.88,10.58,0.3000000000000007,0.2540942790327598,0.2939494225261735,0.2619185638010999,NEAR,NEAR,0.6,1,,,0.03,300
C2_n0.03_d300_r04,C2,202646,10.9,10.6,0.3000000000000007,0.2518799985034645,0.2652449154017199,0.26275015170125493,NEAR,NEAR,0.6,1,,,0.03,300
C2_n0.03_d300_r04,C2,202646,10.92,10.62,0.3000000000000007,0.24962304856834996,0.26770041151016444,0.2639877166534823,NEAR,NEAR,0.6,1,,,0.03,300
C2_n0.03_d300_r04,C2,202646,10.94,10.64,0.29999999999999893,0.24737465411537093,0.2564334818794515,0.2620991579599746,NEAR,NEAR,0.6,1,,,0.03,300
C2_n0.03_d300_r04,C2,202646,10.96,10.66,0.3000000000000007,0.24518584585289174,0.27440645292288024,0.265175981700701,NEAR,NEAR,0.6,1,,,0.03,300
C2_n0.03_d300_r04,C2,202646,10.98,10.68,0.3000000000000007,0.24310630209067766,0.2979994833111407,0.2733818571033109,NEAR,NEAR,0.6,1,,,0.03,300
C2_n0.03_d300_r04,C2,202646,11.0,10.7,0.3000000000000007,0.24118322121561292,0.2198383347939204,0.2599959765259633,NEAR,NEAR,0.6,1,,,0.03,300
C2_n0.03_d300_r04,C2,202646,11.02,10.72,0.29999999999999893,0.2394602504530173,0.23879745650010126,0.2546963465194978,NEAR,NEAR,0.6,1,,,0.03,300
C2_n0.03_d300_r04,C2,202646,11.04,10.74,0.29999999999999893,0.23797649522693692,0.29333245103844635,0.2643553726492349,NEAR,NEAR,0.6,1,,,0.03,300
C2_n0.03_d300_r04,C2,202646,11.06,10.76,0.3000000000000007,0.2367656316034757,0.2037870689507426,0.24921329672461184,NEAR,NEAR,0.6,1,,,0.03,300
C2_n0.03_d300_r04,C2,202646,11.08,10.78,0.3000000000000007,0.23585514196160703,0.23165707287708992,0.24482424076273135,NEAR,NEAR,0.6,1,,,0.03,300
C2_n0.03_d300_r04,C2,202646,11.1,10.8,0.29999999999999893,0.23526569123906968,0.26908978186164506,0.25089062603745976,NEAR,NEAR,0.6,1,,,0.03,300
C2_n0.03_d300_r04,C2,202646,11.12,10.82,0.29999999999999893,0.23501065791039116,0.30093754031026565,0.26340235460566125,NEAR,NEAR,0.6,1,,,0.03,300
C2_n0.03_d300_r04,C2,202646,11.14,10.84,0.3000000000000007,0.23509583034219989,0.25867877116753446,0.26222145874612957,NEAR,NEAR,0.6,1,,,0.03,300
C2_n0.03_d300_r04,C2,202646,11.16,10.86,0.3000000000000007,0.2355192754175009,0.2591456765032361,0.2614525131854062,NEAR,NEAR,0.6,1,,,0.03,300
C2_n0.03_d300_r04,C2,202646,11.18,10.88,0.29999999999999893,0.2362713824106862,0.2588471845731577,0.26080118103234406,NEAR,NEAR,0.6,1,,,0.03,300
C2_n0.03_d300_r04,C2,202646,11.2,10.9,0.29999999999999893,0.23733508111746973,0.24802685508239478,0.25760759954485674,NEAR,NEAR,0.6,1,,,0.03,300
C2_n0.03_d300_r04,C2,202646,11.22,10.92,0.3000000000000007,0.23868622928895847,0.23152457093133252,0.25108684239147566,NEAR,NEAR,0.6,1,,,0.03,300
C2_n0.03_d300_r04,C2,202646,11.24,10.94,0.3000000000000007,0.24029416057645833,0.1833601603236469,0.23415517187451848,NEAR,NEAR,0.6,1,,,0.03,300
C2_n0.03_d300_r04,C2,202646,11.26,10.96,0.29999999999999893,0.24212238055058055,0.2611934966729516,0.24091475307412674,NEAR,NEAR,0.6,1,,,0.03,300
C2_n0.03_d300_r04,C2,202646,11.28,10.98,0.29999999999999893,0.2441293949974419,0.25023251737362434,0.24324419414900117,NEAR,NEAR,0.6,1,,,0.03,300
C2_n0.03_d300_r04,C2,202646,11.3,11.0,0.3000000000000007,0.24626965169252724,0.23688767304533426,0.24165506387308444,NEAR,NEAR,0.6,1,,,0.03,300
C2_n0.03_d300_r04,C2,202646,11.32,11.02,0.3000000000000007,0.2484945742772318,0.22805752655646322,0.23825567954392912,NEAR,NEAR,0.6,1,,,0.03,300
C2_n0.03_d300_r04,C2,202646,11.34,11.04,0.3000000000000007,0.25075366477269656,0.24819273127067135,0.24073994247561467,NEAR,NEAR,0.6,1,,,0.03,300
C2_n0.03_d300_r04,C2,202646,11.36,11.06,0.29999999999999893,0.252995649707716,0.24617928751585386,0.24209977873567445,NEAR,NEAR,0.6,1,,,0.03,300
C2_n0.03_d300_r04,C2,202646,11.38,11.08,0.3000000000000007,0.2551696438476178,0.2238125784647884,0.23752797866795294,NEAR,NEAR,0.6,1,,,0.03,300
C2_n0.03_d300_r04,C2,202646,11.4,11.1,0.3000000000000007,0.2572263051115258,0.21516887130348536,0.23193820182683605,NEAR,NEAR,0.6,1,,,0.03,300
C2_n0.03_d300_r04,C2,202646,11.42,11.12,0.3000000000000007,0.25911895446541905,0.23088424359061374,0.23167471226778047,NEAR,NEAR,0.6,1,,,0.03,300
C2_n0.03_d300_r04,C2,202646,11.44,11.14,0.29999999999999893,0.26080463537331855,0.18266452939238756,0.21942216654893223,NEAR,NEAR,0.6,1,,,0.03,300
C2_n0.03_d300_r04,C2,202646,11.46,11.16,0.3000000000000007,0.2622450887607578,0.21277867185266588,0.21776129287486565,NEAR,NEAR,0.6,1,,,0.03,300
C2_n0.03_d300_r04,C2,202646,11.48,11.18,0.3000000000000007,0.263407621362269,0.24245298760865325,0.22393421655831253,NEAR,NEAR,0.6,1,,,0.03,300
C2_n0.03_d300_r04,C2,202646,11.5,11.2,0.3000000000000007,0.2642658477444273,0.23709699415984542,0.22722491095869576,NEAR,NEAR,0.6,1,,,0.03,300
C2_n0.03_d300_r04,C2,202646,11.52,11.22,0.29999999999999893,0.264800289163118,0.313749194794245,0.24885598191758307,NEAR,NEAR,0.6,1,,,0.03,300
C2_n0.03_d300_r04,C2,202646,11.54,11.24,0.29999999999999893,0.2649988156630572,0.231498261251987,0.24451655175118406,NEAR,NEAR,0.6,1,,,0.03,300
C2_n0.03_d300_r04,C2,202646,11.56,11.26,0.3000000000000007,0.26485692138544975,0.171309070524019,0.2262146814443928,NEAR,NEAR,0.6,1,,,0.03,300
C2_n0.03_d300_r04,C2,202646,11.58,11.28,0.3000000000000007,0.2643778268352606,0.26491458561907016,0.23588965748806212,NEAR,NEAR,0.6,1,,,0.03,300
C2_n0.03_d300_r04,C2,202646,11.6,11.3,0.29999999999999893,0.2635724057869903,0.21817189015296995,0.2314602156542891,NEAR,NEAR,0.6,1,,,0.03,300
C2_n0.03_d300_r04,C2,202646,11.62,11.32,0.29999999999999893,0.2624589384879373,0.22874289573987033,0.2307808856756844,NEAR,NEAR,0.6,1,,,0.03,300
C2_n0.03_d300_r04,C2,202646,11.64,11.34,0.3000000000000007,0.2610626967603726,0.23938810875535796,0.2329326914456028,NEAR,NEAR,0.6,1,,,0.03,300
C2_n0.03_d300_r04,C2,202646,11.66,11.36,0.3000000000000007,0.2594153704193605,0.2445506098289757,0.23583717104144603,NEAR,NEAR,0.6,1,,,0.03,300
C2_n0.03_d300_r04,C2,202646,11.68,11.38,0.29999999999999893,0.2575543480245365,0.22408488284700445,0.23289909899283565,NEAR,NEAR,0.6,1,,,0.03,300
C2_n0.03_d300_r04,C2,202646,11.7,11.4,0.29999999999999893,0.25552186829027024,0.22564929242575144,0.2310866473510646,NEAR,NEAR,0.6,1,,,0.03,300
C2_n0.03_d300_r04,C2,202646,11.72,11.42,0.3000000000000007,0.25336406141424067,0.2735131485786264,0.24169327265795504,NEAR,NEAR,0.6,1,,,0.03,300
C2_n0.03_d300_r04,C2,202646,11.74,11.44,0.3000000000000007,0.25112990208291897,0.2370721636472278,0.24053799540527324,NEAR,NEAR,0.6,1,,,0.03,300
C2_n0.03_d300_r04,C2,202646,11.76,11.46,0.29999999999999893,0.24887009791708103,0.28440575104178045,0.2515049343144,NEAR,NEAR,0.6,1,,,0.03,300
C2_n0.03_d300_r04,C2,202646,11.78,11.48,0.29999999999999893,0.24663593858575936,0.27132747167727456,0.2564605686551187,NEAR,NEAR,0.6,1,,,0.03,300
C2_n0.03_d300_r04,C2,202646,11.8,11.5,0.3000000000000007,0.2444781317097298,0.2729997034868275,0.2605953523630459,NEAR,NEAR,0.6,1,,,0.03,300
C2_n0.03_d300_r04,C2,202646,11.82,11.52,0.3000000000000007,0.24244565197546356,0.30263216418804906,0.27110455531929667,NEAR,NEAR,0.6,1,,,0.03,300
C2_n0.03_d300_r04,C2,202646,11.84,11.54,0.3000000000000007,0.2405846295806395,0.25029778222944965,0.2659028620468349,NEAR,NEAR,0.6,1,,,0.03,300
C2_n0.03_d300_r04,C2,202646,11.86,11.56,0.29999999999999893,0.23893730323962745,0.29785544527516505,0.2738910078539174,NEAR,NEAR,0.6,1,,,0.03,300
C2_n0.03_d300_r04,C2,202646,11.88,11.58,0.3000000000000007,0.23754106151206278,0.21564204430060968,0.2593287669655905,NEAR,NEAR,0.6,1,,,0.03,300
C2_n0.03_d300_r04,C2,202646,11.9,11.6,0.3000000000000007,0.23642759421300968,0.28259588063771074,0.26514554538362056,NEAR,NEAR,0.6,1,,,0.03,300
C2_n0.03_d300_r04,C2,202646,11.92,11.62,0.3000000000000007,0.23562217316473938,0.24972725531366521,0.26129097286613173,NEAR,NEAR,0.6,1,,,0.03,300
C2_n0.03_d300_r04,C2,202646,11.94,11.64,0.29999999999999893,0.23514307861455025,0.22177493019472333,0.25141196219827966,NEAR,NEAR,0.6,1,,,0.03,300
C2_n0.03_d300_r04,C2,202646,11.96,11.66,0.3000000000000007,0.23500118433694275,0.2837169406443787,0.25948820680980444,NEAR,NEAR,0.6,1,,,0.03,300
C2_n0.03_d300_r04,C2,202646,11.98,11.68,0.3000000000000007,0.235199710836882,0.23325884115960394,0.2529308653972543,NEAR,NEAR,0.6,1,,,0.03,300
C2_n0.03_d300_r04,C2,202646,12.0,11.7,0.3000000000000007,0.25,0.26234493758298844,0.2552843834436878,NEAR,NEAR,0.6,1,,,0.03,300
C2_n0.03_d300_r04,C2,202646,12.02,11.72,0.29999999999999893,0.25175,0.25885500788358023,0.25617703955366095,NEAR,NEAR,0.6,1,,,0.03,300
C2_n0.03_d300_r04,C2,202646,12.04,11.74,0.29999999999999893,0.25349999999999995,0.25485318047214695,0.2558460747832825,NEAR,NEAR,0.6,1,,,0.03,300
C2_n0.03_d300_r04,C2,202646,12.06,11.76,0.3000000000000007,0.25525000000000003,0.26222516625381415,0.2574408476509154,NEAR,NEAR,0.6,1,,,0.03,300
C2_n0.03_d300_r04,C2,202646,12.08,11.78,0.3000000000000007,0.257,0.2732558109064171,0.26139458846479086,NEAR,NEAR,0.6,1,,,0.03,300
C2_n0.03_d300_r04,C2,202646,12.1,11.8,0.29999999999999893,0.25875,0.22429454951776898,0.2521195787280354,NEAR,NEAR,0.6,1,,,0.03,300
C2_n0.03_d300_r04,C2,202646,12.12,11.82,0.29999999999999893,0.26049999999999995,0.2211285550552783,0.24437182280984612,NEAR,NEAR,0.6,1,,,0.03,300
C2_n0.03_d300_r04,C2,202646,12.14,11.84,0.3000000000000007,0.26225000000000004,0.2466209243339433,0.24493409819087042,NEAR,NEAR,0.6,1,,,0.03,300
C2_n0.03_d300_r04,C2,202646,12.16,11.86,0.3000000000000007,0.264,0.21987887354364802,0.2386702920290648,NEAR,NEAR,0.6,1,,,0.03,300
C2_n0.03_d300_r04,C2,202646,12.18,11.88,0.29999999999999893,0.26575,0.20721485331992429,0.23080643235177967,NEAR,NEAR,0.6,1,,,0.03,300
C2_n0.03_d300_r04,C2,202646,12.2,11.9,0.29999999999999893,0.26749999999999996,0.22664562149586995,0.22976622963780224,NEAR,NEAR,0.6,1,,,0.03,300
C2_n0.03_d300_r04,C2,202646,12.22,11.92,0.3000000000000007,0.26925000000000004,0.26574615424036235,0.23876121078844226,NEAR,NEAR,0.6,1,,,0.03,300
C2_n0.03_d300_r04,C2,202646,12.24,11.94,0.3000000000000007,0.271,0.2738060364842009,0.2475224172123819,NEAR,NEAR,0.6,1,,,0.03,300
C2_n0.03_d300_r04,C2,202646,12.26,11.96,0.29999999999999893,0.27275,0.23219766024028238,0.24369122796935705,NEAR,NEAR,0.6,1,,,0.03,300
C2_n0.03_d300_r04,C2,202646,12.28,11.98,0.29999999999999893,0.27449999999999997,0.2326187584511198,0.24092311058979773,NEAR,NEAR,0.6,1,,,0.03,300
C2_n0.03_d300_r04,C2,202646,12.3,12.0,0.3000000000000007,0.27625000000000005,0.23509663281966112,0.23946649114726357,NEAR,NEAR,0.6,1,,,0.03,300
C2_n0.03_d300_r04,C2,202646,12.32,12.02,0.3000000000000007,0.278,0.2724100464219334,0.24770237996593103,NEAR,NEAR,0.6,1,,,0.03,300
C2_n0.03_d300_r04,C2,202646,12.34,12.04,0.3000000000000007,0.27975,0.24109945629878576,0.24605164904914473,NEAR,NEAR,0.6,1,,,0.03,300
C2_n0.03_d300_r04,C2,202646,12.36,12.06,0.29999999999999893,0.2815,0.20082025721516084,0.23474380109064877,NEAR,NEAR,0.6,1,,,0.03,300
C2_n0.03_d300_r04,C2,202646,12.38,12.08,0.3000000000000007,0.28325000000000006,0.22594452723169944,0.23254398262591144,NEAR,NEAR,0.6,1,,,0.03,300
C2_n0.03_d300_r04,C2,202646,12.4,12.1,0.3000000000000007,0.28500000000000003,0.281480844350299,0.24477819805700834,NEAR,NEAR,0.6,1,,,0.03,300
C2_n0.03_d300_r04,C2,202646,12.42,12.12,0.3000000000000007,0.28675,0.23846170616947426,0.24319907508512484,NEAR,NEAR,0.6,1,,,0.03,300
C2_n0.03_d300_r04,C2,202646,12.44,12.14,0.29999999999999893,0.2885,0.31031733768722747,0.25997864073565047,NEAR,NEAR,0.6,1,,,0.03,300
C2_n0.03_d300_r04,C2,202646,12.46,12.16,0.3000000000000007,0.29025000000000006,0.25674069212097983,0.2591691535819828,NEAR,NEAR,0.6,1,,,0.03,300
C2_n0.03_d300_r04,C2,202646,12.48,12.18,0.3000000000000007,0.29200000000000004,0.2553910733198242,0.25822463351644315,NEAR,NEAR,0.6,1,,,0.03,300
C2_n0.03_d300_r04,C2,202646,12.5,12.2,0.3000000000000007,0.29375,0.23976402532578392,0.2536094814687784,NEAR,NEAR,0.6,1,,,0.03,300
C2_n0.03_d300_r04,C2,202646,12.52,12.22,0.29999999999999893,0.2955,0.3020467741184624,0.2657188046311994,NEAR,NEAR,0.6,1,,,0.03,300
C2_n0.03_d300_r04,C2,202646,12.54,12.24,0.29999999999999893,0.2972499999999999,0.27287032630738645,0.26750668505024616,NEAR,NEAR,0.6,1,,,0.03,300
C2_n0.03_d300_r04,C2,202646,12.56,12.26,0.3000000000000007,0.29900000000000004,0.2670431784593783,0.2673908084025292,NEAR,NEAR,0.6,1,,,0.03,300
C2_n0.03_d300_r04,C2,202646,12.58,12.28,0.3000000000000007,0.30075,0.29094155701450075,0.2732784955555221,NEAR,NEAR,0.6,1,,,0.03,300
C2_n0.03_d300_r04,C2,202646,12.6,12.3,0.29999999999999893,0.3025,0.29743627808204876,0.27931794118715375,NEAR,NEAR,0.6,1,,,0.03,300
C2_n0.03_d300_r04,C2,202646,12.62,12.32,0.29999999999999893,0.3042499999999999,0.22637315803079372,0.26608174539806373,NEAR,NEAR,0.6,1,,,0.03,300
C2_n0.03_d300_r04,C2,202646,12.64,12.34,0.3000000000000007,0.30600000000000005,0.2436275590020658,0.26046819879906424,NEAR,NEAR,0.6,1,,,0.03,300
C2_n0.03_d300_r04,C2,202646,12.66,12.36,0.3000000000000007,0.30775,0.2678426779047654,0.2623118185754895,NEAR,NEAR,0.6,1,,,0.03,300
C2_n0.03_d300_r04,C2,202646,12.68,12.38,0.29999999999999893,0.3095,0.3039975781710641,0.2727332584743831,NEAR,NEAR,0.6,1,,,0.03,300
C2_n0.03_d300_r04,C2,202646,12.7,12.4,0.29999999999999893,0.3112499999999999,0.2714732765677536,0.27241826299772576,NEAR,NEAR,0.6,1,,,0.03,300
C2_n0.03_d300_r04,C2,202646,12.72,12.42,0.3000000000000007,0.31300000000000006,0.30877988522164823,0.2815086685537064,NEAR,NEAR,0.6,1,,,0.03,300
C2_n0.03_d300_r04,C2,202646,12.74,12.44,0.3000000000000007,0.31475000000000003,0.3013191470134223,0.28646128816863536,NEAR,NEAR,0.6,1,,,0.03,300
C2_n0.03_d300_r04,C2,202646,12.76,12.46,0.29999999999999893,0.3165,0.3092498455686631,0.2921584275186423,NEAR,NEAR,0.6,1,,,0.03,300
C2_n0.03_d300_r04,C2,202646,12.78,12.48,0.29999999999999893,0.3182499999999999,0.2794993857878936,0.2889936670859551,NEAR,NEAR,0.6,1,,,0.03,300
C2_n0.03_d300_r04,C2,202646,12.8,12.5,0.3000000000000007,0.32000000000000006,0.26656818172253094,0.283387295745099,NEAR,NEAR,0.6,1,,,0.03,300
C2_n0.03_d300_r04,C2,202646,12.82,12.52,0.3000000000000007,0.32175000000000004,0.33896736619046397,0.2972823133564403,NEAR,NEAR,0.6,1,,,0.03,300
C2_n0.03_d300_r04,C2,202646,12.84,12.54,0.3000000000000007,0.3235,0.3046260688075794,0.29911825221922506,NEAR,NEAR,0.6,1,,,0.03,300
C2_n0.03_d300_r04,C2,202646,12.86,12.56,0.29999999999999893,0.32524999999999993,0.32471278214457083,0.3055168847005615,NEAR,NEAR,0.6,1,,,0.03,300
C2_n0.03_d300_r04,C2,202646,12.88,12.58,0.3000000000000007,0.32700000000000007,0.3276972654038366,0.3110619798763803,NEAR,NEAR,0.6,1,,,0.03,300
C2_n0.03_d300_r04,C2,202646,12.9,12.6,0.3000000000000007,0.32875000000000004,0.3238083839771575,0.3142485809015746,NEAR,NEAR,0.6,1,,,0.03,300
C2_n0.03_d300_r04,C2,202646,12.92,12.62,0.3000000000000007,0.3305,0.3312941470147649,0.31850997242987217,NEAR,NEAR,0.6,1,,,0.03,300
C2_n0.03_d300_r04,C2,202646,12.94,12.64,0.29999999999999893,0.33224999999999993,0.32441647616587077,0.31998659836387183,NEAR,NEAR,0.6,1,,,0.03,300
C2_n0.03_d300_r04,C2,202646,12.96,12.66,0.3000000000000007,0.3340000000000001,0.3222770998787348,0.32055922374258755,NEAR,NEAR,0.6,1,,,0.03,300
C2_n0.03_d300_r04,C2,202646,12.98,12.68,0.3000000000000007,0.33575000000000005,0.3087525830776854,0.317607563576362,NEAR,NEAR,0.6,1,,,0.03,300
C2_n0.03_d300_r04,C2,202646,13.0,12.7,0.3000000000000007,0.3375,0.34576529785215243,0.3246469971453096,NEAR,NEAR,0.6,1,,,0.03,300
C2_n0.03_d300_r04,C2,202646,13.02,12.72,0.29999999999999893,0.33924999999999994,0.32282098580119517,0.324190494309281,NEAR,NEAR,0.6,1,,,0.03,300
C2_n0.03_d300_r04,C2,202646,13.04,12.74,0.29999999999999893,0.3409999999999999,0.32564615472392644,0.32455440941294234,NEAR,NEAR,0.6,1,,,0.03,300
C2_n0.03_d300_r04,C2,202646,13.06,12.76,0.3000000000000007,0.34275000000000005,0.28283433104929845,0.3141243898220314,NEAR,NEAR,0.6,1,,,0.03,300
C2_n0.03_d300_r04,C2,202646,13.08,12.78,0.3000000000000007,0.34450000000000003,0.339899689045484,0.32056821462789453,NEAR,NEAR,0.6,1,,,0.03,300
C2_n0.03_d300_r04,C2,202646,13.1,12.8,0.29999999999999893,0.34624999999999995,0.2699906387604537,0.3079238206610343,NEAR,NEAR,0.6,1,,,0.03,300
C2_n0.03_d300_r04,C2,202646,13.12,12.82,0.29999999999999893,0.3479999999999999,0.3519503834472038,0.3189304613575767,NEAR,NEAR,0.6,1,,,0.03,300
C2_n0.03_d300_r04,C2,202646,13.14,12.84,0.3000000000000007,0.34975000000000006,0.366666772863588,0.3308645392340795,NEAR,NEAR,0.6,1,,,0.03,300
C2_n0.03_d300_r04,C2,202646,13.16,12.86,0.3000000000000007,0.35150000000000003,0.31998221402456634,0.3281439579317012,FAR,NEAR,0.6,1,,,0.03,300
C2_n0.03_d300_r04,C2,202646,13.18,12.88,0.29999999999999893,0.35324999999999995,0.2822177490688485,0.316662405715988,FAR,NEAR,0.6,1,,,0.03,300
C2_n0.03_d300_r04,C2,202646,13.2,12.9,0.29999999999999893,0.3549999999999999,0.3243236688610645,0.31857772150225716,FAR,NEAR,0.6,1,,,0.03,300
C2_n0.03_d300_r04,C2,202646,13.22,12.92,0.3000000000000007,0.35675000000000007,0.32092120718678635,0.31916359292338947,FAR,NEAR,0.6,1,,,0.03,300
C2_n0.03_d300_r04,C2,202646,13.24,12.94,0.3000000000000007,0.35850000000000004,0.33170156088544867,0.32229808491390427,FAR,NEAR,0.6,1,,,0.03,300
C2_n0.03_d300_r04,C2,202646,13.26,12.96,0.29999999999999893,0.36024999999999996,0.37726795187145507,0.33604055165329194,FAR,NEAR,0.6,1,,,0.03,300
C2_n0.03_d300_r04,C2,202646,13.28,12.98,0.29999999999999893,0.36199999999999993,0.3409878599804716,0.33727737873508684,FAR,NEAR,0.6,1,,,0.03,300
C2_n0.03_d300_r04,C2,202646,13.3,13.0,0.3000000000000007,0.3637500000000001,0.32460452718744315,0.3341091658481759,FAR,NEAR,0.6,1,,,0.03,300
C2_n0.03_d300_r04,C2,202646,13.32,13.02,0.3000000000000007,0.36550000000000005,0.26263606653501576,0.3162408910198859,FAR,NEAR,0.6,1,,,0.03,300
C2_n0.03_d300_r04,C2,202646,13.34,13.04,0.3000000000000007,0.36724999999999997,0.3974949932161894,0.3365544165689618,FAR,NEAR,0.6,1,,,0.03,300
C2_n0.03_d300_r04,C2,202646,13.36,13.06,0.29999999999999893,0.36899999999999994,0.34282415205418193,0.3381218504402668,FAR,NEAR,0.6,1,,,0.03,300
C2_n0.03_d300_r04,C2,202646,13.38,13.08,0.3000000000000007,0.3707500000000001,0.31005322228757104,0.3311046934020929,FAR,NEAR,0.6,1,,,0.03,300
C2_n0.03_d300_r04,C2,202646,13.4,13.1,0.3000000000000007,0.37250000000000005,0.3111131832121766,0.3261068158546139,FAR,NEAR,0.6,1,,,0.03,300
C2_n0.03_d300_r04,C2,202646,13.42,13.12,0.3000000000000007,0.37424999999999997,0.33330299049229745,0.3279058595140348,FAR,NEAR,0.6,1,,,0.03,300
C2_n0.03_d300_r04,C2,202646,13.44,13.14,0.29999999999999893,0.37599999999999995,0.2799437885871502,0.3159153417823136,FAR,NEAR,0.6,1,,,0.03,300
C2_n0.03_d300_r04,C2,202646,13.46,13.16,0.3000000000000007,0.37775000000000003,0.351754641476138,0.3248751667057697,FAR,NEAR,0.6,1,,,0.03,300
C2_n0.03_d300_r04,C2,202646,13.48,13.18,0.3000000000000007,0.37950000000000006,0.3458095777971999,0.3301087694786273,FAR,NEAR,0.6,1,,,0.03,300
C2_n0.03_d300_r04,C2,202646,13.5,13.2,0.3000000000000007,0.38125,0.36655374304232996,0.33922001286955294,FAR,NEAR,0.6,1,,,0.03,300
C2_n0.03_d300_r04,C2,202646,13.52,13.22,0.29999999999999893,0.38299999999999995,0.3685755557202196,0.34655889858221955,FAR,NEAR,0.6,1,,,0.03,300
C2_n0.03_d300_r04,C2,202646,13.54,13.24,0.29999999999999893,0.3847499999999999,0.33548254873322547,0.343789811119971,FAR,NEAR,0.6,1,,,0.03,300
C2_n0.03_d300_r04,C2,202646,13.56,13.26,0.3000000000000007,0.38650000000000007,0.3928102299548022,0.3560449158286788,FAR,NEAR,0.6,1,,,0.03,300
C2_n0.03_d300_r04,C2,202646,13.58,13.28,0.3000000000000007,0.38825,0.39075957734617833,0.36472358120805365,FAR,NEAR,0.6,1,,,0.03,300
C2_n0.03_d300_r04,C2,202646,13.6,13.3,0.29999999999999893,0.38999999999999996,0.3853609213121578,0.3698829162340797,FAR,NEAR,0.6,1,,,0.03,300
C2_n0.03_d300_r04,C2,202646,13.62,13.32,0.29999999999999893,0.39174999999999993,0.37386873363754203,0.37087937058494524,FAR,NEAR,0.6,1,,,0.03,300
C2_n0.03_d300_r04,C2,202646,13.64,13.34,0.3000000000000007,0.39350000000000007,0.36665051127770637,0.3698221557581355,FAR,NEAR,0.6,1,,,0.03,300
C2_n0.03_d300_r04,C2,202646,13.66,13.36,0.3000000000000007,0.39525,0.39643182126638615,0.3764745721351982,FAR,NEAR,0.6,1,,,0.03,300
C2_n0.03_d300_r04,C2,202646,13.68,13.38,0.29999999999999893,0.39699999999999996,0.3831520707196844,0.3781439467813197,FAR,NEAR,0.6,1,,,0.03,300
C2_n0.03_d300_r04,C2,202646,13.7,13.4,0.29999999999999893,0.39874999999999994,0.3796317677242109,0.3785159020170425,FAR,NEAR,0.6,1,,,0.03,300
C2_n0.03_d300_r04,C2,202646,13.72,13.42,0.3000000000000007,0.4005000000000001,0.39355708295148767,0.38227619725065376,FAR,FAR,0.0,1,EXIT_NEAR,,0.03,300
C2_n0.03_d300_r04,C2,202646,13.74,13.44,0.3000000000000007,0.40225,0.3582994280778036,0.37628200495744124,FAR,FAR,0.0,1,,,0.03,300
C2_n0.03_d300_r04,C2,202646,13.76,13.46,0.29999999999999893,0.40399999999999997,0.3640927240052879,0.3732346847194029,FAR,FAR,0.0,1,,,0.03,300
C2_n0.03_d300_r04,C2,202646,13.78,13.48,0.29999999999999893,0.40574999999999994,0.43903141330421175,0.3896838668656051,FAR,FAR,0.0,1,,,0.03,300
C2_n0.03_d300_r04,C2,202646,13.8,13.5,0.3000000000000007,0.4075000000000001,0.3671543750149303,0.38405149390293636,FAR,FAR,0.0,1,,,0.03,300
C2_n0.03_d300_r04,C2,202646,13.82,13.52,0.3000000000000007,0.40925,0.40714015151628374,0.38982365830627325,FAR,FAR,0.0,1,,,0.03,300
C2_n0.03_d300_r04,C2,202646,13.84,13.54,0.3000000000000007,0.411,0.38240713891865985,0.3879695284593699,FAR,FAR,0.0,1,,,0.03,300
C2_n0.03_d300_r04,C2,202646,13.86,13.56,0.29999999999999893,0.41274999999999995,0.4333859611593187,0.3993236366343571,FAR,FAR,0.0,1,,,0.03,300
C2_n0.03_d300_r04,C2,202646,13.88,13.58,0.3000000000000007,0.4145000000000001,0.39227981223778613,0.3975626805352144,FAR,FAR,0.0,1,,,0.03,300
C2_n0.03_d300_r04,C2,202646,13.9,13.6,0.3000000000000007,0.41625,0.3681303320883609,0.390204593423501,FAR,FAR,0.0,1,,,0.03,300
C2_n0.03_d300_r04,C2,202646,13.92,13.62,0.3000000000000007,0.418,0.4132927304197128,0.3959766276725539,FAR,FAR,0.0,1,,,0.03,300
C2_n0.03_d300_r04,C2,202646,13.94,13.64,0.29999999999999893,0.41974999999999996,0.36449450532473127,0.38810609708559823,FAR,FAR,0.0,1,,,0.03,300
C2_n0.03_d300_r04,C2,202646,13.96,13.66,0.3000000000000007,0.4215000000000001,0.4060240132392563,0.39258557612401274,FAR,FAR,0.0,1,,,0.03,300
C2_n0.03_d300_r04,C2,202646,13.98,13.68,0.3000000000000007,0.42325,0.36585460271363585,0.3859028327714185,FAR,FAR,0.0,1,,,0.03,300
C2_n0.03_d300_r04,C2,202646,14.0,13.7,0.3000000000000007,0.425,0.39786352509143535,0.3888930058514227,FAR,FAR,0.0,1,,,0.03,300
C2_n0.03_d300_r04,C2,202646,14.02,13.72,0.29999999999999893,0.42674999999999996,0.41389762181997053,0.39514415984355966,FAR,FAR,0.0,1,,,0.03,300
C2_n0.03_d300_r04,C2,202646,14.04,13.74,0.29999999999999893,0.4284999999999999,0.3834630596601509,0.3922238847977075,FAR,FAR,0.0,1,,,0.03,300
C2_n0.03_d300_r04,C2,202646,14.06,13.76,0.3000000000000007,0.43025,0.39232852746079494,0.3922500454634793,FAR,FAR,0.0,1,,,0.03,300
C2_n0.03_d300_r04,C2,202646,14.08,13.78,0.3000000000000007,0.432,0.3985325350049133,0.3938206678488378,FAR,FAR,0.0,1,,,0.03,300
C2_n0.03_d300_r04,C2,202646,14.1,13.8,0.29999999999999893,0.43374999999999997,0.32616465576800746,0.3769066648286302,FAR,FAR,0.0,1,,,0.03,300
C2_n0.03_d300_r04,C2,202646,14.12,13.82,0.29999999999999893,0.4354999999999999,0.3939831766311895,0.38117579277927,FAR,FAR,0.0,1,,,0.03,300
C2_n0.03_d300_r04,C2,202646,14.14,13.84,0.3000000000000007,0.43725,0.3486966215252705,0.3730559999657701,FAR,FAR,0.0,1,,,0.03,300
C2_n0.03_d300_r04,C2,202646,14.16,13.86,0.3000000000000007,0.439,0.43738580827703966,0.3891384520435875,FAR,FAR,0.0,1,,,0.03,300
C2_n0.03_d300_r04,C2,202646,14.18,13.88,0.29999999999999893,0.44075,0.435458614022499,0.4007184925383154,FAR,FAR,0.0,1,,,0.03,300
C2_n0.03_d300_r04,C2,202646,14.2,13.9,0.29999999999999893,0.4424999999999999,0.4306776556624016,0.40820828331933695,FAR,FAR,0.0,1,,,0.03,300
C2_n0.03_d300_r04,C2,202646,14.22,13.92,0.3000000000000007,0.44425000000000003,0.4683962496404884,0.4232552748996248,FAR,FAR,0.0,1,,,0.03,300
C2_n0.03_d300_r04,C2,202646,14.24,13.94,0.3000000000000007,0.446,0.4249247582740273,0.4236726457432254,FAR,FAR,0.0,1,,,0.03,300
C2_n0.03_d300_r04,C2,202646,14.26,13.96,0.29999999999999893,0.44775,0.42408105194831125,0.4237747472944968,FAR,FAR,0.0,1,,,0.03,300
C2_n0.03_d300_r04,C2,202646,14.28,13.98,0.29999999999999893,0.4494999999999999,0.4010566537211709,0.4180952239011653,FAR,FAR,0.0,1,,,0.03,300
C2_n0.03_d300_r04,C2,202646,14.3,14.0,0.3000000000000007,0.45125000000000004,0.39670268204972337,0.4127470884383049,FAR,FAR,0.0,1,,,0.03,300
C2_n0.03_d300_r04,C2,202646,14.32,14.02,0.3000000000000007,0.453,0.3909474432671367,0.40729717714551283,FAR,FAR,0.0,1,,,0.03,300
C2_n0.03_d300_r04,C2,202646,14.34,14.04,0.3000000000000007,0.45475,0.38265347018049795,0.40113625040425915,FAR,FAR,0.0,1,,,0.03,300
C2_n0.03_d300_r04,C2,202646,14.36,14.06,0.29999999999999893,0.4564999999999999,0.4581657249869112,0.4153936190499221,FAR,FAR,0.0,1,,,0.03,300
C2_n0.03_d300_r04,C2,202646,14.38,14.08,0.3000000000000007,0.45825000000000005,0.42869092139490317,0.4187179446361674,FAR,FAR,0.0,1,,,0.03,300
C2_n0.03_d300_r04,C2,202646,14.4,14.1,0.3000000000000007,0.46,0.4266584190951898,0.420703063250923,FAR,FAR,0.0,1,,,0.03,300
C2_n0.03_d300_r04,C2,202646,14.42,14.12,0.3000000000000007,0.46175,0.45112573586586074,0.4283087314046574,FAR,FAR,0.0,1,,,0.03,300
C2_n0.03_d300_r04,C2,202646,14.44,14.14,0.29999999999999893,0.4634999999999999,0.4635916347457206,0.43712945723992325,FAR,FAR,0.0,1,,,0.03,300
C2_n0.03_d300_r04,C2,202646,14.46,14.16,0.3000000000000007,0.46525000000000005,0.4474917576306387,0.4397200323376021,FAR,FAR,0.0,1,,,0.03,300
C2_n0.03_d300_r04,C2,202646,14.48,14.18,0.3000000000000007,0.467,0.40580613789365944,0.43124155872661646,FAR,FAR,0.0,1,,,0.03,300
C2_n0.03_d300_r04,C2,202646,14.5,14.2,0.3000000000000007,0.46875,0.4680602064070457,0.4404462206467238,FAR,FAR,0.0,1,,,0.03,300
C2_n0.03_d300_r04,C2,202646,14.52,14.22,0.29999999999999893,0.4704999999999999,0.4522350822450214,0.4433934360462982,FAR,FAR,0.0,1,,,0.03,300
C2_n0.03_d300_r04,C2,202646,14.54,14.24,0.29999999999999893,0.47224999999999995,0.4955941933474116,0.45644362537157657,FAR,FAR,0.0,1,,,0.03,300
C2_n0.03_d300_r04,C2,202646,14.56,14.26,0.3000000000000007,0.47400000000000003,0.4090015702973291,0.4445831116030147,FAR,FAR,0.0,1,,,0.03,300
C2_n0.03_d300_r04,C2,202646,14.58,14.28,0.3000000000000007,0.47575,0.47744789220705675,0.45279930675402524,FAR,FAR,0.0,1,,,0.03,300
C2_n0.03_d300_r04,C2,202646,14.6,14.3,0.29999999999999893,0.4774999999999999,0.4395942783587818,0.4494980496552144,FAR,FAR,0.0,1,,,0.03,300
C2_n0.03_d300_r04,C2,202646,14.62,14.32,0.29999999999999893,0.47924999999999995,0.4173985148999819,0.4414731659664063,FAR,FAR,0.0,1,,,0.03,300
C2_n0.03_d300_r04,C2,202646,14.64,14.34,0.3000000000000007,0.48100000000000004,0.45309562885812676,0.4443787816893364,FAR,FAR,0.0,1,,,0.03,300
C2_n0.03_d300_r04,C2,202646,14.66,14.36,0.3000000000000007,0.48275,0.47782520829937686,0.45274038834184654,FAR,FAR,0.0,1,,,0.03,300
C2_n0.03_d300_r04,C2,202646,14.68,14.38,0.29999999999999893,0.48449999999999993,0.4604896807071441,0.45467771143317093,FAR,FAR,0.0,1,,,0.03,300
C2_n0.03_d300_r04,C2,202646,14.7,14.4,0.29999999999999893,0.48624999999999996,0.42304725107133767,0.44677009634271264,FAR,FAR,0.0,1,,,0.03,300
C2_n0.03_d300_r04,C2,202646,14.72,14.42,0.3000000000000007,0.48800000000000004,0.460203356654871,0.4501284114207522,FAR,FAR,0.0,1,,,0.03,300
C2_n0.03_d300_r04,C2,202646,14.74,14.44,0.3000000000000007,0.48975,0.4416731581797135,0.44801459811049255,FAR,FAR,0.0,1,,,0.03,300
C2_n0.03_d300_r04,C2,202646,14.76,14.46,0.29999999999999893,0.49149999999999994,0.4961057977211455,0.4600373980131558,FAR,FAR,0.0,1,,,0.03,300
C2_n0.03_d300_r04,C2,202646,14.78,14.48,0.29999999999999893,0.49324999999999997,0.4574230177851228,0.45938380295614756,FAR,FAR,0.0,1,,,0.03,300
C2_n0.03_d300_r04,C2,202646,14.8,14.5,0.3000000000000007,0.49500000000000005,0.517222473064789,0.4738434704833079,FAR,FAR,0.0,1,,,0.03,300
C2_n0.03_d300_r04,C2,202646,14.82,14.52,0.3000000000000007,0.49675,0.4563845600146553,0.46947874286614477,FAR,FAR,0.0,1,,,0.03,300
C2_n0.03_d300_r04,C2,202646,14.84,14.54,0.3000000000000007,0.49849999999999994,0.4793606809771339,0.4719492273938921,FAR,FAR,0.0,1,,,0.03,300
C2_n0.03_d300_r04,C2,202646,14.86,14.56,0.29999999999999893,0.5002499999999999,0.5298551742029924,0.4864257140961672,FAR,FAR,0.0,1,,,0.03,300
C2_n0.03_d300_r04,C2,202646,14.88,14.58,0.3000000000000007,0.502,0.46191590444507447,0.480298261683394,FAR,FAR,0.0,1,,,0.03,300
C2_n0.03_d300_r04,C2,202646,14.9,14.6,0.3000000000000007,0.50375,0.41308689869387377,0.463495420936014,FAR,FAR,0.0,1,,,0.03,300
C2_n0.03_d300_r04,C2,202646,14.92,14.62,0.3000000000000007,0.5055000000000001,0.5141963436368479,0.4761706516112224,FAR,FAR,0.0,1,,,0.03,300
C2_n0.03_d300_r04,C2,202646,14.94,14.64,0.29999999999999893,0.50725,0.4594886279283695,0.47200014569050913,FAR,FAR,0.0,1,,,0.03,300
C2_n0.03_d300_r04,C2,202646,14.96,14.66,0.3000000000000007,0.5090000000000001,0.5295696009271603,0.48639250949967194,FAR,FAR,0.0,1,,,0.03,300
C2_n0.03_d300_r04,C2,202646,14.98,14.68,0.3000000000000007,0.51075,0.4697837359506914,0.4822403161124268,FAR,FAR,0.0,1,,,0.03,300
C2_n0.03_d300_r04,C2,202646,15.0,14.7,0.3000000000000007,0.5125,0.4809046467376533,0.4819063987687334,FAR,FAR,0.0,1,,,0.03,300
C2_n0.03_d300_r04,C2,202646,15.02,14.72,0.29999999999999893,0.5142499999999999,0.5467307035481509,0.4981124749635878,FAR,FAR,0.0,1,,,0.03,300
C2_n0.03_d300_r04,C2,202646,15.04,14.74,0.29999999999999893,0.5159999999999999,0.5148824151353896,0.5023049600065382,FAR,FAR,0.0,1,,,0.03,300
C2_n0.03_d300_r04,C2,202646,15.06,14.76,0.3000000000000007,0.51775,0.4607743129926951,0.49192229825307743,FAR,FAR,0.0,1,,,0.03,300
C2_n0.03_d300_r04,C2,202646,15.08,14.78,0.3000000000000007,0.5195,0.4776920400827719,0.48836473371050104,FAR,FAR,0.0,1,,,0.03,300
C2_n0.03_d300_r04,C2,202646,15.1,14.8,0.29999999999999893,0.52125,0.5024935906404295,0.49189694794298316,FAR,FAR,0.0,1,,,0.03,300
C2_n0.03_d300_r04,C2,202646,15.12,14.82,0.29999999999999893,0.5229999999999999,0.46740430437757935,0.4857737870516322,FAR,FAR,0.0,1,,,0.03,300
C2_n0.03_d300_r04,C2,202646,15.14,14.84,0.3000000000000007,0.52475,0.4284291718558445,0.4714376332526853,FAR,FAR,0.0,1,,,0.03,300
C2_n0.03_d300_r04,C2,202646,15.16,14.86,0.3000000000000007,0.5265,0.48436344216332544,0.4746690854803453,FAR,FAR,0.0,1,,,0.03,300
C2_n0.03_d300_r04,C2,202646,15.18,14.88,0.29999999999999893,0.5282499999999999,0.4991838215705311,0.48079776950289177,FAR,FAR,0.0,1,,,0.03,300
C2_n0.03_d300_r04,C2,202646,15.2,14.9,0.29999999999999893,0.5299999999999999,0.5192945798898754,0.49042197209963767,FAR,FAR,0.0,1,,,0.03,300
C2_n0.03_d300_r04,C2,202646,15.22,14.92,0.3000000000000007,0.5317500000000001,0.5318801703700248,0.5007865216672345,FAR,FAR,0.0,1,,,0.03,300
C2_n0.03_d300_r04,C2,202646,15.24,14.94,0.3000000000000007,0.5335,0.5515036453610394,0.5134658025906857,FAR,FAR,0.0,1,,,0.03,300
C2_n0.03_d300_r04,C2,202646,15.26,14.96,0.29999999999999893,0.53525,0.4826894378579021,0.5057717114074898,FAR,FAR,0.0,1,,,0.03,300
C2_n0.03_d300_r04,C2,202646,15.28,14.98,0.29999999999999893,0.5369999999999999,0.510695186090727,0.5070025800782991,FAR,FAR,0.0,1,,,0.03,300
C2_n0.03_d300_r04,C2,202646,15.3,15.0,0.3000000000000007,0.5387500000000001,0.5670039175200098,0.5220029144387268,FAR,FAR,0.0,1,,,0.03,300
C2_n0.03_d300_r04,C2,202646,15.32,15.02,0.3000000000000007,0.5405,0.46088825416323354,0.5067242493698535,FAR,FAR,0.0,1,,,0.03,300
C2_n0.03_d300_r04,C2,202646,15.34,15.04,0.3000000000000007,0.5422499999999999,0.4898988652751837,0.5025179033461861,FAR,FAR,0.0,1,,,0.03,300
C2_n0.03_d300_r04,C2,202646,15.36,15.06,0.29999999999999893,0.5439999999999999,0.5392678976004484,0.5117054019097517,FAR,FAR,0.0,1,,,0.03,300
C2_n0.03_d300_r04,C2,202646,15.38,15.08,0.3000000000000007,0.5457500000000001,0.493508852374566,0.5071562645259552,FAR,FAR,0.0,1,,,0.03,300
C2_n0.03_d300_r04,C2,202646,15.4,15.1,0.3000000000000007,0.5475,0.4908625521225868,0.5030828364251131,FAR,FAR,0.0,1,,,0.03,300
C2_n0.03_d300_r04,C2,202646,15.42,15.12,0.3000000000000007,0.54925,0.5294592609145417,0.5096769425474702,FAR,FAR,0.0,1,,,0.03,300
C2_n0.03_d300_r04,C2,202646,15.44,15.14,0.29999999999999893,0.5509999999999999,0.5203592087549689,0.5123475090993449,FAR,FAR,0.0,1,,,0.03,300
C2_n0.03_d300_r04,C2,202646,15.46,15.16,0.3000000000000007,0.5527500000000001,0.530572058715458,0.5169036465033732,FAR,FAR,0.0,1,,,0.03,300
C2_n0.03_d300_r04,C2,202646,15.48,15.18,0.3000000000000007,0.5545,0.5325459354833798,0.5208142187483749,FAR,FAR,0.0,1,,,0.03,300
C2_n0.03_d300_r04,C2,202646,15.5,15.2,0.3000000000000007,0.5562499999999999,0.5436760654606311,0.5265296804264389,FAR,FAR,0.0,1,,,0.03,300
C2_n0.03_d300_r04,C2,202646,15.52,15.22,0.29999999999999893,0.5579999999999999,0.5681295063497793,0.536929636907274,FAR,FAR,0.0,1,,,0.03,300
C2_n0.03_d300_r04,C2,202646,15.54,15.24,0.29999999999999893,0.55975,0.5417093738751744,0.538124571149249,FAR,FAR,0.0,1,,,0.03,300
C2_n0.03_d300_r04,C2,202646,15.56,15.26,0.3000000000000007,0.5615,0.5592098314533266,0.5433958862252685,FAR,FAR,0.0,1,,,0.03,300
C2_n0.03_d300_r04,C2,202646,15.58,15.28,0.3000000000000007,0.56325,0.5451144001821028,0.543825514714477,FAR,FAR,0.0,1,,,0.03,300
C2_n0.03_d300_r04,C2,202646,15.6,15.3,0.29999999999999893,0.565,0.5056121002172028,0.5342721610901585,FAR,FAR,0.0,1,,,0.03,300
C2_n0.03_d300_r04,C2,202646,15.62,15.32,0.29999999999999893,0.5667499999999999,0.5632315883453142,0.5415120179039474,FAR,FAR,0.0,1,,,0.03,300
C2_n0.03_d300_r04,C2,202646,15.64,15.34,0.3000000000000007,0.5685,0.529550953567843,0.5385217518199213,FAR,FAR,0.0,1,,,0.03,300
C2_n0.03_d300_r04,C2,202646,15.66,15.36,0.3000000000000007,0.5702499999999999,0.525250918640872,0.535204043525159,FAR,FAR,0.0,1,,,0.03,300
C2_n0.03_d300_r04,C2,202646,15.68,15.38,0.29999999999999893,0.572,0.5333738679547526,0.5347464996325575,FAR,FAR,0.0,1,,,0.03,300
C2_n0.03_d300_r04,C2,202646,15.7,15.4,0.29999999999999893,0.57375,0.5795457854649626,0.5459463210906588,FAR,FAR,0.0,1,,,0.03,300
C2_n0.03_d300_r04,C2,202646,15.72,15.42,0.3000000000000007,0.5755,0.560265735793617,0.5495261747663983,FAR,FAR,0.0,1,,,0.03,300
C2_n0.03_d300_r04,C2,202646,15.74,15.44,0.3000000000000007,0.57725,0.5947403144182273,0.5608297096793555,FAR,FAR,0.0,1,,,0.03,300
C2_n0.03_d300_r04,C2,202646,15.76,15.46,0.29999999999999893,0.579,0.5496438642832735,0.558033248330335,FAR,FAR,0.0,1,,,0.03,300
C2_n0.03_d300_r04,C2,202646,15.78,15.48,0.29999999999999893,0.5807499999999999,0.5183480445246815,0.5481119473789215,FAR,FAR,0.0,1,,,0.03,300
C2_n0.03_d300_r04,C2,202646,15.8,15.5,0.3000000000000007,0.5825,0.49754395668459,0.5354699497053387,FAR,FAR,0.0,1,,,0.03,300
C2_n0.03_d300_r04,C2,202646,15.82,15.52,0.3000000000000007,0.5842499999999999,0.5911698977343451,0.5493949367125903,FAR,FAR,0.0,1,,,0.03,300
C2_n0.03_d300_r04,C2,202646,15.84,15.54,0.3000000000000007,0.586,0.5525345602575602,0.5501798425988328,FAR,FAR,0.0,1,,,0.03,300
C2_n0.03_d300_r04,C2,202646,15.86,15.56,0.29999999999999893,0.58775,0.5063534981830469,0.5392232564948862,FAR,FAR,0.0,1,,,0.03,300
C2_n0.03_d300_r04,C2,202646,15.88,15.58,0.3000000000000007,0.5895,0.5302171961421382,0.5369717414066992,FAR,FAR,0.0,1,,,0.03,300
C2_n0.03_d300_r04,C2,202646,15.9,15.6,0.3000000000000007,0.59125,0.5471445496150934,0.5395149434587978,FAR,FAR,0.0,1,,,0.03,300
C2_n0.03_d300_r04,C2,202646,15.92,15.62,0.3000000000000007,0.593,0.6101725445120775,0.5571793437221177,FAR,FAR,0.0,1,,,0.03,300
C2_n0.03_d300_r04,C2,202646,15.94,15.64,0.29999999999999893,0.5947499999999999,0.6017500942113443,0.5683220313444244,FAR,FAR,0.0,1,,,0.03,300
C2_n0.03_d300_r04,C2,202646,15.96,15.66,0.3000000000000007,0.5965,0.5688995769902606,0.5684664177558835,FAR,FAR,0.0,1,,,0.03,300
C2_n0.03_d300_r04,C2,202646,15.98,15.68,0.3000000000000007,0.59825,0.5315771925484667,0.5592441114540292,FAR,FAR,0.0,1,,,0.03,300
C2_n0.03_d300_r04,C2,202646,16.0,15.7,0.3000000000000007,0.6,0.5950307877379708,0.5681907805250146,FAR,FAR,0.0,1,,,0.03,300
C2_n0.03_d300_r04,C2,202646,16.02,15.72,0.29999999999999893,0.6,0.5734064226874589,0.5694946910656257,FAR,FAR,0.0,1,,,0.03,300
C2_n0.03_d300_r04,C2,202646,16.04,15.74,0.29999999999999893,0.6,0.5354370360706526,0.5609802773168824,FAR,FAR,0.0,1,,,0.03,300
C2_n0.03_d300_r04,C2,202646,16.06,15.76,0.29999999999999893,0.6,0.5606765448274899,0.5609043441945343,FAR,FAR,0.0,1,,,0.03,300
C2_n0.03_d300_r04,C2,202646,16.08,15.78,0.29999999999999893,0.6,0.603523606215564,0.5715591596997918,FAR,FAR,0.0,1,,,0.03,300
C2_n0.03_d300_r04,C2,202646,16.1,15.8,0.3000000000000007,0.6,0.6242436384528471,0.5847302793880556,FAR,FAR,0.0,1,,,0.03,300
C2_n0.03_d300_r04,C2,202646,16.12,15.82,0.3000000000000007,0.6,0.5297358510142878,0.5709816722946136,FAR,FAR,0.0,1,,,0.03,300
C2_n0.03_d300_r04,C2,202646,16.14,15.84,0.3000000000000007,0.6,0.5817765784521687,0.5736803988340025,FAR,FAR,0.0,1,,,0.03,300
C2_n0.03_d300_r04,C2,202646,16.16,15.86,0.3000000000000007,0.6,0.5872117877011591,0.5770632460507916,FAR,FAR,0.0,1,,,0.03,300
C2_n0.03_d300_r04,C2,202646,16.18,15.88,0.29999999999999893,0.6,0.6207186972594964,0.5879771088529678,FAR,FAR,0.0,1,,,0.03,300
C2_n0.03_d300_r04,C2,202646,16.2,15.9,0.29999999999999893,0.6,0.6265618457479706,0.5976232930767185,FAR,FAR,0.0,1,,,0.03,300
C2_n0.03_d300_r04,C2,202646,16.22,15.92,0.29999999999999893,0.6,0.6051654163766106,0.5995088239016915,FAR,FAR,0.0,1,,,0.03,300
C2_n0.03_d300_r04,C2,202646,16.24,15.94,0.29999999999999893,0.6,0.5865996531811926,0.5962815312215668,FAR,FAR,0.0,1,,,0.03,300
C2_n0.03_d300_r04,C2,202646,16.26,15.96,0.3000000000000007,0.6,0.6323970237774498,0.6053104043605375,FAR,FAR,0.0,1,,,0.03,300
C2_n0.03_d300_r04,C2,202646,16.28,15.98,0.3000000000000007,0.6,0.5383509942150871,0.588570551824175,FAR,FAR,0.0,1,,,0.03,300
C2_n0.03_d300_r04,C2,202646,16.3,16.0,0.3000000000000007,0.6,0.5755966304410248,0.5853270714783874,FAR,FAR,0.0,1,,,0.03,300
C2_n0.03_d300_r04,C2,202646,16.32,16.02,0.3000000000000007,0.6,0.5905158951875856,0.5866242774056869,FAR,FAR,0.0,1,,,0.03,300
C2_n0.03_d300_r04,C2,202646,16.34,16.04,0.3000000000000007,0.6,0.5803866686812594,0.5850648752245801,FAR,FAR,0.0,1,,,0.03,300
C2_n0.03_d300_r04,C2,202646,16.36,16.06,0.3000000000000007,0.6,0.5939299216453542,0.5872811368297737,FAR,FAR,0.0,1,,,0.03,300
C2_n0.03_d300_r04,C2,202646,16.38,16.08,0.3000000000000007,0.6,0.552766979827361,0.5786525975791705,FAR,FAR,0.0,1,,,0.03,300
C2_n0.03_d300_r04,C2,202646,16.4,16.1,0.29999999999999716,0.6,0.5964875252221657,0.5831113294899193,FAR,FAR,0.0,1,,,0.03,300
C2_n0.03_d300_r04,C2,202646,16.42,16.12,0.3000000000000007,0.6,0.6280196088931137,0.5943383993407179,FAR,FAR,0.0,1,,,0.03,300
C2_n0.03_d300_r04,C2,202646,16.44,16.14,0.3000000000000007,0.6,0.5734736903570995,0.5891222220948132,FAR,FAR,0.0,1,,,0.03,300
C2_n0.03_d300_r04,C2,202646,16.46,16.16,0.3000000000000007,0.6,0.655297197538749,0.6056659659557971,FAR,FAR,0.0,1,,,0.03,300
C2_n0.03_d300_r04,C2,202646,16.48,16.18,0.3000000000000007,0.6,0.5935823525246172,0.6026450625980021,FAR,FAR,0.0,1,,,0.03,300
C2_n0.03_d300_r04,C2,202646,16.5,16.2,0.3000000000000007,0.6,0.6371679579431241,0.6112757864342826,FAR,FAR,0.0,1,,,0.03,300
C2_n0.03_d300_r04,C2,202646,16.52,16.22,0.3000000000000007,0.6,0.6307214365396285,0.616137198960619,FAR,FAR,0.0,1,,,0.03,300
C2_n0.03_d300_r04,C2,202646,16.54,16.24,0.3000000000000007,0.6,0.5953764734708396,0.6109470175881742,FAR,FAR,0.0,1,,,0.03,300
C2_n0.03_d300_r04,C2,202646,16.56,16.26,0.29999999999999716,0.6,0.6077971829051297,0.610159558917413,FAR,FAR,0.0,1,,,0.03,300
C2_n0.03_d300_r04,C2,202646,16.58,16.28,0.29999999999999716,0.6,0.5786039947932518,0.6022706678863727,FAR,FAR,0.0,1,,,0.03,300
C2_n0.03_d300_r04,C2,202646,16.6,16.3,0.3000000000000007,0.6,0.6113337784817267,0.6045364455352112,FAR,FAR,0.0,1,,,0.03,300
C2_n0.03_d300_r04,C2,202646,16.62,16.32,0.3000000000000007,0.6,0.5605956591123374,0.5935512489294927,FAR,FAR,0.0,1,,,0.03,300
C2_n0.03_d300_r04,C2,202646,16.64,16.34,0.3000000000000007,0.6,0.5748413637926071,0.5888737776452713,FAR,FAR,0.0,1,,,0.03,300
C2_n0.03_d300_r04,C2,202646,16.66,16.36,0.3000000000000007,0.6,0.5817441142597584,0.5870913617988931,FAR,FAR,0.0,1,,,0.03,300
C2_n0.03_d300_r04,C2,202646,16.68,16.38,0.3000000000000007,0.6,0.5842760882350296,0.5863875434079272,FAR,FAR,0.0,1,,,0.03,300
C2_n0.03_d300_r04,C2,202646,16.7,16.4,0.3000000000000007,0.6,0.5449013002268992,0.5760159826126702,FAR,FAR,0.0,1,,,0.03,300
C2_n0.03_d300_r04,C2,202646,16.72,16.42,0.29999999999999716,0.6,0.6121449510854597,0.5850482247308675,FAR,FAR,0.0,1,,,0.03,300
C2_n0.03_d300_r04,C2,202646,16.74,16.44,0.29999999999999716,0.6,0.6069742799553743,0.5905297385369942,FAR,FAR,0.0,1,,,0.03,300
C2_n0.03_d300_r04,C2,202646,16.76,16.46,0.3000000000000007,0.6,0.6216621774846848,0.5983128482739168,FAR,FAR,0.0,1,,,0.03,300
C2_n0.03_d300_r04,C2,202646,16.78,16.48,0.3000000000000007,0.6,0.6085104643309786,0.6008622522881822,FAR,FAR,0.0,1,,,0.03,300
C2_n0.03_d300_r04,C2,202646,16.8,16.5,0.3000000000000007,0.6,0.6317618457717855,0.6085871506590831,FAR,FAR,0.0,1,,,0.03,300
C2_n0.03_d300_r04,C2,202646,16.82,16.52,0.3000000000000007,0.6,0.5885353522636328,0.6035742010602205,FAR,FAR,0.0,1,,,0.03,300
C2_n0.03_d300_r04,C2,202646,16.84,16.54,0.3000000000000007,0.6,0.5662971595702354,0.5942549406877242,FAR,FAR,0.0,1,,,0.03,300
C2_n0.03_d300_r04,C2,202646,16.86,16.56,0.3000000000000007,0.6,0.6331880777084573,0.6039882249429075,FAR,FAR,0.0,1,,,0.03,300
C2_n0.03_d300_r04,C2,202646,16.88,16.58,0.3000000000000007,0.6,0.5676989151783001,0.5949158975017557,FAR,FAR,0.0,1,,,0.03,300
C2_n0.03_d300_r04,C2,202646,16.9,16.6,0.29999999999999716,0.6,0.6430509718897042,0.6069496660987428,FAR,FAR,0.0,1,,,0.03,300
C2_n0.03_d300_r04,C2,202646,16.92,16.62,0.3000000000000007,0.6,0.5972420582917791,0.6045227641470019,FAR,FAR,0.0,1,,,0.03,300
C2_n0.03_d300_r04,C2,202646,16.94,16.64,0.3000000000000007,0.6,0.6011873106061256,0.6036889007617828,FAR,FAR,0.0,1,,,0.03,300
C2_n0.03_d300_r04,C2,202646,16.96,16.66,0.3000000000000007,0.6,0.6422939314296053,0.6133401584287385,FAR,FAR,0.0,1,,,0.03,300
C2_n0.03_d300_r04,C2,202646,16.98,16.68,0.3000000000000007,0.6,0.5551605116713838,0.5987952467393998,FAR,FAR,0.0,1,,,0.03,300
C2_n0.03_d300_r04,C2,202646,17.0,16.7,0.3000000000000007,0.6,0.5921351826860178,0.5971302307260543,FAR,FAR,0.0,1,,,0.03,300
C2_n0.03_d300_r04,C2,202646,17.02,16.72,0.3000000000000007,0.6,0.5800680090457041,0.5928646753059668,FAR,FAR,0.0,1,,,0.03,300
C2_n0.03_d300_r04,C2,202646,17.04,16.74,0.3000000000000007,0.6,0.6159609629333812,0.5986387472128204,FAR,FAR,0.0,1,,,0.03,300
C2_n0.03_d300_r04,C2,202646,17.06,16.76,0.29999999999999716,0.6,0.6114613404098146,0.6018443955120689,FAR,FAR,0.0,1,,,0.03,300
C2_n0.03_d300_r04,C2,202646,17.08,16.78,0.29999999999999716,0.6,0.6386158543988127,0.6110372602337548,FAR,FAR,0.0,1,,,0.03,300
C2_n0.03_d300_r04,C2,202646,17.1,16.8,0.3000000000000007,0.6,0.591854282136738,0.6062415157095006,FAR,FAR,0.0,1,,,0.03,300
C2_n0.03_d300_r04,C2,202646,17.12,16.82,0.3000000000000007,0.6,0.6297594090587008,0.6121209890468006,FAR,FAR,0.0,1,,,0.03,300
C2_n0.03_d300_r04,C2,202646,17.14,16.84,0.3000000000000007,0.6,0.6033070847546017,0.6099175129737509,FAR,FAR,0.0,1,,,0.03,300
C2_n0.03_d300_r04,C2,202646,17.16,16.86,0.3000000000000007,0.6,0.6134765282689385,0.6108072667975477,FAR,FAR,0.0,1,,,0.03,300
C2_n0.03_d300_r04,C2,202646,17.18,16.88,0.3000000000000007,0.6,0.5697008766677536,0.6005306692650991,FAR,FAR,0.0,1,,,0.03,300
C2_n0.03_d300_r04,C2,202646,17.2,16.9,0.3000000000000007,0.6,0.5872311294696053,0.5972057843162257,FAR,FAR,0.0,1,,,0.03,300
C2_n0.03_d300_r04,C2,202646,17.22,16.92,0.29999999999999716,0.6,0.6285804268073887,0.6050494449390165,FAR,FAR,0.0,1,,,0.03,300
C2_n0.03_d300_r04,C2,202646,17.24,16.94,0.29999999999999716,0.6,0.6484630061365395,0.6159028352383973,FAR,FAR,0.0,1,,,0.03,300
C2_n0.03_d300_r04,C2,202646,17.26,16.96,0.3000000000000007,0.6,0.6459749482827694,0.6234208634994903,FAR,FAR,0.0,1,,,0.03,300
C2_n0.03_d300_r04,C2,202646,17.28,16.98,0.3000000000000007,0.6,0.6033578835960556,0.6184051185236317,FAR,FAR,0.0,1,,,0.03,300
C2_n0.03_d300_r04,C2,202646,17.3,17.0,0.3000000000000007,0.6,0.5455333654841734,0.600187180263767,FAR,FAR,0.0,1,,,0.03,300
C2_n0.03_d300_r04,C2,202646,17.32,17.02,0.3000000000000007,0.6,0.6594273293083635,0.6149972175249161,FAR,FAR,0.0,1,,,0.03,300
C2_n0.03_d300_r04,C2,202646,17.34,17.04,0.3000000000000007,0.6,0.6356478054994272,0.6201598645185439,FAR,FAR,0.0,1,,,0.03,300
C2_n0.03_d300_r04,C2,202646,17.36,17.06,0.3000000000000007,0.6,0.6206440569503346,0.6202809126264915,FAR,FAR,0.0,1,,,0.03,300
C2_n0.03_d300_r04,C2,202646,17.38,17.08,0.3000000000000007,0.6,0.6162851679772461,0.6192819764641802,FAR,FAR,0.0,1,,,0.03,300
C2_n0.03_d300_r04,C2,202646,17.4,17.1,0.29999999999999716,0.6,0.5887943228146296,0.6116600630517925,FAR,FAR,0.0,1,,,0.03,300
C2_n0.03_d300_r04,C2,202646,17.42,17.12,0.3000000000000007,0.6,0.6069637026816341,0.6104859729592529,FAR,FAR,0.0,1,,,0.03,300
C2_n0.03_d300_r04,C2,202646,17.44,17.14,0.3000000000000007,0.6,0.5941722633730318,0.6064075455626976,FAR,FAR,0.0,1,,,0.03,300
C2_n0.03_d300_r04,C2,202646,17.46,17.16,0.3000000000000007,0.6,0.5921349696693922,0.6028394015893712,FAR,FAR,0.0,1,,,0.03,300
C2_n0.03_d300_r04,C2,202646,17.48,17.18,0.3000000000000007,0.6,0.585995290589092,0.5986283738393015,FAR,FAR,0.0,1,,,0.03,300
C2_n0.03_d300_r04,C2,202646,17.5,17.2,0.3000000000000007,0.6,0.622706360040077,0.6046478703894953,FAR,FAR,0.0,1,,,0.03,300
C2_n0.03_d300_r04,C2,202646,17.52,17.22,0.3000000000000007,0.6,0.5875096164836544,0.6003633069130351,FAR,FAR,0.0,1,,,0.03,300
C2_n0.03_d300_r04,C2,202646,17.54,17.24,0.3000000000000007,0.6,0.640028697265237,0.6102796545010856,FAR,FAR,0.0,1,,,0.03,300
C2_n0.03_d300_r04,C2,202646,17.56,17.26,0.29999999999999716,0.6,0.5829810567250737,0.6034550050570826,FAR,FAR,0.0,1,,,0.03,300
C2_n0.03_d300_r04,C2,202646,17.58,17.28,0.29999999999999716,0.6,0.6166968173863572,0.6067654581394013,FAR,FAR,0.0,1,,,0.03,300
C2_n0.03_d300_r04,C2,202646,17.6,17.3,0.3000000000000007,0.6,0.6208256897762727,0.6102805160486191,FAR,FAR,0.0,1,,,0.03,300
C2_n0.03_d300_r04,C2,202646,17.62,17.32,0.3000000000000007,0.6,0.5672809952212735,0.5995306358417827,FAR,FAR,0.0,1,,,0.03,300
C2_n0.03_d300_r04,C2,202646,17.64,17.34,0.3000000000000007,0.6,0.6335461591110836,0.6080345166591079,FAR,FAR,0.0,1,,,0.03,300
C2_n0.03_d300_r04,C2,202646,17.66,17.36,0.3000000000000007,0.6,0.5766141636748242,0.600179428413037,FAR,FAR,0.0,1,,,0.03,300
C2_n0.03_d300_r04,C2,202646,17.68,17.38,0.3000000000000007,0.6,0.6113667389607677,0.6029762560499696,FAR,FAR,0.0,1,,,0.03,300
C2_n0.03_d300_r04,C2,202646,17.7,17.4,0.3000000000000007,0.6,0.5873781575413012,0.5990767314228025,FAR,FAR,0.0,1,,,0.03,300
C2_n0.03_d300_r04,C2,202646,17.72,17.42,0.29999999999999716,0.6,0.5814753311159279,0.5946763813460838,FAR,FAR,0.0,1,,,0.03,300
C2_n0.03_d300_r04,C2,202646,17.74,17.44,0.29999999999999716,0.6,0.6008890533424821,0.5962295493451834,FAR,FAR,0.0,1,,,0.03,300
C2_n0.03_d300_r04,C2,202646,17.76,17.46,0.3000000000000007,0.6,0.5908766439193995,0.5948913229887374,FAR,FAR,0.0,1,,,0.03,300
C2_n0.03_d300_r04,C2,202646,17.78,17.48,0.3000000000000007,0.6,0.5958700298816532,0.5951359997119663,FAR,FAR,0.0,1,,,0.03,300
C2_n0.03_d300_r04,C2,202646,17.8,17.5,0.3000000000000007,0.6,0.552513532874568,0.5844803830026167,FAR,FAR,0.0,1,,,0.03,300
C2_n0.03_d300_r04,C2,202646,17.82,17.52,0.3000000000000007,0.6,0.6391938968581993,0.5981587614665124,FAR,FAR,0.0,1,,,0.03,300
C2_n0.03_d300_r04,C2,202646,17.84,17.54,0.3000000000000007,0.6,0.5710827452354742,0.5913897574087529,FAR,FAR,0.0,1,,,0.03,300
C2_n0.03_d300_r04,C2,202646,17.86,17.56,0.3000000000000007,0.6,0.539820141872515,0.5784973535246933,FAR,FAR,0.0,1,,,0.03,300
C2_n0.03_d300_r04,C2,202646,17.88,17.58,0.3000000000000007,0.6,0.5959265019682227,0.5828546406355757,FAR,FAR,0.0,1,,,0.03,300
C2_n0.03_d300_r04,C2,202646,17.9,17.6,0.29999999999999716,0.6,0.5802683637008836,0.5822080714019027,FAR,FAR,0.0,1,,,0.03,300
C2_n0.03_d300_r04,C2,202646,17.92,17.62,0.3000000000000007,0.6,0.5586741634913588,0.5763245944242668,FAR,FAR,0.0,1,,,0.03,300
C2_n0.03_d300_r04,C2,202646,17.94,17.64,0.3000000000000007,0.6,0.648671274371747,0.5944112644111368,FAR,FAR,0.0,1,,,0.03,300
C2_n0.03_d300_r04,C2,202646,17.96,17.66,0.3000000000000007,0.6,0.6161390324762616,0.599843206427418,FAR,FAR,0.0,1,,,0.03,300
C2_n0.03_d300_r04,C2,202646,17.98,17.68,0.3000000000000007,0.6,0.6138952058082966,0.6033562062726376,FAR,FAR,0.0,1,,,0.03,300
C2_n0.03_d300_r04,C2,202646,18.0,17.7,0.3000000000000007,0.6,0.6440584248313643,0.6135317609123193,FAR,FAR,0.0,1,,,0.03,300
C2_n0.03_d300_r04,C2,202646,18.02,17.72,0.3000000000000007,0.6,0.5888921408730369,0.6073718559024986,FAR,FAR,0.0,1,,,0.03,300
C2_n0.03_d300_r04,C2,202646,18.04,17.74,0.3000000000000007,0.6,0.6099071852405774,0.6080056882370183,FAR,FAR,0.0,1,,,0.03,300
C2_n0.03_d300_r04,C2,202646,18.06,17.76,0.29999999999999716,0.6,0.5454120177334646,0.5923572706111299,FAR,FAR,0.0,1,,,0.03,300
C2_n0.03_d300_r04,C2,202646,18.08,17.78,0.29999999999999716,0.6,0.6384237550151175,0.6038738917121268,FAR,FAR,0.0,1,,,0.03,300
C2_n0.03_d300_r04,C2,202646,18.1,17.8,0.3000000000000007,0.6,0.6467445471046412,0.6145915555602554,FAR,FAR,0.0,1,,,0.03,300
C2_n0.03_d300_r04,C2,202646,18.12,17.82,0.3000000000000007,0.6,0.6191594224986141,0.615733522294845,FAR,FAR,0.0,1,,,0.03,300
C2_n0.03_d300_r04,C2,202646,18.14,17.84,0.3000000000000007,0.6,0.5883569375443033,0.6088893761072096,FAR,FAR,0.0,1,,,0.03,300
C2_n0.03_d300_r04,C2,202646,18.16,17.86,0.3000000000000007,0.6,0.5913060991705282,0.6044935568730393,FAR,FAR,0.0,1,,,0.03,300
C2_n0.03_d300_r04,C2,202646,18.18,17.88,0.3000000000000007,0.6,0.614101132954386,0.6068954508933759,FAR,FAR,0.0,1,,,0.03,300
C2_n0.03_d300_r04,C2,202646,18.2,17.9,0.3000000000000007,0.6,0.6115177474463565,0.6080510250316211,FAR,FAR,0.0,1,,,0.03,300
C2_n0.03_d300_r04,C2,202646,18.22,17.92,0.29999999999999716,0.6,0.6083087014918565,0.60811544414668,FAR,FAR,0.0,1,,,0.03,300
C2_n0.03_d300_r04,C2,202646,18.24,17.94,0.29999999999999716,0.6,0.6394749565699486,0.615955322252497,FAR,FAR,0.0,1,,,0.03,300
C2_n0.03_d300_r04,C2,202646,18.26,17.96,0.3000000000000007,0.6,0.6405636847547763,0.6221074128780668,FAR,FAR,0.0,1,,,0.03,300
C2_n0.03_d300_r04,C2,202646,18.28,17.98,0.3000000000000007,0.6,0.5937936484577928,0.6150289717729983,FAR,FAR,0.0,1,,,0.03,300
C2_n0.03_d300_r04,C2,202646,18.3,18.0,0.3000000000000007,0.6,0.5710701561929439,0.6040392678779847,FAR,FAR,0.0,1,,,0.03,300
C2_n0.03_d300_r04,C2,202646,18.32,18.02,0.3000000000000007,0.6,0.6647390621048368,0.6192142164346977,FAR,FAR,0.0,1,,,0.03,300
C2_n0.03_d300_r04,C2,202646,18.34,18.04,0.3000000000000007,0.6,0.5857490348985145,0.6108479210506519,FAR,FAR,0.0,1,,,0.03,300
C2_n0.03_d300_r04,C2,202646,18.36,18.06,0.3000000000000007,0.6,0.6258339971092204,0.6145944400652941,FAR,FAR,0.0,1,,,0.03,300
C2_n0.03_d300_r04,C2,202646,18.38,18.08,0.3000000000000007,0.6,0.6205791774718975,0.616090624416945,FAR,FAR,0.0,1,,,0.03,300
C2_n0.03_d300_r04,C2,202646,18.4,18.1,0.29999999999999716,0.6,0.6259659365370251,0.618559452446965,FAR,FAR,0.0,1,,,0.03,300
C2_n0.03_d300_r04,C2,202646,18.42,18.12,0.3000000000000007,0.6,0.5652980120435077,0.6052440923461007,FAR,FAR,0.0,1,,,0.03,300
C2_n0.03_d300_r04,C2,202646,18.44,18.14,0.3000000000000007,0.6,0.5885935360106063,0.6010814532622271,FAR,FAR,0.0,1,,,0.03,300
C2_n0.03_d300_r04,C2,202646,18.46,18.16,0.3000000000000007,0.6,0.6183117636802071,0.605389030866722,FAR,FAR,0.0,1,,,0.03,300
C2_n0.03_d300_r04,C2,202646,18.48,18.18,0.3000000000000007,0.6,0.5900412313482705,0.6015520809871091,FAR,FAR,0.0,1,,,0.03,300
C2_n0.03_d300_r04,C2,202646,18.5,18.2,0.3000000000000007,0.6,0.592767962530584,0.5993560513729779,FAR,FAR,0.0,1,,,0.03,300
C2_n0.03_d300_r04,C2,202646,18.52,18.22,0.3000000000000007,0.6,0.6088644623940124,0.6017331541282365,FAR,FAR,0.0,1,,,0.03,300
C2_n0.03_d300_r04,C2,202646,18.54,18.24,0.3000000000000007,0.6,0.5560523097277242,0.5903129430281084,FAR,FAR,0.0,1,,,0.03,300
C2_n0.03_d300_r04,C2,202646,18.56,18.26,0.29999999999999716,0.6,0.6207440106502078,0.5979207099336332,FAR,FAR,0.0,1,,,0.03,300
C2_n0.03_d300_r04,C2,202646,18.58,18.28,0.29999999999999716,0.6,0.6040450495445548,0.5994517948363636,FAR,FAR,0.0,1,,,0.03,300
C2_n0.03_d300_r04,C2,202646,18.6,18.3,0.3000000000000007,0.6,0.615526527666862,0.6034704780439881,FAR,FAR,0.0,1,,,0.03,300
C2_n0.03_d300_r04,C2,202646,18.62,18.32,0.3000000000000007,0.6,0.5785865265809842,0.5972494901782371,FAR,FAR,0.0,1,,,0.03,300
C2_n0.03_d300_r04,C2,202646,18.64,18.34,0.3000000000000007,0.6,0.6304186550353311,0.6055417813925106,FAR,FAR,0.0,1,,,0.03,300
C2_n0.03_d300_r04,C2,202646,18.66,18.36,0.3000000000000007,0.6,0.597783874315034,0.6036023046231415,FAR,FAR,0.0,1,,,0.03,300
C2_n0.03_d300_r04,C2,202646,18.68,18.38,0.3000000000000007,0.6,0.5875378853988672,0.599586199817073,FAR,FAR,0.0,1,,,0.03,300
C2_n0.03_d300_r04,C2,202646,18.7,18.4,0.3000000000000007,0.6,0.611065382580066,0.6024559955078213,FAR,FAR,0.0,1,,,0.03,300
C2_n0.03_d300_r04,C2,202646,18.72,18.42,0.29999999999999716,0.6,0.6023950258086743,0.6024407530830345,FAR,FAR,0.0,1,,,0.03,300
C2_n0.03_d300_r04,C2,202646,18.74,18.44,0.29999999999999716,0.6,0.5797473606287861,0.5967674049694723,FAR,FAR,0.0,1,,,0.03,300
C2_n0.03_d300_r04,C2,202646,18.76,18.46,0.3000000000000007,0.6,0.6052227088746025,0.5988812309457548,FAR,FAR,0.0,1,,,0.03,300
C2_n0.03_d300_r04,C2,202646,18.78,18.48,0.3000000000000007,0.6,0.6071216407412657,0.6009413333946325,FAR,FAR,0.0,1,,,0.03,300
C2_n0.03_d300_r04,C2,202646,18.8,18.5,0.3000000000000007,0.6,0.6135024259746996,0.6040816065396493,FAR,FAR,0.0,1,,,0.03,300
C2_n0.03_d300_r04,C2,202646,18.82,18.52,0.3000000000000007,0.6,0.6152527456017021,0.6068743913051624,FAR,FAR,0.0,1,,,0.03,300
C2_n0.03_d300_r04,C2,202646,18.84,18.54,0.3000000000000007,0.6,0.5877053237181356,0.6020821244084057,FAR,FAR,0.0,1,,,0.03,300
C2_n0.03_d300_r04,C2,202646,18.86,18.56,0.3000000000000007,0.6,0.5414803748463364,0.5869316870178884,FAR,FAR,0.0,1,,,0.03,300
C2_n0.03_d300_r04,C2,202646,18.88,18.58,0.3000000000000007,0.6,0.5905392656660229,0.5878335816799221,FAR,FAR,0.0,1,,,0.03,300
C2_n0.03_d300_r04,C2,202646,18.9,18.6,0.29999999999999716,0.6,0.6082112864596175,0.5929280078748459,FAR,FAR,0.0,1,,,0.03,300
C2_n0.03_d300_r04,C2,202646,18.92,18.62,0.3000000000000007,0.6,0.6260443916454105,0.6012071038174871,FAR,FAR,0.0,1,,,0.03,300
C2_n0.03_d300_r04,C2,202646,18.94,18.64,0.3000000000000007,0.6,0.573798390377623,0.5943549254575211,FAR,FAR,0.0,1,,,0.03,300
C2_n0.03_d300_r04,C2,202646,18.96,18.66,0.3000000000000007,0.6,0.5706377540591424,0.5884256326079265,FAR,FAR,0.0,1,,,0.03,300
C2_n0.03_d300_r04,C2,202646,18.98,18.68,0.3000000000000007,0.6,0.6302689956013984,0.5988864733562944,FAR,FAR,0.0,1,,,0.03,300
C2_n0.03_d300_r04,C2,202646,19.0,18.7,0.3000000000000007,0.6,0.6101752849319625,0.6017086762502114,FAR,FAR,0.0,1,,,0.03,300
C2_n0.03_d300_r04,C2,202646,19.02,18.72,0.3000000000000007,0.6,0.5538748812557095,0.589750227501586,FAR,FAR,0.0,1,,,0.03,300
C2_n0.03_d300_r04,C2,202646,19.04,18.74,0.3000000000000007,0.6,0.5887034585954312,0.5894885352750473,FAR,FAR,0.0,1,,,0.03,300
C2_n0.03_d300_r04,C2,202646,19.06,18.76,0.29999999999999716,0.6,0.6247201001279875,0.5982964264882824,FAR,FAR,0.0,1,,,0.03,300
C2_n0.03_d300_r04,C2,202646,19.08,18.78,0.29999999999999716,0.6,0.6212365668845405,0.604031461587347,FAR,FAR,0.0,1,,,0.03,300
C2_n0.03_d300_r04,C2,202646,19.1,18.8,0.3000000000000007,0.6,0.6474792091482593,0.6148933984775751,FAR,FAR,0.0,1,,,0.03,300
C2_n0.03_d300_r04,C2,202646,19.12,18.82,0.3000000000000007,0.6,0.5676159071978664,0.6030740256576479,FAR,FAR,0.0,1,,,0.03,300
C2_n0.03_d300_r04,C2,202646,19.14,18.84,0.3000000000000007,0.6,0.5280907604082676,0.5843282093453028,FAR,FAR,0.0,1,,,0.03,300
C2_n0.03_d300_r04,C2,202646,19.16,18.86,0.3000000000000007,0.6,0.653318959435597,0.6015758968678764,FAR,FAR,0.0,1,,,0.03,300
C2_n0.03_d300_r04,C2,202646,19.18,18.88,0.3000000000000007,0.6,0.5898695185116744,0.5986493022788258,FAR,FAR,0.0,1,,,0.03,300
C2_n0.03_d300_r04,C2,202646,19.2,18.9,0.3000000000000007,0.6,0.6447978378295284,0.6101864361665015,FAR,FAR,0.0,1,,,0.03,300
C2_n0.03_d300_r04,C2,202646,19.22,18.92,0.29999999999999716,0.6,0.6303659482614908,0.6152313141902488,FAR,FAR,0.0,1,,,0.03,300
C2_n0.03_d300_r04,C2,202646,19.24,18.94,0.29999999999999716,0.6,0.6121729625297111,0.6144667262751143,FAR,FAR,0.0,1,,,0.03,300
C2_n0.03_d300_r04,C2,202646,19.26,18.96,0.3000000000000007,0.6,0.5511933274677254,0.5986483765732671,FAR,FAR,0.0,1,,,0.03,300
C2_n0.03_d300_r04,C2,202646,19.28,18.98,0.3000000000000007,0.6,0.580190737746511,0.5940339668665781,FAR,FAR,0.0,1,,,0.03,300
C2_n0.03_d300_r04,C2,202646,19.3,19.0,0.3000000000000007,0.6,0.5868795334301651,0.5922453585074748,FAR,FAR,0.0,1,,,0.03,300
C2_n0.03_d300_r04,C2,202646,19.32,19.02,0.3000000000000007,0.6,0.5594202239386005,0.5840390748652562,FAR,FAR,0.0,1,,,0.03,300
C2_n0.03_d300_r04,C2,202646,19.34,19.04,0.3000000000000007,0.6,0.5562046584336648,0.5770804707573584,FAR,FAR,0.0,1,,,0.03,300
C2_n0.03_d300_r04,C2,202646,19.36,19.06,0.3000000000000007,0.6,0.617921222313151,0.5872906586463065,FAR,FAR,0.0,1,,,0.03,300
C2_n0.03_d300_r04,C2,202646,19.38,19.08,0.3000000000000007,0.6,0.6412008647365908,0.6007682101688776,FAR,FAR,0.0,1,,,0.03,300
C2_n0.03_d300_r04,C2,202646,19.4,19.1,0.29999999999999716,0.6,0.6122351197543346,0.6036349375652419,FAR,FAR,0.0,1,,,0.03,300
C2_n0.03_d300_r04,C2,202646,19.42,19.12,0.3000000000000007,0.6,0.6089254359231252,0.6049575621547127,FAR,FAR,0.0,1,,,0.03,300
C2_n0.03_d300_r04,C2,202646,19.44,19.14,0.3000000000000007,0.6,0.5879413429667282,0.6007035073577166,FAR,FAR,0.0,1,,,0.03,300
C2_n0.03_d300_r04,C2,202646,19.46,19.16,0.3000000000000007,0.6,0.5980255952709869,0.6000340293360342,FAR,FAR,0.0,1,,,0.03,300
C2_n0.03_d300_r04,C2,202646,19.48,19.18,0.3000000000000007,0.6,0.604741723635498,0.6012109529109002,FAR,FAR,0.0,1,,,0.03,300
C2_n0.03_d300_r04,C2,202646,19.5,19.2,0.3000000000000007,0.6,0.6160629000290861,0.6049239396904467,FAR,FAR,0.0,1,,,0.03,300
C2_n0.03_d300_r04,C2,202646,19.52,19.22,0.3000000000000007,0.6,0.5898673215995062,0.6011597851677115,FAR,FAR,0.0,1,,,0.03,300
C2_n0.03_d300_r04,C2,202646,19.54,19.24,0.3000000000000007,0.6,0.5907601350799018,0.598559872645759,FAR,FAR,0.0,1,,,0.03,300
C2_n0.03_d300_r04,C2,202646,19.56,19.26,0.29999999999999716,0.6,0.5760534680050077,0.5929332714855712,FAR,FAR,0.0,1,,,0.03,300
C2_n0.03_d300_r04,C2,202646,19.58,19.28,0.29999999999999716,0.6,0.5903645736875365,0.5922910970360624,FAR,FAR,0.0,1,,,0.03,300
C2_n0.03_d300_r04,C2,202646,19.6,19.3,0.3000000000000007,0.6,0.6303573498478707,0.6018076602390146,FAR,FAR,0.0,1,,,0.03,300
C2_n0.03_d300_r04,C2,202646,19.62,19.32,0.3000000000000007,0.6,0.6141298239874161,0.604888201176115,FAR,FAR,0.0,1,,,0.03,300
C2_n0.03_d300_r04,C2,202646,19.64,19.34,0.3000000000000007,0.6,0.6174497264168534,0.6080285824862995,FAR,FAR,0.0,1,,,0.03,300
C2_n0.03_d300_r04,C2,202646,19.66,19.36,0.3000000000000007,0.6,0.6325459008955825,0.6141579120886203,FAR,FAR,0.0,1,,,0.03,300
C2_n0.03_d300_r04,C2,202646,19.68,19.38,0.3000000000000007,0.6,0.6166327108599365,0.6147766117814493,FAR,FAR,0.0,1,,,0.03,300
C2_n0.03_d300_r04,C2,202646,19.7,19.4,0.3000000000000007,0.6,0.6132197152811213,0.6143873876563672,FAR,FAR,0.0,1,,,0.03,300
C2_n0.03_d300_r04,C2,202646,19.72,19.42,0.29999999999999716,0.6,0.636535928171811,0.6199245227852281,FAR,FAR,0.0,1,,,0.03,300
C2_n0.03_d300_r04,C2,202646,19.74,19.44,0.29999999999999716,0.6,0.6185684665951702,0.6195855087377137,FAR,FAR,0.0,1,,,0.03,300
C2_n0.03_d300_r04,C2,202646,19.76,19.46,0.3000000000000007,0.6,0.5743063463124551,0.6082657181313991,FAR,FAR,0.0,1,,,0.03,300
C2_n0.03_d300_r04,C2,202646,19.78,19.48,0.3000000000000007,0.6,0.5979501578353066,0.605686828057376,FAR,FAR,0.0,1,,,0.03,300
C2_n0.03_d300_r04,C2,202646,19.8,19.5,0.3000000000000007,0.6,0.5676841045754353,0.5961861471868908,FAR,FAR,0.0,1,,,0.03,300
C2_n0.03_d300_r04,C2,202646,19.82,19.52,0.3000000000000007,0.6,0.6138959652686422,0.6006136017073287,FAR,FAR,0.0,1,,,0.03,300
C2_n0.03_d300_r04,C2,202646,19.84,19.54,0.3000000000000007,0.6,0.5730617020495763,0.5937256267928905,FAR,FAR,0.0,1,,,0.03,300
C2_n0.03_d300_r04,C2,202646,19.86,19.56,0.3000000000000007,0.6,0.5945043405031633,0.5939203052204587,FAR,FAR,0.0,1,,,0.03,300
C2_n0.03_d300_r04,C2,202646,19.88,19.58,0.3000000000000007,0.6,0.6467197895463602,0.607120176301934,FAR,FAR,0.0,1,,,0.03,300
C2_n0.03_d300_r04,C2,202646,19.9,19.6,0.29999999999999716,0.6,0.6250831032508318,0.6116109080391585,FAR,FAR,0.0,1,,,0.03,300
C2_n0.03_d300_r04,C2,202646,19.92,19.62,0.3000000000000007,0.6,0.5880331024309668,0.6057164566371106,FAR,FAR,0.0,1,,,0.03,300
C2_n0.03_d300_r04,C2,202646,19.94,19.64,0.3000000000000007,0.6,0.5822331883998816,0.5998456395778033,FAR,FAR,0.0,1,,,0.03,300
C2_n0.03_d300_r04,C2,202646,19.96,19.66,0.3000000000000007,0.6,0.5911538732721439,0.5976726980013884,FAR,FAR,0.0,1,,,0.03,300
C2_n0.03_d300_r04,C2,202646,19.98,19.68,0.3000000000000007,0.6,0.6731777962406692,0.6165489725612087,FAR,FAR,0.0,1,,,0.03,300
C2_n0.03_d300_r04,C2,202646,20.0,19.7,0.3000000000000007,0.6,0.6009379400159074,0.6126462144248833,FAR,FAR,0.0,1,,,0.03,300
