trial_id,condition,seed,time_s,sensor_time_s,sample_age_s,true_distance_m,raw_distance_m,filtered_distance_m,expected_state,state,command,valid,event_label,invalid_reason,noise_sigma_m,delay_ms
C2_n0.01_d100_r04,C2,202626,0.0,0.0,nan,0.6,,,FAR,FAR,0.0,0,INVALID,MISSING_OR_DELAY_BUFFER,0.01,100
C2_n0.01_d100_r04,C2,202626,0.02,0.02,nan,0.6,,,FAR,FAR,0.0,0,INVALID,MISSING_OR_DELAY_BUFFER,0.01,100
C2_n0.01_d100_r04,C2,202626,0.04,0.04,nan,0.6,,,FAR,FAR,0.0,0,INVALID,MISSING_OR_DELAY_BUFFER,0.01,100
C2_n0.01_d100_r04,C2,202626,0.06,0.06,nan,0.6,,,FAR,FAR,0.0,0,INVALID,MISSING_OR_DELAY_BUFFER,0.01,100
C2_n0.01_d100_r04,C2,202626,0.08,0.08,nan,0.6,,,FAR,FAR,0.0,0,INVALID,MISSING_OR_DELAY_BUFFER,0.01,100
C2_n0.01_d100_r04,C2,202626,0.1,0.0,0.1,0.6,0.5916616155781915,0.5916616155781915,FAR,FAR,0.0,1,,,0.01,100
C2_n0.01_d100_r04,C2,202626,0.12,0.02,0.09999999999999999,0.6,0.5903102721956885,0.5913237797325658,FAR,FAR,0.0,1,,,0.01,100
C2_n0.01_d100_r04,C2,202626,0.14,0.04,0.1,0.6,0.5972355751093977,0.5928017285767738,FAR,FAR,0.0,1,,,0.01,100
C2_n0.01_d100_r04,C2,202626,0.16,0.06,0.1,0.6,0.6068492403355613,0.5963136065164707,FAR,FAR,0.0,1,,,0.01,100
C2_n0.01_d100_r04,C2,202626,0.18,0.08,0.09999999999999999,0.6,0.590554083956593,0.5948737258765013,FAR,FAR,0.0,1,,,0.01,100
C2_n0.01_d100_r04,C2,202626,0.2,0.1,0.1,0.6,0.6025831867282643,0.5968010910894421,FAR,FAR,0.0,1,,,0.01,100
C2_n0.01_d100_r04,C2,202626,0.22,0.12,0.1,0.6,0.5905122558437843,0.5952288822780276,FAR,FAR,0.0,1,,,0.01,100
C2_n0.01_d100_r04,C2,202626,0.24,0.14,0.09999999999999998,0.6,0.5913950096541418,0.5942704141220562,FAR,FAR,0.0,1,,,0.01,100
C2_n0.01_d100_r04,C2,202626,0.26,0.16,0.1,0.6,0.5960212124927072,0.594708113714719,FAR,FAR,0.0,1,,,0.01,100
C2_n0.01_d100_r04,C2,202626,0.28,0.18,0.10000000000000003,0.6,0.6029077438130547,0.5967580212393029,FAR,FAR,0.0,1,,,0.01,100
C2_n0.01_d100_r04,C2,202626,0.3,0.2,0.09999999999999998,0.6,0.5939959038455672,0.5960674918908689,FAR,FAR,0.0,1,,,0.01,100
C2_n0.01_d100_r04,C2,202626,0.32,0.22,0.1,0.6,0.6058039650377416,0.5985016101775871,FAR,FAR,0.0,1,,,0.01,100
C2_n0.01_d100_r04,C2,202626,0.34,0.24,0.10000000000000003,0.6,0.594561936476612,0.5975166917523433,FAR,FAR,0.0,1,,,0.01,100
C2_n0.01_d100_r04,C2,202626,0.36,0.26,0.09999999999999998,0.6,0.5996195661760647,0.5980424103582737,FAR,FAR,0.0,1,,,0.01,100
C2_n0.01_d100_r04,C2,202626,0.38,0.28,0.09999999999999998,0.6,0.6002920886438704,0.5986048299296729,FAR,FAR,0.0,1,,,0.01,100
C2_n0.01_d100_r04,C2,202626,0.4,0.3,0.10000000000000003,0.6,0.5925184479291149,0.5970832344295334,FAR,FAR,0.0,1,,,0.01,100
C2_n0.01_d100_r04,C2,202626,0.42,0.32,0.09999999999999998,0.6,0.5987830230017744,0.5975081815725937,FAR,FAR,0.0,1,,,0.01,100
C2_n0.01_d100_r04,C2,202626,0.44,0.34,0.09999999999999998,0.6,0.5828369964379377,0.5938403852889297,FAR,FAR,0.0,1,,,0.01,100
C2_n0.01_d100_r04,C2,202626,0.46,0.36,0.10000000000000003,0.6,0.5883290387638376,0.5924625486576567,FAR,FAR,0.0,1,,,0.01,100
C2_n0.01_d100_r04,C2,202626,0.48,0.38,0.09999999999999998,0.6,0.6025320577321055,0.5949799259262689,FAR,FAR,0.0,1,,,0.01,100
C2_n0.01_d100_r04,C2,202626,0.5,0.4,0.09999999999999998,0.6,0.5976936307371064,0.5956583521289782,FAR,FAR,0.0,1,,,0.01,100
C2_n0.01_d100_r04,C2,202626,0.52,0.42,0.10000000000000003,0.6,0.595615792172596,0.5956477121398827,FAR,FAR,0.0,1,,,0.01,100
C2_n0.01_d100_r04,C2,202626,0.54,0.44,0.10000000000000003,0.6,0.5878612247987672,0.5937010903046038,FAR,FAR,0.0,1,,,0.01,100
C2_n0.01_d100_r04,C2,202626,0.56,0.46,0.10000000000000003,0.6,0.6099304684483684,0.5977584348405449,FAR,FAR,0.0,1,,,0.01,100
C2_n0.01_d100_r04,C2,202626,0.58,0.48,0.09999999999999998,0.6,0.6040825722135917,0.5993394691838067,FAR,FAR,0.0,1,,,0.01,100
C2_n0.01_d100_r04,C2,202626,0.6,0.5,0.09999999999999998,0.6,0.6096109095402183,0.6019073292729096,FAR,FAR,0.0,1,,,0.01,100
C2_n0.01_d100_r04,C2,202626,0.62,0.52,0.09999999999999998,0.6,0.5898086585317991,0.5988826615876319,FAR,FAR,0.0,1,,,0.01,100
C2_n0.01_d100_r04,C2,202626,0.64,0.54,0.09999999999999998,0.6,0.6074852405117949,0.6010333063186727,FAR,FAR,0.0,1,,,0.01,100
C2_n0.01_d100_r04,C2,202626,0.66,0.56,0.09999999999999998,0.6,0.6017505187407924,0.6012126094242026,FAR,FAR,0.0,1,,,0.01,100
C2_n0.01_d100_r04,C2,202626,0.68,0.58,0.10000000000000009,0.6,0.5937952269387521,0.5993582638028401,FAR,FAR,0.0,1,,,0.01,100
C2_n0.01_d100_r04,C2,202626,0.7,0.6,0.09999999999999998,0.6,0.6179981587253988,0.6040182375334797,FAR,FAR,0.0,1,,,0.01,100
C2_n0.01_d100_r04,C2,202626,0.72,0.62,0.09999999999999998,0.6,0.6069362419916658,0.6047477386480262,FAR,FAR,0.0,1,,,0.01,100
C2_n0.01_d100_r04,C2,202626,0.74,0.64,0.09999999999999998,0.6,0.6139159772941495,0.607039798309557,FAR,FAR,0.0,1,,,0.01,100
C2_n0.01_d100_r04,C2,202626,0.76,0.66,0.09999999999999998,0.6,0.6094816243821419,0.6076502548277032,FAR,FAR,0.0,1,,,0.01,100
C2_n0.01_d100_r04,C2,202626,0.78,0.68,0.09999999999999998,0.6,0.5848459350340379,0.6019491748792869,FAR,FAR,0.0,1,,,0.01,100
C2_n0.01_d100_r04,C2,202626,0.8,0.7,0.10000000000000009,0.6,0.6104671736978852,0.6040786745839365,FAR,FAR,0.0,1,,,0.01,100
C2_n0.01_d100_r04,C2,202626,0.82,0.72,0.09999999999999998,0.6,0.5995055992286155,0.6029354057451062,FAR,FAR,0.0,1,,,0.01,100
C2_n0.01_d100_r04,C2,202626,0.84,0.74,0.09999999999999998,0.6,0.6014591820295702,0.6025663498162221,FAR,FAR,0.0,1,,,0.01,100
C2_n0.01_d100_r04,C2,202626,0.86,0.76,0.09999999999999998,0.6,0.5981812829067437,0.6014700830888525,FAR,FAR,0.0,1,,,0.01,100
C2_n0.01_d100_r04,C2,202626,0.88,0.78,0.09999999999999998,0.6,0.5962209310102476,0.6001577950692013,FAR,FAR,0.0,1,,,0.01,100
C2_n0.01_d100_r04,C2,202626,0.9,0.8,0.09999999999999998,0.6,0.6085381885246829,0.6022528934330716,FAR,FAR,0.0,1,,,0.01,100
C2_n0.01_d100_r04,C2,202626,0.92,0.82,0.10000000000000009,0.6,0.5860307003959274,0.5981973451737856,FAR,FAR,0.0,1,,,0.01,100
C2_n0.01_d100_r04,C2,202626,0.94,0.84,0.09999999999999998,0.6,0.6022889677169263,0.5992202508095708,FAR,FAR,0.0,1,,,0.01,100
C2_n0.01_d100_r04,C2,202626,0.96,0.86,0.09999999999999998,0.6,0.616250620293989,0.6034778431806753,FAR,FAR,0.0,1,,,0.01,100
C2_n0.01_d100_r04,C2,202626,0.98,0.88,0.09999999999999998,0.6,0.60608709293834,0.6041301556200915,FAR,FAR,0.0,1,,,0.01,100
C2_n0.01_d100_r04,C2,202626,1.0,0.9,0.09999999999999998,0.6,0.5973770473638289,0.6024418785560259,FAR,FAR,0.0,1,,,0.01,100
C2_n0.01_d100_r04,C2,202626,1.02,0.92,0.09999999999999998,0.6,0.5936916640068883,0.6002543249187415,FAR,FAR,0.0,1,,,0.01,100
C2_n0.01_d100_r04,C2,202626,1.04,0.94,0.10000000000000009,0.6,0.5848406975430689,0.5964009180748233,FAR,FAR,0.0,1,,,0.01,100
C2_n0.01_d100_r04,C2,202626,1.06,0.96,0.10000000000000009,0.6,0.60748156132516,0.5991710788874075,FAR,FAR,0.0,1,,,0.01,100
C2_n0.01_d100_r04,C2,202626,1.08,0.98,0.10000000000000009,0.6,0.597434037385423,0.5987368185119114,FAR,FAR,0.0,1,,,0.01,100
C2_n0.01_d100_r04,C2,202626,1.1,1.0,0.10000000000000009,0.6,0.6033598299838927,0.5998925713799068,FAR,FAR,0.0,1,,,0.01,100
C2_n0.01_d100_r04,C2,202626,1.12,1.02,0.10000000000000009,0.6,0.5949761168027661,0.5986634577356216,FAR,FAR,0.0,1,,,0.01,100
C2_n0.01_d100_r04,C2,202626,1.14,1.04,0.09999999999999987,0.6,0.6075897544909687,0.6008950319244584,FAR,FAR,0.0,1,,,0.01,100
C2_n0.01_d100_r04,C2,202626,1.16,1.06,0.09999999999999987,0.6,0.5867364192480105,0.5973553787553464,FAR,FAR,0.0,1,,,0.01,100
C2_n0.01_d100_r04,C2,202626,1.18,1.08,0.09999999999999987,0.6,0.6083199195908685,0.6000965139642269,FAR,FAR,0.0,1,,,0.01,100
C2_n0.01_d100_r04,C2,202626,1.2,1.1,0.09999999999999987,0.6,0.6006039081370427,0.6002233625074309,FAR,FAR,0.0,1,,,0.01,100
C2_n0.01_d100_r04,C2,202626,1.22,1.12,0.09999999999999987,0.6,0.6170242832989158,0.6044235927053021,FAR,FAR,0.0,1,,,0.01,100
C2_n0.01_d100_r04,C2,202626,1.24,1.14,0.10000000000000009,0.6,0.6031026177288515,0.6040933489611895,FAR,FAR,0.0,1,,,0.01,100
C2_n0.01_d100_r04,C2,202626,1.26,1.16,0.10000000000000009,0.6,0.5985062609108859,0.6026965769486136,FAR,FAR,0.0,1,,,0.01,100
C2_n0.01_d100_r04,C2,202626,1.28,1.18,0.10000000000000009,0.6,0.5958542405559427,0.6009859928504458,FAR,FAR,0.0,1,,,0.01,100
C2_n0.01_d100_r04,C2,202626,1.3,1.2,0.10000000000000009,0.6,0.5855462294756667,0.5971260520067511,FAR,FAR,0.0,1,,,0.01,100
C2_n0.01_d100_r04,C2,202626,1.32,1.22,0.10000000000000009,0.6,0.6049620399726843,0.5990850489982343,FAR,FAR,0.0,1,,,0.01,100
C2_n0.01_d100_r04,C2,202626,1.34,1.24,0.10000000000000009,0.6,0.578293177399485,0.593887081098547,FAR,FAR,0.0,1,,,0.01,100
C2_n0.01_d100_r04,C2,202626,1.36,1.26,0.10000000000000009,0.6,0.6078670448138379,0.5973820720273697,FAR,FAR,0.0,1,,,0.01,100
C2_n0.01_d100_r04,C2,202626,1.38,1.28,0.09999999999999987,0.6,0.6073323950044363,0.5998696527716363,FAR,FAR,0.0,1,,,0.01,100
C2_n0.01_d100_r04,C2,202626,1.4,1.3,0.09999999999999987,0.6,0.614753830652974,0.6035906972419707,FAR,FAR,0.0,1,,,0.01,100
C2_n0.01_d100_r04,C2,202626,1.42,1.32,0.09999999999999987,0.6,0.6165303756563744,0.6068256168455716,FAR,FAR,0.0,1,,,0.01,100
C2_n0.01_d100_r04,C2,202626,1.44,1.34,0.09999999999999987,0.6,0.5877843799585005,0.6020653076238038,FAR,FAR,0.0,1,,,0.01,100
C2_n0.01_d100_r04,C2,202626,1.46,1.36,0.09999999999999987,0.6,0.5889714595252525,0.598791845599166,FAR,FAR,0.0,1,,,0.01,100
C2_n0.01_d100_r04,C2,202626,1.48,1.38,0.10000000000000009,0.6,0.6010950010621796,0.5993676344649194,FAR,FAR,0.0,1,,,0.01,100
C2_n0.01_d100_r04,C2,202626,1.5,1.4,0.10000000000000009,0.6,0.6175966369747437,0.6039248850923755,FAR,FAR,0.0,1,,,0.01,100
C2_n0.01_d100_r04,C2,202626,1.52,1.42,0.10000000000000009,0.6,0.5961684787355385,0.6019857835031662,FAR,FAR,0.0,1,,,0.01,100
C2_n0.01_d100_r04,C2,202626,1.54,1.44,0.10000000000000009,0.6,0.6194843804292289,0.6063604327346819,FAR,FAR,0.0,1,,,0.01,100
C2_n0.01_d100_r04,C2,202626,1.56,1.46,0.10000000000000009,0.6,0.5877836631135928,0.6017162403294096,FAR,FAR,0.0,1,,,0.01,100
C2_n0.01_d100_r04,C2,202626,1.58,1.48,0.10000000000000009,0.6,0.601269665837087,0.6016045967063289,FAR,FAR,0.0,1,,,0.01,100
C2_n0.01_d100_r04,C2,202626,1.6,1.5,0.10000000000000009,0.6,0.6091523349938711,0.6034915312782145,FAR,FAR,0.0,1,,,0.01,100
C2_n0.01_d100_r04,C2,202626,1.62,1.52,0.10000000000000009,0.6,0.5985996389237596,0.6022685581896008,FAR,FAR,0.0,1,,,0.01,100
C2_n0.01_d100_r04,C2,202626,1.64,1.54,0.09999999999999987,0.6,0.6012624474626891,0.6020170305078729,FAR,FAR,0.0,1,,,0.01,100
C2_n0.01_d100_r04,C2,202626,1.66,1.56,0.09999999999999987,0.6,0.5851872241691332,0.597809578923188,FAR,FAR,0.0,1,,,0.01,100
C2_n0.01_d100_r04,C2,202626,1.68,1.58,0.09999999999999987,0.6,0.5985903622329622,0.5980047747506316,FAR,FAR,0.0,1,,,0.01,100
C2_n0.01_d100_r04,C2,202626,1.7,1.6,0.09999999999999987,0.6,0.6045117906034351,0.5996315287138325,FAR,FAR,0.0,1,,,0.01,100
C2_n0.01_d100_r04,C2,202626,1.72,1.62,0.09999999999999987,0.6,0.5984791648465825,0.59934343774702,FAR,FAR,0.0,1,,,0.01,100
C2_n0.01_d100_r04,C2,202626,1.74,1.64,0.10000000000000009,0.6,0.6096229096186964,0.6019133057149391,FAR,FAR,0.0,1,,,0.01,100
C2_n0.01_d100_r04,C2,202626,1.76,1.66,0.10000000000000009,0.6,0.6114600405699665,0.6042999894286959,FAR,FAR,0.0,1,,,0.01,100
C2_n0.01_d100_r04,C2,202626,1.78,1.68,0.10000000000000009,0.6,0.5820030051733314,0.5987257433648547,FAR,FAR,0.0,1,,,0.01,100
C2_n0.01_d100_r04,C2,202626,1.8,1.7,0.10000000000000009,0.6,0.5874487096728762,0.59590648494186,FAR,FAR,0.0,1,,,0.01,100
C2_n0.01_d100_r04,C2,202626,1.82,1.72,0.10000000000000009,0.6,0.6254302221905987,0.6032874192540447,FAR,FAR,0.0,1,,,0.01,100
C2_n0.01_d100_r04,C2,202626,1.84,1.74,0.10000000000000009,0.6,0.6016158603071674,0.6028695295173254,FAR,FAR,0.0,1,,,0.01,100
C2_n0.01_d100_r04,C2,202626,1.86,1.76,0.10000000000000009,0.6,0.6022046454270601,0.6027033084947591,FAR,FAR,0.0,1,,,0.01,100
C2_n0.01_d100_r04,C2,202626,1.88,1.78,0.09999999999999987,0.6,0.5995848933906809,0.6019237047187396,FAR,FAR,0.0,1,,,0.01,100
C2_n0.01_d100_r04,C2,202626,1.9,1.8,0.09999999999999987,0.6,0.5881541258812015,0.5984813100093551,FAR,FAR,0.0,1,,,0.01,100
C2_n0.01_d100_r04,C2,202626,1.92,1.82,0.09999999999999987,0.6,0.5989270960774095,0.5985927565263687,FAR,FAR,0.0,1,,,0.01,100
C2_n0.01_d100_r04,C2,202626,1.94,1.84,0.09999999999999987,0.6,0.6172237410284555,0.6032505026518904,FAR,FAR,0.0,1,,,0.01,100
C2_n0.01_d100_r04,C2,202626,1.96,1.86,0.09999999999999987,0.6,0.5838977771794495,0.5984123212837802,FAR,FAR,0.0,1,,,0.01,100
C2_n0.01_d100_r04,C2,202626,1.98,1.88,0.10000000000000009,0.6,0.6090252311159113,0.601065548741813,FAR,FAR,0.0,1,,,0.01,100
C2_n0.01_d100_r04,C2,202626,2.0,1.9,0.10000000000000009,0.6,0.5908572076957251,0.598513463480291,FAR,FAR,0.0,1,,,0.01,100
C2_n0.01_d100_r04,C2,202626,2.02,1.92,0.10000000000000009,0.6,0.6011246812014298,0.5991662679105757,FAR,FAR,0.0,1,,,0.01,100
C2_n0.01_d100_r04,C2,202626,2.04,1.94,0.10000000000000009,0.6,0.6114036964449818,0.6022256250441772,FAR,FAR,0.0,1,,,0.01,100
C2_n0.01_d100_r04,C2,202626,2.06,1.96,0.10000000000000009,0.6,0.6058978152786542,0.6031436726027964,FAR,FAR,0.0,1,,,0.01,100
C2_n0.01_d100_r04,C2,202626,2.08,1.98,0.10000000000000009,0.6,0.6012396348225658,0.6026676631577388,FAR,FAR,0.0,1,,,0.01,100
C2_n0.01_d100_r04,C2,202626,2.1,2.0,0.10000000000000009,0.6,0.5861443537632219,0.5985368358091095,FAR,FAR,0.0,1,,,0.01,100
C2_n0.01_d100_r04,C2,202626,2.12,2.02,0.10000000000000009,0.6,0.601547554138617,0.5992895153914863,FAR,FAR,0.0,1,,,0.01,100
C2_n0.01_d100_r04,C2,202626,2.14,2.04,0.10000000000000009,0.6,0.6044438188864918,0.6005780912652376,FAR,FAR,0.0,1,,,0.01,100
C2_n0.01_d100_r04,C2,202626,2.16,2.06,0.10000000000000009,0.6,0.6029311591233352,0.601166358229762,FAR,FAR,0.0,1,,,0.01,100
C2_n0.01_d100_r04,C2,202626,2.18,2.08,0.10000000000000009,0.6,0.6073409571012485,0.6027100079476337,FAR,FAR,0.0,1,,,0.01,100
C2_n0.01_d100_r04,C2,202626,2.2,2.1,0.10000000000000009,0.6,0.6132964402852256,0.6053566160320317,FAR,FAR,0.0,1,,,0.01,100
C2_n0.01_d100_r04,C2,202626,2.22,2.12,0.10000000000000009,0.6,0.5996920324445048,0.6039404701351501,FAR,FAR,0.0,1,,,0.01,100
C2_n0.01_d100_r04,C2,202626,2.24,2.14,0.10000000000000009,0.6,0.585854650279864,0.5994190151713286,FAR,FAR,0.0,1,,,0.01,100
C2_n0.01_d100_r04,C2,202626,2.26,2.16,0.09999999999999964,0.6,0.5852991112336873,0.5958890391869183,FAR,FAR,0.0,1,,,0.01,100
C2_n0.01_d100_r04,C2,202626,2.28,2.18,0.09999999999999964,0.6,0.5935556284734048,0.5953056865085399,FAR,FAR,0.0,1,,,0.01,100
C2_n0.01_d100_r04,C2,202626,2.3,2.2,0.09999999999999964,0.6,0.5723332780217572,0.5895625843868442,FAR,FAR,0.0,1,,,0.01,100
C2_n0.01_d100_r04,C2,202626,2.32,2.22,0.09999999999999964,0.6,0.5902028774320089,0.5897226576481354,FAR,FAR,0.0,1,,,0.01,100
C2_n0.01_d100_r04,C2,202626,2.34,2.24,0.09999999999999964,0.6,0.6089197228893126,0.5945219239584296,FAR,FAR,0.0,1,,,0.01,100
C2_n0.01_d100_r04,C2,202626,2.36,2.26,0.10000000000000009,0.6,0.6177970738069253,0.6003407114205536,FAR,FAR,0.0,1,,,0.01,100
C2_n0.01_d100_r04,C2,202626,2.38,2.28,0.10000000000000009,0.6,0.5978063981065542,0.5997071330920537,FAR,FAR,0.0,1,,,0.01,100
C2_n0.01_d100_r04,C2,202626,2.4,2.3,0.10000000000000009,0.6,0.5854957680139035,0.5961542918225161,FAR,FAR,0.0,1,,,0.01,100
C2_n0.01_d100_r04,C2,202626,2.42,2.32,0.10000000000000009,0.6,0.6010774988388918,0.5973850935766101,FAR,FAR,0.0,1,,,0.01,100
C2_n0.01_d100_r04,C2,202626,2.44,2.34,0.10000000000000009,0.6,0.5898710460907742,0.5955065817051511,FAR,FAR,0.0,1,,,0.01,100
C2_n0.01_d100_r04,C2,202626,2.46,2.36,0.10000000000000009,0.6,0.6335329660962107,0.6050131778029161,FAR,FAR,0.0,1,,,0.01,100
C2_n0.01_d100_r04,C2,202626,2.48,2.38,0.10000000000000009,0.6,0.6123380786390992,0.6068444030119619,FAR,FAR,0.0,1,,,0.01,100
C2_n0.01_d100_r04,C2,202626,2.5,2.4,0.10000000000000009,0.6,0.6056220817981833,0.6065388227085172,FAR,FAR,0.0,1,,,0.01,100
C2_n0.01_d100_r04,C2,202626,2.52,2.42,0.10000000000000009,0.6,0.60703624526121,0.6066631783466904,FAR,FAR,0.0,1,,,0.01,100
C2_n0.01_d100_r04,C2,202626,2.54,2.44,0.10000000000000009,0.6,0.6193335392140435,0.6098307685635287,FAR,FAR,0.0,1,,,0.01,100
C2_n0.01_d100_r04,C2,202626,2.56,2.46,0.10000000000000009,0.6,0.5982520587769781,0.6069360911168911,FAR,FAR,0.0,1,,,0.01,100
C2_n0.01_d100_r04,C2,202626,2.58,2.48,0.10000000000000009,0.6,0.595118350869831,0.6039816560551261,FAR,FAR,0.0,1,,,0.01,100
C2_n0.01_d100_r04,C2,202626,2.6,2.5,0.10000000000000009,0.6,0.5963329809348021,0.6020694872750452,FAR,FAR,0.0,1,,,0.01,100
C2_n0.01_d100_r04,C2,202626,2.62,2.52,0.10000000000000009,0.6,0.6069523084264491,0.6032901925628962,FAR,FAR,0.0,1,,,0.01,100
C2_n0.01_d100_r04,C2,202626,2.64,2.54,0.10000000000000009,0.6,0.5807878998757776,0.5976646193911166,FAR,FAR,0.0,1,,,0.01,100
C2_n0.01_d100_r04,C2,202626,2.66,2.56,0.10000000000000009,0.6,0.5993209059463293,0.5980786910299197,FAR,FAR,0.0,1,,,0.01,100
C2_n0.01_d100_r04,C2,202626,2.68,2.58,0.10000000000000009,0.6,0.6136739404638617,0.6019775033884053,FAR,FAR,0.0,1,,,0.01,100
C2_n0.01_d100_r04,C2,202626,2.7,2.6,0.10000000000000009,0.6,0.6128662852703161,0.604699698858883,FAR,FAR,0.0,1,,,0.01,100
C2_n0.01_d100_r04,C2,202626,2.72,2.62,0.10000000000000009,0.6,0.6178218764237968,0.6079802432501115,FAR,FAR,0.0,1,,,0.01,100
C2_n0.01_d100_r04,C2,202626,2.74,2.64,0.10000000000000009,0.6,0.6039723683210404,0.6069782745178437,FAR,FAR,0.0,1,,,0.01,100
C2_n0.01_d100_r04,C2,202626,2.76,2.66,0.09999999999999964,0.6,0.5951251745511572,0.6040149995261721,FAR,FAR,0.0,1,,,0.01,100
C2_n0.01_d100_r04,C2,202626,2.78,2.68,0.09999999999999964,0.6,0.5946629645939103,0.6016769907931067,FAR,FAR,0.0,1,,,0.01,100
C2_n0.01_d100_r04,C2,202626,2.8,2.7,0.09999999999999964,0.6,0.6134656635902354,0.6046241589923889,FAR,FAR,0.0,1,,,0.01,100
C2_n0.01_d100_r04,C2,202626,2.82,2.72,0.09999999999999964,0.6,0.5964399105907235,0.6025780968919725,FAR,FAR,0.0,1,,,0.01,100
C2_n0.01_d100_r04,C2,202626,2.84,2.74,0.09999999999999964,0.6,0.5946793913706531,0.6006034205116426,FAR,FAR,0.0,1,,,0.01,100
C2_n0.01_d100_r04,C2,202626,2.86,2.76,0.10000000000000009,0.6,0.6044682870071694,0.6015696371355244,FAR,FAR,0.0,1,,,0.01,100
C2_n0.01_d100_r04,C2,202626,2.88,2.78,0.10000000000000009,0.6,0.6089447907996851,0.6034134255515645,FAR,FAR,0.0,1,,,0.01,100
C2_n0.01_d100_r04,C2,202626,2.9,2.8,0.10000000000000009,0.6,0.5945650581839098,0.6012013337096509,FAR,FAR,0.0,1,,,0.01,100
C2_n0.01_d100_r04,C2,202626,2.92,2.82,0.10000000000000009,0.6,0.6033700449761793,0.601743511526283,FAR,FAR,0.0,1,,,0.01,100
C2_n0.01_d100_r04,C2,202626,2.94,2.84,0.10000000000000009,0.6,0.6047325455034577,0.6024907700205767,FAR,FAR,0.0,1,,,0.01,100
C2_n0.01_d100_r04,C2,202626,2.96,2.86,0.10000000000000009,0.6,0.5822855954588139,0.5974394763801361,FAR,FAR,0.0,1,,,0.01,100
C2_n0.01_d100_r04,C2,202626,2.98,2.88,0.10000000000000009,0.6,0.6167882403138938,0.6022766673635755,FAR,FAR,0.0,1,,,0.01,100
C2_n0.01_d100_r04,C2,202626,3.0,2.9,0.10000000000000009,0.6,0.6122776136525361,0.6047769039358157,FAR,FAR,0.0,1,,,0.01,100
C2_n0.01_d100_r04,C2,202626,3.02,2.92,0.10000000000000009,0.6,0.5970080756846793,0.6028346968730316,FAR,FAR,0.0,1,,,0.01,100
C2_n0.01_d100_r04,C2,202626,3.04,2.94,0.10000000000000009,0.6,0.6077841148016694,0.604072051355191,FAR,FAR,0.0,1,,,0.01,100
C2_n0.01_d100_r04,C2,202626,3.06,2.96,0.10000000000000009,0.6,0.6032097760036577,0.6038564825173076,FAR,FAR,0.0,1,,,0.01,100
C2_n0.01_d100_r04,C2,202626,3.08,2.98,0.10000000000000009,0.6,0.5995412165035917,0.6027776660138786,FAR,FAR,0.0,1,,,0.01,100
C2_n0.01_d100_r04,C2,202626,3.1,3.0,0.10000000000000009,0.6,0.6068937895053091,0.6038066968867363,FAR,FAR,0.0,1,,,0.01,100
C2_n0.01_d100_r04,C2,202626,3.12,3.02,0.10000000000000009,0.6,0.5724535651132306,0.5959684139433599,FAR,FAR,0.0,1,,,0.01,100
C2_n0.01_d100_r04,C2,202626,3.14,3.04,0.10000000000000009,0.6,0.5913639146663642,0.5948172891241109,FAR,FAR,0.0,1,,,0.01,100
C2_n0.01_d100_r04,C2,202626,3.16,3.06,0.10000000000000009,0.6,0.5901949042821081,0.5936616929136103,FAR,FAR,0.0,1,,,0.01,100
C2_n0.01_d100_r04,C2,202626,3.18,3.08,0.10000000000000009,0.6,0.6120414866548551,0.5982566413489214,FAR,FAR,0.0,1,,,0.01,100
C2_n0.01_d100_r04,C2,202626,3.2,3.1,0.10000000000000009,0.6,0.6134691834452559,0.602059776873005,FAR,FAR,0.0,1,,,0.01,100
C2_n0.01_d100_r04,C2,202626,3.22,3.12,0.10000000000000009,0.6,0.6171314150014445,0.6058276864051149,FAR,FAR,0.0,1,,,0.01,100
C2_n0.01_d100_r04,C2,202626,3.24,3.14,0.10000000000000009,0.6,0.6084384666558524,0.6064803814677993,FAR,FAR,0.0,1,,,0.01,100
C2_n0.01_d100_r04,C2,202626,3.26,3.16,0.09999999999999964,0.6,0.6001584029492999,0.6048998868381744,FAR,FAR,0.0,1,,,0.01,100
C2_n0.01_d100_r04,C2,202626,3.28,3.18,0.09999999999999964,0.6,0.5848667153574028,0.5998915939679814,FAR,FAR,0.0,1,,,0.01,100
C2_n0.01_d100_r04,C2,202626,3.3,3.2,0.09999999999999964,0.6,0.6038565084130035,0.600882822579237,FAR,FAR,0.0,1,,,0.01,100
C2_n0.01_d100_r04,C2,202626,3.32,3.22,0.09999999999999964,0.6,0.590871583407,0.5983800127861777,FAR,FAR,0.0,1,,,0.01,100
C2_n0.01_d100_r04,C2,202626,3.34,3.24,0.09999999999999964,0.6,0.6036876863792047,0.5997069311844345,FAR,FAR,0.0,1,,,0.01,100
C2_n0.01_d100_r04,C2,202626,3.36,3.26,0.10000000000000009,0.6,0.6101390576525673,0.6023149628014677,FAR,FAR,0.0,1,,,0.01,100
C2_n0.01_d100_r04,C2,202626,3.38,3.28,0.10000000000000009,0.6,0.6205028052538456,0.6068619234145621,FAR,FAR,0.0,1,,,0.01,100
C2_n0.01_d100_r04,C2,202626,3.4,3.3,0.10000000000000009,0.6,0.5939677697793954,0.6036383850057705,FAR,FAR,0.0,1,,,0.01,100
C2_n0.01_d100_r04,C2,202626,3.42,3.32,0.10000000000000009,0.6,0.5983628421302294,0.6023194992868852,FAR,FAR,0.0,1,,,0.01,100
C2_n0.01_d100_r04,C2,202626,3.44,3.34,0.10000000000000009,0.6,0.6076542183664809,0.6036531790567842,FAR,FAR,0.0,1,,,0.01,100
C2_n0.01_d100_r04,C2,202626,3.46,3.36,0.10000000000000009,0.6,0.6031636096766548,0.6035307867117519,FAR,FAR,0.0,1,,,0.01,100
C2_n0.01_d100_r04,C2,202626,3.48,3.38,0.10000000000000009,0.6,0.6072058578145433,0.6044495544874497,FAR,FAR,0.0,1,,,0.01,100
C2_n0.01_d100_r04,C2,202626,3.5,3.4,0.10000000000000009,0.6,0.5857503421474267,0.599774751402444,FAR,FAR,0.0,1,,,0.01,100
C2_n0.01_d100_r04,C2,202626,3.52,3.42,0.10000000000000009,0.6,0.5873061449989572,0.5966575998015723,FAR,FAR,0.0,1,,,0.01,100
C2_n0.01_d100_r04,C2,202626,3.54,3.44,0.10000000000000009,0.6,0.6072396033487075,0.599303100688356,FAR,FAR,0.0,1,,,0.01,100
C2_n0.01_d100_r04,C2,202626,3.56,3.46,0.10000000000000009,0.6,0.599319195581066,0.5993071244115336,FAR,FAR,0.0,1,,,0.01,100
C2_n0.01_d100_r04,C2,202626,3.58,3.48,0.10000000000000009,0.6,0.5993671440902691,0.5993221293312174,FAR,FAR,0.0,1,,,0.01,100
C2_n0.01_d100_r04,C2,202626,3.6,3.5,0.10000000000000009,0.6,0.6052451364759804,0.6008028811174082,FAR,FAR,0.0,1,,,0.01,100
C2_n0.01_d100_r04,C2,202626,3.62,3.52,0.10000000000000009,0.6,0.6184112122911102,0.6052049639108337,FAR,FAR,0.0,1,,,0.01,100
C2_n0.01_d100_r04,C2,202626,3.64,3.54,0.10000000000000009,0.6,0.5899450770690347,0.6013899922003839,FAR,FAR,0.0,1,,,0.01,100
C2_n0.01_d100_r04,C2,202626,3.66,3.56,0.10000000000000009,0.6,0.5986604407244567,0.6007076043314021,FAR,FAR,0.0,1,,,0.01,100
C2_n0.01_d100_r04,C2,202626,3.68,3.58,0.10000000000000009,0.6,0.5978167499102308,0.5999848907261093,FAR,FAR,0.0,1,,,0.01,100
C2_n0.01_d100_r04,C2,202626,3.7,3.6,0.10000000000000009,0.6,0.6031113547607065,0.6007665067347585,FAR,FAR,0.0,1,,,0.01,100
C2_n0.01_d100_r04,C2,202626,3.72,3.62,0.10000000000000009,0.6,0.5848948912651278,0.5967986028673509,FAR,FAR,0.0,1,,,0.01,100
C2_n0.01_d100_r04,C2,202626,3.74,3.64,0.10000000000000009,0.6,0.601883231988114,0.5980697601475417,FAR,FAR,0.0,1,,,0.01,100
C2_n0.01_d100_r04,C2,202626,3.76,3.66,0.09999999999999964,0.6,0.5942659516605732,0.5971188080257995,FAR,FAR,0.0,1,,,0.01,100
C2_n0.01_d100_r04,C2,202626,3.78,3.68,0.09999999999999964,0.6,0.5941680262635624,0.5963811125852402,FAR,FAR,0.0,1,,,0.01,100
C2_n0.01_d100_r04,C2,202626,3.8,3.7,0.09999999999999964,0.6,0.6135158195882595,0.600664789335995,FAR,FAR,0.0,1,,,0.01,100
C2_n0.01_d100_r04,C2,202626,3.82,3.72,0.09999999999999964,0.6,0.6035921247960636,0.6013966232010122,FAR,FAR,0.0,1,,,0.01,100
C2_n0.01_d100_r04,C2,202626,3.84,3.74,0.09999999999999964,0.6,0.5935834810156367,0.5994433376546683,FAR,FAR,0.0,1,,,0.01,100
C2_n0.01_d100_r04,C2,202626,3.86,3.76,0.10000000000000009,0.6,0.6078610606221369,0.6015477683965355,FAR,FAR,0.0,1,,,0.01,100
C2_n0.01_d100_r04,C2,202626,3.88,3.78,0.10000000000000009,0.6,0.5813411933923444,0.5964961246454877,FAR,FAR,0.0,1,,,0.01,100
C2_n0.01_d100_r04,C2,202626,3.9,3.8,0.10000000000000009,0.6,0.6152654493898603,0.6011884558315809,FAR,FAR,0.0,1,,,0.01,100
C2_n0.01_d100_r04,C2,202626,3.92,3.82,0.10000000000000009,0.6,0.603993185723837,0.6018896383046448,FAR,FAR,0.0,1,,,0.01,100
C2_n0.01_d100_r04,C2,202626,3.94,3.84,0.10000000000000009,0.6,0.597076934937302,0.6006864624628091,FAR,FAR,0.0,1,,,0.01,100
C2_n0.01_d100_r04,C2,202626,3.96,3.86,0.10000000000000009,0.6,0.5946407480892787,0.5991750338694265,FAR,FAR,0.0,1,,,0.01,100
C2_n0.01_d100_r04,C2,202626,3.98,3.88,0.10000000000000009,0.6,0.5875225489133237,0.5962619126304007,FAR,FAR,0.0,1,,,0.01,100
C2_n0.01_d100_r04,C2,202626,4.0,3.9,0.10000000000000009,0.6,0.5874601382278763,0.5940614690297696,FAR,FAR,0.0,1,,,0.01,100
C2_n0.01_d100_r04,C2,202626,4.02,3.92,0.09999999999999964,0.5982500000000001,0.6046914228765421,0.5967189574914628,FAR,FAR,0.0,1,,,0.01,100
C2_n0.01_d100_r04,C2,202626,4.04,3.94,0.10000000000000009,0.5965,0.5842910650920888,0.5936119843916193,FAR,FAR,0.0,1,,,0.01,100
C2_n0.01_d100_r04,C2,202626,4.06,3.96,0.09999999999999964,0.59475,0.6022882162648983,0.595781042359939,FAR,FAR,0.0,1,,,0.01,100
C2_n0.01_d100_r04,C2,202626,4.08,3.98,0.10000000000000009,0.593,0.6142158478158783,0.6003897437239238,FAR,FAR,0.0,1,,,0.01,100
C2_n0.01_d100_r04,C2,202626,4.1,4.0,0.09999999999999964,0.59125,0.5982322025777198,0.5998503584373729,FAR,FAR,0.0,1,,,0.01,100
C2_n0.01_d100_r04,C2,202626,4.12,4.02,0.10000000000000053,0.5894999999999999,0.5841649073261188,0.5959289956595594,FAR,FAR,0.0,1,,,0.01,100
C2_n0.01_d100_r04,C2,202626,4.14,4.04,0.09999999999999964,0.58775,0.600211205383726,0.596999548090601,FAR,FAR,0.0,1,,,0.01,100
C2_n0.01_d100_r04,C2,202626,4.16,4.06,0.10000000000000053,0.586,0.5996482726634563,0.5976617292338148,FAR,FAR,0.0,1,,,0.01,100
C2_n0.01_d100_r04,C2,202626,4.18,4.08,0.09999999999999964,0.58425,0.6011654163057983,0.5985376510018107,FAR,FAR,0.0,1,,,0.01,100
C2_n0.01_d100_r04,C2,202626,4.2,4.1,0.10000000000000053,0.5825,0.5679195975094093,0.5908831376287104,FAR,FAR,0.0,1,,,0.01,100
C2_n0.01_d100_r04,C2,202626,4.22,4.12,0.09999999999999964,0.58075,0.6042531976165969,0.5942256526256819,FAR,FAR,0.0,1,,,0.01,100
C2_n0.01_d100_r04,C2,202626,4.24,4.14,0.10000000000000053,0.579,0.5921352999501797,0.5937030644568064,FAR,FAR,0.0,1,,,0.01,100
C2_n0.01_d100_r04,C2,202626,4.26,4.16,0.09999999999999964,0.57725,0.5953835641713252,0.5941231893854362,FAR,FAR,0.0,1,,,0.01,100
C2_n0.01_d100_r04,C2,202626,4.28,4.18,0.10000000000000053,0.5754999999999999,0.5770548365282486,0.5898561011711393,FAR,FAR,0.0,1,,,0.01,100
C2_n0.01_d100_r04,C2,202626,4.3,4.2,0.09999999999999964,0.57375,0.5780725563125994,0.5869102149565043,FAR,FAR,0.0,1,,,0.01,100
C2_n0.01_d100_r04,C2,202626,4.32,4.22,0.10000000000000053,0.572,0.5732744573321006,0.5835012755504034,FAR,FAR,0.0,1,,,0.01,100
C2_n0.01_d100_r04,C2,202626,4.34,4.24,0.09999999999999964,0.57025,0.5941971039636547,0.5861752326537162,FAR,FAR,0.0,1,,,0.01,100
C2_n0.01_d100_r04,C2,202626,4.36,4.26,0.10000000000000053,0.5685,0.5782694553370842,0.5841987883245582,FAR,FAR,0.0,1,,,0.01,100
C2_n0.01_d100_r04,C2,202626,4.38,4.28,0.09999999999999964,0.56675,0.5883752548065437,0.5852429049450545,FAR,FAR,0.0,1,,,0.01,100
C2_n0.01_d100_r04,C2,202626,4.4,4.3,0.10000000000000053,0.565,0.57565770454605,0.5828466048453034,FAR,FAR,0.0,1,,,0.01,100
C2_n0.01_d100_r04,C2,202626,4.42,4.32,0.09999999999999964,0.56325,0.5636448009172673,0.5780461538632944,FAR,FAR,0.0,1,,,0.01,100
C2_n0.01_d100_r04,C2,202626,4.44,4.34,0.10000000000000053,0.5614999999999999,0.5753637000031475,0.5773755403982577,FAR,FAR,0.0,1,,,0.01,100
C2_n0.01_d100_r04,C2,202626,4.46,4.36,0.09999999999999964,0.55975,0.5584618826181491,0.5726471259532305,FAR,FAR,0.0,1,,,0.01,100
C2_n0.01_d100_r04,C2,202626,4.48,4.38,0.10000000000000053,0.5579999999999999,0.5705556661103214,0.5721242609925032,FAR,FAR,0.0,1,,,0.01,100
C2_n0.01_d100_r04,C2,202626,4.5,4.4,0.09999999999999964,0.55625,0.5653686010098414,0.5704353459968378,FAR,FAR,0.0,1,,,0.01,100
C2_n0.01_d100_r04,C2,202626,4.52,4.42,0.09999999999999964,0.5545,0.5711845142186742,0.570622638052297,FAR,FAR,0.0,1,,,0.01,100
C2_n0.01_d100_r04,C2,202626,4.54,4.44,0.09999999999999964,0.55275,0.567691021628787,0.5698897339464195,FAR,FAR,0.0,1,,,0.01,100
C2_n0.01_d100_r04,C2,202626,4.56,4.46,0.09999999999999964,0.551,0.5568353366396547,0.5666261346197283,FAR,FAR,0.0,1,,,0.01,100
C2_n0.01_d100_r04,C2,202626,4.58,4.48,0.09999999999999964,0.54925,0.5543148626880781,0.5635483166368158,FAR,FAR,0.0,1,,,0.01,100
C2_n0.01_d100_r04,C2,202626,4.6,4.5,0.09999999999999964,0.5475,0.5676340194226157,0.5645697423332658,FAR,FAR,0.0,1,,,0.01,100
C2_n0.01_d100_r04,C2,202626,4.62,4.52,0.10000000000000053,0.54575,0.5470777617495682,0.5601967471873415,FAR,FAR,0.0,1,,,0.01,100
C2_n0.01_d100_r04,C2,202626,4.64,4.54,0.09999999999999964,0.544,0.5557201950673282,0.5590776091573382,FAR,FAR,0.0,1,,,0.01,100
C2_n0.01_d100_r04,C2,202626,4.66,4.56,0.10000000000000053,0.54225,0.5578495282765024,0.5587705889371293,FAR,FAR,0.0,1,,,0.01,100
C2_n0.01_d100_r04,C2,202626,4.68,4.58,0.09999999999999964,0.5405,0.5422020711968099,0.5546284595020494,FAR,FAR,0.0,1,,,0.01,100
C2_n0.01_d100_r04,C2,202626,4.7,4.6,0.10000000000000053,0.53875,0.5564118578434942,0.5550743090874106,FAR,FAR,0.0,1,,,0.01,100
C2_n0.01_d100_r04,C2,202626,4.72,4.62,0.09999999999999964,0.537,0.5445132335644769,0.5524340402066772,FAR,FAR,0.0,1,,,0.01,100
C2_n0.01_d100_r04,C2,202626,4.74,4.64,0.10000000000000053,0.53525,0.5504173995782875,0.5519298800495798,FAR,FAR,0.0,1,,,0.01,100
C2_n0.01_d100_r04,C2,202626,4.76,4.66,0.09999999999999964,0.5335,0.5658014722487591,0.5553977780993746,FAR,FAR,0.0,1,,,0.01,100
C2_n0.01_d100_r04,C2,202626,4.78,4.68,0.10000000000000053,0.53175,0.5343214449535867,0.5501286948129276,FAR,FAR,0.0,1,,,0.01,100
C2_n0.01_d100_r04,C2,202626,4.8,4.7,0.09999999999999964,0.53,0.5359665005932225,0.5465881462580013,FAR,FAR,0.0,1,,,0.01,100
C2_n0.01_d100_r04,C2,202626,4.82,4.72,0.10000000000000053,0.52825,0.5557063176868424,0.5488676891152116,FAR,FAR,0.0,1,,,0.01,100
C2_n0.01_d100_r04,C2,202626,4.84,4.74,0.09999999999999964,0.5265,0.539697186513268,0.5465750634647257,FAR,FAR,0.0,1,,,0.01,100
C2_n0.01_d100_r04,C2,202626,4.86,4.76,0.10000000000000053,0.5247499999999999,0.5292437485525887,0.5422422347366915,FAR,FAR,0.0,1,,,0.01,100
C2_n0.01_d100_r04,C2,202626,4.88,4.78,0.09999999999999964,0.523,0.5272199384026183,0.5384866606531732,FAR,FAR,0.0,1,,,0.01,100
C2_n0.01_d100_r04,C2,202626,4.9,4.8,0.10000000000000053,0.52125,0.5242541306826584,0.5349285281605445,FAR,FAR,0.0,1,,,0.01,100
C2_n0.01_d100_r04,C2,202626,4.92,4.82,0.09999999999999964,0.5195,0.5341823890452225,0.534741993381714,FAR,FAR,0.0,1,,,0.01,100
C2_n0.01_d100_r04,C2,202626,4.94,4.84,0.10000000000000053,0.5177499999999999,0.5442965015282608,0.5371306204183507,FAR,FAR,0.0,1,,,0.01,100
C2_n0.01_d100_r04,C2,202626,4.96,4.86,0.09999999999999964,0.516,0.5216242714466284,0.5332540331754201,FAR,FAR,0.0,1,,,0.01,100
C2_n0.01_d100_r04,C2,202626,4.98,4.88,0.10000000000000053,0.51425,0.5167618485744381,0.5291309870251746,FAR,FAR,0.0,1,,,0.01,100
C2_n0.01_d100_r04,C2,202626,5.0,4.9,0.09999999999999964,0.5125,0.5269695276678837,0.5285906221858518,FAR,FAR,0.0,1,,,0.01,100
C2_n0.01_d100_r04,C2,202626,5.02,4.92,0.09999999999999964,0.51075,0.5035620863151956,0.5223334882181878,FAR,FAR,0.0,1,,,0.01,100
C2_n0.01_d100_r04,C2,202626,5.04,4.94,0.09999999999999964,0.509,0.5136493525188818,0.5201624542933613,FAR,FAR,0.0,1,,,0.01,100
C2_n0.01_d100_r04,C2,202626,5.06,4.96,0.09999999999999964,0.50725,0.5307010648730888,0.5227971069382932,FAR,FAR,0.0,1,,,0.01,100
C2_n0.01_d100_r04,C2,202626,5.08,4.98,0.09999999999999964,0.5055,0.5128161581435654,0.5203018697396112,FAR,FAR,0.0,1,,,0.01,100
C2_n0.01_d100_r04,C2,202626,5.1,5.0,0.09999999999999964,0.50375,0.5191829851010465,0.5200221485799701,FAR,FAR,0.0,1,,,0.01,100
C2_n0.01_d100_r04,C2,202626,5.12,5.02,0.10000000000000053,0.502,0.5222183883037693,0.5205712085109199,FAR,FAR,0.0,1,,,0.01,100
C2_n0.01_d100_r04,C2,202626,5.14,5.04,0.09999999999999964,0.50025,0.5091352095090231,0.5177122087604457,FAR,FAR,0.0,1,,,0.01,100
C2_n0.01_d100_r04,C2,202626,5.16,5.06,0.10000000000000053,0.49849999999999994,0.509572633815527,0.515677315024216,FAR,FAR,0.0,1,,,0.01,100
C2_n0.01_d100_r04,C2,202626,5.18,5.08,0.09999999999999964,0.49675,0.5127244302872227,0.5149390938399676,FAR,FAR,0.0,1,,,0.01,100
C2_n0.01_d100_r04,C2,202626,5.2,5.1,0.10000000000000053,0.495,0.49423688198694,0.5097635408767107,FAR,FAR,0.0,1,,,0.01,100
C2_n0.01_d100_r04,C2,202626,5.22,5.12,0.09999999999999964,0.49325,0.5046488921633898,0.5084848786983804,FAR,FAR,0.0,1,,,0.01,100
C2_n0.01_d100_r04,C2,202626,5.24,5.14,0.10000000000000053,0.49149999999999994,0.5096470955204937,0.5087754329039087,FAR,FAR,0.0,1,,,0.01,100
C2_n0.01_d100_r04,C2,202626,5.26,5.16,0.09999999999999964,0.48975,0.5022493405322884,0.5071439098110037,FAR,FAR,0.0,1,,,0.01,100
C2_n0.01_d100_r04,C2,202626,5.28,5.18,0.10000000000000053,0.488,0.5002291683591353,0.5054152244480365,FAR,FAR,0.0,1,,,0.01,100
C2_n0.01_d100_r04,C2,202626,5.3,5.2,0.09999999999999964,0.48625,0.4992926462730784,0.503884579904297,FAR,FAR,0.0,1,,,0.01,100
C2_n0.01_d100_r04,C2,202626,5.32,5.22,0.10000000000000053,0.48449999999999993,0.4930987086919474,0.5011881121012096,FAR,FAR,0.0,1,,,0.01,100
C2_n0.01_d100_r04,C2,202626,5.34,5.24,0.09999999999999964,0.48275,0.4859544669904247,0.4973797008235134,FAR,FAR,0.0,1,,,0.01,100
C2_n0.01_d100_r04,C2,202626,5.36,5.26,0.10000000000000053,0.481,0.493106212685473,0.4963113287890033,FAR,FAR,0.0,1,,,0.01,100
C2_n0.01_d100_r04,C2,202626,5.38,5.28,0.09999999999999964,0.47925,0.47124759287573376,0.49004539481068593,FAR,FAR,0.0,1,,,0.01,100
C2_n0.01_d100_r04,C2,202626,5.4,5.3,0.10000000000000053,0.4774999999999999,0.48287000434840666,0.4882515471951161,FAR,FAR,0.0,1,,,0.01,100
C2_n0.01_d100_r04,C2,202626,5.42,5.32,0.09999999999999964,0.47575,0.49368925539568626,0.4896109742452586,FAR,FAR,0.0,1,,,0.01,100
C2_n0.01_d100_r04,C2,202626,5.44,5.34,0.10000000000000053,0.474,0.49815570290239064,0.49174715640954164,FAR,FAR,0.0,1,,,0.01,100
C2_n0.01_d100_r04,C2,202626,5.46,5.36,0.09999999999999964,0.47224999999999995,0.4752102890570576,0.4876129395714206,FAR,FAR,0.0,1,,,0.01,100
C2_n0.01_d100_r04,C2,202626,5.48,5.38,0.10000000000000053,0.4704999999999999,0.485953886638032,0.48719817633807344,FAR,FAR,0.0,1,,,0.01,100
C2_n0.01_d100_r04,C2,202626,5.5,5.4,0.09999999999999964,0.46875,0.48351471097108606,0.48627730999632657,FAR,FAR,0.0,1,,,0.01,100
C2_n0.01_d100_r04,C2,202626,5.52,5.42,0.09999999999999964,0.467,0.49566982500121615,0.48862543874754893,FAR,FAR,0.0,1,,,0.01,100
C2_n0.01_d100_r04,C2,202626,5.54,5.44,0.09999999999999964,0.46525,0.478444579471976,0.48608022392865574,FAR,FAR,0.0,1,,,0.01,100
C2_n0.01_d100_r04,C2,202626,5.56,5.46,0.09999999999999964,0.4635,0.4932112636660845,0.48786298386301297,FAR,FAR,0.0,1,,,0.01,100
C2_n0.01_d100_r04,C2,202626,5.58,5.48,0.09999999999999964,0.46175,0.46344704332930386,0.48175899872958566,FAR,FAR,0.0,1,,,0.01,100
C2_n0.01_d100_r04,C2,202626,5.6,5.5,0.09999999999999964,0.46,0.478077431267994,0.4808386068641878,FAR,FAR,0.0,1,,,0.01,100
C2_n0.01_d100_r04,C2,202626,5.62,5.52,0.10000000000000053,0.45825,0.4625032296701871,0.47625476256568766,FAR,FAR,0.0,1,,,0.01,100
C2_n0.01_d100_r04,C2,202626,5.64,5.54,0.09999999999999964,0.4565,0.455235095066201,0.470999845690816,FAR,FAR,0.0,1,,,0.01,100
C2_n0.01_d100_r04,C2,202626,5.66,5.56,0.10000000000000053,0.45475,0.45896471424575447,0.4679910628295506,FAR,FAR,0.0,1,,,0.01,100
C2_n0.01_d100_r04,C2,202626,5.68,5.58,0.09999999999999964,0.453,0.4716030351824723,0.46889405591778105,FAR,FAR,0.0,1,,,0.01,100
C2_n0.01_d100_r04,C2,202626,5.7,5.6,0.10000000000000053,0.45125,0.461650583319019,0.46708318776809055,FAR,FAR,0.0,1,,,0.01,100
C2_n0.01_d100_r04,C2,202626,5.72,5.62,0.09999999999999964,0.4495,0.436247649762292,0.4593743032666409,FAR,FAR,0.0,1,,,0.01,100
C2_n0.01_d100_r04,C2,202626,5.74,5.64,0.10000000000000053,0.44775,0.461632465536039,0.4599388438339904,FAR,FAR,0.0,1,,,0.01,100
C2_n0.01_d100_r04,C2,202626,5.76,5.66,0.09999999999999964,0.446,0.4355521586100212,0.45384217252799813,FAR,FAR,0.0,1,,,0.01,100
C2_n0.01_d100_r04,C2,202626,5.78,5.68,0.10000000000000053,0.44425,0.4475218596782862,0.45226209431557013,FAR,FAR,0.0,1,,,0.01,100
C2_n0.01_d100_r04,C2,202626,5.8,5.7,0.09999999999999964,0.4425,0.45986441274553824,0.45416267392306214,FAR,FAR,0.0,1,,,0.01,100
C2_n0.01_d100_r04,C2,202626,5.82,5.72,0.10000000000000053,0.44075,0.457758691500002,0.4550616783172971,FAR,FAR,0.0,1,,,0.01,100
C2_n0.01_d100_r04,C2,202626,5.84,5.74,0.09999999999999964,0.439,0.4447143910719962,0.45247485650597186,FAR,FAR,0.0,1,,,0.01,100
C2_n0.01_d100_r04,C2,202626,5.86,5.76,0.10000000000000053,0.43724999999999997,0.4416354535297088,0.44976500576190603,FAR,FAR,0.0,1,,,0.01,100
C2_n0.01_d100_r04,C2,202626,5.88,5.78,0.09999999999999964,0.4355,0.43261591745706335,0.4454777336856954,FAR,FAR,0.0,1,,,0.01,100
C2_n0.01_d100_r04,C2,202626,5.9,5.8,0.10000000000000053,0.43374999999999997,0.4336671983356679,0.4425250998481885,FAR,FAR,0.0,1,,,0.01,100
C2_n0.01_d100_r04,C2,202626,5.92,5.82,0.09999999999999964,0.432,0.4511287009584821,0.4446760001257619,FAR,FAR,0.0,1,,,0.01,100
C2_n0.01_d100_r04,C2,202626,5.94,5.84,0.10000000000000053,0.43024999999999997,0.4325453005034223,0.441643325220177,FAR,FAR,0.0,1,,,0.01,100
C2_n0.01_d100_r04,C2,202626,5.96,5.86,0.09999999999999964,0.4285,0.4232919764521456,0.4370554880281692,FAR,FAR,0.0,1,,,0.01,100
C2_n0.01_d100_r04,C2,202626,5.98,5.88,0.10000000000000053,0.42674999999999996,0.44548409054864846,0.439162638658289,FAR,FAR,0.0,1,,,0.01,100
C2_n0.01_d100_r04,C2,202626,6.0,5.9,0.09999999999999964,0.425,0.43584020422809266,0.4383320300507399,FAR,FAR,0.0,1,,,0.01,100
C2_n0.01_d100_r04,C2,202626,6.02,5.92,0.09999999999999964,0.42325,0.4467695156047732,0.44044140143924826,FAR,FAR,0.0,1,,,0.01,100
C2_n0.01_d100_r04,C2,202626,6.04,5.94,0.09999999999999964,0.4215,0.4297619912883309,0.4377715489015189,FAR,FAR,0.0,1,,,0.01,100
C2_n0.01_d100_r04,C2,202626,6.06,5.96,0.09999999999999964,0.41975,0.4362754573150692,0.43739752600490645,FAR,FAR,0.0,1,,,0.01,100
C2_n0.01_d100_r04,C2,202626,6.08,5.98,0.09999999999999964,0.418,0.40948712144309385,0.43041992486445324,FAR,FAR,0.0,1,,,0.01,100
C2_n0.01_d100_r04,C2,202626,6.1,6.0,0.09999999999999964,0.41625,0.4469171052217271,0.43454421995377174,FAR,FAR,0.0,1,,,0.01,100
C2_n0.01_d100_r04,C2,202626,6.12,6.02,0.10000000000000053,0.4145,0.4278050836116035,0.4328594358682297,FAR,FAR,0.0,1,,,0.01,100
C2_n0.01_d100_r04,C2,202626,6.14,6.04,0.09999999999999964,0.41275,0.42017344420740005,0.42968793795302235,FAR,FAR,0.0,1,,,0.01,100
C2_n0.01_d100_r04,C2,202626,6.16,6.06,0.10000000000000053,0.411,0.42273956167343063,0.42795084388312443,FAR,FAR,0.0,1,,,0.01,100
C2_n0.01_d100_r04,C2,202626,6.18,6.08,0.09999999999999964,0.40925,0.41178297002189895,0.4239088754178181,FAR,FAR,0.0,1,,,0.01,100
C2_n0.01_d100_r04,C2,202626,6.2,6.1,0.10000000000000053,0.4075,0.41069770513370873,0.4206060828467907,FAR,FAR,0.0,1,,,0.01,100
C2_n0.01_d100_r04,C2,202626,6.22,6.12,0.09999999999999964,0.40575,0.41712064358010403,0.41973472303011905,FAR,FAR,0.0,1,,,0.01,100
C2_n0.01_d100_r04,C2,202626,6.24,6.14,0.10000000000000053,0.40399999999999997,0.41899528669777997,0.4195498639470343,FAR,FAR,0.0,1,,,0.01,100
C2_n0.01_d100_r04,C2,202626,6.26,6.16,0.09999999999999964,0.40225,0.40478937507803264,0.4158597417297839,FAR,FAR,0.0,1,,,0.01,100
C2_n0.01_d100_r04,C2,202626,6.28,6.18,0.10000000000000053,0.40049999999999997,0.40483134555775463,0.41310264268677654,FAR,FAR,0.0,1,,,0.01,100
C2_n0.01_d100_r04,C2,202626,6.3,6.2,0.09999999999999964,0.39875,0.40232030142555253,0.41040705737147054,FAR,FAR,0.0,1,,,0.01,100
C2_n0.01_d100_r04,C2,202626,6.32,6.22,0.10000000000000053,0.39699999999999996,0.40084628707180325,0.40801686479655375,FAR,FAR,0.0,1,,,0.01,100
C2_n0.01_d100_r04,C2,202626,6.34,6.24,0.09999999999999964,0.39525,0.385214960146771,0.402316388634108,FAR,FAR,0.0,1,,,0.01,100
C2_n0.01_d100_r04,C2,202626,6.36,6.26,0.10000000000000053,0.39349999999999996,0.40863443695720775,0.40389590071488296,FAR,FAR,0.0,1,,,0.01,100
C2_n0.01_d100_r04,C2,202626,6.38,6.28,0.09999999999999964,0.39175,0.3995564312550783,0.4028110333499318,FAR,FAR,0.0,1,,,0.01,100
C2_n0.01_d100_r04,C2,202626,6.4,6.3,0.10000000000000053,0.38999999999999996,0.3901634235100674,0.3996491308899657,FAR,FAR,0.0,1,,,0.01,100
C2_n0.01_d100_r04,C2,202626,6.42,6.32,0.09999999999999964,0.38825,0.4095389812974454,0.4021215934918356,FAR,FAR,0.0,1,,,0.01,100
C2_n0.01_d100_r04,C2,202626,6.44,6.34,0.10000000000000053,0.38649999999999995,0.3884639808930458,0.3987071903421382,FAR,FAR,0.0,1,,,0.01,100
C2_n0.01_d100_r04,C2,202626,6.46,6.36,0.09999999999999964,0.38475,0.4045133385299954,0.4001587273891025,FAR,FAR,0.0,1,,,0.01,100
C2_n0.01_d100_r04,C2,202626,6.48,6.38,0.10000000000000053,0.38299999999999995,0.37761151696823875,0.3945219247838866,FAR,FAR,0.0,1,,,0.01,100
C2_n0.01_d100_r04,C2,202626,6.5,6.4,0.09999999999999964,0.38125,0.3888394360057591,0.3931013025893547,FAR,FAR,0.0,1,,,0.01,100
C2_n0.01_d100_r04,C2,202626,6.52,6.42,0.09999999999999964,0.37950000000000006,0.3990406317140588,0.39458613487053074,FAR,FAR,0.0,1,,,0.01,100
C2_n0.01_d100_r04,C2,202626,6.54,6.44,0.09999999999999964,0.37775000000000003,0.37189554842683203,0.3889134882596061,FAR,FAR,0.0,1,,,0.01,100
C2_n0.01_d100_r04,C2,202626,6.56,6.46,0.09999999999999964,0.376,0.39165334014169595,0.38959845123012854,FAR,FAR,0.0,1,,,0.01,100
C2_n0.01_d100_r04,C2,202626,6.58,6.48,0.09999999999999964,0.37424999999999997,0.4102163480799087,0.39475292544257357,FAR,FAR,0.0,1,,,0.01,100
C2_n0.01_d100_r04,C2,202626,6.6,6.5,0.09999999999999964,0.37250000000000005,0.3988956624753434,0.395788609700766,FAR,FAR,0.0,1,,,0.01,100
C2_n0.01_d100_r04,C2,202626,6.62,6.52,0.10000000000000053,0.37075,0.3871952609127573,0.3936402725037639,FAR,FAR,0.0,1,,,0.01,100
C2_n0.01_d100_r04,C2,202626,6.64,6.54,0.09999999999999964,0.369,0.3820402571557604,0.390740268666763,FAR,FAR,0.0,1,,,0.01,100
C2_n0.01_d100_r04,C2,202626,6.66,6.56,0.10000000000000053,0.36724999999999997,0.3674253822533922,0.3849115470634203,FAR,FAR,0.0,1,,,0.01,100
C2_n0.01_d100_r04,C2,202626,6.68,6.58,0.09999999999999964,0.36550000000000005,0.38148218526750305,0.38405420661444095,FAR,FAR,0.0,1,,,0.01,100
C2_n0.01_d100_r04,C2,202626,6.7,6.6,0.10000000000000053,0.36375,0.38749740443639386,0.3849150060699292,FAR,FAR,0.0,1,,,0.01,100
C2_n0.01_d100_r04,C2,202626,6.72,6.62,0.09999999999999964,0.362,0.36099336971918394,0.37893459698224286,FAR,FAR,0.0,1,,,0.01,100
C2_n0.01_d100_r04,C2,202626,6.74,6.64,0.10000000000000053,0.36024999999999996,0.3783261721581243,0.37878249077621323,FAR,FAR,0.0,1,,,0.01,100
C2_n0.01_d100_r04,C2,202626,6.76,6.66,0.09999999999999964,0.35850000000000004,0.3568586928630418,0.37330154129792037,FAR,FAR,0.0,1,,,0.01,100
C2_n0.01_d100_r04,C2,202626,6.78,6.68,0.10000000000000053,0.35675,0.36059849741707767,0.3701257803277097,FAR,FAR,0.0,1,,,0.01,100
C2_n0.01_d100_r04,C2,202626,6.8,6.7,0.09999999999999964,0.355,0.3654445067533305,0.3689554619341149,FAR,FAR,0.0,1,,,0.01,100
C2_n0.01_d100_r04,C2,202626,6.82,6.72,0.10000000000000053,0.35324999999999995,0.3547143876092939,0.36539519335290965,FAR,FAR,0.0,1,,,0.01,100
C2_n0.01_d100_r04,C2,202626,6.84,6.74,0.09999999999999964,0.35150000000000003,0.3502202656498963,0.3616014614271563,FAR,FAR,0.0,1,,,0.01,100
C2_n0.01_d100_r04,C2,202626,6.86,6.76,0.10000000000000053,0.34974999999999995,0.3678306391776094,0.3631587558647696,NEAR,FAR,0.0,1,,,0.01,100
C2_n0.01_d100_r04,C2,202626,6.88,6.78,0.09999999999999964,0.348,0.3541664127736357,0.36091067009198613,NEAR,FAR,0.0,1,,,0.01,100
C2_n0.01_d100_r04,C2,202626,6.9,6.8,0.10000000000000053,0.34624999999999995,0.3510628016766809,0.3584487029881598,NEAR,FAR,0.0,1,,,0.01,100
C2_n0.01_d100_r04,C2,202626,6.92,6.82,0.09999999999999964,0.3445,0.3501191417637673,0.35636631268206165,NEAR,FAR,0.0,1,,,0.01,100
C2_n0.01_d100_r04,C2,202626,6.94,6.84,0.10000000000000053,0.34274999999999994,0.3389462065285134,0.3520112861436746,NEAR,FAR,0.0,1,,,0.01,100
C2_n0.01_d100_r04,C2,202626,6.96,6.86,0.09999999999999964,0.34099999999999997,0.35289373015241604,0.35223189714585995,NEAR,FAR,0.0,1,,,0.01,100
C2_n0.01_d100_r04,C2,202626,6.98,6.88,0.10000000000000053,0.33924999999999994,0.33583930973091203,0.34813375029212296,NEAR,FAR,0.0,1,,,0.01,100
C2_n0.01_d100_r04,C2,202626,7.0,6.9,0.09999999999999964,0.3375,0.34655704915230007,0.34773957500716723,NEAR,FAR,0.0,1,,,0.01,100
C2_n0.01_d100_r04,C2,202626,7.02,6.92,0.09999999999999964,0.33575000000000005,0.3483233722656732,0.34788552432179376,NEAR,FAR,0.0,1,,,0.01,100
C2_n0.01_d100_r04,C2,202626,7.04,6.94,0.09999999999999964,0.334,0.32807933086073665,0.34293397595652947,NEAR,FAR,0.0,1,,,0.01,100
C2_n0.01_d100_r04,C2,202626,7.06,6.96,0.09999999999999964,0.33225000000000005,0.3282905785185805,0.33927312659704223,NEAR,FAR,0.0,1,,,0.01,100
C2_n0.01_d100_r04,C2,202626,7.08,6.98,0.09999999999999964,0.3305,0.35366459369999886,0.34287099337278143,NEAR,FAR,0.0,1,,,0.01,100
C2_n0.01_d100_r04,C2,202626,7.1,7.0,0.09999999999999964,0.32875000000000004,0.33583819112877533,0.3411127928117799,NEAR,FAR,0.0,1,,,0.01,100
C2_n0.01_d100_r04,C2,202626,7.12,7.02,0.10000000000000053,0.327,0.3344203459329582,0.3394396810920745,NEAR,FAR,0.0,1,,,0.01,100
C2_n0.01_d100_r04,C2,202626,7.14,7.04,0.09999999999999964,0.32525000000000004,0.332930481082052,0.33781238108956885,NEAR,FAR,0.0,1,,,0.01,100
C2_n0.01_d100_r04,C2,202626,7.16,7.06,0.10000000000000053,0.3235,0.3128518958922283,0.33157225979023375,NEAR,FAR,0.0,1,,,0.01,100
C2_n0.01_d100_r04,C2,202626,7.18,7.08,0.09999999999999964,0.32175000000000004,0.3231065955917542,0.3294558437406139,NEAR,FAR,0.0,1,,,0.01,100
C2_n0.01_d100_r04,C2,202626,7.2,7.1,0.10000000000000053,0.32,0.3207890500999394,0.3272891453304453,NEAR,FAR,0.0,1,,,0.01,100
C2_n0.01_d100_r04,C2,202626,7.22,7.12,0.09999999999999964,0.31825000000000003,0.31208390418484355,0.3234878350440449,NEAR,FAR,0.0,1,,,0.01,100
C2_n0.01_d100_r04,C2,202626,7.24,7.14,0.10000000000000053,0.3165,0.3303216740842859,0.32519629480410517,NEAR,FAR,0.0,1,,,0.01,100
C2_n0.01_d100_r04,C2,202626,7.26,7.16,0.09999999999999964,0.31475000000000003,0.3409764677730981,0.32914133804635337,NEAR,FAR,0.0,1,,,0.01,100
C2_n0.01_d100_r04,C2,202626,7.28,7.18,0.10000000000000053,0.313,0.3251427916440744,0.32814170144578364,NEAR,FAR,0.0,1,,,0.01,100
C2_n0.01_d100_r04,C2,202626,7.3,7.2,0.09999999999999964,0.31125,0.3269694737933027,0.3278486445326634,NEAR,FAR,0.0,1,,,0.01,100
C2_n0.01_d100_r04,C2,202626,7.32,7.22,0.10000000000000053,0.3095,0.3210954346242226,0.32616034205555317,NEAR,FAR,0.0,1,,,0.01,100
C2_n0.01_d100_r04,C2,202626,7.34,7.24,0.09999999999999964,0.30775,0.31759195434777904,0.3240182451286096,NEAR,FAR,0.0,1,,,0.01,100
C2_n0.01_d100_r04,C2,202626,7.36,7.26,0.10000000000000053,0.306,0.3087876566635749,0.32021059801235097,NEAR,FAR,0.0,1,,,0.01,100
C2_n0.01_d100_r04,C2,202626,7.38,7.28,0.09999999999999964,0.30425,0.3141165658745087,0.3186870899778904,NEAR,NEAR,0.6,1,ENTER_NEAR,,0.01,100
C2_n0.01_d100_r04,C2,202626,7.4,7.3,0.10000000000000053,0.3025,0.3118107423912347,0.31696800308122647,NEAR,NEAR,0.6,1,,,0.01,100
C2_n0.01_d100_r04,C2,202626,7.42,7.32,0.09999999999999964,0.30075,0.31732984764089983,0.3170584642211448,NEAR,NEAR,0.6,1,,,0.01,100
C2_n0.01_d100_r04,C2,202626,7.44,7.34,0.10000000000000053,0.299,0.30163202183528004,0.3132018536246786,NEAR,NEAR,0.6,1,,,0.01,100
C2_n0.01_d100_r04,C2,202626,7.46,7.36,0.09999999999999964,0.29725,0.32579626755720426,0.31635045710781007,NEAR,NEAR,0.6,1,,,0.01,100
C2_n0.01_d100_r04,C2,202626,7.48,7.38,0.10000000000000053,0.2955,0.31522988206779085,0.3160703133478053,NEAR,NEAR,0.6,1,,,0.01,100
C2_n0.01_d100_r04,C2,202626,7.5,7.4,0.09999999999999964,0.29375,0.3044437394750293,0.31316366987961125,NEAR,NEAR,0.6,1,,,0.01,100
C2_n0.01_d100_r04,C2,202626,7.52,7.42,0.09999999999999964,0.29200000000000004,0.27882334193941516,0.30457858789456227,NEAR,NEAR,0.6,1,,,0.01,100
C2_n0.01_d100_r04,C2,202626,7.54,7.44,0.09999999999999964,0.29025,0.3236624084223271,0.30934954302650347,NEAR,NEAR,0.6,1,,,0.01,100
C2_n0.01_d100_r04,C2,202626,7.56,7.46,0.09999999999999964,0.28850000000000003,0.29923774720658464,0.30682159407152376,NEAR,NEAR,0.6,1,,,0.01,100
C2_n0.01_d100_r04,C2,202626,7.58,7.48,0.09999999999999964,0.28675,0.28882582798294365,0.30232265254937873,NEAR,NEAR,0.6,1,,,0.01,100
C2_n0.01_d100_r04,C2,202626,7.6,7.5,0.09999999999999964,0.28500000000000003,0.2868458819071705,0.29845345988882666,NEAR,NEAR,0.6,1,,,0.01,100
C2_n0.01_d100_r04,C2,202626,7.62,7.52,0.10000000000000053,0.28325,0.29331853666722885,0.2971697290834272,NEAR,NEAR,0.6,1,,,0.01,100
C2_n0.01_d100_r04,C2,202626,7.64,7.54,0.09999999999999964,0.28150000000000003,0.2915804979602344,0.295772421302629,NEAR,NEAR,0.6,1,,,0.01,100
C2_n0.01_d100_r04,C2,202626,7.66,7.56,0.10000000000000053,0.27975,0.28880246117995745,0.2940299312719611,NEAR,NEAR,0.6,1,,,0.01,100
C2_n0.01_d100_r04,C2,202626,7.68,7.58,0.09999999999999964,0.278,0.2889829298519796,0.2927681809169657,NEAR,NEAR,0.6,1,,,0.01,100
C2_n0.01_d100_r04,C2,202626,7.7,7.6,0.10000000000000053,0.27625,0.2933132589819468,0.292904450433211,NEAR,NEAR,0.6,1,,,0.01,100
C2_n0.01_d100_r04,C2,202626,7.72,7.62,0.09999999999999964,0.2745,0.28367397941702976,0.2905968326791657,NEAR,NEAR,0.6,1,,,0.01,100
C2_n0.01_d100_r04,C2,202626,7.74,7.64,0.10000000000000053,0.27275,0.2896880905204508,0.290369647139487,NEAR,NEAR,0.6,1,,,0.01,100
C2_n0.01_d100_r04,C2,202626,7.76,7.66,0.09999999999999964,0.271,0.27944697816350056,0.28763897989549037,NEAR,NEAR,0.6,1,,,0.01,100
C2_n0.01_d100_r04,C2,202626,7.78,7.68,0.10000000000000053,0.26925,0.2705434047678096,0.28336508611357014,NEAR,NEAR,0.6,1,,,0.01,100
C2_n0.01_d100_r04,C2,202626,7.8,7.7,0.09999999999999964,0.2675,0.2649447419973397,0.2787600000845125,NEAR,NEAR,0.6,1,,,0.01,100
C2_n0.01_d100_r04,C2,202626,7.82,7.72,0.10000000000000053,0.26575,0.26931874527544863,0.27639968638224655,NEAR,NEAR,0.6,1,,,0.01,100
C2_n0.01_d100_r04,C2,202626,7.84,7.74,0.09999999999999964,0.264,0.28067975188555744,0.27746970275807425,NEAR,NEAR,0.6,1,,,0.01,100
C2_n0.01_d100_r04,C2,202626,7.86,7.76,0.10000000000000053,0.26225,0.2809041421488945,0.2783283126057793,NEAR,NEAR,0.6,1,,,0.01,100
C2_n0.01_d100_r04,C2,202626,7.88,7.78,0.09999999999999964,0.2605,0.275692098663917,0.2776692591203137,NEAR,NEAR,0.6,1,,,0.01,100
C2_n0.01_d100_r04,C2,202626,7.9,7.8,0.10000000000000053,0.25875,0.26442322113130934,0.2743577496230626,NEAR,NEAR,0.6,1,,,0.01,100
C2_n0.01_d100_r04,C2,202626,7.92,7.82,0.09999999999999964,0.257,0.25702564231881625,0.270024722797001,NEAR,NEAR,0.6,1,,,0.01,100
C2_n0.01_d100_r04,C2,202626,7.94,7.84,0.10000000000000053,0.25525,0.26629527778842965,0.26909236154485816,NEAR,NEAR,0.6,1,,,0.01,100
C2_n0.01_d100_r04,C2,202626,7.96,7.86,0.09999999999999964,0.2535,0.25890346736201286,0.2665451379991468,NEAR,NEAR,0.6,1,,,0.01,100
C2_n0.01_d100_r04,C2,202626,7.98,7.88,0.10000000000000053,0.25175,0.27704910949974043,0.26917113087429523,NEAR,NEAR,0.6,1,,,0.01,100
C2_n0.01_d100_r04,C2,202626,8.0,7.9,0.09999999999999964,0.25,0.2707076127077879,0.2695552513326684,NEAR,NEAR,0.6,1,,,0.01,100
C2_n0.01_d100_r04,C2,202626,8.02,7.92,0.09999999999999964,0.2522533838368113,0.2612581479127198,0.26748097547768124,NEAR,NEAR,0.6,1,,,0.01,100
C2_n0.01_d100_r04,C2,202626,8.04,7.94,0.09999999999999876,0.25445562372365543,0.25120468201683666,0.2634119021124701,NEAR,NEAR,0.6,1,,,0.01,100
C2_n0.01_d100_r04,C2,202626,8.06,7.96,0.10000000000000053,0.25655673649976407,0.2585645004359633,0.26220005169334343,NEAR,NEAR,0.6,1,,,0.01,100
C2_n0.01_d100_r04,C2,202626,8.08,7.98,0.09999999999999964,0.25850903423690136,0.24326896390435887,0.2574672797460973,NEAR,NEAR,0.6,1,,,0.01,100
C2_n0.01_d100_r04,C2,202626,8.1,8.0,0.09999999999999964,0.2602682065889303,0.24290783860931314,0.25382741946190124,NEAR,NEAR,0.6,1,,,0.01,100
C2_n0.01_d100_r04,C2,202626,8.12,8.02,0.09999999999999964,0.26179432648204926,0.24936635574884944,0.2527121535336383,NEAR,NEAR,0.6,1,,,0.01,100
C2_n0.01_d100_r04,C2,202626,8.14,8.04,0.10000000000000142,0.26305275632004294,0.26619909928572877,0.2560838899716609,NEAR,NEAR,0.6,1,,,0.01,100
C2_n0.01_d100_r04,C2,202626,8.16,8.06,0.09999999999999964,0.2640149341368492,0.24527262347813256,0.25338107334827886,NEAR,NEAR,0.6,1,,,0.01,100
C2_n0.01_d100_r04,C2,202626,8.18,8.08,0.09999999999999964,0.2646590218535229,0.26598128949140337,0.25653112738406,NEAR,NEAR,0.6,1,,,0.01,100
C2_n0.01_d100_r04,C2,202626,8.2,8.1,0.09999999999999964,0.26497040092642404,0.25676495478733613,0.256589584234879,NEAR,NEAR,0.6,1,,,0.01,100
C2_n0.01_d100_r04,C2,202626,8.22,8.12,0.10000000000000142,0.2649420041371476,0.261447285458043,0.25780400954067,NEAR,NEAR,0.6,1,,,0.01,100
C2_n0.01_d100_r04,C2,202626,8.24,8.14,0.09999999999999964,0.2645744759937201,0.2666344834750858,0.26001162802427397,NEAR,NEAR,0.6,1,,,0.01,100
C2_n0.01_d100_r04,C2,202626,8.26,8.16,0.09999999999999964,0.26387615810251686,0.24995348485328794,0.2574970922315275,NEAR,NEAR,0.6,1,,,0.01,100
C2_n0.01_d100_r04,C2,202626,8.28,8.18,0.09999999999999964,0.26286289984290484,0.24828968278964325,0.2551952398710564,NEAR,NEAR,0.6,1,,,0.01,100
C2_n0.01_d100_r04,C2,202626,8.3,8.2,0.10000000000000142,0.2615576986416368,0.2628812732100089,0.25711674820579455,NEAR,NEAR,0.6,1,,,0.01,100
C2_n0.01_d100_r04,C2,202626,8.32,8.22,0.09999999999999964,0.25999017801151375,0.2773025772189585,0.26216320545908556,NEAR,NEAR,0.6,1,,,0.01,100
C2_n0.01_d100_r04,C2,202626,8.34,8.24,0.09999999999999964,0.25819591520101404,0.26823306890201415,0.2636806713198177,NEAR,NEAR,0.6,1,,,0.01,100
C2_n0.01_d100_r04,C2,202626,8.36,8.26,0.09999999999999964,0.2562156337148993,0.2734669235114718,0.2661272343677312,NEAR,NEAR,0.6,1,,,0.01,100
C2_n0.01_d100_r04,C2,202626,8.38,8.28,0.10000000000000142,0.2540942790327598,0.25863275370791566,0.2642536142027773,NEAR,NEAR,0.6,1,,,0.01,100
C2_n0.01_d100_r04,C2,202626,8.4,8.3,0.09999999999999964,0.25187999850346454,0.2625740365929267,0.26383371980031467,NEAR,NEAR,0.6,1,,,0.01,100
C2_n0.01_d100_r04,C2,202626,8.42,8.32,0.09999999999999964,0.24962304856834994,0.24537964595757494,0.25922020133962975,NEAR,NEAR,0.6,1,,,0.01,100
C2_n0.01_d100_r04,C2,202626,8.44,8.34,0.09999999999999964,0.2473746541153709,0.24719564544870132,0.25621406236689764,NEAR,NEAR,0.6,1,,,0.01,100
C2_n0.01_d100_r04,C2,202626,8.46,8.36,0.10000000000000142,0.24518584585289177,0.2556968472790885,0.2560847585949454,NEAR,NEAR,0.6,1,,,0.01,100
C2_n0.01_d100_r04,C2,202626,8.48,8.38,0.09999999999999964,0.24310630209067763,0.25965720482655635,0.2569778701528481,NEAR,NEAR,0.6,1,,,0.01,100
C2_n0.01_d100_r04,C2,202626,8.5,8.4,0.09999999999999964,0.24118322121561292,0.25622694761911624,0.25679013951941515,NEAR,NEAR,0.6,1,,,0.01,100
C2_n0.01_d100_r04,C2,202626,8.52,8.42,0.09999999999999964,0.2394602504530173,0.24053960921571862,0.252727506943491,NEAR,NEAR,0.6,1,,,0.01,100
C2_n0.01_d100_r04,C2,202626,8.54,8.44,0.09999999999999964,0.23797649522693692,0.2507708289357741,0.25223833744156177,NEAR,NEAR,0.6,1,,,0.01,100
C2_n0.01_d100_r04,C2,202626,8.56,8.46,0.09999999999999964,0.23676563160347566,0.24220624587277498,0.24973031454936506,NEAR,NEAR,0.6,1,,,0.01,100
C2_n0.01_d100_r04,C2,202626,8.58,8.48,0.09999999999999964,0.23585514196160703,0.2500082677519478,0.24979980285001074,NEAR,NEAR,0.6,1,,,0.01,100
C2_n0.01_d100_r04,C2,202626,8.6,8.5,0.09999999999999964,0.23526569123906968,0.24330928892804357,0.24817717436951894,NEAR,NEAR,0.6,1,,,0.01,100
C2_n0.01_d100_r04,C2,202626,8.62,8.52,0.09999999999999964,0.23501065791039116,0.2385068124224519,0.24575958388275218,NEAR,NEAR,0.6,1,,,0.01,100
C2_n0.01_d100_r04,C2,202626,8.64,8.54,0.10000000000000142,0.23509583034219989,0.23008951563412747,0.241842066820596,NEAR,NEAR,0.6,1,,,0.01,100
C2_n0.01_d100_r04,C2,202626,8.66,8.56,0.09999999999999964,0.2355192754175009,0.23824219655549572,0.24094209925432092,NEAR,NEAR,0.6,1,,,0.01,100
C2_n0.01_d100_r04,C2,202626,8.68,8.58,0.09999999999999964,0.23627138241068624,0.24100490748297382,0.24095780131148414,NEAR,NEAR,0.6,1,,,0.01,100
C2_n0.01_d100_r04,C2,202626,8.7,8.6,0.09999999999999964,0.23733508111746973,0.23584357049765065,0.23967924360802578,NEAR,NEAR,0.6,1,,,0.01,100
C2_n0.01_d100_r04,C2,202626,8.72,8.62,0.10000000000000142,0.2386862292889585,0.24065113354397344,0.2399222160920127,NEAR,NEAR,0.6,1,,,0.01,100
C2_n0.01_d100_r04,C2,202626,8.74,8.64,0.09999999999999964,0.24029416057645836,0.2363761868707679,0.2390357087867015,NEAR,NEAR,0.6,1,,,0.01,100
C2_n0.01_d100_r04,C2,202626,8.76,8.66,0.09999999999999964,0.24212238055058052,0.2265086774379229,0.23590395094950686,NEAR,NEAR,0.6,1,,,0.01,100
C2_n0.01_d100_r04,C2,202626,8.78,8.68,0.09999999999999964,0.24412939499744188,0.22814829148043012,0.23396503608223768,NEAR,NEAR,0.6,1,,,0.01,100
C2_n0.01_d100_r04,C2,202626,8.8,8.7,0.10000000000000142,0.24626965169252724,0.2147150257198171,0.22915253349163256,NEAR,NEAR,0.6,1,,,0.01,100
C2_n0.01_d100_r04,C2,202626,8.82,8.72,0.09999999999999964,0.2484945742772318,0.2557203432363492,0.23579448592781171,NEAR,NEAR,0.6,1,,,0.01,100
C2_n0.01_d100_r04,C2,202626,8.84,8.74,0.09999999999999964,0.2507536647726965,0.23441669051206912,0.23545003707387607,NEAR,NEAR,0.6,1,,,0.01,100
C2_n0.01_d100_r04,C2,202626,8.86,8.76,0.09999999999999964,0.25299564970771604,0.2543827457731583,0.2401832142486966,NEAR,NEAR,0.6,1,,,0.01,100
C2_n0.01_d100_r04,C2,202626,8.88,8.78,0.10000000000000142,0.2551696438476178,0.2557715891897912,0.24408030798397023,NEAR,NEAR,0.6,1,,,0.01,100
C2_n0.01_d100_r04,C2,202626,8.9,8.8,0.09999999999999964,0.2572263051115258,0.2478970060913742,0.24503448251082124,NEAR,NEAR,0.6,1,,,0.01,100
C2_n0.01_d100_r04,C2,202626,8.92,8.82,0.09999999999999964,0.25911895446541905,0.2688275675926201,0.25098275378127094,NEAR,NEAR,0.6,1,,,0.01,100
C2_n0.01_d100_r04,C2,202626,8.94,8.84,0.09999999999999964,0.26080463537331855,0.26048197660324507,0.25335755948676447,NEAR,NEAR,0.6,1,,,0.01,100
C2_n0.01_d100_r04,C2,202626,8.96,8.86,0.10000000000000142,0.2622450887607578,0.25828496160927084,0.25458941001739105,NEAR,NEAR,0.6,1,,,0.01,100
C2_n0.01_d100_r04,C2,202626,8.98,8.88,0.09999999999999964,0.263407621362269,0.25272880191824915,0.2541242579926056,NEAR,NEAR,0.6,1,,,0.01,100
C2_n0.01_d100_r04,C2,202626,9.0,8.9,0.09999999999999964,0.2642658477444273,0.25248586437371334,0.25371465958788253,NEAR,NEAR,0.6,1,,,0.01,100
C2_n0.01_d100_r04,C2,202626,9.02,8.92,0.09999999999999964,0.264800289163118,0.26790083727506453,0.257261204009678,NEAR,NEAR,0.6,1,,,0.01,100
C2_n0.01_d100_r04,C2,202626,9.04,8.94,0.09999999999999964,0.2649988156630572,0.2586593342251347,0.25761073656354216,NEAR,NEAR,0.6,1,,,0.01,100
C2_n0.01_d100_r04,C2,202626,9.06,8.96,0.09999999999999964,0.26485692138544975,0.26222370959038427,0.2587639798202527,NEAR,NEAR,0.6,1,,,0.01,100
C2_n0.01_d100_r04,C2,202626,9.08,8.98,0.09999999999999964,0.2643778268352606,0.26989194116226,0.26154597015575454,NEAR,NEAR,0.6,1,,,0.01,100
C2_n0.01_d100_r04,C2,202626,9.1,9.0,0.09999999999999964,0.2635724057869903,0.27038868422021517,0.2637566486718697,NEAR,NEAR,0.6,1,,,0.01,100
C2_n0.01_d100_r04,C2,202626,9.12,9.02,0.09999999999999964,0.2624589384879372,0.27702355194531225,0.2670733744902304,NEAR,NEAR,0.6,1,,,0.01,100
C2_n0.01_d100_r04,C2,202626,9.14,9.04,0.10000000000000142,0.2610626967603726,0.2749838417158426,0.26905099129663346,NEAR,NEAR,0.6,1,,,0.01,100
C2_n0.01_d100_r04,C2,202626,9.16,9.06,0.09999999999999964,0.25941537041936047,0.2586257549426884,0.2664446822081472,NEAR,NEAR,0.6,1,,,0.01,100
C2_n0.01_d100_r04,C2,202626,9.18,9.08,0.09999999999999964,0.2575543480245365,0.2566710723624671,0.26400127974672716,NEAR,NEAR,0.6,1,,,0.01,100
C2_n0.01_d100_r04,C2,202626,9.2,9.1,0.09999999999999964,0.25552186829027024,0.27005571586944127,0.2655148887774057,NEAR,NEAR,0.6,1,,,0.01,100
C2_n0.01_d100_r04,C2,202626,9.22,9.12,0.10000000000000142,0.25336406141424067,0.27168986453315486,0.267058632716343,NEAR,NEAR,0.6,1,,,0.01,100
C2_n0.01_d100_r04,C2,202626,9.24,9.14,0.09999999999999964,0.25112990208291897,0.24857426476530484,0.26243754072858344,NEAR,NEAR,0.6,1,,,0.01,100
C2_n0.01_d100_r04,C2,202626,9.26,9.16,0.09999999999999964,0.24887009791708103,0.2516626469922338,0.259743817294496,NEAR,NEAR,0.6,1,,,0.01,100
C2_n0.01_d100_r04,C2,202626,9.28,9.18,0.09999999999999964,0.24663593858575936,0.24695873974389904,0.25654754790684675,NEAR,NEAR,0.6,1,,,0.01,100
C2_n0.01_d100_r04,C2,202626,9.3,9.2,0.10000000000000142,0.24447813170972976,0.26104104049850285,0.25767092105476075,NEAR,NEAR,0.6,1,,,0.01,100
C2_n0.01_d100_r04,C2,202626,9.32,9.22,0.09999999999999964,0.24244565197546356,0.2508134327262404,0.25595654897263065,NEAR,NEAR,0.6,1,,,0.01,100
C2_n0.01_d100_r04,C2,202626,9.34,9.24,0.09999999999999964,0.2405846295806395,0.23849224515308315,0.2515904730177438,NEAR,NEAR,0.6,1,,,0.01,100
C2_n0.01_d100_r04,C2,202626,9.36,9.26,0.09999999999999964,0.23893730323962742,0.24806064551173393,0.25070801614124133,NEAR,NEAR,0.6,1,,,0.01,100
C2_n0.01_d100_r04,C2,202626,9.38,9.28,0.10000000000000142,0.23754106151206275,0.23590200941960782,0.24700651446083294,NEAR,NEAR,0.6,1,,,0.01,100
C2_n0.01_d100_r04,C2,202626,9.4,9.3,0.09999999999999964,0.23642759421300968,0.2653005360640638,0.2515800198616407,NEAR,NEAR,0.6,1,,,0.01,100
C2_n0.01_d100_r04,C2,202626,9.42,9.32,0.09999999999999964,0.23562217316473935,0.24398298199735877,0.24968076039557022,NEAR,NEAR,0.6,1,,,0.01,100
C2_n0.01_d100_r04,C2,202626,9.44,9.34,0.09999999999999964,0.23514307861455025,0.23366128142805676,0.24567589065369186,NEAR,NEAR,0.6,1,,,0.01,100
C2_n0.01_d100_r04,C2,202626,9.46,9.36,0.10000000000000142,0.23500118433694275,0.22126265242568827,0.23957258109669094,NEAR,NEAR,0.6,1,,,0.01,100
C2_n0.01_d100_r04,C2,202626,9.48,9.38,0.09999999999999964,0.235199710836882,0.23239194569734456,0.23777742224685436,NEAR,NEAR,0.6,1,,,0.01,100
C2_n0.01_d100_r04,C2,202626,9.5,9.4,0.09999999999999964,0.2357341522555727,0.24648133482588733,0.2399534003916126,NEAR,NEAR,0.6,1,,,0.01,100
C2_n0.01_d100_r04,C2,202626,9.52,9.42,0.09999999999999964,0.23659237863773103,0.24960215353414622,0.242365588677246,NEAR,NEAR,0.6,1,,,0.01,100
C2_n0.01_d100_r04,C2,202626,9.54,9.44,0.09999999999999964,0.2377549112392422,0.23213443188823416,0.23980779947999303,NEAR,NEAR,0.6,1,,,0.01,100
C2_n0.01_d100_r04,C2,202626,9.56,9.46,0.09999999999999964,0.23919536462668142,0.233224807513719,0.23816205148842454,NEAR,NEAR,0.6,1,,,0.01,100
C2_n0.01_d100_r04,C2,202626,9.58,9.48,0.09999999999999964,0.24088104553458092,0.24221251389672688,0.23917466709050011,NEAR,NEAR,0.6,1,,,0.01,100
C2_n0.01_d100_r04,C2,202626,9.6,9.5,0.09999999999999964,0.24277369488847422,0.24575051497553096,0.24081862906175783,NEAR,NEAR,0.6,1,,,0.01,100
C2_n0.01_d100_r04,C2,202626,9.62,9.52,0.09999999999999964,0.24483035615238213,0.24419517862756185,0.24166276645320883,NEAR,NEAR,0.6,1,,,0.01,100
C2_n0.01_d100_r04,C2,202626,9.64,9.54,0.10000000000000142,0.24700435029228393,0.23890189961889863,0.24097254974463128,NEAR,NEAR,0.6,1,,,0.01,100
C2_n0.01_d100_r04,C2,202626,9.66,9.56,0.09999999999999964,0.24924633522730347,0.2298698579766876,0.23819687680264534,NEAR,NEAR,0.6,1,,,0.01,100
C2_n0.01_d100_r04,C2,202626,9.68,9.58,0.09999999999999964,0.2515054257227682,0.23974686108400436,0.2385843728729851,NEAR,NEAR,0.6,1,,,0.01,100
C2_n0.01_d100_r04,C2,202626,9.7,9.6,0.09999999999999964,0.25373034830747276,0.2355911607661632,0.23783606984627964,NEAR,NEAR,0.6,1,,,0.01,100
C2_n0.01_d100_r04,C2,202626,9.72,9.62,0.10000000000000142,0.2558706050025581,0.25034293324167184,0.2409627856951277,NEAR,NEAR,0.6,1,,,0.01,100
C2_n0.01_d100_r04,C2,202626,9.74,9.64,0.09999999999999964,0.25787761944941945,0.24557894490173182,0.2421168254967787,NEAR,NEAR,0.6,1,,,0.01,100
C2_n0.01_d100_r04,C2,202626,9.76,9.66,0.09999999999999964,0.25970583942354164,0.24515440743165468,0.24287622098049771,NEAR,NEAR,0.6,1,,,0.01,100
C2_n0.01_d100_r04,C2,202626,9.78,9.68,0.09999999999999964,0.2613137707110415,0.2497607399993047,0.24459735073519945,NEAR,NEAR,0.6,1,,,0.01,100
C2_n0.01_d100_r04,C2,202626,9.8,9.7,0.10000000000000142,0.26266491888253024,0.24441494303560385,0.24455174881030053,NEAR,NEAR,0.6,1,,,0.01,100
C2_n0.01_d100_r04,C2,202626,9.82,9.72,0.09999999999999964,0.26372861758931376,0.2547548755964878,0.24710253050684736,NEAR,NEAR,0.6,1,,,0.01,100
C2_n0.01_d100_r04,C2,202626,9.84,9.74,0.09999999999999964,0.2644807245824991,0.2539151641086117,0.24880568890728844,NEAR,NEAR,0.6,1,,,0.01,100
C2_n0.01_d100_r04,C2,202626,9.86,9.76,0.09999999999999964,0.2649041696578001,0.25900925291085836,0.2513565799081809,NEAR,NEAR,0.6,1,,,0.01,100
C2_n0.01_d100_r04,C2,202626,9.88,9.78,0.10000000000000142,0.26498934208960884,0.25875449190807315,0.2532060579081539,NEAR,NEAR,0.6,1,,,0.01,100
C2_n0.01_d100_r04,C2,202626,9.9,9.8,0.09999999999999964,0.26473430876093035,0.2584727043130944,0.25452271950938904,NEAR,NEAR,0.6,1,,,0.01,100
C2_n0.01_d100_r04,C2,202626,9.92,9.82,0.09999999999999964,0.264144858038393,0.26896586144266854,0.25813350499270893,NEAR,NEAR,0.6,1,,,0.01,100
C2_n0.01_d100_r04,C2,202626,9.94,9.84,0.09999999999999964,0.2632343683965243,0.2634211644265107,0.2594554198511594,NEAR,NEAR,0.6,1,,,0.01,100
C2_n0.01_d100_r04,C2,202626,9.96,9.86,0.10000000000000142,0.2620235047730631,0.2586443885524377,0.25925266202647895,NEAR,NEAR,0.6,1,,,0.01,100
C2_n0.01_d100_r04,C2,202626,9.98,9.88,0.09999999999999964,0.2605397495469827,0.28746063058753096,0.2663046541667419,NEAR,NEAR,0.6,1,,,0.01,100
C2_n0.01_d100_r04,C2,202626,10.0,9.9,0.09999999999999964,0.2588167787843871,0.27469337544492756,0.2684018344862883,NEAR,NEAR,0.6,1,,,0.01,100
C2_n0.01_d100_r04,C2,202626,10.02,9.92,0.09999999999999964,0.25689369790932237,0.27267244513849803,0.2694694871493407,NEAR,NEAR,0.6,1,,,0.01,100
C2_n0.01_d100_r04,C2,202626,10.04,9.94,0.09999999999999964,0.25481415414710823,0.2578132470467718,0.2665554271236985,NEAR,NEAR,0.6,1,,,0.01,100
C2_n0.01_d100_r04,C2,202626,10.06,9.96,0.09999999999999964,0.2526253458846291,0.24932561304423034,0.26224797360383145,NEAR,NEAR,0.6,1,,,0.01,100
C2_n0.01_d100_r04,C2,202626,10.08,9.98,0.09999999999999964,0.25037695143165006,0.2609765410859709,0.2619301154743663,NEAR,NEAR,0.6,1,,,0.01,100
C2_n0.01_d100_r04,C2,202626,10.1,10.0,0.09999999999999964,0.24812000149653549,0.2365085680998673,0.25557472863074154,NEAR,NEAR,0.6,1,,,0.01,100
C2_n0.01_d100_r04,C2,202626,10.12,10.02,0.09999999999999964,0.24590572096724023,0.26736712141525676,0.25852282682687033,NEAR,NEAR,0.6,1,,,0.01,100
C2_n0.01_d100_r04,C2,202626,10.14,10.04,0.10000000000000142,0.24378436628510067,0.26265831373187976,0.2595566985531227,NEAR,NEAR,0.6,1,,,0.01,100
C2_n0.01_d100_r04,C2,202626,10.16,10.06,0.09999999999999964,0.24180408479898596,0.24593697717254193,0.25615176820797747,NEAR,NEAR,0.6,1,,,0.01,100
C2_n0.01_d100_r04,C2,202626,10.18,10.08,0.09999999999999964,0.24000982198848625,0.2492296987834071,0.25442125085183487,NEAR,NEAR,0.6,1,,,0.01,100
C2_n0.01_d100_r04,C2,202626,10.2,10.1,0.09999999999999964,0.23844230135836322,0.23396113395095647,0.24930622162661525,NEAR,NEAR,0.6,1,,,0.01,100
C2_n0.01_d100_r04,C2,202626,10.22,10.12,0.10000000000000142,0.2371371001570952,0.24156672406030194,0.2473713472350369,NEAR,NEAR,0.6,1,,,0.01,100
C2_n0.01_d100_r04,C2,202626,10.24,10.14,0.09999999999999964,0.23612384189748312,0.25586320512666455,0.24949431170794378,NEAR,NEAR,0.6,1,,,0.01,100
C2_n0.01_d100_r04,C2,202626,10.26,10.16,0.09999999999999964,0.2354255240062799,0.23132692931849258,0.24495246611058097,NEAR,NEAR,0.6,1,,,0.01,100
C2_n0.01_d100_r04,C2,202626,10.28,10.18,0.09999999999999964,0.23505799586285242,0.2396442335457833,0.24362540796938154,NEAR,NEAR,0.6,1,,,0.01,100
C2_n0.01_d100_r04,C2,202626,10.3,10.2,0.10000000000000142,0.23502959907357593,0.2494877552753844,0.24509099479588223,NEAR,NEAR,0.6,1,,,0.01,100
C2_n0.01_d100_r04,C2,202626,10.32,10.22,0.09999999999999964,0.23534097814647711,0.24335963652930948,0.24465815522923903,NEAR,NEAR,0.6,1,,,0.01,100
C2_n0.01_d100_r04,C2,202626,10.34,10.24,0.09999999999999964,0.23598506586315082,0.2195545159709889,0.2383822454146765,NEAR,NEAR,0.6,1,,,0.01,100
C2_n0.01_d100_r04,C2,202626,10.36,10.26,0.09999999999999964,0.23694724367995706,0.23011183891843293,0.23631464379061562,NEAR,NEAR,0.6,1,,,0.01,100
C2_n0.01_d100_r04,C2,202626,10.38,10.28,0.10000000000000142,0.23820567351795077,0.23842025754980575,0.23684104723041316,NEAR,NEAR,0.6,1,,,0.01,100
C2_n0.01_d100_r04,C2,202626,10.4,10.3,0.09999999999999964,0.2397317934110697,0.2173333414830759,0.23196412079357884,NEAR,NEAR,0.6,1,,,0.01,100
C2_n0.01_d100_r04,C2,202626,10.42,10.32,0.09999999999999964,0.24149096576309861,0.22596335560697686,0.23046392949692834,NEAR,NEAR,0.6,1,,,0.01,100
C2_n0.01_d100_r04,C2,202626,10.44,10.34,0.09999999999999964,0.24344326350023596,0.23560202034863467,0.2317484522098549,NEAR,NEAR,0.6,1,,,0.01,100
C2_n0.01_d100_r04,C2,202626,10.46,10.36,0.10000000000000142,0.2455443762763446,0.2288028065264394,0.231012040789001,NEAR,NEAR,0.6,1,,,0.01,100
C2_n0.01_d100_r04,C2,202626,10.48,10.38,0.09999999999999964,0.24774661616318866,0.22571662530047315,0.22968818691686904,NEAR,NEAR,0.6,1,,,0.01,100
C2_n0.01_d100_r04,C2,202626,10.5,10.4,0.09999999999999964,0.25,0.23287136339855488,0.2304839810372905,NEAR,NEAR,0.6,1,,,0.01,100
C2_n0.01_d100_r04,C2,202626,10.52,10.42,0.09999999999999964,0.2522533838368113,0.23316216067968545,0.23115352594788924,NEAR,NEAR,0.6,1,,,0.01,100
C2_n0.01_d100_r04,C2,202626,10.54,10.44,0.09999999999999964,0.2544556237236554,0.23922472370483697,0.23317132538712618,NEAR,NEAR,0.6,1,,,0.01,100
C2_n0.01_d100_r04,C2,202626,10.56,10.46,0.09999999999999964,0.256556736499764,0.24825693127313708,0.2369427268586289,NEAR,NEAR,0.6,1,,,0.01,100
C2_n0.01_d100_r04,C2,202626,10.58,10.48,0.09999999999999964,0.25850903423690136,0.22925082422340348,0.23501975119982255,NEAR,NEAR,0.6,1,,,0.01,100
C2_n0.01_d100_r04,C2,202626,10.6,10.5,0.09999999999999964,0.2602682065889303,0.22706832202028068,0.2330318939049371,NEAR,NEAR,0.6,1,,,0.01,100
C2_n0.01_d100_r04,C2,202626,10.62,10.52,0.09999999999999964,0.2617943264820492,0.2634814474201969,0.24064428228375206,NEAR,NEAR,0.6,1,,,0.01,100
C2_n0.01_d100_r04,C2,202626,10.64,10.54,0.10000000000000142,0.26305275632004294,0.26818496516162643,0.24752945300322066,NEAR,NEAR,0.6,1,,,0.01,100
C2_n0.01_d100_r04,C2,202626,10.66,10.56,0.09999999999999964,0.2640149341368492,0.26140192522976013,0.25099757105985554,NEAR,NEAR,0.6,1,,,0.01,100
C2_n0.01_d100_r04,C2,202626,10.68,10.58,0.09999999999999964,0.2646590218535229,0.24727322025161308,0.2500664833577949,NEAR,NEAR,0.6,1,,,0.01,100
C2_n0.01_d100_r04,C2,202626,10.7,10.6,0.09999999999999964,0.26497040092642404,0.23132435635168372,0.2453809516062671,NEAR,NEAR,0.6,1,,,0.01,100
C2_n0.01_d100_r04,C2,202626,10.72,10.62,0.10000000000000142,0.2649420041371476,0.25323178796501883,0.24734366069595504,NEAR,NEAR,0.6,1,,,0.01,100
C2_n0.01_d100_r04,C2,202626,10.74,10.64,0.09999999999999964,0.2645744759937201,0.2721447080130741,0.25354392252523483,NEAR,NEAR,0.6,1,,,0.01,100
C2_n0.01_d100_r04,C2,202626,10.76,10.66,0.09999999999999964,0.26387615810251686,0.26364196559622716,0.2560684332929829,NEAR,NEAR,0.6,1,,,0.01,100
C2_n0.01_d100_r04,C2,202626,10.78,10.68,0.09999999999999964,0.26286289984290484,0.26215688324217173,0.2575905457802801,NEAR,NEAR,0.6,1,,,0.01,100
C2_n0.01_d100_r04,C2,202626,10.8,10.7,0.10000000000000142,0.2615576986416368,0.2698352430859899,0.26065172010670756,NEAR,NEAR,0.6,1,,,0.01,100
C2_n0.01_d100_r04,C2,202626,10.82,10.72,0.09999999999999964,0.25999017801151375,0.2522631458481125,0.2585545765420588,NEAR,NEAR,0.6,1,,,0.01,100
C2_n0.01_d100_r04,C2,202626,10.84,10.74,0.09999999999999964,0.25819591520101404,0.2644259645205322,0.26002242353667715,NEAR,NEAR,0.6,1,,,0.01,100
C2_n0.01_d100_r04,C2,202626,10.86,10.76,0.09999999999999964,0.25621563371489936,0.25366891767930505,0.25843404707233414,NEAR,NEAR,0.6,1,,,0.01,100
C2_n0.01_d100_r04,C2,202626,10.88,10.78,0.10000000000000142,0.2540942790327598,0.28923614668604936,0.26613457197576296,NEAR,NEAR,0.6,1,,,0.01,100
C2_n0.01_d100_r04,C2,202626,10.9,10.8,0.09999999999999964,0.2518799985034645,0.2627369160387383,0.26528515799150676,NEAR,NEAR,0.6,1,,,0.01,100
C2_n0.01_d100_r04,C2,202626,10.92,10.82,0.09999999999999964,0.24962304856834996,0.26336990780264047,0.26480634544429016,NEAR,NEAR,0.6,1,,,0.01,100
C2_n0.01_d100_r04,C2,202626,10.94,10.84,0.09999999999999964,0.24737465411537093,0.24903988580097597,0.2608647305334616,NEAR,NEAR,0.6,1,,,0.01,100
C2_n0.01_d100_r04,C2,202626,10.96,10.86,0.10000000000000142,0.24518584585289174,0.2544992602707694,0.2592733629677886,NEAR,NEAR,0.6,1,,,0.01,100
C2_n0.01_d100_r04,C2,202626,10.98,10.88,0.09999999999999964,0.24310630209067766,0.2574347984886479,0.25881372184800344,NEAR,NEAR,0.6,1,,,0.01,100
C2_n0.01_d100_r04,C2,202626,11.0,10.9,0.09999999999999964,0.24118322121561292,0.2522653396275249,0.2571766262928838,NEAR,NEAR,0.6,1,,,0.01,100
C2_n0.01_d100_r04,C2,202626,11.02,10.92,0.09999999999999964,0.2394602504530173,0.2385498661784022,0.2525199362642634,NEAR,NEAR,0.6,1,,,0.01,100
C2_n0.01_d100_r04,C2,202626,11.04,10.94,0.09999999999999964,0.23797649522693692,0.24521153191108613,0.2506928351759691,NEAR,NEAR,0.6,1,,,0.01,100
C2_n0.01_d100_r04,C2,202626,11.06,10.96,0.09999999999999964,0.2367656316034757,0.24471518397614156,0.2491984223760122,NEAR,NEAR,0.6,1,,,0.01,100
C2_n0.01_d100_r04,C2,202626,11.08,10.98,0.09999999999999964,0.23585514196160703,0.24000922641491798,0.24690112338573864,NEAR,NEAR,0.6,1,,,0.01,100
C2_n0.01_d100_r04,C2,202626,11.1,11.0,0.09999999999999964,0.23526569123906968,0.23425973378503073,0.24374077598556165,NEAR,NEAR,0.6,1,,,0.01,100
C2_n0.01_d100_r04,C2,202626,11.12,11.02,0.09999999999999964,0.23501065791039116,0.23708497744535725,0.24207682635051056,NEAR,NEAR,0.6,1,,,0.01,100
C2_n0.01_d100_r04,C2,202626,11.14,11.04,0.10000000000000142,0.23509583034219989,0.23829710082505834,0.2411318949691475,NEAR,NEAR,0.6,1,,,0.01,100
C2_n0.01_d100_r04,C2,202626,11.16,11.06,0.09999999999999964,0.2355192754175009,0.2456261803376142,0.24225546631126418,NEAR,NEAR,0.6,1,,,0.01,100
C2_n0.01_d100_r04,C2,202626,11.18,11.08,0.09999999999999964,0.2362713824106862,0.23730218531540434,0.24101714606229924,NEAR,NEAR,0.6,1,,,0.01,100
C2_n0.01_d100_r04,C2,202626,11.2,11.1,0.09999999999999964,0.23733508111746973,0.2225287348274717,0.23639504325359237,NEAR,NEAR,0.6,1,,,0.01,100
C2_n0.01_d100_r04,C2,202626,11.22,11.12,0.10000000000000142,0.23868622928895847,0.23648627458725358,0.23641785108700766,NEAR,NEAR,0.6,1,,,0.01,100
C2_n0.01_d100_r04,C2,202626,11.24,11.14,0.09999999999999964,0.24029416057645833,0.23656367918090032,0.23645430811048085,NEAR,NEAR,0.6,1,,,0.01,100
C2_n0.01_d100_r04,C2,202626,11.26,11.16,0.09999999999999964,0.24212238055058055,0.2252953208790466,0.23366456130262228,NEAR,NEAR,0.6,1,,,0.01,100
C2_n0.01_d100_r04,C2,202626,11.28,11.18,0.09999999999999964,0.2441293949974419,0.24050806385409612,0.23537543694049073,NEAR,NEAR,0.6,1,,,0.01,100
C2_n0.01_d100_r04,C2,202626,11.3,11.2,0.10000000000000142,0.24626965169252724,0.23194046043401342,0.23451669281387139,NEAR,NEAR,0.6,1,,,0.01,100
C2_n0.01_d100_r04,C2,202626,11.32,11.22,0.09999999999999964,0.2484945742772318,0.21990294662527846,0.23086325626672316,NEAR,NEAR,0.6,1,,,0.01,100
C2_n0.01_d100_r04,C2,202626,11.34,11.24,0.09999999999999964,0.25075366477269656,0.22678986597889791,0.22984490869476684,NEAR,NEAR,0.6,1,,,0.01,100
C2_n0.01_d100_r04,C2,202626,11.36,11.26,0.09999999999999964,0.252995649707716,0.24930461540419235,0.23470983537212323,NEAR,NEAR,0.6,1,,,0.01,100
C2_n0.01_d100_r04,C2,202626,11.38,11.28,0.10000000000000142,0.2551696438476178,0.23439599195908198,0.23463137451886293,NEAR,NEAR,0.6,1,,,0.01,100
C2_n0.01_d100_r04,C2,202626,11.4,11.3,0.09999999999999964,0.2572263051115258,0.26187873053209243,0.2414432135221703,NEAR,NEAR,0.6,1,,,0.01,100
C2_n0.01_d100_r04,C2,202626,11.42,11.32,0.09999999999999964,0.25911895446541905,0.26307915000536564,0.24685219764296915,NEAR,NEAR,0.6,1,,,0.01,100
C2_n0.01_d100_r04,C2,202626,11.44,11.34,0.09999999999999964,0.26080463537331855,0.26309219358912966,0.25091219662950925,NEAR,NEAR,0.6,1,,,0.01,100
C2_n0.01_d100_r04,C2,202626,11.46,11.36,0.10000000000000142,0.2622450887607578,0.2683188110582796,0.25526385023670184,NEAR,NEAR,0.6,1,,,0.01,100
C2_n0.01_d100_r04,C2,202626,11.48,11.38,0.09999999999999964,0.263407621362269,0.2648168149983035,0.25765209142710227,NEAR,NEAR,0.6,1,,,0.01,100
C2_n0.01_d100_r04,C2,202626,11.5,11.4,0.09999999999999964,0.2642658477444273,0.2621703866505632,0.2587816652329675,NEAR,NEAR,0.6,1,,,0.01,100
C2_n0.01_d100_r04,C2,202626,11.52,11.42,0.09999999999999964,0.264800289163118,0.23245668238284803,0.2522004195204376,NEAR,NEAR,0.6,1,,,0.01,100
C2_n0.01_d100_r04,C2,202626,11.54,11.44,0.09999999999999964,0.2649988156630572,0.26098886754348055,0.2543975315261983,NEAR,NEAR,0.6,1,,,0.01,100
C2_n0.01_d100_r04,C2,202626,11.56,11.46,0.09999999999999964,0.26485692138544975,0.26324058546085943,0.2566082950098636,NEAR,NEAR,0.6,1,,,0.01,100
C2_n0.01_d100_r04,C2,202626,11.58,11.48,0.09999999999999964,0.2643778268352606,0.24909210810162066,0.25472924828280286,NEAR,NEAR,0.6,1,,,0.01,100
C2_n0.01_d100_r04,C2,202626,11.6,11.5,0.09999999999999964,0.2635724057869903,0.27576859279167826,0.2599890844100217,NEAR,NEAR,0.6,1,,,0.01,100
C2_n0.01_d100_r04,C2,202626,11.62,11.52,0.09999999999999964,0.2624589384879373,0.2528920795151116,0.25821483318629423,NEAR,NEAR,0.6,1,,,0.01,100
C2_n0.01_d100_r04,C2,202626,11.64,11.54,0.10000000000000142,0.2610626967603726,0.2503355667112573,0.256245016567535,NEAR,NEAR,0.6,1,,,0.01,100
C2_n0.01_d100_r04,C2,202626,11.66,11.56,0.09999999999999964,0.2594153704193605,0.2669624983583595,0.2589243870152411,NEAR,NEAR,0.6,1,,,0.01,100
C2_n0.01_d100_r04,C2,202626,11.68,11.58,0.09999999999999964,0.2575543480245365,0.26669123505261144,0.2608660990245837,NEAR,NEAR,0.6,1,,,0.01,100
C2_n0.01_d100_r04,C2,202626,11.7,11.6,0.09999999999999964,0.25552186829027024,0.2744456509727585,0.26426098701162737,NEAR,NEAR,0.6,1,,,0.01,100
C2_n0.01_d100_r04,C2,202626,11.72,11.62,0.10000000000000142,0.25336406141424067,0.2902980382341743,0.2707702498172641,NEAR,NEAR,0.6,1,,,0.01,100
C2_n0.01_d100_r04,C2,202626,11.74,11.64,0.09999999999999964,0.25112990208291897,0.2525078108094313,0.26620464006530586,NEAR,NEAR,0.6,1,,,0.01,100
C2_n0.01_d100_r04,C2,202626,11.76,11.66,0.09999999999999964,0.24887009791708103,0.26709644781119213,0.26642759200177746,NEAR,NEAR,0.6,1,,,0.01,100
C2_n0.01_d100_r04,C2,202626,11.78,11.68,0.09999999999999964,0.24663593858575936,0.2731603983187615,0.26811079358102347,NEAR,NEAR,0.6,1,,,0.01,100
C2_n0.01_d100_r04,C2,202626,11.8,11.7,0.10000000000000142,0.2444781317097298,0.25687137485189343,0.26530093889874096,NEAR,NEAR,0.6,1,,,0.01,100
C2_n0.01_d100_r04,C2,202626,11.82,11.72,0.09999999999999964,0.24244565197546356,0.25494379770566816,0.26271165360047277,NEAR,NEAR,0.6,1,,,0.01,100
C2_n0.01_d100_r04,C2,202626,11.84,11.74,0.09999999999999964,0.2405846295806395,0.264120892625008,0.2630639633566066,NEAR,NEAR,0.6,1,,,0.01,100
C2_n0.01_d100_r04,C2,202626,11.86,11.76,0.09999999999999964,0.23893730323962745,0.2506855804181374,0.2599693676219893,NEAR,NEAR,0.6,1,,,0.01,100
C2_n0.01_d100_r04,C2,202626,11.88,11.78,0.10000000000000142,0.23754106151206278,0.2515894554187713,0.2578743895711848,NEAR,NEAR,0.6,1,,,0.01,100
C2_n0.01_d100_r04,C2,202626,11.9,11.8,0.09999999999999964,0.23642759421300968,0.2330113689055845,0.25165863440478475,NEAR,NEAR,0.6,1,,,0.01,100
C2_n0.01_d100_r04,C2,202626,11.92,11.82,0.09999999999999964,0.23562217316473938,0.24557239949795334,0.2501370756780769,NEAR,NEAR,0.6,1,,,0.01,100
C2_n0.01_d100_r04,C2,202626,11.94,11.84,0.09999999999999964,0.23514307861455025,0.24039793655193548,0.24770229089654155,NEAR,NEAR,0.6,1,,,0.01,100
C2_n0.01_d100_r04,C2,202626,11.96,11.86,0.10000000000000142,0.23500118433694275,0.23700380393642792,0.24502766915651314,NEAR,NEAR,0.6,1,,,0.01,100
C2_n0.01_d100_r04,C2,202626,11.98,11.88,0.09999999999999964,0.235199710836882,0.23997689149974336,0.24376497474232067,NEAR,NEAR,0.6,1,,,0.01,100
C2_n0.01_d100_r04,C2,202626,12.0,11.9,0.09999999999999964,0.25,0.22946294585989813,0.24018946752171502,NEAR,NEAR,0.6,1,,,0.01,100
C2_n0.01_d100_r04,C2,202626,12.02,11.92,0.09999999999999964,0.25175,0.232701670769932,0.23831751833376927,NEAR,NEAR,0.6,1,,,0.01,100
C2_n0.01_d100_r04,C2,202626,12.04,11.94,0.09999999999999964,0.25349999999999995,0.22941256377975394,0.23609127969526544,NEAR,NEAR,0.6,1,,,0.01,100
C2_n0.01_d100_r04,C2,202626,12.06,11.96,0.09999999999999964,0.25525000000000003,0.23310516432513195,0.23534475085273207,NEAR,NEAR,0.6,1,,,0.01,100
C2_n0.01_d100_r04,C2,202626,12.08,11.98,0.09999999999999964,0.257,0.23205655108275874,0.23452270091023875,NEAR,NEAR,0.6,1,,,0.01,100
C2_n0.01_d100_r04,C2,202626,12.1,12.0,0.09999999999999964,0.25875,0.24348354525954738,0.2367629119975659,NEAR,NEAR,0.6,1,,,0.01,100
C2_n0.01_d100_r04,C2,202626,12.12,12.02,0.09999999999999964,0.26049999999999995,0.24617436705681767,0.23911577576237886,NEAR,NEAR,0.6,1,,,0.01,100
C2_n0.01_d100_r04,C2,202626,12.14,12.04,0.10000000000000142,0.26225000000000004,0.23696171762307355,0.23857726122755252,NEAR,NEAR,0.6,1,,,0.01,100
C2_n0.01_d100_r04,C2,202626,12.16,12.06,0.09999999999999964,0.264,0.2621857277503625,0.24447937785825502,NEAR,NEAR,0.6,1,,,0.01,100
C2_n0.01_d100_r04,C2,202626,12.18,12.08,0.09999999999999964,0.26575,0.27334248616031737,0.2516951549337706,NEAR,NEAR,0.6,1,,,0.01,100
C2_n0.01_d100_r04,C2,202626,12.2,12.1,0.09999999999999964,0.26749999999999996,0.2612797099448967,0.25409129368655214,NEAR,NEAR,0.6,1,,,0.01,100
C2_n0.01_d100_r04,C2,202626,12.22,12.12,0.10000000000000142,0.26925000000000004,0.2553024238535468,0.2543940762283008,NEAR,NEAR,0.6,1,,,0.01,100
C2_n0.01_d100_r04,C2,202626,12.24,12.14,0.09999999999999964,0.271,0.2690212445592687,0.25805086831104274,NEAR,NEAR,0.6,1,,,0.01,100
C2_n0.01_d100_r04,C2,202626,12.26,12.16,0.09999999999999964,0.27275,0.26159288487932464,0.2589363724531132,NEAR,NEAR,0.6,1,,,0.01,100
C2_n0.01_d100_r04,C2,202626,12.28,12.18,0.09999999999999964,0.27449999999999997,0.28259499093222634,0.2648510270728915,NEAR,NEAR,0.6,1,,,0.01,100
C2_n0.01_d100_r04,C2,202626,12.3,12.2,0.10000000000000142,0.27625000000000005,0.2684950750492329,0.2657620390669769,NEAR,NEAR,0.6,1,,,0.01,100
C2_n0.01_d100_r04,C2,202626,12.32,12.22,0.09999999999999964,0.278,0.2702386432390825,0.2668811901100033,NEAR,NEAR,0.6,1,,,0.01,100
C2_n0.01_d100_r04,C2,202626,12.34,12.24,0.09999999999999964,0.27975,0.26276393174560136,0.2658518755189028,NEAR,NEAR,0.6,1,,,0.01,100
C2_n0.01_d100_r04,C2,202626,12.36,12.26,0.09999999999999964,0.2815,0.2784584868352933,0.26900352834800045,NEAR,NEAR,0.6,1,,,0.01,100
C2_n0.01_d100_r04,C2,202626,12.38,12.28,0.10000000000000142,0.28325000000000006,0.2935128853912769,0.27513086760881955,NEAR,NEAR,0.6,1,,,0.01,100
C2_n0.01_d100_r04,C2,202626,12.4,12.3,0.09999999999999964,0.28500000000000003,0.2739382392205637,0.2748327105117556,NEAR,NEAR,0.6,1,,,0.01,100
C2_n0.01_d100_r04,C2,202626,12.42,12.32,0.09999999999999964,0.28675,0.27011483057978236,0.2736532405287623,NEAR,NEAR,0.6,1,,,0.01,100
C2_n0.01_d100_r04,C2,202626,12.44,12.34,0.09999999999999964,0.2885,0.2805026292522559,0.2753655877096357,NEAR,NEAR,0.6,1,,,0.01,100
C2_n0.01_d100_r04,C2,202626,12.46,12.36,0.10000000000000142,0.29025000000000006,0.2867638948654271,0.2782151644985835,NEAR,NEAR,0.6,1,,,0.01,100
C2_n0.01_d100_r04,C2,202626,12.48,12.38,0.09999999999999964,0.29200000000000004,0.27338017879998383,0.2770064180739336,NEAR,NEAR,0.6,1,,,0.01,100
C2_n0.01_d100_r04,C2,202626,12.5,12.4,0.09999999999999964,0.29375,0.2951750694831445,0.28154858092623636,NEAR,NEAR,0.6,1,,,0.01,100
C2_n0.01_d100_r04,C2,202626,12.52,12.42,0.09999999999999964,0.2955,0.27745926826804335,0.2805262527616881,NEAR,NEAR,0.6,1,,,0.01,100
C2_n0.01_d100_r04,C2,202626,12.54,12.44,0.09999999999999964,0.2972499999999999,0.2836060884642709,0.28129621168733376,NEAR,NEAR,0.6,1,,,0.01,100
C2_n0.01_d100_r04,C2,202626,12.56,12.46,0.09999999999999964,0.29900000000000004,0.30061374592420187,0.2861255952465508,NEAR,NEAR,0.6,1,,,0.01,100
C2_n0.01_d100_r04,C2,202626,12.58,12.48,0.09999999999999964,0.30075,0.29332986736019245,0.2879266632749612,NEAR,NEAR,0.6,1,,,0.01,100
C2_n0.01_d100_r04,C2,202626,12.6,12.5,0.09999999999999964,0.3025,0.3195027296288727,0.2958206798634391,NEAR,NEAR,0.6,1,,,0.01,100
C2_n0.01_d100_r04,C2,202626,12.62,12.52,0.09999999999999964,0.3042499999999999,0.28586479953727056,0.29333170978189693,NEAR,NEAR,0.6,1,,,0.01,100
C2_n0.01_d100_r04,C2,202626,12.64,12.54,0.10000000000000142,0.30600000000000005,0.30019191000926243,0.2950467598387383,NEAR,NEAR,0.6,1,,,0.01,100
C2_n0.01_d100_r04,C2,202626,12.66,12.56,0.09999999999999964,0.30775,0.3265653884507721,0.3029264169917467,NEAR,NEAR,0.6,1,,,0.01,100
C2_n0.01_d100_r04,C2,202626,12.68,12.58,0.09999999999999964,0.3095,0.2864689008323925,0.29881203795190814,NEAR,NEAR,0.6,1,,,0.01,100
C2_n0.01_d100_r04,C2,202626,12.7,12.6,0.09999999999999964,0.3112499999999999,0.2941861213517842,0.29765555880187716,NEAR,NEAR,0.6,1,,,0.01,100
C2_n0.01_d100_r04,C2,202626,12.72,12.62,0.10000000000000142,0.31300000000000006,0.30503743309836595,0.2995010273759994,NEAR,NEAR,0.6,1,,,0.01,100
C2_n0.01_d100_r04,C2,202626,12.74,12.64,0.09999999999999964,0.31475000000000003,0.31452671235479396,0.30325744862069803,NEAR,NEAR,0.6,1,,,0.01,100
C2_n0.01_d100_r04,C2,202626,12.76,12.66,0.09999999999999964,0.3165,0.30246253605895074,0.3030587204802612,NEAR,NEAR,0.6,1,,,0.01,100
C2_n0.01_d100_r04,C2,202626,12.78,12.68,0.09999999999999964,0.3182499999999999,0.29833791810452354,0.3018785198863268,NEAR,NEAR,0.6,1,,,0.01,100
C2_n0.01_d100_r04,C2,202626,12.8,12.7,0.10000000000000142,0.32000000000000006,0.3087877885821854,0.3036058370602915,NEAR,NEAR,0.6,1,,,0.01,100
C2_n0.01_d100_r04,C2,202626,12.82,12.72,0.09999999999999964,0.32175000000000004,0.3073492389372008,0.3045416875295188,NEAR,NEAR,0.6,1,,,0.01,100
C2_n0.01_d100_r04,C2,202626,12.84,12.74,0.09999999999999964,0.3235,0.3195658656548755,0.308297732060858,NEAR,NEAR,0.6,1,,,0.01,100
C2_n0.01_d100_r04,C2,202626,12.86,12.76,0.09999999999999964,0.32524999999999993,0.3279560879426487,0.31321232103130564,NEAR,NEAR,0.6,1,,,0.01,100
C2_n0.01_d100_r04,C2,202626,12.88,12.78,0.10000000000000142,0.32700000000000007,0.32588511505921847,0.31638051953828383,NEAR,NEAR,0.6,1,,,0.01,100
C2_n0.01_d100_r04,C2,202626,12.9,12.8,0.09999999999999964,0.32875000000000004,0.3085410104391144,0.3144206422634915,NEAR,NEAR,0.6,1,,,0.01,100
C2_n0.01_d100_r04,C2,202626,12.92,12.82,0.09999999999999964,0.3305,0.3273941355458649,0.31766401558408486,NEAR,NEAR,0.6,1,,,0.01,100
C2_n0.01_d100_r04,C2,202626,12.94,12.84,0.09999999999999964,0.33224999999999993,0.327014731622777,0.3200016945937579,NEAR,NEAR,0.6,1,,,0.01,100
C2_n0.01_d100_r04,C2,202626,12.96,12.86,0.10000000000000142,0.3340000000000001,0.3244234345987684,0.32110712959501053,NEAR,NEAR,0.6,1,,,0.01,100
C2_n0.01_d100_r04,C2,202626,12.98,12.88,0.09999999999999964,0.33575000000000005,0.32763777096846514,0.32273978993837416,NEAR,NEAR,0.6,1,,,0.01,100
C2_n0.01_d100_r04,C2,202626,13.0,12.9,0.09999999999999964,0.3375,0.3213280657839882,0.3223868588997777,NEAR,NEAR,0.6,1,,,0.01,100
C2_n0.01_d100_r04,C2,202626,13.02,12.92,0.09999999999999964,0.33924999999999994,0.3461452245867422,0.3283264503215188,NEAR,NEAR,0.6,1,,,0.01,100
C2_n0.01_d100_r04,C2,202626,13.04,12.94,0.09999999999999964,0.3409999999999999,0.33127347806734414,0.3290632072579751,NEAR,NEAR,0.6,1,,,0.01,100
C2_n0.01_d100_r04,C2,202626,13.06,12.96,0.09999999999999964,0.34275000000000005,0.31936094927282604,0.32663764276168783,NEAR,NEAR,0.6,1,,,0.01,100
C2_n0.01_d100_r04,C2,202626,13.08,12.98,0.09999999999999964,0.34450000000000003,0.3309866010804565,0.32772488234138,NEAR,NEAR,0.6,1,,,0.01,100
C2_n0.01_d100_r04,C2,202626,13.1,13.0,0.09999999999999964,0.34624999999999995,0.3438944515241508,0.3317672746370727,NEAR,NEAR,0.6,1,,,0.01,100
C2_n0.01_d100_r04,C2,202626,13.12,13.02,0.09999999999999964,0.3479999999999999,0.34308640950949393,0.334597058355178,NEAR,NEAR,0.6,1,,,0.01,100
C2_n0.01_d100_r04,C2,202626,13.14,13.04,0.10000000000000142,0.34975000000000006,0.33729994931182444,0.3352727810943396,NEAR,NEAR,0.6,1,,,0.01,100
C2_n0.01_d100_r04,C2,202626,13.16,13.06,0.09999999999999964,0.35150000000000003,0.34174345184786653,0.33689044878272134,FAR,NEAR,0.6,1,,,0.01,100
C2_n0.01_d100_r04,C2,202626,13.18,13.08,0.09999999999999964,0.35324999999999995,0.34156157049057917,0.3380582292096858,FAR,NEAR,0.6,1,,,0.01,100
C2_n0.01_d100_r04,C2,202626,13.2,13.1,0.09999999999999964,0.3549999999999999,0.340236424363921,0.33860277799824456,FAR,NEAR,0.6,1,,,0.01,100
C2_n0.01_d100_r04,C2,202626,13.22,13.12,0.10000000000000142,0.35675000000000007,0.34105156700362943,0.33921497524959077,FAR,NEAR,0.6,1,,,0.01,100
C2_n0.01_d100_r04,C2,202626,13.24,13.14,0.09999999999999964,0.35850000000000004,0.33644551067634054,0.3385226091062782,FAR,NEAR,0.6,1,,,0.01,100
C2_n0.01_d100_r04,C2,202626,13.26,13.16,0.09999999999999964,0.36024999999999996,0.35414833741454604,0.34242904118334516,FAR,NEAR,0.6,1,,,0.01,100
C2_n0.01_d100_r04,C2,202626,13.28,13.18,0.09999999999999964,0.36199999999999993,0.37586212477396175,0.3507873120809993,FAR,NEAR,0.6,1,,,0.01,100
C2_n0.01_d100_r04,C2,202626,13.3,13.2,0.10000000000000142,0.3637500000000001,0.3456754021948884,0.3495093346094716,FAR,NEAR,0.6,1,,,0.01,100
C2_n0.01_d100_r04,C2,202626,13.32,13.22,0.09999999999999964,0.36550000000000005,0.3616306934109122,0.35253967430983174,FAR,NEAR,0.6,1,,,0.01,100
C2_n0.01_d100_r04,C2,202626,13.34,13.24,0.09999999999999964,0.36724999999999997,0.3552677325640539,0.3532216888733873,FAR,NEAR,0.6,1,,,0.01,100
C2_n0.01_d100_r04,C2,202626,13.36,13.26,0.09999999999999964,0.36899999999999994,0.36605716250432496,0.3564305572811217,FAR,NEAR,0.6,1,,,0.01,100
C2_n0.01_d100_r04,C2,202626,13.38,13.28,0.10000000000000142,0.3707500000000001,0.33555037428364903,0.35121051153175353,FAR,NEAR,0.6,1,,,0.01,100
C2_n0.01_d100_r04,C2,202626,13.4,13.3,0.09999999999999964,0.37250000000000005,0.36276532324241173,0.3540992144594181,FAR,NEAR,0.6,1,,,0.01,100
C2_n0.01_d100_r04,C2,202626,13.42,13.32,0.09999999999999964,0.37424999999999997,0.3625826009189201,0.3562200610742936,FAR,NEAR,0.6,1,,,0.01,100
C2_n0.01_d100_r04,C2,202626,13.44,13.34,0.09999999999999964,0.37599999999999995,0.36927770917021563,0.35948447309827414,FAR,NEAR,0.6,1,,,0.01,100
C2_n0.01_d100_r04,C2,202626,13.46,13.36,0.10000000000000142,0.37775000000000003,0.36324198094043275,0.36042385005881383,FAR,NEAR,0.6,1,,,0.01,100
C2_n0.01_d100_r04,C2,202626,13.48,13.38,0.09999999999999964,0.37950000000000006,0.36512774048098595,0.36159982266435686,FAR,NEAR,0.6,1,,,0.01,100
C2_n0.01_d100_r04,C2,202626,13.5,13.4,0.09999999999999964,0.38125,0.37873964138046734,0.3658847773433845,FAR,NEAR,0.6,1,,,0.01,100
C2_n0.01_d100_r04,C2,202626,13.52,13.42,0.09999999999999964,0.38299999999999995,0.3950563471504332,0.37317766979514666,FAR,NEAR,0.6,1,,,0.01,100
C2_n0.01_d100_r04,C2,202626,13.54,13.44,0.09999999999999964,0.3847499999999999,0.38649553533979103,0.37650713618130777,FAR,NEAR,0.6,1,,,0.01,100
C2_n0.01_d100_r04,C2,202626,13.56,13.46,0.09999999999999964,0.38650000000000007,0.3649573073432957,0.37361967897180476,FAR,NEAR,0.6,1,,,0.01,100
C2_n0.01_d100_r04,C2,202626,13.58,13.48,0.09999999999999964,0.38825,0.3622104750804291,0.37076737799896087,FAR,NEAR,0.6,1,,,0.01,100
C2_n0.01_d100_r04,C2,202626,13.6,13.5,0.09999999999999964,0.38999999999999996,0.3675314282189241,0.3699583905539517,FAR,NEAR,0.6,1,,,0.01,100
C2_n0.01_d100_r04,C2,202626,13.62,13.52,0.09999999999999964,0.39174999999999993,0.3985005503479937,0.3770939305024622,FAR,NEAR,0.6,1,,,0.01,100
C2_n0.01_d100_r04,C2,202626,13.64,13.54,0.10000000000000142,0.39350000000000007,0.38390301913330993,0.37879620266017416,FAR,NEAR,0.6,1,,,0.01,100
C2_n0.01_d100_r04,C2,202626,13.66,13.56,0.09999999999999964,0.39525,0.39635502025964764,0.3831859070600425,FAR,FAR,0.0,1,EXIT_NEAR,,0.01,100
C2_n0.01_d100_r04,C2,202626,13.68,13.58,0.09999999999999964,0.39699999999999996,0.382624328768373,0.38304551248712515,FAR,FAR,0.0,1,,,0.01,100
C2_n0.01_d100_r04,C2,202626,13.7,13.6,0.09999999999999964,0.39874999999999994,0.397344872995416,0.3866203526141978,FAR,FAR,0.0,1,,,0.01,100
C2_n0.01_d100_r04,C2,202626,13.72,13.62,0.10000000000000142,0.4005000000000001,0.39480937316462733,0.3886676077518052,FAR,FAR,0.0,1,,,0.01,100
C2_n0.01_d100_r04,C2,202626,13.74,13.64,0.09999999999999964,0.40225,0.4146677927727897,0.39516765400705134,FAR,FAR,0.0,1,,,0.01,100
C2_n0.01_d100_r04,C2,202626,13.76,13.66,0.09999999999999964,0.40399999999999997,0.38203129658935897,0.3918835646526282,FAR,FAR,0.0,1,,,0.01,100
C2_n0.01_d100_r04,C2,202626,13.78,13.68,0.09999999999999964,0.40574999999999994,0.40336553107377093,0.3947540562579139,FAR,FAR,0.0,1,,,0.01,100
C2_n0.01_d100_r04,C2,202626,13.8,13.7,0.10000000000000142,0.4075000000000001,0.4102809620713998,0.39863578271128536,FAR,FAR,0.0,1,,,0.01,100
C2_n0.01_d100_r04,C2,202626,13.82,13.72,0.09999999999999964,0.40925,0.4168954242633749,0.4032006930993077,FAR,FAR,0.0,1,,,0.01,100
C2_n0.01_d100_r04,C2,202626,13.84,13.74,0.09999999999999964,0.411,0.4049022993044245,0.4036260946505869,FAR,FAR,0.0,1,,,0.01,100
C2_n0.01_d100_r04,C2,202626,13.86,13.76,0.09999999999999964,0.41274999999999995,0.4077142339339568,0.40464812947142936,FAR,FAR,0.0,1,,,0.01,100
C2_n0.01_d100_r04,C2,202626,13.88,13.78,0.10000000000000142,0.4145000000000001,0.3907861509881438,0.40118263485060796,FAR,FAR,0.0,1,,,0.01,100
C2_n0.01_d100_r04,C2,202626,13.9,13.8,0.09999999999999964,0.41625,0.4043726669299641,0.401980142870447,FAR,FAR,0.0,1,,,0.01,100
C2_n0.01_d100_r04,C2,202626,13.92,13.82,0.09999999999999964,0.418,0.4014160824192357,0.40183912775764413,FAR,FAR,0.0,1,,,0.01,100
C2_n0.01_d100_r04,C2,202626,13.94,13.84,0.09999999999999964,0.41974999999999996,0.3967432793717509,0.40056516566117084,FAR,FAR,0.0,1,,,0.01,100
C2_n0.01_d100_r04,C2,202626,13.96,13.86,0.10000000000000142,0.4215000000000001,0.412353336895982,0.4035122084698736,FAR,FAR,0.0,1,,,0.01,100
C2_n0.01_d100_r04,C2,202626,13.98,13.88,0.09999999999999964,0.42325,0.4128387070513978,0.4058438331152546,FAR,FAR,0.0,1,,,0.01,100
C2_n0.01_d100_r04,C2,202626,14.0,13.9,0.09999999999999964,0.425,0.4182719724471325,0.4089508679482241,FAR,FAR,0.0,1,,,0.01,100
C2_n0.01_d100_r04,C2,202626,14.02,13.92,0.09999999999999964,0.42674999999999996,0.42733537620503825,0.41354699501242764,FAR,FAR,0.0,1,,,0.01,100
C2_n0.01_d100_r04,C2,202626,14.04,13.94,0.09999999999999964,0.4284999999999999,0.4185601360095938,0.41480028026171917,FAR,FAR,0.0,1,,,0.01,100
C2_n0.01_d100_r04,C2,202626,14.06,13.96,0.09999999999999964,0.43025,0.4438218838490179,0.42205568115854386,FAR,FAR,0.0,1,,,0.01,100
C2_n0.01_d100_r04,C2,202626,14.08,13.98,0.09999999999999964,0.432,0.4225501642010528,0.4221793019191711,FAR,FAR,0.0,1,,,0.01,100
C2_n0.01_d100_r04,C2,202626,14.1,14.0,0.09999999999999964,0.43374999999999997,0.4270734061129599,0.4234028279676183,FAR,FAR,0.0,1,,,0.01,100
C2_n0.01_d100_r04,C2,202626,14.12,14.02,0.09999999999999964,0.4354999999999999,0.43008043785232486,0.42507223043879494,FAR,FAR,0.0,1,,,0.01,100
C2_n0.01_d100_r04,C2,202626,14.14,14.04,0.10000000000000142,0.43725,0.4335224081510678,0.4271847748668632,FAR,FAR,0.0,1,,,0.01,100
C2_n0.01_d100_r04,C2,202626,14.16,14.06,0.09999999999999964,0.439,0.43688911932753016,0.42961086098202994,FAR,FAR,0.0,1,,,0.01,100
C2_n0.01_d100_r04,C2,202626,14.18,14.08,0.09999999999999964,0.44075,0.42733561229453415,0.429042048810156,FAR,FAR,0.0,1,,,0.01,100
C2_n0.01_d100_r04,C2,202626,14.2,14.1,0.09999999999999964,0.4424999999999999,0.42290572593582465,0.42750796809157315,FAR,FAR,0.0,1,,,0.01,100
C2_n0.01_d100_r04,C2,202626,14.22,14.12,0.10000000000000142,0.44425000000000003,0.42816697350661703,0.42767271944533414,FAR,FAR,0.0,1,,,0.01,100
C2_n0.01_d100_r04,C2,202626,14.24,14.14,0.09999999999999964,0.446,0.45032357520448635,0.43333543338512215,FAR,FAR,0.0,1,,,0.01,100
C2_n0.01_d100_r04,C2,202626,14.26,14.16,0.09999999999999964,0.44775,0.4467623236493466,0.4366921559511783,FAR,FAR,0.0,1,,,0.01,100
C2_n0.01_d100_r04,C2,202626,14.28,14.18,0.09999999999999964,0.4494999999999999,0.446533746237041,0.43915255352264393,FAR,FAR,0.0,1,,,0.01,100
C2_n0.01_d100_r04,C2,202626,14.3,14.2,0.10000000000000142,0.45125000000000004,0.4415794738882772,0.43975928361405225,FAR,FAR,0.0,1,,,0.01,100
C2_n0.01_d100_r04,C2,202626,14.32,14.22,0.09999999999999964,0.453,0.42998470892642005,0.4373156399421442,FAR,FAR,0.0,1,,,0.01,100
C2_n0.01_d100_r04,C2,202626,14.34,14.24,0.09999999999999964,0.45475,0.4522392824841095,0.44104655057763553,FAR,FAR,0.0,1,,,0.01,100
C2_n0.01_d100_r04,C2,202626,14.36,14.26,0.09999999999999964,0.4564999999999999,0.45569571048523266,0.4447088405545348,FAR,FAR,0.0,1,,,0.01,100
C2_n0.01_d100_r04,C2,202626,14.38,14.28,0.10000000000000142,0.45825000000000005,0.44495960874693063,0.4447715326026338,FAR,FAR,0.0,1,,,0.01,100
C2_n0.01_d100_r04,C2,202626,14.4,14.3,0.09999999999999964,0.46,0.44143322507302724,0.4439369557202322,FAR,FAR,0.0,1,,,0.01,100
C2_n0.01_d100_r04,C2,202626,14.42,14.32,0.09999999999999964,0.46175,0.45816990495792875,0.44749519302965635,FAR,FAR,0.0,1,,,0.01,100
C2_n0.01_d100_r04,C2,202626,14.44,14.34,0.09999999999999964,0.4634999999999999,0.4715902063747862,0.4535189463659388,FAR,FAR,0.0,1,,,0.01,100
C2_n0.01_d100_r04,C2,202626,14.46,14.36,0.10000000000000142,0.46525000000000005,0.4712563324042429,0.45795329287551484,FAR,FAR,0.0,1,,,0.01,100
C2_n0.01_d100_r04,C2,202626,14.48,14.38,0.09999999999999964,0.467,0.44574003727181466,0.4548999789745898,FAR,FAR,0.0,1,,,0.01,100
C2_n0.01_d100_r04,C2,202626,14.5,14.4,0.09999999999999964,0.46875,0.4383764737303849,0.45076910266353853,FAR,FAR,0.0,1,,,0.01,100
C2_n0.01_d100_r04,C2,202626,14.52,14.42,0.09999999999999964,0.4704999999999999,0.45689399938627767,0.45230032684422333,FAR,FAR,0.0,1,,,0.01,100
C2_n0.01_d100_r04,C2,202626,14.54,14.44,0.09999999999999964,0.47224999999999995,0.47118555675486895,0.4570216343218847,FAR,FAR,0.0,1,,,0.01,100
C2_n0.01_d100_r04,C2,202626,14.56,14.46,0.09999999999999964,0.47400000000000003,0.4847890271191878,0.46396348252121045,FAR,FAR,0.0,1,,,0.01,100
C2_n0.01_d100_r04,C2,202626,14.58,14.48,0.09999999999999964,0.47575,0.47816978119858516,0.46751505719055414,FAR,FAR,0.0,1,,,0.01,100
C2_n0.01_d100_r04,C2,202626,14.6,14.5,0.09999999999999964,0.4774999999999999,0.4551487095558755,0.46442347028188447,FAR,FAR,0.0,1,,,0.01,100
C2_n0.01_d100_r04,C2,202626,14.62,14.52,0.09999999999999964,0.47924999999999995,0.47153522536061143,0.46620140905156615,FAR,FAR,0.0,1,,,0.01,100
C2_n0.01_d100_r04,C2,202626,14.64,14.54,0.10000000000000142,0.48100000000000004,0.4796257770432634,0.46955750104949046,FAR,FAR,0.0,1,,,0.01,100
C2_n0.01_d100_r04,C2,202626,14.66,14.56,0.09999999999999964,0.48275,0.48054360096180726,0.4723040260275697,FAR,FAR,0.0,1,,,0.01,100
C2_n0.01_d100_r04,C2,202626,14.68,14.58,0.09999999999999964,0.48449999999999993,0.47473421474850536,0.47291157320780364,FAR,FAR,0.0,1,,,0.01,100
C2_n0.01_d100_r04,C2,202626,14.7,14.6,0.09999999999999964,0.48624999999999996,0.48341561053686743,0.47553758254006956,FAR,FAR,0.0,1,,,0.01,100
C2_n0.01_d100_r04,C2,202626,14.72,14.62,0.10000000000000142,0.48800000000000004,0.49704647053140777,0.4809148045379041,FAR,FAR,0.0,1,,,0.01,100
C2_n0.01_d100_r04,C2,202626,14.74,14.64,0.09999999999999964,0.48975,0.4857454357896277,0.482122462350835,FAR,FAR,0.0,1,,,0.01,100
C2_n0.01_d100_r04,C2,202626,14.76,14.66,0.09999999999999964,0.49149999999999994,0.47165653531523555,0.47950598059193517,FAR,FAR,0.0,1,,,0.01,100
C2_n0.01_d100_r04,C2,202626,14.78,14.68,0.09999999999999964,0.49324999999999997,0.501348473379025,0.4849666037887076,FAR,FAR,0.0,1,,,0.01,100
C2_n0.01_d100_r04,C2,202626,14.8,14.7,0.10000000000000142,0.49500000000000005,0.49084552964275424,0.4864363352522193,FAR,FAR,0.0,1,,,0.01,100
C2_n0.01_d100_r04,C2,202626,14.82,14.72,0.09999999999999964,0.49675,0.48577308524098556,0.4862705227494109,FAR,FAR,0.0,1,,,0.01,100
C2_n0.01_d100_r04,C2,202626,14.84,14.74,0.09999999999999964,0.49849999999999994,0.48810257926883854,0.4867285368792678,FAR,FAR,0.0,1,,,0.01,100
C2_n0.01_d100_r04,C2,202626,14.86,14.76,0.09999999999999964,0.5002499999999999,0.48128797660742784,0.48536839681130783,FAR,FAR,0.0,1,,,0.01,100
C2_n0.01_d100_r04,C2,202626,14.88,14.78,0.10000000000000142,0.502,0.4986009562651319,0.48867653667476385,FAR,FAR,0.0,1,,,0.01,100
C2_n0.01_d100_r04,C2,202626,14.9,14.8,0.09999999999999964,0.50375,0.4906184709249193,0.4891620202373027,FAR,FAR,0.0,1,,,0.01,100
C2_n0.01_d100_r04,C2,202626,14.92,14.82,0.09999999999999964,0.5055000000000001,0.5159337710675141,0.49585495794485557,FAR,FAR,0.0,1,,,0.01,100
C2_n0.01_d100_r04,C2,202626,14.94,14.84,0.09999999999999964,0.50725,0.5099960448946177,0.4993902296822961,FAR,FAR,0.0,1,,,0.01,100
C2_n0.01_d100_r04,C2,202626,14.96,14.86,0.10000000000000142,0.5090000000000001,0.49926239686428336,0.49935827147779294,FAR,FAR,0.0,1,,,0.01,100
C2_n0.01_d100_r04,C2,202626,14.98,14.88,0.09999999999999964,0.51075,0.4946588325989083,0.4981834117580718,FAR,FAR,0.0,1,,,0.01,100
C2_n0.01_d100_r04,C2,202626,15.0,14.9,0.09999999999999964,0.5125,0.5045887459055403,0.49978474529493894,FAR,FAR,0.0,1,,,0.01,100
C2_n0.01_d100_r04,C2,202626,15.02,14.92,0.09999999999999964,0.5142499999999999,0.5115933535289232,0.502736897353435,FAR,FAR,0.0,1,,,0.01,100
C2_n0.01_d100_r04,C2,202626,15.04,14.94,0.09999999999999964,0.5159999999999999,0.4895473126056946,0.4994395011664999,FAR,FAR,0.0,1,,,0.01,100
C2_n0.01_d100_r04,C2,202626,15.06,14.96,0.09999999999999964,0.51775,0.5037648572112554,0.5005208401776888,FAR,FAR,0.0,1,,,0.01,100
C2_n0.01_d100_r04,C2,202626,15.08,14.98,0.09999999999999964,0.5195,0.5023312737462857,0.500973448569838,FAR,FAR,0.0,1,,,0.01,100
C2_n0.01_d100_r04,C2,202626,15.1,15.0,0.09999999999999964,0.52125,0.5223754874863027,0.5063239582989543,FAR,FAR,0.0,1,,,0.01,100
C2_n0.01_d100_r04,C2,202626,15.12,15.02,0.09999999999999964,0.5229999999999999,0.519687774184641,0.5096649122703759,FAR,FAR,0.0,1,,,0.01,100
C2_n0.01_d100_r04,C2,202626,15.14,15.04,0.10000000000000142,0.52475,0.5261585259937287,0.5137883157012141,FAR,FAR,0.0,1,,,0.01,100
C2_n0.01_d100_r04,C2,202626,15.16,15.06,0.09999999999999964,0.5265,0.5294213882669712,0.5176965838426534,FAR,FAR,0.0,1,,,0.01,100
C2_n0.01_d100_r04,C2,202626,15.18,15.08,0.09999999999999964,0.5282499999999999,0.529505859436371,0.5206489027410828,FAR,FAR,0.0,1,,,0.01,100
C2_n0.01_d100_r04,C2,202626,15.2,15.1,0.09999999999999964,0.5299999999999999,0.5314694225173645,0.5233540326851532,FAR,FAR,0.0,1,,,0.01,100
C2_n0.01_d100_r04,C2,202626,15.22,15.12,0.10000000000000142,0.5317500000000001,0.5241996681190273,0.5235654415436217,FAR,FAR,0.0,1,,,0.01,100
C2_n0.01_d100_r04,C2,202626,15.24,15.14,0.09999999999999964,0.5335,0.535105123164867,0.526450361948933,FAR,FAR,0.0,1,,,0.01,100
C2_n0.01_d100_r04,C2,202626,15.26,15.16,0.09999999999999964,0.53525,0.5290766634437111,0.5271069373226275,FAR,FAR,0.0,1,,,0.01,100
C2_n0.01_d100_r04,C2,202626,15.28,15.18,0.09999999999999964,0.5369999999999999,0.5204244105911016,0.525436305639746,FAR,FAR,0.0,1,,,0.01,100
C2_n0.01_d100_r04,C2,202626,15.3,15.2,0.10000000000000142,0.5387500000000001,0.531315251198796,0.5269060420295084,FAR,FAR,0.0,1,,,0.01,100
C2_n0.01_d100_r04,C2,202626,15.32,15.22,0.09999999999999964,0.5405,0.5331466719664605,0.5284661995137464,FAR,FAR,0.0,1,,,0.01,100
C2_n0.01_d100_r04,C2,202626,15.34,15.24,0.09999999999999964,0.5422499999999999,0.543456897422927,0.5322138739910416,FAR,FAR,0.0,1,,,0.01,100
C2_n0.01_d100_r04,C2,202626,15.36,15.26,0.09999999999999964,0.5439999999999999,0.5332131639957707,0.5324636964922238,FAR,FAR,0.0,1,,,0.01,100
C2_n0.01_d100_r04,C2,202626,15.38,15.28,0.10000000000000142,0.5457500000000001,0.5422716105515387,0.5349156750070525,FAR,FAR,0.0,1,,,0.01,100
C2_n0.01_d100_r04,C2,202626,15.4,15.3,0.09999999999999964,0.5475,0.5386515303940592,0.5358496388538042,FAR,FAR,0.0,1,,,0.01,100
C2_n0.01_d100_r04,C2,202626,15.42,15.32,0.09999999999999964,0.54925,0.5317692672281179,0.5348295459473826,FAR,FAR,0.0,1,,,0.01,100
C2_n0.01_d100_r04,C2,202626,15.44,15.34,0.09999999999999964,0.5509999999999999,0.5287148248047446,0.5333008656617231,FAR,FAR,0.0,1,,,0.01,100
C2_n0.01_d100_r04,C2,202626,15.46,15.36,0.10000000000000142,0.5527500000000001,0.5253413904260213,0.5313109968527976,FAR,FAR,0.0,1,,,0.01,100
C2_n0.01_d100_r04,C2,202626,15.48,15.38,0.09999999999999964,0.5545,0.5597283255443932,0.5384153290256966,FAR,FAR,0.0,1,,,0.01,100
C2_n0.01_d100_r04,C2,202626,15.5,15.4,0.09999999999999964,0.5562499999999999,0.5459439873259209,0.5402974936007526,FAR,FAR,0.0,1,,,0.01,100
C2_n0.01_d100_r04,C2,202626,15.52,15.42,0.09999999999999964,0.5579999999999999,0.5491184374143525,0.5425027295541527,FAR,FAR,0.0,1,,,0.01,100
C2_n0.01_d100_r04,C2,202626,15.54,15.44,0.09999999999999964,0.55975,0.5546137792900087,0.5455304919881167,FAR,FAR,0.0,1,,,0.01,100
C2_n0.01_d100_r04,C2,202626,15.56,15.46,0.09999999999999964,0.5615,0.5384277881902035,0.5437548160386383,FAR,FAR,0.0,1,,,0.01,100
C2_n0.01_d100_r04,C2,202626,15.58,15.48,0.09999999999999964,0.56325,0.5545359805277704,0.5464501071609214,FAR,FAR,0.0,1,,,0.01,100
C2_n0.01_d100_r04,C2,202626,15.6,15.5,0.09999999999999964,0.565,0.5590082512285435,0.5495896431778269,FAR,FAR,0.0,1,,,0.01,100
C2_n0.01_d100_r04,C2,202626,15.62,15.52,0.09999999999999964,0.5667499999999999,0.5606154340451219,0.5523460908946507,FAR,FAR,0.0,1,,,0.01,100
C2_n0.01_d100_r04,C2,202626,15.64,15.54,0.10000000000000142,0.5685,0.5729927384636616,0.5575077527869035,FAR,FAR,0.0,1,,,0.01,100
C2_n0.01_d100_r04,C2,202626,15.66,15.56,0.09999999999999964,0.5702499999999999,0.5632038980445948,0.5589317891013263,FAR,FAR,0.0,1,,,0.01,100
C2_n0.01_d100_r04,C2,202626,15.68,15.58,0.09999999999999964,0.572,0.5478755049592049,0.556167718065796,FAR,FAR,0.0,1,,,0.01,100
C2_n0.01_d100_r04,C2,202626,15.7,15.6,0.09999999999999964,0.57375,0.5649544162983582,0.5583643926239366,FAR,FAR,0.0,1,,,0.01,100
C2_n0.01_d100_r04,C2,202626,15.72,15.62,0.10000000000000142,0.5755,0.5457399512186694,0.5552082822726198,FAR,FAR,0.0,1,,,0.01,100
C2_n0.01_d100_r04,C2,202626,15.74,15.64,0.09999999999999964,0.57725,0.5661780858003987,0.5579507331545644,FAR,FAR,0.0,1,,,0.01,100
C2_n0.01_d100_r04,C2,202626,15.76,15.66,0.09999999999999964,0.579,0.5712408730494537,0.5612732681282867,FAR,FAR,0.0,1,,,0.01,100
C2_n0.01_d100_r04,C2,202626,15.78,15.68,0.09999999999999964,0.5807499999999999,0.5788603204532176,0.5656700312095194,FAR,FAR,0.0,1,,,0.01,100
C2_n0.01_d100_r04,C2,202626,15.8,15.7,0.10000000000000142,0.5825,0.5533773825636108,0.5625968690480423,FAR,FAR,0.0,1,,,0.01,100
C2_n0.01_d100_r04,C2,202626,15.82,15.72,0.09999999999999964,0.5842499999999999,0.5808555128270995,0.5671615299928066,FAR,FAR,0.0,1,,,0.01,100
C2_n0.01_d100_r04,C2,202626,15.84,15.74,0.09999999999999964,0.586,0.5694219186976756,0.5677266271690238,FAR,FAR,0.0,1,,,0.01,100
C2_n0.01_d100_r04,C2,202626,15.86,15.76,0.09999999999999964,0.58775,0.5721893766505457,0.5688423145394043,FAR,FAR,0.0,1,,,0.01,100
C2_n0.01_d100_r04,C2,202626,15.88,15.78,0.10000000000000142,0.5895,0.5642358830695688,0.5676907066719454,FAR,FAR,0.0,1,,,0.01,100
C2_n0.01_d100_r04,C2,202626,15.9,15.8,0.09999999999999964,0.59125,0.5783912133258386,0.5703658333354187,FAR,FAR,0.0,1,,,0.01,100
C2_n0.01_d100_r04,C2,202626,15.92,15.82,0.09999999999999964,0.593,0.5875967217743361,0.5746735554451481,FAR,FAR,0.0,1,,,0.01,100
C2_n0.01_d100_r04,C2,202626,15.94,15.84,0.09999999999999964,0.5947499999999999,0.5885972452167654,0.5781544778880524,FAR,FAR,0.0,1,,,0.01,100
C2_n0.01_d100_r04,C2,202626,15.96,15.86,0.10000000000000142,0.5965,0.590662370413174,0.5812814510193328,FAR,FAR,0.0,1,,,0.01,100
C2_n0.01_d100_r04,C2,202626,15.98,15.88,0.09999999999999964,0.59825,0.5873380466384925,0.5827955999241228,FAR,FAR,0.0,1,,,0.01,100
C2_n0.01_d100_r04,C2,202626,16.0,15.9,0.09999999999999964,0.6,0.5910324491834699,0.5848548122389595,FAR,FAR,0.0,1,,,0.01,100
C2_n0.01_d100_r04,C2,202626,16.02,15.92,0.09999999999999964,0.6,0.5795020153107097,0.5835166130068971,FAR,FAR,0.0,1,,,0.01,100
C2_n0.01_d100_r04,C2,202626,16.04,15.94,0.09999999999999964,0.6,0.5995686284069255,0.5875296168569042,FAR,FAR,0.0,1,,,0.01,100
C2_n0.01_d100_r04,C2,202626,16.06,15.96,0.09999999999999787,0.6,0.5977543867630584,0.5900858093334427,FAR,FAR,0.0,1,,,0.01,100
C2_n0.01_d100_r04,C2,202626,16.08,15.98,0.09999999999999787,0.6,0.5896742556008534,0.5899829209002954,FAR,FAR,0.0,1,,,0.01,100
C2_n0.01_d100_r04,C2,202626,16.1,16.0,0.10000000000000142,0.6,0.5938938078590501,0.590960642639984,FAR,FAR,0.0,1,,,0.01,100
C2_n0.01_d100_r04,C2,202626,16.12,16.02,0.10000000000000142,0.6,0.6218009561249292,0.5986707210112203,FAR,FAR,0.0,1,,,0.01,100
C2_n0.01_d100_r04,C2,202626,16.14,16.04,0.10000000000000142,0.6,0.6042235986260465,0.6000589404149268,FAR,FAR,0.0,1,,,0.01,100
C2_n0.01_d100_r04,C2,202626,16.16,16.06,0.10000000000000142,0.6,0.60696730336298,0.6017860311519401,FAR,FAR,0.0,1,,,0.01,100
C2_n0.01_d100_r04,C2,202626,16.18,16.08,0.10000000000000142,0.6,0.5932877160924858,0.5996614523870765,FAR,FAR,0.0,1,,,0.01,100
C2_n0.01_d100_r04,C2,202626,16.2,16.1,0.09999999999999787,0.6,0.6093264029356014,0.6020776900242077,FAR,FAR,0.0,1,,,0.01,100
C2_n0.01_d100_r04,C2,202626,16.22,16.12,0.09999999999999787,0.6,0.6031773612882207,0.602352607840211,FAR,FAR,0.0,1,,,0.01,100
C2_n0.01_d100_r04,C2,202626,16.24,16.14,0.09999999999999787,0.6,0.5981223504889238,0.6012950435023893,FAR,FAR,0.0,1,,,0.01,100
C2_n0.01_d100_r04,C2,202626,16.26,16.16,0.10000000000000142,0.6,0.6082065032546071,0.6030229084404437,FAR,FAR,0.0,1,,,0.01,100
C2_n0.01_d100_r04,C2,202626,16.28,16.18,0.10000000000000142,0.6,0.5896613900842395,0.5996825288513926,FAR,FAR,0.0,1,,,0.01,100
C2_n0.01_d100_r04,C2,202626,16.3,16.2,0.10000000000000142,0.6,0.6061015404261544,0.6012872817450831,FAR,FAR,0.0,1,,,0.01,100
C2_n0.01_d100_r04,C2,202626,16.32,16.22,0.10000000000000142,0.6,0.6000762228492411,0.6009845170211225,FAR,FAR,0.0,1,,,0.01,100
C2_n0.01_d100_r04,C2,202626,16.34,16.24,0.10000000000000142,0.6,0.5876229925047604,0.597644135892032,FAR,FAR,0.0,1,,,0.01,100
C2_n0.01_d100_r04,C2,202626,16.36,16.26,0.09999999999999787,0.6,0.5989706377327635,0.5979757613522149,FAR,FAR,0.0,1,,,0.01,100
C2_n0.01_d100_r04,C2,202626,16.38,16.28,0.09999999999999787,0.6,0.6004743399849886,0.5986004060104082,FAR,FAR,0.0,1,,,0.01,100
C2_n0.01_d100_r04,C2,202626,16.4,16.3,0.09999999999999787,0.6,0.5991550816458141,0.5987390749192597,FAR,FAR,0.0,1,,,0.01,100
C2_n0.01_d100_r04,C2,202626,16.42,16.32,0.10000000000000142,0.6,0.611182960473422,0.6018500463078003,FAR,FAR,0.0,1,,,0.01,100
C2_n0.01_d100_r04,C2,202626,16.44,16.34,0.10000000000000142,0.6,0.5890128024323008,0.5986407353389254,FAR,FAR,0.0,1,,,0.01,100
C2_n0.01_d100_r04,C2,202626,16.46,16.36,0.10000000000000142,0.6,0.5820702894916713,0.5944981238771119,FAR,FAR,0.0,1,,,0.01,100
C2_n0.01_d100_r04,C2,202626,16.48,16.38,0.10000000000000142,0.6,0.586899036490234,0.5925983520303924,FAR,FAR,0.0,1,,,0.01,100
C2_n0.01_d100_r04,C2,202626,16.5,16.4,0.10000000000000142,0.6,0.6205898720522166,0.5995962320358484,FAR,FAR,0.0,1,,,0.01,100
C2_n0.01_d100_r04,C2,202626,16.52,16.42,0.09999999999999787,0.6,0.5830988089493908,0.595471876264234,FAR,FAR,0.0,1,,,0.01,100
C2_n0.01_d100_r04,C2,202626,16.54,16.44,0.09999999999999787,0.6,0.5959939231445861,0.5956023879843221,FAR,FAR,0.0,1,,,0.01,100
C2_n0.01_d100_r04,C2,202626,16.56,16.46,0.09999999999999787,0.6,0.5961463098638279,0.5957383684541986,FAR,FAR,0.0,1,,,0.01,100
C2_n0.01_d100_r04,C2,202626,16.58,16.48,0.09999999999999787,0.6,0.6132260542638749,0.6001102899066176,FAR,FAR,0.0,1,,,0.01,100
C2_n0.01_d100_r04,C2,202626,16.6,16.5,0.10000000000000142,0.6,0.6067856027950173,0.6017791181287175,FAR,FAR,0.0,1,,,0.01,100
C2_n0.01_d100_r04,C2,202626,16.62,16.52,0.10000000000000142,0.6,0.615501788829943,0.605209785804024,FAR,FAR,0.0,1,,,0.01,100
C2_n0.01_d100_r04,C2,202626,16.64,16.54,0.10000000000000142,0.6,0.6123470482539123,0.606994101416496,FAR,FAR,0.0,1,,,0.01,100
C2_n0.01_d100_r04,C2,202626,16.66,16.56,0.10000000000000142,0.6,0.5995562109624338,0.6051346288029805,FAR,FAR,0.0,1,,,0.01,100
C2_n0.01_d100_r04,C2,202626,16.68,16.58,0.10000000000000142,0.6,0.6118442709535086,0.6068120393406126,FAR,FAR,0.0,1,,,0.01,100
C2_n0.01_d100_r04,C2,202626,16.7,16.6,0.09999999999999787,0.6,0.6018469261042352,0.6055707610315182,FAR,FAR,0.0,1,,,0.01,100
C2_n0.01_d100_r04,C2,202626,16.72,16.62,0.09999999999999787,0.6,0.5826661121623423,0.5998445988142243,FAR,FAR,0.0,1,,,0.01,100
C2_n0.01_d100_r04,C2,202626,16.74,16.64,0.09999999999999787,0.6,0.5963194709822556,0.598963316856232,FAR,FAR,0.0,1,,,0.01,100
C2_n0.01_d100_r04,C2,202626,16.76,16.66,0.10000000000000142,0.6,0.6007938437177889,0.5994209485716213,FAR,FAR,0.0,1,,,0.01,100
C2_n0.01_d100_r04,C2,202626,16.78,16.68,0.10000000000000142,0.6,0.5959828133752527,0.5985614147725291,FAR,FAR,0.0,1,,,0.01,100
C2_n0.01_d100_r04,C2,202626,16.8,16.7,0.10000000000000142,0.6,0.579347727284983,0.5937579929006426,FAR,FAR,0.0,1,,,0.01,100
C2_n0.01_d100_r04,C2,202626,16.82,16.72,0.10000000000000142,0.6,0.5969219225398926,0.594548975310455,FAR,FAR,0.0,1,,,0.01,100
C2_n0.01_d100_r04,C2,202626,16.84,16.74,0.10000000000000142,0.6,0.5988060653088612,0.5956132478100565,FAR,FAR,0.0,1,,,0.01,100
C2_n0.01_d100_r04,C2,202626,16.86,16.76,0.09999999999999787,0.6,0.6081204568755724,0.5987400500764355,FAR,FAR,0.0,1,,,0.01,100
C2_n0.01_d100_r04,C2,202626,16.88,16.78,0.09999999999999787,0.6,0.5817143937742265,0.5944836360008833,FAR,FAR,0.0,1,,,0.01,100
C2_n0.01_d100_r04,C2,202626,16.9,16.8,0.09999999999999787,0.6,0.5955048969332399,0.5947389512339725,FAR,FAR,0.0,1,,,0.01,100
C2_n0.01_d100_r04,C2,202626,16.92,16.82,0.10000000000000142,0.6,0.5997698785787773,0.5959966830701737,FAR,FAR,0.0,1,,,0.01,100
C2_n0.01_d100_r04,C2,202626,16.94,16.84,0.10000000000000142,0.6,0.6030988741902641,0.5977722308501963,FAR,FAR,0.0,1,,,0.01,100
C2_n0.01_d100_r04,C2,202626,16.96,16.86,0.10000000000000142,0.6,0.6015857297198487,0.5987256055676093,FAR,FAR,0.0,1,,,0.01,100
C2_n0.01_d100_r04,C2,202626,16.98,16.88,0.10000000000000142,0.6,0.5947459372041455,0.5977306884767434,FAR,FAR,0.0,1,,,0.01,100
C2_n0.01_d100_r04,C2,202626,17.0,16.9,0.10000000000000142,0.6,0.5797913324359273,0.5932458494665394,FAR,FAR,0.0,1,,,0.01,100
C2_n0.01_d100_r04,C2,202626,17.02,16.92,0.09999999999999787,0.6,0.6015984792913082,0.5953340069227315,FAR,FAR,0.0,1,,,0.01,100
C2_n0.01_d100_r04,C2,202626,17.04,16.94,0.09999999999999787,0.6,0.6043359590496018,0.5975844949544491,FAR,FAR,0.0,1,,,0.01,100
C2_n0.01_d100_r04,C2,202626,17.06,16.96,0.09999999999999787,0.6,0.5920259202681368,0.596194851282871,FAR,FAR,0.0,1,,,0.01,100
C2_n0.01_d100_r04,C2,202626,17.08,16.98,0.09999999999999787,0.6,0.5974632753449706,0.5965119572983959,FAR,FAR,0.0,1,,,0.01,100
C2_n0.01_d100_r04,C2,202626,17.1,17.0,0.10000000000000142,0.6,0.602997056492551,0.5981332320969347,FAR,FAR,0.0,1,,,0.01,100
C2_n0.01_d100_r04,C2,202626,17.12,17.02,0.10000000000000142,0.6,0.6106605349716113,0.6012650578156038,FAR,FAR,0.0,1,,,0.01,100
C2_n0.01_d100_r04,C2,202626,17.14,17.04,0.10000000000000142,0.6,0.6017530607250225,0.6013870585429585,FAR,FAR,0.0,1,,,0.01,100
C2_n0.01_d100_r04,C2,202626,17.16,17.06,0.10000000000000142,0.6,0.6222186514181588,0.6065949567617586,FAR,FAR,0.0,1,,,0.01,100
C2_n0.01_d100_r04,C2,202626,17.18,17.08,0.10000000000000142,0.6,0.6128878886399711,0.6081681897313117,FAR,FAR,0.0,1,,,0.01,100
C2_n0.01_d100_r04,C2,202626,17.2,17.1,0.09999999999999787,0.6,0.6039068258934559,0.6071028487718477,FAR,FAR,0.0,1,,,0.01,100
C2_n0.01_d100_r04,C2,202626,17.22,17.12,0.09999999999999787,0.6,0.5854056468840221,0.6016785482998913,FAR,FAR,0.0,1,,,0.01,100
C2_n0.01_d100_r04,C2,202626,17.24,17.14,0.09999999999999787,0.6,0.5926929241771828,0.5994321422692142,FAR,FAR,0.0,1,,,0.01,100
C2_n0.01_d100_r04,C2,202626,17.26,17.16,0.10000000000000142,0.6,0.5824019860409,0.5951746032121357,FAR,FAR,0.0,1,,,0.01,100
C2_n0.01_d100_r04,C2,202626,17.28,17.18,0.10000000000000142,0.6,0.6008096172798626,0.5965833567290674,FAR,FAR,0.0,1,,,0.01,100
C2_n0.01_d100_r04,C2,202626,17.3,17.2,0.10000000000000142,0.6,0.5977705163210706,0.5968801466270681,FAR,FAR,0.0,1,,,0.01,100
C2_n0.01_d100_r04,C2,202626,17.32,17.22,0.10000000000000142,0.6,0.5841362765169091,0.5936941790995284,FAR,FAR,0.0,1,,,0.01,100
C2_n0.01_d100_r04,C2,202626,17.34,17.24,0.10000000000000142,0.6,0.6104523037528258,0.5978837102628527,FAR,FAR,0.0,1,,,0.01,100
C2_n0.01_d100_r04,C2,202626,17.36,17.26,0.09999999999999787,0.6,0.6207110507573184,0.6035905453864692,FAR,FAR,0.0,1,,,0.01,100
C2_n0.01_d100_r04,C2,202626,17.38,17.28,0.09999999999999787,0.6,0.6122222761093011,0.6057484780671771,FAR,FAR,0.0,1,,,0.01,100
C2_n0.01_d100_r04,C2,202626,17.4,17.3,0.09999999999999787,0.6,0.60351715363034,0.6051906469579679,FAR,FAR,0.0,1,,,0.01,100
C2_n0.01_d100_r04,C2,202626,17.42,17.32,0.10000000000000142,0.6,0.5789898970580821,0.5986404594829964,FAR,FAR,0.0,1,,,0.01,100
C2_n0.01_d100_r04,C2,202626,17.44,17.34,0.10000000000000142,0.6,0.5989952349248232,0.5987291533434531,FAR,FAR,0.0,1,,,0.01,100
C2_n0.01_d100_r04,C2,202626,17.46,17.36,0.10000000000000142,0.6,0.5943179123354217,0.5976263430914452,FAR,FAR,0.0,1,,,0.01,100
C2_n0.01_d100_r04,C2,202626,17.48,17.38,0.10000000000000142,0.6,0.5922509762317026,0.5962825013765096,FAR,FAR,0.0,1,,,0.01,100
C2_n0.01_d100_r04,C2,202626,17.5,17.4,0.10000000000000142,0.6,0.5800192199115409,0.5922166810102675,FAR,FAR,0.0,1,,,0.01,100
C2_n0.01_d100_r04,C2,202626,17.52,17.42,0.09999999999999787,0.6,0.6172866247792972,0.5984841669525249,FAR,FAR,0.0,1,,,0.01,100
C2_n0.01_d100_r04,C2,202626,17.54,17.44,0.09999999999999787,0.6,0.6018070094813085,0.5993148775847208,FAR,FAR,0.0,1,,,0.01,100
C2_n0.01_d100_r04,C2,202626,17.56,17.46,0.09999999999999787,0.6,0.6003820285677236,0.5995816653304715,FAR,FAR,0.0,1,,,0.01,100
C2_n0.01_d100_r04,C2,202626,17.58,17.48,0.09999999999999787,0.6,0.5928241777650352,0.5978922934391124,FAR,FAR,0.0,1,,,0.01,100
C2_n0.01_d100_r04,C2,202626,17.6,17.5,0.10000000000000142,0.6,0.6070201270131329,0.6001742518326175,FAR,FAR,0.0,1,,,0.01,100
C2_n0.01_d100_r04,C2,202626,17.62,17.52,0.10000000000000142,0.6,0.605654695885646,0.6015443628458746,FAR,FAR,0.0,1,,,0.01,100
C2_n0.01_d100_r04,C2,202626,17.64,17.54,0.10000000000000142,0.6,0.5916198431220704,0.5990632329149236,FAR,FAR,0.0,1,,,0.01,100
C2_n0.01_d100_r04,C2,202626,17.66,17.56,0.10000000000000142,0.6,0.5976178607489219,0.5987018898734232,FAR,FAR,0.0,1,,,0.01,100
C2_n0.01_d100_r04,C2,202626,17.68,17.58,0.10000000000000142,0.6,0.6183858345904668,0.6036228760526842,FAR,FAR,0.0,1,,,0.01,100
C2_n0.01_d100_r04,C2,202626,17.7,17.6,0.09999999999999787,0.6,0.5990824685586178,0.6024877741791675,FAR,FAR,0.0,1,,,0.01,100
C2_n0.01_d100_r04,C2,202626,17.72,17.62,0.09999999999999787,0.6,0.5988333348855551,0.6015741643557645,FAR,FAR,0.0,1,,,0.01,100
C2_n0.01_d100_r04,C2,202626,17.74,17.64,0.09999999999999787,0.6,0.6182154115803348,0.6057344761619071,FAR,FAR,0.0,1,,,0.01,100
C2_n0.01_d100_r04,C2,202626,17.76,17.66,0.10000000000000142,0.6,0.5956042375277691,0.6032019165033726,FAR,FAR,0.0,1,,,0.01,100
C2_n0.01_d100_r04,C2,202626,17.78,17.68,0.10000000000000142,0.6,0.5958451110406157,0.6013627151376834,FAR,FAR,0.0,1,,,0.01,100
C2_n0.01_d100_r04,C2,202626,17.8,17.7,0.10000000000000142,0.6,0.6100824641871405,0.6035426524000477,FAR,FAR,0.0,1,,,0.01,100
C2_n0.01_d100_r04,C2,202626,17.82,17.72,0.10000000000000142,0.6,0.5972947733770319,0.6019806826442937,FAR,FAR,0.0,1,,,0.01,100
C2_n0.01_d100_r04,C2,202626,17.84,17.74,0.10000000000000142,0.6,0.6078377778981378,0.6034449564577548,FAR,FAR,0.0,1,,,0.01,100
C2_n0.01_d100_r04,C2,202626,17.86,17.76,0.09999999999999787,0.6,0.5967494741308721,0.6017710858760341,FAR,FAR,0.0,1,,,0.01,100
C2_n0.01_d100_r04,C2,202626,17.88,17.78,0.09999999999999787,0.6,0.6019535239643147,0.6018166953981042,FAR,FAR,0.0,1,,,0.01,100
C2_n0.01_d100_r04,C2,202626,17.9,17.8,0.09999999999999787,0.6,0.6029007964466262,0.6020877206602346,FAR,FAR,0.0,1,,,0.01,100
C2_n0.01_d100_r04,C2,202626,17.92,17.82,0.10000000000000142,0.6,0.5943206986728846,0.6001459651633971,FAR,FAR,0.0,1,,,0.01,100
C2_n0.01_d100_r04,C2,202626,17.94,17.84,0.10000000000000142,0.6,0.5988586001581412,0.5998241239120832,FAR,FAR,0.0,1,,,0.01,100
C2_n0.01_d100_r04,C2,202626,17.96,17.86,0.10000000000000142,0.6,0.6004760326943689,0.5999871011076546,FAR,FAR,0.0,1,,,0.01,100
C2_n0.01_d100_r04,C2,202626,17.98,17.88,0.10000000000000142,0.6,0.600884145795216,0.600211362279545,FAR,FAR,0.0,1,,,0.01,100
C2_n0.01_d100_r04,C2,202626,18.0,17.9,0.10000000000000142,0.6,0.5998463202581577,0.6001201017741982,FAR,FAR,0.0,1,,,0.01,100
C2_n0.01_d100_r04,C2,202626,18.02,17.92,0.09999999999999787,0.6,0.6019278960515376,0.600572050343533,FAR,FAR,0.0,1,,,0.01,100
C2_n0.01_d100_r04,C2,202626,18.04,17.94,0.09999999999999787,0.6,0.5981463363174653,0.5999656218370161,FAR,FAR,0.0,1,,,0.01,100
C2_n0.01_d100_r04,C2,202626,18.06,17.96,0.09999999999999787,0.6,0.5862825818396401,0.5965448618376721,FAR,FAR,0.0,1,,,0.01,100
C2_n0.01_d100_r04,C2,202626,18.08,17.98,0.09999999999999787,0.6,0.5851595997121762,0.5936985463062981,FAR,FAR,0.0,1,,,0.01,100
C2_n0.01_d100_r04,C2,202626,18.1,18.0,0.10000000000000142,0.6,0.5955281410804811,0.5941559449998439,FAR,FAR,0.0,1,,,0.01,100
C2_n0.01_d100_r04,C2,202626,18.12,18.02,0.10000000000000142,0.6,0.6041797149831543,0.5966618874956715,FAR,FAR,0.0,1,,,0.01,100
C2_n0.01_d100_r04,C2,202626,18.14,18.04,0.10000000000000142,0.6,0.5930011866183498,0.5957467122763411,FAR,FAR,0.0,1,,,0.01,100
C2_n0.01_d100_r04,C2,202626,18.16,18.06,0.10000000000000142,0.6,0.5979425223586463,0.5962956647969174,FAR,FAR,0.0,1,,,0.01,100
C2_n0.01_d100_r04,C2,202626,18.18,18.08,0.10000000000000142,0.6,0.5958256643239819,0.5961781646786835,FAR,FAR,0.0,1,,,0.01,100
C2_n0.01_d100_r04,C2,202626,18.2,18.1,0.09999999999999787,0.6,0.5953195207094418,0.5959635036863731,FAR,FAR,0.0,1,,,0.01,100
C2_n0.01_d100_r04,C2,202626,18.22,18.12,0.09999999999999787,0.6,0.6017628031802785,0.5974133285598494,FAR,FAR,0.0,1,,,0.01,100
C2_n0.01_d100_r04,C2,202626,18.24,18.14,0.09999999999999787,0.6,0.6038827265879186,0.5990306780668667,FAR,FAR,0.0,1,,,0.01,100
C2_n0.01_d100_r04,C2,202626,18.26,18.16,0.10000000000000142,0.6,0.6054821037124799,0.60064353447827,FAR,FAR,0.0,1,,,0.01,100
C2_n0.01_d100_r04,C2,202626,18.28,18.18,0.10000000000000142,0.6,0.595040835790532,0.5992428598063355,FAR,FAR,0.0,1,,,0.01,100
C2_n0.01_d100_r04,C2,202626,18.3,18.2,0.10000000000000142,0.6,0.6031324120079333,0.600215247856735,FAR,FAR,0.0,1,,,0.01,100
C2_n0.01_d100_r04,C2,202626,18.32,18.22,0.10000000000000142,0.6,0.6079132144037704,0.6021397394934938,FAR,FAR,0.0,1,,,0.01,100
C2_n0.01_d100_r04,C2,202626,18.34,18.24,0.10000000000000142,0.6,0.5911848403549574,0.5994010147088596,FAR,FAR,0.0,1,,,0.01,100
C2_n0.01_d100_r04,C2,202626,18.36,18.26,0.09999999999999787,0.6,0.5984817605163172,0.599171201160724,FAR,FAR,0.0,1,,,0.01,100
C2_n0.01_d100_r04,C2,202626,18.38,18.28,0.09999999999999787,0.6,0.6113859285753162,0.602224883014372,FAR,FAR,0.0,1,,,0.01,100
C2_n0.01_d100_r04,C2,202626,18.4,18.3,0.09999999999999787,0.6,0.6184052031161503,0.6062699630398166,FAR,FAR,0.0,1,,,0.01,100
C2_n0.01_d100_r04,C2,202626,18.42,18.32,0.10000000000000142,0.6,0.6025659249400059,0.6053439535148639,FAR,FAR,0.0,1,,,0.01,100
C2_n0.01_d100_r04,C2,202626,18.44,18.34,0.10000000000000142,0.6,0.5984868864654304,0.6036296867525055,FAR,FAR,0.0,1,,,0.01,100
C2_n0.01_d100_r04,C2,202626,18.46,18.36,0.10000000000000142,0.6,0.5979027884975912,0.602197962188777,FAR,FAR,0.0,1,,,0.01,100
C2_n0.01_d100_r04,C2,202626,18.48,18.38,0.10000000000000142,0.6,0.6089812320683338,0.6038937796586662,FAR,FAR,0.0,1,,,0.01,100
C2_n0.01_d100_r04,C2,202626,18.5,18.4,0.10000000000000142,0.6,0.5946610985697476,0.6015856093864365,FAR,FAR,0.0,1,,,0.01,100
C2_n0.01_d100_r04,C2,202626,18.52,18.42,0.09999999999999787,0.6,0.6097786690010957,0.6036338742901013,FAR,FAR,0.0,1,,,0.01,100
C2_n0.01_d100_r04,C2,202626,18.54,18.44,0.09999999999999787,0.6,0.6107216972247235,0.6054058300237568,FAR,FAR,0.0,1,,,0.01,100
C2_n0.01_d100_r04,C2,202626,18.56,18.46,0.09999999999999787,0.6,0.6147739811767348,0.6077478678120013,FAR,FAR,0.0,1,,,0.01,100
C2_n0.01_d100_r04,C2,202626,18.58,18.48,0.09999999999999787,0.6,0.6027271634421342,0.6064926917195346,FAR,FAR,0.0,1,,,0.01,100
C2_n0.01_d100_r04,C2,202626,18.6,18.5,0.10000000000000142,0.6,0.5823416907342163,0.600454941473205,FAR,FAR,0.0,1,,,0.01,100
C2_n0.01_d100_r04,C2,202626,18.62,18.52,0.10000000000000142,0.6,0.5966411601130164,0.5995014961331578,FAR,FAR,0.0,1,,,0.01,100
C2_n0.01_d100_r04,C2,202626,18.64,18.54,0.10000000000000142,0.6,0.6041021065164301,0.6006516487289759,FAR,FAR,0.0,1,,,0.01,100
C2_n0.01_d100_r04,C2,202626,18.66,18.56,0.10000000000000142,0.6,0.6009631298323244,0.600729519004813,FAR,FAR,0.0,1,,,0.01,100
C2_n0.01_d100_r04,C2,202626,18.68,18.58,0.10000000000000142,0.6,0.5824147649673541,0.5961508304954483,FAR,FAR,0.0,1,,,0.01,100
C2_n0.01_d100_r04,C2,202626,18.7,18.6,0.09999999999999787,0.6,0.6105027941794204,0.5997388214164413,FAR,FAR,0.0,1,,,0.01,100
C2_n0.01_d100_r04,C2,202626,18.72,18.62,0.09999999999999787,0.6,0.6015168125879172,0.6001833192093102,FAR,FAR,0.0,1,,,0.01,100
C2_n0.01_d100_r04,C2,202626,18.74,18.64,0.09999999999999787,0.6,0.5908124138342256,0.597840592865539,FAR,FAR,0.0,1,,,0.01,100
C2_n0.01_d100_r04,C2,202626,18.76,18.66,0.10000000000000142,0.6,0.6122127311519129,0.6014336274371325,FAR,FAR,0.0,1,,,0.01,100
C2_n0.01_d100_r04,C2,202626,18.78,18.68,0.10000000000000142,0.6,0.5886313789122883,0.5982330653059214,FAR,FAR,0.0,1,,,0.01,100
C2_n0.01_d100_r04,C2,202626,18.8,18.7,0.10000000000000142,0.6,0.5943485401570748,0.5972619340187098,FAR,FAR,0.0,1,,,0.01,100
C2_n0.01_d100_r04,C2,202626,18.82,18.72,0.10000000000000142,0.6,0.5939548401238504,0.5964351605449949,FAR,FAR,0.0,1,,,0.01,100
C2_n0.01_d100_r04,C2,202626,18.84,18.74,0.10000000000000142,0.6,0.6065774264146664,0.5989707270124127,FAR,FAR,0.0,1,,,0.01,100
C2_n0.01_d100_r04,C2,202626,18.86,18.76,0.09999999999999787,0.6,0.5697866841340639,0.5916747162928255,FAR,FAR,0.0,1,,,0.01,100
C2_n0.01_d100_r04,C2,202626,18.88,18.78,0.09999999999999787,0.6,0.5972378069361897,0.5930654889536666,FAR,FAR,0.0,1,,,0.01,100
C2_n0.01_d100_r04,C2,202626,18.9,18.8,0.09999999999999787,0.6,0.6048238223386699,0.5960050722999175,FAR,FAR,0.0,1,,,0.01,100
C2_n0.01_d100_r04,C2,202626,18.92,18.82,0.10000000000000142,0.6,0.6151124098760433,0.6007819066939489,FAR,FAR,0.0,1,,,0.01,100
C2_n0.01_d100_r04,C2,202626,18.94,18.84,0.10000000000000142,0.6,0.59937072300585,0.6004291107719242,FAR,FAR,0.0,1,,,0.01,100
C2_n0.01_d100_r04,C2,202626,18.96,18.86,0.10000000000000142,0.6,0.593909895862899,0.5987993070446679,FAR,FAR,0.0,1,,,0.01,100
C2_n0.01_d100_r04,C2,202626,18.98,18.88,0.10000000000000142,0.6,0.622626614254338,0.6047561338470854,FAR,FAR,0.0,1,,,0.01,100
C2_n0.01_d100_r04,C2,202626,19.0,18.9,0.10000000000000142,0.6,0.6056337192431411,0.6049755301960993,FAR,FAR,0.0,1,,,0.01,100
C2_n0.01_d100_r04,C2,202626,19.02,18.92,0.09999999999999787,0.6,0.587599562153232,0.6006315381853824,FAR,FAR,0.0,1,,,0.01,100
C2_n0.01_d100_r04,C2,202626,19.04,18.94,0.09999999999999787,0.6,0.600896628637729,0.6006978107984691,FAR,FAR,0.0,1,,,0.01,100
C2_n0.01_d100_r04,C2,202626,19.06,18.96,0.09999999999999787,0.6,0.5950926933474614,0.5992965314357172,FAR,FAR,0.0,1,,,0.01,100
C2_n0.01_d100_r04,C2,202626,19.08,18.98,0.09999999999999787,0.6,0.6101947135034069,0.6020210769526396,FAR,FAR,0.0,1,,,0.01,100
C2_n0.01_d100_r04,C2,202626,19.1,19.0,0.10000000000000142,0.6,0.6320071442732539,0.6095175937827932,FAR,FAR,0.0,1,,,0.01,100
C2_n0.01_d100_r04,C2,202626,19.12,19.02,0.10000000000000142,0.6,0.6039677542269282,0.608130133893827,FAR,FAR,0.0,1,,,0.01,100
C2_n0.01_d100_r04,C2,202626,19.14,19.04,0.10000000000000142,0.6,0.5959956948119223,0.6050965241233508,FAR,FAR,0.0,1,,,0.01,100
C2_n0.01_d100_r04,C2,202626,19.16,19.06,0.10000000000000142,0.6,0.5965850054717328,0.6029686444604463,FAR,FAR,0.0,1,,,0.01,100
C2_n0.01_d100_r04,C2,202626,19.18,19.08,0.10000000000000142,0.6,0.6132929367293729,0.6055497175276779,FAR,FAR,0.0,1,,,0.01,100
C2_n0.01_d100_r04,C2,202626,19.2,19.1,0.09999999999999787,0.6,0.5967528415873252,0.6033504985425897,FAR,FAR,0.0,1,,,0.01,100
C2_n0.01_d100_r04,C2,202626,19.22,19.12,0.09999999999999787,0.6,0.5754209280953124,0.5963681059307704,FAR,FAR,0.0,1,,,0.01,100
C2_n0.01_d100_r04,C2,202626,19.24,19.14,0.09999999999999787,0.6,0.6120132813576833,0.6002793997874987,FAR,FAR,0.0,1,,,0.01,100
C2_n0.01_d100_r04,C2,202626,19.26,19.16,0.10000000000000142,0.6,0.6112247790929544,0.6030157446138626,FAR,FAR,0.0,1,,,0.01,100
C2_n0.01_d100_r04,C2,202626,19.28,19.18,0.10000000000000142,0.6,0.6043364444660838,0.603345919576918,FAR,FAR,0.0,1,,,0.01,100
C2_n0.01_d100_r04,C2,202626,19.3,19.2,0.10000000000000142,0.6,0.5977738613476953,0.6019529050196123,FAR,FAR,0.0,1,,,0.01,100
C2_n0.01_d100_r04,C2,202626,19.32,19.22,0.10000000000000142,0.6,0.6002943887885391,0.601538275961844,FAR,FAR,0.0,1,,,0.01,100
C2_n0.01_d100_r04,C2,202626,19.34,19.24,0.10000000000000142,0.6,0.6115227669007961,0.6040343986965819,FAR,FAR,0.0,1,,,0.01,100
C2_n0.01_d100_r04,C2,202626,19.36,19.26,0.09999999999999787,0.6,0.6052565270102659,0.6043399307750029,FAR,FAR,0.0,1,,,0.01,100
C2_n0.01_d100_r04,C2,202626,19.38,19.28,0.09999999999999787,0.6,0.5694521223190543,0.5956179786610158,FAR,FAR,0.0,1,,,0.01,100
C2_n0.01_d100_r04,C2,202626,19.4,19.3,0.09999999999999787,0.6,0.6039188358845328,0.597693192966895,FAR,FAR,0.0,1,,,0.01,100
C2_n0.01_d100_r04,C2,202626,19.42,19.32,0.10000000000000142,0.6,0.6103848127915658,0.6008660979230628,FAR,FAR,0.0,1,,,0.01,100
C2_n0.01_d100_r04,C2,202626,19.44,19.34,0.10000000000000142,0.6,0.5905706354680325,0.5982922323093052,FAR,FAR,0.0,1,,,0.01,100
C2_n0.01_d100_r04,C2,202626,19.46,19.36,0.10000000000000142,0.6,0.6090191103297921,0.6009739518144269,FAR,FAR,0.0,1,,,0.01,100
C2_n0.01_d100_r04,C2,202626,19.48,19.38,0.10000000000000142,0.6,0.6008133400038939,0.6009337988617937,FAR,FAR,0.0,1,,,0.01,100
C2_n0.01_d100_r04,C2,202626,19.5,19.4,0.10000000000000142,0.6,0.6109284342089669,0.603432457698587,FAR,FAR,0.0,1,,,0.01,100
C2_n0.01_d100_r04,C2,202626,19.52,19.42,0.09999999999999787,0.6,0.5933430716216025,0.6009101111793409,FAR,FAR,0.0,1,,,0.01,100
C2_n0.01_d100_r04,C2,202626,19.54,19.44,0.09999999999999787,0.6,0.5930029208018951,0.5989333135849795,FAR,FAR,0.0,1,,,0.01,100
C2_n0.01_d100_r04,C2,202626,19.56,19.46,0.09999999999999787,0.6,0.5964844601705558,0.5983211002313735,FAR,FAR,0.0,1,,,0.01,100
C2_n0.01_d100_r04,C2,202626,19.58,19.48,0.09999999999999787,0.6,0.5928262937362793,0.5969473986075999,FAR,FAR,0.0,1,,,0.01,100
C2_n0.01_d100_r04,C2,202626,19.6,19.5,0.10000000000000142,0.6,0.6022001444780385,0.5982605850752096,FAR,FAR,0.0,1,,,0.01,100
C2_n0.01_d100_r04,C2,202626,19.62,19.52,0.10000000000000142,0.6,0.6048408088525032,0.599905641019533,FAR,FAR,0.0,1,,,0.01,100
C2_n0.01_d100_r04,C2,202626,19.64,19.54,0.10000000000000142,0.6,0.6089873211286706,0.6021760610468174,FAR,FAR,0.0,1,,,0.01,100
C2_n0.01_d100_r04,C2,202626,19.66,19.56,0.10000000000000142,0.6,0.6006339859139449,0.6017905422635993,FAR,FAR,0.0,1,,,0.01,100
C2_n0.01_d100_r04,C2,202626,19.68,19.58,0.10000000000000142,0.6,0.5924324838771557,0.5994510276669884,FAR,FAR,0.0,1,,,0.01,100
C2_n0.01_d100_r04,C2,202626,19.7,19.6,0.09999999999999787,0.6,0.6055477244630556,0.6009752018660053,FAR,FAR,0.0,1,,,0.01,100
C2_n0.01_d100_r04,C2,202626,19.72,19.62,0.09999999999999787,0.6,0.5806733895356118,0.5958997487834069,FAR,FAR,0.0,1,,,0.01,100
C2_n0.01_d100_r04,C2,202626,19.74,19.64,0.09999999999999787,0.6,0.5919471299225605,0.5949115940681953,FAR,FAR,0.0,1,,,0.01,100
C2_n0.01_d100_r04,C2,202626,19.76,19.66,0.10000000000000142,0.6,0.602028187444198,0.5966907424121959,FAR,FAR,0.0,1,,,0.01,100
C2_n0.01_d100_r04,C2,202626,19.78,19.68,0.10000000000000142,0.6,0.6016081027179002,0.5979200824886219,FAR,FAR,0.0,1,,,0.01,100
C2_n0.01_d100_r04,C2,202626,19.8,19.7,0.10000000000000142,0.6,0.6006090444419061,0.598592322976943,FAR,FAR,0.0,1,,,0.01,100
C2_n0.01_d100_r04,C2,202626,19.82,19.72,0.10000000000000142,0.6,0.605164914864887,0.600235470948929,FAR,FAR,0.0,1,,,0.01,100
C2_n0.01_d100_r04,C2,202626,19.84,19.74,0.10000000000000142,0.6,0.5908832588437337,0.5978974179226302,FAR,FAR,0.0,1,,,0.01,100
C2_n0.01_d100_r04,C2,202626,19.86,19.76,0.09999999999999787,0.6,0.5971234563177333,0.597703927521406,FAR,FAR,0.0,1,,,0.01,100
C2_n0.01_d100_r04,C2,202626,19.88,19.78,0.09999999999999787,0.6,0.6021711547435399,0.5988207343269395,FAR,FAR,0.0,1,,,0.01,100
C2_n0.01_d100_r04,C2,202626,19.9,19.8,0.09999999999999787,0.6,0.6225254234123171,0.6047469065982839,FAR,FAR,0.0,1,,,0.01,100
C2_n0.01_d100_r04,C2,202626,19.92,19.82,0.10000000000000142,0.6,0.6015616561913633,0.6039505939965537,FAR,FAR,0.0,1,,,0.01,100
C2_n0.01_d100_r04,C2,202626,19.94,19.84,0.10000000000000142,0.6,0.6089036881692188,0.60518886753972,FAR,FAR,0.0,1,,,0.01,100
C2_n0.01_d100_r04,C2,202626,19.96,19.86,0.10000000000000142,0.6,0.6052774875461266,0.6052110225413216,FAR,FAR,0.0,1,,,0.01,100
C2_n0.01_d100_r04,C2,202626,19.98,19.88,0.10000000000000142,0.6,0.5993803924847348,0.6037533650271749,FAR,FAR,0.0,1,,,0.01,100
C2_n0.01_d100_r04,C2,202626,20.0,19.9,0.10000000000000142,0.6,0.6055358020909137,0.6041989742931096,FAR,FAR,0.0,1,,,0.01,100
