trial_id,condition,seed,time_s,sensor_time_s,sample_age_s,true_distance_m,raw_distance_m,filtered_distance_m,expected_state,state,command,valid,event_label,invalid_reason,noise_sigma_m,delay_ms
C2_n0.03_d000_r02,C2,202634,0.0,0.0,0.0,0.6,0.5980087208985131,0.5980087208985131,FAR,FAR,0.0,1,,,0.03,0
C2_n0.03_d000_r02,C2,202634,0.02,0.02,0.0,0.6,0.5997319805069748,0.5984395358006286,FAR,FAR,0.0,1,,,0.03,0
C2_n0.03_d000_r02,C2,202634,0.04,0.04,0.0,0.6,0.6398270967985334,0.6087864260501048,FAR,FAR,0.0,1,,,0.03,0
C2_n0.03_d000_r02,C2,202634,0.06,0.06,0.0,0.6,0.6304390396875615,0.614199579459469,FAR,FAR,0.0,1,,,0.03,0
C2_n0.03_d000_r02,C2,202634,0.08,0.08,0.0,0.6,0.5577094726564293,0.6000770527587092,FAR,FAR,0.0,1,,,0.03,0
C2_n0.03_d000_r02,C2,202634,0.1,0.1,0.0,0.6,0.5608874389380708,0.5902796493035496,FAR,FAR,0.0,1,,,0.03,0
C2_n0.03_d000_r02,C2,202634,0.12,0.12,0.0,0.6,0.5959551957637724,0.5916985359186053,FAR,FAR,0.0,1,,,0.03,0
C2_n0.03_d000_r02,C2,202634,0.14,0.14,0.0,0.6,0.6193003741797121,0.598598995483882,FAR,FAR,0.0,1,,,0.03,0
C2_n0.03_d000_r02,C2,202634,0.16,0.16,0.0,0.6,0.6124267025076983,0.6020559222398361,FAR,FAR,0.0,1,,,0.03,0
C2_n0.03_d000_r02,C2,202634,0.18,0.18,0.0,0.6,0.6341701549957625,0.6100844804288177,FAR,FAR,0.0,1,,,0.03,0
C2_n0.03_d000_r02,C2,202634,0.2,0.2,0.0,0.6,0.5897155927834313,0.6049922585174711,FAR,FAR,0.0,1,,,0.03,0
C2_n0.03_d000_r02,C2,202634,0.22,0.22,0.0,0.6,0.6223297516817622,0.6093266318085439,FAR,FAR,0.0,1,,,0.03,0
C2_n0.03_d000_r02,C2,202634,0.24,0.24,0.0,0.6,0.5800173116883849,0.6019993017785041,FAR,FAR,0.0,1,,,0.03,0
C2_n0.03_d000_r02,C2,202634,0.26,0.26,0.0,0.6,0.6509551581715014,0.6142382658767535,FAR,FAR,0.0,1,,,0.03,0
C2_n0.03_d000_r02,C2,202634,0.28,0.28,0.0,0.6,0.5907181625814385,0.6083582400529247,FAR,FAR,0.0,1,,,0.03,0
C2_n0.03_d000_r02,C2,202634,0.3,0.3,0.0,0.6,0.5661876698309092,0.5978155974974209,FAR,FAR,0.0,1,,,0.03,0
C2_n0.03_d000_r02,C2,202634,0.32,0.32,0.0,0.6,0.627095896928141,0.6051356723551009,FAR,FAR,0.0,1,,,0.03,0
C2_n0.03_d000_r02,C2,202634,0.34,0.34,0.0,0.6,0.6440106642798843,0.6148544203362968,FAR,FAR,0.0,1,,,0.03,0
C2_n0.03_d000_r02,C2,202634,0.36,0.36,0.0,0.6,0.575501949796845,0.6050163027014339,FAR,FAR,0.0,1,,,0.03,0
C2_n0.03_d000_r02,C2,202634,0.38,0.38,0.0,0.6,0.6000861677230727,0.6037837689568436,FAR,FAR,0.0,1,,,0.03,0
C2_n0.03_d000_r02,C2,202634,0.4,0.4,0.0,0.6,0.5771559596788716,0.5971268166373507,FAR,FAR,0.0,1,,,0.03,0
C2_n0.03_d000_r02,C2,202634,0.42,0.42,0.0,0.6,0.6262142002741753,0.6043986625465568,FAR,FAR,0.0,1,,,0.03,0
C2_n0.03_d000_r02,C2,202634,0.44,0.44,0.0,0.6,0.5992999784298783,0.6031239915173872,FAR,FAR,0.0,1,,,0.03,0
C2_n0.03_d000_r02,C2,202634,0.46,0.46,0.0,0.6,0.6257457886493561,0.6087794408003794,FAR,FAR,0.0,1,,,0.03,0
C2_n0.03_d000_r02,C2,202634,0.48,0.48,0.0,0.6,0.6030217041207183,0.6073400066304641,FAR,FAR,0.0,1,,,0.03,0
C2_n0.03_d000_r02,C2,202634,0.5,0.5,0.0,0.6,0.607882214295872,0.6074755585468161,FAR,FAR,0.0,1,,,0.03,0
C2_n0.03_d000_r02,C2,202634,0.52,0.52,0.0,0.6,0.612700782164499,0.6087818644512368,FAR,FAR,0.0,1,,,0.03,0
C2_n0.03_d000_r02,C2,202634,0.54,0.54,0.0,0.6,0.5984052396554719,0.6061877082522956,FAR,FAR,0.0,1,,,0.03,0
C2_n0.03_d000_r02,C2,202634,0.56,0.56,0.0,0.6,0.6021602560381647,0.6051808451987628,FAR,FAR,0.0,1,,,0.03,0
C2_n0.03_d000_r02,C2,202634,0.58,0.58,0.0,0.6,0.6457928067894453,0.6153338355964334,FAR,FAR,0.0,1,,,0.03,0
C2_n0.03_d000_r02,C2,202634,0.6,0.6,0.0,0.6,0.587418250272693,0.6083549392654983,FAR,FAR,0.0,1,,,0.03,0
C2_n0.03_d000_r02,C2,202634,0.62,0.62,0.0,0.6,0.6058835988645258,0.6077371041652552,FAR,FAR,0.0,1,,,0.03,0
C2_n0.03_d000_r02,C2,202634,0.64,0.64,0.0,0.6,0.5932557346954381,0.6041167617978009,FAR,FAR,0.0,1,,,0.03,0
C2_n0.03_d000_r02,C2,202634,0.66,0.66,0.0,0.6,0.5433149783410623,0.5889163159336163,FAR,FAR,0.0,1,,,0.03,0
C2_n0.03_d000_r02,C2,202634,0.68,0.68,0.0,0.6,0.5756880499221053,0.5856092494307386,FAR,FAR,0.0,1,,,0.03,0
C2_n0.03_d000_r02,C2,202634,0.7,0.7,0.0,0.6,0.6250736222190229,0.5954753426278097,FAR,FAR,0.0,1,,,0.03,0
C2_n0.03_d000_r02,C2,202634,0.72,0.72,0.0,0.6,0.5924730576967574,0.5947247713950465,FAR,FAR,0.0,1,,,0.03,0
C2_n0.03_d000_r02,C2,202634,0.74,0.74,0.0,0.6,0.5945659416974004,0.594685063970635,FAR,FAR,0.0,1,,,0.03,0
C2_n0.03_d000_r02,C2,202634,0.76,0.76,0.0,0.6,0.5919963837864036,0.5940128939245771,FAR,FAR,0.0,1,,,0.03,0
C2_n0.03_d000_r02,C2,202634,0.78,0.78,0.0,0.6,0.5963768430475882,0.5946038812053298,FAR,FAR,0.0,1,,,0.03,0
C2_n0.03_d000_r02,C2,202634,0.8,0.8,0.0,0.6,0.5620519101590384,0.586465888443757,FAR,FAR,0.0,1,,,0.03,0
C2_n0.03_d000_r02,C2,202634,0.82,0.82,0.0,0.6,0.6120887343322993,0.5928715999158926,FAR,FAR,0.0,1,,,0.03,0
C2_n0.03_d000_r02,C2,202634,0.84,0.84,0.0,0.6,0.6585372135575909,0.609288003326317,FAR,FAR,0.0,1,,,0.03,0
C2_n0.03_d000_r02,C2,202634,0.86,0.86,0.0,0.6,0.582045674670442,0.6024774211623483,FAR,FAR,0.0,1,,,0.03,0
C2_n0.03_d000_r02,C2,202634,0.88,0.88,0.0,0.6,0.6070726732374133,0.6036262341811145,FAR,FAR,0.0,1,,,0.03,0
C2_n0.03_d000_r02,C2,202634,0.9,0.9,0.0,0.6,0.6665385552212829,0.6193543144411566,FAR,FAR,0.0,1,,,0.03,0
C2_n0.03_d000_r02,C2,202634,0.92,0.92,0.0,0.6,0.6499687069418485,0.6270079125663296,FAR,FAR,0.0,1,,,0.03,0
C2_n0.03_d000_r02,C2,202634,0.94,0.94,0.0,0.6,0.604017731030231,0.6212603671823049,FAR,FAR,0.0,1,,,0.03,0
C2_n0.03_d000_r02,C2,202634,0.96,0.96,0.0,0.6,0.5496691658003915,0.6033625668368265,FAR,FAR,0.0,1,,,0.03,0
C2_n0.03_d000_r02,C2,202634,0.98,0.98,0.0,0.6,0.5367278459942937,0.5867038866261933,FAR,FAR,0.0,1,,,0.03,0
C2_n0.03_d000_r02,C2,202634,1.0,1.0,0.0,0.6,0.6115973374807666,0.5929272493398366,FAR,FAR,0.0,1,,,0.03,0
C2_n0.03_d000_r02,C2,202634,1.02,1.02,0.0,0.6,0.5544048750273263,0.583296655761709,FAR,FAR,0.0,1,,,0.03,0
C2_n0.03_d000_r02,C2,202634,1.04,1.04,0.0,0.6,0.5395750043275982,0.5723662429031813,FAR,FAR,0.0,1,,,0.03,0
C2_n0.03_d000_r02,C2,202634,1.06,1.06,0.0,0.6,0.6308650099901373,0.5869909346749203,FAR,FAR,0.0,1,,,0.03,0
C2_n0.03_d000_r02,C2,202634,1.08,1.08,0.0,0.6,0.5807107216273885,0.5854208814130373,FAR,FAR,0.0,1,,,0.03,0
C2_n0.03_d000_r02,C2,202634,1.1,1.1,0.0,0.6,0.6222212742531794,0.5946209796230728,FAR,FAR,0.0,1,,,0.03,0
C2_n0.03_d000_r02,C2,202634,1.12,1.12,0.0,0.6,0.5831098181935237,0.5917431892656855,FAR,FAR,0.0,1,,,0.03,0
C2_n0.03_d000_r02,C2,202634,1.14,1.14,0.0,0.6,0.6271883138973368,0.6006044704235983,FAR,FAR,0.0,1,,,0.03,0
C2_n0.03_d000_r02,C2,202634,1.16,1.16,0.0,0.6,0.5866087489285011,0.597105540049824,FAR,FAR,0.0,1,,,0.03,0
C2_n0.03_d000_r02,C2,202634,1.18,1.18,0.0,0.6,0.6355686776876842,0.6067213244592891,FAR,FAR,0.0,1,,,0.03,0
C2_n0.03_d000_r02,C2,202634,1.2,1.2,0.0,0.6,0.648694572619642,0.6172146364993774,FAR,FAR,0.0,1,,,0.03,0
C2_n0.03_d000_r02,C2,202634,1.22,1.22,0.0,0.6,0.5891299398123394,0.6101934623276178,FAR,FAR,0.0,1,,,0.03,0
C2_n0.03_d000_r02,C2,202634,1.24,1.24,0.0,0.6,0.6060549928157177,0.6091588449496428,FAR,FAR,0.0,1,,,0.03,0
C2_n0.03_d000_r02,C2,202634,1.26,1.26,0.0,0.6,0.5938739716391028,0.6053376266220079,FAR,FAR,0.0,1,,,0.03,0
C2_n0.03_d000_r02,C2,202634,1.28,1.28,0.0,0.6,0.5948409423971338,0.6027134555657894,FAR,FAR,0.0,1,,,0.03,0
C2_n0.03_d000_r02,C2,202634,1.3,1.3,0.0,0.6,0.547440141874696,0.5888951271430161,FAR,FAR,0.0,1,,,0.03,0
C2_n0.03_d000_r02,C2,202634,1.32,1.32,0.0,0.6,0.6084755791881631,0.5937902401543028,FAR,FAR,0.0,1,,,0.03,0
C2_n0.03_d000_r02,C2,202634,1.34,1.34,0.0,0.6,0.5769889030440755,0.589589905876746,FAR,FAR,0.0,1,,,0.03,0
C2_n0.03_d000_r02,C2,202634,1.36,1.36,0.0,0.6,0.5868400646458841,0.5889024455690305,FAR,FAR,0.0,1,,,0.03,0
C2_n0.03_d000_r02,C2,202634,1.38,1.38,0.0,0.6,0.5878348850590354,0.5886355554415317,FAR,FAR,0.0,1,,,0.03,0
C2_n0.03_d000_r02,C2,202634,1.4,1.4,0.0,0.6,0.5780305627683667,0.5859843072732405,FAR,FAR,0.0,1,,,0.03,0
C2_n0.03_d000_r02,C2,202634,1.42,1.42,0.0,0.6,0.5662097156926398,0.5810406593780904,FAR,FAR,0.0,1,,,0.03,0
C2_n0.03_d000_r02,C2,202634,1.44,1.44,0.0,0.6,0.5739693339144746,0.5792728280121864,FAR,FAR,0.0,1,,,0.03,0
C2_n0.03_d000_r02,C2,202634,1.46,1.46,0.0,0.6,0.5897608686682945,0.5818948381762135,FAR,FAR,0.0,1,,,0.03,0
C2_n0.03_d000_r02,C2,202634,1.48,1.48,0.0,0.6,0.5700011406658897,0.5789214137986325,FAR,FAR,0.0,1,,,0.03,0
C2_n0.03_d000_r02,C2,202634,1.5,1.5,0.0,0.6,0.5900935629899243,0.5817144510964555,FAR,FAR,0.0,1,,,0.03,0
C2_n0.03_d000_r02,C2,202634,1.52,1.52,0.0,0.6,0.59614443208824,0.5853219463444016,FAR,FAR,0.0,1,,,0.03,0
C2_n0.03_d000_r02,C2,202634,1.54,1.54,0.0,0.6,0.6337541626082316,0.5974300004103591,FAR,FAR,0.0,1,,,0.03,0
C2_n0.03_d000_r02,C2,202634,1.56,1.56,0.0,0.6,0.6388576157706352,0.6077869042504281,FAR,FAR,0.0,1,,,0.03,0
C2_n0.03_d000_r02,C2,202634,1.58,1.58,0.0,0.6,0.5724561585832146,0.5989542178336247,FAR,FAR,0.0,1,,,0.03,0
C2_n0.03_d000_r02,C2,202634,1.6,1.6,0.0,0.6,0.5555485667517425,0.5881028050631542,FAR,FAR,0.0,1,,,0.03,0
C2_n0.03_d000_r02,C2,202634,1.62,1.62,0.0,0.6,0.6660537219174971,0.6075905342767399,FAR,FAR,0.0,1,,,0.03,0
C2_n0.03_d000_r02,C2,202634,1.64,1.64,0.0,0.6,0.6296548003401617,0.6131066007925954,FAR,FAR,0.0,1,,,0.03,0
C2_n0.03_d000_r02,C2,202634,1.66,1.66,0.0,0.6,0.6215879934442807,0.6152269489555167,FAR,FAR,0.0,1,,,0.03,0
C2_n0.03_d000_r02,C2,202634,1.68,1.68,0.0,0.6,0.614014496685416,0.6149238358879915,FAR,FAR,0.0,1,,,0.03,0
C2_n0.03_d000_r02,C2,202634,1.7,1.7,0.0,0.6,0.6146174972962528,0.6148472512400569,FAR,FAR,0.0,1,,,0.03,0
C2_n0.03_d000_r02,C2,202634,1.72,1.72,0.0,0.6,0.6025393080239926,0.6117702654360408,FAR,FAR,0.0,1,,,0.03,0
C2_n0.03_d000_r02,C2,202634,1.74,1.74,0.0,0.6,0.6659730509752049,0.6253209618208319,FAR,FAR,0.0,1,,,0.03,0
C2_n0.03_d000_r02,C2,202634,1.76,1.76,0.0,0.6,0.6254626446521946,0.6253563825286725,FAR,FAR,0.0,1,,,0.03,0
C2_n0.03_d000_r02,C2,202634,1.78,1.78,0.0,0.6,0.6213297606555724,0.6243497270603975,FAR,FAR,0.0,1,,,0.03,0
C2_n0.03_d000_r02,C2,202634,1.8,1.8,0.0,0.6,0.5868879501021559,0.6149842828208371,FAR,FAR,0.0,1,,,0.03,0
C2_n0.03_d000_r02,C2,202634,1.82,1.82,0.0,0.6,0.568730130322672,0.6034207446962958,FAR,FAR,0.0,1,,,0.03,0
C2_n0.03_d000_r02,C2,202634,1.84,1.84,0.0,0.6,0.5685551438614127,0.594704344487575,FAR,FAR,0.0,1,,,0.03,0
C2_n0.03_d000_r02,C2,202634,1.86,1.86,0.0,0.6,0.5972271356885644,0.5953350422878224,FAR,FAR,0.0,1,,,0.03,0
C2_n0.03_d000_r02,C2,202634,1.88,1.88,0.0,0.6,0.5766316535571987,0.5906591951051665,FAR,FAR,0.0,1,,,0.03,0
C2_n0.03_d000_r02,C2,202634,1.9,1.9,0.0,0.6,0.6335155266663276,0.6013732779954568,FAR,FAR,0.0,1,,,0.03,0
C2_n0.03_d000_r02,C2,202634,1.92,1.92,0.0,0.6,0.6219901332217039,0.6065274918020186,FAR,FAR,0.0,1,,,0.03,0
C2_n0.03_d000_r02,C2,202634,1.94,1.94,0.0,0.6,0.5898422486451764,0.6023561810128081,FAR,FAR,0.0,1,,,0.03,0
C2_n0.03_d000_r02,C2,202634,1.96,1.96,0.0,0.6,0.5697353775825622,0.5942009801552466,FAR,FAR,0.0,1,,,0.03,0
C2_n0.03_d000_r02,C2,202634,1.98,1.98,0.0,0.6,0.5812291404880808,0.5909580202384551,FAR,FAR,0.0,1,,,0.03,0
C2_n0.03_d000_r02,C2,202634,2.0,2.0,0.0,0.6,0.584010935755033,0.5892212491175997,FAR,FAR,0.0,1,,,0.03,0
C2_n0.03_d000_r02,C2,202634,2.02,2.02,0.0,0.6,0.5869403615649325,0.5886510272294329,FAR,FAR,0.0,1,,,0.03,0
C2_n0.03_d000_r02,C2,202634,2.04,2.04,0.0,0.6,0.6148110180144394,0.5951910249256844,FAR,FAR,0.0,1,,,0.03,0
C2_n0.03_d000_r02,C2,202634,2.06,2.06,0.0,0.6,0.5804877485259881,0.5915152058257603,FAR,FAR,0.0,1,,,0.03,0
C2_n0.03_d000_r02,C2,202634,2.08,2.08,0.0,0.6,0.5595476992937306,0.583523329192753,FAR,FAR,0.0,1,,,0.03,0
C2_n0.03_d000_r02,C2,202634,2.1,2.1,0.0,0.6,0.6126950309202879,0.5908162546246367,FAR,FAR,0.0,1,,,0.03,0
C2_n0.03_d000_r02,C2,202634,2.12,2.12,0.0,0.6,0.5764748154126339,0.587230894821636,FAR,FAR,0.0,1,,,0.03,0
C2_n0.03_d000_r02,C2,202634,2.14,2.14,0.0,0.6,0.5721806769720608,0.5834683403592422,FAR,FAR,0.0,1,,,0.03,0
C2_n0.03_d000_r02,C2,202634,2.16,2.16,0.0,0.6,0.61815400876736,0.5921397574612717,FAR,FAR,0.0,1,,,0.03,0
C2_n0.03_d000_r02,C2,202634,2.18,2.18,0.0,0.6,0.636221859267635,0.6031602829128625,FAR,FAR,0.0,1,,,0.03,0
C2_n0.03_d000_r02,C2,202634,2.2,2.2,0.0,0.6,0.6164004229861659,0.6064703179311883,FAR,FAR,0.0,1,,,0.03,0
C2_n0.03_d000_r02,C2,202634,2.22,2.22,0.0,0.6,0.5655447957254379,0.5962389373797508,FAR,FAR,0.0,1,,,0.03,0
C2_n0.03_d000_r02,C2,202634,2.24,2.24,0.0,0.6,0.581261280932223,0.5924945232678688,FAR,FAR,0.0,1,,,0.03,0
C2_n0.03_d000_r02,C2,202634,2.26,2.26,0.0,0.6,0.5476294379160963,0.5812782519299257,FAR,FAR,0.0,1,,,0.03,0
C2_n0.03_d000_r02,C2,202634,2.28,2.28,0.0,0.6,0.5733271213839709,0.579290469293437,FAR,FAR,0.0,1,,,0.03,0
C2_n0.03_d000_r02,C2,202634,2.3,2.3,0.0,0.6,0.6295345793989783,0.5918514968198223,FAR,FAR,0.0,1,,,0.03,0
C2_n0.03_d000_r02,C2,202634,2.32,2.32,0.0,0.6,0.6021687357266587,0.5944308065465314,FAR,FAR,0.0,1,,,0.03,0
C2_n0.03_d000_r02,C2,202634,2.34,2.34,0.0,0.6,0.5861581496063757,0.5923626423114925,FAR,FAR,0.0,1,,,0.03,0
C2_n0.03_d000_r02,C2,202634,2.36,2.36,0.0,0.6,0.5946027234319903,0.592922662591617,FAR,FAR,0.0,1,,,0.03,0
C2_n0.03_d000_r02,C2,202634,2.38,2.38,0.0,0.6,0.5871794877377084,0.5914868688781398,FAR,FAR,0.0,1,,,0.03,0
C2_n0.03_d000_r02,C2,202634,2.4,2.4,0.0,0.6,0.5533268309165504,0.5819468593877425,FAR,FAR,0.0,1,,,0.03,0
C2_n0.03_d000_r02,C2,202634,2.42,2.42,0.0,0.6,0.6295732205149278,0.5938534496695388,FAR,FAR,0.0,1,,,0.03,0
C2_n0.03_d000_r02,C2,202634,2.44,2.44,0.0,0.6,0.6105310365623227,0.5980228463927348,FAR,FAR,0.0,1,,,0.03,0
C2_n0.03_d000_r02,C2,202634,2.46,2.46,0.0,0.6,0.6475136254462585,0.6103955411561157,FAR,FAR,0.0,1,,,0.03,0
C2_n0.03_d000_r02,C2,202634,2.48,2.48,0.0,0.6,0.5851368271336045,0.6040808626504879,FAR,FAR,0.0,1,,,0.03,0
C2_n0.03_d000_r02,C2,202634,2.5,2.5,0.0,0.6,0.5935778458459126,0.601455108449344,FAR,FAR,0.0,1,,,0.03,0
C2_n0.03_d000_r02,C2,202634,2.52,2.52,0.0,0.6,0.5896397377576809,0.5985012657764283,FAR,FAR,0.0,1,,,0.03,0
C2_n0.03_d000_r02,C2,202634,2.54,2.54,0.0,0.6,0.6214795919287539,0.6042458473145097,FAR,FAR,0.0,1,,,0.03,0
C2_n0.03_d000_r02,C2,202634,2.56,2.56,0.0,0.6,0.6410440799461953,0.6134454054724311,FAR,FAR,0.0,1,,,0.03,0
C2_n0.03_d000_r02,C2,202634,2.58,2.58,0.0,0.6,0.6244422906002519,0.6161946267543863,FAR,FAR,0.0,1,,,0.03,0
C2_n0.03_d000_r02,C2,202634,2.6,2.6,0.0,0.6,0.5767660213465641,0.6063374754024308,FAR,FAR,0.0,1,,,0.03,0
C2_n0.03_d000_r02,C2,202634,2.62,2.62,0.0,0.6,0.619064999393071,0.6095193564000909,FAR,FAR,0.0,1,,,0.03,0
C2_n0.03_d000_r02,C2,202634,2.64,2.64,0.0,0.6,0.5715804647479147,0.6000346334870469,FAR,FAR,0.0,1,,,0.03,0
C2_n0.03_d000_r02,C2,202634,2.66,2.66,0.0,0.6,0.5660050802194786,0.5915272451701549,FAR,FAR,0.0,1,,,0.03,0
C2_n0.03_d000_r02,C2,202634,2.68,2.68,0.0,0.6,0.6123805215422485,0.5967405642631782,FAR,FAR,0.0,1,,,0.03,0
C2_n0.03_d000_r02,C2,202634,2.7,2.7,0.0,0.6,0.6398999322617522,0.6075304062628217,FAR,FAR,0.0,1,,,0.03,0
C2_n0.03_d000_r02,C2,202634,2.72,2.72,0.0,0.6,0.5762585835416437,0.5997124505825272,FAR,FAR,0.0,1,,,0.03,0
C2_n0.03_d000_r02,C2,202634,2.74,2.74,0.0,0.6,0.5912550432458338,0.5975980987483539,FAR,FAR,0.0,1,,,0.03,0
C2_n0.03_d000_r02,C2,202634,2.76,2.76,0.0,0.6,0.6193808897090777,0.6030437964885348,FAR,FAR,0.0,1,,,0.03,0
C2_n0.03_d000_r02,C2,202634,2.78,2.78,0.0,0.6,0.6458243964504454,0.6137389464790125,FAR,FAR,0.0,1,,,0.03,0
C2_n0.03_d000_r02,C2,202634,2.8,2.8,0.0,0.6,0.59984683328991,0.6102659181817368,FAR,FAR,0.0,1,,,0.03,0
C2_n0.03_d000_r02,C2,202634,2.82,2.82,0.0,0.6,0.6271784068688013,0.6144940403535029,FAR,FAR,0.0,1,,,0.03,0
C2_n0.03_d000_r02,C2,202634,2.84,2.84,0.0,0.6,0.6011155652129763,0.6111494215683713,FAR,FAR,0.0,1,,,0.03,0
C2_n0.03_d000_r02,C2,202634,2.86,2.86,0.0,0.6,0.5487979755426118,0.5955615600619314,FAR,FAR,0.0,1,,,0.03,0
C2_n0.03_d000_r02,C2,202634,2.88,2.88,0.0,0.6,0.6092428437174997,0.5989818809758234,FAR,FAR,0.0,1,,,0.03,0
C2_n0.03_d000_r02,C2,202634,2.9,2.9,0.0,0.6,0.6206031597001483,0.6043872006569047,FAR,FAR,0.0,1,,,0.03,0
C2_n0.03_d000_r02,C2,202634,2.92,2.92,0.0,0.6,0.6529109594735129,0.6165181403610567,FAR,FAR,0.0,1,,,0.03,0
C2_n0.03_d000_r02,C2,202634,2.94,2.94,0.0,0.6,0.5963933220969111,0.6114869357950203,FAR,FAR,0.0,1,,,0.03,0
C2_n0.03_d000_r02,C2,202634,2.96,2.96,0.0,0.6,0.602730165591561,0.6092977432441555,FAR,FAR,0.0,1,,,0.03,0
C2_n0.03_d000_r02,C2,202634,2.98,2.98,0.0,0.6,0.5921730620839197,0.6050165729540966,FAR,FAR,0.0,1,,,0.03,0
C2_n0.03_d000_r02,C2,202634,3.0,3.0,0.0,0.6,0.5582861421279093,0.5933339652475498,FAR,FAR,0.0,1,,,0.03,0
C2_n0.03_d000_r02,C2,202634,3.02,3.02,0.0,0.6,0.6077698878331734,0.5969429458939557,FAR,FAR,0.0,1,,,0.03,0
C2_n0.03_d000_r02,C2,202634,3.04,3.04,0.0,0.6,0.6087106722997846,0.5998848774954129,FAR,FAR,0.0,1,,,0.03,0
C2_n0.03_d000_r02,C2,202634,3.06,3.06,0.0,0.6,0.5575159319228874,0.5892926411022815,FAR,FAR,0.0,1,,,0.03,0
C2_n0.03_d000_r02,C2,202634,3.08,3.08,0.0,0.6,0.6206668481685943,0.5971361928688598,FAR,FAR,0.0,1,,,0.03,0
C2_n0.03_d000_r02,C2,202634,3.1,3.1,0.0,0.6,0.6585239290455764,0.6124831269130389,FAR,FAR,0.0,1,,,0.03,0
C2_n0.03_d000_r02,C2,202634,3.12,3.12,0.0,0.6,0.6039549226811378,0.6103510758550637,FAR,FAR,0.0,1,,,0.03,0
C2_n0.03_d000_r02,C2,202634,3.14,3.14,0.0,0.6,0.5656033799189013,0.5991641518710231,FAR,FAR,0.0,1,,,0.03,0
C2_n0.03_d000_r02,C2,202634,3.16,3.16,0.0,0.6,0.5490331755416048,0.5866314077886685,FAR,FAR,0.0,1,,,0.03,0
C2_n0.03_d000_r02,C2,202634,3.18,3.18,0.0,0.6,0.6425252150197469,0.6006048595964382,FAR,FAR,0.0,1,,,0.03,0
C2_n0.03_d000_r02,C2,202634,3.2,3.2,0.0,0.6,0.5744462748083288,0.5940652133994109,FAR,FAR,0.0,1,,,0.03,0
C2_n0.03_d000_r02,C2,202634,3.22,3.22,0.0,0.6,0.6439854176046147,0.6065452644507119,FAR,FAR,0.0,1,,,0.03,0
C2_n0.03_d000_r02,C2,202634,3.24,3.24,0.0,0.6,0.6619195155857779,0.6203888272344784,FAR,FAR,0.0,1,,,0.03,0
C2_n0.03_d000_r02,C2,202634,3.26,3.26,0.0,0.6,0.5711521080382973,0.6080796474354331,FAR,FAR,0.0,1,,,0.03,0
C2_n0.03_d000_r02,C2,202634,3.28,3.28,0.0,0.6,0.5898196409389348,0.6035146458113085,FAR,FAR,0.0,1,,,0.03,0
C2_n0.03_d000_r02,C2,202634,3.3,3.3,0.0,0.6,0.6103076123691745,0.6052128874507751,FAR,FAR,0.0,1,,,0.03,0
C2_n0.03_d000_r02,C2,202634,3.32,3.32,0.0,0.6,0.6129100077722595,0.6071371675311462,FAR,FAR,0.0,1,,,0.03,0
C2_n0.03_d000_r02,C2,202634,3.34,3.34,0.0,0.6,0.5888505879826724,0.6025655226440279,FAR,FAR,0.0,1,,,0.03,0
C2_n0.03_d000_r02,C2,202634,3.36,3.36,0.0,0.6,0.575458300782728,0.5957887171787029,FAR,FAR,0.0,1,,,0.03,0
C2_n0.03_d000_r02,C2,202634,3.38,3.38,0.0,0.6,0.6185626088582055,0.6014821900985785,FAR,FAR,0.0,1,,,0.03,0
C2_n0.03_d000_r02,C2,202634,3.4,3.4,0.0,0.6,0.6082685564664247,0.6031787816905401,FAR,FAR,0.0,1,,,0.03,0
C2_n0.03_d000_r02,C2,202634,3.42,3.42,0.0,0.6,0.6028459724614593,0.6030955793832699,FAR,FAR,0.0,1,,,0.03,0
C2_n0.03_d000_r02,C2,202634,3.44,3.44,0.0,0.6,0.6185100466564176,0.6069491962015567,FAR,FAR,0.0,1,,,0.03,0
C2_n0.03_d000_r02,C2,202634,3.46,3.46,0.0,0.6,0.6232233376740666,0.6110177315696842,FAR,FAR,0.0,1,,,0.03,0
C2_n0.03_d000_r02,C2,202634,3.48,3.48,0.0,0.6,0.6479356768409011,0.6202472178874884,FAR,FAR,0.0,1,,,0.03,0
C2_n0.03_d000_r02,C2,202634,3.5,3.5,0.0,0.6,0.5824014990466815,0.6107857881772867,FAR,FAR,0.0,1,,,0.03,0
C2_n0.03_d000_r02,C2,202634,3.52,3.52,0.0,0.6,0.6236645822937208,0.6140054867063952,FAR,FAR,0.0,1,,,0.03,0
C2_n0.03_d000_r02,C2,202634,3.54,3.54,0.0,0.6,0.6112472642872758,0.6133159311016153,FAR,FAR,0.0,1,,,0.03,0
C2_n0.03_d000_r02,C2,202634,3.56,3.56,0.0,0.6,0.6122546287732695,0.6130506055195288,FAR,FAR,0.0,1,,,0.03,0
C2_n0.03_d000_r02,C2,202634,3.58,3.58,0.0,0.6,0.6339605261704525,0.6182780856822597,FAR,FAR,0.0,1,,,0.03,0
C2_n0.03_d000_r02,C2,202634,3.6,3.6,0.0,0.6,0.623486552085499,0.6195802022830695,FAR,FAR,0.0,1,,,0.03,0
C2_n0.03_d000_r02,C2,202634,3.62,3.62,0.0,0.6,0.5710495898147965,0.6074475491660013,FAR,FAR,0.0,1,,,0.03,0
C2_n0.03_d000_r02,C2,202634,3.64,3.64,0.0,0.6,0.5765063145171646,0.5997122405037921,FAR,FAR,0.0,1,,,0.03,0
C2_n0.03_d000_r02,C2,202634,3.66,3.66,0.0,0.6,0.5960758078945299,0.5988031323514765,FAR,FAR,0.0,1,,,0.03,0
C2_n0.03_d000_r02,C2,202634,3.68,3.68,0.0,0.6,0.5950344945996112,0.5978609729135101,FAR,FAR,0.0,1,,,0.03,0
C2_n0.03_d000_r02,C2,202634,3.7,3.7,0.0,0.6,0.564354275705097,0.5894842986114068,FAR,FAR,0.0,1,,,0.03,0
C2_n0.03_d000_r02,C2,202634,3.72,3.72,0.0,0.6,0.6374401118413344,0.6014732519188888,FAR,FAR,0.0,1,,,0.03,0
C2_n0.03_d000_r02,C2,202634,3.74,3.74,0.0,0.6,0.6142891046795339,0.60467721510905,FAR,FAR,0.0,1,,,0.03,0
C2_n0.03_d000_r02,C2,202634,3.76,3.76,0.0,0.6,0.6088311176246989,0.6057156907379623,FAR,FAR,0.0,1,,,0.03,0
C2_n0.03_d000_r02,C2,202634,3.78,3.78,0.0,0.6,0.5925151029215967,0.6024155437838709,FAR,FAR,0.0,1,,,0.03,0
C2_n0.03_d000_r02,C2,202634,3.8,3.8,0.0,0.6,0.5330384108385767,0.5850712605475473,FAR,FAR,0.0,1,,,0.03,0
C2_n0.03_d000_r02,C2,202634,3.82,3.82,0.0,0.6,0.6340653233683107,0.5973197762527382,FAR,FAR,0.0,1,,,0.03,0
C2_n0.03_d000_r02,C2,202634,3.84,3.84,0.0,0.6,0.6056364340026246,0.5993989406902098,FAR,FAR,0.0,1,,,0.03,0
C2_n0.03_d000_r02,C2,202634,3.86,3.86,0.0,0.6,0.5281255379256699,0.5815805899990748,FAR,FAR,0.0,1,,,0.03,0
C2_n0.03_d000_r02,C2,202634,3.88,3.88,0.0,0.6,0.5809174843507959,0.5814148135870051,FAR,FAR,0.0,1,,,0.03,0
C2_n0.03_d000_r02,C2,202634,3.9,3.9,0.0,0.6,0.6233567258757354,0.5919002916591877,FAR,FAR,0.0,1,,,0.03,0
C2_n0.03_d000_r02,C2,202634,3.92,3.92,0.0,0.6,0.562198306798499,0.5844747954440155,FAR,FAR,0.0,1,,,0.03,0
C2_n0.03_d000_r02,C2,202634,3.94,3.94,0.0,0.6,0.6173881607365479,0.5927031367671486,FAR,FAR,0.0,1,,,0.03,0
C2_n0.03_d000_r02,C2,202634,3.96,3.96,0.0,0.6,0.5832795460367047,0.5903472390845377,FAR,FAR,0.0,1,,,0.03,0
C2_n0.03_d000_r02,C2,202634,3.98,3.98,0.0,0.6,0.5684925186137493,0.5848835589668406,FAR,FAR,0.0,1,,,0.03,0
C2_n0.03_d000_r02,C2,202634,4.0,4.0,0.0,0.6,0.5517037753773756,0.5765886130694744,FAR,FAR,0.0,1,,,0.03,0
C2_n0.03_d000_r02,C2,202634,4.02,4.02,0.0,0.5982500000000001,0.5866635539063719,0.5791073482786988,FAR,FAR,0.0,1,,,0.03,0
C2_n0.03_d000_r02,C2,202634,4.04,4.04,0.0,0.5965,0.5920514378861391,0.5823433706805589,FAR,FAR,0.0,1,,,0.03,0
C2_n0.03_d000_r02,C2,202634,4.06,4.06,0.0,0.59475,0.6330223380744494,0.5950131125290314,FAR,FAR,0.0,1,,,0.03,0
C2_n0.03_d000_r02,C2,202634,4.08,4.08,0.0,0.593,0.6299358529229323,0.6037437976275066,FAR,FAR,0.0,1,,,0.03,0
C2_n0.03_d000_r02,C2,202634,4.1,4.1,0.0,0.59125,0.5945890724081262,0.6014551163226616,FAR,FAR,0.0,1,,,0.03,0
C2_n0.03_d000_r02,C2,202634,4.12,4.12,0.0,0.5894999999999999,0.6143544697058017,0.6046799546684466,FAR,FAR,0.0,1,,,0.03,0
C2_n0.03_d000_r02,C2,202634,4.14,4.14,0.0,0.58775,0.6052164495916191,0.6048140783992397,FAR,FAR,0.0,1,,,0.03,0
C2_n0.03_d000_r02,C2,202634,4.16,4.16,0.0,0.586,0.5982004865741618,0.6031606804429702,FAR,FAR,0.0,1,,,0.03,0
C2_n0.03_d000_r02,C2,202634,4.18,4.18,0.0,0.58425,0.6195182018353211,0.6072500607910579,FAR,FAR,0.0,1,,,0.03,0
C2_n0.03_d000_r02,C2,202634,4.2,4.2,0.0,0.5825,0.5686065874490956,0.5975891924555673,FAR,FAR,0.0,1,,,0.03,0
C2_n0.03_d000_r02,C2,202634,4.22,4.22,0.0,0.58075,0.5712083429361698,0.590993980075718,FAR,FAR,0.0,1,,,0.03,0
C2_n0.03_d000_r02,C2,202634,4.24,4.24,0.0,0.579,0.5950867862564148,0.5920171816208922,FAR,FAR,0.0,1,,,0.03,0
C2_n0.03_d000_r02,C2,202634,4.26,4.26,0.0,0.57725,0.6502796231806043,0.6065827920108202,FAR,FAR,0.0,1,,,0.03,0
C2_n0.03_d000_r02,C2,202634,4.28,4.28,0.0,0.5754999999999999,0.5625569422943179,0.5955763295816946,FAR,FAR,0.0,1,,,0.03,0
C2_n0.03_d000_r02,C2,202634,4.3,4.3,0.0,0.57375,0.5727625443384835,0.5898728832708918,FAR,FAR,0.0,1,,,0.03,0
C2_n0.03_d000_r02,C2,202634,4.32,4.32,0.0,0.572,0.5783831871776154,0.5870004592475727,FAR,FAR,0.0,1,,,0.03,0
C2_n0.03_d000_r02,C2,202634,4.34,4.34,0.0,0.57025,0.5796194269582722,0.5851552011752477,FAR,FAR,0.0,1,,,0.03,0
C2_n0.03_d000_r02,C2,202634,4.36,4.36,0.0,0.5685,0.5509187617773547,0.5765960913257744,FAR,FAR,0.0,1,,,0.03,0
C2_n0.03_d000_r02,C2,202634,4.38,4.38,0.0,0.56675,0.6088656054701427,0.5846634698618665,FAR,FAR,0.0,1,,,0.03,0
C2_n0.03_d000_r02,C2,202634,4.4,4.4,0.0,0.565,0.5672082289618349,0.5802996596368586,FAR,FAR,0.0,1,,,0.03,0
C2_n0.03_d000_r02,C2,202634,4.42,4.42,0.0,0.56325,0.5410413567690607,0.5704850839199092,FAR,FAR,0.0,1,,,0.03,0
C2_n0.03_d000_r02,C2,202634,4.44,4.44,0.0,0.5614999999999999,0.5605523093261343,0.5680018902714654,FAR,FAR,0.0,1,,,0.03,0
C2_n0.03_d000_r02,C2,202634,4.46,4.46,0.0,0.55975,0.610400250497829,0.5786014803280564,FAR,FAR,0.0,1,,,0.03,0
C2_n0.03_d000_r02,C2,202634,4.48,4.48,0.0,0.5579999999999999,0.5210133900605188,0.564204457761172,FAR,FAR,0.0,1,,,0.03,0
C2_n0.03_d000_r02,C2,202634,4.5,4.5,0.0,0.55625,0.5274760108794165,0.5550223460407331,FAR,FAR,0.0,1,,,0.03,0
C2_n0.03_d000_r02,C2,202634,4.52,4.52,0.0,0.5545,0.5594913172538788,0.5561395888440195,FAR,FAR,0.0,1,,,0.03,0
C2_n0.03_d000_r02,C2,202634,4.54,4.54,0.0,0.55275,0.5934882557370442,0.5654767555672757,FAR,FAR,0.0,1,,,0.03,0
C2_n0.03_d000_r02,C2,202634,4.56,4.56,0.0,0.551,0.5830058140897489,0.569859020197894,FAR,FAR,0.0,1,,,0.03,0
C2_n0.03_d000_r02,C2,202634,4.58,4.58,0.0,0.54925,0.5357351593346343,0.561328054982079,FAR,FAR,0.0,1,,,0.03,0
C2_n0.03_d000_r02,C2,202634,4.6,4.6,0.0,0.5475,0.5354289380933313,0.5548532757598921,FAR,FAR,0.0,1,,,0.03,0
C2_n0.03_d000_r02,C2,202634,4.62,4.62,0.0,0.54575,0.5754112470999889,0.5599927685949163,FAR,FAR,0.0,1,,,0.03,0
C2_n0.03_d000_r02,C2,202634,4.64,4.64,0.0,0.544,0.4945094358938462,0.5436219354196488,FAR,FAR,0.0,1,,,0.03,0
C2_n0.03_d000_r02,C2,202634,4.66,4.66,0.0,0.54225,0.5014196688568084,0.5330713687789387,FAR,FAR,0.0,1,,,0.03,0
C2_n0.03_d000_r02,C2,202634,4.68,4.68,0.0,0.5405,0.5459000113622055,0.5362785294247554,FAR,FAR,0.0,1,,,0.03,0
C2_n0.03_d000_r02,C2,202634,4.7,4.7,0.0,0.53875,0.5249486623977058,0.533446062667993,FAR,FAR,0.0,1,,,0.03,0
C2_n0.03_d000_r02,C2,202634,4.72,4.72,0.0,0.537,0.5040862967628971,0.526106121191719,FAR,FAR,0.0,1,,,0.03,0
C2_n0.03_d000_r02,C2,202634,4.74,4.74,0.0,0.53525,0.5028912958482545,0.5203024148558528,FAR,FAR,0.0,1,,,0.03,0
C2_n0.03_d000_r02,C2,202634,4.76,4.76,0.0,0.5335,0.557700516507516,0.5296519402687686,FAR,FAR,0.0,1,,,0.03,0
C2_n0.03_d000_r02,C2,202634,4.78,4.78,0.0,0.53175,0.46846106417404926,0.5143542212450888,FAR,FAR,0.0,1,,,0.03,0
C2_n0.03_d000_r02,C2,202634,4.8,4.8,0.0,0.53,0.5394907530175108,0.5206383541881943,FAR,FAR,0.0,1,,,0.03,0
C2_n0.03_d000_r02,C2,202634,4.82,4.82,0.0,0.52825,0.49921794795037727,0.51528325262874,FAR,FAR,0.0,1,,,0.03,0
C2_n0.03_d000_r02,C2,202634,4.84,4.84,0.0,0.5265,0.5163578010646586,0.5155518897377196,FAR,FAR,0.0,1,,,0.03,0
C2_n0.03_d000_r02,C2,202634,4.86,4.86,0.0,0.5247499999999999,0.525521247594133,0.5180442292018229,FAR,FAR,0.0,1,,,0.03,0
C2_n0.03_d000_r02,C2,202634,4.88,4.88,0.0,0.523,0.5224530442904046,0.5191464329739683,FAR,FAR,0.0,1,,,0.03,0
C2_n0.03_d000_r02,C2,202634,4.9,4.9,0.0,0.52125,0.4880775735738522,0.5113792181239393,FAR,FAR,0.0,1,,,0.03,0
C2_n0.03_d000_r02,C2,202634,4.92,4.92,0.0,0.5195,0.536744902918443,0.5177206393225653,FAR,FAR,0.0,1,,,0.03,0
C2_n0.03_d000_r02,C2,202634,4.94,4.94,0.0,0.5177499999999999,0.48207659676007725,0.5088096286819432,FAR,FAR,0.0,1,,,0.03,0
C2_n0.03_d000_r02,C2,202634,4.96,4.96,0.0,0.516,0.507028340995328,0.5083643067602894,FAR,FAR,0.0,1,,,0.03,0
C2_n0.03_d000_r02,C2,202634,4.98,4.98,0.0,0.51425,0.5059085168181613,0.5077503592747574,FAR,FAR,0.0,1,,,0.03,0
C2_n0.03_d000_r02,C2,202634,5.0,5.0,0.0,0.5125,0.4921339200471965,0.5038462494678672,FAR,FAR,0.0,1,,,0.03,0
C2_n0.03_d000_r02,C2,202634,5.02,5.02,0.0,0.51075,0.5265237708668364,0.5095156298176096,FAR,FAR,0.0,1,,,0.03,0
C2_n0.03_d000_r02,C2,202634,5.04,5.04,0.0,0.509,0.500864864451194,0.5073529384760057,FAR,FAR,0.0,1,,,0.03,0
C2_n0.03_d000_r02,C2,202634,5.06,5.06,0.0,0.50725,0.5331199917949021,0.5137947018057298,FAR,FAR,0.0,1,,,0.03,0
C2_n0.03_d000_r02,C2,202634,5.08,5.08,0.0,0.5055,0.5069715955539813,0.5120889252427927,FAR,FAR,0.0,1,,,0.03,0
C2_n0.03_d000_r02,C2,202634,5.1,5.1,0.0,0.50375,0.47041980134385375,0.501671644268058,FAR,FAR,0.0,1,,,0.03,0
C2_n0.03_d000_r02,C2,202634,5.12,5.12,0.0,0.502,0.46474736537367456,0.4924405745444621,FAR,FAR,0.0,1,,,0.03,0
C2_n0.03_d000_r02,C2,202634,5.14,5.14,0.0,0.50025,0.5208409129519737,0.49954065914634005,FAR,FAR,0.0,1,,,0.03,0
C2_n0.03_d000_r02,C2,202634,5.16,5.16,0.0,0.49849999999999994,0.47665824307993526,0.49382005512973887,FAR,FAR,0.0,1,,,0.03,0
C2_n0.03_d000_r02,C2,202634,5.18,5.18,0.0,0.49675,0.5388827042695264,0.5050857174146858,FAR,FAR,0.0,1,,,0.03,0
C2_n0.03_d000_r02,C2,202634,5.2,5.2,0.0,0.495,0.4793910656848743,0.49866205448223294,FAR,FAR,0.0,1,,,0.03,0
C2_n0.03_d000_r02,C2,202634,5.22,5.22,0.0,0.49325,0.46049671124233316,0.48912071867225804,FAR,FAR,0.0,1,,,0.03,0
C2_n0.03_d000_r02,C2,202634,5.24,5.24,0.0,0.49149999999999994,0.5558774755480318,0.5058099078912015,FAR,FAR,0.0,1,,,0.03,0
C2_n0.03_d000_r02,C2,202634,5.26,5.26,0.0,0.48975,0.5032717782752263,0.5051753754872077,FAR,FAR,0.0,1,,,0.03,0
C2_n0.03_d000_r02,C2,202634,5.28,5.28,0.0,0.488,0.4898651238773725,0.5013478125847489,FAR,FAR,0.0,1,,,0.03,0
C2_n0.03_d000_r02,C2,202634,5.3,5.3,0.0,0.48625,0.4591200444858812,0.490790870560032,FAR,FAR,0.0,1,,,0.03,0
C2_n0.03_d000_r02,C2,202634,5.32,5.32,0.0,0.48449999999999993,0.4306706000411153,0.4757608029303028,FAR,FAR,0.0,1,,,0.03,0
C2_n0.03_d000_r02,C2,202634,5.34,5.34,0.0,0.48275,0.47466164169427977,0.475486012621297,FAR,FAR,0.0,1,,,0.03,0
C2_n0.03_d000_r02,C2,202634,5.36,5.36,0.0,0.481,0.4859415843030177,0.4780999055417272,FAR,FAR,0.0,1,,,0.03,0
C2_n0.03_d000_r02,C2,202634,5.38,5.38,0.0,0.47925,0.4988604695587003,0.48329004654597046,FAR,FAR,0.0,1,,,0.03,0
C2_n0.03_d000_r02,C2,202634,5.4,5.4,0.0,0.4774999999999999,0.49039145171746623,0.4850653978388444,FAR,FAR,0.0,1,,,0.03,0
C2_n0.03_d000_r02,C2,202634,5.42,5.42,0.0,0.47575,0.48146747336763446,0.4841659167210419,FAR,FAR,0.0,1,,,0.03,0
C2_n0.03_d000_r02,C2,202634,5.44,5.44,0.0,0.474,0.44274457151022284,0.4738105804183371,FAR,FAR,0.0,1,,,0.03,0
C2_n0.03_d000_r02,C2,202634,5.46,5.46,0.0,0.47224999999999995,0.48648724697019585,0.47697974705630175,FAR,FAR,0.0,1,,,0.03,0
C2_n0.03_d000_r02,C2,202634,5.48,5.48,0.0,0.4704999999999999,0.4200477585048079,0.4627467499184283,FAR,FAR,0.0,1,,,0.03,0
C2_n0.03_d000_r02,C2,202634,5.5,5.5,0.0,0.46875,0.45855067281373135,0.46169773064225406,FAR,FAR,0.0,1,,,0.03,0
C2_n0.03_d000_r02,C2,202634,5.52,5.52,0.0,0.467,0.39307308046126066,0.44454156809700573,FAR,FAR,0.0,1,,,0.03,0
C2_n0.03_d000_r02,C2,202634,5.54,5.54,0.0,0.46525,0.44532902651493605,0.44473843270148833,FAR,FAR,0.0,1,,,0.03,0
C2_n0.03_d000_r02,C2,202634,5.56,5.56,0.0,0.4635,0.47240893026206493,0.4516560570916325,FAR,FAR,0.0,1,,,0.03,0
C2_n0.03_d000_r02,C2,202634,5.58,5.58,0.0,0.46175,0.4574223018113967,0.4530976182715735,FAR,FAR,0.0,1,,,0.03,0
C2_n0.03_d000_r02,C2,202634,5.6,5.6,0.0,0.46,0.40664306807596867,0.4414839807226723,FAR,FAR,0.0,1,,,0.03,0
C2_n0.03_d000_r02,C2,202634,5.62,5.62,0.0,0.45825,0.42050522828635517,0.43623929261359307,FAR,FAR,0.0,1,,,0.03,0
C2_n0.03_d000_r02,C2,202634,5.64,5.64,0.0,0.4565,0.42368336834856013,0.43310031154733486,FAR,FAR,0.0,1,,,0.03,0
C2_n0.03_d000_r02,C2,202634,5.66,5.66,0.0,0.45475,0.4374633020479936,0.43419105917249956,FAR,FAR,0.0,1,,,0.03,0
C2_n0.03_d000_r02,C2,202634,5.68,5.68,0.0,0.453,0.4383630586439215,0.43523405904035506,FAR,FAR,0.0,1,,,0.03,0
C2_n0.03_d000_r02,C2,202634,5.7,5.7,0.0,0.45125,0.45378534129902437,0.4398718796050224,FAR,FAR,0.0,1,,,0.03,0
C2_n0.03_d000_r02,C2,202634,5.72,5.72,0.0,0.4495,0.4340589043155518,0.4384186357826548,FAR,FAR,0.0,1,,,0.03,0
C2_n0.03_d000_r02,C2,202634,5.74,5.74,0.0,0.44775,0.4938099625819608,0.4522664674824813,FAR,FAR,0.0,1,,,0.03,0
C2_n0.03_d000_r02,C2,202634,5.76,5.76,0.0,0.446,0.40642634654817017,0.4408064372489035,FAR,FAR,0.0,1,,,0.03,0
C2_n0.03_d000_r02,C2,202634,5.78,5.78,0.0,0.44425,0.4684194714189168,0.44770969579140685,FAR,FAR,0.0,1,,,0.03,0
C2_n0.03_d000_r02,C2,202634,5.8,5.8,0.0,0.4425,0.47391940596282084,0.45426212333426036,FAR,FAR,0.0,1,,,0.03,0
C2_n0.03_d000_r02,C2,202634,5.82,5.82,0.0,0.44075,0.5011112597875663,0.4659744074475869,FAR,FAR,0.0,1,,,0.03,0
C2_n0.03_d000_r02,C2,202634,5.84,5.84,0.0,0.439,0.427631634785878,0.45638871428215966,FAR,FAR,0.0,1,,,0.03,0
C2_n0.03_d000_r02,C2,202634,5.86,5.86,0.0,0.43724999999999997,0.41535500650992496,0.446130287339101,FAR,FAR,0.0,1,,,0.03,0
C2_n0.03_d000_r02,C2,202634,5.88,5.88,0.0,0.4355,0.4365923734388171,0.44374580886403,FAR,FAR,0.0,1,,,0.03,0
C2_n0.03_d000_r02,C2,202634,5.9,5.9,0.0,0.43374999999999997,0.39287264943851175,0.4310275190076504,FAR,FAR,0.0,1,,,0.03,0
C2_n0.03_d000_r02,C2,202634,5.92,5.92,0.0,0.432,0.4379624872186895,0.4327612610604102,FAR,FAR,0.0,1,,,0.03,0
C2_n0.03_d000_r02,C2,202634,5.94,5.94,0.0,0.43024999999999997,0.4111215587581154,0.4273513354848365,FAR,FAR,0.0,1,,,0.03,0
C2_n0.03_d000_r02,C2,202634,5.96,5.96,0.0,0.4285,0.45235759802478326,0.43360290111982314,FAR,FAR,0.0,1,,,0.03,0
C2_n0.03_d000_r02,C2,202634,5.98,5.98,0.0,0.42674999999999996,0.41355019407817106,0.4285897243594101,FAR,FAR,0.0,1,,,0.03,0
C2_n0.03_d000_r02,C2,202634,6.0,6.0,0.0,0.425,0.41194654016144017,0.42442892830991763,FAR,FAR,0.0,1,,,0.03,0
C2_n0.03_d000_r02,C2,202634,6.02,6.02,0.0,0.42325,0.43148881681565515,0.426193900436352,FAR,FAR,0.0,1,,,0.03,0
C2_n0.03_d000_r02,C2,202634,6.04,6.04,0.0,0.4215,0.396939335125228,0.418880259108571,FAR,FAR,0.0,1,,,0.03,0
C2_n0.03_d000_r02,C2,202634,6.06,6.06,0.0,0.41975,0.4677024809511513,0.43108581456921613,FAR,FAR,0.0,1,,,0.03,0
C2_n0.03_d000_r02,C2,202634,6.08,6.08,0.0,0.418,0.4642718599082252,0.4393823259039684,FAR,FAR,0.0,1,,,0.03,0
C2_n0.03_d000_r02,C2,202634,6.1,6.1,0.0,0.41625,0.3625570584964098,0.42017600905207875,FAR,FAR,0.0,1,,,0.03,0
C2_n0.03_d000_r02,C2,202634,6.12,6.12,0.0,0.4145,0.43971272301026043,0.42506018754162417,FAR,FAR,0.0,1,,,0.03,0
C2_n0.03_d000_r02,C2,202634,6.14,6.14,0.0,0.41275,0.4296888787456828,0.4262173603426388,FAR,FAR,0.0,1,,,0.03,0
C2_n0.03_d000_r02,C2,202634,6.16,6.16,0.0,0.411,0.41405105553360233,0.4231757841403797,FAR,FAR,0.0,1,,,0.03,0
C2_n0.03_d000_r02,C2,202634,6.18,6.18,0.0,0.40925,0.38795184560561186,0.41436979950668773,FAR,FAR,0.0,1,,,0.03,0
C2_n0.03_d000_r02,C2,202634,6.2,6.2,0.0,0.4075,0.3629686308335073,0.4015195073383926,FAR,FAR,0.0,1,,,0.03,0
C2_n0.03_d000_r02,C2,202634,6.22,6.22,0.0,0.40575,0.32529302295576534,0.3824628862427358,FAR,FAR,0.0,1,,,0.03,0
C2_n0.03_d000_r02,C2,202634,6.24,6.24,0.0,0.40399999999999997,0.38845603428819403,0.38396117325410034,FAR,FAR,0.0,1,,,0.03,0
C2_n0.03_d000_r02,C2,202634,6.26,6.26,0.0,0.40225,0.38858541960602516,0.38511723484208155,FAR,FAR,0.0,1,,,0.03,0
C2_n0.03_d000_r02,C2,202634,6.28,6.28,0.0,0.40049999999999997,0.41874080324328505,0.39352312694238245,FAR,FAR,0.0,1,,,0.03,0
C2_n0.03_d000_r02,C2,202634,6.3,6.3,0.0,0.39875,0.3880470735220679,0.3921541135873038,FAR,FAR,0.0,1,,,0.03,0
C2_n0.03_d000_r02,C2,202634,6.32,6.32,0.0,0.39699999999999996,0.38605458301208484,0.3906292309434991,FAR,FAR,0.0,1,,,0.03,0
C2_n0.03_d000_r02,C2,202634,6.34,6.34,0.0,0.39525,0.3910817288330311,0.3907423554158821,FAR,FAR,0.0,1,,,0.03,0
C2_n0.03_d000_r02,C2,202634,6.36,6.36,0.0,0.39349999999999996,0.4086721926732622,0.39522481473022714,FAR,FAR,0.0,1,,,0.03,0
C2_n0.03_d000_r02,C2,202634,6.38,6.38,0.0,0.39175,0.352880553378659,0.3846387493923351,FAR,FAR,0.0,1,,,0.03,0
C2_n0.03_d000_r02,C2,202634,6.4,6.4,0.0,0.38999999999999996,0.42034494001397893,0.39356529704774607,FAR,FAR,0.0,1,,,0.03,0
C2_n0.03_d000_r02,C2,202634,6.42,6.42,0.0,0.38825,0.33862838131107137,0.37983106811357736,FAR,FAR,0.0,1,,,0.03,0
C2_n0.03_d000_r02,C2,202634,6.44,6.44,0.0,0.38649999999999995,0.39826055813459194,0.38443844061883103,FAR,FAR,0.0,1,,,0.03,0
C2_n0.03_d000_r02,C2,202634,6.46,6.46,0.0,0.38475,0.3460358755648841,0.3748377993553443,FAR,FAR,0.0,1,,,0.03,0
C2_n0.03_d000_r02,C2,202634,6.48,6.48,0.0,0.38299999999999995,0.4099891537777635,0.3836256379609491,FAR,FAR,0.0,1,,,0.03,0
C2_n0.03_d000_r02,C2,202634,6.5,6.5,0.0,0.38125,0.40447424482856714,0.38883778967785365,FAR,FAR,0.0,1,,,0.03,0
C2_n0.03_d000_r02,C2,202634,6.52,6.52,0.0,0.37950000000000006,0.3295171811055314,0.37400763753477306,FAR,FAR,0.0,1,,,0.03,0
C2_n0.03_d000_r02,C2,202634,6.54,6.54,0.0,0.37775000000000003,0.3750636950062703,0.37427165190264733,FAR,FAR,0.0,1,,,0.03,0
C2_n0.03_d000_r02,C2,202634,6.56,6.56,0.0,0.376,0.3785800971960558,0.37534876322599947,FAR,FAR,0.0,1,,,0.03,0
C2_n0.03_d000_r02,C2,202634,6.58,6.58,0.0,0.37424999999999997,0.3392024021098943,0.36631217294697316,FAR,FAR,0.0,1,,,0.03,0
C2_n0.03_d000_r02,C2,202634,6.6,6.6,0.0,0.37250000000000005,0.3755368159780414,0.36861833370474023,FAR,FAR,0.0,1,,,0.03,0
C2_n0.03_d000_r02,C2,202634,6.62,6.62,0.0,0.37075,0.3494257598858828,0.3638201902500259,FAR,FAR,0.0,1,,,0.03,0
C2_n0.03_d000_r02,C2,202634,6.64,6.64,0.0,0.369,0.36889934147862735,0.36508997805717625,FAR,FAR,0.0,1,,,0.03,0
C2_n0.03_d000_r02,C2,202634,6.66,6.66,0.0,0.36724999999999997,0.4061342058359806,0.3753510350018773,FAR,FAR,0.0,1,,,0.03,0
C2_n0.03_d000_r02,C2,202634,6.68,6.68,0.0,0.36550000000000005,0.3803348506647271,0.37659698891758975,FAR,FAR,0.0,1,,,0.03,0
C2_n0.03_d000_r02,C2,202634,6.7,6.7,0.0,0.36375,0.3907307771524571,0.3801304359763066,FAR,FAR,0.0,1,,,0.03,0
C2_n0.03_d000_r02,C2,202634,6.72,6.72,0.0,0.362,0.36770161799635764,0.3770232314813194,FAR,FAR,0.0,1,,,0.03,0
C2_n0.03_d000_r02,C2,202634,6.74,6.74,0.0,0.36024999999999996,0.37128453051564175,0.3755885562399,FAR,FAR,0.0,1,,,0.03,0
C2_n0.03_d000_r02,C2,202634,6.76,6.76,0.0,0.35850000000000004,0.37912339645532683,0.37647226629375674,FAR,FAR,0.0,1,,,0.03,0
C2_n0.03_d000_r02,C2,202634,6.78,6.78,0.0,0.35675,0.3285935435577463,0.3645025856097541,FAR,FAR,0.0,1,,,0.03,0
C2_n0.03_d000_r02,C2,202634,6.8,6.8,0.0,0.355,0.32749284416244745,0.35525015024792744,FAR,FAR,0.0,1,,,0.03,0
C2_n0.03_d000_r02,C2,202634,6.82,6.82,0.0,0.35324999999999995,0.3137666285156298,0.344879269814853,FAR,FAR,0.0,1,,,0.03,0
C2_n0.03_d000_r02,C2,202634,6.84,6.84,0.0,0.35150000000000003,0.38240049960142397,0.3542595772614957,FAR,FAR,0.0,1,,,0.03,0
C2_n0.03_d000_r02,C2,202634,6.86,6.86,0.0,0.34974999999999995,0.37540466978328413,0.35954585039194276,NEAR,FAR,0.0,1,,,0.03,0
C2_n0.03_d000_r02,C2,202634,6.88,6.88,0.0,0.348,0.35413404947441735,0.3581929001625614,NEAR,FAR,0.0,1,,,0.03,0
C2_n0.03_d000_r02,C2,202634,6.9,6.9,0.0,0.34624999999999995,0.3621981439337943,0.3591942111053696,NEAR,FAR,0.0,1,,,0.03,0
C2_n0.03_d000_r02,C2,202634,6.92,6.92,0.0,0.3445,0.3704475878959453,0.3620075553030135,NEAR,FAR,0.0,1,,,0.03,0
C2_n0.03_d000_r02,C2,202634,6.94,6.94,0.0,0.34274999999999994,0.33803311706048933,0.35601394574238243,NEAR,FAR,0.0,1,,,0.03,0
C2_n0.03_d000_r02,C2,202634,6.96,6.96,0.0,0.34099999999999997,0.3408299106669727,0.35221793697353,NEAR,FAR,0.0,1,,,0.03,0
C2_n0.03_d000_r02,C2,202634,6.98,6.98,0.0,0.33924999999999994,0.38225865664247577,0.35972811689076645,NEAR,FAR,0.0,1,,,0.03,0
C2_n0.03_d000_r02,C2,202634,7.0,7.0,0.0,0.3375,0.3961773046913296,0.36884041384090727,NEAR,FAR,0.0,1,,,0.03,0
C2_n0.03_d000_r02,C2,202634,7.02,7.02,0.0,0.33575000000000005,0.3788450178501559,0.3713415648432194,NEAR,FAR,0.0,1,,,0.03,0
C2_n0.03_d000_r02,C2,202634,7.04,7.04,0.0,0.334,0.3034529034911615,0.3543693995052049,NEAR,FAR,0.0,1,,,0.03,0
C2_n0.03_d000_r02,C2,202634,7.06,7.06,0.0,0.33225000000000005,0.3868712739934931,0.36249486812727694,NEAR,FAR,0.0,1,,,0.03,0
C2_n0.03_d000_r02,C2,202634,7.08,7.08,0.0,0.3305,0.27905100495862456,0.3416339023351138,NEAR,FAR,0.0,1,,,0.03,0
C2_n0.03_d000_r02,C2,202634,7.1,7.1,0.0,0.32875000000000004,0.3657117661502308,0.34765336828889304,NEAR,FAR,0.0,1,,,0.03,0
C2_n0.03_d000_r02,C2,202634,7.12,7.12,0.0,0.327,0.3009138381308997,0.33596848574939475,NEAR,FAR,0.0,1,,,0.03,0
C2_n0.03_d000_r02,C2,202634,7.14,7.14,0.0,0.32525000000000004,0.3168030712320263,0.3311771321200526,NEAR,FAR,0.0,1,,,0.03,0
C2_n0.03_d000_r02,C2,202634,7.16,7.16,0.0,0.3235,0.37466920891411415,0.342050151318568,NEAR,FAR,0.0,1,,,0.03,0
C2_n0.03_d000_r02,C2,202634,7.18,7.18,0.0,0.32175000000000004,0.3201205015421204,0.3365677388744561,NEAR,FAR,0.0,1,,,0.03,0
C2_n0.03_d000_r02,C2,202634,7.2,7.2,0.0,0.32,0.2891498372186888,0.3247132634605143,NEAR,FAR,0.0,1,,,0.03,0
C2_n0.03_d000_r02,C2,202634,7.22,7.22,0.0,0.31825000000000003,0.2729204719173832,0.31176506557473155,NEAR,NEAR,0.6,1,ENTER_NEAR,,0.03,0
C2_n0.03_d000_r02,C2,202634,7.24,7.24,0.0,0.3165,0.3270786662050243,0.31559346573230473,NEAR,NEAR,0.6,1,,,0.03,0
C2_n0.03_d000_r02,C2,202634,7.26,7.26,0.0,0.31475000000000003,0.3416186060088096,0.32209975080143094,NEAR,NEAR,0.6,1,,,0.03,0
C2_n0.03_d000_r02,C2,202634,7.28,7.28,0.0,0.313,0.32900778997887115,0.32382676059579096,NEAR,NEAR,0.6,1,,,0.03,0
C2_n0.03_d000_r02,C2,202634,7.3,7.3,0.0,0.31125,0.2845629456448672,0.31401080685806004,NEAR,NEAR,0.6,1,,,0.03,0
C2_n0.03_d000_r02,C2,202634,7.32,7.32,0.0,0.3095,0.32514928862320225,0.3167954272993456,NEAR,NEAR,0.6,1,,,0.03,0
C2_n0.03_d000_r02,C2,202634,7.34,7.34,0.0,0.30775,0.27896030129852395,0.3073366457991402,NEAR,NEAR,0.6,1,,,0.03,0
C2_n0.03_d000_r02,C2,202634,7.36,7.36,0.0,0.306,0.3260499570198239,0.31201497360431113,NEAR,NEAR,0.6,1,,,0.03,0
C2_n0.03_d000_r02,C2,202634,7.38,7.38,0.0,0.30425,0.258776391906105,0.2987053281797596,NEAR,NEAR,0.6,1,,,0.03,0
C2_n0.03_d000_r02,C2,202634,7.4,7.4,0.0,0.3025,0.29896977959969545,0.29877144103474357,NEAR,NEAR,0.6,1,,,0.03,0
C2_n0.03_d000_r02,C2,202634,7.42,7.42,0.0,0.30075,0.26101287955461766,0.2893318006647121,NEAR,NEAR,0.6,1,,,0.03,0
C2_n0.03_d000_r02,C2,202634,7.44,7.44,0.0,0.299,0.3223501122585921,0.2975863785631821,NEAR,NEAR,0.6,1,,,0.03,0
C2_n0.03_d000_r02,C2,202634,7.46,7.46,0.0,0.29725,0.2815003145384579,0.2935648625570011,NEAR,NEAR,0.6,1,,,0.03,0
C2_n0.03_d000_r02,C2,202634,7.48,7.48,0.0,0.2955,0.31056137535180445,0.2978139907557019,NEAR,NEAR,0.6,1,,,0.03,0
C2_n0.03_d000_r02,C2,202634,7.5,7.5,0.0,0.29375,0.3226578089023563,0.3040249452923655,NEAR,NEAR,0.6,1,,,0.03,0
C2_n0.03_d000_r02,C2,202634,7.52,7.52,0.0,0.29200000000000004,0.30608541890193897,0.30454006369475883,NEAR,NEAR,0.6,1,,,0.03,0
C2_n0.03_d000_r02,C2,202634,7.54,7.54,0.0,0.29025,0.2833145785792935,0.2992336924158925,NEAR,NEAR,0.6,1,,,0.03,0
C2_n0.03_d000_r02,C2,202634,7.56,7.56,0.0,0.28850000000000003,0.28440211308504915,0.29552579758318165,NEAR,NEAR,0.6,1,,,0.03,0
C2_n0.03_d000_r02,C2,202634,7.58,7.58,0.0,0.28675,0.2700721324537076,0.2891623813008131,NEAR,NEAR,0.6,1,,,0.03,0
C2_n0.03_d000_r02,C2,202634,7.6,7.6,0.0,0.28500000000000003,0.293706891597586,0.29029850887500636,NEAR,NEAR,0.6,1,,,0.03,0
C2_n0.03_d000_r02,C2,202634,7.62,7.62,0.0,0.28325,0.32837800168464587,0.29981838207741623,NEAR,NEAR,0.6,1,,,0.03,0
C2_n0.03_d000_r02,C2,202634,7.64,7.64,0.0,0.28150000000000003,0.28222796023682795,0.2954207766172692,NEAR,NEAR,0.6,1,,,0.03,0
C2_n0.03_d000_r02,C2,202634,7.66,7.66,0.0,0.27975,0.2719166847833284,0.28954475365878396,NEAR,NEAR,0.6,1,,,0.03,0
C2_n0.03_d000_r02,C2,202634,7.68,7.68,0.0,0.278,0.21363446352801652,0.2705671811260921,NEAR,NEAR,0.6,1,,,0.03,0
C2_n0.03_d000_r02,C2,202634,7.7,7.7,0.0,0.27625,0.35491021056238786,0.29165293848516605,NEAR,NEAR,0.6,1,,,0.03,0
C2_n0.03_d000_r02,C2,202634,7.72,7.72,0.0,0.2745,0.21432064476478468,0.2723198650550707,NEAR,NEAR,0.6,1,,,0.03,0
C2_n0.03_d000_r02,C2,202634,7.74,7.74,0.0,0.27275,0.26441842579009567,0.27034450523882697,NEAR,NEAR,0.6,1,,,0.03,0
C2_n0.03_d000_r02,C2,202634,7.76,7.76,0.0,0.271,0.2715158790562459,0.27063734869318173,NEAR,NEAR,0.6,1,,,0.03,0
C2_n0.03_d000_r02,C2,202634,7.78,7.78,0.0,0.26925,0.27005642818613323,0.27049211856641964,NEAR,NEAR,0.6,1,,,0.03,0
C2_n0.03_d000_r02,C2,202634,7.8,7.8,0.0,0.2675,0.30507548958285075,0.27913796132052743,NEAR,NEAR,0.6,1,,,0.03,0
C2_n0.03_d000_r02,C2,202634,7.82,7.82,0.0,0.26575,0.23958802843558427,0.26925047809929165,NEAR,NEAR,0.6,1,,,0.03,0
C2_n0.03_d000_r02,C2,202634,7.84,7.84,0.0,0.264,0.27352743718969336,0.2703197178718921,NEAR,NEAR,0.6,1,,,0.03,0
C2_n0.03_d000_r02,C2,202634,7.86,7.86,0.0,0.26225,0.24747664769218802,0.2646089503269661,NEAR,NEAR,0.6,1,,,0.03,0
C2_n0.03_d000_r02,C2,202634,7.88,7.88,0.0,0.2605,0.24672919304365087,0.2601390110061373,NEAR,NEAR,0.6,1,,,0.03,0
C2_n0.03_d000_r02,C2,202634,7.9,7.9,0.0,0.25875,0.23803919417612568,0.2546140567986344,NEAR,NEAR,0.6,1,,,0.03,0
C2_n0.03_d000_r02,C2,202634,7.92,7.92,0.0,0.257,0.2763291240274498,0.2600428236058383,NEAR,NEAR,0.6,1,,,0.03,0
C2_n0.03_d000_r02,C2,202634,7.94,7.94,0.0,0.25525,0.24299913284853317,0.25578190091651204,NEAR,NEAR,0.6,1,,,0.03,0
C2_n0.03_d000_r02,C2,202634,7.96,7.96,0.0,0.2535,0.2346402941051218,0.25049649921366446,NEAR,NEAR,0.6,1,,,0.03,0
C2_n0.03_d000_r02,C2,202634,7.98,7.98,0.0,0.25175,0.28833624298134214,0.25995643515558386,NEAR,NEAR,0.6,1,,,0.03,0
C2_n0.03_d000_r02,C2,202634,8.0,8.0,0.0,0.25,0.25954101807954916,0.2598525808865752,NEAR,NEAR,0.6,1,,,0.03,0
C2_n0.03_d000_r02,C2,202634,8.02,8.02,0.0,0.2522533838368113,0.32851073792201485,0.2770171201454351,NEAR,NEAR,0.6,1,,,0.03,0
C2_n0.03_d000_r02,C2,202634,8.04,8.04,0.0,0.25445562372365543,0.2410161555696468,0.268016879001488,NEAR,NEAR,0.6,1,,,0.03,0
C2_n0.03_d000_r02,C2,202634,8.06,8.06,0.0,0.25655673649976407,0.26104878989352215,0.2662748567244965,NEAR,NEAR,0.6,1,,,0.03,0
C2_n0.03_d000_r02,C2,202634,8.08,8.08,0.0,0.25850903423690136,0.2708995328656171,0.2674310257597766,NEAR,NEAR,0.6,1,,,0.03,0
C2_n0.03_d000_r02,C2,202634,8.1,8.1,0.0,0.2602682065889303,0.22786806751296393,0.25754028619807345,NEAR,NEAR,0.6,1,,,0.03,0
C2_n0.03_d000_r02,C2,202634,8.12,8.12,0.0,0.26179432648204926,0.24313150464631775,0.2539380908101345,NEAR,NEAR,0.6,1,,,0.03,0
C2_n0.03_d000_r02,C2,202634,8.14,8.14,0.0,0.26305275632004294,0.2666506367407733,0.2571162272927942,NEAR,NEAR,0.6,1,,,0.03,0
C2_n0.03_d000_r02,C2,202634,8.16,8.16,0.0,0.2640149341368492,0.28620907077103713,0.26438943816235494,NEAR,NEAR,0.6,1,,,0.03,0
C2_n0.03_d000_r02,C2,202634,8.18,8.18,0.0,0.2646590218535229,0.3000115052273949,0.27329495492861494,NEAR,NEAR,0.6,1,,,0.03,0
C2_n0.03_d000_r02,C2,202634,8.2,8.2,0.0,0.26497040092642404,0.24917149598348914,0.2672640901923335,NEAR,NEAR,0.6,1,,,0.03,0
C2_n0.03_d000_r02,C2,202634,8.22,8.22,0.0,0.2649420041371476,0.24338084192266057,0.26129327812491526,NEAR,NEAR,0.6,1,,,0.03,0
C2_n0.03_d000_r02,C2,202634,8.24,8.24,0.0,0.2645744759937201,0.2733999696030009,0.26431995099443667,NEAR,NEAR,0.6,1,,,0.03,0
C2_n0.03_d000_r02,C2,202634,8.26,8.26,0.0,0.26387615810251686,0.2861912157258097,0.2697877671772799,NEAR,NEAR,0.6,1,,,0.03,0
C2_n0.03_d000_r02,C2,202634,8.28,8.28,0.0,0.26286289984290484,0.3122679717270193,0.2804078183147148,NEAR,NEAR,0.6,1,,,0.03,0
C2_n0.03_d000_r02,C2,202634,8.3,8.3,0.0,0.2615576986416368,0.2254915301251062,0.26667874626731264,NEAR,NEAR,0.6,1,,,0.03,0
C2_n0.03_d000_r02,C2,202634,8.32,8.32,0.0,0.25999017801151375,0.2637188652276946,0.2659387760074081,NEAR,NEAR,0.6,1,,,0.03,0
C2_n0.03_d000_r02,C2,202634,8.34,8.34,0.0,0.25819591520101404,0.27510531044113246,0.2682304096158392,NEAR,NEAR,0.6,1,,,0.03,0
C2_n0.03_d000_r02,C2,202634,8.36,8.36,0.0,0.2562156337148993,0.20602028700127004,0.2526778789621969,NEAR,NEAR,0.6,1,,,0.03,0
C2_n0.03_d000_r02,C2,202634,8.38,8.38,0.0,0.2540942790327598,0.2584587673071758,0.25412310104844166,NEAR,NEAR,0.6,1,,,0.03,0
C2_n0.03_d000_r02,C2,202634,8.4,8.4,0.0,0.25187999850346454,0.28539517092517264,0.26194111851762436,NEAR,NEAR,0.6,1,,,0.03,0
C2_n0.03_d000_r02,C2,202634,8.42,8.42,0.0,0.24962304856834994,0.26401303173465107,0.26245909682188107,NEAR,NEAR,0.6,1,,,0.03,0
C2_n0.03_d000_r02,C2,202634,8.44,8.44,0.0,0.2473746541153709,0.1843130834200069,0.24292259347141254,NEAR,NEAR,0.6,1,,,0.03,0
C2_n0.03_d000_r02,C2,202634,8.46,8.46,0.0,0.24518584585289177,0.26634172588869753,0.2487773765757338,NEAR,NEAR,0.6,1,,,0.03,0
C2_n0.03_d000_r02,C2,202634,8.48,8.48,0.0,0.24310630209067763,0.2575894734400353,0.25098040079180917,NEAR,NEAR,0.6,1,,,0.03,0
C2_n0.03_d000_r02,C2,202634,8.5,8.5,0.0,0.24118322121561292,0.2734219669328569,0.2565907923270711,NEAR,NEAR,0.6,1,,,0.03,0
C2_n0.03_d000_r02,C2,202634,8.52,8.52,0.0,0.2394602504530173,0.26713658567075005,0.25922724066299085,NEAR,NEAR,0.6,1,,,0.03,0
C2_n0.03_d000_r02,C2,202634,8.54,8.54,0.0,0.23797649522693692,0.2065679207716154,0.246062410690147,NEAR,NEAR,0.6,1,,,0.03,0
C2_n0.03_d000_r02,C2,202634,8.56,8.56,0.0,0.23676563160347566,0.26000840005390696,0.24954890803108698,NEAR,NEAR,0.6,1,,,0.03,0
C2_n0.03_d000_r02,C2,202634,8.58,8.58,0.0,0.23585514196160703,0.31474711773402697,0.265848460456822,NEAR,NEAR,0.6,1,,,0.03,0
C2_n0.03_d000_r02,C2,202634,8.6,8.6,0.0,0.23526569123906968,0.22969550470889988,0.25681022151984145,NEAR,NEAR,0.6,1,,,0.03,0
C2_n0.03_d000_r02,C2,202634,8.62,8.62,0.0,0.23501065791039116,0.274976330995393,0.26135174888872936,NEAR,NEAR,0.6,1,,,0.03,0
C2_n0.03_d000_r02,C2,202634,8.64,8.64,0.0,0.23509583034219989,0.2534338545564056,0.25937227530564844,NEAR,NEAR,0.6,1,,,0.03,0
C2_n0.03_d000_r02,C2,202634,8.66,8.66,0.0,0.2355192754175009,0.2056882729377307,0.245951274713669,NEAR,NEAR,0.6,1,,,0.03,0
C2_n0.03_d000_r02,C2,202634,8.68,8.68,0.0,0.23627138241068624,0.21994902884209577,0.23945071324577571,NEAR,NEAR,0.6,1,,,0.03,0
C2_n0.03_d000_r02,C2,202634,8.7,8.7,0.0,0.23733508111746973,0.20809626324641153,0.23161210074593466,NEAR,NEAR,0.6,1,,,0.03,0
C2_n0.03_d000_r02,C2,202634,8.72,8.72,0.0,0.2386862292889585,0.25289691953098475,0.2369333054421972,NEAR,NEAR,0.6,1,,,0.03,0
C2_n0.03_d000_r02,C2,202634,8.74,8.74,0.0,0.24029416057645836,0.2048371083078808,0.22890925615861812,NEAR,NEAR,0.6,1,,,0.03,0
C2_n0.03_d000_r02,C2,202634,8.76,8.76,0.0,0.24212238055058052,0.25298786890368574,0.23492890934488503,NEAR,NEAR,0.6,1,,,0.03,0
C2_n0.03_d000_r02,C2,202634,8.78,8.78,0.0,0.24412939499744188,0.2333412920972461,0.2345320050329753,NEAR,NEAR,0.6,1,,,0.03,0
C2_n0.03_d000_r02,C2,202634,8.8,8.8,0.0,0.24626965169252724,0.25718700387385285,0.24019575474319468,NEAR,NEAR,0.6,1,,,0.03,0
C2_n0.03_d000_r02,C2,202634,8.82,8.82,0.0,0.2484945742772318,0.231562441931384,0.23803742654024201,NEAR,NEAR,0.6,1,,,0.03,0
C2_n0.03_d000_r02,C2,202634,8.84,8.84,0.0,0.2507536647726965,0.28275397799528057,0.24921656440400164,NEAR,NEAR,0.6,1,,,0.03,0
C2_n0.03_d000_r02,C2,202634,8.86,8.86,0.0,0.25299564970771604,0.2198752931744902,0.24188124659662377,NEAR,NEAR,0.6,1,,,0.03,0
C2_n0.03_d000_r02,C2,202634,8.88,8.88,0.0,0.2551696438476178,0.23105642968683557,0.23917504236917672,NEAR,NEAR,0.6,1,,,0.03,0
C2_n0.03_d000_r02,C2,202634,8.9,8.9,0.0,0.2572263051115258,0.27723741170684396,0.24869063470359354,NEAR,NEAR,0.6,1,,,0.03,0
C2_n0.03_d000_r02,C2,202634,8.92,8.92,0.0,0.25911895446541905,0.2686188964737964,0.25367270014614424,NEAR,NEAR,0.6,1,,,0.03,0
C2_n0.03_d000_r02,C2,202634,8.94,8.94,0.0,0.26080463537331855,0.2752715072074147,0.25907240191146186,NEAR,NEAR,0.6,1,,,0.03,0
C2_n0.03_d000_r02,C2,202634,8.96,8.96,0.0,0.2622450887607578,0.2340288879688891,0.2528115234258187,NEAR,NEAR,0.6,1,,,0.03,0
C2_n0.03_d000_r02,C2,202634,8.98,8.98,0.0,0.263407621362269,0.26775573517992146,0.2565475763643444,NEAR,NEAR,0.6,1,,,0.03,0
C2_n0.03_d000_r02,C2,202634,9.0,9.0,0.0,0.2642658477444273,0.2339811713560669,0.250905975112275,NEAR,NEAR,0.6,1,,,0.03,0
C2_n0.03_d000_r02,C2,202634,9.02,9.02,0.0,0.264800289163118,0.2828887272638337,0.25890166315016466,NEAR,NEAR,0.6,1,,,0.03,0
C2_n0.03_d000_r02,C2,202634,9.04,9.04,0.0,0.2649988156630572,0.2288519842627907,0.2513892434283212,NEAR,NEAR,0.6,1,,,0.03,0
C2_n0.03_d000_r02,C2,202634,9.06,9.06,0.0,0.26485692138544975,0.2529895047049403,0.25178930874747596,NEAR,NEAR,0.6,1,,,0.03,0
C2_n0.03_d000_r02,C2,202634,9.08,9.08,0.0,0.2643778268352606,0.26210647820267474,0.2543686011112757,NEAR,NEAR,0.6,1,,,0.03,0
C2_n0.03_d000_r02,C2,202634,9.1,9.1,0.0,0.2635724057869903,0.25308257007249746,0.25404709335158115,NEAR,NEAR,0.6,1,,,0.03,0
C2_n0.03_d000_r02,C2,202634,9.12,9.12,0.0,0.2624589384879372,0.2499011244916776,0.2530106011366053,NEAR,NEAR,0.6,1,,,0.03,0
C2_n0.03_d000_r02,C2,202634,9.14,9.14,0.0,0.2610626967603726,0.2883167001359628,0.26183712588644464,NEAR,NEAR,0.6,1,,,0.03,0
C2_n0.03_d000_r02,C2,202634,9.16,9.16,0.0,0.25941537041936047,0.2682660513412693,0.2634443572501508,NEAR,NEAR,0.6,1,,,0.03,0
C2_n0.03_d000_r02,C2,202634,9.18,9.18,0.0,0.2575543480245365,0.2516373383580795,0.26049260252713297,NEAR,NEAR,0.6,1,,,0.03,0
C2_n0.03_d000_r02,C2,202634,9.2,9.2,0.0,0.25552186829027024,0.22166248963470436,0.2507850743040258,NEAR,NEAR,0.6,1,,,0.03,0
C2_n0.03_d000_r02,C2,202634,9.22,9.22,0.0,0.25336406141424067,0.21125108992161834,0.24090157820842392,NEAR,NEAR,0.6,1,,,0.03,0
C2_n0.03_d000_r02,C2,202634,9.24,9.24,0.0,0.25112990208291897,0.2753833658683894,0.2495220251234153,NEAR,NEAR,0.6,1,,,0.03,0
C2_n0.03_d000_r02,C2,202634,9.26,9.26,0.0,0.24887009791708103,0.2229155162535419,0.24287039790594694,NEAR,NEAR,0.6,1,,,0.03,0
C2_n0.03_d000_r02,C2,202634,9.28,9.28,0.0,0.24663593858575936,0.2638462247333529,0.2481143546127984,NEAR,NEAR,0.6,1,,,0.03,0
C2_n0.03_d000_r02,C2,202634,9.3,9.3,0.0,0.24447813170972976,0.2613999905436837,0.2514357635955197,NEAR,NEAR,0.6,1,,,0.03,0
C2_n0.03_d000_r02,C2,202634,9.32,9.32,0.0,0.24244565197546356,0.24165912992189204,0.24899160517711277,NEAR,NEAR,0.6,1,,,0.03,0
C2_n0.03_d000_r02,C2,202634,9.34,9.34,0.0,0.2405846295806395,0.25277616921285556,0.24993774618604847,NEAR,NEAR,0.6,1,,,0.03,0
C2_n0.03_d000_r02,C2,202634,9.36,9.36,0.0,0.23893730323962742,0.22431447979944732,0.24353192958939818,NEAR,NEAR,0.6,1,,,0.03,0
C2_n0.03_d000_r02,C2,202634,9.38,9.38,0.0,0.23754106151206275,0.19814388643576197,0.23218491880098913,NEAR,NEAR,0.6,1,,,0.03,0
C2_n0.03_d000_r02,C2,202634,9.4,9.4,0.0,0.23642759421300968,0.2468148357306239,0.23584239803339782,NEAR,NEAR,0.6,1,,,0.03,0
C2_n0.03_d000_r02,C2,202634,9.42,9.42,0.0,0.23562217316473935,0.24026656052941686,0.2369484386574026,NEAR,NEAR,0.6,1,,,0.03,0
C2_n0.03_d000_r02,C2,202634,9.44,9.44,0.0,0.23514307861455025,0.22945062561893795,0.23507398539778643,NEAR,NEAR,0.6,1,,,0.03,0
C2_n0.03_d000_r02,C2,202634,9.46,9.46,0.0,0.23500118433694275,0.18978181990980486,0.22375094402579104,NEAR,NEAR,0.6,1,,,0.03,0
C2_n0.03_d000_r02,C2,202634,9.48,9.48,0.0,0.235199710836882,0.26180518353294674,0.23326450390257997,NEAR,NEAR,0.6,1,,,0.03,0
C2_n0.03_d000_r02,C2,202634,9.5,9.5,0.0,0.2357341522555727,0.24146540552455906,0.23531472930807473,NEAR,NEAR,0.6,1,,,0.03,0
C2_n0.03_d000_r02,C2,202634,9.52,9.52,0.0,0.23659237863773103,0.21220116380833698,0.2295363379331403,NEAR,NEAR,0.6,1,,,0.03,0
C2_n0.03_d000_r02,C2,202634,9.54,9.54,0.0,0.2377549112392422,0.21776681903837647,0.22659395820944933,NEAR,NEAR,0.6,1,,,0.03,0
C2_n0.03_d000_r02,C2,202634,9.56,9.56,0.0,0.23919536462668142,0.23425656523668262,0.22850960996625763,NEAR,NEAR,0.6,1,,,0.03,0
C2_n0.03_d000_r02,C2,202634,9.58,9.58,0.0,0.24088104553458092,0.2785006244495924,0.24100736358709135,NEAR,NEAR,0.6,1,,,0.03,0
C2_n0.03_d000_r02,C2,202634,9.6,9.6,0.0,0.24277369488847422,0.2901702990771626,0.2532980974596092,NEAR,NEAR,0.6,1,,,0.03,0
C2_n0.03_d000_r02,C2,202634,9.62,9.62,0.0,0.24483035615238213,0.2807394973879361,0.2601584474416909,NEAR,NEAR,0.6,1,,,0.03,0
C2_n0.03_d000_r02,C2,202634,9.64,9.64,0.0,0.24700435029228393,0.24096725436936692,0.2553606491736099,NEAR,NEAR,0.6,1,,,0.03,0
C2_n0.03_d000_r02,C2,202634,9.66,9.66,0.0,0.24924633522730347,0.2524669524126257,0.25463722498336383,NEAR,NEAR,0.6,1,,,0.03,0
C2_n0.03_d000_r02,C2,202634,9.68,9.68,0.0,0.2515054257227682,0.25207927021629434,0.25399773629159644,NEAR,NEAR,0.6,1,,,0.03,0
C2_n0.03_d000_r02,C2,202634,9.7,9.7,0.0,0.25373034830747276,0.30099312266701705,0.2657465828854516,NEAR,NEAR,0.6,1,,,0.03,0
C2_n0.03_d000_r02,C2,202634,9.72,9.72,0.0,0.2558706050025581,0.27982734766180617,0.26926677407954025,NEAR,NEAR,0.6,1,,,0.03,0
C2_n0.03_d000_r02,C2,202634,9.74,9.74,0.0,0.25787761944941945,0.25939667005627953,0.26679924807372507,NEAR,NEAR,0.6,1,,,0.03,0
C2_n0.03_d000_r02,C2,202634,9.76,9.76,0.0,0.25970583942354164,0.21396463561070422,0.2535905949579699,NEAR,NEAR,0.6,1,,,0.03,0
C2_n0.03_d000_r02,C2,202634,9.78,9.78,0.0,0.2613137707110415,0.2648954621713167,0.2564168117613066,NEAR,NEAR,0.6,1,,,0.03,0
C2_n0.03_d000_r02,C2,202634,9.8,9.8,0.0,0.26266491888253024,0.26797558556496076,0.25930650521222015,NEAR,NEAR,0.6,1,,,0.03,0
C2_n0.03_d000_r02,C2,202634,9.82,9.82,0.0,0.26372861758931376,0.2623488710699578,0.26006709667665456,NEAR,NEAR,0.6,1,,,0.03,0
C2_n0.03_d000_r02,C2,202634,9.84,9.84,0.0,0.2644807245824991,0.2421539605921571,0.25558881265553024,NEAR,NEAR,0.6,1,,,0.03,0
C2_n0.03_d000_r02,C2,202634,9.86,9.86,0.0,0.2649041696578001,0.3173810140498194,0.2710368630041025,NEAR,NEAR,0.6,1,,,0.03,0
C2_n0.03_d000_r02,C2,202634,9.88,9.88,0.0,0.26498934208960884,0.2254333202284778,0.25963597731019633,NEAR,NEAR,0.6,1,,,0.03,0
C2_n0.03_d000_r02,C2,202634,9.9,9.9,0.0,0.26473430876093035,0.2686729192148355,0.2618952127863561,NEAR,NEAR,0.6,1,,,0.03,0
C2_n0.03_d000_r02,C2,202634,9.92,9.92,0.0,0.264144858038393,0.2749993506107105,0.2651712472424447,NEAR,NEAR,0.6,1,,,0.03,0
C2_n0.03_d000_r02,C2,202634,9.94,9.94,0.0,0.2632343683965243,0.30381063814369563,0.2748310949677574,NEAR,NEAR,0.6,1,,,0.03,0
C2_n0.03_d000_r02,C2,202634,9.96,9.96,0.0,0.2620235047730631,0.2038009584612656,0.2570735608411345,NEAR,NEAR,0.6,1,,,0.03,0
C2_n0.03_d000_r02,C2,202634,9.98,9.98,0.0,0.2605397495469827,0.23864382343304402,0.2524661264891118,NEAR,NEAR,0.6,1,,,0.03,0
C2_n0.03_d000_r02,C2,202634,10.0,10.0,0.0,0.2588167787843871,0.2334060975329668,0.24770111925007557,NEAR,NEAR,0.6,1,,,0.03,0
C2_n0.03_d000_r02,C2,202634,10.02,10.02,0.0,0.25689369790932237,0.24908818933963608,0.2480478867724657,NEAR,NEAR,0.6,1,,,0.03,0
C2_n0.03_d000_r02,C2,202634,10.04,10.04,0.0,0.25481415414710823,0.2532727881851314,0.24935411212563213,NEAR,NEAR,0.6,1,,,0.03,0
C2_n0.03_d000_r02,C2,202634,10.06,10.06,0.0,0.2526253458846291,0.2581210562140217,0.2515458481477295,NEAR,NEAR,0.6,1,,,0.03,0
C2_n0.03_d000_r02,C2,202634,10.08,10.08,0.0,0.25037695143165006,0.20313174700569359,0.23944232286222053,NEAR,NEAR,0.6,1,,,0.03,0
C2_n0.03_d000_r02,C2,202634,10.1,10.1,0.0,0.24812000149653549,0.25438281199605306,0.24317744514567866,NEAR,NEAR,0.6,1,,,0.03,0
C2_n0.03_d000_r02,C2,202634,10.12,10.12,0.0,0.24590572096724023,0.24744054731781406,0.24424322068871251,NEAR,NEAR,0.6,1,,,0.03,0
C2_n0.03_d000_r02,C2,202634,10.14,10.14,0.0,0.24378436628510067,0.19968946127617737,0.23310478083557873,NEAR,NEAR,0.6,1,,,0.03,0
C2_n0.03_d000_r02,C2,202634,10.16,10.16,0.0,0.24180408479898596,0.2632901264268079,0.240651117233386,NEAR,NEAR,0.6,1,,,0.03,0
C2_n0.03_d000_r02,C2,202634,10.18,10.18,0.0,0.24000982198848625,0.24751678229537336,0.24236753349888282,NEAR,NEAR,0.6,1,,,0.03,0
C2_n0.03_d000_r02,C2,202634,10.2,10.2,0.0,0.23844230135836322,0.22028069330966604,0.23684582345157862,NEAR,NEAR,0.6,1,,,0.03,0
C2_n0.03_d000_r02,C2,202634,10.22,10.22,0.0,0.2371371001570952,0.23832126992310676,0.23721468506946064,NEAR,NEAR,0.6,1,,,0.03,0
C2_n0.03_d000_r02,C2,202634,10.24,10.24,0.0,0.23612384189748312,0.2890796192172908,0.25018091860641817,NEAR,NEAR,0.6,1,,,0.03,0
C2_n0.03_d000_r02,C2,202634,10.26,10.26,0.0,0.2354255240062799,0.2077110960868545,0.23956346297652725,NEAR,NEAR,0.6,1,,,0.03,0
C2_n0.03_d000_r02,C2,202634,10.28,10.28,0.0,0.23505799586285242,0.20280991656085032,0.230375076372608,NEAR,NEAR,0.6,1,,,0.03,0
C2_n0.03_d000_r02,C2,202634,10.3,10.3,0.0,0.23502959907357593,0.21478959697765643,0.22647870652387012,NEAR,NEAR,0.6,1,,,0.03,0
C2_n0.03_d000_r02,C2,202634,10.32,10.32,0.0,0.23534097814647711,0.2543225131678623,0.23343965818486817,NEAR,NEAR,0.6,1,,,0.03,0
C2_n0.03_d000_r02,C2,202634,10.34,10.34,0.0,0.23598506586315082,0.25936075126278124,0.23991993145434645,NEAR,NEAR,0.6,1,,,0.03,0
C2_n0.03_d000_r02,C2,202634,10.36,10.36,0.0,0.23694724367995706,0.24163397133536563,0.24034844142460127,NEAR,NEAR,0.6,1,,,0.03,0
C2_n0.03_d000_r02,C2,202634,10.38,10.38,0.0,0.23820567351795077,0.2805813602578124,0.25040667113290405,NEAR,NEAR,0.6,1,,,0.03,0
C2_n0.03_d000_r02,C2,202634,10.4,10.4,0.0,0.2397317934110697,0.2730958723920638,0.256078971447694,NEAR,NEAR,0.6,1,,,0.03,0
C2_n0.03_d000_r02,C2,202634,10.42,10.42,0.0,0.24149096576309861,0.2737716013808407,0.2605021289309807,NEAR,NEAR,0.6,1,,,0.03,0
C2_n0.03_d000_r02,C2,202634,10.44,10.44,0.0,0.24344326350023596,0.18707458501223218,0.24214524295129355,NEAR,NEAR,0.6,1,,,0.03,0
C2_n0.03_d000_r02,C2,202634,10.46,10.46,0.0,0.2455443762763446,0.19386836236883812,0.23007602280567968,NEAR,NEAR,0.6,1,,,0.03,0
C2_n0.03_d000_r02,C2,202634,10.48,10.48,0.0,0.24774661616318866,0.23158651936183786,0.2304536469447192,NEAR,NEAR,0.6,1,,,0.03,0
C2_n0.03_d000_r02,C2,202634,10.5,10.5,0.0,0.25,0.23282563950002494,0.23104664508354567,NEAR,NEAR,0.6,1,,,0.03,0
C2_n0.03_d000_r02,C2,202634,10.52,10.52,0.0,0.2522533838368113,0.24616612734575224,0.23482651564909732,NEAR,NEAR,0.6,1,,,0.03,0
C2_n0.03_d000_r02,C2,202634,10.54,10.54,0.0,0.2544556237236554,0.2239262895029548,0.2321014591125617,NEAR,NEAR,0.6,1,,,0.03,0
C2_n0.03_d000_r02,C2,202634,10.56,10.56,0.0,0.256556736499764,0.28344201430636207,0.2449365979110118,NEAR,NEAR,0.6,1,,,0.03,0
C2_n0.03_d000_r02,C2,202634,10.58,10.58,0.0,0.25850903423690136,0.2517958811449154,0.2466514187194877,NEAR,NEAR,0.6,1,,,0.03,0
C2_n0.03_d000_r02,C2,202634,10.6,10.6,0.0,0.2602682065889303,0.2756460231497063,0.2539000698270424,NEAR,NEAR,0.6,1,,,0.03,0
C2_n0.03_d000_r02,C2,202634,10.62,10.62,0.0,0.2617943264820492,0.29486073342470753,0.26414023572645867,NEAR,NEAR,0.6,1,,,0.03,0
C2_n0.03_d000_r02,C2,202634,10.64,10.64,0.0,0.26305275632004294,0.24481827728872785,0.25930974611702595,NEAR,NEAR,0.6,1,,,0.03,0
C2_n0.03_d000_r02,C2,202634,10.66,10.66,0.0,0.2640149341368492,0.2312641993781835,0.2522983594323153,NEAR,NEAR,0.6,1,,,0.03,0
C2_n0.03_d000_r02,C2,202634,10.68,10.68,0.0,0.2646590218535229,0.29760322901640324,0.2636245768283373,NEAR,NEAR,0.6,1,,,0.03,0
C2_n0.03_d000_r02,C2,202634,10.7,10.7,0.0,0.26497040092642404,0.2663262048480121,0.264299983833256,NEAR,NEAR,0.6,1,,,0.03,0
C2_n0.03_d000_r02,C2,202634,10.72,10.72,0.0,0.2649420041371476,0.24917850984598203,0.26051961533643747,NEAR,NEAR,0.6,1,,,0.03,0
C2_n0.03_d000_r02,C2,202634,10.74,10.74,0.0,0.2645744759937201,0.28799765270407773,0.2673891246783475,NEAR,NEAR,0.6,1,,,0.03,0
C2_n0.03_d000_r02,C2,202634,10.76,10.76,0.0,0.26387615810251686,0.24343034756607462,0.2613994304002793,NEAR,NEAR,0.6,1,,,0.03,0
C2_n0.03_d000_r02,C2,202634,10.78,10.78,0.0,0.26286289984290484,0.25963912047753684,0.26095935291959366,NEAR,NEAR,0.6,1,,,0.03,0
C2_n0.03_d000_r02,C2,202634,10.8,10.8,0.0,0.2615576986416368,0.24448846443279573,0.2568416307978942,NEAR,NEAR,0.6,1,,,0.03,0
C2_n0.03_d000_r02,C2,202634,10.82,10.82,0.0,0.25999017801151375,0.25905660593340807,0.25739537458177264,NEAR,NEAR,0.6,1,,,0.03,0
C2_n0.03_d000_r02,C2,202634,10.84,10.84,0.0,0.25819591520101404,0.23071832387338473,0.25072611190467564,NEAR,NEAR,0.6,1,,,0.03,0
C2_n0.03_d000_r02,C2,202634,10.86,10.86,0.0,0.25621563371489936,0.2531395276456293,0.25132946583991406,NEAR,NEAR,0.6,1,,,0.03,0
C2_n0.03_d000_r02,C2,202634,10.88,10.88,0.0,0.2540942790327598,0.2880011014318832,0.26049737473790635,NEAR,NEAR,0.6,1,,,0.03,0
C2_n0.03_d000_r02,C2,202634,10.9,10.9,0.0,0.2518799985034645,0.25463590271355135,0.2590320067318176,NEAR,NEAR,0.6,1,,,0.03,0
C2_n0.03_d000_r02,C2,202634,10.92,10.92,0.0,0.24962304856834996,0.22292141361027176,0.25000435845143115,NEAR,NEAR,0.6,1,,,0.03,0
C2_n0.03_d000_r02,C2,202634,10.94,10.94,0.0,0.24737465411537093,0.29303772546543805,0.26076270020493286,NEAR,NEAR,0.6,1,,,0.03,0
C2_n0.03_d000_r02,C2,202634,10.96,10.96,0.0,0.24518584585289174,0.27537103022483417,0.2644147827099082,NEAR,NEAR,0.6,1,,,0.03,0
C2_n0.03_d000_r02,C2,202634,10.98,10.98,0.0,0.24310630209067766,0.20837354496416904,0.2504044732734734,NEAR,NEAR,0.6,1,,,0.03,0
C2_n0.03_d000_r02,C2,202634,11.0,11.0,0.0,0.24118322121561292,0.22409147640133073,0.24382622405543777,NEAR,NEAR,0.6,1,,,0.03,0
C2_n0.03_d000_r02,C2,202634,11.02,11.02,0.0,0.2394602504530173,0.21569697993579456,0.236793913025527,NEAR,NEAR,0.6,1,,,0.03,0
C2_n0.03_d000_r02,C2,202634,11.04,11.04,0.0,0.23797649522693692,0.21870280916520224,0.2322711370604458,NEAR,NEAR,0.6,1,,,0.03,0
C2_n0.03_d000_r02,C2,202634,11.06,11.06,0.0,0.2367656316034757,0.1978202624509976,0.22365841840808376,NEAR,NEAR,0.6,1,,,0.03,0
C2_n0.03_d000_r02,C2,202634,11.08,11.08,0.0,0.23585514196160703,0.2319235246712954,0.22572469497388667,NEAR,NEAR,0.6,1,,,0.03,0
C2_n0.03_d000_r02,C2,202634,11.1,11.1,0.0,0.23526569123906968,0.2354901910139135,0.22816606898389336,NEAR,NEAR,0.6,1,,,0.03,0
C2_n0.03_d000_r02,C2,202634,11.12,11.12,0.0,0.23501065791039116,0.2330982741953148,0.22939912028674872,NEAR,NEAR,0.6,1,,,0.03,0
C2_n0.03_d000_r02,C2,202634,11.14,11.14,0.0,0.23509583034219989,0.24369608122194963,0.23297336052054896,NEAR,NEAR,0.6,1,,,0.03,0
C2_n0.03_d000_r02,C2,202634,11.16,11.16,0.0,0.2355192754175009,0.263879971547383,0.24070001327725749,NEAR,NEAR,0.6,1,,,0.03,0
C2_n0.03_d000_r02,C2,202634,11.18,11.18,0.0,0.2362713824106862,0.24506993113892056,0.24179249274267328,NEAR,NEAR,0.6,1,,,0.03,0
C2_n0.03_d000_r02,C2,202634,11.2,11.2,0.0,0.23733508111746973,0.23577319282403325,0.24028766776301325,NEAR,NEAR,0.6,1,,,0.03,0
C2_n0.03_d000_r02,C2,202634,11.22,11.22,0.0,0.23868622928895847,0.21942864030592052,0.23507291089874005,NEAR,NEAR,0.6,1,,,0.03,0
C2_n0.03_d000_r02,C2,202634,11.24,11.24,0.0,0.24029416057645833,0.26363697194140817,0.24221392615940707,NEAR,NEAR,0.6,1,,,0.03,0
C2_n0.03_d000_r02,C2,202634,11.26,11.26,0.0,0.24212238055058055,0.3299295000419747,0.264142819630049,NEAR,NEAR,0.6,1,,,0.03,0
C2_n0.03_d000_r02,C2,202634,11.28,11.28,0.0,0.2441293949974419,0.2740537427200566,0.2666205504025509,NEAR,NEAR,0.6,1,,,0.03,0
C2_n0.03_d000_r02,C2,202634,11.3,11.3,0.0,0.24626965169252724,0.2774009299049375,0.26931564527814755,NEAR,NEAR,0.6,1,,,0.03,0
C2_n0.03_d000_r02,C2,202634,11.32,11.32,0.0,0.2484945742772318,0.2739144368365223,0.27046534316774123,NEAR,NEAR,0.6,1,,,0.03,0
C2_n0.03_d000_r02,C2,202634,11.34,11.34,0.0,0.25075366477269656,0.2696241552149384,0.2702550461795405,NEAR,NEAR,0.6,1,,,0.03,0
C2_n0.03_d000_r02,C2,202634,11.36,11.36,0.0,0.252995649707716,0.29150980567304774,0.2755687360529173,NEAR,NEAR,0.6,1,,,0.03,0
C2_n0.03_d000_r02,C2,202634,11.38,11.38,0.0,0.2551696438476178,0.23960077221151466,0.2665767450925667,NEAR,NEAR,0.6,1,,,0.03,0
C2_n0.03_d000_r02,C2,202634,11.4,11.4,0.0,0.2572263051115258,0.2523531334731357,0.26302084218770894,NEAR,NEAR,0.6,1,,,0.03,0
C2_n0.03_d000_r02,C2,202634,11.42,11.42,0.0,0.25911895446541905,0.3011124485961926,0.2725437437898298,NEAR,NEAR,0.6,1,,,0.03,0
C2_n0.03_d000_r02,C2,202634,11.44,11.44,0.0,0.26080463537331855,0.2605852556104578,0.26955412174498683,NEAR,NEAR,0.6,1,,,0.03,0
C2_n0.03_d000_r02,C2,202634,11.46,11.46,0.0,0.2622450887607578,0.22610860454389287,0.25869274244471335,NEAR,NEAR,0.6,1,,,0.03,0
C2_n0.03_d000_r02,C2,202634,11.48,11.48,0.0,0.263407621362269,0.19541368765218498,0.24287297874658126,NEAR,NEAR,0.6,1,,,0.03,0
C2_n0.03_d000_r02,C2,202634,11.5,11.5,0.0,0.2642658477444273,0.25504725383734816,0.24591654751927297,NEAR,NEAR,0.6,1,,,0.03,0
C2_n0.03_d000_r02,C2,202634,11.52,11.52,0.0,0.264800289163118,0.24187348063393507,0.2449057807979385,NEAR,NEAR,0.6,1,,,0.03,0
C2_n0.03_d000_r02,C2,202634,11.54,11.54,0.0,0.2649988156630572,0.2588323844625845,0.24838743171410002,NEAR,NEAR,0.6,1,,,0.03,0
C2_n0.03_d000_r02,C2,202634,11.56,11.56,0.0,0.26485692138544975,0.23654634095232493,0.24542715902365625,NEAR,NEAR,0.6,1,,,0.03,0
C2_n0.03_d000_r02,C2,202634,11.58,11.58,0.0,0.2643778268352606,0.21476973873306773,0.2377628039510091,NEAR,NEAR,0.6,1,,,0.03,0
C2_n0.03_d000_r02,C2,202634,11.6,11.6,0.0,0.2635724057869903,0.24791959336603467,0.24030200130476548,NEAR,NEAR,0.6,1,,,0.03,0
C2_n0.03_d000_r02,C2,202634,11.62,11.62,0.0,0.2624589384879373,0.26817583667564826,0.2472704601474862,NEAR,NEAR,0.6,1,,,0.03,0
C2_n0.03_d000_r02,C2,202634,11.64,11.64,0.0,0.2610626967603726,0.31567791726768846,0.2643723244275368,NEAR,NEAR,0.6,1,,,0.03,0
C2_n0.03_d000_r02,C2,202634,11.66,11.66,0.0,0.2594153704193605,0.2501076040036991,0.26080614432157734,NEAR,NEAR,0.6,1,,,0.03,0
C2_n0.03_d000_r02,C2,202634,11.68,11.68,0.0,0.2575543480245365,0.30781704878827554,0.2725588704382519,NEAR,NEAR,0.6,1,,,0.03,0
C2_n0.03_d000_r02,C2,202634,11.7,11.7,0.0,0.25552186829027024,0.23100146541755817,0.26216951918307846,NEAR,NEAR,0.6,1,,,0.03,0
C2_n0.03_d000_r02,C2,202634,11.72,11.72,0.0,0.25336406141424067,0.31453557350342043,0.27526103276316394,NEAR,NEAR,0.6,1,,,0.03,0
C2_n0.03_d000_r02,C2,202634,11.74,11.74,0.0,0.25112990208291897,0.2472848815710494,0.2682669949651353,NEAR,NEAR,0.6,1,,,0.03,0
C2_n0.03_d000_r02,C2,202634,11.76,11.76,0.0,0.24887009791708103,0.2773323564571319,0.27053333533813445,NEAR,NEAR,0.6,1,,,0.03,0
C2_n0.03_d000_r02,C2,202634,11.78,11.78,0.0,0.24663593858575936,0.2259108932730106,0.25937772482185345,NEAR,NEAR,0.6,1,,,0.03,0
C2_n0.03_d000_r02,C2,202634,11.8,11.8,0.0,0.2444781317097298,0.24249608534872585,0.2551573149535716,NEAR,NEAR,0.6,1,,,0.03,0
C2_n0.03_d000_r02,C2,202634,11.82,11.82,0.0,0.24244565197546356,0.23605404325247345,0.25038149702829704,NEAR,NEAR,0.6,1,,,0.03,0
C2_n0.03_d000_r02,C2,202634,11.84,11.84,0.0,0.2405846295806395,0.26540238997759225,0.25413672026562084,NEAR,NEAR,0.6,1,,,0.03,0
C2_n0.03_d000_r02,C2,202634,11.86,11.86,0.0,0.23893730323962745,0.22715220614695059,0.2473905917359533,NEAR,NEAR,0.6,1,,,0.03,0
C2_n0.03_d000_r02,C2,202634,11.88,11.88,0.0,0.23754106151206278,0.21111768972988018,0.238322366234435,NEAR,NEAR,0.6,1,,,0.03,0
C2_n0.03_d000_r02,C2,202634,11.9,11.9,0.0,0.23642759421300968,0.22419343213484563,0.23479013270953766,NEAR,NEAR,0.6,1,,,0.03,0
C2_n0.03_d000_r02,C2,202634,11.92,11.92,0.0,0.23562217316473938,0.2121200865569469,0.22912262117138998,NEAR,NEAR,0.6,1,,,0.03,0
C2_n0.03_d000_r02,C2,202634,11.94,11.94,0.0,0.23514307861455025,0.22966532956517755,0.2292582982698369,NEAR,NEAR,0.6,1,,,0.03,0
C2_n0.03_d000_r02,C2,202634,11.96,11.96,0.0,0.23500118433694275,0.25140468611979466,0.23479489523232633,NEAR,NEAR,0.6,1,,,0.03,0
C2_n0.03_d000_r02,C2,202634,11.98,11.98,0.0,0.235199710836882,0.2372897057324645,0.23541859785736086,NEAR,NEAR,0.6,1,,,0.03,0
C2_n0.03_d000_r02,C2,202634,12.0,12.0,0.0,0.25,0.2834254442967816,0.24742030946721605,NEAR,NEAR,0.6,1,,,0.03,0
C2_n0.03_d000_r02,C2,202634,12.02,12.02,0.0,0.25175,0.2772536162435675,0.2548786361613039,NEAR,NEAR,0.6,1,,,0.03,0
C2_n0.03_d000_r02,C2,202634,12.04,12.04,0.0,0.25349999999999995,0.23380063801334006,0.24960913662431294,NEAR,NEAR,0.6,1,,,0.03,0
C2_n0.03_d000_r02,C2,202634,12.06,12.06,0.0,0.25525000000000003,0.2760974912982959,0.2562312252928087,NEAR,NEAR,0.6,1,,,0.03,0
C2_n0.03_d000_r02,C2,202634,12.08,12.08,0.0,0.257,0.24795216382511068,0.2541614599258842,NEAR,NEAR,0.6,1,,,0.03,0
C2_n0.03_d000_r02,C2,202634,12.1,12.1,0.0,0.25875,0.26034883013764704,0.2557083024788249,NEAR,NEAR,0.6,1,,,0.03,0
C2_n0.03_d000_r02,C2,202634,12.12,12.12,0.0,0.26049999999999995,0.24162766252093915,0.2521881424893535,NEAR,NEAR,0.6,1,,,0.03,0
C2_n0.03_d000_r02,C2,202634,12.14,12.14,0.0,0.26225000000000004,0.2731606526507105,0.25743127002969274,NEAR,NEAR,0.6,1,,,0.03,0
C2_n0.03_d000_r02,C2,202634,12.16,12.16,0.0,0.264,0.2546237991237284,0.2567294023032016,NEAR,NEAR,0.6,1,,,0.03,0
C2_n0.03_d000_r02,C2,202634,12.18,12.18,0.0,0.26575,0.2499623237120495,0.25503763265541357,NEAR,NEAR,0.6,1,,,0.03,0
C2_n0.03_d000_r02,C2,202634,12.2,12.2,0.0,0.26749999999999996,0.24928895926615774,0.2536004643080996,NEAR,NEAR,0.6,1,,,0.03,0
C2_n0.03_d000_r02,C2,202634,12.22,12.22,0.0,0.26925000000000004,0.2543420784519847,0.2537858678440709,NEAR,NEAR,0.6,1,,,0.03,0
C2_n0.03_d000_r02,C2,202634,12.24,12.24,0.0,0.271,0.30779628852556384,0.26728847301444414,NEAR,NEAR,0.6,1,,,0.03,0
C2_n0.03_d000_r02,C2,202634,12.26,12.26,0.0,0.27275,0.279933656661688,0.2704497689262551,NEAR,NEAR,0.6,1,,,0.03,0
C2_n0.03_d000_r02,C2,202634,12.28,12.28,0.0,0.27449999999999997,0.2851744958593815,0.27413095065953674,NEAR,NEAR,0.6,1,,,0.03,0
C2_n0.03_d000_r02,C2,202634,12.3,12.3,0.0,0.27625000000000005,0.2886026934799809,0.2777488863646478,NEAR,NEAR,0.6,1,,,0.03,0
C2_n0.03_d000_r02,C2,202634,12.32,12.32,0.0,0.278,0.2963414507917689,0.28239702747142803,NEAR,NEAR,0.6,1,,,0.03,0
C2_n0.03_d000_r02,C2,202634,12.34,12.34,0.0,0.27975,0.2816773690200937,0.28221711285859447,NEAR,NEAR,0.6,1,,,0.03,0
C2_n0.03_d000_r02,C2,202634,12.36,12.36,0.0,0.2815,0.29451417353069076,0.2852913780266185,NEAR,NEAR,0.6,1,,,0.03,0
C2_n0.03_d000_r02,C2,202634,12.38,12.38,0.0,0.28325000000000006,0.27039913549707956,0.28156831739423377,NEAR,NEAR,0.6,1,,,0.03,0
C2_n0.03_d000_r02,C2,202634,12.4,12.4,0.0,0.28500000000000003,0.19605855850754392,0.26019087767256127,NEAR,NEAR,0.6,1,,,0.03,0
C2_n0.03_d000_r02,C2,202634,12.42,12.42,0.0,0.28675,0.3094963367078408,0.2725172424313812,NEAR,NEAR,0.6,1,,,0.03,0
C2_n0.03_d000_r02,C2,202634,12.44,12.44,0.0,0.2885,0.2632961035236786,0.27021195770445555,NEAR,NEAR,0.6,1,,,0.03,0
C2_n0.03_d000_r02,C2,202634,12.46,12.46,0.0,0.29025000000000006,0.2652188653973813,0.268963684627687,NEAR,NEAR,0.6,1,,,0.03,0
C2_n0.03_d000_r02,C2,202634,12.48,12.48,0.0,0.29200000000000004,0.304841162948036,0.27793305420777425,NEAR,NEAR,0.6,1,,,0.03,0
C2_n0.03_d000_r02,C2,202634,12.5,12.5,0.0,0.29375,0.28411541557716363,0.2794786445501216,NEAR,NEAR,0.6,1,,,0.03,0
C2_n0.03_d000_r02,C2,202634,12.52,12.52,0.0,0.2955,0.36228336604346784,0.3001798249234582,NEAR,NEAR,0.6,1,,,0.03,0
C2_n0.03_d000_r02,C2,202634,12.54,12.54,0.0,0.2972499999999999,0.3171955619423689,0.3044337591781859,NEAR,NEAR,0.6,1,,,0.03,0
C2_n0.03_d000_r02,C2,202634,12.56,12.56,0.0,0.29900000000000004,0.2620781455685823,0.293844855775785,NEAR,NEAR,0.6,1,,,0.03,0
C2_n0.03_d000_r02,C2,202634,12.58,12.58,0.0,0.30075,0.3101008360725448,0.297908850849975,NEAR,NEAR,0.6,1,,,0.03,0
C2_n0.03_d000_r02,C2,202634,12.6,12.6,0.0,0.3025,0.32361691257398606,0.30433586628097775,NEAR,NEAR,0.6,1,,,0.03,0
C2_n0.03_d000_r02,C2,202634,12.62,12.62,0.0,0.3042499999999999,0.284676718834187,0.2994210794192801,NEAR,NEAR,0.6,1,,,0.03,0
C2_n0.03_d000_r02,C2,202634,12.64,12.64,0.0,0.30600000000000005,0.2552796203634299,0.28838571465531754,NEAR,NEAR,0.6,1,,,0.03,0
C2_n0.03_d000_r02,C2,202634,12.66,12.66,0.0,0.30775,0.3653583771763536,0.30762888028557656,NEAR,NEAR,0.6,1,,,0.03,0
C2_n0.03_d000_r02,C2,202634,12.68,12.68,0.0,0.3095,0.3064596244639575,0.3073365663301718,NEAR,NEAR,0.6,1,,,0.03,0
C2_n0.03_d000_r02,C2,202634,12.7,12.7,0.0,0.3112499999999999,0.30116709460112345,0.3057941983979097,NEAR,NEAR,0.6,1,,,0.03,0
C2_n0.03_d000_r02,C2,202634,12.72,12.72,0.0,0.31300000000000006,0.30301755894461685,0.3051000385345865,NEAR,NEAR,0.6,1,,,0.03,0
C2_n0.03_d000_r02,C2,202634,12.74,12.74,0.0,0.31475000000000003,0.3065013111499182,0.3054503566884194,NEAR,NEAR,0.6,1,,,0.03,0
C2_n0.03_d000_r02,C2,202634,12.76,12.76,0.0,0.3165,0.283641075604517,0.2999980364174438,NEAR,NEAR,0.6,1,,,0.03,0
C2_n0.03_d000_r02,C2,202634,12.78,12.78,0.0,0.3182499999999999,0.32615611213150897,0.3065375553459601,NEAR,NEAR,0.6,1,,,0.03,0
C2_n0.03_d000_r02,C2,202634,12.8,12.8,0.0,0.32000000000000006,0.324913407102382,0.3111315182850656,NEAR,NEAR,0.6,1,,,0.03,0
C2_n0.03_d000_r02,C2,202634,12.82,12.82,0.0,0.32175000000000004,0.2999259528601751,0.308330126928843,NEAR,NEAR,0.6,1,,,0.03,0
C2_n0.03_d000_r02,C2,202634,12.84,12.84,0.0,0.3235,0.32722907709711074,0.3130548644709099,NEAR,NEAR,0.6,1,,,0.03,0
C2_n0.03_d000_r02,C2,202634,12.86,12.86,0.0,0.32524999999999993,0.31976678658598395,0.3147328449996784,NEAR,NEAR,0.6,1,,,0.03,0
C2_n0.03_d000_r02,C2,202634,12.88,12.88,0.0,0.32700000000000007,0.36060337356549105,0.32620047714113154,NEAR,NEAR,0.6,1,,,0.03,0
C2_n0.03_d000_r02,C2,202634,12.9,12.9,0.0,0.32875000000000004,0.33265054330273636,0.3278129936815327,NEAR,NEAR,0.6,1,,,0.03,0
C2_n0.03_d000_r02,C2,202634,12.92,12.92,0.0,0.3305,0.3282332443081026,0.32791805633817517,NEAR,NEAR,0.6,1,,,0.03,0
C2_n0.03_d000_r02,C2,202634,12.94,12.94,0.0,0.33224999999999993,0.3361088163954524,0.3299657463524945,NEAR,NEAR,0.6,1,,,0.03,0
C2_n0.03_d000_r02,C2,202634,12.96,12.96,0.0,0.3340000000000001,0.3245826078465719,0.3286199617260138,NEAR,NEAR,0.6,1,,,0.03,0
C2_n0.03_d000_r02,C2,202634,12.98,12.98,0.0,0.33575000000000005,0.3630485057331574,0.3372270977277997,NEAR,NEAR,0.6,1,,,0.03,0
C2_n0.03_d000_r02,C2,202634,13.0,13.0,0.0,0.3375,0.3416480907188553,0.3383323459755636,NEAR,NEAR,0.6,1,,,0.03,0
C2_n0.03_d000_r02,C2,202634,13.02,13.02,0.0,0.33924999999999994,0.35899011348794035,0.3434967878536578,NEAR,NEAR,0.6,1,,,0.03,0
C2_n0.03_d000_r02,C2,202634,13.04,13.04,0.0,0.3409999999999999,0.3484711820696691,0.3447403864076606,NEAR,NEAR,0.6,1,,,0.03,0
C2_n0.03_d000_r02,C2,202634,13.06,13.06,0.0,0.34275000000000005,0.35999035952978997,0.34855287968819293,NEAR,NEAR,0.6,1,,,0.03,0
C2_n0.03_d000_r02,C2,202634,13.08,13.08,0.0,0.34450000000000003,0.36637859645413756,0.3530093088796791,NEAR,NEAR,0.6,1,,,0.03,0
C2_n0.03_d000_r02,C2,202634,13.1,13.1,0.0,0.34624999999999995,0.3123508891851672,0.3428447039560511,NEAR,NEAR,0.6,1,,,0.03,0
C2_n0.03_d000_r02,C2,202634,13.12,13.12,0.0,0.3479999999999999,0.3785138919566216,0.3517620009561937,NEAR,NEAR,0.6,1,,,0.03,0
C2_n0.03_d000_r02,C2,202634,13.14,13.14,0.0,0.34975000000000006,0.36266808317066196,0.35448852150981075,NEAR,NEAR,0.6,1,,,0.03,0
C2_n0.03_d000_r02,C2,202634,13.16,13.16,0.0,0.35150000000000003,0.3160105111025262,0.3448690189079896,FAR,NEAR,0.6,1,,,0.03,0
C2_n0.03_d000_r02,C2,202634,13.18,13.18,0.0,0.35324999999999995,0.3166380944546761,0.33781128779466124,FAR,NEAR,0.6,1,,,0.03,0
C2_n0.03_d000_r02,C2,202634,13.2,13.2,0.0,0.3549999999999999,0.35643490232668257,0.3424671914276666,FAR,NEAR,0.6,1,,,0.03,0
C2_n0.03_d000_r02,C2,202634,13.22,13.22,0.0,0.35675000000000007,0.3894809142557293,0.3542206221346822,FAR,NEAR,0.6,1,,,0.03,0
C2_n0.03_d000_r02,C2,202634,13.24,13.24,0.0,0.35850000000000004,0.35357927479894646,0.3540602853007483,FAR,NEAR,0.6,1,,,0.03,0
C2_n0.03_d000_r02,C2,202634,13.26,13.26,0.0,0.36024999999999996,0.3782065385210234,0.36009684860581703,FAR,NEAR,0.6,1,,,0.03,0
C2_n0.03_d000_r02,C2,202634,13.28,13.28,0.0,0.36199999999999993,0.33156956786541864,0.3529650284207174,FAR,NEAR,0.6,1,,,0.03,0
C2_n0.03_d000_r02,C2,202634,13.3,13.3,0.0,0.3637500000000001,0.41975683420873644,0.3696629798677221,FAR,NEAR,0.6,1,,,0.03,0
C2_n0.03_d000_r02,C2,202634,13.32,13.32,0.0,0.36550000000000005,0.3327521409963057,0.36043527014986804,FAR,NEAR,0.6,1,,,0.03,0
C2_n0.03_d000_r02,C2,202634,13.34,13.34,0.0,0.36724999999999997,0.3676966243003882,0.36225060868749803,FAR,NEAR,0.6,1,,,0.03,0
C2_n0.03_d000_r02,C2,202634,13.36,13.36,0.0,0.36899999999999994,0.382533035761983,0.36732121545611923,FAR,NEAR,0.6,1,,,0.03,0
C2_n0.03_d000_r02,C2,202634,13.38,13.38,0.0,0.3707500000000001,0.3599128003798008,0.36546911168703966,FAR,NEAR,0.6,1,,,0.03,0
C2_n0.03_d000_r02,C2,202634,13.4,13.4,0.0,0.37250000000000005,0.3953853057067682,0.3729481601919718,FAR,NEAR,0.6,1,,,0.03,0
C2_n0.03_d000_r02,C2,202634,13.42,13.42,0.0,0.37424999999999997,0.35433355512978165,0.3682945089264243,FAR,NEAR,0.6,1,,,0.03,0
C2_n0.03_d000_r02,C2,202634,13.44,13.44,0.0,0.37599999999999995,0.4136888513857599,0.3796430945412582,FAR,NEAR,0.6,1,,,0.03,0
C2_n0.03_d000_r02,C2,202634,13.46,13.46,0.0,0.37775000000000003,0.37493310447721606,0.37846559702524774,FAR,NEAR,0.6,1,,,0.03,0
C2_n0.03_d000_r02,C2,202634,13.48,13.48,0.0,0.37950000000000006,0.3654676308139972,0.3752161054724351,FAR,NEAR,0.6,1,,,0.03,0
C2_n0.03_d000_r02,C2,202634,13.5,13.5,0.0,0.38125,0.3745463945906231,0.3750486777519821,FAR,NEAR,0.6,1,,,0.03,0
C2_n0.03_d000_r02,C2,202634,13.52,13.52,0.0,0.38299999999999995,0.4114383346708688,0.38414609198170374,FAR,FAR,0.0,1,EXIT_NEAR,,0.03,0
C2_n0.03_d000_r02,C2,202634,13.54,13.54,0.0,0.3847499999999999,0.3813387168622747,0.3834442482018465,FAR,FAR,0.0,1,,,0.03,0
C2_n0.03_d000_r02,C2,202634,13.56,13.56,0.0,0.38650000000000007,0.3620488599553969,0.3780954011402341,FAR,FAR,0.0,1,,,0.03,0
C2_n0.03_d000_r02,C2,202634,13.58,13.58,0.0,0.38825,0.3755266548764747,0.37745321457429426,FAR,FAR,0.0,1,,,0.03,0
C2_n0.03_d000_r02,C2,202634,13.6,13.6,0.0,0.38999999999999996,0.42643536240989727,0.389698751533195,FAR,FAR,0.0,1,,,0.03,0
C2_n0.03_d000_r02,C2,202634,13.62,13.62,0.0,0.39174999999999993,0.3836410463023766,0.3881843252254904,FAR,FAR,0.0,1,,,0.03,0
C2_n0.03_d000_r02,C2,202634,13.64,13.64,0.0,0.39350000000000007,0.39116560948389384,0.38892964629009125,FAR,FAR,0.0,1,,,0.03,0
C2_n0.03_d000_r02,C2,202634,13.66,13.66,0.0,0.39525,0.429639143463534,0.39910702058345193,FAR,FAR,0.0,1,,,0.03,0
C2_n0.03_d000_r02,C2,202634,13.68,13.68,0.0,0.39699999999999996,0.4058788067303978,0.4007999671201884,FAR,FAR,0.0,1,,,0.03,0
C2_n0.03_d000_r02,C2,202634,13.7,13.7,0.0,0.39874999999999994,0.3724463669998254,0.39371156709009764,FAR,FAR,0.0,1,,,0.03,0
C2_n0.03_d000_r02,C2,202634,13.72,13.72,0.0,0.4005000000000001,0.45566548125696466,0.4092000456318144,FAR,FAR,0.0,1,,,0.03,0
C2_n0.03_d000_r02,C2,202634,13.74,13.74,0.0,0.40225,0.4167179332543221,0.4110795175374413,FAR,FAR,0.0,1,,,0.03,0
C2_n0.03_d000_r02,C2,202634,13.76,13.76,0.0,0.40399999999999997,0.33430756649489907,0.39188652977680577,FAR,FAR,0.0,1,,,0.03,0
C2_n0.03_d000_r02,C2,202634,13.78,13.78,0.0,0.40574999999999994,0.45087339596790943,0.4066332463245817,FAR,FAR,0.0,1,,,0.03,0
C2_n0.03_d000_r02,C2,202634,13.8,13.8,0.0,0.4075000000000001,0.33923575620145785,0.38978387379380075,FAR,FAR,0.0,1,,,0.03,0
C2_n0.03_d000_r02,C2,202634,13.82,13.82,0.0,0.40925,0.4242615120360469,0.39840328335436226,FAR,FAR,0.0,1,,,0.03,0
C2_n0.03_d000_r02,C2,202634,13.84,13.84,0.0,0.411,0.36975605118205995,0.39124147531128667,FAR,FAR,0.0,1,,,0.03,0
C2_n0.03_d000_r02,C2,202634,13.86,13.86,0.0,0.41274999999999995,0.4065274976126602,0.39506298088663006,FAR,FAR,0.0,1,,,0.03,0
C2_n0.03_d000_r02,C2,202634,13.88,13.88,0.0,0.4145000000000001,0.4540341942952699,0.40980578423879005,FAR,FAR,0.0,1,,,0.03,0
C2_n0.03_d000_r02,C2,202634,13.9,13.9,0.0,0.41625,0.4530837281949242,0.4206252702278236,FAR,FAR,0.0,1,,,0.03,0
C2_n0.03_d000_r02,C2,202634,13.92,13.92,0.0,0.418,0.43587657417064,0.42443809621352774,FAR,FAR,0.0,1,,,0.03,0
C2_n0.03_d000_r02,C2,202634,13.94,13.94,0.0,0.41974999999999996,0.4078624652804102,0.42029418848024835,FAR,FAR,0.0,1,,,0.03,0
C2_n0.03_d000_r02,C2,202634,13.96,13.96,0.0,0.4215000000000001,0.41339002291259924,0.41856814708833606,FAR,FAR,0.0,1,,,0.03,0
C2_n0.03_d000_r02,C2,202634,13.98,13.98,0.0,0.42325,0.4382159796479519,0.42348010522824003,FAR,FAR,0.0,1,,,0.03,0
C2_n0.03_d000_r02,C2,202634,14.0,14.0,0.0,0.425,0.4129185130160352,0.4208397071751888,FAR,FAR,0.0,1,,,0.03,0
C2_n0.03_d000_r02,C2,202634,14.02,14.02,0.0,0.42674999999999996,0.4073420322044189,0.4174652884324963,FAR,FAR,0.0,1,,,0.03,0
C2_n0.03_d000_r02,C2,202634,14.04,14.04,0.0,0.4284999999999999,0.43589689362788114,0.4220731897313425,FAR,FAR,0.0,1,,,0.03,0
C2_n0.03_d000_r02,C2,202634,14.06,14.06,0.0,0.43025,0.4450294806618724,0.42781226246397497,FAR,FAR,0.0,1,,,0.03,0
C2_n0.03_d000_r02,C2,202634,14.08,14.08,0.0,0.432,0.3947712018261278,0.4195519973045132,FAR,FAR,0.0,1,,,0.03,0
C2_n0.03_d000_r02,C2,202634,14.1,14.1,0.0,0.43374999999999997,0.4202031415528745,0.4197147833666035,FAR,FAR,0.0,1,,,0.03,0
C2_n0.03_d000_r02,C2,202634,14.12,14.12,0.0,0.4354999999999999,0.47944273584336555,0.434646771485794,FAR,FAR,0.0,1,,,0.03,0
C2_n0.03_d000_r02,C2,202634,14.14,14.14,0.0,0.43725,0.4067043000439441,0.4276611536253315,FAR,FAR,0.0,1,,,0.03,0
C2_n0.03_d000_r02,C2,202634,14.16,14.16,0.0,0.439,0.4138215882311667,0.4242012622767903,FAR,FAR,0.0,1,,,0.03,0
C2_n0.03_d000_r02,C2,202634,14.18,14.18,0.0,0.44075,0.439221797004829,0.4279563959588,FAR,FAR,0.0,1,,,0.03,0
C2_n0.03_d000_r02,C2,202634,14.2,14.2,0.0,0.4424999999999999,0.473620227960909,0.4393723539593272,FAR,FAR,0.0,1,,,0.03,0
C2_n0.03_d000_r02,C2,202634,14.22,14.22,0.0,0.44425000000000003,0.4972283271560571,0.4538363472585097,FAR,FAR,0.0,1,,,0.03,0
C2_n0.03_d000_r02,C2,202634,14.24,14.24,0.0,0.446,0.4396597348423037,0.4502921941544582,FAR,FAR,0.0,1,,,0.03,0
C2_n0.03_d000_r02,C2,202634,14.26,14.26,0.0,0.44775,0.43942556218304724,0.44757553616160545,FAR,FAR,0.0,1,,,0.03,0
C2_n0.03_d000_r02,C2,202634,14.28,14.28,0.0,0.4494999999999999,0.433064616625341,0.4439478062775394,FAR,FAR,0.0,1,,,0.03,0
C2_n0.03_d000_r02,C2,202634,14.3,14.3,0.0,0.45125000000000004,0.4671066235383359,0.4497375105927385,FAR,FAR,0.0,1,,,0.03,0
C2_n0.03_d000_r02,C2,202634,14.32,14.32,0.0,0.453,0.49507827775948043,0.46107270238442394,FAR,FAR,0.0,1,,,0.03,0
C2_n0.03_d000_r02,C2,202634,14.34,14.34,0.0,0.45475,0.4616514540067726,0.46121739029001113,FAR,FAR,0.0,1,,,0.03,0
C2_n0.03_d000_r02,C2,202634,14.36,14.36,0.0,0.4564999999999999,0.4380883330012933,0.45543512596783164,FAR,FAR,0.0,1,,,0.03,0
C2_n0.03_d000_r02,C2,202634,14.38,14.38,0.0,0.45825000000000005,0.4784238430198439,0.4611823052308347,FAR,FAR,0.0,1,,,0.03,0
C2_n0.03_d000_r02,C2,202634,14.4,14.4,0.0,0.46,0.4589563659175535,0.4606258204025144,FAR,FAR,0.0,1,,,0.03,0
C2_n0.03_d000_r02,C2,202634,14.42,14.42,0.0,0.46175,0.43746433572735444,0.4548354492337244,FAR,FAR,0.0,1,,,0.03,0
C2_n0.03_d000_r02,C2,202634,14.44,14.44,0.0,0.4634999999999999,0.4243557249790435,0.44721551817005417,FAR,FAR,0.0,1,,,0.03,0
C2_n0.03_d000_r02,C2,202634,14.46,14.46,0.0,0.46525000000000005,0.47408321783924234,0.45393244308735126,FAR,FAR,0.0,1,,,0.03,0
C2_n0.03_d000_r02,C2,202634,14.48,14.48,0.0,0.467,0.4516813654190526,0.4533696736702766,FAR,FAR,0.0,1,,,0.03,0
C2_n0.03_d000_r02,C2,202634,14.5,14.5,0.0,0.46875,0.5269099606059553,0.47175474540419626,FAR,FAR,0.0,1,,,0.03,0
C2_n0.03_d000_r02,C2,202634,14.52,14.52,0.0,0.4704999999999999,0.4689127475577713,0.47104424594259,FAR,FAR,0.0,1,,,0.03,0
C2_n0.03_d000_r02,C2,202634,14.54,14.54,0.0,0.47224999999999995,0.48683946366753056,0.47499305037382517,FAR,FAR,0.0,1,,,0.03,0
C2_n0.03_d000_r02,C2,202634,14.56,14.56,0.0,0.47400000000000003,0.48154403355582304,0.47663079616932463,FAR,FAR,0.0,1,,,0.03,0
C2_n0.03_d000_r02,C2,202634,14.58,14.58,0.0,0.47575,0.4443533202658642,0.46856142719345956,FAR,FAR,0.0,1,,,0.03,0
C2_n0.03_d000_r02,C2,202634,14.6,14.6,0.0,0.4774999999999999,0.5287050878853867,0.48359734236644136,FAR,FAR,0.0,1,,,0.03,0
C2_n0.03_d000_r02,C2,202634,14.62,14.62,0.0,0.47924999999999995,0.4855221913059029,0.4840785546013067,FAR,FAR,0.0,1,,,0.03,0
C2_n0.03_d000_r02,C2,202634,14.64,14.64,0.0,0.48100000000000004,0.44474331671357764,0.4742447451293745,FAR,FAR,0.0,1,,,0.03,0
C2_n0.03_d000_r02,C2,202634,14.66,14.66,0.0,0.48275,0.4797252069547512,0.47561486058571867,FAR,FAR,0.0,1,,,0.03,0
C2_n0.03_d000_r02,C2,202634,14.68,14.68,0.0,0.48449999999999993,0.5099525070381279,0.484199272198821,FAR,FAR,0.0,1,,,0.03,0
C2_n0.03_d000_r02,C2,202634,14.7,14.7,0.0,0.48624999999999996,0.5123362942090434,0.4912335277013765,FAR,FAR,0.0,1,,,0.03,0
C2_n0.03_d000_r02,C2,202634,14.72,14.72,0.0,0.48800000000000004,0.46524640597906936,0.4847367472707997,FAR,FAR,0.0,1,,,0.03,0
C2_n0.03_d000_r02,C2,202634,14.74,14.74,0.0,0.48975,0.47266785435330555,0.48171952404142615,FAR,FAR,0.0,1,,,0.03,0
C2_n0.03_d000_r02,C2,202634,14.76,14.76,0.0,0.49149999999999994,0.5057556419486846,0.48772855351824074,FAR,FAR,0.0,1,,,0.03,0
C2_n0.03_d000_r02,C2,202634,14.78,14.78,0.0,0.49324999999999997,0.4634953068987391,0.4816702418633653,FAR,FAR,0.0,1,,,0.03,0
C2_n0.03_d000_r02,C2,202634,14.8,14.8,0.0,0.49500000000000005,0.44868697533456925,0.4734244252311663,FAR,FAR,0.0,1,,,0.03,0
C2_n0.03_d000_r02,C2,202634,14.82,14.82,0.0,0.49675,0.4909692032463887,0.47781061973497185,FAR,FAR,0.0,1,,,0.03,0
C2_n0.03_d000_r02,C2,202634,14.84,14.84,0.0,0.49849999999999994,0.5054615618649966,0.484723355267478,FAR,FAR,0.0,1,,,0.03,0
C2_n0.03_d000_r02,C2,202634,14.86,14.86,0.0,0.5002499999999999,0.4960352216165724,0.48755132185475164,FAR,FAR,0.0,1,,,0.03,0
C2_n0.03_d000_r02,C2,202634,14.88,14.88,0.0,0.502,0.469286237548224,0.48298505077811976,FAR,FAR,0.0,1,,,0.03,0
C2_n0.03_d000_r02,C2,202634,14.9,14.9,0.0,0.50375,0.4724344094076639,0.4803473904355058,FAR,FAR,0.0,1,,,0.03,0
C2_n0.03_d000_r02,C2,202634,14.92,14.92,0.0,0.5055000000000001,0.532590904988793,0.4934082690738276,FAR,FAR,0.0,1,,,0.03,0
C2_n0.03_d000_r02,C2,202634,14.94,14.94,0.0,0.50725,0.5379328673276331,0.5045394186372789,FAR,FAR,0.0,1,,,0.03,0
C2_n0.03_d000_r02,C2,202634,14.96,14.96,0.0,0.5090000000000001,0.5252196409847204,0.5097094742241393,FAR,FAR,0.0,1,,,0.03,0
C2_n0.03_d000_r02,C2,202634,14.98,14.98,0.0,0.51075,0.4519013234944027,0.4952574365417051,FAR,FAR,0.0,1,,,0.03,0
C2_n0.03_d000_r02,C2,202634,15.0,15.0,0.0,0.5125,0.4870739164463944,0.49321155651787746,FAR,FAR,0.0,1,,,0.03,0
C2_n0.03_d000_r02,C2,202634,15.02,15.02,0.0,0.5142499999999999,0.5299352840526853,0.5023924884015795,FAR,FAR,0.0,1,,,0.03,0
C2_n0.03_d000_r02,C2,202634,15.04,15.04,0.0,0.5159999999999999,0.5182745000060623,0.5063629913027001,FAR,FAR,0.0,1,,,0.03,0
C2_n0.03_d000_r02,C2,202634,15.06,15.06,0.0,0.51775,0.5591751746449564,0.5195660371382642,FAR,FAR,0.0,1,,,0.03,0
C2_n0.03_d000_r02,C2,202634,15.08,15.08,0.0,0.5195,0.5367038913395608,0.5238505006885883,FAR,FAR,0.0,1,,,0.03,0
C2_n0.03_d000_r02,C2,202634,15.1,15.1,0.0,0.52125,0.531760084667814,0.5258278966833947,FAR,FAR,0.0,1,,,0.03,0
C2_n0.03_d000_r02,C2,202634,15.12,15.12,0.0,0.5229999999999999,0.5514076231395487,0.5322228282974332,FAR,FAR,0.0,1,,,0.03,0
C2_n0.03_d000_r02,C2,202634,15.14,15.14,0.0,0.52475,0.5135227887598885,0.527547818413047,FAR,FAR,0.0,1,,,0.03,0
C2_n0.03_d000_r02,C2,202634,15.16,15.16,0.0,0.5265,0.4638218174094257,0.5116163181621417,FAR,FAR,0.0,1,,,0.03,0
C2_n0.03_d000_r02,C2,202634,15.18,15.18,0.0,0.5282499999999999,0.5425446827910119,0.5193484093193592,FAR,FAR,0.0,1,,,0.03,0
C2_n0.03_d000_r02,C2,202634,15.2,15.2,0.0,0.5299999999999999,0.5721673199933359,0.5325531369878533,FAR,FAR,0.0,1,,,0.03,0
C2_n0.03_d000_r02,C2,202634,15.22,15.22,0.0,0.5317500000000001,0.5011524306396062,0.5247029604007916,FAR,FAR,0.0,1,,,0.03,0
C2_n0.03_d000_r02,C2,202634,15.24,15.24,0.0,0.5335,0.5728907833009991,0.5367499161258434,FAR,FAR,0.0,1,,,0.03,0
C2_n0.03_d000_r02,C2,202634,15.26,15.26,0.0,0.53525,0.5264894850915182,0.5341848083672621,FAR,FAR,0.0,1,,,0.03,0
C2_n0.03_d000_r02,C2,202634,15.28,15.28,0.0,0.5369999999999999,0.5300476056579914,0.5331505076899444,FAR,FAR,0.0,1,,,0.03,0
C2_n0.03_d000_r02,C2,202634,15.3,15.3,0.0,0.5387500000000001,0.5172114995808609,0.5291657556626735,FAR,FAR,0.0,1,,,0.03,0
C2_n0.03_d000_r02,C2,202634,15.32,15.32,0.0,0.5405,0.5992110636185967,0.5466770826516543,FAR,FAR,0.0,1,,,0.03,0
C2_n0.03_d000_r02,C2,202634,15.34,15.34,0.0,0.5422499999999999,0.4921558480908337,0.5330467740114491,FAR,FAR,0.0,1,,,0.03,0
C2_n0.03_d000_r02,C2,202634,15.36,15.36,0.0,0.5439999999999999,0.5503810229370794,0.5373803362428566,FAR,FAR,0.0,1,,,0.03,0
C2_n0.03_d000_r02,C2,202634,15.38,15.38,0.0,0.5457500000000001,0.5830074236557171,0.5487871080960718,FAR,FAR,0.0,1,,,0.03,0
C2_n0.03_d000_r02,C2,202634,15.4,15.4,0.0,0.5475,0.5281741301334152,0.5436338636054077,FAR,FAR,0.0,1,,,0.03,0
C2_n0.03_d000_r02,C2,202634,15.42,15.42,0.0,0.54925,0.5462444665241016,0.5442865143350811,FAR,FAR,0.0,1,,,0.03,0
C2_n0.03_d000_r02,C2,202634,15.44,15.44,0.0,0.5509999999999999,0.5464709218154729,0.5448326162051791,FAR,FAR,0.0,1,,,0.03,0
C2_n0.03_d000_r02,C2,202634,15.46,15.46,0.0,0.5527500000000001,0.5435935324882912,0.5445228452759572,FAR,FAR,0.0,1,,,0.03,0
C2_n0.03_d000_r02,C2,202634,15.48,15.48,0.0,0.5545,0.5597613306711019,0.5483324666247433,FAR,FAR,0.0,1,,,0.03,0
C2_n0.03_d000_r02,C2,202634,15.5,15.5,0.0,0.5562499999999999,0.5540613948461528,0.5497646986800957,FAR,FAR,0.0,1,,,0.03,0
C2_n0.03_d000_r02,C2,202634,15.52,15.52,0.0,0.5579999999999999,0.5899442290378016,0.5598095812695222,FAR,FAR,0.0,1,,,0.03,0
C2_n0.03_d000_r02,C2,202634,15.54,15.54,0.0,0.55975,0.6038593917572224,0.5708220338914471,FAR,FAR,0.0,1,,,0.03,0
C2_n0.03_d000_r02,C2,202634,15.56,15.56,0.0,0.5615,0.5606544220793209,0.5682801309384156,FAR,FAR,0.0,1,,,0.03,0
C2_n0.03_d000_r02,C2,202634,15.58,15.58,0.0,0.56325,0.5827566383096793,0.5718992577812315,FAR,FAR,0.0,1,,,0.03,0
C2_n0.03_d000_r02,C2,202634,15.6,15.6,0.0,0.565,0.5243965566347346,0.5600235824946073,FAR,FAR,0.0,1,,,0.03,0
C2_n0.03_d000_r02,C2,202634,15.62,15.62,0.0,0.5667499999999999,0.5670137738766167,0.5617711303401096,FAR,FAR,0.0,1,,,0.03,0
C2_n0.03_d000_r02,C2,202634,15.64,15.64,0.0,0.5685,0.5811247853733867,0.5666095440984289,FAR,FAR,0.0,1,,,0.03,0
C2_n0.03_d000_r02,C2,202634,15.66,15.66,0.0,0.5702499999999999,0.5819451254659411,0.570443439440307,FAR,FAR,0.0,1,,,0.03,0
C2_n0.03_d000_r02,C2,202634,15.68,15.68,0.0,0.572,0.6288880637401553,0.5850545955152691,FAR,FAR,0.0,1,,,0.03,0
C2_n0.03_d000_r02,C2,202634,15.7,15.7,0.0,0.57375,0.580029379606704,0.5837982915381278,FAR,FAR,0.0,1,,,0.03,0
C2_n0.03_d000_r02,C2,202634,15.72,15.72,0.0,0.5755,0.6127098285959072,0.5910261758025727,FAR,FAR,0.0,1,,,0.03,0
C2_n0.03_d000_r02,C2,202634,15.74,15.74,0.0,0.57725,0.5364714695757775,0.5773874992458738,FAR,FAR,0.0,1,,,0.03,0
C2_n0.03_d000_r02,C2,202634,15.76,15.76,0.0,0.579,0.554539666237294,0.5716755409937289,FAR,FAR,0.0,1,,,0.03,0
C2_n0.03_d000_r02,C2,202634,15.78,15.78,0.0,0.5807499999999999,0.5907675370491988,0.5764485400075964,FAR,FAR,0.0,1,,,0.03,0
C2_n0.03_d000_r02,C2,202634,15.8,15.8,0.0,0.5825,0.5965189752224099,0.5814661488112998,FAR,FAR,0.0,1,,,0.03,0
C2_n0.03_d000_r02,C2,202634,15.82,15.82,0.0,0.5842499999999999,0.5379455580026362,0.5705860011091339,FAR,FAR,0.0,1,,,0.03,0
C2_n0.03_d000_r02,C2,202634,15.84,15.84,0.0,0.586,0.5703759241122897,0.5705334818599228,FAR,FAR,0.0,1,,,0.03,0
C2_n0.03_d000_r02,C2,202634,15.86,15.86,0.0,0.58775,0.5695628940247629,0.5702908349011329,FAR,FAR,0.0,1,,,0.03,0
C2_n0.03_d000_r02,C2,202634,15.88,15.88,0.0,0.5895,0.5291295482357299,0.5600005132347821,FAR,FAR,0.0,1,,,0.03,0
C2_n0.03_d000_r02,C2,202634,15.9,15.9,0.0,0.59125,0.6510483887473351,0.5827624821129203,FAR,FAR,0.0,1,,,0.03,0
C2_n0.03_d000_r02,C2,202634,15.92,15.92,0.0,0.593,0.5805995661872541,0.5822217531315037,FAR,FAR,0.0,1,,,0.03,0
C2_n0.03_d000_r02,C2,202634,15.94,15.94,0.0,0.5947499999999999,0.5793752090103321,0.5815101171012108,FAR,FAR,0.0,1,,,0.03,0
C2_n0.03_d000_r02,C2,202634,15.96,15.96,0.0,0.5965,0.6320885254623689,0.5941547191915004,FAR,FAR,0.0,1,,,0.03,0
C2_n0.03_d000_r02,C2,202634,15.98,15.98,0.0,0.59825,0.6017715164357731,0.5960589185025686,FAR,FAR,0.0,1,,,0.03,0
C2_n0.03_d000_r02,C2,202634,16.0,16.0,0.0,0.6,0.6099815373777109,0.5995395732213542,FAR,FAR,0.0,1,,,0.03,0
C2_n0.03_d000_r02,C2,202634,16.02,16.02,0.0,0.6,0.6292905392975086,0.6069773147403927,FAR,FAR,0.0,1,,,0.03,0
C2_n0.03_d000_r02,C2,202634,16.04,16.04,0.0,0.6,0.5443828794004524,0.5913287059054076,FAR,FAR,0.0,1,,,0.03,0
C2_n0.03_d000_r02,C2,202634,16.06,16.06,0.0,0.6,0.6106797978390359,0.5961664788888147,FAR,FAR,0.0,1,,,0.03,0
C2_n0.03_d000_r02,C2,202634,16.08,16.08,0.0,0.6,0.5637938152103018,0.5880733129691865,FAR,FAR,0.0,1,,,0.03,0
C2_n0.03_d000_r02,C2,202634,16.1,16.1,0.0,0.6,0.6147584882561539,0.5947446067909283,FAR,FAR,0.0,1,,,0.03,0
C2_n0.03_d000_r02,C2,202634,16.12,16.12,0.0,0.6,0.6000686271673724,0.5960756118850393,FAR,FAR,0.0,1,,,0.03,0
C2_n0.03_d000_r02,C2,202634,16.14,16.14,0.0,0.6,0.633787883299084,0.6055036797385505,FAR,FAR,0.0,1,,,0.03,0
C2_n0.03_d000_r02,C2,202634,16.16,16.16,0.0,0.6,0.5649182845825761,0.5953573309495569,FAR,FAR,0.0,1,,,0.03,0
C2_n0.03_d000_r02,C2,202634,16.18,16.18,0.0,0.6,0.6166841952883163,0.6006890470342467,FAR,FAR,0.0,1,,,0.03,0
C2_n0.03_d000_r02,C2,202634,16.2,16.2,0.0,0.6,0.5808869117258552,0.5957385132071489,FAR,FAR,0.0,1,,,0.03,0
C2_n0.03_d000_r02,C2,202634,16.22,16.22,0.0,0.6,0.6886925503647366,0.6189770224965458,FAR,FAR,0.0,1,,,0.03,0
C2_n0.03_d000_r02,C2,202634,16.24,16.24,0.0,0.6,0.6082545413580421,0.61629640221192,FAR,FAR,0.0,1,,,0.03,0
C2_n0.03_d000_r02,C2,202634,16.26,16.26,0.0,0.6,0.5782733146805186,0.6067906303290695,FAR,FAR,0.0,1,,,0.03,0
C2_n0.03_d000_r02,C2,202634,16.28,16.28,0.0,0.6,0.5649206548224194,0.596323136452407,FAR,FAR,0.0,1,,,0.03,0
C2_n0.03_d000_r02,C2,202634,16.3,16.3,0.0,0.6,0.5882001206956047,0.5942923825132064,FAR,FAR,0.0,1,,,0.03,0
C2_n0.03_d000_r02,C2,202634,16.32,16.32,0.0,0.6,0.6352239554638578,0.6045252757508692,FAR,FAR,0.0,1,,,0.03,0
C2_n0.03_d000_r02,C2,202634,16.34,16.34,0.0,0.6,0.6109976081911135,0.6061433588609303,FAR,FAR,0.0,1,,,0.03,0
C2_n0.03_d000_r02,C2,202634,16.36,16.36,0.0,0.6,0.618250085469225,0.609170040513004,FAR,FAR,0.0,1,,,0.03,0
C2_n0.03_d000_r02,C2,202634,16.38,16.38,0.0,0.6,0.6279260930116567,0.6138590536376672,FAR,FAR,0.0,1,,,0.03,0
C2_n0.03_d000_r02,C2,202634,16.4,16.4,0.0,0.6,0.5797321104398795,0.6053273178382202,FAR,FAR,0.0,1,,,0.03,0
C2_n0.03_d000_r02,C2,202634,16.42,16.42,0.0,0.6,0.6613567884103984,0.6193346854812648,FAR,FAR,0.0,1,,,0.03,0
C2_n0.03_d000_r02,C2,202634,16.44,16.44,0.0,0.6,0.6191806688846718,0.6192961813321165,FAR,FAR,0.0,1,,,0.03,0
C2_n0.03_d000_r02,C2,202634,16.46,16.46,0.0,0.6,0.6246416164469033,0.6206325401108133,FAR,FAR,0.0,1,,,0.03,0
C2_n0.03_d000_r02,C2,202634,16.48,16.48,0.0,0.6,0.5868954591724245,0.6121982698762161,FAR,FAR,0.0,1,,,0.03,0
C2_n0.03_d000_r02,C2,202634,16.5,16.5,0.0,0.6,0.5828990934542395,0.6048734757707219,FAR,FAR,0.0,1,,,0.03,0
C2_n0.03_d000_r02,C2,202634,16.52,16.52,0.0,0.6,0.6307489888648536,0.6113423540442549,FAR,FAR,0.0,1,,,0.03,0
C2_n0.03_d000_r02,C2,202634,16.54,16.54,0.0,0.6,0.587371698320848,0.6053496901134031,FAR,FAR,0.0,1,,,0.03,0
C2_n0.03_d000_r02,C2,202634,16.56,16.56,0.0,0.6,0.5804281166046567,0.5991192967362164,FAR,FAR,0.0,1,,,0.03,0
C2_n0.03_d000_r02,C2,202634,16.58,16.58,0.0,0.6,0.6438072004074039,0.6102912726540133,FAR,FAR,0.0,1,,,0.03,0
C2_n0.03_d000_r02,C2,202634,16.6,16.6,0.0,0.6,0.5421324866534487,0.5932515761538721,FAR,FAR,0.0,1,,,0.03,0
C2_n0.03_d000_r02,C2,202634,16.62,16.62,0.0,0.6,0.6305249208289935,0.6025699123226524,FAR,FAR,0.0,1,,,0.03,0
C2_n0.03_d000_r02,C2,202634,16.64,16.64,0.0,0.6,0.5859425507040741,0.5984130719180079,FAR,FAR,0.0,1,,,0.03,0
C2_n0.03_d000_r02,C2,202634,16.66,16.66,0.0,0.6,0.5883990150632064,0.5959095577043074,FAR,FAR,0.0,1,,,0.03,0
C2_n0.03_d000_r02,C2,202634,16.68,16.68,0.0,0.6,0.6435432780869197,0.6078179877999605,FAR,FAR,0.0,1,,,0.03,0
C2_n0.03_d000_r02,C2,202634,16.7,16.7,0.0,0.6,0.5622668520616798,0.5964302038653904,FAR,FAR,0.0,1,,,0.03,0
C2_n0.03_d000_r02,C2,202634,16.72,16.72,0.0,0.6,0.5619289913817388,0.5878049007444774,FAR,FAR,0.0,1,,,0.03,0
C2_n0.03_d000_r02,C2,202634,16.74,16.74,0.0,0.6,0.6227865939154571,0.5965503240372223,FAR,FAR,0.0,1,,,0.03,0
C2_n0.03_d000_r02,C2,202634,16.76,16.76,0.0,0.6,0.5794975303302008,0.5922871256104669,FAR,FAR,0.0,1,,,0.03,0
C2_n0.03_d000_r02,C2,202634,16.78,16.78,0.0,0.6,0.6435842095143561,0.6051113965864392,FAR,FAR,0.0,1,,,0.03,0
C2_n0.03_d000_r02,C2,202634,16.8,16.8,0.0,0.6,0.5881096789970824,0.6008609671891,FAR,FAR,0.0,1,,,0.03,0
C2_n0.03_d000_r02,C2,202634,16.82,16.82,0.0,0.6,0.5922238467425823,0.5987016870774706,FAR,FAR,0.0,1,,,0.03,0
C2_n0.03_d000_r02,C2,202634,16.84,16.84,0.0,0.6,0.679317788267727,0.6188557123750347,FAR,FAR,0.0,1,,,0.03,0
C2_n0.03_d000_r02,C2,202634,16.86,16.86,0.0,0.6,0.6075908048912132,0.6160394855040793,FAR,FAR,0.0,1,,,0.03,0
C2_n0.03_d000_r02,C2,202634,16.88,16.88,0.0,0.6,0.5995231633995113,0.6119104049779373,FAR,FAR,0.0,1,,,0.03,0
C2_n0.03_d000_r02,C2,202634,16.9,16.9,0.0,0.6,0.5474692769294024,0.5958001229658035,FAR,FAR,0.0,1,,,0.03,0
C2_n0.03_d000_r02,C2,202634,16.92,16.92,0.0,0.6,0.5930805140302019,0.5951202207319032,FAR,FAR,0.0,1,,,0.03,0
C2_n0.03_d000_r02,C2,202634,16.94,16.94,0.0,0.6,0.5876925858877738,0.5932633120208709,FAR,FAR,0.0,1,,,0.03,0
C2_n0.03_d000_r02,C2,202634,16.96,16.96,0.0,0.6,0.6188725585178932,0.5996656236451265,FAR,FAR,0.0,1,,,0.03,0
C2_n0.03_d000_r02,C2,202634,16.98,16.98,0.0,0.6,0.6203239759567108,0.6048302117230226,FAR,FAR,0.0,1,,,0.03,0
C2_n0.03_d000_r02,C2,202634,17.0,17.0,0.0,0.6,0.565927584754972,0.59510455498101,FAR,FAR,0.0,1,,,0.03,0
C2_n0.03_d000_r02,C2,202634,17.02,17.02,0.0,0.6,0.5791092098564243,0.5911057186998636,FAR,FAR,0.0,1,,,0.03,0
C2_n0.03_d000_r02,C2,202634,17.04,17.04,0.0,0.6,0.6383659949566202,0.6029207877640528,FAR,FAR,0.0,1,,,0.03,0
C2_n0.03_d000_r02,C2,202634,17.06,17.06,0.0,0.6,0.6723268473351863,0.6202723026568362,FAR,FAR,0.0,1,,,0.03,0
C2_n0.03_d000_r02,C2,202634,17.08,17.08,0.0,0.6,0.6277471376340257,0.6221410114011335,FAR,FAR,0.0,1,,,0.03,0
C2_n0.03_d000_r02,C2,202634,17.1,17.1,0.0,0.6,0.5826487109084265,0.6122679362779568,FAR,FAR,0.0,1,,,0.03,0
C2_n0.03_d000_r02,C2,202634,17.12,17.12,0.0,0.6,0.5973644264778395,0.6085420588279276,FAR,FAR,0.0,1,,,0.03,0
C2_n0.03_d000_r02,C2,202634,17.14,17.14,0.0,0.6,0.5723764094016778,0.5995006464713651,FAR,FAR,0.0,1,,,0.03,0
C2_n0.03_d000_r02,C2,202634,17.16,17.16,0.0,0.6,0.6006757436818135,0.5997944207739772,FAR,FAR,0.0,1,,,0.03,0
C2_n0.03_d000_r02,C2,202634,17.18,17.18,0.0,0.6,0.6143022909482672,0.6034213883175497,FAR,FAR,0.0,1,,,0.03,0
C2_n0.03_d000_r02,C2,202634,17.2,17.2,0.0,0.6,0.6262220448042211,0.6091215524392175,FAR,FAR,0.0,1,,,0.03,0
C2_n0.03_d000_r02,C2,202634,17.22,17.22,0.0,0.6,0.5290527047784206,0.5891043405240183,FAR,FAR,0.0,1,,,0.03,0
C2_n0.03_d000_r02,C2,202634,17.24,17.24,0.0,0.6,0.6255503879114548,0.5982158523708774,FAR,FAR,0.0,1,,,0.03,0
C2_n0.03_d000_r02,C2,202634,17.26,17.26,0.0,0.6,0.5191150054924416,0.5784406406512684,FAR,FAR,0.0,1,,,0.03,0
C2_n0.03_d000_r02,C2,202634,17.28,17.28,0.0,0.6,0.6112991316290968,0.5866552633957255,FAR,FAR,0.0,1,,,0.03,0
C2_n0.03_d000_r02,C2,202634,17.3,17.3,0.0,0.6,0.5932489145120039,0.5883036761747951,FAR,FAR,0.0,1,,,0.03,0
C2_n0.03_d000_r02,C2,202634,17.32,17.32,0.0,0.6,0.6296160114838191,0.5986317600020511,FAR,FAR,0.0,1,,,0.03,0
C2_n0.03_d000_r02,C2,202634,17.34,17.34,0.0,0.6,0.6187272426309773,0.6036556306592826,FAR,FAR,0.0,1,,,0.03,0
C2_n0.03_d000_r02,C2,202634,17.36,17.36,0.0,0.6,0.5434049948212661,0.5885929716997785,FAR,FAR,0.0,1,,,0.03,0
C2_n0.03_d000_r02,C2,202634,17.38,17.38,0.0,0.6,0.5996369256832951,0.5913539601956577,FAR,FAR,0.0,1,,,0.03,0
C2_n0.03_d000_r02,C2,202634,17.4,17.4,0.0,0.6,0.6010735033909691,0.5937838459944855,FAR,FAR,0.0,1,,,0.03,0
C2_n0.03_d000_r02,C2,202634,17.42,17.42,0.0,0.6,0.6172601587630887,0.5996529241866363,FAR,FAR,0.0,1,,,0.03,0
C2_n0.03_d000_r02,C2,202634,17.44,17.44,0.0,0.6,0.6143712053916212,0.6033324944878825,FAR,FAR,0.0,1,,,0.03,0
C2_n0.03_d000_r02,C2,202634,17.46,17.46,0.0,0.6,0.6239547013208095,0.6084880461961142,FAR,FAR,0.0,1,,,0.03,0
C2_n0.03_d000_r02,C2,202634,17.48,17.48,0.0,0.6,0.5500117251992733,0.593868965946904,FAR,FAR,0.0,1,,,0.03,0
C2_n0.03_d000_r02,C2,202634,17.5,17.5,0.0,0.6,0.5969888796826452,0.5946489443808394,FAR,FAR,0.0,1,,,0.03,0
C2_n0.03_d000_r02,C2,202634,17.52,17.52,0.0,0.6,0.5746231452524586,0.5896424945987442,FAR,FAR,0.0,1,,,0.03,0
C2_n0.03_d000_r02,C2,202634,17.54,17.54,0.0,0.6,0.6051353773773224,0.5935157152933888,FAR,FAR,0.0,1,,,0.03,0
C2_n0.03_d000_r02,C2,202634,17.56,17.56,0.0,0.6,0.633756015865077,0.6035757904363108,FAR,FAR,0.0,1,,,0.03,0
C2_n0.03_d000_r02,C2,202634,17.58,17.58,0.0,0.6,0.5637451049138366,0.5936181190556923,FAR,FAR,0.0,1,,,0.03,0
C2_n0.03_d000_r02,C2,202634,17.6,17.6,0.0,0.6,0.5469035932107663,0.5819394875944608,FAR,FAR,0.0,1,,,0.03,0
C2_n0.03_d000_r02,C2,202634,17.62,17.62,0.0,0.6,0.5743604873654591,0.5800447375372104,FAR,FAR,0.0,1,,,0.03,0
C2_n0.03_d000_r02,C2,202634,17.64,17.64,0.0,0.6,0.6306243691976349,0.5926896454523165,FAR,FAR,0.0,1,,,0.03,0
C2_n0.03_d000_r02,C2,202634,17.66,17.66,0.0,0.6,0.6352181450546981,0.6033217703529119,FAR,FAR,0.0,1,,,0.03,0
C2_n0.03_d000_r02,C2,202634,17.68,17.68,0.0,0.6,0.7049204392058597,0.6287214375661488,FAR,FAR,0.0,1,,,0.03,0
C2_n0.03_d000_r02,C2,202634,17.7,17.7,0.0,0.6,0.6132957261328146,0.6248650097078153,FAR,FAR,0.0,1,,,0.03,0
C2_n0.03_d000_r02,C2,202634,17.72,17.72,0.0,0.6,0.5843222704927278,0.6147293249040435,FAR,FAR,0.0,1,,,0.03,0
C2_n0.03_d000_r02,C2,202634,17.74,17.74,0.0,0.6,0.6430852962866566,0.6218183177496968,FAR,FAR,0.0,1,,,0.03,0
C2_n0.03_d000_r02,C2,202634,17.76,17.76,0.0,0.6,0.6280229482843236,0.6233694753833534,FAR,FAR,0.0,1,,,0.03,0
C2_n0.03_d000_r02,C2,202634,17.78,17.78,0.0,0.6,0.5819316407369061,0.6130100167217416,FAR,FAR,0.0,1,,,0.03,0
C2_n0.03_d000_r02,C2,202634,17.8,17.8,0.0,0.6,0.6128415927486941,0.6129679107284798,FAR,FAR,0.0,1,,,0.03,0
C2_n0.03_d000_r02,C2,202634,17.82,17.82,0.0,0.6,0.621724535176242,0.6151570668404204,FAR,FAR,0.0,1,,,0.03,0
C2_n0.03_d000_r02,C2,202634,17.84,17.84,0.0,0.6,0.5872690248798951,0.6081850563502891,FAR,FAR,0.0,1,,,0.03,0
C2_n0.03_d000_r02,C2,202634,17.86,17.86,0.0,0.6,0.6058499252419158,0.6076012735731957,FAR,FAR,0.0,1,,,0.03,0
C2_n0.03_d000_r02,C2,202634,17.88,17.88,0.0,0.6,0.6302094170359481,0.6132533094388838,FAR,FAR,0.0,1,,,0.03,0
C2_n0.03_d000_r02,C2,202634,17.9,17.9,0.0,0.6,0.60794015913938,0.6119250218640079,FAR,FAR,0.0,1,,,0.03,0
C2_n0.03_d000_r02,C2,202634,17.92,17.92,0.0,0.6,0.6182821828499795,0.6135143121105008,FAR,FAR,0.0,1,,,0.03,0
C2_n0.03_d000_r02,C2,202634,17.94,17.94,0.0,0.6,0.5674984664419409,0.6020103506933607,FAR,FAR,0.0,1,,,0.03,0
C2_n0.03_d000_r02,C2,202634,17.96,17.96,0.0,0.6,0.6326104862309392,0.6096603845777553,FAR,FAR,0.0,1,,,0.03,0
C2_n0.03_d000_r02,C2,202634,17.98,17.98,0.0,0.6,0.6105735947454247,0.6098886871196727,FAR,FAR,0.0,1,,,0.03,0
C2_n0.03_d000_r02,C2,202634,18.0,18.0,0.0,0.6,0.5995605064953282,0.6073066419635866,FAR,FAR,0.0,1,,,0.03,0
C2_n0.03_d000_r02,C2,202634,18.02,18.02,0.0,0.6,0.6291200855424437,0.6127600028583009,FAR,FAR,0.0,1,,,0.03,0
C2_n0.03_d000_r02,C2,202634,18.04,18.04,0.0,0.6,0.6143006654533945,0.6131451685070743,FAR,FAR,0.0,1,,,0.03,0
C2_n0.03_d000_r02,C2,202634,18.06,18.06,0.0,0.6,0.5784929337075454,0.6044821098071921,FAR,FAR,0.0,1,,,0.03,0
C2_n0.03_d000_r02,C2,202634,18.08,18.08,0.0,0.6,0.5547274869031438,0.59204345408118,FAR,FAR,0.0,1,,,0.03,0
C2_n0.03_d000_r02,C2,202634,18.1,18.1,0.0,0.6,0.5924892949281639,0.5921549142929259,FAR,FAR,0.0,1,,,0.03,0
C2_n0.03_d000_r02,C2,202634,18.12,18.12,0.0,0.6,0.5614470727735636,0.5844779539130853,FAR,FAR,0.0,1,,,0.03,0
C2_n0.03_d000_r02,C2,202634,18.14,18.14,0.0,0.6,0.6452141410940513,0.5996620007083269,FAR,FAR,0.0,1,,,0.03,0
C2_n0.03_d000_r02,C2,202634,18.16,18.16,0.0,0.6,0.6009822404021937,0.5999920606317936,FAR,FAR,0.0,1,,,0.03,0
C2_n0.03_d000_r02,C2,202634,18.18,18.18,0.0,0.6,0.573360909864337,0.5933342729399294,FAR,FAR,0.0,1,,,0.03,0
C2_n0.03_d000_r02,C2,202634,18.2,18.2,0.0,0.6,0.5920260625858187,0.5930072203514016,FAR,FAR,0.0,1,,,0.03,0
C2_n0.03_d000_r02,C2,202634,18.22,18.22,0.0,0.6,0.6078780696368399,0.5967249326727612,FAR,FAR,0.0,1,,,0.03,0
C2_n0.03_d000_r02,C2,202634,18.24,18.24,0.0,0.6,0.6448722869570989,0.6087617712438456,FAR,FAR,0.0,1,,,0.03,0
C2_n0.03_d000_r02,C2,202634,18.26,18.26,0.0,0.6,0.6379311244503263,0.6160541095454657,FAR,FAR,0.0,1,,,0.03,0
C2_n0.03_d000_r02,C2,202634,18.28,18.28,0.0,0.6,0.6019979278179179,0.6125400641135788,FAR,FAR,0.0,1,,,0.03,0
C2_n0.03_d000_r02,C2,202634,18.3,18.3,0.0,0.6,0.5474999849018478,0.596280044310646,FAR,FAR,0.0,1,,,0.03,0
C2_n0.03_d000_r02,C2,202634,18.32,18.32,0.0,0.6,0.6820867855610462,0.6177317296232461,FAR,FAR,0.0,1,,,0.03,0
C2_n0.03_d000_r02,C2,202634,18.34,18.34,0.0,0.6,0.5698386533737481,0.6057584605608716,FAR,FAR,0.0,1,,,0.03,0
C2_n0.03_d000_r02,C2,202634,18.36,18.36,0.0,0.6,0.624413971600899,0.6104223383208784,FAR,FAR,0.0,1,,,0.03,0
C2_n0.03_d000_r02,C2,202634,18.38,18.38,0.0,0.6,0.6475130031189698,0.6196950045204013,FAR,FAR,0.0,1,,,0.03,0
C2_n0.03_d000_r02,C2,202634,18.4,18.4,0.0,0.6,0.5685878939163955,0.6069182268693998,FAR,FAR,0.0,1,,,0.03,0
C2_n0.03_d000_r02,C2,202634,18.42,18.42,0.0,0.6,0.6008395503459684,0.6053985577385419,FAR,FAR,0.0,1,,,0.03,0
C2_n0.03_d000_r02,C2,202634,18.44,18.44,0.0,0.6,0.6082089027892129,0.6061011440012096,FAR,FAR,0.0,1,,,0.03,0
C2_n0.03_d000_r02,C2,202634,18.46,18.46,0.0,0.6,0.5742893495351221,0.5981481953846878,FAR,FAR,0.0,1,,,0.03,0
C2_n0.03_d000_r02,C2,202634,18.48,18.48,0.0,0.6,0.555239694220539,0.5874210700936506,FAR,FAR,0.0,1,,,0.03,0
C2_n0.03_d000_r02,C2,202634,18.5,18.5,0.0,0.6,0.5770621272235542,0.5848313343761266,FAR,FAR,0.0,1,,,0.03,0
C2_n0.03_d000_r02,C2,202634,18.52,18.52,0.0,0.6,0.5709893033365513,0.5813708266162327,FAR,FAR,0.0,1,,,0.03,0
C2_n0.03_d000_r02,C2,202634,18.54,18.54,0.0,0.6,0.5577859168725973,0.5754745991803238,FAR,FAR,0.0,1,,,0.03,0
C2_n0.03_d000_r02,C2,202634,18.56,18.56,0.0,0.6,0.6185550177196815,0.5862447038151632,FAR,FAR,0.0,1,,,0.03,0
C2_n0.03_d000_r02,C2,202634,18.58,18.58,0.0,0.6,0.5772505343684748,0.5839961614534912,FAR,FAR,0.0,1,,,0.03,0
C2_n0.03_d000_r02,C2,202634,18.6,18.6,0.0,0.6,0.6224358241156887,0.5936060771190406,FAR,FAR,0.0,1,,,0.03,0
C2_n0.03_d000_r02,C2,202634,18.62,18.62,0.0,0.6,0.585142716163107,0.5914902368800572,FAR,FAR,0.0,1,,,0.03,0
C2_n0.03_d000_r02,C2,202634,18.64,18.64,0.0,0.6,0.5803525936881669,0.5887058260820847,FAR,FAR,0.0,1,,,0.03,0
C2_n0.03_d000_r02,C2,202634,18.66,18.66,0.0,0.6,0.6303296088038267,0.5991117717625202,FAR,FAR,0.0,1,,,0.03,0
C2_n0.03_d000_r02,C2,202634,18.68,18.68,0.0,0.6,0.5414695803754638,0.5847012239157561,FAR,FAR,0.0,1,,,0.03,0
C2_n0.03_d000_r02,C2,202634,18.7,18.7,0.0,0.6,0.6466407865265716,0.6001861145684599,FAR,FAR,0.0,1,,,0.03,0
C2_n0.03_d000_r02,C2,202634,18.72,18.72,0.0,0.6,0.6213602294289245,0.6054796432835761,FAR,FAR,0.0,1,,,0.03,0
C2_n0.03_d000_r02,C2,202634,18.74,18.74,0.0,0.6,0.6125822298511224,0.6072552899254626,FAR,FAR,0.0,1,,,0.03,0
C2_n0.03_d000_r02,C2,202634,18.76,18.76,0.0,0.6,0.6220565837960275,0.6109556133931038,FAR,FAR,0.0,1,,,0.03,0
C2_n0.03_d000_r02,C2,202634,18.78,18.78,0.0,0.6,0.6233780320934715,0.6140612180681957,FAR,FAR,0.0,1,,,0.03,0
C2_n0.03_d000_r02,C2,202634,18.8,18.8,0.0,0.6,0.6357196429032402,0.6194758242769568,FAR,FAR,0.0,1,,,0.03,0
C2_n0.03_d000_r02,C2,202634,18.82,18.82,0.0,0.6,0.5883462783995881,0.6116934378076146,FAR,FAR,0.0,1,,,0.03,0
C2_n0.03_d000_r02,C2,202634,18.84,18.84,0.0,0.6,0.5344503428998824,0.5923826640806815,FAR,FAR,0.0,1,,,0.03,0
C2_n0.03_d000_r02,C2,202634,18.86,18.86,0.0,0.6,0.6333709614498279,0.6026297384229681,FAR,FAR,0.0,1,,,0.03,0
C2_n0.03_d000_r02,C2,202634,18.88,18.88,0.0,0.6,0.5999764452758286,0.6019664151361832,FAR,FAR,0.0,1,,,0.03,0
C2_n0.03_d000_r02,C2,202634,18.9,18.9,0.0,0.6,0.5829034117255263,0.597200664283519,FAR,FAR,0.0,1,,,0.03,0
C2_n0.03_d000_r02,C2,202634,18.92,18.92,0.0,0.6,0.5433360339648565,0.5837345067038534,FAR,FAR,0.0,1,,,0.03,0
C2_n0.03_d000_r02,C2,202634,18.94,18.94,0.0,0.6,0.6162858082629521,0.5918723320936281,FAR,FAR,0.0,1,,,0.03,0
C2_n0.03_d000_r02,C2,202634,18.96,18.96,0.0,0.6,0.6150885160734413,0.5976763780885814,FAR,FAR,0.0,1,,,0.03,0
C2_n0.03_d000_r02,C2,202634,18.98,18.98,0.0,0.6,0.616594469091482,0.6024059008393066,FAR,FAR,0.0,1,,,0.03,0
C2_n0.03_d000_r02,C2,202634,19.0,19.0,0.0,0.6,0.6190645546631361,0.6065705642952639,FAR,FAR,0.0,1,,,0.03,0
C2_n0.03_d000_r02,C2,202634,19.02,19.02,0.0,0.6,0.566947635157426,0.5966648320108044,FAR,FAR,0.0,1,,,0.03,0
C2_n0.03_d000_r02,C2,202634,19.04,19.04,0.0,0.6,0.6257797853069383,0.6039435703348379,FAR,FAR,0.0,1,,,0.03,0
C2_n0.03_d000_r02,C2,202634,19.06,19.06,0.0,0.6,0.543800796063939,0.5889078767671132,FAR,FAR,0.0,1,,,0.03,0
C2_n0.03_d000_r02,C2,202634,19.08,19.08,0.0,0.6,0.6068916438692068,0.5934038185426366,FAR,FAR,0.0,1,,,0.03,0
C2_n0.03_d000_r02,C2,202634,19.1,19.1,0.0,0.6,0.6126463213978633,0.5982144442564432,FAR,FAR,0.0,1,,,0.03,0
C2_n0.03_d000_r02,C2,202634,19.12,19.12,0.0,0.6,0.5707891026396485,0.5913581088522446,FAR,FAR,0.0,1,,,0.03,0
C2_n0.03_d000_r02,C2,202634,19.14,19.14,0.0,0.6,0.5832008444998681,0.5893187927641504,FAR,FAR,0.0,1,,,0.03,0
C2_n0.03_d000_r02,C2,202634,19.16,19.16,0.0,0.6,0.6077551346301506,0.5939278782306505,FAR,FAR,0.0,1,,,0.03,0
C2_n0.03_d000_r02,C2,202634,19.18,19.18,0.0,0.6,0.6155665592522416,0.5993375484860483,FAR,FAR,0.0,1,,,0.03,0
C2_n0.03_d000_r02,C2,202634,19.2,19.2,0.0,0.6,0.6082025899505298,0.6015538088521686,FAR,FAR,0.0,1,,,0.03,0
C2_n0.03_d000_r02,C2,202634,19.22,19.22,0.0,0.6,0.60957174333081,0.6035582924718289,FAR,FAR,0.0,1,,,0.03,0
C2_n0.03_d000_r02,C2,202634,19.24,19.24,0.0,0.6,0.5428125539774704,0.5883718578482393,FAR,FAR,0.0,1,,,0.03,0
C2_n0.03_d000_r02,C2,202634,19.26,19.26,0.0,0.6,0.6015797873724962,0.5916738402293036,FAR,FAR,0.0,1,,,0.03,0
C2_n0.03_d000_r02,C2,202634,19.28,19.28,0.0,0.6,0.597719884830202,0.5931853513795282,FAR,FAR,0.0,1,,,0.03,0
C2_n0.03_d000_r02,C2,202634,19.3,19.3,0.0,0.6,0.5638566030392023,0.5858531642944467,FAR,FAR,0.0,1,,,0.03,0
C2_n0.03_d000_r02,C2,202634,19.32,19.32,0.0,0.6,0.6090551287836894,0.5916536554167573,FAR,FAR,0.0,1,,,0.03,0
C2_n0.03_d000_r02,C2,202634,19.34,19.34,0.0,0.6,0.542606287688702,0.5793918134847434,FAR,FAR,0.0,1,,,0.03,0
C2_n0.03_d000_r02,C2,202634,19.36,19.36,0.0,0.6,0.5778084235391924,0.5789959659983557,FAR,FAR,0.0,1,,,0.03,0
C2_n0.03_d000_r02,C2,202634,19.38,19.38,0.0,0.6,0.6241577079231139,0.5902864014795453,FAR,FAR,0.0,1,,,0.03,0
C2_n0.03_d000_r02,C2,202634,19.4,19.4,0.0,0.6,0.5858108454151538,0.5891675124634475,FAR,FAR,0.0,1,,,0.03,0
C2_n0.03_d000_r02,C2,202634,19.42,19.42,0.0,0.6,0.6124390935241502,0.5949854077286232,FAR,FAR,0.0,1,,,0.03,0
C2_n0.03_d000_r02,C2,202634,19.44,19.44,0.0,0.6,0.5873494834590615,0.5930764266612327,FAR,FAR,0.0,1,,,0.03,0
C2_n0.03_d000_r02,C2,202634,19.46,19.46,0.0,0.6,0.5806398139298302,0.5899672734783821,FAR,FAR,0.0,1,,,0.03,0
C2_n0.03_d000_r02,C2,202634,19.48,19.48,0.0,0.6,0.593705175842474,0.5909017490694051,FAR,FAR,0.0,1,,,0.03,0
C2_n0.03_d000_r02,C2,202634,19.5,19.5,0.0,0.6,0.5803884714208666,0.5882734296572705,FAR,FAR,0.0,1,,,0.03,0
C2_n0.03_d000_r02,C2,202634,19.52,19.52,0.0,0.6,0.57476243397715,0.5848956807372403,FAR,FAR,0.0,1,,,0.03,0
C2_n0.03_d000_r02,C2,202634,19.54,19.54,0.0,0.6,0.5553100070337642,0.5774992623113713,FAR,FAR,0.0,1,,,0.03,0
C2_n0.03_d000_r02,C2,202634,19.56,19.56,0.0,0.6,0.5797245324882107,0.5780555798555811,FAR,FAR,0.0,1,,,0.03,0
C2_n0.03_d000_r02,C2,202634,19.58,19.58,0.0,0.6,0.6110896808789268,0.5863141051114176,FAR,FAR,0.0,1,,,0.03,0
C2_n0.03_d000_r02,C2,202634,19.6,19.6,0.0,0.6,0.6537890038105497,0.6031828297862006,FAR,FAR,0.0,1,,,0.03,0
C2_n0.03_d000_r02,C2,202634,19.62,19.62,0.0,0.6,0.6030544976356198,0.6031507467485555,FAR,FAR,0.0,1,,,0.03,0
C2_n0.03_d000_r02,C2,202634,19.64,19.64,0.0,0.6,0.6022523902228386,0.6029261576171263,FAR,FAR,0.0,1,,,0.03,0
C2_n0.03_d000_r02,C2,202634,19.66,19.66,0.0,0.6,0.6084982426548154,0.6043191788765486,FAR,FAR,0.0,1,,,0.03,0
C2_n0.03_d000_r02,C2,202634,19.68,19.68,0.0,0.6,0.5827496587406041,0.5989267988425625,FAR,FAR,0.0,1,,,0.03,0
C2_n0.03_d000_r02,C2,202634,19.7,19.7,0.0,0.6,0.6116457656262151,0.6021065405384757,FAR,FAR,0.0,1,,,0.03,0
C2_n0.03_d000_r02,C2,202634,19.72,19.72,0.0,0.6,0.5588227149290406,0.5912855841361169,FAR,FAR,0.0,1,,,0.03,0
C2_n0.03_d000_r02,C2,202634,19.74,19.74,0.0,0.6,0.6234820595403321,0.5993347029871707,FAR,FAR,0.0,1,,,0.03,0
C2_n0.03_d000_r02,C2,202634,19.76,19.76,0.0,0.6,0.5928180435849617,0.5977055381366185,FAR,FAR,0.0,1,,,0.03,0
C2_n0.03_d000_r02,C2,202634,19.78,19.78,0.0,0.6,0.6201400170611637,0.6033141578677548,FAR,FAR,0.0,1,,,0.03,0
C2_n0.03_d000_r02,C2,202634,19.8,19.8,0.0,0.6,0.5907818349811029,0.6001810771460918,FAR,FAR,0.0,1,,,0.03,0
C2_n0.03_d000_r02,C2,202634,19.82,19.82,0.0,0.6,0.5569924257061534,0.5893839142861073,FAR,FAR,0.0,1,,,0.03,0
C2_n0.03_d000_r02,C2,202634,19.84,19.84,0.0,0.6,0.6229264518285581,0.5977695486717199,FAR,FAR,0.0,1,,,0.03,0
C2_n0.03_d000_r02,C2,202634,19.86,19.86,0.0,0.6,0.5986994092005289,0.5980020138039222,FAR,FAR,0.0,1,,,0.03,0
C2_n0.03_d000_r02,C2,202634,19.88,19.88,0.0,0.6,0.6476709169739246,0.6104192395964227,FAR,FAR,0.0,1,,,0.03,0
C2_n0.03_d000_r02,C2,202634,19.9,19.9,0.0,0.6,0.567521354333558,0.5996947682807066,FAR,FAR,0.0,1,,,0.03,0
C2_n0.03_d000_r02,C2,202634,19.92,19.92,0.0,0.6,0.6066263002589029,0.6014276512752557,FAR,FAR,0.0,1,,,0.03,0
C2_n0.03_d000_r02,C2,202634,19.94,19.94,0.0,0.6,0.5607537959727456,0.5912591874496281,FAR,FAR,0.0,1,,,0.03,0
C2_n0.03_d000_r02,C2,202634,19.96,19.96,0.0,0.6,0.5440466666706503,0.5794560572548837,FAR,FAR,0.0,1,,,0.03,0
C2_n0.03_d000_r02,C2,202634,19.98,19.98,0.0,0.6,0.6133520164426075,0.5879300470518146,FAR,FAR,0.0,1,,,0.03,0
C2_n0.03_d000_r02,C2,202634,20.0,20.0,0.0,0.6,0.6542938768342422,0.6045210044974215,FAR,FAR,0.0,1,,,0.03,0
