trial_id,condition,seed,time_s,sensor_time_s,sample_age_s,true_distance_m,raw_distance_m,filtered_distance_m,expected_state,state,command,valid,event_label,invalid_reason,noise_sigma_m,delay_ms
C2_n0.01_d000_r05,C2,202622,0.0,0.0,0.0,0.6,0.5833484544915513,0.5833484544915513,FAR,FAR,0.0,1,,,0.01,0
C2_n0.01_d000_r05,C2,202622,0.02,0.02,0.0,0.6,0.594162720492158,0.586052020991703,FAR,FAR,0.0,1,,,0.01,0
C2_n0.01_d000_r05,C2,202622,0.04,0.04,0.0,0.6,0.5992929850781896,0.5893622620133245,FAR,FAR,0.0,1,,,0.01,0
C2_n0.01_d000_r05,C2,202622,0.06,0.06,0.0,0.6,0.623936534582805,0.5980058301556946,FAR,FAR,0.0,1,,,0.01,0
C2_n0.01_d000_r05,C2,202622,0.08,0.08,0.0,0.6,0.6054894206596847,0.5998767277816922,FAR,FAR,0.0,1,,,0.01,0
C2_n0.01_d000_r05,C2,202622,0.1,0.1,0.0,0.6,0.6014068192718023,0.6002592506542197,FAR,FAR,0.0,1,,,0.01,0
C2_n0.01_d000_r05,C2,202622,0.12,0.12,0.0,0.6,0.5944170108572179,0.5987986907049693,FAR,FAR,0.0,1,,,0.01,0
C2_n0.01_d000_r05,C2,202622,0.14,0.14,0.0,0.6,0.6056008818185538,0.6004992384833654,FAR,FAR,0.0,1,,,0.01,0
C2_n0.01_d000_r05,C2,202622,0.16,0.16,0.0,0.6,0.6008030312902453,0.6005751866850854,FAR,FAR,0.0,1,,,0.01,0
C2_n0.01_d000_r05,C2,202622,0.18,0.18,0.0,0.6,0.5918966352647556,0.598405548830003,FAR,FAR,0.0,1,,,0.01,0
C2_n0.01_d000_r05,C2,202622,0.2,0.2,0.0,0.6,0.5952133587888007,0.5976075013197024,FAR,FAR,0.0,1,,,0.01,0
C2_n0.01_d000_r05,C2,202622,0.22,0.22,0.0,0.6,0.5928535575204867,0.5964190153698985,FAR,FAR,0.0,1,,,0.01,0
C2_n0.01_d000_r05,C2,202622,0.24,0.24,0.0,0.6,0.6006527805915466,0.5974774566753105,FAR,FAR,0.0,1,,,0.01,0
C2_n0.01_d000_r05,C2,202622,0.26,0.26,0.0,0.6,0.5847662697238372,0.5942996599374422,FAR,FAR,0.0,1,,,0.01,0
C2_n0.01_d000_r05,C2,202622,0.28,0.28,0.0,0.6,0.6081044790111255,0.597750864705863,FAR,FAR,0.0,1,,,0.01,0
C2_n0.01_d000_r05,C2,202622,0.3,0.3,0.0,0.6,0.6114824383926384,0.6011837581275569,FAR,FAR,0.0,1,,,0.01,0
C2_n0.01_d000_r05,C2,202622,0.32,0.32,0.0,0.6,0.6169691171807341,0.6051300978908511,FAR,FAR,0.0,1,,,0.01,0
C2_n0.01_d000_r05,C2,202622,0.34,0.34,0.0,0.6,0.6059729057484087,0.6053407998552405,FAR,FAR,0.0,1,,,0.01,0
C2_n0.01_d000_r05,C2,202622,0.36,0.36,0.0,0.6,0.6052233749821868,0.6053114436369771,FAR,FAR,0.0,1,,,0.01,0
C2_n0.01_d000_r05,C2,202622,0.38,0.38,0.0,0.6,0.594087756205032,0.6025055217789907,FAR,FAR,0.0,1,,,0.01,0
C2_n0.01_d000_r05,C2,202622,0.4,0.4,0.0,0.6,0.6283296591358264,0.6089615561181997,FAR,FAR,0.0,1,,,0.01,0
C2_n0.01_d000_r05,C2,202622,0.42,0.42,0.0,0.6,0.5943140623597007,0.6052996826785749,FAR,FAR,0.0,1,,,0.01,0
C2_n0.01_d000_r05,C2,202622,0.44,0.44,0.0,0.6,0.6050779425556109,0.6052442476478339,FAR,FAR,0.0,1,,,0.01,0
C2_n0.01_d000_r05,C2,202622,0.46,0.46,0.0,0.6,0.5854494200805768,0.6002955407560197,FAR,FAR,0.0,1,,,0.01,0
C2_n0.01_d000_r05,C2,202622,0.48,0.48,0.0,0.6,0.6095409786648974,0.6026069002332392,FAR,FAR,0.0,1,,,0.01,0
C2_n0.01_d000_r05,C2,202622,0.5,0.5,0.0,0.6,0.596631607187264,0.6011130769717453,FAR,FAR,0.0,1,,,0.01,0
C2_n0.01_d000_r05,C2,202622,0.52,0.52,0.0,0.6,0.5931284895629155,0.5991169301195379,FAR,FAR,0.0,1,,,0.01,0
C2_n0.01_d000_r05,C2,202622,0.54,0.54,0.0,0.6,0.6121561052116569,0.6023767238925677,FAR,FAR,0.0,1,,,0.01,0
C2_n0.01_d000_r05,C2,202622,0.56,0.56,0.0,0.6,0.5979716132244669,0.6012754462255425,FAR,FAR,0.0,1,,,0.01,0
C2_n0.01_d000_r05,C2,202622,0.58,0.58,0.0,0.6,0.6019111595478444,0.6014343745561179,FAR,FAR,0.0,1,,,0.01,0
C2_n0.01_d000_r05,C2,202622,0.6,0.6,0.0,0.6,0.6180285963414909,0.6055829300024611,FAR,FAR,0.0,1,,,0.01,0
C2_n0.01_d000_r05,C2,202622,0.62,0.62,0.0,0.6,0.5994699414819723,0.6040546828723389,FAR,FAR,0.0,1,,,0.01,0
C2_n0.01_d000_r05,C2,202622,0.64,0.64,0.0,0.6,0.6164062933467649,0.6071425854909454,FAR,FAR,0.0,1,,,0.01,0
C2_n0.01_d000_r05,C2,202622,0.66,0.66,0.0,0.6,0.590202519535771,0.6029075690021517,FAR,FAR,0.0,1,,,0.01,0
C2_n0.01_d000_r05,C2,202622,0.68,0.68,0.0,0.6,0.5931803041383376,0.6004757527861981,FAR,FAR,0.0,1,,,0.01,0
C2_n0.01_d000_r05,C2,202622,0.7,0.7,0.0,0.6,0.6136233096915689,0.6037626420125408,FAR,FAR,0.0,1,,,0.01,0
C2_n0.01_d000_r05,C2,202622,0.72,0.72,0.0,0.6,0.6102317764425749,0.6053799256200494,FAR,FAR,0.0,1,,,0.01,0
C2_n0.01_d000_r05,C2,202622,0.74,0.74,0.0,0.6,0.6082531355622297,0.6060982281055944,FAR,FAR,0.0,1,,,0.01,0
C2_n0.01_d000_r05,C2,202622,0.76,0.76,0.0,0.6,0.5959719371826329,0.603566655374854,FAR,FAR,0.0,1,,,0.01,0
C2_n0.01_d000_r05,C2,202622,0.78,0.78,0.0,0.6,0.5966929212738489,0.6018482218496027,FAR,FAR,0.0,1,,,0.01,0
C2_n0.01_d000_r05,C2,202622,0.8,0.8,0.0,0.6,0.5893984006231316,0.598735766542985,FAR,FAR,0.0,1,,,0.01,0
C2_n0.01_d000_r05,C2,202622,0.82,0.82,0.0,0.6,0.5906251448582813,0.5967081111218091,FAR,FAR,0.0,1,,,0.01,0
C2_n0.01_d000_r05,C2,202622,0.84,0.84,0.0,0.6,0.6010312053606724,0.5977888846815249,FAR,FAR,0.0,1,,,0.01,0
C2_n0.01_d000_r05,C2,202622,0.86,0.86,0.0,0.6,0.5934084902039161,0.5966937860621226,FAR,FAR,0.0,1,,,0.01,0
C2_n0.01_d000_r05,C2,202622,0.88,0.88,0.0,0.6,0.5904184155896155,0.5951249434439958,FAR,FAR,0.0,1,,,0.01,0
C2_n0.01_d000_r05,C2,202622,0.9,0.9,0.0,0.6,0.6027032634654507,0.5970195234493595,FAR,FAR,0.0,1,,,0.01,0
C2_n0.01_d000_r05,C2,202622,0.92,0.92,0.0,0.6,0.5975432021460708,0.5971504431235374,FAR,FAR,0.0,1,,,0.01,0
C2_n0.01_d000_r05,C2,202622,0.94,0.94,0.0,0.6,0.598653196368476,0.597526131434772,FAR,FAR,0.0,1,,,0.01,0
C2_n0.01_d000_r05,C2,202622,0.96,0.96,0.0,0.6,0.6267430679138599,0.604830365554544,FAR,FAR,0.0,1,,,0.01,0
C2_n0.01_d000_r05,C2,202622,0.98,0.98,0.0,0.6,0.6168108108567804,0.607825476880103,FAR,FAR,0.0,1,,,0.01,0
C2_n0.01_d000_r05,C2,202622,1.0,1.0,0.0,0.6,0.6017731249804377,0.6063123889051867,FAR,FAR,0.0,1,,,0.01,0
C2_n0.01_d000_r05,C2,202622,1.02,1.02,0.0,0.6,0.5901688460007067,0.6022765031790667,FAR,FAR,0.0,1,,,0.01,0
C2_n0.01_d000_r05,C2,202622,1.04,1.04,0.0,0.6,0.5971644760930122,0.600998496407553,FAR,FAR,0.0,1,,,0.01,0
C2_n0.01_d000_r05,C2,202622,1.06,1.06,0.0,0.6,0.6133639714822061,0.6040898651762163,FAR,FAR,0.0,1,,,0.01,0
C2_n0.01_d000_r05,C2,202622,1.08,1.08,0.0,0.6,0.5951590270913537,0.6018571556550006,FAR,FAR,0.0,1,,,0.01,0
C2_n0.01_d000_r05,C2,202622,1.1,1.1,0.0,0.6,0.6155029843738477,0.6052686128347123,FAR,FAR,0.0,1,,,0.01,0
C2_n0.01_d000_r05,C2,202622,1.12,1.12,0.0,0.6,0.596564588014317,0.6030926066296135,FAR,FAR,0.0,1,,,0.01,0
C2_n0.01_d000_r05,C2,202622,1.14,1.14,0.0,0.6,0.5692103974455833,0.594622054333606,FAR,FAR,0.0,1,,,0.01,0
C2_n0.01_d000_r05,C2,202622,1.16,1.16,0.0,0.6,0.6007071812247284,0.5961433360563866,FAR,FAR,0.0,1,,,0.01,0
C2_n0.01_d000_r05,C2,202622,1.18,1.18,0.0,0.6,0.5986768742573016,0.5967767206066154,FAR,FAR,0.0,1,,,0.01,0
C2_n0.01_d000_r05,C2,202622,1.2,1.2,0.0,0.6,0.6009072470723733,0.5978093522230548,FAR,FAR,0.0,1,,,0.01,0
C2_n0.01_d000_r05,C2,202622,1.22,1.22,0.0,0.6,0.5986190621182483,0.5980117796968532,FAR,FAR,0.0,1,,,0.01,0
C2_n0.01_d000_r05,C2,202622,1.24,1.24,0.0,0.6,0.5861648411785633,0.5950500450672807,FAR,FAR,0.0,1,,,0.01,0
C2_n0.01_d000_r05,C2,202622,1.26,1.26,0.0,0.6,0.5914504021690892,0.5941501343427328,FAR,FAR,0.0,1,,,0.01,0
C2_n0.01_d000_r05,C2,202622,1.28,1.28,0.0,0.6,0.5944537641244835,0.5942260417881704,FAR,FAR,0.0,1,,,0.01,0
C2_n0.01_d000_r05,C2,202622,1.3,1.3,0.0,0.6,0.6043569445951126,0.596758767489906,FAR,FAR,0.0,1,,,0.01,0
C2_n0.01_d000_r05,C2,202622,1.32,1.32,0.0,0.6,0.6106230172887376,0.6002248299396139,FAR,FAR,0.0,1,,,0.01,0
C2_n0.01_d000_r05,C2,202622,1.34,1.34,0.0,0.6,0.5950035820077282,0.5989195179566424,FAR,FAR,0.0,1,,,0.01,0
C2_n0.01_d000_r05,C2,202622,1.36,1.36,0.0,0.6,0.5958365771014702,0.5981487827428493,FAR,FAR,0.0,1,,,0.01,0
C2_n0.01_d000_r05,C2,202622,1.38,1.38,0.0,0.6,0.6102724973465753,0.6011797113937808,FAR,FAR,0.0,1,,,0.01,0
C2_n0.01_d000_r05,C2,202622,1.4,1.4,0.0,0.6,0.5837946820395905,0.5968334540552331,FAR,FAR,0.0,1,,,0.01,0
C2_n0.01_d000_r05,C2,202622,1.42,1.42,0.0,0.6,0.6165383304770661,0.6017596731606913,FAR,FAR,0.0,1,,,0.01,0
C2_n0.01_d000_r05,C2,202622,1.44,1.44,0.0,0.6,0.587946308575324,0.5983063320143496,FAR,FAR,0.0,1,,,0.01,0
C2_n0.01_d000_r05,C2,202622,1.46,1.46,0.0,0.6,0.5882408671551717,0.5957899657995551,FAR,FAR,0.0,1,,,0.01,0
C2_n0.01_d000_r05,C2,202622,1.48,1.48,0.0,0.6,0.5877148187047786,0.593771179025861,FAR,FAR,0.0,1,,,0.01,0
C2_n0.01_d000_r05,C2,202622,1.5,1.5,0.0,0.6,0.5932674716356733,0.593645252178314,FAR,FAR,0.0,1,,,0.01,0
C2_n0.01_d000_r05,C2,202622,1.52,1.52,0.0,0.6,0.606434110495024,0.5968424667574915,FAR,FAR,0.0,1,,,0.01,0
C2_n0.01_d000_r05,C2,202622,1.54,1.54,0.0,0.6,0.5952714034809531,0.5964497009383569,FAR,FAR,0.0,1,,,0.01,0
C2_n0.01_d000_r05,C2,202622,1.56,1.56,0.0,0.6,0.5793044330995237,0.5921633839786486,FAR,FAR,0.0,1,,,0.01,0
C2_n0.01_d000_r05,C2,202622,1.58,1.58,0.0,0.6,0.6023533352425985,0.5947108717946361,FAR,FAR,0.0,1,,,0.01,0
C2_n0.01_d000_r05,C2,202622,1.6,1.6,0.0,0.6,0.6026207963905358,0.596688352943611,FAR,FAR,0.0,1,,,0.01,0
C2_n0.01_d000_r05,C2,202622,1.62,1.62,0.0,0.6,0.6072655332786574,0.5993326480273726,FAR,FAR,0.0,1,,,0.01,0
C2_n0.01_d000_r05,C2,202622,1.64,1.64,0.0,0.6,0.6132533771998879,0.6028128303205015,FAR,FAR,0.0,1,,,0.01,0
C2_n0.01_d000_r05,C2,202622,1.66,1.66,0.0,0.6,0.6087412515244058,0.6042949356214776,FAR,FAR,0.0,1,,,0.01,0
C2_n0.01_d000_r05,C2,202622,1.68,1.68,0.0,0.6,0.5782266187484316,0.5977778564032161,FAR,FAR,0.0,1,,,0.01,0
C2_n0.01_d000_r05,C2,202622,1.7,1.7,0.0,0.6,0.6028716099338316,0.5990512947858699,FAR,FAR,0.0,1,,,0.01,0
C2_n0.01_d000_r05,C2,202622,1.72,1.72,0.0,0.6,0.5697516867734089,0.5917263927827547,FAR,FAR,0.0,1,,,0.01,0
C2_n0.01_d000_r05,C2,202622,1.74,1.74,0.0,0.6,0.596567544718391,0.5929366807666638,FAR,FAR,0.0,1,,,0.01,0
C2_n0.01_d000_r05,C2,202622,1.76,1.76,0.0,0.6,0.5755731192545525,0.588595790388636,FAR,FAR,0.0,1,,,0.01,0
C2_n0.01_d000_r05,C2,202622,1.78,1.78,0.0,0.6,0.5961699966820266,0.5904893419619837,FAR,FAR,0.0,1,,,0.01,0
C2_n0.01_d000_r05,C2,202622,1.8,1.8,0.0,0.6,0.5926488214160834,0.5910292118255086,FAR,FAR,0.0,1,,,0.01,0
C2_n0.01_d000_r05,C2,202622,1.82,1.82,0.0,0.6,0.5861592788711905,0.5898117285869291,FAR,FAR,0.0,1,,,0.01,0
C2_n0.01_d000_r05,C2,202622,1.84,1.84,0.0,0.6,0.6066014786275035,0.5940091660970727,FAR,FAR,0.0,1,,,0.01,0
C2_n0.01_d000_r05,C2,202622,1.86,1.86,0.0,0.6,0.6078806176397726,0.5974770289827476,FAR,FAR,0.0,1,,,0.01,0
C2_n0.01_d000_r05,C2,202622,1.88,1.88,0.0,0.6,0.6099607150940295,0.6005979505105681,FAR,FAR,0.0,1,,,0.01,0
C2_n0.01_d000_r05,C2,202622,1.9,1.9,0.0,0.6,0.5985590836517509,0.6000882337958637,FAR,FAR,0.0,1,,,0.01,0
C2_n0.01_d000_r05,C2,202622,1.92,1.92,0.0,0.6,0.5953915848423843,0.5989140715574939,FAR,FAR,0.0,1,,,0.01,0
C2_n0.01_d000_r05,C2,202622,1.94,1.94,0.0,0.6,0.6026302399568889,0.5998431136573427,FAR,FAR,0.0,1,,,0.01,0
C2_n0.01_d000_r05,C2,202622,1.96,1.96,0.0,0.6,0.6152260391699431,0.6036888450354928,FAR,FAR,0.0,1,,,0.01,0
C2_n0.01_d000_r05,C2,202622,1.98,1.98,0.0,0.6,0.5982529790034822,0.6023298785274902,FAR,FAR,0.0,1,,,0.01,0
C2_n0.01_d000_r05,C2,202622,2.0,2.0,0.0,0.6,0.627200250188894,0.6085474714428412,FAR,FAR,0.0,1,,,0.01,0
C2_n0.01_d000_r05,C2,202622,2.02,2.02,0.0,0.6,0.5997233222607026,0.6063414341473066,FAR,FAR,0.0,1,,,0.01,0
C2_n0.01_d000_r05,C2,202622,2.04,2.04,0.0,0.6,0.5802228242939164,0.599811781683959,FAR,FAR,0.0,1,,,0.01,0
C2_n0.01_d000_r05,C2,202622,2.06,2.06,0.0,0.6,0.6065815315052944,0.6015042191392929,FAR,FAR,0.0,1,,,0.01,0
C2_n0.01_d000_r05,C2,202622,2.08,2.08,0.0,0.6,0.5991882287614277,0.6009252215448266,FAR,FAR,0.0,1,,,0.01,0
C2_n0.01_d000_r05,C2,202622,2.1,2.1,0.0,0.6,0.6081256677586686,0.6027253330982871,FAR,FAR,0.0,1,,,0.01,0
C2_n0.01_d000_r05,C2,202622,2.12,2.12,0.0,0.6,0.5880489963423151,0.5990562489092941,FAR,FAR,0.0,1,,,0.01,0
C2_n0.01_d000_r05,C2,202622,2.14,2.14,0.0,0.6,0.6034918765148106,0.6001651558106732,FAR,FAR,0.0,1,,,0.01,0
C2_n0.01_d000_r05,C2,202622,2.16,2.16,0.0,0.6,0.6115277785566426,0.6030058114971655,FAR,FAR,0.0,1,,,0.01,0
C2_n0.01_d000_r05,C2,202622,2.18,2.18,0.0,0.6,0.5893752006171572,0.5995981587771634,FAR,FAR,0.0,1,,,0.01,0
C2_n0.01_d000_r05,C2,202622,2.2,2.2,0.0,0.6,0.5858743179563225,0.5961671985719532,FAR,FAR,0.0,1,,,0.01,0
C2_n0.01_d000_r05,C2,202622,2.22,2.22,0.0,0.6,0.5909501468514469,0.5948629356418267,FAR,FAR,0.0,1,,,0.01,0
C2_n0.01_d000_r05,C2,202622,2.24,2.24,0.0,0.6,0.6251251413222864,0.6024284870619416,FAR,FAR,0.0,1,,,0.01,0
C2_n0.01_d000_r05,C2,202622,2.26,2.26,0.0,0.6,0.5838872944280956,0.5977931889034801,FAR,FAR,0.0,1,,,0.01,0
C2_n0.01_d000_r05,C2,202622,2.28,2.28,0.0,0.6,0.611535171446182,0.6012286845391556,FAR,FAR,0.0,1,,,0.01,0
C2_n0.01_d000_r05,C2,202622,2.3,2.3,0.0,0.6,0.5972816028339555,0.6002419141128555,FAR,FAR,0.0,1,,,0.01,0
C2_n0.01_d000_r05,C2,202622,2.32,2.32,0.0,0.6,0.6084358584966485,0.6022904002088038,FAR,FAR,0.0,1,,,0.01,0
C2_n0.01_d000_r05,C2,202622,2.34,2.34,0.0,0.6,0.6022118556914998,0.6022707640794778,FAR,FAR,0.0,1,,,0.01,0
C2_n0.01_d000_r05,C2,202622,2.36,2.36,0.0,0.6,0.5777969767494894,0.5961523172469807,FAR,FAR,0.0,1,,,0.01,0
C2_n0.01_d000_r05,C2,202622,2.38,2.38,0.0,0.6,0.5890637153239295,0.5943801667662179,FAR,FAR,0.0,1,,,0.01,0
C2_n0.01_d000_r05,C2,202622,2.4,2.4,0.0,0.6,0.604377949454147,0.5968796124382001,FAR,FAR,0.0,1,,,0.01,0
C2_n0.01_d000_r05,C2,202622,2.42,2.42,0.0,0.6,0.5937279696111293,0.5960917017314324,FAR,FAR,0.0,1,,,0.01,0
C2_n0.01_d000_r05,C2,202622,2.44,2.44,0.0,0.6,0.6066363166284321,0.5987278554556823,FAR,FAR,0.0,1,,,0.01,0
C2_n0.01_d000_r05,C2,202622,2.46,2.46,0.0,0.6,0.5898640592809866,0.5965119064120084,FAR,FAR,0.0,1,,,0.01,0
C2_n0.01_d000_r05,C2,202622,2.48,2.48,0.0,0.6,0.6105827289031591,0.6000296120347961,FAR,FAR,0.0,1,,,0.01,0
C2_n0.01_d000_r05,C2,202622,2.5,2.5,0.0,0.6,0.5978292792123207,0.5994795288291772,FAR,FAR,0.0,1,,,0.01,0
C2_n0.01_d000_r05,C2,202622,2.52,2.52,0.0,0.6,0.5849570971351226,0.5958489209056635,FAR,FAR,0.0,1,,,0.01,0
C2_n0.01_d000_r05,C2,202622,2.54,2.54,0.0,0.6,0.5956234921585971,0.595792563718897,FAR,FAR,0.0,1,,,0.01,0
C2_n0.01_d000_r05,C2,202622,2.56,2.56,0.0,0.6,0.5863400050613775,0.5934294240545172,FAR,FAR,0.0,1,,,0.01,0
C2_n0.01_d000_r05,C2,202622,2.58,2.58,0.0,0.6,0.5928024788347774,0.5932726877495822,FAR,FAR,0.0,1,,,0.01,0
C2_n0.01_d000_r05,C2,202622,2.6,2.6,0.0,0.6,0.6080956370079813,0.596978425064182,FAR,FAR,0.0,1,,,0.01,0
C2_n0.01_d000_r05,C2,202622,2.62,2.62,0.0,0.6,0.5882451089222157,0.5947950960286904,FAR,FAR,0.0,1,,,0.01,0
C2_n0.01_d000_r05,C2,202622,2.64,2.64,0.0,0.6,0.6032053159361186,0.5968976510055475,FAR,FAR,0.0,1,,,0.01,0
C2_n0.01_d000_r05,C2,202622,2.66,2.66,0.0,0.6,0.5917376434102553,0.5956076491067244,FAR,FAR,0.0,1,,,0.01,0
C2_n0.01_d000_r05,C2,202622,2.68,2.68,0.0,0.6,0.6142021835305947,0.6002562827126919,FAR,FAR,0.0,1,,,0.01,0
C2_n0.01_d000_r05,C2,202622,2.7,2.7,0.0,0.6,0.6054422776786479,0.601552781454181,FAR,FAR,0.0,1,,,0.01,0
C2_n0.01_d000_r05,C2,202622,2.72,2.72,0.0,0.6,0.604686033538899,0.6023360944753605,FAR,FAR,0.0,1,,,0.01,0
C2_n0.01_d000_r05,C2,202622,2.74,2.74,0.0,0.6,0.6050113044953558,0.6030048969803593,FAR,FAR,0.0,1,,,0.01,0
C2_n0.01_d000_r05,C2,202622,2.76,2.76,0.0,0.6,0.601285917499101,0.6025751521100448,FAR,FAR,0.0,1,,,0.01,0
C2_n0.01_d000_r05,C2,202622,2.78,2.78,0.0,0.6,0.5925242484443315,0.6000624261936164,FAR,FAR,0.0,1,,,0.01,0
C2_n0.01_d000_r05,C2,202622,2.8,2.8,0.0,0.6,0.5923585441745804,0.5981364556888574,FAR,FAR,0.0,1,,,0.01,0
C2_n0.01_d000_r05,C2,202622,2.82,2.82,0.0,0.6,0.6094928779386218,0.6009755612512985,FAR,FAR,0.0,1,,,0.01,0
C2_n0.01_d000_r05,C2,202622,2.84,2.84,0.0,0.6,0.612002517999199,0.6037323004382736,FAR,FAR,0.0,1,,,0.01,0
C2_n0.01_d000_r05,C2,202622,2.86,2.86,0.0,0.6,0.5978885614488892,0.6022713656909275,FAR,FAR,0.0,1,,,0.01,0
C2_n0.01_d000_r05,C2,202622,2.88,2.88,0.0,0.6,0.5992632898604694,0.601519346733313,FAR,FAR,0.0,1,,,0.01,0
C2_n0.01_d000_r05,C2,202622,2.9,2.9,0.0,0.6,0.5968080454080206,0.6003415214019899,FAR,FAR,0.0,1,,,0.01,0
C2_n0.01_d000_r05,C2,202622,2.92,2.92,0.0,0.6,0.6022624160038927,0.6008217450524657,FAR,FAR,0.0,1,,,0.01,0
C2_n0.01_d000_r05,C2,202622,2.94,2.94,0.0,0.6,0.6079327969774417,0.6025995080337097,FAR,FAR,0.0,1,,,0.01,0
C2_n0.01_d000_r05,C2,202622,2.96,2.96,0.0,0.6,0.5948011148054224,0.6006499097266378,FAR,FAR,0.0,1,,,0.01,0
C2_n0.01_d000_r05,C2,202622,2.98,2.98,0.0,0.6,0.5981531693730898,0.6000257246382508,FAR,FAR,0.0,1,,,0.01,0
C2_n0.01_d000_r05,C2,202622,3.0,3.0,0.0,0.6,0.5906056820087437,0.597670713980874,FAR,FAR,0.0,1,,,0.01,0
C2_n0.01_d000_r05,C2,202622,3.02,3.02,0.0,0.6,0.5851689353302917,0.5945452693182285,FAR,FAR,0.0,1,,,0.01,0
C2_n0.01_d000_r05,C2,202622,3.04,3.04,0.0,0.6,0.6026383750855089,0.5965685457600486,FAR,FAR,0.0,1,,,0.01,0
C2_n0.01_d000_r05,C2,202622,3.06,3.06,0.0,0.6,0.5920475778740056,0.5954383037885378,FAR,FAR,0.0,1,,,0.01,0
C2_n0.01_d000_r05,C2,202622,3.08,3.08,0.0,0.6,0.5957734270074582,0.5955220845932678,FAR,FAR,0.0,1,,,0.01,0
C2_n0.01_d000_r05,C2,202622,3.1,3.1,0.0,0.6,0.6004650725896659,0.5967578315923674,FAR,FAR,0.0,1,,,0.01,0
C2_n0.01_d000_r05,C2,202622,3.12,3.12,0.0,0.6,0.6107696055394763,0.6002607750791447,FAR,FAR,0.0,1,,,0.01,0
C2_n0.01_d000_r05,C2,202622,3.14,3.14,0.0,0.6,0.6118826961817373,0.6031662553547928,FAR,FAR,0.0,1,,,0.01,0
C2_n0.01_d000_r05,C2,202622,3.16,3.16,0.0,0.6,0.613187059556322,0.6056714564051752,FAR,FAR,0.0,1,,,0.01,0
C2_n0.01_d000_r05,C2,202622,3.18,3.18,0.0,0.6,0.6096965099037214,0.6066777197798118,FAR,FAR,0.0,1,,,0.01,0
C2_n0.01_d000_r05,C2,202622,3.2,3.2,0.0,0.6,0.6016185680740188,0.6054129318533635,FAR,FAR,0.0,1,,,0.01,0
C2_n0.01_d000_r05,C2,202622,3.22,3.22,0.0,0.6,0.6090950460245124,0.6063334603961508,FAR,FAR,0.0,1,,,0.01,0
C2_n0.01_d000_r05,C2,202622,3.24,3.24,0.0,0.6,0.6198378937339569,0.6097095687306023,FAR,FAR,0.0,1,,,0.01,0
C2_n0.01_d000_r05,C2,202622,3.26,3.26,0.0,0.6,0.5945259437871507,0.6059136624947394,FAR,FAR,0.0,1,,,0.01,0
C2_n0.01_d000_r05,C2,202622,3.28,3.28,0.0,0.6,0.6117088496867605,0.6073624592927447,FAR,FAR,0.0,1,,,0.01,0
C2_n0.01_d000_r05,C2,202622,3.3,3.3,0.0,0.6,0.5913380984035916,0.6033563690704564,FAR,FAR,0.0,1,,,0.01,0
C2_n0.01_d000_r05,C2,202622,3.32,3.32,0.0,0.6,0.601545951730014,0.6029037647353458,FAR,FAR,0.0,1,,,0.01,0
C2_n0.01_d000_r05,C2,202622,3.34,3.34,0.0,0.6,0.5945168262241314,0.6008070301075422,FAR,FAR,0.0,1,,,0.01,0
C2_n0.01_d000_r05,C2,202622,3.36,3.36,0.0,0.6,0.6032739836679726,0.6014237684976498,FAR,FAR,0.0,1,,,0.01,0
C2_n0.01_d000_r05,C2,202622,3.38,3.38,0.0,0.6,0.6099729890196361,0.6035610736281464,FAR,FAR,0.0,1,,,0.01,0
C2_n0.01_d000_r05,C2,202622,3.4,3.4,0.0,0.6,0.6079113644384457,0.6046486463307212,FAR,FAR,0.0,1,,,0.01,0
C2_n0.01_d000_r05,C2,202622,3.42,3.42,0.0,0.6,0.6063049807891994,0.6050627299453408,FAR,FAR,0.0,1,,,0.01,0
C2_n0.01_d000_r05,C2,202622,3.44,3.44,0.0,0.6,0.5887374406905334,0.600981407631639,FAR,FAR,0.0,1,,,0.01,0
C2_n0.01_d000_r05,C2,202622,3.46,3.46,0.0,0.6,0.5933208694021198,0.5990662730742592,FAR,FAR,0.0,1,,,0.01,0
C2_n0.01_d000_r05,C2,202622,3.48,3.48,0.0,0.6,0.596550150942758,0.5984372425413839,FAR,FAR,0.0,1,,,0.01,0
C2_n0.01_d000_r05,C2,202622,3.5,3.5,0.0,0.6,0.5960073272939107,0.5978297637295156,FAR,FAR,0.0,1,,,0.01,0
C2_n0.01_d000_r05,C2,202622,3.52,3.52,0.0,0.6,0.6145538173743113,0.6020107771407145,FAR,FAR,0.0,1,,,0.01,0
C2_n0.01_d000_r05,C2,202622,3.54,3.54,0.0,0.6,0.6020643786305205,0.6020241775131661,FAR,FAR,0.0,1,,,0.01,0
C2_n0.01_d000_r05,C2,202622,3.56,3.56,0.0,0.6,0.6007912425187332,0.6017159437645578,FAR,FAR,0.0,1,,,0.01,0
C2_n0.01_d000_r05,C2,202622,3.58,3.58,0.0,0.6,0.608822965740712,0.6034926992585964,FAR,FAR,0.0,1,,,0.01,0
C2_n0.01_d000_r05,C2,202622,3.6,3.6,0.0,0.6,0.6043044279926421,0.6036956314421078,FAR,FAR,0.0,1,,,0.01,0
C2_n0.01_d000_r05,C2,202622,3.62,3.62,0.0,0.6,0.5891219949315101,0.6000522223144584,FAR,FAR,0.0,1,,,0.01,0
C2_n0.01_d000_r05,C2,202622,3.64,3.64,0.0,0.6,0.5832370867431492,0.5958484384216312,FAR,FAR,0.0,1,,,0.01,0
C2_n0.01_d000_r05,C2,202622,3.66,3.66,0.0,0.6,0.5917746315998752,0.5948299867161921,FAR,FAR,0.0,1,,,0.01,0
C2_n0.01_d000_r05,C2,202622,3.68,3.68,0.0,0.6,0.5945137413824048,0.5947509253827453,FAR,FAR,0.0,1,,,0.01,0
C2_n0.01_d000_r05,C2,202622,3.7,3.7,0.0,0.6,0.5988923417290261,0.5957862794693155,FAR,FAR,0.0,1,,,0.01,0
C2_n0.01_d000_r05,C2,202622,3.72,3.72,0.0,0.6,0.5991627337560269,0.5966303930409933,FAR,FAR,0.0,1,,,0.01,0
C2_n0.01_d000_r05,C2,202622,3.74,3.74,0.0,0.6,0.6003116371738333,0.5975507040742033,FAR,FAR,0.0,1,,,0.01,0
C2_n0.01_d000_r05,C2,202622,3.76,3.76,0.0,0.6,0.6047484500928375,0.5993501405788618,FAR,FAR,0.0,1,,,0.01,0
C2_n0.01_d000_r05,C2,202622,3.78,3.78,0.0,0.6,0.6079772656345462,0.601506921842783,FAR,FAR,0.0,1,,,0.01,0
C2_n0.01_d000_r05,C2,202622,3.8,3.8,0.0,0.6,0.6023493736627149,0.6017175347977659,FAR,FAR,0.0,1,,,0.01,0
C2_n0.01_d000_r05,C2,202622,3.82,3.82,0.0,0.6,0.5888118447190899,0.5984911122780969,FAR,FAR,0.0,1,,,0.01,0
C2_n0.01_d000_r05,C2,202622,3.84,3.84,0.0,0.6,0.6043828250903339,0.5999640404811561,FAR,FAR,0.0,1,,,0.01,0
C2_n0.01_d000_r05,C2,202622,3.86,3.86,0.0,0.6,0.6056578853477784,0.6013875016978117,FAR,FAR,0.0,1,,,0.01,0
C2_n0.01_d000_r05,C2,202622,3.88,3.88,0.0,0.6,0.6000670769307768,0.601057395506053,FAR,FAR,0.0,1,,,0.01,0
C2_n0.01_d000_r05,C2,202622,3.9,3.9,0.0,0.6,0.6008439800709872,0.6010040416472865,FAR,FAR,0.0,1,,,0.01,0
C2_n0.01_d000_r05,C2,202622,3.92,3.92,0.0,0.6,0.6056803418823872,0.6021731167060617,FAR,FAR,0.0,1,,,0.01,0
C2_n0.01_d000_r05,C2,202622,3.94,3.94,0.0,0.6,0.6180146714495495,0.6061335053919336,FAR,FAR,0.0,1,,,0.01,0
C2_n0.01_d000_r05,C2,202622,3.96,3.96,0.0,0.6,0.6033707648483119,0.6054428202560281,FAR,FAR,0.0,1,,,0.01,0
C2_n0.01_d000_r05,C2,202622,3.98,3.98,0.0,0.6,0.5999013779814868,0.6040574596873929,FAR,FAR,0.0,1,,,0.01,0
C2_n0.01_d000_r05,C2,202622,4.0,4.0,0.0,0.6,0.5863084471939369,0.5996202065640289,FAR,FAR,0.0,1,,,0.01,0
C2_n0.01_d000_r05,C2,202622,4.02,4.02,0.0,0.5982500000000001,0.5976635923455477,0.5991310530094086,FAR,FAR,0.0,1,,,0.01,0
C2_n0.01_d000_r05,C2,202622,4.04,4.04,0.0,0.5965,0.5852597005135018,0.595663214885432,FAR,FAR,0.0,1,,,0.01,0
C2_n0.01_d000_r05,C2,202622,4.06,4.06,0.0,0.59475,0.6115389875087062,0.5996321580412505,FAR,FAR,0.0,1,,,0.01,0
C2_n0.01_d000_r05,C2,202622,4.08,4.08,0.0,0.593,0.5894554166164002,0.5970879726850379,FAR,FAR,0.0,1,,,0.01,0
C2_n0.01_d000_r05,C2,202622,4.1,4.1,0.0,0.59125,0.5936924783143203,0.5962390990923585,FAR,FAR,0.0,1,,,0.01,0
C2_n0.01_d000_r05,C2,202622,4.12,4.12,0.0,0.5894999999999999,0.5689386030670311,0.5894139750860267,FAR,FAR,0.0,1,,,0.01,0
C2_n0.01_d000_r05,C2,202622,4.14,4.14,0.0,0.58775,0.5747342502963978,0.5857440438886194,FAR,FAR,0.0,1,,,0.01,0
C2_n0.01_d000_r05,C2,202622,4.16,4.16,0.0,0.586,0.5885389280856324,0.5864427649378727,FAR,FAR,0.0,1,,,0.01,0
C2_n0.01_d000_r05,C2,202622,4.18,4.18,0.0,0.58425,0.5845820724717175,0.5859775918213339,FAR,FAR,0.0,1,,,0.01,0
C2_n0.01_d000_r05,C2,202622,4.2,4.2,0.0,0.5825,0.5789495615565882,0.5842205842551474,FAR,FAR,0.0,1,,,0.01,0
C2_n0.01_d000_r05,C2,202622,4.22,4.22,0.0,0.58075,0.5985897270101975,0.5878128699439099,FAR,FAR,0.0,1,,,0.01,0
C2_n0.01_d000_r05,C2,202622,4.24,4.24,0.0,0.579,0.5741631670159135,0.5844004442119108,FAR,FAR,0.0,1,,,0.01,0
C2_n0.01_d000_r05,C2,202622,4.26,4.26,0.0,0.57725,0.5710911799653378,0.5810731281502676,FAR,FAR,0.0,1,,,0.01,0
C2_n0.01_d000_r05,C2,202622,4.28,4.28,0.0,0.5754999999999999,0.5676912237798826,0.5777276520576713,FAR,FAR,0.0,1,,,0.01,0
C2_n0.01_d000_r05,C2,202622,4.3,4.3,0.0,0.57375,0.5737065504710054,0.5767223766610048,FAR,FAR,0.0,1,,,0.01,0
C2_n0.01_d000_r05,C2,202622,4.32,4.32,0.0,0.572,0.5683942318206605,0.5746403404509187,FAR,FAR,0.0,1,,,0.01,0
C2_n0.01_d000_r05,C2,202622,4.34,4.34,0.0,0.57025,0.5740824100801096,0.5745008578582165,FAR,FAR,0.0,1,,,0.01,0
C2_n0.01_d000_r05,C2,202622,4.36,4.36,0.0,0.5685,0.5670286437803793,0.5726328043387572,FAR,FAR,0.0,1,,,0.01,0
C2_n0.01_d000_r05,C2,202622,4.38,4.38,0.0,0.56675,0.5783473280891316,0.5740614352763508,FAR,FAR,0.0,1,,,0.01,0
C2_n0.01_d000_r05,C2,202622,4.4,4.4,0.0,0.565,0.5742820416473178,0.5741165868690925,FAR,FAR,0.0,1,,,0.01,0
C2_n0.01_d000_r05,C2,202622,4.42,4.42,0.0,0.56325,0.5712156296712787,0.573391347569639,FAR,FAR,0.0,1,,,0.01,0
C2_n0.01_d000_r05,C2,202622,4.44,4.44,0.0,0.5614999999999999,0.5485182059069479,0.5671730621539662,FAR,FAR,0.0,1,,,0.01,0
C2_n0.01_d000_r05,C2,202622,4.46,4.46,0.0,0.55975,0.5392570160708969,0.5601940506331988,FAR,FAR,0.0,1,,,0.01,0
C2_n0.01_d000_r05,C2,202622,4.48,4.48,0.0,0.5579999999999999,0.5430291246838854,0.5559028191458705,FAR,FAR,0.0,1,,,0.01,0
C2_n0.01_d000_r05,C2,202622,4.5,4.5,0.0,0.55625,0.5601489885601251,0.5569643614994342,FAR,FAR,0.0,1,,,0.01,0
C2_n0.01_d000_r05,C2,202622,4.52,4.52,0.0,0.5545,0.5528034985915736,0.5559241457724691,FAR,FAR,0.0,1,,,0.01,0
C2_n0.01_d000_r05,C2,202622,4.54,4.54,0.0,0.55275,0.5580330793550196,0.5564513791681067,FAR,FAR,0.0,1,,,0.01,0
C2_n0.01_d000_r05,C2,202622,4.56,4.56,0.0,0.551,0.5378946937645784,0.5518122078172246,FAR,FAR,0.0,1,,,0.01,0
C2_n0.01_d000_r05,C2,202622,4.58,4.58,0.0,0.54925,0.5388147217460316,0.5485628362994264,FAR,FAR,0.0,1,,,0.01,0
C2_n0.01_d000_r05,C2,202622,4.6,4.6,0.0,0.5475,0.5484398321161613,0.5485320852536101,FAR,FAR,0.0,1,,,0.01,0
C2_n0.01_d000_r05,C2,202622,4.62,4.62,0.0,0.54575,0.5455713022156274,0.5477918894941144,FAR,FAR,0.0,1,,,0.01,0
C2_n0.01_d000_r05,C2,202622,4.64,4.64,0.0,0.544,0.5564078012830896,0.5499458674413582,FAR,FAR,0.0,1,,,0.01,0
C2_n0.01_d000_r05,C2,202622,4.66,4.66,0.0,0.54225,0.5464035964627746,0.5490602996967123,FAR,FAR,0.0,1,,,0.01,0
C2_n0.01_d000_r05,C2,202622,4.68,4.68,0.0,0.5405,0.5276664517111033,0.5437118377003101,FAR,FAR,0.0,1,,,0.01,0
C2_n0.01_d000_r05,C2,202622,4.7,4.7,0.0,0.53875,0.5346793087937567,0.5414537054736717,FAR,FAR,0.0,1,,,0.01,0
C2_n0.01_d000_r05,C2,202622,4.72,4.72,0.0,0.537,0.534796735596238,0.5397894630043132,FAR,FAR,0.0,1,,,0.01,0
C2_n0.01_d000_r05,C2,202622,4.74,4.74,0.0,0.53525,0.5282606528121746,0.5369072604562786,FAR,FAR,0.0,1,,,0.01,0
C2_n0.01_d000_r05,C2,202622,4.76,4.76,0.0,0.5335,0.5237105630234937,0.5336080860980823,FAR,FAR,0.0,1,,,0.01,0
C2_n0.01_d000_r05,C2,202622,4.78,4.78,0.0,0.53175,0.5333192203657393,0.5335358696649966,FAR,FAR,0.0,1,,,0.01,0
C2_n0.01_d000_r05,C2,202622,4.8,4.8,0.0,0.53,0.5320080811057124,0.5331539225251756,FAR,FAR,0.0,1,,,0.01,0
C2_n0.01_d000_r05,C2,202622,4.82,4.82,0.0,0.52825,0.5184883762777331,0.529487535963315,FAR,FAR,0.0,1,,,0.01,0
C2_n0.01_d000_r05,C2,202622,4.84,4.84,0.0,0.5265,0.5442179124527924,0.5331701300856844,FAR,FAR,0.0,1,,,0.01,0
C2_n0.01_d000_r05,C2,202622,4.86,4.86,0.0,0.5247499999999999,0.5215229858822517,0.5302583440348262,FAR,FAR,0.0,1,,,0.01,0
C2_n0.01_d000_r05,C2,202622,4.88,4.88,0.0,0.523,0.5304891519460152,0.5303160460126234,FAR,FAR,0.0,1,,,0.01,0
C2_n0.01_d000_r05,C2,202622,4.9,4.9,0.0,0.52125,0.518566640556063,0.5273786946484833,FAR,FAR,0.0,1,,,0.01,0
C2_n0.01_d000_r05,C2,202622,4.92,4.92,0.0,0.5195,0.5311252712736442,0.5283153388047735,FAR,FAR,0.0,1,,,0.01,0
C2_n0.01_d000_r05,C2,202622,4.94,4.94,0.0,0.5177499999999999,0.515996777589103,0.5252356985008559,FAR,FAR,0.0,1,,,0.01,0
C2_n0.01_d000_r05,C2,202622,4.96,4.96,0.0,0.516,0.5272716372219142,0.5257446831811206,FAR,FAR,0.0,1,,,0.01,0
C2_n0.01_d000_r05,C2,202622,4.98,4.98,0.0,0.51425,0.5007018887534089,0.5194839845741926,FAR,FAR,0.0,1,,,0.01,0
C2_n0.01_d000_r05,C2,202622,5.0,5.0,0.0,0.5125,0.5118547530907108,0.5175766767033222,FAR,FAR,0.0,1,,,0.01,0
C2_n0.01_d000_r05,C2,202622,5.02,5.02,0.0,0.51075,0.5138722055144342,0.5166505589061001,FAR,FAR,0.0,1,,,0.01,0
C2_n0.01_d000_r05,C2,202622,5.04,5.04,0.0,0.509,0.5117358795872807,0.5154218890763953,FAR,FAR,0.0,1,,,0.01,0
C2_n0.01_d000_r05,C2,202622,5.06,5.06,0.0,0.50725,0.509151926649213,0.5138543984695998,FAR,FAR,0.0,1,,,0.01,0
C2_n0.01_d000_r05,C2,202622,5.08,5.08,0.0,0.5055,0.4985500299778581,0.5100283063466644,FAR,FAR,0.0,1,,,0.01,0
C2_n0.01_d000_r05,C2,202622,5.1,5.1,0.0,0.50375,0.509000116613149,0.5097712589132856,FAR,FAR,0.0,1,,,0.01,0
C2_n0.01_d000_r05,C2,202622,5.12,5.12,0.0,0.502,0.5076367621232774,0.5092376347157834,FAR,FAR,0.0,1,,,0.01,0
C2_n0.01_d000_r05,C2,202622,5.14,5.14,0.0,0.50025,0.4929481842321424,0.5051652720948732,FAR,FAR,0.0,1,,,0.01,0
C2_n0.01_d000_r05,C2,202622,5.16,5.16,0.0,0.49849999999999994,0.4873984902853548,0.5007235766424936,FAR,FAR,0.0,1,,,0.01,0
C2_n0.01_d000_r05,C2,202622,5.18,5.18,0.0,0.49675,0.4962440622661242,0.4996036980484012,FAR,FAR,0.0,1,,,0.01,0
C2_n0.01_d000_r05,C2,202622,5.2,5.2,0.0,0.495,0.4866217885602606,0.49635822067636604,FAR,FAR,0.0,1,,,0.01,0
C2_n0.01_d000_r05,C2,202622,5.22,5.22,0.0,0.49325,0.48775945604829735,0.4942085295193489,FAR,FAR,0.0,1,,,0.01,0
C2_n0.01_d000_r05,C2,202622,5.24,5.24,0.0,0.49149999999999994,0.4820197125004621,0.49116132526462725,FAR,FAR,0.0,1,,,0.01,0
C2_n0.01_d000_r05,C2,202622,5.26,5.26,0.0,0.48975,0.4983006675161613,0.49294616082751075,FAR,FAR,0.0,1,,,0.01,0
C2_n0.01_d000_r05,C2,202622,5.28,5.28,0.0,0.488,0.48102176439762523,0.4899650617200394,FAR,FAR,0.0,1,,,0.01,0
C2_n0.01_d000_r05,C2,202622,5.3,5.3,0.0,0.48625,0.4796577702804467,0.4873882388601412,FAR,FAR,0.0,1,,,0.01,0
C2_n0.01_d000_r05,C2,202622,5.32,5.32,0.0,0.48449999999999993,0.47546380812298455,0.48440713117585205,FAR,FAR,0.0,1,,,0.01,0
C2_n0.01_d000_r05,C2,202622,5.34,5.34,0.0,0.48275,0.480398625225952,0.48340500468837705,FAR,FAR,0.0,1,,,0.01,0
C2_n0.01_d000_r05,C2,202622,5.36,5.36,0.0,0.481,0.46033620786870033,0.47763780548345786,FAR,FAR,0.0,1,,,0.01,0
C2_n0.01_d000_r05,C2,202622,5.38,5.38,0.0,0.47925,0.4771043011377262,0.477504429397025,FAR,FAR,0.0,1,,,0.01,0
C2_n0.01_d000_r05,C2,202622,5.4,5.4,0.0,0.4774999999999999,0.4880847822068446,0.4801495175994799,FAR,FAR,0.0,1,,,0.01,0
C2_n0.01_d000_r05,C2,202622,5.42,5.42,0.0,0.47575,0.47426929126684264,0.4786794610163206,FAR,FAR,0.0,1,,,0.01,0
C2_n0.01_d000_r05,C2,202622,5.44,5.44,0.0,0.474,0.4813937664765957,0.4793580373813894,FAR,FAR,0.0,1,,,0.01,0
C2_n0.01_d000_r05,C2,202622,5.46,5.46,0.0,0.47224999999999995,0.4740455594518046,0.4780299178989932,FAR,FAR,0.0,1,,,0.01,0
C2_n0.01_d000_r05,C2,202622,5.48,5.48,0.0,0.4704999999999999,0.4703838735692296,0.4761184068165523,FAR,FAR,0.0,1,,,0.01,0
C2_n0.01_d000_r05,C2,202622,5.5,5.5,0.0,0.46875,0.46175785233337713,0.47252826819575855,FAR,FAR,0.0,1,,,0.01,0
C2_n0.01_d000_r05,C2,202622,5.52,5.52,0.0,0.467,0.47776314368491973,0.47383698706804883,FAR,FAR,0.0,1,,,0.01,0
C2_n0.01_d000_r05,C2,202622,5.54,5.54,0.0,0.46525,0.46157735801164806,0.47077207980394864,FAR,FAR,0.0,1,,,0.01,0
C2_n0.01_d000_r05,C2,202622,5.56,5.56,0.0,0.4635,0.470231548001001,0.4706369468532118,FAR,FAR,0.0,1,,,0.01,0
C2_n0.01_d000_r05,C2,202622,5.58,5.58,0.0,0.46175,0.45985568756322365,0.46794163203071476,FAR,FAR,0.0,1,,,0.01,0
C2_n0.01_d000_r05,C2,202622,5.6,5.6,0.0,0.46,0.4393215858186423,0.46078662047769664,FAR,FAR,0.0,1,,,0.01,0
C2_n0.01_d000_r05,C2,202622,5.62,5.62,0.0,0.45825,0.47578487726610125,0.4645361846747978,FAR,FAR,0.0,1,,,0.01,0
C2_n0.01_d000_r05,C2,202622,5.64,5.64,0.0,0.4565,0.4453082464736653,0.4597292001245147,FAR,FAR,0.0,1,,,0.01,0
C2_n0.01_d000_r05,C2,202622,5.66,5.66,0.0,0.45475,0.45706505455201285,0.4590631637313892,FAR,FAR,0.0,1,,,0.01,0
C2_n0.01_d000_r05,C2,202622,5.68,5.68,0.0,0.453,0.4533802526470486,0.4576424359603041,FAR,FAR,0.0,1,,,0.01,0
C2_n0.01_d000_r05,C2,202622,5.7,5.7,0.0,0.45125,0.444141553821107,0.45426721542550474,FAR,FAR,0.0,1,,,0.01,0
C2_n0.01_d000_r05,C2,202622,5.72,5.72,0.0,0.4495,0.4521754096876837,0.4537442639910495,FAR,FAR,0.0,1,,,0.01,0
C2_n0.01_d000_r05,C2,202622,5.74,5.74,0.0,0.44775,0.44516429184764944,0.4515992709551995,FAR,FAR,0.0,1,,,0.01,0
C2_n0.01_d000_r05,C2,202622,5.76,5.76,0.0,0.446,0.44579121556753076,0.45014725710828235,FAR,FAR,0.0,1,,,0.01,0
C2_n0.01_d000_r05,C2,202622,5.78,5.78,0.0,0.44425,0.44178663323301715,0.44805710113946606,FAR,FAR,0.0,1,,,0.01,0
C2_n0.01_d000_r05,C2,202622,5.8,5.8,0.0,0.4425,0.4379226416853514,0.4455234862759374,FAR,FAR,0.0,1,,,0.01,0
C2_n0.01_d000_r05,C2,202622,5.82,5.82,0.0,0.44075,0.4399017934165351,0.4441180630610868,FAR,FAR,0.0,1,,,0.01,0
C2_n0.01_d000_r05,C2,202622,5.84,5.84,0.0,0.439,0.42185153192459457,0.43855143027696375,FAR,FAR,0.0,1,,,0.01,0
C2_n0.01_d000_r05,C2,202622,5.86,5.86,0.0,0.43724999999999997,0.43675011133691904,0.43810110054195256,FAR,FAR,0.0,1,,,0.01,0
C2_n0.01_d000_r05,C2,202622,5.88,5.88,0.0,0.4355,0.42735046441022173,0.43541344150901984,FAR,FAR,0.0,1,,,0.01,0
C2_n0.01_d000_r05,C2,202622,5.9,5.9,0.0,0.43374999999999997,0.43187548461337344,0.43452895228510824,FAR,FAR,0.0,1,,,0.01,0
C2_n0.01_d000_r05,C2,202622,5.92,5.92,0.0,0.432,0.42358898399929823,0.4317939602136557,FAR,FAR,0.0,1,,,0.01,0
C2_n0.01_d000_r05,C2,202622,5.94,5.94,0.0,0.43024999999999997,0.43812058781599833,0.4333756171142414,FAR,FAR,0.0,1,,,0.01,0
C2_n0.01_d000_r05,C2,202622,5.96,5.96,0.0,0.4285,0.4346234867385692,0.43368758452032335,FAR,FAR,0.0,1,,,0.01,0
C2_n0.01_d000_r05,C2,202622,5.98,5.98,0.0,0.42674999999999996,0.41187453460660495,0.4282343220418937,FAR,FAR,0.0,1,,,0.01,0
C2_n0.01_d000_r05,C2,202622,6.0,6.0,0.0,0.425,0.41376480064839116,0.42461694169351805,FAR,FAR,0.0,1,,,0.01,0
C2_n0.01_d000_r05,C2,202622,6.02,6.02,0.0,0.42325,0.43026705011800004,0.42602946879963854,FAR,FAR,0.0,1,,,0.01,0
C2_n0.01_d000_r05,C2,202622,6.04,6.04,0.0,0.4215,0.40896528276746535,0.42176342229159525,FAR,FAR,0.0,1,,,0.01,0
C2_n0.01_d000_r05,C2,202622,6.06,6.06,0.0,0.41975,0.4131094334555144,0.419599925082575,FAR,FAR,0.0,1,,,0.01,0
C2_n0.01_d000_r05,C2,202622,6.08,6.08,0.0,0.418,0.41135319897268047,0.41753824355510133,FAR,FAR,0.0,1,,,0.01,0
C2_n0.01_d000_r05,C2,202622,6.1,6.1,0.0,0.41625,0.42152984772593416,0.4185361445978095,FAR,FAR,0.0,1,,,0.01,0
C2_n0.01_d000_r05,C2,202622,6.12,6.12,0.0,0.4145,0.4298324013751894,0.4213602087921545,FAR,FAR,0.0,1,,,0.01,0
C2_n0.01_d000_r05,C2,202622,6.14,6.14,0.0,0.41275,0.42576028049783554,0.42246022671857475,FAR,FAR,0.0,1,,,0.01,0
C2_n0.01_d000_r05,C2,202622,6.16,6.16,0.0,0.411,0.3930920990598552,0.4151181948038949,FAR,FAR,0.0,1,,,0.01,0
C2_n0.01_d000_r05,C2,202622,6.18,6.18,0.0,0.40925,0.40847948993138256,0.4134585185857668,FAR,FAR,0.0,1,,,0.01,0
C2_n0.01_d000_r05,C2,202622,6.2,6.2,0.0,0.4075,0.40833657151244407,0.4121780318174361,FAR,FAR,0.0,1,,,0.01,0
C2_n0.01_d000_r05,C2,202622,6.22,6.22,0.0,0.40575,0.387459882697577,0.40599849453747133,FAR,FAR,0.0,1,,,0.01,0
C2_n0.01_d000_r05,C2,202622,6.24,6.24,0.0,0.40399999999999997,0.40576971933442524,0.4059413007367098,FAR,FAR,0.0,1,,,0.01,0
C2_n0.01_d000_r05,C2,202622,6.26,6.26,0.0,0.40225,0.3962080733883397,0.4035079938996173,FAR,FAR,0.0,1,,,0.01,0
C2_n0.01_d000_r05,C2,202622,6.28,6.28,0.0,0.40049999999999997,0.3994688038834428,0.40249819639557366,FAR,FAR,0.0,1,,,0.01,0
C2_n0.01_d000_r05,C2,202622,6.3,6.3,0.0,0.39875,0.39529105959915,0.4006964121964678,FAR,FAR,0.0,1,,,0.01,0
C2_n0.01_d000_r05,C2,202622,6.32,6.32,0.0,0.39699999999999996,0.40012351187933726,0.4005531871171851,FAR,FAR,0.0,1,,,0.01,0
C2_n0.01_d000_r05,C2,202622,6.34,6.34,0.0,0.39525,0.40792883102172706,0.4023970980933206,FAR,FAR,0.0,1,,,0.01,0
C2_n0.01_d000_r05,C2,202622,6.36,6.36,0.0,0.39349999999999996,0.39028287880830326,0.3993685432720662,FAR,FAR,0.0,1,,,0.01,0
C2_n0.01_d000_r05,C2,202622,6.38,6.38,0.0,0.39175,0.36897953088063185,0.39177129017420764,FAR,FAR,0.0,1,,,0.01,0
C2_n0.01_d000_r05,C2,202622,6.4,6.4,0.0,0.38999999999999996,0.38577048931291913,0.3902710899588855,FAR,FAR,0.0,1,,,0.01,0
C2_n0.01_d000_r05,C2,202622,6.42,6.42,0.0,0.38825,0.377198248085888,0.3870028794906361,FAR,FAR,0.0,1,,,0.01,0
C2_n0.01_d000_r05,C2,202622,6.44,6.44,0.0,0.38649999999999995,0.38678598832326216,0.38694865669879264,FAR,FAR,0.0,1,,,0.01,0
C2_n0.01_d000_r05,C2,202622,6.46,6.46,0.0,0.38475,0.39000766734027853,0.38771340935916415,FAR,FAR,0.0,1,,,0.01,0
C2_n0.01_d000_r05,C2,202622,6.48,6.48,0.0,0.38299999999999995,0.4013939136312595,0.391133535427188,FAR,FAR,0.0,1,,,0.01,0
C2_n0.01_d000_r05,C2,202622,6.5,6.5,0.0,0.38125,0.3784845153194522,0.3879712804002541,FAR,FAR,0.0,1,,,0.01,0
C2_n0.01_d000_r05,C2,202622,6.52,6.52,0.0,0.37950000000000006,0.3772003633171656,0.385278551129482,FAR,FAR,0.0,1,,,0.01,0
C2_n0.01_d000_r05,C2,202622,6.54,6.54,0.0,0.37775000000000003,0.3738617946507919,0.38242436200980945,FAR,FAR,0.0,1,,,0.01,0
C2_n0.01_d000_r05,C2,202622,6.56,6.56,0.0,0.376,0.38604403739755777,0.3833292808567465,FAR,FAR,0.0,1,,,0.01,0
C2_n0.01_d000_r05,C2,202622,6.58,6.58,0.0,0.37424999999999997,0.3592558271256586,0.3773109174239745,FAR,FAR,0.0,1,,,0.01,0
C2_n0.01_d000_r05,C2,202622,6.6,6.6,0.0,0.37250000000000005,0.3723516111114307,0.3760710908458385,FAR,FAR,0.0,1,,,0.01,0
C2_n0.01_d000_r05,C2,202622,6.62,6.62,0.0,0.37075,0.38062231016670567,0.3772088956760553,FAR,FAR,0.0,1,,,0.01,0
C2_n0.01_d000_r05,C2,202622,6.64,6.64,0.0,0.369,0.37013266263289996,0.3754398374152665,FAR,FAR,0.0,1,,,0.01,0
C2_n0.01_d000_r05,C2,202622,6.66,6.66,0.0,0.36724999999999997,0.3790054680966846,0.376331245085621,FAR,FAR,0.0,1,,,0.01,0
C2_n0.01_d000_r05,C2,202622,6.68,6.68,0.0,0.36550000000000005,0.3591796841805829,0.37204335485936146,FAR,FAR,0.0,1,,,0.01,0
C2_n0.01_d000_r05,C2,202622,6.7,6.7,0.0,0.36375,0.3539078222808648,0.36750947171473725,FAR,FAR,0.0,1,,,0.01,0
C2_n0.01_d000_r05,C2,202622,6.72,6.72,0.0,0.362,0.35540133898846227,0.36448243853316853,FAR,FAR,0.0,1,,,0.01,0
C2_n0.01_d000_r05,C2,202622,6.74,6.74,0.0,0.36024999999999996,0.36088278731673107,0.36358252572905914,FAR,FAR,0.0,1,,,0.01,0
C2_n0.01_d000_r05,C2,202622,6.76,6.76,0.0,0.35850000000000004,0.3829911694776361,0.3684346866662034,FAR,FAR,0.0,1,,,0.01,0
C2_n0.01_d000_r05,C2,202622,6.78,6.78,0.0,0.35675,0.37291542929772875,0.36955487232408474,FAR,FAR,0.0,1,,,0.01,0
C2_n0.01_d000_r05,C2,202622,6.8,6.8,0.0,0.355,0.349943698679318,0.3646520789128931,FAR,FAR,0.0,1,,,0.01,0
C2_n0.01_d000_r05,C2,202622,6.82,6.82,0.0,0.35324999999999995,0.35266061148800754,0.3616542120566717,FAR,FAR,0.0,1,,,0.01,0
C2_n0.01_d000_r05,C2,202622,6.84,6.84,0.0,0.35150000000000003,0.35573865809660515,0.36017532356665505,FAR,FAR,0.0,1,,,0.01,0
C2_n0.01_d000_r05,C2,202622,6.86,6.86,0.0,0.34974999999999995,0.34774271605352697,0.357067171688373,NEAR,FAR,0.0,1,,,0.01,0
C2_n0.01_d000_r05,C2,202622,6.88,6.88,0.0,0.348,0.36141300156278,0.3581536291569747,NEAR,FAR,0.0,1,,,0.01,0
C2_n0.01_d000_r05,C2,202622,6.9,6.9,0.0,0.34624999999999995,0.35119652513079236,0.35641435315042913,NEAR,FAR,0.0,1,,,0.01,0
C2_n0.01_d000_r05,C2,202622,6.92,6.92,0.0,0.3445,0.3245094582680094,0.3484381294298242,NEAR,FAR,0.0,1,,,0.01,0
C2_n0.01_d000_r05,C2,202622,6.94,6.94,0.0,0.34274999999999994,0.32614094228195134,0.342863832642856,NEAR,FAR,0.0,1,,,0.01,0
C2_n0.01_d000_r05,C2,202622,6.96,6.96,0.0,0.34099999999999997,0.3235176209700004,0.33802727972464214,NEAR,FAR,0.0,1,,,0.01,0
C2_n0.01_d000_r05,C2,202622,6.98,6.98,0.0,0.33924999999999994,0.3311799328896099,0.33631544301588406,NEAR,FAR,0.0,1,,,0.01,0
C2_n0.01_d000_r05,C2,202622,7.0,7.0,0.0,0.3375,0.3349138038430737,0.33596503322268145,NEAR,FAR,0.0,1,,,0.01,0
C2_n0.01_d000_r05,C2,202622,7.02,7.02,0.0,0.33575000000000005,0.34457127939431886,0.33811659476559086,NEAR,FAR,0.0,1,,,0.01,0
C2_n0.01_d000_r05,C2,202622,7.04,7.04,0.0,0.334,0.3322142174133863,0.33664100042753975,NEAR,FAR,0.0,1,,,0.01,0
C2_n0.01_d000_r05,C2,202622,7.06,7.06,0.0,0.33225000000000005,0.33216102878438336,0.3355210075167506,NEAR,FAR,0.0,1,,,0.01,0
C2_n0.01_d000_r05,C2,202622,7.08,7.08,0.0,0.3305,0.3337177619274098,0.3350701961194154,NEAR,FAR,0.0,1,,,0.01,0
C2_n0.01_d000_r05,C2,202622,7.1,7.1,0.0,0.32875000000000004,0.3439387916074076,0.33728734499141344,NEAR,FAR,0.0,1,,,0.01,0
C2_n0.01_d000_r05,C2,202622,7.12,7.12,0.0,0.327,0.329572626174001,0.3353586652870603,NEAR,FAR,0.0,1,,,0.01,0
C2_n0.01_d000_r05,C2,202622,7.14,7.14,0.0,0.32525000000000004,0.311527265862472,0.3294008154309132,NEAR,FAR,0.0,1,,,0.01,0
C2_n0.01_d000_r05,C2,202622,7.16,7.16,0.0,0.3235,0.30541202333700096,0.3234036174074352,NEAR,FAR,0.0,1,,,0.01,0
C2_n0.01_d000_r05,C2,202622,7.18,7.18,0.0,0.32175000000000004,0.330486445094209,0.32517432432912863,NEAR,FAR,0.0,1,,,0.01,0
C2_n0.01_d000_r05,C2,202622,7.2,7.2,0.0,0.32,0.33889399633591133,0.3286042423308243,NEAR,FAR,0.0,1,,,0.01,0
C2_n0.01_d000_r05,C2,202622,7.22,7.22,0.0,0.31825000000000003,0.33975097032213786,0.3313909243286527,NEAR,FAR,0.0,1,,,0.01,0
C2_n0.01_d000_r05,C2,202622,7.24,7.24,0.0,0.3165,0.32543963354020644,0.32990310163154113,NEAR,FAR,0.0,1,,,0.01,0
C2_n0.01_d000_r05,C2,202622,7.26,7.26,0.0,0.31475000000000003,0.33612159517204354,0.3314577250166667,NEAR,FAR,0.0,1,,,0.01,0
C2_n0.01_d000_r05,C2,202622,7.28,7.28,0.0,0.313,0.3136757768267797,0.327012237969195,NEAR,FAR,0.0,1,,,0.01,0
C2_n0.01_d000_r05,C2,202622,7.3,7.3,0.0,0.31125,0.31542436087750236,0.32411526869627183,NEAR,FAR,0.0,1,,,0.01,0
C2_n0.01_d000_r05,C2,202622,7.32,7.32,0.0,0.3095,0.32441105505151707,0.32418921528508315,NEAR,FAR,0.0,1,,,0.01,0
C2_n0.01_d000_r05,C2,202622,7.34,7.34,0.0,0.30775,0.31325031572772544,0.3214544903957437,NEAR,FAR,0.0,1,,,0.01,0
C2_n0.01_d000_r05,C2,202622,7.36,7.36,0.0,0.306,0.2993161147085657,0.3159198964739492,NEAR,NEAR,0.6,1,ENTER_NEAR,,0.01,0
C2_n0.01_d000_r05,C2,202622,7.38,7.38,0.0,0.30425,0.31838453647706927,0.3165360564747292,NEAR,NEAR,0.6,1,,,0.01,0
C2_n0.01_d000_r05,C2,202622,7.4,7.4,0.0,0.3025,0.2898756778248873,0.3098709618122687,NEAR,NEAR,0.6,1,,,0.01,0
C2_n0.01_d000_r05,C2,202622,7.42,7.42,0.0,0.30075,0.29926091623760603,0.307218450418603,NEAR,NEAR,0.6,1,,,0.01,0
C2_n0.01_d000_r05,C2,202622,7.44,7.44,0.0,0.299,0.28634531952124304,0.302000167694263,NEAR,NEAR,0.6,1,,,0.01,0
C2_n0.01_d000_r05,C2,202622,7.46,7.46,0.0,0.29725,0.2925939126236874,0.29964860392661913,NEAR,NEAR,0.6,1,,,0.01,0
C2_n0.01_d000_r05,C2,202622,7.48,7.48,0.0,0.2955,0.30152553712093244,0.30011783722519747,NEAR,NEAR,0.6,1,,,0.01,0
C2_n0.01_d000_r05,C2,202622,7.5,7.5,0.0,0.29375,0.30065515771550577,0.30025216734777455,NEAR,NEAR,0.6,1,,,0.01,0
C2_n0.01_d000_r05,C2,202622,7.52,7.52,0.0,0.29200000000000004,0.3011286822567868,0.30047129607502765,NEAR,NEAR,0.6,1,,,0.01,0
C2_n0.01_d000_r05,C2,202622,7.54,7.54,0.0,0.29025,0.28924505062202377,0.2976647347117767,NEAR,NEAR,0.6,1,,,0.01,0
C2_n0.01_d000_r05,C2,202622,7.56,7.56,0.0,0.28850000000000003,0.27345721602970513,0.2916128550412588,NEAR,NEAR,0.6,1,,,0.01,0
C2_n0.01_d000_r05,C2,202622,7.58,7.58,0.0,0.28675,0.28605696557862087,0.2902238826755993,NEAR,NEAR,0.6,1,,,0.01,0
C2_n0.01_d000_r05,C2,202622,7.6,7.6,0.0,0.28500000000000003,0.27902517773244295,0.2874242064398102,NEAR,NEAR,0.6,1,,,0.01,0
C2_n0.01_d000_r05,C2,202622,7.62,7.62,0.0,0.28325,0.26768691570515235,0.2824898837561457,NEAR,NEAR,0.6,1,,,0.01,0
C2_n0.01_d000_r05,C2,202622,7.64,7.64,0.0,0.28150000000000003,0.2616683420613514,0.2772844983324471,NEAR,NEAR,0.6,1,,,0.01,0
C2_n0.01_d000_r05,C2,202622,7.66,7.66,0.0,0.27975,0.27568646304628336,0.2768849895109062,NEAR,NEAR,0.6,1,,,0.01,0
C2_n0.01_d000_r05,C2,202622,7.68,7.68,0.0,0.278,0.293859882647449,0.28112871279504187,NEAR,NEAR,0.6,1,,,0.01,0
C2_n0.01_d000_r05,C2,202622,7.7,7.7,0.0,0.27625,0.2714876559707683,0.27871844858897343,NEAR,NEAR,0.6,1,,,0.01,0
C2_n0.01_d000_r05,C2,202622,7.72,7.72,0.0,0.2745,0.27342634370961705,0.27739542236913434,NEAR,NEAR,0.6,1,,,0.01,0
C2_n0.01_d000_r05,C2,202622,7.74,7.74,0.0,0.27275,0.25465324631602293,0.27170987835585647,NEAR,NEAR,0.6,1,,,0.01,0
C2_n0.01_d000_r05,C2,202622,7.76,7.76,0.0,0.271,0.2715908525257268,0.271680121898324,NEAR,NEAR,0.6,1,,,0.01,0
C2_n0.01_d000_r05,C2,202622,7.78,7.78,0.0,0.26925,0.27875292570079363,0.27344832284894144,NEAR,NEAR,0.6,1,,,0.01,0
C2_n0.01_d000_r05,C2,202622,7.8,7.8,0.0,0.2675,0.2618035843707439,0.27053713822939207,NEAR,NEAR,0.6,1,,,0.01,0
C2_n0.01_d000_r05,C2,202622,7.82,7.82,0.0,0.26575,0.2808428942509603,0.27311357723478413,NEAR,NEAR,0.6,1,,,0.01,0
C2_n0.01_d000_r05,C2,202622,7.84,7.84,0.0,0.264,0.2818089221905691,0.27528741347373037,NEAR,NEAR,0.6,1,,,0.01,0
C2_n0.01_d000_r05,C2,202622,7.86,7.86,0.0,0.26225,0.25923777139513804,0.27127500295408224,NEAR,NEAR,0.6,1,,,0.01,0
C2_n0.01_d000_r05,C2,202622,7.88,7.88,0.0,0.2605,0.250883129216224,0.2661770345196177,NEAR,NEAR,0.6,1,,,0.01,0
C2_n0.01_d000_r05,C2,202622,7.9,7.9,0.0,0.25875,0.27486939821899814,0.2683501254444628,NEAR,NEAR,0.6,1,,,0.01,0
C2_n0.01_d000_r05,C2,202622,7.92,7.92,0.0,0.257,0.26092382095115607,0.2664935493211361,NEAR,NEAR,0.6,1,,,0.01,0
C2_n0.01_d000_r05,C2,202622,7.94,7.94,0.0,0.25525,0.24338906071211283,0.2607174271688803,NEAR,NEAR,0.6,1,,,0.01,0
C2_n0.01_d000_r05,C2,202622,7.96,7.96,0.0,0.2535,0.2472369577723339,0.2573473098197437,NEAR,NEAR,0.6,1,,,0.01,0
C2_n0.01_d000_r05,C2,202622,7.98,7.98,0.0,0.25175,0.24926132035174917,0.25532581245274505,NEAR,NEAR,0.6,1,,,0.01,0
C2_n0.01_d000_r05,C2,202622,8.0,8.0,0.0,0.25,0.24684015881616087,0.253204399043599,NEAR,NEAR,0.6,1,,,0.01,0
C2_n0.01_d000_r05,C2,202622,8.02,8.02,0.0,0.2522533838368113,0.26767358269804886,0.2568216949572114,NEAR,NEAR,0.6,1,,,0.01,0
C2_n0.01_d000_r05,C2,202622,8.04,8.04,0.0,0.25445562372365543,0.25520857046772416,0.2564184138348396,NEAR,NEAR,0.6,1,,,0.01,0
C2_n0.01_d000_r05,C2,202622,8.06,8.06,0.0,0.25655673649976407,0.25009744883685586,0.2548381725853437,NEAR,NEAR,0.6,1,,,0.01,0
C2_n0.01_d000_r05,C2,202622,8.08,8.08,0.0,0.25850903423690136,0.264940651733154,0.2573637923722963,NEAR,NEAR,0.6,1,,,0.01,0
C2_n0.01_d000_r05,C2,202622,8.1,8.1,0.0,0.2602682065889303,0.2527123294220456,0.2562009266347336,NEAR,NEAR,0.6,1,,,0.01,0
C2_n0.01_d000_r05,C2,202622,8.12,8.12,0.0,0.26179432648204926,0.25774325143009763,0.2565865078335746,NEAR,NEAR,0.6,1,,,0.01,0
C2_n0.01_d000_r05,C2,202622,8.14,8.14,0.0,0.26305275632004294,0.2630219846006571,0.25819537702534523,NEAR,NEAR,0.6,1,,,0.01,0
C2_n0.01_d000_r05,C2,202622,8.16,8.16,0.0,0.2640149341368492,0.25381216760033837,0.2570995746690935,NEAR,NEAR,0.6,1,,,0.01,0
C2_n0.01_d000_r05,C2,202622,8.18,8.18,0.0,0.2646590218535229,0.26989347960052984,0.26029805090195257,NEAR,NEAR,0.6,1,,,0.01,0
C2_n0.01_d000_r05,C2,202622,8.2,8.2,0.0,0.26497040092642404,0.26229984939360346,0.2607985005248653,NEAR,NEAR,0.6,1,,,0.01,0
C2_n0.01_d000_r05,C2,202622,8.22,8.22,0.0,0.2649420041371476,0.27909306128678985,0.2653721407153464,NEAR,NEAR,0.6,1,,,0.01,0
C2_n0.01_d000_r05,C2,202622,8.24,8.24,0.0,0.2645744759937201,0.2721974909074871,0.2670784782633816,NEAR,NEAR,0.6,1,,,0.01,0
C2_n0.01_d000_r05,C2,202622,8.26,8.26,0.0,0.26387615810251686,0.25991049028029095,0.26528648126760895,NEAR,NEAR,0.6,1,,,0.01,0
C2_n0.01_d000_r05,C2,202622,8.28,8.28,0.0,0.26286289984290484,0.2565282234669562,0.26309691681744574,NEAR,NEAR,0.6,1,,,0.01,0
C2_n0.01_d000_r05,C2,202622,8.3,8.3,0.0,0.2615576986416368,0.25854694862115707,0.2619594247683736,NEAR,NEAR,0.6,1,,,0.01,0
C2_n0.01_d000_r05,C2,202622,8.32,8.32,0.0,0.25999017801151375,0.2598258365793723,0.2614260277211232,NEAR,NEAR,0.6,1,,,0.01,0
C2_n0.01_d000_r05,C2,202622,8.34,8.34,0.0,0.25819591520101404,0.2597037781532043,0.2609954653291435,NEAR,NEAR,0.6,1,,,0.01,0
C2_n0.01_d000_r05,C2,202622,8.36,8.36,0.0,0.2562156337148993,0.2544944889167877,0.2593702212260545,NEAR,NEAR,0.6,1,,,0.01,0
C2_n0.01_d000_r05,C2,202622,8.38,8.38,0.0,0.2540942790327598,0.2534991629935205,0.257902456667921,NEAR,NEAR,0.6,1,,,0.01,0
C2_n0.01_d000_r05,C2,202622,8.4,8.4,0.0,0.25187999850346454,0.23991274356055894,0.2534050283910805,NEAR,NEAR,0.6,1,,,0.01,0
C2_n0.01_d000_r05,C2,202622,8.42,8.42,0.0,0.24962304856834994,0.2412306346505458,0.2503614299559468,NEAR,NEAR,0.6,1,,,0.01,0
C2_n0.01_d000_r05,C2,202622,8.44,8.44,0.0,0.2473746541153709,0.24432499807288577,0.24885232198518153,NEAR,NEAR,0.6,1,,,0.01,0
C2_n0.01_d000_r05,C2,202622,8.46,8.46,0.0,0.24518584585289177,0.2424245171756446,0.24724537078279732,NEAR,NEAR,0.6,1,,,0.01,0
C2_n0.01_d000_r05,C2,202622,8.48,8.48,0.0,0.24310630209067763,0.23825507656771827,0.24499779722902756,NEAR,NEAR,0.6,1,,,0.01,0
C2_n0.01_d000_r05,C2,202622,8.5,8.5,0.0,0.24118322121561292,0.2377089043371076,0.24317557400604756,NEAR,NEAR,0.6,1,,,0.01,0
C2_n0.01_d000_r05,C2,202622,8.52,8.52,0.0,0.2394602504530173,0.23826729028129331,0.24194850307485902,NEAR,NEAR,0.6,1,,,0.01,0
C2_n0.01_d000_r05,C2,202622,8.54,8.54,0.0,0.23797649522693692,0.24871009973251737,0.2436389022392736,NEAR,NEAR,0.6,1,,,0.01,0
C2_n0.01_d000_r05,C2,202622,8.56,8.56,0.0,0.23676563160347566,0.25072856693432066,0.24541131841303537,NEAR,NEAR,0.6,1,,,0.01,0
C2_n0.01_d000_r05,C2,202622,8.58,8.58,0.0,0.23585514196160703,0.24534848486413596,0.24539561002581053,NEAR,NEAR,0.6,1,,,0.01,0
C2_n0.01_d000_r05,C2,202622,8.6,8.6,0.0,0.23526569123906968,0.23360559880957088,0.24244810722175061,NEAR,NEAR,0.6,1,,,0.01,0
C2_n0.01_d000_r05,C2,202622,8.62,8.62,0.0,0.23501065791039116,0.19959476559098063,0.23173477181405813,NEAR,NEAR,0.6,1,,,0.01,0
C2_n0.01_d000_r05,C2,202622,8.64,8.64,0.0,0.23509583034219989,0.23609481499365417,0.23282478260895714,NEAR,NEAR,0.6,1,,,0.01,0
C2_n0.01_d000_r05,C2,202622,8.66,8.66,0.0,0.2355192754175009,0.22971515405118545,0.23204737546951423,NEAR,NEAR,0.6,1,,,0.01,0
C2_n0.01_d000_r05,C2,202622,8.68,8.68,0.0,0.23627138241068624,0.217720550333244,0.22846566918544667,NEAR,NEAR,0.6,1,,,0.01,0
C2_n0.01_d000_r05,C2,202622,8.7,8.7,0.0,0.23733508111746973,0.22779615505830408,0.22829829065366103,NEAR,NEAR,0.6,1,,,0.01,0
C2_n0.01_d000_r05,C2,202622,8.72,8.72,0.0,0.2386862292889585,0.2277450677468729,0.228159984926964,NEAR,NEAR,0.6,1,,,0.01,0
C2_n0.01_d000_r05,C2,202622,8.74,8.74,0.0,0.24029416057645836,0.2424497420538769,0.23173242420869222,NEAR,NEAR,0.6,1,,,0.01,0
C2_n0.01_d000_r05,C2,202622,8.76,8.76,0.0,0.24212238055058052,0.2459938191419405,0.2352977729420043,NEAR,NEAR,0.6,1,,,0.01,0
C2_n0.01_d000_r05,C2,202622,8.78,8.78,0.0,0.24412939499744188,0.24073258454360003,0.23665647584240324,NEAR,NEAR,0.6,1,,,0.01,0
C2_n0.01_d000_r05,C2,202622,8.8,8.8,0.0,0.24626965169252724,0.25398020042223324,0.24098740698736074,NEAR,NEAR,0.6,1,,,0.01,0
C2_n0.01_d000_r05,C2,202622,8.82,8.82,0.0,0.2484945742772318,0.24350984663985648,0.24161801690048468,NEAR,NEAR,0.6,1,,,0.01,0
C2_n0.01_d000_r05,C2,202622,8.84,8.84,0.0,0.2507536647726965,0.26155685770204856,0.24660272710087566,NEAR,NEAR,0.6,1,,,0.01,0
C2_n0.01_d000_r05,C2,202622,8.86,8.86,0.0,0.25299564970771604,0.2560583986212763,0.24896664498097582,NEAR,NEAR,0.6,1,,,0.01,0
C2_n0.01_d000_r05,C2,202622,8.88,8.88,0.0,0.2551696438476178,0.2446626228653478,0.24789063945206882,NEAR,NEAR,0.6,1,,,0.01,0
C2_n0.01_d000_r05,C2,202622,8.9,8.9,0.0,0.2572263051115258,0.2672346167385354,0.2527266337736855,NEAR,NEAR,0.6,1,,,0.01,0
C2_n0.01_d000_r05,C2,202622,8.92,8.92,0.0,0.25911895446541905,0.27030497950148236,0.25712122020563466,NEAR,NEAR,0.6,1,,,0.01,0
C2_n0.01_d000_r05,C2,202622,8.94,8.94,0.0,0.26080463537331855,0.2564396175080069,0.2569508195312277,NEAR,NEAR,0.6,1,,,0.01,0
C2_n0.01_d000_r05,C2,202622,8.96,8.96,0.0,0.2622450887607578,0.2576980708992833,0.2571376323732416,NEAR,NEAR,0.6,1,,,0.01,0
C2_n0.01_d000_r05,C2,202622,8.98,8.98,0.0,0.263407621362269,0.28144497107469196,0.2632144670486042,NEAR,NEAR,0.6,1,,,0.01,0
C2_n0.01_d000_r05,C2,202622,9.0,9.0,0.0,0.2642658477444273,0.273022083659744,0.26566637120138914,NEAR,NEAR,0.6,1,,,0.01,0
C2_n0.01_d000_r05,C2,202622,9.02,9.02,0.0,0.264800289163118,0.27403933939626596,0.26775961325010833,NEAR,NEAR,0.6,1,,,0.01,0
C2_n0.01_d000_r05,C2,202622,9.04,9.04,0.0,0.2649988156630572,0.27801374417888436,0.27032314598230234,NEAR,NEAR,0.6,1,,,0.01,0
C2_n0.01_d000_r05,C2,202622,9.06,9.06,0.0,0.26485692138544975,0.2629888161638408,0.26848956352768694,NEAR,NEAR,0.6,1,,,0.01,0
C2_n0.01_d000_r05,C2,202622,9.08,9.08,0.0,0.2643778268352606,0.25578204395403203,0.2653126836342732,NEAR,NEAR,0.6,1,,,0.01,0
C2_n0.01_d000_r05,C2,202622,9.1,9.1,0.0,0.2635724057869903,0.2588248098354148,0.26369071518455856,NEAR,NEAR,0.6,1,,,0.01,0
C2_n0.01_d000_r05,C2,202622,9.12,9.12,0.0,0.2624589384879372,0.26868071715910513,0.2649382156781952,NEAR,NEAR,0.6,1,,,0.01,0
C2_n0.01_d000_r05,C2,202622,9.14,9.14,0.0,0.2610626967603726,0.2503741522522781,0.26129719982171595,NEAR,NEAR,0.6,1,,,0.01,0
C2_n0.01_d000_r05,C2,202622,9.16,9.16,0.0,0.25941537041936047,0.2459090613461939,0.2574501652028354,NEAR,NEAR,0.6,1,,,0.01,0
C2_n0.01_d000_r05,C2,202622,9.18,9.18,0.0,0.2575543480245365,0.2623035088036756,0.2586635011030455,NEAR,NEAR,0.6,1,,,0.01,0
C2_n0.01_d000_r05,C2,202622,9.2,9.2,0.0,0.25552186829027024,0.25071743883740166,0.25667698553663454,NEAR,NEAR,0.6,1,,,0.01,0
C2_n0.01_d000_r05,C2,202622,9.22,9.22,0.0,0.25336406141424067,0.25595516246902356,0.2564965297697318,NEAR,NEAR,0.6,1,,,0.01,0
C2_n0.01_d000_r05,C2,202622,9.24,9.24,0.0,0.25112990208291897,0.25272723372716005,0.2555542057590889,NEAR,NEAR,0.6,1,,,0.01,0
C2_n0.01_d000_r05,C2,202622,9.26,9.26,0.0,0.24887009791708103,0.24530266947979623,0.2529913216892657,NEAR,NEAR,0.6,1,,,0.01,0
C2_n0.01_d000_r05,C2,202622,9.28,9.28,0.0,0.24663593858575936,0.24656905767303458,0.25138575568520793,NEAR,NEAR,0.6,1,,,0.01,0
C2_n0.01_d000_r05,C2,202622,9.3,9.3,0.0,0.24447813170972976,0.25734841636228833,0.25287642085447803,NEAR,NEAR,0.6,1,,,0.01,0
C2_n0.01_d000_r05,C2,202622,9.32,9.32,0.0,0.24244565197546356,0.2276299186721034,0.24656479530888437,NEAR,NEAR,0.6,1,,,0.01,0
C2_n0.01_d000_r05,C2,202622,9.34,9.34,0.0,0.2405846295806395,0.2411021983014938,0.24519914605703674,NEAR,NEAR,0.6,1,,,0.01,0
C2_n0.01_d000_r05,C2,202622,9.36,9.36,0.0,0.23893730323962742,0.2338125680935641,0.24235250156616858,NEAR,NEAR,0.6,1,,,0.01,0
C2_n0.01_d000_r05,C2,202622,9.38,9.38,0.0,0.23754106151206275,0.2421303766005045,0.24229697032475256,NEAR,NEAR,0.6,1,,,0.01,0
C2_n0.01_d000_r05,C2,202622,9.4,9.4,0.0,0.23642759421300968,0.22449152591316723,0.2378456092218562,NEAR,NEAR,0.6,1,,,0.01,0
C2_n0.01_d000_r05,C2,202622,9.42,9.42,0.0,0.23562217316473935,0.22243432082411085,0.2339927871224199,NEAR,NEAR,0.6,1,,,0.01,0
C2_n0.01_d000_r05,C2,202622,9.44,9.44,0.0,0.23514307861455025,0.22418602072779734,0.23154109552376426,NEAR,NEAR,0.6,1,,,0.01,0
C2_n0.01_d000_r05,C2,202622,9.46,9.46,0.0,0.23500118433694275,0.22551758905396047,0.23003521890631332,NEAR,NEAR,0.6,1,,,0.01,0
C2_n0.01_d000_r05,C2,202622,9.48,9.48,0.0,0.235199710836882,0.2338316257141273,0.23098432060826682,NEAR,NEAR,0.6,1,,,0.01,0
C2_n0.01_d000_r05,C2,202622,9.5,9.5,0.0,0.2357341522555727,0.2507693193248308,0.23593057028740783,NEAR,NEAR,0.6,1,,,0.01,0
C2_n0.01_d000_r05,C2,202622,9.52,9.52,0.0,0.23659237863773103,0.22943224288672273,0.23430598843723655,NEAR,NEAR,0.6,1,,,0.01,0
C2_n0.01_d000_r05,C2,202622,9.54,9.54,0.0,0.2377549112392422,0.24901991480142932,0.23798447002828477,NEAR,NEAR,0.6,1,,,0.01,0
C2_n0.01_d000_r05,C2,202622,9.56,9.56,0.0,0.23919536462668142,0.22788049959711318,0.2354584774204919,NEAR,NEAR,0.6,1,,,0.01,0
C2_n0.01_d000_r05,C2,202622,9.58,9.58,0.0,0.24088104553458092,0.2325786646063212,0.23473852421694924,NEAR,NEAR,0.6,1,,,0.01,0
C2_n0.01_d000_r05,C2,202622,9.6,9.6,0.0,0.24277369488847422,0.24218566263962857,0.23660030882261907,NEAR,NEAR,0.6,1,,,0.01,0
C2_n0.01_d000_r05,C2,202622,9.62,9.62,0.0,0.24483035615238213,0.23843885685063732,0.23705994582962364,NEAR,NEAR,0.6,1,,,0.01,0
C2_n0.01_d000_r05,C2,202622,9.64,9.64,0.0,0.24700435029228393,0.2561593224340326,0.24183478998072588,NEAR,NEAR,0.6,1,,,0.01,0
C2_n0.01_d000_r05,C2,202622,9.66,9.66,0.0,0.24924633522730347,0.24159679896023448,0.24177529222560304,NEAR,NEAR,0.6,1,,,0.01,0
C2_n0.01_d000_r05,C2,202622,9.68,9.68,0.0,0.2515054257227682,0.25293911389650364,0.24456624764332818,NEAR,NEAR,0.6,1,,,0.01,0
C2_n0.01_d000_r05,C2,202622,9.7,9.7,0.0,0.25373034830747276,0.23149711456783925,0.24129896437445597,NEAR,NEAR,0.6,1,,,0.01,0
C2_n0.01_d000_r05,C2,202622,9.72,9.72,0.0,0.2558706050025581,0.235115499009507,0.23975309803321873,NEAR,NEAR,0.6,1,,,0.01,0
C2_n0.01_d000_r05,C2,202622,9.74,9.74,0.0,0.25787761944941945,0.2581415309714403,0.24435020626777412,NEAR,NEAR,0.6,1,,,0.01,0
C2_n0.01_d000_r05,C2,202622,9.76,9.76,0.0,0.25970583942354164,0.25484003742850947,0.24697266405795795,NEAR,NEAR,0.6,1,,,0.01,0
C2_n0.01_d000_r05,C2,202622,9.78,9.78,0.0,0.2613137707110415,0.2719404152650536,0.2532146018597319,NEAR,NEAR,0.6,1,,,0.01,0
C2_n0.01_d000_r05,C2,202622,9.8,9.8,0.0,0.26266491888253024,0.2573878233445526,0.25425790723093705,NEAR,NEAR,0.6,1,,,0.01,0
C2_n0.01_d000_r05,C2,202622,9.82,9.82,0.0,0.26372861758931376,0.2702276717497419,0.25825034836063826,NEAR,NEAR,0.6,1,,,0.01,0
C2_n0.01_d000_r05,C2,202622,9.84,9.84,0.0,0.2644807245824991,0.2571497050739116,0.2579751875389566,NEAR,NEAR,0.6,1,,,0.01,0
C2_n0.01_d000_r05,C2,202622,9.86,9.86,0.0,0.2649041696578001,0.2684063112488574,0.2605829684664318,NEAR,NEAR,0.6,1,,,0.01,0
C2_n0.01_d000_r05,C2,202622,9.88,9.88,0.0,0.26498934208960884,0.25513743291303836,0.2592215845780834,NEAR,NEAR,0.6,1,,,0.01,0
C2_n0.01_d000_r05,C2,202622,9.9,9.9,0.0,0.26473430876093035,0.2647503019604165,0.2606037639236667,NEAR,NEAR,0.6,1,,,0.01,0
C2_n0.01_d000_r05,C2,202622,9.92,9.92,0.0,0.264144858038393,0.26622690572871266,0.26200954937492815,NEAR,NEAR,0.6,1,,,0.01,0
C2_n0.01_d000_r05,C2,202622,9.94,9.94,0.0,0.2632343683965243,0.2647374621176369,0.2626915275606053,NEAR,NEAR,0.6,1,,,0.01,0
C2_n0.01_d000_r05,C2,202622,9.96,9.96,0.0,0.2620235047730631,0.26469684774115615,0.263192857605743,NEAR,NEAR,0.6,1,,,0.01,0
C2_n0.01_d000_r05,C2,202622,9.98,9.98,0.0,0.2605397495469827,0.2595713714403374,0.2622874860643916,NEAR,NEAR,0.6,1,,,0.01,0
C2_n0.01_d000_r05,C2,202622,10.0,10.0,0.0,0.2588167787843871,0.258865033403606,0.26143187289919523,NEAR,NEAR,0.6,1,,,0.01,0
C2_n0.01_d000_r05,C2,202622,10.02,10.02,0.0,0.25689369790932237,0.2623672336161547,0.2616657130784351,NEAR,NEAR,0.6,1,,,0.01,0
C2_n0.01_d000_r05,C2,202622,10.04,10.04,0.0,0.25481415414710823,0.24146331073535834,0.25661511249266594,NEAR,NEAR,0.6,1,,,0.01,0
C2_n0.01_d000_r05,C2,202622,10.06,10.06,0.0,0.2526253458846291,0.24633279729837954,0.25404453369409435,NEAR,NEAR,0.6,1,,,0.01,0
C2_n0.01_d000_r05,C2,202622,10.08,10.08,0.0,0.25037695143165006,0.25377542799066416,0.2539772572682368,NEAR,NEAR,0.6,1,,,0.01,0
C2_n0.01_d000_r05,C2,202622,10.1,10.1,0.0,0.24812000149653549,0.23810360737019737,0.2500088447937269,NEAR,NEAR,0.6,1,,,0.01,0
C2_n0.01_d000_r05,C2,202622,10.12,10.12,0.0,0.24590572096724023,0.24165598695053964,0.2479206303329301,NEAR,NEAR,0.6,1,,,0.01,0
C2_n0.01_d000_r05,C2,202622,10.14,10.14,0.0,0.24378436628510067,0.2484708229532871,0.24805817848801937,NEAR,NEAR,0.6,1,,,0.01,0
C2_n0.01_d000_r05,C2,202622,10.16,10.16,0.0,0.24180408479898596,0.23360794707727153,0.2444456206353324,NEAR,NEAR,0.6,1,,,0.01,0
C2_n0.01_d000_r05,C2,202622,10.18,10.18,0.0,0.24000982198848625,0.25619061255033343,0.24738186861408268,NEAR,NEAR,0.6,1,,,0.01,0
C2_n0.01_d000_r05,C2,202622,10.2,10.2,0.0,0.23844230135836322,0.24177794587255436,0.2459808879287006,NEAR,NEAR,0.6,1,,,0.01,0
C2_n0.01_d000_r05,C2,202622,10.22,10.22,0.0,0.2371371001570952,0.2457998946036482,0.24593563959743747,NEAR,NEAR,0.6,1,,,0.01,0
C2_n0.01_d000_r05,C2,202622,10.24,10.24,0.0,0.23612384189748312,0.23264001515509167,0.24261173348685103,NEAR,NEAR,0.6,1,,,0.01,0
C2_n0.01_d000_r05,C2,202622,10.26,10.26,0.0,0.2354255240062799,0.2456428077891665,0.24336950206242988,NEAR,NEAR,0.6,1,,,0.01,0
C2_n0.01_d000_r05,C2,202622,10.28,10.28,0.0,0.23505799586285242,0.23004412162213098,0.24003815695235514,NEAR,NEAR,0.6,1,,,0.01,0
C2_n0.01_d000_r05,C2,202622,10.3,10.3,0.0,0.23502959907357593,0.24575431175954449,0.24146719565415248,NEAR,NEAR,0.6,1,,,0.01,0
C2_n0.01_d000_r05,C2,202622,10.32,10.32,0.0,0.23534097814647711,0.2454863934936344,0.24247199511402295,NEAR,NEAR,0.6,1,,,0.01,0
C2_n0.01_d000_r05,C2,202622,10.34,10.34,0.0,0.23598506586315082,0.26478339924820593,0.2480498461475687,NEAR,NEAR,0.6,1,,,0.01,0
C2_n0.01_d000_r05,C2,202622,10.36,10.36,0.0,0.23694724367995706,0.23267242689888223,0.2442054913353971,NEAR,NEAR,0.6,1,,,0.01,0
C2_n0.01_d000_r05,C2,202622,10.38,10.38,0.0,0.23820567351795077,0.26085146890200883,0.24836698572705004,NEAR,NEAR,0.6,1,,,0.01,0
C2_n0.01_d000_r05,C2,202622,10.4,10.4,0.0,0.2397317934110697,0.22500681634254546,0.2425269433809239,NEAR,NEAR,0.6,1,,,0.01,0
C2_n0.01_d000_r05,C2,202622,10.42,10.42,0.0,0.24149096576309861,0.2520450859372126,0.24490647901999607,NEAR,NEAR,0.6,1,,,0.01,0
C2_n0.01_d000_r05,C2,202622,10.44,10.44,0.0,0.24344326350023596,0.24256505486096216,0.2443211229802376,NEAR,NEAR,0.6,1,,,0.01,0
C2_n0.01_d000_r05,C2,202622,10.46,10.46,0.0,0.2455443762763446,0.2391948843232311,0.24303956331598597,NEAR,NEAR,0.6,1,,,0.01,0
C2_n0.01_d000_r05,C2,202622,10.48,10.48,0.0,0.24774661616318866,0.23558985097900842,0.24117713523174159,NEAR,NEAR,0.6,1,,,0.01,0
C2_n0.01_d000_r05,C2,202622,10.5,10.5,0.0,0.25,0.2570331786808979,0.24514114609403068,NEAR,NEAR,0.6,1,,,0.01,0
C2_n0.01_d000_r05,C2,202622,10.52,10.52,0.0,0.2522533838368113,0.26116465347649626,0.24914702293964708,NEAR,NEAR,0.6,1,,,0.01,0
C2_n0.01_d000_r05,C2,202622,10.54,10.54,0.0,0.2544556237236554,0.26935053798610203,0.25419790170126083,NEAR,NEAR,0.6,1,,,0.01,0
C2_n0.01_d000_r05,C2,202622,10.56,10.56,0.0,0.256556736499764,0.244217214566556,0.25170272991758463,NEAR,NEAR,0.6,1,,,0.01,0
C2_n0.01_d000_r05,C2,202622,10.58,10.58,0.0,0.25850903423690136,0.2602280988909728,0.2538340721609317,NEAR,NEAR,0.6,1,,,0.01,0
C2_n0.01_d000_r05,C2,202622,10.6,10.6,0.0,0.2602682065889303,0.2436999010386821,0.2513005293803693,NEAR,NEAR,0.6,1,,,0.01,0
C2_n0.01_d000_r05,C2,202622,10.62,10.62,0.0,0.2617943264820492,0.267134121464652,0.25525892740143996,NEAR,NEAR,0.6,1,,,0.01,0
C2_n0.01_d000_r05,C2,202622,10.64,10.64,0.0,0.26305275632004294,0.2531701720745394,0.2547367385697148,NEAR,NEAR,0.6,1,,,0.01,0
C2_n0.01_d000_r05,C2,202622,10.66,10.66,0.0,0.2640149341368492,0.2724001356495786,0.25915258783968076,NEAR,NEAR,0.6,1,,,0.01,0
C2_n0.01_d000_r05,C2,202622,10.68,10.68,0.0,0.2646590218535229,0.24963314619167687,0.25677272742767976,NEAR,NEAR,0.6,1,,,0.01,0
C2_n0.01_d000_r05,C2,202622,10.7,10.7,0.0,0.26497040092642404,0.2760619927055489,0.26159504374714704,NEAR,NEAR,0.6,1,,,0.01,0
C2_n0.01_d000_r05,C2,202622,10.72,10.72,0.0,0.2649420041371476,0.26426566744694346,0.26226269967209614,NEAR,NEAR,0.6,1,,,0.01,0
C2_n0.01_d000_r05,C2,202622,10.74,10.74,0.0,0.2645744759937201,0.2547325604925207,0.2603801648772023,NEAR,NEAR,0.6,1,,,0.01,0
C2_n0.01_d000_r05,C2,202622,10.76,10.76,0.0,0.26387615810251686,0.25830948976224666,0.25986249609846335,NEAR,NEAR,0.6,1,,,0.01,0
C2_n0.01_d000_r05,C2,202622,10.78,10.78,0.0,0.26286289984290484,0.2724925270640696,0.2630200038398649,NEAR,NEAR,0.6,1,,,0.01,0
C2_n0.01_d000_r05,C2,202622,10.8,10.8,0.0,0.2615576986416368,0.27732570712118637,0.26659642966019526,NEAR,NEAR,0.6,1,,,0.01,0
C2_n0.01_d000_r05,C2,202622,10.82,10.82,0.0,0.25999017801151375,0.268372427030841,0.2670404290028567,NEAR,NEAR,0.6,1,,,0.01,0
C2_n0.01_d000_r05,C2,202622,10.84,10.84,0.0,0.25819591520101404,0.2500682993860825,0.26279739659866314,NEAR,NEAR,0.6,1,,,0.01,0
C2_n0.01_d000_r05,C2,202622,10.86,10.86,0.0,0.25621563371489936,0.24857976874453183,0.2592429896351303,NEAR,NEAR,0.6,1,,,0.01,0
C2_n0.01_d000_r05,C2,202622,10.88,10.88,0.0,0.2540942790327598,0.23383948452347678,0.25289211335721695,NEAR,NEAR,0.6,1,,,0.01,0
C2_n0.01_d000_r05,C2,202622,10.9,10.9,0.0,0.2518799985034645,0.25407575829023554,0.2531880245904716,NEAR,NEAR,0.6,1,,,0.01,0
C2_n0.01_d000_r05,C2,202622,10.92,10.92,0.0,0.24962304856834996,0.2423023982333277,0.25046661800118564,NEAR,NEAR,0.6,1,,,0.01,0
C2_n0.01_d000_r05,C2,202622,10.94,10.94,0.0,0.24737465411537093,0.2516007833216333,0.2507501593312976,NEAR,NEAR,0.6,1,,,0.01,0
C2_n0.01_d000_r05,C2,202622,10.96,10.96,0.0,0.24518584585289174,0.22917176203990247,0.24535556000844883,NEAR,NEAR,0.6,1,,,0.01,0
C2_n0.01_d000_r05,C2,202622,10.98,10.98,0.0,0.24310630209067766,0.25018013118546784,0.24656170280270356,NEAR,NEAR,0.6,1,,,0.01,0
C2_n0.01_d000_r05,C2,202622,11.0,11.0,0.0,0.24118322121561292,0.22798173502272726,0.24191671085770947,NEAR,NEAR,0.6,1,,,0.01,0
C2_n0.01_d000_r05,C2,202622,11.02,11.02,0.0,0.2394602504530173,0.25134878359497137,0.24427472904202494,NEAR,NEAR,0.6,1,,,0.01,0
C2_n0.01_d000_r05,C2,202622,11.04,11.04,0.0,0.23797649522693692,0.2364379243484917,0.24231552786864163,NEAR,NEAR,0.6,1,,,0.01,0
C2_n0.01_d000_r05,C2,202622,11.06,11.06,0.0,0.2367656316034757,0.24451741291447046,0.24286599913009885,NEAR,NEAR,0.6,1,,,0.01,0
C2_n0.01_d000_r05,C2,202622,11.08,11.08,0.0,0.23585514196160703,0.23130357278081015,0.23997539254277667,NEAR,NEAR,0.6,1,,,0.01,0
C2_n0.01_d000_r05,C2,202622,11.1,11.1,0.0,0.23526569123906968,0.23185319122208342,0.23794484221260337,NEAR,NEAR,0.6,1,,,0.01,0
C2_n0.01_d000_r05,C2,202622,11.12,11.12,0.0,0.23501065791039116,0.22210852502299924,0.23398576291520234,NEAR,NEAR,0.6,1,,,0.01,0
C2_n0.01_d000_r05,C2,202622,11.14,11.14,0.0,0.23509583034219989,0.236401196985054,0.23458962143266526,NEAR,NEAR,0.6,1,,,0.01,0
C2_n0.01_d000_r05,C2,202622,11.16,11.16,0.0,0.2355192754175009,0.22430814108431923,0.23201925134557877,NEAR,NEAR,0.6,1,,,0.01,0
C2_n0.01_d000_r05,C2,202622,11.18,11.18,0.0,0.2362713824106862,0.23157881296839267,0.23190914175128224,NEAR,NEAR,0.6,1,,,0.01,0
C2_n0.01_d000_r05,C2,202622,11.2,11.2,0.0,0.23733508111746973,0.23097453135755883,0.2316754891528514,NEAR,NEAR,0.6,1,,,0.01,0
C2_n0.01_d000_r05,C2,202622,11.22,11.22,0.0,0.23868622928895847,0.23504659511534118,0.23251826564347386,NEAR,NEAR,0.6,1,,,0.01,0
C2_n0.01_d000_r05,C2,202622,11.24,11.24,0.0,0.24029416057645833,0.2450100279258606,0.23564120621407053,NEAR,NEAR,0.6,1,,,0.01,0
C2_n0.01_d000_r05,C2,202622,11.26,11.26,0.0,0.24212238055058055,0.220606198089374,0.2318824541828964,NEAR,NEAR,0.6,1,,,0.01,0
C2_n0.01_d000_r05,C2,202622,11.28,11.28,0.0,0.2441293949974419,0.24278854120320473,0.23460897593797347,NEAR,NEAR,0.6,1,,,0.01,0
C2_n0.01_d000_r05,C2,202622,11.3,11.3,0.0,0.24626965169252724,0.22943122311912423,0.23331453773326116,NEAR,NEAR,0.6,1,,,0.01,0
C2_n0.01_d000_r05,C2,202622,11.32,11.32,0.0,0.2484945742772318,0.25674989769193535,0.2391733777229297,NEAR,NEAR,0.6,1,,,0.01,0
C2_n0.01_d000_r05,C2,202622,11.34,11.34,0.0,0.25075366477269656,0.27318756077227446,0.2476769234852659,NEAR,NEAR,0.6,1,,,0.01,0
C2_n0.01_d000_r05,C2,202622,11.36,11.36,0.0,0.252995649707716,0.2606030397986249,0.25090845256360567,NEAR,NEAR,0.6,1,,,0.01,0
C2_n0.01_d000_r05,C2,202622,11.38,11.38,0.0,0.2551696438476178,0.25969654366388595,0.2531054753386758,NEAR,NEAR,0.6,1,,,0.01,0
C2_n0.01_d000_r05,C2,202622,11.4,11.4,0.0,0.2572263051115258,0.264812595612677,0.2560322554071761,NEAR,NEAR,0.6,1,,,0.01,0
C2_n0.01_d000_r05,C2,202622,11.42,11.42,0.0,0.25911895446541905,0.2354263945810976,0.25088079020065646,NEAR,NEAR,0.6,1,,,0.01,0
C2_n0.01_d000_r05,C2,202622,11.44,11.44,0.0,0.26080463537331855,0.2687285953716228,0.25534274149339803,NEAR,NEAR,0.6,1,,,0.01,0
C2_n0.01_d000_r05,C2,202622,11.46,11.46,0.0,0.2622450887607578,0.27750844652095913,0.26088416775028833,NEAR,NEAR,0.6,1,,,0.01,0
C2_n0.01_d000_r05,C2,202622,11.48,11.48,0.0,0.263407621362269,0.2589166895676649,0.2603922982046325,NEAR,NEAR,0.6,1,,,0.01,0
C2_n0.01_d000_r05,C2,202622,11.5,11.5,0.0,0.2642658477444273,0.2520736439194751,0.25831263463334314,NEAR,NEAR,0.6,1,,,0.01,0
C2_n0.01_d000_r05,C2,202622,11.52,11.52,0.0,0.264800289163118,0.26750109977573455,0.260609750918941,NEAR,NEAR,0.6,1,,,0.01,0
C2_n0.01_d000_r05,C2,202622,11.54,11.54,0.0,0.2649988156630572,0.25574171174522675,0.25939274112551247,NEAR,NEAR,0.6,1,,,0.01,0
C2_n0.01_d000_r05,C2,202622,11.56,11.56,0.0,0.26485692138544975,0.26794360864371897,0.2615304580050641,NEAR,NEAR,0.6,1,,,0.01,0
C2_n0.01_d000_r05,C2,202622,11.58,11.58,0.0,0.2643778268352606,0.27047740974135753,0.26376719593913744,NEAR,NEAR,0.6,1,,,0.01,0
C2_n0.01_d000_r05,C2,202622,11.6,11.6,0.0,0.2635724057869903,0.2508450288871296,0.2605366541761355,NEAR,NEAR,0.6,1,,,0.01,0
C2_n0.01_d000_r05,C2,202622,11.62,11.62,0.0,0.2624589384879373,0.26554891506208206,0.26178971939762213,NEAR,NEAR,0.6,1,,,0.01,0
C2_n0.01_d000_r05,C2,202622,11.64,11.64,0.0,0.2610626967603726,0.28441772723752445,0.2674467213575977,NEAR,NEAR,0.6,1,,,0.01,0
C2_n0.01_d000_r05,C2,202622,11.66,11.66,0.0,0.2594153704193605,0.2481887078293522,0.2626322179755364,NEAR,NEAR,0.6,1,,,0.01,0
C2_n0.01_d000_r05,C2,202622,11.68,11.68,0.0,0.2575543480245365,0.2572040446548107,0.261275174645355,NEAR,NEAR,0.6,1,,,0.01,0
C2_n0.01_d000_r05,C2,202622,11.7,11.7,0.0,0.25552186829027024,0.2625710721053298,0.2615991490103487,NEAR,NEAR,0.6,1,,,0.01,0
C2_n0.01_d000_r05,C2,202622,11.72,11.72,0.0,0.25336406141424067,0.24827497361114984,0.258268105160549,NEAR,NEAR,0.6,1,,,0.01,0
C2_n0.01_d000_r05,C2,202622,11.74,11.74,0.0,0.25112990208291897,0.23652279205832072,0.2528317768849919,NEAR,NEAR,0.6,1,,,0.01,0
C2_n0.01_d000_r05,C2,202622,11.76,11.76,0.0,0.24887009791708103,0.24861609953038777,0.25177785754634086,NEAR,NEAR,0.6,1,,,0.01,0
C2_n0.01_d000_r05,C2,202622,11.78,11.78,0.0,0.24663593858575936,0.24091294285327883,0.24906162887307534,NEAR,NEAR,0.6,1,,,0.01,0
C2_n0.01_d000_r05,C2,202622,11.8,11.8,0.0,0.2444781317097298,0.23339466688196542,0.24514488837529785,NEAR,NEAR,0.6,1,,,0.01,0
C2_n0.01_d000_r05,C2,202622,11.82,11.82,0.0,0.24244565197546356,0.25375620191070336,0.24729771675914924,NEAR,NEAR,0.6,1,,,0.01,0
C2_n0.01_d000_r05,C2,202622,11.84,11.84,0.0,0.2405846295806395,0.23474231238951182,0.2441588656667399,NEAR,NEAR,0.6,1,,,0.01,0
C2_n0.01_d000_r05,C2,202622,11.86,11.86,0.0,0.23893730323962745,0.25027851696586007,0.24568877849151993,NEAR,NEAR,0.6,1,,,0.01,0
C2_n0.01_d000_r05,C2,202622,11.88,11.88,0.0,0.23754106151206278,0.2486186090251533,0.24642123612492828,NEAR,NEAR,0.6,1,,,0.01,0
C2_n0.01_d000_r05,C2,202622,11.9,11.9,0.0,0.23642759421300968,0.231326882416104,0.2426476476977222,NEAR,NEAR,0.6,1,,,0.01,0
C2_n0.01_d000_r05,C2,202622,11.92,11.92,0.0,0.23562217316473938,0.23756027394600868,0.24137580425979382,NEAR,NEAR,0.6,1,,,0.01,0
C2_n0.01_d000_r05,C2,202622,11.94,11.94,0.0,0.23514307861455025,0.2460872048035527,0.24255365439573356,NEAR,NEAR,0.6,1,,,0.01,0
C2_n0.01_d000_r05,C2,202622,11.96,11.96,0.0,0.23500118433694275,0.22465079557195006,0.2380779396897877,NEAR,NEAR,0.6,1,,,0.01,0
C2_n0.01_d000_r05,C2,202622,11.98,11.98,0.0,0.235199710836882,0.24297369164331603,0.2393018776781698,NEAR,NEAR,0.6,1,,,0.01,0
C2_n0.01_d000_r05,C2,202622,12.0,12.0,0.0,0.25,0.23119129958201656,0.2372742331541315,NEAR,NEAR,0.6,1,,,0.01,0
C2_n0.01_d000_r05,C2,202622,12.02,12.02,0.0,0.25175,0.25204465820752897,0.24096683941748084,NEAR,NEAR,0.6,1,,,0.01,0
C2_n0.01_d000_r05,C2,202622,12.04,12.04,0.0,0.25349999999999995,0.27120749630751073,0.2485270036399883,NEAR,NEAR,0.6,1,,,0.01,0
C2_n0.01_d000_r05,C2,202622,12.06,12.06,0.0,0.25525000000000003,0.25636850903196445,0.2504873799879824,NEAR,NEAR,0.6,1,,,0.01,0
C2_n0.01_d000_r05,C2,202622,12.08,12.08,0.0,0.257,0.2656082086589116,0.2542675871557147,NEAR,NEAR,0.6,1,,,0.01,0
C2_n0.01_d000_r05,C2,202622,12.1,12.1,0.0,0.25875,0.25043947749095985,0.253310559739526,NEAR,NEAR,0.6,1,,,0.01,0
C2_n0.01_d000_r05,C2,202622,12.12,12.12,0.0,0.26049999999999995,0.26282338873763533,0.2556887669890533,NEAR,NEAR,0.6,1,,,0.01,0
C2_n0.01_d000_r05,C2,202622,12.14,12.14,0.0,0.26225000000000004,0.24386739647348002,0.25273342436016,NEAR,NEAR,0.6,1,,,0.01,0
C2_n0.01_d000_r05,C2,202622,12.16,12.16,0.0,0.264,0.2643350870877827,0.2556338400420657,NEAR,NEAR,0.6,1,,,0.01,0
C2_n0.01_d000_r05,C2,202622,12.18,12.18,0.0,0.26575,0.24466927896592583,0.25289269977303075,NEAR,NEAR,0.6,1,,,0.01,0
C2_n0.01_d000_r05,C2,202622,12.2,12.2,0.0,0.26749999999999996,0.26718144737800803,0.2564648866742751,NEAR,NEAR,0.6,1,,,0.01,0
C2_n0.01_d000_r05,C2,202622,12.22,12.22,0.0,0.26925000000000004,0.27254317120322774,0.26048445780651325,NEAR,NEAR,0.6,1,,,0.01,0
C2_n0.01_d000_r05,C2,202622,12.24,12.24,0.0,0.271,0.2664003285201291,0.2619634254849172,NEAR,NEAR,0.6,1,,,0.01,0
C2_n0.01_d000_r05,C2,202622,12.26,12.26,0.0,0.27275,0.27774021478756084,0.2659076228105781,NEAR,NEAR,0.6,1,,,0.01,0
C2_n0.01_d000_r05,C2,202622,12.28,12.28,0.0,0.27449999999999997,0.26924038691995006,0.2667408138379211,NEAR,NEAR,0.6,1,,,0.01,0
C2_n0.01_d000_r05,C2,202622,12.3,12.3,0.0,0.27625000000000005,0.2601874846040885,0.265102481529463,NEAR,NEAR,0.6,1,,,0.01,0
C2_n0.01_d000_r05,C2,202622,12.32,12.32,0.0,0.278,0.26744801669562074,0.26568886532100244,NEAR,NEAR,0.6,1,,,0.01,0
C2_n0.01_d000_r05,C2,202622,12.34,12.34,0.0,0.27975,0.25816118254845266,0.263806944627865,NEAR,NEAR,0.6,1,,,0.01,0
C2_n0.01_d000_r05,C2,202622,12.36,12.36,0.0,0.2815,0.25778596222064254,0.2623016990260594,NEAR,NEAR,0.6,1,,,0.01,0
C2_n0.01_d000_r05,C2,202622,12.38,12.38,0.0,0.28325000000000006,0.2710745169916249,0.26449490351745075,NEAR,NEAR,0.6,1,,,0.01,0
C2_n0.01_d000_r05,C2,202622,12.4,12.4,0.0,0.28500000000000003,0.2824087506640029,0.2689733653040888,NEAR,NEAR,0.6,1,,,0.01,0
C2_n0.01_d000_r05,C2,202622,12.42,12.42,0.0,0.28675,0.26975548116861076,0.2691688942702193,NEAR,NEAR,0.6,1,,,0.01,0
C2_n0.01_d000_r05,C2,202622,12.44,12.44,0.0,0.2885,0.29128960080250277,0.27469907090329015,NEAR,NEAR,0.6,1,,,0.01,0
C2_n0.01_d000_r05,C2,202622,12.46,12.46,0.0,0.29025000000000006,0.2983437184433718,0.28061023278831054,NEAR,NEAR,0.6,1,,,0.01,0
C2_n0.01_d000_r05,C2,202622,12.48,12.48,0.0,0.29200000000000004,0.2913178131964467,0.2832871278903446,NEAR,NEAR,0.6,1,,,0.01,0
C2_n0.01_d000_r05,C2,202622,12.5,12.5,0.0,0.29375,0.27914035499562295,0.2822504346666642,NEAR,NEAR,0.6,1,,,0.01,0
C2_n0.01_d000_r05,C2,202622,12.52,12.52,0.0,0.2955,0.3052016990574878,0.2879882507643701,NEAR,NEAR,0.6,1,,,0.01,0
C2_n0.01_d000_r05,C2,202622,12.54,12.54,0.0,0.2972499999999999,0.29904991480532084,0.2907536667746078,NEAR,NEAR,0.6,1,,,0.01,0
C2_n0.01_d000_r05,C2,202622,12.56,12.56,0.0,0.29900000000000004,0.2935931149687821,0.29146352882315135,NEAR,NEAR,0.6,1,,,0.01,0
C2_n0.01_d000_r05,C2,202622,12.58,12.58,0.0,0.30075,0.2841278506708802,0.2896296092850836,NEAR,NEAR,0.6,1,,,0.01,0
C2_n0.01_d000_r05,C2,202622,12.6,12.6,0.0,0.3025,0.30032671606406863,0.2923038859798298,NEAR,NEAR,0.6,1,,,0.01,0
C2_n0.01_d000_r05,C2,202622,12.62,12.62,0.0,0.3042499999999999,0.30283197583963584,0.29493590844478135,NEAR,NEAR,0.6,1,,,0.01,0
C2_n0.01_d000_r05,C2,202622,12.64,12.64,0.0,0.30600000000000005,0.31136151893516756,0.2990423110673779,NEAR,NEAR,0.6,1,,,0.01,0
C2_n0.01_d000_r05,C2,202622,12.66,12.66,0.0,0.30775,0.3024670411047334,0.2998984935767168,NEAR,NEAR,0.6,1,,,0.01,0
C2_n0.01_d000_r05,C2,202622,12.68,12.68,0.0,0.3095,0.29604930255214273,0.29893619582057324,NEAR,NEAR,0.6,1,,,0.01,0
C2_n0.01_d000_r05,C2,202622,12.7,12.7,0.0,0.3112499999999999,0.30569775252213827,0.3006265849959645,NEAR,NEAR,0.6,1,,,0.01,0
C2_n0.01_d000_r05,C2,202622,12.72,12.72,0.0,0.31300000000000006,0.2854789349351406,0.29683967248075854,NEAR,NEAR,0.6,1,,,0.01,0
C2_n0.01_d000_r05,C2,202622,12.74,12.74,0.0,0.31475000000000003,0.3094718689330237,0.2999977215938249,NEAR,NEAR,0.6,1,,,0.01,0
C2_n0.01_d000_r05,C2,202622,12.76,12.76,0.0,0.3165,0.3302820774879624,0.30756881056735924,NEAR,NEAR,0.6,1,,,0.01,0
C2_n0.01_d000_r05,C2,202622,12.78,12.78,0.0,0.3182499999999999,0.3115023752872384,0.308552201747329,NEAR,NEAR,0.6,1,,,0.01,0
C2_n0.01_d000_r05,C2,202622,12.8,12.8,0.0,0.32000000000000006,0.32528262858710566,0.3127348084572732,NEAR,NEAR,0.6,1,,,0.01,0
C2_n0.01_d000_r05,C2,202622,12.82,12.82,0.0,0.32175000000000004,0.31743684324127563,0.3139103171532738,NEAR,NEAR,0.6,1,,,0.01,0
C2_n0.01_d000_r05,C2,202622,12.84,12.84,0.0,0.3235,0.34438844792167556,0.32152984984537425,NEAR,NEAR,0.6,1,,,0.01,0
C2_n0.01_d000_r05,C2,202622,12.86,12.86,0.0,0.32524999999999993,0.3200633839514777,0.3211632333719001,NEAR,NEAR,0.6,1,,,0.01,0
C2_n0.01_d000_r05,C2,202622,12.88,12.88,0.0,0.32700000000000007,0.32798274672859495,0.3228681117110738,NEAR,NEAR,0.6,1,,,0.01,0
C2_n0.01_d000_r05,C2,202622,12.9,12.9,0.0,0.32875000000000004,0.32586969836217433,0.3236185083738489,NEAR,NEAR,0.6,1,,,0.01,0
C2_n0.01_d000_r05,C2,202622,12.92,12.92,0.0,0.3305,0.3319832425421798,0.32570969191593163,NEAR,NEAR,0.6,1,,,0.01,0
C2_n0.01_d000_r05,C2,202622,12.94,12.94,0.0,0.33224999999999993,0.35282455938061363,0.3324884087821021,NEAR,NEAR,0.6,1,,,0.01,0
C2_n0.01_d000_r05,C2,202622,12.96,12.96,0.0,0.3340000000000001,0.33329561384364426,0.33269021004748767,NEAR,NEAR,0.6,1,,,0.01,0
C2_n0.01_d000_r05,C2,202622,12.98,12.98,0.0,0.33575000000000005,0.33318987748756645,0.33281512690750736,NEAR,NEAR,0.6,1,,,0.01,0
C2_n0.01_d000_r05,C2,202622,13.0,13.0,0.0,0.3375,0.33450183839053677,0.33323680477826473,NEAR,NEAR,0.6,1,,,0.01,0
C2_n0.01_d000_r05,C2,202622,13.02,13.02,0.0,0.33924999999999994,0.3485340414802419,0.33706111395375904,NEAR,NEAR,0.6,1,,,0.01,0
C2_n0.01_d000_r05,C2,202622,13.04,13.04,0.0,0.3409999999999999,0.33956762454441886,0.33768774160142395,NEAR,NEAR,0.6,1,,,0.01,0
C2_n0.01_d000_r05,C2,202622,13.06,13.06,0.0,0.34275000000000005,0.33024035447711164,0.33582589482034586,NEAR,NEAR,0.6,1,,,0.01,0
C2_n0.01_d000_r05,C2,202622,13.08,13.08,0.0,0.34450000000000003,0.3304672153692579,0.33448622495757385,NEAR,NEAR,0.6,1,,,0.01,0
C2_n0.01_d000_r05,C2,202622,13.1,13.1,0.0,0.34624999999999995,0.36079080603821145,0.3410623702277332,NEAR,NEAR,0.6,1,,,0.01,0
C2_n0.01_d000_r05,C2,202622,13.12,13.12,0.0,0.3479999999999999,0.3553262738903828,0.3446283461433956,NEAR,NEAR,0.6,1,,,0.01,0
C2_n0.01_d000_r05,C2,202622,13.14,13.14,0.0,0.34975000000000006,0.34122270924200815,0.3437769369180487,NEAR,NEAR,0.6,1,,,0.01,0
C2_n0.01_d000_r05,C2,202622,13.16,13.16,0.0,0.35150000000000003,0.3603833957165527,0.3479285516176747,FAR,NEAR,0.6,1,,,0.01,0
C2_n0.01_d000_r05,C2,202622,13.18,13.18,0.0,0.35324999999999995,0.36317885672533784,0.3517411278945905,FAR,NEAR,0.6,1,,,0.01,0
C2_n0.01_d000_r05,C2,202622,13.2,13.2,0.0,0.3549999999999999,0.3438468647913487,0.34976756211878,FAR,NEAR,0.6,1,,,0.01,0
C2_n0.01_d000_r05,C2,202622,13.22,13.22,0.0,0.35675000000000007,0.3453256630033984,0.3486570873399346,FAR,NEAR,0.6,1,,,0.01,0
C2_n0.01_d000_r05,C2,202622,13.24,13.24,0.0,0.35850000000000004,0.3728759966545688,0.35471181466859314,FAR,NEAR,0.6,1,,,0.01,0
C2_n0.01_d000_r05,C2,202622,13.26,13.26,0.0,0.36024999999999996,0.3565011027852059,0.35515913669774635,FAR,NEAR,0.6,1,,,0.01,0
C2_n0.01_d000_r05,C2,202622,13.28,13.28,0.0,0.36199999999999993,0.3528172809637463,0.35457367276424634,FAR,NEAR,0.6,1,,,0.01,0
C2_n0.01_d000_r05,C2,202622,13.3,13.3,0.0,0.3637500000000001,0.3591080389924358,0.35570726432129374,FAR,NEAR,0.6,1,,,0.01,0
C2_n0.01_d000_r05,C2,202622,13.32,13.32,0.0,0.36550000000000005,0.38174410601022835,0.36221647474352736,FAR,NEAR,0.6,1,,,0.01,0
C2_n0.01_d000_r05,C2,202622,13.34,13.34,0.0,0.36724999999999997,0.3710414049435627,0.3644227072935362,FAR,NEAR,0.6,1,,,0.01,0
C2_n0.01_d000_r05,C2,202622,13.36,13.36,0.0,0.36899999999999994,0.37518813730543976,0.3671140647965121,FAR,NEAR,0.6,1,,,0.01,0
C2_n0.01_d000_r05,C2,202622,13.38,13.38,0.0,0.3707500000000001,0.3749935841722962,0.36908394464045813,FAR,NEAR,0.6,1,,,0.01,0
C2_n0.01_d000_r05,C2,202622,13.4,13.4,0.0,0.37250000000000005,0.37640330516952797,0.3709137847727256,FAR,NEAR,0.6,1,,,0.01,0
C2_n0.01_d000_r05,C2,202622,13.42,13.42,0.0,0.37424999999999997,0.3696415054259847,0.3705957149360404,FAR,NEAR,0.6,1,,,0.01,0
C2_n0.01_d000_r05,C2,202622,13.44,13.44,0.0,0.37599999999999995,0.37899956724673434,0.37269667801371387,FAR,NEAR,0.6,1,,,0.01,0
C2_n0.01_d000_r05,C2,202622,13.46,13.46,0.0,0.37775000000000003,0.3705516427383807,0.3721604191948805,FAR,NEAR,0.6,1,,,0.01,0
C2_n0.01_d000_r05,C2,202622,13.48,13.48,0.0,0.37950000000000006,0.37819284150468013,0.37366852477233037,FAR,NEAR,0.6,1,,,0.01,0
C2_n0.01_d000_r05,C2,202622,13.5,13.5,0.0,0.38125,0.38148437888028225,0.3756224882993183,FAR,NEAR,0.6,1,,,0.01,0
C2_n0.01_d000_r05,C2,202622,13.52,13.52,0.0,0.38299999999999995,0.38430692277906053,0.3777935969192539,FAR,NEAR,0.6,1,,,0.01,0
C2_n0.01_d000_r05,C2,202622,13.54,13.54,0.0,0.3847499999999999,0.3791009217950715,0.37812042813820834,FAR,NEAR,0.6,1,,,0.01,0
C2_n0.01_d000_r05,C2,202622,13.56,13.56,0.0,0.38650000000000007,0.3806524990479346,0.37875344586563986,FAR,NEAR,0.6,1,,,0.01,0
C2_n0.01_d000_r05,C2,202622,13.58,13.58,0.0,0.38825,0.375069176844276,0.3778323786102989,FAR,NEAR,0.6,1,,,0.01,0
C2_n0.01_d000_r05,C2,202622,13.6,13.6,0.0,0.38999999999999996,0.38394307592798504,0.3793600529397204,FAR,NEAR,0.6,1,,,0.01,0
C2_n0.01_d000_r05,C2,202622,13.62,13.62,0.0,0.39174999999999993,0.3807359968202585,0.37970403890985494,FAR,NEAR,0.6,1,,,0.01,0
C2_n0.01_d000_r05,C2,202622,13.64,13.64,0.0,0.39350000000000007,0.3910041235875762,0.3825290600792852,FAR,FAR,0.0,1,EXIT_NEAR,,0.01,0
C2_n0.01_d000_r05,C2,202622,13.66,13.66,0.0,0.39525,0.38863977249188714,0.3840567381824357,FAR,FAR,0.0,1,,,0.01,0
C2_n0.01_d000_r05,C2,202622,13.68,13.68,0.0,0.39699999999999996,0.39553830929733214,0.38692713096115977,FAR,FAR,0.0,1,,,0.01,0
C2_n0.01_d000_r05,C2,202622,13.7,13.7,0.0,0.39874999999999994,0.3853320502001812,0.3865283607709151,FAR,FAR,0.0,1,,,0.01,0
C2_n0.01_d000_r05,C2,202622,13.72,13.72,0.0,0.4005000000000001,0.39801820636371593,0.3894008221691153,FAR,FAR,0.0,1,,,0.01,0
C2_n0.01_d000_r05,C2,202622,13.74,13.74,0.0,0.40225,0.40444470670411786,0.393161793302866,FAR,FAR,0.0,1,,,0.01,0
C2_n0.01_d000_r05,C2,202622,13.76,13.76,0.0,0.40399999999999997,0.40439675374020495,0.39597053341220073,FAR,FAR,0.0,1,,,0.01,0
C2_n0.01_d000_r05,C2,202622,13.78,13.78,0.0,0.40574999999999994,0.39488609182849316,0.3956994230162738,FAR,FAR,0.0,1,,,0.01,0
C2_n0.01_d000_r05,C2,202622,13.8,13.8,0.0,0.4075000000000001,0.39496789616849115,0.3955165413043281,FAR,FAR,0.0,1,,,0.01,0
C2_n0.01_d000_r05,C2,202622,13.82,13.82,0.0,0.40925,0.4206766668887745,0.4018065727004397,FAR,FAR,0.0,1,,,0.01,0
C2_n0.01_d000_r05,C2,202622,13.84,13.84,0.0,0.411,0.38868651256477293,0.398526557666523,FAR,FAR,0.0,1,,,0.01,0
C2_n0.01_d000_r05,C2,202622,13.86,13.86,0.0,0.41274999999999995,0.4219252539124548,0.4043762317280059,FAR,FAR,0.0,1,,,0.01,0
C2_n0.01_d000_r05,C2,202622,13.88,13.88,0.0,0.4145000000000001,0.41524434679405137,0.4070932604945173,FAR,FAR,0.0,1,,,0.01,0
C2_n0.01_d000_r05,C2,202622,13.9,13.9,0.0,0.41625,0.42841537082987535,0.4124237880783568,FAR,FAR,0.0,1,,,0.01,0
C2_n0.01_d000_r05,C2,202622,13.92,13.92,0.0,0.418,0.40506367892315265,0.4105837607895557,FAR,FAR,0.0,1,,,0.01,0
C2_n0.01_d000_r05,C2,202622,13.94,13.94,0.0,0.41974999999999996,0.4208505070934592,0.4131504473655316,FAR,FAR,0.0,1,,,0.01,0
C2_n0.01_d000_r05,C2,202622,13.96,13.96,0.0,0.4215000000000001,0.4224365615785329,0.4154719759187819,FAR,FAR,0.0,1,,,0.01,0
C2_n0.01_d000_r05,C2,202622,13.98,13.98,0.0,0.42325,0.4150068438313256,0.41535569289691776,FAR,FAR,0.0,1,,,0.01,0
C2_n0.01_d000_r05,C2,202622,14.0,14.0,0.0,0.425,0.43980320558327113,0.4214675710685061,FAR,FAR,0.0,1,,,0.01,0
C2_n0.01_d000_r05,C2,202622,14.02,14.02,0.0,0.42674999999999996,0.4429840323875878,0.4268466863982765,FAR,FAR,0.0,1,,,0.01,0
C2_n0.01_d000_r05,C2,202622,14.04,14.04,0.0,0.4284999999999999,0.4133187069726103,0.42346469154185995,FAR,FAR,0.0,1,,,0.01,0
C2_n0.01_d000_r05,C2,202622,14.06,14.06,0.0,0.43025,0.4196746172127203,0.4225171729595751,FAR,FAR,0.0,1,,,0.01,0
C2_n0.01_d000_r05,C2,202622,14.08,14.08,0.0,0.432,0.42816188903546,0.4239283519785463,FAR,FAR,0.0,1,,,0.01,0
C2_n0.01_d000_r05,C2,202622,14.1,14.1,0.0,0.43374999999999997,0.45519497678740056,0.43174500818075984,FAR,FAR,0.0,1,,,0.01,0
C2_n0.01_d000_r05,C2,202622,14.12,14.12,0.0,0.4354999999999999,0.42473946308618354,0.42999362190711576,FAR,FAR,0.0,1,,,0.01,0
C2_n0.01_d000_r05,C2,202622,14.14,14.14,0.0,0.43725,0.437131259410876,0.43177803128305586,FAR,FAR,0.0,1,,,0.01,0
C2_n0.01_d000_r05,C2,202622,14.16,14.16,0.0,0.439,0.42980068297330476,0.4312836942056181,FAR,FAR,0.0,1,,,0.01,0
C2_n0.01_d000_r05,C2,202622,14.18,14.18,0.0,0.44075,0.4463037804206256,0.43503871575937,FAR,FAR,0.0,1,,,0.01,0
C2_n0.01_d000_r05,C2,202622,14.2,14.2,0.0,0.4424999999999999,0.43668811075587444,0.4354510645084961,FAR,FAR,0.0,1,,,0.01,0
C2_n0.01_d000_r05,C2,202622,14.22,14.22,0.0,0.44425000000000003,0.44591551684982095,0.4380671775938273,FAR,FAR,0.0,1,,,0.01,0
C2_n0.01_d000_r05,C2,202622,14.24,14.24,0.0,0.446,0.4673410012795063,0.445385633515247,FAR,FAR,0.0,1,,,0.01,0
C2_n0.01_d000_r05,C2,202622,14.26,14.26,0.0,0.44775,0.45084552519392523,0.44675060643491654,FAR,FAR,0.0,1,,,0.01,0
C2_n0.01_d000_r05,C2,202622,14.28,14.28,0.0,0.4494999999999999,0.44435611729401825,0.446151984149692,FAR,FAR,0.0,1,,,0.01,0
C2_n0.01_d000_r05,C2,202622,14.3,14.3,0.0,0.45125000000000004,0.4420893086938698,0.44513631528573644,FAR,FAR,0.0,1,,,0.01,0
C2_n0.01_d000_r05,C2,202622,14.32,14.32,0.0,0.453,0.46269952335097175,0.4495271173020453,FAR,FAR,0.0,1,,,0.01,0
C2_n0.01_d000_r05,C2,202622,14.34,14.34,0.0,0.45475,0.4597400815739175,0.45208035837001337,FAR,FAR,0.0,1,,,0.01,0
C2_n0.01_d000_r05,C2,202622,14.36,14.36,0.0,0.4564999999999999,0.4527542686141496,0.4522488359310475,FAR,FAR,0.0,1,,,0.01,0
C2_n0.01_d000_r05,C2,202622,14.38,14.38,0.0,0.45825000000000005,0.47759815638412073,0.4585861660443158,FAR,FAR,0.0,1,,,0.01,0
C2_n0.01_d000_r05,C2,202622,14.4,14.4,0.0,0.46,0.4652381090617259,0.4602491517986683,FAR,FAR,0.0,1,,,0.01,0
C2_n0.01_d000_r05,C2,202622,14.42,14.42,0.0,0.46175,0.4674384717111073,0.46204648177677804,FAR,FAR,0.0,1,,,0.01,0
C2_n0.01_d000_r05,C2,202622,14.44,14.44,0.0,0.4634999999999999,0.449256775073442,0.45884905510094404,FAR,FAR,0.0,1,,,0.01,0
C2_n0.01_d000_r05,C2,202622,14.46,14.46,0.0,0.46525000000000005,0.466465577328214,0.4607531856577615,FAR,FAR,0.0,1,,,0.01,0
C2_n0.01_d000_r05,C2,202622,14.48,14.48,0.0,0.467,0.47785568048487936,0.46502880936454094,FAR,FAR,0.0,1,,,0.01,0
C2_n0.01_d000_r05,C2,202622,14.5,14.5,0.0,0.46875,0.46172197286119343,0.46420210023870406,FAR,FAR,0.0,1,,,0.01,0
C2_n0.01_d000_r05,C2,202622,14.52,14.52,0.0,0.4704999999999999,0.46031607240928446,0.4632305932813492,FAR,FAR,0.0,1,,,0.01,0
C2_n0.01_d000_r05,C2,202622,14.54,14.54,0.0,0.47224999999999995,0.46499972791177324,0.4636728769389552,FAR,FAR,0.0,1,,,0.01,0
C2_n0.01_d000_r05,C2,202622,14.56,14.56,0.0,0.47400000000000003,0.4612806176431429,0.4630748121150021,FAR,FAR,0.0,1,,,0.01,0
C2_n0.01_d000_r05,C2,202622,14.58,14.58,0.0,0.47575,0.4997560326126822,0.47224511723942214,FAR,FAR,0.0,1,,,0.01,0
C2_n0.01_d000_r05,C2,202622,14.6,14.6,0.0,0.4774999999999999,0.47690447834640287,0.4734099575161673,FAR,FAR,0.0,1,,,0.01,0
C2_n0.01_d000_r05,C2,202622,14.62,14.62,0.0,0.47924999999999995,0.4741686119885,0.47359962113425047,FAR,FAR,0.0,1,,,0.01,0
C2_n0.01_d000_r05,C2,202622,14.64,14.64,0.0,0.48100000000000004,0.48209484574434025,0.47572342728677297,FAR,FAR,0.0,1,,,0.01,0
C2_n0.01_d000_r05,C2,202622,14.66,14.66,0.0,0.48275,0.4913512552503405,0.47963038427766486,FAR,FAR,0.0,1,,,0.01,0
C2_n0.01_d000_r05,C2,202622,14.68,14.68,0.0,0.48449999999999993,0.4928897737028964,0.48294523163397274,FAR,FAR,0.0,1,,,0.01,0
C2_n0.01_d000_r05,C2,202622,14.7,14.7,0.0,0.48624999999999996,0.4874856557345486,0.4840803376591167,FAR,FAR,0.0,1,,,0.01,0
C2_n0.01_d000_r05,C2,202622,14.72,14.72,0.0,0.48800000000000004,0.4938370476068612,0.4865195151460528,FAR,FAR,0.0,1,,,0.01,0
C2_n0.01_d000_r05,C2,202622,14.74,14.74,0.0,0.48975,0.49587503794486554,0.48885839584575597,FAR,FAR,0.0,1,,,0.01,0
C2_n0.01_d000_r05,C2,202622,14.76,14.76,0.0,0.49149999999999994,0.4954054849118631,0.4904951681122828,FAR,FAR,0.0,1,,,0.01,0
C2_n0.01_d000_r05,C2,202622,14.78,14.78,0.0,0.49324999999999997,0.4915831700545783,0.49076716859785663,FAR,FAR,0.0,1,,,0.01,0
C2_n0.01_d000_r05,C2,202622,14.8,14.8,0.0,0.49500000000000005,0.4975365070775042,0.49245950321776855,FAR,FAR,0.0,1,,,0.01,0
C2_n0.01_d000_r05,C2,202622,14.82,14.82,0.0,0.49675,0.5001581317468561,0.4943841603500404,FAR,FAR,0.0,1,,,0.01,0
C2_n0.01_d000_r05,C2,202622,14.84,14.84,0.0,0.49849999999999994,0.5037592578723301,0.49672793473061283,FAR,FAR,0.0,1,,,0.01,0
C2_n0.01_d000_r05,C2,202622,14.86,14.86,0.0,0.5002499999999999,0.49267818776760064,0.4957154979898598,FAR,FAR,0.0,1,,,0.01,0
C2_n0.01_d000_r05,C2,202622,14.88,14.88,0.0,0.502,0.4945837200504021,0.4954325535049954,FAR,FAR,0.0,1,,,0.01,0
C2_n0.01_d000_r05,C2,202622,14.9,14.9,0.0,0.50375,0.5026164640743521,0.49722853114733456,FAR,FAR,0.0,1,,,0.01,0
C2_n0.01_d000_r05,C2,202622,14.92,14.92,0.0,0.5055000000000001,0.4958182956175257,0.49687597226488234,FAR,FAR,0.0,1,,,0.01,0
C2_n0.01_d000_r05,C2,202622,14.94,14.94,0.0,0.50725,0.5091645414784167,0.49994811456826593,FAR,FAR,0.0,1,,,0.01,0
C2_n0.01_d000_r05,C2,202622,14.96,14.96,0.0,0.5090000000000001,0.5064748184734207,0.5015797905445547,FAR,FAR,0.0,1,,,0.01,0
C2_n0.01_d000_r05,C2,202622,14.98,14.98,0.0,0.51075,0.518090258854385,0.5057074076220123,FAR,FAR,0.0,1,,,0.01,0
C2_n0.01_d000_r05,C2,202622,15.0,15.0,0.0,0.5125,0.5256295760758697,0.5106879497354766,FAR,FAR,0.0,1,,,0.01,0
C2_n0.01_d000_r05,C2,202622,15.02,15.02,0.0,0.5142499999999999,0.5249998193203015,0.5142659171316828,FAR,FAR,0.0,1,,,0.01,0
C2_n0.01_d000_r05,C2,202622,15.04,15.04,0.0,0.5159999999999999,0.5189632380272254,0.5154402473555685,FAR,FAR,0.0,1,,,0.01,0
C2_n0.01_d000_r05,C2,202622,15.06,15.06,0.0,0.51775,0.512036518133348,0.5145893150500134,FAR,FAR,0.0,1,,,0.01,0
C2_n0.01_d000_r05,C2,202622,15.08,15.08,0.0,0.5195,0.5266047244093036,0.517593167389836,FAR,FAR,0.0,1,,,0.01,0
C2_n0.01_d000_r05,C2,202622,15.1,15.1,0.0,0.52125,0.5262702843441603,0.5197624466284171,FAR,FAR,0.0,1,,,0.01,0
C2_n0.01_d000_r05,C2,202622,15.12,15.12,0.0,0.5229999999999999,0.5147541939385959,0.5185103834559618,FAR,FAR,0.0,1,,,0.01,0
C2_n0.01_d000_r05,C2,202622,15.14,15.14,0.0,0.52475,0.5487509528138964,0.5260705257954454,FAR,FAR,0.0,1,,,0.01,0
C2_n0.01_d000_r05,C2,202622,15.16,15.16,0.0,0.5265,0.5211380215321626,0.5248373997296247,FAR,FAR,0.0,1,,,0.01,0
C2_n0.01_d000_r05,C2,202622,15.18,15.18,0.0,0.5282499999999999,0.5310320870796938,0.526386071567142,FAR,FAR,0.0,1,,,0.01,0
C2_n0.01_d000_r05,C2,202622,15.2,15.2,0.0,0.5299999999999999,0.5370816840276506,0.5290599746822692,FAR,FAR,0.0,1,,,0.01,0
C2_n0.01_d000_r05,C2,202622,15.22,15.22,0.0,0.5317500000000001,0.5275558306099265,0.5286839386641835,FAR,FAR,0.0,1,,,0.01,0
C2_n0.01_d000_r05,C2,202622,15.24,15.24,0.0,0.5335,0.5263208784064133,0.528093173599741,FAR,FAR,0.0,1,,,0.01,0
C2_n0.01_d000_r05,C2,202622,15.26,15.26,0.0,0.53525,0.5313396252451514,0.5289047865110936,FAR,FAR,0.0,1,,,0.01,0
C2_n0.01_d000_r05,C2,202622,15.28,15.28,0.0,0.5369999999999999,0.543668519797167,0.532595719832612,FAR,FAR,0.0,1,,,0.01,0
C2_n0.01_d000_r05,C2,202622,15.3,15.3,0.0,0.5387500000000001,0.5511221873643152,0.5372273367155378,FAR,FAR,0.0,1,,,0.01,0
C2_n0.01_d000_r05,C2,202622,15.32,15.32,0.0,0.5405,0.5343045642365007,0.5364966435957785,FAR,FAR,0.0,1,,,0.01,0
C2_n0.01_d000_r05,C2,202622,15.34,15.34,0.0,0.5422499999999999,0.535801834378204,0.5363229412913849,FAR,FAR,0.0,1,,,0.01,0
C2_n0.01_d000_r05,C2,202622,15.36,15.36,0.0,0.5439999999999999,0.5519503649494698,0.5402297972059061,FAR,FAR,0.0,1,,,0.01,0
C2_n0.01_d000_r05,C2,202622,15.38,15.38,0.0,0.5457500000000001,0.5422919383132919,0.5407453324827526,FAR,FAR,0.0,1,,,0.01,0
C2_n0.01_d000_r05,C2,202622,15.4,15.4,0.0,0.5475,0.5365358374800813,0.5396929587320847,FAR,FAR,0.0,1,,,0.01,0
C2_n0.01_d000_r05,C2,202622,15.42,15.42,0.0,0.54925,0.5510907375368473,0.5425424034332753,FAR,FAR,0.0,1,,,0.01,0
C2_n0.01_d000_r05,C2,202622,15.44,15.44,0.0,0.5509999999999999,0.5623360807085006,0.5474908227520816,FAR,FAR,0.0,1,,,0.01,0
C2_n0.01_d000_r05,C2,202622,15.46,15.46,0.0,0.5527500000000001,0.5513986665524551,0.548467783702175,FAR,FAR,0.0,1,,,0.01,0
C2_n0.01_d000_r05,C2,202622,15.48,15.48,0.0,0.5545,0.5378241077752578,0.5458068647204457,FAR,FAR,0.0,1,,,0.01,0
C2_n0.01_d000_r05,C2,202622,15.5,15.5,0.0,0.5562499999999999,0.5507248861429072,0.5470363700760611,FAR,FAR,0.0,1,,,0.01,0
C2_n0.01_d000_r05,C2,202622,15.52,15.52,0.0,0.5579999999999999,0.570393224245165,0.552875583618337,FAR,FAR,0.0,1,,,0.01,0
C2_n0.01_d000_r05,C2,202622,15.54,15.54,0.0,0.55975,0.5479594075827015,0.5516465396094281,FAR,FAR,0.0,1,,,0.01,0
C2_n0.01_d000_r05,C2,202622,15.56,15.56,0.0,0.5615,0.5710434206778261,0.5564957598765277,FAR,FAR,0.0,1,,,0.01,0
C2_n0.01_d000_r05,C2,202622,15.58,15.58,0.0,0.56325,0.5653055754699902,0.5586982137748933,FAR,FAR,0.0,1,,,0.01,0
C2_n0.01_d000_r05,C2,202622,15.6,15.6,0.0,0.565,0.5619848214114007,0.5595198656840201,FAR,FAR,0.0,1,,,0.01,0
C2_n0.01_d000_r05,C2,202622,15.62,15.62,0.0,0.5667499999999999,0.580360636540271,0.5647300583980829,FAR,FAR,0.0,1,,,0.01,0
C2_n0.01_d000_r05,C2,202622,15.64,15.64,0.0,0.5685,0.5810689309363074,0.568814776532639,FAR,FAR,0.0,1,,,0.01,0
C2_n0.01_d000_r05,C2,202622,15.66,15.66,0.0,0.5702499999999999,0.576018723853724,0.5706157633629103,FAR,FAR,0.0,1,,,0.01,0
C2_n0.01_d000_r05,C2,202622,15.68,15.68,0.0,0.572,0.5833511507153376,0.5737996102010171,FAR,FAR,0.0,1,,,0.01,0
C2_n0.01_d000_r05,C2,202622,15.7,15.7,0.0,0.57375,0.5782184281764835,0.5749043146948838,FAR,FAR,0.0,1,,,0.01,0
C2_n0.01_d000_r05,C2,202622,15.72,15.72,0.0,0.5755,0.586535875009456,0.5778122047735268,FAR,FAR,0.0,1,,,0.01,0
C2_n0.01_d000_r05,C2,202622,15.74,15.74,0.0,0.57725,0.5807261003599935,0.5785406786701435,FAR,FAR,0.0,1,,,0.01,0
C2_n0.01_d000_r05,C2,202622,15.76,15.76,0.0,0.579,0.5873987499426147,0.5807551964882612,FAR,FAR,0.0,1,,,0.01,0
C2_n0.01_d000_r05,C2,202622,15.78,15.78,0.0,0.5807499999999999,0.582821731110673,0.5812718301438642,FAR,FAR,0.0,1,,,0.01,0
C2_n0.01_d000_r05,C2,202622,15.8,15.8,0.0,0.5825,0.5886732025002931,0.5831221732329714,FAR,FAR,0.0,1,,,0.01,0
C2_n0.01_d000_r05,C2,202622,15.82,15.82,0.0,0.5842499999999999,0.5824796017717064,0.5829615303676552,FAR,FAR,0.0,1,,,0.01,0
C2_n0.01_d000_r05,C2,202622,15.84,15.84,0.0,0.586,0.6115734781592777,0.5901145173155609,FAR,FAR,0.0,1,,,0.01,0
C2_n0.01_d000_r05,C2,202622,15.86,15.86,0.0,0.58775,0.5893797888981984,0.5899308352112203,FAR,FAR,0.0,1,,,0.01,0
C2_n0.01_d000_r05,C2,202622,15.88,15.88,0.0,0.5895,0.5780005246667844,0.5869482575751113,FAR,FAR,0.0,1,,,0.01,0
C2_n0.01_d000_r05,C2,202622,15.9,15.9,0.0,0.59125,0.5885029785096105,0.5873369378087361,FAR,FAR,0.0,1,,,0.01,0
C2_n0.01_d000_r05,C2,202622,15.92,15.92,0.0,0.593,0.5877545919822716,0.58744135135212,FAR,FAR,0.0,1,,,0.01,0
C2_n0.01_d000_r05,C2,202622,15.94,15.94,0.0,0.5947499999999999,0.5982238184231565,0.5901369681198791,FAR,FAR,0.0,1,,,0.01,0
C2_n0.01_d000_r05,C2,202622,15.96,15.96,0.0,0.5965,0.6013938353340224,0.5929511849234149,FAR,FAR,0.0,1,,,0.01,0
C2_n0.01_d000_r05,C2,202622,15.98,15.98,0.0,0.59825,0.611889756089971,0.5976858277150539,FAR,FAR,0.0,1,,,0.01,0
C2_n0.01_d000_r05,C2,202622,16.0,16.0,0.0,0.6,0.60036396312943,0.5983553615686479,FAR,FAR,0.0,1,,,0.01,0
C2_n0.01_d000_r05,C2,202622,16.02,16.02,0.0,0.6,0.5951899928811303,0.5975640193967685,FAR,FAR,0.0,1,,,0.01,0
C2_n0.01_d000_r05,C2,202622,16.04,16.04,0.0,0.6,0.5929632414997028,0.5964138249225022,FAR,FAR,0.0,1,,,0.01,0
C2_n0.01_d000_r05,C2,202622,16.06,16.06,0.0,0.6,0.5989078026334729,0.5970373193502448,FAR,FAR,0.0,1,,,0.01,0
C2_n0.01_d000_r05,C2,202622,16.08,16.08,0.0,0.6,0.600354763585589,0.5978666804090809,FAR,FAR,0.0,1,,,0.01,0
C2_n0.01_d000_r05,C2,202622,16.1,16.1,0.0,0.6,0.5972470257632108,0.5977117667476133,FAR,FAR,0.0,1,,,0.01,0
C2_n0.01_d000_r05,C2,202622,16.12,16.12,0.0,0.6,0.5968818625584583,0.5975042907003245,FAR,FAR,0.0,1,,,0.01,0
C2_n0.01_d000_r05,C2,202622,16.14,16.14,0.0,0.6,0.6002393350750803,0.5981880517940135,FAR,FAR,0.0,1,,,0.01,0
C2_n0.01_d000_r05,C2,202622,16.16,16.16,0.0,0.6,0.595941887137168,0.5976265106298021,FAR,FAR,0.0,1,,,0.01,0
C2_n0.01_d000_r05,C2,202622,16.18,16.18,0.0,0.6,0.6043349848757403,0.5993036291912867,FAR,FAR,0.0,1,,,0.01,0
C2_n0.01_d000_r05,C2,202622,16.2,16.2,0.0,0.6,0.6013007133466806,0.5998029002301352,FAR,FAR,0.0,1,,,0.01,0
C2_n0.01_d000_r05,C2,202622,16.22,16.22,0.0,0.6,0.5891575563053508,0.597141564248939,FAR,FAR,0.0,1,,,0.01,0
C2_n0.01_d000_r05,C2,202622,16.24,16.24,0.0,0.6,0.5885841100625068,0.595002200702331,FAR,FAR,0.0,1,,,0.01,0
C2_n0.01_d000_r05,C2,202622,16.26,16.26,0.0,0.6,0.6035721461762245,0.5971446870708044,FAR,FAR,0.0,1,,,0.01,0
C2_n0.01_d000_r05,C2,202622,16.28,16.28,0.0,0.6,0.6138147464100387,0.601312201905613,FAR,FAR,0.0,1,,,0.01,0
C2_n0.01_d000_r05,C2,202622,16.3,16.3,0.0,0.6,0.5899759793932331,0.5984781462775179,FAR,FAR,0.0,1,,,0.01,0
C2_n0.01_d000_r05,C2,202622,16.32,16.32,0.0,0.6,0.6034636080892712,0.5997245117304563,FAR,FAR,0.0,1,,,0.01,0
C2_n0.01_d000_r05,C2,202622,16.34,16.34,0.0,0.6,0.6049574746621663,0.6010327524633837,FAR,FAR,0.0,1,,,0.01,0
C2_n0.01_d000_r05,C2,202622,16.36,16.36,0.0,0.6,0.5834611118966915,0.5966398423217107,FAR,FAR,0.0,1,,,0.01,0
C2_n0.01_d000_r05,C2,202622,16.38,16.38,0.0,0.6,0.6069180198477635,0.599209386703224,FAR,FAR,0.0,1,,,0.01,0
C2_n0.01_d000_r05,C2,202622,16.4,16.4,0.0,0.6,0.5983742902103899,0.5990006125800155,FAR,FAR,0.0,1,,,0.01,0
C2_n0.01_d000_r05,C2,202622,16.42,16.42,0.0,0.6,0.6077916631800451,0.601198375230023,FAR,FAR,0.0,1,,,0.01,0
C2_n0.01_d000_r05,C2,202622,16.44,16.44,0.0,0.6,0.5947268259111375,0.5995804879003016,FAR,FAR,0.0,1,,,0.01,0
C2_n0.01_d000_r05,C2,202622,16.46,16.46,0.0,0.6,0.5974025268453915,0.5990359976365741,FAR,FAR,0.0,1,,,0.01,0
C2_n0.01_d000_r05,C2,202622,16.48,16.48,0.0,0.6,0.5841219234111359,0.5953074790802146,FAR,FAR,0.0,1,,,0.01,0
C2_n0.01_d000_r05,C2,202622,16.5,16.5,0.0,0.6,0.6030425994895489,0.5972412591825482,FAR,FAR,0.0,1,,,0.01,0
C2_n0.01_d000_r05,C2,202622,16.52,16.52,0.0,0.6,0.5850778675572441,0.5942004112762223,FAR,FAR,0.0,1,,,0.01,0
C2_n0.01_d000_r05,C2,202622,16.54,16.54,0.0,0.6,0.5805384094114084,0.5907849108100188,FAR,FAR,0.0,1,,,0.01,0
C2_n0.01_d000_r05,C2,202622,16.56,16.56,0.0,0.6,0.58548577502544,0.5894601268638742,FAR,FAR,0.0,1,,,0.01,0
C2_n0.01_d000_r05,C2,202622,16.58,16.58,0.0,0.6,0.6064211750917913,0.5937003889208534,FAR,FAR,0.0,1,,,0.01,0
C2_n0.01_d000_r05,C2,202622,16.6,16.6,0.0,0.6,0.6099627429710472,0.5977659774334019,FAR,FAR,0.0,1,,,0.01,0
C2_n0.01_d000_r05,C2,202622,16.62,16.62,0.0,0.6,0.5847666846628501,0.594516154240764,FAR,FAR,0.0,1,,,0.01,0
C2_n0.01_d000_r05,C2,202622,16.64,16.64,0.0,0.6,0.6017943978471227,0.5963357151423536,FAR,FAR,0.0,1,,,0.01,0
C2_n0.01_d000_r05,C2,202622,16.66,16.66,0.0,0.6,0.6138743509957274,0.600720374105697,FAR,FAR,0.0,1,,,0.01,0
C2_n0.01_d000_r05,C2,202622,16.68,16.68,0.0,0.6,0.5984034171368368,0.600141134863482,FAR,FAR,0.0,1,,,0.01,0
C2_n0.01_d000_r05,C2,202622,16.7,16.7,0.0,0.6,0.6060713946920882,0.6016236998206335,FAR,FAR,0.0,1,,,0.01,0
C2_n0.01_d000_r05,C2,202622,16.72,16.72,0.0,0.6,0.6049723589678285,0.6024608646074322,FAR,FAR,0.0,1,,,0.01,0
C2_n0.01_d000_r05,C2,202622,16.74,16.74,0.0,0.6,0.5856568019184161,0.5982598489351783,FAR,FAR,0.0,1,,,0.01,0
C2_n0.01_d000_r05,C2,202622,16.76,16.76,0.0,0.6,0.597818665723881,0.598149553132354,FAR,FAR,0.0,1,,,0.01,0
C2_n0.01_d000_r05,C2,202622,16.78,16.78,0.0,0.6,0.6051380184993829,0.5998966694741112,FAR,FAR,0.0,1,,,0.01,0
C2_n0.01_d000_r05,C2,202622,16.8,16.8,0.0,0.6,0.6089982425787633,0.6021720627502742,FAR,FAR,0.0,1,,,0.01,0
C2_n0.01_d000_r05,C2,202622,16.82,16.82,0.0,0.6,0.6090428713600224,0.6038897649027113,FAR,FAR,0.0,1,,,0.01,0
C2_n0.01_d000_r05,C2,202622,16.84,16.84,0.0,0.6,0.5900561813456696,0.6004313690134508,FAR,FAR,0.0,1,,,0.01,0
C2_n0.01_d000_r05,C2,202622,16.86,16.86,0.0,0.6,0.6098444361400973,0.6027846357951124,FAR,FAR,0.0,1,,,0.01,0
C2_n0.01_d000_r05,C2,202622,16.88,16.88,0.0,0.6,0.5985106076522586,0.6017161287593991,FAR,FAR,0.0,1,,,0.01,0
C2_n0.01_d000_r05,C2,202622,16.9,16.9,0.0,0.6,0.6074593489979113,0.6031519338190271,FAR,FAR,0.0,1,,,0.01,0
C2_n0.01_d000_r05,C2,202622,16.92,16.92,0.0,0.6,0.5874368790762723,0.5992231701333384,FAR,FAR,0.0,1,,,0.01,0
C2_n0.01_d000_r05,C2,202622,16.94,16.94,0.0,0.6,0.5964103912231384,0.5985199754057884,FAR,FAR,0.0,1,,,0.01,0
C2_n0.01_d000_r05,C2,202622,16.96,16.96,0.0,0.6,0.6139900483179482,0.6023874936338284,FAR,FAR,0.0,1,,,0.01,0
C2_n0.01_d000_r05,C2,202622,16.98,16.98,0.0,0.6,0.6336388028806103,0.6102003209455239,FAR,FAR,0.0,1,,,0.01,0
C2_n0.01_d000_r05,C2,202622,17.0,17.0,0.0,0.6,0.6025503963980423,0.6082878398086535,FAR,FAR,0.0,1,,,0.01,0
C2_n0.01_d000_r05,C2,202622,17.02,17.02,0.0,0.6,0.5887525779492055,0.6034040243437915,FAR,FAR,0.0,1,,,0.01,0
C2_n0.01_d000_r05,C2,202622,17.04,17.04,0.0,0.6,0.5908692353226976,0.600270327088518,FAR,FAR,0.0,1,,,0.01,0
C2_n0.01_d000_r05,C2,202622,17.06,17.06,0.0,0.6,0.5981165355067766,0.5997318791930826,FAR,FAR,0.0,1,,,0.01,0
C2_n0.01_d000_r05,C2,202622,17.08,17.08,0.0,0.6,0.6109933813407793,0.6025472547300068,FAR,FAR,0.0,1,,,0.01,0
C2_n0.01_d000_r05,C2,202622,17.1,17.1,0.0,0.6,0.60516097385832,0.6032006845120851,FAR,FAR,0.0,1,,,0.01,0
C2_n0.01_d000_r05,C2,202622,17.12,17.12,0.0,0.6,0.6022229949698729,0.6029562621265321,FAR,FAR,0.0,1,,,0.01,0
C2_n0.01_d000_r05,C2,202622,17.14,17.14,0.0,0.6,0.5972239516068218,0.6015231844966045,FAR,FAR,0.0,1,,,0.01,0
C2_n0.01_d000_r05,C2,202622,17.16,17.16,0.0,0.6,0.5884198468778368,0.5982473500919125,FAR,FAR,0.0,1,,,0.01,0
C2_n0.01_d000_r05,C2,202622,17.18,17.18,0.0,0.6,0.5961090479569571,0.5977127745581736,FAR,FAR,0.0,1,,,0.01,0
C2_n0.01_d000_r05,C2,202622,17.2,17.2,0.0,0.6,0.6086651678613226,0.6004508728839608,FAR,FAR,0.0,1,,,0.01,0
C2_n0.01_d000_r05,C2,202622,17.22,17.22,0.0,0.6,0.6111790781159642,0.6031329241919616,FAR,FAR,0.0,1,,,0.01,0
C2_n0.01_d000_r05,C2,202622,17.24,17.24,0.0,0.6,0.6072116828512816,0.6041526138567916,FAR,FAR,0.0,1,,,0.01,0
C2_n0.01_d000_r05,C2,202622,17.26,17.26,0.0,0.6,0.5965575249796021,0.6022538416374943,FAR,FAR,0.0,1,,,0.01,0
C2_n0.01_d000_r05,C2,202622,17.28,17.28,0.0,0.6,0.5997102262395172,0.601617937788,FAR,FAR,0.0,1,,,0.01,0
C2_n0.01_d000_r05,C2,202622,17.3,17.3,0.0,0.6,0.5930995663590243,0.5994883449307561,FAR,FAR,0.0,1,,,0.01,0
C2_n0.01_d000_r05,C2,202622,17.32,17.32,0.0,0.6,0.5864913461589559,0.596239095237806,FAR,FAR,0.0,1,,,0.01,0
C2_n0.01_d000_r05,C2,202622,17.34,17.34,0.0,0.6,0.6113430063515287,0.6000150730162367,FAR,FAR,0.0,1,,,0.01,0
C2_n0.01_d000_r05,C2,202622,17.36,17.36,0.0,0.6,0.5970347807829688,0.5992699999579197,FAR,FAR,0.0,1,,,0.01,0
C2_n0.01_d000_r05,C2,202622,17.38,17.38,0.0,0.6,0.6020251008571069,0.5999587751827166,FAR,FAR,0.0,1,,,0.01,0
C2_n0.01_d000_r05,C2,202622,17.4,17.4,0.0,0.6,0.5940137488957511,0.5984725186109752,FAR,FAR,0.0,1,,,0.01,0
C2_n0.01_d000_r05,C2,202622,17.42,17.42,0.0,0.6,0.599868529066669,0.5988215212248986,FAR,FAR,0.0,1,,,0.01,0
C2_n0.01_d000_r05,C2,202622,17.44,17.44,0.0,0.6,0.6176391177094579,0.6035259203460385,FAR,FAR,0.0,1,,,0.01,0
C2_n0.01_d000_r05,C2,202622,17.46,17.46,0.0,0.6,0.6002178516067832,0.6026989031612247,FAR,FAR,0.0,1,,,0.01,0
C2_n0.01_d000_r05,C2,202622,17.48,17.48,0.0,0.6,0.6070507524955837,0.6037868654948144,FAR,FAR,0.0,1,,,0.01,0
C2_n0.01_d000_r05,C2,202622,17.5,17.5,0.0,0.6,0.5917085715721969,0.60076729201416,FAR,FAR,0.0,1,,,0.01,0
C2_n0.01_d000_r05,C2,202622,17.52,17.52,0.0,0.6,0.623535240369565,0.6064592791030112,FAR,FAR,0.0,1,,,0.01,0
C2_n0.01_d000_r05,C2,202622,17.54,17.54,0.0,0.6,0.597446646204831,0.6042061208784661,FAR,FAR,0.0,1,,,0.01,0
C2_n0.01_d000_r05,C2,202622,17.56,17.56,0.0,0.6,0.6059639672567619,0.6046455824730401,FAR,FAR,0.0,1,,,0.01,0
C2_n0.01_d000_r05,C2,202622,17.58,17.58,0.0,0.6,0.6052479334532124,0.6047961702180832,FAR,FAR,0.0,1,,,0.01,0
C2_n0.01_d000_r05,C2,202622,17.6,17.6,0.0,0.6,0.6004370957735081,0.6037064016069394,FAR,FAR,0.0,1,,,0.01,0
C2_n0.01_d000_r05,C2,202622,17.62,17.62,0.0,0.6,0.6208854288693014,0.6080011584225299,FAR,FAR,0.0,1,,,0.01,0
C2_n0.01_d000_r05,C2,202622,17.64,17.64,0.0,0.6,0.6084102416633201,0.6081034292327274,FAR,FAR,0.0,1,,,0.01,0
C2_n0.01_d000_r05,C2,202622,17.66,17.66,0.0,0.6,0.6109452589945846,0.6088138866731917,FAR,FAR,0.0,1,,,0.01,0
C2_n0.01_d000_r05,C2,202622,17.68,17.68,0.0,0.6,0.6105919621778018,0.6092584055493442,FAR,FAR,0.0,1,,,0.01,0
C2_n0.01_d000_r05,C2,202622,17.7,17.7,0.0,0.6,0.5991920019768382,0.6067418046562176,FAR,FAR,0.0,1,,,0.01,0
C2_n0.01_d000_r05,C2,202622,17.72,17.72,0.0,0.6,0.6086677248521896,0.6072232847052106,FAR,FAR,0.0,1,,,0.01,0
C2_n0.01_d000_r05,C2,202622,17.74,17.74,0.0,0.6,0.5954696156395929,0.6042848674388062,FAR,FAR,0.0,1,,,0.01,0
C2_n0.01_d000_r05,C2,202622,17.76,17.76,0.0,0.6,0.6087229406668022,0.6053943857458052,FAR,FAR,0.0,1,,,0.01,0
C2_n0.01_d000_r05,C2,202622,17.78,17.78,0.0,0.6,0.6128460899689454,0.6072573118015903,FAR,FAR,0.0,1,,,0.01,0
C2_n0.01_d000_r05,C2,202622,17.8,17.8,0.0,0.6,0.5908473490254375,0.603154821107552,FAR,FAR,0.0,1,,,0.01,0
C2_n0.01_d000_r05,C2,202622,17.82,17.82,0.0,0.6,0.6062773954810567,0.6039354647009282,FAR,FAR,0.0,1,,,0.01,0
C2_n0.01_d000_r05,C2,202622,17.84,17.84,0.0,0.6,0.6005854724049087,0.6030979666269233,FAR,FAR,0.0,1,,,0.01,0
C2_n0.01_d000_r05,C2,202622,17.86,17.86,0.0,0.6,0.5872583483539627,0.5991380620586831,FAR,FAR,0.0,1,,,0.01,0
C2_n0.01_d000_r05,C2,202622,17.88,17.88,0.0,0.6,0.5886352935588591,0.5965123699337271,FAR,FAR,0.0,1,,,0.01,0
C2_n0.01_d000_r05,C2,202622,17.9,17.9,0.0,0.6,0.5925489625432989,0.5955215180861201,FAR,FAR,0.0,1,,,0.01,0
C2_n0.01_d000_r05,C2,202622,17.92,17.92,0.0,0.6,0.5885787663923692,0.5937858301626824,FAR,FAR,0.0,1,,,0.01,0
C2_n0.01_d000_r05,C2,202622,17.94,17.94,0.0,0.6,0.6011813122287143,0.5956347006791903,FAR,FAR,0.0,1,,,0.01,0
C2_n0.01_d000_r05,C2,202622,17.96,17.96,0.0,0.6,0.5969391609477273,0.5959608157463245,FAR,FAR,0.0,1,,,0.01,0
C2_n0.01_d000_r05,C2,202622,17.98,17.98,0.0,0.6,0.6127788049407868,0.6001653130449401,FAR,FAR,0.0,1,,,0.01,0
C2_n0.01_d000_r05,C2,202622,18.0,18.0,0.0,0.6,0.6020896418371612,0.6006463952429953,FAR,FAR,0.0,1,,,0.01,0
C2_n0.01_d000_r05,C2,202622,18.02,18.02,0.0,0.6,0.5969134657447692,0.5997131628684388,FAR,FAR,0.0,1,,,0.01,0
C2_n0.01_d000_r05,C2,202622,18.04,18.04,0.0,0.6,0.5969887755136172,0.5990320660297335,FAR,FAR,0.0,1,,,0.01,0
C2_n0.01_d000_r05,C2,202622,18.06,18.06,0.0,0.6,0.5833205207843657,0.5951041797183916,FAR,FAR,0.0,1,,,0.01,0
C2_n0.01_d000_r05,C2,202622,18.08,18.08,0.0,0.6,0.589695866891,0.5937521015115437,FAR,FAR,0.0,1,,,0.01,0
C2_n0.01_d000_r05,C2,202622,18.1,18.1,0.0,0.6,0.6048463684111496,0.5965256682364452,FAR,FAR,0.0,1,,,0.01,0
C2_n0.01_d000_r05,C2,202622,18.12,18.12,0.0,0.6,0.5876018809548407,0.5942947214160441,FAR,FAR,0.0,1,,,0.01,0
C2_n0.01_d000_r05,C2,202622,18.14,18.14,0.0,0.6,0.581535028524059,0.5911047981930478,FAR,FAR,0.0,1,,,0.01,0
C2_n0.01_d000_r05,C2,202622,18.16,18.16,0.0,0.6,0.5891222128430953,0.5906091518555597,FAR,FAR,0.0,1,,,0.01,0
C2_n0.01_d000_r05,C2,202622,18.18,18.18,0.0,0.6,0.609949364699452,0.5954442050665327,FAR,FAR,0.0,1,,,0.01,0
C2_n0.01_d000_r05,C2,202622,18.2,18.2,0.0,0.6,0.6095822170663626,0.5989787080664902,FAR,FAR,0.0,1,,,0.01,0
C2_n0.01_d000_r05,C2,202622,18.22,18.22,0.0,0.6,0.6169256080276998,0.6034654330567927,FAR,FAR,0.0,1,,,0.01,0
C2_n0.01_d000_r05,C2,202622,18.24,18.24,0.0,0.6,0.6140148604329181,0.606102789900824,FAR,FAR,0.0,1,,,0.01,0
C2_n0.01_d000_r05,C2,202622,18.26,18.26,0.0,0.6,0.6303714244707311,0.6121699485433008,FAR,FAR,0.0,1,,,0.01,0
C2_n0.01_d000_r05,C2,202622,18.28,18.28,0.0,0.6,0.5928601949510176,0.60734251014523,FAR,FAR,0.0,1,,,0.01,0
C2_n0.01_d000_r05,C2,202622,18.3,18.3,0.0,0.6,0.6088638026875942,0.607722833280821,FAR,FAR,0.0,1,,,0.01,0
C2_n0.01_d000_r05,C2,202622,18.32,18.32,0.0,0.6,0.5981291233692262,0.6053244058029222,FAR,FAR,0.0,1,,,0.01,0
C2_n0.01_d000_r05,C2,202622,18.34,18.34,0.0,0.6,0.5913451782998227,0.6018295989271474,FAR,FAR,0.0,1,,,0.01,0
C2_n0.01_d000_r05,C2,202622,18.36,18.36,0.0,0.6,0.6069904581979454,0.6031198137448469,FAR,FAR,0.0,1,,,0.01,0
C2_n0.01_d000_r05,C2,202622,18.38,18.38,0.0,0.6,0.6113660924879775,0.6051813834306295,FAR,FAR,0.0,1,,,0.01,0
C2_n0.01_d000_r05,C2,202622,18.4,18.4,0.0,0.6,0.5830875349190351,0.599657921302731,FAR,FAR,0.0,1,,,0.01,0
C2_n0.01_d000_r05,C2,202622,18.42,18.42,0.0,0.6,0.6084379457884064,0.6018529274241498,FAR,FAR,0.0,1,,,0.01,0
C2_n0.01_d000_r05,C2,202622,18.44,18.44,0.0,0.6,0.5933049976526734,0.5997159449812807,FAR,FAR,0.0,1,,,0.01,0
C2_n0.01_d000_r05,C2,202622,18.46,18.46,0.0,0.6,0.6009978017934818,0.600036409184331,FAR,FAR,0.0,1,,,0.01,0
C2_n0.01_d000_r05,C2,202622,18.48,18.48,0.0,0.6,0.6027898752103068,0.6007247756908249,FAR,FAR,0.0,1,,,0.01,0
C2_n0.01_d000_r05,C2,202622,18.5,18.5,0.0,0.6,0.6107746867635171,0.603237253458998,FAR,FAR,0.0,1,,,0.01,0
C2_n0.01_d000_r05,C2,202622,18.52,18.52,0.0,0.6,0.5947198363630106,0.6011078991850012,FAR,FAR,0.0,1,,,0.01,0
C2_n0.01_d000_r05,C2,202622,18.54,18.54,0.0,0.6,0.6060890213028434,0.6023531797144617,FAR,FAR,0.0,1,,,0.01,0
C2_n0.01_d000_r05,C2,202622,18.56,18.56,0.0,0.6,0.5982472834144559,0.6013267056394602,FAR,FAR,0.0,1,,,0.01,0
C2_n0.01_d000_r05,C2,202622,18.58,18.58,0.0,0.6,0.5918050578796145,0.5989462936994988,FAR,FAR,0.0,1,,,0.01,0
C2_n0.01_d000_r05,C2,202622,18.6,18.6,0.0,0.6,0.6114481957385488,0.6020717692092613,FAR,FAR,0.0,1,,,0.01,0
C2_n0.01_d000_r05,C2,202622,18.62,18.62,0.0,0.6,0.6184458294098787,0.6061652842594156,FAR,FAR,0.0,1,,,0.01,0
C2_n0.01_d000_r05,C2,202622,18.64,18.64,0.0,0.6,0.5952972202243977,0.6034482682506611,FAR,FAR,0.0,1,,,0.01,0
C2_n0.01_d000_r05,C2,202622,18.66,18.66,0.0,0.6,0.5975464054818916,0.6019728025584687,FAR,FAR,0.0,1,,,0.01,0
C2_n0.01_d000_r05,C2,202622,18.68,18.68,0.0,0.6,0.5941589628290459,0.600019342626113,FAR,FAR,0.0,1,,,0.01,0
C2_n0.01_d000_r05,C2,202622,18.7,18.7,0.0,0.6,0.6027721949651809,0.60070755571088,FAR,FAR,0.0,1,,,0.01,0
C2_n0.01_d000_r05,C2,202622,18.72,18.72,0.0,0.6,0.6037369434771998,0.6014649026524599,FAR,FAR,0.0,1,,,0.01,0
C2_n0.01_d000_r05,C2,202622,18.74,18.74,0.0,0.6,0.5919582978878706,0.5990882514613125,FAR,FAR,0.0,1,,,0.01,0
C2_n0.01_d000_r05,C2,202622,18.76,18.76,0.0,0.6,0.5921166761388932,0.5973453576307077,FAR,FAR,0.0,1,,,0.01,0
C2_n0.01_d000_r05,C2,202622,18.78,18.78,0.0,0.6,0.6147761908837336,0.6017030659439642,FAR,FAR,0.0,1,,,0.01,0
C2_n0.01_d000_r05,C2,202622,18.8,18.8,0.0,0.6,0.6011959410715848,0.6015762847258693,FAR,FAR,0.0,1,,,0.01,0
C2_n0.01_d000_r05,C2,202622,18.82,18.82,0.0,0.6,0.6156059312658517,0.605083696360865,FAR,FAR,0.0,1,,,0.01,0
C2_n0.01_d000_r05,C2,202622,18.84,18.84,0.0,0.6,0.6041471743287431,0.6048495658528346,FAR,FAR,0.0,1,,,0.01,0
C2_n0.01_d000_r05,C2,202622,18.86,18.86,0.0,0.6,0.6052107926713299,0.6049398725574584,FAR,FAR,0.0,1,,,0.01,0
C2_n0.01_d000_r05,C2,202622,18.88,18.88,0.0,0.6,0.6221172960647412,0.6092342284342791,FAR,FAR,0.0,1,,,0.01,0
C2_n0.01_d000_r05,C2,202622,18.9,18.9,0.0,0.6,0.619499614478673,0.6118005749453775,FAR,FAR,0.0,1,,,0.01,0
C2_n0.01_d000_r05,C2,202622,18.92,18.92,0.0,0.6,0.6042568984838166,0.6099146558299873,FAR,FAR,0.0,1,,,0.01,0
C2_n0.01_d000_r05,C2,202622,18.94,18.94,0.0,0.6,0.592648203298105,0.6055980426970167,FAR,FAR,0.0,1,,,0.01,0
C2_n0.01_d000_r05,C2,202622,18.96,18.96,0.0,0.6,0.5932716771543536,0.6025164513113509,FAR,FAR,0.0,1,,,0.01,0
C2_n0.01_d000_r05,C2,202622,18.98,18.98,0.0,0.6,0.6031105268157526,0.6026649701874514,FAR,FAR,0.0,1,,,0.01,0
C2_n0.01_d000_r05,C2,202622,19.0,19.0,0.0,0.6,0.5956480540750532,0.6009107411593518,FAR,FAR,0.0,1,,,0.01,0
C2_n0.01_d000_r05,C2,202622,19.02,19.02,0.0,0.6,0.5983644143990398,0.6002741594692738,FAR,FAR,0.0,1,,,0.01,0
C2_n0.01_d000_r05,C2,202622,19.04,19.04,0.0,0.6,0.5953093829803077,0.5990329653470322,FAR,FAR,0.0,1,,,0.01,0
C2_n0.01_d000_r05,C2,202622,19.06,19.06,0.0,0.6,0.590188824188174,0.5968219300573177,FAR,FAR,0.0,1,,,0.01,0
C2_n0.01_d000_r05,C2,202622,19.08,19.08,0.0,0.6,0.6216296822514437,0.6030238681058492,FAR,FAR,0.0,1,,,0.01,0
C2_n0.01_d000_r05,C2,202622,19.1,19.1,0.0,0.6,0.5789211202760158,0.5969981811483909,FAR,FAR,0.0,1,,,0.01,0
C2_n0.01_d000_r05,C2,202622,19.12,19.12,0.0,0.6,0.5896602942731718,0.5951637094295861,FAR,FAR,0.0,1,,,0.01,0
C2_n0.01_d000_r05,C2,202622,19.14,19.14,0.0,0.6,0.590865093063179,0.5940890553379843,FAR,FAR,0.0,1,,,0.01,0
C2_n0.01_d000_r05,C2,202622,19.16,19.16,0.0,0.6,0.608494814617384,0.5976904951578342,FAR,FAR,0.0,1,,,0.01,0
C2_n0.01_d000_r05,C2,202622,19.18,19.18,0.0,0.6,0.5964765205167242,0.5973870014975566,FAR,FAR,0.0,1,,,0.01,0
C2_n0.01_d000_r05,C2,202622,19.2,19.2,0.0,0.6,0.6043178116979712,0.5991197040476602,FAR,FAR,0.0,1,,,0.01,0
C2_n0.01_d000_r05,C2,202622,19.22,19.22,0.0,0.6,0.6051701509666073,0.6006323157773971,FAR,FAR,0.0,1,,,0.01,0
C2_n0.01_d000_r05,C2,202622,19.24,19.24,0.0,0.6,0.615821661643097,0.6044296522438221,FAR,FAR,0.0,1,,,0.01,0
C2_n0.01_d000_r05,C2,202622,19.26,19.26,0.0,0.6,0.5993275808149108,0.6031541343865943,FAR,FAR,0.0,1,,,0.01,0
C2_n0.01_d000_r05,C2,202622,19.28,19.28,0.0,0.6,0.5980879824649327,0.6018875964061788,FAR,FAR,0.0,1,,,0.01,0
C2_n0.01_d000_r05,C2,202622,19.3,19.3,0.0,0.6,0.5903578441806154,0.599005158349788,FAR,FAR,0.0,1,,,0.01,0
C2_n0.01_d000_r05,C2,202622,19.32,19.32,0.0,0.6,0.5967875362243992,0.5984507528184407,FAR,FAR,0.0,1,,,0.01,0
C2_n0.01_d000_r05,C2,202622,19.34,19.34,0.0,0.6,0.6155706453737183,0.6027307259572602,FAR,FAR,0.0,1,,,0.01,0
C2_n0.01_d000_r05,C2,202622,19.36,19.36,0.0,0.6,0.5964027574370764,0.6011487338272142,FAR,FAR,0.0,1,,,0.01,0
C2_n0.01_d000_r05,C2,202622,19.38,19.38,0.0,0.6,0.6165682995363209,0.6050036252544908,FAR,FAR,0.0,1,,,0.01,0
C2_n0.01_d000_r05,C2,202622,19.4,19.4,0.0,0.6,0.596920140110293,0.6029827539684414,FAR,FAR,0.0,1,,,0.01,0
C2_n0.01_d000_r05,C2,202622,19.42,19.42,0.0,0.6,0.6094599572664814,0.6046020547929514,FAR,FAR,0.0,1,,,0.01,0
C2_n0.01_d000_r05,C2,202622,19.44,19.44,0.0,0.6,0.6121471708065632,0.6064883337963544,FAR,FAR,0.0,1,,,0.01,0
C2_n0.01_d000_r05,C2,202622,19.46,19.46,0.0,0.6,0.5941760660694948,0.6034102668646395,FAR,FAR,0.0,1,,,0.01,0
C2_n0.01_d000_r05,C2,202622,19.48,19.48,0.0,0.6,0.6019156461598221,0.6030366116884351,FAR,FAR,0.0,1,,,0.01,0
C2_n0.01_d000_r05,C2,202622,19.5,19.5,0.0,0.6,0.6075196878615122,0.6041573807317044,FAR,FAR,0.0,1,,,0.01,0
C2_n0.01_d000_r05,C2,202622,19.52,19.52,0.0,0.6,0.6228430550043798,0.6088287992998733,FAR,FAR,0.0,1,,,0.01,0
C2_n0.01_d000_r05,C2,202622,19.54,19.54,0.0,0.6,0.5949874162206716,0.605368453530073,FAR,FAR,0.0,1,,,0.01,0
C2_n0.01_d000_r05,C2,202622,19.56,19.56,0.0,0.6,0.6132060054229541,0.6073278415032932,FAR,FAR,0.0,1,,,0.01,0
C2_n0.01_d000_r05,C2,202622,19.58,19.58,0.0,0.6,0.6005307680355987,0.6056285731363695,FAR,FAR,0.0,1,,,0.01,0
C2_n0.01_d000_r05,C2,202622,19.6,19.6,0.0,0.6,0.6009738059111629,0.6044648813300679,FAR,FAR,0.0,1,,,0.01,0
C2_n0.01_d000_r05,C2,202622,19.62,19.62,0.0,0.6,0.6011398031607412,0.6036336117877362,FAR,FAR,0.0,1,,,0.01,0
C2_n0.01_d000_r05,C2,202622,19.64,19.64,0.0,0.6,0.6063806597317776,0.6043203737737466,FAR,FAR,0.0,1,,,0.01,0
C2_n0.01_d000_r05,C2,202622,19.66,19.66,0.0,0.6,0.5937137936076978,0.6016687287322344,FAR,FAR,0.0,1,,,0.01,0
C2_n0.01_d000_r05,C2,202622,19.68,19.68,0.0,0.6,0.6108701707850435,0.6039690892454367,FAR,FAR,0.0,1,,,0.01,0
C2_n0.01_d000_r05,C2,202622,19.7,19.7,0.0,0.6,0.5946544152335153,0.6016404207424564,FAR,FAR,0.0,1,,,0.01,0
C2_n0.01_d000_r05,C2,202622,19.72,19.72,0.0,0.6,0.6099633354765309,0.603721149425975,FAR,FAR,0.0,1,,,0.01,0
C2_n0.01_d000_r05,C2,202622,19.74,19.74,0.0,0.6,0.6019876878697421,0.6032877840369169,FAR,FAR,0.0,1,,,0.01,0
C2_n0.01_d000_r05,C2,202622,19.76,19.76,0.0,0.6,0.6060648781584966,0.6039820575673118,FAR,FAR,0.0,1,,,0.01,0
C2_n0.01_d000_r05,C2,202622,19.78,19.78,0.0,0.6,0.5968619645393541,0.6022020343103224,FAR,FAR,0.0,1,,,0.01,0
C2_n0.01_d000_r05,C2,202622,19.8,19.8,0.0,0.6,0.600131645515918,0.6016844371117214,FAR,FAR,0.0,1,,,0.01,0
C2_n0.01_d000_r05,C2,202622,19.82,19.82,0.0,0.6,0.6061677479859008,0.6028052648302662,FAR,FAR,0.0,1,,,0.01,0
C2_n0.01_d000_r05,C2,202622,19.84,19.84,0.0,0.6,0.6001856989259142,0.6021503733541782,FAR,FAR,0.0,1,,,0.01,0
C2_n0.01_d000_r05,C2,202622,19.86,19.86,0.0,0.6,0.5984789307628225,0.6012325127063393,FAR,FAR,0.0,1,,,0.01,0
C2_n0.01_d000_r05,C2,202622,19.88,19.88,0.0,0.6,0.611800584458346,0.6038745306443409,FAR,FAR,0.0,1,,,0.01,0
C2_n0.01_d000_r05,C2,202622,19.9,19.9,0.0,0.6,0.5935093070034592,0.6012832247341204,FAR,FAR,0.0,1,,,0.01,0
C2_n0.01_d000_r05,C2,202622,19.92,19.92,0.0,0.6,0.597063174603217,0.6002282122013946,FAR,FAR,0.0,1,,,0.01,0
C2_n0.01_d000_r05,C2,202622,19.94,19.94,0.0,0.6,0.612473945854051,0.6032896456145587,FAR,FAR,0.0,1,,,0.01,0
C2_n0.01_d000_r05,C2,202622,19.96,19.96,0.0,0.6,0.5864354180226271,0.5990760887165758,FAR,FAR,0.0,1,,,0.01,0
C2_n0.01_d000_r05,C2,202622,19.98,19.98,0.0,0.6,0.5944382933759929,0.5979166398814301,FAR,FAR,0.0,1,,,0.01,0
C2_n0.01_d000_r05,C2,202622,20.0,20.0,0.0,0.6,0.5841656337744242,0.5944788883546785,FAR,FAR,0.0,1,,,0.01,0
