trial_id,condition,seed,time_s,sensor_time_s,sample_age_s,true_distance_m,raw_distance_m,filtered_distance_m,expected_state,state,command,valid,event_label,invalid_reason,noise_sigma_m,delay_ms
C2_n0.00_d000_r03,C2,202605,0.0,0.0,0.0,0.6,0.6,0.6,FAR,FAR,0.0,1,,,0.0,0
C2_n0.00_d000_r03,C2,202605,0.02,0.02,0.0,0.6,0.6,0.6,FAR,FAR,0.0,1,,,0.0,0
C2_n0.00_d000_r03,C2,202605,0.04,0.04,0.0,0.6,0.6,0.6,FAR,FAR,0.0,1,,,0.0,0
C2_n0.00_d000_r03,C2,202605,0.06,0.06,0.0,0.6,0.6,0.6,FAR,FAR,0.0,1,,,0.0,0
C2_n0.00_d000_r03,C2,202605,0.08,0.08,0.0,0.6,0.6,0.6,FAR,FAR,0.0,1,,,0.0,0
C2_n0.00_d000_r03,C2,202605,0.1,0.1,0.0,0.6,0.6,0.6,FAR,FAR,0.0,1,,,0.0,0
C2_n0.00_d000_r03,C2,202605,0.12,0.12,0.0,0.6,0.6,0.6,FAR,FAR,0.0,1,,,0.0,0
C2_n0.00_d000_r03,C2,202605,0.14,0.14,0.0,0.6,0.6,0.6,FAR,FAR,0.0,1,,,0.0,0
C2_n0.00_d000_r03,C2,202605,0.16,0.16,0.0,0.6,0.6,0.6,FAR,FAR,0.0,1,,,0.0,0
C2_n0.00_d000_r03,C2,202605,0.18,0.18,0.0,0.6,0.6,0.6,FAR,FAR,0.0,1,,,0.0,0
C2_n0.00_d000_r03,C2,202605,0.2,0.2,0.0,0.6,0.6,0.6,FAR,FAR,0.0,1,,,0.0,0
C2_n0.00_d000_r03,C2,202605,0.22,0.22,0.0,0.6,0.6,0.6,FAR,FAR,0.0,1,,,0.0,0
C2_n0.00_d000_r03,C2,202605,0.24,0.24,0.0,0.6,0.6,0.6,FAR,FAR,0.0,1,,,0.0,0
C2_n0.00_d000_r03,C2,202605,0.26,0.26,0.0,0.6,0.6,0.6,FAR,FAR,0.0,1,,,0.0,0
C2_n0.00_d000_r03,C2,202605,0.28,0.28,0.0,0.6,0.6,0.6,FAR,FAR,0.0,1,,,0.0,0
C2_n0.00_d000_r03,C2,202605,0.3,0.3,0.0,0.6,0.6,0.6,FAR,FAR,0.0,1,,,0.0,0
C2_n0.00_d000_r03,C2,202605,0.32,0.32,0.0,0.6,0.6,0.6,FAR,FAR,0.0,1,,,0.0,0
C2_n0.00_d000_r03,C2,202605,0.34,0.34,0.0,0.6,0.6,0.6,FAR,FAR,0.0,1,,,0.0,0
C2_n0.00_d000_r03,C2,202605,0.36,0.36,0.0,0.6,0.6,0.6,FAR,FAR,0.0,1,,,0.0,0
C2_n0.00_d000_r03,C2,202605,0.38,0.38,0.0,0.6,0.6,0.6,FAR,FAR,0.0,1,,,0.0,0
C2_n0.00_d000_r03,C2,202605,0.4,0.4,0.0,0.6,0.6,0.6,FAR,FAR,0.0,1,,,0.0,0
C2_n0.00_d000_r03,C2,202605,0.42,0.42,0.0,0.6,0.6,0.6,FAR,FAR,0.0,1,,,0.0,0
C2_n0.00_d000_r03,C2,202605,0.44,0.44,0.0,0.6,0.6,0.6,FAR,FAR,0.0,1,,,0.0,0
C2_n0.00_d000_r03,C2,202605,0.46,0.46,0.0,0.6,0.6,0.6,FAR,FAR,0.0,1,,,0.0,0
C2_n0.00_d000_r03,C2,202605,0.48,0.48,0.0,0.6,0.6,0.6,FAR,FAR,0.0,1,,,0.0,0
C2_n0.00_d000_r03,C2,202605,0.5,0.5,0.0,0.6,0.6,0.6,FAR,FAR,0.0,1,,,0.0,0
C2_n0.00_d000_r03,C2,202605,0.52,0.52,0.0,0.6,0.6,0.6,FAR,FAR,0.0,1,,,0.0,0
C2_n0.00_d000_r03,C2,202605,0.54,0.54,0.0,0.6,0.6,0.6,FAR,FAR,0.0,1,,,0.0,0
C2_n0.00_d000_r03,C2,202605,0.56,0.56,0.0,0.6,0.6,0.6,FAR,FAR,0.0,1,,,0.0,0
C2_n0.00_d000_r03,C2,202605,0.58,0.58,0.0,0.6,0.6,0.6,FAR,FAR,0.0,1,,,0.0,0
C2_n0.00_d000_r03,C2,202605,0.6,0.6,0.0,0.6,0.6,0.6,FAR,FAR,0.0,1,,,0.0,0
C2_n0.00_d000_r03,C2,202605,0.62,0.62,0.0,0.6,0.6,0.6,FAR,FAR,0.0,1,,,0.0,0
C2_n0.00_d000_r03,C2,202605,0.64,0.64,0.0,0.6,0.6,0.6,FAR,FAR,0.0,1,,,0.0,0
C2_n0.00_d000_r03,C2,202605,0.66,0.66,0.0,0.6,0.6,0.6,FAR,FAR,0.0,1,,,0.0,0
C2_n0.00_d000_r03,C2,202605,0.68,0.68,0.0,0.6,0.6,0.6,FAR,FAR,0.0,1,,,0.0,0
C2_n0.00_d000_r03,C2,202605,0.7,0.7,0.0,0.6,0.6,0.6,FAR,FAR,0.0,1,,,0.0,0
C2_n0.00_d000_r03,C2,202605,0.72,0.72,0.0,0.6,0.6,0.6,FAR,FAR,0.0,1,,,0.0,0
C2_n0.00_d000_r03,C2,202605,0.74,0.74,0.0,0.6,0.6,0.6,FAR,FAR,0.0,1,,,0.0,0
C2_n0.00_d000_r03,C2,202605,0.76,0.76,0.0,0.6,0.6,0.6,FAR,FAR,0.0,1,,,0.0,0
C2_n0.00_d000_r03,C2,202605,0.78,0.78,0.0,0.6,0.6,0.6,FAR,FAR,0.0,1,,,0.0,0
C2_n0.00_d000_r03,C2,202605,0.8,0.8,0.0,0.6,0.6,0.6,FAR,FAR,0.0,1,,,0.0,0
C2_n0.00_d000_r03,C2,202605,0.82,0.82,0.0,0.6,0.6,0.6,FAR,FAR,0.0,1,,,0.0,0
C2_n0.00_d000_r03,C2,202605,0.84,0.84,0.0,0.6,0.6,0.6,FAR,FAR,0.0,1,,,0.0,0
C2_n0.00_d000_r03,C2,202605,0.86,0.86,0.0,0.6,0.6,0.6,FAR,FAR,0.0,1,,,0.0,0
C2_n0.00_d000_r03,C2,202605,0.88,0.88,0.0,0.6,0.6,0.6,FAR,FAR,0.0,1,,,0.0,0
C2_n0.00_d000_r03,C2,202605,0.9,0.9,0.0,0.6,0.6,0.6,FAR,FAR,0.0,1,,,0.0,0
C2_n0.00_d000_r03,C2,202605,0.92,0.92,0.0,0.6,0.6,0.6,FAR,FAR,0.0,1,,,0.0,0
C2_n0.00_d000_r03,C2,202605,0.94,0.94,0.0,0.6,0.6,0.6,FAR,FAR,0.0,1,,,0.0,0
C2_n0.00_d000_r03,C2,202605,0.96,0.96,0.0,0.6,0.6,0.6,FAR,FAR,0.0,1,,,0.0,0
C2_n0.00_d000_r03,C2,202605,0.98,0.98,0.0,0.6,0.6,0.6,FAR,FAR,0.0,1,,,0.0,0
C2_n0.00_d000_r03,C2,202605,1.0,1.0,0.0,0.6,0.6,0.6,FAR,FAR,0.0,1,,,0.0,0
C2_n0.00_d000_r03,C2,202605,1.02,1.02,0.0,0.6,0.6,0.6,FAR,FAR,0.0,1,,,0.0,0
C2_n0.00_d000_r03,C2,202605,1.04,1.04,0.0,0.6,0.6,0.6,FAR,FAR,0.0,1,,,0.0,0
C2_n0.00_d000_r03,C2,202605,1.06,1.06,0.0,0.6,0.6,0.6,FAR,FAR,0.0,1,,,0.0,0
C2_n0.00_d000_r03,C2,202605,1.08,1.08,0.0,0.6,0.6,0.6,FAR,FAR,0.0,1,,,0.0,0
C2_n0.00_d000_r03,C2,202605,1.1,1.1,0.0,0.6,0.6,0.6,FAR,FAR,0.0,1,,,0.0,0
C2_n0.00_d000_r03,C2,202605,1.12,1.12,0.0,0.6,0.6,0.6,FAR,FAR,0.0,1,,,0.0,0
C2_n0.00_d000_r03,C2,202605,1.14,1.14,0.0,0.6,0.6,0.6,FAR,FAR,0.0,1,,,0.0,0
C2_n0.00_d000_r03,C2,202605,1.16,1.16,0.0,0.6,0.6,0.6,FAR,FAR,0.0,1,,,0.0,0
C2_n0.00_d000_r03,C2,202605,1.18,1.18,0.0,0.6,0.6,0.6,FAR,FAR,0.0,1,,,0.0,0
C2_n0.00_d000_r03,C2,202605,1.2,1.2,0.0,0.6,0.6,0.6,FAR,FAR,0.0,1,,,0.0,0
C2_n0.00_d000_r03,C2,202605,1.22,1.22,0.0,0.6,0.6,0.6,FAR,FAR,0.0,1,,,0.0,0
C2_n0.00_d000_r03,C2,202605,1.24,1.24,0.0,0.6,0.6,0.6,FAR,FAR,0.0,1,,,0.0,0
C2_n0.00_d000_r03,C2,202605,1.26,1.26,0.0,0.6,0.6,0.6,FAR,FAR,0.0,1,,,0.0,0
C2_n0.00_d000_r03,C2,202605,1.28,1.28,0.0,0.6,0.6,0.6,FAR,FAR,0.0,1,,,0.0,0
C2_n0.00_d000_r03,C2,202605,1.3,1.3,0.0,0.6,0.6,0.6,FAR,FAR,0.0,1,,,0.0,0
C2_n0.00_d000_r03,C2,202605,1.32,1.32,0.0,0.6,0.6,0.6,FAR,FAR,0.0,1,,,0.0,0
C2_n0.00_d000_r03,C2,202605,1.34,1.34,0.0,0.6,0.6,0.6,FAR,FAR,0.0,1,,,0.0,0
C2_n0.00_d000_r03,C2,202605,1.36,1.36,0.0,0.6,0.6,0.6,FAR,FAR,0.0,1,,,0.0,0
C2_n0.00_d000_r03,C2,202605,1.38,1.38,0.0,0.6,0.6,0.6,FAR,FAR,0.0,1,,,0.0,0
C2_n0.00_d000_r03,C2,202605,1.4,1.4,0.0,0.6,0.6,0.6,FAR,FAR,0.0,1,,,0.0,0
C2_n0.00_d000_r03,C2,202605,1.42,1.42,0.0,0.6,0.6,0.6,FAR,FAR,0.0,1,,,0.0,0
C2_n0.00_d000_r03,C2,202605,1.44,1.44,0.0,0.6,0.6,0.6,FAR,FAR,0.0,1,,,0.0,0
C2_n0.00_d000_r03,C2,202605,1.46,1.46,0.0,0.6,0.6,0.6,FAR,FAR,0.0,1,,,0.0,0
C2_n0.00_d000_r03,C2,202605,1.48,1.48,0.0,0.6,0.6,0.6,FAR,FAR,0.0,1,,,0.0,0
C2_n0.00_d000_r03,C2,202605,1.5,1.5,0.0,0.6,0.6,0.6,FAR,FAR,0.0,1,,,0.0,0
C2_n0.00_d000_r03,C2,202605,1.52,1.52,0.0,0.6,0.6,0.6,FAR,FAR,0.0,1,,,0.0,0
C2_n0.00_d000_r03,C2,202605,1.54,1.54,0.0,0.6,0.6,0.6,FAR,FAR,0.0,1,,,0.0,0
C2_n0.00_d000_r03,C2,202605,1.56,1.56,0.0,0.6,0.6,0.6,FAR,FAR,0.0,1,,,0.0,0
C2_n0.00_d000_r03,C2,202605,1.58,1.58,0.0,0.6,0.6,0.6,FAR,FAR,0.0,1,,,0.0,0
C2_n0.00_d000_r03,C2,202605,1.6,1.6,0.0,0.6,0.6,0.6,FAR,FAR,0.0,1,,,0.0,0
C2_n0.00_d000_r03,C2,202605,1.62,1.62,0.0,0.6,0.6,0.6,FAR,FAR,0.0,1,,,0.0,0
C2_n0.00_d000_r03,C2,202605,1.64,1.64,0.0,0.6,0.6,0.6,FAR,FAR,0.0,1,,,0.0,0
C2_n0.00_d000_r03,C2,202605,1.66,1.66,0.0,0.6,0.6,0.6,FAR,FAR,0.0,1,,,0.0,0
C2_n0.00_d000_r03,C2,202605,1.68,1.68,0.0,0.6,0.6,0.6,FAR,FAR,0.0,1,,,0.0,0
C2_n0.00_d000_r03,C2,202605,1.7,1.7,0.0,0.6,0.6,0.6,FAR,FAR,0.0,1,,,0.0,0
C2_n0.00_d000_r03,C2,202605,1.72,1.72,0.0,0.6,0.6,0.6,FAR,FAR,0.0,1,,,0.0,0
C2_n0.00_d000_r03,C2,202605,1.74,1.74,0.0,0.6,0.6,0.6,FAR,FAR,0.0,1,,,0.0,0
C2_n0.00_d000_r03,C2,202605,1.76,1.76,0.0,0.6,0.6,0.6,FAR,FAR,0.0,1,,,0.0,0
C2_n0.00_d000_r03,C2,202605,1.78,1.78,0.0,0.6,0.6,0.6,FAR,FAR,0.0,1,,,0.0,0
C2_n0.00_d000_r03,C2,202605,1.8,1.8,0.0,0.6,0.6,0.6,FAR,FAR,0.0,1,,,0.0,0
C2_n0.00_d000_r03,C2,202605,1.82,1.82,0.0,0.6,0.6,0.6,FAR,FAR,0.0,1,,,0.0,0
C2_n0.00_d000_r03,C2,202605,1.84,1.84,0.0,0.6,0.6,0.6,FAR,FAR,0.0,1,,,0.0,0
C2_n0.00_d000_r03,C2,202605,1.86,1.86,0.0,0.6,0.6,0.6,FAR,FAR,0.0,1,,,0.0,0
C2_n0.00_d000_r03,C2,202605,1.88,1.88,0.0,0.6,0.6,0.6,FAR,FAR,0.0,1,,,0.0,0
C2_n0.00_d000_r03,C2,202605,1.9,1.9,0.0,0.6,0.6,0.6,FAR,FAR,0.0,1,,,0.0,0
C2_n0.00_d000_r03,C2,202605,1.92,1.92,0.0,0.6,0.6,0.6,FAR,FAR,0.0,1,,,0.0,0
C2_n0.00_d000_r03,C2,202605,1.94,1.94,0.0,0.6,0.6,0.6,FAR,FAR,0.0,1,,,0.0,0
C2_n0.00_d000_r03,C2,202605,1.96,1.96,0.0,0.6,0.6,0.6,FAR,FAR,0.0,1,,,0.0,0
C2_n0.00_d000_r03,C2,202605,1.98,1.98,0.0,0.6,0.6,0.6,FAR,FAR,0.0,1,,,0.0,0
C2_n0.00_d000_r03,C2,202605,2.0,2.0,0.0,0.6,0.6,0.6,FAR,FAR,0.0,1,,,0.0,0
C2_n0.00_d000_r03,C2,202605,2.02,2.02,0.0,0.6,0.6,0.6,FAR,FAR,0.0,1,,,0.0,0
C2_n0.00_d000_r03,C2,202605,2.04,2.04,0.0,0.6,0.6,0.6,FAR,FAR,0.0,1,,,0.0,0
C2_n0.00_d000_r03,C2,202605,2.06,2.06,0.0,0.6,0.6,0.6,FAR,FAR,0.0,1,,,0.0,0
C2_n0.00_d000_r03,C2,202605,2.08,2.08,0.0,0.6,0.6,0.6,FAR,FAR,0.0,1,,,0.0,0
C2_n0.00_d000_r03,C2,202605,2.1,2.1,0.0,0.6,0.6,0.6,FAR,FAR,0.0,1,,,0.0,0
C2_n0.00_d000_r03,C2,202605,2.12,2.12,0.0,0.6,0.6,0.6,FAR,FAR,0.0,1,,,0.0,0
C2_n0.00_d000_r03,C2,202605,2.14,2.14,0.0,0.6,0.6,0.6,FAR,FAR,0.0,1,,,0.0,0
C2_n0.00_d000_r03,C2,202605,2.16,2.16,0.0,0.6,0.6,0.6,FAR,FAR,0.0,1,,,0.0,0
C2_n0.00_d000_r03,C2,202605,2.18,2.18,0.0,0.6,0.6,0.6,FAR,FAR,0.0,1,,,0.0,0
C2_n0.00_d000_r03,C2,202605,2.2,2.2,0.0,0.6,0.6,0.6,FAR,FAR,0.0,1,,,0.0,0
C2_n0.00_d000_r03,C2,202605,2.22,2.22,0.0,0.6,0.6,0.6,FAR,FAR,0.0,1,,,0.0,0
C2_n0.00_d000_r03,C2,202605,2.24,2.24,0.0,0.6,0.6,0.6,FAR,FAR,0.0,1,,,0.0,0
C2_n0.00_d000_r03,C2,202605,2.26,2.26,0.0,0.6,0.6,0.6,FAR,FAR,0.0,1,,,0.0,0
C2_n0.00_d000_r03,C2,202605,2.28,2.28,0.0,0.6,0.6,0.6,FAR,FAR,0.0,1,,,0.0,0
C2_n0.00_d000_r03,C2,202605,2.3,2.3,0.0,0.6,0.6,0.6,FAR,FAR,0.0,1,,,0.0,0
C2_n0.00_d000_r03,C2,202605,2.32,2.32,0.0,0.6,0.6,0.6,FAR,FAR,0.0,1,,,0.0,0
C2_n0.00_d000_r03,C2,202605,2.34,2.34,0.0,0.6,0.6,0.6,FAR,FAR,0.0,1,,,0.0,0
C2_n0.00_d000_r03,C2,202605,2.36,2.36,0.0,0.6,0.6,0.6,FAR,FAR,0.0,1,,,0.0,0
C2_n0.00_d000_r03,C2,202605,2.38,2.38,0.0,0.6,0.6,0.6,FAR,FAR,0.0,1,,,0.0,0
C2_n0.00_d000_r03,C2,202605,2.4,2.4,0.0,0.6,0.6,0.6,FAR,FAR,0.0,1,,,0.0,0
C2_n0.00_d000_r03,C2,202605,2.42,2.42,0.0,0.6,0.6,0.6,FAR,FAR,0.0,1,,,0.0,0
C2_n0.00_d000_r03,C2,202605,2.44,2.44,0.0,0.6,0.6,0.6,FAR,FAR,0.0,1,,,0.0,0
C2_n0.00_d000_r03,C2,202605,2.46,2.46,0.0,0.6,0.6,0.6,FAR,FAR,0.0,1,,,0.0,0
C2_n0.00_d000_r03,C2,202605,2.48,2.48,0.0,0.6,0.6,0.6,FAR,FAR,0.0,1,,,0.0,0
C2_n0.00_d000_r03,C2,202605,2.5,2.5,0.0,0.6,0.6,0.6,FAR,FAR,0.0,1,,,0.0,0
C2_n0.00_d000_r03,C2,202605,2.52,2.52,0.0,0.6,0.6,0.6,FAR,FAR,0.0,1,,,0.0,0
C2_n0.00_d000_r03,C2,202605,2.54,2.54,0.0,0.6,0.6,0.6,FAR,FAR,0.0,1,,,0.0,0
C2_n0.00_d000_r03,C2,202605,2.56,2.56,0.0,0.6,0.6,0.6,FAR,FAR,0.0,1,,,0.0,0
C2_n0.00_d000_r03,C2,202605,2.58,2.58,0.0,0.6,0.6,0.6,FAR,FAR,0.0,1,,,0.0,0
C2_n0.00_d000_r03,C2,202605,2.6,2.6,0.0,0.6,0.6,0.6,FAR,FAR,0.0,1,,,0.0,0
C2_n0.00_d000_r03,C2,202605,2.62,2.62,0.0,0.6,0.6,0.6,FAR,FAR,0.0,1,,,0.0,0
C2_n0.00_d000_r03,C2,202605,2.64,2.64,0.0,0.6,0.6,0.6,FAR,FAR,0.0,1,,,0.0,0
C2_n0.00_d000_r03,C2,202605,2.66,2.66,0.0,0.6,0.6,0.6,FAR,FAR,0.0,1,,,0.0,0
C2_n0.00_d000_r03,C2,202605,2.68,2.68,0.0,0.6,0.6,0.6,FAR,FAR,0.0,1,,,0.0,0
C2_n0.00_d000_r03,C2,202605,2.7,2.7,0.0,0.6,0.6,0.6,FAR,FAR,0.0,1,,,0.0,0
C2_n0.00_d000_r03,C2,202605,2.72,2.72,0.0,0.6,0.6,0.6,FAR,FAR,0.0,1,,,0.0,0
C2_n0.00_d000_r03,C2,202605,2.74,2.74,0.0,0.6,0.6,0.6,FAR,FAR,0.0,1,,,0.0,0
C2_n0.00_d000_r03,C2,202605,2.76,2.76,0.0,0.6,0.6,0.6,FAR,FAR,0.0,1,,,0.0,0
C2_n0.00_d000_r03,C2,202605,2.78,2.78,0.0,0.6,0.6,0.6,FAR,FAR,0.0,1,,,0.0,0
C2_n0.00_d000_r03,C2,202605,2.8,2.8,0.0,0.6,0.6,0.6,FAR,FAR,0.0,1,,,0.0,0
C2_n0.00_d000_r03,C2,202605,2.82,2.82,0.0,0.6,0.6,0.6,FAR,FAR,0.0,1,,,0.0,0
C2_n0.00_d000_r03,C2,202605,2.84,2.84,0.0,0.6,0.6,0.6,FAR,FAR,0.0,1,,,0.0,0
C2_n0.00_d000_r03,C2,202605,2.86,2.86,0.0,0.6,0.6,0.6,FAR,FAR,0.0,1,,,0.0,0
C2_n0.00_d000_r03,C2,202605,2.88,2.88,0.0,0.6,0.6,0.6,FAR,FAR,0.0,1,,,0.0,0
C2_n0.00_d000_r03,C2,202605,2.9,2.9,0.0,0.6,0.6,0.6,FAR,FAR,0.0,1,,,0.0,0
C2_n0.00_d000_r03,C2,202605,2.92,2.92,0.0,0.6,0.6,0.6,FAR,FAR,0.0,1,,,0.0,0
C2_n0.00_d000_r03,C2,202605,2.94,2.94,0.0,0.6,0.6,0.6,FAR,FAR,0.0,1,,,0.0,0
C2_n0.00_d000_r03,C2,202605,2.96,2.96,0.0,0.6,0.6,0.6,FAR,FAR,0.0,1,,,0.0,0
C2_n0.00_d000_r03,C2,202605,2.98,2.98,0.0,0.6,0.6,0.6,FAR,FAR,0.0,1,,,0.0,0
C2_n0.00_d000_r03,C2,202605,3.0,3.0,0.0,0.6,0.6,0.6,FAR,FAR,0.0,1,,,0.0,0
C2_n0.00_d000_r03,C2,202605,3.02,3.02,0.0,0.6,0.6,0.6,FAR,FAR,0.0,1,,,0.0,0
C2_n0.00_d000_r03,C2,202605,3.04,3.04,0.0,0.6,0.6,0.6,FAR,FAR,0.0,1,,,0.0,0
C2_n0.00_d000_r03,C2,202605,3.06,3.06,0.0,0.6,0.6,0.6,FAR,FAR,0.0,1,,,0.0,0
C2_n0.00_d000_r03,C2,202605,3.08,3.08,0.0,0.6,0.6,0.6,FAR,FAR,0.0,1,,,0.0,0
C2_n0.00_d000_r03,C2,202605,3.1,3.1,0.0,0.6,0.6,0.6,FAR,FAR,0.0,1,,,0.0,0
C2_n0.00_d000_r03,C2,202605,3.12,3.12,0.0,0.6,0.6,0.6,FAR,FAR,0.0,1,,,0.0,0
C2_n0.00_d000_r03,C2,202605,3.14,3.14,0.0,0.6,0.6,0.6,FAR,FAR,0.0,1,,,0.0,0
C2_n0.00_d000_r03,C2,202605,3.16,3.16,0.0,0.6,0.6,0.6,FAR,FAR,0.0,1,,,0.0,0
C2_n0.00_d000_r03,C2,202605,3.18,3.18,0.0,0.6,0.6,0.6,FAR,FAR,0.0,1,,,0.0,0
C2_n0.00_d000_r03,C2,202605,3.2,3.2,0.0,0.6,0.6,0.6,FAR,FAR,0.0,1,,,0.0,0
C2_n0.00_d000_r03,C2,202605,3.22,3.22,0.0,0.6,0.6,0.6,FAR,FAR,0.0,1,,,0.0,0
C2_n0.00_d000_r03,C2,202605,3.24,3.24,0.0,0.6,0.6,0.6,FAR,FAR,0.0,1,,,0.0,0
C2_n0.00_d000_r03,C2,202605,3.26,3.26,0.0,0.6,0.6,0.6,FAR,FAR,0.0,1,,,0.0,0
C2_n0.00_d000_r03,C2,202605,3.28,3.28,0.0,0.6,0.6,0.6,FAR,FAR,0.0,1,,,0.0,0
C2_n0.00_d000_r03,C2,202605,3.3,3.3,0.0,0.6,0.6,0.6,FAR,FAR,0.0,1,,,0.0,0
C2_n0.00_d000_r03,C2,202605,3.32,3.32,0.0,0.6,0.6,0.6,FAR,FAR,0.0,1,,,0.0,0
C2_n0.00_d000_r03,C2,202605,3.34,3.34,0.0,0.6,0.6,0.6,FAR,FAR,0.0,1,,,0.0,0
C2_n0.00_d000_r03,C2,202605,3.36,3.36,0.0,0.6,0.6,0.6,FAR,FAR,0.0,1,,,0.0,0
C2_n0.00_d000_r03,C2,202605,3.38,3.38,0.0,0.6,0.6,0.6,FAR,FAR,0.0,1,,,0.0,0
C2_n0.00_d000_r03,C2,202605,3.4,3.4,0.0,0.6,0.6,0.6,FAR,FAR,0.0,1,,,0.0,0
C2_n0.00_d000_r03,C2,202605,3.42,3.42,0.0,0.6,0.6,0.6,FAR,FAR,0.0,1,,,0.0,0
C2_n0.00_d000_r03,C2,202605,3.44,3.44,0.0,0.6,0.6,0.6,FAR,FAR,0.0,1,,,0.0,0
C2_n0.00_d000_r03,C2,202605,3.46,3.46,0.0,0.6,0.6,0.6,FAR,FAR,0.0,1,,,0.0,0
C2_n0.00_d000_r03,C2,202605,3.48,3.48,0.0,0.6,0.6,0.6,FAR,FAR,0.0,1,,,0.0,0
C2_n0.00_d000_r03,C2,202605,3.5,3.5,0.0,0.6,0.6,0.6,FAR,FAR,0.0,1,,,0.0,0
C2_n0.00_d000_r03,C2,202605,3.52,3.52,0.0,0.6,0.6,0.6,FAR,FAR,0.0,1,,,0.0,0
C2_n0.00_d000_r03,C2,202605,3.54,3.54,0.0,0.6,0.6,0.6,FAR,FAR,0.0,1,,,0.0,0
C2_n0.00_d000_r03,C2,202605,3.56,3.56,0.0,0.6,0.6,0.6,FAR,FAR,0.0,1,,,0.0,0
C2_n0.00_d000_r03,C2,202605,3.58,3.58,0.0,0.6,0.6,0.6,FAR,FAR,0.0,1,,,0.0,0
C2_n0.00_d000_r03,C2,202605,3.6,3.6,0.0,0.6,0.6,0.6,FAR,FAR,0.0,1,,,0.0,0
C2_n0.00_d000_r03,C2,202605,3.62,3.62,0.0,0.6,0.6,0.6,FAR,FAR,0.0,1,,,0.0,0
C2_n0.00_d000_r03,C2,202605,3.64,3.64,0.0,0.6,0.6,0.6,FAR,FAR,0.0,1,,,0.0,0
C2_n0.00_d000_r03,C2,202605,3.66,3.66,0.0,0.6,0.6,0.6,FAR,FAR,0.0,1,,,0.0,0
C2_n0.00_d000_r03,C2,202605,3.68,3.68,0.0,0.6,0.6,0.6,FAR,FAR,0.0,1,,,0.0,0
C2_n0.00_d000_r03,C2,202605,3.7,3.7,0.0,0.6,0.6,0.6,FAR,FAR,0.0,1,,,0.0,0
C2_n0.00_d000_r03,C2,202605,3.72,3.72,0.0,0.6,0.6,0.6,FAR,FAR,0.0,1,,,0.0,0
C2_n0.00_d000_r03,C2,202605,3.74,3.74,0.0,0.6,0.6,0.6,FAR,FAR,0.0,1,,,0.0,0
C2_n0.00_d000_r03,C2,202605,3.76,3.76,0.0,0.6,0.6,0.6,FAR,FAR,0.0,1,,,0.0,0
C2_n0.00_d000_r03,C2,202605,3.78,3.78,0.0,0.6,0.6,0.6,FAR,FAR,0.0,1,,,0.0,0
C2_n0.00_d000_r03,C2,202605,3.8,3.8,0.0,0.6,0.6,0.6,FAR,FAR,0.0,1,,,0.0,0
C2_n0.00_d000_r03,C2,202605,3.82,3.82,0.0,0.6,0.6,0.6,FAR,FAR,0.0,1,,,0.0,0
C2_n0.00_d000_r03,C2,202605,3.84,3.84,0.0,0.6,0.6,0.6,FAR,FAR,0.0,1,,,0.0,0
C2_n0.00_d000_r03,C2,202605,3.86,3.86,0.0,0.6,0.6,0.6,FAR,FAR,0.0,1,,,0.0,0
C2_n0.00_d000_r03,C2,202605,3.88,3.88,0.0,0.6,0.6,0.6,FAR,FAR,0.0,1,,,0.0,0
C2_n0.00_d000_r03,C2,202605,3.9,3.9,0.0,0.6,0.6,0.6,FAR,FAR,0.0,1,,,0.0,0
C2_n0.00_d000_r03,C2,202605,3.92,3.92,0.0,0.6,0.6,0.6,FAR,FAR,0.0,1,,,0.0,0
C2_n0.00_d000_r03,C2,202605,3.94,3.94,0.0,0.6,0.6,0.6,FAR,FAR,0.0,1,,,0.0,0
C2_n0.00_d000_r03,C2,202605,3.96,3.96,0.0,0.6,0.6,0.6,FAR,FAR,0.0,1,,,0.0,0
C2_n0.00_d000_r03,C2,202605,3.98,3.98,0.0,0.6,0.6,0.6,FAR,FAR,0.0,1,,,0.0,0
C2_n0.00_d000_r03,C2,202605,4.0,4.0,0.0,0.6,0.6,0.6,FAR,FAR,0.0,1,,,0.0,0
C2_n0.00_d000_r03,C2,202605,4.02,4.02,0.0,0.5982500000000001,0.5982500000000001,0.5995625,FAR,FAR,0.0,1,,,0.0,0
C2_n0.00_d000_r03,C2,202605,4.04,4.04,0.0,0.5965,0.5965,0.598796875,FAR,FAR,0.0,1,,,0.0,0
C2_n0.00_d000_r03,C2,202605,4.06,4.06,0.0,0.59475,0.59475,0.59778515625,FAR,FAR,0.0,1,,,0.0,0
C2_n0.00_d000_r03,C2,202605,4.08,4.08,0.0,0.593,0.593,0.5965888671874999,FAR,FAR,0.0,1,,,0.0,0
C2_n0.00_d000_r03,C2,202605,4.1,4.1,0.0,0.59125,0.59125,0.595254150390625,FAR,FAR,0.0,1,,,0.0,0
C2_n0.00_d000_r03,C2,202605,4.12,4.12,0.0,0.5894999999999999,0.5894999999999999,0.5938156127929688,FAR,FAR,0.0,1,,,0.0,0
C2_n0.00_d000_r03,C2,202605,4.14,4.14,0.0,0.58775,0.58775,0.5922992095947266,FAR,FAR,0.0,1,,,0.0,0
C2_n0.00_d000_r03,C2,202605,4.16,4.16,0.0,0.586,0.586,0.5907244071960449,FAR,FAR,0.0,1,,,0.0,0
C2_n0.00_d000_r03,C2,202605,4.18,4.18,0.0,0.58425,0.58425,0.5891058053970337,FAR,FAR,0.0,1,,,0.0,0
C2_n0.00_d000_r03,C2,202605,4.2,4.2,0.0,0.5825,0.5825,0.5874543540477752,FAR,FAR,0.0,1,,,0.0,0
C2_n0.00_d000_r03,C2,202605,4.22,4.22,0.0,0.58075,0.58075,0.5857782655358315,FAR,FAR,0.0,1,,,0.0,0
C2_n0.00_d000_r03,C2,202605,4.24,4.24,0.0,0.579,0.579,0.5840836991518736,FAR,FAR,0.0,1,,,0.0,0
C2_n0.00_d000_r03,C2,202605,4.26,4.26,0.0,0.57725,0.57725,0.5823752743639052,FAR,FAR,0.0,1,,,0.0,0
C2_n0.00_d000_r03,C2,202605,4.28,4.28,0.0,0.5754999999999999,0.5754999999999999,0.5806564557729289,FAR,FAR,0.0,1,,,0.0,0
C2_n0.00_d000_r03,C2,202605,4.3,4.3,0.0,0.57375,0.57375,0.5789298418296966,FAR,FAR,0.0,1,,,0.0,0
C2_n0.00_d000_r03,C2,202605,4.32,4.32,0.0,0.572,0.572,0.5771973813722725,FAR,FAR,0.0,1,,,0.0,0
C2_n0.00_d000_r03,C2,202605,4.34,4.34,0.0,0.57025,0.57025,0.5754605360292044,FAR,FAR,0.0,1,,,0.0,0
C2_n0.00_d000_r03,C2,202605,4.36,4.36,0.0,0.5685,0.5685,0.5737204020219033,FAR,FAR,0.0,1,,,0.0,0
C2_n0.00_d000_r03,C2,202605,4.38,4.38,0.0,0.56675,0.56675,0.5719778015164275,FAR,FAR,0.0,1,,,0.0,0
C2_n0.00_d000_r03,C2,202605,4.4,4.4,0.0,0.565,0.565,0.5702333511373207,FAR,FAR,0.0,1,,,0.0,0
C2_n0.00_d000_r03,C2,202605,4.42,4.42,0.0,0.56325,0.56325,0.5684875133529905,FAR,FAR,0.0,1,,,0.0,0
C2_n0.00_d000_r03,C2,202605,4.44,4.44,0.0,0.5614999999999999,0.5614999999999999,0.5667406350147428,FAR,FAR,0.0,1,,,0.0,0
C2_n0.00_d000_r03,C2,202605,4.46,4.46,0.0,0.55975,0.55975,0.564992976261057,FAR,FAR,0.0,1,,,0.0,0
C2_n0.00_d000_r03,C2,202605,4.48,4.48,0.0,0.5579999999999999,0.5579999999999999,0.5632447321957927,FAR,FAR,0.0,1,,,0.0,0
C2_n0.00_d000_r03,C2,202605,4.5,4.5,0.0,0.55625,0.55625,0.5614960491468446,FAR,FAR,0.0,1,,,0.0,0
C2_n0.00_d000_r03,C2,202605,4.52,4.52,0.0,0.5545,0.5545,0.5597470368601334,FAR,FAR,0.0,1,,,0.0,0
C2_n0.00_d000_r03,C2,202605,4.54,4.54,0.0,0.55275,0.55275,0.5579977776451001,FAR,FAR,0.0,1,,,0.0,0
C2_n0.00_d000_r03,C2,202605,4.56,4.56,0.0,0.551,0.551,0.556248333233825,FAR,FAR,0.0,1,,,0.0,0
C2_n0.00_d000_r03,C2,202605,4.58,4.58,0.0,0.54925,0.54925,0.5544987499253689,FAR,FAR,0.0,1,,,0.0,0
C2_n0.00_d000_r03,C2,202605,4.6,4.6,0.0,0.5475,0.5475,0.5527490624440267,FAR,FAR,0.0,1,,,0.0,0
C2_n0.00_d000_r03,C2,202605,4.62,4.62,0.0,0.54575,0.54575,0.55099929683302,FAR,FAR,0.0,1,,,0.0,0
C2_n0.00_d000_r03,C2,202605,4.64,4.64,0.0,0.544,0.544,0.549249472624765,FAR,FAR,0.0,1,,,0.0,0
C2_n0.00_d000_r03,C2,202605,4.66,4.66,0.0,0.54225,0.54225,0.5474996044685737,FAR,FAR,0.0,1,,,0.0,0
C2_n0.00_d000_r03,C2,202605,4.68,4.68,0.0,0.5405,0.5405,0.5457497033514302,FAR,FAR,0.0,1,,,0.0,0
C2_n0.00_d000_r03,C2,202605,4.7,4.7,0.0,0.53875,0.53875,0.5439997775135726,FAR,FAR,0.0,1,,,0.0,0
C2_n0.00_d000_r03,C2,202605,4.72,4.72,0.0,0.537,0.537,0.5422498331351795,FAR,FAR,0.0,1,,,0.0,0
C2_n0.00_d000_r03,C2,202605,4.74,4.74,0.0,0.53525,0.53525,0.5404998748513846,FAR,FAR,0.0,1,,,0.0,0
C2_n0.00_d000_r03,C2,202605,4.76,4.76,0.0,0.5335,0.5335,0.5387499061385385,FAR,FAR,0.0,1,,,0.0,0
C2_n0.00_d000_r03,C2,202605,4.78,4.78,0.0,0.53175,0.53175,0.5369999296039039,FAR,FAR,0.0,1,,,0.0,0
C2_n0.00_d000_r03,C2,202605,4.8,4.8,0.0,0.53,0.53,0.535249947202928,FAR,FAR,0.0,1,,,0.0,0
C2_n0.00_d000_r03,C2,202605,4.82,4.82,0.0,0.52825,0.52825,0.5334999604021959,FAR,FAR,0.0,1,,,0.0,0
C2_n0.00_d000_r03,C2,202605,4.84,4.84,0.0,0.5265,0.5265,0.531749970301647,FAR,FAR,0.0,1,,,0.0,0
C2_n0.00_d000_r03,C2,202605,4.86,4.86,0.0,0.5247499999999999,0.5247499999999999,0.5299999777262352,FAR,FAR,0.0,1,,,0.0,0
C2_n0.00_d000_r03,C2,202605,4.88,4.88,0.0,0.523,0.523,0.5282499832946764,FAR,FAR,0.0,1,,,0.0,0
C2_n0.00_d000_r03,C2,202605,4.9,4.9,0.0,0.52125,0.52125,0.5264999874710072,FAR,FAR,0.0,1,,,0.0,0
C2_n0.00_d000_r03,C2,202605,4.92,4.92,0.0,0.5195,0.5195,0.5247499906032554,FAR,FAR,0.0,1,,,0.0,0
C2_n0.00_d000_r03,C2,202605,4.94,4.94,0.0,0.5177499999999999,0.5177499999999999,0.5229999929524416,FAR,FAR,0.0,1,,,0.0,0
C2_n0.00_d000_r03,C2,202605,4.96,4.96,0.0,0.516,0.516,0.5212499947143312,FAR,FAR,0.0,1,,,0.0,0
C2_n0.00_d000_r03,C2,202605,4.98,4.98,0.0,0.51425,0.51425,0.5194999960357484,FAR,FAR,0.0,1,,,0.0,0
C2_n0.00_d000_r03,C2,202605,5.0,5.0,0.0,0.5125,0.5125,0.5177499970268113,FAR,FAR,0.0,1,,,0.0,0
C2_n0.00_d000_r03,C2,202605,5.02,5.02,0.0,0.51075,0.51075,0.5159999977701085,FAR,FAR,0.0,1,,,0.0,0
C2_n0.00_d000_r03,C2,202605,5.04,5.04,0.0,0.509,0.509,0.5142499983275813,FAR,FAR,0.0,1,,,0.0,0
C2_n0.00_d000_r03,C2,202605,5.06,5.06,0.0,0.50725,0.50725,0.512499998745686,FAR,FAR,0.0,1,,,0.0,0
C2_n0.00_d000_r03,C2,202605,5.08,5.08,0.0,0.5055,0.5055,0.5107499990592644,FAR,FAR,0.0,1,,,0.0,0
C2_n0.00_d000_r03,C2,202605,5.1,5.1,0.0,0.50375,0.50375,0.5089999992944484,FAR,FAR,0.0,1,,,0.0,0
C2_n0.00_d000_r03,C2,202605,5.12,5.12,0.0,0.502,0.502,0.5072499994708364,FAR,FAR,0.0,1,,,0.0,0
C2_n0.00_d000_r03,C2,202605,5.14,5.14,0.0,0.50025,0.50025,0.5054999996031273,FAR,FAR,0.0,1,,,0.0,0
C2_n0.00_d000_r03,C2,202605,5.16,5.16,0.0,0.49849999999999994,0.49849999999999994,0.5037499997023455,FAR,FAR,0.0,1,,,0.0,0
C2_n0.00_d000_r03,C2,202605,5.18,5.18,0.0,0.49675,0.49675,0.5019999997767591,FAR,FAR,0.0,1,,,0.0,0
C2_n0.00_d000_r03,C2,202605,5.2,5.2,0.0,0.495,0.495,0.5002499998325693,FAR,FAR,0.0,1,,,0.0,0
C2_n0.00_d000_r03,C2,202605,5.22,5.22,0.0,0.49325,0.49325,0.498499999874427,FAR,FAR,0.0,1,,,0.0,0
C2_n0.00_d000_r03,C2,202605,5.24,5.24,0.0,0.49149999999999994,0.49149999999999994,0.49674999990582025,FAR,FAR,0.0,1,,,0.0,0
C2_n0.00_d000_r03,C2,202605,5.26,5.26,0.0,0.48975,0.48975,0.49499999992936516,FAR,FAR,0.0,1,,,0.0,0
C2_n0.00_d000_r03,C2,202605,5.28,5.28,0.0,0.488,0.488,0.4932499999470239,FAR,FAR,0.0,1,,,0.0,0
C2_n0.00_d000_r03,C2,202605,5.3,5.3,0.0,0.48625,0.48625,0.49149999996026794,FAR,FAR,0.0,1,,,0.0,0
C2_n0.00_d000_r03,C2,202605,5.32,5.32,0.0,0.48449999999999993,0.48449999999999993,0.4897499999702009,FAR,FAR,0.0,1,,,0.0,0
C2_n0.00_d000_r03,C2,202605,5.34,5.34,0.0,0.48275,0.48275,0.4879999999776507,FAR,FAR,0.0,1,,,0.0,0
C2_n0.00_d000_r03,C2,202605,5.36,5.36,0.0,0.481,0.481,0.48624999998323803,FAR,FAR,0.0,1,,,0.0,0
C2_n0.00_d000_r03,C2,202605,5.38,5.38,0.0,0.47925,0.47925,0.48449999998742854,FAR,FAR,0.0,1,,,0.0,0
C2_n0.00_d000_r03,C2,202605,5.4,5.4,0.0,0.4774999999999999,0.4774999999999999,0.48274999999057144,FAR,FAR,0.0,1,,,0.0,0
C2_n0.00_d000_r03,C2,202605,5.42,5.42,0.0,0.47575,0.47575,0.48099999999292864,FAR,FAR,0.0,1,,,0.0,0
C2_n0.00_d000_r03,C2,202605,5.44,5.44,0.0,0.474,0.474,0.4792499999946965,FAR,FAR,0.0,1,,,0.0,0
C2_n0.00_d000_r03,C2,202605,5.46,5.46,0.0,0.47224999999999995,0.47224999999999995,0.47749999999602233,FAR,FAR,0.0,1,,,0.0,0
C2_n0.00_d000_r03,C2,202605,5.48,5.48,0.0,0.4704999999999999,0.4704999999999999,0.4757499999970167,FAR,FAR,0.0,1,,,0.0,0
C2_n0.00_d000_r03,C2,202605,5.5,5.5,0.0,0.46875,0.46875,0.47399999999776254,FAR,FAR,0.0,1,,,0.0,0
C2_n0.00_d000_r03,C2,202605,5.52,5.52,0.0,0.467,0.467,0.47224999999832196,FAR,FAR,0.0,1,,,0.0,0
C2_n0.00_d000_r03,C2,202605,5.54,5.54,0.0,0.46525,0.46525,0.4704999999987414,FAR,FAR,0.0,1,,,0.0,0
C2_n0.00_d000_r03,C2,202605,5.56,5.56,0.0,0.4635,0.4635,0.4687499999990561,FAR,FAR,0.0,1,,,0.0,0
C2_n0.00_d000_r03,C2,202605,5.58,5.58,0.0,0.46175,0.46175,0.4669999999992921,FAR,FAR,0.0,1,,,0.0,0
C2_n0.00_d000_r03,C2,202605,5.6,5.6,0.0,0.46,0.46,0.46524999999946903,FAR,FAR,0.0,1,,,0.0,0
C2_n0.00_d000_r03,C2,202605,5.62,5.62,0.0,0.45825,0.45825,0.4634999999996018,FAR,FAR,0.0,1,,,0.0,0
C2_n0.00_d000_r03,C2,202605,5.64,5.64,0.0,0.4565,0.4565,0.46174999999970134,FAR,FAR,0.0,1,,,0.0,0
C2_n0.00_d000_r03,C2,202605,5.66,5.66,0.0,0.45475,0.45475,0.459999999999776,FAR,FAR,0.0,1,,,0.0,0
C2_n0.00_d000_r03,C2,202605,5.68,5.68,0.0,0.453,0.453,0.458249999999832,FAR,FAR,0.0,1,,,0.0,0
C2_n0.00_d000_r03,C2,202605,5.7,5.7,0.0,0.45125,0.45125,0.456499999999874,FAR,FAR,0.0,1,,,0.0,0
C2_n0.00_d000_r03,C2,202605,5.72,5.72,0.0,0.4495,0.4495,0.4547499999999055,FAR,FAR,0.0,1,,,0.0,0
C2_n0.00_d000_r03,C2,202605,5.74,5.74,0.0,0.44775,0.44775,0.4529999999999291,FAR,FAR,0.0,1,,,0.0,0
C2_n0.00_d000_r03,C2,202605,5.76,5.76,0.0,0.446,0.446,0.4512499999999468,FAR,FAR,0.0,1,,,0.0,0
C2_n0.00_d000_r03,C2,202605,5.78,5.78,0.0,0.44425,0.44425,0.4494999999999601,FAR,FAR,0.0,1,,,0.0,0
C2_n0.00_d000_r03,C2,202605,5.8,5.8,0.0,0.4425,0.4425,0.4477499999999701,FAR,FAR,0.0,1,,,0.0,0
C2_n0.00_d000_r03,C2,202605,5.82,5.82,0.0,0.44075,0.44075,0.4459999999999776,FAR,FAR,0.0,1,,,0.0,0
C2_n0.00_d000_r03,C2,202605,5.84,5.84,0.0,0.439,0.439,0.4442499999999832,FAR,FAR,0.0,1,,,0.0,0
C2_n0.00_d000_r03,C2,202605,5.86,5.86,0.0,0.43724999999999997,0.43724999999999997,0.4424999999999874,FAR,FAR,0.0,1,,,0.0,0
C2_n0.00_d000_r03,C2,202605,5.88,5.88,0.0,0.4355,0.4355,0.44074999999999054,FAR,FAR,0.0,1,,,0.0,0
C2_n0.00_d000_r03,C2,202605,5.9,5.9,0.0,0.43374999999999997,0.43374999999999997,0.43899999999999284,FAR,FAR,0.0,1,,,0.0,0
C2_n0.00_d000_r03,C2,202605,5.92,5.92,0.0,0.432,0.432,0.4372499999999946,FAR,FAR,0.0,1,,,0.0,0
C2_n0.00_d000_r03,C2,202605,5.94,5.94,0.0,0.43024999999999997,0.43024999999999997,0.43549999999999595,FAR,FAR,0.0,1,,,0.0,0
C2_n0.00_d000_r03,C2,202605,5.96,5.96,0.0,0.4285,0.4285,0.43374999999999697,FAR,FAR,0.0,1,,,0.0,0
C2_n0.00_d000_r03,C2,202605,5.98,5.98,0.0,0.42674999999999996,0.42674999999999996,0.4319999999999977,FAR,FAR,0.0,1,,,0.0,0
C2_n0.00_d000_r03,C2,202605,6.0,6.0,0.0,0.425,0.425,0.4302499999999983,FAR,FAR,0.0,1,,,0.0,0
C2_n0.00_d000_r03,C2,202605,6.02,6.02,0.0,0.42325,0.42325,0.42849999999999877,FAR,FAR,0.0,1,,,0.0,0
C2_n0.00_d000_r03,C2,202605,6.04,6.04,0.0,0.4215,0.4215,0.4267499999999991,FAR,FAR,0.0,1,,,0.0,0
C2_n0.00_d000_r03,C2,202605,6.06,6.06,0.0,0.41975,0.41975,0.4249999999999993,FAR,FAR,0.0,1,,,0.0,0
C2_n0.00_d000_r03,C2,202605,6.08,6.08,0.0,0.418,0.418,0.42324999999999946,FAR,FAR,0.0,1,,,0.0,0
C2_n0.00_d000_r03,C2,202605,6.1,6.1,0.0,0.41625,0.41625,0.4214999999999996,FAR,FAR,0.0,1,,,0.0,0
C2_n0.00_d000_r03,C2,202605,6.12,6.12,0.0,0.4145,0.4145,0.41974999999999973,FAR,FAR,0.0,1,,,0.0,0
C2_n0.00_d000_r03,C2,202605,6.14,6.14,0.0,0.41275,0.41275,0.4179999999999998,FAR,FAR,0.0,1,,,0.0,0
C2_n0.00_d000_r03,C2,202605,6.16,6.16,0.0,0.411,0.411,0.4162499999999999,FAR,FAR,0.0,1,,,0.0,0
C2_n0.00_d000_r03,C2,202605,6.18,6.18,0.0,0.40925,0.40925,0.4145,FAR,FAR,0.0,1,,,0.0,0
C2_n0.00_d000_r03,C2,202605,6.2,6.2,0.0,0.4075,0.4075,0.41275,FAR,FAR,0.0,1,,,0.0,0
C2_n0.00_d000_r03,C2,202605,6.22,6.22,0.0,0.40575,0.40575,0.41100000000000003,FAR,FAR,0.0,1,,,0.0,0
C2_n0.00_d000_r03,C2,202605,6.24,6.24,0.0,0.40399999999999997,0.40399999999999997,0.40925,FAR,FAR,0.0,1,,,0.0,0
C2_n0.00_d000_r03,C2,202605,6.26,6.26,0.0,0.40225,0.40225,0.4075,FAR,FAR,0.0,1,,,0.0,0
C2_n0.00_d000_r03,C2,202605,6.28,6.28,0.0,0.40049999999999997,0.40049999999999997,0.40574999999999994,FAR,FAR,0.0,1,,,0.0,0
C2_n0.00_d000_r03,C2,202605,6.3,6.3,0.0,0.39875,0.39875,0.40399999999999997,FAR,FAR,0.0,1,,,0.0,0
C2_n0.00_d000_r03,C2,202605,6.32,6.32,0.0,0.39699999999999996,0.39699999999999996,0.40225,FAR,FAR,0.0,1,,,0.0,0
C2_n0.00_d000_r03,C2,202605,6.34,6.34,0.0,0.39525,0.39525,0.40049999999999997,FAR,FAR,0.0,1,,,0.0,0
C2_n0.00_d000_r03,C2,202605,6.36,6.36,0.0,0.39349999999999996,0.39349999999999996,0.39874999999999994,FAR,FAR,0.0,1,,,0.0,0
C2_n0.00_d000_r03,C2,202605,6.38,6.38,0.0,0.39175,0.39175,0.39699999999999996,FAR,FAR,0.0,1,,,0.0,0
C2_n0.00_d000_r03,C2,202605,6.4,6.4,0.0,0.38999999999999996,0.38999999999999996,0.39524999999999993,FAR,FAR,0.0,1,,,0.0,0
C2_n0.00_d000_r03,C2,202605,6.42,6.42,0.0,0.38825,0.38825,0.39349999999999996,FAR,FAR,0.0,1,,,0.0,0
C2_n0.00_d000_r03,C2,202605,6.44,6.44,0.0,0.38649999999999995,0.38649999999999995,0.39174999999999993,FAR,FAR,0.0,1,,,0.0,0
C2_n0.00_d000_r03,C2,202605,6.46,6.46,0.0,0.38475,0.38475,0.3899999999999999,FAR,FAR,0.0,1,,,0.0,0
C2_n0.00_d000_r03,C2,202605,6.48,6.48,0.0,0.38299999999999995,0.38299999999999995,0.38824999999999993,FAR,FAR,0.0,1,,,0.0,0
C2_n0.00_d000_r03,C2,202605,6.5,6.5,0.0,0.38125,0.38125,0.38649999999999995,FAR,FAR,0.0,1,,,0.0,0
C2_n0.00_d000_r03,C2,202605,6.52,6.52,0.0,0.37950000000000006,0.37950000000000006,0.38475000000000004,FAR,FAR,0.0,1,,,0.0,0
C2_n0.00_d000_r03,C2,202605,6.54,6.54,0.0,0.37775000000000003,0.37775000000000003,0.38300000000000006,FAR,FAR,0.0,1,,,0.0,0
C2_n0.00_d000_r03,C2,202605,6.56,6.56,0.0,0.376,0.376,0.3812500000000001,FAR,FAR,0.0,1,,,0.0,0
C2_n0.00_d000_r03,C2,202605,6.58,6.58,0.0,0.37424999999999997,0.37424999999999997,0.37950000000000006,FAR,FAR,0.0,1,,,0.0,0
C2_n0.00_d000_r03,C2,202605,6.6,6.6,0.0,0.37250000000000005,0.37250000000000005,0.37775000000000003,FAR,FAR,0.0,1,,,0.0,0
C2_n0.00_d000_r03,C2,202605,6.62,6.62,0.0,0.37075,0.37075,0.376,FAR,FAR,0.0,1,,,0.0,0
C2_n0.00_d000_r03,C2,202605,6.64,6.64,0.0,0.369,0.369,0.37425,FAR,FAR,0.0,1,,,0.0,0
C2_n0.00_d000_r03,C2,202605,6.66,6.66,0.0,0.36724999999999997,0.36724999999999997,0.37250000000000005,FAR,FAR,0.0,1,,,0.0,0
C2_n0.00_d000_r03,C2,202605,6.68,6.68,0.0,0.36550000000000005,0.36550000000000005,0.37075,FAR,FAR,0.0,1,,,0.0,0
C2_n0.00_d000_r03,C2,202605,6.7,6.7,0.0,0.36375,0.36375,0.369,FAR,FAR,0.0,1,,,0.0,0
C2_n0.00_d000_r03,C2,202605,6.72,6.72,0.0,0.362,0.362,0.36724999999999997,FAR,FAR,0.0,1,,,0.0,0
C2_n0.00_d000_r03,C2,202605,6.74,6.74,0.0,0.36024999999999996,0.36024999999999996,0.3655,FAR,FAR,0.0,1,,,0.0,0
C2_n0.00_d000_r03,C2,202605,6.76,6.76,0.0,0.35850000000000004,0.35850000000000004,0.36375,FAR,FAR,0.0,1,,,0.0,0
C2_n0.00_d000_r03,C2,202605,6.78,6.78,0.0,0.35675,0.35675,0.362,FAR,FAR,0.0,1,,,0.0,0
C2_n0.00_d000_r03,C2,202605,6.8,6.8,0.0,0.355,0.355,0.36024999999999996,FAR,FAR,0.0,1,,,0.0,0
C2_n0.00_d000_r03,C2,202605,6.82,6.82,0.0,0.35324999999999995,0.35324999999999995,0.35849999999999993,FAR,FAR,0.0,1,,,0.0,0
C2_n0.00_d000_r03,C2,202605,6.84,6.84,0.0,0.35150000000000003,0.35150000000000003,0.35675,FAR,FAR,0.0,1,,,0.0,0
C2_n0.00_d000_r03,C2,202605,6.86,6.86,0.0,0.34974999999999995,0.34974999999999995,0.35500000000000004,NEAR,FAR,0.0,1,,,0.0,0
C2_n0.00_d000_r03,C2,202605,6.88,6.88,0.0,0.348,0.348,0.35325000000000006,NEAR,FAR,0.0,1,,,0.0,0
C2_n0.00_d000_r03,C2,202605,6.9,6.9,0.0,0.34624999999999995,0.34624999999999995,0.35150000000000003,NEAR,FAR,0.0,1,,,0.0,0
C2_n0.00_d000_r03,C2,202605,6.92,6.92,0.0,0.3445,0.3445,0.34975,NEAR,FAR,0.0,1,,,0.0,0
C2_n0.00_d000_r03,C2,202605,6.94,6.94,0.0,0.34274999999999994,0.34274999999999994,0.348,NEAR,FAR,0.0,1,,,0.0,0
C2_n0.00_d000_r03,C2,202605,6.96,6.96,0.0,0.34099999999999997,0.34099999999999997,0.34625,NEAR,FAR,0.0,1,,,0.0,0
C2_n0.00_d000_r03,C2,202605,6.98,6.98,0.0,0.33924999999999994,0.33924999999999994,0.34450000000000003,NEAR,FAR,0.0,1,,,0.0,0
C2_n0.00_d000_r03,C2,202605,7.0,7.0,0.0,0.3375,0.3375,0.34275,NEAR,FAR,0.0,1,,,0.0,0
C2_n0.00_d000_r03,C2,202605,7.02,7.02,0.0,0.33575000000000005,0.33575000000000005,0.34099999999999997,NEAR,FAR,0.0,1,,,0.0,0
C2_n0.00_d000_r03,C2,202605,7.04,7.04,0.0,0.334,0.334,0.33925,NEAR,FAR,0.0,1,,,0.0,0
C2_n0.00_d000_r03,C2,202605,7.06,7.06,0.0,0.33225000000000005,0.33225000000000005,0.3375,NEAR,FAR,0.0,1,,,0.0,0
C2_n0.00_d000_r03,C2,202605,7.08,7.08,0.0,0.3305,0.3305,0.33575000000000005,NEAR,FAR,0.0,1,,,0.0,0
C2_n0.00_d000_r03,C2,202605,7.1,7.1,0.0,0.32875000000000004,0.32875000000000004,0.3340000000000001,NEAR,FAR,0.0,1,,,0.0,0
C2_n0.00_d000_r03,C2,202605,7.12,7.12,0.0,0.327,0.327,0.33225000000000005,NEAR,FAR,0.0,1,,,0.0,0
C2_n0.00_d000_r03,C2,202605,7.14,7.14,0.0,0.32525000000000004,0.32525000000000004,0.3305,NEAR,FAR,0.0,1,,,0.0,0
C2_n0.00_d000_r03,C2,202605,7.16,7.16,0.0,0.3235,0.3235,0.32875,NEAR,FAR,0.0,1,,,0.0,0
C2_n0.00_d000_r03,C2,202605,7.18,7.18,0.0,0.32175000000000004,0.32175000000000004,0.327,NEAR,FAR,0.0,1,,,0.0,0
C2_n0.00_d000_r03,C2,202605,7.2,7.2,0.0,0.32,0.32,0.32525000000000004,NEAR,FAR,0.0,1,,,0.0,0
C2_n0.00_d000_r03,C2,202605,7.22,7.22,0.0,0.31825000000000003,0.31825000000000003,0.3235,NEAR,FAR,0.0,1,,,0.0,0
C2_n0.00_d000_r03,C2,202605,7.24,7.24,0.0,0.3165,0.3165,0.32175,NEAR,FAR,0.0,1,,,0.0,0
C2_n0.00_d000_r03,C2,202605,7.26,7.26,0.0,0.31475000000000003,0.31475000000000003,0.32,NEAR,FAR,0.0,1,,,0.0,0
C2_n0.00_d000_r03,C2,202605,7.28,7.28,0.0,0.313,0.313,0.31825,NEAR,NEAR,0.6,1,ENTER_NEAR,,0.0,0
C2_n0.00_d000_r03,C2,202605,7.3,7.3,0.0,0.31125,0.31125,0.3165,NEAR,NEAR,0.6,1,,,0.0,0
C2_n0.00_d000_r03,C2,202605,7.32,7.32,0.0,0.3095,0.3095,0.31475,NEAR,NEAR,0.6,1,,,0.0,0
C2_n0.00_d000_r03,C2,202605,7.34,7.34,0.0,0.30775,0.30775,0.313,NEAR,NEAR,0.6,1,,,0.0,0
C2_n0.00_d000_r03,C2,202605,7.36,7.36,0.0,0.306,0.306,0.31125,NEAR,NEAR,0.6,1,,,0.0,0
C2_n0.00_d000_r03,C2,202605,7.38,7.38,0.0,0.30425,0.30425,0.3095,NEAR,NEAR,0.6,1,,,0.0,0
C2_n0.00_d000_r03,C2,202605,7.4,7.4,0.0,0.3025,0.3025,0.30774999999999997,NEAR,NEAR,0.6,1,,,0.0,0
C2_n0.00_d000_r03,C2,202605,7.42,7.42,0.0,0.30075,0.30075,0.306,NEAR,NEAR,0.6,1,,,0.0,0
C2_n0.00_d000_r03,C2,202605,7.44,7.44,0.0,0.299,0.299,0.30424999999999996,NEAR,NEAR,0.6,1,,,0.0,0
C2_n0.00_d000_r03,C2,202605,7.46,7.46,0.0,0.29725,0.29725,0.3025,NEAR,NEAR,0.6,1,,,0.0,0
C2_n0.00_d000_r03,C2,202605,7.48,7.48,0.0,0.2955,0.2955,0.30074999999999996,NEAR,NEAR,0.6,1,,,0.0,0
C2_n0.00_d000_r03,C2,202605,7.5,7.5,0.0,0.29375,0.29375,0.299,NEAR,NEAR,0.6,1,,,0.0,0
C2_n0.00_d000_r03,C2,202605,7.52,7.52,0.0,0.29200000000000004,0.29200000000000004,0.29725,NEAR,NEAR,0.6,1,,,0.0,0
C2_n0.00_d000_r03,C2,202605,7.54,7.54,0.0,0.29025,0.29025,0.2955,NEAR,NEAR,0.6,1,,,0.0,0
C2_n0.00_d000_r03,C2,202605,7.56,7.56,0.0,0.28850000000000003,0.28850000000000003,0.29375,NEAR,NEAR,0.6,1,,,0.0,0
C2_n0.00_d000_r03,C2,202605,7.58,7.58,0.0,0.28675,0.28675,0.29200000000000004,NEAR,NEAR,0.6,1,,,0.0,0
C2_n0.00_d000_r03,C2,202605,7.6,7.6,0.0,0.28500000000000003,0.28500000000000003,0.29025,NEAR,NEAR,0.6,1,,,0.0,0
C2_n0.00_d000_r03,C2,202605,7.62,7.62,0.0,0.28325,0.28325,0.2885,NEAR,NEAR,0.6,1,,,0.0,0
C2_n0.00_d000_r03,C2,202605,7.64,7.64,0.0,0.28150000000000003,0.28150000000000003,0.28675,NEAR,NEAR,0.6,1,,,0.0,0
C2_n0.00_d000_r03,C2,202605,7.66,7.66,0.0,0.27975,0.27975,0.285,NEAR,NEAR,0.6,1,,,0.0,0
C2_n0.00_d000_r03,C2,202605,7.68,7.68,0.0,0.278,0.278,0.28325,NEAR,NEAR,0.6,1,,,0.0,0
C2_n0.00_d000_r03,C2,202605,7.7,7.7,0.0,0.27625,0.27625,0.2815,NEAR,NEAR,0.6,1,,,0.0,0
C2_n0.00_d000_r03,C2,202605,7.72,7.72,0.0,0.2745,0.2745,0.27975,NEAR,NEAR,0.6,1,,,0.0,0
C2_n0.00_d000_r03,C2,202605,7.74,7.74,0.0,0.27275,0.27275,0.278,NEAR,NEAR,0.6,1,,,0.0,0
C2_n0.00_d000_r03,C2,202605,7.76,7.76,0.0,0.271,0.271,0.27625,NEAR,NEAR,0.6,1,,,0.0,0
C2_n0.00_d000_r03,C2,202605,7.78,7.78,0.0,0.26925,0.26925,0.27449999999999997,NEAR,NEAR,0.6,1,,,0.0,0
C2_n0.00_d000_r03,C2,202605,7.8,7.8,0.0,0.2675,0.2675,0.27275,NEAR,NEAR,0.6,1,,,0.0,0
C2_n0.00_d000_r03,C2,202605,7.82,7.82,0.0,0.26575,0.26575,0.27099999999999996,NEAR,NEAR,0.6,1,,,0.0,0
C2_n0.00_d000_r03,C2,202605,7.84,7.84,0.0,0.264,0.264,0.26925,NEAR,NEAR,0.6,1,,,0.0,0
C2_n0.00_d000_r03,C2,202605,7.86,7.86,0.0,0.26225,0.26225,0.26749999999999996,NEAR,NEAR,0.6,1,,,0.0,0
C2_n0.00_d000_r03,C2,202605,7.88,7.88,0.0,0.2605,0.2605,0.26575,NEAR,NEAR,0.6,1,,,0.0,0
C2_n0.00_d000_r03,C2,202605,7.9,7.9,0.0,0.25875,0.25875,0.264,NEAR,NEAR,0.6,1,,,0.0,0
C2_n0.00_d000_r03,C2,202605,7.92,7.92,0.0,0.257,0.257,0.26225,NEAR,NEAR,0.6,1,,,0.0,0
C2_n0.00_d000_r03,C2,202605,7.94,7.94,0.0,0.25525,0.25525,0.26049999999999995,NEAR,NEAR,0.6,1,,,0.0,0
C2_n0.00_d000_r03,C2,202605,7.96,7.96,0.0,0.2535,0.2535,0.25875,NEAR,NEAR,0.6,1,,,0.0,0
C2_n0.00_d000_r03,C2,202605,7.98,7.98,0.0,0.25175,0.25175,0.25699999999999995,NEAR,NEAR,0.6,1,,,0.0,0
C2_n0.00_d000_r03,C2,202605,8.0,8.0,0.0,0.25,0.25,0.25525,NEAR,NEAR,0.6,1,,,0.0,0
C2_n0.00_d000_r03,C2,202605,8.02,8.02,0.0,0.2522533838368113,0.2522533838368113,0.2545008459592028,NEAR,NEAR,0.6,1,,,0.0,0
C2_n0.00_d000_r03,C2,202605,8.04,8.04,0.0,0.25445562372365543,0.25445562372365543,0.25448954040031596,NEAR,NEAR,0.6,1,,,0.0,0
C2_n0.00_d000_r03,C2,202605,8.06,8.06,0.0,0.25655673649976407,0.25655673649976407,0.255006339425178,NEAR,NEAR,0.6,1,,,0.0,0
C2_n0.00_d000_r03,C2,202605,8.08,8.08,0.0,0.25850903423690136,0.25850903423690136,0.2558820131281088,NEAR,NEAR,0.6,1,,,0.0,0
C2_n0.00_d000_r03,C2,202605,8.1,8.1,0.0,0.2602682065889303,0.2602682065889303,0.2569785614933142,NEAR,NEAR,0.6,1,,,0.0,0
C2_n0.00_d000_r03,C2,202605,8.12,8.12,0.0,0.26179432648204926,0.26179432648204926,0.258182502740498,NEAR,NEAR,0.6,1,,,0.0,0
C2_n0.00_d000_r03,C2,202605,8.14,8.14,0.0,0.26305275632004294,0.26305275632004294,0.2594000661353842,NEAR,NEAR,0.6,1,,,0.0,0
C2_n0.00_d000_r03,C2,202605,8.16,8.16,0.0,0.2640149341368492,0.2640149341368492,0.26055378313575045,NEAR,NEAR,0.6,1,,,0.0,0
C2_n0.00_d000_r03,C2,202605,8.18,8.18,0.0,0.2646590218535229,0.2646590218535229,0.26158009281519357,NEAR,NEAR,0.6,1,,,0.0,0
C2_n0.00_d000_r03,C2,202605,8.2,8.2,0.0,0.26497040092642404,0.26497040092642404,0.2624276698430012,NEAR,NEAR,0.6,1,,,0.0,0
C2_n0.00_d000_r03,C2,202605,8.22,8.22,0.0,0.2649420041371476,0.2649420041371476,0.26305625341653777,NEAR,NEAR,0.6,1,,,0.0,0
C2_n0.00_d000_r03,C2,202605,8.24,8.24,0.0,0.2645744759937201,0.2645744759937201,0.26343580906083336,NEAR,NEAR,0.6,1,,,0.0,0
C2_n0.00_d000_r03,C2,202605,8.26,8.26,0.0,0.26387615810251686,0.26387615810251686,0.26354589632125425,NEAR,NEAR,0.6,1,,,0.0,0
C2_n0.00_d000_r03,C2,202605,8.28,8.28,0.0,0.26286289984290484,0.26286289984290484,0.2633751472016669,NEAR,NEAR,0.6,1,,,0.0,0
C2_n0.00_d000_r03,C2,202605,8.3,8.3,0.0,0.2615576986416368,0.2615576986416368,0.2629207850616594,NEAR,NEAR,0.6,1,,,0.0,0
C2_n0.00_d000_r03,C2,202605,8.32,8.32,0.0,0.25999017801151375,0.25999017801151375,0.262188133299123,NEAR,NEAR,0.6,1,,,0.0,0
C2_n0.00_d000_r03,C2,202605,8.34,8.34,0.0,0.25819591520101404,0.25819591520101404,0.26119007877459577,NEAR,NEAR,0.6,1,,,0.0,0
C2_n0.00_d000_r03,C2,202605,8.36,8.36,0.0,0.2562156337148993,0.2562156337148993,0.25994646750967165,NEAR,NEAR,0.6,1,,,0.0,0
C2_n0.00_d000_r03,C2,202605,8.38,8.38,0.0,0.2540942790327598,0.2540942790327598,0.2584834203904437,NEAR,NEAR,0.6,1,,,0.0,0
C2_n0.00_d000_r03,C2,202605,8.4,8.4,0.0,0.25187999850346454,0.25187999850346454,0.2568325649186989,NEAR,NEAR,0.6,1,,,0.0,0
C2_n0.00_d000_r03,C2,202605,8.42,8.42,0.0,0.24962304856834994,0.24962304856834994,0.25503018583111164,NEAR,NEAR,0.6,1,,,0.0,0
C2_n0.00_d000_r03,C2,202605,8.44,8.44,0.0,0.2473746541153709,0.2473746541153709,0.25311630290217646,NEAR,NEAR,0.6,1,,,0.0,0
C2_n0.00_d000_r03,C2,202605,8.46,8.46,0.0,0.24518584585289177,0.24518584585289177,0.2511336886398553,NEAR,NEAR,0.6,1,,,0.0,0
C2_n0.00_d000_r03,C2,202605,8.48,8.48,0.0,0.24310630209067763,0.24310630209067763,0.24912684200256088,NEAR,NEAR,0.6,1,,,0.0,0
C2_n0.00_d000_r03,C2,202605,8.5,8.5,0.0,0.24118322121561292,0.24118322121561292,0.24714093680582389,NEAR,NEAR,0.6,1,,,0.0,0
C2_n0.00_d000_r03,C2,202605,8.52,8.52,0.0,0.2394602504530173,0.2394602504530173,0.24522076521762223,NEAR,NEAR,0.6,1,,,0.0,0
C2_n0.00_d000_r03,C2,202605,8.54,8.54,0.0,0.23797649522693692,0.23797649522693692,0.2434096977199509,NEAR,NEAR,0.6,1,,,0.0,0
C2_n0.00_d000_r03,C2,202605,8.56,8.56,0.0,0.23676563160347566,0.23676563160347566,0.2417486811908321,NEAR,NEAR,0.6,1,,,0.0,0
C2_n0.00_d000_r03,C2,202605,8.58,8.58,0.0,0.23585514196160703,0.23585514196160703,0.24027529638352585,NEAR,NEAR,0.6,1,,,0.0,0
C2_n0.00_d000_r03,C2,202605,8.6,8.6,0.0,0.23526569123906968,0.23526569123906968,0.2390228950974118,NEAR,NEAR,0.6,1,,,0.0,0
C2_n0.00_d000_r03,C2,202605,8.62,8.62,0.0,0.23501065791039116,0.23501065791039116,0.23801983580065667,NEAR,NEAR,0.6,1,,,0.0,0
C2_n0.00_d000_r03,C2,202605,8.64,8.64,0.0,0.23509583034219989,0.23509583034219989,0.23728883443604248,NEAR,NEAR,0.6,1,,,0.0,0
C2_n0.00_d000_r03,C2,202605,8.66,8.66,0.0,0.2355192754175009,0.2355192754175009,0.2368464446814071,NEAR,NEAR,0.6,1,,,0.0,0
C2_n0.00_d000_r03,C2,202605,8.68,8.68,0.0,0.23627138241068624,0.23627138241068624,0.23670267911372686,NEAR,NEAR,0.6,1,,,0.0,0
C2_n0.00_d000_r03,C2,202605,8.7,8.7,0.0,0.23733508111746973,0.23733508111746973,0.23686077961466256,NEAR,NEAR,0.6,1,,,0.0,0
C2_n0.00_d000_r03,C2,202605,8.72,8.72,0.0,0.2386862292889585,0.2386862292889585,0.23731714203323656,NEAR,NEAR,0.6,1,,,0.0,0
C2_n0.00_d000_r03,C2,202605,8.74,8.74,0.0,0.24029416057645836,0.24029416057645836,0.23806139666904202,NEAR,NEAR,0.6,1,,,0.0,0
C2_n0.00_d000_r03,C2,202605,8.76,8.76,0.0,0.24212238055058052,0.24212238055058052,0.23907664263942666,NEAR,NEAR,0.6,1,,,0.0,0
C2_n0.00_d000_r03,C2,202605,8.78,8.78,0.0,0.24412939499744188,0.24412939499744188,0.24033983072893048,NEAR,NEAR,0.6,1,,,0.0,0
C2_n0.00_d000_r03,C2,202605,8.8,8.8,0.0,0.24626965169252724,0.24626965169252724,0.24182228596982966,NEAR,NEAR,0.6,1,,,0.0,0
C2_n0.00_d000_r03,C2,202605,8.82,8.82,0.0,0.2484945742772318,0.2484945742772318,0.24349035804668018,NEAR,NEAR,0.6,1,,,0.0,0
C2_n0.00_d000_r03,C2,202605,8.84,8.84,0.0,0.2507536647726965,0.2507536647726965,0.24530618472818427,NEAR,NEAR,0.6,1,,,0.0,0
C2_n0.00_d000_r03,C2,202605,8.86,8.86,0.0,0.25299564970771604,0.25299564970771604,0.2472285509730672,NEAR,NEAR,0.6,1,,,0.0,0
C2_n0.00_d000_r03,C2,202605,8.88,8.88,0.0,0.2551696438476178,0.2551696438476178,0.24921382419170485,NEAR,NEAR,0.6,1,,,0.0,0
C2_n0.00_d000_r03,C2,202605,8.9,8.9,0.0,0.2572263051115258,0.2572263051115258,0.2512169444216601,NEAR,NEAR,0.6,1,,,0.0,0
C2_n0.00_d000_r03,C2,202605,8.92,8.92,0.0,0.25911895446541905,0.25911895446541905,0.25319244693259985,NEAR,NEAR,0.6,1,,,0.0,0
C2_n0.00_d000_r03,C2,202605,8.94,8.94,0.0,0.26080463537331855,0.26080463537331855,0.25509549404277954,NEAR,NEAR,0.6,1,,,0.0,0
C2_n0.00_d000_r03,C2,202605,8.96,8.96,0.0,0.2622450887607578,0.2622450887607578,0.2568828927222741,NEAR,NEAR,0.6,1,,,0.0,0
C2_n0.00_d000_r03,C2,202605,8.98,8.98,0.0,0.263407621362269,0.263407621362269,0.2585140748822728,NEAR,NEAR,0.6,1,,,0.0,0
C2_n0.00_d000_r03,C2,202605,9.0,9.0,0.0,0.2642658477444273,0.2642658477444273,0.25995201809781143,NEAR,NEAR,0.6,1,,,0.0,0
C2_n0.00_d000_r03,C2,202605,9.02,9.02,0.0,0.264800289163118,0.264800289163118,0.2611640858641381,NEAR,NEAR,0.6,1,,,0.0,0
C2_n0.00_d000_r03,C2,202605,9.04,9.04,0.0,0.2649988156630572,0.2649988156630572,0.2621227683138679,NEAR,NEAR,0.6,1,,,0.0,0
C2_n0.00_d000_r03,C2,202605,9.06,9.06,0.0,0.26485692138544975,0.26485692138544975,0.26280630658176335,NEAR,NEAR,0.6,1,,,0.0,0
C2_n0.00_d000_r03,C2,202605,9.08,9.08,0.0,0.2643778268352606,0.2643778268352606,0.26319918664513764,NEAR,NEAR,0.6,1,,,0.0,0
C2_n0.00_d000_r03,C2,202605,9.1,9.1,0.0,0.2635724057869903,0.2635724057869903,0.2632924914306008,NEAR,NEAR,0.6,1,,,0.0,0
C2_n0.00_d000_r03,C2,202605,9.12,9.12,0.0,0.2624589384879372,0.2624589384879372,0.2630841031949349,NEAR,NEAR,0.6,1,,,0.0,0
C2_n0.00_d000_r03,C2,202605,9.14,9.14,0.0,0.2610626967603726,0.2610626967603726,0.26257875158629435,NEAR,NEAR,0.6,1,,,0.0,0
C2_n0.00_d000_r03,C2,202605,9.16,9.16,0.0,0.25941537041936047,0.25941537041936047,0.2617879062945609,NEAR,NEAR,0.6,1,,,0.0,0
C2_n0.00_d000_r03,C2,202605,9.18,9.18,0.0,0.2575543480245365,0.2575543480245365,0.2607295167270548,NEAR,NEAR,0.6,1,,,0.0,0
C2_n0.00_d000_r03,C2,202605,9.2,9.2,0.0,0.25552186829027024,0.25552186829027024,0.25942760461785863,NEAR,NEAR,0.6,1,,,0.0,0
C2_n0.00_d000_r03,C2,202605,9.22,9.22,0.0,0.25336406141424067,0.25336406141424067,0.2579117188169541,NEAR,NEAR,0.6,1,,,0.0,0
C2_n0.00_d000_r03,C2,202605,9.24,9.24,0.0,0.25112990208291897,0.25112990208291897,0.2562162646334453,NEAR,NEAR,0.6,1,,,0.0,0
C2_n0.00_d000_r03,C2,202605,9.26,9.26,0.0,0.24887009791708103,0.24887009791708103,0.25437972295435424,NEAR,NEAR,0.6,1,,,0.0,0
C2_n0.00_d000_r03,C2,202605,9.28,9.28,0.0,0.24663593858575936,0.24663593858575936,0.2524437768622055,NEAR,NEAR,0.6,1,,,0.0,0
C2_n0.00_d000_r03,C2,202605,9.3,9.3,0.0,0.24447813170972976,0.24447813170972976,0.25045236557408657,NEAR,NEAR,0.6,1,,,0.0,0
C2_n0.00_d000_r03,C2,202605,9.32,9.32,0.0,0.24244565197546356,0.24244565197546356,0.2484506871744308,NEAR,NEAR,0.6,1,,,0.0,0
C2_n0.00_d000_r03,C2,202605,9.34,9.34,0.0,0.2405846295806395,0.2405846295806395,0.246484172775983,NEAR,NEAR,0.6,1,,,0.0,0
C2_n0.00_d000_r03,C2,202605,9.36,9.36,0.0,0.23893730323962742,0.23893730323962742,0.2445974553918941,NEAR,NEAR,0.6,1,,,0.0,0
C2_n0.00_d000_r03,C2,202605,9.38,9.38,0.0,0.23754106151206275,0.23754106151206275,0.24283335692193625,NEAR,NEAR,0.6,1,,,0.0,0
C2_n0.00_d000_r03,C2,202605,9.4,9.4,0.0,0.23642759421300968,0.23642759421300968,0.24123191624470458,NEAR,NEAR,0.6,1,,,0.0,0
C2_n0.00_d000_r03,C2,202605,9.42,9.42,0.0,0.23562217316473935,0.23562217316473935,0.23982948047471328,NEAR,NEAR,0.6,1,,,0.0,0
C2_n0.00_d000_r03,C2,202605,9.44,9.44,0.0,0.23514307861455025,0.23514307861455025,0.23865788000967253,NEAR,NEAR,0.6,1,,,0.0,0
C2_n0.00_d000_r03,C2,202605,9.46,9.46,0.0,0.23500118433694275,0.23500118433694275,0.23774370609149006,NEAR,NEAR,0.6,1,,,0.0,0
C2_n0.00_d000_r03,C2,202605,9.48,9.48,0.0,0.235199710836882,0.235199710836882,0.23710770727783803,NEAR,NEAR,0.6,1,,,0.0,0
C2_n0.00_d000_r03,C2,202605,9.5,9.5,0.0,0.2357341522555727,0.2357341522555727,0.2367643185222717,NEAR,NEAR,0.6,1,,,0.0,0
C2_n0.00_d000_r03,C2,202605,9.52,9.52,0.0,0.23659237863773103,0.23659237863773103,0.23672133355113656,NEAR,NEAR,0.6,1,,,0.0,0
C2_n0.00_d000_r03,C2,202605,9.54,9.54,0.0,0.2377549112392422,0.2377549112392422,0.23697972797316297,NEAR,NEAR,0.6,1,,,0.0,0
C2_n0.00_d000_r03,C2,202605,9.56,9.56,0.0,0.23919536462668142,0.23919536462668142,0.2375336371365426,NEAR,NEAR,0.6,1,,,0.0,0
C2_n0.00_d000_r03,C2,202605,9.58,9.58,0.0,0.24088104553458092,0.24088104553458092,0.23837048923605217,NEAR,NEAR,0.6,1,,,0.0,0
C2_n0.00_d000_r03,C2,202605,9.6,9.6,0.0,0.24277369488847422,0.24277369488847422,0.23947129064915768,NEAR,NEAR,0.6,1,,,0.0,0
C2_n0.00_d000_r03,C2,202605,9.62,9.62,0.0,0.24483035615238213,0.24483035615238213,0.2408110570249638,NEAR,NEAR,0.6,1,,,0.0,0
C2_n0.00_d000_r03,C2,202605,9.64,9.64,0.0,0.24700435029228393,0.24700435029228393,0.24235938034179386,NEAR,NEAR,0.6,1,,,0.0,0
C2_n0.00_d000_r03,C2,202605,9.66,9.66,0.0,0.24924633522730347,0.24924633522730347,0.24408111906317126,NEAR,NEAR,0.6,1,,,0.0,0
C2_n0.00_d000_r03,C2,202605,9.68,9.68,0.0,0.2515054257227682,0.2515054257227682,0.2459371957280705,NEAR,NEAR,0.6,1,,,0.0,0
C2_n0.00_d000_r03,C2,202605,9.7,9.7,0.0,0.25373034830747276,0.25373034830747276,0.24788548387292106,NEAR,NEAR,0.6,1,,,0.0,0
C2_n0.00_d000_r03,C2,202605,9.72,9.72,0.0,0.2558706050025581,0.2558706050025581,0.2498817641553303,NEAR,NEAR,0.6,1,,,0.0,0
C2_n0.00_d000_r03,C2,202605,9.74,9.74,0.0,0.25787761944941945,0.25787761944941945,0.2518807279788526,NEAR,NEAR,0.6,1,,,0.0,0
C2_n0.00_d000_r03,C2,202605,9.76,9.76,0.0,0.25970583942354164,0.25970583942354164,0.25383700584002483,NEAR,NEAR,0.6,1,,,0.0,0
C2_n0.00_d000_r03,C2,202605,9.78,9.78,0.0,0.2613137707110415,0.2613137707110415,0.255706197057779,NEAR,NEAR,0.6,1,,,0.0,0
C2_n0.00_d000_r03,C2,202605,9.8,9.8,0.0,0.26266491888253024,0.26266491888253024,0.25744587751396686,NEAR,NEAR,0.6,1,,,0.0,0
C2_n0.00_d000_r03,C2,202605,9.82,9.82,0.0,0.26372861758931376,0.26372861758931376,0.2590165625328036,NEAR,NEAR,0.6,1,,,0.0,0
C2_n0.00_d000_r03,C2,202605,9.84,9.84,0.0,0.2644807245824991,0.2644807245824991,0.2603826030452275,NEAR,NEAR,0.6,1,,,0.0,0
C2_n0.00_d000_r03,C2,202605,9.86,9.86,0.0,0.2649041696578001,0.2649041696578001,0.26151299469837064,NEAR,NEAR,0.6,1,,,0.0,0
C2_n0.00_d000_r03,C2,202605,9.88,9.88,0.0,0.26498934208960884,0.26498934208960884,0.2623820815461802,NEAR,NEAR,0.6,1,,,0.0,0
C2_n0.00_d000_r03,C2,202605,9.9,9.9,0.0,0.26473430876093035,0.26473430876093035,0.26297013834986777,NEAR,NEAR,0.6,1,,,0.0,0
C2_n0.00_d000_r03,C2,202605,9.92,9.92,0.0,0.264144858038393,0.264144858038393,0.2632638182719991,NEAR,NEAR,0.6,1,,,0.0,0
C2_n0.00_d000_r03,C2,202605,9.94,9.94,0.0,0.2632343683965243,0.2632343683965243,0.2632564558031304,NEAR,NEAR,0.6,1,,,0.0,0
C2_n0.00_d000_r03,C2,202605,9.96,9.96,0.0,0.2620235047730631,0.2620235047730631,0.2629482180456136,NEAR,NEAR,0.6,1,,,0.0,0
C2_n0.00_d000_r03,C2,202605,9.98,9.98,0.0,0.2605397495469827,0.2605397495469827,0.2623461009209559,NEAR,NEAR,0.6,1,,,0.0,0
C2_n0.00_d000_r03,C2,202605,10.0,10.0,0.0,0.2588167787843871,0.2588167787843871,0.2614637703868137,NEAR,NEAR,0.6,1,,,0.0,0
C2_n0.00_d000_r03,C2,202605,10.02,10.02,0.0,0.25689369790932237,0.25689369790932237,0.26032125226744085,NEAR,NEAR,0.6,1,,,0.0,0
C2_n0.00_d000_r03,C2,202605,10.04,10.04,0.0,0.25481415414710823,0.25481415414710823,0.2589444777373577,NEAR,NEAR,0.6,1,,,0.0,0
C2_n0.00_d000_r03,C2,202605,10.06,10.06,0.0,0.2526253458846291,0.2526253458846291,0.2573646947741755,NEAR,NEAR,0.6,1,,,0.0,0
C2_n0.00_d000_r03,C2,202605,10.08,10.08,0.0,0.25037695143165006,0.25037695143165006,0.25561775893854416,NEAR,NEAR,0.6,1,,,0.0,0
C2_n0.00_d000_r03,C2,202605,10.1,10.1,0.0,0.24812000149653549,0.24812000149653549,0.25374331957804197,NEAR,NEAR,0.6,1,,,0.0,0
C2_n0.00_d000_r03,C2,202605,10.12,10.12,0.0,0.24590572096724023,0.24590572096724023,0.25178391992534155,NEAR,NEAR,0.6,1,,,0.0,0
C2_n0.00_d000_r03,C2,202605,10.14,10.14,0.0,0.24378436628510067,0.24378436628510067,0.24978403151528134,NEAR,NEAR,0.6,1,,,0.0,0
C2_n0.00_d000_r03,C2,202605,10.16,10.16,0.0,0.24180408479898596,0.24180408479898596,0.2477890448362075,NEAR,NEAR,0.6,1,,,0.0,0
C2_n0.00_d000_r03,C2,202605,10.18,10.18,0.0,0.24000982198848625,0.24000982198848625,0.24584423912427722,NEAR,NEAR,0.6,1,,,0.0,0
C2_n0.00_d000_r03,C2,202605,10.2,10.2,0.0,0.23844230135836322,0.23844230135836322,0.2439937546827987,NEAR,NEAR,0.6,1,,,0.0,0
C2_n0.00_d000_r03,C2,202605,10.22,10.22,0.0,0.2371371001570952,0.2371371001570952,0.24227959105137284,NEAR,NEAR,0.6,1,,,0.0,0
C2_n0.00_d000_r03,C2,202605,10.24,10.24,0.0,0.23612384189748312,0.23612384189748312,0.2407406537629004,NEAR,NEAR,0.6,1,,,0.0,0
C2_n0.00_d000_r03,C2,202605,10.26,10.26,0.0,0.2354255240062799,0.2354255240062799,0.23941187132374528,NEAR,NEAR,0.6,1,,,0.0,0
C2_n0.00_d000_r03,C2,202605,10.28,10.28,0.0,0.23505799586285242,0.23505799586285242,0.23832340245852207,NEAR,NEAR,0.6,1,,,0.0,0
C2_n0.00_d000_r03,C2,202605,10.3,10.3,0.0,0.23502959907357593,0.23502959907357593,0.23749995161228551,NEAR,NEAR,0.6,1,,,0.0,0
C2_n0.00_d000_r03,C2,202605,10.32,10.32,0.0,0.23534097814647711,0.23534097814647711,0.23696020824583341,NEAR,NEAR,0.6,1,,,0.0,0
C2_n0.00_d000_r03,C2,202605,10.34,10.34,0.0,0.23598506586315082,0.23598506586315082,0.23671642265016277,NEAR,NEAR,0.6,1,,,0.0,0
C2_n0.00_d000_r03,C2,202605,10.36,10.36,0.0,0.23694724367995706,0.23694724367995706,0.23677412790761132,NEAR,NEAR,0.6,1,,,0.0,0
C2_n0.00_d000_r03,C2,202605,10.38,10.38,0.0,0.23820567351795077,0.23820567351795077,0.23713201431019618,NEAR,NEAR,0.6,1,,,0.0,0
C2_n0.00_d000_r03,C2,202605,10.4,10.4,0.0,0.2397317934110697,0.2397317934110697,0.23778195908541455,NEAR,NEAR,0.6,1,,,0.0,0
C2_n0.00_d000_r03,C2,202605,10.42,10.42,0.0,0.24149096576309861,0.24149096576309861,0.23870921075483556,NEAR,NEAR,0.6,1,,,0.0,0
C2_n0.00_d000_r03,C2,202605,10.44,10.44,0.0,0.24344326350023596,0.24344326350023596,0.23989272394118566,NEAR,NEAR,0.6,1,,,0.0,0
C2_n0.00_d000_r03,C2,202605,10.46,10.46,0.0,0.2455443762763446,0.2455443762763446,0.2413056370249754,NEAR,NEAR,0.6,1,,,0.0,0
C2_n0.00_d000_r03,C2,202605,10.48,10.48,0.0,0.24774661616318866,0.24774661616318866,0.24291588180952872,NEAR,NEAR,0.6,1,,,0.0,0
C2_n0.00_d000_r03,C2,202605,10.5,10.5,0.0,0.25,0.25,0.24468691135714654,NEAR,NEAR,0.6,1,,,0.0,0
C2_n0.00_d000_r03,C2,202605,10.52,10.52,0.0,0.2522533838368113,0.2522533838368113,0.2465785294770627,NEAR,NEAR,0.6,1,,,0.0,0
C2_n0.00_d000_r03,C2,202605,10.54,10.54,0.0,0.2544556237236554,0.2544556237236554,0.24854780303871088,NEAR,NEAR,0.6,1,,,0.0,0
C2_n0.00_d000_r03,C2,202605,10.56,10.56,0.0,0.256556736499764,0.256556736499764,0.25055003640397416,NEAR,NEAR,0.6,1,,,0.0,0
C2_n0.00_d000_r03,C2,202605,10.58,10.58,0.0,0.25850903423690136,0.25850903423690136,0.252539785862206,NEAR,NEAR,0.6,1,,,0.0,0
C2_n0.00_d000_r03,C2,202605,10.6,10.6,0.0,0.2602682065889303,0.2602682065889303,0.25447189104388707,NEAR,NEAR,0.6,1,,,0.0,0
C2_n0.00_d000_r03,C2,202605,10.62,10.62,0.0,0.2617943264820492,0.2617943264820492,0.2563024999034276,NEAR,NEAR,0.6,1,,,0.0,0
C2_n0.00_d000_r03,C2,202605,10.64,10.64,0.0,0.26305275632004294,0.26305275632004294,0.25799006400758145,NEAR,NEAR,0.6,1,,,0.0,0
C2_n0.00_d000_r03,C2,202605,10.66,10.66,0.0,0.2640149341368492,0.2640149341368492,0.2594962815398984,NEAR,NEAR,0.6,1,,,0.0,0
C2_n0.00_d000_r03,C2,202605,10.68,10.68,0.0,0.2646590218535229,0.2646590218535229,0.2607869666183045,NEAR,NEAR,0.6,1,,,0.0,0
C2_n0.00_d000_r03,C2,202605,10.7,10.7,0.0,0.26497040092642404,0.26497040092642404,0.2618328251953344,NEAR,NEAR,0.6,1,,,0.0,0
C2_n0.00_d000_r03,C2,202605,10.72,10.72,0.0,0.2649420041371476,0.2649420041371476,0.2626101199307877,NEAR,NEAR,0.6,1,,,0.0,0
C2_n0.00_d000_r03,C2,202605,10.74,10.74,0.0,0.2645744759937201,0.2645744759937201,0.2631012089465208,NEAR,NEAR,0.6,1,,,0.0,0
C2_n0.00_d000_r03,C2,202605,10.76,10.76,0.0,0.26387615810251686,0.26387615810251686,0.2632949462355198,NEAR,NEAR,0.6,1,,,0.0,0
C2_n0.00_d000_r03,C2,202605,10.78,10.78,0.0,0.26286289984290484,0.26286289984290484,0.26318693463736603,NEAR,NEAR,0.6,1,,,0.0,0
C2_n0.00_d000_r03,C2,202605,10.8,10.8,0.0,0.2615576986416368,0.2615576986416368,0.2627796256384337,NEAR,NEAR,0.6,1,,,0.0,0
C2_n0.00_d000_r03,C2,202605,10.82,10.82,0.0,0.25999017801151375,0.25999017801151375,0.26208226373170374,NEAR,NEAR,0.6,1,,,0.0,0
C2_n0.00_d000_r03,C2,202605,10.84,10.84,0.0,0.25819591520101404,0.25819591520101404,0.2611106765990313,NEAR,NEAR,0.6,1,,,0.0,0
C2_n0.00_d000_r03,C2,202605,10.86,10.86,0.0,0.25621563371489936,0.25621563371489936,0.25988691587799834,NEAR,NEAR,0.6,1,,,0.0,0
C2_n0.00_d000_r03,C2,202605,10.88,10.88,0.0,0.2540942790327598,0.2540942790327598,0.2584387566666887,NEAR,NEAR,0.6,1,,,0.0,0
C2_n0.00_d000_r03,C2,202605,10.9,10.9,0.0,0.2518799985034645,0.2518799985034645,0.25679906712588263,NEAR,NEAR,0.6,1,,,0.0,0
C2_n0.00_d000_r03,C2,202605,10.92,10.92,0.0,0.24962304856834996,0.24962304856834996,0.25500506248649946,NEAR,NEAR,0.6,1,,,0.0,0
C2_n0.00_d000_r03,C2,202605,10.94,10.94,0.0,0.24737465411537093,0.24737465411537093,0.25309746039371733,NEAR,NEAR,0.6,1,,,0.0,0
C2_n0.00_d000_r03,C2,202605,10.96,10.96,0.0,0.24518584585289174,0.24518584585289174,0.25111955675851094,NEAR,NEAR,0.6,1,,,0.0,0
C2_n0.00_d000_r03,C2,202605,10.98,10.98,0.0,0.24310630209067766,0.24310630209067766,0.2491162430915526,NEAR,NEAR,0.6,1,,,0.0,0
C2_n0.00_d000_r03,C2,202605,11.0,11.0,0.0,0.24118322121561292,0.24118322121561292,0.2471329876225677,NEAR,NEAR,0.6,1,,,0.0,0
C2_n0.00_d000_r03,C2,202605,11.02,11.02,0.0,0.2394602504530173,0.2394602504530173,0.24521480333018011,NEAR,NEAR,0.6,1,,,0.0,0
C2_n0.00_d000_r03,C2,202605,11.04,11.04,0.0,0.23797649522693692,0.23797649522693692,0.24340522630436934,NEAR,NEAR,0.6,1,,,0.0,0
C2_n0.00_d000_r03,C2,202605,11.06,11.06,0.0,0.2367656316034757,0.2367656316034757,0.2417453276291459,NEAR,NEAR,0.6,1,,,0.0,0
C2_n0.00_d000_r03,C2,202605,11.08,11.08,0.0,0.23585514196160703,0.23585514196160703,0.2402727812122612,NEAR,NEAR,0.6,1,,,0.0,0
C2_n0.00_d000_r03,C2,202605,11.1,11.1,0.0,0.23526569123906968,0.23526569123906968,0.23902100871896334,NEAR,NEAR,0.6,1,,,0.0,0
C2_n0.00_d000_r03,C2,202605,11.12,11.12,0.0,0.23501065791039116,0.23501065791039116,0.2380184210168203,NEAR,NEAR,0.6,1,,,0.0,0
C2_n0.00_d000_r03,C2,202605,11.14,11.14,0.0,0.23509583034219989,0.23509583034219989,0.2372877733481652,NEAR,NEAR,0.6,1,,,0.0,0
C2_n0.00_d000_r03,C2,202605,11.16,11.16,0.0,0.2355192754175009,0.2355192754175009,0.23684564886549914,NEAR,NEAR,0.6,1,,,0.0,0
C2_n0.00_d000_r03,C2,202605,11.18,11.18,0.0,0.2362713824106862,0.2362713824106862,0.23670208225179593,NEAR,NEAR,0.6,1,,,0.0,0
C2_n0.00_d000_r03,C2,202605,11.2,11.2,0.0,0.23733508111746973,0.23733508111746973,0.23686033196821438,NEAR,NEAR,0.6,1,,,0.0,0
C2_n0.00_d000_r03,C2,202605,11.22,11.22,0.0,0.23868622928895847,0.23868622928895847,0.2373168062984004,NEAR,NEAR,0.6,1,,,0.0,0
C2_n0.00_d000_r03,C2,202605,11.24,11.24,0.0,0.24029416057645833,0.24029416057645833,0.2380611448679149,NEAR,NEAR,0.6,1,,,0.0,0
C2_n0.00_d000_r03,C2,202605,11.26,11.26,0.0,0.24212238055058055,0.24212238055058055,0.23907645378858133,NEAR,NEAR,0.6,1,,,0.0,0
C2_n0.00_d000_r03,C2,202605,11.28,11.28,0.0,0.2441293949974419,0.2441293949974419,0.24033968909079648,NEAR,NEAR,0.6,1,,,0.0,0
C2_n0.00_d000_r03,C2,202605,11.3,11.3,0.0,0.24626965169252724,0.24626965169252724,0.24182217974122916,NEAR,NEAR,0.6,1,,,0.0,0
C2_n0.00_d000_r03,C2,202605,11.32,11.32,0.0,0.2484945742772318,0.2484945742772318,0.2434902783752298,NEAR,NEAR,0.6,1,,,0.0,0
C2_n0.00_d000_r03,C2,202605,11.34,11.34,0.0,0.25075366477269656,0.25075366477269656,0.2453061249745965,NEAR,NEAR,0.6,1,,,0.0,0
C2_n0.00_d000_r03,C2,202605,11.36,11.36,0.0,0.252995649707716,0.252995649707716,0.2472285061578764,NEAR,NEAR,0.6,1,,,0.0,0
C2_n0.00_d000_r03,C2,202605,11.38,11.38,0.0,0.2551696438476178,0.2551696438476178,0.24921379058031173,NEAR,NEAR,0.6,1,,,0.0,0
C2_n0.00_d000_r03,C2,202605,11.4,11.4,0.0,0.2572263051115258,0.2572263051115258,0.25121691921311523,NEAR,NEAR,0.6,1,,,0.0,0
C2_n0.00_d000_r03,C2,202605,11.42,11.42,0.0,0.25911895446541905,0.25911895446541905,0.2531924280261912,NEAR,NEAR,0.6,1,,,0.0,0
C2_n0.00_d000_r03,C2,202605,11.44,11.44,0.0,0.26080463537331855,0.26080463537331855,0.255095479862973,NEAR,NEAR,0.6,1,,,0.0,0
C2_n0.00_d000_r03,C2,202605,11.46,11.46,0.0,0.2622450887607578,0.2622450887607578,0.25688288208741916,NEAR,NEAR,0.6,1,,,0.0,0
C2_n0.00_d000_r03,C2,202605,11.48,11.48,0.0,0.263407621362269,0.263407621362269,0.2585140669061316,NEAR,NEAR,0.6,1,,,0.0,0
C2_n0.00_d000_r03,C2,202605,11.5,11.5,0.0,0.2642658477444273,0.2642658477444273,0.2599520121157055,NEAR,NEAR,0.6,1,,,0.0,0
C2_n0.00_d000_r03,C2,202605,11.52,11.52,0.0,0.264800289163118,0.264800289163118,0.26116408137755864,NEAR,NEAR,0.6,1,,,0.0,0
C2_n0.00_d000_r03,C2,202605,11.54,11.54,0.0,0.2649988156630572,0.2649988156630572,0.2621227649489333,NEAR,NEAR,0.6,1,,,0.0,0
C2_n0.00_d000_r03,C2,202605,11.56,11.56,0.0,0.26485692138544975,0.26485692138544975,0.2628063040580624,NEAR,NEAR,0.6,1,,,0.0,0
C2_n0.00_d000_r03,C2,202605,11.58,11.58,0.0,0.2643778268352606,0.2643778268352606,0.2631991847523619,NEAR,NEAR,0.6,1,,,0.0,0
C2_n0.00_d000_r03,C2,202605,11.6,11.6,0.0,0.2635724057869903,0.2635724057869903,0.263292490011019,NEAR,NEAR,0.6,1,,,0.0,0
C2_n0.00_d000_r03,C2,202605,11.62,11.62,0.0,0.2624589384879373,0.2624589384879373,0.2630841021302486,NEAR,NEAR,0.6,1,,,0.0,0
C2_n0.00_d000_r03,C2,202605,11.64,11.64,0.0,0.2610626967603726,0.2610626967603726,0.2625787507877796,NEAR,NEAR,0.6,1,,,0.0,0
C2_n0.00_d000_r03,C2,202605,11.66,11.66,0.0,0.2594153704193605,0.2594153704193605,0.26178790569567484,NEAR,NEAR,0.6,1,,,0.0,0
C2_n0.00_d000_r03,C2,202605,11.68,11.68,0.0,0.2575543480245365,0.2575543480245365,0.2607295162778902,NEAR,NEAR,0.6,1,,,0.0,0
C2_n0.00_d000_r03,C2,202605,11.7,11.7,0.0,0.25552186829027024,0.25552186829027024,0.2594276042809852,NEAR,NEAR,0.6,1,,,0.0,0
C2_n0.00_d000_r03,C2,202605,11.72,11.72,0.0,0.25336406141424067,0.25336406141424067,0.25791171856429906,NEAR,NEAR,0.6,1,,,0.0,0
C2_n0.00_d000_r03,C2,202605,11.74,11.74,0.0,0.25112990208291897,0.25112990208291897,0.25621626444395407,NEAR,NEAR,0.6,1,,,0.0,0
C2_n0.00_d000_r03,C2,202605,11.76,11.76,0.0,0.24887009791708103,0.24887009791708103,0.2543797228122358,NEAR,NEAR,0.6,1,,,0.0,0
C2_n0.00_d000_r03,C2,202605,11.78,11.78,0.0,0.24663593858575936,0.24663593858575936,0.2524437767556167,NEAR,NEAR,0.6,1,,,0.0,0
C2_n0.00_d000_r03,C2,202605,11.8,11.8,0.0,0.2444781317097298,0.2444781317097298,0.25045236549414496,NEAR,NEAR,0.6,1,,,0.0,0
C2_n0.00_d000_r03,C2,202605,11.82,11.82,0.0,0.24244565197546356,0.24244565197546356,0.2484506871144746,NEAR,NEAR,0.6,1,,,0.0,0
C2_n0.00_d000_r03,C2,202605,11.84,11.84,0.0,0.2405846295806395,0.2405846295806395,0.24648417273101583,NEAR,NEAR,0.6,1,,,0.0,0
C2_n0.00_d000_r03,C2,202605,11.86,11.86,0.0,0.23893730323962745,0.23893730323962745,0.24459745535816874,NEAR,NEAR,0.6,1,,,0.0,0
C2_n0.00_d000_r03,C2,202605,11.88,11.88,0.0,0.23754106151206278,0.23754106151206278,0.24283335689664226,NEAR,NEAR,0.6,1,,,0.0,0
C2_n0.00_d000_r03,C2,202605,11.9,11.9,0.0,0.23642759421300968,0.23642759421300968,0.2412319162257341,NEAR,NEAR,0.6,1,,,0.0,0
C2_n0.00_d000_r03,C2,202605,11.92,11.92,0.0,0.23562217316473938,0.23562217316473938,0.2398294804604854,NEAR,NEAR,0.6,1,,,0.0,0
C2_n0.00_d000_r03,C2,202605,11.94,11.94,0.0,0.23514307861455025,0.23514307861455025,0.23865787999900162,NEAR,NEAR,0.6,1,,,0.0,0
C2_n0.00_d000_r03,C2,202605,11.96,11.96,0.0,0.23500118433694275,0.23500118433694275,0.2377437060834869,NEAR,NEAR,0.6,1,,,0.0,0
C2_n0.00_d000_r03,C2,202605,11.98,11.98,0.0,0.235199710836882,0.235199710836882,0.23710770727183567,NEAR,NEAR,0.6,1,,,0.0,0
C2_n0.00_d000_r03,C2,202605,12.0,12.0,0.0,0.25,0.25,0.24033078045387674,NEAR,NEAR,0.6,1,,,0.0,0
C2_n0.00_d000_r03,C2,202605,12.02,12.02,0.0,0.25175,0.25175,0.24318558534040752,NEAR,NEAR,0.6,1,,,0.0,0
C2_n0.00_d000_r03,C2,202605,12.04,12.04,0.0,0.25349999999999995,0.25349999999999995,0.24576418900530564,NEAR,NEAR,0.6,1,,,0.0,0
C2_n0.00_d000_r03,C2,202605,12.06,12.06,0.0,0.25525000000000003,0.25525000000000003,0.24813564175397923,NEAR,NEAR,0.6,1,,,0.0,0
C2_n0.00_d000_r03,C2,202605,12.08,12.08,0.0,0.257,0.257,0.2503517313154844,NEAR,NEAR,0.6,1,,,0.0,0
C2_n0.00_d000_r03,C2,202605,12.1,12.1,0.0,0.25875,0.25875,0.2524512984866133,NEAR,NEAR,0.6,1,,,0.0,0
C2_n0.00_d000_r03,C2,202605,12.12,12.12,0.0,0.26049999999999995,0.26049999999999995,0.25446347386495993,NEAR,NEAR,0.6,1,,,0.0,0
C2_n0.00_d000_r03,C2,202605,12.14,12.14,0.0,0.26225000000000004,0.26225000000000004,0.25641010539871995,NEAR,NEAR,0.6,1,,,0.0,0
C2_n0.00_d000_r03,C2,202605,12.16,12.16,0.0,0.264,0.264,0.25830757904903995,NEAR,NEAR,0.6,1,,,0.0,0
C2_n0.00_d000_r03,C2,202605,12.18,12.18,0.0,0.26575,0.26575,0.26016818428677996,NEAR,NEAR,0.6,1,,,0.0,0
C2_n0.00_d000_r03,C2,202605,12.2,12.2,0.0,0.26749999999999996,0.26749999999999996,0.26200113821508497,NEAR,NEAR,0.6,1,,,0.0,0
C2_n0.00_d000_r03,C2,202605,12.22,12.22,0.0,0.26925000000000004,0.26925000000000004,0.26381335366131375,NEAR,NEAR,0.6,1,,,0.0,0
C2_n0.00_d000_r03,C2,202605,12.24,12.24,0.0,0.271,0.271,0.2656100152459853,NEAR,NEAR,0.6,1,,,0.0,0
C2_n0.00_d000_r03,C2,202605,12.26,12.26,0.0,0.27275,0.27275,0.267395011434489,NEAR,NEAR,0.6,1,,,0.0,0
C2_n0.00_d000_r03,C2,202605,12.28,12.28,0.0,0.27449999999999997,0.27449999999999997,0.26917125857586677,NEAR,NEAR,0.6,1,,,0.0,0
C2_n0.00_d000_r03,C2,202605,12.3,12.3,0.0,0.27625000000000005,0.27625000000000005,0.2709409439319001,NEAR,NEAR,0.6,1,,,0.0,0
C2_n0.00_d000_r03,C2,202605,12.32,12.32,0.0,0.278,0.278,0.27270570794892507,NEAR,NEAR,0.6,1,,,0.0,0
C2_n0.00_d000_r03,C2,202605,12.34,12.34,0.0,0.27975,0.27975,0.2744667809616938,NEAR,NEAR,0.6,1,,,0.0,0
C2_n0.00_d000_r03,C2,202605,12.36,12.36,0.0,0.2815,0.2815,0.27622508572127036,NEAR,NEAR,0.6,1,,,0.0,0
C2_n0.00_d000_r03,C2,202605,12.38,12.38,0.0,0.28325000000000006,0.28325000000000006,0.2779813142909528,NEAR,NEAR,0.6,1,,,0.0,0
C2_n0.00_d000_r03,C2,202605,12.4,12.4,0.0,0.28500000000000003,0.28500000000000003,0.27973598571821456,NEAR,NEAR,0.6,1,,,0.0,0
C2_n0.00_d000_r03,C2,202605,12.42,12.42,0.0,0.28675,0.28675,0.2814894892886609,NEAR,NEAR,0.6,1,,,0.0,0
C2_n0.00_d000_r03,C2,202605,12.44,12.44,0.0,0.2885,0.2885,0.2832421169664957,NEAR,NEAR,0.6,1,,,0.0,0
C2_n0.00_d000_r03,C2,202605,12.46,12.46,0.0,0.29025000000000006,0.29025000000000006,0.2849940877248718,NEAR,NEAR,0.6,1,,,0.0,0
C2_n0.00_d000_r03,C2,202605,12.48,12.48,0.0,0.29200000000000004,0.29200000000000004,0.28674556579365384,NEAR,NEAR,0.6,1,,,0.0,0
C2_n0.00_d000_r03,C2,202605,12.5,12.5,0.0,0.29375,0.29375,0.2884966743452404,NEAR,NEAR,0.6,1,,,0.0,0
C2_n0.00_d000_r03,C2,202605,12.52,12.52,0.0,0.2955,0.2955,0.2902475057589303,NEAR,NEAR,0.6,1,,,0.0,0
C2_n0.00_d000_r03,C2,202605,12.54,12.54,0.0,0.2972499999999999,0.2972499999999999,0.2919981293191977,NEAR,NEAR,0.6,1,,,0.0,0
C2_n0.00_d000_r03,C2,202605,12.56,12.56,0.0,0.29900000000000004,0.29900000000000004,0.29374859698939826,NEAR,NEAR,0.6,1,,,0.0,0
C2_n0.00_d000_r03,C2,202605,12.58,12.58,0.0,0.30075,0.30075,0.2954989477420487,NEAR,NEAR,0.6,1,,,0.0,0
C2_n0.00_d000_r03,C2,202605,12.6,12.6,0.0,0.3025,0.3025,0.29724921080653655,NEAR,NEAR,0.6,1,,,0.0,0
C2_n0.00_d000_r03,C2,202605,12.62,12.62,0.0,0.3042499999999999,0.3042499999999999,0.2989994081049024,NEAR,NEAR,0.6,1,,,0.0,0
C2_n0.00_d000_r03,C2,202605,12.64,12.64,0.0,0.30600000000000005,0.30600000000000005,0.3007495560786768,NEAR,NEAR,0.6,1,,,0.0,0
C2_n0.00_d000_r03,C2,202605,12.66,12.66,0.0,0.30775,0.30775,0.3024996670590076,NEAR,NEAR,0.6,1,,,0.0,0
C2_n0.00_d000_r03,C2,202605,12.68,12.68,0.0,0.3095,0.3095,0.3042497502942557,NEAR,NEAR,0.6,1,,,0.0,0
C2_n0.00_d000_r03,C2,202605,12.7,12.7,0.0,0.3112499999999999,0.3112499999999999,0.30599981272069177,NEAR,NEAR,0.6,1,,,0.0,0
C2_n0.00_d000_r03,C2,202605,12.72,12.72,0.0,0.31300000000000006,0.31300000000000006,0.3077498595405188,NEAR,NEAR,0.6,1,,,0.0,0
C2_n0.00_d000_r03,C2,202605,12.74,12.74,0.0,0.31475000000000003,0.31475000000000003,0.30949989465538913,NEAR,NEAR,0.6,1,,,0.0,0
C2_n0.00_d000_r03,C2,202605,12.76,12.76,0.0,0.3165,0.3165,0.31124992099154186,NEAR,NEAR,0.6,1,,,0.0,0
C2_n0.00_d000_r03,C2,202605,12.78,12.78,0.0,0.3182499999999999,0.3182499999999999,0.3129999407436564,NEAR,NEAR,0.6,1,,,0.0,0
C2_n0.00_d000_r03,C2,202605,12.8,12.8,0.0,0.32000000000000006,0.32000000000000006,0.3147499555577423,NEAR,NEAR,0.6,1,,,0.0,0
C2_n0.00_d000_r03,C2,202605,12.82,12.82,0.0,0.32175000000000004,0.32175000000000004,0.31649996666830676,NEAR,NEAR,0.6,1,,,0.0,0
C2_n0.00_d000_r03,C2,202605,12.84,12.84,0.0,0.3235,0.3235,0.3182499750012301,NEAR,NEAR,0.6,1,,,0.0,0
C2_n0.00_d000_r03,C2,202605,12.86,12.86,0.0,0.32524999999999993,0.32524999999999993,0.31999998125092255,NEAR,NEAR,0.6,1,,,0.0,0
C2_n0.00_d000_r03,C2,202605,12.88,12.88,0.0,0.32700000000000007,0.32700000000000007,0.32174998593819193,NEAR,NEAR,0.6,1,,,0.0,0
C2_n0.00_d000_r03,C2,202605,12.9,12.9,0.0,0.32875000000000004,0.32875000000000004,0.32349998945364394,NEAR,NEAR,0.6,1,,,0.0,0
C2_n0.00_d000_r03,C2,202605,12.92,12.92,0.0,0.3305,0.3305,0.325249992090233,NEAR,NEAR,0.6,1,,,0.0,0
C2_n0.00_d000_r03,C2,202605,12.94,12.94,0.0,0.33224999999999993,0.33224999999999993,0.3269999940676747,NEAR,NEAR,0.6,1,,,0.0,0
C2_n0.00_d000_r03,C2,202605,12.96,12.96,0.0,0.3340000000000001,0.3340000000000001,0.32874999555075607,NEAR,NEAR,0.6,1,,,0.0,0
C2_n0.00_d000_r03,C2,202605,12.98,12.98,0.0,0.33575000000000005,0.33575000000000005,0.33049999666306706,NEAR,NEAR,0.6,1,,,0.0,0
C2_n0.00_d000_r03,C2,202605,13.0,13.0,0.0,0.3375,0.3375,0.33224999749730033,NEAR,NEAR,0.6,1,,,0.0,0
C2_n0.00_d000_r03,C2,202605,13.02,13.02,0.0,0.33924999999999994,0.33924999999999994,0.3339999981229752,NEAR,NEAR,0.6,1,,,0.0,0
C2_n0.00_d000_r03,C2,202605,13.04,13.04,0.0,0.3409999999999999,0.3409999999999999,0.33574999859223137,NEAR,NEAR,0.6,1,,,0.0,0
C2_n0.00_d000_r03,C2,202605,13.06,13.06,0.0,0.34275000000000005,0.34275000000000005,0.33749999894417354,NEAR,NEAR,0.6,1,,,0.0,0
C2_n0.00_d000_r03,C2,202605,13.08,13.08,0.0,0.34450000000000003,0.34450000000000003,0.33924999920813015,NEAR,NEAR,0.6,1,,,0.0,0
C2_n0.00_d000_r03,C2,202605,13.1,13.1,0.0,0.34624999999999995,0.34624999999999995,0.3409999994060976,NEAR,NEAR,0.6,1,,,0.0,0
C2_n0.00_d000_r03,C2,202605,13.12,13.12,0.0,0.3479999999999999,0.3479999999999999,0.3427499995545732,NEAR,NEAR,0.6,1,,,0.0,0
C2_n0.00_d000_r03,C2,202605,13.14,13.14,0.0,0.34975000000000006,0.34975000000000006,0.34449999966592987,NEAR,NEAR,0.6,1,,,0.0,0
C2_n0.00_d000_r03,C2,202605,13.16,13.16,0.0,0.35150000000000003,0.35150000000000003,0.34624999974944737,FAR,NEAR,0.6,1,,,0.0,0
C2_n0.00_d000_r03,C2,202605,13.18,13.18,0.0,0.35324999999999995,0.35324999999999995,0.3479999998120855,FAR,NEAR,0.6,1,,,0.0,0
C2_n0.00_d000_r03,C2,202605,13.2,13.2,0.0,0.3549999999999999,0.3549999999999999,0.34974999985906413,FAR,NEAR,0.6,1,,,0.0,0
C2_n0.00_d000_r03,C2,202605,13.22,13.22,0.0,0.35675000000000007,0.35675000000000007,0.35149999989429814,FAR,NEAR,0.6,1,,,0.0,0
C2_n0.00_d000_r03,C2,202605,13.24,13.24,0.0,0.35850000000000004,0.35850000000000004,0.35324999992072365,FAR,NEAR,0.6,1,,,0.0,0
C2_n0.00_d000_r03,C2,202605,13.26,13.26,0.0,0.36024999999999996,0.36024999999999996,0.3549999999405427,FAR,NEAR,0.6,1,,,0.0,0
C2_n0.00_d000_r03,C2,202605,13.28,13.28,0.0,0.36199999999999993,0.36199999999999993,0.356749999955407,FAR,NEAR,0.6,1,,,0.0,0
C2_n0.00_d000_r03,C2,202605,13.3,13.3,0.0,0.3637500000000001,0.3637500000000001,0.35849999996655524,FAR,NEAR,0.6,1,,,0.0,0
C2_n0.00_d000_r03,C2,202605,13.32,13.32,0.0,0.36550000000000005,0.36550000000000005,0.36024999997491647,FAR,NEAR,0.6,1,,,0.0,0
C2_n0.00_d000_r03,C2,202605,13.34,13.34,0.0,0.36724999999999997,0.36724999999999997,0.36199999998118737,FAR,NEAR,0.6,1,,,0.0,0
C2_n0.00_d000_r03,C2,202605,13.36,13.36,0.0,0.36899999999999994,0.36899999999999994,0.3637499999858905,FAR,NEAR,0.6,1,,,0.0,0
C2_n0.00_d000_r03,C2,202605,13.38,13.38,0.0,0.3707500000000001,0.3707500000000001,0.36549999998941796,FAR,NEAR,0.6,1,,,0.0,0
C2_n0.00_d000_r03,C2,202605,13.4,13.4,0.0,0.37250000000000005,0.37250000000000005,0.3672499999920635,FAR,NEAR,0.6,1,,,0.0,0
C2_n0.00_d000_r03,C2,202605,13.42,13.42,0.0,0.37424999999999997,0.37424999999999997,0.3689999999940476,FAR,NEAR,0.6,1,,,0.0,0
C2_n0.00_d000_r03,C2,202605,13.44,13.44,0.0,0.37599999999999995,0.37599999999999995,0.37074999999553565,FAR,NEAR,0.6,1,,,0.0,0
C2_n0.00_d000_r03,C2,202605,13.46,13.46,0.0,0.37775000000000003,0.37775000000000003,0.37249999999665173,FAR,NEAR,0.6,1,,,0.0,0
C2_n0.00_d000_r03,C2,202605,13.48,13.48,0.0,0.37950000000000006,0.37950000000000006,0.37424999999748887,FAR,NEAR,0.6,1,,,0.0,0
C2_n0.00_d000_r03,C2,202605,13.5,13.5,0.0,0.38125,0.38125,0.3759999999981166,FAR,NEAR,0.6,1,,,0.0,0
C2_n0.00_d000_r03,C2,202605,13.52,13.52,0.0,0.38299999999999995,0.38299999999999995,0.3777499999985875,FAR,NEAR,0.6,1,,,0.0,0
C2_n0.00_d000_r03,C2,202605,13.54,13.54,0.0,0.3847499999999999,0.3847499999999999,0.3794999999989406,FAR,NEAR,0.6,1,,,0.0,0
C2_n0.00_d000_r03,C2,202605,13.56,13.56,0.0,0.38650000000000007,0.38650000000000007,0.38124999999920545,FAR,FAR,0.0,1,EXIT_NEAR,,0.0,0
C2_n0.00_d000_r03,C2,202605,13.58,13.58,0.0,0.38825,0.38825,0.3829999999994041,FAR,FAR,0.0,1,,,0.0,0
C2_n0.00_d000_r03,C2,202605,13.6,13.6,0.0,0.38999999999999996,0.38999999999999996,0.38474999999955306,FAR,FAR,0.0,1,,,0.0,0
C2_n0.00_d000_r03,C2,202605,13.62,13.62,0.0,0.39174999999999993,0.39174999999999993,0.3864999999996648,FAR,FAR,0.0,1,,,0.0,0
C2_n0.00_d000_r03,C2,202605,13.64,13.64,0.0,0.39350000000000007,0.39350000000000007,0.38824999999974863,FAR,FAR,0.0,1,,,0.0,0
C2_n0.00_d000_r03,C2,202605,13.66,13.66,0.0,0.39525,0.39525,0.3899999999998115,FAR,FAR,0.0,1,,,0.0,0
C2_n0.00_d000_r03,C2,202605,13.68,13.68,0.0,0.39699999999999996,0.39699999999999996,0.39174999999985866,FAR,FAR,0.0,1,,,0.0,0
C2_n0.00_d000_r03,C2,202605,13.7,13.7,0.0,0.39874999999999994,0.39874999999999994,0.393499999999894,FAR,FAR,0.0,1,,,0.0,0
C2_n0.00_d000_r03,C2,202605,13.72,13.72,0.0,0.4005000000000001,0.4005000000000001,0.3952499999999205,FAR,FAR,0.0,1,,,0.0,0
C2_n0.00_d000_r03,C2,202605,13.74,13.74,0.0,0.40225,0.40225,0.3969999999999404,FAR,FAR,0.0,1,,,0.0,0
C2_n0.00_d000_r03,C2,202605,13.76,13.76,0.0,0.40399999999999997,0.40399999999999997,0.3987499999999553,FAR,FAR,0.0,1,,,0.0,0
C2_n0.00_d000_r03,C2,202605,13.78,13.78,0.0,0.40574999999999994,0.40574999999999994,0.40049999999996644,FAR,FAR,0.0,1,,,0.0,0
C2_n0.00_d000_r03,C2,202605,13.8,13.8,0.0,0.4075000000000001,0.4075000000000001,0.4022499999999749,FAR,FAR,0.0,1,,,0.0,0
C2_n0.00_d000_r03,C2,202605,13.82,13.82,0.0,0.40925,0.40925,0.40399999999998115,FAR,FAR,0.0,1,,,0.0,0
C2_n0.00_d000_r03,C2,202605,13.84,13.84,0.0,0.411,0.411,0.40574999999998584,FAR,FAR,0.0,1,,,0.0,0
C2_n0.00_d000_r03,C2,202605,13.86,13.86,0.0,0.41274999999999995,0.41274999999999995,0.40749999999998937,FAR,FAR,0.0,1,,,0.0,0
C2_n0.00_d000_r03,C2,202605,13.88,13.88,0.0,0.4145000000000001,0.4145000000000001,0.40924999999999206,FAR,FAR,0.0,1,,,0.0,0
C2_n0.00_d000_r03,C2,202605,13.9,13.9,0.0,0.41625,0.41625,0.41099999999999404,FAR,FAR,0.0,1,,,0.0,0
C2_n0.00_d000_r03,C2,202605,13.92,13.92,0.0,0.418,0.418,0.4127499999999955,FAR,FAR,0.0,1,,,0.0,0
C2_n0.00_d000_r03,C2,202605,13.94,13.94,0.0,0.41974999999999996,0.41974999999999996,0.41449999999999665,FAR,FAR,0.0,1,,,0.0,0
C2_n0.00_d000_r03,C2,202605,13.96,13.96,0.0,0.4215000000000001,0.4215000000000001,0.41624999999999746,FAR,FAR,0.0,1,,,0.0,0
C2_n0.00_d000_r03,C2,202605,13.98,13.98,0.0,0.42325,0.42325,0.41799999999999804,FAR,FAR,0.0,1,,,0.0,0
C2_n0.00_d000_r03,C2,202605,14.0,14.0,0.0,0.425,0.425,0.41974999999999857,FAR,FAR,0.0,1,,,0.0,0
C2_n0.00_d000_r03,C2,202605,14.02,14.02,0.0,0.42674999999999996,0.42674999999999996,0.42149999999999893,FAR,FAR,0.0,1,,,0.0,0
C2_n0.00_d000_r03,C2,202605,14.04,14.04,0.0,0.4284999999999999,0.4284999999999999,0.4232499999999992,FAR,FAR,0.0,1,,,0.0,0
C2_n0.00_d000_r03,C2,202605,14.06,14.06,0.0,0.43025,0.43025,0.4249999999999994,FAR,FAR,0.0,1,,,0.0,0
C2_n0.00_d000_r03,C2,202605,14.08,14.08,0.0,0.432,0.432,0.4267499999999995,FAR,FAR,0.0,1,,,0.0,0
C2_n0.00_d000_r03,C2,202605,14.1,14.1,0.0,0.43374999999999997,0.43374999999999997,0.42849999999999966,FAR,FAR,0.0,1,,,0.0,0
C2_n0.00_d000_r03,C2,202605,14.12,14.12,0.0,0.4354999999999999,0.4354999999999999,0.4302499999999997,FAR,FAR,0.0,1,,,0.0,0
C2_n0.00_d000_r03,C2,202605,14.14,14.14,0.0,0.43725,0.43725,0.43199999999999983,FAR,FAR,0.0,1,,,0.0,0
C2_n0.00_d000_r03,C2,202605,14.16,14.16,0.0,0.439,0.439,0.43374999999999986,FAR,FAR,0.0,1,,,0.0,0
C2_n0.00_d000_r03,C2,202605,14.18,14.18,0.0,0.44075,0.44075,0.4354999999999999,FAR,FAR,0.0,1,,,0.0,0
C2_n0.00_d000_r03,C2,202605,14.2,14.2,0.0,0.4424999999999999,0.4424999999999999,0.4372499999999999,FAR,FAR,0.0,1,,,0.0,0
C2_n0.00_d000_r03,C2,202605,14.22,14.22,0.0,0.44425000000000003,0.44425000000000003,0.43899999999999995,FAR,FAR,0.0,1,,,0.0,0
C2_n0.00_d000_r03,C2,202605,14.24,14.24,0.0,0.446,0.446,0.4407499999999999,FAR,FAR,0.0,1,,,0.0,0
C2_n0.00_d000_r03,C2,202605,14.26,14.26,0.0,0.44775,0.44775,0.4424999999999999,FAR,FAR,0.0,1,,,0.0,0
C2_n0.00_d000_r03,C2,202605,14.28,14.28,0.0,0.4494999999999999,0.4494999999999999,0.4442499999999999,FAR,FAR,0.0,1,,,0.0,0
C2_n0.00_d000_r03,C2,202605,14.3,14.3,0.0,0.45125000000000004,0.45125000000000004,0.44599999999999995,FAR,FAR,0.0,1,,,0.0,0
C2_n0.00_d000_r03,C2,202605,14.32,14.32,0.0,0.453,0.453,0.44775,FAR,FAR,0.0,1,,,0.0,0
C2_n0.00_d000_r03,C2,202605,14.34,14.34,0.0,0.45475,0.45475,0.44949999999999996,FAR,FAR,0.0,1,,,0.0,0
C2_n0.00_d000_r03,C2,202605,14.36,14.36,0.0,0.4564999999999999,0.4564999999999999,0.45124999999999993,FAR,FAR,0.0,1,,,0.0,0
C2_n0.00_d000_r03,C2,202605,14.38,14.38,0.0,0.45825000000000005,0.45825000000000005,0.45299999999999996,FAR,FAR,0.0,1,,,0.0,0
C2_n0.00_d000_r03,C2,202605,14.4,14.4,0.0,0.46,0.46,0.45475,FAR,FAR,0.0,1,,,0.0,0
C2_n0.00_d000_r03,C2,202605,14.42,14.42,0.0,0.46175,0.46175,0.4565,FAR,FAR,0.0,1,,,0.0,0
C2_n0.00_d000_r03,C2,202605,14.44,14.44,0.0,0.4634999999999999,0.4634999999999999,0.45824999999999994,FAR,FAR,0.0,1,,,0.0,0
C2_n0.00_d000_r03,C2,202605,14.46,14.46,0.0,0.46525000000000005,0.46525000000000005,0.45999999999999996,FAR,FAR,0.0,1,,,0.0,0
C2_n0.00_d000_r03,C2,202605,14.48,14.48,0.0,0.467,0.467,0.46175,FAR,FAR,0.0,1,,,0.0,0
C2_n0.00_d000_r03,C2,202605,14.5,14.5,0.0,0.46875,0.46875,0.4635,FAR,FAR,0.0,1,,,0.0,0
C2_n0.00_d000_r03,C2,202605,14.52,14.52,0.0,0.4704999999999999,0.4704999999999999,0.46525,FAR,FAR,0.0,1,,,0.0,0
C2_n0.00_d000_r03,C2,202605,14.54,14.54,0.0,0.47224999999999995,0.47224999999999995,0.46699999999999997,FAR,FAR,0.0,1,,,0.0,0
C2_n0.00_d000_r03,C2,202605,14.56,14.56,0.0,0.47400000000000003,0.47400000000000003,0.46874999999999994,FAR,FAR,0.0,1,,,0.0,0
C2_n0.00_d000_r03,C2,202605,14.58,14.58,0.0,0.47575,0.47575,0.4704999999999999,FAR,FAR,0.0,1,,,0.0,0
C2_n0.00_d000_r03,C2,202605,14.6,14.6,0.0,0.4774999999999999,0.4774999999999999,0.47224999999999995,FAR,FAR,0.0,1,,,0.0,0
C2_n0.00_d000_r03,C2,202605,14.62,14.62,0.0,0.47924999999999995,0.47924999999999995,0.474,FAR,FAR,0.0,1,,,0.0,0
C2_n0.00_d000_r03,C2,202605,14.64,14.64,0.0,0.48100000000000004,0.48100000000000004,0.47575,FAR,FAR,0.0,1,,,0.0,0
C2_n0.00_d000_r03,C2,202605,14.66,14.66,0.0,0.48275,0.48275,0.4775,FAR,FAR,0.0,1,,,0.0,0
C2_n0.00_d000_r03,C2,202605,14.68,14.68,0.0,0.48449999999999993,0.48449999999999993,0.47924999999999995,FAR,FAR,0.0,1,,,0.0,0
C2_n0.00_d000_r03,C2,202605,14.7,14.7,0.0,0.48624999999999996,0.48624999999999996,0.481,FAR,FAR,0.0,1,,,0.0,0
C2_n0.00_d000_r03,C2,202605,14.72,14.72,0.0,0.48800000000000004,0.48800000000000004,0.48275,FAR,FAR,0.0,1,,,0.0,0
C2_n0.00_d000_r03,C2,202605,14.74,14.74,0.0,0.48975,0.48975,0.48450000000000004,FAR,FAR,0.0,1,,,0.0,0
C2_n0.00_d000_r03,C2,202605,14.76,14.76,0.0,0.49149999999999994,0.49149999999999994,0.48624999999999996,FAR,FAR,0.0,1,,,0.0,0
C2_n0.00_d000_r03,C2,202605,14.78,14.78,0.0,0.49324999999999997,0.49324999999999997,0.48799999999999993,FAR,FAR,0.0,1,,,0.0,0
C2_n0.00_d000_r03,C2,202605,14.8,14.8,0.0,0.49500000000000005,0.49500000000000005,0.48974999999999996,FAR,FAR,0.0,1,,,0.0,0
C2_n0.00_d000_r03,C2,202605,14.82,14.82,0.0,0.49675,0.49675,0.4915,FAR,FAR,0.0,1,,,0.0,0
C2_n0.00_d000_r03,C2,202605,14.84,14.84,0.0,0.49849999999999994,0.49849999999999994,0.49324999999999997,FAR,FAR,0.0,1,,,0.0,0
C2_n0.00_d000_r03,C2,202605,14.86,14.86,0.0,0.5002499999999999,0.5002499999999999,0.49499999999999994,FAR,FAR,0.0,1,,,0.0,0
C2_n0.00_d000_r03,C2,202605,14.88,14.88,0.0,0.502,0.502,0.49674999999999997,FAR,FAR,0.0,1,,,0.0,0
C2_n0.00_d000_r03,C2,202605,14.9,14.9,0.0,0.50375,0.50375,0.49849999999999994,FAR,FAR,0.0,1,,,0.0,0
C2_n0.00_d000_r03,C2,202605,14.92,14.92,0.0,0.5055000000000001,0.5055000000000001,0.50025,FAR,FAR,0.0,1,,,0.0,0
C2_n0.00_d000_r03,C2,202605,14.94,14.94,0.0,0.50725,0.50725,0.502,FAR,FAR,0.0,1,,,0.0,0
C2_n0.00_d000_r03,C2,202605,14.96,14.96,0.0,0.5090000000000001,0.5090000000000001,0.50375,FAR,FAR,0.0,1,,,0.0,0
C2_n0.00_d000_r03,C2,202605,14.98,14.98,0.0,0.51075,0.51075,0.5055000000000001,FAR,FAR,0.0,1,,,0.0,0
C2_n0.00_d000_r03,C2,202605,15.0,15.0,0.0,0.5125,0.5125,0.50725,FAR,FAR,0.0,1,,,0.0,0
C2_n0.00_d000_r03,C2,202605,15.02,15.02,0.0,0.5142499999999999,0.5142499999999999,0.5089999999999999,FAR,FAR,0.0,1,,,0.0,0
C2_n0.00_d000_r03,C2,202605,15.04,15.04,0.0,0.5159999999999999,0.5159999999999999,0.5107499999999999,FAR,FAR,0.0,1,,,0.0,0
C2_n0.00_d000_r03,C2,202605,15.06,15.06,0.0,0.51775,0.51775,0.5125,FAR,FAR,0.0,1,,,0.0,0
C2_n0.00_d000_r03,C2,202605,15.08,15.08,0.0,0.5195,0.5195,0.51425,FAR,FAR,0.0,1,,,0.0,0
C2_n0.00_d000_r03,C2,202605,15.1,15.1,0.0,0.52125,0.52125,0.516,FAR,FAR,0.0,1,,,0.0,0
C2_n0.00_d000_r03,C2,202605,15.12,15.12,0.0,0.5229999999999999,0.5229999999999999,0.5177499999999999,FAR,FAR,0.0,1,,,0.0,0
C2_n0.00_d000_r03,C2,202605,15.14,15.14,0.0,0.52475,0.52475,0.5195,FAR,FAR,0.0,1,,,0.0,0
C2_n0.00_d000_r03,C2,202605,15.16,15.16,0.0,0.5265,0.5265,0.52125,FAR,FAR,0.0,1,,,0.0,0
C2_n0.00_d000_r03,C2,202605,15.18,15.18,0.0,0.5282499999999999,0.5282499999999999,0.5229999999999999,FAR,FAR,0.0,1,,,0.0,0
C2_n0.00_d000_r03,C2,202605,15.2,15.2,0.0,0.5299999999999999,0.5299999999999999,0.5247499999999999,FAR,FAR,0.0,1,,,0.0,0
C2_n0.00_d000_r03,C2,202605,15.22,15.22,0.0,0.5317500000000001,0.5317500000000001,0.5265,FAR,FAR,0.0,1,,,0.0,0
C2_n0.00_d000_r03,C2,202605,15.24,15.24,0.0,0.5335,0.5335,0.52825,FAR,FAR,0.0,1,,,0.0,0
C2_n0.00_d000_r03,C2,202605,15.26,15.26,0.0,0.53525,0.53525,0.53,FAR,FAR,0.0,1,,,0.0,0
C2_n0.00_d000_r03,C2,202605,15.28,15.28,0.0,0.5369999999999999,0.5369999999999999,0.53175,FAR,FAR,0.0,1,,,0.0,0
C2_n0.00_d000_r03,C2,202605,15.3,15.3,0.0,0.5387500000000001,0.5387500000000001,0.5335,FAR,FAR,0.0,1,,,0.0,0
C2_n0.00_d000_r03,C2,202605,15.32,15.32,0.0,0.5405,0.5405,0.53525,FAR,FAR,0.0,1,,,0.0,0
C2_n0.00_d000_r03,C2,202605,15.34,15.34,0.0,0.5422499999999999,0.5422499999999999,0.5369999999999999,FAR,FAR,0.0,1,,,0.0,0
C2_n0.00_d000_r03,C2,202605,15.36,15.36,0.0,0.5439999999999999,0.5439999999999999,0.53875,FAR,FAR,0.0,1,,,0.0,0
C2_n0.00_d000_r03,C2,202605,15.38,15.38,0.0,0.5457500000000001,0.5457500000000001,0.5405,FAR,FAR,0.0,1,,,0.0,0
C2_n0.00_d000_r03,C2,202605,15.4,15.4,0.0,0.5475,0.5475,0.54225,FAR,FAR,0.0,1,,,0.0,0
C2_n0.00_d000_r03,C2,202605,15.42,15.42,0.0,0.54925,0.54925,0.544,FAR,FAR,0.0,1,,,0.0,0
C2_n0.00_d000_r03,C2,202605,15.44,15.44,0.0,0.5509999999999999,0.5509999999999999,0.54575,FAR,FAR,0.0,1,,,0.0,0
C2_n0.00_d000_r03,C2,202605,15.46,15.46,0.0,0.5527500000000001,0.5527500000000001,0.5475,FAR,FAR,0.0,1,,,0.0,0
C2_n0.00_d000_r03,C2,202605,15.48,15.48,0.0,0.5545,0.5545,0.54925,FAR,FAR,0.0,1,,,0.0,0
C2_n0.00_d000_r03,C2,202605,15.5,15.5,0.0,0.5562499999999999,0.5562499999999999,0.5509999999999999,FAR,FAR,0.0,1,,,0.0,0
C2_n0.00_d000_r03,C2,202605,15.52,15.52,0.0,0.5579999999999999,0.5579999999999999,0.55275,FAR,FAR,0.0,1,,,0.0,0
C2_n0.00_d000_r03,C2,202605,15.54,15.54,0.0,0.55975,0.55975,0.5545,FAR,FAR,0.0,1,,,0.0,0
C2_n0.00_d000_r03,C2,202605,15.56,15.56,0.0,0.5615,0.5615,0.55625,FAR,FAR,0.0,1,,,0.0,0
C2_n0.00_d000_r03,C2,202605,15.58,15.58,0.0,0.56325,0.56325,0.558,FAR,FAR,0.0,1,,,0.0,0
C2_n0.00_d000_r03,C2,202605,15.6,15.6,0.0,0.565,0.565,0.55975,FAR,FAR,0.0,1,,,0.0,0
C2_n0.00_d000_r03,C2,202605,15.62,15.62,0.0,0.5667499999999999,0.5667499999999999,0.5614999999999999,FAR,FAR,0.0,1,,,0.0,0
C2_n0.00_d000_r03,C2,202605,15.64,15.64,0.0,0.5685,0.5685,0.5632499999999999,FAR,FAR,0.0,1,,,0.0,0
C2_n0.00_d000_r03,C2,202605,15.66,15.66,0.0,0.5702499999999999,0.5702499999999999,0.565,FAR,FAR,0.0,1,,,0.0,0
C2_n0.00_d000_r03,C2,202605,15.68,15.68,0.0,0.572,0.572,0.56675,FAR,FAR,0.0,1,,,0.0,0
C2_n0.00_d000_r03,C2,202605,15.7,15.7,0.0,0.57375,0.57375,0.5685,FAR,FAR,0.0,1,,,0.0,0
C2_n0.00_d000_r03,C2,202605,15.72,15.72,0.0,0.5755,0.5755,0.57025,FAR,FAR,0.0,1,,,0.0,0
C2_n0.00_d000_r03,C2,202605,15.74,15.74,0.0,0.57725,0.57725,0.5720000000000001,FAR,FAR,0.0,1,,,0.0,0
C2_n0.00_d000_r03,C2,202605,15.76,15.76,0.0,0.579,0.579,0.57375,FAR,FAR,0.0,1,,,0.0,0
C2_n0.00_d000_r03,C2,202605,15.78,15.78,0.0,0.5807499999999999,0.5807499999999999,0.5754999999999999,FAR,FAR,0.0,1,,,0.0,0
C2_n0.00_d000_r03,C2,202605,15.8,15.8,0.0,0.5825,0.5825,0.5772499999999999,FAR,FAR,0.0,1,,,0.0,0
C2_n0.00_d000_r03,C2,202605,15.82,15.82,0.0,0.5842499999999999,0.5842499999999999,0.579,FAR,FAR,0.0,1,,,0.0,0
C2_n0.00_d000_r03,C2,202605,15.84,15.84,0.0,0.586,0.586,0.58075,FAR,FAR,0.0,1,,,0.0,0
C2_n0.00_d000_r03,C2,202605,15.86,15.86,0.0,0.58775,0.58775,0.5825,FAR,FAR,0.0,1,,,0.0,0
C2_n0.00_d000_r03,C2,202605,15.88,15.88,0.0,0.5895,0.5895,0.58425,FAR,FAR,0.0,1,,,0.0,0
C2_n0.00_d000_r03,C2,202605,15.9,15.9,0.0,0.59125,0.59125,0.5860000000000001,FAR,FAR,0.0,1,,,0.0,0
C2_n0.00_d000_r03,C2,202605,15.92,15.92,0.0,0.593,0.593,0.58775,FAR,FAR,0.0,1,,,0.0,0
C2_n0.00_d000_r03,C2,202605,15.94,15.94,0.0,0.5947499999999999,0.5947499999999999,0.5894999999999999,FAR,FAR,0.0,1,,,0.0,0
C2_n0.00_d000_r03,C2,202605,15.96,15.96,0.0,0.5965,0.5965,0.5912499999999999,FAR,FAR,0.0,1,,,0.0,0
C2_n0.00_d000_r03,C2,202605,15.98,15.98,0.0,0.59825,0.59825,0.593,FAR,FAR,0.0,1,,,0.0,0
C2_n0.00_d000_r03,C2,202605,16.0,16.0,0.0,0.6,0.6,0.59475,FAR,FAR,0.0,1,,,0.0,0
C2_n0.00_d000_r03,C2,202605,16.02,16.02,0.0,0.6,0.6,0.5960625,FAR,FAR,0.0,1,,,0.0,0
C2_n0.00_d000_r03,C2,202605,16.04,16.04,0.0,0.6,0.6,0.5970468750000001,FAR,FAR,0.0,1,,,0.0,0
C2_n0.00_d000_r03,C2,202605,16.06,16.06,0.0,0.6,0.6,0.5977851562500001,FAR,FAR,0.0,1,,,0.0,0
C2_n0.00_d000_r03,C2,202605,16.08,16.08,0.0,0.6,0.6,0.5983388671875001,FAR,FAR,0.0,1,,,0.0,0
C2_n0.00_d000_r03,C2,202605,16.1,16.1,0.0,0.6,0.6,0.5987541503906251,FAR,FAR,0.0,1,,,0.0,0
C2_n0.00_d000_r03,C2,202605,16.12,16.12,0.0,0.6,0.6,0.5990656127929688,FAR,FAR,0.0,1,,,0.0,0
C2_n0.00_d000_r03,C2,202605,16.14,16.14,0.0,0.6,0.6,0.5992992095947266,FAR,FAR,0.0,1,,,0.0,0
C2_n0.00_d000_r03,C2,202605,16.16,16.16,0.0,0.6,0.6,0.599474407196045,FAR,FAR,0.0,1,,,0.0,0
C2_n0.00_d000_r03,C2,202605,16.18,16.18,0.0,0.6,0.6,0.5996058053970337,FAR,FAR,0.0,1,,,0.0,0
C2_n0.00_d000_r03,C2,202605,16.2,16.2,0.0,0.6,0.6,0.5997043540477752,FAR,FAR,0.0,1,,,0.0,0
C2_n0.00_d000_r03,C2,202605,16.22,16.22,0.0,0.6,0.6,0.5997782655358315,FAR,FAR,0.0,1,,,0.0,0
C2_n0.00_d000_r03,C2,202605,16.24,16.24,0.0,0.6,0.6,0.5998336991518736,FAR,FAR,0.0,1,,,0.0,0
C2_n0.00_d000_r03,C2,202605,16.26,16.26,0.0,0.6,0.6,0.5998752743639052,FAR,FAR,0.0,1,,,0.0,0
C2_n0.00_d000_r03,C2,202605,16.28,16.28,0.0,0.6,0.6,0.5999064557729289,FAR,FAR,0.0,1,,,0.0,0
C2_n0.00_d000_r03,C2,202605,16.3,16.3,0.0,0.6,0.6,0.5999298418296967,FAR,FAR,0.0,1,,,0.0,0
C2_n0.00_d000_r03,C2,202605,16.32,16.32,0.0,0.6,0.6,0.5999473813722725,FAR,FAR,0.0,1,,,0.0,0
C2_n0.00_d000_r03,C2,202605,16.34,16.34,0.0,0.6,0.6,0.5999605360292044,FAR,FAR,0.0,1,,,0.0,0
C2_n0.00_d000_r03,C2,202605,16.36,16.36,0.0,0.6,0.6,0.5999704020219033,FAR,FAR,0.0,1,,,0.0,0
C2_n0.00_d000_r03,C2,202605,16.38,16.38,0.0,0.6,0.6,0.5999778015164275,FAR,FAR,0.0,1,,,0.0,0
C2_n0.00_d000_r03,C2,202605,16.4,16.4,0.0,0.6,0.6,0.5999833511373207,FAR,FAR,0.0,1,,,0.0,0
C2_n0.00_d000_r03,C2,202605,16.42,16.42,0.0,0.6,0.6,0.5999875133529905,FAR,FAR,0.0,1,,,0.0,0
C2_n0.00_d000_r03,C2,202605,16.44,16.44,0.0,0.6,0.6,0.5999906350147429,FAR,FAR,0.0,1,,,0.0,0
C2_n0.00_d000_r03,C2,202605,16.46,16.46,0.0,0.6,0.6,0.5999929762610572,FAR,FAR,0.0,1,,,0.0,0
C2_n0.00_d000_r03,C2,202605,16.48,16.48,0.0,0.6,0.6,0.5999947321957929,FAR,FAR,0.0,1,,,0.0,0
C2_n0.00_d000_r03,C2,202605,16.5,16.5,0.0,0.6,0.6,0.5999960491468447,FAR,FAR,0.0,1,,,0.0,0
C2_n0.00_d000_r03,C2,202605,16.52,16.52,0.0,0.6,0.6,0.5999970368601335,FAR,FAR,0.0,1,,,0.0,0
C2_n0.00_d000_r03,C2,202605,16.54,16.54,0.0,0.6,0.6,0.5999977776451001,FAR,FAR,0.0,1,,,0.0,0
C2_n0.00_d000_r03,C2,202605,16.56,16.56,0.0,0.6,0.6,0.5999983332338251,FAR,FAR,0.0,1,,,0.0,0
C2_n0.00_d000_r03,C2,202605,16.58,16.58,0.0,0.6,0.6,0.5999987499253688,FAR,FAR,0.0,1,,,0.0,0
C2_n0.00_d000_r03,C2,202605,16.6,16.6,0.0,0.6,0.6,0.5999990624440267,FAR,FAR,0.0,1,,,0.0,0
C2_n0.00_d000_r03,C2,202605,16.62,16.62,0.0,0.6,0.6,0.59999929683302,FAR,FAR,0.0,1,,,0.0,0
C2_n0.00_d000_r03,C2,202605,16.64,16.64,0.0,0.6,0.6,0.599999472624765,FAR,FAR,0.0,1,,,0.0,0
C2_n0.00_d000_r03,C2,202605,16.66,16.66,0.0,0.6,0.6,0.5999996044685738,FAR,FAR,0.0,1,,,0.0,0
C2_n0.00_d000_r03,C2,202605,16.68,16.68,0.0,0.6,0.6,0.5999997033514304,FAR,FAR,0.0,1,,,0.0,0
C2_n0.00_d000_r03,C2,202605,16.7,16.7,0.0,0.6,0.6,0.5999997775135728,FAR,FAR,0.0,1,,,0.0,0
C2_n0.00_d000_r03,C2,202605,16.72,16.72,0.0,0.6,0.6,0.5999998331351796,FAR,FAR,0.0,1,,,0.0,0
C2_n0.00_d000_r03,C2,202605,16.74,16.74,0.0,0.6,0.6,0.5999998748513847,FAR,FAR,0.0,1,,,0.0,0
C2_n0.00_d000_r03,C2,202605,16.76,16.76,0.0,0.6,0.6,0.5999999061385386,FAR,FAR,0.0,1,,,0.0,0
C2_n0.00_d000_r03,C2,202605,16.78,16.78,0.0,0.6,0.6,0.5999999296039039,FAR,FAR,0.0,1,,,0.0,0
C2_n0.00_d000_r03,C2,202605,16.8,16.8,0.0,0.6,0.6,0.5999999472029279,FAR,FAR,0.0,1,,,0.0,0
C2_n0.00_d000_r03,C2,202605,16.82,16.82,0.0,0.6,0.6,0.5999999604021959,FAR,FAR,0.0,1,,,0.0,0
C2_n0.00_d000_r03,C2,202605,16.84,16.84,0.0,0.6,0.6,0.599999970301647,FAR,FAR,0.0,1,,,0.0,0
C2_n0.00_d000_r03,C2,202605,16.86,16.86,0.0,0.6,0.6,0.5999999777262353,FAR,FAR,0.0,1,,,0.0,0
C2_n0.00_d000_r03,C2,202605,16.88,16.88,0.0,0.6,0.6,0.5999999832946764,FAR,FAR,0.0,1,,,0.0,0
C2_n0.00_d000_r03,C2,202605,16.9,16.9,0.0,0.6,0.6,0.5999999874710074,FAR,FAR,0.0,1,,,0.0,0
C2_n0.00_d000_r03,C2,202605,16.92,16.92,0.0,0.6,0.6,0.5999999906032555,FAR,FAR,0.0,1,,,0.0,0
C2_n0.00_d000_r03,C2,202605,16.94,16.94,0.0,0.6,0.6,0.5999999929524417,FAR,FAR,0.0,1,,,0.0,0
C2_n0.00_d000_r03,C2,202605,16.96,16.96,0.0,0.6,0.6,0.5999999947143313,FAR,FAR,0.0,1,,,0.0,0
C2_n0.00_d000_r03,C2,202605,16.98,16.98,0.0,0.6,0.6,0.5999999960357485,FAR,FAR,0.0,1,,,0.0,0
C2_n0.00_d000_r03,C2,202605,17.0,17.0,0.0,0.6,0.6,0.5999999970268114,FAR,FAR,0.0,1,,,0.0,0
C2_n0.00_d000_r03,C2,202605,17.02,17.02,0.0,0.6,0.6,0.5999999977701086,FAR,FAR,0.0,1,,,0.0,0
C2_n0.00_d000_r03,C2,202605,17.04,17.04,0.0,0.6,0.6,0.5999999983275814,FAR,FAR,0.0,1,,,0.0,0
C2_n0.00_d000_r03,C2,202605,17.06,17.06,0.0,0.6,0.6,0.5999999987456861,FAR,FAR,0.0,1,,,0.0,0
C2_n0.00_d000_r03,C2,202605,17.08,17.08,0.0,0.6,0.6,0.5999999990592646,FAR,FAR,0.0,1,,,0.0,0
C2_n0.00_d000_r03,C2,202605,17.1,17.1,0.0,0.6,0.6,0.5999999992944485,FAR,FAR,0.0,1,,,0.0,0
C2_n0.00_d000_r03,C2,202605,17.12,17.12,0.0,0.6,0.6,0.5999999994708364,FAR,FAR,0.0,1,,,0.0,0
C2_n0.00_d000_r03,C2,202605,17.14,17.14,0.0,0.6,0.6,0.5999999996031273,FAR,FAR,0.0,1,,,0.0,0
C2_n0.00_d000_r03,C2,202605,17.16,17.16,0.0,0.6,0.6,0.5999999997023455,FAR,FAR,0.0,1,,,0.0,0
C2_n0.00_d000_r03,C2,202605,17.18,17.18,0.0,0.6,0.6,0.5999999997767591,FAR,FAR,0.0,1,,,0.0,0
C2_n0.00_d000_r03,C2,202605,17.2,17.2,0.0,0.6,0.6,0.5999999998325694,FAR,FAR,0.0,1,,,0.0,0
C2_n0.00_d000_r03,C2,202605,17.22,17.22,0.0,0.6,0.6,0.599999999874427,FAR,FAR,0.0,1,,,0.0,0
C2_n0.00_d000_r03,C2,202605,17.24,17.24,0.0,0.6,0.6,0.5999999999058202,FAR,FAR,0.0,1,,,0.0,0
C2_n0.00_d000_r03,C2,202605,17.26,17.26,0.0,0.6,0.6,0.5999999999293651,FAR,FAR,0.0,1,,,0.0,0
C2_n0.00_d000_r03,C2,202605,17.28,17.28,0.0,0.6,0.6,0.5999999999470239,FAR,FAR,0.0,1,,,0.0,0
C2_n0.00_d000_r03,C2,202605,17.3,17.3,0.0,0.6,0.6,0.599999999960268,FAR,FAR,0.0,1,,,0.0,0
C2_n0.00_d000_r03,C2,202605,17.32,17.32,0.0,0.6,0.6,0.599999999970201,FAR,FAR,0.0,1,,,0.0,0
C2_n0.00_d000_r03,C2,202605,17.34,17.34,0.0,0.6,0.6,0.5999999999776507,FAR,FAR,0.0,1,,,0.0,0
C2_n0.00_d000_r03,C2,202605,17.36,17.36,0.0,0.6,0.6,0.599999999983238,FAR,FAR,0.0,1,,,0.0,0
C2_n0.00_d000_r03,C2,202605,17.38,17.38,0.0,0.6,0.6,0.5999999999874286,FAR,FAR,0.0,1,,,0.0,0
C2_n0.00_d000_r03,C2,202605,17.4,17.4,0.0,0.6,0.6,0.5999999999905714,FAR,FAR,0.0,1,,,0.0,0
C2_n0.00_d000_r03,C2,202605,17.42,17.42,0.0,0.6,0.6,0.5999999999929285,FAR,FAR,0.0,1,,,0.0,0
C2_n0.00_d000_r03,C2,202605,17.44,17.44,0.0,0.6,0.6,0.5999999999946964,FAR,FAR,0.0,1,,,0.0,0
C2_n0.00_d000_r03,C2,202605,17.46,17.46,0.0,0.6,0.6,0.5999999999960224,FAR,FAR,0.0,1,,,0.0,0
C2_n0.00_d000_r03,C2,202605,17.48,17.48,0.0,0.6,0.6,0.5999999999970168,FAR,FAR,0.0,1,,,0.0,0
C2_n0.00_d000_r03,C2,202605,17.5,17.5,0.0,0.6,0.6,0.5999999999977627,FAR,FAR,0.0,1,,,0.0,0
C2_n0.00_d000_r03,C2,202605,17.52,17.52,0.0,0.6,0.6,0.599999999998322,FAR,FAR,0.0,1,,,0.0,0
C2_n0.00_d000_r03,C2,202605,17.54,17.54,0.0,0.6,0.6,0.5999999999987415,FAR,FAR,0.0,1,,,0.0,0
C2_n0.00_d000_r03,C2,202605,17.56,17.56,0.0,0.6,0.6,0.5999999999990562,FAR,FAR,0.0,1,,,0.0,0
C2_n0.00_d000_r03,C2,202605,17.58,17.58,0.0,0.6,0.6,0.5999999999992921,FAR,FAR,0.0,1,,,0.0,0
C2_n0.00_d000_r03,C2,202605,17.6,17.6,0.0,0.6,0.6,0.5999999999994691,FAR,FAR,0.0,1,,,0.0,0
C2_n0.00_d000_r03,C2,202605,17.62,17.62,0.0,0.6,0.6,0.5999999999996019,FAR,FAR,0.0,1,,,0.0,0
C2_n0.00_d000_r03,C2,202605,17.64,17.64,0.0,0.6,0.6,0.5999999999997014,FAR,FAR,0.0,1,,,0.0,0
C2_n0.00_d000_r03,C2,202605,17.66,17.66,0.0,0.6,0.6,0.599999999999776,FAR,FAR,0.0,1,,,0.0,0
C2_n0.00_d000_r03,C2,202605,17.68,17.68,0.0,0.6,0.6,0.599999999999832,FAR,FAR,0.0,1,,,0.0,0
C2_n0.00_d000_r03,C2,202605,17.7,17.7,0.0,0.6,0.6,0.599999999999874,FAR,FAR,0.0,1,,,0.0,0
C2_n0.00_d000_r03,C2,202605,17.72,17.72,0.0,0.6,0.6,0.5999999999999055,FAR,FAR,0.0,1,,,0.0,0
C2_n0.00_d000_r03,C2,202605,17.74,17.74,0.0,0.6,0.6,0.5999999999999291,FAR,FAR,0.0,1,,,0.0,0
C2_n0.00_d000_r03,C2,202605,17.76,17.76,0.0,0.6,0.6,0.5999999999999469,FAR,FAR,0.0,1,,,0.0,0
C2_n0.00_d000_r03,C2,202605,17.78,17.78,0.0,0.6,0.6,0.5999999999999602,FAR,FAR,0.0,1,,,0.0,0
C2_n0.00_d000_r03,C2,202605,17.8,17.8,0.0,0.6,0.6,0.5999999999999702,FAR,FAR,0.0,1,,,0.0,0
C2_n0.00_d000_r03,C2,202605,17.82,17.82,0.0,0.6,0.6,0.5999999999999777,FAR,FAR,0.0,1,,,0.0,0
C2_n0.00_d000_r03,C2,202605,17.84,17.84,0.0,0.6,0.6,0.5999999999999832,FAR,FAR,0.0,1,,,0.0,0
C2_n0.00_d000_r03,C2,202605,17.86,17.86,0.0,0.6,0.6,0.5999999999999874,FAR,FAR,0.0,1,,,0.0,0
C2_n0.00_d000_r03,C2,202605,17.88,17.88,0.0,0.6,0.6,0.5999999999999905,FAR,FAR,0.0,1,,,0.0,0
C2_n0.00_d000_r03,C2,202605,17.9,17.9,0.0,0.6,0.6,0.5999999999999929,FAR,FAR,0.0,1,,,0.0,0
C2_n0.00_d000_r03,C2,202605,17.92,17.92,0.0,0.6,0.6,0.5999999999999946,FAR,FAR,0.0,1,,,0.0,0
C2_n0.00_d000_r03,C2,202605,17.94,17.94,0.0,0.6,0.6,0.599999999999996,FAR,FAR,0.0,1,,,0.0,0
C2_n0.00_d000_r03,C2,202605,17.96,17.96,0.0,0.6,0.6,0.599999999999997,FAR,FAR,0.0,1,,,0.0,0
C2_n0.00_d000_r03,C2,202605,17.98,17.98,0.0,0.6,0.6,0.5999999999999978,FAR,FAR,0.0,1,,,0.0,0
C2_n0.00_d000_r03,C2,202605,18.0,18.0,0.0,0.6,0.6,0.5999999999999983,FAR,FAR,0.0,1,,,0.0,0
C2_n0.00_d000_r03,C2,202605,18.02,18.02,0.0,0.6,0.6,0.5999999999999988,FAR,FAR,0.0,1,,,0.0,0
C2_n0.00_d000_r03,C2,202605,18.04,18.04,0.0,0.6,0.6,0.5999999999999991,FAR,FAR,0.0,1,,,0.0,0
C2_n0.00_d000_r03,C2,202605,18.06,18.06,0.0,0.6,0.6,0.5999999999999993,FAR,FAR,0.0,1,,,0.0,0
C2_n0.00_d000_r03,C2,202605,18.08,18.08,0.0,0.6,0.6,0.5999999999999995,FAR,FAR,0.0,1,,,0.0,0
C2_n0.00_d000_r03,C2,202605,18.1,18.1,0.0,0.6,0.6,0.5999999999999996,FAR,FAR,0.0,1,,,0.0,0
C2_n0.00_d000_r03,C2,202605,18.12,18.12,0.0,0.6,0.6,0.5999999999999998,FAR,FAR,0.0,1,,,0.0,0
C2_n0.00_d000_r03,C2,202605,18.14,18.14,0.0,0.6,0.6,0.5999999999999999,FAR,FAR,0.0,1,,,0.0,0
C2_n0.00_d000_r03,C2,202605,18.16,18.16,0.0,0.6,0.6,0.5999999999999999,FAR,FAR,0.0,1,,,0.0,0
C2_n0.00_d000_r03,C2,202605,18.18,18.18,0.0,0.6,0.6,0.5999999999999999,FAR,FAR,0.0,1,,,0.0,0
C2_n0.00_d000_r03,C2,202605,18.2,18.2,0.0,0.6,0.6,0.5999999999999999,FAR,FAR,0.0,1,,,0.0,0
C2_n0.00_d000_r03,C2,202605,18.22,18.22,0.0,0.6,0.6,0.5999999999999999,FAR,FAR,0.0,1,,,0.0,0
C2_n0.00_d000_r03,C2,202605,18.24,18.24,0.0,0.6,0.6,0.5999999999999999,FAR,FAR,0.0,1,,,0.0,0
C2_n0.00_d000_r03,C2,202605,18.26,18.26,0.0,0.6,0.6,0.5999999999999999,FAR,FAR,0.0,1,,,0.0,0
C2_n0.00_d000_r03,C2,202605,18.28,18.28,0.0,0.6,0.6,0.5999999999999999,FAR,FAR,0.0,1,,,0.0,0
C2_n0.00_d000_r03,C2,202605,18.3,18.3,0.0,0.6,0.6,0.5999999999999999,FAR,FAR,0.0,1,,,0.0,0
C2_n0.00_d000_r03,C2,202605,18.32,18.32,0.0,0.6,0.6,0.5999999999999999,FAR,FAR,0.0,1,,,0.0,0
C2_n0.00_d000_r03,C2,202605,18.34,18.34,0.0,0.6,0.6,0.5999999999999999,FAR,FAR,0.0,1,,,0.0,0
C2_n0.00_d000_r03,C2,202605,18.36,18.36,0.0,0.6,0.6,0.5999999999999999,FAR,FAR,0.0,1,,,0.0,0
C2_n0.00_d000_r03,C2,202605,18.38,18.38,0.0,0.6,0.6,0.5999999999999999,FAR,FAR,0.0,1,,,0.0,0
C2_n0.00_d000_r03,C2,202605,18.4,18.4,0.0,0.6,0.6,0.5999999999999999,FAR,FAR,0.0,1,,,0.0,0
C2_n0.00_d000_r03,C2,202605,18.42,18.42,0.0,0.6,0.6,0.5999999999999999,FAR,FAR,0.0,1,,,0.0,0
C2_n0.00_d000_r03,C2,202605,18.44,18.44,0.0,0.6,0.6,0.5999999999999999,FAR,FAR,0.0,1,,,0.0,0
C2_n0.00_d000_r03,C2,202605,18.46,18.46,0.0,0.6,0.6,0.5999999999999999,FAR,FAR,0.0,1,,,0.0,0
C2_n0.00_d000_r03,C2,202605,18.48,18.48,0.0,0.6,0.6,0.5999999999999999,FAR,FAR,0.0,1,,,0.0,0
C2_n0.00_d000_r03,C2,202605,18.5,18.5,0.0,0.6,0.6,0.5999999999999999,FAR,FAR,0.0,1,,,0.0,0
C2_n0.00_d000_r03,C2,202605,18.52,18.52,0.0,0.6,0.6,0.5999999999999999,FAR,FAR,0.0,1,,,0.0,0
C2_n0.00_d000_r03,C2,202605,18.54,18.54,0.0,0.6,0.6,0.5999999999999999,FAR,FAR,0.0,1,,,0.0,0
C2_n0.00_d000_r03,C2,202605,18.56,18.56,0.0,0.6,0.6,0.5999999999999999,FAR,FAR,0.0,1,,,0.0,0
C2_n0.00_d000_r03,C2,202605,18.58,18.58,0.0,0.6,0.6,0.5999999999999999,FAR,FAR,0.0,1,,,0.0,0
C2_n0.00_d000_r03,C2,202605,18.6,18.6,0.0,0.6,0.6,0.5999999999999999,FAR,FAR,0.0,1,,,0.0,0
C2_n0.00_d000_r03,C2,202605,18.62,18.62,0.0,0.6,0.6,0.5999999999999999,FAR,FAR,0.0,1,,,0.0,0
C2_n0.00_d000_r03,C2,202605,18.64,18.64,0.0,0.6,0.6,0.5999999999999999,FAR,FAR,0.0,1,,,0.0,0
C2_n0.00_d000_r03,C2,202605,18.66,18.66,0.0,0.6,0.6,0.5999999999999999,FAR,FAR,0.0,1,,,0.0,0
C2_n0.00_d000_r03,C2,202605,18.68,18.68,0.0,0.6,0.6,0.5999999999999999,FAR,FAR,0.0,1,,,0.0,0
C2_n0.00_d000_r03,C2,202605,18.7,18.7,0.0,0.6,0.6,0.5999999999999999,FAR,FAR,0.0,1,,,0.0,0
C2_n0.00_d000_r03,C2,202605,18.72,18.72,0.0,0.6,0.6,0.5999999999999999,FAR,FAR,0.0,1,,,0.0,0
C2_n0.00_d000_r03,C2,202605,18.74,18.74,0.0,0.6,0.6,0.5999999999999999,FAR,FAR,0.0,1,,,0.0,0
C2_n0.00_d000_r03,C2,202605,18.76,18.76,0.0,0.6,0.6,0.5999999999999999,FAR,FAR,0.0,1,,,0.0,0
C2_n0.00_d000_r03,C2,202605,18.78,18.78,0.0,0.6,0.6,0.5999999999999999,FAR,FAR,0.0,1,,,0.0,0
C2_n0.00_d000_r03,C2,202605,18.8,18.8,0.0,0.6,0.6,0.5999999999999999,FAR,FAR,0.0,1,,,0.0,0
C2_n0.00_d000_r03,C2,202605,18.82,18.82,0.0,0.6,0.6,0.5999999999999999,FAR,FAR,0.0,1,,,0.0,0
C2_n0.00_d000_r03,C2,202605,18.84,18.84,0.0,0.6,0.6,0.5999999999999999,FAR,FAR,0.0,1,,,0.0,0
C2_n0.00_d000_r03,C2,202605,18.86,18.86,0.0,0.6,0.6,0.5999999999999999,FAR,FAR,0.0,1,,,0.0,0
C2_n0.00_d000_r03,C2,202605,18.88,18.88,0.0,0.6,0.6,0.5999999999999999,FAR,FAR,0.0,1,,,0.0,0
C2_n0.00_d000_r03,C2,202605,18.9,18.9,0.0,0.6,0.6,0.5999999999999999,FAR,FAR,0.0,1,,,0.0,0
C2_n0.00_d000_r03,C2,202605,18.92,18.92,0.0,0.6,0.6,0.5999999999999999,FAR,FAR,0.0,1,,,0.0,0
C2_n0.00_d000_r03,C2,202605,18.94,18.94,0.0,0.6,0.6,0.5999999999999999,FAR,FAR,0.0,1,,,0.0,0
C2_n0.00_d000_r03,C2,202605,18.96,18.96,0.0,0.6,0.6,0.5999999999999999,FAR,FAR,0.0,1,,,0.0,0
C2_n0.00_d000_r03,C2,202605,18.98,18.98,0.0,0.6,0.6,0.5999999999999999,FAR,FAR,0.0,1,,,0.0,0
C2_n0.00_d000_r03,C2,202605,19.0,19.0,0.0,0.6,0.6,0.5999999999999999,FAR,FAR,0.0,1,,,0.0,0
C2_n0.00_d000_r03,C2,202605,19.02,19.02,0.0,0.6,0.6,0.5999999999999999,FAR,FAR,0.0,1,,,0.0,0
C2_n0.00_d000_r03,C2,202605,19.04,19.04,0.0,0.6,0.6,0.5999999999999999,FAR,FAR,0.0,1,,,0.0,0
C2_n0.00_d000_r03,C2,202605,19.06,19.06,0.0,0.6,0.6,0.5999999999999999,FAR,FAR,0.0,1,,,0.0,0
C2_n0.00_d000_r03,C2,202605,19.08,19.08,0.0,0.6,0.6,0.5999999999999999,FAR,FAR,0.0,1,,,0.0,0
C2_n0.00_d000_r03,C2,202605,19.1,19.1,0.0,0.6,0.6,0.5999999999999999,FAR,FAR,0.0,1,,,0.0,0
C2_n0.00_d000_r03,C2,202605,19.12,19.12,0.0,0.6,0.6,0.5999999999999999,FAR,FAR,0.0,1,,,0.0,0
C2_n0.00_d000_r03,C2,202605,19.14,19.14,0.0,0.6,0.6,0.5999999999999999,FAR,FAR,0.0,1,,,0.0,0
C2_n0.00_d000_r03,C2,202605,19.16,19.16,0.0,0.6,0.6,0.5999999999999999,FAR,FAR,0.0,1,,,0.0,0
C2_n0.00_d000_r03,C2,202605,19.18,19.18,0.0,0.6,0.6,0.5999999999999999,FAR,FAR,0.0,1,,,0.0,0
C2_n0.00_d000_r03,C2,202605,19.2,19.2,0.0,0.6,0.6,0.5999999999999999,FAR,FAR,0.0,1,,,0.0,0
C2_n0.00_d000_r03,C2,202605,19.22,19.22,0.0,0.6,0.6,0.5999999999999999,FAR,FAR,0.0,1,,,0.0,0
C2_n0.00_d000_r03,C2,202605,19.24,19.24,0.0,0.6,0.6,0.5999999999999999,FAR,FAR,0.0,1,,,0.0,0
C2_n0.00_d000_r03,C2,202605,19.26,19.26,0.0,0.6,0.6,0.5999999999999999,FAR,FAR,0.0,1,,,0.0,0
C2_n0.00_d000_r03,C2,202605,19.28,19.28,0.0,0.6,0.6,0.5999999999999999,FAR,FAR,0.0,1,,,0.0,0
C2_n0.00_d000_r03,C2,202605,19.3,19.3,0.0,0.6,0.6,0.5999999999999999,FAR,FAR,0.0,1,,,0.0,0
C2_n0.00_d000_r03,C2,202605,19.32,19.32,0.0,0.6,0.6,0.5999999999999999,FAR,FAR,0.0,1,,,0.0,0
C2_n0.00_d000_r03,C2,202605,19.34,19.34,0.0,0.6,0.6,0.5999999999999999,FAR,FAR,0.0,1,,,0.0,0
C2_n0.00_d000_r03,C2,202605,19.36,19.36,0.0,0.6,0.6,0.5999999999999999,FAR,FAR,0.0,1,,,0.0,0
C2_n0.00_d000_r03,C2,202605,19.38,19.38,0.0,0.6,0.6,0.5999999999999999,FAR,FAR,0.0,1,,,0.0,0
C2_n0.00_d000_r03,C2,202605,19.4,19.4,0.0,0.6,0.6,0.5999999999999999,FAR,FAR,0.0,1,,,0.0,0
C2_n0.00_d000_r03,C2,202605,19.42,19.42,0.0,0.6,0.6,0.5999999999999999,FAR,FAR,0.0,1,,,0.0,0
C2_n0.00_d000_r03,C2,202605,19.44,19.44,0.0,0.6,0.6,0.5999999999999999,FAR,FAR,0.0,1,,,0.0,0
C2_n0.00_d000_r03,C2,202605,19.46,19.46,0.0,0.6,0.6,0.5999999999999999,FAR,FAR,0.0,1,,,0.0,0
C2_n0.00_d000_r03,C2,202605,19.48,19.48,0.0,0.6,0.6,0.5999999999999999,FAR,FAR,0.0,1,,,0.0,0
C2_n0.00_d000_r03,C2,202605,19.5,19.5,0.0,0.6,0.6,0.5999999999999999,FAR,FAR,0.0,1,,,0.0,0
C2_n0.00_d000_r03,C2,202605,19.52,19.52,0.0,0.6,0.6,0.5999999999999999,FAR,FAR,0.0,1,,,0.0,0
C2_n0.00_d000_r03,C2,202605,19.54,19.54,0.0,0.6,0.6,0.5999999999999999,FAR,FAR,0.0,1,,,0.0,0
C2_n0.00_d000_r03,C2,202605,19.56,19.56,0.0,0.6,0.6,0.5999999999999999,FAR,FAR,0.0,1,,,0.0,0
C2_n0.00_d000_r03,C2,202605,19.58,19.58,0.0,0.6,0.6,0.5999999999999999,FAR,FAR,0.0,1,,,0.0,0
C2_n0.00_d000_r03,C2,202605,19.6,19.6,0.0,0.6,0.6,0.5999999999999999,FAR,FAR,0.0,1,,,0.0,0
C2_n0.00_d000_r03,C2,202605,19.62,19.62,0.0,0.6,0.6,0.5999999999999999,FAR,FAR,0.0,1,,,0.0,0
C2_n0.00_d000_r03,C2,202605,19.64,19.64,0.0,0.6,0.6,0.5999999999999999,FAR,FAR,0.0,1,,,0.0,0
C2_n0.00_d000_r03,C2,202605,19.66,19.66,0.0,0.6,0.6,0.5999999999999999,FAR,FAR,0.0,1,,,0.0,0
C2_n0.00_d000_r03,C2,202605,19.68,19.68,0.0,0.6,0.6,0.5999999999999999,FAR,FAR,0.0,1,,,0.0,0
C2_n0.00_d000_r03,C2,202605,19.7,19.7,0.0,0.6,0.6,0.5999999999999999,FAR,FAR,0.0,1,,,0.0,0
C2_n0.00_d000_r03,C2,202605,19.72,19.72,0.0,0.6,0.6,0.5999999999999999,FAR,FAR,0.0,1,,,0.0,0
C2_n0.00_d000_r03,C2,202605,19.74,19.74,0.0,0.6,0.6,0.5999999999999999,FAR,FAR,0.0,1,,,0.0,0
C2_n0.00_d000_r03,C2,202605,19.76,19.76,0.0,0.6,0.6,0.5999999999999999,FAR,FAR,0.0,1,,,0.0,0
C2_n0.00_d000_r03,C2,202605,19.78,19.78,0.0,0.6,0.6,0.5999999999999999,FAR,FAR,0.0,1,,,0.0,0
C2_n0.00_d000_r03,C2,202605,19.8,19.8,0.0,0.6,0.6,0.5999999999999999,FAR,FAR,0.0,1,,,0.0,0
C2_n0.00_d000_r03,C2,202605,19.82,19.82,0.0,0.6,0.6,0.5999999999999999,FAR,FAR,0.0,1,,,0.0,0
C2_n0.00_d000_r03,C2,202605,19.84,19.84,0.0,0.6,0.6,0.5999999999999999,FAR,FAR,0.0,1,,,0.0,0
C2_n0.00_d000_r03,C2,202605,19.86,19.86,0.0,0.6,0.6,0.5999999999999999,FAR,FAR,0.0,1,,,0.0,0
C2_n0.00_d000_r03,C2,202605,19.88,19.88,0.0,0.6,0.6,0.5999999999999999,FAR,FAR,0.0,1,,,0.0,0
C2_n0.00_d000_r03,C2,202605,19.9,19.9,0.0,0.6,0.6,0.5999999999999999,FAR,FAR,0.0,1,,,0.0,0
C2_n0.00_d000_r03,C2,202605,19.92,19.92,0.0,0.6,0.6,0.5999999999999999,FAR,FAR,0.0,1,,,0.0,0
C2_n0.00_d000_r03,C2,202605,19.94,19.94,0.0,0.6,0.6,0.5999999999999999,FAR,FAR,0.0,1,,,0.0,0
C2_n0.00_d000_r03,C2,202605,19.96,19.96,0.0,0.6,0.6,0.5999999999999999,FAR,FAR,0.0,1,,,0.0,0
C2_n0.00_d000_r03,C2,202605,19.98,19.98,0.0,0.6,0.6,0.5999999999999999,FAR,FAR,0.0,1,,,0.0,0
C2_n0.00_d000_r03,C2,202605,20.0,20.0,0.0,0.6,0.6,0.5999999999999999,FAR,FAR,0.0,1,,,0.0,0
