trial_id,condition,seed,time_s,sensor_time_s,sample_age_s,true_distance_m,raw_distance_m,filtered_distance_m,expected_state,state,command,valid,event_label,invalid_reason,noise_sigma_m,delay_ms
C2_n0.03_d000_r04,C2,202636,0.0,0.0,0.0,0.6,0.6093657114227862,0.6093657114227862,FAR,FAR,0.0,1,,,0.03,0
C2_n0.03_d000_r04,C2,202636,0.02,0.02,0.0,0.6,0.5529359209940555,0.5952582638156035,FAR,FAR,0.0,1,,,0.03,0
C2_n0.03_d000_r04,C2,202636,0.04,0.04,0.0,0.6,0.6267317722129526,0.6031266409149408,FAR,FAR,0.0,1,,,0.03,0
C2_n0.03_d000_r04,C2,202636,0.06,0.06,0.0,0.6,0.5813294937643191,0.5976773541272854,FAR,FAR,0.0,1,,,0.03,0
C2_n0.03_d000_r04,C2,202636,0.08,0.08,0.0,0.6,0.6056446826274786,0.5996691862523338,FAR,FAR,0.0,1,,,0.03,0
C2_n0.03_d000_r04,C2,202636,0.1,0.1,0.0,0.6,0.6254944459400392,0.6061255011742601,FAR,FAR,0.0,1,,,0.03,0
C2_n0.03_d000_r04,C2,202636,0.12,0.12,0.0,0.6,0.6068168390125607,0.6062983356338353,FAR,FAR,0.0,1,,,0.03,0
C2_n0.03_d000_r04,C2,202636,0.14,0.14,0.0,0.6,0.6204147169853839,0.6098274309717224,FAR,FAR,0.0,1,,,0.03,0
C2_n0.03_d000_r04,C2,202636,0.16,0.16,0.0,0.6,0.6154861411814788,0.6112421085241615,FAR,FAR,0.0,1,,,0.03,0
C2_n0.03_d000_r04,C2,202636,0.18,0.18,0.0,0.6,0.6703446764535159,0.6260177505065001,FAR,FAR,0.0,1,,,0.03,0
C2_n0.03_d000_r04,C2,202636,0.2,0.2,0.0,0.6,0.5763037695733967,0.6135892552732243,FAR,FAR,0.0,1,,,0.03,0
C2_n0.03_d000_r04,C2,202636,0.22,0.22,0.0,0.6,0.6533109796189426,0.6235196863596538,FAR,FAR,0.0,1,,,0.03,0
C2_n0.03_d000_r04,C2,202636,0.24,0.24,0.0,0.6,0.541801585993893,0.6030901612682136,FAR,FAR,0.0,1,,,0.03,0
C2_n0.03_d000_r04,C2,202636,0.26,0.26,0.0,0.6,0.6382301925885494,0.6118751690982975,FAR,FAR,0.0,1,,,0.03,0
C2_n0.03_d000_r04,C2,202636,0.28,0.28,0.0,0.6,0.5549344702389226,0.5976399943834538,FAR,FAR,0.0,1,,,0.03,0
C2_n0.03_d000_r04,C2,202636,0.3,0.3,0.0,0.6,0.6259965763747487,0.6047291398812775,FAR,FAR,0.0,1,,,0.03,0
C2_n0.03_d000_r04,C2,202636,0.32,0.32,0.0,0.6,0.5838632861756284,0.5995126764548653,FAR,FAR,0.0,1,,,0.03,0
C2_n0.03_d000_r04,C2,202636,0.34,0.34,0.0,0.6,0.6494050361059168,0.6119857663676281,FAR,FAR,0.0,1,,,0.03,0
C2_n0.03_d000_r04,C2,202636,0.36,0.36,0.0,0.6,0.5474854321892074,0.595860682823023,FAR,FAR,0.0,1,,,0.03,0
C2_n0.03_d000_r04,C2,202636,0.38,0.38,0.0,0.6,0.6062887830352545,0.5984677078760808,FAR,FAR,0.0,1,,,0.03,0
C2_n0.03_d000_r04,C2,202636,0.4,0.4,0.0,0.6,0.5864926453219788,0.5954739422375553,FAR,FAR,0.0,1,,,0.03,0
C2_n0.03_d000_r04,C2,202636,0.42,0.42,0.0,0.6,0.5823554966601737,0.5921943308432099,FAR,FAR,0.0,1,,,0.03,0
C2_n0.03_d000_r04,C2,202636,0.44,0.44,0.0,0.6,0.5862582796953595,0.5907103180562474,FAR,FAR,0.0,1,,,0.03,0
C2_n0.03_d000_r04,C2,202636,0.46,0.46,0.0,0.6,0.5924201568867832,0.5911377777638813,FAR,FAR,0.0,1,,,0.03,0
C2_n0.03_d000_r04,C2,202636,0.48,0.48,0.0,0.6,0.595615767400332,0.592257275172994,FAR,FAR,0.0,1,,,0.03,0
C2_n0.03_d000_r04,C2,202636,0.5,0.5,0.0,0.6,0.6397723641715459,0.6041360474226319,FAR,FAR,0.0,1,,,0.03,0
C2_n0.03_d000_r04,C2,202636,0.52,0.52,0.0,0.6,0.5590021237204774,0.5928525664970933,FAR,FAR,0.0,1,,,0.03,0
C2_n0.03_d000_r04,C2,202636,0.54,0.54,0.0,0.6,0.586669240091667,0.5913067348957367,FAR,FAR,0.0,1,,,0.03,0
C2_n0.03_d000_r04,C2,202636,0.56,0.56,0.0,0.6,0.5432812448364954,0.5793003623809264,FAR,FAR,0.0,1,,,0.03,0
C2_n0.03_d000_r04,C2,202636,0.58,0.58,0.0,0.6,0.6303012803545808,0.59205059187434,FAR,FAR,0.0,1,,,0.03,0
C2_n0.03_d000_r04,C2,202636,0.6,0.6,0.0,0.6,0.626215986505801,0.6005919405322052,FAR,FAR,0.0,1,,,0.03,0
C2_n0.03_d000_r04,C2,202636,0.62,0.62,0.0,0.6,0.5958719359132658,0.5994119393774704,FAR,FAR,0.0,1,,,0.03,0
C2_n0.03_d000_r04,C2,202636,0.64,0.64,0.0,0.6,0.5996227459296156,0.5994646410155067,FAR,FAR,0.0,1,,,0.03,0
C2_n0.03_d000_r04,C2,202636,0.66,0.66,0.0,0.6,0.6533236064280054,0.6129293823686314,FAR,FAR,0.0,1,,,0.03,0
C2_n0.03_d000_r04,C2,202636,0.68,0.68,0.0,0.6,0.5653904913939892,0.6010446596249709,FAR,FAR,0.0,1,,,0.03,0
C2_n0.03_d000_r04,C2,202636,0.7,0.7,0.0,0.6,0.5932863135350022,0.5991050731024787,FAR,FAR,0.0,1,,,0.03,0
C2_n0.03_d000_r04,C2,202636,0.72,0.72,0.0,0.6,0.5959134752303071,0.5983071736344359,FAR,FAR,0.0,1,,,0.03,0
C2_n0.03_d000_r04,C2,202636,0.74,0.74,0.0,0.6,0.5950703748289826,0.5974979739330726,FAR,FAR,0.0,1,,,0.03,0
C2_n0.03_d000_r04,C2,202636,0.76,0.76,0.0,0.6,0.6050534991953521,0.5993868552486424,FAR,FAR,0.0,1,,,0.03,0
C2_n0.03_d000_r04,C2,202636,0.78,0.78,0.0,0.6,0.6222118771064903,0.6050931107131043,FAR,FAR,0.0,1,,,0.03,0
C2_n0.03_d000_r04,C2,202636,0.8,0.8,0.0,0.6,0.5919356653895784,0.6018037493822228,FAR,FAR,0.0,1,,,0.03,0
C2_n0.03_d000_r04,C2,202636,0.82,0.82,0.0,0.6,0.6625404971652795,0.616987936327987,FAR,FAR,0.0,1,,,0.03,0
C2_n0.03_d000_r04,C2,202636,0.84,0.84,0.0,0.6,0.6155456835388284,0.6166273731306973,FAR,FAR,0.0,1,,,0.03,0
C2_n0.03_d000_r04,C2,202636,0.86,0.86,0.0,0.6,0.6761937521822518,0.6315189678935859,FAR,FAR,0.0,1,,,0.03,0
C2_n0.03_d000_r04,C2,202636,0.88,0.88,0.0,0.6,0.5954975314306271,0.6225136087778461,FAR,FAR,0.0,1,,,0.03,0
C2_n0.03_d000_r04,C2,202636,0.9,0.9,0.0,0.6,0.6531548792570447,0.6301739263976458,FAR,FAR,0.0,1,,,0.03,0
C2_n0.03_d000_r04,C2,202636,0.92,0.92,0.0,0.6,0.552843680220117,0.6108413648532636,FAR,FAR,0.0,1,,,0.03,0
C2_n0.03_d000_r04,C2,202636,0.94,0.94,0.0,0.6,0.6248933219862011,0.614354354136498,FAR,FAR,0.0,1,,,0.03,0
C2_n0.03_d000_r04,C2,202636,0.96,0.96,0.0,0.6,0.6000387862855469,0.6107754621737602,FAR,FAR,0.0,1,,,0.03,0
C2_n0.03_d000_r04,C2,202636,0.98,0.98,0.0,0.6,0.5989166850319354,0.607810767888304,FAR,FAR,0.0,1,,,0.03,0
C2_n0.03_d000_r04,C2,202636,1.0,1.0,0.0,0.6,0.6519832252753305,0.6188538822350607,FAR,FAR,0.0,1,,,0.03,0
C2_n0.03_d000_r04,C2,202636,1.02,1.02,0.0,0.6,0.5698205774928383,0.6065955560495051,FAR,FAR,0.0,1,,,0.03,0
C2_n0.03_d000_r04,C2,202636,1.04,1.04,0.0,0.6,0.5819504059150405,0.600434268515889,FAR,FAR,0.0,1,,,0.03,0
C2_n0.03_d000_r04,C2,202636,1.06,1.06,0.0,0.6,0.57733044713994,0.5946583131719018,FAR,FAR,0.0,1,,,0.03,0
C2_n0.03_d000_r04,C2,202636,1.08,1.08,0.0,0.6,0.5860721200167235,0.5925117648831072,FAR,FAR,0.0,1,,,0.03,0
C2_n0.03_d000_r04,C2,202636,1.1,1.1,0.0,0.6,0.6364524142107715,0.6034969272150232,FAR,FAR,0.0,1,,,0.03,0
C2_n0.03_d000_r04,C2,202636,1.12,1.12,0.0,0.6,0.6061595509598009,0.6041625831512176,FAR,FAR,0.0,1,,,0.03,0
C2_n0.03_d000_r04,C2,202636,1.14,1.14,0.0,0.6,0.6641062801422893,0.6191485073989855,FAR,FAR,0.0,1,,,0.03,0
C2_n0.03_d000_r04,C2,202636,1.16,1.16,0.0,0.6,0.5777190221492439,0.6087911360865501,FAR,FAR,0.0,1,,,0.03,0
C2_n0.03_d000_r04,C2,202636,1.18,1.18,0.0,0.6,0.6342885479355447,0.6151654890487988,FAR,FAR,0.0,1,,,0.03,0
C2_n0.03_d000_r04,C2,202636,1.2,1.2,0.0,0.6,0.5743327488265123,0.6049573039932271,FAR,FAR,0.0,1,,,0.03,0
C2_n0.03_d000_r04,C2,202636,1.22,1.22,0.0,0.6,0.5805341272383068,0.598851509804497,FAR,FAR,0.0,1,,,0.03,0
C2_n0.03_d000_r04,C2,202636,1.24,1.24,0.0,0.6,0.5974344284644696,0.5984972394694901,FAR,FAR,0.0,1,,,0.03,0
C2_n0.03_d000_r04,C2,202636,1.26,1.26,0.0,0.6,0.6294241323566795,0.6062289626912875,FAR,FAR,0.0,1,,,0.03,0
C2_n0.03_d000_r04,C2,202636,1.28,1.28,0.0,0.6,0.5851052304527857,0.600948029631662,FAR,FAR,0.0,1,,,0.03,0
C2_n0.03_d000_r04,C2,202636,1.3,1.3,0.0,0.6,0.5298474594915256,0.583172887096628,FAR,FAR,0.0,1,,,0.03,0
C2_n0.03_d000_r04,C2,202636,1.32,1.32,0.0,0.6,0.6469916960754398,0.5991275893413309,FAR,FAR,0.0,1,,,0.03,0
C2_n0.03_d000_r04,C2,202636,1.34,1.34,0.0,0.6,0.5958141106456764,0.5982992196674173,FAR,FAR,0.0,1,,,0.03,0
C2_n0.03_d000_r04,C2,202636,1.36,1.36,0.0,0.6,0.584447518774896,0.594836294444287,FAR,FAR,0.0,1,,,0.03,0
C2_n0.03_d000_r04,C2,202636,1.38,1.38,0.0,0.6,0.6176615384148445,0.6005426054369263,FAR,FAR,0.0,1,,,0.03,0
C2_n0.03_d000_r04,C2,202636,1.4,1.4,0.0,0.6,0.6024170560461839,0.6010112180892406,FAR,FAR,0.0,1,,,0.03,0
C2_n0.03_d000_r04,C2,202636,1.42,1.42,0.0,0.6,0.6121364038919446,0.6037925145399166,FAR,FAR,0.0,1,,,0.03,0
C2_n0.03_d000_r04,C2,202636,1.44,1.44,0.0,0.6,0.5913097157090561,0.6006718148322014,FAR,FAR,0.0,1,,,0.03,0
C2_n0.03_d000_r04,C2,202636,1.46,1.46,0.0,0.6,0.5646324909490297,0.5916619838614086,FAR,FAR,0.0,1,,,0.03,0
C2_n0.03_d000_r04,C2,202636,1.48,1.48,0.0,0.6,0.5904902955562011,0.5913690617851067,FAR,FAR,0.0,1,,,0.03,0
C2_n0.03_d000_r04,C2,202636,1.5,1.5,0.0,0.6,0.6608483148076443,0.6087388750407412,FAR,FAR,0.0,1,,,0.03,0
C2_n0.03_d000_r04,C2,202636,1.52,1.52,0.0,0.6,0.5520167806595058,0.5945583514454323,FAR,FAR,0.0,1,,,0.03,0
C2_n0.03_d000_r04,C2,202636,1.54,1.54,0.0,0.6,0.574833041357039,0.589627023923334,FAR,FAR,0.0,1,,,0.03,0
C2_n0.03_d000_r04,C2,202636,1.56,1.56,0.0,0.6,0.6607810302544846,0.6074155255061217,FAR,FAR,0.0,1,,,0.03,0
C2_n0.03_d000_r04,C2,202636,1.58,1.58,0.0,0.6,0.6136092418919966,0.6089639546025903,FAR,FAR,0.0,1,,,0.03,0
C2_n0.03_d000_r04,C2,202636,1.6,1.6,0.0,0.6,0.5697997420488238,0.5991729014641487,FAR,FAR,0.0,1,,,0.03,0
C2_n0.03_d000_r04,C2,202636,1.62,1.62,0.0,0.6,0.6232043186045133,0.6051807557492399,FAR,FAR,0.0,1,,,0.03,0
C2_n0.03_d000_r04,C2,202636,1.64,1.64,0.0,0.6,0.6174278953581889,0.6082425406514771,FAR,FAR,0.0,1,,,0.03,0
C2_n0.03_d000_r04,C2,202636,1.66,1.66,0.0,0.6,0.5877195792354163,0.6031118002974619,FAR,FAR,0.0,1,,,0.03,0
C2_n0.03_d000_r04,C2,202636,1.68,1.68,0.0,0.6,0.6223011848638309,0.6079091464390542,FAR,FAR,0.0,1,,,0.03,0
C2_n0.03_d000_r04,C2,202636,1.7,1.7,0.0,0.6,0.5837511772120796,0.6018696541323105,FAR,FAR,0.0,1,,,0.03,0
C2_n0.03_d000_r04,C2,202636,1.72,1.72,0.0,0.6,0.6034106357756291,0.6022548995431402,FAR,FAR,0.0,1,,,0.03,0
C2_n0.03_d000_r04,C2,202636,1.74,1.74,0.0,0.6,0.5867459852857124,0.5983776709787831,FAR,FAR,0.0,1,,,0.03,0
C2_n0.03_d000_r04,C2,202636,1.76,1.76,0.0,0.6,0.6436957987667378,0.6097072029257717,FAR,FAR,0.0,1,,,0.03,0
C2_n0.03_d000_r04,C2,202636,1.78,1.78,0.0,0.6,0.5641906375494828,0.5983280615816995,FAR,FAR,0.0,1,,,0.03,0
C2_n0.03_d000_r04,C2,202636,1.8,1.8,0.0,0.6,0.5258299753047765,0.5802035400124688,FAR,FAR,0.0,1,,,0.03,0
C2_n0.03_d000_r04,C2,202636,1.82,1.82,0.0,0.6,0.6189913745879883,0.5899004986563486,FAR,FAR,0.0,1,,,0.03,0
C2_n0.03_d000_r04,C2,202636,1.84,1.84,0.0,0.6,0.611146994227814,0.595212122549215,FAR,FAR,0.0,1,,,0.03,0
C2_n0.03_d000_r04,C2,202636,1.86,1.86,0.0,0.6,0.6076898816064522,0.5983315623135244,FAR,FAR,0.0,1,,,0.03,0
C2_n0.03_d000_r04,C2,202636,1.88,1.88,0.0,0.6,0.5729057579579607,0.5919751112246334,FAR,FAR,0.0,1,,,0.03,0
C2_n0.03_d000_r04,C2,202636,1.9,1.9,0.0,0.6,0.608249673438234,0.5960437517780336,FAR,FAR,0.0,1,,,0.03,0
C2_n0.03_d000_r04,C2,202636,1.92,1.92,0.0,0.6,0.5474155584106776,0.5838867034361946,FAR,FAR,0.0,1,,,0.03,0
C2_n0.03_d000_r04,C2,202636,1.94,1.94,0.0,0.6,0.6216716096886583,0.5933329299993105,FAR,FAR,0.0,1,,,0.03,0
C2_n0.03_d000_r04,C2,202636,1.96,1.96,0.0,0.6,0.5812358933939,0.5903086708479579,FAR,FAR,0.0,1,,,0.03,0
C2_n0.03_d000_r04,C2,202636,1.98,1.98,0.0,0.6,0.6079705477493496,0.5947241400733059,FAR,FAR,0.0,1,,,0.03,0
C2_n0.03_d000_r04,C2,202636,2.0,2.0,0.0,0.6,0.6190124017916346,0.600796205502888,FAR,FAR,0.0,1,,,0.03,0
C2_n0.03_d000_r04,C2,202636,2.02,2.02,0.0,0.6,0.542659883396794,0.5862621249763645,FAR,FAR,0.0,1,,,0.03,0
C2_n0.03_d000_r04,C2,202636,2.04,2.04,0.0,0.6,0.5879026979815462,0.5866722682276599,FAR,FAR,0.0,1,,,0.03,0
C2_n0.03_d000_r04,C2,202636,2.06,2.06,0.0,0.6,0.6265704741538782,0.5966468197092145,FAR,FAR,0.0,1,,,0.03,0
C2_n0.03_d000_r04,C2,202636,2.08,2.08,0.0,0.6,0.6109734981154114,0.6002284893107637,FAR,FAR,0.0,1,,,0.03,0
C2_n0.03_d000_r04,C2,202636,2.1,2.1,0.0,0.6,0.6179987109979665,0.6046710447325644,FAR,FAR,0.0,1,,,0.03,0
C2_n0.03_d000_r04,C2,202636,2.12,2.12,0.0,0.6,0.6079971869598186,0.6055025802893779,FAR,FAR,0.0,1,,,0.03,0
C2_n0.03_d000_r04,C2,202636,2.14,2.14,0.0,0.6,0.6151177848643659,0.6079063814331249,FAR,FAR,0.0,1,,,0.03,0
C2_n0.03_d000_r04,C2,202636,2.16,2.16,0.0,0.6,0.5895862144673754,0.6033263396916875,FAR,FAR,0.0,1,,,0.03,0
C2_n0.03_d000_r04,C2,202636,2.18,2.18,0.0,0.6,0.6071530589082832,0.6042830194958364,FAR,FAR,0.0,1,,,0.03,0
C2_n0.03_d000_r04,C2,202636,2.2,2.2,0.0,0.6,0.52885736754959,0.5854266065092748,FAR,FAR,0.0,1,,,0.03,0
C2_n0.03_d000_r04,C2,202636,2.22,2.22,0.0,0.6,0.5914672943154149,0.5869367784608098,FAR,FAR,0.0,1,,,0.03,0
C2_n0.03_d000_r04,C2,202636,2.24,2.24,0.0,0.6,0.5772916366773939,0.5845254930149559,FAR,FAR,0.0,1,,,0.03,0
C2_n0.03_d000_r04,C2,202636,2.26,2.26,0.0,0.6,0.6100872454834476,0.5909159311320789,FAR,FAR,0.0,1,,,0.03,0
C2_n0.03_d000_r04,C2,202636,2.28,2.28,0.0,0.6,0.5996999208546504,0.5931119285627218,FAR,FAR,0.0,1,,,0.03,0
C2_n0.03_d000_r04,C2,202636,2.3,2.3,0.0,0.6,0.6204866292221345,0.599955603727575,FAR,FAR,0.0,1,,,0.03,0
C2_n0.03_d000_r04,C2,202636,2.32,2.32,0.0,0.6,0.6050985132214909,0.6012413311010539,FAR,FAR,0.0,1,,,0.03,0
C2_n0.03_d000_r04,C2,202636,2.34,2.34,0.0,0.6,0.537695210582103,0.5853548009713162,FAR,FAR,0.0,1,,,0.03,0
C2_n0.03_d000_r04,C2,202636,2.36,2.36,0.0,0.6,0.6118818280413623,0.5919865577388277,FAR,FAR,0.0,1,,,0.03,0
C2_n0.03_d000_r04,C2,202636,2.38,2.38,0.0,0.6,0.5179284358048605,0.5734720272553359,FAR,FAR,0.0,1,,,0.03,0
C2_n0.03_d000_r04,C2,202636,2.4,2.4,0.0,0.6,0.6027954849995333,0.5808028916913852,FAR,FAR,0.0,1,,,0.03,0
C2_n0.03_d000_r04,C2,202636,2.42,2.42,0.0,0.6,0.5739195573163651,0.5790820580976301,FAR,FAR,0.0,1,,,0.03,0
C2_n0.03_d000_r04,C2,202636,2.44,2.44,0.0,0.6,0.5737991826645863,0.5777613392393692,FAR,FAR,0.0,1,,,0.03,0
C2_n0.03_d000_r04,C2,202636,2.46,2.46,0.0,0.6,0.6607429878059008,0.5985067513810021,FAR,FAR,0.0,1,,,0.03,0
C2_n0.03_d000_r04,C2,202636,2.48,2.48,0.0,0.6,0.5732642481416026,0.5921961255711522,FAR,FAR,0.0,1,,,0.03,0
C2_n0.03_d000_r04,C2,202636,2.5,2.5,0.0,0.6,0.6308464600575909,0.6018587091927619,FAR,FAR,0.0,1,,,0.03,0
C2_n0.03_d000_r04,C2,202636,2.52,2.52,0.0,0.6,0.6208740281879519,0.6066125389415593,FAR,FAR,0.0,1,,,0.03,0
C2_n0.03_d000_r04,C2,202636,2.54,2.54,0.0,0.6,0.6056082311058587,0.6063614619826342,FAR,FAR,0.0,1,,,0.03,0
C2_n0.03_d000_r04,C2,202636,2.56,2.56,0.0,0.6,0.6157819621234709,0.6087165870178434,FAR,FAR,0.0,1,,,0.03,0
C2_n0.03_d000_r04,C2,202636,2.58,2.58,0.0,0.6,0.6079383377978341,0.608522024712841,FAR,FAR,0.0,1,,,0.03,0
C2_n0.03_d000_r04,C2,202636,2.6,2.6,0.0,0.6,0.6489847783007434,0.6186377131098166,FAR,FAR,0.0,1,,,0.03,0
C2_n0.03_d000_r04,C2,202636,2.62,2.62,0.0,0.6,0.5443994106535136,0.6000781374957409,FAR,FAR,0.0,1,,,0.03,0
C2_n0.03_d000_r04,C2,202636,2.64,2.64,0.0,0.6,0.6174073860364083,0.6044104496309077,FAR,FAR,0.0,1,,,0.03,0
C2_n0.03_d000_r04,C2,202636,2.66,2.66,0.0,0.6,0.5674900741271183,0.5951803557549604,FAR,FAR,0.0,1,,,0.03,0
C2_n0.03_d000_r04,C2,202636,2.68,2.68,0.0,0.6,0.6726494770162952,0.6145476360702942,FAR,FAR,0.0,1,,,0.03,0
C2_n0.03_d000_r04,C2,202636,2.7,2.7,0.0,0.6,0.5946646900085284,0.6095768995548527,FAR,FAR,0.0,1,,,0.03,0
C2_n0.03_d000_r04,C2,202636,2.72,2.72,0.0,0.6,0.6639673195526109,0.6231745045542922,FAR,FAR,0.0,1,,,0.03,0
C2_n0.03_d000_r04,C2,202636,2.74,2.74,0.0,0.6,0.6025845021450917,0.6180270039519922,FAR,FAR,0.0,1,,,0.03,0
C2_n0.03_d000_r04,C2,202636,2.76,2.76,0.0,0.6,0.6298144078719263,0.6209738549319757,FAR,FAR,0.0,1,,,0.03,0
C2_n0.03_d000_r04,C2,202636,2.78,2.78,0.0,0.6,0.6213703929866099,0.6210729894456342,FAR,FAR,0.0,1,,,0.03,0
C2_n0.03_d000_r04,C2,202636,2.8,2.8,0.0,0.6,0.5523779476908184,0.6038992290069303,FAR,FAR,0.0,1,,,0.03,0
C2_n0.03_d000_r04,C2,202636,2.82,2.82,0.0,0.6,0.5809349562431584,0.5981581608159873,FAR,FAR,0.0,1,,,0.03,0
C2_n0.03_d000_r04,C2,202636,2.84,2.84,0.0,0.6,0.5669303053058393,0.5903511969384503,FAR,FAR,0.0,1,,,0.03,0
C2_n0.03_d000_r04,C2,202636,2.86,2.86,0.0,0.6,0.5579821847558045,0.5822589438927889,FAR,FAR,0.0,1,,,0.03,0
C2_n0.03_d000_r04,C2,202636,2.88,2.88,0.0,0.6,0.5606171502144089,0.576848495473194,FAR,FAR,0.0,1,,,0.03,0
C2_n0.03_d000_r04,C2,202636,2.9,2.9,0.0,0.6,0.6424767440766846,0.5932555576240666,FAR,FAR,0.0,1,,,0.03,0
C2_n0.03_d000_r04,C2,202636,2.92,2.92,0.0,0.6,0.6054768072447652,0.5963108700292412,FAR,FAR,0.0,1,,,0.03,0
C2_n0.03_d000_r04,C2,202636,2.94,2.94,0.0,0.6,0.6066468457502721,0.5988948639594989,FAR,FAR,0.0,1,,,0.03,0
C2_n0.03_d000_r04,C2,202636,2.96,2.96,0.0,0.6,0.6506591616369942,0.6118359383788727,FAR,FAR,0.0,1,,,0.03,0
C2_n0.03_d000_r04,C2,202636,2.98,2.98,0.0,0.6,0.6001803807552203,0.6089220489729597,FAR,FAR,0.0,1,,,0.03,0
C2_n0.03_d000_r04,C2,202636,3.0,3.0,0.0,0.6,0.5948727461938758,0.6054097232781886,FAR,FAR,0.0,1,,,0.03,0
C2_n0.03_d000_r04,C2,202636,3.02,3.02,0.0,0.6,0.614362559297238,0.607647932282951,FAR,FAR,0.0,1,,,0.03,0
C2_n0.03_d000_r04,C2,202636,3.04,3.04,0.0,0.6,0.6331899325884371,0.6140334323593226,FAR,FAR,0.0,1,,,0.03,0
C2_n0.03_d000_r04,C2,202636,3.06,3.06,0.0,0.6,0.5366918026812596,0.5946980249398068,FAR,FAR,0.0,1,,,0.03,0
C2_n0.03_d000_r04,C2,202636,3.08,3.08,0.0,0.6,0.5482318039678631,0.583081469696821,FAR,FAR,0.0,1,,,0.03,0
C2_n0.03_d000_r04,C2,202636,3.1,3.1,0.0,0.6,0.6047121395942031,0.5884891371711665,FAR,FAR,0.0,1,,,0.03,0
C2_n0.03_d000_r04,C2,202636,3.12,3.12,0.0,0.6,0.5762344714124855,0.5854254707314962,FAR,FAR,0.0,1,,,0.03,0
C2_n0.03_d000_r04,C2,202636,3.14,3.14,0.0,0.6,0.5740250111031466,0.5825753558244088,FAR,FAR,0.0,1,,,0.03,0
C2_n0.03_d000_r04,C2,202636,3.16,3.16,0.0,0.6,0.5794601259750886,0.5817965483620787,FAR,FAR,0.0,1,,,0.03,0
C2_n0.03_d000_r04,C2,202636,3.18,3.18,0.0,0.6,0.5449205663449587,0.5725775528577988,FAR,FAR,0.0,1,,,0.03,0
C2_n0.03_d000_r04,C2,202636,3.2,3.2,0.0,0.6,0.6411782946344061,0.5897277383019506,FAR,FAR,0.0,1,,,0.03,0
C2_n0.03_d000_r04,C2,202636,3.22,3.22,0.0,0.6,0.6032314468062986,0.5931036654280376,FAR,FAR,0.0,1,,,0.03,0
C2_n0.03_d000_r04,C2,202636,3.24,3.24,0.0,0.6,0.6334061552928406,0.6031792878942384,FAR,FAR,0.0,1,,,0.03,0
C2_n0.03_d000_r04,C2,202636,3.26,3.26,0.0,0.6,0.6000324539469656,0.6023925794074202,FAR,FAR,0.0,1,,,0.03,0
C2_n0.03_d000_r04,C2,202636,3.28,3.28,0.0,0.6,0.5844372124019497,0.5979037376560525,FAR,FAR,0.0,1,,,0.03,0
C2_n0.03_d000_r04,C2,202636,3.3,3.3,0.0,0.6,0.6194054474344903,0.6032791651006619,FAR,FAR,0.0,1,,,0.03,0
C2_n0.03_d000_r04,C2,202636,3.32,3.32,0.0,0.6,0.5975938442801964,0.6018578348955456,FAR,FAR,0.0,1,,,0.03,0
C2_n0.03_d000_r04,C2,202636,3.34,3.34,0.0,0.6,0.5942249108113371,0.5999496038744935,FAR,FAR,0.0,1,,,0.03,0
C2_n0.03_d000_r04,C2,202636,3.36,3.36,0.0,0.6,0.6160461554580868,0.6039737417703918,FAR,FAR,0.0,1,,,0.03,0
C2_n0.03_d000_r04,C2,202636,3.38,3.38,0.0,0.6,0.5342845884468199,0.5865514534394989,FAR,FAR,0.0,1,,,0.03,0
C2_n0.03_d000_r04,C2,202636,3.4,3.4,0.0,0.6,0.5725480517210997,0.5830506030098991,FAR,FAR,0.0,1,,,0.03,0
C2_n0.03_d000_r04,C2,202636,3.42,3.42,0.0,0.6,0.6158951876879968,0.5912617491794235,FAR,FAR,0.0,1,,,0.03,0
C2_n0.03_d000_r04,C2,202636,3.44,3.44,0.0,0.6,0.6427778657187114,0.6041407783142455,FAR,FAR,0.0,1,,,0.03,0
C2_n0.03_d000_r04,C2,202636,3.46,3.46,0.0,0.6,0.5889164497312819,0.6003346961685045,FAR,FAR,0.0,1,,,0.03,0
C2_n0.03_d000_r04,C2,202636,3.48,3.48,0.0,0.6,0.5791159622524747,0.5950300126894971,FAR,FAR,0.0,1,,,0.03,0
C2_n0.03_d000_r04,C2,202636,3.5,3.5,0.0,0.6,0.5672840502294074,0.5880935220744747,FAR,FAR,0.0,1,,,0.03,0
C2_n0.03_d000_r04,C2,202636,3.52,3.52,0.0,0.6,0.5685493520175112,0.5832074795602339,FAR,FAR,0.0,1,,,0.03,0
C2_n0.03_d000_r04,C2,202636,3.54,3.54,0.0,0.6,0.5880199165656821,0.5844105888115959,FAR,FAR,0.0,1,,,0.03,0
C2_n0.03_d000_r04,C2,202636,3.56,3.56,0.0,0.6,0.5380143251162885,0.572811522887769,FAR,FAR,0.0,1,,,0.03,0
C2_n0.03_d000_r04,C2,202636,3.58,3.58,0.0,0.6,0.5954930363008535,0.5784819012410402,FAR,FAR,0.0,1,,,0.03,0
C2_n0.03_d000_r04,C2,202636,3.6,3.6,0.0,0.6,0.5494308832944703,0.5712191467543977,FAR,FAR,0.0,1,,,0.03,0
C2_n0.03_d000_r04,C2,202636,3.62,3.62,0.0,0.6,0.5999843777790538,0.5784104545105617,FAR,FAR,0.0,1,,,0.03,0
C2_n0.03_d000_r04,C2,202636,3.64,3.64,0.0,0.6,0.6220917997985991,0.5893307908325711,FAR,FAR,0.0,1,,,0.03,0
C2_n0.03_d000_r04,C2,202636,3.66,3.66,0.0,0.6,0.6033036424325794,0.5928240037325732,FAR,FAR,0.0,1,,,0.03,0
C2_n0.03_d000_r04,C2,202636,3.68,3.68,0.0,0.6,0.6195551938644291,0.5995068012655371,FAR,FAR,0.0,1,,,0.03,0
C2_n0.03_d000_r04,C2,202636,3.7,3.7,0.0,0.6,0.550536653983968,0.5872642644451449,FAR,FAR,0.0,1,,,0.03,0
C2_n0.03_d000_r04,C2,202636,3.72,3.72,0.0,0.6,0.6193167760543037,0.5952773923474346,FAR,FAR,0.0,1,,,0.03,0
C2_n0.03_d000_r04,C2,202636,3.74,3.74,0.0,0.6,0.5943161742406269,0.5950370878207327,FAR,FAR,0.0,1,,,0.03,0
C2_n0.03_d000_r04,C2,202636,3.76,3.76,0.0,0.6,0.6065765319055327,0.5979219488419327,FAR,FAR,0.0,1,,,0.03,0
C2_n0.03_d000_r04,C2,202636,3.78,3.78,0.0,0.6,0.5446525763818635,0.5846046057269154,FAR,FAR,0.0,1,,,0.03,0
C2_n0.03_d000_r04,C2,202636,3.8,3.8,0.0,0.6,0.6116994884937613,0.5913783264186269,FAR,FAR,0.0,1,,,0.03,0
C2_n0.03_d000_r04,C2,202636,3.82,3.82,0.0,0.6,0.5698725206699327,0.5860018749814533,FAR,FAR,0.0,1,,,0.03,0
C2_n0.03_d000_r04,C2,202636,3.84,3.84,0.0,0.6,0.5717176802294978,0.5824308262934644,FAR,FAR,0.0,1,,,0.03,0
C2_n0.03_d000_r04,C2,202636,3.86,3.86,0.0,0.6,0.5670830447445753,0.5785938809062422,FAR,FAR,0.0,1,,,0.03,0
C2_n0.03_d000_r04,C2,202636,3.88,3.88,0.0,0.6,0.5922188773005922,0.5820001300048296,FAR,FAR,0.0,1,,,0.03,0
C2_n0.03_d000_r04,C2,202636,3.9,3.9,0.0,0.6,0.6027984119503458,0.5871997004912086,FAR,FAR,0.0,1,,,0.03,0
C2_n0.03_d000_r04,C2,202636,3.92,3.92,0.0,0.6,0.6169736900909333,0.5946431978911397,FAR,FAR,0.0,1,,,0.03,0
C2_n0.03_d000_r04,C2,202636,3.94,3.94,0.0,0.6,0.6133374155593697,0.5993167523081973,FAR,FAR,0.0,1,,,0.03,0
C2_n0.03_d000_r04,C2,202636,3.96,3.96,0.0,0.6,0.6479621032975235,0.6114780900555288,FAR,FAR,0.0,1,,,0.03,0
C2_n0.03_d000_r04,C2,202636,3.98,3.98,0.0,0.6,0.5970853479749837,0.6078799045353925,FAR,FAR,0.0,1,,,0.03,0
C2_n0.03_d000_r04,C2,202636,4.0,4.0,0.0,0.6,0.6145108623469038,0.6095376439882704,FAR,FAR,0.0,1,,,0.03,0
C2_n0.03_d000_r04,C2,202636,4.02,4.02,0.0,0.5982500000000001,0.5462673349779638,0.5937200667356938,FAR,FAR,0.0,1,,,0.03,0
C2_n0.03_d000_r04,C2,202636,4.04,4.04,0.0,0.5965,0.6348690437494109,0.6040073109891231,FAR,FAR,0.0,1,,,0.03,0
C2_n0.03_d000_r04,C2,202636,4.06,4.06,0.0,0.59475,0.5318633438574607,0.5859713192062075,FAR,FAR,0.0,1,,,0.03,0
C2_n0.03_d000_r04,C2,202636,4.08,4.08,0.0,0.593,0.5967682005108896,0.588670539532378,FAR,FAR,0.0,1,,,0.03,0
C2_n0.03_d000_r04,C2,202636,4.1,4.1,0.0,0.59125,0.5891883773241784,0.5887999989803281,FAR,FAR,0.0,1,,,0.03,0
C2_n0.03_d000_r04,C2,202636,4.12,4.12,0.0,0.5894999999999999,0.5553526717198477,0.580438167165208,FAR,FAR,0.0,1,,,0.03,0
C2_n0.03_d000_r04,C2,202636,4.14,4.14,0.0,0.58775,0.6638434448292336,0.6012894865812144,FAR,FAR,0.0,1,,,0.03,0
C2_n0.03_d000_r04,C2,202636,4.16,4.16,0.0,0.586,0.5558073132402177,0.5899189432459653,FAR,FAR,0.0,1,,,0.03,0
C2_n0.03_d000_r04,C2,202636,4.18,4.18,0.0,0.58425,0.5444477788550782,0.5785511521482435,FAR,FAR,0.0,1,,,0.03,0
C2_n0.03_d000_r04,C2,202636,4.2,4.2,0.0,0.5825,0.5862372220022742,0.5804726696117513,FAR,FAR,0.0,1,,,0.03,0
C2_n0.03_d000_r04,C2,202636,4.22,4.22,0.0,0.58075,0.5324183115421302,0.568459080094346,FAR,FAR,0.0,1,,,0.03,0
C2_n0.03_d000_r04,C2,202636,4.24,4.24,0.0,0.579,0.568586071404765,0.5684908279219507,FAR,FAR,0.0,1,,,0.03,0
C2_n0.03_d000_r04,C2,202636,4.26,4.26,0.0,0.57725,0.5930697940340764,0.5746355694499822,FAR,FAR,0.0,1,,,0.03,0
C2_n0.03_d000_r04,C2,202636,4.28,4.28,0.0,0.5754999999999999,0.571024094739528,0.5737327007723687,FAR,FAR,0.0,1,,,0.03,0
C2_n0.03_d000_r04,C2,202636,4.3,4.3,0.0,0.57375,0.5836763830838666,0.5762186213502432,FAR,FAR,0.0,1,,,0.03,0
C2_n0.03_d000_r04,C2,202636,4.32,4.32,0.0,0.572,0.5713531990164081,0.5750022657667844,FAR,FAR,0.0,1,,,0.03,0
C2_n0.03_d000_r04,C2,202636,4.34,4.34,0.0,0.57025,0.5581037659439891,0.5707776408110856,FAR,FAR,0.0,1,,,0.03,0
C2_n0.03_d000_r04,C2,202636,4.36,4.36,0.0,0.5685,0.6225466869445208,0.5837199023444444,FAR,FAR,0.0,1,,,0.03,0
C2_n0.03_d000_r04,C2,202636,4.38,4.38,0.0,0.56675,0.6411880777477671,0.598086946195275,FAR,FAR,0.0,1,,,0.03,0
C2_n0.03_d000_r04,C2,202636,4.4,4.4,0.0,0.565,0.6064794630491467,0.600185075408743,FAR,FAR,0.0,1,,,0.03,0
C2_n0.03_d000_r04,C2,202636,4.42,4.42,0.0,0.56325,0.5954910635181562,0.5990115724360963,FAR,FAR,0.0,1,,,0.03,0
C2_n0.03_d000_r04,C2,202636,4.44,4.44,0.0,0.5614999999999999,0.5601665696675078,0.5893003217439492,FAR,FAR,0.0,1,,,0.03,0
C2_n0.03_d000_r04,C2,202636,4.46,4.46,0.0,0.55975,0.6074652533466971,0.5938415546446362,FAR,FAR,0.0,1,,,0.03,0
C2_n0.03_d000_r04,C2,202636,4.48,4.48,0.0,0.5579999999999999,0.5929591750732093,0.5936209597517794,FAR,FAR,0.0,1,,,0.03,0
C2_n0.03_d000_r04,C2,202636,4.5,4.5,0.0,0.55625,0.5368768172163007,0.5794349241179098,FAR,FAR,0.0,1,,,0.03,0
C2_n0.03_d000_r04,C2,202636,4.52,4.52,0.0,0.5545,0.5872178374055882,0.5813806524398294,FAR,FAR,0.0,1,,,0.03,0
C2_n0.03_d000_r04,C2,202636,4.54,4.54,0.0,0.55275,0.5554899185431136,0.5749079689656504,FAR,FAR,0.0,1,,,0.03,0
C2_n0.03_d000_r04,C2,202636,4.56,4.56,0.0,0.551,0.5434860974417071,0.5670525010846645,FAR,FAR,0.0,1,,,0.03,0
C2_n0.03_d000_r04,C2,202636,4.58,4.58,0.0,0.54925,0.569290839998173,0.5676120858130417,FAR,FAR,0.0,1,,,0.03,0
C2_n0.03_d000_r04,C2,202636,4.6,4.6,0.0,0.5475,0.5264948967672359,0.5573327885515903,FAR,FAR,0.0,1,,,0.03,0
C2_n0.03_d000_r04,C2,202636,4.62,4.62,0.0,0.54575,0.5606042230154962,0.5581506471675668,FAR,FAR,0.0,1,,,0.03,0
C2_n0.03_d000_r04,C2,202636,4.64,4.64,0.0,0.544,0.6125912852400919,0.5717608066856981,FAR,FAR,0.0,1,,,0.03,0
C2_n0.03_d000_r04,C2,202636,4.66,4.66,0.0,0.54225,0.52519185484619,0.560118568725821,FAR,FAR,0.0,1,,,0.03,0
C2_n0.03_d000_r04,C2,202636,4.68,4.68,0.0,0.5405,0.4851685122103887,0.541381054596963,FAR,FAR,0.0,1,,,0.03,0
C2_n0.03_d000_r04,C2,202636,4.7,4.7,0.0,0.53875,0.5299345899951642,0.5385194384465133,FAR,FAR,0.0,1,,,0.03,0
C2_n0.03_d000_r04,C2,202636,4.72,4.72,0.0,0.537,0.5146599056394037,0.5325545552447359,FAR,FAR,0.0,1,,,0.03,0
C2_n0.03_d000_r04,C2,202636,4.74,4.74,0.0,0.53525,0.5605522126922969,0.5395539696066262,FAR,FAR,0.0,1,,,0.03,0
C2_n0.03_d000_r04,C2,202636,4.76,4.76,0.0,0.5335,0.5354429146412759,0.5385262058652885,FAR,FAR,0.0,1,,,0.03,0
C2_n0.03_d000_r04,C2,202636,4.78,4.78,0.0,0.53175,0.5491704457635531,0.5411872658398547,FAR,FAR,0.0,1,,,0.03,0
C2_n0.03_d000_r04,C2,202636,4.8,4.8,0.0,0.53,0.46309661241745154,0.5216646024842538,FAR,FAR,0.0,1,,,0.03,0
C2_n0.03_d000_r04,C2,202636,4.82,4.82,0.0,0.52825,0.5699371407545721,0.5337327370518334,FAR,FAR,0.0,1,,,0.03,0
C2_n0.03_d000_r04,C2,202636,4.84,4.84,0.0,0.5265,0.49806813545629525,0.5248165866529488,FAR,FAR,0.0,1,,,0.03,0
C2_n0.03_d000_r04,C2,202636,4.86,4.86,0.0,0.5247499999999999,0.5243873635967589,0.5247092808889013,FAR,FAR,0.0,1,,,0.03,0
C2_n0.03_d000_r04,C2,202636,4.88,4.88,0.0,0.523,0.4813416921934906,0.5138673837150487,FAR,FAR,0.0,1,,,0.03,0
C2_n0.03_d000_r04,C2,202636,4.9,4.9,0.0,0.52125,0.5461466164886926,0.5219371919084597,FAR,FAR,0.0,1,,,0.03,0
C2_n0.03_d000_r04,C2,202636,4.92,4.92,0.0,0.5195,0.5484561406923262,0.5285669291044263,FAR,FAR,0.0,1,,,0.03,0
C2_n0.03_d000_r04,C2,202636,4.94,4.94,0.0,0.5177499999999999,0.5156555189064023,0.5253390765549202,FAR,FAR,0.0,1,,,0.03,0
C2_n0.03_d000_r04,C2,202636,4.96,4.96,0.0,0.516,0.5257687449915844,0.5254464936640862,FAR,FAR,0.0,1,,,0.03,0
C2_n0.03_d000_r04,C2,202636,4.98,4.98,0.0,0.51425,0.505199442245502,0.5203847308094403,FAR,FAR,0.0,1,,,0.03,0
C2_n0.03_d000_r04,C2,202636,5.0,5.0,0.0,0.5125,0.5062364612210607,0.5168476634123453,FAR,FAR,0.0,1,,,0.03,0
C2_n0.03_d000_r04,C2,202636,5.02,5.02,0.0,0.51075,0.5255715190030833,0.5190286273100299,FAR,FAR,0.0,1,,,0.03,0
C2_n0.03_d000_r04,C2,202636,5.04,5.04,0.0,0.509,0.5366679417804786,0.523438455927642,FAR,FAR,0.0,1,,,0.03,0
C2_n0.03_d000_r04,C2,202636,5.06,5.06,0.0,0.50725,0.5399190457875594,0.5275586033926214,FAR,FAR,0.0,1,,,0.03,0
C2_n0.03_d000_r04,C2,202636,5.08,5.08,0.0,0.5055,0.5448152277725704,0.5318727594876087,FAR,FAR,0.0,1,,,0.03,0
C2_n0.03_d000_r04,C2,202636,5.1,5.1,0.0,0.50375,0.5262588155987175,0.5304692735153859,FAR,FAR,0.0,1,,,0.03,0
C2_n0.03_d000_r04,C2,202636,5.12,5.12,0.0,0.502,0.5356677376564949,0.5317688895506631,FAR,FAR,0.0,1,,,0.03,0
C2_n0.03_d000_r04,C2,202636,5.14,5.14,0.0,0.50025,0.5257202851978751,0.5302567384624661,FAR,FAR,0.0,1,,,0.03,0
C2_n0.03_d000_r04,C2,202636,5.16,5.16,0.0,0.49849999999999994,0.515658385266165,0.5266071501633909,FAR,FAR,0.0,1,,,0.03,0
C2_n0.03_d000_r04,C2,202636,5.18,5.18,0.0,0.49675,0.514341559149644,0.5235407524099541,FAR,FAR,0.0,1,,,0.03,0
C2_n0.03_d000_r04,C2,202636,5.2,5.2,0.0,0.495,0.4935911004997472,0.5160533394324024,FAR,FAR,0.0,1,,,0.03,0
C2_n0.03_d000_r04,C2,202636,5.22,5.22,0.0,0.49325,0.4989427124488966,0.511775682686526,FAR,FAR,0.0,1,,,0.03,0
C2_n0.03_d000_r04,C2,202636,5.24,5.24,0.0,0.49149999999999994,0.5064479952214096,0.5104437608202468,FAR,FAR,0.0,1,,,0.03,0
C2_n0.03_d000_r04,C2,202636,5.26,5.26,0.0,0.48975,0.47540437938876484,0.5016839154623763,FAR,FAR,0.0,1,,,0.03,0
C2_n0.03_d000_r04,C2,202636,5.28,5.28,0.0,0.488,0.4848246375092131,0.4974690959740855,FAR,FAR,0.0,1,,,0.03,0
C2_n0.03_d000_r04,C2,202636,5.3,5.3,0.0,0.48625,0.4506126244255553,0.48575497808695295,FAR,FAR,0.0,1,,,0.03,0
C2_n0.03_d000_r04,C2,202636,5.32,5.32,0.0,0.48449999999999993,0.568829190896736,0.5065235312893988,FAR,FAR,0.0,1,,,0.03,0
C2_n0.03_d000_r04,C2,202636,5.34,5.34,0.0,0.48275,0.47242072008224684,0.49799782848761076,FAR,FAR,0.0,1,,,0.03,0
C2_n0.03_d000_r04,C2,202636,5.36,5.36,0.0,0.481,0.4984192774008873,0.4981031907159299,FAR,FAR,0.0,1,,,0.03,0
C2_n0.03_d000_r04,C2,202636,5.38,5.38,0.0,0.47925,0.4754948381287975,0.4924511025691468,FAR,FAR,0.0,1,,,0.03,0
C2_n0.03_d000_r04,C2,202636,5.4,5.4,0.0,0.4774999999999999,0.4493004647251608,0.4816634431081503,FAR,FAR,0.0,1,,,0.03,0
C2_n0.03_d000_r04,C2,202636,5.42,5.42,0.0,0.47575,0.4655843244101108,0.4776436634336404,FAR,FAR,0.0,1,,,0.03,0
C2_n0.03_d000_r04,C2,202636,5.44,5.44,0.0,0.474,0.4802005026903769,0.4782828732478245,FAR,FAR,0.0,1,,,0.03,0
C2_n0.03_d000_r04,C2,202636,5.46,5.46,0.0,0.47224999999999995,0.48115739221534,0.4790015029897034,FAR,FAR,0.0,1,,,0.03,0
C2_n0.03_d000_r04,C2,202636,5.48,5.48,0.0,0.4704999999999999,0.4402940938212194,0.4693246506975824,FAR,FAR,0.0,1,,,0.03,0
C2_n0.03_d000_r04,C2,202636,5.5,5.5,0.0,0.46875,0.4957745187542376,0.4759371177117462,FAR,FAR,0.0,1,,,0.03,0
C2_n0.03_d000_r04,C2,202636,5.52,5.52,0.0,0.467,0.4645394925451983,0.4730877114201092,FAR,FAR,0.0,1,,,0.03,0
C2_n0.03_d000_r04,C2,202636,5.54,5.54,0.0,0.46525,0.44278127280949087,0.46551110176745464,FAR,FAR,0.0,1,,,0.03,0
C2_n0.03_d000_r04,C2,202636,5.56,5.56,0.0,0.4635,0.4613039086336424,0.46445930348400155,FAR,FAR,0.0,1,,,0.03,0
C2_n0.03_d000_r04,C2,202636,5.58,5.58,0.0,0.46175,0.48778509307048207,0.47029075088062167,FAR,FAR,0.0,1,,,0.03,0
C2_n0.03_d000_r04,C2,202636,5.6,5.6,0.0,0.46,0.4921821054447763,0.47576358952166037,FAR,FAR,0.0,1,,,0.03,0
C2_n0.03_d000_r04,C2,202636,5.62,5.62,0.0,0.45825,0.4584667492727577,0.4714393794594347,FAR,FAR,0.0,1,,,0.03,0
C2_n0.03_d000_r04,C2,202636,5.64,5.64,0.0,0.4565,0.4139418055518983,0.45706498598255063,FAR,FAR,0.0,1,,,0.03,0
C2_n0.03_d000_r04,C2,202636,5.66,5.66,0.0,0.45475,0.5004400405466056,0.4679087496235644,FAR,FAR,0.0,1,,,0.03,0
C2_n0.03_d000_r04,C2,202636,5.68,5.68,0.0,0.453,0.5072991537447917,0.47775635065387123,FAR,FAR,0.0,1,,,0.03,0
C2_n0.03_d000_r04,C2,202636,5.7,5.7,0.0,0.45125,0.41629361808807924,0.46239066751242325,FAR,FAR,0.0,1,,,0.03,0
C2_n0.03_d000_r04,C2,202636,5.72,5.72,0.0,0.4495,0.4745132945573176,0.46542132427364685,FAR,FAR,0.0,1,,,0.03,0
C2_n0.03_d000_r04,C2,202636,5.74,5.74,0.0,0.44775,0.44474301941923294,0.4602517480600434,FAR,FAR,0.0,1,,,0.03,0
C2_n0.03_d000_r04,C2,202636,5.76,5.76,0.0,0.446,0.4007335964884324,0.4453722101671406,FAR,FAR,0.0,1,,,0.03,0
C2_n0.03_d000_r04,C2,202636,5.78,5.78,0.0,0.44425,0.41305045379771943,0.43729177107478534,FAR,FAR,0.0,1,,,0.03,0
C2_n0.03_d000_r04,C2,202636,5.8,5.8,0.0,0.4425,0.4265755385454161,0.43461271294244297,FAR,FAR,0.0,1,,,0.03,0
C2_n0.03_d000_r04,C2,202636,5.82,5.82,0.0,0.44075,0.4543301341066745,0.4395420682335009,FAR,FAR,0.0,1,,,0.03,0
C2_n0.03_d000_r04,C2,202636,5.84,5.84,0.0,0.439,0.4065873178832801,0.4313033806459457,FAR,FAR,0.0,1,,,0.03,0
C2_n0.03_d000_r04,C2,202636,5.86,5.86,0.0,0.43724999999999997,0.36855718275059424,0.41561683117210785,FAR,FAR,0.0,1,,,0.03,0
C2_n0.03_d000_r04,C2,202636,5.88,5.88,0.0,0.4355,0.4160658009003947,0.41572907360417954,FAR,FAR,0.0,1,,,0.03,0
C2_n0.03_d000_r04,C2,202636,5.9,5.9,0.0,0.43374999999999997,0.3903425191990171,0.40938243500288896,FAR,FAR,0.0,1,,,0.03,0
C2_n0.03_d000_r04,C2,202636,5.92,5.92,0.0,0.432,0.43029724223296073,0.4146111368104069,FAR,FAR,0.0,1,,,0.03,0
C2_n0.03_d000_r04,C2,202636,5.94,5.94,0.0,0.43024999999999997,0.41120036427890716,0.413758443677532,FAR,FAR,0.0,1,,,0.03,0
C2_n0.03_d000_r04,C2,202636,5.96,5.96,0.0,0.4285,0.417079940920467,0.41458881798826575,FAR,FAR,0.0,1,,,0.03,0
C2_n0.03_d000_r04,C2,202636,5.98,5.98,0.0,0.42674999999999996,0.3970865071113894,0.41021324026904665,FAR,FAR,0.0,1,,,0.03,0
C2_n0.03_d000_r04,C2,202636,6.0,6.0,0.0,0.425,0.41603015932925275,0.4116674700340982,FAR,FAR,0.0,1,,,0.03,0
C2_n0.03_d000_r04,C2,202636,6.02,6.02,0.0,0.42325,0.43004285048383295,0.41626131514653186,FAR,FAR,0.0,1,,,0.03,0
C2_n0.03_d000_r04,C2,202636,6.04,6.04,0.0,0.4215,0.4354403217444509,0.4210560667960116,FAR,FAR,0.0,1,,,0.03,0
C2_n0.03_d000_r04,C2,202636,6.06,6.06,0.0,0.41975,0.4630835608302399,0.4315629403045687,FAR,FAR,0.0,1,,,0.03,0
C2_n0.03_d000_r04,C2,202636,6.08,6.08,0.0,0.418,0.3880257109268112,0.42067863296012936,FAR,FAR,0.0,1,,,0.03,0
C2_n0.03_d000_r04,C2,202636,6.1,6.1,0.0,0.41625,0.39591558152192546,0.4144878701005784,FAR,FAR,0.0,1,,,0.03,0
C2_n0.03_d000_r04,C2,202636,6.12,6.12,0.0,0.4145,0.4156672541988131,0.41478271612513706,FAR,FAR,0.0,1,,,0.03,0
C2_n0.03_d000_r04,C2,202636,6.14,6.14,0.0,0.41275,0.3701583398228394,0.4036266220495626,FAR,FAR,0.0,1,,,0.03,0
C2_n0.03_d000_r04,C2,202636,6.16,6.16,0.0,0.411,0.42574699265955446,0.4091567147020606,FAR,FAR,0.0,1,,,0.03,0
C2_n0.03_d000_r04,C2,202636,6.18,6.18,0.0,0.40925,0.4253370156085886,0.4132017899286926,FAR,FAR,0.0,1,,,0.03,0
C2_n0.03_d000_r04,C2,202636,6.2,6.2,0.0,0.4075,0.41493925148781835,0.41363615531847403,FAR,FAR,0.0,1,,,0.03,0
C2_n0.03_d000_r04,C2,202636,6.22,6.22,0.0,0.40575,0.39527743505868157,0.40904647525352594,FAR,FAR,0.0,1,,,0.03,0
C2_n0.03_d000_r04,C2,202636,6.24,6.24,0.0,0.40399999999999997,0.4109923000222908,0.4095329314457172,FAR,FAR,0.0,1,,,0.03,0
C2_n0.03_d000_r04,C2,202636,6.26,6.26,0.0,0.40225,0.34672691996406546,0.39383142857530423,FAR,FAR,0.0,1,,,0.03,0
C2_n0.03_d000_r04,C2,202636,6.28,6.28,0.0,0.40049999999999997,0.4197708037523015,0.4003162723695536,FAR,FAR,0.0,1,,,0.03,0
C2_n0.03_d000_r04,C2,202636,6.3,6.3,0.0,0.39875,0.38777935253853735,0.3971820424117995,FAR,FAR,0.0,1,,,0.03,0
C2_n0.03_d000_r04,C2,202636,6.32,6.32,0.0,0.39699999999999996,0.38000411980002535,0.392887561758856,FAR,FAR,0.0,1,,,0.03,0
C2_n0.03_d000_r04,C2,202636,6.34,6.34,0.0,0.39525,0.4048549046044503,0.3958793974702546,FAR,FAR,0.0,1,,,0.03,0
C2_n0.03_d000_r04,C2,202636,6.36,6.36,0.0,0.39349999999999996,0.4007943311158313,0.39710813088164876,FAR,FAR,0.0,1,,,0.03,0
C2_n0.03_d000_r04,C2,202636,6.38,6.38,0.0,0.39175,0.34864507422154367,0.38499236671662246,FAR,FAR,0.0,1,,,0.03,0
C2_n0.03_d000_r04,C2,202636,6.4,6.4,0.0,0.38999999999999996,0.38769489161997167,0.38566799794245976,FAR,FAR,0.0,1,,,0.03,0
C2_n0.03_d000_r04,C2,202636,6.42,6.42,0.0,0.38825,0.34077490166760727,0.3744447238737466,FAR,FAR,0.0,1,,,0.03,0
C2_n0.03_d000_r04,C2,202636,6.44,6.44,0.0,0.38649999999999995,0.4119492469296924,0.383820854637733,FAR,FAR,0.0,1,,,0.03,0
C2_n0.03_d000_r04,C2,202636,6.46,6.46,0.0,0.38475,0.4007106633234309,0.3880433068091575,FAR,FAR,0.0,1,,,0.03,0
C2_n0.03_d000_r04,C2,202636,6.48,6.48,0.0,0.38299999999999995,0.3744441307223374,0.38464351278745246,FAR,FAR,0.0,1,,,0.03,0
C2_n0.03_d000_r04,C2,202636,6.5,6.5,0.0,0.38125,0.37366473054294125,0.3818988172263246,FAR,FAR,0.0,1,,,0.03,0
C2_n0.03_d000_r04,C2,202636,6.52,6.52,0.0,0.37950000000000006,0.34741826571612605,0.37327867934877496,FAR,FAR,0.0,1,,,0.03,0
C2_n0.03_d000_r04,C2,202636,6.54,6.54,0.0,0.37775000000000003,0.36327969769684393,0.3707789339357922,FAR,FAR,0.0,1,,,0.03,0
C2_n0.03_d000_r04,C2,202636,6.56,6.56,0.0,0.376,0.3878620400378565,0.37504971046130825,FAR,FAR,0.0,1,,,0.03,0
C2_n0.03_d000_r04,C2,202636,6.58,6.58,0.0,0.37424999999999997,0.39725403121997677,0.3806007906509754,FAR,FAR,0.0,1,,,0.03,0
C2_n0.03_d000_r04,C2,202636,6.6,6.6,0.0,0.37250000000000005,0.33882859756648454,0.37015774237985266,FAR,FAR,0.0,1,,,0.03,0
C2_n0.03_d000_r04,C2,202636,6.62,6.62,0.0,0.37075,0.3541280657402462,0.36615032321995106,FAR,FAR,0.0,1,,,0.03,0
C2_n0.03_d000_r04,C2,202636,6.64,6.64,0.0,0.369,0.361059466815117,0.36487760911874256,FAR,FAR,0.0,1,,,0.03,0
C2_n0.03_d000_r04,C2,202636,6.66,6.66,0.0,0.36724999999999997,0.36478798386173505,0.3648552028044907,FAR,FAR,0.0,1,,,0.03,0
C2_n0.03_d000_r04,C2,202636,6.68,6.68,0.0,0.36550000000000005,0.3462506524035627,0.3602040652042587,FAR,FAR,0.0,1,,,0.03,0
C2_n0.03_d000_r04,C2,202636,6.7,6.7,0.0,0.36375,0.3512569534852622,0.35796728727450955,FAR,FAR,0.0,1,,,0.03,0
C2_n0.03_d000_r04,C2,202636,6.72,6.72,0.0,0.362,0.36592848349043067,0.35995758632848984,FAR,FAR,0.0,1,,,0.03,0
C2_n0.03_d000_r04,C2,202636,6.74,6.74,0.0,0.36024999999999996,0.36193325451100183,0.36045150337411785,FAR,FAR,0.0,1,,,0.03,0
C2_n0.03_d000_r04,C2,202636,6.76,6.76,0.0,0.35850000000000004,0.4045909188459889,0.3714863572420856,FAR,FAR,0.0,1,,,0.03,0
C2_n0.03_d000_r04,C2,202636,6.78,6.78,0.0,0.35675,0.36734922899194916,0.3704520751795515,FAR,FAR,0.0,1,,,0.03,0
C2_n0.03_d000_r04,C2,202636,6.8,6.8,0.0,0.355,0.34818631073231915,0.3648856340677434,FAR,FAR,0.0,1,,,0.03,0
C2_n0.03_d000_r04,C2,202636,6.82,6.82,0.0,0.35324999999999995,0.3404325302684264,0.35877235811791414,FAR,FAR,0.0,1,,,0.03,0
C2_n0.03_d000_r04,C2,202636,6.84,6.84,0.0,0.35150000000000003,0.3626927339243661,0.3597524520695271,FAR,FAR,0.0,1,,,0.03,0
C2_n0.03_d000_r04,C2,202636,6.86,6.86,0.0,0.34974999999999995,0.3851268485094007,0.3660960511794955,NEAR,FAR,0.0,1,,,0.03,0
C2_n0.03_d000_r04,C2,202636,6.88,6.88,0.0,0.348,0.36859490109381254,0.36672076365807477,NEAR,FAR,0.0,1,,,0.03,0
C2_n0.03_d000_r04,C2,202636,6.9,6.9,0.0,0.34624999999999995,0.35997835270108136,0.36503516091882643,NEAR,FAR,0.0,1,,,0.03,0
C2_n0.03_d000_r04,C2,202636,6.92,6.92,0.0,0.3445,0.35982101237848246,0.3637316237837404,NEAR,FAR,0.0,1,,,0.03,0
C2_n0.03_d000_r04,C2,202636,6.94,6.94,0.0,0.34274999999999994,0.32747724538834777,0.35466802918489226,NEAR,FAR,0.0,1,,,0.03,0
C2_n0.03_d000_r04,C2,202636,6.96,6.96,0.0,0.34099999999999997,0.373128798954981,0.35928322162741444,NEAR,FAR,0.0,1,,,0.03,0
C2_n0.03_d000_r04,C2,202636,6.98,6.98,0.0,0.33924999999999994,0.34299798182318675,0.3552119116763575,NEAR,FAR,0.0,1,,,0.03,0
C2_n0.03_d000_r04,C2,202636,7.0,7.0,0.0,0.3375,0.3404531445688661,0.3515222198994847,NEAR,FAR,0.0,1,,,0.03,0
C2_n0.03_d000_r04,C2,202636,7.02,7.02,0.0,0.33575000000000005,0.3191847900681059,0.34343786244164,NEAR,FAR,0.0,1,,,0.03,0
C2_n0.03_d000_r04,C2,202636,7.04,7.04,0.0,0.334,0.34218229901229086,0.3431239715843027,NEAR,FAR,0.0,1,,,0.03,0
C2_n0.03_d000_r04,C2,202636,7.06,7.06,0.0,0.33225000000000005,0.3157309035265138,0.33627570456985545,NEAR,FAR,0.0,1,,,0.03,0
C2_n0.03_d000_r04,C2,202636,7.08,7.08,0.0,0.3305,0.3450488117022809,0.33846898135296183,NEAR,FAR,0.0,1,,,0.03,0
C2_n0.03_d000_r04,C2,202636,7.1,7.1,0.0,0.32875000000000004,0.35741873750893327,0.3432064203919547,NEAR,FAR,0.0,1,,,0.03,0
C2_n0.03_d000_r04,C2,202636,7.12,7.12,0.0,0.327,0.38538340726341624,0.35375066710982006,NEAR,FAR,0.0,1,,,0.03,0
C2_n0.03_d000_r04,C2,202636,7.14,7.14,0.0,0.32525000000000004,0.31086050210889976,0.34302812585958997,NEAR,FAR,0.0,1,,,0.03,0
C2_n0.03_d000_r04,C2,202636,7.16,7.16,0.0,0.3235,0.3173313503608248,0.3366039319848987,NEAR,FAR,0.0,1,,,0.03,0
C2_n0.03_d000_r04,C2,202636,7.18,7.18,0.0,0.32175000000000004,0.325436410555705,0.33381205162760025,NEAR,FAR,0.0,1,,,0.03,0
C2_n0.03_d000_r04,C2,202636,7.2,7.2,0.0,0.32,0.3317410066143325,0.3332942903742833,NEAR,FAR,0.0,1,,,0.03,0
C2_n0.03_d000_r04,C2,202636,7.22,7.22,0.0,0.31825000000000003,0.3308167264701903,0.33267489939826006,NEAR,FAR,0.0,1,,,0.03,0
C2_n0.03_d000_r04,C2,202636,7.24,7.24,0.0,0.3165,0.3403263468394249,0.3345877612585513,NEAR,FAR,0.0,1,,,0.03,0
C2_n0.03_d000_r04,C2,202636,7.26,7.26,0.0,0.31475000000000003,0.30805270552039415,0.327953997324012,NEAR,FAR,0.0,1,,,0.03,0
C2_n0.03_d000_r04,C2,202636,7.28,7.28,0.0,0.313,0.3195602396147182,0.3258555578966885,NEAR,FAR,0.0,1,,,0.03,0
C2_n0.03_d000_r04,C2,202636,7.3,7.3,0.0,0.31125,0.3004069748036817,0.31949341212343685,NEAR,NEAR,0.6,1,ENTER_NEAR,,0.03,0
C2_n0.03_d000_r04,C2,202636,7.32,7.32,0.0,0.3095,0.29276633734986074,0.3128116434300428,NEAR,NEAR,0.6,1,,,0.03,0
C2_n0.03_d000_r04,C2,202636,7.34,7.34,0.0,0.30775,0.2876017041647799,0.3065091586137271,NEAR,NEAR,0.6,1,,,0.03,0
C2_n0.03_d000_r04,C2,202636,7.36,7.36,0.0,0.306,0.2663440617030821,0.29646788438606586,NEAR,NEAR,0.6,1,,,0.03,0
C2_n0.03_d000_r04,C2,202636,7.38,7.38,0.0,0.30425,0.35677269631638675,0.3115440873686461,NEAR,NEAR,0.6,1,,,0.03,0
C2_n0.03_d000_r04,C2,202636,7.4,7.4,0.0,0.3025,0.3391829598044927,0.3184538054776077,NEAR,NEAR,0.6,1,,,0.03,0
C2_n0.03_d000_r04,C2,202636,7.42,7.42,0.0,0.30075,0.2951481360797168,0.31262738812813495,NEAR,NEAR,0.6,1,,,0.03,0
C2_n0.03_d000_r04,C2,202636,7.44,7.44,0.0,0.299,0.31932065365304985,0.31430070450936365,NEAR,NEAR,0.6,1,,,0.03,0
C2_n0.03_d000_r04,C2,202636,7.46,7.46,0.0,0.29725,0.2959209444422833,0.30970576449259357,NEAR,NEAR,0.6,1,,,0.03,0
C2_n0.03_d000_r04,C2,202636,7.48,7.48,0.0,0.2955,0.24097638836617796,0.29252342046098967,NEAR,NEAR,0.6,1,,,0.03,0
C2_n0.03_d000_r04,C2,202636,7.5,7.5,0.0,0.29375,0.3044484346227694,0.2955046740014346,NEAR,NEAR,0.6,1,,,0.03,0
C2_n0.03_d000_r04,C2,202636,7.52,7.52,0.0,0.29200000000000004,0.30654746848510966,0.29826537262235336,NEAR,NEAR,0.6,1,,,0.03,0
C2_n0.03_d000_r04,C2,202636,7.54,7.54,0.0,0.29025,0.26788322999571207,0.29066983696569304,NEAR,NEAR,0.6,1,,,0.03,0
C2_n0.03_d000_r04,C2,202636,7.56,7.56,0.0,0.28850000000000003,0.26304432382828546,0.2837634586813411,NEAR,NEAR,0.6,1,,,0.03,0
C2_n0.03_d000_r04,C2,202636,7.58,7.58,0.0,0.28675,0.24297570902551657,0.273566521267385,NEAR,NEAR,0.6,1,,,0.03,0
C2_n0.03_d000_r04,C2,202636,7.6,7.6,0.0,0.28500000000000003,0.2969574843129973,0.27941426202878805,NEAR,NEAR,0.6,1,,,0.03,0
C2_n0.03_d000_r04,C2,202636,7.62,7.62,0.0,0.28325,0.28827060897589013,0.2816283487655636,NEAR,NEAR,0.6,1,,,0.03,0
C2_n0.03_d000_r04,C2,202636,7.64,7.64,0.0,0.28150000000000003,0.29331321314116626,0.28454956485946425,NEAR,NEAR,0.6,1,,,0.03,0
C2_n0.03_d000_r04,C2,202636,7.66,7.66,0.0,0.27975,0.24920447612336658,0.2757132926754398,NEAR,NEAR,0.6,1,,,0.03,0
C2_n0.03_d000_r04,C2,202636,7.68,7.68,0.0,0.278,0.2609848773934382,0.27203118885493943,NEAR,NEAR,0.6,1,,,0.03,0
C2_n0.03_d000_r04,C2,202636,7.7,7.7,0.0,0.27625,0.22105917761718252,0.2592881860455002,NEAR,NEAR,0.6,1,,,0.03,0
C2_n0.03_d000_r04,C2,202636,7.72,7.72,0.0,0.2745,0.2661819841003906,0.2610116355592228,NEAR,NEAR,0.6,1,,,0.03,0
C2_n0.03_d000_r04,C2,202636,7.74,7.74,0.0,0.27275,0.22859496366949356,0.2529074675867905,NEAR,NEAR,0.6,1,,,0.03,0
C2_n0.03_d000_r04,C2,202636,7.76,7.76,0.0,0.271,0.3092479058173656,0.26699257714443425,NEAR,NEAR,0.6,1,,,0.03,0
C2_n0.03_d000_r04,C2,202636,7.78,7.78,0.0,0.26925,0.23492224053123953,0.2589749929911356,NEAR,NEAR,0.6,1,,,0.03,0
C2_n0.03_d000_r04,C2,202636,7.8,7.8,0.0,0.2675,0.2766611000783203,0.26339651976293177,NEAR,NEAR,0.6,1,,,0.03,0
C2_n0.03_d000_r04,C2,202636,7.82,7.82,0.0,0.26575,0.2679590346417584,0.26453714848263843,NEAR,NEAR,0.6,1,,,0.03,0
C2_n0.03_d000_r04,C2,202636,7.84,7.84,0.0,0.264,0.21539130615087057,0.25225068789969646,NEAR,NEAR,0.6,1,,,0.03,0
C2_n0.03_d000_r04,C2,202636,7.86,7.86,0.0,0.26225,0.24978747948827806,0.2516348857968419,NEAR,NEAR,0.6,1,,,0.03,0
C2_n0.03_d000_r04,C2,202636,7.88,7.88,0.0,0.2605,0.22357101728663797,0.24461891866929092,NEAR,NEAR,0.6,1,,,0.03,0
C2_n0.03_d000_r04,C2,202636,7.9,7.9,0.0,0.25875,0.29087650741254545,0.25618331585510457,NEAR,NEAR,0.6,1,,,0.03,0
C2_n0.03_d000_r04,C2,202636,7.92,7.92,0.0,0.257,0.23561973344928444,0.25104242025364953,NEAR,NEAR,0.6,1,,,0.03,0
C2_n0.03_d000_r04,C2,202636,7.94,7.94,0.0,0.25525,0.2521387221627034,0.25131649573091297,NEAR,NEAR,0.6,1,,,0.03,0
C2_n0.03_d000_r04,C2,202636,7.96,7.96,0.0,0.2535,0.2541809643360061,0.25203261288218626,NEAR,NEAR,0.6,1,,,0.03,0
C2_n0.03_d000_r04,C2,202636,7.98,7.98,0.0,0.25175,0.2743423617574535,0.2576100501010031,NEAR,NEAR,0.6,1,,,0.03,0
C2_n0.03_d000_r04,C2,202636,8.0,8.0,0.0,0.25,0.251998741201234,0.2562072228760608,NEAR,NEAR,0.6,1,,,0.03,0
C2_n0.03_d000_r04,C2,202636,8.02,8.02,0.0,0.2522533838368113,0.28258197711263805,0.2628009114352051,NEAR,NEAR,0.6,1,,,0.03,0
C2_n0.03_d000_r04,C2,202636,8.04,8.04,0.0,0.25445562372365543,0.2554454883841186,0.26096205567243347,NEAR,NEAR,0.6,1,,,0.03,0
C2_n0.03_d000_r04,C2,202636,8.06,8.06,0.0,0.25655673649976407,0.2820603708779902,0.2662366344738226,NEAR,NEAR,0.6,1,,,0.03,0
C2_n0.03_d000_r04,C2,202636,8.08,8.08,0.0,0.25850903423690136,0.245192390803733,0.2609755735563002,NEAR,NEAR,0.6,1,,,0.03,0
C2_n0.03_d000_r04,C2,202636,8.1,8.1,0.0,0.2602682065889303,0.31621159695497075,0.27478457940596784,NEAR,NEAR,0.6,1,,,0.03,0
C2_n0.03_d000_r04,C2,202636,8.12,8.12,0.0,0.26179432648204926,0.25226847431659705,0.26915555313362516,NEAR,NEAR,0.6,1,,,0.03,0
C2_n0.03_d000_r04,C2,202636,8.14,8.14,0.0,0.26305275632004294,0.28807140785618324,0.2738845168142647,NEAR,NEAR,0.6,1,,,0.03,0
C2_n0.03_d000_r04,C2,202636,8.16,8.16,0.0,0.2640149341368492,0.23949211028823672,0.2652864151827577,NEAR,NEAR,0.6,1,,,0.03,0
C2_n0.03_d000_r04,C2,202636,8.18,8.18,0.0,0.2646590218535229,0.27011249994278264,0.26649293637276394,NEAR,NEAR,0.6,1,,,0.03,0
C2_n0.03_d000_r04,C2,202636,8.2,8.2,0.0,0.26497040092642404,0.1885163003075508,0.24699877735646064,NEAR,NEAR,0.6,1,,,0.03,0
C2_n0.03_d000_r04,C2,202636,8.22,8.22,0.0,0.2649420041371476,0.2889382131507265,0.25748363630502713,NEAR,NEAR,0.6,1,,,0.03,0
C2_n0.03_d000_r04,C2,202636,8.24,8.24,0.0,0.2645744759937201,0.2812981111265359,0.2634372550104043,NEAR,NEAR,0.6,1,,,0.03,0
C2_n0.03_d000_r04,C2,202636,8.26,8.26,0.0,0.26387615810251686,0.2534970404276891,0.2609522013647255,NEAR,NEAR,0.6,1,,,0.03,0
C2_n0.03_d000_r04,C2,202636,8.28,8.28,0.0,0.26286289984290484,0.25331150371525724,0.25904202695235845,NEAR,NEAR,0.6,1,,,0.03,0
C2_n0.03_d000_r04,C2,202636,8.3,8.3,0.0,0.2615576986416368,0.21897951228579687,0.24902639828571804,NEAR,NEAR,0.6,1,,,0.03,0
C2_n0.03_d000_r04,C2,202636,8.32,8.32,0.0,0.25999017801151375,0.2367358774179587,0.24595376806877822,NEAR,NEAR,0.6,1,,,0.03,0
C2_n0.03_d000_r04,C2,202636,8.34,8.34,0.0,0.25819591520101404,0.30713454126657,0.2612489613682262,NEAR,NEAR,0.6,1,,,0.03,0
C2_n0.03_d000_r04,C2,202636,8.36,8.36,0.0,0.2562156337148993,0.2448115704812358,0.2571396136464786,NEAR,NEAR,0.6,1,,,0.03,0
C2_n0.03_d000_r04,C2,202636,8.38,8.38,0.0,0.2540942790327598,0.18913900624793378,0.2401394617968424,NEAR,NEAR,0.6,1,,,0.03,0
C2_n0.03_d000_r04,C2,202636,8.4,8.4,0.0,0.25187999850346454,0.22277332496145696,0.23579792758799603,NEAR,NEAR,0.6,1,,,0.03,0
C2_n0.03_d000_r04,C2,202636,8.42,8.42,0.0,0.24962304856834994,0.26905801896322296,0.24411295043180276,NEAR,NEAR,0.6,1,,,0.03,0
C2_n0.03_d000_r04,C2,202636,8.44,8.44,0.0,0.2473746541153709,0.1959789329588669,0.2320794460635688,NEAR,NEAR,0.6,1,,,0.03,0
C2_n0.03_d000_r04,C2,202636,8.46,8.46,0.0,0.24518584585289177,0.25890069167450347,0.23878475746630248,NEAR,NEAR,0.6,1,,,0.03,0
C2_n0.03_d000_r04,C2,202636,8.48,8.48,0.0,0.24310630209067763,0.2284744775687301,0.2362071874919094,NEAR,NEAR,0.6,1,,,0.03,0
C2_n0.03_d000_r04,C2,202636,8.5,8.5,0.0,0.24118322121561292,0.2199316318803746,0.23213829858902568,NEAR,NEAR,0.6,1,,,0.03,0
C2_n0.03_d000_r04,C2,202636,8.52,8.52,0.0,0.2394602504530173,0.27228902366732216,0.2421759798585998,NEAR,NEAR,0.6,1,,,0.03,0
C2_n0.03_d000_r04,C2,202636,8.54,8.54,0.0,0.23797649522693692,0.23364457060266164,0.24004312754461524,NEAR,NEAR,0.6,1,,,0.03,0
C2_n0.03_d000_r04,C2,202636,8.56,8.56,0.0,0.23676563160347566,0.2417155746569312,0.24046123932269423,NEAR,NEAR,0.6,1,,,0.03,0
C2_n0.03_d000_r04,C2,202636,8.58,8.58,0.0,0.23585514196160703,0.14794356438009665,0.2173318205870448,NEAR,NEAR,0.6,1,,,0.03,0
C2_n0.03_d000_r04,C2,202636,8.6,8.6,0.0,0.23526569123906968,0.24361656618003366,0.22390300698529203,NEAR,NEAR,0.6,1,,,0.03,0
C2_n0.03_d000_r04,C2,202636,8.62,8.62,0.0,0.23501065791039116,0.1951474107170438,0.21671410791822995,NEAR,NEAR,0.6,1,,,0.03,0
C2_n0.03_d000_r04,C2,202636,8.64,8.64,0.0,0.23509583034219989,0.21747079436255112,0.21690327952931024,NEAR,NEAR,0.6,1,,,0.03,0
C2_n0.03_d000_r04,C2,202636,8.66,8.66,0.0,0.2355192754175009,0.21928449996466637,0.21749858463814928,NEAR,NEAR,0.6,1,,,0.03,0
C2_n0.03_d000_r04,C2,202636,8.68,8.68,0.0,0.23627138241068624,0.2527353790800622,0.2263077832486275,NEAR,NEAR,0.6,1,,,0.03,0
C2_n0.03_d000_r04,C2,202636,8.7,8.7,0.0,0.23733508111746973,0.2573239785866706,0.23406183208313824,NEAR,NEAR,0.6,1,,,0.03,0
C2_n0.03_d000_r04,C2,202636,8.72,8.72,0.0,0.2386862292889585,0.20063162546987476,0.22570428042982238,NEAR,NEAR,0.6,1,,,0.03,0
C2_n0.03_d000_r04,C2,202636,8.74,8.74,0.0,0.24029416057645836,0.22341303466340603,0.2251314689882183,NEAR,NEAR,0.6,1,,,0.03,0
C2_n0.03_d000_r04,C2,202636,8.76,8.76,0.0,0.24212238055058052,0.20648887732479637,0.22047082107236282,NEAR,NEAR,0.6,1,,,0.03,0
C2_n0.03_d000_r04,C2,202636,8.78,8.78,0.0,0.24412939499744188,0.32515112367253163,0.24664089672240502,NEAR,NEAR,0.6,1,,,0.03,0
C2_n0.03_d000_r04,C2,202636,8.8,8.8,0.0,0.24626965169252724,0.17473650630816012,0.2286647991188438,NEAR,NEAR,0.6,1,,,0.03,0
C2_n0.03_d000_r04,C2,202636,8.82,8.82,0.0,0.2484945742772318,0.24013309491832843,0.23153187306871498,NEAR,NEAR,0.6,1,,,0.03,0
C2_n0.03_d000_r04,C2,202636,8.84,8.84,0.0,0.2507536647726965,0.26111682435600353,0.23892811089053712,NEAR,NEAR,0.6,1,,,0.03,0
C2_n0.03_d000_r04,C2,202636,8.86,8.86,0.0,0.25299564970771604,0.19493611332457897,0.22793011149904757,NEAR,NEAR,0.6,1,,,0.03,0
C2_n0.03_d000_r04,C2,202636,8.88,8.88,0.0,0.2551696438476178,0.2619886028552722,0.23644473433810376,NEAR,NEAR,0.6,1,,,0.03,0
C2_n0.03_d000_r04,C2,202636,8.9,8.9,0.0,0.2572263051115258,0.27521505165183285,0.24613731366653602,NEAR,NEAR,0.6,1,,,0.03,0
C2_n0.03_d000_r04,C2,202636,8.92,8.92,0.0,0.25911895446541905,0.22564106887452723,0.24101325246853383,NEAR,NEAR,0.6,1,,,0.03,0
C2_n0.03_d000_r04,C2,202636,8.94,8.94,0.0,0.26080463537331855,0.27679699598556057,0.24995918834779052,NEAR,NEAR,0.6,1,,,0.03,0
C2_n0.03_d000_r04,C2,202636,8.96,8.96,0.0,0.2622450887607578,0.31519277323923217,0.2662675845706509,NEAR,NEAR,0.6,1,,,0.03,0
C2_n0.03_d000_r04,C2,202636,8.98,8.98,0.0,0.263407621362269,0.28586669492786027,0.27116736215995324,NEAR,NEAR,0.6,1,,,0.03,0
C2_n0.03_d000_r04,C2,202636,9.0,9.0,0.0,0.2642658477444273,0.23192667021384283,0.26135718917342565,NEAR,NEAR,0.6,1,,,0.03,0
C2_n0.03_d000_r04,C2,202636,9.02,9.02,0.0,0.264800289163118,0.24727492110459776,0.25783662215621866,NEAR,NEAR,0.6,1,,,0.03,0
C2_n0.03_d000_r04,C2,202636,9.04,9.04,0.0,0.2649988156630572,0.2712030309086235,0.26117822434431986,NEAR,NEAR,0.6,1,,,0.03,0
C2_n0.03_d000_r04,C2,202636,9.06,9.06,0.0,0.26485692138544975,0.26876095081518675,0.26307390596203656,NEAR,NEAR,0.6,1,,,0.03,0
C2_n0.03_d000_r04,C2,202636,9.08,9.08,0.0,0.2643778268352606,0.2695858093767772,0.2647018818157217,NEAR,NEAR,0.6,1,,,0.03,0
C2_n0.03_d000_r04,C2,202636,9.1,9.1,0.0,0.2635724057869903,0.3128095010145771,0.27672878661543554,NEAR,NEAR,0.6,1,,,0.03,0
C2_n0.03_d000_r04,C2,202636,9.12,9.12,0.0,0.2624589384879372,0.3138656788213875,0.28601300966692356,NEAR,NEAR,0.6,1,,,0.03,0
C2_n0.03_d000_r04,C2,202636,9.14,9.14,0.0,0.2610626967603726,0.26336561770992223,0.2803511616776732,NEAR,NEAR,0.6,1,,,0.03,0
C2_n0.03_d000_r04,C2,202636,9.16,9.16,0.0,0.25941537041936047,0.21602047282785292,0.26426848946521814,NEAR,NEAR,0.6,1,,,0.03,0
C2_n0.03_d000_r04,C2,202636,9.18,9.18,0.0,0.2575543480245365,0.20123348213387413,0.24850973763238215,NEAR,NEAR,0.6,1,,,0.03,0
C2_n0.03_d000_r04,C2,202636,9.2,9.2,0.0,0.25552186829027024,0.2931406640549204,0.2596674692380167,NEAR,NEAR,0.6,1,,,0.03,0
C2_n0.03_d000_r04,C2,202636,9.22,9.22,0.0,0.25336406141424067,0.26827982912024684,0.2618205592085742,NEAR,NEAR,0.6,1,,,0.03,0
C2_n0.03_d000_r04,C2,202636,9.24,9.24,0.0,0.25112990208291897,0.22470101498146508,0.2525406731517969,NEAR,NEAR,0.6,1,,,0.03,0
C2_n0.03_d000_r04,C2,202636,9.26,9.26,0.0,0.24887009791708103,0.23062850899785164,0.2470626321133106,NEAR,NEAR,0.6,1,,,0.03,0
C2_n0.03_d000_r04,C2,202636,9.28,9.28,0.0,0.24663593858575936,0.2533552690146312,0.24863579133864072,NEAR,NEAR,0.6,1,,,0.03,0
C2_n0.03_d000_r04,C2,202636,9.3,9.3,0.0,0.24447813170972976,0.23350659686361555,0.2448534927198844,NEAR,NEAR,0.6,1,,,0.03,0
C2_n0.03_d000_r04,C2,202636,9.32,9.32,0.0,0.24244565197546356,0.21526687877172515,0.23745683923284458,NEAR,NEAR,0.6,1,,,0.03,0
C2_n0.03_d000_r04,C2,202636,9.34,9.34,0.0,0.2405846295806395,0.2539528784442461,0.24158084903569496,NEAR,NEAR,0.6,1,,,0.03,0
C2_n0.03_d000_r04,C2,202636,9.36,9.36,0.0,0.23893730323962742,0.28104382052582644,0.2514465919082278,NEAR,NEAR,0.6,1,,,0.03,0
C2_n0.03_d000_r04,C2,202636,9.38,9.38,0.0,0.23754106151206275,0.2570309037445449,0.2528426698673071,NEAR,NEAR,0.6,1,,,0.03,0
C2_n0.03_d000_r04,C2,202636,9.4,9.4,0.0,0.23642759421300968,0.20883628233397422,0.24184107298397386,NEAR,NEAR,0.6,1,,,0.03,0
C2_n0.03_d000_r04,C2,202636,9.42,9.42,0.0,0.23562217316473935,0.2650684637728694,0.24764792068119776,NEAR,NEAR,0.6,1,,,0.03,0
C2_n0.03_d000_r04,C2,202636,9.44,9.44,0.0,0.23514307861455025,0.23827792564486838,0.2453054219221154,NEAR,NEAR,0.6,1,,,0.03,0
C2_n0.03_d000_r04,C2,202636,9.46,9.46,0.0,0.23500118433694275,0.23947271444299684,0.2438472450523358,NEAR,NEAR,0.6,1,,,0.03,0
C2_n0.03_d000_r04,C2,202636,9.48,9.48,0.0,0.235199710836882,0.24245199271799253,0.24349843196874998,NEAR,NEAR,0.6,1,,,0.03,0
C2_n0.03_d000_r04,C2,202636,9.5,9.5,0.0,0.2357341522555727,0.22932436862272068,0.23995491613224265,NEAR,NEAR,0.6,1,,,0.03,0
C2_n0.03_d000_r04,C2,202636,9.52,9.52,0.0,0.23659237863773103,0.24573781772887898,0.24140064153140173,NEAR,NEAR,0.6,1,,,0.03,0
C2_n0.03_d000_r04,C2,202636,9.54,9.54,0.0,0.2377549112392422,0.20721336397224122,0.2328538221416116,NEAR,NEAR,0.6,1,,,0.03,0
C2_n0.03_d000_r04,C2,202636,9.56,9.56,0.0,0.23919536462668142,0.20941627942588348,0.22699443646267956,NEAR,NEAR,0.6,1,,,0.03,0
C2_n0.03_d000_r04,C2,202636,9.58,9.58,0.0,0.24088104553458092,0.18958243351777318,0.21764143572645295,NEAR,NEAR,0.6,1,,,0.03,0
C2_n0.03_d000_r04,C2,202636,9.6,9.6,0.0,0.24277369488847422,0.23433681216755528,0.22181527983672855,NEAR,NEAR,0.6,1,,,0.03,0
C2_n0.03_d000_r04,C2,202636,9.62,9.62,0.0,0.24483035615238213,0.2371941500563186,0.22565999739162607,NEAR,NEAR,0.6,1,,,0.03,0
C2_n0.03_d000_r04,C2,202636,9.64,9.64,0.0,0.24700435029228393,0.14004583737190435,0.20425645738669565,NEAR,NEAR,0.6,1,,,0.03,0
C2_n0.03_d000_r04,C2,202636,9.66,9.66,0.0,0.24924633522730347,0.2700369445625141,0.22070157918065025,NEAR,NEAR,0.6,1,,,0.03,0
C2_n0.03_d000_r04,C2,202636,9.68,9.68,0.0,0.2515054257227682,0.31048256866207374,0.2431468265510061,NEAR,NEAR,0.6,1,,,0.03,0
C2_n0.03_d000_r04,C2,202636,9.7,9.7,0.0,0.25373034830747276,0.27166642460892854,0.2502767260654867,NEAR,NEAR,0.6,1,,,0.03,0
C2_n0.03_d000_r04,C2,202636,9.72,9.72,0.0,0.2558706050025581,0.24175743238620778,0.24814690264566697,NEAR,NEAR,0.6,1,,,0.03,0
C2_n0.03_d000_r04,C2,202636,9.74,9.74,0.0,0.25787761944941945,0.22681910846819067,0.2428149541012979,NEAR,NEAR,0.6,1,,,0.03,0
C2_n0.03_d000_r04,C2,202636,9.76,9.76,0.0,0.25970583942354164,0.24054472881109362,0.24224739777874682,NEAR,NEAR,0.6,1,,,0.03,0
C2_n0.03_d000_r04,C2,202636,9.78,9.78,0.0,0.2613137707110415,0.2160088965479627,0.2356877724710508,NEAR,NEAR,0.6,1,,,0.03,0
C2_n0.03_d000_r04,C2,202636,9.8,9.8,0.0,0.26266491888253024,0.2616227051518267,0.2421715056412448,NEAR,NEAR,0.6,1,,,0.03,0
C2_n0.03_d000_r04,C2,202636,9.82,9.82,0.0,0.26372861758931376,0.23770039245945251,0.24105372734579672,NEAR,NEAR,0.6,1,,,0.03,0
C2_n0.03_d000_r04,C2,202636,9.84,9.84,0.0,0.2644807245824991,0.23084631961226795,0.23850187541241455,NEAR,NEAR,0.6,1,,,0.03,0
C2_n0.03_d000_r04,C2,202636,9.86,9.86,0.0,0.2649041696578001,0.2988122363092171,0.2535794656366152,NEAR,NEAR,0.6,1,,,0.03,0
C2_n0.03_d000_r04,C2,202636,9.88,9.88,0.0,0.26498934208960884,0.2690822977210092,0.2574551736577137,NEAR,NEAR,0.6,1,,,0.03,0
C2_n0.03_d000_r04,C2,202636,9.9,9.9,0.0,0.26473430876093035,0.2701388478134497,0.2606260921966477,NEAR,NEAR,0.6,1,,,0.03,0
C2_n0.03_d000_r04,C2,202636,9.92,9.92,0.0,0.264144858038393,0.25632643997698057,0.25955117914173087,NEAR,NEAR,0.6,1,,,0.03,0
C2_n0.03_d000_r04,C2,202636,9.94,9.94,0.0,0.2632343683965243,0.2885478536152438,0.2668003477601091,NEAR,NEAR,0.6,1,,,0.03,0
C2_n0.03_d000_r04,C2,202636,9.96,9.96,0.0,0.2620235047730631,0.25703339840149525,0.2643586104204556,NEAR,NEAR,0.6,1,,,0.03,0
C2_n0.03_d000_r04,C2,202636,9.98,9.98,0.0,0.2605397495469827,0.24819422501554467,0.2603175140692279,NEAR,NEAR,0.6,1,,,0.03,0
C2_n0.03_d000_r04,C2,202636,10.0,10.0,0.0,0.2588167787843871,0.2499438145254363,0.25772408918328,NEAR,NEAR,0.6,1,,,0.03,0
C2_n0.03_d000_r04,C2,202636,10.02,10.02,0.0,0.25689369790932237,0.21845868067161406,0.2479077370553635,NEAR,NEAR,0.6,1,,,0.03,0
C2_n0.03_d000_r04,C2,202636,10.04,10.04,0.0,0.25481415414710823,0.2938303515705484,0.25938839068415975,NEAR,NEAR,0.6,1,,,0.03,0
C2_n0.03_d000_r04,C2,202636,10.06,10.06,0.0,0.2526253458846291,0.24790543996382344,0.2565176530040757,NEAR,NEAR,0.6,1,,,0.03,0
C2_n0.03_d000_r04,C2,202636,10.08,10.08,0.0,0.25037695143165006,0.22472098866863238,0.24856848692021488,NEAR,NEAR,0.6,1,,,0.03,0
C2_n0.03_d000_r04,C2,202636,10.1,10.1,0.0,0.24812000149653549,0.23059465026559423,0.2440750277565597,NEAR,NEAR,0.6,1,,,0.03,0
C2_n0.03_d000_r04,C2,202636,10.12,10.12,0.0,0.24590572096724023,0.2853348930385248,0.254389994077051,NEAR,NEAR,0.6,1,,,0.03,0
C2_n0.03_d000_r04,C2,202636,10.14,10.14,0.0,0.24378436628510067,0.2845875162878817,0.2619393746297587,NEAR,NEAR,0.6,1,,,0.03,0
C2_n0.03_d000_r04,C2,202636,10.16,10.16,0.0,0.24180408479898596,0.21083316058048984,0.24916282111744148,NEAR,NEAR,0.6,1,,,0.03,0
C2_n0.03_d000_r04,C2,202636,10.18,10.18,0.0,0.24000982198848625,0.2886706199177524,0.2590397708175192,NEAR,NEAR,0.6,1,,,0.03,0
C2_n0.03_d000_r04,C2,202636,10.2,10.2,0.0,0.23844230135836322,0.224615765523977,0.25043376949413365,NEAR,NEAR,0.6,1,,,0.03,0
C2_n0.03_d000_r04,C2,202636,10.22,10.22,0.0,0.2371371001570952,0.24679432517819175,0.24952390841514818,NEAR,NEAR,0.6,1,,,0.03,0
C2_n0.03_d000_r04,C2,202636,10.24,10.24,0.0,0.23612384189748312,0.24912694184481382,0.24942466677256458,NEAR,NEAR,0.6,1,,,0.03,0
C2_n0.03_d000_r04,C2,202636,10.26,10.26,0.0,0.2354255240062799,0.20041387414842787,0.2371719686165304,NEAR,NEAR,0.6,1,,,0.03,0
C2_n0.03_d000_r04,C2,202636,10.28,10.28,0.0,0.23505799586285242,0.22473169425076528,0.23406190002508914,NEAR,NEAR,0.6,1,,,0.03,0
C2_n0.03_d000_r04,C2,202636,10.3,10.3,0.0,0.23502959907357593,0.23022121633849338,0.23310172910344018,NEAR,NEAR,0.6,1,,,0.03,0
C2_n0.03_d000_r04,C2,202636,10.32,10.32,0.0,0.23534097814647711,0.24681513673852132,0.23653008101221046,NEAR,NEAR,0.6,1,,,0.03,0
C2_n0.03_d000_r04,C2,202636,10.34,10.34,0.0,0.23598506586315082,0.2653461373506946,0.24373409509683153,NEAR,NEAR,0.6,1,,,0.03,0
C2_n0.03_d000_r04,C2,202636,10.36,10.36,0.0,0.23694724367995706,0.3086427801528518,0.2599612663608366,NEAR,NEAR,0.6,1,,,0.03,0
C2_n0.03_d000_r04,C2,202636,10.38,10.38,0.0,0.23820567351795077,0.2482862060551132,0.25704250128440576,NEAR,NEAR,0.6,1,,,0.03,0
C2_n0.03_d000_r04,C2,202636,10.4,10.4,0.0,0.2397317934110697,0.22238567383164973,0.24837829442121676,NEAR,NEAR,0.6,1,,,0.03,0
C2_n0.03_d000_r04,C2,202636,10.42,10.42,0.0,0.24149096576309861,0.2495950173791317,0.2486824751606955,NEAR,NEAR,0.6,1,,,0.03,0
C2_n0.03_d000_r04,C2,202636,10.44,10.44,0.0,0.24344326350023596,0.21351748533744694,0.23989122770488336,NEAR,NEAR,0.6,1,,,0.03,0
C2_n0.03_d000_r04,C2,202636,10.46,10.46,0.0,0.2455443762763446,0.26029868974243037,0.2449930932142701,NEAR,NEAR,0.6,1,,,0.03,0
C2_n0.03_d000_r04,C2,202636,10.48,10.48,0.0,0.24774661616318866,0.26581342438887073,0.25019817600792027,NEAR,NEAR,0.6,1,,,0.03,0
C2_n0.03_d000_r04,C2,202636,10.5,10.5,0.0,0.25,0.2566528518505674,0.25181184496858205,NEAR,NEAR,0.6,1,,,0.03,0
C2_n0.03_d000_r04,C2,202636,10.52,10.52,0.0,0.2522533838368113,0.29253306728875095,0.2619921505486243,NEAR,NEAR,0.6,1,,,0.03,0
C2_n0.03_d000_r04,C2,202636,10.54,10.54,0.0,0.2544556237236554,0.2015555624431759,0.24688300352226222,NEAR,NEAR,0.6,1,,,0.03,0
C2_n0.03_d000_r04,C2,202636,10.56,10.56,0.0,0.256556736499764,0.25315720011932796,0.24845155267152866,NEAR,NEAR,0.6,1,,,0.03,0
C2_n0.03_d000_r04,C2,202636,10.58,10.58,0.0,0.25850903423690136,0.27419281763000514,0.25488686891114776,NEAR,NEAR,0.6,1,,,0.03,0
C2_n0.03_d000_r04,C2,202636,10.6,10.6,0.0,0.2602682065889303,0.29572966399448714,0.2650975676819826,NEAR,NEAR,0.6,1,,,0.03,0
C2_n0.03_d000_r04,C2,202636,10.62,10.62,0.0,0.2617943264820492,0.2832627867598311,0.2696388724514447,NEAR,NEAR,0.6,1,,,0.03,0
C2_n0.03_d000_r04,C2,202636,10.64,10.64,0.0,0.26305275632004294,0.25184305379394534,0.26518991778706985,NEAR,NEAR,0.6,1,,,0.03,0
C2_n0.03_d000_r04,C2,202636,10.66,10.66,0.0,0.2640149341368492,0.31428353761418615,0.27746332274384894,NEAR,NEAR,0.6,1,,,0.03,0
C2_n0.03_d000_r04,C2,202636,10.68,10.68,0.0,0.2646590218535229,0.3077394070689473,0.28503234382512355,NEAR,NEAR,0.6,1,,,0.03,0
C2_n0.03_d000_r04,C2,202636,10.7,10.7,0.0,0.26497040092642404,0.28379136973753505,0.2847221003032264,NEAR,NEAR,0.6,1,,,0.03,0
C2_n0.03_d000_r04,C2,202636,10.72,10.72,0.0,0.2649420041371476,0.24476437441545842,0.27473266883128444,NEAR,NEAR,0.6,1,,,0.03,0
C2_n0.03_d000_r04,C2,202636,10.74,10.74,0.0,0.2645744759937201,0.22859723826794492,0.2631988111904496,NEAR,NEAR,0.6,1,,,0.03,0
C2_n0.03_d000_r04,C2,202636,10.76,10.76,0.0,0.26387615810251686,0.25837521596203067,0.2619929123833449,NEAR,NEAR,0.6,1,,,0.03,0
C2_n0.03_d000_r04,C2,202636,10.78,10.78,0.0,0.26286289984290484,0.32147843349806116,0.27686429266202395,NEAR,NEAR,0.6,1,,,0.03,0
C2_n0.03_d000_r04,C2,202636,10.8,10.8,0.0,0.2615576986416368,0.29250126869189674,0.2807735366694921,NEAR,NEAR,0.6,1,,,0.03,0
C2_n0.03_d000_r04,C2,202636,10.82,10.82,0.0,0.25999017801151375,0.22297274654407903,0.2663233391381388,NEAR,NEAR,0.6,1,,,0.03,0
C2_n0.03_d000_r04,C2,202636,10.84,10.84,0.0,0.25819591520101404,0.27864004489959154,0.26940251557850203,NEAR,NEAR,0.6,1,,,0.03,0
C2_n0.03_d000_r04,C2,202636,10.86,10.86,0.0,0.25621563371489936,0.2564852331644076,0.26617319497497843,NEAR,NEAR,0.6,1,,,0.03,0
C2_n0.03_d000_r04,C2,202636,10.88,10.88,0.0,0.2540942790327598,0.2666844982876266,0.2663010208031405,NEAR,NEAR,0.6,1,,,0.03,0
C2_n0.03_d000_r04,C2,202636,10.9,10.9,0.0,0.2518799985034645,0.24862850378273396,0.2618828915480389,NEAR,NEAR,0.6,1,,,0.03,0
C2_n0.03_d000_r04,C2,202636,10.92,10.92,0.0,0.24962304856834996,0.23753397466150392,0.25579566232640516,NEAR,NEAR,0.6,1,,,0.03,0
C2_n0.03_d000_r04,C2,202636,10.94,10.94,0.0,0.24737465411537093,0.253787448546924,0.25529360888153485,NEAR,NEAR,0.6,1,,,0.03,0
C2_n0.03_d000_r04,C2,202636,10.96,10.96,0.0,0.24518584585289174,0.2609267946925101,0.25670190533427867,NEAR,NEAR,0.6,1,,,0.03,0
C2_n0.03_d000_r04,C2,202636,10.98,10.98,0.0,0.24310630209067766,0.19643534939840973,0.2416352663503114,NEAR,NEAR,0.6,1,,,0.03,0
C2_n0.03_d000_r04,C2,202636,11.0,11.0,0.0,0.24118322121561292,0.22173355426201374,0.236659838328237,NEAR,NEAR,0.6,1,,,0.03,0
C2_n0.03_d000_r04,C2,202636,11.02,11.02,0.0,0.2394602504530173,0.21483611047221657,0.23120390636423188,NEAR,NEAR,0.6,1,,,0.03,0
C2_n0.03_d000_r04,C2,202636,11.04,11.04,0.0,0.23797649522693692,0.21775031377356993,0.22784050821656637,NEAR,NEAR,0.6,1,,,0.03,0
C2_n0.03_d000_r04,C2,202636,11.06,11.06,0.0,0.2367656316034757,0.20000497391034044,0.22088162464000988,NEAR,NEAR,0.6,1,,,0.03,0
C2_n0.03_d000_r04,C2,202636,11.08,11.08,0.0,0.23585514196160703,0.2561951256378195,0.22970999988946228,NEAR,NEAR,0.6,1,,,0.03,0
C2_n0.03_d000_r04,C2,202636,11.1,11.1,0.0,0.23526569123906968,0.29510460539100913,0.246058651264849,NEAR,NEAR,0.6,1,,,0.03,0
C2_n0.03_d000_r04,C2,202636,11.12,11.12,0.0,0.23501065791039116,0.2143499071152305,0.23813146522744436,NEAR,NEAR,0.6,1,,,0.03,0
C2_n0.03_d000_r04,C2,202636,11.14,11.14,0.0,0.23509583034219989,0.22755220680904337,0.23548665062284413,NEAR,NEAR,0.6,1,,,0.03,0
C2_n0.03_d000_r04,C2,202636,11.16,11.16,0.0,0.2355192754175009,0.22483969010813587,0.23282491049416706,NEAR,NEAR,0.6,1,,,0.03,0
C2_n0.03_d000_r04,C2,202636,11.18,11.18,0.0,0.2362713824106862,0.21808914369616555,0.22914096879466667,NEAR,NEAR,0.6,1,,,0.03,0
C2_n0.03_d000_r04,C2,202636,11.2,11.2,0.0,0.23733508111746973,0.18135870743605215,0.21719540345501304,NEAR,NEAR,0.6,1,,,0.03,0
C2_n0.03_d000_r04,C2,202636,11.22,11.22,0.0,0.23868622928895847,0.26649596733734104,0.22952054442559505,NEAR,NEAR,0.6,1,,,0.03,0
C2_n0.03_d000_r04,C2,202636,11.24,11.24,0.0,0.24029416057645833,0.23916677952279028,0.23193210319989388,NEAR,NEAR,0.6,1,,,0.03,0
C2_n0.03_d000_r04,C2,202636,11.26,11.26,0.0,0.24212238055058055,0.22419229850465341,0.22999715202608376,NEAR,NEAR,0.6,1,,,0.03,0
C2_n0.03_d000_r04,C2,202636,11.28,11.28,0.0,0.2441293949974419,0.20838463107511285,0.22459402178834104,NEAR,NEAR,0.6,1,,,0.03,0
C2_n0.03_d000_r04,C2,202636,11.3,11.3,0.0,0.24626965169252724,0.22903152103915572,0.2257033966010447,NEAR,NEAR,0.6,1,,,0.03,0
C2_n0.03_d000_r04,C2,202636,11.32,11.32,0.0,0.2484945742772318,0.31167822142378776,0.24719710280673046,NEAR,NEAR,0.6,1,,,0.03,0
C2_n0.03_d000_r04,C2,202636,11.34,11.34,0.0,0.25075366477269656,0.21565390757704467,0.239311303999309,NEAR,NEAR,0.6,1,,,0.03,0
C2_n0.03_d000_r04,C2,202636,11.36,11.36,0.0,0.252995649707716,0.23282986371060238,0.23769094392713236,NEAR,NEAR,0.6,1,,,0.03,0
C2_n0.03_d000_r04,C2,202636,11.38,11.38,0.0,0.2551696438476178,0.20551966522892623,0.2296481242525808,NEAR,NEAR,0.6,1,,,0.03,0
C2_n0.03_d000_r04,C2,202636,11.4,11.4,0.0,0.2572263051115258,0.21987034913719875,0.2272036804737353,NEAR,NEAR,0.6,1,,,0.03,0
C2_n0.03_d000_r04,C2,202636,11.42,11.42,0.0,0.25911895446541905,0.24225555157549372,0.2309666482491749,NEAR,NEAR,0.6,1,,,0.03,0
C2_n0.03_d000_r04,C2,202636,11.44,11.44,0.0,0.26080463537331855,0.22774277255841371,0.2301606793264846,NEAR,NEAR,0.6,1,,,0.03,0
C2_n0.03_d000_r04,C2,202636,11.46,11.46,0.0,0.2622450887607578,0.21985483465875452,0.2275842181595521,NEAR,NEAR,0.6,1,,,0.03,0
C2_n0.03_d000_r04,C2,202636,11.48,11.48,0.0,0.263407621362269,0.21215515971079435,0.22372695354736266,NEAR,NEAR,0.6,1,,,0.03,0
C2_n0.03_d000_r04,C2,202636,11.5,11.5,0.0,0.2642658477444273,0.27109662112032273,0.23556937044060267,NEAR,NEAR,0.6,1,,,0.03,0
C2_n0.03_d000_r04,C2,202636,11.52,11.52,0.0,0.264800289163118,0.2759066345853565,0.24565368647679114,NEAR,NEAR,0.6,1,,,0.03,0
C2_n0.03_d000_r04,C2,202636,11.54,11.54,0.0,0.2649988156630572,0.2562345659804807,0.24829890635271357,NEAR,NEAR,0.6,1,,,0.03,0
C2_n0.03_d000_r04,C2,202636,11.56,11.56,0.0,0.26485692138544975,0.2692253421277556,0.2535305152964741,NEAR,NEAR,0.6,1,,,0.03,0
C2_n0.03_d000_r04,C2,202636,11.58,11.58,0.0,0.2643778268352606,0.23666308340060874,0.24931365732250774,NEAR,NEAR,0.6,1,,,0.03,0
C2_n0.03_d000_r04,C2,202636,11.6,11.6,0.0,0.2635724057869903,0.2440578085741313,0.24799969513541362,NEAR,NEAR,0.6,1,,,0.03,0
C2_n0.03_d000_r04,C2,202636,11.62,11.62,0.0,0.2624589384879373,0.23567333112086594,0.2449181041317767,NEAR,NEAR,0.6,1,,,0.03,0
C2_n0.03_d000_r04,C2,202636,11.64,11.64,0.0,0.2610626967603726,0.24851202350684473,0.2458165839755437,NEAR,NEAR,0.6,1,,,0.03,0
C2_n0.03_d000_r04,C2,202636,11.66,11.66,0.0,0.2594153704193605,0.3109966902467727,0.26211161054335097,NEAR,NEAR,0.6,1,,,0.03,0
C2_n0.03_d000_r04,C2,202636,11.68,11.68,0.0,0.2575543480245365,0.2710593633929795,0.2643485487557581,NEAR,NEAR,0.6,1,,,0.03,0
C2_n0.03_d000_r04,C2,202636,11.7,11.7,0.0,0.25552186829027024,0.24612842391390977,0.259793517545296,NEAR,NEAR,0.6,1,,,0.03,0
C2_n0.03_d000_r04,C2,202636,11.72,11.72,0.0,0.25336406141424067,0.28072772068711827,0.26502706833075157,NEAR,NEAR,0.6,1,,,0.03,0
C2_n0.03_d000_r04,C2,202636,11.74,11.74,0.0,0.25112990208291897,0.22901145734312914,0.25602316558384597,NEAR,NEAR,0.6,1,,,0.03,0
C2_n0.03_d000_r04,C2,202636,11.76,11.76,0.0,0.24887009791708103,0.2640041467392392,0.2580184108726943,NEAR,NEAR,0.6,1,,,0.03,0
C2_n0.03_d000_r04,C2,202636,11.78,11.78,0.0,0.24663593858575936,0.1947117100699709,0.24219173567201344,NEAR,NEAR,0.6,1,,,0.03,0
C2_n0.03_d000_r04,C2,202636,11.8,11.8,0.0,0.2444781317097298,0.2690892377243297,0.2489161111850925,NEAR,NEAR,0.6,1,,,0.03,0
C2_n0.03_d000_r04,C2,202636,11.82,11.82,0.0,0.24244565197546356,0.26423593593515116,0.2527460673726072,NEAR,NEAR,0.6,1,,,0.03,0
C2_n0.03_d000_r04,C2,202636,11.84,11.84,0.0,0.2405846295806395,0.17771927209225583,0.23398936855251934,NEAR,NEAR,0.6,1,,,0.03,0
C2_n0.03_d000_r04,C2,202636,11.86,11.86,0.0,0.23893730323962745,0.22781379412844588,0.23244547494650097,NEAR,NEAR,0.6,1,,,0.03,0
C2_n0.03_d000_r04,C2,202636,11.88,11.88,0.0,0.23754106151206278,0.3021777066359643,0.2498785328688668,NEAR,NEAR,0.6,1,,,0.03,0
C2_n0.03_d000_r04,C2,202636,11.9,11.9,0.0,0.23642759421300968,0.2839717070954812,0.2584018264255204,NEAR,NEAR,0.6,1,,,0.03,0
C2_n0.03_d000_r04,C2,202636,11.92,11.92,0.0,0.23562217316473938,0.2494064450223254,0.2561529810747217,NEAR,NEAR,0.6,1,,,0.03,0
C2_n0.03_d000_r04,C2,202636,11.94,11.94,0.0,0.23514307861455025,0.22827207736642474,0.24918275514764746,NEAR,NEAR,0.6,1,,,0.03,0
C2_n0.03_d000_r04,C2,202636,11.96,11.96,0.0,0.23500118433694275,0.20403960613021668,0.23789696789328976,NEAR,NEAR,0.6,1,,,0.03,0
C2_n0.03_d000_r04,C2,202636,11.98,11.98,0.0,0.235199710836882,0.20954622272372664,0.23080928160089897,NEAR,NEAR,0.6,1,,,0.03,0
C2_n0.03_d000_r04,C2,202636,12.0,12.0,0.0,0.25,0.2507098228153165,0.23578441690450336,NEAR,NEAR,0.6,1,,,0.03,0
C2_n0.03_d000_r04,C2,202636,12.02,12.02,0.0,0.25175,0.2577265130097243,0.2412699409308086,NEAR,NEAR,0.6,1,,,0.03,0
C2_n0.03_d000_r04,C2,202636,12.04,12.04,0.0,0.25349999999999995,0.2444065376542373,0.2420540901116658,NEAR,NEAR,0.6,1,,,0.03,0
C2_n0.03_d000_r04,C2,202636,12.06,12.06,0.0,0.25525000000000003,0.2195352942574239,0.23642439114810532,NEAR,NEAR,0.6,1,,,0.03,0
C2_n0.03_d000_r04,C2,202636,12.08,12.08,0.0,0.257,0.297090323856747,0.2515908743252657,NEAR,NEAR,0.6,1,,,0.03,0
C2_n0.03_d000_r04,C2,202636,12.1,12.1,0.0,0.25875,0.30691126786764317,0.26542097271086007,NEAR,NEAR,0.6,1,,,0.03,0
C2_n0.03_d000_r04,C2,202636,12.12,12.12,0.0,0.26049999999999995,0.272618102474658,0.2672202551518096,NEAR,NEAR,0.6,1,,,0.03,0
C2_n0.03_d000_r04,C2,202636,12.14,12.14,0.0,0.26225000000000004,0.26777903151595683,0.2673599492428464,NEAR,NEAR,0.6,1,,,0.03,0
C2_n0.03_d000_r04,C2,202636,12.16,12.16,0.0,0.264,0.21576125297830517,0.2544602751767111,NEAR,NEAR,0.6,1,,,0.03,0
C2_n0.03_d000_r04,C2,202636,12.18,12.18,0.0,0.26575,0.2974023382121552,0.2651957909355721,NEAR,NEAR,0.6,1,,,0.03,0
C2_n0.03_d000_r04,C2,202636,12.2,12.2,0.0,0.26749999999999996,0.24597096045765485,0.2603895833160928,NEAR,NEAR,0.6,1,,,0.03,0
C2_n0.03_d000_r04,C2,202636,12.22,12.22,0.0,0.26925000000000004,0.2885723513766645,0.26743527533123573,NEAR,NEAR,0.6,1,,,0.03,0
C2_n0.03_d000_r04,C2,202636,12.24,12.24,0.0,0.271,0.2739668479549231,0.2690681684871576,NEAR,NEAR,0.6,1,,,0.03,0
C2_n0.03_d000_r04,C2,202636,12.26,12.26,0.0,0.27275,0.26612775162050256,0.2683330642704938,NEAR,NEAR,0.6,1,,,0.03,0
C2_n0.03_d000_r04,C2,202636,12.28,12.28,0.0,0.27449999999999997,0.2619525811387432,0.2667379434875562,NEAR,NEAR,0.6,1,,,0.03,0
C2_n0.03_d000_r04,C2,202636,12.3,12.3,0.0,0.27625000000000005,0.28271635549175156,0.270732546488605,NEAR,NEAR,0.6,1,,,0.03,0
C2_n0.03_d000_r04,C2,202636,12.32,12.32,0.0,0.278,0.2610105508172862,0.2683020475707753,NEAR,NEAR,0.6,1,,,0.03,0
C2_n0.03_d000_r04,C2,202636,12.34,12.34,0.0,0.27975,0.29167859235877086,0.27414618376777417,NEAR,NEAR,0.6,1,,,0.03,0
C2_n0.03_d000_r04,C2,202636,12.36,12.36,0.0,0.2815,0.29673690362674293,0.27979386373251636,NEAR,NEAR,0.6,1,,,0.03,0
C2_n0.03_d000_r04,C2,202636,12.38,12.38,0.0,0.28325000000000006,0.2950350051229708,0.28360414908013,NEAR,NEAR,0.6,1,,,0.03,0
C2_n0.03_d000_r04,C2,202636,12.4,12.4,0.0,0.28500000000000003,0.3236708369701654,0.29362082105263887,NEAR,NEAR,0.6,1,,,0.03,0
C2_n0.03_d000_r04,C2,202636,12.42,12.42,0.0,0.28675,0.26772785651921793,0.28714757991928364,NEAR,NEAR,0.6,1,,,0.03,0
C2_n0.03_d000_r04,C2,202636,12.44,12.44,0.0,0.2885,0.32112313016797756,0.29564146748145714,NEAR,NEAR,0.6,1,,,0.03,0
C2_n0.03_d000_r04,C2,202636,12.46,12.46,0.0,0.29025000000000006,0.32243565879883074,0.30234001531080057,NEAR,NEAR,0.6,1,,,0.03,0
C2_n0.03_d000_r04,C2,202636,12.48,12.48,0.0,0.29200000000000004,0.32141759071154535,0.3071094091609868,NEAR,NEAR,0.6,1,,,0.03,0
C2_n0.03_d000_r04,C2,202636,12.5,12.5,0.0,0.29375,0.2498154180217818,0.29278591137618554,NEAR,NEAR,0.6,1,,,0.03,0
C2_n0.03_d000_r04,C2,202636,12.52,12.52,0.0,0.2955,0.2898711612982745,0.2920572238567078,NEAR,NEAR,0.6,1,,,0.03,0
C2_n0.03_d000_r04,C2,202636,12.54,12.54,0.0,0.2972499999999999,0.30105512568392007,0.29430669931351083,NEAR,NEAR,0.6,1,,,0.03,0
C2_n0.03_d000_r04,C2,202636,12.56,12.56,0.0,0.29900000000000004,0.2778145109999558,0.2901836522351221,NEAR,NEAR,0.6,1,,,0.03,0
C2_n0.03_d000_r04,C2,202636,12.58,12.58,0.0,0.30075,0.3008384087751276,0.29284734137012347,NEAR,NEAR,0.6,1,,,0.03,0
C2_n0.03_d000_r04,C2,202636,12.6,12.6,0.0,0.3025,0.3051916342630285,0.2959334145933497,NEAR,NEAR,0.6,1,,,0.03,0
C2_n0.03_d000_r04,C2,202636,12.62,12.62,0.0,0.3042499999999999,0.30780377877826337,0.2989010056395781,NEAR,NEAR,0.6,1,,,0.03,0
C2_n0.03_d000_r04,C2,202636,12.64,12.64,0.0,0.30600000000000005,0.3080651563978591,0.30119204332914834,NEAR,NEAR,0.6,1,,,0.03,0
C2_n0.03_d000_r04,C2,202636,12.66,12.66,0.0,0.30775,0.27076153335317665,0.2935844158351554,NEAR,NEAR,0.6,1,,,0.03,0
C2_n0.03_d000_r04,C2,202636,12.68,12.68,0.0,0.3095,0.27949163412513484,0.29006122040765026,NEAR,NEAR,0.6,1,,,0.03,0
C2_n0.03_d000_r04,C2,202636,12.7,12.7,0.0,0.3112499999999999,0.32646793322330525,0.299162898611564,NEAR,NEAR,0.6,1,,,0.03,0
C2_n0.03_d000_r04,C2,202636,12.72,12.72,0.0,0.31300000000000006,0.2963871451076215,0.29846896023557834,NEAR,NEAR,0.6,1,,,0.03,0
C2_n0.03_d000_r04,C2,202636,12.74,12.74,0.0,0.31475000000000003,0.2977348344685003,0.2982854287938088,NEAR,NEAR,0.6,1,,,0.03,0
C2_n0.03_d000_r04,C2,202636,12.76,12.76,0.0,0.3165,0.2971520539452558,0.2980020850816706,NEAR,NEAR,0.6,1,,,0.03,0
C2_n0.03_d000_r04,C2,202636,12.78,12.78,0.0,0.3182499999999999,0.2993132706993634,0.2983298814860938,NEAR,NEAR,0.6,1,,,0.03,0
C2_n0.03_d000_r04,C2,202636,12.8,12.8,0.0,0.32000000000000006,0.28287988160964067,0.29446738151698054,NEAR,NEAR,0.6,1,,,0.03,0
C2_n0.03_d000_r04,C2,202636,12.82,12.82,0.0,0.32175000000000004,0.35147088156145406,0.3087182565280989,NEAR,NEAR,0.6,1,,,0.03,0
C2_n0.03_d000_r04,C2,202636,12.84,12.84,0.0,0.3235,0.34775289692385875,0.31847691662703886,NEAR,NEAR,0.6,1,,,0.03,0
C2_n0.03_d000_r04,C2,202636,12.86,12.86,0.0,0.32524999999999993,0.3118268661824408,0.31681440401588934,NEAR,NEAR,0.6,1,,,0.03,0
C2_n0.03_d000_r04,C2,202636,12.88,12.88,0.0,0.32700000000000007,0.26936744742360175,0.30495266486781747,NEAR,NEAR,0.6,1,,,0.03,0
C2_n0.03_d000_r04,C2,202636,12.9,12.9,0.0,0.32875000000000004,0.342577955493388,0.3143589875242101,NEAR,NEAR,0.6,1,,,0.03,0
C2_n0.03_d000_r04,C2,202636,12.92,12.92,0.0,0.3305,0.3394869551132935,0.32064097942148095,NEAR,NEAR,0.6,1,,,0.03,0
C2_n0.03_d000_r04,C2,202636,12.94,12.94,0.0,0.33224999999999993,0.30996899318407034,0.3179729828621283,NEAR,NEAR,0.6,1,,,0.03,0
C2_n0.03_d000_r04,C2,202636,12.96,12.96,0.0,0.3340000000000001,0.28567504380242864,0.3098984980972034,NEAR,NEAR,0.6,1,,,0.03,0
C2_n0.03_d000_r04,C2,202636,12.98,12.98,0.0,0.33575000000000005,0.3898914524779852,0.32989673669239883,NEAR,NEAR,0.6,1,,,0.03,0
C2_n0.03_d000_r04,C2,202636,13.0,13.0,0.0,0.3375,0.3368551113698883,0.3316363303617712,NEAR,NEAR,0.6,1,,,0.03,0
C2_n0.03_d000_r04,C2,202636,13.02,13.02,0.0,0.33924999999999994,0.4613202529515563,0.36405731100921745,NEAR,NEAR,0.6,1,,,0.03,0
C2_n0.03_d000_r04,C2,202636,13.04,13.04,0.0,0.3409999999999999,0.3121416531373465,0.3510783965412497,NEAR,NEAR,0.6,1,,,0.03,0
C2_n0.03_d000_r04,C2,202636,13.06,13.06,0.0,0.34275000000000005,0.355559681957496,0.35219871789531126,NEAR,NEAR,0.6,1,,,0.03,0
C2_n0.03_d000_r04,C2,202636,13.08,13.08,0.0,0.34450000000000003,0.35106946923430177,0.3519164057300589,NEAR,NEAR,0.6,1,,,0.03,0
C2_n0.03_d000_r04,C2,202636,13.1,13.1,0.0,0.34624999999999995,0.3250097833052212,0.34518975012384945,NEAR,NEAR,0.6,1,,,0.03,0
C2_n0.03_d000_r04,C2,202636,13.12,13.12,0.0,0.3479999999999999,0.3614401321843741,0.3492523456389806,NEAR,NEAR,0.6,1,,,0.03,0
C2_n0.03_d000_r04,C2,202636,13.14,13.14,0.0,0.34975000000000006,0.3655184643789025,0.35331887532396106,NEAR,NEAR,0.6,1,,,0.03,0
C2_n0.03_d000_r04,C2,202636,13.16,13.16,0.0,0.35150000000000003,0.2785643932986127,0.334630254817624,FAR,NEAR,0.6,1,,,0.03,0
C2_n0.03_d000_r04,C2,202636,13.18,13.18,0.0,0.35324999999999995,0.36278962757959726,0.34167009800811726,FAR,NEAR,0.6,1,,,0.03,0
C2_n0.03_d000_r04,C2,202636,13.2,13.2,0.0,0.3549999999999999,0.35437400442587963,0.34484607461255784,FAR,NEAR,0.6,1,,,0.03,0
C2_n0.03_d000_r04,C2,202636,13.22,13.22,0.0,0.35675000000000007,0.3651559216263936,0.34992353636601675,FAR,NEAR,0.6,1,,,0.03,0
C2_n0.03_d000_r04,C2,202636,13.24,13.24,0.0,0.35850000000000004,0.3740617221391311,0.35595808280929536,FAR,NEAR,0.6,1,,,0.03,0
C2_n0.03_d000_r04,C2,202636,13.26,13.26,0.0,0.36024999999999996,0.40198743361507233,0.3674654205107396,FAR,NEAR,0.6,1,,,0.03,0
C2_n0.03_d000_r04,C2,202636,13.28,13.28,0.0,0.36199999999999993,0.29733462524224485,0.3499327216936159,FAR,NEAR,0.6,1,,,0.03,0
C2_n0.03_d000_r04,C2,202636,13.3,13.3,0.0,0.3637500000000001,0.39833232077951247,0.36203262146509,FAR,NEAR,0.6,1,,,0.03,0
C2_n0.03_d000_r04,C2,202636,13.32,13.32,0.0,0.36550000000000005,0.41383090054658933,0.37498219123546483,FAR,NEAR,0.6,1,,,0.03,0
C2_n0.03_d000_r04,C2,202636,13.34,13.34,0.0,0.36724999999999997,0.3963692803778506,0.38032896352106127,FAR,FAR,0.0,1,EXIT_NEAR,,0.03,0
C2_n0.03_d000_r04,C2,202636,13.36,13.36,0.0,0.36899999999999994,0.377726232978651,0.37967828088545874,FAR,FAR,0.0,1,,,0.03,0
C2_n0.03_d000_r04,C2,202636,13.38,13.38,0.0,0.3707500000000001,0.4043800169305955,0.38585371489674297,FAR,FAR,0.0,1,,,0.03,0
C2_n0.03_d000_r04,C2,202636,13.4,13.4,0.0,0.37250000000000005,0.32529584646547677,0.3707142477889264,FAR,FAR,0.0,1,,,0.03,0
C2_n0.03_d000_r04,C2,202636,13.42,13.42,0.0,0.37424999999999997,0.35001437206254016,0.36553927885732984,FAR,FAR,0.0,1,,,0.03,0
C2_n0.03_d000_r04,C2,202636,13.44,13.44,0.0,0.37599999999999995,0.336743682582464,0.35834037978861344,FAR,FAR,0.0,1,,,0.03,0
C2_n0.03_d000_r04,C2,202636,13.46,13.46,0.0,0.37775000000000003,0.39638317091098396,0.36785107756920604,FAR,FAR,0.0,1,,,0.03,0
C2_n0.03_d000_r04,C2,202636,13.48,13.48,0.0,0.37950000000000006,0.3747449472498868,0.3695745449893762,FAR,FAR,0.0,1,,,0.03,0
C2_n0.03_d000_r04,C2,202636,13.5,13.5,0.0,0.38125,0.37665190134844656,0.3713438840791438,FAR,FAR,0.0,1,,,0.03,0
C2_n0.03_d000_r04,C2,202636,13.52,13.52,0.0,0.38299999999999995,0.3909994253161341,0.3762577693883914,FAR,FAR,0.0,1,,,0.03,0
C2_n0.03_d000_r04,C2,202636,13.54,13.54,0.0,0.3847499999999999,0.37645946536708086,0.37630819338306376,FAR,FAR,0.0,1,,,0.03,0
C2_n0.03_d000_r04,C2,202636,13.56,13.56,0.0,0.38650000000000007,0.3741297452498197,0.37576358134975274,FAR,FAR,0.0,1,,,0.03,0
C2_n0.03_d000_r04,C2,202636,13.58,13.58,0.0,0.38825,0.36447286585478683,0.37294090247601125,FAR,FAR,0.0,1,,,0.03,0
C2_n0.03_d000_r04,C2,202636,13.6,13.6,0.0,0.38999999999999996,0.36814996710857406,0.3717431686341519,FAR,FAR,0.0,1,,,0.03,0
C2_n0.03_d000_r04,C2,202636,13.62,13.62,0.0,0.39174999999999993,0.35548506427446985,0.3676786425442314,FAR,FAR,0.0,1,,,0.03,0
C2_n0.03_d000_r04,C2,202636,13.64,13.64,0.0,0.39350000000000007,0.40470515343473495,0.3769352702668573,FAR,FAR,0.0,1,,,0.03,0
C2_n0.03_d000_r04,C2,202636,13.66,13.66,0.0,0.39525,0.41236599070334656,0.3857929503759796,FAR,FAR,0.0,1,,,0.03,0
C2_n0.03_d000_r04,C2,202636,13.68,13.68,0.0,0.39699999999999996,0.418626566733542,0.3940013544653702,FAR,FAR,0.0,1,,,0.03,0
C2_n0.03_d000_r04,C2,202636,13.7,13.7,0.0,0.39874999999999994,0.4256617579074766,0.4019164553258968,FAR,FAR,0.0,1,,,0.03,0
C2_n0.03_d000_r04,C2,202636,13.72,13.72,0.0,0.4005000000000001,0.4216695510819428,0.4068547292649083,FAR,FAR,0.0,1,,,0.03,0
C2_n0.03_d000_r04,C2,202636,13.74,13.74,0.0,0.40225,0.46506571523288365,0.42140747575690213,FAR,FAR,0.0,1,,,0.03,0
C2_n0.03_d000_r04,C2,202636,13.76,13.76,0.0,0.40399999999999997,0.4317512517338637,0.4239934197511425,FAR,FAR,0.0,1,,,0.03,0
C2_n0.03_d000_r04,C2,202636,13.78,13.78,0.0,0.40574999999999994,0.43600400089894065,0.42699606503809207,FAR,FAR,0.0,1,,,0.03,0
C2_n0.03_d000_r04,C2,202636,13.8,13.8,0.0,0.4075000000000001,0.4093573947612475,0.4225863974688809,FAR,FAR,0.0,1,,,0.03,0
C2_n0.03_d000_r04,C2,202636,13.82,13.82,0.0,0.40925,0.4205230776873216,0.4220705675234911,FAR,FAR,0.0,1,,,0.03,0
C2_n0.03_d000_r04,C2,202636,13.84,13.84,0.0,0.411,0.41298236822129736,0.4197985176979427,FAR,FAR,0.0,1,,,0.03,0
C2_n0.03_d000_r04,C2,202636,13.86,13.86,0.0,0.41274999999999995,0.4336619365151514,0.4232643724022449,FAR,FAR,0.0,1,,,0.03,0
C2_n0.03_d000_r04,C2,202636,13.88,13.88,0.0,0.4145000000000001,0.4149334173232411,0.42118163363249395,FAR,FAR,0.0,1,,,0.03,0
C2_n0.03_d000_r04,C2,202636,13.9,13.9,0.0,0.41625,0.3980023714253391,0.41538681808070527,FAR,FAR,0.0,1,,,0.03,0
C2_n0.03_d000_r04,C2,202636,13.92,13.92,0.0,0.418,0.34626409700621485,0.3981061378120827,FAR,FAR,0.0,1,,,0.03,0
C2_n0.03_d000_r04,C2,202636,13.94,13.94,0.0,0.41974999999999996,0.4055935957807631,0.3999780023042528,FAR,FAR,0.0,1,,,0.03,0
C2_n0.03_d000_r04,C2,202636,13.96,13.96,0.0,0.4215000000000001,0.34280034779815105,0.38568358867772734,FAR,FAR,0.0,1,,,0.03,0
C2_n0.03_d000_r04,C2,202636,13.98,13.98,0.0,0.42325,0.43179715583606343,0.3972119804673114,FAR,FAR,0.0,1,,,0.03,0
C2_n0.03_d000_r04,C2,202636,14.0,14.0,0.0,0.425,0.405513860662404,0.39928745051608455,FAR,FAR,0.0,1,,,0.03,0
C2_n0.03_d000_r04,C2,202636,14.02,14.02,0.0,0.42674999999999996,0.4978837152924085,0.4239365167101655,FAR,FAR,0.0,1,,,0.03,0
C2_n0.03_d000_r04,C2,202636,14.04,14.04,0.0,0.4284999999999999,0.41884910152486754,0.42266466291384097,FAR,FAR,0.0,1,,,0.03,0
C2_n0.03_d000_r04,C2,202636,14.06,14.06,0.0,0.43025,0.4040657661709667,0.41801493872812245,FAR,FAR,0.0,1,,,0.03,0
C2_n0.03_d000_r04,C2,202636,14.08,14.08,0.0,0.432,0.38373453948886405,0.40944483891830785,FAR,FAR,0.0,1,,,0.03,0
C2_n0.03_d000_r04,C2,202636,14.1,14.1,0.0,0.43374999999999997,0.46190969287631595,0.4225610524078099,FAR,FAR,0.0,1,,,0.03,0
C2_n0.03_d000_r04,C2,202636,14.12,14.12,0.0,0.4354999999999999,0.4591717119728426,0.4317137172990681,FAR,FAR,0.0,1,,,0.03,0
C2_n0.03_d000_r04,C2,202636,14.14,14.14,0.0,0.43725,0.46849204410651507,0.4409082990009298,FAR,FAR,0.0,1,,,0.03,0
C2_n0.03_d000_r04,C2,202636,14.16,14.16,0.0,0.439,0.4264300952378958,0.4372887480601713,FAR,FAR,0.0,1,,,0.03,0
C2_n0.03_d000_r04,C2,202636,14.18,14.18,0.0,0.44075,0.4709720648064136,0.4457095772467319,FAR,FAR,0.0,1,,,0.03,0
C2_n0.03_d000_r04,C2,202636,14.2,14.2,0.0,0.4424999999999999,0.44567885825432374,0.4457018974986299,FAR,FAR,0.0,1,,,0.03,0
C2_n0.03_d000_r04,C2,202636,14.22,14.22,0.0,0.44425000000000003,0.3924926040007923,0.4323995741241705,FAR,FAR,0.0,1,,,0.03,0
C2_n0.03_d000_r04,C2,202636,14.24,14.24,0.0,0.446,0.41564807392916725,0.42821169907541967,FAR,FAR,0.0,1,,,0.03,0
C2_n0.03_d000_r04,C2,202636,14.26,14.26,0.0,0.44775,0.4181319739849104,0.4256917678027924,FAR,FAR,0.0,1,,,0.03,0
C2_n0.03_d000_r04,C2,202636,14.28,14.28,0.0,0.4494999999999999,0.441077783545324,0.4295382717384253,FAR,FAR,0.0,1,,,0.03,0
C2_n0.03_d000_r04,C2,202636,14.3,14.3,0.0,0.45125000000000004,0.512925039786449,0.45038496375043124,FAR,FAR,0.0,1,,,0.03,0
C2_n0.03_d000_r04,C2,202636,14.32,14.32,0.0,0.453,0.48203467588013366,0.4582973917828569,FAR,FAR,0.0,1,,,0.03,0
C2_n0.03_d000_r04,C2,202636,14.34,14.34,0.0,0.45475,0.42115349969484167,0.4490114187608531,FAR,FAR,0.0,1,,,0.03,0
C2_n0.03_d000_r04,C2,202636,14.36,14.36,0.0,0.4564999999999999,0.4406194917527012,0.44691343700881514,FAR,FAR,0.0,1,,,0.03,0
C2_n0.03_d000_r04,C2,202636,14.38,14.38,0.0,0.45825000000000005,0.4559438751954814,0.4491710465554817,FAR,FAR,0.0,1,,,0.03,0
C2_n0.03_d000_r04,C2,202636,14.4,14.4,0.0,0.46,0.49621470611684665,0.46093196144582294,FAR,FAR,0.0,1,,,0.03,0
C2_n0.03_d000_r04,C2,202636,14.42,14.42,0.0,0.46175,0.45389523619979266,0.4591727801343154,FAR,FAR,0.0,1,,,0.03,0
C2_n0.03_d000_r04,C2,202636,14.44,14.44,0.0,0.4634999999999999,0.46426949712353704,0.4604469593816208,FAR,FAR,0.0,1,,,0.03,0
C2_n0.03_d000_r04,C2,202636,14.46,14.46,0.0,0.46525000000000005,0.5010244889336148,0.4705913417696193,FAR,FAR,0.0,1,,,0.03,0
C2_n0.03_d000_r04,C2,202636,14.48,14.48,0.0,0.467,0.4778346636699821,0.47240217224471004,FAR,FAR,0.0,1,,,0.03,0
C2_n0.03_d000_r04,C2,202636,14.5,14.5,0.0,0.46875,0.4354850649545617,0.46317289542217294,FAR,FAR,0.0,1,,,0.03,0
C2_n0.03_d000_r04,C2,202636,14.52,14.52,0.0,0.4704999999999999,0.4208318337540058,0.45258763000513114,FAR,FAR,0.0,1,,,0.03,0
C2_n0.03_d000_r04,C2,202636,14.54,14.54,0.0,0.47224999999999995,0.4708510218025103,0.457153477954476,FAR,FAR,0.0,1,,,0.03,0
C2_n0.03_d000_r04,C2,202636,14.56,14.56,0.0,0.47400000000000003,0.5089810684682715,0.4701103755829249,FAR,FAR,0.0,1,,,0.03,0
C2_n0.03_d000_r04,C2,202636,14.58,14.58,0.0,0.47575,0.49640717001125373,0.47668457419000715,FAR,FAR,0.0,1,,,0.03,0
C2_n0.03_d000_r04,C2,202636,14.6,14.6,0.0,0.4774999999999999,0.5077322285336241,0.48444648777591137,FAR,FAR,0.0,1,,,0.03,0
C2_n0.03_d000_r04,C2,202636,14.62,14.62,0.0,0.47924999999999995,0.4699938773470802,0.4808333351687036,FAR,FAR,0.0,1,,,0.03,0
C2_n0.03_d000_r04,C2,202636,14.64,14.64,0.0,0.48100000000000004,0.46703611323027333,0.47738402968409605,FAR,FAR,0.0,1,,,0.03,0
C2_n0.03_d000_r04,C2,202636,14.66,14.66,0.0,0.48275,0.475254351228553,0.47685161007021026,FAR,FAR,0.0,1,,,0.03,0
C2_n0.03_d000_r04,C2,202636,14.68,14.68,0.0,0.48449999999999993,0.5078356053641665,0.4845976088936993,FAR,FAR,0.0,1,,,0.03,0
C2_n0.03_d000_r04,C2,202636,14.7,14.7,0.0,0.48624999999999996,0.47742434990961835,0.482804294147679,FAR,FAR,0.0,1,,,0.03,0
C2_n0.03_d000_r04,C2,202636,14.72,14.72,0.0,0.48800000000000004,0.4434663455926501,0.47296980700892177,FAR,FAR,0.0,1,,,0.03,0
C2_n0.03_d000_r04,C2,202636,14.74,14.74,0.0,0.48975,0.47166402439368754,0.4726433613551132,FAR,FAR,0.0,1,,,0.03,0
C2_n0.03_d000_r04,C2,202636,14.76,14.76,0.0,0.49149999999999994,0.4892803324856204,0.47680260413774,FAR,FAR,0.0,1,,,0.03,0
C2_n0.03_d000_r04,C2,202636,14.78,14.78,0.0,0.49324999999999997,0.48251668678306536,0.47823112479907137,FAR,FAR,0.0,1,,,0.03,0
C2_n0.03_d000_r04,C2,202636,14.8,14.8,0.0,0.49500000000000005,0.525269563388398,0.48999073444640306,FAR,FAR,0.0,1,,,0.03,0
C2_n0.03_d000_r04,C2,202636,14.82,14.82,0.0,0.49675,0.42449732362737325,0.47361738174164564,FAR,FAR,0.0,1,,,0.03,0
C2_n0.03_d000_r04,C2,202636,14.84,14.84,0.0,0.49849999999999994,0.476090832353904,0.4742357443947102,FAR,FAR,0.0,1,,,0.03,0
C2_n0.03_d000_r04,C2,202636,14.86,14.86,0.0,0.5002499999999999,0.4790344729866045,0.4754354265426838,FAR,FAR,0.0,1,,,0.03,0
C2_n0.03_d000_r04,C2,202636,14.88,14.88,0.0,0.502,0.5227310008746587,0.4872593201256775,FAR,FAR,0.0,1,,,0.03,0
C2_n0.03_d000_r04,C2,202636,14.9,14.9,0.0,0.50375,0.5377608595679232,0.49988470498623894,FAR,FAR,0.0,1,,,0.03,0
C2_n0.03_d000_r04,C2,202636,14.92,14.92,0.0,0.5055000000000001,0.5415552578579524,0.5103023432041673,FAR,FAR,0.0,1,,,0.03,0
C2_n0.03_d000_r04,C2,202636,14.94,14.94,0.0,0.50725,0.4621807703656509,0.4982719499945382,FAR,FAR,0.0,1,,,0.03,0
C2_n0.03_d000_r04,C2,202636,14.96,14.96,0.0,0.5090000000000001,0.5092560546104767,0.5010179761485228,FAR,FAR,0.0,1,,,0.03,0
C2_n0.03_d000_r04,C2,202636,14.98,14.98,0.0,0.51075,0.5285252631634163,0.5078947979022461,FAR,FAR,0.0,1,,,0.03,0
C2_n0.03_d000_r04,C2,202636,15.0,15.0,0.0,0.5125,0.44412040860317303,0.4919512005774779,FAR,FAR,0.0,1,,,0.03,0
C2_n0.03_d000_r04,C2,202636,15.02,15.02,0.0,0.5142499999999999,0.48648108717823413,0.4905836722276669,FAR,FAR,0.0,1,,,0.03,0
C2_n0.03_d000_r04,C2,202636,15.04,15.04,0.0,0.5159999999999999,0.4975846975562717,0.4923339285598181,FAR,FAR,0.0,1,,,0.03,0
C2_n0.03_d000_r04,C2,202636,15.06,15.06,0.0,0.51775,0.5005400699088238,0.49438546389706955,FAR,FAR,0.0,1,,,0.03,0
C2_n0.03_d000_r04,C2,202636,15.08,15.08,0.0,0.5195,0.5145166801045133,0.4994182679489305,FAR,FAR,0.0,1,,,0.03,0
C2_n0.03_d000_r04,C2,202636,15.1,15.1,0.0,0.52125,0.5246880244864053,0.5057357070832992,FAR,FAR,0.0,1,,,0.03,0
C2_n0.03_d000_r04,C2,202636,15.12,15.12,0.0,0.5229999999999999,0.5356439002356388,0.5132127553713841,FAR,FAR,0.0,1,,,0.03,0
C2_n0.03_d000_r04,C2,202636,15.14,15.14,0.0,0.52475,0.5351695350714641,0.5187019502964041,FAR,FAR,0.0,1,,,0.03,0
C2_n0.03_d000_r04,C2,202636,15.16,15.16,0.0,0.5265,0.48083856880905473,0.5092361049245667,FAR,FAR,0.0,1,,,0.03,0
C2_n0.03_d000_r04,C2,202636,15.18,15.18,0.0,0.5282499999999999,0.5484674511468243,0.5190439414801311,FAR,FAR,0.0,1,,,0.03,0
C2_n0.03_d000_r04,C2,202636,15.2,15.2,0.0,0.5299999999999999,0.5581415863430716,0.5288183526958663,FAR,FAR,0.0,1,,,0.03,0
C2_n0.03_d000_r04,C2,202636,15.22,15.22,0.0,0.5317500000000001,0.503013558459326,0.5223671541367312,FAR,FAR,0.0,1,,,0.03,0
C2_n0.03_d000_r04,C2,202636,15.24,15.24,0.0,0.5335,0.5493779283251338,0.5291198476838318,FAR,FAR,0.0,1,,,0.03,0
C2_n0.03_d000_r04,C2,202636,15.26,15.26,0.0,0.53525,0.5402796016942121,0.5319097861864269,FAR,FAR,0.0,1,,,0.03,0
C2_n0.03_d000_r04,C2,202636,15.28,15.28,0.0,0.5369999999999999,0.542498056711926,0.5345568538178017,FAR,FAR,0.0,1,,,0.03,0
C2_n0.03_d000_r04,C2,202636,15.3,15.3,0.0,0.5387500000000001,0.558299096107391,0.540492414390199,FAR,FAR,0.0,1,,,0.03,0
C2_n0.03_d000_r04,C2,202636,15.32,15.32,0.0,0.5405,0.5658492115272928,0.5468316136744724,FAR,FAR,0.0,1,,,0.03,0
C2_n0.03_d000_r04,C2,202636,15.34,15.34,0.0,0.5422499999999999,0.505163421302018,0.5364145655813588,FAR,FAR,0.0,1,,,0.03,0
C2_n0.03_d000_r04,C2,202636,15.36,15.36,0.0,0.5439999999999999,0.5652233553192973,0.5436167630158435,FAR,FAR,0.0,1,,,0.03,0
C2_n0.03_d000_r04,C2,202636,15.38,15.38,0.0,0.5457500000000001,0.5601624522524636,0.5477531853249985,FAR,FAR,0.0,1,,,0.03,0
C2_n0.03_d000_r04,C2,202636,15.4,15.4,0.0,0.5475,0.5917936115906824,0.5587632918914195,FAR,FAR,0.0,1,,,0.03,0
C2_n0.03_d000_r04,C2,202636,15.42,15.42,0.0,0.54925,0.5629672214278382,0.5598142742755242,FAR,FAR,0.0,1,,,0.03,0
C2_n0.03_d000_r04,C2,202636,15.44,15.44,0.0,0.5509999999999999,0.5912473000032309,0.5676725307074508,FAR,FAR,0.0,1,,,0.03,0
C2_n0.03_d000_r04,C2,202636,15.46,15.46,0.0,0.5527500000000001,0.5695268892155181,0.5681361203344677,FAR,FAR,0.0,1,,,0.03,0
C2_n0.03_d000_r04,C2,202636,15.48,15.48,0.0,0.5545,0.5353536084497216,0.5599404923632811,FAR,FAR,0.0,1,,,0.03,0
C2_n0.03_d000_r04,C2,202636,15.5,15.5,0.0,0.5562499999999999,0.5376780158472193,0.5543748732342657,FAR,FAR,0.0,1,,,0.03,0
C2_n0.03_d000_r04,C2,202636,15.52,15.52,0.0,0.5579999999999999,0.5958796680810063,0.5647510719459509,FAR,FAR,0.0,1,,,0.03,0
C2_n0.03_d000_r04,C2,202636,15.54,15.54,0.0,0.55975,0.5130392144601919,0.5518231075745111,FAR,FAR,0.0,1,,,0.03,0
C2_n0.03_d000_r04,C2,202636,15.56,15.56,0.0,0.5615,0.58429059478559,0.5599399793772808,FAR,FAR,0.0,1,,,0.03,0
C2_n0.03_d000_r04,C2,202636,15.58,15.58,0.0,0.56325,0.5147428147742306,0.5486406882265182,FAR,FAR,0.0,1,,,0.03,0
C2_n0.03_d000_r04,C2,202636,15.6,15.6,0.0,0.565,0.5177163907301717,0.5409096138524316,FAR,FAR,0.0,1,,,0.03,0
C2_n0.03_d000_r04,C2,202636,15.62,15.62,0.0,0.5667499999999999,0.5490001884108454,0.5429322574920351,FAR,FAR,0.0,1,,,0.03,0
C2_n0.03_d000_r04,C2,202636,15.64,15.64,0.0,0.5685,0.5681577020132983,0.5492386186223509,FAR,FAR,0.0,1,,,0.03,0
C2_n0.03_d000_r04,C2,202636,15.66,15.66,0.0,0.5702499999999999,0.5965513393037746,0.5610667987927068,FAR,FAR,0.0,1,,,0.03,0
C2_n0.03_d000_r04,C2,202636,15.68,15.68,0.0,0.572,0.5420656841211967,0.5563165201248292,FAR,FAR,0.0,1,,,0.03,0
C2_n0.03_d000_r04,C2,202636,15.7,15.7,0.0,0.57375,0.585153946452944,0.5635258767068579,FAR,FAR,0.0,1,,,0.03,0
C2_n0.03_d000_r04,C2,202636,15.72,15.72,0.0,0.5755,0.5658637676258867,0.5641103494366151,FAR,FAR,0.0,1,,,0.03,0
C2_n0.03_d000_r04,C2,202636,15.74,15.74,0.0,0.57725,0.5741092252295921,0.5666100683848594,FAR,FAR,0.0,1,,,0.03,0
C2_n0.03_d000_r04,C2,202636,15.76,15.76,0.0,0.579,0.5804542319772376,0.5700711092829539,FAR,FAR,0.0,1,,,0.03,0
C2_n0.03_d000_r04,C2,202636,15.78,15.78,0.0,0.5807499999999999,0.5560090547825155,0.5665555956578443,FAR,FAR,0.0,1,,,0.03,0
C2_n0.03_d000_r04,C2,202636,15.8,15.8,0.0,0.5825,0.538577840806358,0.5595611569449728,FAR,FAR,0.0,1,,,0.03,0
C2_n0.03_d000_r04,C2,202636,15.82,15.82,0.0,0.5842499999999999,0.5619874285511336,0.560167724846513,FAR,FAR,0.0,1,,,0.03,0
C2_n0.03_d000_r04,C2,202636,15.84,15.84,0.0,0.586,0.6280379770255773,0.5771352878912791,FAR,FAR,0.0,1,,,0.03,0
C2_n0.03_d000_r04,C2,202636,15.86,15.86,0.0,0.58775,0.615037525946113,0.5866108474049876,FAR,FAR,0.0,1,,,0.03,0
C2_n0.03_d000_r04,C2,202636,15.88,15.88,0.0,0.5895,0.6262484083675138,0.5965202376456191,FAR,FAR,0.0,1,,,0.03,0
C2_n0.03_d000_r04,C2,202636,15.9,15.9,0.0,0.59125,0.6049017353254879,0.5986156120655863,FAR,FAR,0.0,1,,,0.03,0
C2_n0.03_d000_r04,C2,202636,15.92,15.92,0.0,0.593,0.5616449132386738,0.5893729373588582,FAR,FAR,0.0,1,,,0.03,0
C2_n0.03_d000_r04,C2,202636,15.94,15.94,0.0,0.5947499999999999,0.5586806381196563,0.5816998625490577,FAR,FAR,0.0,1,,,0.03,0
C2_n0.03_d000_r04,C2,202636,15.96,15.96,0.0,0.5965,0.5281762588715277,0.5683189616296752,FAR,FAR,0.0,1,,,0.03,0
C2_n0.03_d000_r04,C2,202636,15.98,15.98,0.0,0.59825,0.5691396915807964,0.5685241441174556,FAR,FAR,0.0,1,,,0.03,0
C2_n0.03_d000_r04,C2,202636,16.0,16.0,0.0,0.6,0.5707024636381798,0.5690687239976366,FAR,FAR,0.0,1,,,0.03,0
C2_n0.03_d000_r04,C2,202636,16.02,16.02,0.0,0.6,0.6202825832069093,0.5818721887999548,FAR,FAR,0.0,1,,,0.03,0
C2_n0.03_d000_r04,C2,202636,16.04,16.04,0.0,0.6,0.5977067765165868,0.5858308357291128,FAR,FAR,0.0,1,,,0.03,0
C2_n0.03_d000_r04,C2,202636,16.06,16.06,0.0,0.6,0.6074512548849468,0.5912359405180713,FAR,FAR,0.0,1,,,0.03,0
C2_n0.03_d000_r04,C2,202636,16.08,16.08,0.0,0.6,0.58038161090653,0.5885223581151859,FAR,FAR,0.0,1,,,0.03,0
C2_n0.03_d000_r04,C2,202636,16.1,16.1,0.0,0.6,0.5747863136811484,0.5850883470066766,FAR,FAR,0.0,1,,,0.03,0
C2_n0.03_d000_r04,C2,202636,16.12,16.12,0.0,0.6,0.5842646573233966,0.5848824245858566,FAR,FAR,0.0,1,,,0.03,0
C2_n0.03_d000_r04,C2,202636,16.14,16.14,0.0,0.6,0.6088523569636708,0.5908749076803101,FAR,FAR,0.0,1,,,0.03,0
C2_n0.03_d000_r04,C2,202636,16.16,16.16,0.0,0.6,0.5967892952408085,0.5923535045704347,FAR,FAR,0.0,1,,,0.03,0
C2_n0.03_d000_r04,C2,202636,16.18,16.18,0.0,0.6,0.6078509035107946,0.5962278543055246,FAR,FAR,0.0,1,,,0.03,0
C2_n0.03_d000_r04,C2,202636,16.2,16.2,0.0,0.6,0.6363404798191579,0.606256010683933,FAR,FAR,0.0,1,,,0.03,0
C2_n0.03_d000_r04,C2,202636,16.22,16.22,0.0,0.6,0.6174908173705353,0.6090647123555836,FAR,FAR,0.0,1,,,0.03,0
C2_n0.03_d000_r04,C2,202636,16.24,16.24,0.0,0.6,0.5700430540788779,0.5993092977864072,FAR,FAR,0.0,1,,,0.03,0
C2_n0.03_d000_r04,C2,202636,16.26,16.26,0.0,0.6,0.5944432799352477,0.5980927933236173,FAR,FAR,0.0,1,,,0.03,0
C2_n0.03_d000_r04,C2,202636,16.28,16.28,0.0,0.6,0.5712780885737029,0.5913891171361387,FAR,FAR,0.0,1,,,0.03,0
C2_n0.03_d000_r04,C2,202636,16.3,16.3,0.0,0.6,0.5747620363959873,0.5872323469511009,FAR,FAR,0.0,1,,,0.03,0
C2_n0.03_d000_r04,C2,202636,16.32,16.32,0.0,0.6,0.6259407742591209,0.5969094537781059,FAR,FAR,0.0,1,,,0.03,0
C2_n0.03_d000_r04,C2,202636,16.34,16.34,0.0,0.6,0.6576914304385426,0.612104947943215,FAR,FAR,0.0,1,,,0.03,0
C2_n0.03_d000_r04,C2,202636,16.36,16.36,0.0,0.6,0.5751380259202892,0.6028632174374835,FAR,FAR,0.0,1,,,0.03,0
C2_n0.03_d000_r04,C2,202636,16.38,16.38,0.0,0.6,0.6133346126957285,0.6054810662520448,FAR,FAR,0.0,1,,,0.03,0
C2_n0.03_d000_r04,C2,202636,16.4,16.4,0.0,0.6,0.5531263530819736,0.592392387959527,FAR,FAR,0.0,1,,,0.03,0
C2_n0.03_d000_r04,C2,202636,16.42,16.42,0.0,0.6,0.559538014420923,0.584178794574876,FAR,FAR,0.0,1,,,0.03,0
C2_n0.03_d000_r04,C2,202636,16.44,16.44,0.0,0.6,0.5402212617064144,0.5731894113577606,FAR,FAR,0.0,1,,,0.03,0
C2_n0.03_d000_r04,C2,202636,16.46,16.46,0.0,0.6,0.6438888162146936,0.5908642625719939,FAR,FAR,0.0,1,,,0.03,0
C2_n0.03_d000_r04,C2,202636,16.48,16.48,0.0,0.6,0.5952551246280817,0.5919619780860159,FAR,FAR,0.0,1,,,0.03,0
C2_n0.03_d000_r04,C2,202636,16.5,16.5,0.0,0.6,0.6053371370611527,0.5953057678298002,FAR,FAR,0.0,1,,,0.03,0
C2_n0.03_d000_r04,C2,202636,16.52,16.52,0.0,0.6,0.5472100602456834,0.583281840933771,FAR,FAR,0.0,1,,,0.03,0
C2_n0.03_d000_r04,C2,202636,16.54,16.54,0.0,0.6,0.5694276104387608,0.5798182833100185,FAR,FAR,0.0,1,,,0.03,0
C2_n0.03_d000_r04,C2,202636,16.56,16.56,0.0,0.6,0.6543758017352693,0.5984576629163312,FAR,FAR,0.0,1,,,0.03,0
C2_n0.03_d000_r04,C2,202636,16.58,16.58,0.0,0.6,0.5713815071195071,0.5916886239671252,FAR,FAR,0.0,1,,,0.03,0
C2_n0.03_d000_r04,C2,202636,16.6,16.6,0.0,0.6,0.5760227488656867,0.5877721551917656,FAR,FAR,0.0,1,,,0.03,0
C2_n0.03_d000_r04,C2,202636,16.62,16.62,0.0,0.6,0.6583370632318551,0.605413382201788,FAR,FAR,0.0,1,,,0.03,0
C2_n0.03_d000_r04,C2,202636,16.64,16.64,0.0,0.6,0.6290468450135092,0.6113217479047183,FAR,FAR,0.0,1,,,0.03,0
C2_n0.03_d000_r04,C2,202636,16.66,16.66,0.0,0.6,0.5691458876693511,0.6007777828458765,FAR,FAR,0.0,1,,,0.03,0
C2_n0.03_d000_r04,C2,202636,16.68,16.68,0.0,0.6,0.6037051616714668,0.601509627552274,FAR,FAR,0.0,1,,,0.03,0
C2_n0.03_d000_r04,C2,202636,16.7,16.7,0.0,0.6,0.5729767443059839,0.5943764067407015,FAR,FAR,0.0,1,,,0.03,0
C2_n0.03_d000_r04,C2,202636,16.72,16.72,0.0,0.6,0.5945747931308507,0.5944260033382387,FAR,FAR,0.0,1,,,0.03,0
C2_n0.03_d000_r04,C2,202636,16.74,16.74,0.0,0.6,0.6179105821321815,0.6002971480367244,FAR,FAR,0.0,1,,,0.03,0
C2_n0.03_d000_r04,C2,202636,16.76,16.76,0.0,0.6,0.5369972259699144,0.5844721675200218,FAR,FAR,0.0,1,,,0.03,0
C2_n0.03_d000_r04,C2,202636,16.78,16.78,0.0,0.6,0.5773643425415312,0.5826952112753992,FAR,FAR,0.0,1,,,0.03,0
C2_n0.03_d000_r04,C2,202636,16.8,16.8,0.0,0.6,0.6014973612493063,0.587395748768876,FAR,FAR,0.0,1,,,0.03,0
C2_n0.03_d000_r04,C2,202636,16.82,16.82,0.0,0.6,0.6286427405061584,0.5977074967031966,FAR,FAR,0.0,1,,,0.03,0
C2_n0.03_d000_r04,C2,202636,16.84,16.84,0.0,0.6,0.5887750437668036,0.5954743834690983,FAR,FAR,0.0,1,,,0.03,0
C2_n0.03_d000_r04,C2,202636,16.86,16.86,0.0,0.6,0.5800162592040377,0.5916098524028331,FAR,FAR,0.0,1,,,0.03,0
C2_n0.03_d000_r04,C2,202636,16.88,16.88,0.0,0.6,0.5799349075095713,0.5886911161795176,FAR,FAR,0.0,1,,,0.03,0
C2_n0.03_d000_r04,C2,202636,16.9,16.9,0.0,0.6,0.6325145467103144,0.5996469738122168,FAR,FAR,0.0,1,,,0.03,0
C2_n0.03_d000_r04,C2,202636,16.92,16.92,0.0,0.6,0.623574761388117,0.6056289207061918,FAR,FAR,0.0,1,,,0.03,0
C2_n0.03_d000_r04,C2,202636,16.94,16.94,0.0,0.6,0.594755547302915,0.6029105773553726,FAR,FAR,0.0,1,,,0.03,0
C2_n0.03_d000_r04,C2,202636,16.96,16.96,0.0,0.6,0.5855321705242351,0.5985659756475883,FAR,FAR,0.0,1,,,0.03,0
C2_n0.03_d000_r04,C2,202636,16.98,16.98,0.0,0.6,0.5937950215217891,0.5973732371161384,FAR,FAR,0.0,1,,,0.03,0
C2_n0.03_d000_r04,C2,202636,17.0,17.0,0.0,0.6,0.566920578988425,0.58976007258421,FAR,FAR,0.0,1,,,0.03,0
C2_n0.03_d000_r04,C2,202636,17.02,17.02,0.0,0.6,0.5852486698491448,0.5886322219004437,FAR,FAR,0.0,1,,,0.03,0
C2_n0.03_d000_r04,C2,202636,17.04,17.04,0.0,0.6,0.6237977211038719,0.5974235967013007,FAR,FAR,0.0,1,,,0.03,0
C2_n0.03_d000_r04,C2,202636,17.06,17.06,0.0,0.6,0.552325477961434,0.5861490670163341,FAR,FAR,0.0,1,,,0.03,0
C2_n0.03_d000_r04,C2,202636,17.08,17.08,0.0,0.6,0.5367387350932309,0.5737964840355583,FAR,FAR,0.0,1,,,0.03,0
C2_n0.03_d000_r04,C2,202636,17.1,17.1,0.0,0.6,0.6246944999298094,0.5865209880091211,FAR,FAR,0.0,1,,,0.03,0
C2_n0.03_d000_r04,C2,202636,17.12,17.12,0.0,0.6,0.5881605406407528,0.5869308761670291,FAR,FAR,0.0,1,,,0.03,0
C2_n0.03_d000_r04,C2,202636,17.14,17.14,0.0,0.6,0.642670802318294,0.6008658577048454,FAR,FAR,0.0,1,,,0.03,0
C2_n0.03_d000_r04,C2,202636,17.16,17.16,0.0,0.6,0.5679506556384222,0.5926370571882396,FAR,FAR,0.0,1,,,0.03,0
C2_n0.03_d000_r04,C2,202636,17.18,17.18,0.0,0.6,0.607597005114371,0.5963770441697724,FAR,FAR,0.0,1,,,0.03,0
C2_n0.03_d000_r04,C2,202636,17.2,17.2,0.0,0.6,0.6101386211721097,0.5998174384203567,FAR,FAR,0.0,1,,,0.03,0
C2_n0.03_d000_r04,C2,202636,17.22,17.22,0.0,0.6,0.6144528074220723,0.6034762806707856,FAR,FAR,0.0,1,,,0.03,0
C2_n0.03_d000_r04,C2,202636,17.24,17.24,0.0,0.6,0.5831535192490118,0.5983955903153422,FAR,FAR,0.0,1,,,0.03,0
C2_n0.03_d000_r04,C2,202636,17.26,17.26,0.0,0.6,0.627048229870105,0.6055587502040329,FAR,FAR,0.0,1,,,0.03,0
C2_n0.03_d000_r04,C2,202636,17.28,17.28,0.0,0.6,0.612079983784969,0.607189058599267,FAR,FAR,0.0,1,,,0.03,0
C2_n0.03_d000_r04,C2,202636,17.3,17.3,0.0,0.6,0.6415065112710538,0.6157684217672137,FAR,FAR,0.0,1,,,0.03,0
C2_n0.03_d000_r04,C2,202636,17.32,17.32,0.0,0.6,0.5954751741693268,0.610695109867742,FAR,FAR,0.0,1,,,0.03,0
C2_n0.03_d000_r04,C2,202636,17.34,17.34,0.0,0.6,0.5941530556377668,0.6065595963102481,FAR,FAR,0.0,1,,,0.03,0
C2_n0.03_d000_r04,C2,202636,17.36,17.36,0.0,0.6,0.5678220803510083,0.5968752173204381,FAR,FAR,0.0,1,,,0.03,0
C2_n0.03_d000_r04,C2,202636,17.38,17.38,0.0,0.6,0.5550974593769002,0.5864307778345537,FAR,FAR,0.0,1,,,0.03,0
C2_n0.03_d000_r04,C2,202636,17.4,17.4,0.0,0.6,0.5668222984559964,0.5815286579899144,FAR,FAR,0.0,1,,,0.03,0
C2_n0.03_d000_r04,C2,202636,17.42,17.42,0.0,0.6,0.5865230097181173,0.5827772459219651,FAR,FAR,0.0,1,,,0.03,0
C2_n0.03_d000_r04,C2,202636,17.44,17.44,0.0,0.6,0.5711176823661297,0.5798623550330062,FAR,FAR,0.0,1,,,0.03,0
C2_n0.03_d000_r04,C2,202636,17.46,17.46,0.0,0.6,0.57441952844458,0.5785016483858997,FAR,FAR,0.0,1,,,0.03,0
C2_n0.03_d000_r04,C2,202636,17.48,17.48,0.0,0.6,0.5750942945031757,0.5776498099152186,FAR,FAR,0.0,1,,,0.03,0
C2_n0.03_d000_r04,C2,202636,17.5,17.5,0.0,0.6,0.5542397765193875,0.5717973015662609,FAR,FAR,0.0,1,,,0.03,0
C2_n0.03_d000_r04,C2,202636,17.52,17.52,0.0,0.6,0.5400936580634208,0.5638713906905508,FAR,FAR,0.0,1,,,0.03,0
C2_n0.03_d000_r04,C2,202636,17.54,17.54,0.0,0.6,0.6170202653911864,0.5771586093657097,FAR,FAR,0.0,1,,,0.03,0
C2_n0.03_d000_r04,C2,202636,17.56,17.56,0.0,0.6,0.6326295926088445,0.5910263551764934,FAR,FAR,0.0,1,,,0.03,0
C2_n0.03_d000_r04,C2,202636,17.58,17.58,0.0,0.6,0.617199114726367,0.5975695450639618,FAR,FAR,0.0,1,,,0.03,0
C2_n0.03_d000_r04,C2,202636,17.6,17.6,0.0,0.6,0.6192885522959378,0.6029992968719557,FAR,FAR,0.0,1,,,0.03,0
C2_n0.03_d000_r04,C2,202636,17.62,17.62,0.0,0.6,0.5613116863878669,0.5925773942509336,FAR,FAR,0.0,1,,,0.03,0
C2_n0.03_d000_r04,C2,202636,17.64,17.64,0.0,0.6,0.6059341166195614,0.5959165748430906,FAR,FAR,0.0,1,,,0.03,0
C2_n0.03_d000_r04,C2,202636,17.66,17.66,0.0,0.6,0.6680298778394446,0.6139449005921791,FAR,FAR,0.0,1,,,0.03,0
C2_n0.03_d000_r04,C2,202636,17.68,17.68,0.0,0.6,0.6298215220749851,0.6179140559628806,FAR,FAR,0.0,1,,,0.03,0
C2_n0.03_d000_r04,C2,202636,17.7,17.7,0.0,0.6,0.6060522816064162,0.6149486123737645,FAR,FAR,0.0,1,,,0.03,0
C2_n0.03_d000_r04,C2,202636,17.72,17.72,0.0,0.6,0.5947244090512392,0.6098925615431332,FAR,FAR,0.0,1,,,0.03,0
C2_n0.03_d000_r04,C2,202636,17.74,17.74,0.0,0.6,0.5888674744300675,0.6046362897648667,FAR,FAR,0.0,1,,,0.03,0
C2_n0.03_d000_r04,C2,202636,17.76,17.76,0.0,0.6,0.5893657442108768,0.6008186533763693,FAR,FAR,0.0,1,,,0.03,0
C2_n0.03_d000_r04,C2,202636,17.78,17.78,0.0,0.6,0.6058821689036277,0.6020845322581839,FAR,FAR,0.0,1,,,0.03,0
C2_n0.03_d000_r04,C2,202636,17.8,17.8,0.0,0.6,0.5959597235392935,0.6005533300784613,FAR,FAR,0.0,1,,,0.03,0
C2_n0.03_d000_r04,C2,202636,17.82,17.82,0.0,0.6,0.5425832999666365,0.5860608225505051,FAR,FAR,0.0,1,,,0.03,0
C2_n0.03_d000_r04,C2,202636,17.84,17.84,0.0,0.6,0.5896008050144328,0.586945818166487,FAR,FAR,0.0,1,,,0.03,0
C2_n0.03_d000_r04,C2,202636,17.86,17.86,0.0,0.6,0.5943994312384039,0.5888092214344662,FAR,FAR,0.0,1,,,0.03,0
C2_n0.03_d000_r04,C2,202636,17.88,17.88,0.0,0.6,0.6469262303338866,0.6033384736593214,FAR,FAR,0.0,1,,,0.03,0
C2_n0.03_d000_r04,C2,202636,17.9,17.9,0.0,0.6,0.5779794358349832,0.5969987142032368,FAR,FAR,0.0,1,,,0.03,0
C2_n0.03_d000_r04,C2,202636,17.92,17.92,0.0,0.6,0.5814870585298865,0.5931208002848992,FAR,FAR,0.0,1,,,0.03,0
C2_n0.03_d000_r04,C2,202636,17.94,17.94,0.0,0.6,0.6040760565036425,0.5958596143395851,FAR,FAR,0.0,1,,,0.03,0
C2_n0.03_d000_r04,C2,202636,17.96,17.96,0.0,0.6,0.5622048883160998,0.5874459328337138,FAR,FAR,0.0,1,,,0.03,0
C2_n0.03_d000_r04,C2,202636,17.98,17.98,0.0,0.6,0.627360071078913,0.5974244673950136,FAR,FAR,0.0,1,,,0.03,0
C2_n0.03_d000_r04,C2,202636,18.0,18.0,0.0,0.6,0.6074037554689834,0.5999192894135061,FAR,FAR,0.0,1,,,0.03,0
C2_n0.03_d000_r04,C2,202636,18.02,18.02,0.0,0.6,0.582916133883087,0.5956685005309014,FAR,FAR,0.0,1,,,0.03,0
C2_n0.03_d000_r04,C2,202636,18.04,18.04,0.0,0.6,0.57662469359792,0.5909075487976561,FAR,FAR,0.0,1,,,0.03,0
C2_n0.03_d000_r04,C2,202636,18.06,18.06,0.0,0.6,0.6236687381184575,0.5990978461278564,FAR,FAR,0.0,1,,,0.03,0
C2_n0.03_d000_r04,C2,202636,18.08,18.08,0.0,0.6,0.623898918160609,0.6052981141360446,FAR,FAR,0.0,1,,,0.03,0
C2_n0.03_d000_r04,C2,202636,18.1,18.1,0.0,0.6,0.5991888855442444,0.6037708069880946,FAR,FAR,0.0,1,,,0.03,0
C2_n0.03_d000_r04,C2,202636,18.12,18.12,0.0,0.6,0.6070362168764649,0.6045871594601873,FAR,FAR,0.0,1,,,0.03,0
C2_n0.03_d000_r04,C2,202636,18.14,18.14,0.0,0.6,0.6237765258497282,0.6093845010575725,FAR,FAR,0.0,1,,,0.03,0
C2_n0.03_d000_r04,C2,202636,18.16,18.16,0.0,0.6,0.5926360423105066,0.605197386370806,FAR,FAR,0.0,1,,,0.03,0
C2_n0.03_d000_r04,C2,202636,18.18,18.18,0.0,0.6,0.5541713324460901,0.592440872889627,FAR,FAR,0.0,1,,,0.03,0
C2_n0.03_d000_r04,C2,202636,18.2,18.2,0.0,0.6,0.5882232790049217,0.5913864744184506,FAR,FAR,0.0,1,,,0.03,0
C2_n0.03_d000_r04,C2,202636,18.22,18.22,0.0,0.6,0.5919037554790986,0.5915157946836126,FAR,FAR,0.0,1,,,0.03,0
C2_n0.03_d000_r04,C2,202636,18.24,18.24,0.0,0.6,0.6334424741030741,0.601997464538478,FAR,FAR,0.0,1,,,0.03,0
C2_n0.03_d000_r04,C2,202636,18.26,18.26,0.0,0.6,0.6281168670646147,0.6085273151700121,FAR,FAR,0.0,1,,,0.03,0
C2_n0.03_d000_r04,C2,202636,18.28,18.28,0.0,0.6,0.5599925091982795,0.596393613677079,FAR,FAR,0.0,1,,,0.03,0
C2_n0.03_d000_r04,C2,202636,18.3,18.3,0.0,0.6,0.6068910328999336,0.5990179684827927,FAR,FAR,0.0,1,,,0.03,0
C2_n0.03_d000_r04,C2,202636,18.32,18.32,0.0,0.6,0.6246197768049091,0.6054184205633217,FAR,FAR,0.0,1,,,0.03,0
C2_n0.03_d000_r04,C2,202636,18.34,18.34,0.0,0.6,0.6223840286232603,0.6096598225783063,FAR,FAR,0.0,1,,,0.03,0
C2_n0.03_d000_r04,C2,202636,18.36,18.36,0.0,0.6,0.6520062949744178,0.6202464406773341,FAR,FAR,0.0,1,,,0.03,0
C2_n0.03_d000_r04,C2,202636,18.38,18.38,0.0,0.6,0.6446941266633018,0.6263583621738261,FAR,FAR,0.0,1,,,0.03,0
C2_n0.03_d000_r04,C2,202636,18.4,18.4,0.0,0.6,0.5536513562133617,0.60818161068371,FAR,FAR,0.0,1,,,0.03,0
C2_n0.03_d000_r04,C2,202636,18.42,18.42,0.0,0.6,0.6328666937150564,0.6143528814415466,FAR,FAR,0.0,1,,,0.03,0
C2_n0.03_d000_r04,C2,202636,18.44,18.44,0.0,0.6,0.574849133637784,0.604476944490606,FAR,FAR,0.0,1,,,0.03,0
C2_n0.03_d000_r04,C2,202636,18.46,18.46,0.0,0.6,0.5795275562736516,0.5982395974363673,FAR,FAR,0.0,1,,,0.03,0
C2_n0.03_d000_r04,C2,202636,18.48,18.48,0.0,0.6,0.5887567173897461,0.5958688774247121,FAR,FAR,0.0,1,,,0.03,0
C2_n0.03_d000_r04,C2,202636,18.5,18.5,0.0,0.6,0.5997023687168475,0.5968272502477459,FAR,FAR,0.0,1,,,0.03,0
C2_n0.03_d000_r04,C2,202636,18.52,18.52,0.0,0.6,0.524307716476381,0.5786973668049047,FAR,FAR,0.0,1,,,0.03,0
C2_n0.03_d000_r04,C2,202636,18.54,18.54,0.0,0.6,0.6077742262968576,0.585966581677893,FAR,FAR,0.0,1,,,0.03,0
C2_n0.03_d000_r04,C2,202636,18.56,18.56,0.0,0.6,0.667425352639176,0.6063312744182137,FAR,FAR,0.0,1,,,0.03,0
C2_n0.03_d000_r04,C2,202636,18.58,18.58,0.0,0.6,0.5953410857785458,0.6035837272582967,FAR,FAR,0.0,1,,,0.03,0
C2_n0.03_d000_r04,C2,202636,18.6,18.6,0.0,0.6,0.5636103100807052,0.5935903729638988,FAR,FAR,0.0,1,,,0.03,0
C2_n0.03_d000_r04,C2,202636,18.62,18.62,0.0,0.6,0.6147807691019902,0.5988879719984217,FAR,FAR,0.0,1,,,0.03,0
C2_n0.03_d000_r04,C2,202636,18.64,18.64,0.0,0.6,0.5771027684966096,0.5934416711229686,FAR,FAR,0.0,1,,,0.03,0
C2_n0.03_d000_r04,C2,202636,18.66,18.66,0.0,0.6,0.5750431808223009,0.5888420485478016,FAR,FAR,0.0,1,,,0.03,0
C2_n0.03_d000_r04,C2,202636,18.68,18.68,0.0,0.6,0.5732113105265872,0.584934364042498,FAR,FAR,0.0,1,,,0.03,0
C2_n0.03_d000_r04,C2,202636,18.7,18.7,0.0,0.6,0.6426299341917466,0.5993582565798101,FAR,FAR,0.0,1,,,0.03,0
C2_n0.03_d000_r04,C2,202636,18.72,18.72,0.0,0.6,0.569999850781364,0.5920186551301986,FAR,FAR,0.0,1,,,0.03,0
C2_n0.03_d000_r04,C2,202636,18.74,18.74,0.0,0.6,0.5724633869953722,0.587129838096492,FAR,FAR,0.0,1,,,0.03,0
C2_n0.03_d000_r04,C2,202636,18.76,18.76,0.0,0.6,0.6342515696245162,0.598910270978498,FAR,FAR,0.0,1,,,0.03,0
C2_n0.03_d000_r04,C2,202636,18.78,18.78,0.0,0.6,0.6494529302297523,0.6115459357913116,FAR,FAR,0.0,1,,,0.03,0
C2_n0.03_d000_r04,C2,202636,18.8,18.8,0.0,0.6,0.59261049475623,0.6068120755325411,FAR,FAR,0.0,1,,,0.03,0
C2_n0.03_d000_r04,C2,202636,18.82,18.82,0.0,0.6,0.6717355451555942,0.6230429429383044,FAR,FAR,0.0,1,,,0.03,0
C2_n0.03_d000_r04,C2,202636,18.84,18.84,0.0,0.6,0.6299155830700246,0.6247611029712344,FAR,FAR,0.0,1,,,0.03,0
C2_n0.03_d000_r04,C2,202636,18.86,18.86,0.0,0.6,0.5946340054044237,0.6172293285795317,FAR,FAR,0.0,1,,,0.03,0
C2_n0.03_d000_r04,C2,202636,18.88,18.88,0.0,0.6,0.5691986770614109,0.6052216657000016,FAR,FAR,0.0,1,,,0.03,0
C2_n0.03_d000_r04,C2,202636,18.9,18.9,0.0,0.6,0.5960035802155691,0.6029171443288934,FAR,FAR,0.0,1,,,0.03,0
C2_n0.03_d000_r04,C2,202636,18.92,18.92,0.0,0.6,0.6629212870883979,0.6179181800187695,FAR,FAR,0.0,1,,,0.03,0
C2_n0.03_d000_r04,C2,202636,18.94,18.94,0.0,0.6,0.6033193377261455,0.6142684694456135,FAR,FAR,0.0,1,,,0.03,0
C2_n0.03_d000_r04,C2,202636,18.96,18.96,0.0,0.6,0.6754959826634049,0.6295753477500614,FAR,FAR,0.0,1,,,0.03,0
C2_n0.03_d000_r04,C2,202636,18.98,18.98,0.0,0.6,0.6485871961140025,0.6343283098410467,FAR,FAR,0.0,1,,,0.03,0
C2_n0.03_d000_r04,C2,202636,19.0,19.0,0.0,0.6,0.6062674098857983,0.6273130848522346,FAR,FAR,0.0,1,,,0.03,0
C2_n0.03_d000_r04,C2,202636,19.02,19.02,0.0,0.6,0.6189005880044098,0.6252099606402783,FAR,FAR,0.0,1,,,0.03,0
C2_n0.03_d000_r04,C2,202636,19.04,19.04,0.0,0.6,0.5868099640531766,0.6156099614935029,FAR,FAR,0.0,1,,,0.03,0
C2_n0.03_d000_r04,C2,202636,19.06,19.06,0.0,0.6,0.5656098612136629,0.6031099364235428,FAR,FAR,0.0,1,,,0.03,0
C2_n0.03_d000_r04,C2,202636,19.08,19.08,0.0,0.6,0.6009445575287248,0.6025685916998383,FAR,FAR,0.0,1,,,0.03,0
C2_n0.03_d000_r04,C2,202636,19.1,19.1,0.0,0.6,0.5926847554993914,0.6000976326497266,FAR,FAR,0.0,1,,,0.03,0
C2_n0.03_d000_r04,C2,202636,19.12,19.12,0.0,0.6,0.5926767289535778,0.5982424067256894,FAR,FAR,0.0,1,,,0.03,0
C2_n0.03_d000_r04,C2,202636,19.14,19.14,0.0,0.6,0.6228086096305027,0.6043839574518927,FAR,FAR,0.0,1,,,0.03,0
C2_n0.03_d000_r04,C2,202636,19.16,19.16,0.0,0.6,0.51422163129139,0.5818433759117669,FAR,FAR,0.0,1,,,0.03,0
C2_n0.03_d000_r04,C2,202636,19.18,19.18,0.0,0.6,0.5856126538106312,0.582785695386483,FAR,FAR,0.0,1,,,0.03,0
C2_n0.03_d000_r04,C2,202636,19.2,19.2,0.0,0.6,0.551232057577557,0.5748972859342515,FAR,FAR,0.0,1,,,0.03,0
C2_n0.03_d000_r04,C2,202636,19.22,19.22,0.0,0.6,0.615636364478804,0.5850820555703896,FAR,FAR,0.0,1,,,0.03,0
C2_n0.03_d000_r04,C2,202636,19.24,19.24,0.0,0.6,0.5881432881639386,0.5858473637187769,FAR,FAR,0.0,1,,,0.03,0
C2_n0.03_d000_r04,C2,202636,19.26,19.26,0.0,0.6,0.5896285023280468,0.5867926483710943,FAR,FAR,0.0,1,,,0.03,0
C2_n0.03_d000_r04,C2,202636,19.28,19.28,0.0,0.6,0.5683432974176197,0.5821803106327257,FAR,FAR,0.0,1,,,0.03,0
C2_n0.03_d000_r04,C2,202636,19.3,19.3,0.0,0.6,0.5777644134366404,0.5810763363337044,FAR,FAR,0.0,1,,,0.03,0
C2_n0.03_d000_r04,C2,202636,19.32,19.32,0.0,0.6,0.5982735666316665,0.585375643908195,FAR,FAR,0.0,1,,,0.03,0
C2_n0.03_d000_r04,C2,202636,19.34,19.34,0.0,0.6,0.5732429385403445,0.5823424675662323,FAR,FAR,0.0,1,,,0.03,0
C2_n0.03_d000_r04,C2,202636,19.36,19.36,0.0,0.6,0.5833088685022391,0.582584067800234,FAR,FAR,0.0,1,,,0.03,0
C2_n0.03_d000_r04,C2,202636,19.38,19.38,0.0,0.6,0.5827745387160246,0.5826316855291815,FAR,FAR,0.0,1,,,0.03,0
C2_n0.03_d000_r04,C2,202636,19.4,19.4,0.0,0.6,0.5909481029189185,0.5847107898766157,FAR,FAR,0.0,1,,,0.03,0
C2_n0.03_d000_r04,C2,202636,19.42,19.42,0.0,0.6,0.6519732780080076,0.6015264119094637,FAR,FAR,0.0,1,,,0.03,0
C2_n0.03_d000_r04,C2,202636,19.44,19.44,0.0,0.6,0.6039997010384751,0.6021447341917165,FAR,FAR,0.0,1,,,0.03,0
C2_n0.03_d000_r04,C2,202636,19.46,19.46,0.0,0.6,0.6473875526278557,0.6134554388007514,FAR,FAR,0.0,1,,,0.03,0
C2_n0.03_d000_r04,C2,202636,19.48,19.48,0.0,0.6,0.5825262502410976,0.605723141660838,FAR,FAR,0.0,1,,,0.03,0
C2_n0.03_d000_r04,C2,202636,19.5,19.5,0.0,0.6,0.5795202722551251,0.5991724243094098,FAR,FAR,0.0,1,,,0.03,0
C2_n0.03_d000_r04,C2,202636,19.52,19.52,0.0,0.6,0.5946056995899229,0.5980307431295381,FAR,FAR,0.0,1,,,0.03,0
C2_n0.03_d000_r04,C2,202636,19.54,19.54,0.0,0.6,0.6028540115066254,0.5992365602238099,FAR,FAR,0.0,1,,,0.03,0
C2_n0.03_d000_r04,C2,202636,19.56,19.56,0.0,0.6,0.5384800320448117,0.5840474281790603,FAR,FAR,0.0,1,,,0.03,0
C2_n0.03_d000_r04,C2,202636,19.58,19.58,0.0,0.6,0.5948249184649256,0.5867418007505266,FAR,FAR,0.0,1,,,0.03,0
C2_n0.03_d000_r04,C2,202636,19.6,19.6,0.0,0.6,0.6186263774447943,0.5947129449240935,FAR,FAR,0.0,1,,,0.03,0
C2_n0.03_d000_r04,C2,202636,19.62,19.62,0.0,0.6,0.5941422066959613,0.5945702603670605,FAR,FAR,0.0,1,,,0.03,0
C2_n0.03_d000_r04,C2,202636,19.64,19.64,0.0,0.6,0.6206841258440562,0.6010987267363095,FAR,FAR,0.0,1,,,0.03,0
C2_n0.03_d000_r04,C2,202636,19.66,19.66,0.0,0.6,0.5899789442574316,0.59831878111659,FAR,FAR,0.0,1,,,0.03,0
C2_n0.03_d000_r04,C2,202636,19.68,19.68,0.0,0.6,0.6118921494839428,0.6017121232084282,FAR,FAR,0.0,1,,,0.03,0
C2_n0.03_d000_r04,C2,202636,19.7,19.7,0.0,0.6,0.5758595688687823,0.5952489846235167,FAR,FAR,0.0,1,,,0.03,0
C2_n0.03_d000_r04,C2,202636,19.72,19.72,0.0,0.6,0.6297657451227594,0.6038781747483274,FAR,FAR,0.0,1,,,0.03,0
C2_n0.03_d000_r04,C2,202636,19.74,19.74,0.0,0.6,0.5598364491116058,0.592867743339147,FAR,FAR,0.0,1,,,0.03,0
C2_n0.03_d000_r04,C2,202636,19.76,19.76,0.0,0.6,0.5942217173993991,0.59320623685421,FAR,FAR,0.0,1,,,0.03,0
C2_n0.03_d000_r04,C2,202636,19.78,19.78,0.0,0.6,0.635655417946371,0.6038185321272503,FAR,FAR,0.0,1,,,0.03,0
C2_n0.03_d000_r04,C2,202636,19.8,19.8,0.0,0.6,0.595711639643727,0.6017918090063695,FAR,FAR,0.0,1,,,0.03,0
C2_n0.03_d000_r04,C2,202636,19.82,19.82,0.0,0.6,0.6341174460970624,0.6098732182790427,FAR,FAR,0.0,1,,,0.03,0
C2_n0.03_d000_r04,C2,202636,19.84,19.84,0.0,0.6,0.5898061527050443,0.6048564518855432,FAR,FAR,0.0,1,,,0.03,0
C2_n0.03_d000_r04,C2,202636,19.86,19.86,0.0,0.6,0.6036599310478964,0.6045573216761315,FAR,FAR,0.0,1,,,0.03,0
C2_n0.03_d000_r04,C2,202636,19.88,19.88,0.0,0.6,0.5447881374213797,0.5896150256124435,FAR,FAR,0.0,1,,,0.03,0
C2_n0.03_d000_r04,C2,202636,19.9,19.9,0.0,0.6,0.600015488274802,0.5922151412780331,FAR,FAR,0.0,1,,,0.03,0
C2_n0.03_d000_r04,C2,202636,19.92,19.92,0.0,0.6,0.5607846292934159,0.5843575132818788,FAR,FAR,0.0,1,,,0.03,0
C2_n0.03_d000_r04,C2,202636,19.94,19.94,0.0,0.6,0.5585292605612627,0.5779004501017247,FAR,FAR,0.0,1,,,0.03,0
C2_n0.03_d000_r04,C2,202636,19.96,19.96,0.0,0.6,0.6102436089008344,0.5859862398015021,FAR,FAR,0.0,1,,,0.03,0
C2_n0.03_d000_r04,C2,202636,19.98,19.98,0.0,0.6,0.6019712007913489,0.5899824800489638,FAR,FAR,0.0,1,,,0.03,0
C2_n0.03_d000_r04,C2,202636,20.0,20.0,0.0,0.6,0.6045197794278093,0.5936168048936752,FAR,FAR,0.0,1,,,0.03,0
